timestamp,symbol,SMA 📈(20),RSI 📈,MACD 🚀,BB 📈,VOL 🔊,VWAP+ 💰,Price>SMA(20),ATR14 ≥ 2.0,ATR % ≥ 0.7%,Range % ≥ 1.5%,Gap % ≥ 1.0%,buy
2025-07-15 10:29:35,MMM,0,0,0,0,0,0,0,1,1,0,0,0
2025-07-15 10:29:36,AOS,0,0,0,0,0,0,0,0,1,0,0,0
2025-07-15 10:29:36,ABT,0,0,0,0,0,0,0,1,1,0,0,0
2025-07-15 10:29:37,ABBV,0,0,0,0,0,0,0,1,1,1,0,0
2025-07-15 10:29:38,ACN,0,0,0,0,0,0,0,1,1,0,0,0
2025-07-15 10:29:39,ADBE,0,0,0,0,0,0,0,1,1,0,0,0
2025-07-15 10:29:39,AMD,0,0,0,0,0,1,0,1,1,1,1,0
2025-07-15 10:29:40,AES,0,0,1,0,0,0,0,0,1,1,1,0
2025-07-15 10:29:41,AFL,0,0,0,0,0,0,0,0,1,0,0,0
2025-07-15 10:29:42,A,0,0,0,0,0,0,0,1,1,1,0,0
2025-07-15 10:29:42,APD,0,0,0,0,0,0,0,1,1,0,0,0
2025-07-15 10:29:43,ABNB,0,0,0,0,0,0,0,1,1,1,0,0
2025-07-15 10:29:44,AKAM,0,0,0,0,0,0,0,0,1,0,0,0
2025-07-15 10:29:44,ALB,0,0,0,0,0,0,0,1,1,1,1,0
2025-07-15 10:29:45,ARE,0,0,0,0,0,0,0,1,1,1,0,0
2025-07-15 10:29:46,ALGN,0,0,0,0,0,0,0,1,1,1,1,0
2025-07-15 10:29:46,ALLE,0,0,0,0,0,0,0,1,1,0,0,0
2025-07-15 10:29:47,LNT,0,0,0,0,0,0,0,0,1,0,0,0
2025-07-15 10:29:48,ALL,0,0,0,0,0,0,0,1,1,0,0,0
2025-07-15 10:29:48,GOOGL,0,0,1,0,0,1,0,1,1,0,0,0
2025-07-15 10:29:49,GOOG,0,0,1,0,0,1,0,1,1,0,0,0
2025-07-15 10:29:50,MO,0,0,1,0,0,1,0,0,1,0,0,0
2025-07-15 10:29:50,AMZN,0,0,1,0,0,1,0,1,1,0,0,0
2025-07-15 10:29:51,AMCR,0,0,0,0,0,0,0,0,1,0,0,0
2025-07-15 10:29:52,AEE,0,0,0,0,0,0,0,0,1,0,0,0
2025-07-15 10:29:52,AEP,0,0,0,0,0,0,0,0,1,0,0,0
2025-07-15 10:29:53,AXP,0,0,0,0,0,0,0,1,1,1,0,0
2025-07-15 10:29:54,AIG,0,0,0,0,0,0,0,0,1,0,0,0
2025-07-15 10:29:55,AMT,0,0,0,0,0,0,0,1,1,0,0,0
2025-07-15 10:29:55,AWK,0,0,0,0,0,0,0,1,1,0,0,0
2025-07-15 10:29:56,AMP,0,0,0,0,0,0,0,1,1,0,0,0
2025-07-15 10:29:56,AME,0,0,0,0,0,0,0,1,1,0,0,0
2025-07-15 10:29:57,AMGN,0,0,0,0,0,0,0,1,1,1,0,0
2025-07-15 10:29:58,APH,0,0,1,0,0,1,0,0,1,0,0,0
2025-07-15 10:29:58,ADI,0,0,0,0,0,0,0,1,1,0,0,0
2025-07-15 10:29:59,ANSS,0,0,1,0,0,1,0,1,1,1,0,0
2025-07-15 10:30:00,AON,0,0,0,0,0,0,0,1,1,1,0,0
2025-07-15 10:30:00,APA,0,0,0,0,0,0,0,0,1,1,0,0
2025-07-15 10:30:01,APO,0,0,1,0,0,0,0,1,1,1,0,0
2025-07-15 10:30:02,AAPL,0,0,0,0,0,1,0,1,1,0,0,0
2025-07-15 10:30:02,AMAT,0,0,1,0,0,1,0,1,1,0,1,0
2025-07-15 10:30:03,APTV,0,0,0,0,0,0,0,0,1,0,0,0
2025-07-15 10:30:04,ACGL,0,0,0,0,0,0,0,0,1,1,0,0
2025-07-15 10:30:05,ADM,0,0,0,0,0,0,0,0,1,0,0,0
2025-07-15 10:30:05,ANET,0,0,0,0,0,0,0,1,1,1,0,0
2025-07-15 10:30:06,AJG,0,0,0,0,0,0,0,1,1,1,0,0
2025-07-15 10:30:07,AIZ,0,0,0,0,0,0,0,1,1,1,0,0
2025-07-15 10:30:08,T,0,0,0,0,0,0,0,0,1,0,0,0
2025-07-15 10:30:08,ATO,0,0,0,0,0,0,0,1,1,0,0,0
2025-07-15 10:30:09,ADSK,0,0,0,0,0,0,0,1,1,1,0,0
2025-07-15 10:30:10,ADP,0,0,0,0,0,0,0,1,1,0,0,0
2025-07-15 10:30:11,AZO,0,0,0,0,0,0,0,1,1,0,0,0
2025-07-15 10:30:12,AVB,0,0,0,0,0,0,0,1,1,0,0,0
2025-07-15 10:30:12,AVY,0,0,0,0,0,0,0,1,1,0,0,0
2025-07-15 10:30:13,AXON,0,0,1,0,0,1,0,1,1,1,0,0
2025-07-15 10:30:13,BKR,0,0,0,0,0,0,0,0,1,0,0,0
2025-07-15 10:30:14,BALL,0,0,0,0,0,0,0,0,1,0,0,0
2025-07-15 10:30:15,BAC,0,0,1,0,0,0,0,0,1,0,0,0
2025-07-15 10:30:15,BAX,0,0,0,0,0,0,0,0,1,1,0,0
2025-07-15 10:30:16,BDX,0,0,1,0,0,0,0,1,1,1,0,0
2025-07-15 10:30:17,BRK-B,0,0,0,0,0,0,0,1,0,0,0,0
2025-07-15 10:30:17,BBY,0,0,1,0,0,0,0,1,1,1,0,0
2025-07-15 10:30:18,TECH,0,0,0,0,0,0,0,1,1,1,0,0
2025-07-15 10:30:18,BIIB,0,0,0,0,0,0,0,1,1,1,0,0
2025-07-15 10:30:19,BLK,0,0,1,0,0,1,0,1,1,1,0,0
2025-07-15 10:30:20,BX,0,0,1,0,0,1,0,1,1,1,0,0
2025-07-15 10:30:20,BK,0,0,1,0,0,1,0,0,1,1,0,0
2025-07-15 10:30:21,BA,0,0,1,0,0,1,0,1,1,0,0,0
2025-07-15 10:30:22,BKNG,0,0,0,0,0,1,0,1,1,1,0,0
2025-07-15 10:30:22,BSX,0,0,0,0,0,0,0,0,1,1,0,0
2025-07-15 10:30:23,BMY,0,0,0,0,0,0,0,0,1,1,0,0
2025-07-15 10:30:24,AVGO,0,0,1,0,0,1,0,1,1,1,1,0
2025-07-15 10:30:24,BR,0,0,0,0,0,0,0,1,1,0,0,0
2025-07-15 10:30:25,BRO,0,0,0,0,0,0,0,0,1,0,0,0
2025-07-15 10:30:26,BF-B,0,0,0,0,0,0,0,0,0,0,0,0
2025-07-15 10:30:26,BLDR,0,0,0,0,0,0,0,1,1,1,0,0
2025-07-15 10:30:27,BG,0,0,0,0,0,0,0,1,1,0,0,0
2025-07-15 10:30:28,BXP,0,0,0,0,0,0,0,0,1,0,0,0
2025-07-15 10:30:28,CHRW,0,0,1,0,0,0,0,1,1,0,0,0
2025-07-15 10:30:29,CDNS,0,0,1,0,0,1,0,1,1,1,0,0
2025-07-15 10:30:29,CZR,0,0,1,0,0,0,0,0,1,1,0,0
2025-07-15 10:30:30,CPT,0,0,0,0,0,0,0,1,1,0,0,0
2025-07-15 10:30:30,CPB,0,0,0,0,0,0,0,0,1,0,0,0
2025-07-15 10:30:31,COF,0,0,1,0,0,1,0,1,1,1,0,0
2025-07-15 10:30:32,CAH,0,0,0,0,0,0,0,1,1,0,0,0
2025-07-15 10:30:32,KMX,0,0,0,0,0,0,0,0,1,1,1,0
2025-07-15 10:30:33,CCL,0,0,1,0,0,1,0,0,1,1,0,0
2025-07-15 10:30:33,CARR,0,0,1,0,0,1,0,0,1,0,0,0
2025-07-15 10:30:34,CAT,0,0,1,0,0,1,0,1,1,0,0,0
2025-07-15 10:30:35,CBOE,0,0,1,0,0,0,0,1,1,1,0,0
2025-07-15 10:30:35,CBRE,0,0,0,0,0,0,0,1,1,0,0,0
2025-07-15 10:30:36,CDW,0,0,0,0,0,0,0,1,1,0,0,0
2025-07-15 10:30:36,COR,0,0,0,0,0,0,0,1,1,1,0,0
2025-07-15 10:30:37,CNC,0,0,0,0,0,0,0,1,1,1,0,0
2025-07-15 10:30:38,CNP,0,0,0,0,0,0,0,0,1,0,0,0
2025-07-15 10:30:39,CF,0,0,0,0,0,0,0,1,1,1,0,0
2025-07-15 10:30:39,CRL,0,0,0,0,0,0,0,1,1,1,0,0
2025-07-15 10:30:40,SCHW,0,0,1,0,0,0,0,0,1,0,0,0
2025-07-15 10:30:40,CHTR,0,0,0,0,0,0,0,1,1,1,0,0
2025-07-15 10:30:41,CVX,0,0,0,0,0,0,0,1,1,0,0,0
2025-07-15 10:30:42,CMG,0,0,0,0,0,0,0,0,1,1,0,0
2025-07-15 10:30:42,CB,0,0,0,0,0,0,0,1,1,0,0,0
2025-07-15 10:30:43,CHD,0,0,0,0,0,0,0,0,1,0,0,0
2025-07-15 10:30:44,CI,0,0,0,0,0,0,0,1,1,0,0,0
2025-07-15 10:30:44,CINF,0,0,0,0,0,0,0,1,1,0,0,0
2025-07-15 10:30:46,CTAS,0,0,0,0,0,0,0,1,1,0,0,0
2025-07-15 10:30:46,CSCO,0,0,0,0,0,0,0,0,1,0,0,0
2025-07-15 10:30:47,C,0,0,1,0,0,0,0,0,1,1,1,0
2025-07-15 10:30:48,CFG,0,0,1,0,0,0,0,0,1,0,0,0
2025-07-15 10:30:48,CLX,0,0,0,0,0,0,0,1,1,1,0,0
2025-07-15 10:30:49,CME,0,0,1,0,0,0,0,1,1,0,0,0
2025-07-15 10:30:50,CMS,0,0,0,0,0,0,0,0,1,0,0,0
2025-07-15 10:30:50,KO,0,0,0,0,0,0,0,0,1,0,0,0
2025-07-15 10:30:51,CTSH,0,0,0,0,0,0,0,0,1,0,0,0
2025-07-15 10:30:52,COIN,0,0,1,0,0,1,0,1,1,1,0,0
2025-07-15 10:30:53,CL,0,0,0,0,0,0,0,0,1,0,0,0
2025-07-15 10:30:54,CMCSA,0,0,0,0,0,0,0,0,1,1,0,0
2025-07-15 10:30:55,CAG,0,0,0,0,0,0,0,0,1,0,0,0
2025-07-15 10:30:55,COP,0,0,0,0,0,0,0,0,1,0,0,0
2025-07-15 10:30:56,ED,0,0,0,0,0,0,0,0,1,0,0,0
2025-07-15 10:30:57,STZ,0,0,0,0,0,0,0,1,1,1,0,0
2025-07-15 10:30:57,CEG,0,0,1,0,0,1,0,1,1,1,0,0
2025-07-15 10:30:58,COO,0,0,0,0,0,0,0,0,1,1,0,0
2025-07-15 10:30:59,CPRT,0,0,0,0,0,0,0,0,1,1,0,0
2025-07-15 10:30:59,GLW,0,0,0,0,0,0,0,0,1,0,0,0
2025-07-15 10:31:00,CPAY,0,0,0,0,0,0,0,1,1,0,0,0
2025-07-15 10:31:01,CTVA,0,0,0,0,0,0,0,0,1,0,0,0
2025-07-15 10:31:02,CSGP,0,0,0,0,0,0,0,0,1,0,0,0
2025-07-15 10:31:02,COST,0,0,0,0,0,0,0,1,1,0,0,0
2025-07-15 10:31:03,CTRA,0,0,0,0,0,0,0,0,1,1,0,0
2025-07-15 10:31:03,CRWD,0,0,0,0,0,0,0,1,1,1,0,0
2025-07-15 10:31:04,CCI,0,0,0,0,0,0,0,1,1,0,0,0
2025-07-15 10:31:05,CSX,0,0,0,0,0,0,0,0,1,0,0,0
2025-07-15 10:31:06,CMI,0,0,0,0,0,0,0,1,1,0,0,0
2025-07-15 10:31:06,CVS,0,0,0,0,0,0,0,0,1,0,0,0
2025-07-15 10:31:07,DHR,0,0,0,0,0,0,0,1,1,1,0,0
2025-07-15 10:31:08,DRI,0,0,0,0,0,0,0,1,1,0,0,0
2025-07-15 10:31:08,DDOG,0,0,1,0,0,1,0,1,1,0,0,0
2025-07-15 10:31:09,DVA,0,0,0,0,0,0,0,1,1,1,0,0
2025-07-15 10:31:10,DAY,0,0,0,0,0,0,0,0,1,0,0,0
2025-07-15 10:31:11,DECK,0,0,0,0,0,0,0,1,1,1,0,0
2025-07-15 10:31:12,DE,0,0,1,0,0,1,0,1,1,0,0,0
2025-07-15 10:31:13,DELL,0,0,1,0,0,1,0,1,1,1,1,0
2025-07-15 10:31:13,DAL,0,0,0,0,0,0,0,1,1,1,0,0
2025-07-15 10:31:14,DVN,0,0,0,0,0,0,0,0,1,1,0,0
2025-07-15 10:31:15,DXCM,0,0,0,0,0,0,0,1,1,1,0,0
2025-07-15 10:31:15,FANG,0,0,0,0,0,0,0,1,1,0,0,0
2025-07-15 10:31:16,DLR,0,0,0,0,0,0,0,1,1,0,0,0
2025-07-15 10:31:17,DG,0,0,0,0,0,0,0,1,1,0,0,0
2025-07-15 10:31:17,DLTR,0,0,0,0,0,0,0,1,1,0,0,0
2025-07-15 10:31:18,D,0,0,0,0,0,0,0,0,1,0,0,0
2025-07-15 10:31:19,DPZ,0,0,0,0,0,0,0,1,1,1,0,0
2025-07-15 10:31:20,DASH,0,0,1,0,0,1,0,1,1,1,0,0
2025-07-15 10:31:20,DOV,0,0,0,0,0,0,0,1,1,0,1,0
2025-07-15 10:31:21,DOW,0,0,0,0,0,0,0,0,1,1,1,0
2025-07-15 10:31:22,DHI,0,0,0,0,0,0,0,1,1,1,0,0
2025-07-15 10:31:22,DTE,0,0,0,0,0,0,0,1,1,0,0,0
2025-07-15 10:31:23,DUK,0,0,0,0,0,0,0,0,1,0,0,0
2025-07-15 10:31:24,DD,0,0,0,0,0,0,0,0,1,1,1,0
2025-07-15 10:31:25,EMN,0,0,0,0,0,0,0,1,1,0,0,0
2025-07-15 10:31:26,ETN,0,0,1,0,0,0,0,1,1,1,1,0
2025-07-15 10:31:27,EBAY,0,0,0,0,0,0,0,0,1,0,0,0
2025-07-15 10:31:28,ECL,0,0,0,0,0,0,0,1,1,0,0,0
2025-07-15 10:31:28,EIX,0,0,0,0,0,0,0,0,1,1,0,0
2025-07-15 10:31:29,EW,0,0,0,0,0,0,0,0,1,1,0,0
2025-07-15 10:31:30,EA,0,0,0,0,0,0,0,1,1,0,0,0
2025-07-15 10:31:30,ELV,0,0,0,0,0,0,0,1,1,1,0,0
2025-07-15 10:31:31,EMR,0,0,1,0,0,1,0,1,1,0,0,0
2025-07-15 10:31:32,ENPH,0,0,0,0,0,0,0,1,1,1,0,0
2025-07-15 10:31:33,ETR,0,0,0,0,0,0,0,0,1,1,0,0
2025-07-15 10:31:33,EOG,0,0,0,0,0,0,0,1,1,0,0,0
2025-07-15 10:31:34,EPAM,0,0,0,0,0,0,0,1,1,1,0,0
2025-07-15 10:31:35,EQT,0,0,0,0,0,0,0,0,1,1,0,0
2025-07-15 10:31:36,EFX,0,0,0,0,0,0,0,1,1,1,0,0
2025-07-15 10:31:36,EQIX,0,0,0,0,0,0,0,1,1,0,0,0
2025-07-15 10:31:37,EQR,0,0,0,0,0,0,0,0,1,0,0,0
2025-07-15 10:31:38,ERIE,0,0,0,0,0,0,0,1,1,0,0,0
2025-07-15 10:31:38,ESS,0,0,0,0,0,0,0,1,1,0,0,0
2025-07-15 10:31:39,EL,0,0,0,0,0,0,0,1,1,1,0,0
2025-07-15 10:31:40,EG,0,0,0,0,0,0,0,1,1,0,0,0
2025-07-15 10:31:41,EVRG,0,0,0,0,0,0,0,0,1,1,0,0
2025-07-15 10:31:41,ES,0,0,0,0,0,0,0,0,1,0,0,0
2025-07-15 10:31:42,EXC,0,0,0,0,0,0,0,0,1,0,0,0
2025-07-15 10:31:43,EXE,0,0,0,0,0,0,0,1,1,1,0,0
2025-07-15 10:31:44,EXPE,0,0,0,0,0,0,0,1,1,1,0,0
2025-07-15 10:31:44,EXPD,0,0,0,0,0,1,0,1,1,1,0,0
2025-07-15 10:31:45,EXR,0,0,0,0,0,0,0,1,1,0,0,0
2025-07-15 10:31:46,XOM,0,0,0,0,0,0,0,0,1,0,0,0
2025-07-15 10:31:47,FFIV,0,0,1,0,0,0,0,1,1,0,0,0
2025-07-15 10:31:48,FDS,0,0,0,0,0,0,0,1,1,0,0,0
2025-07-15 10:31:48,FICO,0,0,0,0,0,0,0,1,1,1,0,0
2025-07-15 10:31:49,FAST,0,0,1,0,0,1,0,0,1,1,0,0
2025-07-15 10:31:50,FRT,0,0,0,0,0,0,0,0,1,0,0,0
2025-07-15 10:31:51,FDX,0,0,1,0,0,0,0,1,1,0,0,0
2025-07-15 10:31:51,FIS,0,0,0,0,0,0,0,0,1,0,0,0
2025-07-15 10:31:52,FITB,0,0,1,0,0,0,0,0,1,0,0,0
2025-07-15 10:31:53,FSLR,0,0,1,0,0,1,0,1,1,1,1,0
2025-07-15 10:31:54,FE,0,0,0,0,0,0,0,0,1,0,0,0
2025-07-15 10:31:54,FI,0,0,0,0,0,0,0,1,1,0,0,0
2025-07-15 10:31:55,F,0,0,0,0,0,0,0,0,1,1,0,0
2025-07-15 10:31:56,FTNT,0,0,1,0,0,1,0,1,1,1,0,0
2025-07-15 10:31:57,FTV,0,0,0,0,0,0,0,0,1,0,0,0
2025-07-15 10:31:57,FOXA,0,0,0,0,0,1,0,0,1,1,0,0
2025-07-15 10:32:01,FOX,0,0,0,0,0,0,0,0,1,0,0,0
2025-07-15 10:32:02,BEN,0,0,0,0,0,0,0,0,1,1,0,0
2025-07-15 10:32:03,FCX,0,0,0,0,0,0,0,0,1,1,0,0
2025-07-15 10:32:03,GRMN,0,0,0,0,0,0,0,1,1,0,0,0
2025-07-15 10:32:04,IT,0,0,0,0,0,0,0,1,1,1,0,0
2025-07-15 10:32:05,GE,0,0,1,0,0,0,0,1,1,0,0,0
2025-07-15 10:32:05,GEHC,0,0,0,0,0,0,0,0,1,0,0,0
2025-07-15 10:32:06,GEV,0,0,1,0,0,1,0,1,1,1,0,0
2025-07-15 10:32:07,GEN,0,0,1,0,0,1,0,0,1,0,0,0
2025-07-15 10:32:08,GNRC,0,0,0,0,0,0,0,1,1,0,0,0
2025-07-15 10:32:08,GD,0,0,0,0,0,0,0,1,1,0,0,0
2025-07-15 10:32:09,GIS,0,0,0,0,0,0,0,0,1,0,0,0
2025-07-15 10:32:10,GM,0,0,0,0,0,0,0,0,1,0,0,0
2025-07-15 10:32:11,GPC,0,0,0,0,0,0,0,1,1,0,0,0
2025-07-15 10:32:11,GILD,0,0,0,0,0,0,0,1,1,1,0,0
2025-07-15 10:32:12,GPN,0,0,0,0,0,0,0,0,1,0,0,0
2025-07-15 10:32:13,GL,0,0,0,0,0,0,0,1,1,0,0,0
2025-07-15 10:32:13,GDDY,0,0,1,0,0,0,0,1,1,0,0,0
2025-07-15 10:32:14,GS,0,0,1,0,0,0,0,1,1,0,0,0
2025-07-15 10:32:15,HAL,0,0,0,0,0,0,0,0,1,0,0,0
2025-07-15 10:32:16,HIG,0,0,0,0,0,0,0,1,1,0,0,0
2025-07-15 10:32:17,HAS,0,0,0,0,0,0,0,0,1,1,0,0
2025-07-15 10:32:17,HCA,0,0,0,0,0,0,0,1,1,1,0,0
2025-07-15 10:32:18,DOC,0,0,0,0,0,0,0,0,1,1,0,0
2025-07-15 10:32:19,HSIC,0,0,0,0,0,0,0,0,1,1,0,0
2025-07-15 10:32:22,HSY,0,0,0,0,0,0,0,1,1,0,0,0
2025-07-15 10:32:23,HES,0,0,0,0,0,0,0,1,1,0,0,0
2025-07-15 10:32:23,HPE,0,0,0,0,0,0,0,0,1,1,0,0
2025-07-15 10:32:24,HLT,0,0,1,0,0,1,0,1,1,1,0,0
2025-07-15 10:32:25,HOLX,0,0,0,0,0,0,0,0,1,0,0,0
2025-07-15 10:32:26,HD,0,0,0,0,0,0,0,1,1,1,0,0
2025-07-15 10:32:27,HON,0,0,0,0,0,0,0,1,1,0,0,0
2025-07-15 10:32:28,HRL,0,0,0,0,0,0,0,0,1,0,0,0
2025-07-15 10:32:29,HST,0,0,0,0,0,0,0,0,1,0,0,0
2025-07-15 10:32:30,HWM,0,0,1,0,0,1,0,1,1,1,0,0
2025-07-15 10:32:30,HPQ,0,0,0,0,0,0,0,0,1,0,0,0
2025-07-15 10:32:31,HUBB,0,0,0,0,0,0,0,1,1,0,0,0
2025-07-15 10:32:32,HUM,0,0,0,0,0,0,0,1,1,0,0,0
2025-07-15 10:32:33,HBAN,0,0,1,0,0,1,0,0,1,0,0,0
2025-07-15 10:32:33,HII,0,0,0,0,0,0,0,1,1,0,0,0
2025-07-15 10:32:34,IBM,0,0,1,0,0,1,0,1,1,0,0,0
2025-07-15 10:32:35,IEX,0,0,0,0,0,0,0,1,1,0,0,0
2025-07-15 10:32:35,IDXX,0,0,0,0,0,0,0,1,1,0,0,0
2025-07-15 10:32:37,ITW,0,0,1,0,0,1,0,1,1,0,0,0
2025-07-15 10:32:37,INCY,0,0,0,0,0,0,0,1,1,1,0,0
2025-07-15 10:32:38,IR,0,0,0,0,0,0,0,0,1,0,0,0
2025-07-15 10:32:39,PODD,0,0,0,0,0,0,0,1,1,0,0,0
2025-07-15 10:32:39,INTC,0,0,0,0,0,0,0,0,1,1,1,0
2025-07-15 10:32:40,ICE,0,0,0,0,0,0,0,1,1,0,0,0
2025-07-15 10:32:41,IFF,0,0,0,0,0,0,0,0,1,0,0,0
2025-07-15 10:32:42,IP,0,0,0,0,0,0,0,0,1,1,0,0
2025-07-15 10:32:43,IPG,0,0,0,0,0,0,0,0,1,1,0,0
2025-07-15 10:32:43,INTU,0,0,0,0,0,0,0,1,1,0,0,0
2025-07-15 10:32:44,ISRG,0,0,0,0,0,0,0,1,1,1,0,0
2025-07-15 10:32:45,IVZ,0,0,1,0,0,1,0,0,1,1,0,0
2025-07-15 10:32:46,INVH,0,0,0,0,0,0,0,0,1,0,0,0
2025-07-15 10:32:46,IQV,0,0,0,0,0,0,0,1,1,0,0,0
2025-07-15 10:32:47,IRM,0,0,0,0,0,0,0,1,1,1,0,0
2025-07-15 10:32:48,JBHT,0,0,0,0,0,0,0,1,1,1,0,0
2025-07-15 10:32:49,JBL,0,0,1,0,0,0,0,1,1,1,0,0
2025-07-15 10:32:49,JKHY,0,0,0,0,0,0,0,1,1,0,0,0
2025-07-15 10:32:50,J,0,0,0,0,0,0,0,0,1,0,0,0
2025-07-15 10:32:51,JNJ,0,0,0,0,0,0,0,1,1,0,0,0
2025-07-15 10:32:52,JCI,0,0,1,0,0,1,0,0,1,0,0,0
2025-07-15 10:32:52,JPM,0,0,1,0,0,0,0,1,1,1,0,0
2025-07-15 10:32:53,K,0,0,0,0,0,0,0,0,0,0,0,0
2025-07-15 10:32:54,KVUE,0,0,0,0,0,0,0,0,1,1,0,0
2025-07-15 10:32:55,KDP,0,0,0,0,0,0,0,0,1,0,0,0
2025-07-15 10:32:55,KEY,0,0,1,0,0,1,0,0,1,1,0,0
2025-07-15 10:32:56,KEYS,0,0,0,0,0,0,0,1,1,0,0,0
2025-07-15 10:32:57,KMB,0,0,0,0,0,0,0,1,1,0,0,0
2025-07-15 10:32:58,KIM,0,0,0,0,0,0,0,0,1,1,0,0
2025-07-15 10:32:58,KMI,0,0,0,0,0,0,0,0,1,1,0,0
2025-07-15 10:32:59,KKR,0,0,1,0,0,1,0,1,1,1,0,0
2025-07-15 10:33:00,KLAC,0,0,1,0,0,1,0,1,1,0,1,0
2025-07-15 10:33:01,KHC,0,0,0,0,0,0,0,0,1,1,0,0
2025-07-15 10:33:02,KR,0,0,0,0,0,0,0,0,1,0,0,0
2025-07-15 10:33:02,LHX,0,0,0,0,0,0,0,1,1,0,0,0
2025-07-15 10:33:03,LH,0,0,0,0,0,0,0,1,1,1,0,0
2025-07-15 10:33:04,LRCX,0,0,1,0,0,1,0,0,1,0,1,0
2025-07-15 10:33:04,LW,0,0,0,0,0,0,0,0,1,1,0,0
2025-07-15 10:33:05,LVS,0,0,1,0,0,1,0,0,1,0,0,0
2025-07-15 10:33:06,LDOS,0,0,0,0,0,0,0,1,1,0,0,0
2025-07-15 10:33:07,LEN,0,0,0,0,0,0,0,1,1,1,0,0
2025-07-15 10:33:08,LII,0,0,0,0,0,0,0,1,1,0,0,0
2025-07-15 10:33:09,LLY,0,0,0,0,0,0,0,1,1,1,0,0
2025-07-15 10:33:09,LIN,0,0,0,0,0,0,0,1,1,0,0,0
2025-07-15 10:33:10,LYV,0,0,0,0,0,0,0,1,1,0,0,0
2025-07-15 10:33:11,LKQ,0,0,0,0,0,0,0,0,1,0,0,0
2025-07-15 10:33:12,LMT,0,0,0,0,0,0,0,1,1,0,0,0
2025-07-15 10:33:13,L,0,0,0,0,0,0,0,0,1,0,0,0
2025-07-15 10:33:13,LOW,0,0,0,0,0,0,0,1,1,1,0,0
2025-07-15 10:33:14,LULU,0,0,0,0,0,0,0,1,1,0,0,0
2025-07-15 10:33:15,LYB,0,0,0,0,0,0,0,0,1,1,0,0
2025-07-15 10:33:16,MTB,0,0,1,0,0,0,0,1,1,0,0,0
2025-07-15 10:33:16,MPC,0,0,1,0,0,1,0,1,1,1,0,0
2025-07-15 10:33:17,MKTX,0,0,1,0,0,1,0,1,1,0,0,0
2025-07-15 10:33:18,MAR,0,0,0,0,0,0,0,1,1,1,0,0
2025-07-15 10:33:19,MMC,0,0,0,0,0,0,0,1,1,0,0,0
2025-07-15 10:33:19,MLM,0,0,0,0,0,0,0,1,1,0,0,0
2025-07-15 10:33:20,MAS,0,0,0,0,0,0,0,0,1,1,1,0
2025-07-15 10:33:21,MA,0,0,0,0,0,0,0,1,1,0,0,0
2025-07-15 10:33:22,MTCH,0,0,1,0,0,1,0,0,1,1,0,0
2025-07-15 10:33:22,MKC,0,0,0,0,0,0,0,0,1,0,0,0
2025-07-15 10:33:23,MCD,0,0,0,0,0,1,0,1,1,0,0,0
2025-07-15 10:33:24,MCK,0,0,0,0,0,0,0,1,1,0,0,0
2025-07-15 10:33:25,MDT,0,0,0,0,0,0,0,0,1,0,0,0
2025-07-15 10:33:25,MRK,0,0,0,0,0,0,0,0,1,1,0,0
2025-07-15 10:33:26,META,0,0,0,0,0,0,0,1,1,0,0,0
2025-07-15 10:33:27,MET,0,0,0,0,0,0,0,0,1,0,0,0
2025-07-15 10:33:28,MTD,0,0,0,0,0,0,0,1,1,0,0,0
2025-07-15 10:33:28,MGM,0,0,1,0,0,1,0,0,1,1,0,0
2025-07-15 10:33:29,MCHP,0,0,0,0,0,0,0,1,1,0,1,0
2025-07-15 10:33:30,MU,0,0,1,0,0,0,0,1,1,0,1,0
2025-07-15 10:33:30,MSFT,0,0,1,0,0,1,0,1,1,0,0,0
2025-07-15 10:33:31,MAA,0,0,0,0,0,0,0,1,1,0,0,0
2025-07-15 10:33:32,MRNA,0,0,0,0,0,0,0,0,1,1,0,0
2025-07-15 10:33:33,MHK,0,0,0,0,0,0,0,1,1,1,0,0
2025-07-15 10:33:33,MOH,0,0,0,0,0,0,0,1,1,1,0,0
2025-07-15 10:33:34,TAP,0,0,0,0,0,0,0,0,1,0,0,0
2025-07-15 10:33:35,MDLZ,0,0,0,0,0,0,0,0,1,0,0,0
2025-07-15 10:33:36,MPWR,0,0,0,0,0,0,0,1,1,1,1,0
2025-07-15 10:33:36,MNST,0,0,0,0,0,0,0,0,1,0,0,0
2025-07-15 10:33:37,MCO,0,0,0,0,0,0,0,1,1,0,0,0
2025-07-15 10:33:38,MS,0,0,1,0,0,0,0,1,1,0,0,0
2025-07-15 10:33:39,MOS,0,0,0,0,0,0,0,0,1,1,0,0
2025-07-15 10:33:40,MSI,0,0,0,0,0,0,0,1,1,0,0,0
2025-07-15 10:33:41,MSCI,0,0,0,0,0,0,0,1,1,0,0,0
2025-07-15 10:33:42,NDAQ,0,0,1,0,0,0,0,0,1,0,0,0
2025-07-15 10:33:43,NTAP,0,0,0,0,0,0,0,1,1,0,1,0
2025-07-15 10:33:44,NFLX,0,0,1,0,0,1,0,1,1,1,0,0
2025-07-15 10:33:44,NEM,0,0,0,0,0,0,0,0,1,1,0,0
2025-07-15 10:33:45,NWSA,0,0,0,0,0,0,0,0,1,1,1,0
2025-07-15 10:33:46,NWS,0,0,0,0,0,0,0,0,1,1,0,0
2025-07-15 10:33:47,NEE,0,0,0,0,0,0,0,1,1,0,0,0
2025-07-15 10:33:47,NKE,0,0,0,0,0,0,0,1,1,0,0,0
2025-07-15 10:33:48,NI,0,0,0,0,0,0,0,0,1,0,0,0
2025-07-15 10:33:49,NDSN,0,0,0,0,0,0,0,1,1,0,0,0
2025-07-15 10:33:50,NSC,0,0,0,0,0,0,0,1,1,0,0,0
2025-07-15 10:33:51,NTRS,0,0,1,0,0,1,0,1,1,1,0,0
2025-07-15 10:33:52,NOC,0,0,0,0,0,0,0,1,1,0,0,0
2025-07-15 10:33:53,NCLH,0,0,1,0,0,1,0,0,1,1,0,0
2025-07-15 10:33:53,NRG,0,0,0,0,0,0,0,1,1,1,0,0
2025-07-15 10:33:54,NUE,0,0,0,0,0,0,0,1,1,0,0,0
2025-07-15 10:33:55,NVDA,0,0,1,0,0,1,0,1,1,1,1,0
2025-07-15 10:33:55,NVR,0,0,0,0,0,0,0,1,1,1,0,0
2025-07-15 10:33:56,NXPI,0,0,0,0,0,0,0,1,1,0,1,0
2025-07-15 10:33:57,ORLY,0,0,0,0,0,0,0,0,1,0,0,0
2025-07-15 10:33:58,OXY,0,0,0,0,0,0,0,0,1,1,0,0
2025-07-15 10:33:58,ODFL,0,0,0,0,0,0,0,1,1,1,0,0
2025-07-15 10:33:59,OMC,0,0,0,0,0,0,0,0,1,1,1,0
2025-07-15 10:34:00,ON,0,0,1,0,0,0,0,0,1,1,1,0
2025-07-15 10:34:01,OKE,0,0,0,0,0,0,0,0,1,1,0,0
2025-07-15 10:34:02,ORCL,0,0,1,0,0,1,0,1,1,1,0,0
2025-07-15 10:34:02,OTIS,0,0,0,0,0,0,0,0,1,0,1,0
2025-07-15 10:34:03,PCAR,0,0,1,0,0,1,0,0,1,0,0,0
2025-07-15 10:34:04,PKG,0,0,0,0,0,0,0,1,1,0,0,0
2025-07-15 10:34:04,PLTR,0,0,1,0,0,1,0,1,1,1,0,0
2025-07-15 10:34:05,PANW,0,0,1,0,0,1,0,1,1,0,0,0
2025-07-15 10:34:06,PARA,0,0,1,0,0,0,0,0,1,0,0,0
2025-07-15 10:34:07,PH,0,0,1,0,0,1,0,1,1,0,0,0
2025-07-15 10:34:07,PAYX,0,0,0,0,0,0,0,1,1,0,0,0
2025-07-15 10:34:08,PAYC,0,0,1,0,0,1,0,1,1,0,0,0
2025-07-15 10:34:09,PYPL,0,0,0,0,0,0,0,0,1,0,0,0
2025-07-15 10:34:10,PNR,0,0,0,0,0,0,0,0,1,0,0,0
2025-07-15 10:34:10,PEP,0,0,0,0,0,0,0,1,1,0,0,0
2025-07-15 10:34:11,PFE,0,0,0,0,0,0,0,0,1,1,0,0
2025-07-15 10:34:12,PCG,0,0,0,0,0,0,0,0,1,1,0,0
2025-07-15 10:34:13,PM,0,0,1,0,0,0,0,1,1,0,0,0
2025-07-15 10:34:14,PSX,0,0,1,0,0,1,0,1,1,0,0,0
2025-07-15 10:34:14,PNW,0,0,0,0,0,0,0,0,1,0,0,0
2025-07-15 10:34:15,PNC,0,0,1,0,0,0,0,1,1,0,0,0
2025-07-15 10:34:16,POOL,0,0,0,0,0,0,0,1,1,1,0,0
2025-07-15 10:34:17,PPG,0,0,0,0,0,0,0,1,1,1,0,0
2025-07-15 10:34:18,PPL,0,0,0,0,0,0,0,0,1,1,0,0
2025-07-15 10:34:18,PFG,0,0,0,0,0,0,0,0,1,0,0,0
2025-07-15 10:34:19,PG,0,0,0,0,0,0,0,1,1,0,0,0
2025-07-15 10:34:20,PGR,0,0,0,0,0,0,0,1,1,1,0,0
2025-07-15 10:34:21,PLD,0,0,0,0,0,0,0,1,1,0,0,0
2025-07-15 10:34:22,PRU,0,0,0,0,0,0,0,0,1,0,0,0
2025-07-15 10:34:23,PEG,0,0,0,0,0,0,0,0,1,0,0,0
2025-07-15 10:34:23,PTC,0,0,1,0,0,1,0,1,1,0,0,0
2025-07-15 10:34:24,PSA,0,0,0,0,0,0,0,1,1,0,0,0
2025-07-15 10:34:25,PHM,0,0,0,0,0,0,0,1,1,1,0,0
2025-07-15 10:34:26,PWR,0,0,1,0,0,1,0,1,1,1,0,0
2025-07-15 10:34:26,QCOM,0,0,0,0,0,0,0,1,1,0,1,0
2025-07-15 10:34:27,DGX,0,0,0,0,0,0,0,1,1,1,0,0
2025-07-15 10:34:28,RL,0,0,0,0,0,0,0,1,1,1,0,0
2025-07-15 10:34:29,RJF,0,0,1,0,0,0,0,1,1,1,0,0
2025-07-15 10:34:29,RTX,0,0,0,0,0,0,0,1,1,0,0,0
2025-07-15 10:34:30,O,0,0,0,0,0,0,0,0,1,0,0,0
2025-07-15 10:34:31,REG,0,0,0,0,0,0,0,0,1,0,0,0
2025-07-15 10:34:31,REGN,0,0,0,0,0,0,0,1,1,1,0,0
2025-07-15 10:34:32,RF,0,0,1,0,0,1,0,0,1,0,0,0
2025-07-15 10:34:33,RSG,0,0,0,0,0,0,0,1,1,0,0,0
2025-07-15 10:34:34,RMD,0,0,0,0,0,0,0,1,1,1,1,0
2025-07-15 10:34:35,RVTY,0,0,0,0,0,0,0,1,1,1,0,0
2025-07-15 10:34:35,ROK,0,0,1,0,0,1,0,1,1,1,0,0
2025-07-15 10:34:36,ROL,0,0,0,0,0,0,0,0,1,0,0,0
2025-07-15 10:34:37,ROP,0,0,0,0,0,0,0,1,1,0,0,0
2025-07-15 10:34:38,ROST,0,0,0,0,0,0,0,1,1,1,0,0
2025-07-15 10:34:38,RCL,0,0,1,0,0,1,0,1,1,1,0,0
2025-07-15 10:34:39,SPGI,0,0,0,0,0,0,0,1,1,0,0,0
2025-07-15 10:34:40,CRM,0,0,0,0,0,0,0,1,1,0,0,0
2025-07-15 10:34:42,SBAC,0,0,0,0,0,0,0,1,1,0,0,0
2025-07-15 10:34:43,SLB,0,0,0,0,0,0,0,0,1,1,0,0
2025-07-15 10:34:44,STX,0,0,1,0,0,0,0,1,1,1,0,0
2025-07-15 10:34:45,SRE,0,0,0,0,0,0,0,0,1,0,0,0
2025-07-15 10:34:46,NOW,0,0,0,0,0,0,0,1,1,0,0,0
2025-07-15 10:34:46,SHW,0,0,0,0,0,0,0,1,1,0,0,0
2025-07-15 10:34:47,SPG,0,0,0,0,0,0,0,1,1,0,0,0
2025-07-15 10:34:48,SWKS,0,0,0,0,0,0,0,0,1,1,1,0
2025-07-15 10:34:49,SJM,0,0,0,0,0,0,0,1,1,0,0,0
2025-07-15 10:34:49,SW,0,0,0,0,0,0,0,0,1,1,0,0
2025-07-15 10:34:50,SNA,0,0,0,0,0,0,0,1,1,0,0,0
2025-07-15 10:34:51,SOLV,0,0,0,0,0,0,0,0,1,1,1,0
2025-07-15 10:34:52,SO,0,0,0,0,0,0,0,0,1,0,0,0
2025-07-15 10:34:53,LUV,0,0,1,0,0,0,0,0,1,1,0,0
2025-07-15 10:34:54,SWK,0,0,0,0,0,0,0,1,1,1,1,0
2025-07-15 10:34:54,SBUX,0,0,0,0,0,0,0,1,1,0,0,0
2025-07-15 10:34:55,STT,0,0,1,0,0,1,0,1,1,1,0,0
2025-07-15 10:34:56,STLD,0,0,0,0,0,0,0,1,1,1,0,0
2025-07-15 10:34:57,STE,0,0,0,0,0,0,0,1,1,0,1,0
2025-07-15 10:34:57,SYK,0,0,0,0,0,0,0,1,1,0,0,0
2025-07-15 10:34:58,SMCI,0,0,1,0,0,1,0,1,1,1,1,0
2025-07-15 10:34:59,SYF,0,0,0,0,0,0,0,0,1,1,0,0
2025-07-15 10:35:00,SNPS,0,0,1,0,0,1,0,1,1,1,0,0
2025-07-15 10:35:00,SYY,0,0,0,0,0,0,0,0,1,0,0,0
2025-07-15 10:35:01,TMUS,0,0,0,0,0,0,0,1,1,0,0,0
2025-07-15 10:35:02,TROW,0,0,1,0,0,0,0,0,1,0,0,0
2025-07-15 10:35:03,TTWO,0,0,1,0,0,1,0,1,1,0,0,0
2025-07-15 10:35:03,TPR,0,0,1,0,0,1,0,1,1,1,0,0
2025-07-15 10:35:04,TRGP,0,0,0,0,0,0,0,1,1,1,0,0
2025-07-15 10:35:05,TGT,0,0,0,0,0,0,0,1,1,1,0,0
2025-07-15 10:35:06,TEL,0,0,0,0,0,0,0,1,1,0,0,0
2025-07-15 10:35:07,TDY,0,0,0,0,0,1,0,1,1,0,0,0
2025-07-15 10:35:07,TER,0,0,0,0,0,0,0,1,1,1,1,0
2025-07-15 10:35:08,TSLA,0,0,0,0,0,0,0,1,1,1,0,0
2025-07-15 10:35:09,TXN,0,0,0,0,0,0,0,1,1,0,0,0
2025-07-15 10:35:10,TPL,0,0,0,0,0,0,0,1,1,1,0,0
2025-07-15 10:35:11,TXT,0,0,1,0,0,0,0,0,1,0,0,0
2025-07-15 10:35:11,TMO,0,0,0,0,0,0,0,1,1,1,0,0
2025-07-15 10:35:12,TJX,0,0,0,0,0,0,0,0,1,0,0,0
2025-07-15 10:35:13,TKO,0,0,0,0,0,0,0,1,1,1,0,0
2025-07-15 10:35:14,TSCO,0,0,0,0,0,0,0,0,1,0,0,0
2025-07-15 10:35:14,TT,0,0,1,0,0,1,0,1,1,0,0,0
2025-07-15 10:35:15,TDG,0,0,1,0,0,0,0,1,1,0,0,0
2025-07-15 10:35:16,TRV,0,0,0,0,0,0,0,1,1,0,0,0
2025-07-15 10:35:17,TRMB,0,0,1,0,0,1,0,0,1,0,0,0
2025-07-15 10:35:18,TFC,0,0,1,0,0,1,0,0,1,0,0,0
2025-07-15 10:35:18,TYL,0,0,0,0,0,0,0,1,1,1,0,0
2025-07-15 10:35:19,TSN,0,0,0,0,0,0,0,0,1,1,0,0
2025-07-15 10:35:20,USB,0,0,0,0,0,0,0,0,1,0,0,0
2025-07-15 10:35:21,UBER,0,0,1,0,0,0,0,1,1,1,1,0
2025-07-15 10:35:21,UDR,0,0,0,0,0,0,0,0,1,0,0,0
2025-07-15 10:35:22,ULTA,0,0,0,0,0,0,0,1,1,0,0,0
2025-07-15 10:35:23,UNP,0,0,0,0,0,0,0,1,1,0,0,0
2025-07-15 10:35:24,UAL,0,0,0,0,0,0,0,1,1,1,0,0
2025-07-15 10:35:24,UPS,0,0,0,0,0,0,0,1,1,0,0,0
2025-07-15 10:35:25,URI,0,0,1,0,0,0,0,1,1,0,0,0
2025-07-15 10:35:26,UNH,0,0,0,0,0,0,0,1,1,1,0,0
2025-07-15 10:35:26,UHS,0,0,0,0,0,0,0,1,1,1,0,0
2025-07-15 10:35:27,VLO,0,0,1,0,0,1,0,1,1,1,0,0
2025-07-15 10:35:28,VTR,0,0,0,0,0,0,0,0,1,0,0,0
2025-07-15 10:35:29,VLTO,0,0,1,0,0,0,0,0,1,0,0,0
2025-07-15 10:35:30,VRSN,0,0,0,0,0,1,0,1,1,0,0,0
2025-07-15 10:35:30,VRSK,0,0,0,0,0,0,0,1,1,0,0,0
2025-07-15 10:35:31,VZ,0,0,0,0,0,0,0,0,1,0,0,0
2025-07-15 10:35:32,VRTX,0,0,0,0,0,0,0,1,1,1,0,0
2025-07-15 10:35:33,VTRS,0,0,0,0,0,0,0,0,1,1,0,0
2025-07-15 10:35:33,VICI,0,0,0,0,0,0,0,0,1,0,0,0
2025-07-15 10:35:34,V,0,0,0,0,0,0,0,1,1,0,0,0
2025-07-15 10:35:35,VST,0,0,1,0,0,1,0,1,1,1,0,0
2025-07-15 10:35:36,VMC,0,0,0,0,0,0,0,1,1,0,0,0
2025-07-15 10:35:36,WRB,0,0,0,0,0,0,0,0,1,0,0,0
2025-07-15 10:35:37,GWW,0,0,0,0,0,0,0,1,1,0,0,0
2025-07-15 10:35:38,WAB,0,0,0,0,0,0,0,1,1,0,0,0
2025-07-15 10:35:39,WBA,0,0,0,0,0,0,0,0,0,0,0,0
2025-07-15 10:35:40,WMT,0,0,0,0,0,0,0,0,1,0,0,0
2025-07-15 10:35:41,DIS,0,0,0,0,0,0,0,0,1,0,0,0
2025-07-15 10:35:41,WBD,0,0,0,0,0,0,0,0,1,1,0,0
2025-07-15 10:35:42,WM,0,0,0,0,0,0,0,1,1,0,0,0
2025-07-15 10:35:43,WAT,0,0,0,0,0,0,0,1,1,1,1,0
2025-07-15 10:35:44,WEC,0,0,0,0,0,0,0,0,1,0,0,0
2025-07-15 10:35:44,WFC,0,0,0,0,0,0,0,0,1,1,0,0
2025-07-15 10:35:45,WELL,0,0,0,0,0,0,0,1,1,1,0,0
2025-07-15 10:35:46,WST,0,0,0,0,0,0,0,1,1,0,0,0
2025-07-15 10:35:47,WDC,0,0,1,0,0,1,0,0,1,0,1,0
2025-07-15 10:35:48,WY,0,0,0,0,0,0,0,0,1,0,0,0
2025-07-15 10:35:48,WSM,0,0,0,0,0,0,0,1,1,1,0,0
2025-07-15 10:35:49,WMB,0,0,0,0,0,1,0,0,1,1,0,0
2025-07-15 10:35:50,WTW,0,0,0,0,0,0,0,1,1,1,0,0
2025-07-15 10:35:50,WDAY,0,0,1,0,0,0,0,1,1,0,0,0
2025-07-15 10:35:51,WYNN,0,0,1,0,0,1,0,1,1,0,0,0
2025-07-15 10:35:52,XEL,0,0,0,0,0,0,0,0,1,0,0,0
2025-07-15 10:35:53,XYL,0,0,0,0,0,0,0,0,1,0,0,0
2025-07-15 10:35:54,YUM,0,0,0,0,0,0,0,1,1,0,0,0
2025-07-15 10:35:55,ZBRA,0,0,0,0,0,0,0,1,1,0,0,0
2025-07-15 10:35:55,ZBH,0,0,0,0,0,0,0,1,1,1,1,0
2025-07-15 10:35:56,ZTS,0,0,0,0,0,0,0,1,1,1,0,0
2025-07-15 10:38:24,MMM,0,0,0,0,0,0,0,1,1,0,0,0
2025-07-15 10:38:25,AOS,0,0,0,0,0,0,0,0,1,0,0,0
2025-07-15 10:38:26,ABT,0,0,0,0,0,0,0,1,1,1,0,0
2025-07-15 10:38:26,ABBV,0,0,0,0,0,0,0,1,1,1,0,0
2025-07-15 10:38:27,ACN,0,0,0,0,0,0,0,1,1,1,0,0
2025-07-15 10:38:27,ADBE,0,0,0,0,0,0,0,1,1,0,0,0
2025-07-15 10:38:28,AMD,0,0,1,0,0,1,0,1,1,1,1,0
2025-07-15 10:38:29,AES,0,0,0,0,0,0,0,0,1,1,1,0
2025-07-15 10:38:29,AFL,0,0,0,0,0,0,0,0,1,0,0,0
2025-07-15 10:38:30,A,0,0,0,0,0,0,0,1,1,1,0,0
2025-07-15 10:38:30,APD,0,0,0,0,0,0,0,1,1,0,0,0
2025-07-15 10:38:31,ABNB,0,0,0,0,0,0,0,1,1,1,0,0
2025-07-15 10:38:32,AKAM,0,0,0,0,0,0,0,0,1,0,0,0
2025-07-15 10:38:32,ALB,0,0,0,0,0,0,0,1,1,1,1,0
2025-07-15 10:38:33,ARE,0,0,0,0,0,0,0,1,1,1,0,0
2025-07-15 10:38:34,ALGN,0,0,0,0,0,0,0,1,1,1,1,0
2025-07-15 10:38:34,ALLE,0,0,0,0,0,0,0,1,1,0,0,0
2025-07-15 10:38:35,LNT,0,0,0,0,0,0,0,0,1,0,0,0
2025-07-15 10:38:36,ALL,0,0,0,0,0,0,0,1,1,0,0,0
2025-07-15 10:38:36,GOOGL,0,0,1,0,0,1,0,1,1,0,0,0
2025-07-15 10:38:37,GOOG,0,0,1,0,0,1,0,1,1,0,0,0
2025-07-15 10:38:38,MO,0,0,0,0,0,0,0,0,1,0,0,0
2025-07-15 10:38:38,AMZN,0,0,1,0,0,0,0,1,1,0,0,0
2025-07-15 10:38:39,AMCR,0,0,0,0,0,0,0,0,1,0,0,0
2025-07-15 10:38:40,AEE,0,0,0,0,0,0,0,0,1,0,0,0
2025-07-15 10:38:40,AEP,0,0,0,0,0,0,0,0,1,0,0,0
2025-07-15 10:38:41,AXP,0,0,0,0,0,0,0,1,1,1,0,0
2025-07-15 10:38:42,AIG,0,0,0,0,0,0,0,0,1,1,0,0
2025-07-15 10:38:42,AMT,0,0,0,0,0,0,0,1,1,0,0,0
2025-07-15 10:38:43,AWK,0,0,0,0,0,0,0,1,1,0,0,0
2025-07-15 10:38:44,AMP,0,0,0,0,0,0,0,1,1,0,0,0
2025-07-15 10:38:44,AME,0,0,0,0,0,0,0,1,1,0,0,0
2025-07-15 10:38:45,AMGN,0,0,0,0,0,0,0,1,1,1,0,0
2025-07-15 10:38:46,APH,0,0,1,0,0,1,0,0,1,0,0,0
2025-07-15 10:38:47,ADI,0,0,0,0,0,0,0,1,1,0,0,0
2025-07-15 10:38:47,ANSS,0,0,1,0,0,1,0,1,1,1,0,0
2025-07-15 10:38:48,AON,0,0,0,0,0,0,0,1,1,1,0,0
2025-07-15 10:38:49,APA,0,0,0,0,0,0,0,0,1,1,0,0
2025-07-15 10:38:49,APO,0,0,1,0,0,0,0,1,1,1,0,0
2025-07-15 10:38:50,AAPL,0,0,0,0,0,0,0,1,1,0,0,0
2025-07-15 10:38:51,AMAT,0,0,0,0,0,0,0,1,1,0,1,0
2025-07-15 10:38:51,APTV,0,0,0,0,0,0,0,0,1,0,0,0
2025-07-15 10:38:52,ACGL,0,0,0,0,0,0,0,0,1,1,0,0
2025-07-15 10:38:52,ADM,0,0,0,0,0,0,0,0,1,0,0,0
2025-07-15 10:38:53,ANET,0,0,0,0,0,0,0,1,1,1,0,0
2025-07-15 10:38:54,AJG,0,0,0,0,0,0,0,1,1,1,0,0
2025-07-15 10:38:55,AIZ,0,0,0,0,0,0,0,1,1,1,0,0
2025-07-15 10:38:55,T,0,0,0,0,0,0,0,0,1,0,0,0
2025-07-15 10:38:56,ATO,0,0,0,0,0,0,0,1,1,0,0,0
2025-07-15 10:38:57,ADSK,0,0,0,0,0,0,0,1,1,1,0,0
2025-07-15 10:38:57,ADP,0,0,0,0,0,0,0,1,1,0,0,0
2025-07-15 10:38:58,AZO,0,0,0,0,0,0,0,1,1,0,0,0
2025-07-15 10:38:59,AVB,0,0,0,0,0,0,0,1,1,0,0,0
2025-07-15 10:38:59,AVY,0,0,0,0,0,0,0,1,1,0,0,0
2025-07-15 10:39:00,AXON,0,0,1,0,0,1,0,1,1,1,0,0
2025-07-15 10:39:01,BKR,0,0,1,0,0,1,0,0,1,0,0,0
2025-07-15 10:39:01,BALL,0,0,0,0,0,0,0,0,1,0,0,0
2025-07-15 10:39:02,BAC,0,0,1,0,0,1,0,0,1,0,0,0
2025-07-15 10:39:03,BAX,0,0,0,0,0,0,0,0,1,1,0,0
2025-07-15 10:39:03,BDX,0,0,0,0,0,0,0,1,1,1,0,0
2025-07-15 10:39:04,BRK-B,0,0,0,0,0,0,0,1,0,0,0,0
2025-07-15 10:39:05,BBY,0,0,0,0,0,0,0,1,1,1,0,0
2025-07-15 10:39:05,TECH,0,0,0,0,0,0,0,1,1,1,0,0
2025-07-15 10:39:06,BIIB,0,0,0,0,0,0,0,1,1,1,0,0
2025-07-15 10:39:07,BLK,0,0,1,0,0,0,0,1,1,1,0,0
2025-07-15 10:39:07,BX,0,0,1,0,0,0,0,1,1,1,0,0
2025-07-15 10:39:08,BK,0,0,1,0,0,1,0,0,1,1,0,0
2025-07-15 10:39:09,BA,0,0,1,0,0,1,0,1,1,0,0,0
2025-07-15 10:39:09,BKNG,0,0,0,0,0,1,0,1,1,1,0,0
2025-07-15 10:39:10,BSX,0,0,0,0,0,0,0,0,1,1,0,0
2025-07-15 10:39:11,BMY,0,0,0,0,0,0,0,0,1,1,0,0
2025-07-15 10:39:11,AVGO,0,0,1,0,0,1,0,1,1,1,1,0
2025-07-15 10:39:12,BR,0,0,0,0,0,0,0,1,1,0,0,0
2025-07-15 10:39:13,BRO,0,0,0,0,0,0,0,0,1,1,0,0
2025-07-15 10:39:13,BF-B,0,0,0,0,0,0,0,0,0,1,0,0
2025-07-15 10:39:14,BLDR,0,0,0,0,0,0,0,1,1,1,0,0
2025-07-15 10:39:15,BG,0,0,0,0,0,0,0,1,1,0,0,0
2025-07-15 10:39:15,BXP,0,0,0,0,0,0,0,0,1,0,0,0
2025-07-15 10:39:16,CHRW,0,0,1,0,0,1,0,1,1,0,0,0
2025-07-15 10:39:17,CDNS,0,0,1,0,0,1,0,1,1,1,0,0
2025-07-15 10:39:17,CZR,0,0,0,0,0,0,0,0,1,1,0,0
2025-07-15 10:39:18,CPT,0,0,0,0,0,0,0,1,1,0,0,0
2025-07-15 10:39:19,CPB,0,0,0,0,0,0,0,0,1,0,0,0
2025-07-15 10:39:20,COF,0,0,1,0,0,1,0,1,1,1,0,0
2025-07-15 10:39:20,CAH,0,0,0,0,0,0,0,1,1,0,0,0
2025-07-15 10:39:21,KMX,0,0,0,0,0,0,0,0,1,1,1,0
2025-07-15 10:39:21,CCL,0,0,1,0,0,1,0,0,1,1,0,0
2025-07-15 10:39:22,CARR,0,0,1,0,0,1,0,0,1,0,0,0
2025-07-15 10:39:23,CAT,0,0,1,0,0,1,0,1,1,0,0,0
2025-07-15 10:39:24,CBOE,0,0,1,0,0,1,0,1,1,1,0,0
2025-07-15 10:39:24,CBRE,0,0,0,0,0,0,0,1,1,1,0,0
2025-07-15 10:39:25,CDW,0,0,0,0,0,0,0,1,1,1,0,0
2025-07-15 10:39:26,COR,0,0,0,0,0,0,0,1,1,1,0,0
2025-07-15 10:39:27,CNC,0,0,0,0,0,0,0,1,1,1,0,0
2025-07-15 10:39:27,CNP,0,0,0,0,0,0,0,0,1,0,0,0
2025-07-15 10:39:28,CF,0,0,0,0,0,1,0,1,1,1,0,0
2025-07-15 10:39:29,CRL,0,0,0,0,0,0,0,1,1,1,0,0
2025-07-15 10:39:30,SCHW,0,0,0,0,0,0,0,0,1,0,0,0
2025-07-15 10:39:30,CHTR,0,0,0,0,0,0,0,1,1,1,0,0
2025-07-15 10:39:31,CVX,0,0,0,0,0,0,0,1,1,0,0,0
2025-07-15 10:39:32,CMG,0,0,0,0,0,0,0,0,1,1,0,0
2025-07-15 10:39:33,CB,0,0,0,0,0,0,0,1,1,0,0,0
2025-07-15 10:39:33,CHD,0,0,0,0,0,0,0,0,1,0,0,0
2025-07-15 10:39:36,CI,0,0,0,0,0,0,0,1,1,1,0,0
2025-07-15 10:39:37,CINF,0,0,0,0,0,0,0,1,1,0,0,0
2025-07-15 10:39:37,CTAS,0,0,0,0,0,0,0,1,1,0,0,0
2025-07-15 10:39:38,CSCO,0,0,0,0,0,0,0,0,1,0,0,0
2025-07-15 10:39:39,C,0,0,1,0,0,1,0,0,1,1,1,0
2025-07-15 10:39:40,CFG,0,0,1,0,0,1,0,0,1,0,0,0
2025-07-15 10:39:40,CLX,0,0,0,0,0,0,0,1,1,1,0,0
2025-07-15 10:39:41,CME,0,0,1,0,0,0,0,1,1,0,0,0
2025-07-15 10:39:42,CMS,0,0,0,0,0,0,0,0,1,0,0,0
2025-07-15 10:39:43,KO,0,0,0,0,0,0,0,0,1,0,0,0
2025-07-15 10:39:44,CTSH,0,0,0,0,0,0,0,0,1,0,0,0
2025-07-15 10:39:45,COIN,0,0,0,0,0,0,0,1,1,1,1,0
2025-07-15 10:39:46,CL,0,0,0,0,0,0,0,0,1,0,0,0
2025-07-15 10:39:46,CMCSA,0,0,0,0,0,0,0,0,1,1,0,0
2025-07-15 10:39:47,CAG,0,0,0,0,0,0,0,0,1,1,0,0
2025-07-15 10:39:48,COP,0,0,1,0,0,1,0,0,1,0,0,0
2025-07-15 10:39:49,ED,0,0,0,0,0,0,0,0,1,0,0,0
2025-07-15 10:39:49,STZ,0,0,0,0,0,0,0,1,1,1,0,0
2025-07-15 10:39:50,CEG,0,0,1,0,0,1,0,1,1,1,0,0
2025-07-15 10:39:51,COO,0,0,0,0,0,0,0,0,1,1,0,0
2025-07-15 10:39:51,CPRT,0,0,0,0,0,0,0,0,1,1,0,0
2025-07-15 10:39:52,GLW,0,0,0,0,0,0,0,0,1,0,0,0
2025-07-15 10:39:53,CPAY,0,0,0,0,0,0,0,1,1,0,0,0
2025-07-15 10:39:53,CTVA,0,0,0,0,0,0,0,0,1,0,0,0
2025-07-15 10:39:54,CSGP,0,0,0,0,0,0,0,0,1,1,0,0
2025-07-15 10:39:55,COST,0,0,0,0,0,0,0,1,1,0,0,0
2025-07-15 10:39:56,CTRA,0,0,0,0,0,0,0,0,1,1,0,0
2025-07-15 10:39:57,CRWD,0,0,0,0,0,0,0,1,1,1,0,0
2025-07-15 10:39:57,CCI,0,0,0,0,0,0,0,1,1,0,0,0
2025-07-15 10:39:58,CSX,0,0,0,0,0,0,0,0,1,0,0,0
2025-07-15 10:39:59,CMI,0,0,0,0,0,0,0,1,1,0,0,0
2025-07-15 10:40:00,CVS,0,0,0,0,0,0,0,0,1,0,0,0
2025-07-15 10:40:01,DHR,0,0,0,0,0,0,0,1,1,1,0,0
2025-07-15 10:40:01,DRI,0,0,0,0,0,0,0,1,1,0,0,0
2025-07-15 10:40:02,DDOG,0,0,0,0,0,0,0,1,1,0,0,0
2025-07-15 10:40:03,DVA,0,0,0,0,0,0,0,1,1,1,0,0
2025-07-15 10:40:04,DAY,0,0,0,0,0,0,0,0,1,0,0,0
2025-07-15 10:40:04,DECK,0,0,0,0,0,0,0,1,1,1,0,0
2025-07-15 10:40:05,DE,0,0,1,0,0,1,0,1,1,0,0,0
2025-07-15 10:40:06,DELL,0,0,1,0,0,1,0,1,1,1,1,0
2025-07-15 10:40:07,DAL,0,0,0,0,0,0,0,1,1,1,0,0
2025-07-15 10:40:08,DVN,0,0,0,0,0,0,0,0,1,1,0,0
2025-07-15 10:40:08,DXCM,0,0,0,0,0,0,0,1,1,1,0,0
2025-07-15 10:40:09,FANG,0,0,0,0,0,0,0,1,1,0,0,0
2025-07-15 10:40:10,DLR,0,0,0,0,0,0,0,1,1,0,0,0
2025-07-15 10:40:11,DG,0,0,0,0,0,0,0,1,1,0,0,0
2025-07-15 10:40:11,DLTR,0,0,0,0,0,0,0,1,1,0,0,0
2025-07-15 10:40:12,D,0,0,0,0,0,0,0,0,1,0,0,0
2025-07-15 10:40:13,DPZ,0,0,0,0,0,0,0,1,1,1,0,0
2025-07-15 10:40:14,DASH,0,0,0,0,0,0,0,1,1,1,0,0
2025-07-15 10:40:15,DOV,0,0,0,0,0,0,0,1,1,0,1,0
2025-07-15 10:40:15,DOW,0,0,0,0,0,0,0,0,1,1,1,0
2025-07-15 10:40:16,DHI,0,0,0,0,0,0,0,1,1,1,0,0
2025-07-15 10:40:17,DTE,0,0,0,0,0,0,0,1,1,0,0,0
2025-07-15 10:40:18,DUK,0,0,0,0,0,0,0,0,1,0,0,0
2025-07-15 10:40:18,DD,0,0,0,0,0,0,0,0,1,1,1,0
2025-07-15 10:40:19,EMN,0,0,0,0,0,0,0,1,1,1,0,0
2025-07-15 10:40:20,ETN,0,0,1,0,0,0,0,1,1,1,1,0
2025-07-15 10:40:21,EBAY,0,0,0,0,0,0,0,0,1,0,0,0
2025-07-15 10:40:22,ECL,0,0,0,0,0,0,0,1,1,0,0,0
2025-07-15 10:40:22,EIX,0,0,0,0,0,0,0,0,1,1,0,0
2025-07-15 10:40:23,EW,0,0,0,0,0,0,0,0,1,1,0,0
2025-07-15 10:40:24,EA,0,0,0,0,0,0,0,1,1,0,0,0
2025-07-15 10:40:24,ELV,0,0,0,0,0,0,0,1,1,1,0,0
2025-07-15 10:40:25,EMR,0,0,1,0,0,1,0,1,1,0,0,0
2025-07-15 10:40:26,ENPH,0,0,0,0,0,1,0,1,1,1,0,0
2025-07-15 10:40:27,ETR,0,0,0,0,0,0,0,0,1,1,0,0
2025-07-15 10:40:28,EOG,0,0,0,0,0,0,0,1,1,0,0,0
2025-07-15 10:40:28,EPAM,0,0,0,0,0,0,0,1,1,1,0,0
2025-07-15 10:40:29,EQT,0,0,1,0,0,1,0,0,1,1,0,0
2025-07-15 10:40:30,EFX,0,0,0,0,0,0,0,1,1,1,0,0
2025-07-15 10:40:31,EQIX,0,0,0,0,0,0,0,1,1,0,0,0
2025-07-15 10:40:31,EQR,0,0,0,0,0,0,0,0,1,0,0,0
2025-07-15 10:40:32,ERIE,0,0,0,0,0,0,0,1,1,0,0,0
2025-07-15 10:40:33,ESS,0,0,0,0,0,0,0,1,1,1,0,0
2025-07-15 10:40:34,EL,0,0,0,0,0,0,0,1,1,1,0,0
2025-07-15 10:40:34,EG,0,0,0,0,0,0,0,1,1,0,0,0
2025-07-15 10:40:35,EVRG,0,0,0,0,0,0,0,0,1,1,0,0
2025-07-15 10:40:36,ES,0,0,0,0,0,0,0,0,1,0,0,0
2025-07-15 10:40:37,EXC,0,0,0,0,0,0,0,0,1,0,0,0
2025-07-15 10:40:37,EXE,0,0,1,0,0,1,0,1,1,1,0,0
2025-07-15 10:40:38,EXPE,0,0,0,0,0,0,0,1,1,1,0,0
2025-07-15 10:40:39,EXPD,0,0,1,0,0,1,0,1,1,1,0,0
2025-07-15 10:40:40,EXR,0,0,0,0,0,0,0,1,1,0,0,0
2025-07-15 10:40:40,XOM,0,0,0,0,0,0,0,0,1,0,0,0
2025-07-15 10:40:41,FFIV,0,0,1,0,0,1,0,1,1,0,0,0
2025-07-15 10:40:42,FDS,0,0,0,0,0,0,0,1,1,1,0,0
2025-07-15 10:40:43,FICO,0,0,0,0,0,0,0,1,1,1,0,0
2025-07-15 10:40:43,FAST,0,1,1,0,0,1,0,0,1,1,0,0
2025-07-15 10:40:44,FRT,0,0,0,0,0,0,0,0,1,0,0,0
2025-07-15 10:40:45,FDX,0,0,0,0,0,0,0,1,1,0,0,0
2025-07-15 10:40:46,FIS,0,0,0,0,0,0,0,0,1,0,0,0
2025-07-15 10:40:46,FITB,0,0,1,0,0,1,0,0,1,0,0,0
2025-07-15 10:40:47,FSLR,0,1,1,0,0,1,0,1,1,1,1,0
2025-07-15 10:40:48,FE,0,0,0,0,0,0,0,0,1,0,0,0
2025-07-15 10:40:48,FI,0,0,0,0,0,0,0,1,1,0,0,0
2025-07-15 10:40:49,F,0,0,0,0,0,0,0,0,1,1,0,0
2025-07-15 10:40:50,FTNT,0,0,0,0,0,0,0,1,1,1,0,0
2025-07-15 10:40:51,FTV,0,0,0,0,0,0,0,0,1,1,0,0
2025-07-15 10:40:52,FOXA,0,0,0,0,0,0,0,0,1,1,0,0
2025-07-15 10:40:52,FOX,0,0,0,0,0,0,0,0,1,0,0,0
2025-07-15 10:40:53,BEN,0,0,0,0,0,0,0,0,1,1,0,0
2025-07-15 10:40:54,FCX,0,0,0,0,0,0,0,0,1,1,0,0
2025-07-15 10:40:55,GRMN,0,0,0,0,0,0,0,1,1,0,0,0
2025-07-15 10:40:57,IT,0,0,0,0,0,0,0,1,1,1,0,0
2025-07-15 10:40:57,GE,0,0,1,0,0,1,0,1,1,0,0,0
2025-07-15 10:40:58,GEHC,0,0,0,0,0,0,0,0,1,1,0,0
2025-07-15 10:40:59,GEV,0,1,1,0,0,1,0,1,1,1,0,0
2025-07-15 10:41:00,GEN,0,0,0,0,0,0,0,0,1,0,0,0
2025-07-15 10:41:00,GNRC,0,0,0,0,0,0,0,1,1,0,0,0
2025-07-15 10:41:01,GD,0,0,0,0,0,0,0,1,1,0,0,0
2025-07-15 10:41:02,GIS,0,0,0,0,0,0,0,0,1,0,0,0
2025-07-15 10:41:03,GM,0,0,1,0,0,0,0,0,1,0,0,0
2025-07-15 10:41:03,GPC,0,0,0,0,0,0,0,1,1,0,0,0
2025-07-15 10:41:04,GILD,0,0,0,0,0,0,0,1,1,1,0,0
2025-07-15 10:41:05,GPN,0,0,0,0,0,0,0,0,1,0,0,0
2025-07-15 10:41:05,GL,0,0,0,0,0,0,0,1,1,0,0,0
2025-07-15 10:41:06,GDDY,0,0,0,0,0,0,0,1,1,0,0,0
2025-07-15 10:41:07,GS,0,0,1,0,0,0,0,1,1,0,0,0
2025-07-15 10:41:08,HAL,0,0,1,0,0,0,0,0,1,0,0,0
2025-07-15 10:41:08,HIG,0,0,0,0,0,0,0,1,1,1,0,0
2025-07-15 10:41:09,HAS,0,0,0,0,0,0,0,0,1,1,0,0
2025-07-15 10:41:10,HCA,0,0,0,0,0,0,0,1,1,1,0,0
2025-07-15 10:41:11,DOC,0,0,0,0,0,0,0,0,1,1,0,0
2025-07-15 10:41:11,HSIC,0,0,0,0,0,0,0,0,1,1,0,0
2025-07-15 10:41:12,HSY,0,0,0,0,0,0,0,1,1,0,0,0
2025-07-15 10:41:13,HES,0,0,0,0,0,0,0,1,1,0,0,0
2025-07-15 10:41:14,HPE,0,0,0,0,0,0,0,0,1,1,0,0
2025-07-15 10:41:14,HLT,0,0,1,0,0,1,0,1,1,1,0,0
2025-07-15 10:41:15,HOLX,0,0,0,0,0,0,0,0,1,1,0,0
2025-07-15 10:41:16,HD,0,0,0,0,0,0,0,1,1,1,0,0
2025-07-15 10:41:17,HON,0,0,0,0,0,0,0,1,1,0,0,0
2025-07-15 10:41:17,HRL,0,0,0,0,0,0,0,0,1,0,0,0
2025-07-15 10:41:18,HST,0,0,0,0,0,0,0,0,1,0,0,0
2025-07-15 10:41:19,HWM,0,0,1,0,0,1,0,1,1,1,0,0
2025-07-15 10:41:20,HPQ,0,0,0,0,0,0,0,0,1,1,0,0
2025-07-15 10:41:20,HUBB,0,0,0,0,0,0,0,1,1,0,0,0
2025-07-15 10:41:21,HUM,0,0,0,0,0,0,0,1,1,1,0,0
2025-07-15 10:41:22,HBAN,0,0,1,0,0,1,0,0,1,0,0,0
2025-07-15 10:41:23,HII,0,0,0,0,0,0,0,1,1,0,0,0
2025-07-15 10:41:23,IBM,0,0,1,0,0,1,0,1,1,0,0,0
2025-07-15 10:41:24,IEX,0,0,0,0,0,0,0,1,1,0,0,0
2025-07-15 10:41:25,IDXX,0,0,0,0,0,0,0,1,1,0,0,0
2025-07-15 10:41:26,ITW,0,0,1,0,0,1,0,1,1,0,0,0
2025-07-15 10:41:26,INCY,0,0,0,0,0,0,0,1,1,1,0,0
2025-07-15 10:41:27,IR,0,0,1,0,0,1,0,0,1,0,0,0
2025-07-15 10:41:28,PODD,0,0,0,0,0,0,0,1,1,0,0,0
2025-07-15 10:41:29,INTC,0,0,0,0,0,0,0,0,1,1,0,0
2025-07-15 10:41:30,ICE,0,0,0,0,0,0,0,1,1,0,0,0
2025-07-15 10:41:30,IFF,0,0,0,0,0,0,0,0,1,0,0,0
2025-07-15 10:41:31,IP,0,0,0,0,0,0,0,0,1,1,0,0
2025-07-15 10:41:32,IPG,0,0,0,0,0,0,0,0,1,1,0,0
2025-07-15 10:41:32,INTU,0,0,0,0,0,0,0,1,1,0,0,0
2025-07-15 10:41:33,ISRG,0,0,0,0,0,0,0,1,1,1,0,0
2025-07-15 10:41:34,IVZ,0,0,1,0,0,1,0,0,1,1,0,0
2025-07-15 10:41:35,INVH,0,0,0,0,0,0,0,0,1,0,0,0
2025-07-15 10:41:35,IQV,0,0,0,0,0,0,0,1,1,0,0,0
2025-07-15 10:41:36,IRM,0,0,0,0,0,0,0,1,1,1,0,0
2025-07-15 10:41:37,JBHT,0,0,0,0,0,0,0,1,1,1,0,0
2025-07-15 10:41:37,JBL,0,0,1,0,0,0,0,1,1,1,0,0
2025-07-15 10:41:38,JKHY,0,0,0,0,0,0,0,1,1,0,0,0
2025-07-15 10:41:39,J,0,0,0,0,0,0,0,0,1,0,0,0
2025-07-15 10:41:40,JNJ,0,0,0,0,0,0,0,1,1,0,0,0
2025-07-15 10:41:40,JCI,0,0,1,0,0,1,0,0,1,0,0,0
2025-07-15 10:41:41,JPM,0,0,1,0,0,0,0,1,1,1,0,0
2025-07-15 10:41:42,K,0,0,0,0,0,0,0,0,0,0,0,0
2025-07-15 10:41:42,KVUE,0,0,0,0,0,0,0,0,1,1,0,0
2025-07-15 10:41:43,KDP,0,0,0,0,0,0,0,0,1,0,0,0
2025-07-15 10:41:44,KEY,0,0,1,0,0,1,0,0,1,1,0,0
2025-07-15 10:41:45,KEYS,0,0,0,0,0,0,0,1,1,0,0,0
2025-07-15 10:41:45,KMB,0,0,0,0,0,0,0,1,1,0,0,0
2025-07-15 10:41:46,KIM,0,0,0,0,0,0,0,0,1,1,0,0
2025-07-15 10:41:47,KMI,0,0,1,0,0,1,0,0,1,1,0,0
2025-07-15 10:41:48,KKR,0,0,1,0,0,0,0,1,1,1,0,0
2025-07-15 10:41:49,KLAC,0,0,1,0,0,1,0,1,1,0,1,0
2025-07-15 10:41:49,KHC,0,0,0,0,0,0,0,0,1,1,0,0
2025-07-15 10:41:50,KR,0,0,0,0,0,0,0,0,1,0,0,0
2025-07-15 10:41:51,LHX,0,0,0,0,0,0,0,1,1,0,0,0
2025-07-15 10:41:52,LH,0,0,0,0,0,0,0,1,1,1,0,0
2025-07-15 10:41:52,LRCX,0,0,1,0,0,1,0,0,1,0,1,0
2025-07-15 10:41:53,LW,0,0,0,0,0,0,0,0,1,1,0,0
2025-07-15 10:41:54,LVS,0,0,1,0,0,1,0,0,1,0,0,0
2025-07-15 10:41:55,LDOS,0,0,0,0,0,0,0,1,1,0,0,0
2025-07-15 10:41:55,LEN,0,0,0,0,0,0,0,1,1,1,0,0
2025-07-15 10:41:56,LII,0,0,0,0,0,0,0,1,1,0,0,0
2025-07-15 10:41:57,LLY,0,0,0,0,0,0,0,1,1,1,0,0
2025-07-15 10:41:58,LIN,0,0,0,0,0,0,0,1,1,0,0,0
2025-07-15 10:41:58,LYV,0,0,0,0,0,0,0,1,1,0,0,0
2025-07-15 10:41:59,LKQ,0,0,0,0,0,0,0,0,1,0,0,0
2025-07-15 10:42:00,LMT,0,0,0,0,0,0,0,1,1,0,0,0
2025-07-15 10:42:00,L,0,0,0,0,0,0,0,0,1,0,0,0
2025-07-15 10:42:01,LOW,0,0,0,0,0,0,0,1,1,1,0,0
2025-07-15 10:42:02,LULU,0,0,0,0,0,0,0,1,1,0,0,0
2025-07-15 10:42:03,LYB,0,0,0,0,0,0,0,0,1,1,0,0
2025-07-15 10:42:04,MTB,0,0,1,0,0,0,0,1,1,0,0,0
2025-07-15 10:42:04,MPC,0,0,1,0,0,1,0,1,1,1,0,0
2025-07-15 10:42:05,MKTX,0,0,1,0,0,1,0,1,1,0,0,0
2025-07-15 10:42:06,MAR,0,0,0,0,0,0,0,1,1,1,0,0
2025-07-15 10:42:07,MMC,0,0,0,0,0,0,0,1,1,0,0,0
2025-07-15 10:42:07,MLM,0,0,0,0,0,0,0,1,1,0,0,0
2025-07-15 10:42:08,MAS,0,0,0,0,0,0,0,0,1,1,1,0
2025-07-15 10:42:09,MA,0,0,0,0,0,0,0,1,1,0,0,0
2025-07-15 10:42:10,MTCH,0,0,1,0,0,1,0,0,1,1,0,0
2025-07-15 10:42:10,MKC,0,0,0,0,0,0,0,0,1,0,0,0
2025-07-15 10:42:11,MCD,0,0,0,0,0,0,0,1,1,0,0,0
2025-07-15 10:42:12,MCK,0,0,0,0,0,0,0,1,1,0,0,0
2025-07-15 10:42:13,MDT,0,0,0,0,0,0,0,0,1,1,0,0
2025-07-15 10:42:14,MRK,0,0,0,0,0,0,0,0,1,1,0,0
2025-07-15 10:42:15,META,0,0,0,0,0,0,0,1,1,0,0,0
2025-07-15 10:42:16,MET,0,0,0,0,0,0,0,0,1,1,0,0
2025-07-15 10:42:16,MTD,0,0,0,0,0,0,0,1,1,0,0,0
2025-07-15 10:42:17,MGM,0,0,1,0,0,1,0,0,1,1,0,0
2025-07-15 10:42:18,MCHP,0,0,0,0,0,0,0,1,1,0,1,0
2025-07-15 10:42:18,MU,0,0,1,0,0,0,0,1,1,0,1,0
2025-07-15 10:42:19,MSFT,0,0,1,0,0,1,0,1,1,0,0,0
2025-07-15 10:42:20,MAA,0,0,0,0,0,0,0,1,1,0,0,0
2025-07-15 10:42:21,MRNA,0,0,0,0,0,0,0,0,1,1,0,0
2025-07-15 10:42:22,MHK,0,0,0,0,0,0,0,1,1,1,0,0
2025-07-15 10:42:22,MOH,0,0,0,0,0,0,0,1,1,1,0,0
2025-07-15 10:42:23,TAP,0,0,0,0,0,0,0,0,1,0,0,0
2025-07-15 10:42:24,MDLZ,0,0,0,0,0,0,0,0,1,0,0,0
2025-07-15 10:42:25,MPWR,0,0,0,0,0,0,0,1,1,1,1,0
2025-07-15 10:42:25,MNST,0,0,0,0,0,0,0,0,1,0,0,0
2025-07-15 10:42:26,MCO,0,0,0,0,0,0,0,1,1,0,0,0
2025-07-15 10:42:27,MS,0,0,0,0,0,0,0,1,1,0,0,0
2025-07-15 10:42:27,MOS,0,0,1,0,0,0,0,0,1,1,0,0
2025-07-15 10:42:28,MSI,0,0,0,0,0,0,0,1,1,0,0,0
2025-07-15 10:42:30,MSCI,0,0,0,0,0,0,0,1,1,1,0,0
2025-07-15 10:42:31,NDAQ,0,0,0,0,0,0,0,0,1,0,0,0
2025-07-15 10:42:32,NTAP,0,0,0,0,0,0,0,1,1,0,1,0
2025-07-15 10:42:32,NFLX,0,1,1,0,0,1,0,1,1,1,0,0
2025-07-15 10:42:33,NEM,0,0,0,0,0,0,0,0,1,1,0,0
2025-07-15 10:42:34,NWSA,0,0,0,0,0,0,0,0,1,1,1,0
2025-07-15 10:42:35,NWS,0,0,0,0,0,0,0,0,1,1,0,0
2025-07-15 10:42:36,NEE,0,0,0,0,0,0,0,1,1,0,0,0
2025-07-15 10:42:36,NKE,0,0,0,0,0,0,0,1,1,0,0,0
2025-07-15 10:42:37,NI,0,0,1,0,0,1,0,0,1,0,0,0
2025-07-15 10:42:38,NDSN,0,0,0,0,0,0,0,1,1,0,0,0
2025-07-15 10:42:39,NSC,0,0,0,0,0,0,0,1,1,0,0,0
2025-07-15 10:42:39,NTRS,0,0,1,0,0,1,0,1,1,1,0,0
2025-07-15 10:42:40,NOC,0,0,0,0,0,0,0,1,1,0,0,0
2025-07-15 10:42:41,NCLH,0,0,1,0,0,1,0,0,1,1,0,0
2025-07-15 10:42:42,NRG,0,0,0,0,0,0,0,1,1,1,0,0
2025-07-15 10:42:43,NUE,0,0,0,0,0,0,0,1,1,0,0,0
2025-07-15 10:42:43,NVDA,0,0,1,0,0,1,0,1,1,1,1,0
2025-07-15 10:42:44,NVR,0,0,0,0,0,0,0,1,1,1,0,0
2025-07-15 10:42:45,NXPI,0,0,0,0,0,0,0,1,1,0,1,0
2025-07-15 10:42:46,ORLY,0,0,0,0,0,0,0,0,1,0,0,0
2025-07-15 10:42:47,OXY,0,0,0,0,0,0,0,0,1,1,0,0
2025-07-15 10:42:47,ODFL,0,0,0,0,0,0,0,1,1,1,0,0
2025-07-15 10:42:48,OMC,0,0,0,0,0,0,0,0,1,1,1,0
2025-07-15 10:42:49,ON,0,0,0,0,0,0,0,0,1,1,1,0
2025-07-15 10:42:49,OKE,0,0,1,0,0,0,0,0,1,1,0,0
2025-07-15 10:42:50,ORCL,0,1,1,0,0,1,0,1,1,1,1,0
2025-07-15 10:42:51,OTIS,0,0,0,0,0,0,0,0,1,0,1,0
2025-07-15 10:42:52,PCAR,0,0,0,0,0,0,0,0,1,0,0,0
2025-07-15 10:42:52,PKG,0,0,0,0,0,0,0,1,1,0,0,0
2025-07-15 10:42:53,PLTR,0,0,1,0,0,1,0,1,1,1,0,0
2025-07-15 10:42:54,PANW,0,0,0,0,0,1,0,1,1,0,0,0
2025-07-15 10:42:55,PARA,0,0,0,0,0,0,0,0,1,0,0,0
2025-07-15 10:42:55,PH,0,0,1,0,0,0,0,1,1,0,0,0
2025-07-15 10:42:56,PAYX,0,0,0,0,0,0,0,1,1,0,0,0
2025-07-15 10:42:57,PAYC,0,0,1,0,0,0,0,1,1,0,0,0
2025-07-15 10:42:57,PYPL,0,0,0,0,0,0,0,0,1,0,0,0
2025-07-15 10:42:59,PNR,0,0,0,0,0,0,0,0,1,0,0,0
2025-07-15 10:43:00,PEP,0,0,0,0,0,0,0,1,1,0,0,0
2025-07-15 10:43:00,PFE,0,0,0,0,0,0,0,0,1,1,0,0
2025-07-15 10:43:01,PCG,0,0,0,0,0,0,0,0,1,1,0,0
2025-07-15 10:43:02,PM,0,0,1,0,0,1,0,1,1,0,0,0
2025-07-15 10:43:03,PSX,0,0,1,0,0,1,0,1,1,0,0,0
2025-07-15 10:43:03,PNW,0,0,0,0,0,0,0,0,1,0,0,0
2025-07-15 10:43:04,PNC,0,0,0,0,0,0,0,1,1,0,0,0
2025-07-15 10:43:05,POOL,0,0,0,0,0,0,0,1,1,1,0,0
2025-07-15 10:43:06,PPG,0,0,0,0,0,0,0,1,1,1,0,0
2025-07-15 10:43:07,PPL,0,0,0,0,0,0,0,0,1,1,0,0
2025-07-15 10:43:07,PFG,0,0,0,0,0,0,0,0,1,1,0,0
2025-07-15 10:43:08,PG,0,0,0,0,0,0,0,1,1,0,0,0
2025-07-15 10:43:09,PGR,0,0,0,0,0,0,0,1,1,1,0,0
2025-07-15 10:43:10,PLD,0,0,0,0,0,0,0,1,1,0,0,0
2025-07-15 10:43:11,PRU,0,0,0,0,0,0,0,0,1,0,0,0
2025-07-15 10:43:12,PEG,0,0,0,0,0,0,0,0,1,0,0,0
2025-07-15 10:43:13,PTC,0,0,1,0,0,1,0,1,1,0,0,0
2025-07-15 10:43:13,PSA,0,0,0,0,0,0,0,1,1,0,0,0
2025-07-15 10:43:14,PHM,0,0,0,0,0,0,0,1,1,1,0,0
2025-07-15 10:43:15,PWR,0,0,0,0,0,0,0,1,1,1,0,0
2025-07-15 10:43:16,QCOM,0,0,0,0,0,0,0,1,1,0,1,0
2025-07-15 10:43:16,DGX,0,0,0,0,0,0,0,1,1,1,0,0
2025-07-15 10:43:17,RL,0,0,0,0,0,0,0,1,1,1,0,0
2025-07-15 10:43:18,RJF,0,0,0,0,0,0,0,1,1,1,0,0
2025-07-15 10:43:19,RTX,0,0,0,0,0,0,0,1,1,0,0,0
2025-07-15 10:43:20,O,0,0,0,0,0,0,0,0,1,0,0,0
2025-07-15 10:43:21,REG,0,0,0,0,0,0,0,0,1,0,0,0
2025-07-15 10:43:21,REGN,0,0,0,0,0,0,0,1,1,1,0,0
2025-07-15 10:43:22,RF,0,0,1,0,0,1,0,0,1,0,0,0
2025-07-15 10:43:23,RSG,0,0,0,0,0,1,0,1,1,0,0,0
2025-07-15 10:43:24,RMD,0,0,0,0,0,0,0,1,1,1,1,0
2025-07-15 10:43:24,RVTY,0,0,0,0,0,0,0,1,1,1,0,0
2025-07-15 10:43:25,ROK,0,0,1,0,0,1,0,1,1,1,0,0
2025-07-15 10:43:26,ROL,0,0,0,0,0,0,0,0,1,0,0,0
2025-07-15 10:43:26,ROP,0,0,0,0,0,0,0,1,1,0,0,0
2025-07-15 10:43:27,ROST,0,0,0,0,0,0,0,1,1,1,0,0
2025-07-15 10:43:28,RCL,0,0,1,0,0,1,0,1,1,1,0,0
2025-07-15 10:43:29,SPGI,0,0,0,0,0,0,0,1,1,0,0,0
2025-07-15 10:43:29,CRM,0,0,0,0,0,0,0,1,1,0,0,0
2025-07-15 10:43:30,SBAC,0,0,0,0,0,0,0,1,1,0,0,0
2025-07-15 10:43:31,SLB,0,0,0,0,0,0,0,0,1,1,0,0
2025-07-15 10:43:31,STX,0,0,0,0,0,0,0,1,1,1,0,0
2025-07-15 10:43:32,SRE,0,0,0,0,0,0,0,0,1,0,0,0
2025-07-15 10:43:32,NOW,0,0,0,0,0,0,0,1,1,1,0,0
2025-07-15 10:43:33,SHW,0,0,0,0,0,0,0,1,1,0,0,0
2025-07-15 10:43:34,SPG,0,0,0,0,0,0,0,1,1,0,0,0
2025-07-15 10:43:34,SWKS,0,0,0,0,0,0,0,0,1,1,1,0
2025-07-15 10:43:35,SJM,0,0,0,0,0,0,0,1,1,0,0,0
2025-07-15 10:43:36,SW,0,0,0,0,0,0,0,0,1,1,0,0
2025-07-15 10:43:36,SNA,0,0,0,0,0,0,0,1,1,1,0,0
2025-07-15 10:43:37,SOLV,0,0,0,0,0,0,0,0,1,1,1,0
2025-07-15 10:43:38,SO,0,0,0,0,0,0,0,0,1,0,0,0
2025-07-15 10:43:38,LUV,0,0,1,0,0,0,0,0,1,1,0,0
2025-07-15 10:43:39,SWK,0,0,0,0,0,0,0,1,1,1,1,0
2025-07-15 10:43:39,SBUX,0,0,0,0,0,0,0,1,1,0,0,0
2025-07-15 10:43:40,STT,0,0,0,0,0,1,0,1,1,1,0,0
2025-07-15 10:43:41,STLD,0,0,0,0,0,0,0,1,1,1,0,0
2025-07-15 10:43:41,STE,0,0,0,0,0,1,0,1,1,0,1,0
2025-07-15 10:43:42,SYK,0,0,0,0,0,0,0,1,1,0,0,0
2025-07-15 10:43:42,SMCI,0,0,0,0,0,1,0,1,1,1,1,0
2025-07-15 10:43:43,SYF,0,0,0,0,0,0,0,0,1,1,0,0
2025-07-15 10:43:44,SNPS,0,1,1,0,0,1,0,1,1,1,0,0
2025-07-15 10:43:44,SYY,0,0,0,0,0,0,0,0,1,0,0,0
2025-07-15 10:43:45,TMUS,0,0,0,0,0,1,0,1,1,0,0,0
2025-07-15 10:43:46,TROW,0,0,0,0,0,0,0,0,1,0,0,0
2025-07-15 10:43:46,TTWO,0,0,1,0,0,1,0,1,1,0,0,0
2025-07-15 10:43:47,TPR,0,0,1,0,0,1,0,1,1,1,0,0
2025-07-15 10:43:48,TRGP,0,0,1,0,0,1,0,1,1,1,0,0
2025-07-15 10:43:48,TGT,0,0,0,0,0,0,0,1,1,1,0,0
2025-07-15 10:43:49,TEL,0,0,0,0,0,0,0,1,1,0,0,0
2025-07-15 10:43:49,TDY,0,0,0,0,0,1,0,1,1,0,0,0
2025-07-15 10:43:50,TER,0,0,0,0,0,0,0,1,1,1,1,0
2025-07-15 10:43:51,TSLA,0,0,0,0,0,0,0,1,1,1,0,0
2025-07-15 10:43:51,TXN,0,0,0,0,0,0,0,1,1,0,0,0
2025-07-15 10:43:52,TPL,0,0,0,0,0,0,0,1,1,1,0,0
2025-07-15 10:43:53,TXT,0,0,0,0,0,0,0,0,1,0,0,0
2025-07-15 10:43:53,TMO,0,0,0,0,0,0,0,1,1,1,0,0
2025-07-15 10:43:54,TJX,0,0,0,0,0,0,0,0,1,0,0,0
2025-07-15 10:43:55,TKO,0,0,0,0,0,0,0,1,1,1,0,0
2025-07-15 10:43:56,TSCO,0,0,0,0,0,0,0,0,1,1,0,0
2025-07-15 10:43:57,TT,0,0,1,0,0,0,0,1,1,0,0,0
2025-07-15 10:43:58,TDG,0,0,1,0,0,0,0,1,1,0,0,0
2025-07-15 10:43:59,TRV,0,0,0,0,0,0,0,1,1,1,0,0
2025-07-15 10:44:00,TRMB,0,0,0,0,0,0,0,0,1,0,0,0
2025-07-15 10:44:01,TFC,0,0,1,0,0,0,0,0,1,0,0,0
2025-07-15 10:44:01,TYL,0,0,0,0,0,0,0,1,1,1,0,0
2025-07-15 10:44:02,TSN,0,0,0,0,0,0,0,0,1,1,0,0
2025-07-15 10:44:03,USB,0,0,0,0,0,0,0,0,1,0,0,0
2025-07-15 10:44:04,UBER,0,0,1,0,0,0,0,1,1,1,1,0
2025-07-15 10:44:05,UDR,0,0,0,0,0,0,0,0,1,0,0,0
2025-07-15 10:44:05,ULTA,0,0,0,0,0,0,0,1,1,0,0,0
2025-07-15 10:44:06,UNP,0,0,0,0,0,0,0,1,1,0,0,0
2025-07-15 10:44:07,UAL,0,0,0,0,0,0,0,1,1,1,0,0
2025-07-15 10:44:09,UPS,0,0,0,0,0,1,0,1,1,0,0,0
2025-07-15 10:44:10,URI,0,0,0,0,0,0,0,1,1,0,0,0
2025-07-15 10:44:11,UNH,0,0,0,0,0,0,0,1,1,1,0,0
2025-07-15 10:44:11,UHS,0,0,0,0,0,0,0,1,1,1,0,0
2025-07-15 10:44:12,VLO,0,0,1,0,0,1,0,1,1,1,0,0
2025-07-15 10:44:13,VTR,0,0,0,0,0,0,0,0,1,0,0,0
2025-07-15 10:44:13,VLTO,0,0,0,0,0,0,0,0,1,0,0,0
2025-07-15 10:44:14,VRSN,0,0,0,0,0,0,0,1,1,0,0,0
2025-07-15 10:44:15,VRSK,0,0,0,0,0,0,0,1,1,0,0,0
2025-07-15 10:44:15,VZ,0,0,0,0,0,0,0,0,1,0,0,0
2025-07-15 10:44:16,VRTX,0,0,0,0,0,0,0,1,1,1,0,0
2025-07-15 10:44:17,VTRS,0,0,0,0,0,0,0,0,1,1,0,0
2025-07-15 10:44:17,VICI,0,0,0,0,0,0,0,0,1,0,0,0
2025-07-15 10:44:18,V,0,0,0,0,0,0,0,1,1,0,0,0
2025-07-15 10:44:19,VST,0,0,0,0,0,1,0,1,1,1,0,0
2025-07-15 10:44:20,VMC,0,0,0,0,0,0,0,1,1,0,0,0
2025-07-15 10:44:20,WRB,0,0,0,0,0,0,0,0,1,1,0,0
2025-07-15 10:44:21,GWW,0,0,0,0,0,0,0,1,1,0,0,0
2025-07-15 10:44:22,WAB,0,0,0,0,0,0,0,1,1,0,0,0
2025-07-15 10:44:22,WBA,0,0,0,0,0,0,0,0,0,0,0,0
2025-07-15 10:44:23,WMT,0,0,0,0,0,0,0,0,1,0,0,0
2025-07-15 10:44:24,DIS,0,0,0,0,0,0,0,0,1,0,0,0
2025-07-15 10:44:24,WBD,0,0,0,0,0,0,0,0,1,1,0,0
2025-07-15 10:44:25,WM,0,0,0,0,0,0,0,1,1,0,0,0
2025-07-15 10:44:26,WAT,0,0,0,0,0,0,0,1,1,1,1,0
2025-07-15 10:44:27,WEC,0,0,0,0,0,1,0,0,1,0,0,0
2025-07-15 10:44:27,WFC,0,0,0,0,0,0,0,0,1,1,0,0
2025-07-15 10:44:28,WELL,0,0,0,0,0,0,0,1,1,1,0,0
2025-07-15 10:44:29,WST,0,0,0,0,0,0,0,1,1,0,0,0
2025-07-15 10:44:30,WDC,0,0,1,0,0,1,0,0,1,0,1,0
2025-07-15 10:44:30,WY,0,0,0,0,0,0,0,0,1,0,0,0
2025-07-15 10:44:31,WSM,0,0,0,0,0,0,0,1,1,1,0,0
2025-07-15 10:44:32,WMB,0,0,1,0,0,1,0,0,1,1,0,0
2025-07-15 10:44:33,WTW,0,0,0,0,0,0,0,1,1,1,0,0
2025-07-15 10:44:36,WDAY,0,0,0,0,0,0,0,1,1,0,0,0
2025-07-15 10:44:36,WYNN,0,0,0,0,0,0,0,1,1,0,0,0
2025-07-15 10:44:37,XEL,0,0,0,0,0,0,0,0,1,0,0,0
2025-07-15 10:44:38,XYL,0,0,0,0,0,0,0,0,1,0,0,0
2025-07-15 10:44:39,YUM,0,0,0,0,0,1,0,1,1,0,0,0
2025-07-15 10:44:39,ZBRA,0,0,0,0,0,0,0,1,1,0,0,0
2025-07-15 10:44:40,ZBH,0,0,0,0,0,0,0,1,1,1,1,0
2025-07-15 10:44:41,ZTS,0,0,0,0,0,0,0,0,0,1,0,0
2025-07-15 11:01:39,MMM,0,0,0,0,0,0,0,1,1,0,0,0
2025-07-15 11:01:41,AOS,0,0,0,0,0,0,0,0,1,0,0,0
2025-07-15 11:01:41,ABT,0,0,0,0,0,0,0,1,1,1,0,0
2025-07-15 11:01:42,ABBV,0,0,0,0,0,0,0,1,1,1,0,0
2025-07-15 11:01:43,ACN,0,0,0,0,0,0,0,1,1,1,0,0
2025-07-15 11:01:44,ADBE,0,0,0,0,0,0,0,1,1,0,0,0
2025-07-15 11:01:45,AMD,0,0,0,0,0,0,0,1,1,1,1,0
2025-07-15 11:01:47,AES,0,0,0,0,0,0,0,0,1,1,1,0
2025-07-15 11:01:48,AFL,0,0,0,0,0,0,0,0,1,0,0,0
2025-07-15 11:01:48,A,0,0,0,0,0,0,0,1,1,1,0,0
2025-07-15 11:01:49,APD,0,0,0,0,0,0,0,1,1,0,0,0
2025-07-15 11:01:50,ABNB,0,0,0,0,0,0,0,1,1,1,0,0
2025-07-15 11:01:51,AKAM,0,0,0,0,0,0,0,0,1,0,0,0
2025-07-15 11:01:51,ALB,0,0,0,0,0,0,0,1,1,1,1,0
2025-07-15 11:01:53,ARE,0,0,0,0,0,0,0,1,1,1,0,0
2025-07-15 11:01:54,ALGN,0,0,0,0,0,0,0,1,1,1,1,0
2025-07-15 11:01:55,ALLE,0,0,0,0,0,0,0,1,1,1,0,0
2025-07-15 11:01:56,LNT,0,0,0,0,0,0,0,0,1,0,0,0
2025-07-15 11:01:57,ALL,0,0,0,0,0,0,0,1,1,1,0,0
2025-07-15 11:01:57,GOOGL,0,0,1,0,0,1,0,1,1,0,0,0
2025-07-15 11:01:58,GOOG,0,0,1,0,0,1,0,1,1,0,0,0
2025-07-15 11:01:59,MO,0,0,0,0,0,1,0,0,1,0,0,0
2025-07-15 11:01:59,AMZN,0,0,0,0,0,0,0,1,1,0,0,0
2025-07-15 11:02:01,AMCR,0,0,0,0,0,0,0,0,1,0,0,0
2025-07-15 11:02:02,AEE,0,0,0,0,0,0,0,0,1,0,0,0
2025-07-15 11:02:03,AEP,0,0,0,0,0,0,0,0,1,0,0,0
2025-07-15 11:02:04,AXP,0,0,0,0,0,0,0,1,1,1,0,0
2025-07-15 11:02:05,AIG,0,0,0,0,0,0,0,0,1,0,0,0
2025-07-15 11:02:05,AMT,0,0,0,0,0,0,0,1,1,0,0,0
2025-07-15 11:02:06,AWK,0,0,0,0,0,0,0,1,1,0,0,0
2025-07-15 11:02:07,AMP,0,0,0,0,0,0,0,1,1,1,0,0
2025-07-15 11:02:08,AME,0,0,0,0,0,0,0,1,1,0,0,0
2025-07-15 11:02:08,AMGN,0,0,0,0,0,0,0,1,1,1,0,0
2025-07-15 11:02:09,APH,0,0,0,0,0,0,0,0,1,0,0,0
2025-07-15 11:02:11,ADI,0,0,0,0,0,0,0,1,1,0,0,0
2025-07-15 11:02:12,ANSS,0,0,0,0,0,1,0,1,1,1,0,0
2025-07-15 11:02:13,AON,0,0,0,0,0,0,0,1,1,1,0,0
2025-07-15 11:02:14,APA,0,0,0,0,0,0,0,0,1,1,0,0
2025-07-15 11:02:14,APO,0,0,0,0,0,0,0,1,1,1,0,0
2025-07-15 11:02:15,AAPL,0,0,0,0,0,0,0,1,1,0,0,0
2025-07-15 11:02:17,AMAT,0,0,0,0,0,0,0,1,1,0,1,0
2025-07-15 11:02:19,APTV,0,0,0,0,0,0,0,0,1,0,0,0
2025-07-15 11:02:19,ACGL,0,0,0,0,0,0,0,0,1,1,0,0
2025-07-15 11:02:20,ADM,0,0,1,0,0,0,0,0,1,0,0,0
2025-07-15 11:02:21,ANET,0,0,0,0,0,0,0,1,1,1,0,0
2025-07-15 11:02:22,AJG,0,0,0,0,0,0,0,1,1,1,0,0
2025-07-15 11:02:23,AIZ,0,0,0,0,0,0,0,1,1,1,0,0
2025-07-15 11:02:23,T,0,0,1,0,0,0,0,0,1,0,0,0
2025-07-15 11:02:24,ATO,0,0,0,0,0,0,0,1,1,0,0,0
2025-07-15 11:02:25,ADSK,0,0,0,0,0,0,0,1,1,1,0,0
2025-07-15 11:02:26,ADP,0,0,0,0,0,0,0,1,1,0,0,0
2025-07-15 11:02:27,AZO,0,0,0,0,0,0,0,1,1,1,0,0
2025-07-15 11:02:29,AVB,0,0,0,0,0,0,0,1,1,0,0,0
2025-07-15 11:02:29,AVY,0,0,0,0,0,0,0,1,1,0,0,0
2025-07-15 11:02:31,AXON,0,0,0,0,0,1,0,1,1,1,0,0
2025-07-15 11:02:31,BKR,0,0,1,0,0,0,0,0,1,0,0,0
2025-07-15 11:02:32,BALL,0,0,0,0,0,0,0,0,1,0,0,0
2025-07-15 11:02:33,BAC,0,0,0,0,0,0,0,0,1,0,0,0
2025-07-15 11:02:34,BAX,0,0,0,0,0,0,0,0,1,1,0,0
2025-07-15 11:02:35,BDX,0,0,0,0,0,1,0,1,1,1,0,0
2025-07-15 11:02:35,BRK-B,0,0,0,0,0,0,0,1,0,0,0,0
2025-07-15 11:02:37,BBY,0,0,0,0,0,0,0,1,1,1,0,0
2025-07-15 11:02:38,TECH,0,0,0,0,0,0,0,1,1,1,0,0
2025-07-15 11:02:40,BIIB,0,0,0,0,0,0,0,1,1,1,0,0
2025-07-15 11:02:40,BLK,0,0,0,0,0,0,0,1,1,1,0,0
2025-07-15 11:02:41,BX,0,0,0,0,0,0,0,1,1,1,0,0
2025-07-15 11:02:42,BK,0,0,1,0,0,1,0,0,1,1,0,0
2025-07-15 11:02:43,BA,0,0,1,0,0,1,0,1,1,0,0,0
2025-07-15 11:02:45,BKNG,0,0,1,0,0,1,0,1,1,1,0,0
2025-07-15 11:02:46,BSX,0,0,1,0,0,1,0,0,1,1,0,0
2025-07-15 11:02:46,BMY,0,0,0,0,0,0,0,0,1,1,0,0
2025-07-15 11:02:47,AVGO,0,0,0,0,0,1,0,1,1,1,1,0
2025-07-15 11:02:48,BR,0,0,0,0,0,0,0,1,1,0,0,0
2025-07-15 11:02:49,BRO,0,0,0,0,0,0,0,0,1,1,0,0
2025-07-15 11:02:50,BF-B,0,0,0,0,0,0,0,0,0,1,0,0
2025-07-15 11:02:51,BLDR,0,0,0,0,0,0,0,1,1,1,0,0
2025-07-15 11:02:51,BG,0,0,0,0,0,0,0,1,1,0,0,0
2025-07-15 11:02:52,BXP,0,0,0,0,0,0,0,0,1,0,0,0
2025-07-15 11:02:52,CHRW,0,0,0,0,0,0,0,1,1,0,0,0
2025-07-15 11:02:53,CDNS,0,0,0,0,0,0,0,1,1,1,0,0
2025-07-15 11:02:54,CZR,0,0,0,0,0,0,0,0,1,1,0,0
2025-07-15 11:02:54,CPT,0,0,0,0,0,0,0,1,1,0,0,0
2025-07-15 11:02:55,CPB,0,0,0,0,0,0,0,0,1,0,0,0
2025-07-15 11:02:56,COF,0,0,1,0,0,0,0,1,1,1,0,0
2025-07-15 11:02:56,CAH,0,0,1,0,0,0,0,1,1,0,0,0
2025-07-15 11:02:59,KMX,0,0,0,0,0,0,0,0,1,1,1,0
2025-07-15 11:02:59,CCL,0,0,1,0,0,1,0,0,1,1,0,0
2025-07-15 11:03:00,CARR,0,0,0,0,0,0,0,0,1,0,0,0
2025-07-15 11:03:01,CAT,0,0,0,0,0,0,0,1,1,0,0,0
2025-07-15 11:03:02,CBOE,0,0,1,0,0,1,0,1,1,1,0,0
2025-07-15 11:03:03,CBRE,0,0,0,0,0,0,0,1,1,1,0,0
2025-07-15 11:03:06,CDW,0,0,0,0,0,0,0,1,1,1,0,0
2025-07-15 11:03:07,COR,0,0,0,0,0,0,0,1,1,1,0,0
2025-07-15 11:03:08,CNC,0,0,0,0,0,0,0,1,1,1,0,0
2025-07-15 11:03:08,CNP,0,0,1,0,0,0,0,0,1,0,0,0
2025-07-15 11:03:09,CF,0,0,1,0,0,1,0,1,1,1,0,0
2025-07-15 11:03:10,CRL,0,0,0,0,0,0,0,1,1,1,0,0
2025-07-15 11:03:12,SCHW,0,0,0,0,0,0,0,0,1,0,0,0
2025-07-15 11:03:13,CHTR,0,0,0,0,0,0,0,1,1,1,0,0
2025-07-15 11:03:15,CVX,0,0,0,0,0,0,0,1,1,0,0,0
2025-07-15 11:03:15,CMG,0,0,0,0,0,0,0,0,1,1,0,0
2025-07-15 11:03:16,CB,0,0,0,0,0,0,0,1,1,0,0,0
2025-07-15 11:03:17,CHD,0,0,0,0,0,0,0,0,1,0,0,0
2025-07-15 11:03:17,CI,0,0,0,0,0,0,0,1,1,1,0,0
2025-07-15 11:03:18,CINF,0,0,0,0,0,0,0,1,1,0,0,0
2025-07-15 11:03:19,CTAS,0,0,0,0,0,0,0,1,1,0,0,0
2025-07-15 11:03:19,CSCO,0,0,0,0,0,0,0,0,1,0,0,0
2025-07-15 11:03:20,C,0,0,1,0,0,1,0,0,1,1,1,0
2025-07-15 11:03:21,CFG,0,0,0,0,0,0,0,0,1,0,0,0
2025-07-15 11:03:22,CLX,0,0,0,0,0,0,0,1,1,1,0,0
2025-07-15 11:03:22,CME,0,0,1,0,0,1,0,1,1,0,0,0
2025-07-15 11:03:23,CMS,0,0,1,0,0,0,0,0,1,0,0,0
2025-07-15 11:03:24,KO,0,0,0,0,0,0,0,0,1,0,0,0
2025-07-15 11:03:25,CTSH,0,0,0,0,0,0,0,0,1,0,0,0
2025-07-15 11:03:26,COIN,0,0,0,0,0,0,0,1,1,1,0,0
2025-07-15 11:03:27,CL,0,0,0,0,0,0,0,0,1,0,0,0
2025-07-15 11:03:28,CMCSA,0,0,0,0,0,0,0,0,1,1,0,0
2025-07-15 11:03:28,CAG,0,0,0,0,0,0,0,0,1,1,0,0
2025-07-15 11:03:29,COP,0,0,1,0,0,0,0,0,1,0,0,0
2025-07-15 11:03:31,ED,0,0,1,0,0,1,0,0,1,0,0,0
2025-07-15 11:03:32,STZ,0,0,0,0,0,0,0,1,1,1,0,0
2025-07-15 11:03:33,CEG,0,0,1,0,0,1,0,1,1,1,0,0
2025-07-15 11:03:34,COO,0,0,0,0,0,0,0,0,1,1,0,0
2025-07-15 11:03:34,CPRT,0,0,0,0,0,1,0,0,1,1,0,0
2025-07-15 11:03:35,GLW,0,0,0,0,0,0,0,0,1,1,0,0
2025-07-15 11:03:36,CPAY,0,0,0,0,0,0,0,1,1,0,0,0
2025-07-15 11:03:37,CTVA,0,0,0,0,0,0,0,0,1,0,0,0
2025-07-15 11:03:37,CSGP,0,0,0,0,0,0,0,0,1,1,0,0
2025-07-15 11:03:38,COST,0,0,0,0,0,0,0,1,1,0,0,0
2025-07-15 11:03:39,CTRA,0,0,1,0,0,0,0,0,1,1,0,0
2025-07-15 11:03:39,CRWD,0,0,0,0,0,0,0,1,1,1,0,0
2025-07-15 11:03:40,CCI,0,0,0,0,0,0,0,1,1,0,0,0
2025-07-15 11:03:41,CSX,0,0,0,0,0,0,0,0,1,0,0,0
2025-07-15 11:03:42,CMI,0,0,0,0,0,1,0,1,1,0,0,0
2025-07-15 11:03:43,CVS,0,0,0,0,0,0,0,0,1,1,0,0
2025-07-15 11:03:44,DHR,0,0,0,0,0,0,0,1,1,1,0,0
2025-07-15 11:03:44,DRI,0,0,1,0,0,0,0,1,1,0,0,0
2025-07-15 11:03:45,DDOG,0,0,0,0,0,0,0,1,1,0,0,0
2025-07-15 11:03:46,DVA,0,0,0,0,0,0,0,1,1,1,0,0
2025-07-15 11:03:46,DAY,0,0,0,0,0,0,0,0,1,0,0,0
2025-07-15 11:03:47,DECK,0,0,0,0,0,0,0,1,1,1,0,0
2025-07-15 11:03:49,DE,0,0,1,0,0,1,0,1,1,0,0,0
2025-07-15 11:03:49,DELL,0,0,0,0,0,0,0,1,1,1,1,0
2025-07-15 11:03:50,DAL,0,0,0,0,0,0,0,1,1,1,0,0
2025-07-15 11:03:52,DVN,0,0,0,0,0,0,0,0,1,1,0,0
2025-07-15 11:03:53,DXCM,0,0,0,0,0,0,0,1,1,1,0,0
2025-07-15 11:03:54,FANG,0,0,0,0,0,0,0,1,1,1,0,0
2025-07-15 11:03:54,DLR,0,0,1,0,0,1,0,1,1,0,0,0
2025-07-15 11:03:55,DG,0,0,1,0,0,0,0,1,1,0,0,0
2025-07-15 11:03:56,DLTR,0,0,0,0,0,0,0,1,1,1,0,0
2025-07-15 11:03:57,D,0,0,0,0,0,0,0,0,1,0,0,0
2025-07-15 11:03:57,DPZ,0,0,0,0,0,0,0,1,1,1,0,0
2025-07-15 11:03:58,DASH,0,0,1,0,0,1,0,1,1,1,0,0
2025-07-15 11:03:59,DOV,0,0,0,0,0,0,0,1,1,0,1,0
2025-07-15 11:04:00,DOW,0,0,0,0,0,0,0,0,1,1,1,0
2025-07-15 11:04:00,DHI,0,0,0,0,0,0,0,1,1,1,0,0
2025-07-15 11:04:01,DTE,0,0,1,0,0,1,0,1,1,0,0,0
2025-07-15 11:04:02,DUK,0,0,0,0,0,0,0,0,1,0,0,0
2025-07-15 11:04:03,DD,0,0,1,0,0,0,0,0,1,1,1,0
2025-07-15 11:04:04,EMN,0,0,0,0,0,0,0,1,1,1,0,0
2025-07-15 11:04:04,ETN,0,0,0,0,0,0,0,1,1,1,1,0
2025-07-15 11:04:05,EBAY,0,0,0,0,0,0,0,0,1,0,0,0
2025-07-15 11:04:06,ECL,0,0,0,0,0,0,0,1,1,0,0,0
2025-07-15 11:04:07,EIX,0,0,0,0,0,0,0,0,1,1,0,0
2025-07-15 11:04:08,EW,0,0,0,0,0,0,0,0,1,1,0,0
2025-07-15 11:04:09,EA,0,0,0,0,0,0,0,1,1,0,0,0
2025-07-15 11:04:09,ELV,0,0,0,0,0,0,0,1,1,1,0,0
2025-07-15 11:04:10,EMR,0,0,1,0,0,1,0,1,1,0,0,0
2025-07-15 11:04:11,ENPH,0,0,0,0,0,1,0,1,1,1,0,0
2025-07-15 11:04:12,ETR,0,0,0,0,0,0,0,0,1,1,0,0
2025-07-15 11:04:13,EOG,0,0,0,0,0,0,0,1,1,0,0,0
2025-07-15 11:04:14,EPAM,0,0,0,0,0,0,0,1,1,1,0,0
2025-07-15 11:04:15,EQT,0,0,1,0,0,1,0,0,1,1,0,0
2025-07-15 11:04:26,MMM,0,0,0,0,0,0,0,1,1,0,0,0
2025-07-15 11:04:26,AOS,0,0,0,0,0,0,0,0,1,0,0,0
2025-07-15 11:04:27,ABT,0,0,0,0,0,0,0,1,1,1,0,0
2025-07-15 11:04:28,ABBV,0,0,0,0,0,0,0,1,1,1,0,0
2025-07-15 11:04:29,ACN,0,0,0,0,0,0,0,1,1,1,0,0
2025-07-15 11:04:30,ADBE,0,0,0,0,0,0,0,1,1,0,0,0
2025-07-15 11:04:31,AMD,0,0,0,0,0,0,0,1,1,1,1,0
2025-07-15 11:04:31,AES,0,0,0,0,0,0,0,0,1,1,1,0
2025-07-15 11:04:32,AFL,0,0,0,0,0,0,0,0,1,0,0,0
2025-07-15 11:04:33,A,0,0,0,0,0,0,0,1,1,1,0,0
2025-07-15 11:04:34,APD,0,0,0,0,0,0,0,1,1,0,0,0
2025-07-15 11:04:35,ABNB,0,0,0,0,0,0,0,1,1,1,0,0
2025-07-15 11:04:36,AKAM,0,0,0,0,0,0,0,0,1,0,0,0
2025-07-15 11:04:36,ALB,0,0,0,0,0,0,0,1,1,1,1,0
2025-07-15 11:04:37,ARE,0,0,0,0,0,0,0,1,1,1,0,0
2025-07-15 11:04:38,ALGN,0,0,0,0,0,0,0,1,1,1,1,0
2025-07-15 11:04:38,ALLE,0,0,0,0,0,0,0,1,1,1,0,0
2025-07-15 11:04:39,LNT,0,0,0,0,0,0,0,0,1,0,0,0
2025-07-15 11:04:40,ALL,0,0,0,0,0,0,0,1,1,1,0,0
2025-07-15 11:04:40,GOOGL,0,0,1,0,0,1,0,1,1,0,0,0
2025-07-15 11:04:41,GOOG,0,0,1,0,0,1,0,1,1,0,0,0
2025-07-15 11:04:42,MO,0,0,1,0,0,1,0,0,1,0,0,0
2025-07-15 11:04:43,AMZN,0,0,0,0,0,0,0,1,1,0,0,0
2025-07-15 11:04:43,AMCR,0,0,0,0,0,0,0,0,1,0,0,0
2025-07-15 11:04:44,AEE,0,0,0,0,0,0,0,0,1,0,0,0
2025-07-15 11:04:45,AEP,0,0,1,0,0,1,0,0,1,0,0,0
2025-07-15 11:04:46,AXP,0,0,0,0,0,0,0,1,1,1,0,0
2025-07-15 11:04:47,AIG,0,0,0,0,0,0,0,0,1,1,0,0
2025-07-15 11:04:48,AMT,0,0,0,0,0,0,0,1,1,0,0,0
2025-07-15 11:04:48,AWK,0,0,0,0,0,0,0,1,1,0,0,0
2025-07-15 11:04:49,AMP,0,0,0,0,0,0,0,1,1,1,0,0
2025-07-15 11:04:50,AME,0,0,0,0,0,0,0,1,1,0,0,0
2025-07-15 11:04:51,AMGN,0,0,0,0,0,0,0,1,1,1,0,0
2025-07-15 11:04:52,APH,0,0,0,0,0,0,0,0,1,0,0,0
2025-07-15 11:04:53,ADI,0,0,0,0,0,0,0,1,1,0,0,0
2025-07-15 11:04:54,ANSS,0,0,0,0,0,1,0,1,1,1,0,0
2025-07-15 11:04:54,AON,0,0,0,0,0,0,0,1,1,1,0,0
2025-07-15 11:04:55,APA,0,0,0,0,0,0,0,0,1,1,0,0
2025-07-15 11:04:56,APO,0,0,0,0,0,0,0,1,1,1,0,0
2025-07-15 11:04:57,AAPL,0,0,0,0,0,0,0,1,1,0,0,0
2025-07-15 11:04:58,AMAT,0,0,0,0,0,0,0,1,1,0,1,0
2025-07-15 11:04:58,APTV,0,0,0,0,0,0,0,0,1,0,0,0
2025-07-15 11:04:59,ACGL,0,0,0,0,0,0,0,0,1,1,0,0
2025-07-15 11:05:00,ADM,0,0,1,0,0,0,0,0,1,0,0,0
2025-07-15 11:05:00,ANET,0,0,0,0,0,0,0,1,1,1,0,0
2025-07-15 11:05:01,AJG,0,0,0,0,0,0,0,1,1,1,0,0
2025-07-15 11:05:02,AIZ,0,0,0,0,0,0,0,1,1,1,0,0
2025-07-15 11:05:03,T,1,0,1,0,0,1,1,0,1,0,0,0
2025-07-15 11:05:04,ATO,0,0,1,0,0,0,0,1,1,0,0,0
2025-07-15 11:05:04,ADSK,0,0,0,0,0,0,0,1,1,1,0,0
2025-07-15 11:05:05,ADP,0,0,0,0,0,0,0,1,1,0,0,0
2025-07-15 11:05:06,AZO,0,0,0,0,0,0,0,1,1,1,0,0
2025-07-15 11:05:07,AVB,0,0,0,0,0,0,0,1,1,0,0,0
2025-07-15 11:05:07,AVY,0,0,0,0,0,0,0,1,1,0,0,0
2025-07-15 11:05:08,AXON,0,0,0,0,0,1,0,1,1,1,0,0
2025-07-15 11:05:09,BKR,1,0,1,0,0,0,1,0,1,0,0,0
2025-07-15 11:05:10,BALL,0,0,0,0,0,0,0,0,1,0,0,0
2025-07-15 11:05:11,BAC,1,0,1,0,0,1,1,0,1,0,0,0
2025-07-15 11:05:13,BAX,0,0,0,0,0,0,0,0,1,1,0,0
2025-07-15 11:05:14,BDX,1,0,0,0,0,1,1,1,1,1,0,0
2025-07-15 11:05:14,BRK-B,0,0,0,0,0,0,0,1,0,0,0,0
2025-07-15 11:05:16,BBY,0,0,0,0,0,0,0,1,1,1,0,0
2025-07-15 11:05:16,TECH,0,0,0,0,0,0,0,1,1,1,0,0
2025-07-15 11:05:17,BIIB,0,0,0,0,0,0,0,1,1,1,0,0
2025-07-15 11:05:18,BLK,0,0,0,0,0,0,0,1,1,1,0,0
2025-07-15 11:05:20,BX,0,0,0,0,0,0,0,1,1,1,0,0
2025-07-15 11:05:21,BK,1,0,1,0,0,1,1,0,1,1,0,0
2025-07-15 11:05:21,BA,1,0,1,0,0,1,1,1,1,0,0,0
2025-07-15 11:05:22,BKNG,0,0,1,0,0,1,0,1,1,1,0,0
2025-07-15 11:05:23,BSX,1,1,1,0,0,1,1,0,1,1,0,0
2025-07-15 11:05:24,BMY,0,0,0,0,0,0,0,0,1,1,0,0
2025-07-15 11:05:24,AVGO,0,0,0,0,0,1,0,1,1,1,1,0
2025-07-15 11:05:25,BR,0,0,0,0,0,1,0,1,1,0,0,0
2025-07-15 11:05:26,BRO,0,0,0,0,0,0,0,0,1,1,0,0
2025-07-15 11:05:27,BF-B,0,0,0,0,0,0,0,0,0,1,0,0
2025-07-15 11:05:28,BLDR,0,0,0,0,0,0,0,1,1,1,0,0
2025-07-15 11:05:28,BG,0,0,0,0,0,0,0,1,1,0,0,0
2025-07-15 11:05:29,BXP,0,0,0,0,0,0,0,0,1,0,0,0
2025-07-15 11:05:30,CHRW,0,0,0,0,0,0,0,1,1,0,0,0
2025-07-15 11:05:31,CDNS,0,0,0,0,0,0,0,1,1,1,0,0
2025-07-15 11:05:31,CZR,0,0,0,0,0,0,0,0,1,1,0,0
2025-07-15 11:05:32,CPT,0,0,1,0,0,0,0,1,1,0,0,0
2025-07-15 11:05:33,CPB,0,0,0,0,0,0,0,0,1,0,0,0
2025-07-15 11:05:34,COF,0,0,1,0,0,1,0,1,1,1,0,0
2025-07-15 11:05:35,CAH,0,0,1,0,0,0,0,1,1,0,0,0
2025-07-15 11:05:36,KMX,0,0,0,0,0,0,0,0,1,1,1,0
2025-07-15 11:05:36,CCL,1,0,1,0,0,1,1,0,1,1,0,0
2025-07-15 11:05:37,CARR,0,0,0,0,0,0,0,0,1,0,0,0
2025-07-15 11:05:38,CAT,0,0,0,0,0,0,0,1,1,0,0,0
2025-07-15 11:05:39,CBOE,0,0,1,0,0,1,0,1,1,1,0,0
2025-07-15 11:05:39,CBRE,0,0,0,0,0,0,0,1,1,1,0,0
2025-07-15 11:05:40,CDW,0,0,0,0,0,0,0,1,1,1,0,0
2025-07-15 11:05:41,COR,0,0,1,0,0,1,0,1,1,1,0,0
2025-07-15 11:05:42,CNC,0,0,0,0,0,0,0,1,1,1,0,0
2025-07-15 11:05:43,CNP,1,0,1,0,0,1,1,0,1,0,0,0
2025-07-15 11:05:43,CF,0,0,1,0,0,1,0,1,1,1,0,0
2025-07-15 11:05:44,CRL,0,0,0,0,0,0,0,1,1,1,0,0
2025-07-15 11:05:45,SCHW,1,0,0,0,0,0,1,0,1,0,0,0
2025-07-15 11:05:46,CHTR,0,0,1,0,0,0,0,1,1,1,0,0
2025-07-15 11:05:47,CVX,0,0,0,0,0,0,0,1,1,0,0,0
2025-07-15 11:05:47,CMG,0,0,0,0,0,0,0,0,1,1,0,0
2025-07-15 11:05:48,CB,0,0,0,0,0,0,0,1,1,0,0,0
2025-07-15 11:05:49,CHD,0,0,0,0,0,0,0,0,1,0,0,0
2025-07-15 11:05:49,CI,0,0,0,0,0,0,0,1,1,1,0,0
2025-07-15 11:05:50,CINF,0,0,0,0,0,0,0,1,1,0,0,0
2025-07-15 11:05:51,CTAS,0,0,1,0,0,0,0,1,1,0,0,0
2025-07-15 11:05:52,CSCO,1,0,0,0,0,0,1,0,1,0,0,0
2025-07-15 11:05:52,C,1,0,1,0,0,1,1,0,1,1,1,0
2025-07-15 11:05:53,CFG,0,0,0,0,0,1,0,0,1,0,0,0
2025-07-15 11:05:54,CLX,0,0,0,0,0,0,0,1,1,1,0,0
2025-07-15 11:05:55,CME,0,0,1,0,0,1,0,1,1,0,0,0
2025-07-15 11:05:55,CMS,0,0,1,0,0,1,0,0,1,0,0,0
2025-07-15 11:05:56,KO,0,0,0,0,0,0,0,0,1,0,0,0
2025-07-15 11:05:57,CTSH,0,0,0,0,0,0,0,0,1,0,0,0
2025-07-15 11:05:58,COIN,0,0,0,0,0,0,0,1,1,1,0,0
2025-07-15 11:05:59,CL,0,0,0,0,0,0,0,0,1,0,0,0
2025-07-15 11:05:59,CMCSA,0,0,0,0,0,0,0,0,1,1,0,0
2025-07-15 11:06:00,CAG,0,0,0,0,0,0,0,0,1,1,0,0
2025-07-15 11:06:00,COP,0,0,0,0,0,0,0,0,1,0,0,0
2025-07-15 11:06:01,ED,0,0,1,0,0,1,0,0,1,0,0,0
2025-07-15 11:06:02,STZ,0,0,0,0,0,0,0,1,1,1,0,0
2025-07-15 11:06:02,CEG,0,0,1,0,0,1,0,1,1,1,0,0
2025-07-15 11:06:03,COO,0,0,0,0,0,0,0,0,1,1,0,0
2025-07-15 11:06:04,CPRT,0,0,0,0,0,1,0,0,1,1,0,0
2025-07-15 11:06:04,GLW,0,0,0,0,0,0,0,0,1,1,0,0
2025-07-15 11:06:05,CPAY,0,0,0,0,0,0,0,1,1,0,0,0
2025-07-15 11:06:05,CTVA,0,0,0,0,0,0,0,0,1,0,0,0
2025-07-15 11:06:06,CSGP,0,0,0,0,0,0,0,0,1,1,0,0
2025-07-15 11:06:07,COST,0,0,1,0,0,0,0,1,1,0,0,0
2025-07-15 11:06:08,CTRA,0,0,1,0,0,0,0,0,1,1,0,0
2025-07-15 11:06:08,CRWD,0,0,0,0,0,0,0,1,1,1,0,0
2025-07-15 11:06:09,CCI,0,0,0,0,0,0,0,1,1,0,0,0
2025-07-15 11:06:10,CSX,0,0,0,0,0,0,0,0,1,0,0,0
2025-07-15 11:06:10,CMI,0,0,0,0,0,1,0,1,1,0,0,0
2025-07-15 11:06:11,CVS,0,0,0,0,0,0,0,0,1,1,0,0
2025-07-15 11:06:12,DHR,0,0,0,0,0,0,0,1,1,1,0,0
2025-07-15 11:06:12,DRI,0,0,1,0,0,0,0,1,1,0,0,0
2025-07-15 11:06:13,DDOG,0,0,0,0,0,0,0,1,1,0,0,0
2025-07-15 11:06:15,DVA,0,0,0,0,0,0,0,1,1,1,0,0
2025-07-15 11:06:16,DAY,0,0,0,0,0,0,0,0,1,0,0,0
2025-07-15 11:06:16,DECK,0,0,0,0,0,0,0,1,1,1,0,0
2025-07-15 11:06:17,DE,0,0,1,0,0,1,0,1,1,0,0,0
2025-07-15 11:06:17,DELL,0,0,0,0,0,0,0,1,1,1,1,0
2025-07-15 11:06:18,DAL,0,0,0,0,0,0,0,1,1,1,0,0
2025-07-15 11:06:19,DVN,0,0,0,0,0,0,0,0,1,1,0,0
2025-07-15 11:06:19,DXCM,0,0,0,0,0,0,0,1,1,1,0,0
2025-07-15 11:06:20,FANG,0,0,0,0,0,0,0,1,1,1,0,0
2025-07-15 11:06:21,DLR,1,0,1,0,0,1,1,1,1,0,0,0
2025-07-15 11:06:23,DG,0,0,0,0,0,0,0,1,1,0,0,0
2025-07-15 11:06:24,DLTR,0,0,0,0,0,0,0,1,1,1,0,0
2025-07-15 11:06:25,D,0,0,1,0,0,0,0,0,1,0,0,0
2025-07-15 11:06:26,DPZ,0,0,0,0,0,0,0,1,1,1,0,0
2025-07-15 11:06:27,DASH,1,0,1,0,0,1,1,1,1,1,0,0
2025-07-15 11:06:28,DOV,0,0,0,0,0,0,0,1,1,0,1,0
2025-07-15 11:06:28,DOW,0,0,0,0,0,0,0,0,1,1,1,0
2025-07-15 11:06:29,DHI,0,0,0,0,0,0,0,1,1,1,0,0
2025-07-15 11:06:30,DTE,1,0,1,0,0,1,1,1,1,0,0,0
2025-07-15 11:06:31,DUK,0,0,0,0,0,0,0,0,1,0,0,0
2025-07-15 11:06:31,DD,0,0,1,0,0,0,0,0,1,1,1,0
2025-07-15 11:06:32,EMN,0,0,0,0,0,0,0,1,1,1,0,0
2025-07-15 11:06:33,ETN,1,0,1,0,0,0,1,1,1,1,1,0
2025-07-15 11:06:34,EBAY,0,0,0,0,0,0,0,0,1,0,0,0
2025-07-15 11:06:35,ECL,1,0,0,0,0,0,1,1,1,0,0,0
2025-07-15 11:06:35,EIX,0,0,0,0,0,0,0,0,1,1,0,0
2025-07-15 11:06:36,EW,0,0,0,0,0,0,0,0,1,1,0,0
2025-07-15 11:06:37,EA,0,0,0,0,0,1,0,1,1,0,0,0
2025-07-15 11:06:37,ELV,0,0,0,0,0,0,0,1,1,1,0,0
2025-07-15 11:06:38,EMR,1,0,1,0,0,1,1,1,1,0,0,0
2025-07-15 11:06:39,ENPH,0,0,0,0,0,0,0,1,1,1,0,0
2025-07-15 11:06:40,ETR,0,0,0,0,0,0,0,0,1,1,0,0
2025-07-15 11:06:40,EOG,0,0,0,0,0,0,0,1,1,0,0,0
2025-07-15 11:06:41,EPAM,0,0,0,0,0,0,0,1,1,1,0,0
2025-07-15 11:06:42,EQT,1,0,1,0,0,1,1,0,1,1,0,0
2025-07-15 11:06:42,EFX,0,0,0,0,0,0,0,1,1,1,0,0
2025-07-15 11:06:43,EQIX,0,0,0,0,0,0,0,1,1,0,0,0
2025-07-15 11:06:44,EQR,0,0,0,0,0,0,0,0,1,0,0,0
2025-07-15 11:06:44,ERIE,0,0,0,0,0,1,0,1,1,0,0,0
2025-07-15 11:06:46,ESS,0,0,0,0,0,0,0,1,1,1,0,0
2025-07-15 11:06:46,EL,0,0,0,0,0,0,0,1,1,1,0,0
2025-07-15 11:06:47,EG,0,0,0,0,0,0,0,1,1,1,0,0
2025-07-15 11:06:48,EVRG,0,0,0,0,0,0,0,0,1,1,0,0
2025-07-15 11:06:49,ES,0,0,0,0,0,0,0,0,1,0,0,0
2025-07-15 11:06:50,EXC,1,0,1,0,0,1,1,0,1,0,0,0
2025-07-15 11:06:50,EXE,1,0,1,0,0,1,1,1,1,1,0,0
2025-07-15 11:06:51,EXPE,1,0,1,0,0,0,1,1,1,1,0,0
2025-07-15 11:06:52,EXPD,0,0,0,0,0,0,0,1,1,1,0,0
2025-07-15 11:06:53,EXR,0,0,0,0,0,0,0,1,1,0,0,0
2025-07-15 11:06:54,XOM,0,0,0,0,0,0,0,0,1,0,0,0
2025-07-15 11:06:54,FFIV,0,0,0,0,0,0,0,1,1,0,0,0
2025-07-15 11:06:55,FDS,0,0,0,0,0,1,0,1,1,1,0,0
2025-07-15 11:06:57,FICO,0,0,0,0,0,0,0,1,1,1,0,0
2025-07-15 11:06:58,FAST,1,1,0,0,0,1,1,0,1,1,0,0
2025-07-15 11:06:59,FRT,0,0,1,0,0,0,0,0,1,0,0,0
2025-07-15 11:06:59,FDX,0,0,0,0,0,0,0,1,1,0,0,0
2025-07-15 11:07:00,FIS,1,0,1,0,0,1,1,0,1,0,0,0
2025-07-15 11:07:01,FITB,1,0,0,0,0,1,1,0,1,0,0,0
2025-07-15 11:07:01,FSLR,1,0,0,0,0,1,1,1,1,1,1,0
2025-07-15 11:07:02,FE,1,0,0,0,0,1,1,0,1,0,0,0
2025-07-15 11:07:03,FI,0,0,0,0,0,0,0,1,1,0,0,0
2025-07-15 11:07:05,F,0,0,0,0,0,0,0,0,1,1,0,0
2025-07-15 11:07:05,FTNT,0,0,0,0,0,0,0,1,1,1,0,0
2025-07-15 11:07:06,FTV,0,0,0,0,0,0,0,0,1,1,0,0
2025-07-15 11:07:07,FOXA,1,0,1,1,0,1,1,0,1,1,0,0
2025-07-15 11:07:08,FOX,1,0,1,0,0,1,1,0,1,0,0,0
2025-07-15 11:07:09,BEN,0,0,0,0,0,0,0,0,1,1,0,0
2025-07-15 11:07:09,FCX,0,0,1,0,0,0,0,0,1,1,0,0
2025-07-15 11:07:10,GRMN,0,0,0,0,0,0,0,1,1,0,0,0
2025-07-15 11:07:11,IT,0,0,0,0,0,0,0,1,1,1,0,0
2025-07-15 11:07:12,GE,1,0,1,0,0,1,1,1,1,0,0,0
2025-07-15 11:07:13,GEHC,0,0,0,0,0,0,0,0,1,1,0,0
2025-07-15 11:07:13,GEV,1,0,1,0,0,1,1,1,1,1,0,0
2025-07-15 11:07:14,GEN,1,0,0,0,0,1,1,0,1,0,0,0
2025-07-15 11:07:15,GNRC,0,0,1,0,0,0,0,1,1,0,0,0
2025-07-15 11:07:16,GD,0,0,0,0,0,0,0,1,1,0,0,0
2025-07-15 11:07:16,GIS,0,0,0,0,0,0,0,0,1,0,0,0
2025-07-15 11:07:17,GM,0,0,1,0,0,0,0,0,1,0,0,0
2025-07-15 11:07:18,GPC,0,0,0,0,0,0,0,1,1,0,0,0
2025-07-15 11:07:19,GILD,0,0,1,0,0,0,0,1,1,1,0,0
2025-07-15 11:07:19,GPN,0,0,0,0,0,0,0,0,1,1,0,0
2025-07-15 11:07:20,GL,0,0,0,0,0,0,0,1,1,1,0,0
2025-07-15 11:07:21,GDDY,0,0,0,0,0,0,0,1,1,0,0,0
2025-07-15 11:07:22,GS,0,0,0,0,0,0,0,1,1,0,0,0
2025-07-15 11:07:22,HAL,0,0,0,0,0,0,0,0,1,1,0,0
2025-07-15 11:07:23,HIG,0,0,1,0,0,0,0,1,1,1,0,0
2025-07-15 11:07:24,HAS,0,0,0,0,0,0,0,0,1,1,0,0
2025-07-15 11:07:25,HCA,0,0,0,0,0,0,0,1,1,1,0,0
2025-07-15 11:07:26,DOC,0,0,0,0,0,0,0,0,1,1,0,0
2025-07-15 11:07:26,HSIC,0,0,0,0,0,0,0,0,1,1,0,0
2025-07-15 11:07:27,HSY,0,0,0,0,0,0,0,1,1,0,0,0
2025-07-15 11:07:28,HES,0,0,0,0,0,0,0,1,1,0,0,0
2025-07-15 11:07:29,HPE,0,0,0,0,0,0,0,0,1,1,0,0
2025-07-15 11:07:30,HLT,1,1,1,0,0,1,1,1,1,1,0,0
2025-07-15 11:07:30,HOLX,0,0,0,0,0,0,0,0,1,1,0,0
2025-07-15 11:07:31,HD,0,0,0,0,0,0,0,1,1,1,0,0
2025-07-15 11:07:32,HON,1,0,1,0,0,0,1,1,1,0,0,0
2025-07-15 11:07:32,HRL,1,0,1,0,0,0,1,0,1,0,0,0
2025-07-15 11:07:33,HST,1,0,1,0,0,1,1,0,1,0,0,0
2025-07-15 11:07:34,HWM,1,0,1,0,0,1,1,1,1,1,0,0
2025-07-15 11:07:35,HPQ,0,0,0,0,0,0,0,0,1,1,0,0
2025-07-15 11:07:36,HUBB,0,0,0,0,0,0,0,1,1,0,0,0
2025-07-15 11:07:36,HUM,0,0,0,0,0,0,0,1,1,1,0,0
2025-07-15 11:07:37,HBAN,0,0,0,0,0,0,0,0,1,0,0,0
2025-07-15 11:07:38,HII,0,0,0,0,0,0,0,1,1,0,0,0
2025-07-15 11:07:39,IBM,1,0,1,0,0,1,1,1,1,0,0,0
2025-07-15 11:07:40,IEX,1,0,1,0,0,1,1,1,1,0,0,0
2025-07-15 11:07:40,IDXX,0,0,0,0,0,0,0,1,1,0,0,0
2025-07-15 11:07:41,ITW,1,0,0,0,0,1,1,1,1,0,0,0
2025-07-15 11:07:42,INCY,0,0,0,0,0,0,0,1,1,1,0,0
2025-07-15 11:07:42,IR,1,0,1,0,0,1,1,0,1,0,0,0
2025-07-15 11:07:43,PODD,1,0,1,0,0,1,1,1,1,0,0,0
2025-07-15 11:07:44,INTC,0,0,0,0,0,0,0,0,1,1,1,0
2025-07-15 11:07:45,ICE,0,0,1,0,0,0,0,1,1,0,0,0
2025-07-15 11:07:46,IFF,1,0,0,0,0,1,1,0,1,0,0,0
2025-07-15 11:07:46,IP,0,0,1,0,0,0,0,0,1,1,0,0
2025-07-15 11:07:47,IPG,0,0,0,0,0,0,0,0,1,1,0,0
2025-07-15 11:07:48,INTU,0,0,0,0,0,0,0,1,1,0,0,0
2025-07-15 11:07:48,ISRG,1,0,1,0,0,0,1,1,1,1,0,0
2025-07-15 11:07:49,IVZ,0,0,1,0,0,1,0,0,1,1,0,0
2025-07-15 11:07:50,INVH,0,0,0,0,0,0,0,0,1,0,0,0
2025-07-15 11:07:51,IQV,0,0,0,0,0,0,0,1,1,1,0,0
2025-07-15 11:07:51,IRM,0,0,1,0,0,0,0,1,1,1,0,0
2025-07-15 11:07:52,JBHT,0,0,0,0,0,0,0,1,1,1,0,0
2025-07-15 11:07:53,JBL,0,0,0,0,0,0,0,1,1,1,0,0
2025-07-15 11:07:54,JKHY,1,0,1,0,0,1,1,1,1,0,0,0
2025-07-15 11:07:55,J,0,0,1,0,0,1,0,0,1,0,0,0
2025-07-15 11:07:58,JNJ,0,0,0,0,0,0,0,1,1,0,0,0
2025-07-15 11:07:58,JCI,1,0,0,0,0,1,1,0,1,0,0,0
2025-07-15 11:07:59,JPM,0,0,1,0,0,0,0,1,1,1,0,0
2025-07-15 11:08:00,K,1,0,1,0,0,1,1,0,0,0,0,0
2025-07-15 11:08:00,KVUE,0,0,0,0,0,0,0,0,1,1,0,0
2025-07-15 11:08:01,KDP,0,0,0,0,0,0,0,0,1,0,0,0
2025-07-15 11:08:02,KEY,0,0,0,0,0,0,0,0,1,1,0,0
2025-07-15 11:08:03,KEYS,0,0,0,0,0,0,0,1,1,0,0,0
2025-07-15 11:08:03,KMB,0,0,1,0,0,0,0,1,1,0,0,0
2025-07-15 11:08:04,KIM,0,0,0,0,0,0,0,0,1,1,0,0
2025-07-15 11:08:05,KMI,1,0,1,0,0,1,1,0,1,1,0,0
2025-07-15 11:08:06,KKR,0,0,0,0,0,0,0,1,1,1,0,0
2025-07-15 11:08:06,KLAC,1,0,0,0,0,1,1,1,1,0,1,0
2025-07-15 11:08:07,KHC,0,0,0,0,0,0,0,0,1,1,0,0
2025-07-15 11:08:08,KR,0,0,0,0,0,0,0,0,1,0,0,0
2025-07-15 11:08:09,LHX,0,0,0,0,0,0,0,1,1,0,0,0
2025-07-15 11:08:09,LH,0,0,0,0,0,0,0,1,1,1,0,0
2025-07-15 11:08:10,LRCX,0,0,0,0,0,0,0,0,1,0,1,0
2025-07-15 11:08:11,LW,0,0,0,0,0,0,0,0,1,1,0,0
2025-07-15 11:08:11,LVS,0,0,0,0,0,0,0,0,1,0,0,0
2025-07-15 11:08:12,LDOS,0,0,0,0,0,0,0,1,1,1,0,0
2025-07-15 11:08:13,LEN,0,0,0,0,0,0,0,1,1,1,0,0
2025-07-15 11:08:14,LII,0,0,1,0,0,1,0,1,1,0,0,0
2025-07-15 11:08:14,LLY,0,0,0,0,0,0,0,1,1,1,0,0
2025-07-15 11:08:15,LIN,0,0,1,0,0,0,0,1,1,0,0,0
2025-07-15 11:08:16,LYV,0,0,0,0,0,0,0,1,1,0,0,0
2025-07-15 11:08:17,LKQ,0,0,0,0,0,0,0,0,1,0,0,0
2025-07-15 11:08:17,LMT,0,0,0,0,0,0,0,1,1,0,0,0
2025-07-15 11:08:18,L,1,0,1,0,0,0,1,0,1,0,0,0
2025-07-15 11:08:19,LOW,0,0,0,0,0,0,0,1,1,1,0,0
2025-07-15 11:08:20,LULU,0,0,0,0,0,0,0,1,1,1,0,0
2025-07-15 11:08:20,LYB,0,0,0,0,0,0,0,0,1,1,0,0
2025-07-15 11:08:21,MTB,1,0,1,0,0,1,1,1,1,0,0,0
2025-07-15 11:08:23,MPC,0,0,0,0,0,0,0,1,1,1,0,0
2025-07-15 11:08:24,MKTX,0,0,1,0,0,1,0,1,1,0,0,0
2025-07-15 11:08:25,MAR,0,0,1,0,0,0,0,1,1,1,0,0
2025-07-15 11:08:26,MMC,0,0,0,0,0,0,0,1,1,0,0,0
2025-07-15 11:08:28,MLM,0,0,0,0,0,0,0,1,1,1,0,0
2025-07-15 11:08:29,MAS,0,0,0,0,0,0,0,0,1,1,1,0
2025-07-15 11:08:30,MA,0,0,0,0,0,0,0,1,1,0,0,0
2025-07-15 11:08:30,MTCH,1,0,1,0,0,1,1,0,1,1,0,0
2025-07-15 11:08:31,MKC,0,0,0,0,0,0,0,0,1,1,0,0
2025-07-15 11:08:32,MCD,0,0,0,0,0,0,0,1,1,0,0,0
2025-07-15 11:08:33,MCK,0,0,0,0,0,0,0,1,1,0,0,0
2025-07-15 11:08:34,MDT,0,0,1,0,0,0,0,0,1,1,0,0
2025-07-15 11:08:34,MRK,0,0,0,0,0,0,0,0,1,1,0,0
2025-07-15 11:08:35,META,0,0,0,0,0,0,0,1,1,0,0,0
2025-07-15 11:08:36,MET,0,0,1,0,0,0,0,0,1,1,0,0
2025-07-15 11:08:37,MTD,0,0,0,0,0,0,0,1,1,0,0,0
2025-07-15 11:08:37,MGM,0,0,0,0,0,0,0,0,1,1,0,0
2025-07-15 11:08:38,MCHP,0,0,0,0,0,0,0,1,1,1,1,0
2025-07-15 11:08:39,MU,0,0,0,0,0,0,0,1,1,1,1,0
2025-07-15 11:08:40,MSFT,1,0,0,0,0,1,1,1,1,0,0,0
2025-07-15 11:08:40,MAA,0,0,0,0,0,0,0,1,1,0,0,0
2025-07-15 11:08:41,MRNA,0,0,0,0,0,0,0,0,1,1,0,0
2025-07-15 11:08:42,MHK,0,0,0,0,0,0,0,1,1,1,0,0
2025-07-15 11:08:43,MOH,0,0,0,0,0,0,0,1,1,1,0,0
2025-07-15 11:08:43,TAP,0,0,1,0,0,0,0,0,1,0,0,0
2025-07-15 11:08:44,MDLZ,0,0,0,0,0,0,0,0,1,0,0,0
2025-07-15 11:08:45,MPWR,0,0,0,0,0,0,0,1,1,1,1,0
2025-07-15 11:08:45,MNST,0,0,0,0,0,0,0,0,1,0,0,0
2025-07-15 11:08:46,MCO,0,0,0,0,0,0,0,1,1,0,0,0
2025-07-15 11:08:47,MS,0,0,0,0,0,0,0,1,1,0,0,0
2025-07-15 11:08:47,MOS,1,0,1,0,0,1,1,0,1,1,0,0
2025-07-15 11:08:48,MSI,0,0,0,0,0,0,0,1,1,0,0,0
2025-07-15 11:08:49,MSCI,0,0,0,0,0,0,0,1,1,1,0,0
2025-07-15 11:08:49,NDAQ,0,0,0,0,0,0,0,0,1,0,0,0
2025-07-15 11:08:50,NTAP,0,0,0,0,0,0,0,1,1,1,1,0
2025-07-15 11:08:51,NFLX,0,0,0,0,0,1,0,1,1,1,0,0
2025-07-15 11:08:51,NEM,0,0,0,0,0,0,0,0,1,1,0,0
2025-07-15 11:08:52,NWSA,0,0,0,0,0,0,0,0,1,1,1,0
2025-07-15 11:08:53,NWS,0,0,0,0,0,0,0,0,1,1,0,0
2025-07-15 11:08:53,NEE,0,0,0,0,0,0,0,1,1,0,0,0
2025-07-15 11:08:54,NKE,0,0,0,0,0,0,0,1,1,0,0,0
2025-07-15 11:08:55,NI,1,1,1,0,0,1,1,0,1,0,0,0
2025-07-15 11:08:55,NDSN,0,0,0,0,0,0,0,1,1,0,0,0
2025-07-15 11:08:56,NSC,0,0,0,0,0,0,0,1,1,0,0,0
2025-07-15 11:08:56,NTRS,1,0,1,0,0,1,1,1,1,1,0,0
2025-07-15 11:08:57,NOC,0,0,0,0,0,0,0,1,1,0,0,0
2025-07-15 11:08:58,NCLH,1,0,1,0,0,1,1,0,1,1,0,0
2025-07-15 11:08:59,NRG,1,0,1,0,0,1,1,1,1,1,0,0
2025-07-15 11:09:00,NUE,0,0,0,0,0,0,0,1,1,1,0,0
2025-07-15 11:09:00,NVDA,1,0,0,0,0,1,1,1,1,1,1,0
2025-07-15 11:09:01,NVR,0,0,0,0,0,0,0,1,1,1,0,0
2025-07-15 11:09:01,NXPI,1,0,0,0,0,0,1,1,1,1,1,0
2025-07-15 11:09:02,ORLY,0,0,0,0,0,0,0,0,1,0,0,0
2025-07-15 11:09:03,OXY,0,0,0,0,0,0,0,0,1,1,0,0
2025-07-15 11:09:03,ODFL,0,0,0,0,0,0,0,1,1,1,0,0
2025-07-15 11:09:04,OMC,0,0,0,0,0,0,0,0,1,1,1,0
2025-07-15 11:09:05,ON,0,0,0,0,0,0,0,0,1,1,1,0
2025-07-15 11:09:05,OKE,0,0,1,0,0,0,0,0,1,1,0,0
2025-07-15 11:09:06,ORCL,0,0,0,0,0,0,0,1,1,1,1,0
2025-07-15 11:09:06,OTIS,0,0,0,0,0,0,0,0,1,0,1,0
2025-07-15 11:09:07,PCAR,0,0,0,0,0,1,0,0,1,0,0,0
2025-07-15 11:09:08,PKG,0,0,1,0,0,0,0,1,1,0,0,0
2025-07-15 11:09:08,PLTR,1,0,0,0,0,1,1,1,1,1,0,0
2025-07-15 11:09:09,PANW,0,0,0,0,0,1,0,1,1,0,0,0
2025-07-15 11:09:09,PARA,0,0,0,0,0,0,0,0,1,0,0,0
2025-07-15 11:09:10,PH,0,0,1,0,0,1,0,1,1,0,0,0
2025-07-15 11:09:11,PAYX,0,0,0,0,0,0,0,1,1,0,0,0
2025-07-15 11:09:11,PAYC,0,0,1,0,0,1,0,1,1,0,0,0
2025-07-15 11:09:12,PYPL,0,0,0,0,0,0,0,0,1,0,0,0
2025-07-15 11:09:12,PNR,0,0,0,0,0,0,0,0,1,0,0,0
2025-07-15 11:09:13,PEP,0,0,0,0,0,0,0,1,1,0,0,0
2025-07-15 11:09:14,PFE,0,0,0,0,0,0,0,0,1,1,0,0
2025-07-15 11:09:14,PCG,0,0,0,0,0,0,0,0,1,1,0,0
2025-07-15 11:09:15,PM,0,0,0,0,0,0,0,1,1,0,0,0
2025-07-15 11:09:16,PSX,0,0,0,0,0,0,0,1,1,0,0,0
2025-07-15 11:09:16,PNW,0,0,0,0,0,0,0,0,1,0,0,0
2025-07-15 11:09:17,PNC,1,0,0,0,0,1,1,1,1,0,0,0
2025-07-15 11:09:17,POOL,0,0,0,0,0,0,0,1,1,1,0,0
2025-07-15 11:09:18,PPG,0,0,1,0,0,0,0,1,1,1,0,0
2025-07-15 11:09:19,PPL,0,0,1,0,0,0,0,0,1,1,0,0
2025-07-15 11:09:19,PFG,0,0,1,0,0,0,0,0,1,1,0,0
2025-07-15 11:09:20,PG,0,0,0,0,0,0,0,1,1,0,0,0
2025-07-15 11:09:21,PGR,0,0,1,0,0,0,0,1,1,1,0,0
2025-07-15 11:09:21,PLD,0,0,0,0,0,0,0,1,1,0,0,0
2025-07-15 11:09:22,PRU,1,0,0,0,0,0,1,0,1,0,0,0
2025-07-15 11:09:23,PEG,0,0,1,0,0,0,0,0,1,0,0,0
2025-07-15 11:09:23,PTC,0,0,0,0,0,0,0,1,1,0,0,0
2025-07-15 11:09:24,PSA,0,0,0,0,0,0,0,1,1,0,0,0
2025-07-15 11:09:24,PHM,0,0,0,0,0,0,0,1,1,1,0,0
2025-07-15 11:09:25,PWR,1,0,1,0,0,1,1,1,1,1,0,0
2025-07-15 11:09:26,QCOM,0,0,0,0,0,0,0,1,1,1,1,0
2025-07-15 11:09:26,DGX,0,0,0,0,0,0,0,1,1,1,0,0
2025-07-15 11:09:27,RL,0,0,1,0,0,0,0,1,1,1,0,0
2025-07-15 11:09:27,RJF,0,0,1,0,0,0,0,1,1,1,0,0
2025-07-15 11:09:28,RTX,0,0,0,0,0,0,0,1,1,0,0,0
2025-07-15 11:09:28,O,0,0,0,0,0,0,0,0,1,0,0,0
2025-07-15 11:09:29,REG,0,0,0,0,0,0,0,0,1,0,0,0
2025-07-15 11:09:30,REGN,0,0,0,0,0,0,0,1,1,1,0,0
2025-07-15 11:09:30,RF,1,0,0,0,0,1,1,0,1,0,0,0
2025-07-15 11:09:31,RSG,1,0,1,0,0,1,1,1,1,0,0,0
2025-07-15 11:09:32,RMD,0,0,0,0,0,0,0,1,1,1,1,0
2025-07-15 11:09:32,RVTY,0,0,0,0,0,0,0,1,1,1,0,0
2025-07-15 11:09:33,ROK,1,0,0,0,0,1,1,1,1,1,0,0
2025-07-15 11:09:34,ROL,1,0,1,0,0,1,1,0,1,0,0,0
2025-07-15 11:09:34,ROP,0,0,0,0,0,0,0,1,1,0,0,0
2025-07-15 11:09:35,ROST,0,0,0,0,0,0,0,1,1,1,0,0
2025-07-15 11:09:36,RCL,1,1,1,0,0,1,1,1,1,1,0,0
2025-07-15 11:09:36,SPGI,0,0,0,0,0,0,0,1,1,0,0,0
2025-07-15 11:09:37,CRM,0,0,0,0,0,0,0,1,1,0,0,0
2025-07-15 11:09:37,SBAC,0,0,0,0,0,0,0,1,1,0,0,0
2025-07-15 11:09:38,SLB,0,0,0,0,0,0,0,0,1,1,0,0
2025-07-15 11:09:39,STX,1,0,0,0,0,0,1,1,1,1,0,0
2025-07-15 11:09:39,SRE,0,0,1,0,0,0,0,0,1,0,0,0
2025-07-15 11:09:40,NOW,0,0,0,0,0,0,0,1,1,1,0,0
2025-07-15 11:09:41,SHW,0,0,0,0,0,0,0,1,1,0,0,0
2025-07-15 11:09:42,SPG,0,0,0,0,0,0,0,1,1,0,0,0
2025-07-15 11:09:42,SWKS,0,0,0,0,0,0,0,0,1,1,1,0
2025-07-15 11:09:43,SJM,0,0,0,0,0,0,0,1,1,0,0,0
2025-07-15 11:09:43,SW,1,0,1,0,0,1,1,0,1,1,0,0
2025-07-15 11:09:44,SNA,0,0,0,0,0,0,0,1,1,1,0,0
2025-07-15 11:09:45,SOLV,0,0,0,0,0,0,0,0,1,1,1,0
2025-07-15 11:09:46,SO,0,0,0,0,0,0,0,0,1,0,0,0
2025-07-15 11:09:46,LUV,1,0,1,0,0,1,1,0,1,1,0,0
2025-07-15 11:09:47,SWK,0,0,0,0,0,0,0,1,1,1,1,0
2025-07-15 11:09:48,SBUX,0,0,0,0,0,0,0,1,1,0,0,0
2025-07-15 11:09:48,STT,1,0,0,0,0,1,1,1,1,1,0,0
2025-07-15 11:09:49,STLD,0,0,0,0,0,0,0,1,1,1,0,0
2025-07-15 11:09:50,STE,1,0,1,0,0,1,1,1,1,0,1,0
2025-07-15 11:09:51,SYK,1,0,1,0,0,1,1,1,1,0,0,0
2025-07-15 11:09:51,SMCI,0,0,0,0,0,1,0,1,1,1,1,0
2025-07-15 11:09:52,SYF,0,0,0,0,0,0,0,0,1,1,0,0
2025-07-15 11:09:53,SNPS,0,0,0,0,0,1,0,1,1,1,0,0
2025-07-15 11:09:54,SYY,0,0,0,0,0,0,0,0,1,0,0,0
2025-07-15 11:09:54,TMUS,1,0,1,0,0,1,1,1,1,0,0,0
2025-07-15 11:09:55,TROW,0,0,0,0,0,0,0,0,1,1,0,0
2025-07-15 11:09:56,TTWO,1,0,0,0,0,1,1,1,1,0,0,0
2025-07-15 11:09:57,TPR,1,1,1,0,0,1,1,1,1,1,0,0
2025-07-15 11:09:58,TRGP,0,0,1,0,0,1,0,1,1,1,0,0
2025-07-15 11:09:58,TGT,0,0,0,0,0,0,0,1,1,1,0,0
2025-07-15 11:09:59,TEL,0,0,0,0,0,0,0,1,1,0,0,0
2025-07-15 11:10:00,TDY,0,0,1,0,0,1,0,1,1,0,0,0
2025-07-15 11:10:01,TER,0,0,0,0,0,0,0,1,1,1,1,0
2025-07-15 11:10:01,TSLA,0,0,0,0,0,0,0,1,1,1,0,0
2025-07-15 11:10:02,TXN,0,0,0,0,0,0,0,1,1,0,0,0
2025-07-15 11:10:03,TPL,0,0,0,0,0,0,0,1,1,1,0,0
2025-07-15 11:10:04,TXT,0,0,0,0,0,0,0,0,1,0,0,0
2025-07-15 11:10:04,TMO,0,0,0,0,0,0,0,1,1,1,0,0
2025-07-15 11:10:05,TJX,0,0,0,0,0,0,0,0,1,0,0,0
2025-07-15 11:10:06,TKO,0,0,0,0,0,0,0,1,1,1,0,0
2025-07-15 11:10:07,TSCO,0,0,0,0,0,0,0,0,1,1,0,0
2025-07-15 11:10:08,TT,1,0,1,0,0,1,1,1,1,0,0,0
2025-07-15 11:10:08,TDG,0,0,0,0,0,0,0,1,1,0,0,0
2025-07-15 11:10:09,TRV,0,0,1,0,0,0,0,1,1,1,0,0
2025-07-15 11:10:10,TRMB,0,0,0,0,0,1,0,0,1,0,0,0
2025-07-15 11:10:11,TFC,0,0,0,0,0,0,0,0,1,0,0,0
2025-07-15 11:10:11,TYL,0,0,0,0,0,0,0,1,1,1,0,0
2025-07-15 11:10:12,TSN,0,0,1,0,0,0,0,0,1,1,0,0
2025-07-15 11:10:13,USB,1,0,1,0,0,0,1,0,1,1,0,0
2025-07-15 11:10:14,UBER,0,0,0,0,0,0,0,1,1,1,1,0
2025-07-15 11:10:15,UDR,0,0,0,0,0,0,0,0,1,0,0,0
2025-07-15 11:10:15,ULTA,0,0,0,0,0,0,0,1,1,1,0,0
2025-07-15 11:10:16,UNP,1,0,1,0,0,0,1,1,1,0,0,0
2025-07-15 11:10:17,UAL,0,0,1,0,0,0,0,1,1,1,0,0
2025-07-15 11:10:17,UPS,0,0,0,0,0,0,0,1,1,0,0,0
2025-07-15 11:10:18,URI,0,0,0,0,0,0,0,1,1,0,0,0
2025-07-15 11:10:19,UNH,0,0,0,0,0,0,0,1,1,1,0,0
2025-07-15 11:10:20,UHS,0,0,0,0,0,0,0,1,1,1,0,0
2025-07-15 11:10:21,VLO,0,0,0,0,0,0,0,1,1,1,0,0
2025-07-15 11:10:22,VTR,0,0,0,0,0,0,0,0,1,0,0,0
2025-07-15 11:10:23,VLTO,0,0,0,0,0,0,0,0,1,0,0,0
2025-07-15 11:10:23,VRSN,0,0,1,0,0,1,0,1,1,0,0,0
2025-07-15 11:10:24,VRSK,0,0,0,0,0,0,0,1,1,0,0,0
2025-07-15 11:10:25,VZ,1,0,1,0,0,0,1,0,1,0,0,0
2025-07-15 11:10:26,VRTX,0,0,0,0,0,0,0,1,1,1,0,0
2025-07-15 11:10:26,VTRS,0,0,0,0,0,0,0,0,1,1,0,0
2025-07-15 11:10:27,VICI,0,0,0,0,0,0,0,0,1,0,0,0
2025-07-15 11:10:28,V,0,0,0,0,0,0,0,1,1,0,0,0
2025-07-15 11:10:29,VST,1,0,1,1,0,1,1,1,1,1,0,0
2025-07-15 11:10:29,VMC,0,0,0,0,0,0,0,1,1,0,0,0
2025-07-15 11:10:30,WRB,0,0,1,0,0,0,0,0,1,1,0,0
2025-07-15 11:10:31,GWW,0,0,0,0,0,0,0,1,1,1,0,0
2025-07-15 11:10:32,WAB,0,0,1,0,0,0,0,1,1,0,0,0
2025-07-15 11:10:33,WBA,1,0,1,0,0,1,1,0,0,0,0,0
2025-07-15 11:10:34,WMT,0,0,1,0,0,0,0,0,1,0,0,0
2025-07-15 11:10:34,DIS,0,0,0,0,0,0,0,0,1,0,0,0
2025-07-15 11:10:35,WBD,0,0,0,0,0,0,0,0,1,1,0,0
2025-07-15 11:10:36,WM,0,0,1,0,0,0,0,1,1,0,0,0
2025-07-15 11:10:37,WAT,0,0,0,0,0,0,0,1,1,1,1,0
2025-07-15 11:10:37,WEC,0,0,1,0,0,0,0,0,1,0,0,0
2025-07-15 11:10:38,WFC,0,0,1,0,0,0,0,0,1,1,0,0
2025-07-15 11:10:39,WELL,0,0,0,0,0,0,0,1,1,1,0,0
2025-07-15 11:10:40,WST,0,0,0,0,0,0,0,1,1,1,0,0
2025-07-15 11:10:41,WDC,1,0,0,0,0,1,1,0,1,0,1,0
2025-07-15 11:10:41,WY,0,0,0,0,0,0,0,0,1,0,0,0
2025-07-15 11:10:42,WSM,0,0,0,0,0,0,0,1,1,1,0,0
2025-07-15 11:10:43,WMB,1,0,1,0,0,1,1,0,1,1,0,0
2025-07-15 11:10:44,WTW,1,0,1,0,0,1,1,1,1,1,0,0
2025-07-15 11:10:44,WDAY,0,0,0,0,0,0,0,1,1,0,0,0
2025-07-15 11:10:45,WYNN,0,0,0,0,0,0,0,1,1,0,0,0
2025-07-15 11:10:46,XEL,0,0,0,0,0,0,0,0,1,0,0,0
2025-07-15 11:10:47,XYL,0,0,0,0,0,0,0,0,1,0,0,0
2025-07-15 11:10:48,YUM,0,0,0,0,0,0,0,1,1,0,0,0
2025-07-15 11:10:49,ZBRA,0,0,0,0,0,0,0,1,1,1,0,0
2025-07-15 11:10:49,ZBH,0,0,1,0,0,0,0,1,1,1,1,0
2025-07-15 11:10:50,ZTS,0,0,0,0,0,0,0,1,1,1,0,0
2025-07-15 11:25:14,MMM,0,0,1,0,0,0,0,1,1,0,0,0
2025-07-15 11:25:15,AOS,0,0,1,0,0,0,0,0,1,1,0,0
2025-07-15 11:25:16,ABT,1,0,1,0,0,0,1,1,1,1,0,0
2025-07-15 11:25:17,ABBV,0,0,1,0,0,0,0,1,1,1,0,0
2025-07-15 11:25:17,ACN,0,0,1,0,0,0,0,1,1,1,0,0
2025-07-15 11:25:18,ADBE,0,0,1,0,0,0,0,1,1,0,0,0
2025-07-15 11:25:18,AMD,0,0,0,0,0,0,0,1,1,1,1,0
2025-07-15 11:25:19,AES,1,0,0,0,0,1,1,0,1,1,1,0
2025-07-15 11:25:20,AFL,0,0,1,0,0,0,0,0,1,0,0,0
2025-07-15 11:25:21,A,0,0,0,0,0,0,0,1,1,1,0,0
2025-07-15 11:25:21,APD,0,0,0,0,0,0,0,1,1,1,0,0
2025-07-15 11:25:22,ABNB,0,0,1,0,0,0,0,1,1,1,0,0
2025-07-15 11:25:23,AKAM,0,0,0,0,0,0,0,0,1,0,0,0
2025-07-15 11:25:24,ALB,0,0,1,0,0,0,0,1,1,1,1,0
2025-07-15 11:25:25,ARE,0,0,1,0,0,0,0,1,1,1,0,0
2025-07-15 11:25:26,ALGN,0,0,0,0,0,0,0,1,1,1,1,0
2025-07-15 11:25:27,ALLE,0,0,0,0,0,0,0,1,1,1,0,0
2025-07-15 11:25:27,LNT,0,0,0,0,0,0,0,0,1,0,0,0
2025-07-15 11:25:28,ALL,0,0,0,0,0,0,0,1,1,1,0,0
2025-07-15 11:25:29,GOOGL,1,0,1,0,0,1,1,1,1,0,0,0
2025-07-15 11:25:29,GOOG,1,0,1,0,0,1,1,1,1,0,0,0
2025-07-15 11:25:30,MO,0,0,0,0,0,0,0,0,1,0,0,0
2025-07-15 11:25:31,AMZN,0,0,0,0,0,0,0,1,1,0,0,0
2025-07-15 11:25:31,AMCR,0,0,1,0,0,0,0,0,1,1,0,0
2025-07-15 11:25:32,AEE,0,0,0,0,0,0,0,0,1,0,0,0
2025-07-15 11:25:33,AEP,0,0,0,0,0,0,0,0,1,0,0,0
2025-07-15 11:25:34,AXP,0,0,1,0,0,0,0,1,1,1,0,0
2025-07-15 11:25:34,AIG,0,0,0,0,0,0,0,0,1,0,0,0
2025-07-15 11:25:35,AMT,0,0,1,0,0,0,0,1,1,0,0,0
2025-07-15 11:25:36,AWK,0,0,0,0,0,0,0,1,1,0,0,0
2025-07-15 11:25:37,AMP,0,0,1,0,0,0,0,1,1,1,0,0
2025-07-15 11:25:37,AME,1,0,1,0,0,0,1,1,1,0,0,0
2025-07-15 11:25:38,AMGN,0,0,1,0,0,0,0,1,1,1,0,0
2025-07-15 11:25:39,APH,0,0,0,0,0,0,0,0,1,0,0,0
2025-07-15 11:25:39,ADI,0,0,1,0,0,0,0,1,1,0,0,0
2025-07-15 11:25:40,ANSS,0,0,0,0,0,0,0,1,1,1,0,0
2025-07-15 11:25:41,AON,0,0,1,0,0,0,0,1,1,1,0,0
2025-07-15 11:25:41,APA,0,0,1,0,0,0,0,0,1,1,0,0
2025-07-15 11:25:42,APO,1,0,1,0,0,0,1,1,1,1,0,0
2025-07-15 11:25:43,AAPL,1,0,1,1,0,1,1,1,1,0,0,0
2025-07-15 11:25:43,AMAT,1,0,1,0,0,0,1,1,1,0,1,0
2025-07-15 11:25:44,APTV,1,0,1,0,0,1,1,0,1,0,0,0
2025-07-15 11:25:46,ACGL,0,0,1,0,0,0,0,0,1,1,0,0
2025-07-15 11:25:46,ADM,1,0,1,1,0,1,1,0,1,0,0,0
2025-07-15 11:25:47,ANET,1,0,1,0,0,0,1,1,1,1,0,0
2025-07-15 11:25:48,AJG,0,0,1,0,0,0,0,1,1,1,0,0
2025-07-15 11:25:48,AIZ,1,0,1,0,0,0,1,1,1,1,0,0
2025-07-15 11:25:49,T,0,0,1,0,0,0,0,0,1,0,0,0
2025-07-15 11:25:50,ATO,0,0,0,0,0,0,0,1,1,0,0,0
2025-07-15 11:25:51,ADSK,0,0,1,0,0,0,0,1,1,1,0,0
2025-07-15 11:25:52,ADP,1,0,1,0,0,0,1,1,1,0,0,0
2025-07-15 11:25:52,AZO,0,0,0,0,0,0,0,1,1,1,0,0
2025-07-15 11:25:53,AVB,0,0,1,0,0,0,0,1,1,0,0,0
2025-07-15 11:25:54,AVY,0,0,1,0,0,0,0,1,1,0,0,0
2025-07-15 11:25:54,AXON,1,0,1,0,0,1,1,1,1,1,0,0
2025-07-15 11:25:55,BKR,1,0,1,0,0,1,1,0,1,1,0,0
2025-07-15 11:25:56,BALL,0,0,0,0,0,0,0,0,1,0,0,0
2025-07-15 11:25:57,BAC,0,0,0,0,0,0,0,0,1,0,0,0
2025-07-15 11:25:57,BAX,1,0,1,0,0,0,1,0,1,1,0,0
2025-07-15 11:25:58,BDX,1,0,1,1,0,1,1,1,1,1,0,0
2025-07-15 11:25:59,BRK-B,0,0,1,0,0,0,0,1,0,0,0,0
2025-07-15 11:25:59,BBY,0,0,0,0,0,0,0,1,1,1,0,0
2025-07-15 11:26:00,TECH,0,0,0,0,0,0,0,1,1,1,0,0
2025-07-15 11:26:01,BIIB,0,0,0,0,0,0,0,1,1,1,0,0
2025-07-15 11:26:02,BLK,1,0,1,0,0,1,1,1,1,1,0,0
2025-07-15 11:26:02,BX,0,0,0,0,0,0,0,1,1,1,0,0
2025-07-15 11:26:03,BK,1,0,1,0,0,1,1,0,1,1,0,0
2025-07-15 11:26:04,BA,1,0,0,0,0,1,1,1,1,0,0,0
2025-07-15 11:26:05,BKNG,0,0,1,0,0,0,0,1,1,1,0,0
2025-07-15 11:26:05,BSX,1,0,1,0,0,1,1,0,1,1,0,0
2025-07-15 11:26:06,BMY,0,0,0,0,0,0,0,0,1,1,0,0
2025-07-15 11:26:07,AVGO,0,0,0,0,0,1,0,1,1,1,1,0
2025-07-15 11:26:08,BR,1,0,0,0,0,1,1,1,1,0,0,0
2025-07-15 11:26:08,BRO,0,0,1,0,0,0,0,0,1,1,0,0
2025-07-15 11:26:09,BF-B,0,0,0,0,0,0,0,0,0,1,0,0
2025-07-15 11:26:10,BLDR,0,0,0,0,0,0,0,1,1,1,0,0
2025-07-15 11:26:10,BG,1,0,1,1,0,1,1,1,1,0,0,0
2025-07-15 11:26:11,BXP,0,0,1,0,0,0,0,0,1,1,0,0
2025-07-15 11:26:12,CHRW,1,0,1,0,0,1,1,1,1,0,0,0
2025-07-15 11:26:12,CDNS,0,0,0,0,0,0,0,1,1,1,0,0
2025-07-15 11:26:13,CZR,0,0,0,0,0,0,0,0,1,1,0,0
2025-07-15 11:26:14,CPT,0,0,0,0,0,0,0,1,1,0,0,0
2025-07-15 11:26:14,CPB,1,0,1,0,0,1,1,0,1,0,0,0
2025-07-15 11:26:15,COF,0,0,0,0,0,0,0,1,1,1,0,0
2025-07-15 11:26:16,CAH,1,0,1,0,0,0,1,1,1,0,0,0
2025-07-15 11:26:17,KMX,0,0,1,0,0,0,0,0,1,1,1,0
2025-07-15 11:26:17,CCL,1,0,1,0,0,1,1,0,1,1,0,0
2025-07-15 11:26:18,CARR,0,0,0,0,0,0,0,0,1,0,0,0
2025-07-15 11:26:19,CAT,1,0,0,0,0,1,1,1,1,0,0,0
2025-07-15 11:26:19,CBOE,1,0,1,0,0,0,1,1,1,1,0,0
2025-07-15 11:26:20,CBRE,0,0,1,0,0,0,0,1,1,1,0,0
2025-07-15 11:26:21,CDW,0,0,0,0,0,0,0,1,1,1,0,0
2025-07-15 11:26:21,COR,0,0,0,0,0,0,0,1,1,1,0,0
2025-07-15 11:26:22,CNC,0,0,0,0,0,0,0,1,1,1,0,0
2025-07-15 11:26:23,CNP,0,0,0,0,0,0,0,0,1,0,0,0
2025-07-15 11:26:24,CF,0,0,1,0,0,0,0,1,1,1,0,0
2025-07-15 11:26:24,CRL,0,0,0,0,0,0,0,1,1,1,0,0
2025-07-15 11:26:25,SCHW,0,0,1,0,0,0,0,0,1,0,0,0
2025-07-15 11:26:25,CHTR,0,0,0,0,0,0,0,1,1,1,0,0
2025-07-15 11:26:26,CVX,0,0,0,0,0,0,0,1,1,0,0,0
2025-07-15 11:26:27,CMG,0,0,0,0,0,0,0,0,1,1,0,0
2025-07-15 11:26:28,CB,0,0,1,0,0,0,0,1,1,0,0,0
2025-07-15 11:26:28,CHD,0,0,1,0,0,0,0,0,1,0,0,0
2025-07-15 11:26:29,CI,0,0,0,0,0,0,0,1,1,1,0,0
2025-07-15 11:26:30,CINF,0,0,0,0,0,0,0,1,1,1,0,0
2025-07-15 11:26:31,CTAS,1,0,1,0,0,0,1,1,1,0,0,0
2025-07-15 11:26:31,CSCO,1,0,1,0,0,1,1,0,1,0,0,0
2025-07-15 11:26:32,C,0,0,0,0,0,0,0,0,1,1,1,0
2025-07-15 11:26:33,CFG,0,0,0,0,0,0,0,0,1,0,0,0
2025-07-15 11:26:33,CLX,0,0,0,0,0,0,0,1,1,1,0,0
2025-07-15 11:26:34,CME,0,0,0,0,0,0,0,1,1,0,0,0
2025-07-15 11:26:35,CMS,0,0,0,0,0,0,0,0,1,0,0,0
2025-07-15 11:26:36,KO,1,0,0,0,0,1,1,0,1,0,0,0
2025-07-15 11:26:36,CTSH,1,0,1,0,0,0,1,0,1,0,0,0
2025-07-15 11:26:37,COIN,0,0,0,0,0,0,0,1,1,1,0,0
2025-07-15 11:26:37,CL,0,0,0,0,0,0,0,0,1,0,0,0
2025-07-15 11:26:38,CMCSA,0,0,0,0,0,0,0,0,1,1,0,0
2025-07-15 11:26:39,CAG,0,0,0,0,0,0,0,0,1,1,0,0
2025-07-15 11:26:40,COP,0,0,0,0,0,0,0,0,1,1,0,0
2025-07-15 11:26:41,ED,0,0,0,0,0,0,0,0,1,0,0,0
2025-07-15 11:26:41,STZ,0,0,1,0,0,0,0,1,1,1,0,0
2025-07-15 11:26:42,CEG,0,0,0,0,0,1,0,1,1,1,0,0
2025-07-15 11:26:43,COO,0,0,1,0,0,0,0,0,1,1,0,0
2025-07-15 11:26:43,CPRT,0,0,0,0,0,0,0,0,1,1,0,0
2025-07-15 11:26:44,GLW,0,0,1,0,0,0,0,0,1,1,0,0
2025-07-15 11:26:45,CPAY,0,0,1,0,0,0,0,1,1,0,0,0
2025-07-15 11:26:45,CTVA,0,0,0,0,0,0,0,0,1,0,0,0
2025-07-15 11:26:46,CSGP,0,0,0,0,0,0,0,0,1,1,0,0
2025-07-15 11:26:47,COST,0,0,1,0,0,0,0,1,1,0,0,0
2025-07-15 11:26:47,CTRA,0,0,0,0,0,0,0,0,1,1,0,0
2025-07-15 11:26:49,CRWD,0,0,1,0,0,0,0,1,1,1,0,0
2025-07-15 11:26:49,CCI,0,0,0,0,0,0,0,1,1,0,0,0
2025-07-15 11:26:50,CSX,1,0,1,0,0,1,1,0,1,0,0,0
2025-07-15 11:26:51,CMI,1,0,1,0,0,1,1,1,1,0,0,0
2025-07-15 11:26:52,CVS,0,0,0,0,0,0,0,0,1,1,0,0
2025-07-15 11:26:52,DHR,0,0,1,0,0,0,0,1,1,1,0,0
2025-07-15 11:26:53,DRI,1,0,1,0,0,1,1,1,1,0,0,0
2025-07-15 11:26:54,DDOG,1,0,1,1,0,1,1,1,1,1,0,0
2025-07-15 11:26:54,DVA,0,0,0,0,0,0,0,1,1,1,0,0
2025-07-15 11:26:55,DAY,1,0,1,0,0,0,1,0,1,0,0,0
2025-07-15 11:26:56,DECK,0,0,1,0,0,0,0,1,1,1,0,0
2025-07-15 11:26:56,DE,1,0,1,0,0,1,1,1,1,0,0,0
2025-07-15 11:26:57,DELL,0,0,0,0,0,0,0,1,1,1,1,0
2025-07-15 11:26:59,DAL,0,0,0,0,0,0,0,1,1,1,0,0
2025-07-15 11:27:00,DVN,0,0,0,0,0,0,0,0,1,1,0,0
2025-07-15 11:27:00,DXCM,1,0,1,0,0,1,1,1,1,1,0,0
2025-07-15 11:27:01,FANG,0,0,0,0,0,0,0,1,1,1,0,0
2025-07-15 11:27:02,DLR,1,0,1,0,0,0,1,1,1,0,0,0
2025-07-15 11:27:02,DG,1,0,1,0,0,1,1,1,1,0,0,0
2025-07-15 11:27:03,DLTR,0,0,0,0,0,0,0,1,1,1,0,0
2025-07-15 11:27:04,D,0,0,0,0,0,0,0,0,1,0,0,0
2025-07-15 11:27:04,DPZ,0,0,0,0,0,0,0,1,1,1,0,0
2025-07-15 11:27:05,DASH,1,0,1,0,0,1,1,1,1,1,0,0
2025-07-15 11:27:06,DOV,0,0,1,0,0,0,0,1,1,1,1,0
2025-07-15 11:27:06,DOW,1,0,1,0,0,0,1,0,1,1,0,0
2025-07-15 11:27:07,DHI,0,0,1,0,0,0,0,1,1,1,0,0
2025-07-15 11:27:08,DTE,0,0,0,0,0,0,0,1,1,0,0,0
2025-07-15 11:27:09,DUK,0,0,0,0,0,0,0,0,1,1,0,0
2025-07-15 11:27:09,DD,1,0,1,0,0,0,1,0,1,1,1,0
2025-07-15 11:27:10,EMN,0,0,1,0,0,0,0,1,1,1,0,0
2025-07-15 11:27:11,ETN,1,0,1,0,0,0,1,1,1,1,1,0
2025-07-15 11:27:11,EBAY,0,0,0,0,0,0,0,0,1,0,0,0
2025-07-15 11:27:12,ECL,0,0,0,0,0,0,0,1,1,0,0,0
2025-07-15 11:27:13,EIX,0,0,1,0,0,0,0,0,1,1,0,0
2025-07-15 11:27:13,EW,1,0,1,0,0,0,1,0,1,1,0,0
2025-07-15 11:27:14,EA,0,0,0,0,0,1,0,1,1,0,0,0
2025-07-15 11:27:15,ELV,0,0,1,0,0,0,0,1,1,1,0,0
2025-07-15 11:27:15,EMR,1,0,1,0,0,1,1,1,1,0,0,0
2025-07-15 11:27:16,ENPH,1,0,0,0,0,1,1,1,1,1,0,0
2025-07-15 11:27:17,ETR,0,0,0,0,0,0,0,0,1,1,0,0
2025-07-15 11:27:18,EOG,0,0,0,0,0,0,0,1,1,1,0,0
2025-07-15 11:27:18,EPAM,0,0,0,0,0,0,0,1,1,1,0,0
2025-07-15 11:27:19,EQT,0,0,1,0,0,0,0,0,1,1,0,0
2025-07-15 11:27:20,EFX,0,0,0,0,0,0,0,1,1,1,0,0
2025-07-15 11:27:21,EQIX,0,0,0,0,0,0,0,1,1,0,0,0
2025-07-15 11:27:21,EQR,0,0,0,0,0,0,0,0,1,0,0,0
2025-07-15 11:27:22,ERIE,0,0,0,0,0,1,0,1,1,0,0,0
2025-07-15 11:27:23,ESS,0,0,1,0,0,0,0,1,1,1,0,0
2025-07-15 11:27:23,EL,0,0,1,0,0,0,0,1,1,1,0,0
2025-07-15 11:27:24,EG,0,0,0,0,0,0,0,1,1,1,0,0
2025-07-15 11:27:25,EVRG,0,0,0,0,0,0,0,0,1,1,0,0
2025-07-15 11:27:26,ES,0,0,0,0,0,0,0,0,1,1,0,0
2025-07-15 11:27:26,EXC,0,0,0,0,0,0,0,0,1,0,0,0
2025-07-15 11:27:27,EXE,1,0,1,0,0,0,1,1,1,1,0,0
2025-07-15 11:27:28,EXPE,0,0,1,0,0,0,0,1,1,1,0,0
2025-07-15 11:27:29,EXPD,1,0,1,0,0,1,1,1,1,1,0,0
2025-07-15 11:27:29,EXR,0,0,0,0,0,0,0,1,1,0,0,0
2025-07-15 11:27:30,XOM,0,0,0,0,0,0,0,0,1,0,0,0
2025-07-15 11:27:31,FFIV,1,0,1,0,0,1,1,1,1,0,0,0
2025-07-15 11:27:32,FDS,0,0,1,0,0,1,0,1,1,1,0,0
2025-07-15 11:27:32,FICO,0,0,0,0,0,0,0,1,1,1,0,0
2025-07-15 11:27:33,FAST,1,0,0,0,0,1,1,0,1,1,0,0
2025-07-15 11:27:34,FRT,0,0,0,0,0,0,0,0,1,1,0,0
2025-07-15 11:27:35,FDX,1,0,1,0,0,1,1,1,1,0,0,0
2025-07-15 11:27:36,FIS,1,0,1,0,0,0,1,0,1,0,0,0
2025-07-15 11:27:36,FITB,0,0,0,0,0,0,0,0,1,0,0,0
2025-07-15 11:27:37,FSLR,0,0,0,0,0,1,0,1,1,1,1,0
2025-07-15 11:27:38,FE,0,0,0,0,0,0,0,0,1,0,0,0
2025-07-15 11:27:38,FI,0,0,1,0,0,0,0,1,1,0,0,0
2025-07-15 11:27:39,F,0,0,1,0,0,0,0,0,1,1,0,0
2025-07-15 11:27:40,FTNT,1,0,1,0,0,1,1,1,1,1,0,0
2025-07-15 11:27:41,FTV,0,0,1,0,0,0,0,0,1,1,0,0
2025-07-15 11:27:41,FOXA,1,0,1,0,0,1,1,0,1,1,0,0
2025-07-15 11:27:42,FOX,1,0,0,0,0,1,1,0,1,0,0,0
2025-07-15 11:27:43,BEN,0,0,1,0,0,0,0,0,1,1,0,0
2025-07-15 11:27:43,FCX,0,0,1,0,0,0,0,0,1,1,0,0
2025-07-15 11:27:44,GRMN,1,0,1,0,0,0,1,1,1,0,0,0
2025-07-15 11:27:45,IT,0,0,0,0,0,0,0,1,1,1,0,0
2025-07-15 11:27:46,GE,0,0,0,0,0,0,0,1,1,0,0,0
2025-07-15 11:27:46,GEHC,0,0,1,0,0,0,0,0,1,1,0,0
2025-07-15 11:27:47,GEV,1,0,0,0,0,1,1,1,1,1,0,0
2025-07-15 11:27:48,GEN,1,0,1,1,0,1,1,0,1,0,0,0
2025-07-15 11:27:48,GNRC,1,0,1,0,0,0,1,1,1,0,0,0
2025-07-15 11:27:49,GD,0,0,0,0,0,0,0,1,1,0,0,0
2025-07-15 11:27:50,GIS,0,0,0,0,0,0,0,0,1,0,0,0
2025-07-15 11:27:51,GM,1,0,1,0,0,0,1,0,1,0,0,0
2025-07-15 11:27:52,GPC,0,0,0,0,0,0,0,1,1,0,0,0
2025-07-15 11:27:52,GILD,0,0,1,0,0,0,0,1,1,1,0,0
2025-07-15 11:27:53,GPN,0,0,1,0,0,0,0,0,1,1,0,0
2025-07-15 11:27:54,GL,0,0,0,0,0,0,0,1,1,1,0,0
2025-07-15 11:27:55,GDDY,0,0,1,0,0,0,0,1,1,0,0,0
2025-07-15 11:27:55,GS,0,0,0,0,0,0,0,1,1,0,0,0
2025-07-15 11:27:56,HAL,0,0,0,0,0,0,0,0,1,1,0,0
2025-07-15 11:27:56,HIG,1,0,1,0,0,0,1,1,1,1,0,0
2025-07-15 11:27:57,HAS,0,0,1,0,0,0,0,0,1,1,0,0
2025-07-15 11:27:58,HCA,0,0,0,0,0,0,0,1,1,1,0,0
2025-07-15 11:27:58,DOC,0,0,1,0,0,0,0,0,1,1,0,0
2025-07-15 11:27:59,HSIC,0,0,0,0,0,0,0,0,1,1,0,0
2025-07-15 11:28:00,HSY,0,0,0,0,0,0,0,1,1,1,0,0
2025-07-15 11:28:00,HES,0,0,1,0,0,0,0,1,1,0,0,0
2025-07-15 11:28:01,HPE,0,0,0,0,0,0,0,0,1,1,0,0
2025-07-15 11:28:01,HLT,0,0,1,0,0,0,0,1,1,1,0,0
2025-07-15 11:28:02,HOLX,0,0,0,0,0,0,0,0,1,1,0,0
2025-07-15 11:28:03,HD,0,0,1,0,0,0,0,1,1,1,0,0
2025-07-15 11:28:03,HON,1,0,1,0,0,1,1,1,1,0,0,0
2025-07-15 11:28:04,HRL,1,0,1,0,0,0,1,0,1,0,0,0
2025-07-15 11:28:05,HST,1,0,1,0,0,1,1,0,1,0,0,0
2025-07-15 11:28:05,HWM,1,0,1,0,0,1,1,1,1,1,0,0
2025-07-15 11:28:06,HPQ,0,0,1,0,0,0,0,0,1,1,0,0
2025-07-15 11:28:06,HUBB,1,0,1,0,0,1,1,1,1,0,0,0
2025-07-15 11:28:07,HUM,0,0,0,0,0,0,0,1,1,1,0,0
2025-07-15 11:28:07,HBAN,0,0,0,0,0,0,0,0,1,1,0,0
2025-07-15 11:28:08,HII,0,0,0,0,0,0,0,1,1,0,0,0
2025-07-15 11:28:09,IBM,1,0,1,0,0,1,1,1,1,0,0,0
2025-07-15 11:28:09,IEX,1,0,1,1,0,1,1,1,1,0,0,0
2025-07-15 11:28:10,IDXX,1,0,1,0,0,1,1,1,1,0,0,0
2025-07-15 11:28:11,ITW,1,0,1,0,0,1,1,1,1,0,0,0
2025-07-15 11:28:11,INCY,0,0,1,0,0,0,0,1,1,1,0,0
2025-07-15 11:28:12,IR,1,0,1,0,0,1,1,0,1,0,0,0
2025-07-15 11:28:12,PODD,1,0,1,0,0,1,1,1,1,0,0,0
2025-07-15 11:28:13,INTC,0,0,1,0,0,0,0,0,1,1,1,0
2025-07-15 11:28:14,ICE,0,0,0,0,0,0,0,1,1,0,0,0
2025-07-15 11:28:14,IFF,1,0,1,0,0,1,1,0,1,0,0,0
2025-07-15 11:28:15,IP,1,0,1,0,0,0,1,0,1,1,0,0
2025-07-15 11:28:16,IPG,0,0,0,0,0,0,0,0,1,1,0,0
2025-07-15 11:28:16,INTU,0,0,1,0,0,0,0,1,1,0,0,0
2025-07-15 11:28:17,ISRG,1,0,1,0,0,0,1,1,1,1,0,0
2025-07-15 11:28:17,IVZ,0,0,0,0,0,0,0,0,1,1,0,0
2025-07-15 11:28:18,INVH,0,0,0,0,0,0,0,0,1,0,0,0
2025-07-15 11:28:19,IQV,0,0,0,0,0,0,0,1,1,1,0,0
2025-07-15 11:28:19,IRM,1,0,1,0,0,0,1,1,1,1,0,0
2025-07-15 11:28:20,JBHT,1,0,1,0,0,0,1,1,1,1,0,0
2025-07-15 11:28:20,JBL,0,0,0,0,0,0,0,1,1,1,0,0
2025-07-15 11:28:21,JKHY,1,0,1,1,0,1,1,1,1,0,0,0
2025-07-15 11:28:22,J,1,0,1,0,0,0,1,0,1,0,0,0
2025-07-15 11:28:22,JNJ,0,0,0,0,0,0,0,1,1,0,0,0
2025-07-15 11:28:23,JCI,1,0,0,0,0,1,1,0,1,0,0,0
2025-07-15 11:28:24,JPM,0,0,1,0,0,0,0,1,1,0,0,0
2025-07-15 11:28:24,K,0,0,0,0,0,0,0,0,0,0,0,0
2025-07-15 11:28:25,KVUE,0,0,0,0,0,0,0,0,1,1,0,0
2025-07-15 11:28:25,KDP,0,0,0,0,0,0,0,0,1,0,0,0
2025-07-15 11:28:26,KEY,0,0,0,0,0,0,0,0,1,1,0,0
2025-07-15 11:28:27,KEYS,0,0,1,0,0,0,0,1,1,0,0,0
2025-07-15 11:28:27,KMB,0,0,1,0,0,0,0,1,1,0,0,0
2025-07-15 11:28:28,KIM,0,0,0,0,0,0,0,0,1,1,0,0
2025-07-15 11:28:29,KMI,0,0,0,0,0,0,0,0,1,1,0,0
2025-07-15 11:28:29,KKR,0,0,1,0,0,0,0,1,1,1,0,0
2025-07-15 11:28:30,KLAC,1,0,1,0,0,1,1,1,1,0,1,0
2025-07-15 11:28:31,KHC,0,0,0,0,0,0,0,0,1,1,0,0
2025-07-15 11:28:31,KR,0,0,0,0,0,0,0,0,1,0,0,0
2025-07-15 11:28:32,LHX,0,0,0,0,0,0,0,1,1,0,0,0
2025-07-15 11:28:33,LH,0,0,1,0,0,0,0,1,1,1,0,0
2025-07-15 11:28:33,LRCX,1,0,1,0,0,1,1,0,1,0,1,0
2025-07-15 11:28:34,LW,0,0,1,0,0,0,0,0,1,1,0,0
2025-07-15 11:28:35,LVS,0,0,0,0,0,0,0,0,1,0,0,0
2025-07-15 11:28:35,LDOS,0,0,0,0,0,0,0,1,1,1,0,0
2025-07-15 11:28:36,LEN,0,0,0,0,0,0,0,1,1,1,0,0
2025-07-15 11:28:36,LII,1,0,1,0,0,1,1,1,1,0,0,0
2025-07-15 11:28:37,LLY,0,0,0,0,0,0,0,1,1,1,0,0
2025-07-15 11:28:38,LIN,0,0,1,0,0,0,0,1,1,0,0,0
2025-07-15 11:28:38,LYV,0,0,0,0,0,0,0,1,1,1,0,0
2025-07-15 11:28:39,LKQ,1,0,1,0,0,0,1,0,1,0,0,0
2025-07-15 11:28:39,LMT,0,0,0,0,0,0,0,1,1,0,0,0
2025-07-15 11:28:40,L,0,0,1,0,0,0,0,0,1,0,0,0
2025-07-15 11:28:42,LOW,0,0,1,0,0,0,0,1,1,1,0,0
2025-07-15 11:28:43,LULU,0,0,0,0,0,0,0,1,1,1,0,0
2025-07-15 11:28:44,LYB,1,0,1,0,0,0,1,0,1,1,0,0
2025-07-15 11:28:44,MTB,0,0,0,0,0,0,0,1,1,0,0,0
2025-07-15 11:28:45,MPC,1,0,0,0,0,1,1,1,1,1,0,0
2025-07-15 11:28:46,MKTX,0,0,0,0,0,0,0,1,1,0,0,0
2025-07-15 11:28:47,MAR,1,0,1,0,0,0,1,1,1,1,0,0
2025-07-15 11:28:47,MMC,0,0,1,0,0,0,0,1,1,0,0,0
2025-07-15 11:28:48,MLM,0,0,0,0,0,0,0,1,1,1,0,0
2025-07-15 11:28:49,MAS,0,0,0,0,0,0,0,0,1,1,1,0
2025-07-15 11:28:49,MA,0,0,0,0,0,0,0,1,1,0,0,0
2025-07-15 11:28:50,MTCH,1,0,1,0,0,1,1,0,1,1,0,0
2025-07-15 11:28:50,MKC,0,0,0,0,0,0,0,0,1,1,0,0
2025-07-15 11:28:51,MCD,0,0,0,0,0,0,0,1,1,0,0,0
2025-07-15 11:28:52,MCK,0,0,1,0,0,0,0,1,1,0,0,0
2025-07-15 11:28:52,MDT,0,0,1,0,0,0,0,0,1,1,0,0
2025-07-15 11:28:53,MRK,0,0,0,0,0,0,0,0,1,1,0,0
2025-07-15 11:28:54,META,1,0,1,0,0,0,1,1,1,0,0,0
2025-07-15 11:28:54,MET,0,0,1,0,0,0,0,0,1,1,0,0
2025-07-15 11:28:55,MTD,0,0,0,0,0,0,0,1,1,0,0,0
2025-07-15 11:28:55,MGM,1,0,0,0,0,1,1,0,1,1,0,0
2025-07-15 11:28:56,MCHP,0,0,0,0,0,0,0,1,1,1,1,0
2025-07-15 11:28:57,MU,0,0,0,0,0,0,0,1,1,1,1,0
2025-07-15 11:28:57,MSFT,1,1,1,1,0,1,1,1,1,0,0,0
2025-07-15 11:28:58,MAA,0,0,0,0,0,0,0,1,1,0,0,0
2025-07-15 11:28:58,MRNA,0,0,0,0,0,0,0,0,1,1,0,0
2025-07-15 11:28:59,MHK,0,0,1,0,0,0,0,1,1,1,0,0
2025-07-15 11:28:59,MOH,0,0,0,0,0,0,0,1,1,1,0,0
2025-07-15 11:29:00,TAP,1,0,1,0,0,1,1,0,1,0,0,0
2025-07-15 11:29:00,MDLZ,0,0,0,0,0,0,0,0,1,0,0,0
2025-07-15 11:29:01,MPWR,0,0,1,0,0,0,0,1,1,1,1,0
2025-07-15 11:29:02,MNST,0,0,1,0,0,0,0,0,1,0,0,0
2025-07-15 11:29:02,MCO,0,0,0,0,0,0,0,1,1,0,0,0
2025-07-15 11:29:03,MS,0,0,0,0,0,0,0,1,1,0,0,0
2025-07-15 11:29:04,MOS,1,0,1,0,0,0,1,0,1,1,0,0
2025-07-15 11:29:04,MSI,0,0,1,0,0,0,0,1,1,0,0,0
2025-07-15 11:29:05,MSCI,0,0,0,0,0,0,0,1,1,1,0,0
2025-07-15 11:29:05,NDAQ,0,0,0,0,0,0,0,0,1,0,0,0
2025-07-15 11:29:06,NTAP,0,0,1,0,0,0,0,1,1,1,1,0
2025-07-15 11:29:07,NFLX,0,0,0,0,0,1,0,1,1,1,0,0
2025-07-15 11:29:07,NEM,0,0,0,0,0,0,0,0,1,1,0,0
2025-07-15 11:29:08,NWSA,0,0,0,0,0,0,0,0,1,1,1,0
2025-07-15 11:29:09,NWS,0,0,0,0,0,0,0,0,1,1,0,0
2025-07-15 11:29:10,NEE,0,0,0,0,0,0,0,1,1,0,0,0
2025-07-15 11:29:10,NKE,1,0,1,0,0,1,1,1,1,0,0,0
2025-07-15 11:29:11,NI,0,0,0,0,0,0,0,0,1,0,0,0
2025-07-15 11:29:12,NDSN,1,0,1,0,0,1,1,1,1,0,0,0
2025-07-15 11:29:12,NSC,1,0,1,0,0,1,1,1,1,0,0,0
2025-07-15 11:29:13,NTRS,0,0,1,0,0,1,0,1,1,1,0,0
2025-07-15 11:29:14,NOC,0,0,0,0,0,0,0,1,1,0,0,0
2025-07-15 11:29:14,NCLH,0,0,1,0,0,0,0,0,1,1,0,0
2025-07-15 11:29:16,NRG,0,0,1,0,0,0,0,1,1,1,0,0
2025-07-15 11:29:16,NUE,0,0,0,0,0,0,0,1,1,1,0,0
2025-07-15 11:29:17,NVDA,1,0,0,0,0,1,1,1,1,1,1,0
2025-07-15 11:29:17,NVR,0,0,1,0,0,0,0,1,1,1,0,0
2025-07-15 11:29:18,NXPI,1,0,1,0,0,1,1,1,1,1,1,0
2025-07-15 11:29:19,ORLY,0,0,0,0,0,0,0,0,1,0,0,0
2025-07-15 11:29:19,OXY,0,0,0,0,0,0,0,0,1,1,0,0
2025-07-15 11:29:20,ODFL,1,0,1,0,0,0,1,1,1,1,0,0
2025-07-15 11:29:20,OMC,0,0,1,0,0,0,0,0,1,1,1,0
2025-07-15 11:29:21,ON,0,0,0,0,0,0,0,0,1,1,1,0
2025-07-15 11:29:21,OKE,0,0,0,0,0,0,0,0,1,1,0,0
2025-07-15 11:29:22,ORCL,0,0,0,0,0,0,0,1,1,1,1,0
2025-07-15 11:29:23,OTIS,0,0,1,0,0,0,0,0,1,0,1,0
2025-07-15 11:29:23,PCAR,1,0,1,0,0,1,1,0,1,0,0,0
2025-07-15 11:29:24,PKG,1,0,1,0,0,1,1,1,1,0,0,0
2025-07-15 11:29:24,PLTR,0,0,0,0,0,1,0,1,1,1,0,0
2025-07-15 11:29:25,PANW,1,0,1,0,0,1,1,1,1,0,0,0
2025-07-15 11:29:25,PARA,0,0,1,0,0,0,0,0,1,0,0,0
2025-07-15 11:29:26,PH,1,0,1,0,0,1,1,1,1,0,0,0
2025-07-15 11:29:26,PAYX,0,0,0,0,0,0,0,1,1,0,0,0
2025-07-15 11:29:27,PAYC,1,0,1,0,0,1,1,1,1,0,0,0
2025-07-15 11:29:28,PYPL,1,0,1,0,0,1,1,0,1,0,0,0
2025-07-15 11:29:28,PNR,0,0,0,0,0,0,0,0,1,0,0,0
2025-07-15 11:29:29,PEP,0,0,0,0,0,0,0,1,1,0,0,0
2025-07-15 11:29:29,PFE,0,0,0,0,0,0,0,0,1,1,0,0
2025-07-15 11:29:30,PCG,0,0,0,0,0,0,0,0,1,1,0,0
2025-07-15 11:29:31,PM,0,0,0,0,0,0,0,1,1,0,0,0
2025-07-15 11:29:31,PSX,0,0,0,0,0,0,0,1,1,0,0,0
2025-07-15 11:29:32,PNW,0,0,0,0,0,0,0,0,1,0,0,0
2025-07-15 11:29:32,PNC,0,0,0,0,0,0,0,1,1,0,0,0
2025-07-15 11:29:33,POOL,0,0,1,0,0,0,0,1,1,1,0,0
2025-07-15 11:29:34,PPG,1,0,1,0,0,0,1,1,1,1,0,0
2025-07-15 11:29:34,PPL,0,0,0,0,0,0,0,0,1,1,0,0
2025-07-15 11:29:35,PFG,1,0,1,0,0,0,1,0,1,1,0,0
2025-07-15 11:29:36,PG,0,0,1,0,0,0,0,1,1,0,0,0
2025-07-15 11:29:36,PGR,0,0,1,0,0,0,0,1,1,1,0,0
2025-07-15 11:29:37,PLD,0,0,0,0,0,0,0,1,1,0,0,0
2025-07-15 11:29:37,PRU,0,0,0,0,0,0,0,0,1,0,0,0
2025-07-15 11:29:38,PEG,0,0,0,0,0,0,0,0,1,1,0,0
2025-07-15 11:29:39,PTC,1,0,1,0,0,1,1,1,1,0,0,0
2025-07-15 11:29:39,PSA,0,0,0,0,0,0,0,1,1,0,0,0
2025-07-15 11:29:40,PHM,0,0,1,0,0,0,0,1,1,1,0,0
2025-07-15 11:29:41,PWR,1,0,1,0,0,1,1,1,1,1,0,0
2025-07-15 11:29:41,QCOM,1,0,1,0,0,0,1,1,1,1,1,0
2025-07-15 11:29:42,DGX,0,0,0,0,0,0,0,1,1,1,0,0
2025-07-15 11:29:42,RL,0,0,1,0,0,0,0,1,1,1,0,0
2025-07-15 11:29:43,RJF,0,0,1,0,0,0,0,1,1,1,0,0
2025-07-15 11:29:44,RTX,0,0,0,0,0,0,0,1,1,0,0,0
2025-07-15 11:29:44,O,0,0,0,0,0,0,0,0,1,1,0,0
2025-07-15 11:29:45,REG,0,0,0,0,0,0,0,0,1,0,0,0
2025-07-15 11:29:46,REGN,0,0,1,0,0,0,0,1,1,1,0,0
2025-07-15 11:29:46,RF,0,0,0,0,0,0,0,0,1,0,0,0
2025-07-15 11:29:47,RSG,1,0,1,0,0,1,1,1,1,0,0,0
2025-07-15 11:29:47,RMD,0,0,1,0,0,0,0,1,1,1,1,0
2025-07-15 11:29:48,RVTY,0,0,0,0,0,0,0,1,1,1,0,0
2025-07-15 11:29:49,ROK,1,0,0,0,0,1,1,1,1,1,0,0
2025-07-15 11:29:49,ROL,0,0,1,0,0,0,0,0,1,0,0,0
2025-07-15 11:29:50,ROP,0,0,1,0,0,0,0,1,1,0,0,0
2025-07-15 11:29:51,ROST,1,0,1,0,0,0,1,1,1,1,0,0
2025-07-15 11:29:51,RCL,1,0,1,0,0,1,1,1,1,1,0,0
2025-07-15 11:29:52,SPGI,0,0,0,0,0,0,0,1,1,0,0,0
2025-07-15 11:29:52,CRM,0,0,1,0,0,0,0,1,1,0,0,0
2025-07-15 11:29:53,SBAC,0,0,1,0,0,0,0,1,1,0,0,0
2025-07-15 11:29:54,SLB,0,0,0,0,0,0,0,0,1,1,0,0
2025-07-15 11:29:54,STX,0,0,0,0,0,0,0,1,1,1,0,0
2025-07-15 11:29:55,SRE,0,0,0,0,0,0,0,0,1,0,0,0
2025-07-15 11:29:55,NOW,1,0,1,0,0,0,1,1,1,1,0,0
2025-07-15 11:29:56,SHW,0,0,1,0,0,0,0,1,1,0,0,0
2025-07-15 11:29:56,SPG,0,0,0,0,0,0,0,1,1,0,0,0
2025-07-15 11:29:57,SWKS,0,0,1,0,0,0,0,0,1,1,1,0
2025-07-15 11:29:58,SJM,0,0,0,0,0,0,0,1,1,0,0,0
2025-07-15 11:29:58,SW,1,0,1,0,0,1,1,0,1,1,0,0
2025-07-15 11:29:59,SNA,0,0,0,0,0,0,0,1,1,1,0,0
2025-07-15 11:30:00,SOLV,0,0,0,0,0,0,0,0,1,0,0,0
2025-07-15 11:30:01,SO,0,0,0,0,0,0,0,0,1,0,0,0
2025-07-15 11:30:01,LUV,1,0,1,0,0,0,1,0,1,1,0,0
2025-07-15 11:30:02,SWK,0,0,1,0,0,0,0,1,1,1,1,0
2025-07-15 11:30:03,SBUX,0,0,0,0,0,0,0,1,1,0,0,0
2025-07-15 11:30:03,STT,0,0,0,0,0,0,0,1,1,1,0,0
2025-07-15 11:30:04,STLD,0,0,1,0,0,0,0,1,1,1,0,0
2025-07-15 11:30:05,STE,1,0,1,0,0,1,1,1,1,0,1,0
2025-07-15 11:30:06,SYK,1,0,1,0,0,0,1,1,1,0,0,0
2025-07-15 11:30:06,SMCI,0,0,0,0,0,1,0,1,1,1,1,0
2025-07-15 11:30:07,SYF,0,0,0,0,0,0,0,0,1,1,0,0
2025-07-15 11:30:08,SNPS,0,0,0,0,0,0,0,1,1,1,0,0
2025-07-15 11:30:08,SYY,0,0,0,0,0,0,0,0,1,1,0,0
2025-07-15 11:30:09,TMUS,0,0,0,0,0,0,0,1,1,0,0,0
2025-07-15 11:30:10,TROW,1,0,1,0,0,0,1,0,1,1,0,0
2025-07-15 11:30:11,TTWO,1,0,0,0,0,1,1,1,1,0,0,0
2025-07-15 11:30:12,TPR,1,0,1,0,0,1,1,1,1,1,0,0
2025-07-15 11:30:13,TRGP,0,0,1,0,0,0,0,1,1,1,0,0
2025-07-15 11:30:14,TGT,0,0,1,0,0,0,0,1,1,1,0,0
2025-07-15 11:30:15,TEL,1,0,1,0,0,0,1,1,1,0,0,0
2025-07-15 11:30:15,TDY,0,0,0,0,0,0,0,1,1,0,0,0
2025-07-15 11:30:16,TER,0,0,1,0,0,0,0,1,1,1,1,0
2025-07-15 11:30:17,TSLA,0,0,0,0,0,0,0,1,1,1,0,0
2025-07-15 11:30:18,TXN,1,0,1,0,0,0,1,1,1,0,0,0
2025-07-15 11:30:18,TPL,0,0,0,0,0,0,0,1,1,1,0,0
2025-07-15 11:30:19,TXT,0,0,0,0,0,0,0,0,1,1,0,0
2025-07-15 11:30:20,TMO,0,0,0,0,0,0,0,1,1,1,0,0
2025-07-15 11:30:21,TJX,1,0,1,0,0,0,1,0,1,0,0,0
2025-07-15 11:30:22,TKO,0,0,0,0,0,0,0,1,1,1,0,0
2025-07-15 11:30:25,TSCO,0,0,0,0,0,0,0,0,1,1,0,0
2025-07-15 11:30:26,TT,1,0,1,0,0,1,1,1,1,0,0,0
2025-07-15 11:30:27,TDG,0,0,1,0,0,1,0,1,1,0,0,0
2025-07-15 11:30:28,TRV,0,0,1,0,0,0,0,1,1,1,0,0
2025-07-15 11:30:29,TRMB,1,0,1,0,0,1,1,0,1,0,0,0
2025-07-15 11:30:29,TFC,0,0,0,0,0,0,0,0,1,0,0,0
2025-07-15 11:30:30,TYL,0,0,0,0,0,0,0,1,1,1,0,0
2025-07-15 11:30:31,TSN,0,0,1,0,0,0,0,0,1,1,0,0
2025-07-15 11:30:31,USB,0,0,0,0,0,0,0,0,1,1,0,0
2025-07-15 11:30:32,UBER,1,0,1,0,0,0,1,1,1,1,1,0
2025-07-15 11:30:33,UDR,0,0,0,0,0,0,0,0,1,1,0,0
2025-07-15 11:30:34,ULTA,1,0,1,0,0,0,1,1,1,1,0,0
2025-07-15 11:30:34,UNP,1,0,1,0,0,1,1,1,1,0,0,0
2025-07-15 11:30:35,UAL,0,0,1,0,0,0,0,1,1,1,0,0
2025-07-15 11:30:36,UPS,1,0,1,0,0,1,1,1,1,0,0,0
2025-07-15 11:30:37,URI,1,0,1,0,0,1,1,1,1,0,0,0
2025-07-15 11:30:38,UNH,0,0,1,0,0,0,0,1,1,1,0,0
2025-07-15 11:30:39,UHS,0,0,0,0,0,0,0,1,1,1,0,0
2025-07-15 11:30:39,VLO,1,0,1,0,0,1,1,1,1,1,0,0
2025-07-15 11:30:41,VTR,0,0,1,0,0,0,0,0,1,1,0,0
2025-07-15 11:30:41,VLTO,1,0,1,0,0,1,1,0,1,0,0,0
2025-07-15 11:30:42,VRSN,0,0,1,0,0,0,0,1,1,0,0,0
2025-07-15 11:30:43,VRSK,0,0,0,0,0,0,0,1,1,0,0,0
2025-07-15 11:30:44,VZ,0,0,1,0,0,0,0,0,1,0,0,0
2025-07-15 11:30:44,VRTX,0,0,1,0,0,0,0,1,1,1,0,0
2025-07-15 11:30:45,VTRS,0,0,1,0,0,0,0,0,1,1,0,0
2025-07-15 11:30:46,VICI,0,0,0,0,0,0,0,0,1,0,0,0
2025-07-15 11:30:47,V,0,0,0,0,0,0,0,1,1,0,0,0
2025-07-15 11:30:47,VST,1,0,0,0,0,1,1,1,1,1,0,0
2025-07-15 11:30:48,VMC,0,0,0,0,0,0,0,1,1,1,0,0
2025-07-15 11:30:49,WRB,0,0,1,0,0,0,0,0,1,1,0,0
2025-07-15 11:30:50,GWW,0,0,1,0,0,0,0,1,1,1,0,0
2025-07-15 11:30:51,WAB,1,0,1,0,0,1,1,1,1,0,0,0
2025-07-15 11:30:52,WBA,1,0,1,0,0,0,1,0,0,0,0,0
2025-07-15 11:30:53,WMT,0,0,1,0,0,0,0,0,1,0,0,0
2025-07-15 11:30:54,DIS,0,0,0,0,0,0,0,0,1,0,0,0
2025-07-15 11:30:54,WBD,0,0,0,0,0,0,0,0,1,1,0,0
2025-07-15 11:30:55,WM,0,0,0,0,0,0,0,1,1,0,0,0
2025-07-15 11:30:56,WAT,0,0,0,0,0,0,0,1,1,1,1,0
2025-07-15 11:30:57,WEC,0,0,0,0,0,0,0,0,1,0,0,0
2025-07-15 11:30:58,WFC,0,0,1,0,0,0,0,0,1,1,0,0
2025-07-15 11:30:59,WELL,0,0,1,0,0,0,0,1,1,1,0,0
2025-07-15 11:30:59,WST,0,0,0,0,0,0,0,1,1,1,0,0
2025-07-15 11:31:00,WDC,1,0,0,0,0,1,1,0,1,0,1,0
2025-07-15 11:31:01,WY,0,0,0,0,0,0,0,0,1,1,0,0
2025-07-15 11:31:03,WSM,0,0,1,0,0,0,0,1,1,1,0,0
2025-07-15 11:31:04,WMB,1,0,1,0,0,1,1,0,1,1,0,0
2025-07-15 11:31:05,WTW,1,0,1,0,0,1,1,1,1,1,0,0
2025-07-15 11:31:06,WDAY,1,0,1,0,0,1,1,1,1,0,0,0
2025-07-15 11:31:07,WYNN,0,0,0,0,0,0,0,1,1,1,0,0
2025-07-15 11:31:08,XEL,0,0,0,0,0,0,0,0,1,1,0,0
2025-07-15 11:31:08,XYL,0,0,1,0,0,0,0,0,1,0,0,0
2025-07-15 11:31:09,YUM,0,0,0,0,0,0,0,1,1,0,0,0
2025-07-15 11:31:10,ZBRA,0,0,0,0,0,0,0,1,1,1,0,0
2025-07-15 11:31:12,ZBH,1,0,1,0,0,0,1,1,1,1,1,0
2025-07-15 11:31:13,ZTS,0,0,1,0,0,0,0,1,1,1,0,0
2025-07-15 11:47:56,MMM,1,0,1,0,0,1,1,1,1,0,0,0
2025-07-15 11:47:57,AOS,0,0,0,0,0,0,0,0,1,1,0,0
2025-07-15 11:47:58,ABT,1,0,1,0,0,0,1,1,1,1,0,0
2025-07-15 11:47:59,ABBV,0,0,1,0,0,0,0,1,1,1,0,0
2025-07-15 11:47:59,ACN,0,0,1,0,0,0,0,1,1,1,0,0
2025-07-15 11:48:00,ADBE,1,0,1,0,0,0,1,1,1,0,0,0
2025-07-15 11:48:01,AMD,0,0,1,0,0,0,0,1,1,1,1,0
2025-07-15 11:48:02,AES,1,1,1,0,0,1,1,0,1,1,1,0
2025-07-15 11:48:03,AFL,0,0,1,0,0,0,0,0,1,0,0,0
2025-07-15 11:48:03,A,0,0,1,0,0,0,0,1,1,1,0,0
2025-07-15 11:48:04,APD,0,0,0,0,0,0,0,1,1,1,0,0
2025-07-15 11:48:05,ABNB,1,1,1,0,0,0,1,1,1,1,0,0
2025-07-15 11:48:05,AKAM,1,0,1,0,0,0,1,0,1,0,0,0
2025-07-15 11:48:06,ALB,0,0,1,0,0,0,0,1,1,1,1,0
2025-07-15 11:48:07,ARE,1,0,1,0,0,0,1,1,1,1,0,0
2025-07-15 11:48:08,ALGN,0,0,1,0,0,0,0,1,1,1,1,0
2025-07-15 11:48:08,ALLE,0,0,1,0,0,0,0,1,1,1,0,0
2025-07-15 11:48:09,LNT,0,0,0,0,0,0,0,0,1,1,0,0
2025-07-15 11:48:10,ALL,0,0,0,0,0,0,0,1,1,1,0,0
2025-07-15 11:48:11,GOOGL,1,0,1,0,0,1,1,1,1,1,0,0
2025-07-15 11:48:11,GOOG,1,0,1,0,0,1,1,1,1,0,0,0
2025-07-15 11:48:12,MO,0,0,0,0,0,0,0,0,1,0,0,0
2025-07-15 11:48:13,AMZN,1,0,1,0,0,1,1,1,1,0,0,0
2025-07-15 11:48:14,AMCR,0,0,1,0,0,0,0,0,1,1,0,0
2025-07-15 11:48:15,AEE,0,0,0,0,0,0,0,0,1,0,0,0
2025-07-15 11:48:15,AEP,0,0,0,0,0,0,0,0,1,0,0,0
2025-07-15 11:48:16,AXP,1,0,1,0,0,0,1,1,1,1,0,0
2025-07-15 11:48:17,AIG,1,0,1,0,0,0,1,0,1,0,0,0
2025-07-15 11:48:18,AMT,0,0,1,0,0,0,0,1,1,0,0,0
2025-07-15 11:48:18,AWK,0,0,0,0,0,0,0,1,1,0,0,0
2025-07-15 11:48:19,AMP,1,0,1,0,0,0,1,1,1,1,0,0
2025-07-15 11:48:20,AME,0,0,1,0,0,0,0,1,1,0,0,0
2025-07-15 11:48:21,AMGN,0,0,1,0,0,0,0,1,1,1,0,0
2025-07-15 11:48:22,APH,0,0,1,0,0,0,0,0,1,0,0,0
2025-07-15 11:48:23,ADI,0,0,1,0,0,0,0,1,1,0,0,0
2025-07-15 11:48:23,ANSS,0,0,0,0,0,1,0,1,1,1,0,0
2025-07-15 11:48:24,AON,1,0,1,0,0,0,1,1,1,1,0,0
2025-07-15 11:48:25,APA,0,0,1,0,0,0,0,0,1,1,0,0
2025-07-15 11:48:25,APO,1,0,1,0,0,1,1,1,1,1,0,0
2025-07-15 11:48:26,AAPL,1,1,1,0,0,1,1,1,1,0,0,0
2025-07-15 11:48:27,AMAT,0,0,1,0,0,0,0,1,1,0,1,0
2025-07-15 11:48:27,APTV,1,0,1,0,0,0,1,0,1,0,0,0
2025-07-15 11:48:28,ACGL,0,0,1,0,0,0,0,0,1,1,0,0
2025-07-15 11:48:29,ADM,1,0,1,0,0,1,1,0,1,0,0,0
2025-07-15 11:48:29,ANET,0,0,0,0,0,0,0,1,1,1,0,0
2025-07-15 11:48:30,AJG,1,0,1,0,0,0,1,1,1,1,0,0
2025-07-15 11:48:31,AIZ,0,0,1,0,0,0,0,1,1,1,0,0
2025-07-15 11:48:32,T,0,0,0,0,0,0,0,0,1,0,0,0
2025-07-15 11:48:32,ATO,0,0,0,0,0,0,0,1,1,1,0,0
2025-07-15 11:48:33,ADSK,0,0,1,0,0,0,0,1,1,1,0,0
2025-07-15 11:48:34,ADP,0,0,1,0,0,0,0,1,1,0,0,0
2025-07-15 11:48:35,AZO,0,0,0,0,0,0,0,1,1,1,0,0
2025-07-15 11:48:35,AVB,0,0,0,0,0,0,0,1,1,1,0,0
2025-07-15 11:48:36,AVY,1,0,1,0,0,0,1,1,1,0,0,0
2025-07-15 11:48:37,AXON,1,0,0,0,0,1,1,1,1,1,0,0
2025-07-15 11:48:38,BKR,0,0,0,0,0,0,0,0,1,1,0,0
2025-07-15 11:48:39,BALL,0,0,0,0,0,0,0,0,1,0,0,0
2025-07-15 11:48:39,BAC,1,0,1,0,0,1,1,0,1,0,0,0
2025-07-15 11:48:40,BAX,1,1,1,0,0,0,1,0,1,1,0,0
2025-07-15 11:48:41,BDX,1,1,1,1,0,1,1,1,1,1,0,0
2025-07-15 11:48:42,BRK-B,0,0,1,0,0,0,0,1,0,0,0,0
2025-07-15 11:48:42,BBY,0,0,0,0,0,0,0,1,1,1,0,0
2025-07-15 11:48:43,TECH,0,0,1,0,0,0,0,1,1,1,0,0
2025-07-15 11:48:43,BIIB,0,0,1,0,0,0,0,1,1,1,0,0
2025-07-15 11:48:44,BLK,1,0,1,0,0,1,1,1,1,1,0,0
2025-07-15 11:48:45,BX,0,0,1,0,0,0,0,1,1,1,0,0
2025-07-15 11:48:46,BK,0,0,0,0,0,0,0,0,1,1,0,0
2025-07-15 11:48:47,BA,0,0,0,0,0,1,0,1,1,0,0,0
2025-07-15 11:48:47,BKNG,0,0,1,0,0,0,0,1,1,1,0,0
2025-07-15 11:48:48,BSX,1,1,1,0,0,1,1,0,1,1,0,0
2025-07-15 11:48:49,BMY,0,0,1,0,0,0,0,0,1,1,0,0
2025-07-15 11:48:50,AVGO,1,0,1,0,0,1,1,1,1,1,1,0
2025-07-15 11:48:50,BR,1,0,1,0,0,1,1,1,1,0,0,0
2025-07-15 11:48:51,BRO,1,0,1,0,0,0,1,0,1,1,0,0
2025-07-15 11:48:52,BF-B,0,0,1,0,0,0,0,0,0,1,0,0
2025-07-15 11:48:53,BLDR,0,0,1,0,0,0,0,1,1,1,0,0
2025-07-15 11:48:54,BG,1,0,1,0,0,1,1,1,1,0,0,0
2025-07-15 11:48:54,BXP,0,0,0,0,0,0,0,0,1,1,0,0
2025-07-15 11:48:55,CHRW,0,0,1,0,0,1,0,1,1,0,0,0
2025-07-15 11:48:56,CDNS,0,0,0,0,0,0,0,1,1,1,0,0
2025-07-15 11:48:57,CZR,0,0,1,0,0,0,0,0,1,1,0,0
2025-07-15 11:48:58,CPT,0,0,0,0,0,0,0,1,1,1,0,0
2025-07-15 11:48:58,CPB,0,0,1,0,0,0,0,0,1,0,0,0
2025-07-15 11:48:59,COF,0,0,1,0,0,1,0,1,1,1,0,0
2025-07-15 11:49:00,CAH,1,0,1,0,0,0,1,1,1,0,0,0
2025-07-15 11:49:01,KMX,0,0,1,0,0,0,0,0,1,1,1,0
2025-07-15 11:49:02,CCL,1,0,1,0,0,1,1,0,1,1,0,0
2025-07-15 11:49:02,CARR,0,0,0,0,0,0,0,0,1,0,0,0
2025-07-15 11:49:03,CAT,0,0,0,0,0,1,0,1,1,0,0,0
2025-07-15 11:49:04,CBOE,0,0,0,0,0,0,0,1,1,1,0,0
2025-07-15 11:49:05,CBRE,0,0,1,0,0,0,0,1,1,1,0,0
2025-07-15 11:49:05,CDW,1,0,1,0,0,0,1,1,1,1,0,0
2025-07-15 11:49:06,COR,0,0,1,0,0,0,0,1,1,1,0,0
2025-07-15 11:49:07,CNC,1,0,1,0,0,0,1,1,1,1,0,0
2025-07-15 11:49:08,CNP,0,0,0,0,0,0,0,0,1,0,0,0
2025-07-15 11:49:08,CF,0,0,0,0,0,0,0,1,1,1,0,0
2025-07-15 11:49:09,CRL,0,0,0,0,0,0,0,1,1,1,0,0
2025-07-15 11:49:10,SCHW,0,0,1,0,0,0,0,0,1,0,0,0
2025-07-15 11:49:11,CHTR,0,0,0,0,0,0,0,1,1,1,0,0
2025-07-15 11:49:12,CVX,0,0,1,0,0,0,0,1,1,0,0,0
2025-07-15 11:49:12,CMG,1,0,1,0,0,0,1,0,1,1,0,0
2025-07-15 11:49:13,CB,0,0,1,0,0,0,0,1,1,0,0,0
2025-07-15 11:49:14,CHD,1,0,1,0,0,0,1,0,1,0,0,0
2025-07-15 11:49:15,CI,1,0,1,0,0,0,1,1,1,1,0,0
2025-07-15 11:49:15,CINF,0,0,0,0,0,0,0,1,1,1,0,0
2025-07-15 11:49:16,CTAS,0,0,1,0,0,0,0,1,1,0,0,0
2025-07-15 11:49:17,CSCO,1,0,1,0,0,0,1,0,1,0,0,0
2025-07-15 11:49:18,C,1,0,1,0,0,1,1,0,1,1,1,0
2025-07-15 11:49:18,CFG,0,0,1,0,0,0,0,0,1,0,0,0
2025-07-15 11:49:19,CLX,0,0,0,0,0,0,0,1,1,1,0,0
2025-07-15 11:49:20,CME,0,0,0,0,0,0,0,1,1,0,0,0
2025-07-15 11:49:21,CMS,0,0,0,0,0,0,0,0,1,0,0,0
2025-07-15 11:49:22,KO,0,0,0,0,0,0,0,0,1,0,0,0
2025-07-15 11:49:23,CTSH,0,0,1,0,0,0,0,0,1,0,0,0
2025-07-15 11:49:23,COIN,1,0,1,0,0,1,1,1,1,1,1,0
2025-07-15 11:49:24,CL,0,0,0,0,0,0,0,0,1,0,0,0
2025-07-15 11:49:25,CMCSA,0,0,0,0,0,0,0,0,1,1,0,0
2025-07-15 11:49:25,CAG,0,0,1,0,0,0,0,0,1,1,0,0
2025-07-15 11:49:26,COP,0,0,1,0,0,0,0,0,1,1,0,0
2025-07-15 11:49:27,ED,0,0,0,0,0,0,0,0,1,0,0,0
2025-07-15 11:49:28,STZ,0,0,1,0,0,0,0,1,1,1,0,0
2025-07-15 11:49:28,CEG,1,0,0,0,0,1,1,1,1,1,0,0
2025-07-15 11:49:29,COO,0,0,1,0,0,0,0,0,1,1,0,0
2025-07-15 11:49:30,CPRT,0,0,0,0,0,0,0,0,1,1,0,0
2025-07-15 11:49:31,GLW,1,0,1,0,0,0,1,0,1,1,0,0
2025-07-15 11:49:31,CPAY,1,0,1,0,0,0,1,1,1,0,0,0
2025-07-15 11:49:32,CTVA,0,0,0,0,0,0,0,0,1,0,0,0
2025-07-15 11:49:33,CSGP,0,0,1,0,0,0,0,0,1,1,0,0
2025-07-15 11:49:33,COST,0,0,1,0,0,0,0,1,1,0,0,0
2025-07-15 11:49:34,CTRA,0,0,0,0,0,0,0,0,1,1,0,0
2025-07-15 11:49:35,CRWD,0,0,1,0,0,0,0,1,1,1,0,0
2025-07-15 11:49:36,CCI,0,0,0,0,0,0,0,1,1,1,0,0
2025-07-15 11:49:36,CSX,1,0,1,0,0,1,1,0,1,0,0,0
2025-07-15 11:49:37,CMI,1,0,1,0,0,1,1,1,1,0,0,0
2025-07-15 11:49:38,CVS,0,0,1,0,0,0,0,0,1,1,0,0
2025-07-15 11:49:39,DHR,0,0,1,0,0,0,0,1,1,1,0,0
2025-07-15 11:49:40,DRI,1,0,1,0,0,1,1,1,1,0,0,0
2025-07-15 11:49:40,DDOG,1,1,1,0,0,1,1,1,1,1,0,0
2025-07-15 11:49:41,DVA,0,0,1,0,0,0,0,1,1,1,0,0
2025-07-15 11:49:42,DAY,1,0,1,0,0,0,1,0,1,0,0,0
2025-07-15 11:49:42,DECK,0,0,1,0,0,0,0,1,1,1,0,0
2025-07-15 11:49:43,DE,1,0,1,0,0,1,1,1,1,0,0,0
2025-07-15 11:49:44,DELL,0,0,0,0,0,0,0,1,1,1,1,0
2025-07-15 11:49:45,DAL,0,0,1,0,0,0,0,1,1,1,0,0
2025-07-15 11:49:45,DVN,0,0,1,0,0,0,0,0,1,1,0,0
2025-07-15 11:49:46,DXCM,1,0,1,0,0,1,1,1,1,1,0,0
2025-07-15 11:49:47,FANG,0,0,0,0,0,0,0,1,1,1,0,0
2025-07-15 11:49:48,DLR,1,0,0,0,0,0,1,1,1,0,0,0
2025-07-15 11:49:48,DG,0,0,0,0,0,0,0,1,1,0,0,0
2025-07-15 11:49:49,DLTR,0,0,0,0,0,0,0,1,1,1,0,0
2025-07-15 11:49:50,D,0,0,0,0,0,0,0,0,1,1,0,0
2025-07-15 11:49:51,DPZ,0,0,0,0,0,0,0,1,1,1,0,0
2025-07-15 11:49:52,DASH,1,0,1,0,0,1,1,1,1,1,0,0
2025-07-15 11:49:52,DOV,1,0,1,0,0,0,1,1,1,1,1,0
2025-07-15 11:49:53,DOW,1,0,1,0,0,0,1,0,1,1,1,0
2025-07-15 11:49:54,DHI,0,0,0,0,0,0,0,1,1,1,0,0
2025-07-15 11:49:55,DTE,0,0,0,0,0,0,0,1,1,0,0,0
2025-07-15 11:49:55,DUK,0,0,0,0,0,0,0,0,1,1,0,0
2025-07-15 11:49:56,DD,1,0,1,0,0,0,1,0,1,1,1,0
2025-07-15 11:49:57,EMN,0,0,1,0,0,0,0,1,1,1,0,0
2025-07-15 11:49:58,ETN,1,0,1,0,0,0,1,1,1,1,1,0
2025-07-15 11:49:58,EBAY,1,0,1,0,0,0,1,0,1,0,0,0
2025-07-15 11:49:59,ECL,0,0,0,0,0,0,0,1,1,0,0,0
2025-07-15 11:50:00,EIX,0,0,1,0,0,0,0,0,1,1,0,0
2025-07-15 11:50:01,EW,1,0,1,0,0,0,1,0,1,1,0,0
2025-07-15 11:50:01,EA,0,0,0,0,0,0,0,1,1,0,0,0
2025-07-15 11:50:02,ELV,0,0,1,0,0,0,0,1,1,1,0,0
2025-07-15 11:50:03,EMR,1,0,1,0,0,1,1,1,1,0,0,0
2025-07-15 11:50:04,ENPH,1,0,1,0,0,1,1,1,1,1,0,0
2025-07-15 11:50:18,MMM,1,0,1,0,0,1,1,1,1,0,0,0
2025-07-15 11:50:18,AOS,0,0,0,0,0,0,0,0,1,1,0,0
2025-07-15 11:50:19,ABT,0,0,1,0,0,0,0,1,1,1,0,0
2025-07-15 11:50:20,ABBV,0,0,1,0,0,0,0,1,1,1,0,0
2025-07-15 11:50:21,ACN,0,0,1,0,0,0,0,1,1,1,0,0
2025-07-15 11:50:21,ADBE,1,0,1,0,0,0,1,1,1,0,0,0
2025-07-15 11:50:22,AMD,0,0,1,0,0,0,0,1,1,1,1,0
2025-07-15 11:50:23,AES,1,0,1,0,0,1,1,0,1,1,1,0
2025-07-15 11:50:24,AFL,0,0,1,0,0,0,0,0,1,0,0,0
2025-07-15 11:50:24,A,0,0,0,0,0,0,0,1,1,1,0,0
2025-07-15 11:50:25,APD,0,0,0,0,0,0,0,1,1,1,0,0
2025-07-15 11:50:26,ABNB,1,1,1,0,0,0,1,1,1,1,0,0
2025-07-15 11:50:27,AKAM,1,0,1,0,0,0,1,0,1,0,0,0
2025-07-15 11:50:28,ALB,1,0,1,0,0,0,1,1,1,1,1,0
2025-07-15 11:50:29,ARE,0,0,1,0,0,0,0,1,1,1,0,0
2025-07-15 11:50:29,ALGN,0,0,1,0,0,0,0,1,1,1,1,0
2025-07-15 11:50:30,ALLE,0,0,1,0,0,0,0,1,1,1,0,0
2025-07-15 11:50:31,LNT,0,0,0,0,0,0,0,0,1,1,0,0
2025-07-15 11:50:31,ALL,0,0,0,0,0,0,0,1,1,1,0,0
2025-07-15 11:50:32,GOOGL,1,0,1,0,0,1,1,1,1,0,0,0
2025-07-15 11:50:33,GOOG,1,0,1,0,0,1,1,1,1,0,0,0
2025-07-15 11:50:34,MO,0,0,0,0,0,0,0,0,1,0,0,0
2025-07-15 11:50:34,AMZN,1,0,1,0,0,1,1,1,1,0,0,0
2025-07-15 11:50:35,AMCR,0,0,1,0,0,0,0,0,1,1,0,0
2025-07-15 11:50:36,AEE,0,0,0,0,0,0,0,0,1,0,0,0
2025-07-15 11:50:37,AEP,0,0,0,0,0,0,0,0,1,0,0,0
2025-07-15 11:50:37,AXP,1,0,1,0,0,0,1,1,1,1,0,0
2025-07-15 11:50:38,AIG,0,0,1,0,0,0,0,0,1,0,0,0
2025-07-15 11:50:39,AMT,0,0,1,0,0,0,0,1,1,0,0,0
2025-07-15 11:50:40,AWK,0,0,0,0,0,0,0,1,1,0,0,0
2025-07-15 11:50:41,AMP,1,0,1,0,0,1,1,1,1,1,0,0
2025-07-15 11:50:42,AME,0,0,1,0,0,0,0,1,1,0,0,0
2025-07-15 11:50:42,AMGN,1,0,1,0,0,0,1,1,1,1,0,0
2025-07-15 11:50:43,APH,0,0,0,0,0,0,0,0,1,0,0,0
2025-07-15 11:50:44,ADI,0,0,1,0,0,0,0,1,1,0,0,0
2025-07-15 11:50:45,ANSS,0,0,0,0,0,1,0,1,1,1,0,0
2025-07-15 11:50:46,AON,1,0,1,0,0,0,1,1,1,1,0,0
2025-07-15 11:50:47,APA,0,0,1,0,0,0,0,0,1,1,0,0
2025-07-15 11:50:48,APO,1,0,1,0,0,1,1,1,1,1,0,0
2025-07-15 11:50:48,AAPL,1,1,1,0,0,1,1,1,1,1,0,0
2025-07-15 11:50:49,AMAT,0,0,1,0,0,0,0,1,1,0,1,0
2025-07-15 11:50:50,APTV,1,0,1,0,0,0,1,0,1,0,0,0
2025-07-15 11:50:50,ACGL,0,0,1,0,0,0,0,0,1,1,0,0
2025-07-15 11:50:51,ADM,1,0,1,0,0,1,1,0,1,0,0,0
2025-07-15 11:50:52,ANET,0,0,0,0,0,0,0,1,1,1,0,0
2025-07-15 11:50:52,AJG,1,0,1,0,0,0,1,1,1,1,0,0
2025-07-15 11:50:53,AIZ,0,0,1,0,0,0,0,1,1,1,0,0
2025-07-15 11:50:54,T,0,0,0,0,0,0,0,0,1,0,0,0
2025-07-15 11:50:55,ATO,0,0,0,0,0,0,0,1,1,1,0,0
2025-07-15 11:50:55,ADSK,1,0,1,0,0,0,1,1,1,1,0,0
2025-07-15 11:50:56,ADP,1,0,1,0,0,0,1,1,1,0,0,0
2025-07-15 11:50:57,AZO,0,0,0,0,0,0,0,1,1,1,0,0
2025-07-15 11:50:57,AVB,0,0,0,0,0,0,0,1,1,1,0,0
2025-07-15 11:50:58,AVY,1,0,1,0,0,0,1,1,1,0,0,0
2025-07-15 11:50:59,AXON,1,0,0,0,0,1,1,1,1,1,0,0
2025-07-15 11:51:00,BKR,0,0,0,0,0,0,0,0,1,1,0,0
2025-07-15 11:51:01,BALL,0,0,1,0,0,0,0,0,1,0,0,0
2025-07-15 11:51:01,BAC,1,0,1,0,0,1,1,0,1,0,0,0
2025-07-15 11:51:02,BAX,1,0,1,0,0,0,1,0,1,1,0,0
2025-07-15 11:51:03,BDX,1,1,1,0,0,1,1,1,1,1,0,0
2025-07-15 11:51:03,BRK-B,0,0,1,0,0,0,0,1,0,0,0,0
2025-07-15 11:51:04,BBY,0,0,0,0,0,0,0,1,1,1,0,0
2025-07-15 11:51:05,TECH,0,0,1,0,0,0,0,1,1,1,0,0
2025-07-15 11:51:06,BIIB,0,0,1,0,0,0,0,1,1,1,0,0
2025-07-15 11:51:06,BLK,1,0,1,0,0,1,1,1,1,1,0,0
2025-07-15 11:51:07,BX,0,0,1,0,0,0,0,1,1,1,0,0
2025-07-15 11:51:08,BK,0,0,0,0,0,1,0,0,1,1,0,0
2025-07-15 11:51:08,BA,1,0,0,0,0,1,1,1,1,0,0,0
2025-07-15 11:51:09,BKNG,0,0,1,0,0,1,0,1,1,1,0,0
2025-07-15 11:51:10,BSX,1,0,1,0,0,1,1,0,1,1,0,0
2025-07-15 11:51:11,BMY,0,0,1,0,0,0,0,0,1,1,0,0
2025-07-15 11:51:12,AVGO,1,0,1,0,0,1,1,1,1,1,1,0
2025-07-15 11:51:12,BR,1,0,1,0,0,1,1,1,1,0,0,0
2025-07-15 11:51:13,BRO,1,0,1,0,0,0,1,0,1,1,0,0
2025-07-15 11:51:14,BF-B,0,0,1,0,0,0,0,0,0,1,0,0
2025-07-15 11:51:15,BLDR,0,0,1,0,0,0,0,1,1,1,0,0
2025-07-15 11:51:15,BG,1,0,1,0,0,1,1,1,1,0,0,0
2025-07-15 11:51:16,BXP,0,0,0,0,0,0,0,0,1,1,0,0
2025-07-15 11:51:17,CHRW,1,0,1,0,0,1,1,1,1,0,0,0
2025-07-15 11:51:18,CDNS,0,0,0,0,0,0,0,1,1,1,0,0
2025-07-15 11:51:18,CZR,0,0,1,0,0,0,0,0,1,1,0,0
2025-07-15 11:51:19,CPT,0,0,0,0,0,0,0,1,1,1,0,0
2025-07-15 11:51:20,CPB,1,0,1,0,0,0,1,0,1,0,0,0
2025-07-15 11:51:21,COF,0,0,1,0,0,1,0,1,1,1,0,0
2025-07-15 11:51:22,CAH,0,0,1,0,0,0,0,1,1,0,0,0
2025-07-15 11:51:22,KMX,0,0,1,0,0,0,0,0,1,1,1,0
2025-07-15 11:51:23,CCL,1,0,1,0,0,1,1,0,1,1,0,0
2025-07-15 11:51:24,CARR,0,0,0,0,0,0,0,0,1,0,0,0
2025-07-15 11:51:24,CAT,0,0,0,0,0,1,0,1,1,0,0,0
2025-07-15 11:51:25,CBOE,0,0,0,0,0,0,0,1,1,1,0,0
2025-07-15 11:51:26,CBRE,0,0,1,0,0,0,0,1,1,1,0,0
2025-07-15 11:51:27,CDW,1,0,1,0,0,0,1,1,1,1,0,0
2025-07-15 11:51:27,COR,0,0,1,0,0,0,0,1,1,1,0,0
2025-07-15 11:51:28,CNC,1,0,1,0,0,0,1,1,1,1,0,0
2025-07-15 11:51:29,CNP,0,0,0,0,0,0,0,0,1,0,0,0
2025-07-15 11:51:30,CF,0,0,1,0,0,0,0,1,1,1,0,0
2025-07-15 11:51:31,CRL,0,0,1,0,0,0,0,1,1,1,0,0
2025-07-15 11:51:32,SCHW,1,0,1,0,0,1,1,0,1,0,0,0
2025-07-15 11:51:32,CHTR,0,0,0,0,0,0,0,1,1,1,0,0
2025-07-15 11:51:33,CVX,0,0,1,0,0,0,0,1,1,0,0,0
2025-07-15 11:51:34,CMG,1,0,1,0,0,0,1,0,1,1,0,0
2025-07-15 11:51:36,CB,0,0,1,0,0,0,0,1,1,0,0,0
2025-07-15 11:51:37,CHD,0,0,1,0,0,0,0,0,1,0,0,0
2025-07-15 11:51:37,CI,0,0,1,0,0,0,0,1,1,1,0,0
2025-07-15 11:51:38,CINF,0,0,0,0,0,0,0,1,1,1,0,0
2025-07-15 11:51:40,CTAS,0,0,1,0,0,0,0,1,1,0,0,0
2025-07-15 11:51:40,CSCO,1,0,1,0,0,0,1,0,1,0,0,0
2025-07-15 11:51:41,C,1,0,1,0,0,1,1,0,1,1,1,0
2025-07-15 11:51:42,CFG,0,0,1,0,0,0,0,0,1,0,0,0
2025-07-15 11:51:43,CLX,0,0,0,0,0,0,0,1,1,1,0,0
2025-07-15 11:51:43,CME,0,0,0,0,0,0,0,1,1,0,0,0
2025-07-15 11:51:44,CMS,0,0,0,0,0,0,0,0,1,0,0,0
2025-07-15 11:51:45,KO,0,0,0,0,0,0,0,0,1,0,0,0
2025-07-15 11:51:46,CTSH,0,0,1,0,0,0,0,0,1,0,0,0
2025-07-15 11:51:47,COIN,1,0,1,0,0,1,1,1,1,1,0,0
2025-07-15 11:51:47,CL,0,0,0,0,0,0,0,0,1,0,0,0
2025-07-15 11:51:49,CMCSA,0,0,1,0,0,0,0,0,1,1,0,0
2025-07-15 11:51:49,CAG,0,0,1,0,0,0,0,0,1,1,0,0
2025-07-15 11:51:50,COP,0,0,1,0,0,0,0,0,1,1,0,0
2025-07-15 11:51:51,ED,0,0,0,0,0,0,0,0,1,0,0,0
2025-07-15 11:51:52,STZ,0,0,1,0,0,0,0,1,1,1,0,0
2025-07-15 11:51:53,CEG,0,0,0,0,0,1,0,1,1,1,0,0
2025-07-15 11:51:53,COO,1,0,1,0,0,0,1,0,1,1,0,0
2025-07-15 11:51:54,CPRT,0,0,0,0,0,0,0,0,1,1,0,0
2025-07-15 11:51:55,GLW,1,0,1,0,0,0,1,0,1,1,0,0
2025-07-15 11:51:55,CPAY,1,0,1,0,0,0,1,1,1,0,0,0
2025-07-15 11:51:56,CTVA,0,0,0,0,0,0,0,0,1,0,0,0
2025-07-15 11:51:57,CSGP,0,0,1,0,0,0,0,0,1,1,0,0
2025-07-15 11:51:58,COST,1,0,1,0,0,0,1,1,1,0,0,0
2025-07-15 11:51:58,CTRA,0,0,0,0,0,0,0,0,1,1,0,0
2025-07-15 11:51:59,CRWD,0,0,1,0,0,0,0,1,1,1,0,0
2025-07-15 11:52:00,CCI,0,0,0,0,0,0,0,1,1,1,0,0
2025-07-15 11:52:01,CSX,1,0,1,0,0,1,1,0,1,0,0,0
2025-07-15 11:52:01,CMI,1,0,1,0,0,1,1,1,1,0,0,0
2025-07-15 11:52:02,CVS,0,0,1,0,0,0,0,0,1,1,0,0
2025-07-15 11:52:03,DHR,0,0,1,0,0,0,0,1,1,1,0,0
2025-07-15 11:52:04,DRI,1,0,1,0,0,1,1,1,1,0,0,0
2025-07-15 11:52:05,DDOG,1,1,1,0,0,1,1,1,1,1,0,0
2025-07-15 11:52:05,DVA,0,0,1,0,0,0,0,1,1,1,0,0
2025-07-15 11:52:06,DAY,1,0,1,0,0,0,1,0,1,0,0,0
2025-07-15 11:52:07,DECK,0,0,0,0,0,0,0,1,1,1,0,0
2025-07-15 11:52:08,DE,1,0,0,0,0,1,1,1,1,0,0,0
2025-07-15 11:52:08,DELL,0,0,0,0,0,0,0,1,1,1,1,0
2025-07-15 11:52:09,DAL,0,0,1,0,0,0,0,1,1,1,0,0
2025-07-15 11:52:10,DVN,0,0,1,0,0,0,0,0,1,1,0,0
2025-07-15 11:52:11,DXCM,1,0,1,0,0,1,1,1,1,1,0,0
2025-07-15 11:52:12,FANG,0,0,0,0,0,0,0,1,1,1,0,0
2025-07-15 11:52:12,DLR,0,0,0,0,0,0,0,1,1,0,0,0
2025-07-15 11:52:13,DG,0,0,0,0,0,0,0,1,1,0,0,0
2025-07-15 11:52:22,MMM,1,0,1,0,0,1,1,1,1,0,0,0
2025-07-15 11:52:22,AOS,0,0,1,0,0,0,0,0,1,1,0,0
2025-07-15 11:52:23,ABT,0,0,1,0,0,0,0,1,1,1,0,0
2025-07-15 11:52:24,ABBV,1,0,1,0,0,0,1,1,1,1,0,0
2025-07-15 11:52:25,ACN,1,0,1,0,0,0,1,1,1,1,0,0
2025-07-15 11:52:25,ADBE,1,0,1,0,0,0,1,1,1,0,0,0
2025-07-15 11:52:26,AMD,0,0,1,0,0,0,0,1,1,1,1,0
2025-07-15 11:52:27,AES,1,0,1,0,0,1,1,0,1,1,1,0
2025-07-15 11:52:28,AFL,0,0,1,0,0,0,0,0,1,0,0,0
2025-07-15 11:52:28,A,0,0,0,0,0,0,0,1,1,1,0,0
2025-07-15 11:52:29,APD,0,0,0,0,0,0,0,1,1,1,0,0
2025-07-15 11:52:30,ABNB,1,0,1,0,0,0,1,1,1,1,0,0
2025-07-15 11:52:31,AKAM,1,0,1,0,0,0,1,0,1,0,0,0
2025-07-15 11:52:31,ALB,1,0,1,0,0,0,1,1,1,1,1,0
2025-07-15 11:52:32,ARE,0,0,1,0,0,0,0,1,1,1,0,0
2025-07-15 11:52:33,ALGN,0,0,1,0,0,0,0,1,1,1,1,0
2025-07-15 11:52:33,ALLE,0,0,0,0,0,0,0,1,1,1,0,0
2025-07-15 11:52:34,LNT,0,0,0,0,0,0,0,0,1,1,0,0
2025-07-15 11:52:35,ALL,0,0,0,0,0,0,0,1,1,1,0,0
2025-07-15 11:52:36,GOOGL,1,0,1,0,0,1,1,1,1,0,0,0
2025-07-15 11:52:37,GOOG,1,0,1,0,0,1,1,1,1,0,0,0
2025-07-15 11:52:38,MO,0,0,0,0,0,1,0,0,1,0,0,0
2025-07-15 11:52:38,AMZN,1,0,1,0,0,1,1,1,1,0,0,0
2025-07-15 11:52:39,AMCR,0,0,1,0,0,0,0,0,1,1,0,0
2025-07-15 11:52:40,AEE,0,0,0,0,0,0,0,0,1,0,0,0
2025-07-15 11:52:41,AEP,0,0,0,0,0,0,0,0,1,0,0,0
2025-07-15 11:52:42,AXP,1,0,1,0,0,0,1,1,1,0,0,0
2025-07-15 11:52:43,AIG,0,0,1,0,0,0,0,0,1,0,0,0
2025-07-15 11:52:44,AMT,0,0,1,0,0,0,0,1,1,0,0,0
2025-07-15 11:52:44,AWK,0,0,0,0,0,0,0,1,1,0,0,0
2025-07-15 11:52:45,AMP,1,0,1,0,0,1,1,1,1,1,0,0
2025-07-15 11:52:46,AME,0,0,1,0,0,0,0,1,1,0,0,0
2025-07-15 11:52:47,AMGN,1,0,1,0,0,0,1,1,1,1,0,0
2025-07-15 11:52:48,APH,0,0,0,0,0,0,0,0,1,0,0,0
2025-07-15 11:52:48,ADI,0,0,1,0,0,0,0,1,1,0,0,0
2025-07-15 11:52:49,ANSS,0,0,0,0,0,1,0,1,1,1,0,0
2025-07-15 11:52:50,AON,1,0,1,0,0,0,1,1,1,1,0,0
2025-07-15 11:52:51,APA,0,0,1,0,0,0,0,0,1,1,0,0
2025-07-15 11:52:51,APO,1,0,1,0,0,0,1,1,1,1,0,0
2025-07-15 11:52:52,AAPL,1,0,1,0,0,1,1,1,1,0,0,0
2025-07-15 11:52:53,AMAT,0,0,1,0,0,0,0,1,1,0,1,0
2025-07-15 11:52:54,APTV,0,0,1,0,0,0,0,0,1,0,0,0
2025-07-15 11:52:54,ACGL,0,0,1,0,0,0,0,0,1,1,0,0
2025-07-15 11:52:55,ADM,1,0,1,0,0,1,1,0,1,0,0,0
2025-07-15 11:52:56,ANET,0,0,0,0,0,0,0,1,1,1,0,0
2025-07-15 11:52:57,AJG,1,0,1,0,0,0,1,1,1,1,0,0
2025-07-15 11:52:57,AIZ,0,0,1,0,0,0,0,1,1,1,0,0
2025-07-15 11:52:58,T,0,0,0,0,0,0,0,0,1,1,0,0
2025-07-15 11:52:59,ATO,0,0,0,0,0,0,0,1,1,1,0,0
2025-07-15 11:53:00,ADSK,1,0,1,0,0,0,1,1,1,1,0,0
2025-07-15 11:53:00,ADP,1,0,1,0,0,0,1,1,1,0,0,0
2025-07-15 11:53:01,AZO,0,0,0,0,0,0,0,1,1,1,0,0
2025-07-15 11:53:02,AVB,0,0,0,0,0,0,0,1,1,1,0,0
2025-07-15 11:53:03,AVY,1,0,1,0,0,0,1,1,1,0,0,0
2025-07-15 11:53:03,AXON,1,0,0,0,0,1,1,1,1,1,0,0
2025-07-15 11:53:04,BKR,0,0,0,0,0,0,0,0,1,1,0,0
2025-07-15 11:53:05,BALL,0,0,1,0,0,0,0,0,1,0,0,0
2025-07-15 11:53:06,BAC,0,0,1,0,0,1,0,0,1,0,0,0
2025-07-15 11:53:07,BAX,1,0,1,0,0,0,1,0,1,1,0,0
2025-07-15 11:53:07,BDX,1,1,1,0,0,1,1,1,1,1,0,0
2025-07-15 11:53:08,BRK-B,0,0,1,0,0,0,0,1,0,0,0,0
2025-07-15 11:53:09,BBY,0,0,0,0,0,0,0,1,1,1,0,0
2025-07-15 11:53:10,TECH,0,0,1,0,0,0,0,1,1,1,0,0
2025-07-15 11:53:11,BIIB,0,0,1,0,0,0,0,1,1,1,0,0
2025-07-15 11:53:12,BLK,1,0,1,0,0,1,1,1,1,1,0,0
2025-07-15 11:53:12,BX,0,0,1,0,0,0,0,1,1,1,0,0
2025-07-15 11:53:13,BK,0,0,0,0,0,0,0,0,1,1,0,0
2025-07-15 11:53:14,BA,1,0,0,0,0,1,1,1,1,0,0,0
2025-07-15 11:53:15,BKNG,0,0,1,0,0,1,0,1,1,1,0,0
2025-07-15 11:53:16,BSX,1,0,1,0,0,1,1,0,1,1,0,0
2025-07-15 11:53:16,BMY,0,0,1,0,0,0,0,0,1,1,0,0
2025-07-15 11:53:17,AVGO,0,0,0,0,0,1,0,1,1,1,1,0
2025-07-15 11:53:18,BR,1,0,1,0,0,1,1,1,1,0,0,0
2025-07-15 11:53:19,BRO,1,0,1,0,0,0,1,0,1,1,0,0
2025-07-15 11:53:20,BF-B,0,0,1,0,0,0,0,0,0,1,0,0
2025-07-15 11:53:20,BLDR,0,0,1,0,0,0,0,1,1,1,0,0
2025-07-15 11:53:21,BG,1,0,1,0,0,1,1,1,1,0,0,0
2025-07-15 11:53:22,BXP,0,0,0,0,0,0,0,0,1,1,0,0
2025-07-15 11:53:23,CHRW,1,0,1,0,0,1,1,1,1,0,0,0
2025-07-15 11:53:23,CDNS,0,0,0,0,0,0,0,1,1,1,0,0
2025-07-15 11:53:24,CZR,0,0,1,0,0,0,0,0,1,1,0,0
2025-07-15 11:53:25,CPT,0,0,0,0,0,0,0,1,1,1,0,0
2025-07-15 11:53:25,CPB,1,0,1,0,0,0,1,0,1,0,0,0
2025-07-15 11:53:26,COF,0,0,1,0,0,1,0,1,1,1,0,0
2025-07-15 11:53:27,CAH,0,0,1,0,0,0,0,1,1,0,0,0
2025-07-15 11:53:28,KMX,0,0,1,0,0,0,0,0,1,1,1,0
2025-07-15 11:53:28,CCL,0,0,1,0,0,1,0,0,1,1,0,0
2025-07-15 11:53:29,CARR,0,0,0,0,0,0,0,0,1,0,0,0
2025-07-15 11:53:30,CAT,0,0,0,0,0,0,0,1,1,0,0,0
2025-07-15 11:53:31,CBOE,0,0,0,0,0,0,0,1,1,1,0,0
2025-07-15 11:53:32,CBRE,0,0,1,0,0,0,0,1,1,1,0,0
2025-07-15 11:53:33,CDW,1,0,1,0,0,0,1,1,1,1,0,0
2025-07-15 11:53:33,COR,0,0,1,0,0,0,0,1,1,1,0,0
2025-07-15 11:53:34,CNC,1,0,1,0,0,0,1,1,1,1,0,0
2025-07-15 11:53:35,CNP,0,0,1,0,0,0,0,0,1,0,0,0
2025-07-15 11:53:36,CF,0,0,0,0,0,0,0,1,1,1,0,0
2025-07-15 11:53:36,CRL,0,0,1,0,0,0,0,1,1,1,0,0
2025-07-15 11:53:37,SCHW,1,0,1,0,0,0,1,0,1,0,0,0
2025-07-15 11:53:38,CHTR,0,0,0,0,0,0,0,1,1,1,0,0
2025-07-15 11:53:39,CVX,0,0,1,0,0,0,0,1,1,0,0,0
2025-07-15 11:53:40,CMG,1,0,1,0,0,0,1,0,1,1,0,0
2025-07-15 11:53:40,CB,0,0,1,0,0,0,0,1,1,0,0,0
2025-07-15 11:53:41,CHD,0,0,1,0,0,0,0,0,1,0,0,0
2025-07-15 11:53:42,CI,0,0,1,0,0,0,0,1,1,1,0,0
2025-07-15 11:53:43,CINF,0,0,0,0,0,0,0,1,1,1,0,0
2025-07-15 11:53:44,CTAS,0,0,1,0,0,0,0,1,1,0,0,0
2025-07-15 11:53:45,CSCO,0,0,1,0,0,0,0,0,1,0,0,0
2025-07-15 11:53:46,C,1,0,1,0,0,1,1,0,1,1,1,0
2025-07-15 11:53:46,CFG,0,0,0,0,0,0,0,0,1,0,0,0
2025-07-15 11:53:47,CLX,0,0,0,0,0,0,0,1,1,1,0,0
2025-07-15 11:53:48,CME,0,0,0,0,0,0,0,1,1,0,0,0
2025-07-15 11:53:49,CMS,0,0,0,0,0,0,0,0,1,0,0,0
2025-07-15 11:53:50,KO,0,0,0,0,0,0,0,0,1,0,0,0
2025-07-15 11:53:51,CTSH,0,0,1,0,0,0,0,0,1,0,0,0
2025-07-15 11:53:52,COIN,1,0,1,0,0,1,1,1,1,1,0,0
2025-07-15 11:53:55,CL,0,0,0,0,0,0,0,0,1,0,0,0
2025-07-15 11:53:56,CMCSA,0,0,1,0,0,0,0,0,1,1,0,0
2025-07-15 11:53:56,CAG,0,0,1,0,0,0,0,0,1,1,0,0
2025-07-15 11:53:57,COP,0,0,1,0,0,0,0,0,1,1,0,0
2025-07-15 11:53:58,ED,0,0,0,0,0,0,0,0,1,0,0,0
2025-07-15 11:53:59,STZ,0,0,1,0,0,0,0,1,1,1,0,0
2025-07-15 11:53:59,CEG,0,0,0,0,0,1,0,1,1,1,0,0
2025-07-15 11:54:00,COO,0,0,1,0,0,0,0,0,1,1,0,0
2025-07-15 11:54:01,CPRT,0,0,0,0,0,0,0,0,1,1,0,0
2025-07-15 11:54:01,GLW,1,0,1,0,0,0,1,0,1,1,0,0
2025-07-15 11:54:02,CPAY,0,0,1,0,0,0,0,1,1,0,0,0
2025-07-15 11:54:03,CTVA,0,0,0,0,0,0,0,0,1,0,0,0
2025-07-15 11:54:04,CSGP,0,0,1,0,0,0,0,0,1,1,0,0
2025-07-15 11:54:04,COST,1,0,1,0,0,0,1,1,1,0,0,0
2025-07-15 11:54:05,CTRA,0,0,0,0,0,0,0,0,1,1,0,0
2025-07-15 11:54:06,CRWD,0,0,1,0,0,0,0,1,1,1,0,0
2025-07-15 11:54:07,CCI,0,0,1,0,0,0,0,1,1,1,0,0
2025-07-15 11:54:08,CSX,1,0,1,0,0,0,1,0,1,0,0,0
2025-07-15 11:54:08,CMI,1,0,1,0,0,1,1,1,1,0,0,0
2025-07-15 11:54:09,CVS,0,0,1,0,0,0,0,0,1,1,0,0
2025-07-15 11:54:10,DHR,0,0,1,0,0,0,0,1,1,1,0,0
2025-07-15 11:54:11,DRI,1,0,1,0,0,1,1,1,1,0,0,0
2025-07-15 11:54:11,DDOG,1,1,1,0,0,1,1,1,1,1,0,0
2025-07-15 11:54:12,DVA,0,0,1,0,0,0,0,1,1,1,0,0
2025-07-15 11:54:13,DAY,0,0,1,0,0,0,0,0,1,0,0,0
2025-07-15 11:54:14,DECK,0,0,0,0,0,0,0,1,1,1,0,0
2025-07-15 11:54:14,DE,1,0,0,0,0,1,1,1,1,0,0,0
2025-07-15 11:54:15,DELL,0,0,0,0,0,0,0,1,1,1,1,0
2025-07-15 11:54:16,DAL,0,0,0,0,0,0,0,1,1,1,0,0
2025-07-15 11:54:17,DVN,0,0,1,0,0,0,0,0,1,1,0,0
2025-07-15 11:54:17,DXCM,1,0,1,0,0,1,1,1,1,1,0,0
2025-07-15 11:54:18,FANG,0,0,0,0,0,0,0,1,1,1,0,0
2025-07-15 11:54:19,DLR,0,0,0,0,0,0,0,1,1,0,0,0
2025-07-15 11:54:20,DG,0,0,0,0,0,0,0,1,1,0,0,0
2025-07-15 11:54:20,DLTR,0,0,0,0,0,0,0,1,1,1,0,0
2025-07-15 11:54:21,D,0,0,0,0,0,0,0,0,1,1,0,0
2025-07-15 11:54:22,DPZ,0,0,0,0,0,0,0,1,1,1,0,0
2025-07-15 11:54:22,DASH,1,1,1,0,0,1,1,1,1,1,0,0
2025-07-15 11:54:23,DOV,0,0,1,0,0,0,0,1,1,1,1,0
2025-07-15 11:54:24,DOW,0,0,1,0,0,0,0,0,1,1,1,0
2025-07-15 11:54:25,DHI,0,0,0,0,0,0,0,1,1,1,0,0
2025-07-15 11:54:26,DTE,0,0,0,0,0,0,0,1,1,0,0,0
2025-07-15 11:54:26,DUK,0,0,0,0,0,0,0,0,1,1,0,0
2025-07-15 11:54:27,DD,0,0,1,0,0,0,0,0,1,1,1,0
2025-07-15 11:54:28,EMN,0,0,0,0,0,0,0,1,1,1,0,0
2025-07-15 11:54:29,ETN,0,0,0,0,0,0,0,1,1,1,1,0
2025-07-15 11:54:30,EBAY,1,0,1,0,0,0,1,0,1,0,0,0
2025-07-15 11:54:31,ECL,0,0,0,0,0,0,0,1,1,0,0,0
2025-07-15 11:54:32,EIX,0,0,1,0,0,0,0,0,1,1,0,0
2025-07-15 11:54:32,EW,1,0,1,0,0,0,1,0,1,1,0,0
2025-07-15 11:54:33,EA,0,0,0,0,0,0,0,1,1,0,0,0
2025-07-15 11:54:34,ELV,0,0,1,0,0,0,0,1,1,1,0,0
2025-07-15 11:54:34,EMR,0,0,1,0,0,1,0,1,1,0,0,0
2025-07-15 11:54:35,ENPH,1,0,0,0,0,1,1,1,1,1,0,0
2025-07-15 11:54:36,ETR,1,0,1,0,0,0,1,0,1,1,0,0
2025-07-15 11:54:36,EOG,0,0,0,0,0,0,0,1,1,1,0,0
2025-07-15 11:54:37,EPAM,1,0,1,0,0,0,1,1,1,1,0,0
2025-07-15 11:54:38,EQT,0,0,0,0,0,0,0,0,1,1,0,0
2025-07-15 11:54:39,EFX,0,0,1,0,0,0,0,1,1,1,0,0
2025-07-15 11:54:39,EQIX,0,0,0,0,0,0,0,1,1,0,0,0
2025-07-15 11:54:40,EQR,0,0,0,0,0,0,0,0,1,1,0,0
2025-07-15 11:54:41,ERIE,0,0,1,0,0,1,0,1,1,0,0,0
2025-07-15 11:54:41,ESS,0,0,1,0,0,0,0,1,1,1,0,0
2025-07-15 11:54:42,EL,0,0,1,0,0,0,0,1,1,1,0,0
2025-07-15 11:54:44,EG,0,0,1,0,0,0,0,1,1,1,0,0
2025-07-15 11:54:45,EVRG,0,0,1,0,0,0,0,0,1,1,0,0
2025-07-15 11:54:46,ES,0,0,0,0,0,0,0,0,1,1,0,0
2025-07-15 11:54:47,EXC,0,0,0,0,0,0,0,0,1,0,0,0
2025-07-15 11:54:48,EXE,1,0,1,0,0,0,1,1,1,1,0,0
2025-07-15 11:54:48,EXPE,1,0,1,0,0,0,1,1,1,1,0,0
2025-07-15 11:54:49,EXPD,0,0,1,0,0,0,0,1,1,1,0,0
2025-07-15 11:54:50,EXR,0,0,0,0,0,0,0,1,1,1,0,0
2025-07-15 11:54:50,XOM,0,0,1,0,0,0,0,0,1,0,0,0
2025-07-15 11:54:51,FFIV,0,0,0,0,0,0,0,1,1,0,0,0
2025-07-15 11:54:52,FDS,1,0,1,0,0,1,1,1,1,1,0,0
2025-07-15 11:54:53,FICO,0,0,0,0,0,0,0,1,1,1,0,0
2025-07-15 11:54:54,FAST,0,0,0,0,0,1,0,0,1,1,0,0
2025-07-15 11:54:54,FRT,0,0,0,0,0,0,0,0,1,1,0,0
2025-07-15 11:54:57,FDX,0,0,1,0,0,0,0,1,1,0,0,0
2025-07-15 11:54:58,FIS,0,0,1,0,0,0,0,0,1,0,0,0
2025-07-15 11:54:58,FITB,0,0,1,0,0,0,0,0,1,0,0,0
2025-07-15 11:54:59,FSLR,0,0,0,0,0,1,0,1,1,1,1,0
2025-07-15 11:55:00,FE,1,0,0,0,0,0,1,0,1,0,0,0
2025-07-15 11:55:00,FI,0,0,1,0,0,0,0,1,1,0,0,0
2025-07-15 11:55:01,F,0,0,1,0,0,0,0,0,1,1,0,0
2025-07-15 11:55:01,FTNT,0,0,0,0,0,0,0,1,1,1,0,0
2025-07-15 11:55:02,FTV,0,0,1,0,0,0,0,0,1,1,0,0
2025-07-15 11:55:02,FOXA,1,0,0,0,0,1,1,0,1,1,0,0
2025-07-15 11:55:03,FOX,1,0,0,0,0,1,1,0,1,0,0,0
2025-07-15 11:55:05,BEN,0,0,1,0,0,0,0,0,1,1,0,0
2025-07-15 11:55:06,FCX,0,0,1,0,0,0,0,0,1,1,0,0
2025-07-15 11:55:06,GRMN,1,0,1,0,0,0,1,1,1,0,0,0
2025-07-15 11:55:07,IT,0,0,1,0,0,0,0,1,1,1,0,0
2025-07-15 11:55:08,GE,0,0,1,0,0,0,0,1,1,0,0,0
2025-07-15 11:55:08,GEHC,0,0,1,0,0,0,0,0,1,1,0,0
2025-07-15 11:55:09,GEV,0,0,0,0,0,1,0,1,1,1,0,0
2025-07-15 11:55:09,GEN,0,0,0,0,0,0,0,0,1,0,0,0
2025-07-15 11:55:10,GNRC,0,0,1,0,0,0,0,1,1,0,0,0
2025-07-15 11:55:11,GD,0,0,0,0,0,0,0,1,1,0,0,0
2025-07-15 11:55:12,GIS,0,0,0,0,0,0,0,0,1,0,0,0
2025-07-15 11:55:12,GM,0,0,1,0,0,0,0,0,1,0,0,0
2025-07-15 11:55:13,GPC,0,0,0,0,0,0,0,1,1,0,0,0
2025-07-15 11:55:13,GILD,1,0,1,0,0,0,1,1,1,1,0,0
2025-07-15 11:55:14,GPN,0,0,1,0,0,0,0,0,1,1,0,0
2025-07-15 11:55:15,GL,0,0,1,0,0,0,0,1,1,1,0,0
2025-07-15 11:55:15,GDDY,0,0,0,0,0,0,0,1,1,0,0,0
2025-07-15 11:55:16,GS,0,0,1,0,0,0,0,1,1,0,0,0
2025-07-15 11:55:17,HAL,0,0,1,0,0,0,0,0,1,1,0,0
2025-07-15 11:55:17,HIG,0,0,1,0,0,0,0,1,1,1,0,0
2025-07-15 11:55:18,HAS,0,0,0,0,0,0,0,0,1,1,0,0
2025-07-15 11:55:18,HCA,0,0,0,0,0,0,0,1,1,1,0,0
2025-07-15 11:55:19,DOC,0,0,1,0,0,0,0,0,1,1,0,0
2025-07-15 11:55:19,HSIC,0,0,1,0,0,0,0,0,1,1,0,0
2025-07-15 11:55:20,HSY,0,0,0,0,0,0,0,1,1,1,0,0
2025-07-15 11:55:21,HES,0,0,1,0,0,0,0,1,1,0,0,0
2025-07-15 11:55:21,HPE,0,0,1,0,0,0,0,0,1,1,0,0
2025-07-15 11:55:22,HLT,0,0,1,0,0,0,0,1,1,1,0,0
2025-07-15 11:55:22,HOLX,0,0,1,0,0,0,0,0,1,1,0,0
2025-07-15 11:55:23,HD,0,0,1,0,0,0,0,1,1,1,0,0
2025-07-15 11:55:23,HON,0,0,1,0,0,0,0,1,1,0,0,0
2025-07-15 11:55:24,HRL,0,0,0,0,0,0,0,0,1,0,0,0
2025-07-15 11:55:25,HST,0,0,0,0,0,0,0,0,1,0,0,0
2025-07-15 11:55:26,HWM,0,0,0,0,0,1,0,1,1,1,0,0
2025-07-15 11:55:27,HPQ,0,0,0,0,0,0,0,0,1,1,0,0
2025-07-15 11:55:27,HUBB,0,0,0,0,0,0,0,1,1,0,0,0
2025-07-15 11:55:28,HUM,0,0,1,0,0,0,0,1,1,1,0,0
2025-07-15 11:55:29,HBAN,0,0,0,0,0,0,0,0,1,0,0,0
2025-07-15 11:55:29,HII,0,0,0,0,0,0,0,1,1,0,0,0
2025-07-15 11:55:30,IBM,1,0,1,0,0,1,1,1,1,0,0,0
2025-07-15 11:55:31,IEX,0,0,1,0,0,0,0,1,1,0,0,0
2025-07-15 11:55:31,IDXX,1,0,1,0,0,0,1,1,1,0,0,0
2025-07-15 11:55:32,ITW,0,0,1,0,0,0,0,1,1,0,0,0
2025-07-15 11:55:33,INCY,1,0,1,0,0,0,1,1,1,1,0,0
2025-07-15 11:55:33,IR,0,0,0,0,0,0,0,0,1,0,0,0
2025-07-15 11:55:34,PODD,1,0,1,0,0,1,1,1,1,0,0,0
2025-07-15 11:55:34,INTC,1,0,1,0,0,0,1,0,1,1,0,0
2025-07-15 11:55:35,ICE,0,0,1,0,0,0,0,1,1,0,0,0
2025-07-15 11:55:36,IFF,1,0,1,0,0,0,1,0,1,0,0,0
2025-07-15 11:55:37,IP,1,0,1,0,0,0,1,0,1,1,0,0
2025-07-15 11:55:37,IPG,0,0,1,0,0,0,0,0,1,1,0,0
2025-07-15 11:55:38,INTU,0,0,1,0,0,0,0,1,1,0,0,0
2025-07-15 11:55:39,ISRG,1,0,1,0,0,0,1,1,1,1,0,0
2025-07-15 11:55:39,IVZ,0,0,1,0,0,0,0,0,1,1,0,0
2025-07-15 11:55:40,INVH,0,0,0,0,0,0,0,0,1,1,0,0
2025-07-15 11:55:40,IQV,0,0,0,0,0,0,0,1,1,1,0,0
2025-07-15 11:55:41,IRM,0,0,1,0,0,0,0,1,1,1,0,0
2025-07-15 11:55:42,JBHT,0,0,1,0,0,0,0,1,1,1,0,0
2025-07-15 11:55:42,JBL,0,0,0,0,0,0,0,1,1,1,0,0
2025-07-15 11:55:43,JKHY,0,0,1,0,0,1,0,1,1,0,0,0
2025-07-15 11:55:43,J,0,0,0,0,0,0,0,0,1,0,0,0
2025-07-15 11:55:44,JNJ,0,0,1,0,0,0,0,1,1,1,0,0
2025-07-15 11:55:45,JCI,0,0,0,0,0,0,0,0,1,0,0,0
2025-07-15 11:55:46,JPM,1,0,1,0,0,0,1,1,1,1,0,0
2025-07-15 11:55:48,K,0,0,0,0,0,0,0,0,0,0,0,0
2025-07-15 11:55:48,KVUE,0,0,0,0,0,0,0,0,1,1,0,0
2025-07-15 11:55:49,KDP,0,0,0,0,0,0,0,0,1,0,0,0
2025-07-15 11:55:50,KEY,0,0,0,0,0,0,0,0,1,1,0,0
2025-07-15 11:55:50,KEYS,0,0,0,0,0,0,0,1,1,0,0,0
2025-07-15 11:55:51,KMB,0,0,1,0,0,0,0,1,1,0,0,0
2025-07-15 11:55:52,KIM,0,0,0,0,0,0,0,0,1,1,0,0
2025-07-15 11:55:52,KMI,0,0,0,0,0,0,0,0,1,1,0,0
2025-07-15 11:55:53,KKR,0,0,1,0,0,0,0,1,1,1,0,0
2025-07-15 11:55:54,KLAC,0,0,0,0,0,0,0,1,1,0,1,0
2025-07-15 11:55:54,KHC,0,0,0,0,0,0,0,0,1,1,0,0
2025-07-15 11:55:55,KR,1,0,1,0,0,0,1,0,1,0,0,0
2025-07-15 11:55:56,LHX,0,0,0,0,0,0,0,1,1,0,0,0
2025-07-15 11:55:56,LH,0,0,1,0,0,0,0,1,1,1,0,0
2025-07-15 11:55:57,LRCX,0,0,1,0,0,0,0,0,1,0,1,0
2025-07-15 11:55:58,LW,0,0,1,0,0,0,0,0,1,1,0,0
2025-07-15 11:55:58,LVS,0,0,1,0,0,0,0,0,1,0,0,0
2025-07-15 11:55:59,LDOS,0,0,0,0,0,0,0,1,1,1,0,0
2025-07-15 11:56:00,LEN,0,0,0,0,0,0,0,1,1,1,0,0
2025-07-15 11:56:01,LII,0,0,1,0,0,0,0,1,1,0,0,0
2025-07-15 11:56:01,LLY,0,0,1,0,0,0,0,1,1,1,0,0
2025-07-15 11:56:02,LIN,0,0,0,0,0,0,0,1,1,1,0,0
2025-07-15 11:56:03,LYV,0,0,1,0,0,0,0,1,1,1,0,0
2025-07-15 11:56:04,LKQ,0,0,1,0,0,0,0,0,1,0,0,0
2025-07-15 11:56:05,LMT,0,0,0,0,0,0,0,1,1,0,0,0
2025-07-15 11:56:06,L,0,0,0,0,0,0,0,0,1,0,0,0
2025-07-15 11:56:07,LOW,0,0,1,0,0,0,0,1,1,1,0,0
2025-07-15 11:56:08,LULU,0,0,0,0,0,0,0,1,1,1,0,0
2025-07-15 11:56:08,LYB,0,0,1,0,0,0,0,0,1,1,0,0
2025-07-15 11:56:09,MTB,0,0,1,0,0,0,0,1,1,0,0,0
2025-07-15 11:56:10,MPC,0,0,1,0,0,0,0,1,1,1,0,0
2025-07-15 11:56:11,MKTX,0,0,0,0,0,0,0,1,1,0,0,0
2025-07-15 11:56:12,MAR,1,0,1,0,0,0,1,1,1,1,0,0
2025-07-15 11:56:12,MMC,0,0,1,0,0,0,0,1,1,0,0,0
2025-07-15 11:56:13,MLM,0,0,0,0,0,0,0,1,1,1,0,0
2025-07-15 11:56:14,MAS,0,0,0,0,0,0,0,0,1,1,1,0
2025-07-15 11:56:15,MA,0,0,1,0,0,0,0,1,1,0,0,0
2025-07-15 11:56:15,MTCH,1,0,1,0,0,1,1,0,1,1,0,0
2025-07-15 11:56:16,MKC,0,0,1,0,0,0,0,0,1,1,0,0
2025-07-15 11:56:17,MCD,0,0,0,0,0,0,0,1,1,0,0,0
2025-07-15 11:56:18,MCK,1,0,1,0,0,0,1,1,1,0,0,0
2025-07-15 11:56:19,MDT,0,0,1,0,0,0,0,0,1,1,0,0
2025-07-15 11:56:19,MRK,0,0,1,0,0,0,0,0,1,1,0,0
2025-07-15 11:56:20,META,1,0,1,0,0,1,1,1,1,0,0,0
2025-07-15 11:56:21,MET,0,0,1,0,0,0,0,0,1,1,0,0
2025-07-15 11:56:22,MTD,0,0,0,0,0,0,0,1,1,0,0,0
2025-07-15 11:56:23,MGM,0,0,0,0,0,1,0,0,1,1,0,0
2025-07-15 11:56:23,MCHP,0,0,1,0,0,0,0,1,1,1,1,0
2025-07-15 11:56:24,MU,0,0,1,0,0,0,0,1,1,1,1,0
2025-07-15 11:56:25,MSFT,1,1,1,0,0,1,1,1,1,0,0,0
2025-07-15 11:56:26,MAA,0,0,0,0,0,0,0,1,1,1,0,0
2025-07-15 11:56:27,MRNA,1,0,1,0,0,0,1,0,1,1,0,0
2025-07-15 11:56:27,MHK,0,0,1,0,0,0,0,1,1,1,0,0
2025-07-15 11:56:28,MOH,0,0,1,0,0,0,0,1,1,1,0,0
2025-07-15 11:56:29,TAP,0,0,0,0,0,0,0,0,1,0,0,0
2025-07-15 11:56:31,MDLZ,0,0,0,0,0,0,0,0,1,0,0,0
2025-07-15 11:56:31,MPWR,0,0,1,0,0,0,0,1,1,1,1,0
2025-07-15 11:56:32,MNST,0,0,1,0,0,0,0,0,1,1,0,0
2025-07-15 11:56:33,MCO,0,0,1,0,0,0,0,1,1,0,0,0
2025-07-15 11:56:33,MS,0,0,1,0,0,0,0,1,1,0,0,0
2025-07-15 11:56:34,MOS,0,0,1,0,0,0,0,0,1,1,0,0
2025-07-15 11:56:35,MSI,0,0,0,0,0,0,0,1,1,1,0,0
2025-07-15 11:56:36,MSCI,0,0,0,0,0,0,0,1,1,1,0,0
2025-07-15 11:56:36,NDAQ,0,0,1,0,0,0,0,0,1,0,0,0
2025-07-15 11:56:37,NTAP,0,0,0,0,0,0,0,1,1,1,1,0
2025-07-15 11:56:38,NFLX,1,0,0,0,0,1,1,1,1,1,0,0
2025-07-15 11:56:39,NEM,0,0,1,0,0,0,0,0,1,1,0,0
2025-07-15 11:56:39,NWSA,0,0,0,0,0,0,0,0,1,1,1,0
2025-07-15 11:56:40,NWS,0,0,1,0,0,0,0,0,1,1,0,0
2025-07-15 11:56:41,NEE,0,0,0,0,0,0,0,1,1,1,0,0
2025-07-15 11:56:42,NKE,0,0,0,0,0,0,0,1,1,0,0,0
2025-07-15 11:56:42,NI,0,0,0,0,0,0,0,0,1,0,0,0
2025-07-15 11:56:43,NDSN,0,0,1,0,0,0,0,1,1,0,0,0
2025-07-15 11:56:44,NSC,0,0,1,0,0,0,0,1,1,0,0,0
2025-07-15 11:56:44,NTRS,0,0,1,0,0,1,0,1,1,1,0,0
2025-07-15 11:56:45,NOC,0,0,0,0,0,0,0,1,1,0,0,0
2025-07-15 11:56:46,NCLH,0,0,0,0,0,0,0,0,1,1,0,0
2025-07-15 11:56:47,NRG,0,0,1,0,0,0,0,1,1,1,0,0
2025-07-15 11:56:48,NUE,0,0,1,0,0,0,0,1,1,1,0,0
2025-07-15 11:56:48,NVDA,0,0,0,0,0,1,0,1,1,1,1,0
2025-07-15 11:56:49,NVR,0,0,0,0,0,0,0,1,1,1,0,0
2025-07-15 11:56:50,NXPI,0,0,1,0,0,0,0,1,1,1,1,0
2025-07-15 11:56:51,ORLY,0,0,0,0,0,0,0,0,1,0,0,0
2025-07-15 11:56:52,OXY,0,0,0,0,0,0,0,0,1,1,0,0
2025-07-15 11:56:52,ODFL,0,0,1,0,0,0,0,1,1,1,0,0
2025-07-15 11:56:53,OMC,0,0,1,0,0,0,0,0,1,1,1,0
2025-07-15 11:56:54,ON,0,0,1,0,0,0,0,0,1,1,1,0
2025-07-15 11:56:55,OKE,0,0,0,0,0,0,0,0,1,1,0,0
2025-07-15 11:56:56,ORCL,1,0,1,0,0,1,1,1,1,1,1,0
2025-07-15 11:56:56,OTIS,0,0,1,0,0,0,0,0,1,0,1,0
2025-07-15 11:56:57,PCAR,0,0,0,0,0,0,0,1,1,0,0,0
2025-07-15 11:56:58,PKG,0,0,1,0,0,0,0,1,1,0,0,0
2025-07-15 11:56:59,PLTR,1,0,0,0,0,1,1,1,1,1,0,0
2025-07-15 11:57:00,PANW,0,0,0,0,0,1,0,1,1,0,0,0
2025-07-15 11:57:01,PARA,1,0,1,0,0,1,1,0,1,0,0,0
2025-07-15 11:57:01,PH,1,0,1,0,0,1,1,1,1,0,0,0
2025-07-15 11:57:02,PAYX,0,0,0,0,0,0,0,1,1,0,0,0
2025-07-15 11:57:03,PAYC,0,0,0,0,0,0,0,1,1,0,0,0
2025-07-15 11:57:04,PYPL,1,0,1,0,0,1,1,0,1,0,0,0
2025-07-15 11:57:04,PNR,0,0,0,0,0,0,0,0,1,1,0,0
2025-07-15 11:57:05,PEP,0,0,1,0,0,0,0,1,1,0,0,0
2025-07-15 11:57:06,PFE,0,0,1,0,0,0,0,0,1,1,0,0
2025-07-15 11:57:07,PCG,0,0,1,0,0,0,0,0,1,1,0,0
2025-07-15 11:57:10,PM,0,0,0,0,0,0,0,1,1,0,0,0
2025-07-15 11:57:11,PSX,0,0,1,0,0,0,0,1,1,0,0,0
2025-07-15 11:57:11,PNW,0,0,0,0,0,0,0,0,1,0,0,0
2025-07-15 11:57:12,PNC,0,0,0,0,0,0,0,1,1,0,0,0
2025-07-15 11:57:13,POOL,0,0,1,0,0,0,0,1,1,1,0,0
2025-07-15 11:57:14,PPG,0,0,1,0,0,0,0,1,1,1,0,0
2025-07-15 11:57:14,PPL,0,0,0,0,0,0,0,0,1,1,0,0
2025-07-15 11:57:15,PFG,0,0,1,0,0,0,0,0,1,1,0,0
2025-07-15 11:57:16,PG,1,0,1,0,0,0,1,1,1,0,0,0
2025-07-15 11:57:17,PGR,0,0,1,0,0,0,0,1,1,1,0,0
2025-07-15 11:57:17,PLD,0,0,0,0,0,0,0,1,1,0,0,0
2025-07-15 11:57:18,PRU,0,0,1,0,0,0,0,0,1,0,0,0
2025-07-15 11:57:20,PEG,0,0,1,0,0,0,0,0,1,1,0,0
2025-07-15 11:57:20,PTC,1,0,1,0,0,1,1,1,1,1,0,0
2025-07-15 11:57:21,PSA,0,0,0,0,0,0,0,1,1,1,0,0
2025-07-15 11:57:22,PHM,0,0,0,0,0,0,0,1,1,1,0,0
2025-07-15 11:57:26,PWR,0,0,0,0,0,0,0,1,1,1,0,0
2025-07-15 11:57:27,QCOM,0,0,1,0,0,0,0,1,1,1,1,0
2025-07-15 11:57:28,DGX,0,0,1,0,0,0,0,1,1,1,0,0
2025-07-15 11:57:28,RL,0,0,1,0,0,0,0,1,1,1,0,0
2025-07-15 11:57:29,RJF,0,0,1,0,0,0,0,1,1,1,0,0
2025-07-15 11:57:30,RTX,0,0,1,0,0,0,0,1,1,1,0,0
2025-07-15 11:57:31,O,0,0,0,0,0,0,0,0,1,1,0,0
2025-07-15 11:57:32,REG,0,0,0,0,0,0,0,0,1,1,0,0
2025-07-15 11:57:33,REGN,0,0,1,0,0,0,0,1,1,1,0,0
2025-07-15 11:57:33,RF,0,0,0,0,0,0,0,0,1,0,0,0
2025-07-15 11:57:34,RSG,0,0,0,0,0,0,0,1,1,0,0,0
2025-07-15 11:57:35,RMD,0,0,1,0,0,0,0,1,1,1,1,0
2025-07-15 11:57:36,RVTY,0,0,0,0,0,0,0,1,1,1,0,0
2025-07-15 11:57:36,ROK,0,0,0,0,0,0,0,1,1,1,0,0
2025-07-15 11:57:37,ROL,0,0,0,0,0,0,0,0,1,0,0,0
2025-07-15 11:57:38,ROP,0,0,1,0,0,0,0,1,1,0,0,0
2025-07-15 11:57:39,ROST,0,0,1,0,0,0,0,1,1,1,0,0
2025-07-15 11:57:40,RCL,1,0,0,0,0,1,1,1,1,1,0,0
2025-07-15 11:57:40,SPGI,0,0,1,0,0,0,0,1,1,0,0,0
2025-07-15 11:57:41,CRM,0,0,0,0,0,0,0,1,1,0,0,0
2025-07-15 11:57:42,SBAC,0,0,1,0,0,0,0,1,1,0,0,0
2025-07-15 11:57:43,SLB,0,0,1,0,0,0,0,0,1,1,0,0
2025-07-15 11:57:45,STX,0,0,0,0,0,0,0,1,1,1,0,0
2025-07-15 11:57:45,SRE,0,0,1,0,0,0,0,0,1,0,0,0
2025-07-15 11:57:46,NOW,0,0,1,0,0,0,0,1,1,1,0,0
2025-07-15 11:57:47,SHW,0,0,1,0,0,0,0,1,1,0,0,0
2025-07-15 11:57:48,SPG,0,0,0,0,0,0,0,1,1,1,0,0
2025-07-15 11:57:49,SWKS,0,0,1,0,0,0,0,0,1,1,1,0
2025-07-15 11:57:50,SJM,0,0,0,0,0,0,0,1,1,1,0,0
2025-07-15 11:57:50,SW,0,0,1,0,0,0,0,0,1,1,0,0
2025-07-15 11:57:51,SNA,0,0,0,0,0,0,0,1,1,1,0,0
2025-07-15 11:57:52,SOLV,0,0,1,0,0,0,0,0,1,1,1,0
2025-07-15 11:57:53,SO,0,0,0,0,0,0,0,0,1,0,0,0
2025-07-15 11:57:54,LUV,1,0,1,0,0,1,1,0,1,1,0,0
2025-07-15 11:57:55,SWK,0,0,1,0,0,0,0,1,1,1,1,0
2025-07-15 11:57:56,SBUX,0,0,0,0,0,0,0,1,1,1,0,0
2025-07-15 11:57:56,STT,0,0,0,0,0,1,0,1,1,1,0,0
2025-07-15 11:57:57,STLD,0,0,0,0,0,0,0,1,1,1,0,0
2025-07-15 11:57:58,STE,0,0,0,0,0,0,0,1,1,0,1,0
2025-07-15 11:57:59,SYK,1,0,1,0,0,0,1,1,1,1,0,0
2025-07-15 11:58:00,SMCI,1,0,1,0,0,1,1,1,1,1,1,0
2025-07-15 11:58:00,SYF,0,0,1,0,0,0,0,0,1,1,0,0
2025-07-15 11:58:01,SNPS,0,0,0,0,0,1,0,1,1,1,0,0
2025-07-15 11:58:02,SYY,0,0,1,0,0,0,0,0,1,1,0,0
2025-07-15 11:58:02,TMUS,0,0,0,0,0,0,0,1,1,0,0,0
2025-07-15 11:58:03,TROW,0,0,1,0,0,0,0,0,1,1,0,0
2025-07-15 11:58:04,TTWO,1,0,0,0,0,1,1,1,1,0,0,0
2025-07-15 11:58:05,TPR,1,0,1,0,0,1,1,1,1,1,0,0
2025-07-15 11:58:06,TRGP,0,0,1,0,0,0,0,1,1,1,0,0
2025-07-15 11:58:07,TGT,0,0,1,0,0,0,0,1,1,1,0,0
2025-07-15 11:58:07,TEL,0,0,1,0,0,0,0,1,1,0,0,0
2025-07-15 11:58:08,TDY,0,0,0,0,0,0,0,1,1,0,0,0
2025-07-15 11:58:10,TER,0,0,1,0,0,0,0,1,1,1,1,0
2025-07-15 11:58:10,TSLA,0,0,1,0,0,0,0,1,1,1,0,0
2025-07-15 11:58:11,TXN,0,0,1,0,0,0,0,1,1,0,0,0
2025-07-15 11:58:12,TPL,0,0,0,0,0,0,0,1,1,1,0,0
2025-07-15 11:58:12,TXT,0,0,1,0,0,0,0,0,1,1,0,0
2025-07-15 11:58:13,TMO,0,0,0,0,0,0,0,1,1,1,0,0
2025-07-15 11:58:14,TJX,1,0,1,0,0,0,1,0,1,0,0,0
2025-07-15 11:58:14,TKO,0,0,1,0,0,0,0,1,1,1,0,0
2025-07-15 11:58:15,TSCO,0,0,1,0,0,0,0,0,1,1,0,0
2025-07-15 11:58:16,TT,0,0,0,0,0,0,0,1,1,0,0,0
2025-07-15 11:58:17,TDG,1,0,1,0,0,1,1,1,1,0,0,0
2025-07-15 11:58:17,TRV,0,0,1,0,0,0,0,1,1,1,0,0
2025-07-15 11:58:18,TRMB,0,0,0,0,0,0,0,0,1,0,0,0
2025-07-15 11:58:19,TFC,0,0,0,0,0,0,0,0,1,0,0,0
2025-07-15 11:58:20,TYL,0,0,0,0,0,0,0,1,1,1,0,0
2025-07-15 11:58:21,TSN,0,0,1,0,0,0,0,0,1,1,0,0
2025-07-15 11:58:22,USB,0,0,1,0,0,0,0,0,1,1,0,0
2025-07-15 11:58:23,UBER,0,0,1,0,0,0,0,1,1,1,1,0
2025-07-15 11:58:24,UDR,0,0,0,0,0,0,0,0,1,1,0,0
2025-07-15 11:58:25,ULTA,1,0,1,0,0,0,1,1,1,1,0,0
2025-07-15 11:58:25,UNP,1,0,1,0,0,1,1,1,1,0,0,0
2025-07-15 11:58:26,UAL,0,0,1,0,0,0,0,1,1,1,0,0
2025-07-15 11:58:27,UPS,0,0,0,0,0,0,0,1,1,0,0,0
2025-07-15 11:58:28,URI,0,0,1,0,0,0,0,1,1,0,0,0
2025-07-15 11:58:28,UNH,1,0,1,0,0,0,1,1,1,1,0,0
2025-07-15 11:58:29,UHS,0,0,1,0,0,0,0,1,1,1,0,0
2025-07-15 11:58:30,VLO,1,0,1,0,0,1,1,1,1,1,0,0
2025-07-15 11:58:30,VTR,0,0,1,0,0,0,0,0,1,1,0,0
2025-07-15 11:58:31,VLTO,0,0,0,0,0,0,0,0,1,0,0,0
2025-07-15 11:58:31,VRSN,0,0,0,0,0,0,0,1,1,0,0,0
2025-07-15 11:58:32,VRSK,0,0,1,0,0,0,0,1,1,0,0,0
2025-07-15 11:58:33,VZ,0,0,1,0,0,0,0,0,1,0,0,0
2025-07-15 11:58:33,VRTX,0,0,1,0,0,0,0,1,1,1,0,0
2025-07-15 11:58:34,VTRS,0,0,1,0,0,0,0,0,1,1,0,0
2025-07-15 11:58:35,VICI,0,0,0,0,0,0,0,0,1,0,0,0
2025-07-15 11:58:36,V,0,0,0,0,0,0,0,1,1,0,0,0
2025-07-15 11:58:37,VST,1,0,0,0,0,1,1,1,1,1,0,0
2025-07-15 11:58:37,VMC,0,0,0,0,0,0,0,1,1,1,0,0
2025-07-15 11:58:38,WRB,0,0,1,0,0,0,0,0,1,1,0,0
2025-07-15 11:58:39,GWW,0,0,0,0,0,0,0,1,1,1,0,0
2025-07-15 11:58:39,WAB,0,0,0,0,0,0,0,1,1,0,0,0
2025-07-15 11:58:40,WBA,0,0,0,0,0,0,0,0,0,0,0,0
2025-07-15 11:58:41,WMT,1,0,1,0,0,1,1,0,1,0,0,0
2025-07-15 11:58:42,DIS,1,0,1,0,0,0,1,0,1,0,0,0
2025-07-15 11:58:42,WBD,1,0,1,0,0,0,1,0,1,1,0,0
2025-07-15 11:58:43,WM,0,0,0,0,0,0,0,1,1,0,0,0
2025-07-15 11:58:44,WAT,0,0,0,0,0,0,0,1,1,1,1,0
2025-07-15 11:58:45,WEC,0,0,0,0,0,0,0,0,1,1,0,0
2025-07-15 11:58:46,WFC,1,0,1,0,0,0,1,0,1,1,0,0
2025-07-15 11:58:46,WELL,0,0,1,0,0,0,0,1,1,1,0,0
2025-07-15 11:58:47,WST,0,0,1,0,0,0,0,1,1,1,0,0
2025-07-15 11:58:48,WDC,0,0,0,0,0,0,0,0,1,0,1,0
2025-07-15 11:58:49,WY,0,0,0,0,0,0,0,0,1,1,0,0
2025-07-15 11:58:50,WSM,0,0,1,0,0,0,0,1,1,1,0,0
2025-07-15 11:58:50,WMB,0,0,1,0,0,1,0,0,1,1,0,0
2025-07-15 11:58:51,WTW,0,0,1,0,0,0,0,1,1,1,0,0
2025-07-15 11:58:52,WDAY,1,0,1,0,0,1,1,1,1,0,0,0
2025-07-15 11:58:53,WYNN,0,0,0,0,0,0,0,1,1,1,0,0
2025-07-15 11:58:53,XEL,1,0,1,0,0,0,1,0,1,1,0,0
2025-07-15 11:58:54,XYL,0,0,0,0,0,0,0,0,1,1,0,0
2025-07-15 11:58:55,YUM,0,0,0,0,0,0,0,1,1,0,0,0
2025-07-15 11:58:55,ZBRA,0,0,1,0,0,0,0,1,1,1,0,0
2025-07-15 11:58:57,ZBH,1,0,1,0,0,0,1,1,1,1,1,0
2025-07-15 11:58:57,ZTS,0,0,1,0,0,0,0,1,1,1,0,0
2025-07-15 11:59:58,MMM,1,0,1,0,0,0,1,1,1,0,0,0
2025-07-15 11:59:59,AOS,0,0,0,0,0,0,0,0,1,1,0,0
2025-07-15 11:59:59,ABT,0,0,1,0,0,0,0,1,1,1,0,0
2025-07-15 12:00:00,ABBV,1,0,1,0,0,0,1,1,1,1,0,0
2025-07-15 12:00:02,ACN,0,0,1,0,0,0,0,1,1,1,0,0
2025-07-15 12:00:03,ADBE,0,0,1,0,0,0,0,1,1,0,0,0
2025-07-15 12:00:03,AMD,1,0,1,0,0,0,1,1,1,1,1,0
2025-07-15 12:00:04,AES,1,0,1,0,0,1,1,0,1,1,1,0
2025-07-15 12:00:05,AFL,0,0,1,0,0,0,0,0,1,0,0,0
2025-07-15 12:00:06,A,0,0,0,0,0,0,0,1,1,1,0,0
2025-07-15 12:00:07,APD,0,0,0,0,0,0,0,1,1,1,0,0
2025-07-15 12:00:07,ABNB,1,0,1,0,0,0,1,1,1,1,0,0
2025-07-15 12:00:08,AKAM,0,0,1,0,0,0,0,0,1,0,0,0
2025-07-15 12:00:09,ALB,1,0,1,0,0,0,1,1,1,1,1,0
2025-07-15 12:00:10,ARE,0,0,1,0,0,0,0,1,1,1,0,0
2025-07-15 12:00:10,ALGN,0,0,1,0,0,0,0,1,1,1,1,0
2025-07-15 12:00:11,ALLE,0,0,0,0,0,0,0,1,1,1,0,0
2025-07-15 12:00:12,LNT,0,0,1,0,0,0,0,0,1,1,0,0
2025-07-15 12:00:13,ALL,0,0,1,0,0,0,0,1,1,1,0,0
2025-07-15 12:00:14,GOOGL,1,0,0,0,0,1,1,1,1,0,0,0
2025-07-15 12:00:14,GOOG,1,0,0,0,0,1,1,1,1,0,0,0
2025-07-15 12:00:15,MO,1,0,1,0,0,1,1,0,1,0,0,0
2025-07-15 12:00:16,AMZN,1,0,1,0,0,1,1,1,1,0,0,0
2025-07-15 12:00:17,AMCR,0,0,1,0,0,0,0,0,1,1,0,0
2025-07-15 12:00:18,AEE,0,0,1,0,0,0,0,0,1,0,0,0
2025-07-15 12:00:18,AEP,1,0,1,0,0,0,1,0,1,0,0,0
2025-07-15 12:00:19,AXP,0,0,1,0,0,0,0,1,1,1,0,0
2025-07-15 12:00:20,AIG,0,0,1,0,0,0,0,0,1,0,0,0
2025-07-15 12:00:21,AMT,1,0,1,0,0,0,1,1,1,0,0,0
2025-07-15 12:00:22,AWK,1,0,1,0,0,0,1,1,1,0,0,0
2025-07-15 12:00:23,AMP,0,0,1,0,0,0,0,1,1,1,0,0
2025-07-15 12:00:24,AME,0,0,0,0,0,0,0,1,1,0,0,0
2025-07-15 12:00:25,AMGN,1,0,1,0,0,0,1,1,1,1,0,0
2025-07-15 12:00:25,APH,0,0,0,0,0,0,0,0,1,1,0,0
2025-07-15 12:00:26,ADI,0,0,1,0,0,0,0,1,1,0,0,0
2025-07-15 12:00:27,ANSS,0,0,0,0,0,1,0,1,1,1,0,0
2025-07-15 12:00:28,AON,1,0,1,0,0,0,1,1,1,1,0,0
2025-07-15 12:00:29,APA,0,0,1,0,0,0,0,0,1,1,0,0
2025-07-15 12:00:29,APO,0,0,1,0,0,0,0,1,1,1,0,0
2025-07-15 12:00:30,AAPL,1,0,1,0,0,1,1,1,1,0,0,0
2025-07-15 12:00:31,AMAT,0,0,0,0,0,0,0,1,1,0,1,0
2025-07-15 12:00:32,APTV,0,0,0,0,0,0,0,0,1,0,0,0
2025-07-15 12:00:33,ACGL,0,0,1,0,0,0,0,0,1,1,0,0
2025-07-15 12:00:34,ADM,1,0,1,0,0,1,1,0,1,0,0,0
2025-07-15 12:00:35,ANET,0,0,0,0,0,0,0,1,1,1,0,0
2025-07-15 12:00:36,AJG,0,0,1,0,0,0,0,1,1,1,0,0
2025-07-15 12:00:37,AIZ,0,0,1,0,0,0,0,1,1,1,0,0
2025-07-15 12:00:38,T,1,0,1,0,0,0,1,0,1,0,0,0
2025-07-15 12:00:38,ATO,0,0,0,0,0,0,0,1,1,1,0,0
2025-07-15 12:00:39,ADSK,0,0,1,0,0,0,0,1,1,1,0,0
2025-07-15 12:00:40,ADP,0,0,0,0,0,0,0,1,1,0,0,0
2025-07-15 12:00:41,AZO,0,0,0,0,0,0,0,1,1,1,0,0
2025-07-15 12:00:42,AVB,0,0,0,0,0,0,0,1,1,1,0,0
2025-07-15 12:00:43,AVY,0,0,1,0,0,0,0,1,1,0,0,0
2025-07-15 12:00:44,AXON,1,0,0,0,0,1,1,1,1,1,0,0
2025-07-15 12:00:45,BKR,0,0,0,0,0,0,0,0,1,1,0,0
2025-07-15 12:00:46,BALL,0,0,0,0,0,0,0,0,1,0,0,0
2025-07-15 12:00:47,BAC,1,0,1,0,0,1,1,0,1,0,0,0
2025-07-15 12:00:47,BAX,0,0,1,0,0,0,0,0,1,1,0,0
2025-07-15 12:00:48,BDX,1,0,1,0,0,1,1,1,1,1,0,0
2025-07-15 12:00:49,BRK-B,0,0,1,0,0,0,0,1,0,0,0,0
2025-07-15 12:00:50,BBY,0,0,0,0,0,0,0,1,1,1,0,0
2025-07-15 12:00:50,TECH,1,0,1,0,0,0,1,1,1,1,0,0
2025-07-15 12:00:51,BIIB,0,0,1,0,0,0,0,1,1,1,0,0
2025-07-15 12:00:52,BLK,1,1,1,0,0,1,1,1,1,1,0,0
2025-07-15 12:00:54,BX,0,0,1,0,0,0,0,1,1,1,0,0
2025-07-15 12:00:55,BK,0,0,0,0,0,1,0,0,1,1,0,0
2025-07-15 12:00:56,BA,1,0,0,0,0,1,1,1,1,0,0,0
2025-07-15 12:00:56,BKNG,0,0,1,0,0,1,0,1,1,1,0,0
2025-07-15 12:00:57,BSX,1,0,1,0,0,1,1,0,1,1,0,0
2025-07-15 12:00:58,BMY,0,0,1,0,0,0,0,0,1,1,0,0
2025-07-15 12:00:59,AVGO,1,0,0,0,0,1,1,1,1,1,1,0
2025-07-15 12:00:59,BR,0,0,0,0,0,0,0,1,1,0,0,0
2025-07-15 12:01:00,BRO,1,0,1,0,0,0,1,0,1,1,0,0
2025-07-15 12:01:01,BF-B,0,0,1,0,0,0,0,0,0,1,0,0
2025-07-15 12:01:01,BLDR,0,0,1,0,0,0,0,1,1,1,0,0
2025-07-15 12:01:02,BG,1,0,1,0,0,1,1,1,1,0,0,0
2025-07-15 12:01:03,BXP,0,0,1,0,0,0,0,0,1,1,0,0
2025-07-15 12:01:04,CHRW,0,0,0,0,0,0,0,1,1,0,0,0
2025-07-15 12:01:04,CDNS,0,0,0,0,0,0,0,1,1,1,0,0
2025-07-15 12:01:05,CZR,0,0,1,0,0,0,0,0,1,1,0,0
2025-07-15 12:01:06,CPT,0,0,1,0,0,0,0,1,1,1,0,0
2025-07-15 12:01:06,CPB,1,0,1,0,0,0,1,0,1,0,0,0
2025-07-15 12:01:07,COF,0,0,1,0,0,0,0,1,1,1,0,0
2025-07-15 12:01:08,CAH,1,0,1,0,0,0,1,1,1,0,0,0
2025-07-15 12:01:09,KMX,0,0,1,0,0,0,0,1,1,1,1,0
2025-07-15 12:01:09,CCL,0,0,0,0,0,1,0,0,1,1,0,0
2025-07-15 12:01:10,CARR,0,0,0,0,0,0,0,0,1,0,0,0
2025-07-15 12:01:11,CAT,0,0,0,0,0,0,0,1,1,0,0,0
2025-07-15 12:01:12,CBOE,1,0,1,0,0,1,1,1,1,1,0,0
2025-07-15 12:01:12,CBRE,0,0,1,0,0,0,0,1,1,1,0,0
2025-07-15 12:01:13,CDW,1,0,1,0,0,0,1,1,1,1,0,0
2025-07-15 12:01:14,COR,0,0,1,0,0,0,0,1,1,1,0,0
2025-07-15 12:01:15,CNC,1,0,1,0,0,0,1,1,1,1,0,0
2025-07-15 12:01:15,CNP,0,0,1,0,0,0,0,0,1,0,0,0
2025-07-15 12:01:16,CF,0,0,1,0,0,0,0,1,1,1,0,0
2025-07-15 12:01:17,CRL,0,0,0,0,0,0,0,1,1,1,0,0
2025-07-15 12:01:18,SCHW,0,0,1,0,0,0,0,0,1,0,0,0
2025-07-15 12:01:18,CHTR,0,0,1,0,0,0,0,1,1,1,0,0
2025-07-15 12:01:19,CVX,1,0,1,0,0,0,1,1,1,0,0,0
2025-07-15 12:01:20,CMG,0,0,1,0,0,0,0,0,1,1,0,0
2025-07-15 12:01:21,CB,0,0,1,0,0,0,0,1,1,0,0,0
2025-07-15 12:01:21,CHD,1,0,1,0,0,0,1,0,1,0,0,0
2025-07-15 12:01:22,CI,1,0,1,0,0,0,1,1,1,1,0,0
2025-07-15 12:01:23,CINF,0,0,0,0,0,0,0,1,1,1,0,0
2025-07-15 12:01:24,CTAS,0,0,1,0,0,0,0,1,1,0,0,0
2025-07-15 12:01:24,CSCO,0,0,0,0,0,0,0,0,1,0,0,0
2025-07-15 12:01:25,C,1,0,1,0,0,1,1,0,1,1,1,0
2025-07-15 12:01:28,CFG,0,0,0,0,0,0,0,0,1,0,0,0
2025-07-15 12:01:28,CLX,0,0,0,0,0,0,0,1,1,1,0,0
2025-07-15 12:01:29,CME,1,0,1,0,0,1,1,1,1,0,0,0
2025-07-15 12:01:30,CMS,0,0,1,0,0,0,0,0,1,0,0,0
2025-07-15 12:01:31,KO,1,0,1,0,0,0,1,0,1,0,0,0
2025-07-15 12:01:32,CTSH,0,0,0,0,0,0,0,0,1,1,0,0
2025-07-15 12:01:32,COIN,1,0,1,0,0,1,1,1,1,1,0,0
2025-07-15 12:01:33,CL,1,0,1,0,0,0,1,0,1,0,0,0
2025-07-15 12:01:34,CMCSA,0,0,1,0,0,0,0,0,1,1,0,0
2025-07-15 12:01:35,CAG,1,0,1,0,0,0,1,0,1,1,0,0
2025-07-15 12:01:36,COP,0,0,1,0,0,0,0,0,1,1,0,0
2025-07-15 12:01:37,ED,0,0,0,0,0,0,0,0,1,0,0,0
2025-07-15 12:01:38,STZ,0,0,1,0,0,0,0,1,1,1,0,0
2025-07-15 12:01:39,CEG,0,0,0,0,0,1,0,1,1,1,0,0
2025-07-15 12:01:40,COO,1,0,1,0,0,0,1,0,1,1,0,0
2025-07-15 12:01:40,CPRT,0,0,0,0,0,0,0,0,1,1,0,0
2025-07-15 12:01:41,GLW,0,0,1,0,0,0,0,0,1,1,0,0
2025-07-15 12:01:42,CPAY,1,0,1,0,0,1,1,1,1,0,0,0
2025-07-15 12:01:42,CTVA,0,0,0,0,0,0,0,0,1,1,0,0
2025-07-15 12:01:43,CSGP,0,0,1,0,0,0,0,0,1,1,0,0
2025-07-15 12:01:44,COST,1,0,1,0,0,0,1,1,1,0,0,0
2025-07-15 12:01:45,CTRA,0,0,1,0,0,0,0,0,1,1,0,0
2025-07-15 12:01:46,CRWD,0,0,1,0,0,0,0,1,1,1,0,0
2025-07-15 12:01:47,CCI,0,0,1,0,0,0,0,1,1,1,0,0
2025-07-15 12:01:47,CSX,1,0,1,0,0,1,1,0,1,0,0,0
2025-07-15 12:01:49,CMI,1,0,1,0,0,1,1,1,1,0,0,0
2025-07-15 12:01:49,CVS,1,0,1,0,0,0,1,0,1,1,0,0
2025-07-15 12:01:50,DHR,1,0,1,0,0,0,1,1,1,1,0,0
2025-07-15 12:01:51,DRI,1,0,1,0,0,1,1,1,1,0,0,0
2025-07-15 12:01:51,DDOG,1,0,0,0,0,1,1,1,1,1,0,0
2025-07-15 12:01:52,DVA,0,0,1,0,0,0,0,1,1,1,0,0
2025-07-15 12:01:53,DAY,0,0,0,0,0,0,0,0,1,1,0,0
2025-07-15 12:01:54,DECK,0,0,0,0,0,0,0,1,1,1,0,0
2025-07-15 12:01:55,DE,0,0,0,0,0,1,0,1,1,0,0,0
2025-07-15 12:01:55,DELL,0,0,0,0,0,0,0,1,1,1,1,0
2025-07-15 12:01:56,DAL,0,0,0,0,0,0,0,1,1,1,0,0
2025-07-15 12:01:57,DVN,0,0,1,0,0,0,0,0,1,1,0,0
2025-07-15 12:01:58,DXCM,1,0,1,0,0,0,1,1,1,1,0,0
2025-07-15 12:01:59,FANG,0,0,1,0,0,0,0,1,1,1,0,0
2025-07-15 12:02:00,DLR,1,0,0,0,0,0,1,1,1,0,0,0
2025-07-15 12:02:01,DG,1,0,1,0,0,0,1,1,1,0,0,0
2025-07-15 12:02:01,DLTR,0,0,1,0,0,0,0,1,1,1,0,0
2025-07-15 12:02:02,D,1,0,1,0,0,0,1,0,1,1,0,0
2025-07-15 12:02:03,DPZ,0,0,0,0,0,0,0,1,1,1,0,0
2025-07-15 12:02:04,DASH,1,0,1,0,0,1,1,1,1,1,0,0
2025-07-15 12:02:05,DOV,0,0,1,0,0,0,0,1,1,1,1,0
2025-07-15 12:02:06,DOW,0,0,1,0,0,0,0,0,1,1,1,0
2025-07-15 12:02:07,DHI,0,0,1,0,0,0,0,1,1,1,0,0
2025-07-15 12:02:08,DTE,0,0,0,0,0,0,0,1,1,0,0,0
2025-07-15 12:02:09,DUK,0,0,1,0,0,0,0,0,1,1,0,0
2025-07-15 12:02:09,DD,1,0,1,0,0,0,1,0,1,1,1,0
2025-07-15 12:02:10,EMN,0,0,1,0,0,0,0,1,1,1,0,0
2025-07-15 12:02:11,ETN,0,0,0,0,0,0,0,1,1,1,1,0
2025-07-15 12:02:12,EBAY,0,0,1,0,0,0,0,0,1,0,0,0
2025-07-15 12:02:13,ECL,0,0,0,0,0,0,0,1,1,0,0,0
2025-07-15 12:02:14,EIX,0,0,1,0,0,0,0,0,1,1,0,0
2025-07-15 12:02:15,EW,1,1,1,0,0,0,1,0,1,1,0,0
2025-07-15 12:02:15,EA,0,0,0,0,0,0,0,1,1,0,0,0
2025-07-15 12:02:16,ELV,0,0,1,0,0,0,0,1,1,1,0,0
2025-07-15 12:02:17,EMR,1,0,0,0,0,1,1,1,1,0,0,0
2025-07-15 12:02:18,ENPH,0,0,0,0,0,1,0,1,1,1,0,0
2025-07-15 12:02:18,ETR,1,0,1,0,0,0,1,0,1,1,0,0
2025-07-15 12:02:19,EOG,0,0,0,0,0,0,0,1,1,1,0,0
2025-07-15 12:02:20,EPAM,0,0,1,0,0,0,0,1,1,1,0,0
2025-07-15 12:02:21,EQT,0,0,0,0,0,0,0,0,1,1,0,0
2025-07-15 12:02:22,EFX,1,0,1,0,0,0,1,1,1,1,0,0
2025-07-15 12:02:23,EQIX,1,0,1,0,0,0,1,1,1,0,0,0
2025-07-15 12:02:23,EQR,0,0,0,0,0,0,0,0,1,1,0,0
2025-07-15 12:02:24,ERIE,0,0,1,0,0,1,0,1,1,0,0,0
2025-07-15 12:02:25,ESS,0,0,1,0,0,0,0,1,1,1,0,0
2025-07-15 12:02:26,EL,0,0,1,0,0,0,0,1,1,1,0,0
2025-07-15 12:02:27,EG,0,0,1,0,0,0,0,1,1,1,0,0
2025-07-15 12:02:28,EVRG,1,0,1,0,0,0,1,0,1,1,0,0
2025-07-15 12:02:30,ES,0,0,1,0,0,0,0,0,1,1,0,0
2025-07-15 12:02:31,EXC,0,0,1,0,0,0,0,0,1,0,0,0
2025-07-15 12:02:31,EXE,0,0,0,0,0,0,0,1,1,1,0,0
2025-07-15 12:02:32,EXPE,1,0,1,0,0,0,1,1,1,1,0,0
2025-07-15 12:02:33,EXPD,1,0,1,0,0,1,1,1,1,1,0,0
2025-07-15 12:02:34,EXR,0,0,0,0,0,0,0,1,1,1,0,0
2025-07-15 12:02:35,XOM,1,0,1,0,0,0,1,0,1,0,0,0
2025-07-15 12:02:35,FFIV,0,0,0,0,0,0,0,1,1,0,0,0
2025-07-15 12:02:36,FDS,0,0,1,0,0,0,0,1,1,1,0,0
2025-07-15 12:02:37,FICO,0,0,0,0,0,0,0,1,1,1,0,0
2025-07-15 12:02:38,FAST,0,0,0,0,0,1,0,0,1,1,0,0
2025-07-15 12:02:38,FRT,0,0,0,0,0,0,0,0,1,1,0,0
2025-07-15 12:02:39,FDX,1,0,1,0,0,1,1,1,1,0,0,0
2025-07-15 12:02:40,FIS,0,0,0,0,0,0,0,0,1,0,0,0
2025-07-15 12:02:41,FITB,0,0,1,0,0,0,0,0,1,0,0,0
2025-07-15 12:02:42,FSLR,0,0,0,0,0,0,0,1,1,1,1,0
2025-07-15 12:02:42,FE,1,0,1,0,0,0,1,0,1,0,0,0
2025-07-15 12:02:43,FI,0,0,1,0,0,0,0,1,1,0,0,0
2025-07-15 12:02:44,F,1,0,1,0,0,0,1,0,1,1,0,0
2025-07-15 12:02:45,FTNT,0,0,0,0,0,0,0,1,1,1,0,0
2025-07-15 12:02:46,FTV,0,0,1,0,0,0,0,0,1,1,0,0
2025-07-15 12:02:46,FOXA,0,0,0,0,0,1,0,0,1,1,0,0
2025-07-15 12:02:47,FOX,0,0,0,0,0,0,0,0,1,0,0,0
2025-07-15 12:02:48,BEN,0,0,1,0,0,0,0,0,1,1,0,0
2025-07-15 12:02:49,FCX,0,0,1,0,0,0,0,0,1,1,0,0
2025-07-15 12:02:50,GRMN,1,0,1,0,0,0,1,1,1,0,0,0
2025-07-15 12:02:51,IT,0,0,1,0,0,0,0,1,1,1,0,0
2025-07-15 12:02:52,GE,1,0,1,0,0,0,1,1,1,0,0,0
2025-07-15 12:02:52,GEHC,1,0,1,0,0,0,1,0,1,1,0,0
2025-07-15 12:02:53,GEV,0,0,0,0,0,0,0,1,1,1,0,0
2025-07-15 12:02:54,GEN,0,0,0,0,0,1,0,0,1,0,0,0
2025-07-15 12:02:55,GNRC,0,0,1,0,0,0,0,1,1,0,0,0
2025-07-15 12:02:56,GD,0,0,0,0,0,0,0,1,1,0,0,0
2025-07-15 12:02:56,GIS,0,0,1,0,0,0,0,0,1,0,0,0
2025-07-15 12:02:57,GM,1,0,1,0,0,0,1,0,1,0,0,0
2025-07-15 12:02:58,GPC,0,0,0,0,0,0,0,1,1,0,0,0
2025-07-15 12:02:59,GILD,1,0,1,0,0,1,1,1,1,1,0,0
2025-07-15 12:02:59,GPN,0,0,1,0,0,0,0,0,1,1,0,0
2025-07-15 12:03:00,GL,0,0,1,0,0,0,0,1,1,1,0,0
2025-07-15 12:03:01,GDDY,0,0,0,0,0,0,0,1,1,0,0,0
2025-07-15 12:03:02,GS,0,0,1,0,0,0,0,1,1,0,0,0
2025-07-15 12:03:02,HAL,0,0,1,0,0,0,0,0,1,1,0,0
2025-07-15 12:03:03,HIG,1,0,1,0,0,0,1,1,1,1,0,0
2025-07-15 12:03:04,HAS,0,0,1,0,0,0,0,0,1,1,0,0
2025-07-15 12:03:04,HCA,0,0,1,0,0,0,0,1,1,1,0,0
2025-07-15 12:03:05,DOC,1,0,1,0,0,0,1,0,1,1,0,0
2025-07-15 12:03:06,HSIC,0,0,0,0,0,0,0,0,1,1,0,0
2025-07-15 12:03:06,HSY,0,0,0,0,0,0,0,1,1,1,0,0
2025-07-15 12:03:07,HES,0,0,1,0,0,0,0,1,1,0,0,0
2025-07-15 12:03:08,HPE,0,0,0,0,0,0,0,0,1,1,0,0
2025-07-15 12:03:08,HLT,0,0,0,0,0,0,0,1,1,1,0,0
2025-07-15 12:03:09,HOLX,0,0,1,0,0,0,0,0,1,1,0,0
2025-07-15 12:03:10,HD,0,0,1,0,0,0,0,1,1,1,0,0
2025-07-15 12:03:10,HON,0,0,0,0,0,0,0,1,1,0,0,0
2025-07-15 12:03:11,HRL,0,0,0,0,0,0,0,0,1,0,0,0
2025-07-15 12:03:12,HST,0,0,0,0,0,0,0,0,1,0,0,0
2025-07-15 12:03:12,HWM,0,0,0,0,0,1,0,1,1,1,0,0
2025-07-15 12:03:13,HPQ,0,0,0,0,0,0,0,0,1,1,0,0
2025-07-15 12:03:14,HUBB,0,0,0,0,0,0,0,1,1,0,0,0
2025-07-15 12:03:15,HUM,0,0,1,0,0,0,0,1,1,1,0,0
2025-07-15 12:03:16,HBAN,0,0,0,0,0,0,0,0,1,0,0,0
2025-07-15 12:03:16,HII,0,0,0,0,0,0,0,1,1,0,0,0
2025-07-15 12:03:17,IBM,1,0,1,0,0,1,1,1,1,0,0,0
2025-07-15 12:03:18,IEX,1,0,1,0,0,1,1,1,1,0,0,0
2025-07-15 12:03:19,IDXX,0,0,1,0,0,0,0,1,1,0,0,0
2025-07-15 12:03:19,ITW,1,0,1,0,0,1,1,1,1,0,0,0
2025-07-15 12:03:22,INCY,1,0,1,0,0,0,1,1,1,1,0,0
2025-07-15 12:03:23,IR,0,0,0,0,0,0,0,0,1,0,0,0
2025-07-15 12:03:24,PODD,1,0,1,0,0,1,1,1,1,0,0,0
2025-07-15 12:03:24,INTC,0,0,1,0,0,0,0,0,1,1,1,0
2025-07-15 12:03:25,ICE,0,0,1,0,0,0,0,1,1,0,0,0
2025-07-15 12:03:27,IFF,1,0,1,0,0,1,1,0,1,0,0,0
2025-07-15 12:03:28,IP,1,0,1,0,0,0,1,0,1,1,0,0
2025-07-15 12:03:28,IPG,0,0,1,0,0,0,0,0,1,1,0,0
2025-07-15 12:03:29,INTU,0,0,1,0,0,0,0,1,1,0,0,0
2025-07-15 12:03:30,ISRG,1,0,1,0,0,0,1,1,1,1,0,0
2025-07-15 12:03:30,IVZ,0,0,1,0,0,0,0,0,1,1,0,0
2025-07-15 12:03:31,INVH,0,0,0,0,0,0,0,0,1,1,0,0
2025-07-15 12:03:32,IQV,0,0,1,0,0,0,0,1,1,1,0,0
2025-07-15 12:03:32,IRM,0,0,1,0,0,0,0,1,1,1,0,0
2025-07-15 12:03:33,JBHT,1,0,1,0,0,1,1,1,1,1,0,0
2025-07-15 12:03:33,JBL,0,0,0,0,0,0,0,1,1,1,0,0
2025-07-15 12:03:34,JKHY,0,0,0,0,0,1,0,1,1,0,0,0
2025-07-15 12:03:35,J,0,0,0,0,0,0,0,0,1,0,0,0
2025-07-15 12:03:36,JNJ,1,0,1,0,0,0,1,1,1,1,0,0
2025-07-15 12:03:36,JCI,0,0,0,0,0,0,0,0,1,0,0,0
2025-07-15 12:03:37,JPM,0,0,1,0,0,0,0,1,1,1,0,0
2025-07-15 12:03:38,K,0,0,0,0,0,0,0,0,0,0,0,0
2025-07-15 12:03:39,KVUE,0,0,0,0,0,0,0,0,1,1,0,0
2025-07-15 12:03:39,KDP,0,0,0,0,0,0,0,0,1,0,0,0
2025-07-15 12:03:40,KEY,0,0,0,0,0,0,0,0,1,1,0,0
2025-07-15 12:03:41,KEYS,0,0,0,0,0,0,0,1,1,0,0,0
2025-07-15 12:03:41,KMB,1,0,1,0,0,0,1,1,1,0,0,0
2025-07-15 12:03:42,KIM,0,0,1,0,0,0,0,0,1,1,0,0
2025-07-15 12:03:43,KMI,0,0,0,0,0,0,0,0,1,1,0,0
2025-07-15 12:03:43,KKR,0,0,1,0,0,0,0,1,1,1,0,0
2025-07-15 12:03:44,KLAC,0,0,0,0,0,0,0,1,1,0,1,0
2025-07-15 12:03:45,KHC,0,0,0,0,0,0,0,0,1,1,0,0
2025-07-15 12:03:45,KR,1,0,1,0,0,1,1,0,1,0,0,0
2025-07-15 12:03:46,LHX,0,0,0,0,0,0,0,1,1,0,0,0
2025-07-15 12:03:47,LH,0,0,1,0,0,0,0,1,1,1,0,0
2025-07-15 12:03:47,LRCX,0,0,1,0,0,0,0,0,1,0,1,0
2025-07-15 12:03:48,LW,0,0,1,0,0,0,0,0,1,1,0,0
2025-07-15 12:03:49,LVS,0,0,1,0,0,0,0,0,1,0,0,0
2025-07-15 12:03:49,LDOS,0,0,0,0,0,0,0,1,1,1,0,0
2025-07-15 12:03:50,LEN,0,0,1,0,0,0,0,1,1,1,0,0
2025-07-15 12:03:51,LII,0,0,0,0,0,0,0,1,1,0,0,0
2025-07-15 12:03:52,LLY,0,0,1,0,0,0,0,1,1,1,0,0
2025-07-15 12:03:52,LIN,0,0,0,0,0,0,0,1,1,1,0,0
2025-07-15 12:03:53,LYV,0,0,1,0,0,0,0,1,1,1,0,0
2025-07-15 12:03:54,LKQ,0,0,1,0,0,0,0,0,1,0,0,0
2025-07-15 12:03:55,LMT,0,0,1,0,0,0,0,1,1,0,0,0
2025-07-15 12:03:55,L,0,0,1,0,0,0,0,0,1,0,0,0
2025-07-15 12:03:56,LOW,0,0,1,0,0,0,0,1,1,1,0,0
2025-07-15 12:03:57,LULU,0,0,0,0,0,0,0,1,1,1,0,0
2025-07-15 12:03:57,LYB,0,0,1,0,0,0,0,0,1,1,0,0
2025-07-15 12:03:58,MTB,0,0,1,0,0,0,0,1,1,0,0,0
2025-07-15 12:03:58,MPC,0,0,1,0,0,0,0,1,1,1,0,0
2025-07-15 12:03:59,MKTX,0,0,0,0,0,0,0,1,1,0,0,0
2025-07-15 12:04:02,MAR,1,0,1,0,0,0,1,1,1,1,0,0
2025-07-15 12:04:02,MMC,0,0,1,0,0,0,0,1,1,0,0,0
2025-07-15 12:04:03,MLM,0,0,0,0,0,0,0,1,1,1,0,0
2025-07-15 12:04:04,MAS,0,0,0,0,0,0,0,0,1,1,1,0
2025-07-15 12:04:05,MA,0,0,1,0,0,0,0,1,1,0,0,0
2025-07-15 12:04:05,MTCH,1,0,1,0,0,1,1,0,1,1,0,0
2025-07-15 12:04:06,MKC,0,0,1,0,0,0,0,0,1,1,0,0
2025-07-15 12:04:07,MCD,0,0,0,0,0,0,0,1,1,0,0,0
2025-07-15 12:04:08,MCK,1,0,1,0,0,0,1,1,1,0,0,0
2025-07-15 12:04:09,MDT,1,0,1,0,0,0,1,0,1,1,0,0
2025-07-15 12:04:10,MRK,0,0,1,0,0,0,0,0,1,1,0,0
2025-07-15 12:04:10,META,1,1,1,0,0,1,1,1,1,0,0,0
2025-07-15 12:04:11,MET,1,0,1,0,0,0,1,0,1,1,0,0
2025-07-15 12:04:12,MTD,0,0,0,0,0,0,0,1,1,0,0,0
2025-07-15 12:04:13,MGM,1,0,1,0,0,1,1,0,1,1,0,0
2025-07-15 12:04:14,MCHP,0,0,1,0,0,0,0,1,1,1,1,0
2025-07-15 12:04:14,MU,1,0,1,0,0,0,1,1,1,1,1,0
2025-07-15 12:04:15,MSFT,1,1,1,0,0,1,1,1,1,0,0,0
2025-07-15 12:04:16,MAA,0,0,1,0,0,0,0,1,1,1,0,0
2025-07-15 12:04:17,MRNA,1,0,1,0,0,0,1,0,1,1,0,0
2025-07-15 12:04:17,MHK,0,0,1,0,0,0,0,1,1,1,0,0
2025-07-15 12:04:18,MOH,0,0,1,0,0,0,0,1,1,1,0,0
2025-07-15 12:04:19,TAP,0,0,0,0,0,0,0,0,1,0,0,0
2025-07-15 12:04:19,MDLZ,0,0,1,0,0,0,0,0,1,0,0,0
2025-07-15 12:04:20,MPWR,0,0,1,0,0,0,0,1,1,1,1,0
2025-07-15 12:04:21,MNST,0,0,1,0,0,0,0,0,1,1,0,0
2025-07-15 12:04:22,MCO,0,0,0,0,0,0,0,1,1,0,0,0
2025-07-15 12:04:22,MS,1,0,1,0,0,0,1,1,1,0,0,0
2025-07-15 12:04:23,MOS,0,0,1,0,0,0,0,0,1,1,0,0
2025-07-15 12:04:24,MSI,0,0,1,0,0,0,0,1,1,1,0,0
2025-07-15 12:04:24,MSCI,0,0,0,0,0,0,0,1,1,1,0,0
2025-07-15 12:04:25,NDAQ,0,0,1,0,0,0,0,0,1,0,0,0
2025-07-15 12:04:26,NTAP,0,0,0,0,0,0,0,1,1,1,1,0
2025-07-15 12:04:26,NFLX,1,0,0,0,0,1,1,1,1,1,0,0
2025-07-15 12:04:27,NEM,0,0,1,0,0,0,0,0,1,1,0,0
2025-07-15 12:04:28,NWSA,0,0,0,0,0,0,0,0,1,1,1,0
2025-07-15 12:04:28,NWS,0,0,0,0,0,0,0,0,1,1,0,0
2025-07-15 12:04:29,NEE,0,0,1,0,0,0,0,1,1,1,0,0
2025-07-15 12:04:30,NKE,0,0,0,0,0,0,0,1,1,0,0,0
2025-07-15 12:04:31,NI,1,0,0,0,0,1,1,0,1,0,0,0
2025-07-15 12:04:32,NDSN,0,0,1,0,0,0,0,1,1,0,0,0
2025-07-15 12:04:32,NSC,1,0,1,0,0,1,1,1,1,0,0,0
2025-07-15 12:04:33,NTRS,1,0,1,0,0,1,1,1,1,1,0,0
2025-07-15 12:04:34,NOC,0,0,1,0,0,0,0,1,1,0,0,0
2025-07-15 12:04:35,NCLH,0,0,1,0,0,0,0,0,1,1,0,0
2025-07-15 12:04:35,NRG,1,0,1,0,0,0,1,1,1,1,0,0
2025-07-15 12:04:36,NUE,0,0,1,0,0,0,0,1,1,1,0,0
2025-07-15 12:04:37,NVDA,0,0,0,0,0,1,0,1,1,1,1,0
2025-07-15 12:04:37,NVR,0,0,1,0,0,0,0,1,1,1,0,0
2025-07-15 12:04:38,NXPI,0,0,1,0,0,0,0,1,1,1,1,0
2025-07-15 12:04:39,ORLY,0,0,0,0,0,0,0,0,1,0,0,0
2025-07-15 12:04:39,OXY,0,0,1,0,0,0,0,0,1,1,0,0
2025-07-15 12:04:40,ODFL,1,0,1,0,0,0,1,1,1,1,0,0
2025-07-15 12:04:41,OMC,0,0,1,0,0,0,0,0,1,1,1,0
2025-07-15 12:04:42,ON,0,0,1,0,0,0,0,0,1,1,1,0
2025-07-15 12:04:43,OKE,0,0,1,0,0,0,0,0,1,0,0,0
2025-07-15 12:04:43,ORCL,1,0,1,0,0,1,1,1,1,1,1,0
2025-07-15 12:04:44,OTIS,1,0,1,0,0,0,1,0,1,0,1,0
2025-07-15 12:04:45,PCAR,0,0,0,0,0,0,0,1,1,0,0,0
2025-07-15 12:04:45,PKG,1,0,1,0,0,0,1,1,1,0,0,0
2025-07-15 12:04:46,PLTR,1,0,0,0,0,1,1,1,1,1,0,0
2025-07-15 12:04:47,PANW,0,0,0,0,0,1,0,1,1,0,0,0
2025-07-15 12:04:48,PARA,1,0,1,0,0,1,1,0,1,0,0,0
2025-07-15 12:04:48,PH,1,0,1,0,0,1,1,1,1,0,0,0
2025-07-15 12:04:49,PAYX,0,0,0,0,0,0,0,1,1,0,0,0
2025-07-15 12:04:50,PAYC,0,0,0,0,0,0,0,1,1,0,0,0
2025-07-15 12:04:50,PYPL,1,0,1,0,0,1,1,0,1,0,0,0
2025-07-15 12:04:51,PNR,0,0,0,0,0,0,0,0,1,1,0,0
2025-07-15 12:04:52,PEP,1,0,1,0,0,0,1,1,1,0,0,0
2025-07-15 12:04:53,PFE,0,0,1,0,0,0,0,0,1,1,0,0
2025-07-15 12:04:54,PCG,0,0,1,0,0,0,0,0,1,1,0,0
2025-07-15 12:04:55,PM,0,0,0,0,0,0,0,1,1,0,0,0
2025-07-15 12:04:55,PSX,1,0,1,0,0,1,1,1,1,0,0,0
2025-07-15 12:04:56,PNW,0,0,0,0,0,0,0,0,1,0,0,0
2025-07-15 12:04:57,PNC,0,0,0,0,0,0,0,1,1,0,0,0
2025-07-15 12:04:58,POOL,0,0,1,0,0,0,0,1,1,1,0,0
2025-07-15 12:04:58,PPG,1,0,1,0,0,0,1,1,1,1,0,0
2025-07-15 12:04:59,PPL,0,0,1,0,0,0,0,0,1,1,0,0
2025-07-15 12:05:00,PFG,1,0,1,0,0,0,1,0,1,1,0,0
2025-07-15 12:05:01,PG,1,0,1,0,0,0,1,1,1,0,0,0
2025-07-15 12:05:02,PGR,0,0,1,0,0,0,0,1,1,1,0,0
2025-07-15 12:05:04,PLD,0,0,0,0,0,0,0,1,1,0,0,0
2025-07-15 12:05:05,PRU,0,0,1,0,0,0,0,0,1,0,0,0
2025-07-15 12:05:06,PEG,1,0,1,0,0,0,1,0,1,1,0,0
2025-07-15 12:05:06,PTC,1,0,1,0,0,1,1,1,1,1,0,0
2025-07-15 12:05:07,PSA,0,0,0,0,0,0,0,1,1,1,0,0
2025-07-15 12:05:08,PHM,0,0,1,0,0,0,0,1,1,1,0,0
2025-07-15 12:05:08,PWR,0,0,0,0,0,0,0,1,1,1,0,0
2025-07-15 12:05:09,QCOM,0,0,1,0,0,0,0,1,1,1,1,0
2025-07-15 12:05:10,DGX,0,0,1,0,0,0,0,1,1,1,0,0
2025-07-15 12:05:11,RL,0,0,1,0,0,0,0,1,1,1,0,0
2025-07-15 12:05:12,RJF,0,0,1,0,0,0,0,1,1,1,0,0
2025-07-15 12:05:12,RTX,0,0,1,0,0,0,0,1,1,1,0,0
2025-07-15 12:05:13,O,0,0,0,0,0,0,0,0,1,1,0,0
2025-07-15 12:05:14,REG,0,0,1,0,0,0,0,0,1,1,0,0
2025-07-15 12:05:15,REGN,0,0,1,0,0,0,0,1,1,1,0,0
2025-07-15 12:05:16,RF,0,0,0,0,0,0,0,0,1,0,0,0
2025-07-15 12:05:16,RSG,1,0,1,0,0,0,1,1,1,0,0,0
2025-07-15 12:05:17,RMD,0,0,1,0,0,0,0,1,1,1,1,0
2025-07-15 12:05:18,RVTY,1,0,1,0,0,0,1,1,1,1,0,0
2025-07-15 12:05:19,ROK,0,0,0,0,0,1,0,1,1,1,0,0
2025-07-15 12:05:19,ROL,0,0,0,0,0,0,0,0,1,0,0,0
2025-07-15 12:05:20,ROP,1,0,1,0,0,0,1,1,1,0,0,0
2025-07-15 12:05:21,ROST,1,0,1,0,0,0,1,1,1,1,0,0
2025-07-15 12:05:22,RCL,1,0,0,0,0,1,1,1,1,1,0,0
2025-07-15 12:05:23,SPGI,0,0,1,0,0,0,0,1,1,0,0,0
2025-07-15 12:05:23,CRM,0,0,0,0,0,0,0,1,1,1,0,0
2025-07-15 12:05:24,SBAC,1,0,1,0,0,0,1,1,1,0,0,0
2025-07-15 12:05:25,SLB,0,0,1,0,0,0,0,0,1,1,0,0
2025-07-15 12:05:26,STX,0,0,0,0,0,0,0,1,1,1,0,0
2025-07-15 12:05:26,SRE,1,0,1,0,0,0,1,0,1,0,0,0
2025-07-15 12:05:27,NOW,0,0,1,0,0,0,0,1,1,1,0,0
2025-07-15 12:05:28,SHW,1,0,1,0,0,0,1,1,1,0,0,0
2025-07-15 12:05:29,SPG,0,0,0,0,0,0,0,1,1,1,0,0
2025-07-15 12:05:30,SWKS,0,0,1,0,0,0,0,0,1,1,1,0
2025-07-15 12:05:30,SJM,0,0,0,0,0,0,0,1,1,1,0,0
2025-07-15 12:05:31,SW,0,0,1,0,0,0,0,0,1,1,0,0
2025-07-15 12:05:32,SNA,0,0,0,0,0,0,0,1,1,1,0,0
2025-07-15 12:05:33,SOLV,0,0,1,0,0,0,0,0,1,1,1,0
2025-07-15 12:05:33,SO,1,0,1,0,0,0,1,0,1,0,0,0
2025-07-15 12:05:34,LUV,1,1,1,1,0,1,1,0,1,1,0,0
2025-07-15 12:05:35,SWK,0,0,1,0,0,0,0,1,1,1,1,0
2025-07-15 12:05:36,SBUX,0,0,1,0,0,0,0,1,1,1,0,0
2025-07-15 12:05:37,STT,0,0,0,0,0,1,0,1,1,1,0,0
2025-07-15 12:05:37,STLD,0,0,0,0,0,0,0,1,1,1,0,0
2025-07-15 12:05:38,STE,0,0,0,0,0,1,0,1,1,0,1,0
2025-07-15 12:05:39,SYK,1,0,1,0,0,1,1,1,1,0,0,0
2025-07-15 12:05:39,SMCI,1,1,1,0,0,1,1,1,1,1,1,0
2025-07-15 12:05:40,SYF,0,0,1,0,0,0,0,0,1,1,0,0
2025-07-15 12:05:41,SNPS,1,0,0,0,0,1,1,1,1,1,0,0
2025-07-15 12:05:42,SYY,0,0,1,0,0,0,0,0,1,1,0,0
2025-07-15 12:05:42,TMUS,0,0,0,0,0,0,0,1,1,0,0,0
2025-07-15 12:05:43,TROW,0,0,1,0,0,0,0,0,1,1,0,0
2025-07-15 12:05:44,TTWO,1,0,0,0,0,1,1,1,1,0,0,0
2025-07-15 12:05:44,TPR,1,1,1,0,0,1,1,1,1,1,0,0
2025-07-15 12:05:45,TRGP,0,0,1,0,0,0,0,1,1,1,0,0
2025-07-15 12:05:46,TGT,0,0,1,0,0,0,0,1,1,1,0,0
2025-07-15 12:05:47,TEL,0,0,0,0,0,0,0,1,1,0,0,0
2025-07-15 12:05:48,TDY,0,0,0,0,0,0,0,1,1,1,0,0
2025-07-15 12:05:48,TER,0,0,1,0,0,0,0,1,1,1,1,0
2025-07-15 12:05:49,TSLA,1,0,1,0,0,0,1,1,1,1,0,0
2025-07-15 12:05:50,TXN,0,0,1,0,0,0,0,1,1,0,0,0
2025-07-15 12:05:51,TPL,0,0,0,0,0,0,0,1,1,1,0,0
2025-07-15 12:05:51,TXT,0,0,1,0,0,0,0,0,1,1,0,0
2025-07-15 12:05:52,TMO,1,0,1,0,0,1,1,1,1,1,0,0
2025-07-15 12:05:53,TJX,1,0,1,0,0,1,1,0,1,0,0,0
2025-07-15 12:05:54,TKO,0,0,1,0,0,0,0,1,1,1,0,0
2025-07-15 12:05:54,TSCO,0,0,1,0,0,0,0,0,1,1,0,0
2025-07-15 12:05:55,TT,0,0,0,0,0,0,0,1,1,0,0,0
2025-07-15 12:05:56,TDG,1,0,1,0,0,1,1,1,1,0,0,0
2025-07-15 12:05:57,TRV,0,0,1,0,0,0,0,1,1,1,0,0
2025-07-15 12:05:57,TRMB,0,0,0,0,0,0,0,0,1,0,0,0
2025-07-15 12:05:58,TFC,0,0,0,0,0,0,0,0,1,0,0,0
2025-07-15 12:05:59,TYL,0,0,0,0,0,0,0,1,1,1,0,0
2025-07-15 12:05:59,TSN,0,0,1,0,0,0,0,0,1,1,0,0
2025-07-15 12:06:00,USB,0,0,1,0,0,0,0,0,1,1,0,0
2025-07-15 12:06:01,UBER,1,0,1,0,0,0,1,1,1,1,1,0
2025-07-15 12:06:02,UDR,0,0,0,0,0,0,0,0,1,1,0,0
2025-07-15 12:06:02,ULTA,1,0,1,0,0,0,1,1,1,1,0,0
2025-07-15 12:06:03,UNP,1,0,1,0,0,1,1,1,1,0,0,0
2025-07-15 12:06:04,UAL,0,0,1,0,0,0,0,1,1,1,0,0
2025-07-15 12:06:05,UPS,0,0,1,0,0,0,0,1,1,0,0,0
2025-07-15 12:06:05,URI,1,0,1,0,0,1,1,1,1,0,0,0
2025-07-15 12:06:06,UNH,1,1,1,0,0,0,1,1,1,1,0,0
2025-07-15 12:06:07,UHS,1,0,1,0,0,0,1,1,1,1,0,0
2025-07-15 12:06:07,VLO,1,0,1,0,0,1,1,1,1,1,0,0
2025-07-15 12:06:08,VTR,0,0,1,0,0,0,0,0,1,1,0,0
2025-07-15 12:06:09,VLTO,0,0,0,0,0,0,0,0,1,0,0,0
2025-07-15 12:06:10,VRSN,0,0,0,0,0,0,0,1,1,0,0,0
2025-07-15 12:06:10,VRSK,0,0,1,0,0,0,0,1,1,0,0,0
2025-07-15 12:06:11,VZ,1,0,1,0,0,0,1,0,1,0,0,0
2025-07-15 12:06:12,VRTX,1,0,1,0,0,0,1,1,1,1,0,0
2025-07-15 12:06:12,VTRS,1,0,1,0,0,0,1,0,1,1,0,0
2025-07-15 12:06:13,VICI,0,0,0,0,0,0,0,0,1,0,0,0
2025-07-15 12:06:14,V,0,0,0,0,0,0,0,1,1,0,0,0
2025-07-15 12:06:14,VST,0,0,0,0,0,1,0,1,1,1,0,0
2025-07-15 12:06:15,VMC,0,0,0,0,0,0,0,1,1,1,0,0
2025-07-15 12:06:16,WRB,0,0,1,0,0,0,0,0,1,1,0,0
2025-07-15 12:06:17,GWW,0,0,0,0,0,0,0,1,1,1,0,0
2025-07-15 12:06:17,WAB,0,0,0,0,0,0,0,1,1,0,0,0
2025-07-15 12:06:18,WBA,0,0,0,0,0,0,0,0,0,0,0,0
2025-07-15 12:06:19,WMT,1,0,1,0,0,1,1,0,1,0,0,0
2025-07-15 12:06:20,DIS,1,1,1,0,0,1,1,0,1,0,0,0
2025-07-15 12:06:21,WBD,1,0,1,0,0,1,1,0,1,1,0,0
2025-07-15 12:06:21,WM,0,0,1,0,0,0,0,1,1,0,0,0
2025-07-15 12:06:22,WAT,0,0,0,0,0,0,0,1,1,1,1,0
2025-07-15 12:06:23,WEC,0,0,1,0,0,0,0,0,1,1,0,0
2025-07-15 12:06:23,WFC,0,0,1,0,0,0,0,0,1,1,0,0
2025-07-15 12:06:24,WELL,0,0,1,0,0,0,0,1,1,1,0,0
2025-07-15 12:06:25,WST,1,0,1,0,0,0,1,1,1,1,0,0
2025-07-15 12:06:26,WDC,0,0,0,0,0,0,0,0,1,0,1,0
2025-07-15 12:06:27,WY,0,0,1,0,0,0,0,0,1,1,0,0
2025-07-15 12:06:27,WSM,0,0,1,0,0,0,0,1,1,1,0,0
2025-07-15 12:06:28,WMB,0,0,1,0,0,0,0,0,1,1,0,0
2025-07-15 12:06:28,WTW,1,0,1,0,0,0,1,1,1,1,0,0
2025-07-15 12:06:29,WDAY,1,1,1,0,0,1,1,1,1,0,0,0
2025-07-15 12:06:30,WYNN,0,0,1,0,0,0,0,1,1,1,0,0
2025-07-15 12:06:30,XEL,1,0,1,0,0,0,1,0,1,1,0,0
2025-07-15 12:06:31,XYL,0,0,0,0,0,0,0,0,1,1,0,0
2025-07-15 12:06:32,YUM,0,0,0,0,0,0,0,1,1,0,0,0
2025-07-15 12:06:32,ZBRA,0,0,1,0,0,0,0,1,1,1,0,0
2025-07-15 12:06:33,ZBH,1,0,1,0,0,1,1,1,1,1,1,0
2025-07-15 12:06:34,ZTS,1,0,1,0,0,0,1,1,1,1,0,0
2025-07-15 12:10:22,MMM,0,0,1,0,0,0,0,1,1,0,0,0
2025-07-15 12:10:23,AOS,0,0,0,0,0,0,0,0,1,1,0,0
2025-07-15 12:10:24,ABT,0,0,1,0,0,0,0,1,1,1,0,0
2025-07-15 12:10:25,ABBV,0,0,1,0,0,0,0,1,1,1,0,0
2025-07-15 12:10:26,ACN,0,0,1,0,0,0,0,1,1,1,0,0
2025-07-15 12:10:26,ADBE,0,0,0,0,0,0,0,1,1,0,0,0
2025-07-15 12:10:27,AMD,1,0,1,0,0,1,1,1,1,1,1,0
2025-07-15 12:10:28,AES,1,0,1,0,0,1,1,0,1,1,1,0
2025-07-15 12:10:28,AFL,0,0,1,0,0,0,0,0,1,0,0,0
2025-07-15 12:10:29,A,0,0,0,0,0,0,0,1,1,1,0,0
2025-07-15 12:10:30,APD,0,0,0,0,0,0,0,1,1,1,0,0
2025-07-15 12:10:30,ABNB,0,0,1,0,0,0,0,1,1,1,0,0
2025-07-15 12:10:31,AKAM,0,0,0,0,0,0,0,0,1,0,0,0
2025-07-15 12:10:32,ALB,0,0,1,0,0,0,0,1,1,1,1,0
2025-07-15 12:10:32,ARE,0,0,1,0,0,0,0,1,1,1,0,0
2025-07-15 12:10:33,ALGN,0,0,1,0,0,0,0,1,1,1,1,0
2025-07-15 12:10:33,ALLE,0,0,0,0,0,0,0,1,1,1,0,0
2025-07-15 12:10:34,LNT,0,0,1,0,0,0,0,0,1,1,0,0
2025-07-15 12:10:35,ALL,0,0,0,0,0,0,0,1,1,1,0,0
2025-07-15 12:10:35,GOOGL,0,0,0,0,0,1,0,1,1,0,0,0
2025-07-15 12:10:36,GOOG,0,0,0,0,0,1,0,1,1,0,0,0
2025-07-15 12:10:36,MO,0,0,1,0,0,0,0,0,1,0,0,0
2025-07-15 12:10:37,AMZN,1,0,1,0,0,1,1,1,1,0,0,0
2025-07-15 12:10:38,AMCR,0,0,0,0,0,0,0,0,1,1,0,0
2025-07-15 12:10:38,AEE,0,0,1,0,0,0,0,0,1,0,0,0
2025-07-15 12:10:39,AEP,0,0,1,0,0,0,0,0,1,0,0,0
2025-07-15 12:10:40,AXP,0,0,0,0,0,0,0,1,1,1,0,0
2025-07-15 12:10:41,AIG,0,0,0,0,0,0,0,0,1,0,0,0
2025-07-15 12:10:42,AMT,0,0,1,0,0,0,0,1,1,0,0,0
2025-07-15 12:10:43,AWK,0,0,1,0,0,0,0,1,1,0,0,0
2025-07-15 12:10:44,AMP,0,0,1,0,0,0,0,1,1,1,0,0
2025-07-15 12:10:44,AME,0,0,0,0,0,0,0,1,1,0,0,0
2025-07-15 12:10:45,AMGN,1,0,1,0,0,0,1,1,1,1,0,0
2025-07-15 12:10:46,APH,0,0,0,0,0,0,0,0,1,1,0,0
2025-07-15 12:10:46,ADI,0,0,0,0,0,0,0,1,1,0,0,0
2025-07-15 12:10:47,ANSS,0,0,0,0,0,1,0,1,1,1,0,0
2025-07-15 12:10:48,AON,1,0,1,0,0,0,1,1,1,1,0,0
2025-07-15 12:10:48,APA,0,0,1,0,0,0,0,0,1,1,0,0
2025-07-15 12:10:49,APO,0,0,0,0,0,0,0,1,1,1,0,0
2025-07-15 12:10:50,AAPL,1,0,0,0,0,1,1,1,1,0,0,0
2025-07-15 12:10:50,AMAT,0,0,0,0,0,0,0,1,1,0,1,0
2025-07-15 12:10:51,APTV,0,0,0,0,0,0,0,0,1,0,0,0
2025-07-15 12:10:52,ACGL,0,0,1,0,0,0,0,0,1,1,0,0
2025-07-15 12:10:52,ADM,0,0,1,0,0,1,0,0,1,0,0,0
2025-07-15 12:10:53,ANET,0,0,0,0,0,0,0,1,1,1,0,0
2025-07-15 12:10:54,AJG,0,0,1,0,0,0,0,1,1,1,0,0
2025-07-15 12:10:54,AIZ,0,0,1,0,0,0,0,1,1,1,0,0
2025-07-15 12:10:55,T,0,0,1,0,0,0,0,0,1,0,0,0
2025-07-15 12:10:56,ATO,0,0,1,0,0,0,0,1,1,1,0,0
2025-07-15 12:10:56,ADSK,0,0,1,0,0,0,0,1,1,1,0,0
2025-07-15 12:10:57,ADP,0,0,0,0,0,0,0,1,1,0,0,0
2025-07-15 12:10:58,AZO,0,0,0,0,0,0,0,1,1,1,0,0
2025-07-15 12:10:58,AVB,0,0,0,0,0,0,0,1,1,1,0,0
2025-07-15 12:10:59,AVY,1,0,1,0,0,0,1,1,1,0,0,0
2025-07-15 12:11:01,AXON,1,0,0,0,0,1,1,1,1,1,0,0
2025-07-15 12:11:02,BKR,0,0,0,0,0,0,0,0,1,1,0,0
2025-07-15 12:11:02,BALL,0,0,0,0,0,0,0,0,1,0,0,0
2025-07-15 12:11:03,BAC,0,0,0,0,0,0,0,0,1,0,0,0
2025-07-15 12:11:04,BAX,0,0,1,0,0,0,0,0,1,1,0,0
2025-07-15 12:11:05,BDX,1,0,0,0,0,1,1,1,1,1,0,0
2025-07-15 12:11:05,BRK-B,0,0,0,0,0,0,0,1,0,0,0,0
2025-07-15 12:11:06,BBY,0,0,0,0,0,0,0,1,1,1,0,0
2025-07-15 12:11:07,TECH,0,0,1,0,0,0,0,1,1,1,0,0
2025-07-15 12:11:07,BIIB,0,0,1,0,0,0,0,1,1,1,0,0
2025-07-15 12:11:08,BLK,1,1,1,0,0,1,1,1,1,1,0,0
2025-07-15 12:11:08,BX,0,0,0,0,0,0,0,1,1,1,0,0
2025-07-15 12:11:09,BK,0,0,0,0,0,0,0,0,1,1,0,0
2025-07-15 12:11:10,BA,1,0,1,0,0,1,1,1,1,0,0,0
2025-07-15 12:11:10,BKNG,0,0,1,0,0,1,0,1,1,1,0,0
2025-07-15 12:11:11,BSX,0,0,1,0,0,1,0,0,1,1,0,0
2025-07-15 12:11:12,BMY,1,0,1,0,0,0,1,0,1,1,0,0
2025-07-15 12:11:12,AVGO,1,0,0,0,0,1,1,1,1,1,1,0
2025-07-15 12:11:13,BR,1,0,1,0,0,1,1,1,1,0,0,0
2025-07-15 12:11:13,BRO,1,0,1,0,0,0,1,0,1,1,0,0
2025-07-15 12:11:14,BF-B,0,0,1,0,0,0,0,0,0,1,0,0
2025-07-15 12:11:15,BLDR,0,0,1,0,0,0,0,1,1,1,0,0
2025-07-15 12:11:16,BG,0,0,1,0,0,0,0,1,1,0,0,0
2025-07-15 12:11:16,BXP,0,0,0,0,0,0,0,0,1,1,0,0
2025-07-15 12:11:17,CHRW,0,0,0,0,0,0,0,1,1,0,0,0
2025-07-15 12:11:18,CDNS,0,0,0,0,0,0,0,1,1,1,0,0
2025-07-15 12:11:18,CZR,0,0,1,0,0,0,0,0,1,1,0,0
2025-07-15 12:11:19,CPT,0,0,1,0,0,0,0,1,1,1,0,0
2025-07-15 12:11:20,CPB,0,0,1,0,0,0,0,0,1,0,0,0
2025-07-15 12:11:20,COF,0,0,0,0,0,0,0,1,1,1,0,0
2025-07-15 12:11:21,CAH,1,0,1,0,0,0,1,1,1,0,0,0
2025-07-15 12:11:22,KMX,0,0,1,0,0,0,0,1,1,1,1,0
2025-07-15 12:11:22,CCL,0,0,0,0,0,0,0,0,1,1,0,0
2025-07-15 12:11:23,CARR,0,0,0,0,0,0,0,0,1,0,0,0
2025-07-15 12:11:24,CAT,0,0,0,0,0,0,0,1,1,0,0,0
2025-07-15 12:11:25,CBOE,0,0,1,0,0,0,0,1,1,1,0,0
2025-07-15 12:11:26,CBRE,0,0,1,0,0,0,0,1,1,1,0,0
2025-07-15 12:11:27,CDW,0,0,1,0,0,0,0,1,1,1,0,0
2025-07-15 12:11:27,COR,0,0,1,0,0,0,0,1,1,1,0,0
2025-07-15 12:11:28,CNC,1,1,1,1,0,1,1,1,1,1,0,0
2025-07-15 12:11:29,CNP,0,0,1,0,0,0,0,0,1,0,0,0
2025-07-15 12:11:30,CF,0,0,1,0,0,0,0,1,1,1,0,0
2025-07-15 12:11:30,CRL,0,0,0,0,0,0,0,1,1,1,0,0
2025-07-15 12:11:31,SCHW,0,0,0,0,0,0,0,0,1,0,0,0
2025-07-15 12:11:32,CHTR,0,0,1,0,0,0,0,1,1,1,0,0
2025-07-15 12:11:34,CVX,0,0,1,0,0,0,0,1,1,0,0,0
2025-07-15 12:11:34,CMG,0,0,1,0,0,0,0,0,1,1,0,0
2025-07-15 12:11:35,CB,0,0,1,0,0,0,0,1,1,0,0,0
2025-07-15 12:11:36,CHD,0,0,1,0,0,0,0,0,1,0,0,0
2025-07-15 12:11:37,CI,1,0,1,0,0,0,1,1,1,1,0,0
2025-07-15 12:11:37,CINF,0,0,0,0,0,0,0,1,1,1,0,0
2025-07-15 12:11:38,CTAS,0,0,1,0,0,0,0,1,1,0,0,0
2025-07-15 12:11:40,CSCO,0,0,0,0,0,0,0,0,1,0,0,0
2025-07-15 12:11:40,C,1,0,1,0,0,1,1,0,1,1,1,0
2025-07-15 12:11:41,CFG,0,0,0,0,0,0,0,0,1,0,0,0
2025-07-15 12:11:42,CLX,0,0,0,0,0,0,0,1,1,1,0,0
2025-07-15 12:11:42,CME,1,0,1,0,0,0,1,1,1,0,0,0
2025-07-15 12:11:43,CMS,0,0,1,0,0,0,0,0,1,0,0,0
2025-07-15 12:11:44,KO,0,0,1,0,0,0,0,0,1,0,0,0
2025-07-15 12:11:44,CTSH,0,0,0,0,0,0,0,0,1,1,0,0
2025-07-15 12:11:45,COIN,1,1,1,0,0,1,1,1,1,1,0,0
2025-07-15 12:11:46,CL,0,0,1,0,0,0,0,0,1,0,0,0
2025-07-15 12:11:46,CMCSA,0,0,1,0,0,0,0,0,1,1,0,0
2025-07-15 12:11:47,CAG,0,0,1,0,0,0,0,0,1,1,0,0
2025-07-15 12:11:48,COP,0,0,0,0,0,0,0,0,1,1,0,0
2025-07-15 12:11:48,ED,0,0,1,0,0,0,0,0,1,0,0,0
2025-07-15 12:11:49,STZ,0,0,1,0,0,0,0,1,1,1,0,0
2025-07-15 12:11:50,CEG,0,0,0,0,0,0,0,1,1,1,0,0
2025-07-15 12:11:50,COO,1,0,1,0,0,0,1,0,1,1,0,0
2025-07-15 12:11:51,CPRT,0,0,0,0,0,0,0,0,1,1,0,0
2025-07-15 12:11:52,GLW,0,0,1,0,0,0,0,0,1,1,0,0
2025-07-15 12:11:52,CPAY,0,0,1,0,0,0,0,1,1,0,0,0
2025-07-15 12:11:53,CTVA,0,0,0,0,0,0,0,0,1,1,0,0
2025-07-15 12:11:53,CSGP,0,0,1,0,0,0,0,0,1,1,0,0
2025-07-15 12:11:54,COST,0,0,1,0,0,0,0,1,1,0,0,0
2025-07-15 12:11:55,CTRA,0,0,1,0,0,0,0,0,1,1,0,0
2025-07-15 12:11:55,CRWD,0,0,1,0,0,0,0,1,1,1,0,0
2025-07-15 12:11:56,CCI,0,0,1,0,0,0,0,1,1,1,0,0
2025-07-15 12:11:57,CSX,0,0,1,0,0,0,0,0,1,1,0,0
2025-07-15 12:11:57,CMI,1,0,1,0,0,1,1,1,1,0,0,0
2025-07-15 12:11:58,CVS,1,0,1,0,0,0,1,0,1,1,0,0
2025-07-15 12:11:59,DHR,0,0,1,0,0,0,0,1,1,1,0,0
2025-07-15 12:11:59,DRI,1,0,1,0,0,1,1,1,1,0,0,0
2025-07-15 12:12:00,DDOG,1,1,0,0,0,1,1,1,1,1,0,0
2025-07-15 12:12:01,DVA,0,0,1,0,0,0,0,1,1,1,0,0
2025-07-15 12:12:01,DAY,0,0,0,0,0,0,0,0,1,1,0,0
2025-07-15 12:12:02,DECK,0,0,0,0,0,0,0,1,1,1,0,0
2025-07-15 12:12:03,DE,0,0,0,0,0,0,0,1,1,0,0,0
2025-07-15 12:12:03,DELL,0,0,0,0,0,0,0,1,1,1,1,0
2025-07-15 12:12:04,DAL,0,0,0,0,0,0,0,1,1,1,0,0
2025-07-15 12:12:05,DVN,0,0,1,0,0,0,0,0,1,1,0,0
2025-07-15 12:12:05,DXCM,1,0,1,0,0,1,1,1,1,1,0,0
2025-07-15 12:12:06,FANG,0,0,1,0,0,0,0,1,1,1,0,0
2025-07-15 12:12:07,DLR,0,0,0,0,0,0,0,1,1,0,0,0
2025-07-15 12:12:07,DG,0,0,1,0,0,0,0,1,1,0,0,0
2025-07-15 12:12:08,DLTR,0,0,1,0,0,0,0,1,1,1,0,0
2025-07-15 12:12:09,D,0,0,1,0,0,0,0,0,1,1,0,0
2025-07-15 12:12:10,DPZ,0,0,1,0,0,0,0,1,1,1,0,0
2025-07-15 12:12:10,DASH,1,0,1,0,0,1,1,1,1,1,0,0
2025-07-15 12:12:11,DOV,0,0,0,0,0,0,0,1,1,1,1,0
2025-07-15 12:12:11,DOW,0,0,1,0,0,0,0,0,1,1,1,0
2025-07-15 12:12:12,DHI,0,0,1,0,0,0,0,1,1,1,0,0
2025-07-15 12:12:13,DTE,0,0,1,0,0,0,0,1,1,0,0,0
2025-07-15 12:12:14,DUK,0,0,1,0,0,0,0,0,1,1,0,0
2025-07-15 12:12:15,DD,0,0,1,0,0,0,0,0,1,1,1,0
2025-07-15 12:12:15,EMN,0,0,0,0,0,0,0,1,1,1,0,0
2025-07-15 12:12:16,ETN,0,0,0,0,0,0,0,1,1,1,1,0
2025-07-15 12:12:17,EBAY,0,0,1,0,0,0,0,0,1,0,0,0
2025-07-15 12:12:17,ECL,0,0,0,0,0,0,0,1,1,0,0,0
2025-07-15 12:12:18,EIX,1,0,1,0,0,0,1,0,1,1,0,0
2025-07-15 12:12:19,EW,1,1,1,0,0,0,1,0,1,1,0,0
2025-07-15 12:12:20,EA,1,0,0,0,0,0,1,1,1,0,0,0
2025-07-15 12:12:20,ELV,0,0,1,0,0,0,0,1,1,1,0,0
2025-07-15 12:12:21,EMR,0,0,0,0,0,0,0,1,1,0,0,0
2025-07-15 12:12:22,ENPH,0,0,0,0,0,0,0,1,1,1,0,0
2025-07-15 12:12:23,ETR,1,0,1,0,0,0,1,0,1,1,0,0
2025-07-15 12:12:23,EOG,0,0,0,0,0,0,0,1,1,1,0,0
2025-07-15 12:12:24,EPAM,0,0,1,0,0,0,0,1,1,1,0,0
2025-07-15 12:12:24,EQT,0,0,0,0,0,0,0,0,1,1,0,0
2025-07-15 12:12:25,EFX,0,0,1,0,0,0,0,1,1,1,0,0
2025-07-15 12:12:26,EQIX,0,0,1,0,0,0,0,1,1,0,0,0
2025-07-15 12:12:26,EQR,0,0,0,0,0,0,0,0,1,1,0,0
2025-07-15 12:12:27,ERIE,0,0,1,0,0,1,0,1,1,0,0,0
2025-07-15 12:12:27,ESS,0,0,1,0,0,0,0,1,1,1,0,0
2025-07-15 12:12:28,EL,0,0,1,0,0,0,0,1,1,1,0,0
2025-07-15 12:12:29,EG,0,0,1,0,0,0,0,1,1,1,0,0
2025-07-15 12:12:30,EVRG,1,0,1,0,0,0,1,0,1,1,0,0
2025-07-15 12:12:30,ES,0,0,1,0,0,0,0,0,1,1,0,0
2025-07-15 12:12:32,EXC,0,0,1,0,0,0,0,0,1,0,0,0
2025-07-15 12:12:33,EXE,0,0,1,0,0,0,0,1,1,1,0,0
2025-07-15 12:12:34,EXPE,1,0,1,0,0,0,1,1,1,1,0,0
2025-07-15 12:12:35,EXPD,0,0,1,0,0,0,0,1,1,1,0,0
2025-07-15 12:12:36,EXR,0,0,0,0,0,0,0,1,1,1,0,0
2025-07-15 12:12:36,XOM,0,0,1,0,0,0,0,0,1,0,0,0
2025-07-15 12:12:37,FFIV,0,0,0,0,0,0,0,1,1,0,0,0
2025-07-15 12:12:38,FDS,0,0,1,0,0,0,0,1,1,1,0,0
2025-07-15 12:12:38,FICO,0,0,0,0,0,0,0,1,1,1,0,0
2025-07-15 12:12:39,FAST,0,0,0,0,0,1,0,0,1,1,0,0
2025-07-15 12:12:40,FRT,0,0,0,0,0,0,0,0,1,1,0,0
2025-07-15 12:12:40,FDX,0,0,1,0,0,0,0,1,1,0,0,0
2025-07-15 12:12:41,FIS,0,0,0,0,0,0,0,0,1,0,0,0
2025-07-15 12:12:41,FITB,0,0,0,0,0,0,0,0,1,0,0,0
2025-07-15 12:12:42,FSLR,0,0,0,0,0,1,0,1,1,1,1,0
2025-07-15 12:12:43,FE,0,0,1,0,0,0,0,0,1,0,0,0
2025-07-15 12:12:43,FI,0,0,1,0,0,0,0,1,1,0,0,0
2025-07-15 12:12:44,F,0,0,1,0,0,0,0,0,1,1,0,0
2025-07-15 12:12:45,FTNT,1,0,0,0,0,0,1,1,1,1,0,0
2025-07-15 12:12:45,FTV,0,0,1,0,0,0,0,0,1,1,0,0
2025-07-15 12:12:46,FOXA,0,0,0,0,0,0,0,0,1,1,0,0
2025-07-15 12:12:47,FOX,0,0,0,0,0,0,0,0,1,0,0,0
2025-07-15 12:12:47,BEN,0,0,1,0,0,0,0,0,1,1,0,0
2025-07-15 12:12:48,FCX,0,0,1,0,0,0,0,0,1,1,0,0
2025-07-15 12:12:48,GRMN,0,0,1,0,0,0,0,1,1,0,0,0
2025-07-15 12:12:49,IT,0,0,0,0,0,0,0,1,1,1,0,0
2025-07-15 12:12:50,GE,1,0,1,0,0,1,1,1,1,0,0,0
2025-07-15 12:12:51,GEHC,1,0,1,0,0,0,1,0,1,1,0,0
2025-07-15 12:12:51,GEV,0,0,0,0,0,0,0,1,1,1,0,0
2025-07-15 12:12:52,GEN,0,0,0,0,0,0,0,0,1,0,0,0
2025-07-15 12:12:53,GNRC,0,0,1,0,0,0,0,1,1,0,0,0
2025-07-15 12:12:53,GD,0,0,0,0,0,0,0,1,1,0,0,0
2025-07-15 12:12:54,GIS,0,0,1,0,0,0,0,0,1,0,0,0
2025-07-15 12:12:55,GM,0,0,1,0,0,0,0,0,1,0,0,0
2025-07-15 12:12:56,GPC,0,0,0,0,0,0,0,1,1,0,0,0
2025-07-15 12:12:56,GILD,1,0,1,0,0,1,1,1,1,1,0,0
2025-07-15 12:12:57,GPN,0,0,1,0,0,0,0,0,1,1,0,0
2025-07-15 12:12:58,GL,0,0,1,0,0,0,0,1,1,1,0,0
2025-07-15 12:12:58,GDDY,0,0,0,0,0,0,0,1,1,0,0,0
2025-07-15 12:12:59,GS,0,0,0,0,0,0,0,1,1,0,0,0
2025-07-15 12:13:00,HAL,0,0,1,0,0,0,0,0,1,1,0,0
2025-07-15 12:13:00,HIG,0,0,1,0,0,0,0,1,1,1,0,0
2025-07-15 12:13:01,HAS,0,0,1,0,0,0,0,0,1,1,0,0
2025-07-15 12:13:02,HCA,0,0,1,0,0,0,0,1,1,1,0,0
2025-07-15 12:13:03,DOC,0,0,1,0,0,0,0,0,1,1,0,0
2025-07-15 12:13:03,HSIC,0,0,0,0,0,0,0,0,1,1,0,0
2025-07-15 12:13:04,HSY,0,0,1,0,0,0,0,1,1,1,0,0
2025-07-15 12:13:05,HES,0,0,1,0,0,0,0,1,1,0,0,0
2025-07-15 12:13:05,HPE,0,0,0,0,0,0,0,0,1,1,0,0
2025-07-15 12:13:06,HLT,0,0,0,0,0,0,0,1,1,1,0,0
2025-07-15 12:13:07,HOLX,0,0,1,0,0,0,0,0,1,1,0,0
2025-07-15 12:13:07,HD,0,0,1,0,0,0,0,1,1,1,0,0
2025-07-15 12:13:08,HON,0,0,0,0,0,0,0,1,1,0,0,0
2025-07-15 12:13:09,HRL,0,0,0,0,0,0,0,0,1,0,0,0
2025-07-15 12:13:09,HST,0,0,0,0,0,0,0,0,1,1,0,0
2025-07-15 12:13:10,HWM,0,0,0,0,0,0,0,1,1,1,0,0
2025-07-15 12:13:11,HPQ,0,0,0,0,0,0,0,0,1,1,0,0
2025-07-15 12:13:11,HUBB,0,0,0,0,0,0,0,1,1,0,0,0
2025-07-15 12:13:12,HUM,0,0,1,0,0,0,0,1,1,1,0,0
2025-07-15 12:13:13,HBAN,0,0,0,0,0,0,0,0,1,0,0,0
2025-07-15 12:13:13,HII,0,0,0,0,0,0,0,1,1,0,0,0
2025-07-15 12:13:14,IBM,0,0,0,0,0,1,0,1,1,0,0,0
2025-07-15 12:13:15,IEX,0,0,0,0,0,0,0,1,1,0,0,0
2025-07-15 12:13:16,IDXX,0,0,1,0,0,0,0,1,1,0,0,0
2025-07-15 12:13:16,ITW,0,0,0,0,0,0,0,1,1,0,0,0
2025-07-15 12:13:17,INCY,1,0,1,0,0,0,1,1,1,1,0,0
2025-07-15 12:13:17,IR,0,0,0,0,0,0,0,0,1,0,0,0
2025-07-15 12:13:18,PODD,1,0,1,0,0,1,1,1,1,0,0,0
2025-07-15 12:13:19,INTC,0,0,1,0,0,0,0,0,1,1,1,0
2025-07-15 12:13:19,ICE,0,0,1,0,0,0,0,1,1,0,0,0
2025-07-15 12:13:20,IFF,0,0,0,0,0,0,0,0,1,0,0,0
2025-07-15 12:13:21,IP,0,0,1,0,0,0,0,0,1,1,0,0
2025-07-15 12:13:22,IPG,0,0,1,0,0,0,0,0,1,1,0,0
2025-07-15 12:13:22,INTU,0,0,0,0,0,0,0,1,1,0,0,0
2025-07-15 12:13:23,ISRG,1,0,1,0,0,1,1,1,1,1,0,0
2025-07-15 12:13:24,IVZ,0,0,0,0,0,0,0,0,1,1,0,0
2025-07-15 12:13:24,INVH,0,0,0,0,0,0,0,0,1,1,0,0
2025-07-15 12:13:25,IQV,1,0,1,0,0,0,1,1,1,1,0,0
2025-07-15 12:13:26,IRM,0,0,0,0,0,0,0,1,1,1,0,0
2025-07-15 12:13:26,JBHT,0,0,1,0,0,0,0,1,1,1,0,0
2025-07-15 12:13:27,JBL,0,0,0,0,0,0,0,1,1,1,0,0
2025-07-15 12:13:28,JKHY,1,0,0,0,0,1,1,1,1,0,0,0
2025-07-15 12:13:29,J,0,0,0,0,0,0,0,0,1,0,0,0
2025-07-15 12:13:29,JNJ,1,0,1,0,0,0,1,1,1,1,0,0
2025-07-15 12:13:30,JCI,0,0,0,0,0,0,0,0,1,0,0,0
2025-07-15 12:13:31,JPM,0,0,0,0,0,0,0,1,1,1,0,0
2025-07-15 12:13:32,K,0,0,0,0,0,0,0,0,0,0,0,0
2025-07-15 12:13:33,KVUE,0,0,0,0,0,0,0,0,1,1,0,0
2025-07-15 12:13:34,KDP,0,0,0,0,0,0,0,0,1,0,0,0
2025-07-15 12:13:34,KEY,0,0,0,0,0,0,0,0,1,1,0,0
2025-07-15 12:13:35,KEYS,0,0,0,0,0,0,0,1,1,0,0,0
2025-07-15 12:13:36,KMB,0,0,1,0,0,0,0,1,1,0,0,0
2025-07-15 12:13:37,KIM,0,0,1,0,0,0,0,0,1,1,0,0
2025-07-15 12:13:37,KMI,0,0,0,0,0,0,0,0,1,1,0,0
2025-07-15 12:13:38,KKR,0,0,1,0,0,0,0,1,1,1,0,0
2025-07-15 12:13:39,KLAC,0,0,0,0,0,0,0,1,1,0,1,0
2025-07-15 12:13:40,KHC,0,0,1,0,0,0,0,0,1,1,0,0
2025-07-15 12:13:40,KR,1,0,1,0,0,0,1,0,1,0,0,0
2025-07-15 12:13:41,LHX,0,0,1,0,0,0,0,1,1,0,0,0
2025-07-15 12:13:42,LH,0,0,1,0,0,0,0,1,1,1,0,0
2025-07-15 12:13:43,LRCX,0,0,0,0,0,0,0,0,1,0,1,0
2025-07-15 12:13:43,LW,0,0,1,0,0,0,0,0,1,1,0,0
2025-07-15 12:13:44,LVS,0,0,1,0,0,0,0,0,1,0,0,0
2025-07-15 12:13:45,LDOS,0,0,0,0,0,0,0,1,1,1,0,0
2025-07-15 12:13:46,LEN,0,0,1,0,0,0,0,1,1,1,0,0
2025-07-15 12:13:46,LII,0,0,0,0,0,0,0,1,1,0,0,0
2025-07-15 12:13:47,LLY,0,0,1,0,0,0,0,1,1,1,0,0
2025-07-15 12:13:48,LIN,0,0,0,0,0,0,0,1,1,1,0,0
2025-07-15 12:13:49,LYV,0,0,1,0,0,0,0,1,1,1,0,0
2025-07-15 12:13:50,LKQ,0,0,0,0,0,0,0,0,1,1,0,0
2025-07-15 12:13:51,LMT,0,0,1,0,0,0,0,1,1,0,0,0
2025-07-15 12:13:51,L,0,0,0,0,0,0,0,0,1,0,0,0
2025-07-15 12:13:52,LOW,0,0,1,0,0,0,0,1,1,1,0,0
2025-07-15 12:13:53,LULU,0,0,0,0,0,0,0,1,1,1,0,0
2025-07-15 12:13:54,LYB,0,0,1,0,0,0,0,0,1,1,0,0
2025-07-15 12:13:55,MTB,0,0,0,0,0,0,0,1,1,0,0,0
2025-07-15 12:13:55,MPC,0,0,1,0,0,0,0,1,1,1,0,0
2025-07-15 12:13:56,MKTX,0,0,0,0,0,0,0,1,1,0,0,0
2025-07-15 12:13:57,MAR,0,0,1,0,0,0,0,1,1,1,0,0
2025-07-15 12:13:58,MMC,0,0,1,0,0,0,0,1,1,0,0,0
2025-07-15 12:13:59,MLM,0,0,0,0,0,0,0,1,1,1,0,0
2025-07-15 12:13:59,MAS,0,0,0,0,0,0,0,0,1,1,1,0
2025-07-15 12:14:00,MA,0,0,0,0,0,0,0,1,1,0,0,0
2025-07-15 12:14:01,MTCH,1,0,1,0,0,1,1,0,1,1,0,0
2025-07-15 12:14:02,MKC,0,0,1,0,0,0,0,0,1,1,0,0
2025-07-15 12:14:02,MCD,0,0,0,0,0,0,0,1,1,0,0,0
2025-07-15 12:14:03,MCK,1,0,1,0,0,0,1,1,1,0,0,0
2025-07-15 12:14:04,MDT,1,0,1,0,0,0,1,0,1,1,0,0
2025-07-15 12:14:05,MRK,0,0,1,0,0,0,0,0,1,1,0,0
2025-07-15 12:14:06,META,1,1,1,0,0,1,1,1,1,0,0,0
2025-07-15 12:14:06,MET,0,0,1,0,0,0,0,0,1,1,0,0
2025-07-15 12:14:07,MTD,0,0,1,0,0,0,0,1,1,0,0,0
2025-07-15 12:14:08,MGM,0,0,0,0,0,0,0,0,1,1,0,0
2025-07-15 12:14:09,MCHP,0,0,1,0,0,0,0,1,1,1,1,0
2025-07-15 12:14:09,MU,1,1,1,0,0,0,1,1,1,1,1,0
2025-07-15 12:14:10,MSFT,1,0,0,0,0,1,1,1,1,0,0,0
2025-07-15 12:14:11,MAA,0,0,1,0,0,0,0,1,1,1,0,0
2025-07-15 12:14:12,MRNA,0,0,1,0,0,0,0,0,1,1,0,0
2025-07-15 12:14:12,MHK,0,0,1,0,0,0,0,1,1,1,0,0
2025-07-15 12:14:13,MOH,1,0,1,0,0,0,1,1,1,1,0,0
2025-07-15 12:14:14,TAP,0,0,0,0,0,0,0,0,1,0,0,0
2025-07-15 12:14:15,MDLZ,0,0,1,0,0,0,0,0,1,0,0,0
2025-07-15 12:14:16,MPWR,0,0,1,0,0,0,0,1,1,1,1,0
2025-07-15 12:14:16,MNST,0,0,1,0,0,0,0,0,1,1,0,0
2025-07-15 12:14:17,MCO,0,0,0,0,0,0,0,1,1,0,0,0
2025-07-15 12:14:18,MS,0,0,0,0,0,0,0,1,1,0,0,0
2025-07-15 12:14:19,MOS,0,0,0,0,0,0,0,0,1,1,0,0
2025-07-15 12:14:19,MSI,0,0,1,0,0,0,0,1,1,1,0,0
2025-07-15 12:14:20,MSCI,0,0,0,0,0,0,0,1,1,1,0,0
2025-07-15 12:14:21,NDAQ,0,0,0,0,0,0,0,0,1,0,0,0
2025-07-15 12:14:22,NTAP,0,0,0,0,0,0,0,1,1,1,1,0
2025-07-15 12:14:23,NFLX,0,0,0,0,0,1,0,1,1,1,0,0
2025-07-15 12:14:24,NEM,0,0,1,0,0,0,0,0,1,1,0,0
2025-07-15 12:14:24,NWSA,0,0,0,0,0,0,0,0,1,1,1,0
2025-07-15 12:14:25,NWS,0,0,0,0,0,0,0,0,1,1,0,0
2025-07-15 12:14:26,NEE,0,0,1,0,0,0,0,1,1,1,0,0
2025-07-15 12:14:27,NKE,0,0,0,0,0,0,0,1,1,0,0,0
2025-07-15 12:14:27,NI,0,0,0,0,0,0,0,0,1,0,0,0
2025-07-15 12:14:28,NDSN,0,0,0,0,0,0,0,1,1,0,0,0
2025-07-15 12:14:29,NSC,0,0,1,0,0,0,0,1,1,0,0,0
2025-07-15 12:14:30,NTRS,0,0,1,0,0,0,0,1,1,1,0,0
2025-07-15 12:14:31,NOC,0,0,1,0,0,0,0,1,1,0,0,0
2025-07-15 12:14:32,NCLH,0,0,0,0,0,0,0,0,1,1,0,0
2025-07-15 12:14:33,NRG,0,0,1,0,0,0,0,1,1,1,0,0
2025-07-15 12:14:33,NUE,0,0,0,0,0,0,0,1,1,1,0,0
2025-07-15 12:14:34,NVDA,1,0,0,0,0,1,1,1,1,1,1,0
2025-07-15 12:14:35,NVR,0,0,1,0,0,0,0,1,1,1,0,0
2025-07-15 12:14:35,NXPI,0,0,0,0,0,0,0,1,1,1,1,0
2025-07-15 12:14:36,ORLY,0,0,0,0,0,0,0,0,1,0,0,0
2025-07-15 12:14:37,OXY,0,0,1,0,0,0,0,0,1,1,0,0
2025-07-15 12:14:37,ODFL,0,0,1,0,0,0,0,1,1,1,0,0
2025-07-15 12:14:38,OMC,0,0,1,0,0,0,0,0,1,1,1,0
2025-07-15 12:14:39,ON,1,0,1,0,0,0,1,0,1,1,1,0
2025-07-15 12:14:40,OKE,0,0,1,0,0,0,0,0,1,1,0,0
2025-07-15 12:14:40,ORCL,1,0,1,0,0,1,1,1,1,1,1,0
2025-07-15 12:14:41,OTIS,0,0,1,0,0,0,0,0,1,0,1,0
2025-07-15 12:14:42,PCAR,0,0,0,0,0,0,0,1,1,0,0,0
2025-07-15 12:14:43,PKG,0,0,0,0,0,0,0,1,1,0,0,0
2025-07-15 12:14:44,PLTR,0,0,0,0,0,0,0,1,1,1,0,0
2025-07-15 12:14:44,PANW,0,0,0,0,0,0,0,1,1,0,0,0
2025-07-15 12:14:45,PARA,1,1,1,0,0,1,1,0,1,0,0,0
2025-07-15 12:14:46,PH,0,0,0,0,0,0,0,1,1,0,0,0
2025-07-15 12:14:47,PAYX,0,0,0,0,0,0,0,1,1,0,0,0
2025-07-15 12:14:47,PAYC,0,0,0,0,0,0,0,1,1,0,0,0
2025-07-15 12:14:48,PYPL,1,0,1,0,0,0,1,0,1,0,0,0
2025-07-15 12:14:49,PNR,0,0,0,0,0,0,0,0,1,1,0,0
2025-07-15 12:14:50,PEP,0,0,1,0,0,0,0,1,1,0,0,0
2025-07-15 12:14:50,PFE,0,0,1,0,0,0,0,0,1,1,0,0
2025-07-15 12:14:51,PCG,0,0,1,0,0,0,0,0,1,1,0,0
2025-07-15 12:14:52,PM,0,0,0,0,0,0,0,1,1,0,0,0
2025-07-15 12:14:53,PSX,0,0,1,0,0,0,0,1,1,0,0,0
2025-07-15 12:14:53,PNW,0,0,0,0,0,0,0,0,1,1,0,0
2025-07-15 12:14:54,PNC,0,0,0,0,0,0,0,1,1,0,0,0
2025-07-15 12:14:55,POOL,0,0,1,0,0,0,0,1,1,1,0,0
2025-07-15 12:14:56,PPG,0,0,1,0,0,0,0,1,1,1,0,0
2025-07-15 12:14:56,PPL,0,0,1,0,0,0,0,0,1,1,0,0
2025-07-15 12:14:57,PFG,0,0,1,0,0,0,0,0,1,1,0,0
2025-07-15 12:14:58,PG,1,0,1,0,0,0,1,1,1,0,0,0
2025-07-15 12:14:59,PGR,0,0,1,0,0,0,0,1,1,1,0,0
2025-07-15 12:15:00,PLD,0,0,0,0,0,0,0,1,1,0,0,0
2025-07-15 12:15:01,PRU,0,0,0,0,0,0,0,0,1,0,0,0
2025-07-15 12:15:02,PEG,0,0,1,0,0,0,0,0,1,1,0,0
2025-07-15 12:15:03,PTC,0,0,0,0,0,0,0,1,1,1,0,0
2025-07-15 12:15:03,PSA,0,0,0,0,0,0,0,1,1,1,0,0
2025-07-15 12:15:04,PHM,0,0,1,0,0,0,0,1,1,1,0,0
2025-07-15 12:15:05,PWR,0,0,0,0,0,0,0,1,1,1,0,0
2025-07-15 12:15:06,QCOM,1,0,1,0,0,0,1,1,1,1,1,0
2025-07-15 12:15:07,DGX,0,0,1,0,0,0,0,1,1,1,0,0
2025-07-15 12:15:07,RL,0,0,0,0,0,0,0,1,1,1,0,0
2025-07-15 12:15:08,RJF,0,0,1,0,0,0,0,1,1,1,0,0
2025-07-15 12:15:09,RTX,0,0,1,0,0,0,0,1,1,1,0,0
2025-07-15 12:15:10,O,0,0,1,0,0,0,0,0,1,1,0,0
2025-07-15 12:15:10,REG,0,0,0,0,0,0,0,0,1,1,0,0
2025-07-15 12:15:11,REGN,0,0,1,0,0,0,0,1,1,1,0,0
2025-07-15 12:15:12,RF,0,0,0,0,0,0,0,0,1,0,0,0
2025-07-15 12:15:13,RSG,0,0,0,0,0,0,0,1,1,0,0,0
2025-07-15 12:15:13,RMD,0,0,1,0,0,0,0,1,1,1,1,0
2025-07-15 12:15:14,RVTY,0,0,1,0,0,0,0,1,1,1,0,0
2025-07-15 12:15:15,ROK,0,0,0,0,0,0,0,1,1,1,0,0
2025-07-15 12:15:16,ROL,0,0,0,0,0,0,0,0,1,0,0,0
2025-07-15 12:15:17,ROP,0,0,1,0,0,0,0,1,1,0,0,0
2025-07-15 12:15:17,ROST,0,0,1,0,0,0,0,1,1,1,0,0
2025-07-15 12:15:18,RCL,0,0,0,0,0,1,0,1,1,1,0,0
2025-07-15 12:15:19,SPGI,0,0,0,0,0,0,0,1,1,0,0,0
2025-07-15 12:15:19,CRM,0,0,0,0,0,0,0,1,1,1,0,0
2025-07-15 12:15:20,SBAC,0,0,1,0,0,0,0,1,1,0,0,0
2025-07-15 12:15:21,SLB,0,0,0,0,0,0,0,0,1,1,0,0
2025-07-15 12:15:22,STX,0,0,0,0,0,0,0,1,1,1,0,0
2025-07-15 12:15:23,SRE,0,0,1,0,0,0,0,0,1,0,0,0
2025-07-15 12:15:23,NOW,0,0,0,0,0,0,0,1,1,1,0,0
2025-07-15 12:15:24,SHW,0,0,1,0,0,0,0,1,1,0,0,0
2025-07-15 12:15:25,SPG,0,0,0,0,0,0,0,1,1,1,0,0
2025-07-15 12:15:26,SWKS,0,0,1,0,0,0,0,0,1,1,1,0
2025-07-15 12:15:27,SJM,0,0,0,0,0,0,0,1,1,1,0,0
2025-07-15 12:15:27,SW,0,0,0,0,0,0,0,0,1,1,0,0
2025-07-15 12:15:28,SNA,0,0,0,0,0,0,0,1,1,1,0,0
2025-07-15 12:15:29,SOLV,0,0,1,0,0,0,0,0,1,1,1,0
2025-07-15 12:15:31,SO,1,0,1,0,0,1,1,0,1,0,0,0
2025-07-15 12:15:31,LUV,1,0,1,0,0,1,1,0,1,1,0,0
2025-07-15 12:15:32,SWK,0,0,0,0,0,0,0,1,1,1,1,0
2025-07-15 12:15:33,SBUX,0,0,1,0,0,0,0,1,1,1,0,0
2025-07-15 12:15:34,STT,0,0,0,0,0,1,0,1,1,1,0,0
2025-07-15 12:15:35,STLD,0,0,0,0,0,0,0,1,1,1,0,0
2025-07-15 12:15:38,STE,0,0,0,0,0,0,0,1,1,0,1,0
2025-07-15 12:15:39,SYK,1,0,1,0,0,1,1,1,1,0,0,0
2025-07-15 12:15:40,SMCI,1,1,1,0,0,1,1,1,1,1,1,0
2025-07-15 12:15:41,SYF,0,0,1,0,0,0,0,0,1,1,0,0
2025-07-15 12:15:41,SNPS,1,0,0,0,0,1,1,1,1,1,0,0
2025-07-15 12:15:42,SYY,0,0,1,0,0,0,0,0,1,1,0,0
2025-07-15 12:15:43,TMUS,0,0,0,0,0,0,0,1,1,0,0,0
2025-07-15 12:15:43,TROW,0,0,0,0,0,0,0,0,1,1,0,0
2025-07-15 12:15:44,TTWO,1,0,0,0,0,1,1,1,1,0,0,0
2025-07-15 12:15:44,TPR,0,0,0,0,0,1,0,1,1,1,0,0
2025-07-15 12:15:45,TRGP,0,0,1,0,0,0,0,1,1,1,0,0
2025-07-15 12:19:15,MMM,0,0,1,0,0,0,0,1,1,0,0,0
2025-07-15 12:19:16,AOS,0,0,1,0,0,0,0,0,1,1,0,0
2025-07-15 12:19:17,ABT,0,0,1,0,0,0,0,1,1,1,0,0
2025-07-15 12:19:17,ABBV,0,0,1,0,0,0,0,1,1,1,0,0
2025-07-15 12:19:18,ACN,0,0,1,0,0,0,0,1,1,1,0,0
2025-07-15 12:19:19,ADBE,1,0,1,0,0,0,1,1,1,0,0,0
2025-07-15 12:19:19,AMD,1,0,1,0,0,1,1,1,1,1,1,0
2025-07-15 12:19:20,AES,1,0,1,0,0,1,1,0,1,1,1,0
2025-07-15 12:19:21,AFL,0,0,1,0,0,0,0,0,1,0,0,0
2025-07-15 12:19:22,A,0,0,0,0,0,0,0,1,1,1,0,0
2025-07-15 12:19:22,APD,0,0,0,0,0,0,0,1,1,1,0,0
2025-07-15 12:19:23,ABNB,1,0,1,0,0,0,1,1,1,1,0,0
2025-07-15 12:19:24,AKAM,0,0,0,0,0,0,0,0,1,0,0,0
2025-07-15 12:19:25,ALB,0,0,1,0,0,0,0,1,1,1,1,0
2025-07-15 12:19:26,ARE,0,0,1,0,0,0,0,1,1,1,0,0
2025-07-15 12:19:26,ALGN,0,0,1,0,0,0,0,1,1,1,1,0
2025-07-15 12:19:27,ALLE,0,0,1,0,0,0,0,1,1,1,0,0
2025-07-15 12:19:28,LNT,0,0,1,0,0,0,0,0,1,1,0,0
2025-07-15 12:19:28,ALL,0,0,1,0,0,0,0,1,1,1,0,0
2025-07-15 12:19:29,GOOGL,0,0,0,0,0,1,0,1,1,0,0,0
2025-07-15 12:19:30,GOOG,0,0,0,0,0,1,0,1,1,1,0,0
2025-07-15 12:19:30,MO,1,0,1,0,0,1,1,0,1,0,0,0
2025-07-15 12:19:32,AMZN,1,1,1,0,0,1,1,1,1,0,0,0
2025-07-15 12:19:33,AMCR,0,0,0,0,0,0,0,0,1,1,0,0
2025-07-15 12:19:34,AEE,1,0,1,0,0,0,1,0,1,0,0,0
2025-07-15 12:19:35,AEP,1,0,1,0,0,0,1,0,1,0,0,0
2025-07-15 12:19:35,AXP,0,0,0,0,0,0,0,1,1,1,0,0
2025-07-15 12:19:36,AIG,0,0,0,0,0,0,0,0,1,0,0,0
2025-07-15 12:19:37,AMT,0,0,1,0,0,0,0,1,1,0,0,0
2025-07-15 12:19:38,AWK,0,0,1,0,0,0,0,1,1,0,0,0
2025-07-15 12:19:39,AMP,1,0,1,0,0,0,1,1,1,1,0,0
2025-07-15 12:19:39,AME,0,0,0,0,0,0,0,1,1,0,0,0
2025-07-15 12:19:40,AMGN,1,0,1,0,0,0,1,1,1,1,0,0
2025-07-15 12:19:41,APH,0,0,0,0,0,0,0,0,1,1,0,0
2025-07-15 12:19:42,ADI,0,0,1,0,0,0,0,1,1,0,0,0
2025-07-15 12:19:42,ANSS,1,0,0,1,0,1,1,1,1,1,0,0
2025-07-15 12:19:43,AON,1,0,1,0,0,0,1,1,1,1,0,0
2025-07-15 12:19:44,APA,0,0,1,0,0,0,0,0,1,1,0,0
2025-07-15 12:19:45,APO,0,0,0,0,0,0,0,1,1,1,0,0
2025-07-15 12:19:46,AAPL,0,0,0,0,0,1,0,1,1,0,0,0
2025-07-15 12:19:46,AMAT,0,0,0,0,0,0,0,1,1,0,1,0
2025-07-15 12:19:47,APTV,0,0,0,0,0,0,0,0,1,0,0,0
2025-07-15 12:19:48,ACGL,0,0,1,0,0,0,0,0,1,1,0,0
2025-07-15 12:19:48,ADM,0,0,0,0,0,0,0,0,1,0,0,0
2025-07-15 12:19:49,ANET,0,0,0,0,0,0,0,1,1,1,0,0
2025-07-15 12:19:50,AJG,1,0,1,0,0,0,1,1,1,1,0,0
2025-07-15 12:19:51,AIZ,0,0,1,0,0,0,0,1,1,1,0,0
2025-07-15 12:19:51,T,0,0,1,0,0,0,0,0,1,0,0,0
2025-07-15 12:19:54,ATO,0,0,1,0,0,0,0,1,1,1,0,0
2025-07-15 12:19:55,ADSK,1,0,1,0,0,0,1,1,1,1,0,0
2025-07-15 12:19:56,ADP,1,0,1,0,0,0,1,1,1,0,0,0
2025-07-15 12:19:57,AZO,0,0,0,0,0,0,0,1,1,1,0,0
2025-07-15 12:19:57,AVB,0,0,1,0,0,0,0,1,1,1,0,0
2025-07-15 12:19:58,AVY,0,0,1,0,0,0,0,1,1,0,0,0
2025-07-15 12:19:59,AXON,0,0,0,0,0,1,0,1,1,1,0,0
2025-07-15 12:20:00,BKR,0,0,0,0,0,0,0,0,1,1,0,0
2025-07-15 12:20:01,BALL,0,0,0,0,0,0,0,0,1,0,0,0
2025-07-15 12:20:01,BAC,0,0,0,0,0,0,0,0,1,0,0,0
2025-07-15 12:20:02,BAX,0,0,1,0,0,0,0,0,1,1,0,0
2025-07-15 12:20:03,BDX,1,0,0,0,0,1,1,1,1,1,0,0
2025-07-15 12:20:04,BRK-B,0,0,1,0,0,0,0,1,0,0,0,0
2025-07-15 12:20:04,BBY,0,0,0,0,0,0,0,1,1,1,0,0
2025-07-15 12:20:05,TECH,0,0,1,0,0,0,0,1,1,1,0,0
2025-07-15 12:20:06,BIIB,0,0,1,0,0,0,0,1,1,1,0,0
2025-07-15 12:20:07,BLK,1,1,1,0,0,1,1,1,1,1,0,0
2025-07-15 12:20:08,BX,0,0,0,0,0,0,0,1,1,1,0,0
2025-07-15 12:20:09,BK,0,0,0,0,0,0,0,0,1,1,0,0
2025-07-15 12:20:09,BA,1,0,1,0,0,1,1,1,1,0,0,0
2025-07-15 12:20:10,BKNG,0,0,1,0,0,1,0,1,1,1,0,0
2025-07-15 12:20:11,BSX,0,0,0,0,0,1,0,0,1,1,0,0
2025-07-15 12:20:12,BMY,1,0,1,0,0,0,1,0,1,1,0,0
2025-07-15 12:20:13,AVGO,1,0,0,0,0,1,1,1,1,1,1,0
2025-07-15 12:20:14,BR,0,0,0,0,0,0,0,1,1,0,0,0
2025-07-15 12:20:15,BRO,1,0,1,0,0,0,1,0,1,1,0,0
2025-07-15 12:20:15,BF-B,0,0,1,0,0,0,0,0,0,1,0,0
2025-07-15 12:20:16,BLDR,0,0,1,0,0,0,0,1,1,1,0,0
2025-07-15 12:20:17,BG,0,0,0,0,0,0,0,1,1,0,0,0
2025-07-15 12:20:18,BXP,0,0,0,0,0,0,0,0,1,1,0,0
2025-07-15 12:20:18,CHRW,0,0,0,0,0,0,0,1,1,0,0,0
2025-07-15 12:20:19,CDNS,1,0,1,0,0,0,1,1,1,1,0,0
2025-07-15 12:20:20,CZR,0,0,1,0,0,0,0,0,1,1,0,0
2025-07-15 12:20:21,CPT,0,0,1,0,0,0,0,1,1,1,0,0
2025-07-15 12:20:21,CPB,0,0,0,0,0,0,0,0,1,0,0,0
2025-07-15 12:20:22,COF,0,0,0,0,0,0,0,1,1,1,0,0
2025-07-15 12:20:23,CAH,0,0,1,0,0,0,0,1,1,0,0,0
2025-07-15 12:20:24,KMX,0,0,1,0,0,0,0,1,1,1,1,0
2025-07-15 12:20:25,CCL,0,0,0,0,0,1,0,0,1,1,0,0
2025-07-15 12:20:26,CARR,0,0,0,0,0,0,0,0,1,0,0,0
2025-07-15 12:20:26,CAT,0,0,0,0,0,0,0,1,1,0,0,0
2025-07-15 12:20:27,CBOE,0,0,1,0,0,0,0,1,1,1,0,0
2025-07-15 12:20:28,CBRE,0,0,1,0,0,0,0,1,1,1,0,0
2025-07-15 12:20:29,CDW,0,0,1,0,0,0,0,1,1,1,0,0
2025-07-15 12:20:29,COR,0,0,1,0,0,0,0,1,1,1,0,0
2025-07-15 12:20:30,CNC,1,1,1,0,0,1,1,1,1,1,0,0
2025-07-15 12:20:31,CNP,0,0,1,0,0,0,0,0,1,0,0,0
2025-07-15 12:20:32,CF,0,0,1,0,0,0,0,1,1,1,0,0
2025-07-15 12:20:32,CRL,0,0,0,0,0,0,0,1,1,1,0,0
2025-07-15 12:20:33,SCHW,0,0,0,0,0,0,0,0,1,0,0,0
2025-07-15 12:20:34,CHTR,0,0,1,0,0,0,0,1,1,1,0,0
2025-07-15 12:20:35,CVX,0,0,1,0,0,0,0,1,1,0,0,0
2025-07-15 12:20:36,CMG,0,0,0,0,0,0,0,0,1,1,0,0
2025-07-15 12:20:36,CB,1,0,1,0,0,0,1,1,1,0,0,0
2025-07-15 12:20:37,CHD,0,0,1,0,0,0,0,0,1,0,0,0
2025-07-15 12:20:38,CI,1,0,1,0,0,0,1,1,1,1,0,0
2025-07-15 12:20:39,CINF,0,0,1,0,0,0,0,1,1,1,0,0
2025-07-15 12:20:39,CTAS,0,0,0,0,0,0,0,1,1,0,0,0
2025-07-15 12:20:40,CSCO,0,0,0,0,0,0,0,0,1,0,0,0
2025-07-15 12:20:41,C,1,0,0,0,0,1,1,0,1,1,1,0
2025-07-15 12:20:42,CFG,0,0,0,0,0,0,0,0,1,0,0,0
2025-07-15 12:20:42,CLX,0,0,1,0,0,0,0,1,1,1,0,0
2025-07-15 12:20:43,CME,1,0,1,0,0,1,1,1,1,0,0,0
2025-07-15 12:20:44,CMS,0,0,1,0,0,0,0,0,1,0,0,0
2025-07-15 12:20:45,KO,0,0,1,0,0,0,0,0,1,0,0,0
2025-07-15 12:20:45,CTSH,0,0,0,0,0,0,0,0,1,1,0,0
2025-07-15 12:20:46,COIN,1,0,1,0,0,1,1,1,1,1,0,0
2025-07-15 12:20:47,CL,0,0,1,0,0,0,0,0,1,0,0,0
2025-07-15 12:20:48,CMCSA,0,0,1,0,0,0,0,0,1,1,0,0
2025-07-15 12:20:48,CAG,0,0,1,0,0,0,0,0,1,1,0,0
2025-07-15 12:20:49,COP,0,0,0,0,0,0,0,0,1,1,0,0
2025-07-15 12:20:50,ED,0,0,1,0,0,0,0,0,1,0,0,0
2025-07-15 12:20:51,STZ,1,0,1,0,0,0,1,1,1,1,0,0
2025-07-15 12:20:51,CEG,0,0,0,0,0,0,0,1,1,1,0,0
2025-07-15 12:20:52,COO,1,0,1,0,0,0,1,0,1,1,0,0
2025-07-15 12:20:53,CPRT,0,0,0,0,0,0,0,0,1,1,0,0
2025-07-15 12:20:54,GLW,0,0,1,0,0,0,0,0,1,1,0,0
2025-07-15 12:20:54,CPAY,1,0,1,0,0,0,1,1,1,0,0,0
2025-07-15 12:20:55,CTVA,0,0,0,0,0,0,0,0,1,1,0,0
2025-07-15 12:20:56,CSGP,0,0,1,0,0,0,0,0,1,1,0,0
2025-07-15 12:20:56,COST,0,0,1,0,0,0,0,1,1,0,0,0
2025-07-15 12:20:57,CTRA,0,0,0,0,0,0,0,0,1,1,0,0
2025-07-15 12:20:58,CRWD,1,0,1,0,0,0,1,1,1,1,0,0
2025-07-15 12:20:59,CCI,0,0,1,0,0,0,0,1,1,1,0,0
2025-07-15 12:21:00,CSX,0,0,0,0,0,0,0,0,1,0,0,0
2025-07-15 12:21:00,CMI,1,0,0,0,0,1,1,1,1,0,0,0
2025-07-15 12:21:01,CVS,0,0,1,0,0,0,0,0,1,1,0,0
2025-07-15 12:21:02,DHR,1,0,1,0,0,0,1,1,1,1,0,0
2025-07-15 12:21:03,DRI,1,0,1,0,0,1,1,1,1,0,0,0
2025-07-15 12:21:03,DDOG,1,0,0,0,0,1,1,1,1,1,0,0
2025-07-15 12:21:04,DVA,0,0,1,0,0,0,0,1,1,1,0,0
2025-07-15 12:21:05,DAY,1,0,1,0,0,1,1,0,1,1,0,0
2025-07-15 12:21:06,DECK,0,0,1,0,0,0,0,1,1,1,0,0
2025-07-15 12:21:06,DE,0,0,0,0,0,0,0,1,1,0,0,0
2025-07-15 12:21:07,DELL,0,0,0,0,0,0,0,1,1,1,1,0
2025-07-15 12:21:08,DAL,0,0,1,0,0,0,0,1,1,1,0,0
2025-07-15 12:21:08,DVN,0,0,1,0,0,0,0,0,1,1,0,0
2025-07-15 12:21:09,DXCM,1,0,1,0,0,0,1,1,1,1,0,0
2025-07-15 12:21:10,FANG,0,0,1,0,0,0,0,1,1,1,0,0
2025-07-15 12:21:10,DLR,0,0,0,0,0,0,0,1,1,0,0,0
2025-07-15 12:21:11,DG,1,0,1,0,0,0,1,1,1,0,0,0
2025-07-15 12:21:12,DLTR,0,0,1,0,0,0,0,1,1,1,0,0
2025-07-15 12:21:13,D,1,0,1,0,0,0,1,0,1,1,0,0
2025-07-15 12:21:13,DPZ,0,0,1,0,0,0,0,1,1,1,0,0
2025-07-15 12:21:14,DASH,1,1,1,0,0,1,1,1,1,1,0,0
2025-07-15 12:21:15,DOV,0,0,0,0,0,0,0,1,1,1,1,0
2025-07-15 12:21:16,DOW,0,0,0,0,0,0,0,0,1,1,1,0
2025-07-15 12:21:16,DHI,0,0,1,0,0,0,0,1,1,1,0,0
2025-07-15 12:21:17,DTE,0,0,1,0,0,0,0,1,1,0,0,0
2025-07-15 12:21:18,DUK,1,0,1,0,0,0,1,0,1,1,0,0
2025-07-15 12:21:18,DD,0,0,1,0,0,0,0,0,1,1,1,0
2025-07-15 12:21:19,EMN,0,0,1,0,0,0,0,1,1,1,0,0
2025-07-15 12:21:20,ETN,0,0,0,0,0,0,0,1,1,1,1,0
2025-07-15 12:21:20,EBAY,1,0,1,0,0,0,1,0,1,0,0,0
2025-07-15 12:21:21,ECL,0,0,0,0,0,0,0,1,1,0,0,0
2025-07-15 12:21:22,EIX,1,0,1,0,0,0,1,0,1,1,0,0
2025-07-15 12:21:22,EW,1,0,1,0,0,0,1,0,1,1,0,0
2025-07-15 12:21:23,EA,1,0,0,0,0,0,1,1,1,0,0,0
2025-07-15 12:21:24,ELV,0,0,1,0,0,0,0,1,1,1,0,0
2025-07-15 12:21:24,EMR,0,0,0,0,0,0,0,1,1,0,0,0
2025-07-15 12:21:25,ENPH,0,0,0,0,0,0,0,1,1,1,0,0
2025-07-15 12:21:26,ETR,0,0,1,0,0,0,0,0,1,1,0,0
2025-07-15 12:21:27,EOG,0,0,0,0,0,0,0,1,1,1,0,0
2025-07-15 12:21:27,EPAM,0,0,1,0,0,0,0,1,1,1,0,0
2025-07-15 12:21:28,EQT,0,0,0,0,0,0,0,0,1,1,0,0
2025-07-15 12:21:29,EFX,0,0,0,0,0,0,0,1,1,1,0,0
2025-07-15 12:21:30,EQIX,0,0,1,0,0,0,0,1,1,0,0,0
2025-07-15 12:21:31,EQR,0,0,1,0,0,0,0,0,1,1,0,0
2025-07-15 12:21:31,ERIE,0,0,1,0,0,1,0,1,1,0,0,0
2025-07-15 12:21:32,ESS,0,0,1,0,0,0,0,1,1,1,0,0
2025-07-15 12:21:33,EL,0,0,1,0,0,0,0,1,1,1,0,0
2025-07-15 12:21:33,EG,0,0,1,0,0,0,0,1,1,1,0,0
2025-07-15 12:21:34,EVRG,1,0,1,0,0,0,1,0,1,1,0,0
2025-07-15 12:21:35,ES,0,0,1,0,0,0,0,0,1,1,0,0
2025-07-15 12:21:36,EXC,0,0,1,0,0,0,0,0,1,0,0,0
2025-07-15 12:21:36,EXE,0,0,1,0,0,0,0,1,1,1,0,0
2025-07-15 12:21:37,EXPE,0,0,1,0,0,0,0,1,1,1,0,0
2025-07-15 12:21:38,EXPD,0,0,1,0,0,0,0,1,1,1,0,0
2025-07-15 12:21:38,EXR,0,0,0,0,0,0,0,1,1,1,0,0
2025-07-15 12:21:39,XOM,0,0,1,0,0,0,0,0,1,0,0,0
2025-07-15 12:21:40,FFIV,0,0,0,0,0,0,0,1,1,0,0,0
2025-07-15 12:21:40,FDS,0,0,1,0,0,0,0,1,1,1,0,0
2025-07-15 12:21:41,FICO,0,0,0,0,0,0,0,1,1,1,0,0
2025-07-15 12:21:42,FAST,0,0,0,0,0,1,0,0,1,1,0,0
2025-07-15 12:21:43,FRT,0,0,0,0,0,0,0,0,1,1,0,0
2025-07-15 12:21:44,FDX,1,0,1,0,0,1,1,1,1,0,0,0
2025-07-15 12:21:45,FIS,0,0,0,0,0,0,0,0,1,0,0,0
2025-07-15 12:21:45,FITB,1,0,0,0,0,0,1,0,1,0,0,0
2025-07-15 12:21:46,FSLR,0,0,0,0,0,1,0,1,1,1,1,0
2025-07-15 12:21:48,FE,1,0,1,0,0,0,1,0,1,0,0,0
2025-07-15 12:21:49,FI,1,0,1,0,0,0,1,1,1,0,0,0
2025-07-15 12:21:50,F,0,0,1,0,0,0,0,0,1,1,0,0
2025-07-15 12:21:50,FTNT,1,0,0,0,0,1,1,1,1,1,0,0
2025-07-15 12:21:51,FTV,0,0,1,0,0,0,0,0,1,1,0,0
2025-07-15 12:21:51,FOXA,0,0,0,0,0,0,0,0,1,1,0,0
2025-07-15 12:21:52,FOX,0,0,0,0,0,1,0,0,1,0,0,0
2025-07-15 12:21:53,BEN,0,0,1,0,0,0,0,0,1,1,0,0
2025-07-15 12:21:53,FCX,0,0,1,0,0,0,0,0,1,1,0,0
2025-07-15 12:21:54,GRMN,1,0,1,0,0,0,1,1,1,0,0,0
2025-07-15 12:21:55,IT,0,0,1,0,0,0,0,1,1,1,0,0
2025-07-15 12:21:56,GE,1,0,1,0,0,1,1,1,1,0,0,0
2025-07-15 12:21:56,GEHC,1,0,1,0,0,0,1,0,1,1,0,0
2025-07-15 12:21:57,GEV,0,0,0,0,0,0,0,1,1,1,0,0
2025-07-15 12:21:58,GEN,0,0,0,0,0,0,0,0,1,0,0,0
2025-07-15 12:21:58,GNRC,1,0,1,0,0,0,1,1,1,0,0,0
2025-07-15 12:21:59,GD,0,0,0,0,0,0,0,1,1,0,0,0
2025-07-15 12:22:00,GIS,0,0,1,0,0,0,0,0,1,0,0,0
2025-07-15 12:22:00,GM,1,0,1,0,0,0,1,0,1,0,0,0
2025-07-15 12:22:01,GPC,0,0,1,0,0,0,0,1,1,0,0,0
2025-07-15 12:22:02,GILD,1,0,1,0,0,0,1,1,1,1,0,0
2025-07-15 12:22:03,GPN,1,0,1,0,0,0,1,0,1,1,0,0
2025-07-15 12:22:04,GL,0,0,1,0,0,0,0,1,1,1,0,0
2025-07-15 12:22:05,GDDY,0,0,0,0,0,0,0,1,1,0,0,0
2025-07-15 12:22:08,GS,0,0,0,0,0,0,0,1,1,0,0,0
2025-07-15 12:22:08,HAL,0,0,0,0,0,0,0,0,1,1,0,0
2025-07-15 12:22:09,HIG,0,0,1,0,0,0,0,1,1,1,0,0
2025-07-15 12:22:10,HAS,0,0,1,0,0,0,0,0,1,1,0,0
2025-07-15 12:22:10,HCA,0,0,1,0,0,0,0,1,1,1,0,0
2025-07-15 12:22:11,DOC,0,0,1,0,0,0,0,0,1,1,0,0
2025-07-15 12:22:12,HSIC,0,0,0,0,0,0,0,0,1,1,0,0
2025-07-15 12:22:13,HSY,0,0,0,0,0,0,0,1,1,1,0,0
2025-07-15 12:22:13,HES,0,0,1,0,0,0,0,1,1,0,0,0
2025-07-15 12:22:14,HPE,0,0,0,0,0,0,0,0,1,1,0,0
2025-07-15 12:22:15,HLT,0,0,0,0,0,0,0,1,1,1,0,0
2025-07-15 12:22:15,HOLX,0,0,1,0,0,0,0,0,1,1,0,0
2025-07-15 12:22:17,HD,0,0,1,0,0,0,0,1,1,1,0,0
2025-07-15 12:22:17,HON,0,0,0,0,0,0,0,1,1,0,0,0
2025-07-15 12:22:18,HRL,0,0,0,0,0,0,0,0,1,0,0,0
2025-07-15 12:22:19,HST,0,0,0,0,0,0,0,0,1,1,0,0
2025-07-15 12:22:19,HWM,0,0,0,0,0,1,0,1,1,1,0,0
2025-07-15 12:22:20,HPQ,0,0,1,0,0,0,0,0,1,1,0,0
2025-07-15 12:22:21,HUBB,0,0,0,0,0,0,0,1,1,0,0,0
2025-07-15 12:22:22,HUM,0,0,1,0,0,0,0,1,1,1,0,0
2025-07-15 12:22:22,HBAN,0,0,0,0,0,0,0,0,1,0,0,0
2025-07-15 12:22:23,HII,0,0,0,0,0,0,0,1,1,1,0,0
2025-07-15 12:22:24,IBM,1,0,0,0,0,1,1,1,1,0,0,0
2025-07-15 12:22:24,IEX,0,0,0,0,0,0,0,1,1,0,0,0
2025-07-15 12:22:25,IDXX,0,0,1,0,0,0,0,1,1,0,0,0
2025-07-15 12:22:26,ITW,0,0,0,0,0,0,0,1,1,0,0,0
2025-07-15 12:22:26,INCY,1,0,1,0,0,0,1,1,1,1,0,0
2025-07-15 12:22:27,IR,0,0,0,0,0,0,0,0,1,0,0,0
2025-07-15 12:22:28,PODD,0,0,1,0,0,0,0,1,1,0,0,0
2025-07-15 12:22:28,INTC,0,0,1,0,0,0,0,0,1,1,1,0
2025-07-15 12:22:29,ICE,0,0,1,0,0,0,0,1,1,0,0,0
2025-07-15 12:22:30,IFF,0,0,0,0,0,0,0,0,1,0,0,0
2025-07-15 12:22:31,IP,0,0,1,0,0,0,0,0,1,1,0,0
2025-07-15 12:22:31,IPG,0,0,1,0,0,0,0,0,1,1,0,0
2025-07-15 12:22:32,INTU,0,0,1,0,0,0,0,1,1,0,0,0
2025-07-15 12:22:33,ISRG,1,0,1,0,0,0,1,1,1,1,0,0
2025-07-15 12:22:33,IVZ,0,0,0,0,0,0,0,0,1,1,0,0
2025-07-15 12:22:34,INVH,0,0,1,0,0,0,0,0,1,1,0,0
2025-07-15 12:22:35,IQV,0,0,1,0,0,0,0,1,1,1,0,0
2025-07-15 12:22:35,IRM,0,0,0,0,0,0,0,1,1,1,0,0
2025-07-15 12:22:36,JBHT,0,0,1,0,0,0,0,1,1,1,0,0
2025-07-15 12:22:36,JBL,0,0,0,0,0,0,0,1,1,1,0,0
2025-07-15 12:22:37,JKHY,1,0,0,0,0,1,1,1,1,0,0,0
2025-07-15 12:22:38,J,0,0,0,0,0,0,0,0,1,0,0,0
2025-07-15 12:22:38,JNJ,1,0,1,0,0,0,1,1,1,1,0,0
2025-07-15 12:22:39,JCI,0,0,0,0,0,0,0,0,1,0,0,0
2025-07-15 12:22:40,JPM,0,0,0,0,0,0,0,1,1,1,0,0
2025-07-15 12:22:40,K,0,0,0,0,0,0,0,0,0,0,0,0
2025-07-15 12:22:41,KVUE,0,0,0,0,0,0,0,0,1,1,0,0
2025-07-15 12:22:42,KDP,0,0,0,0,0,0,0,0,1,0,0,0
2025-07-15 12:22:42,KEY,0,0,0,0,0,0,0,0,1,1,0,0
2025-07-15 12:22:43,KEYS,0,0,0,0,0,0,0,1,1,0,0,0
2025-07-15 12:22:44,KMB,0,0,1,0,0,0,0,1,1,0,0,0
2025-07-15 12:22:44,KIM,0,0,1,0,0,0,0,0,1,1,0,0
2025-07-15 12:22:45,KMI,0,0,0,0,0,0,0,0,1,1,0,0
2025-07-15 12:22:46,KKR,1,0,1,0,0,0,1,1,1,1,0,0
2025-07-15 12:22:46,KLAC,0,0,0,0,0,0,0,1,1,0,1,0
2025-07-15 12:22:47,KHC,0,0,1,0,0,0,0,0,1,1,0,0
2025-07-15 12:22:47,KR,1,0,1,0,0,0,1,0,1,0,0,0
2025-07-15 12:22:48,LHX,0,0,1,0,0,0,0,1,1,0,0,0
2025-07-15 12:22:49,LH,0,0,1,0,0,0,0,1,1,1,0,0
2025-07-15 12:22:49,LRCX,0,0,1,0,0,0,0,0,1,0,1,0
2025-07-15 12:22:50,LW,0,0,1,0,0,0,0,0,1,1,0,0
2025-07-15 12:22:51,LVS,1,0,1,0,0,1,1,0,1,0,0,0
2025-07-15 12:22:51,LDOS,0,0,0,0,0,0,0,1,1,1,0,0
2025-07-15 12:22:52,LEN,0,0,1,0,0,0,0,1,1,1,0,0
2025-07-15 12:22:52,LII,0,0,0,0,0,0,0,1,1,0,0,0
2025-07-15 12:22:53,LLY,1,0,1,0,0,0,1,1,1,1,0,0
2025-07-15 12:22:54,LIN,0,0,1,0,0,0,0,1,1,1,0,0
2025-07-15 12:22:54,LYV,0,0,1,0,0,0,0,1,1,1,0,0
2025-07-15 12:22:55,LKQ,0,0,0,0,0,0,0,0,1,1,0,0
2025-07-15 12:22:56,LMT,0,0,1,0,0,0,0,1,1,0,0,0
2025-07-15 12:22:56,L,0,0,1,0,0,0,0,0,1,0,0,0
2025-07-15 12:22:57,LOW,0,0,1,0,0,0,0,1,1,1,0,0
2025-07-15 12:22:57,LULU,0,0,0,0,0,0,0,1,1,1,0,0
2025-07-15 12:22:58,LYB,0,0,1,0,0,0,0,0,1,1,0,0
2025-07-15 12:22:59,MTB,0,0,1,0,0,0,0,1,1,0,0,0
2025-07-15 12:22:59,MPC,0,0,0,0,0,0,0,1,1,1,0,0
2025-07-15 12:23:00,MKTX,0,0,1,0,0,0,0,1,1,0,0,0
2025-07-15 12:23:01,MAR,0,0,1,0,0,0,0,1,1,1,0,0
2025-07-15 12:23:01,MMC,1,0,1,0,0,0,1,1,1,0,0,0
2025-07-15 12:23:02,MLM,0,0,0,0,0,0,0,1,1,1,0,0
2025-07-15 12:23:03,MAS,0,0,1,0,0,0,0,0,1,1,1,0
2025-07-15 12:23:03,MA,1,0,1,0,0,0,1,1,1,0,0,0
2025-07-15 12:23:04,MTCH,1,0,1,0,0,1,1,0,1,1,0,0
2025-07-15 12:23:05,MKC,0,0,1,0,0,0,0,0,1,1,0,0
2025-07-15 12:23:05,MCD,0,0,0,0,0,0,0,1,1,0,0,0
2025-07-15 12:23:06,MCK,0,0,1,0,0,0,0,1,1,0,0,0
2025-07-15 12:23:07,MDT,1,0,1,0,0,0,1,0,1,1,0,0
2025-07-15 12:23:07,MRK,1,0,1,0,0,0,1,0,1,1,0,0
2025-07-15 12:23:08,META,1,0,1,0,0,1,1,1,1,0,0,0
2025-07-15 12:23:09,MET,0,0,1,0,0,0,0,0,1,1,0,0
2025-07-15 12:23:09,MTD,0,0,0,0,0,0,0,1,1,0,0,0
2025-07-15 12:23:10,MGM,1,0,0,0,0,1,1,0,1,1,0,0
2025-07-15 12:23:11,MCHP,1,0,1,0,0,0,1,1,1,1,1,0
2025-07-15 12:23:11,MU,1,1,1,0,0,0,1,1,1,1,1,0
2025-07-15 12:23:12,MSFT,1,0,0,0,0,1,1,1,1,0,0,0
2025-07-15 12:23:13,MAA,0,0,1,0,0,0,0,1,1,1,0,0
2025-07-15 12:23:13,MRNA,1,0,1,0,0,0,1,0,1,1,0,0
2025-07-15 12:23:14,MHK,1,0,1,0,0,0,1,1,1,1,0,0
2025-07-15 12:23:14,MOH,0,0,1,0,0,0,0,1,1,1,0,0
2025-07-15 12:23:15,TAP,0,0,0,0,0,0,0,0,1,0,0,0
2025-07-15 12:23:16,MDLZ,0,0,1,0,0,0,0,0,1,0,0,0
2025-07-15 12:23:16,MPWR,0,0,1,0,0,0,0,1,1,1,1,0
2025-07-15 12:23:17,MNST,0,0,1,0,0,0,0,0,1,1,0,0
2025-07-15 12:23:18,MCO,0,0,0,0,0,0,0,1,1,0,0,0
2025-07-15 12:23:19,MS,1,0,0,0,0,0,1,1,1,0,0,0
2025-07-15 12:23:20,MOS,0,0,0,0,0,0,0,0,1,1,0,0
2025-07-15 12:23:21,MSI,0,0,1,0,0,0,0,1,1,1,0,0
2025-07-15 12:23:21,MSCI,0,0,0,0,0,0,0,1,1,1,0,0
2025-07-15 12:23:22,NDAQ,0,0,1,0,0,0,0,0,1,0,0,0
2025-07-15 12:23:23,NTAP,0,0,1,0,0,0,0,1,1,1,1,0
2025-07-15 12:23:24,NFLX,0,0,0,0,0,1,0,1,1,1,0,0
2025-07-15 12:23:25,NEM,0,0,1,0,0,0,0,0,1,1,0,0
2025-07-15 12:23:25,NWSA,0,0,0,0,0,0,0,0,1,1,1,0
2025-07-15 12:23:26,NWS,0,0,0,0,0,0,0,0,1,1,0,0
2025-07-15 12:23:27,NEE,0,0,0,0,0,0,0,1,1,1,0,0
2025-07-15 12:23:28,NKE,0,0,0,0,0,0,0,1,1,0,0,0
2025-07-15 12:23:28,NI,0,0,0,0,0,0,0,0,1,0,0,0
2025-07-15 12:23:29,NDSN,0,0,0,0,0,0,0,1,1,0,0,0
2025-07-15 12:23:30,NSC,1,0,1,0,0,0,1,1,1,0,0,0
2025-07-15 12:23:31,NTRS,1,0,1,1,0,1,1,1,1,1,0,0
2025-07-15 12:23:32,NOC,0,0,1,0,0,0,0,1,1,0,0,0
2025-07-15 12:23:32,NCLH,0,0,0,0,0,0,0,0,1,1,0,0
2025-07-15 12:23:33,NRG,0,0,0,0,0,0,0,1,1,1,0,0
2025-07-15 12:23:34,NUE,0,0,0,0,0,0,0,1,1,1,0,0
2025-07-15 12:23:35,NVDA,1,0,0,0,0,1,1,1,1,1,1,0
2025-07-15 12:23:35,NVR,0,0,1,0,0,0,0,1,1,1,0,0
2025-07-15 12:23:36,NXPI,0,0,0,0,0,0,0,1,1,1,1,0
2025-07-15 12:23:37,ORLY,0,0,0,0,0,0,0,0,1,0,0,0
2025-07-15 12:23:38,OXY,0,0,1,0,0,0,0,0,1,1,0,0
2025-07-15 12:23:39,ODFL,0,0,0,0,0,0,0,1,1,1,0,0
2025-07-15 12:23:39,OMC,0,0,1,0,0,0,0,0,1,1,1,0
2025-07-15 12:23:40,ON,1,0,1,0,0,1,1,0,1,1,1,0
2025-07-15 12:23:41,OKE,0,0,1,0,0,0,0,0,1,1,0,0
2025-07-15 12:23:42,ORCL,1,1,1,0,0,1,1,1,1,1,1,0
2025-07-15 12:23:42,OTIS,0,0,1,0,0,0,0,0,1,0,1,0
2025-07-15 12:23:43,PCAR,0,0,0,0,0,0,0,1,1,0,0,0
2025-07-15 12:23:44,PKG,0,0,1,0,0,0,0,1,1,0,0,0
2025-07-15 12:23:45,PLTR,0,0,0,0,0,0,0,1,1,1,0,0
2025-07-15 12:23:45,PANW,0,0,0,0,0,1,0,1,1,0,0,0
2025-07-15 12:23:46,PARA,1,1,1,0,0,1,1,0,1,0,0,0
2025-07-15 12:23:47,PH,0,0,0,0,0,0,0,1,1,0,0,0
2025-07-15 12:23:48,PAYX,0,0,0,0,0,0,0,1,1,0,0,0
2025-07-15 12:23:49,PAYC,0,0,0,0,0,0,0,1,1,0,0,0
2025-07-15 12:23:50,PYPL,1,0,1,0,0,1,1,0,1,0,0,0
2025-07-15 12:23:51,PNR,0,0,0,0,0,0,0,0,1,1,0,0
2025-07-15 12:23:51,PEP,0,0,1,0,0,0,0,1,1,0,0,0
2025-07-15 12:23:52,PFE,0,0,1,0,0,0,0,0,1,1,0,0
2025-07-15 12:23:53,PCG,0,0,1,0,0,0,0,0,1,1,0,0
2025-07-15 12:23:54,PM,0,0,1,0,0,0,0,1,1,0,0,0
2025-07-15 12:23:55,PSX,1,0,1,0,0,0,1,1,1,0,0,0
2025-07-15 12:23:56,PNW,0,0,1,0,0,0,0,0,1,1,0,0
2025-07-15 12:24:00,PNC,0,0,0,0,0,0,0,1,1,0,0,0
2025-07-15 12:24:01,POOL,0,0,1,0,0,0,0,1,1,1,0,0
2025-07-15 12:24:02,PPG,0,0,1,0,0,0,0,1,1,1,0,0
2025-07-15 12:24:02,PPL,0,0,1,0,0,0,0,0,1,1,0,0
2025-07-15 12:24:03,PFG,0,0,1,0,0,0,0,0,1,1,0,0
2025-07-15 12:24:04,PG,0,0,1,0,0,0,0,1,1,0,0,0
2025-07-15 12:27:03,MMM,0,0,0,0,0,0,0,1,1,0,0,0
2025-07-15 12:27:05,AOS,0,0,1,0,0,0,0,0,1,1,0,0
2025-07-15 12:27:05,ABT,0,0,1,0,0,0,0,1,1,1,0,0
2025-07-15 12:27:06,ABBV,0,0,1,0,0,0,0,1,1,1,0,0
2025-07-15 12:27:07,ACN,1,0,1,0,0,0,1,1,1,1,0,0
2025-07-15 12:27:08,ADBE,0,0,1,0,0,0,0,1,1,0,0,0
2025-07-15 12:27:08,AMD,1,0,1,0,0,0,1,1,1,1,1,0
2025-07-15 12:27:09,AES,1,1,1,0,0,1,1,0,1,1,1,0
2025-07-15 12:27:10,AFL,0,0,1,0,0,0,0,0,1,0,0,0
2025-07-15 12:27:11,A,0,0,0,0,0,0,0,1,1,1,0,0
2025-07-15 12:27:11,APD,0,0,1,0,0,0,0,1,1,1,0,0
2025-07-15 12:27:12,ABNB,0,0,1,0,0,0,0,1,1,1,0,0
2025-07-15 12:27:12,AKAM,0,0,0,0,0,0,0,0,1,0,0,0
2025-07-15 12:27:13,ALB,0,0,1,0,0,0,0,1,1,1,1,0
2025-07-15 12:27:14,ARE,0,0,1,0,0,0,0,1,1,1,0,0
2025-07-15 12:27:14,ALGN,0,0,1,0,0,0,0,1,1,1,1,0
2025-07-15 12:27:15,ALLE,0,0,1,0,0,0,0,1,1,1,0,0
2025-07-15 12:27:16,LNT,0,0,1,0,0,0,0,0,1,1,0,0
2025-07-15 12:27:17,ALL,0,0,1,0,0,0,0,1,1,1,0,0
2025-07-15 12:27:17,GOOGL,0,0,0,0,0,1,0,1,1,0,0,0
2025-07-15 12:27:18,GOOG,0,0,0,0,0,1,0,1,1,0,0,0
2025-07-15 12:27:18,MO,1,0,1,0,0,1,1,0,1,0,0,0
2025-07-15 12:27:19,AMZN,1,0,0,0,0,1,1,1,1,0,0,0
2025-07-15 12:27:20,AMCR,0,0,0,0,0,0,0,0,1,1,0,0
2025-07-15 12:27:20,AEE,0,0,1,0,0,0,0,0,1,0,0,0
2025-07-15 12:27:21,AEP,1,0,1,0,0,0,1,0,1,0,0,0
2025-07-15 12:27:22,AXP,0,0,0,0,0,0,0,1,1,1,0,0
2025-07-15 12:27:22,AIG,0,0,1,0,0,0,0,0,1,0,0,0
2025-07-15 12:27:23,AMT,0,0,1,0,0,0,0,1,1,0,0,0
2025-07-15 12:27:24,AWK,0,0,1,0,0,0,0,1,1,0,0,0
2025-07-15 12:27:25,AMP,0,0,1,0,0,0,0,1,1,1,0,0
2025-07-15 12:27:25,AME,0,0,0,0,0,0,0,1,1,0,0,0
2025-07-15 12:27:26,AMGN,0,0,1,0,0,0,0,1,1,1,0,0
2025-07-15 12:27:27,APH,0,0,0,0,0,0,0,0,1,1,0,0
2025-07-15 12:27:27,ADI,0,0,0,0,0,0,0,1,1,0,0,0
2025-07-15 12:27:28,ANSS,1,0,1,0,0,1,1,1,1,1,0,0
2025-07-15 12:27:29,AON,1,0,1,0,0,0,1,1,1,1,0,0
2025-07-15 12:27:29,APA,0,0,1,0,0,0,0,0,1,1,0,0
2025-07-15 12:27:30,APO,0,0,0,0,0,0,0,1,1,1,0,0
2025-07-15 12:27:31,AAPL,0,0,0,0,0,1,0,1,1,1,0,0
2025-07-15 12:27:31,AMAT,0,0,1,0,0,0,0,1,1,0,1,0
2025-07-15 12:27:32,APTV,0,0,0,0,0,0,0,0,1,0,0,0
2025-07-15 12:27:33,ACGL,0,0,1,0,0,0,0,0,1,1,0,0
2025-07-15 12:27:33,ADM,0,0,0,0,0,0,0,0,1,0,0,0
2025-07-15 12:27:34,ANET,0,0,0,0,0,0,0,1,1,1,0,0
2025-07-15 12:27:35,AJG,1,0,1,0,0,0,1,1,1,1,0,0
2025-07-15 12:27:35,AIZ,0,0,1,0,0,0,0,1,1,1,0,0
2025-07-15 12:27:36,T,0,0,1,0,0,0,0,0,1,0,0,0
2025-07-15 12:27:37,ATO,0,0,1,0,0,0,0,1,1,1,0,0
2025-07-15 12:27:37,ADSK,1,0,1,0,0,0,1,1,1,1,0,0
2025-07-15 12:27:38,ADP,0,0,1,0,0,0,0,1,1,0,0,0
2025-07-15 12:27:39,AZO,0,0,0,0,0,0,0,1,1,1,0,0
2025-07-15 12:27:39,AVB,0,0,1,0,0,0,0,1,1,1,0,0
2025-07-15 12:27:40,AVY,0,0,1,0,0,0,0,1,1,0,0,0
2025-07-15 12:27:40,AXON,1,0,0,0,0,1,1,1,1,1,0,0
2025-07-15 12:27:41,BKR,0,0,0,0,0,0,0,0,1,1,0,0
2025-07-15 12:27:42,BALL,0,0,0,0,0,0,0,0,1,1,0,0
2025-07-15 12:27:42,BAC,0,0,0,0,0,0,0,0,1,0,0,0
2025-07-15 12:27:43,BAX,0,0,1,0,0,0,0,0,1,1,0,0
2025-07-15 12:27:44,BDX,0,0,0,0,0,1,0,1,1,1,0,0
2025-07-15 12:27:44,BRK-B,0,0,1,0,0,0,0,1,0,0,0,0
2025-07-15 12:27:45,BBY,0,0,0,0,0,0,0,1,1,1,0,0
2025-07-15 12:27:46,TECH,0,0,1,0,0,0,0,1,1,1,0,0
2025-07-15 12:27:46,BIIB,0,0,1,0,0,0,0,1,1,1,0,0
2025-07-15 12:27:47,BLK,1,0,1,0,0,1,1,1,1,1,0,0
2025-07-15 12:27:47,BX,0,0,0,0,0,0,0,1,1,1,0,0
2025-07-15 12:27:48,BK,0,0,0,0,0,0,0,0,1,1,0,0
2025-07-15 12:27:49,BA,1,0,1,0,0,1,1,1,1,0,0,0
2025-07-15 12:27:49,BKNG,0,0,1,0,0,1,0,1,1,1,0,0
2025-07-15 12:27:51,BSX,0,0,0,0,0,1,0,0,1,1,0,0
2025-07-15 12:27:52,BMY,0,0,1,0,0,0,0,0,1,1,0,0
2025-07-15 12:27:53,AVGO,0,0,0,0,0,1,0,1,1,1,1,0
2025-07-15 12:27:53,BR,0,0,0,0,0,0,0,1,1,0,0,0
2025-07-15 12:27:54,BRO,1,0,1,0,0,0,1,0,1,1,0,0
2025-07-15 12:27:54,BF-B,0,0,1,0,0,0,0,0,0,1,0,0
2025-07-15 12:27:55,BLDR,0,0,1,0,0,0,0,1,1,1,0,0
2025-07-15 12:27:56,BG,0,0,0,0,0,0,0,1,1,0,0,0
2025-07-15 12:27:56,BXP,0,0,0,0,0,0,0,0,1,1,0,0
2025-07-15 12:27:57,CHRW,0,0,0,0,0,0,0,1,1,0,0,0
2025-07-15 12:27:58,CDNS,1,0,1,0,0,0,1,1,1,1,0,0
2025-07-15 12:27:58,CZR,0,0,1,0,0,0,0,0,1,1,0,0
2025-07-15 12:27:59,CPT,0,0,1,0,0,0,0,1,1,1,0,0
2025-07-15 12:28:01,CPB,0,0,0,0,0,0,0,0,1,0,0,0
2025-07-15 12:28:02,COF,0,0,1,0,0,0,0,1,1,1,0,0
2025-07-15 12:28:02,CAH,0,0,1,0,0,0,0,1,1,0,0,0
2025-07-15 12:28:03,KMX,0,0,1,0,0,0,0,1,1,1,1,0
2025-07-15 12:28:04,CCL,0,0,0,0,0,0,0,0,1,1,0,0
2025-07-15 12:28:04,CARR,0,0,0,0,0,0,0,0,1,0,0,0
2025-07-15 12:28:05,CAT,0,0,0,0,0,0,0,1,1,0,0,0
2025-07-15 12:28:06,CBOE,0,0,1,0,0,0,0,1,1,1,0,0
2025-07-15 12:28:06,CBRE,0,0,1,0,0,0,0,1,1,1,0,0
2025-07-15 12:28:07,CDW,0,0,1,0,0,0,0,1,1,1,0,0
2025-07-15 12:28:09,COR,0,0,1,0,0,0,0,1,1,1,0,0
2025-07-15 12:28:10,CNC,1,0,1,0,0,0,1,1,1,1,0,0
2025-07-15 12:28:10,CNP,0,0,1,0,0,0,0,0,1,0,0,0
2025-07-15 12:28:11,CF,0,0,1,0,0,0,0,1,1,1,0,0
2025-07-15 12:28:11,CRL,0,0,0,0,0,0,0,1,1,1,0,0
2025-07-15 12:28:12,SCHW,0,0,0,0,0,0,0,0,1,0,0,0
2025-07-15 12:28:13,CHTR,0,0,1,0,0,0,0,1,1,1,0,0
2025-07-15 12:28:13,CVX,0,0,1,0,0,0,0,1,1,0,0,0
2025-07-15 12:28:14,CMG,0,0,1,0,0,0,0,0,1,1,0,0
2025-07-15 12:28:15,CB,0,0,1,0,0,0,0,1,1,0,0,0
2025-07-15 12:28:15,CHD,0,0,1,0,0,0,0,0,1,0,0,0
2025-07-15 12:28:16,CI,1,1,1,0,0,1,1,1,1,1,0,0
2025-07-15 12:28:17,CINF,0,0,1,0,0,0,0,1,1,1,0,0
2025-07-15 12:28:17,CTAS,0,0,0,0,0,0,0,1,1,0,0,0
2025-07-15 12:28:18,CSCO,0,0,0,0,0,0,0,0,1,0,0,0
2025-07-15 12:28:19,C,1,0,0,0,0,1,1,0,1,1,1,0
2025-07-15 12:28:19,CFG,0,0,0,0,0,0,0,0,1,0,0,0
2025-07-15 12:28:20,CLX,0,0,1,0,0,0,0,1,1,1,0,0
2025-07-15 12:28:21,CME,1,0,1,0,0,0,1,1,1,0,0,0
2025-07-15 12:28:23,CMS,1,0,1,0,0,0,1,0,1,0,0,0
2025-07-15 12:28:24,KO,1,0,1,0,0,0,1,0,1,0,0,0
2025-07-15 12:28:24,CTSH,0,0,0,0,0,0,0,0,1,1,0,0
2025-07-15 12:28:25,COIN,1,0,1,0,0,0,1,1,1,1,0,0
2025-07-15 12:28:26,CL,0,0,0,0,0,0,0,0,1,0,0,0
2025-07-15 12:28:27,CMCSA,0,0,1,0,0,0,0,0,1,1,0,0
2025-07-15 12:28:27,CAG,0,0,1,0,0,0,0,0,1,1,0,0
2025-07-15 12:28:28,COP,0,0,0,0,0,0,0,0,1,1,0,0
2025-07-15 12:28:29,ED,0,0,1,0,0,0,0,0,1,0,0,0
2025-07-15 12:28:29,STZ,1,0,1,0,0,0,1,1,1,1,0,0
2025-07-15 12:28:30,CEG,0,0,0,0,0,0,0,1,1,1,0,0
2025-07-15 12:28:31,COO,0,0,1,0,0,0,0,0,1,1,0,0
2025-07-15 12:28:32,CPRT,0,0,0,0,0,0,0,0,1,1,0,0
2025-07-15 12:28:32,GLW,0,0,0,0,0,0,0,0,1,1,0,0
2025-07-15 12:28:33,CPAY,0,0,1,0,0,0,0,1,1,0,0,0
2025-07-15 12:28:34,CTVA,0,0,0,0,0,0,0,0,1,1,0,0
2025-07-15 12:28:34,CSGP,0,0,1,0,0,0,0,0,1,1,0,0
2025-07-15 12:28:35,COST,1,0,1,0,0,0,1,1,1,0,0,0
2025-07-15 12:28:36,CTRA,0,0,0,0,0,0,0,0,1,1,0,0
2025-07-15 12:28:36,CRWD,1,0,1,0,0,0,1,1,1,1,0,0
2025-07-15 12:28:37,CCI,0,0,1,0,0,0,0,1,1,1,0,0
2025-07-15 12:28:38,CSX,0,0,0,0,0,0,0,0,1,0,0,0
2025-07-15 12:28:39,CMI,1,0,0,0,0,1,1,1,1,0,0,0
2025-07-15 12:28:39,CVS,0,0,1,0,0,0,0,0,1,1,0,0
2025-07-15 12:28:40,DHR,0,0,1,0,0,0,0,1,1,1,0,0
2025-07-15 12:28:41,DRI,1,0,1,0,0,1,1,1,1,0,0,0
2025-07-15 12:28:41,DDOG,1,0,0,0,0,1,1,1,1,1,0,0
2025-07-15 12:28:42,DVA,0,0,0,0,0,0,0,1,1,1,0,0
2025-07-15 12:28:43,DAY,0,0,1,0,0,0,0,0,1,1,0,0
2025-07-15 12:28:43,DECK,0,0,1,0,0,0,0,1,1,1,0,0
2025-07-15 12:28:44,DE,0,0,0,0,0,0,0,1,1,0,0,0
2025-07-15 12:28:45,DELL,0,0,0,0,0,0,0,1,1,1,1,0
2025-07-15 12:28:45,DAL,0,0,0,0,0,0,0,1,1,1,0,0
2025-07-15 12:28:46,DVN,0,0,1,0,0,0,0,0,1,1,0,0
2025-07-15 12:28:46,DXCM,1,0,1,0,0,1,1,1,1,1,0,0
2025-07-15 12:28:47,FANG,0,0,1,0,0,0,0,1,1,1,0,0
2025-07-15 12:28:48,DLR,0,0,0,0,0,0,0,1,1,0,0,0
2025-07-15 12:28:48,DG,1,0,1,0,0,0,1,1,1,0,0,0
2025-07-15 12:28:49,DLTR,0,0,1,0,0,0,0,1,1,1,0,0
2025-07-15 12:28:58,MMM,0,0,0,0,0,0,0,1,1,0,0,0
2025-07-15 12:28:59,AOS,0,0,1,0,0,0,0,0,1,1,0,0
2025-07-15 12:28:59,ABT,0,0,1,0,0,0,0,1,1,1,0,0
2025-07-15 12:29:00,ABBV,0,0,1,0,0,0,0,1,1,1,0,0
2025-07-15 12:29:00,ACN,1,0,1,0,0,0,1,1,1,1,0,0
2025-07-15 12:29:01,ADBE,0,0,1,0,0,0,0,1,1,0,0,0
2025-07-15 12:29:02,AMD,1,0,1,0,0,1,1,1,1,1,1,0
2025-07-15 12:29:02,AES,1,1,1,0,0,1,1,0,1,1,1,0
2025-07-15 12:29:03,AFL,0,0,1,0,0,0,0,0,1,1,0,0
2025-07-15 12:29:04,A,0,0,0,0,0,0,0,1,1,1,0,0
2025-07-15 12:29:04,APD,0,0,1,0,0,0,0,1,1,1,0,0
2025-07-15 12:29:05,ABNB,0,0,1,0,0,0,0,1,1,1,0,0
2025-07-15 12:29:06,AKAM,0,0,1,0,0,0,0,0,1,0,0,0
2025-07-15 12:29:06,ALB,0,0,1,0,0,0,0,1,1,1,1,0
2025-07-15 12:29:07,ARE,0,0,1,0,0,0,0,1,1,1,0,0
2025-07-15 12:29:07,ALGN,0,0,1,0,0,0,0,1,1,1,1,0
2025-07-15 12:29:08,ALLE,0,0,1,0,0,0,0,1,1,1,0,0
2025-07-15 12:29:08,LNT,0,0,1,0,0,0,0,0,1,1,0,0
2025-07-15 12:29:09,ALL,0,0,1,0,0,0,0,1,1,1,0,0
2025-07-15 12:29:10,GOOGL,0,0,0,0,0,1,0,1,1,0,0,0
2025-07-15 12:29:10,GOOG,0,0,0,0,0,1,0,1,1,0,0,0
2025-07-15 12:29:11,MO,1,0,1,0,0,1,1,0,1,0,0,0
2025-07-15 12:29:12,AMZN,1,0,0,0,0,1,1,1,1,0,0,0
2025-07-15 12:29:12,AMCR,0,0,0,0,0,0,0,0,1,1,0,0
2025-07-15 12:29:13,AEE,1,0,1,0,0,0,1,0,1,0,0,0
2025-07-15 12:29:14,AEP,1,0,1,0,0,0,1,0,1,0,0,0
2025-07-15 12:29:15,AXP,0,0,0,0,0,0,0,1,1,1,0,0
2025-07-15 12:29:15,AIG,0,0,1,0,0,0,0,0,1,0,0,0
2025-07-15 12:29:16,AMT,0,0,1,0,0,0,0,1,1,0,0,0
2025-07-15 12:29:17,AWK,0,0,1,0,0,0,0,1,1,0,0,0
2025-07-15 12:29:17,AMP,0,0,1,0,0,0,0,1,1,1,0,0
2025-07-15 12:29:18,AME,0,0,0,0,0,0,0,1,1,0,0,0
2025-07-15 12:29:19,AMGN,0,0,1,0,0,0,0,1,1,1,0,0
2025-07-15 12:29:20,APH,0,0,0,0,0,0,0,0,1,1,0,0
2025-07-15 12:29:20,ADI,0,0,0,0,0,0,0,1,1,0,0,0
2025-07-15 12:29:21,ANSS,1,0,1,1,0,1,1,1,1,1,0,0
2025-07-15 12:29:22,AON,1,0,1,0,0,0,1,1,1,1,0,0
2025-07-15 12:29:23,APA,0,0,1,0,0,0,0,0,1,1,0,0
2025-07-15 12:29:23,APO,0,0,0,0,0,0,0,1,1,1,0,0
2025-07-15 12:29:24,AAPL,1,0,0,0,0,1,1,1,1,0,0,0
2025-07-15 12:29:25,AMAT,0,0,1,0,0,0,0,1,1,0,1,0
2025-07-15 12:29:25,APTV,0,0,0,0,0,0,0,0,1,0,0,0
2025-07-15 12:29:26,ACGL,0,0,1,0,0,0,0,0,1,1,0,0
2025-07-15 12:29:27,ADM,0,0,0,0,0,0,0,0,1,0,0,0
2025-07-15 12:29:28,ANET,0,0,0,0,0,0,0,1,1,1,0,0
2025-07-15 12:29:28,AJG,1,0,1,0,0,0,1,1,1,1,0,0
2025-07-15 12:29:29,AIZ,0,0,1,0,0,0,0,1,1,1,0,0
2025-07-15 12:29:30,T,0,0,1,0,0,0,0,0,1,0,0,0
2025-07-15 12:29:30,ATO,0,0,1,0,0,0,0,1,1,1,0,0
2025-07-15 12:29:31,ADSK,0,0,1,0,0,0,0,1,1,1,0,0
2025-07-15 12:29:32,ADP,0,0,1,0,0,0,0,1,1,0,0,0
2025-07-15 12:29:33,AZO,0,0,0,0,0,0,0,1,1,1,0,0
2025-07-15 12:29:33,AVB,0,0,1,0,0,0,0,1,1,1,0,0
2025-07-15 12:29:34,AVY,0,0,1,0,0,0,0,1,1,1,0,0
2025-07-15 12:29:35,AXON,0,0,0,0,0,1,0,1,1,1,0,0
2025-07-15 12:29:36,BKR,0,0,0,0,0,0,0,0,1,1,0,0
2025-07-15 12:29:37,BALL,0,0,0,0,0,0,0,0,1,1,0,0
2025-07-15 12:29:38,BAC,0,0,0,0,0,0,0,0,1,0,0,0
2025-07-15 12:29:38,BAX,0,0,0,0,0,0,0,0,1,1,0,0
2025-07-15 12:29:39,BDX,0,0,0,0,0,1,0,1,1,1,0,0
2025-07-15 12:29:40,BRK-B,0,0,1,0,0,0,0,1,0,0,0,0
2025-07-15 12:29:40,BBY,0,0,0,0,0,0,0,1,1,1,0,0
2025-07-15 12:29:41,TECH,0,0,1,0,0,0,0,1,1,1,0,0
2025-07-15 12:29:42,BIIB,0,0,1,0,0,0,0,1,1,1,0,0
2025-07-15 12:29:42,BLK,1,0,1,0,0,1,1,1,1,1,0,0
2025-07-15 12:29:43,BX,0,0,0,0,0,0,0,1,1,1,0,0
2025-07-15 12:29:44,BK,0,0,0,0,0,0,0,0,1,1,0,0
2025-07-15 12:29:45,BA,0,0,0,0,0,1,0,1,1,0,0,0
2025-07-15 12:29:45,BKNG,0,0,1,0,0,1,0,1,1,1,0,0
2025-07-15 12:29:46,BSX,0,0,0,0,0,1,0,0,1,1,0,0
2025-07-15 12:29:47,BMY,0,0,1,0,0,0,0,0,1,1,0,0
2025-07-15 12:29:47,AVGO,0,0,0,0,0,1,0,1,1,1,1,0
2025-07-15 12:29:48,BR,0,0,0,0,0,0,0,1,1,0,0,0
2025-07-15 12:32:10,MMM,0,0,0,0,0,0,0,1,1,0,0,0
2025-07-15 12:32:11,AOS,0,0,1,0,0,0,0,0,1,1,0,0
2025-07-15 12:32:12,ABT,0,0,1,0,0,0,0,1,1,1,0,0
2025-07-15 12:32:12,ABBV,0,0,1,0,0,0,0,1,1,1,0,0
2025-07-15 12:32:13,ACN,1,0,1,0,0,0,1,1,1,1,0,0
2025-07-15 12:32:14,ADBE,1,0,1,0,0,0,1,1,1,0,0,0
2025-07-15 12:32:14,AMD,1,0,1,0,0,0,1,1,1,1,1,0
2025-07-15 12:32:15,AES,1,0,1,0,0,1,1,0,1,1,1,0
2025-07-15 12:32:16,AFL,0,0,1,0,0,0,0,0,1,1,0,0
2025-07-15 12:32:16,A,0,0,0,0,0,0,0,1,1,1,0,0
2025-07-15 12:32:17,APD,0,0,0,0,0,0,0,1,1,1,0,0
2025-07-15 12:32:18,ABNB,1,0,1,0,0,0,1,1,1,1,0,0
2025-07-15 12:32:18,AKAM,0,0,1,0,0,0,0,0,1,0,0,0
2025-07-15 12:32:19,ALB,0,0,1,0,0,0,0,1,1,1,1,0
2025-07-15 12:32:20,ARE,0,0,1,0,0,0,0,1,1,1,0,0
2025-07-15 12:32:20,ALGN,0,0,1,0,0,0,0,1,1,1,1,0
2025-07-15 12:32:21,ALLE,0,0,1,0,0,0,0,1,1,1,0,0
2025-07-15 12:32:23,LNT,0,0,1,0,0,0,0,0,1,1,0,0
2025-07-15 12:32:24,ALL,0,0,1,0,0,0,0,1,1,1,0,0
2025-07-15 12:32:24,GOOGL,0,0,0,0,0,1,0,1,1,0,0,0
2025-07-15 12:32:25,GOOG,0,0,0,0,0,1,0,1,1,0,0,0
2025-07-15 12:32:26,MO,1,0,1,0,0,1,1,0,1,0,0,0
2025-07-15 12:32:26,AMZN,1,0,0,0,0,1,1,1,1,0,0,0
2025-07-15 12:32:27,AMCR,0,0,0,0,0,0,0,0,1,1,0,0
2025-07-15 12:32:28,AEE,0,0,1,0,0,0,0,0,1,0,0,0
2025-07-15 12:32:28,AEP,1,0,1,0,0,0,1,0,1,0,0,0
2025-07-15 12:32:29,AXP,0,0,0,0,0,0,0,1,1,1,0,0
2025-07-15 12:32:30,AIG,0,0,1,0,0,0,0,0,1,0,0,0
2025-07-15 12:32:30,AMT,0,0,1,0,0,0,0,1,1,0,0,0
2025-07-15 12:32:31,AWK,0,0,1,0,0,0,0,1,1,0,0,0
2025-07-15 12:32:32,AMP,0,0,0,0,0,0,0,1,1,1,0,0
2025-07-15 12:32:32,AME,0,0,0,0,0,0,0,1,1,0,0,0
2025-07-15 12:32:33,AMGN,0,0,1,0,0,0,0,1,1,1,0,0
2025-07-15 12:32:34,APH,0,0,0,0,0,0,0,0,1,1,0,0
2025-07-15 12:32:34,ADI,0,0,0,0,0,0,0,1,1,0,0,0
2025-07-15 12:32:36,ANSS,1,0,1,0,0,1,1,1,1,1,0,0
2025-07-15 12:32:37,AON,1,0,1,0,0,0,1,1,1,1,0,0
2025-07-15 12:32:38,APA,0,0,1,0,0,0,0,0,1,1,0,0
2025-07-15 12:32:38,APO,0,0,0,0,0,0,0,1,1,1,0,0
2025-07-15 12:32:39,AAPL,1,0,0,0,0,1,1,1,1,0,0,0
2025-07-15 12:32:40,AMAT,1,0,1,0,0,0,1,1,1,0,1,0
2025-07-15 12:32:40,APTV,0,0,0,0,0,0,0,0,1,0,0,0
2025-07-15 12:32:41,ACGL,0,0,1,0,0,0,0,0,1,1,0,0
2025-07-15 12:32:41,ADM,0,0,0,0,0,0,0,0,1,0,0,0
2025-07-15 12:32:42,ANET,0,0,0,0,0,0,0,1,1,1,0,0
2025-07-15 12:32:43,AJG,1,0,1,0,0,0,1,1,1,1,0,0
2025-07-15 12:32:43,AIZ,0,0,0,0,0,0,0,1,1,1,0,0
2025-07-15 12:32:44,T,0,0,1,0,0,0,0,0,1,0,0,0
2025-07-15 12:32:45,ATO,0,0,1,0,0,0,0,1,1,1,0,0
2025-07-15 12:32:45,ADSK,0,0,1,0,0,0,0,1,1,1,0,0
2025-07-15 12:32:46,ADP,0,0,1,0,0,0,0,1,1,0,0,0
2025-07-15 12:32:46,AZO,0,0,0,0,0,0,0,1,1,1,0,0
2025-07-15 12:32:47,AVB,0,0,1,0,0,0,0,1,1,1,0,0
2025-07-15 12:32:47,AVY,0,0,0,0,0,0,0,1,1,1,0,0
2025-07-15 12:32:49,AXON,0,0,0,0,0,0,0,1,1,1,0,0
2025-07-15 12:32:49,BKR,0,0,0,0,0,0,0,0,1,1,0,0
2025-07-15 12:32:50,BALL,0,0,0,0,0,0,0,0,1,1,0,0
2025-07-15 12:32:51,BAC,0,0,0,0,0,0,0,0,1,0,0,0
2025-07-15 12:32:51,BAX,0,0,0,0,0,0,0,0,1,1,0,0
2025-07-15 12:32:52,BDX,0,0,0,0,0,1,0,1,1,1,0,0
2025-07-15 12:32:53,BRK-B,0,0,1,0,0,0,0,1,0,0,0,0
2025-07-15 12:32:53,BBY,0,0,1,0,0,0,0,1,1,1,0,0
2025-07-15 12:32:54,TECH,0,0,1,0,0,0,0,1,1,1,0,0
2025-07-15 12:32:54,BIIB,0,0,1,0,0,0,0,1,1,1,0,0
2025-07-15 12:32:55,BLK,1,0,1,0,0,1,1,1,1,1,0,0
2025-07-15 12:32:56,BX,0,0,1,0,0,0,0,1,1,1,0,0
2025-07-15 12:32:56,BK,0,0,0,0,0,0,0,0,1,1,0,0
2025-07-15 12:32:57,BA,0,0,0,0,0,1,0,1,1,0,0,0
2025-07-15 12:32:57,BKNG,0,0,1,0,0,1,0,1,1,1,0,0
2025-07-15 12:32:58,BSX,0,0,0,0,0,1,0,0,1,1,0,0
2025-07-15 12:32:58,BMY,0,0,1,0,0,0,0,0,1,1,0,0
2025-07-15 12:32:59,AVGO,0,0,0,0,0,1,0,1,1,1,1,0
2025-07-15 12:33:00,BR,0,0,0,0,0,0,0,1,1,0,0,0
2025-07-15 12:33:00,BRO,1,0,1,0,0,1,1,0,1,1,0,0
2025-07-15 12:33:01,BF-B,0,0,1,0,0,0,0,0,0,1,0,0
2025-07-15 12:33:01,BLDR,0,0,1,0,0,0,0,1,1,1,0,0
2025-07-15 12:33:02,BG,0,0,0,0,0,0,0,1,1,0,0,0
2025-07-15 12:33:03,BXP,0,0,0,0,0,0,0,0,1,1,0,0
2025-07-15 12:33:03,CHRW,0,0,0,0,0,0,0,1,1,0,0,0
2025-07-15 12:33:04,CDNS,1,0,1,0,0,0,1,1,1,1,0,0
2025-07-15 12:33:04,CZR,0,0,1,0,0,0,0,0,1,1,0,0
2025-07-15 12:33:05,CPT,0,0,1,0,0,0,0,1,1,1,0,0
2025-07-15 12:33:06,CPB,0,0,0,0,0,0,0,0,1,0,0,0
2025-07-15 12:33:06,COF,0,0,0,0,0,0,0,1,1,1,0,0
2025-07-15 12:33:07,CAH,0,0,1,0,0,0,0,1,1,0,0,0
2025-07-15 12:33:08,KMX,0,0,1,0,0,0,0,1,1,1,1,0
2025-07-15 12:33:08,CCL,0,0,0,0,0,1,0,0,1,1,0,0
2025-07-15 12:33:09,CARR,0,0,0,0,0,0,0,0,1,0,0,0
2025-07-15 12:33:10,CAT,0,0,0,0,0,0,0,1,1,0,0,0
2025-07-15 12:33:10,CBOE,0,0,1,0,0,0,0,1,1,1,0,0
2025-07-15 12:33:11,CBRE,0,0,1,0,0,0,0,1,1,1,0,0
2025-07-15 12:33:12,CDW,1,0,1,0,0,0,1,1,1,1,0,0
2025-07-15 12:33:12,COR,0,0,1,0,0,0,0,1,1,1,0,0
2025-07-15 12:33:13,CNC,0,0,1,0,0,0,0,1,1,1,0,0
2025-07-15 12:33:14,CNP,0,0,1,0,0,0,0,0,1,0,0,0
2025-07-15 12:33:15,CF,0,0,0,0,0,0,0,1,1,1,0,0
2025-07-15 12:33:15,CRL,0,0,1,0,0,0,0,1,1,1,0,0
2025-07-15 12:33:16,SCHW,0,0,0,0,0,0,0,0,1,0,0,0
2025-07-15 12:33:16,CHTR,1,0,1,0,0,0,1,1,1,1,0,0
2025-07-15 12:33:17,CVX,0,0,0,0,0,0,0,1,1,0,0,0
2025-07-15 12:33:18,CMG,0,0,1,0,0,0,0,0,1,1,0,0
2025-07-15 12:33:19,CB,0,0,1,0,0,0,0,1,1,0,0,0
2025-07-15 12:33:19,CHD,0,0,1,0,0,0,0,0,1,0,0,0
2025-07-15 12:33:20,CI,1,0,1,0,0,1,1,1,1,1,0,0
2025-07-15 12:33:21,CINF,0,0,1,0,0,0,0,1,1,1,0,0
2025-07-15 12:33:22,CTAS,0,0,0,0,0,0,0,1,1,0,0,0
2025-07-15 12:33:22,CSCO,0,0,0,0,0,0,0,0,1,0,0,0
2025-07-15 12:33:23,C,1,1,0,0,0,1,1,0,1,1,1,0
2025-07-15 12:33:24,CFG,0,0,0,0,0,0,0,0,1,0,0,0
2025-07-15 12:33:24,CLX,0,0,1,0,0,0,0,1,1,1,0,0
2025-07-15 12:33:25,CME,1,0,1,0,0,0,1,1,1,0,0,0
2025-07-15 12:33:26,CMS,0,0,1,0,0,0,0,0,1,0,0,0
2025-07-15 12:33:27,KO,1,0,1,0,0,0,1,0,1,0,0,0
2025-07-15 12:33:27,CTSH,0,0,1,0,0,0,0,0,1,1,0,0
2025-07-15 12:33:28,COIN,1,0,1,0,0,0,1,1,1,1,0,0
2025-07-15 12:33:29,CL,0,0,0,0,0,0,0,0,1,0,0,0
2025-07-15 12:33:29,CMCSA,0,0,1,0,0,0,0,0,1,1,0,0
2025-07-15 12:33:30,CAG,0,0,0,0,0,0,0,0,1,1,0,0
2025-07-15 12:33:31,COP,0,0,0,0,0,0,0,1,1,1,0,0
2025-07-15 12:33:32,ED,0,0,1,0,0,0,0,0,1,0,0,0
2025-07-15 12:33:32,STZ,0,0,1,0,0,0,0,1,1,1,0,0
2025-07-15 12:33:33,CEG,0,0,0,0,0,0,0,1,1,1,0,0
2025-07-15 12:33:34,COO,0,0,1,0,0,0,0,0,1,1,0,0
2025-07-15 12:33:35,CPRT,0,0,0,0,0,0,0,0,1,1,0,0
2025-07-15 12:33:35,GLW,1,0,1,0,0,0,1,0,1,1,0,0
2025-07-15 12:33:36,CPAY,0,0,1,0,0,0,0,1,1,0,0,0
2025-07-15 12:33:37,CTVA,0,0,0,0,0,0,0,0,1,1,0,0
2025-07-15 12:33:37,CSGP,0,0,1,0,0,0,0,0,1,1,0,0
2025-07-15 12:33:38,COST,1,0,1,1,0,0,1,1,1,0,0,0
2025-07-15 12:33:39,CTRA,0,0,0,0,0,0,0,0,1,1,0,0
2025-07-15 12:33:39,CRWD,1,0,1,0,0,0,1,1,1,1,0,0
2025-07-15 12:33:40,CCI,0,0,1,0,0,0,0,1,1,1,0,0
2025-07-15 12:33:41,CSX,0,0,0,0,0,0,0,0,1,0,0,0
2025-07-15 12:33:41,CMI,1,0,0,0,0,1,1,1,1,0,0,0
2025-07-15 12:33:42,CVS,0,0,1,0,0,0,0,0,1,1,0,0
2025-07-15 12:33:43,DHR,0,0,1,0,0,0,0,1,1,1,0,0
2025-07-15 12:33:44,DRI,1,0,1,0,0,1,1,1,1,0,0,0
2025-07-15 12:33:45,DDOG,1,0,0,0,0,1,1,1,1,1,0,0
2025-07-15 12:33:46,DVA,0,0,0,0,0,0,0,1,1,1,0,0
2025-07-15 12:33:46,DAY,1,0,1,0,0,0,1,0,1,1,0,0
2025-07-15 12:33:47,DECK,0,0,1,0,0,0,0,1,1,1,0,0
2025-07-15 12:33:48,DE,0,0,0,0,0,0,0,1,1,0,0,0
2025-07-15 12:33:48,DELL,0,0,1,0,0,0,0,1,1,1,1,0
2025-07-15 12:33:49,DAL,0,0,0,0,0,0,0,1,1,1,0,0
2025-07-15 12:33:50,DVN,0,0,0,0,0,0,0,0,1,1,0,0
2025-07-15 12:33:51,DXCM,1,0,1,0,0,1,1,1,1,1,0,0
2025-07-15 12:33:51,FANG,0,0,1,0,0,0,0,1,1,1,0,0
2025-07-15 12:33:52,DLR,0,0,0,0,0,0,0,1,1,0,0,0
2025-07-15 12:33:53,DG,0,0,1,0,0,0,0,1,1,0,0,0
2025-07-15 12:33:54,DLTR,0,0,1,0,0,0,0,1,1,1,0,0
2025-07-15 12:33:54,D,0,0,1,0,0,0,0,0,1,1,0,0
2025-07-15 12:33:55,DPZ,1,0,1,0,0,0,1,1,1,1,0,0
2025-07-15 12:33:56,DASH,1,0,0,0,0,1,1,1,1,1,0,0
2025-07-15 12:33:57,DOV,0,0,0,0,0,0,0,1,1,1,1,0
2025-07-15 12:33:58,DOW,0,0,0,0,0,0,0,0,1,1,1,0
2025-07-15 12:33:58,DHI,0,0,1,0,0,0,0,1,1,1,0,0
2025-07-15 12:33:59,DTE,0,0,0,0,0,0,0,1,1,0,0,0
2025-07-15 12:34:00,DUK,1,0,1,0,0,0,1,0,1,1,0,0
2025-07-15 12:34:01,DD,0,0,0,0,0,0,0,0,1,1,1,0
2025-07-15 12:34:01,EMN,0,0,0,0,0,0,0,1,1,1,0,0
2025-07-15 12:34:02,ETN,0,0,0,0,0,0,0,1,1,1,1,0
2025-07-15 12:34:03,EBAY,1,0,1,0,0,0,1,0,1,0,0,0
2025-07-15 12:34:04,ECL,0,0,0,0,0,0,0,1,1,0,0,0
2025-07-15 12:34:04,EIX,1,0,1,0,0,0,1,0,1,1,0,0
2025-07-15 12:34:05,EW,1,0,1,0,0,0,1,0,1,1,0,0
2025-07-15 12:34:06,EA,1,0,0,0,0,0,1,1,1,0,0,0
2025-07-15 12:34:06,ELV,0,0,1,0,0,0,0,1,1,1,0,0
2025-07-15 12:34:07,EMR,0,0,0,0,0,0,0,1,1,0,0,0
2025-07-15 12:34:08,ENPH,0,0,0,0,0,0,0,1,1,1,0,0
2025-07-15 12:34:09,ETR,0,0,1,0,0,0,0,0,1,1,0,0
2025-07-15 12:34:09,EOG,0,0,0,0,0,0,0,1,1,1,0,0
2025-07-15 12:34:10,EPAM,0,0,0,0,0,0,0,1,1,1,0,0
2025-07-15 12:34:11,EQT,0,0,0,0,0,0,0,0,1,1,0,0
2025-07-15 12:34:11,EFX,0,0,0,0,0,0,0,1,1,1,0,0
2025-07-15 12:34:12,EQIX,1,0,1,0,0,0,1,1,1,0,0,0
2025-07-15 12:34:13,EQR,0,0,1,0,0,0,0,0,1,1,0,0
2025-07-15 12:34:14,ERIE,0,0,1,0,0,1,0,1,1,0,0,0
2025-07-15 12:34:14,ESS,0,0,1,0,0,0,0,1,1,1,0,0
2025-07-15 12:34:15,EL,0,0,1,0,0,0,0,1,1,1,0,0
2025-07-15 12:34:15,EG,0,0,1,0,0,0,0,1,1,1,0,0
2025-07-15 12:34:16,EVRG,1,0,1,0,0,0,1,0,1,1,0,0
2025-07-15 12:34:17,ES,0,0,1,0,0,0,0,0,1,1,0,0
2025-07-15 12:34:18,EXC,0,0,1,0,0,0,0,0,1,0,0,0
2025-07-15 12:34:18,EXE,0,0,0,0,0,0,0,1,1,1,0,0
2025-07-15 12:34:19,EXPE,1,0,1,0,0,0,1,1,1,1,0,0
2025-07-15 12:34:19,EXPD,0,0,0,0,0,0,0,1,1,1,0,0
2025-07-15 12:34:20,EXR,0,0,0,0,0,0,0,1,1,1,0,0
2025-07-15 12:34:21,XOM,0,0,0,0,0,0,0,0,1,0,0,0
2025-07-15 12:34:21,FFIV,0,0,0,0,0,0,0,1,1,0,0,0
2025-07-15 12:34:22,FDS,0,0,0,0,0,0,0,1,1,1,0,0
2025-07-15 12:34:22,FICO,0,0,0,0,0,0,0,1,1,1,0,0
2025-07-15 12:34:23,FAST,0,0,0,0,0,0,0,0,1,1,0,0
2025-07-15 12:34:24,FRT,0,0,1,0,0,0,0,0,1,1,0,0
2025-07-15 12:34:24,FDX,0,0,0,0,0,0,0,1,1,0,0,0
2025-07-15 12:34:25,FIS,0,0,1,0,0,0,0,0,1,0,0,0
2025-07-15 12:34:26,FITB,0,0,0,0,0,0,0,0,1,0,0,0
2025-07-15 12:34:26,FSLR,0,0,0,0,0,0,0,1,1,1,1,0
2025-07-15 12:34:27,FE,0,0,1,0,0,0,0,0,1,0,0,0
2025-07-15 12:34:28,FI,1,0,1,1,0,1,1,1,1,0,0,0
2025-07-15 12:34:28,F,0,0,0,0,0,0,0,0,1,1,0,0
2025-07-15 12:34:29,FTNT,1,0,0,0,0,1,1,1,1,1,0,0
2025-07-15 12:34:30,FTV,0,0,1,0,0,0,0,0,1,1,0,0
2025-07-15 12:34:31,FOXA,0,0,0,0,0,0,0,0,1,1,0,0
2025-07-15 12:34:32,FOX,0,0,0,0,0,0,0,0,1,0,0,0
2025-07-15 12:34:33,BEN,0,0,0,0,0,0,0,0,1,1,0,0
2025-07-15 12:34:33,FCX,0,0,1,0,0,0,0,0,1,1,0,0
2025-07-15 12:34:34,GRMN,1,0,1,0,0,0,1,1,1,0,0,0
2025-07-15 12:34:34,IT,0,0,1,0,0,0,0,1,1,1,0,0
2025-07-15 12:34:36,GE,1,0,1,0,0,1,1,1,1,0,0,0
2025-07-15 12:34:37,GEHC,0,0,1,0,0,0,0,0,1,1,0,0
2025-07-15 12:34:37,GEV,0,0,0,0,0,0,0,1,1,1,0,0
2025-07-15 12:34:38,GEN,0,0,0,0,0,0,0,0,1,0,0,0
2025-07-15 12:34:39,GNRC,0,0,1,0,0,0,0,1,1,0,0,0
2025-07-15 12:34:40,GD,0,0,0,0,0,0,0,1,1,0,0,0
2025-07-15 12:34:40,GIS,0,0,1,0,0,0,0,0,1,0,0,0
2025-07-15 12:34:41,GM,1,0,1,0,0,1,1,0,1,0,0,0
2025-07-15 12:34:41,GPC,0,0,1,0,0,0,0,1,1,0,0,0
2025-07-15 12:34:42,GILD,1,0,1,0,0,0,1,1,1,1,0,0
2025-07-15 12:34:43,GPN,1,0,1,0,0,0,1,0,1,1,0,0
2025-07-15 12:34:43,GL,0,0,0,0,0,0,0,1,1,1,0,0
2025-07-15 12:34:44,GDDY,0,0,0,0,0,0,0,1,1,0,0,0
2025-07-15 12:34:44,GS,0,0,0,0,0,0,0,1,1,1,0,0
2025-07-15 12:34:45,HAL,0,0,0,0,0,0,0,0,1,1,0,0
2025-07-15 12:34:46,HIG,0,0,1,0,0,0,0,1,1,1,0,0
2025-07-15 12:34:46,HAS,1,0,1,0,0,0,1,0,1,1,0,0
2025-07-15 12:34:47,HCA,0,0,1,0,0,0,0,1,1,1,0,0
2025-07-15 12:34:48,DOC,0,0,1,0,0,0,0,0,1,1,0,0
2025-07-15 12:34:48,HSIC,0,0,0,0,0,0,0,0,1,1,0,0
2025-07-15 12:34:49,HSY,0,0,1,0,0,0,0,1,1,1,0,0
2025-07-15 12:34:50,HES,0,0,1,0,0,0,0,1,1,0,0,0
2025-07-15 12:34:50,HPE,0,0,1,0,0,0,0,0,1,1,0,0
2025-07-15 12:34:51,HLT,0,0,1,0,0,0,0,1,1,1,0,0
2025-07-15 12:34:51,HOLX,0,0,1,0,0,0,0,0,1,1,0,0
2025-07-15 12:34:52,HD,0,0,1,0,0,0,0,1,1,1,0,0
2025-07-15 12:34:53,HON,0,0,0,0,0,0,0,1,1,0,0,0
2025-07-15 12:34:54,HRL,0,0,0,0,0,0,0,0,1,0,0,0
2025-07-15 12:34:54,HST,0,0,0,0,0,0,0,0,1,1,0,0
2025-07-15 12:34:55,HWM,1,0,0,0,0,1,1,1,1,1,0,0
2025-07-15 12:34:56,HPQ,0,0,1,0,0,0,0,0,1,1,0,0
2025-07-15 12:34:56,HUBB,0,0,0,0,0,0,0,1,1,0,0,0
2025-07-15 12:34:57,HUM,0,0,1,0,0,0,0,1,1,1,0,0
2025-07-15 12:34:58,HBAN,0,0,0,0,0,0,0,0,1,0,0,0
2025-07-15 12:34:59,HII,0,0,0,0,0,0,0,1,1,1,0,0
2025-07-15 12:34:59,IBM,0,0,1,0,0,1,0,1,1,0,0,0
2025-07-15 12:35:00,IEX,0,0,0,0,0,0,0,1,1,0,0,0
2025-07-15 12:35:00,IDXX,0,0,0,0,0,0,0,1,1,0,0,0
2025-07-15 12:35:01,ITW,0,0,0,0,0,0,0,1,1,0,0,0
2025-07-15 12:35:02,INCY,1,0,1,0,0,0,1,1,1,1,0,0
2025-07-15 12:35:02,IR,0,0,0,0,0,0,0,0,1,0,0,0
2025-07-15 12:35:03,PODD,1,0,1,0,0,1,1,1,1,0,0,0
2025-07-15 12:35:03,INTC,0,0,1,0,0,0,0,0,1,1,1,0
2025-07-15 12:35:04,ICE,0,0,1,0,0,0,0,1,1,0,0,0
2025-07-15 12:35:05,IFF,0,0,0,0,0,0,0,0,1,0,0,0
2025-07-15 12:35:06,IP,0,0,0,0,0,0,0,0,1,1,0,0
2025-07-15 12:35:06,IPG,0,0,1,0,0,0,0,0,1,1,0,0
2025-07-15 12:35:07,INTU,1,0,1,0,0,0,1,1,1,0,0,0
2025-07-15 12:35:08,ISRG,0,0,1,0,0,0,0,1,1,1,0,0
2025-07-15 12:35:08,IVZ,0,0,0,0,0,0,0,0,1,1,0,0
2025-07-15 12:35:09,INVH,0,0,1,0,0,0,0,0,1,1,0,0
2025-07-15 12:35:10,IQV,0,0,1,0,0,0,0,1,1,1,0,0
2025-07-15 12:35:10,IRM,0,0,1,0,0,0,0,1,1,1,0,0
2025-07-15 12:35:11,JBHT,0,0,0,0,0,0,0,1,1,1,0,0
2025-07-15 12:35:12,JBL,0,0,0,0,0,0,0,1,1,1,0,0
2025-07-15 12:35:13,JKHY,1,0,1,0,0,1,1,1,1,0,0,0
2025-07-15 12:35:15,J,0,0,0,0,0,0,0,0,1,0,0,0
2025-07-15 12:35:15,JNJ,1,0,1,0,0,0,1,1,1,1,0,0
2025-07-15 12:35:16,JCI,0,0,0,0,0,0,0,0,1,0,0,0
2025-07-15 12:35:17,JPM,0,0,0,0,0,0,0,1,1,1,0,0
2025-07-15 12:35:18,K,1,0,1,0,0,1,1,0,0,0,0,0
2025-07-15 12:35:18,KVUE,0,0,0,0,0,0,0,0,1,1,0,0
2025-07-15 12:35:19,KDP,0,0,0,0,0,0,0,0,1,0,0,0
2025-07-15 12:35:20,KEY,0,0,0,0,0,0,0,0,1,1,0,0
2025-07-15 12:35:21,KEYS,0,0,0,0,0,0,0,1,1,1,0,0
2025-07-15 12:35:21,KMB,0,0,1,0,0,0,0,1,1,0,0,0
2025-07-15 12:35:22,KIM,0,0,1,0,0,0,0,0,1,1,0,0
2025-07-15 12:35:23,KMI,0,0,0,0,0,0,0,0,1,1,0,0
2025-07-15 12:35:24,KKR,1,0,1,0,0,0,1,1,1,1,0,0
2025-07-15 12:35:24,KLAC,0,0,0,0,0,1,0,1,1,0,1,0
2025-07-15 12:35:25,KHC,0,0,1,0,0,0,0,0,1,1,0,0
2025-07-15 12:35:26,KR,1,0,1,0,0,1,1,0,1,0,0,0
2025-07-15 12:35:27,LHX,0,0,1,0,0,0,0,1,1,0,0,0
2025-07-15 12:35:28,LH,0,0,1,0,0,0,0,1,1,1,0,0
2025-07-15 12:35:29,LRCX,0,0,1,0,0,0,0,0,1,0,1,0
2025-07-15 12:35:30,LW,0,0,0,0,0,0,0,0,1,1,0,0
2025-07-15 12:35:30,LVS,1,0,1,0,0,0,1,0,1,0,0,0
2025-07-15 12:35:31,LDOS,0,0,1,0,0,0,0,1,1,1,0,0
2025-07-15 12:35:32,LEN,0,0,1,0,0,0,0,1,1,1,0,0
2025-07-15 12:35:33,LII,0,0,0,0,0,0,0,1,1,1,0,0
2025-07-15 12:35:33,LLY,1,1,1,0,0,0,1,1,1,1,0,0
2025-07-15 12:35:34,LIN,0,0,0,0,0,0,0,1,1,1,0,0
2025-07-15 12:35:35,LYV,0,0,1,0,0,0,0,1,1,1,0,0
2025-07-15 12:35:36,LKQ,0,0,0,0,0,0,0,0,1,1,0,0
2025-07-15 12:35:37,LMT,0,0,1,0,0,0,0,1,1,0,0,0
2025-07-15 12:35:37,L,0,0,0,0,0,0,0,0,1,0,0,0
2025-07-15 12:35:39,LOW,0,0,1,0,0,0,0,1,1,1,0,0
2025-07-15 12:35:39,LULU,0,0,0,0,0,0,0,1,1,1,0,0
2025-07-15 12:35:40,LYB,0,0,0,0,0,0,0,0,1,1,0,0
2025-07-15 12:35:41,MTB,0,0,0,0,0,0,0,1,1,0,0,0
2025-07-15 12:35:41,MPC,0,0,0,0,0,0,0,1,1,1,0,0
2025-07-15 12:35:42,MKTX,0,0,1,0,0,0,0,1,1,0,0,0
2025-07-15 12:35:43,MAR,1,0,1,0,0,0,1,1,1,1,0,0
2025-07-15 12:35:43,MMC,0,0,1,0,0,0,0,1,1,0,0,0
2025-07-15 12:35:44,MLM,0,0,0,0,0,0,0,1,1,1,0,0
2025-07-15 12:35:45,MAS,0,0,1,0,0,0,0,0,1,1,1,0
2025-07-15 12:35:46,MA,1,0,1,0,0,1,1,1,1,0,0,0
2025-07-15 12:35:46,MTCH,1,0,1,0,0,1,1,0,1,1,0,0
2025-07-15 12:35:47,MKC,0,0,1,0,0,0,0,0,1,1,0,0
2025-07-15 12:35:48,MCD,0,0,0,0,0,0,0,1,1,0,0,0
2025-07-15 12:35:48,MCK,0,0,1,0,0,0,0,1,1,0,0,0
2025-07-15 12:35:49,MDT,1,0,1,0,0,0,1,0,1,1,0,0
2025-07-15 12:35:50,MRK,0,0,1,0,0,0,0,0,1,1,0,0
2025-07-15 12:35:51,META,1,0,1,0,0,1,1,1,1,0,0,0
2025-07-15 12:35:51,MET,0,0,0,0,0,0,0,0,1,1,0,0
2025-07-15 12:35:52,MTD,1,0,0,0,0,0,1,1,1,0,0,0
2025-07-15 12:35:53,MGM,1,0,0,0,0,1,1,0,1,1,0,0
2025-07-15 12:35:53,MCHP,0,0,1,0,0,0,0,1,1,1,1,0
2025-07-15 12:35:54,MU,0,0,1,0,0,0,0,1,1,1,1,0
2025-07-15 12:35:55,MSFT,1,0,0,0,0,1,1,1,1,0,0,0
2025-07-15 12:35:55,MAA,0,0,1,0,0,0,0,1,1,1,0,0
2025-07-15 12:35:56,MRNA,0,0,1,0,0,0,0,0,1,1,0,0
2025-07-15 12:35:57,MHK,0,0,1,0,0,0,0,1,1,1,0,0
2025-07-15 12:35:57,MOH,0,0,1,0,0,0,0,1,1,1,0,0
2025-07-15 12:35:58,TAP,0,0,0,0,0,0,0,0,1,0,0,0
2025-07-15 12:35:59,MDLZ,0,0,1,0,0,0,0,0,1,0,0,0
2025-07-15 12:36:00,MPWR,0,0,0,0,0,0,0,1,1,1,1,0
2025-07-15 12:36:00,MNST,0,0,1,0,0,0,0,0,1,1,0,0
2025-07-15 12:36:01,MCO,0,0,1,0,0,0,0,1,1,0,0,0
2025-07-15 12:36:02,MS,0,0,0,0,0,0,0,1,1,0,0,0
2025-07-15 12:36:02,MOS,0,0,0,0,0,0,0,0,1,1,0,0
2025-07-15 12:36:03,MSI,0,0,1,0,0,0,0,1,1,1,0,0
2025-07-15 12:36:04,MSCI,0,0,0,0,0,0,0,1,1,1,0,0
2025-07-15 12:36:04,NDAQ,0,0,1,0,0,0,0,0,1,0,0,0
2025-07-15 12:36:05,NTAP,0,0,1,0,0,0,0,1,1,1,1,0
2025-07-15 12:36:06,NFLX,0,0,0,0,0,1,0,1,1,1,0,0
2025-07-15 12:36:07,NEM,0,0,1,0,0,0,0,0,1,1,0,0
2025-07-15 12:36:07,NWSA,0,0,0,0,0,0,0,0,1,1,1,0
2025-07-15 12:36:08,NWS,0,0,0,0,0,0,0,0,1,1,0,0
2025-07-15 12:36:09,NEE,0,0,0,0,0,0,0,1,1,1,0,0
2025-07-15 12:36:09,NKE,0,0,0,0,0,0,0,1,1,0,0,0
2025-07-15 12:36:10,NI,0,0,0,0,0,0,0,0,1,0,0,0
2025-07-15 12:36:11,NDSN,0,0,0,0,0,0,0,1,1,1,0,0
2025-07-15 12:36:12,NSC,1,0,1,0,0,1,1,1,1,0,0,0
2025-07-15 12:36:12,NTRS,0,0,1,0,0,0,0,1,1,1,0,0
2025-07-15 12:36:13,NOC,0,0,1,0,0,0,0,1,1,0,0,0
2025-07-15 12:36:13,NCLH,0,0,0,0,0,0,0,0,1,1,0,0
2025-07-15 12:36:14,NRG,0,0,0,0,0,0,0,1,1,1,0,0
2025-07-15 12:36:15,NUE,0,0,0,0,0,0,0,1,1,1,0,0
2025-07-15 12:36:15,NVDA,0,0,0,0,0,1,0,1,1,1,1,0
2025-07-15 12:36:16,NVR,0,0,0,0,0,0,0,1,1,1,0,0
2025-07-15 12:36:16,NXPI,0,0,0,0,0,0,0,1,1,1,1,0
2025-07-15 12:36:17,ORLY,0,0,0,0,0,0,0,0,1,0,0,0
2025-07-15 12:36:18,OXY,0,0,1,0,0,0,0,0,1,1,0,0
2025-07-15 12:36:18,ODFL,0,0,0,0,0,0,0,1,1,1,0,0
2025-07-15 12:36:19,OMC,0,0,1,0,0,0,0,0,1,1,1,0
2025-07-15 12:36:19,ON,0,0,1,0,0,0,0,0,1,1,1,0
2025-07-15 12:36:20,OKE,0,0,0,0,0,0,0,0,1,1,0,0
2025-07-15 12:36:21,ORCL,1,0,0,0,0,1,1,1,1,1,1,0
2025-07-15 12:36:21,OTIS,0,0,0,0,0,0,0,0,1,1,1,0
2025-07-15 12:36:22,PCAR,0,0,0,0,0,0,0,1,1,0,0,0
2025-07-15 12:36:23,PKG,0,0,0,0,0,0,0,1,1,0,0,0
2025-07-15 12:36:23,PLTR,0,0,0,0,0,0,0,1,1,1,0,0
2025-07-15 12:36:24,PANW,1,0,1,0,0,1,1,1,1,0,0,0
2025-07-15 12:36:25,PARA,1,1,1,0,0,1,1,0,1,0,0,0
2025-07-15 12:36:25,PH,0,0,0,0,0,0,0,1,1,0,0,0
2025-07-15 12:36:26,PAYX,0,0,0,0,0,0,0,1,1,0,0,0
2025-07-15 12:36:27,PAYC,0,0,0,0,0,1,0,1,1,0,0,0
2025-07-15 12:36:29,PYPL,1,0,1,0,0,1,1,0,1,0,0,0
2025-07-15 12:36:30,PNR,0,0,0,0,0,0,0,0,1,1,0,0
2025-07-15 12:36:30,PEP,0,0,1,0,0,0,0,1,1,1,0,0
2025-07-15 12:36:31,PFE,0,0,1,0,0,0,0,0,1,1,0,0
2025-07-15 12:36:32,PCG,0,0,1,0,0,0,0,0,1,1,0,0
2025-07-15 12:36:33,PM,1,0,1,0,0,0,1,1,1,0,0,0
2025-07-15 12:36:33,PSX,0,0,0,0,0,0,0,1,1,0,0,0
2025-07-15 12:36:34,PNW,0,0,0,0,0,0,0,0,1,1,0,0
2025-07-15 12:36:35,PNC,0,0,0,0,0,0,0,1,1,0,0,0
2025-07-15 12:36:35,POOL,0,0,1,0,0,0,0,1,1,1,0,0
2025-07-15 12:36:36,PPG,0,0,0,0,0,0,0,1,1,1,0,0
2025-07-15 12:36:37,PPL,0,0,1,0,0,0,0,0,1,1,0,0
2025-07-15 12:36:37,PFG,0,0,0,0,0,0,0,0,1,1,0,0
2025-07-15 12:36:38,PG,0,0,1,0,0,0,0,1,1,0,0,0
2025-07-15 12:36:39,PGR,0,0,1,0,0,0,0,1,1,1,0,0
2025-07-15 12:36:39,PLD,0,0,1,0,0,0,0,1,1,1,0,0
2025-07-15 12:36:40,PRU,0,0,0,0,0,0,0,0,1,1,0,0
2025-07-15 12:36:41,PEG,0,0,1,0,0,0,0,0,1,1,0,0
2025-07-15 12:36:41,PTC,1,0,0,0,0,1,1,1,1,1,0,0
2025-07-15 12:36:42,PSA,0,0,0,0,0,0,0,1,1,1,0,0
2025-07-15 12:36:43,PHM,0,0,1,0,0,0,0,1,1,1,0,0
2025-07-15 12:36:43,PWR,0,0,0,0,0,0,0,1,1,1,0,0
2025-07-15 12:36:44,QCOM,0,0,1,0,0,0,0,1,1,1,1,0
2025-07-15 12:36:45,DGX,0,0,1,0,0,0,0,1,1,1,0,0
2025-07-15 12:36:45,RL,0,0,1,0,0,0,0,1,1,1,0,0
2025-07-15 12:36:46,RJF,0,0,0,0,0,0,0,1,1,1,0,0
2025-07-15 12:36:47,RTX,0,0,1,0,0,0,0,1,1,1,0,0
2025-07-15 12:36:47,O,0,0,1,0,0,0,0,0,1,1,0,0
2025-07-15 12:36:48,REG,0,0,1,0,0,0,0,0,1,1,0,0
2025-07-15 12:36:49,REGN,0,0,1,0,0,0,0,1,1,1,0,0
2025-07-15 12:36:50,RF,0,0,0,0,0,0,0,0,1,0,0,0
2025-07-15 12:36:50,RSG,0,0,0,0,0,0,0,1,1,0,0,0
2025-07-15 12:36:51,RMD,0,0,1,0,0,0,0,1,1,1,1,0
2025-07-15 12:36:52,RVTY,0,0,0,0,0,0,0,1,1,1,0,0
2025-07-15 12:36:52,ROK,0,0,0,0,0,0,0,1,1,1,0,0
2025-07-15 12:36:53,ROL,0,0,1,0,0,0,0,0,1,0,0,0
2025-07-15 12:36:54,ROP,1,0,1,0,0,0,1,1,1,0,0,0
2025-07-15 12:36:54,ROST,0,0,1,0,0,0,0,1,1,1,0,0
2025-07-15 12:36:55,RCL,0,0,0,0,0,1,0,1,1,1,0,0
2025-07-15 12:36:56,SPGI,0,0,0,0,0,0,0,1,1,0,0,0
2025-07-15 12:36:57,CRM,1,0,1,0,0,0,1,1,1,1,0,0
2025-07-15 12:36:57,SBAC,0,0,1,0,0,0,0,1,1,0,0,0
2025-07-15 12:36:58,SLB,0,0,0,0,0,0,0,0,1,1,0,0
2025-07-15 12:36:59,STX,0,0,0,0,0,0,0,1,1,1,0,0
2025-07-15 12:36:59,SRE,0,0,1,0,0,0,0,0,1,0,0,0
2025-07-15 12:37:00,NOW,1,0,1,0,0,1,1,1,1,1,0,0
2025-07-15 12:37:01,SHW,0,0,1,0,0,0,0,1,1,1,0,0
2025-07-15 12:37:03,SPG,0,0,1,0,0,0,0,1,1,1,0,0
2025-07-15 12:37:03,SWKS,0,0,1,0,0,0,0,0,1,1,1,0
2025-07-15 12:37:04,SJM,0,0,0,0,0,0,0,1,1,1,0,0
2025-07-15 12:37:05,SW,0,0,0,0,0,0,0,0,1,1,0,0
2025-07-15 12:37:05,SNA,0,0,0,0,0,0,0,1,1,1,0,0
2025-07-15 12:37:06,SOLV,0,0,1,0,0,0,0,0,1,1,1,0
2025-07-15 12:37:07,SO,0,0,1,0,0,0,0,0,1,0,0,0
2025-07-15 12:37:08,LUV,1,0,1,0,0,1,1,0,1,1,0,0
2025-07-15 12:37:08,SWK,0,0,0,0,0,0,0,1,1,1,1,0
2025-07-15 12:37:09,SBUX,0,0,1,0,0,0,0,1,1,1,0,0
2025-07-15 12:37:09,STT,0,0,0,0,0,0,0,1,1,1,0,0
2025-07-15 12:37:10,STLD,0,0,0,0,0,0,0,1,1,1,0,0
2025-07-15 12:37:11,STE,0,0,0,0,0,0,0,1,1,0,1,0
2025-07-15 12:37:12,SYK,0,0,1,0,0,0,0,1,1,0,0,0
2025-07-15 12:37:12,SMCI,1,1,1,0,0,1,1,1,1,1,1,0
2025-07-15 12:37:13,SYF,0,0,1,0,0,0,0,0,1,1,0,0
2025-07-15 12:37:14,SNPS,1,1,1,0,0,1,1,1,1,1,0,0
2025-07-15 12:37:14,SYY,0,0,1,0,0,0,0,0,1,1,0,0
2025-07-15 12:37:15,TMUS,0,0,1,0,0,0,0,1,1,0,0,0
2025-07-15 12:37:16,TROW,0,0,0,0,0,0,0,0,1,1,0,0
2025-07-15 12:37:17,TTWO,1,0,0,0,0,1,1,1,1,1,0,0
2025-07-15 12:37:17,TPR,1,0,0,0,0,1,1,1,1,1,0,0
2025-07-15 12:37:18,TRGP,0,0,1,0,0,0,0,1,1,1,0,0
2025-07-15 12:37:19,TGT,0,0,1,0,0,0,0,1,1,1,0,0
2025-07-15 12:37:19,TEL,0,0,0,0,0,0,0,1,1,0,0,0
2025-07-15 12:37:20,TDY,0,0,0,0,0,0,0,1,1,1,0,0
2025-07-15 12:37:21,TER,0,0,1,0,0,0,0,1,1,1,1,0
2025-07-15 12:37:21,TSLA,1,0,1,0,0,0,1,1,1,1,0,0
2025-07-15 12:37:22,TXN,0,0,1,0,0,0,0,1,1,0,0,0
2025-07-15 12:37:23,TPL,0,0,0,0,0,0,0,1,1,1,0,0
2025-07-15 12:37:24,TXT,0,0,0,0,0,0,0,0,1,1,0,0
2025-07-15 12:37:24,TMO,1,0,1,0,0,0,1,1,1,1,0,0
2025-07-15 12:37:25,TJX,0,0,0,0,0,0,0,0,1,0,0,0
2025-07-15 12:37:26,TKO,0,0,1,0,0,0,0,1,1,1,0,0
2025-07-15 12:37:26,TSCO,0,0,1,0,0,0,0,0,1,1,0,0
2025-07-15 12:37:27,TT,0,0,0,0,0,0,0,1,1,0,0,0
2025-07-15 12:37:28,TDG,1,0,1,0,0,1,1,1,1,1,0,0
2025-07-15 12:37:28,TRV,0,0,1,0,0,0,0,1,1,1,0,0
2025-07-15 12:37:29,TRMB,0,0,0,0,0,0,0,0,1,0,0,0
2025-07-15 12:37:30,TFC,0,0,0,0,0,0,0,0,1,0,0,0
2025-07-15 12:37:31,TYL,0,0,0,0,0,0,0,1,1,1,0,0
2025-07-15 12:37:31,TSN,0,0,0,0,0,0,0,0,1,1,0,0
2025-07-15 12:37:32,USB,0,0,1,0,0,0,0,0,1,1,0,0
2025-07-15 12:37:33,UBER,0,0,0,0,0,0,0,1,1,1,1,0
2025-07-15 12:37:33,UDR,0,0,1,0,0,0,0,0,1,1,0,0
2025-07-15 12:37:34,ULTA,0,0,1,0,0,0,0,1,1,1,0,0
2025-07-15 12:37:35,UNP,0,0,0,0,0,0,0,1,1,0,0,0
2025-07-15 12:37:36,UAL,0,0,0,0,0,0,0,1,1,1,0,0
2025-07-15 12:37:36,UPS,0,0,0,0,0,0,0,1,1,0,0,0
2025-07-15 12:37:37,URI,0,0,1,0,0,0,0,1,1,0,0,0
2025-07-15 12:37:38,UNH,0,0,1,0,0,0,0,1,1,1,0,0
2025-07-15 12:37:38,UHS,0,0,1,0,0,0,0,1,1,1,0,0
2025-07-15 12:37:39,VLO,0,0,0,0,0,0,0,1,1,1,0,0
2025-07-15 12:37:40,VTR,0,0,1,0,0,0,0,0,1,1,0,0
2025-07-15 12:37:42,VLTO,0,0,0,0,0,0,0,0,1,0,0,0
2025-07-15 12:37:42,VRSN,1,0,1,0,0,0,1,1,1,0,0,0
2025-07-15 12:37:43,VRSK,0,0,1,0,0,0,0,1,1,0,0,0
2025-07-15 12:37:44,VZ,0,0,0,0,0,0,0,0,1,0,0,0
2025-07-15 12:37:45,VRTX,0,0,1,0,0,0,0,1,1,1,0,0
2025-07-15 12:37:46,VTRS,0,0,1,0,0,0,0,0,1,1,0,0
2025-07-15 12:37:46,VICI,0,0,0,0,0,0,0,0,1,0,0,0
2025-07-15 12:37:47,V,0,0,0,0,0,0,0,1,1,0,0,0
2025-07-15 12:37:48,VST,0,0,0,0,0,0,0,1,1,1,0,0
2025-07-15 12:37:49,VMC,0,0,0,0,0,0,0,1,1,1,0,0
2025-07-15 12:37:49,WRB,0,0,1,0,0,0,0,0,1,1,0,0
2025-07-15 12:37:50,GWW,0,0,0,0,0,0,0,1,1,1,0,0
2025-07-15 12:37:51,WAB,0,0,0,0,0,0,0,1,1,0,0,0
2025-07-15 12:37:51,WBA,1,0,1,0,0,1,1,0,0,0,0,0
2025-07-15 12:37:52,WMT,1,0,1,0,0,1,1,0,1,0,0,0
2025-07-15 12:37:53,DIS,1,0,1,0,0,1,1,0,1,0,0,0
2025-07-15 12:37:53,WBD,1,0,1,0,0,0,1,0,1,1,0,0
2025-07-15 12:37:54,WM,0,0,0,0,0,0,0,1,1,0,0,0
2025-07-15 12:37:56,WAT,0,0,1,0,0,0,0,1,1,1,1,0
2025-07-15 12:37:56,WEC,0,0,1,0,0,0,0,0,1,1,0,0
2025-07-15 12:37:58,WFC,0,0,1,0,0,0,0,0,1,1,0,0
2025-07-15 12:37:59,WELL,0,0,1,0,0,0,0,1,1,1,0,0
2025-07-15 12:37:59,WST,0,0,1,0,0,0,0,1,1,1,0,0
2025-07-15 12:38:00,WDC,0,0,0,0,0,0,0,0,1,0,1,0
2025-07-15 12:38:01,WY,0,0,1,0,0,0,0,0,1,1,0,0
2025-07-15 12:38:02,WSM,0,0,0,0,0,0,0,1,1,1,0,0
2025-07-15 12:38:02,WMB,0,0,0,0,0,0,0,0,1,1,0,0
2025-07-15 12:38:03,WTW,1,0,1,0,0,1,1,1,1,1,0,0
2025-07-15 12:38:03,WDAY,1,0,1,0,0,1,1,1,1,0,0,0
2025-07-15 12:38:04,WYNN,1,0,1,0,0,0,1,1,1,1,0,0
2025-07-15 12:38:05,XEL,0,0,1,0,0,0,0,0,1,1,0,0
2025-07-15 12:38:06,XYL,0,0,0,0,0,0,0,0,1,1,0,0
2025-07-15 12:38:06,YUM,0,0,0,0,0,0,0,1,1,0,0,0
2025-07-15 12:38:07,ZBRA,0,0,0,0,0,0,0,1,1,1,0,0
2025-07-15 12:38:08,ZBH,0,0,1,0,0,0,0,1,1,1,1,0
2025-07-15 12:38:08,ZTS,0,0,1,0,0,0,0,1,1,1,0,0
2025-07-15 13:04:56,MMM,0,0,0,0,0,0,0,1,1,0,0,0
2025-07-15 13:04:57,AOS,0,0,0,0,0,0,0,0,1,1,0,0
2025-07-15 13:04:57,ABT,1,0,1,0,0,0,1,1,1,1,0,0
2025-07-15 13:04:58,ABBV,0,0,1,0,0,0,0,1,1,1,0,0
2025-07-15 13:04:59,ACN,1,0,1,0,0,0,1,1,1,1,0,0
2025-07-15 13:05:00,ADBE,1,0,1,0,0,0,1,1,1,0,0,0
2025-07-15 13:05:00,AMD,0,0,0,0,0,0,0,1,1,1,1,0
2025-07-15 13:05:01,AES,0,0,0,0,0,1,0,0,1,1,1,0
2025-07-15 13:05:02,AFL,0,0,1,0,0,0,0,0,1,1,0,0
2025-07-15 13:05:03,A,0,0,0,0,0,0,0,1,1,1,0,0
2025-07-15 13:05:04,APD,0,0,1,0,0,0,0,1,1,1,0,0
2025-07-15 13:05:04,ABNB,0,0,1,0,0,0,0,1,1,1,0,0
2025-07-15 13:05:05,AKAM,0,0,0,0,0,0,0,0,1,0,0,0
2025-07-15 13:05:06,ALB,0,0,1,0,0,0,0,1,1,1,1,0
2025-07-15 13:05:07,ARE,0,0,0,0,0,0,0,1,1,1,0,0
2025-07-15 13:05:08,ALGN,0,0,1,0,0,0,0,1,1,1,1,0
2025-07-15 13:05:09,ALLE,0,0,1,0,0,0,0,1,1,1,0,0
2025-07-15 13:05:10,LNT,0,0,1,0,0,0,0,0,1,1,0,0
2025-07-15 13:05:11,ALL,0,0,1,0,0,0,0,1,1,1,0,0
2025-07-15 13:05:11,GOOGL,1,0,0,0,0,1,1,1,1,0,0,0
2025-07-15 13:05:12,GOOG,1,0,0,0,0,1,1,1,1,0,0,0
2025-07-15 13:05:13,MO,1,0,1,0,0,1,1,0,1,0,0,0
2025-07-15 13:05:14,AMZN,0,0,0,0,0,0,0,1,1,0,0,0
2025-07-15 13:05:15,AMCR,0,0,0,0,0,0,0,0,1,1,0,0
2025-07-15 13:05:15,AEE,0,0,1,0,0,0,0,0,1,0,0,0
2025-07-15 13:05:16,AEP,1,0,1,0,0,0,1,0,1,0,0,0
2025-07-15 13:05:17,AXP,0,0,0,0,0,0,0,1,1,1,0,0
2025-07-15 13:05:18,AIG,1,0,1,0,0,0,1,0,1,1,0,0
2025-07-15 13:05:18,AMT,0,0,0,0,0,0,0,1,1,1,0,0
2025-07-15 13:05:19,AWK,0,0,1,0,0,0,0,1,1,0,0,0
2025-07-15 13:05:20,AMP,0,0,0,0,0,0,0,1,1,1,0,0
2025-07-15 13:05:21,AME,0,0,1,0,0,0,0,1,1,0,0,0
2025-07-15 13:05:21,AMGN,0,0,0,0,0,0,0,1,1,1,0,0
2025-07-15 13:05:22,APH,0,0,0,0,0,0,0,0,1,1,0,0
2025-07-15 13:05:23,ADI,0,0,0,0,0,0,0,1,1,1,0,0
2025-07-15 13:05:24,ANSS,1,0,0,0,0,1,1,1,1,1,0,0
2025-07-15 13:05:24,AON,0,0,1,0,0,0,0,1,1,1,0,0
2025-07-15 13:05:25,APA,0,0,1,0,0,0,0,0,1,1,0,0
2025-07-15 13:05:26,APO,0,0,0,0,0,0,0,1,1,1,0,0
2025-07-15 13:05:27,AAPL,1,0,0,0,0,1,1,1,1,0,0,0
2025-07-15 13:05:27,AMAT,0,0,0,0,0,0,0,1,1,0,1,0
2025-07-15 13:05:28,APTV,0,0,0,0,0,0,0,0,1,0,0,0
2025-07-15 13:05:29,ACGL,0,0,1,0,0,0,0,0,1,1,0,0
2025-07-15 13:05:30,ADM,0,0,0,0,0,0,0,0,1,0,0,0
2025-07-15 13:05:32,ANET,0,0,0,0,0,0,0,1,1,1,0,0
2025-07-15 13:05:32,AJG,0,0,1,0,0,0,0,1,1,1,0,0
2025-07-15 13:05:33,AIZ,0,0,1,0,0,0,0,1,1,1,0,0
2025-07-15 13:05:34,T,1,0,1,0,0,0,1,0,1,0,0,0
2025-07-15 13:05:34,ATO,0,0,1,0,0,0,0,1,1,1,0,0
2025-07-15 13:05:35,ADSK,0,0,1,0,0,0,0,1,1,1,0,0
2025-07-15 13:05:36,ADP,0,0,1,0,0,0,0,1,1,0,0,0
2025-07-15 13:05:36,AZO,0,0,0,0,0,0,0,1,1,1,0,0
2025-07-15 13:05:37,AVB,0,0,1,0,0,0,0,1,1,1,0,0
2025-07-15 13:05:38,AVY,0,0,0,0,0,0,0,1,1,1,0,0
2025-07-15 13:05:39,AXON,0,0,0,0,0,0,0,1,1,1,0,0
2025-07-15 13:05:41,BKR,0,0,0,0,0,0,0,0,1,1,0,0
2025-07-15 13:05:41,BALL,0,0,1,0,0,0,0,0,1,1,0,0
2025-07-15 13:05:42,BAC,0,0,0,0,0,0,0,0,1,0,0,0
2025-07-15 13:05:43,BAX,0,0,1,0,0,0,0,0,1,1,0,0
2025-07-15 13:05:44,BDX,0,0,0,0,0,1,0,1,1,1,0,0
2025-07-15 13:05:44,BRK-B,0,0,0,0,0,0,0,1,0,0,0,0
2025-07-15 13:05:45,BBY,0,0,1,0,0,0,0,1,1,1,0,0
2025-07-15 13:05:46,TECH,0,0,1,0,0,0,0,1,1,1,0,0
2025-07-15 13:05:46,BIIB,0,0,1,0,0,0,0,1,1,1,0,0
2025-07-15 13:05:47,BLK,1,0,1,0,0,1,1,1,1,1,0,0
2025-07-15 13:05:48,BX,0,0,0,0,0,0,0,1,1,1,0,0
2025-07-15 13:05:49,BK,1,0,1,0,0,0,1,0,1,1,0,0
2025-07-15 13:05:49,BA,0,0,0,0,0,0,0,1,1,0,0,0
2025-07-15 13:05:50,BKNG,0,0,1,0,0,0,0,1,1,1,0,0
2025-07-15 13:05:51,BSX,0,0,0,0,0,1,0,0,1,1,0,0
2025-07-15 13:05:51,BMY,0,0,1,0,0,0,0,0,1,1,0,0
2025-07-15 13:05:52,AVGO,0,0,0,0,0,0,0,1,1,1,1,0
2025-07-15 13:05:53,BR,0,0,0,0,0,0,0,1,1,0,0,0
2025-07-15 13:05:53,BRO,1,1,1,0,0,1,1,0,1,1,0,0
2025-07-15 13:05:54,BF-B,0,0,1,0,0,0,0,0,0,1,0,0
2025-07-15 13:05:55,BLDR,0,0,1,0,0,0,0,1,1,1,0,0
2025-07-15 13:05:55,BG,0,0,0,0,0,0,0,1,1,0,0,0
2025-07-15 13:05:56,BXP,0,0,0,0,0,0,0,0,1,1,0,0
2025-07-15 13:05:57,CHRW,0,0,0,0,0,0,0,1,1,0,0,0
2025-07-15 13:05:57,CDNS,0,0,0,0,0,0,0,1,1,1,0,0
2025-07-15 13:05:58,CZR,0,0,1,0,0,0,0,0,1,1,0,0
2025-07-15 13:05:58,CPT,0,0,1,0,0,0,0,1,1,1,0,0
2025-07-15 13:05:59,CPB,0,0,1,0,0,0,0,0,1,1,0,0
2025-07-15 13:06:00,COF,0,0,0,0,0,0,0,1,1,1,0,0
2025-07-15 13:06:00,CAH,0,0,0,0,0,0,0,1,1,0,0,0
2025-07-15 13:06:01,KMX,0,0,1,0,0,0,0,1,1,1,1,0
2025-07-15 13:06:02,CCL,0,0,0,0,0,0,0,0,1,1,0,0
2025-07-15 13:06:02,CARR,0,0,0,0,0,0,0,0,1,0,0,0
2025-07-15 13:06:03,CAT,0,0,0,0,0,0,0,1,1,0,0,0
2025-07-15 13:06:04,CBOE,1,0,1,0,0,1,1,1,1,1,0,0
2025-07-15 13:06:05,CBRE,0,0,0,0,0,0,0,1,1,1,0,0
2025-07-15 13:06:06,CDW,0,0,1,0,0,0,0,1,1,1,0,0
2025-07-15 13:06:06,COR,0,0,0,0,0,0,0,1,1,1,0,0
2025-07-15 13:06:07,CNC,0,0,0,0,0,0,0,1,1,1,0,0
2025-07-15 13:06:08,CNP,0,0,1,0,0,0,0,0,1,0,0,0
2025-07-15 13:06:09,CF,0,0,1,0,0,0,0,1,1,1,0,0
2025-07-15 13:06:09,CRL,0,0,0,0,0,0,0,1,1,1,0,0
2025-07-15 13:06:10,SCHW,0,0,0,0,0,0,0,0,1,0,0,0
2025-07-15 13:06:11,CHTR,0,0,1,0,0,0,0,1,1,1,0,0
2025-07-15 13:06:11,CVX,0,0,0,0,0,0,0,1,1,0,0,0
2025-07-15 13:06:12,CMG,1,0,1,0,0,0,1,0,1,1,0,0
2025-07-15 13:06:12,CB,0,0,1,0,0,0,0,1,1,0,0,0
2025-07-15 13:06:13,CHD,1,0,1,0,0,0,1,0,1,0,0,0
2025-07-15 13:06:13,CI,0,0,1,0,0,0,0,1,1,1,0,0
2025-07-15 13:06:14,CINF,0,0,1,0,0,0,0,1,1,1,0,0
2025-07-15 13:06:15,CTAS,0,0,1,0,0,0,0,1,1,0,0,0
2025-07-15 13:06:15,CSCO,0,0,1,0,0,0,0,0,1,0,0,0
2025-07-15 13:06:16,C,0,0,0,0,0,1,0,0,1,1,1,0
2025-07-15 13:06:17,CFG,0,0,0,0,0,0,0,0,1,1,0,0
2025-07-15 13:06:18,CLX,0,0,1,0,0,0,0,1,1,1,0,0
2025-07-15 13:06:18,CME,1,0,1,0,0,1,1,1,1,0,0,0
2025-07-15 13:06:19,CMS,1,0,1,0,0,0,1,0,1,0,0,0
2025-07-15 13:06:20,KO,1,0,1,0,0,0,1,0,1,0,0,0
2025-07-15 13:06:20,CTSH,0,0,1,0,0,0,0,0,1,1,0,0
2025-07-15 13:06:21,COIN,0,0,0,0,0,0,0,1,1,1,0,0
2025-07-15 13:06:22,CL,0,0,0,0,0,0,0,0,1,0,0,0
2025-07-15 13:06:22,CMCSA,0,0,1,0,0,0,0,0,1,1,0,0
2025-07-15 13:06:23,CAG,0,0,1,0,0,0,0,0,1,1,0,0
2025-07-15 13:06:24,COP,0,0,0,0,0,0,0,1,1,1,0,0
2025-07-15 13:06:24,ED,0,0,1,0,0,0,0,0,1,0,0,0
2025-07-15 13:06:25,STZ,0,0,1,0,0,0,0,1,1,1,0,0
2025-07-15 13:06:25,CEG,0,0,0,0,0,0,0,1,1,1,0,0
2025-07-15 13:06:26,COO,0,0,1,0,0,0,0,0,1,1,0,0
2025-07-15 13:06:27,CPRT,0,0,1,0,0,0,0,0,1,1,0,0
2025-07-15 13:06:27,GLW,0,0,0,0,0,0,0,0,1,1,0,0
2025-07-15 13:06:28,CPAY,0,0,0,0,0,0,0,1,1,0,0,0
2025-07-15 13:06:29,CTVA,0,0,1,0,0,0,0,0,1,1,0,0
2025-07-15 13:06:29,CSGP,0,0,1,0,0,0,0,0,1,1,0,0
2025-07-15 13:06:30,COST,1,0,1,0,0,0,1,1,1,0,0,0
2025-07-15 13:06:31,CTRA,0,0,1,0,0,0,0,0,1,1,0,0
2025-07-15 13:06:31,CRWD,1,0,1,0,0,1,1,1,1,1,0,0
2025-07-15 13:06:32,CCI,0,0,1,0,0,0,0,1,1,1,0,0
2025-07-15 13:06:33,CSX,0,0,0,0,0,0,0,0,1,0,0,0
2025-07-15 13:06:33,CMI,0,0,0,0,0,0,0,1,1,0,0,0
2025-07-15 13:06:34,CVS,0,0,0,0,0,0,0,0,1,1,0,0
2025-07-15 13:06:35,DHR,0,0,0,0,0,0,0,1,1,1,0,0
2025-07-15 13:06:35,DRI,1,0,1,0,0,1,1,1,1,0,0,0
2025-07-15 13:06:36,DDOG,0,0,0,0,0,1,0,1,1,1,0,0
2025-07-15 13:06:37,DVA,0,0,0,0,0,0,0,1,1,1,0,0
2025-07-15 13:06:37,DAY,0,0,0,0,0,0,0,0,1,1,0,0
2025-07-15 13:06:38,DECK,0,0,1,0,0,0,0,1,1,1,0,0
2025-07-15 13:06:39,DE,0,0,0,0,0,0,0,1,1,0,0,0
2025-07-15 13:06:39,DELL,0,0,1,0,0,0,0,1,1,1,1,0
2025-07-15 13:06:40,DAL,0,0,0,0,0,0,0,1,1,1,0,0
2025-07-15 13:06:41,DVN,0,0,1,0,0,0,0,0,1,1,0,0
2025-07-15 13:06:41,DXCM,0,0,0,0,0,0,0,1,1,1,0,0
2025-07-15 13:06:42,FANG,0,0,1,0,0,0,0,1,1,1,0,0
2025-07-15 13:06:43,DLR,0,0,0,0,0,0,0,1,1,0,0,0
2025-07-15 13:06:43,DG,0,0,0,0,0,0,0,1,1,0,0,0
2025-07-15 13:06:44,DLTR,0,0,0,0,0,0,0,1,1,1,0,0
2025-07-15 13:06:44,D,1,0,1,0,0,0,1,0,1,1,0,0
2025-07-15 13:06:45,DPZ,1,0,1,0,0,0,1,1,1,1,0,0
2025-07-15 13:06:46,DASH,1,0,0,0,0,1,1,1,1,1,0,0
2025-07-15 13:06:46,DOV,0,0,1,0,0,0,0,1,1,1,1,0
2025-07-15 13:06:47,DOW,0,0,0,0,0,0,0,0,1,1,1,0
2025-07-15 13:06:47,DHI,0,0,1,0,0,0,0,1,1,1,0,0
2025-07-15 13:06:48,DTE,0,0,0,0,0,0,0,1,1,0,0,0
2025-07-15 13:06:49,DUK,0,0,1,0,0,0,0,0,1,1,0,0
2025-07-15 13:06:49,DD,0,0,0,0,0,0,0,0,1,1,1,0
2025-07-15 13:06:50,EMN,0,0,0,0,0,0,0,1,1,1,0,0
2025-07-15 13:06:51,ETN,0,0,0,0,0,0,0,1,1,1,1,0
2025-07-15 13:06:51,EBAY,1,0,1,0,0,0,1,0,1,0,0,0
2025-07-15 13:06:52,ECL,0,0,1,0,0,0,0,1,1,0,0,0
2025-07-15 13:06:53,EIX,1,0,1,0,0,0,1,0,1,1,0,0
2025-07-15 13:06:53,EW,1,0,1,0,0,0,1,0,1,1,0,0
2025-07-15 13:06:54,EA,1,1,1,1,0,1,1,1,1,0,0,0
2025-07-15 13:06:54,ELV,0,0,1,0,0,0,0,1,1,1,0,0
2025-07-15 13:06:55,EMR,0,0,0,0,0,0,0,1,1,0,0,0
2025-07-15 13:06:56,ENPH,0,0,0,0,0,0,0,1,1,1,0,0
2025-07-15 13:06:56,ETR,1,0,1,0,0,0,1,0,1,1,0,0
2025-07-15 13:06:57,EOG,0,0,0,0,0,0,0,1,1,1,0,0
2025-07-15 13:06:57,EPAM,0,0,1,0,0,0,0,1,1,1,0,0
2025-07-15 13:06:58,EQT,1,0,1,0,0,0,1,0,1,1,0,0
2025-07-15 13:06:59,EFX,0,0,0,0,0,0,0,1,1,1,0,0
2025-07-15 13:06:59,EQIX,0,0,0,0,0,0,0,1,1,0,0,0
2025-07-15 13:07:00,EQR,0,0,1,0,0,0,0,0,1,1,0,0
2025-07-15 13:07:01,ERIE,0,0,0,0,0,1,0,1,1,0,0,0
2025-07-15 13:07:01,ESS,0,0,1,0,0,0,0,1,1,1,0,0
2025-07-15 13:07:02,EL,0,0,1,0,0,0,0,1,1,1,0,0
2025-07-15 13:07:02,EG,0,0,0,0,0,0,0,1,1,1,0,0
2025-07-15 13:07:03,EVRG,1,0,1,0,0,0,1,0,1,1,0,0
2025-07-15 13:07:04,ES,0,0,1,0,0,0,0,0,1,1,0,0
2025-07-15 13:07:05,EXC,0,0,1,0,0,0,0,0,1,0,0,0
2025-07-15 13:07:05,EXE,0,0,1,0,0,0,0,1,1,1,0,0
2025-07-15 13:07:06,EXPE,0,0,1,0,0,0,0,1,1,1,0,0
2025-07-15 13:07:07,EXPD,0,0,0,0,0,0,0,1,1,1,0,0
2025-07-15 13:07:07,EXR,0,0,0,0,0,0,0,1,1,1,0,0
2025-07-15 13:07:08,XOM,0,0,0,0,0,0,0,0,1,0,0,0
2025-07-15 13:07:08,FFIV,0,0,0,0,0,0,0,1,1,1,0,0
2025-07-15 13:07:09,FDS,0,0,1,0,0,0,0,1,1,1,0,0
2025-07-15 13:07:10,FICO,0,0,1,0,0,0,0,1,1,1,0,0
2025-07-15 13:07:10,FAST,0,0,0,0,0,0,0,0,1,1,0,0
2025-07-15 13:07:11,FRT,0,0,1,0,0,0,0,0,1,1,0,0
2025-07-15 13:07:12,FDX,0,0,0,0,0,0,0,1,1,0,0,0
2025-07-15 13:07:12,FIS,0,0,1,0,0,0,0,0,1,0,0,0
2025-07-15 13:07:13,FITB,0,0,0,0,0,0,0,0,1,0,0,0
2025-07-15 13:07:13,FSLR,0,0,0,0,0,0,0,1,1,1,1,0
2025-07-15 13:07:14,FE,1,0,1,0,0,0,1,0,1,0,0,0
2025-07-15 13:07:15,FI,0,0,1,0,0,0,0,1,1,0,0,0
2025-07-15 13:07:15,F,0,0,0,0,0,0,0,0,1,1,0,0
2025-07-15 13:07:16,FTNT,0,0,0,0,0,1,0,1,1,1,0,0
2025-07-15 13:07:16,FTV,0,0,1,0,0,0,0,0,1,1,0,0
2025-07-15 13:07:17,FOXA,0,0,0,0,0,0,0,0,1,1,0,0
2025-07-15 13:07:18,FOX,0,0,0,0,0,0,0,0,1,0,0,0
2025-07-15 13:07:18,BEN,0,0,0,0,0,0,0,0,1,1,0,0
2025-07-15 13:07:19,FCX,1,0,1,0,0,0,1,0,1,1,0,0
2025-07-15 13:07:20,GRMN,0,0,0,0,0,0,0,1,1,0,0,0
2025-07-15 13:07:20,IT,0,0,1,0,0,0,0,1,1,1,0,0
2025-07-15 13:07:21,GE,0,0,0,0,0,0,0,1,1,0,0,0
2025-07-15 13:07:21,GEHC,0,0,0,0,0,0,0,0,1,1,0,0
2025-07-15 13:07:22,GEV,0,0,0,0,0,0,0,1,1,1,0,0
2025-07-15 13:07:22,GEN,0,0,0,0,0,0,0,0,1,0,0,0
2025-07-15 13:07:23,GNRC,0,0,0,0,0,0,0,1,1,1,0,0
2025-07-15 13:07:24,GD,0,0,0,0,0,0,0,1,1,0,0,0
2025-07-15 13:07:24,GIS,0,0,1,0,0,0,0,0,1,0,0,0
2025-07-15 13:07:25,GM,0,0,0,0,0,0,0,0,1,1,0,0
2025-07-15 13:07:26,GPC,0,0,1,0,0,0,0,1,1,1,0,0
2025-07-15 13:07:26,GILD,0,0,1,0,0,0,0,1,1,1,0,0
2025-07-15 13:07:27,GPN,0,0,1,0,0,0,0,0,1,1,0,0
2025-07-15 13:07:27,GL,0,0,0,0,0,0,0,1,1,1,0,0
2025-07-15 13:07:28,GDDY,0,0,1,0,0,0,0,1,1,0,0,0
2025-07-15 13:07:28,GS,0,0,0,0,0,0,0,1,1,1,0,0
2025-07-15 13:07:29,HAL,0,0,0,0,0,0,0,0,1,1,0,0
2025-07-15 13:07:30,HIG,0,0,0,0,0,0,0,1,1,1,0,0
2025-07-15 13:07:30,HAS,1,0,1,1,0,1,1,0,1,1,0,0
2025-07-15 13:07:31,HCA,0,0,1,0,0,0,0,1,1,1,0,0
2025-07-15 13:07:31,DOC,0,0,1,0,0,0,0,0,1,1,0,0
2025-07-15 13:07:32,HSIC,0,0,0,0,0,0,0,0,1,1,0,0
2025-07-15 13:07:33,HSY,0,0,1,0,0,0,0,1,1,1,0,0
2025-07-15 13:07:33,HES,0,0,0,0,0,0,0,1,1,0,0,0
2025-07-15 13:07:34,HPE,0,0,1,0,0,0,0,0,1,1,0,0
2025-07-15 13:07:35,HLT,0,0,0,0,0,0,0,1,1,1,0,0
2025-07-15 13:07:35,HOLX,0,0,1,0,0,0,0,0,1,1,0,0
2025-07-15 13:07:36,HD,0,0,0,0,0,0,0,1,1,1,0,0
2025-07-15 13:07:37,HON,0,0,0,0,0,0,0,1,1,0,0,0
2025-07-15 13:07:37,HRL,0,0,1,0,0,0,0,0,1,0,0,0
2025-07-15 13:07:38,HST,0,0,0,0,0,0,0,0,1,1,0,0
2025-07-15 13:07:39,HWM,0,0,0,0,0,0,0,1,1,1,0,0
2025-07-15 13:07:40,HPQ,0,0,0,0,0,0,0,0,1,1,0,0
2025-07-15 13:07:40,HUBB,0,0,0,0,0,0,0,1,1,0,0,0
2025-07-15 13:07:41,HUM,0,0,0,0,0,0,0,1,1,1,0,0
2025-07-15 13:07:42,HBAN,0,0,0,0,0,0,0,0,1,1,0,0
2025-07-15 13:07:42,HII,0,0,0,0,0,0,0,1,1,1,0,0
2025-07-15 13:07:43,IBM,0,0,0,0,0,0,0,1,1,0,0,0
2025-07-15 13:07:44,IEX,0,0,0,0,0,0,0,1,1,0,0,0
2025-07-15 13:07:44,IDXX,0,0,1,0,0,0,0,1,1,0,0,0
2025-07-15 13:07:45,ITW,0,0,0,0,0,0,0,1,1,0,0,0
2025-07-15 13:07:46,INCY,1,0,1,0,0,0,1,1,1,1,0,0
2025-07-15 13:07:46,IR,0,0,0,0,0,0,0,0,1,1,0,0
2025-07-15 13:07:47,PODD,1,0,1,0,0,1,1,1,1,0,0,0
2025-07-15 13:07:48,INTC,0,0,0,0,0,0,0,0,1,1,1,0
2025-07-15 13:07:48,ICE,0,0,1,0,0,0,0,1,1,0,0,0
2025-07-15 13:07:49,IFF,0,0,0,0,0,0,0,0,1,0,0,0
2025-07-15 13:07:50,IP,0,0,0,0,0,0,0,0,1,1,0,0
2025-07-15 13:07:51,IPG,0,0,1,0,0,0,0,0,1,1,0,0
2025-07-15 13:07:51,INTU,0,0,1,0,0,0,0,1,1,0,0,0
2025-07-15 13:07:52,ISRG,0,0,0,0,0,0,0,1,1,1,0,0
2025-07-15 13:07:53,IVZ,0,0,0,0,0,0,0,0,1,1,0,0
2025-07-15 13:07:53,INVH,0,0,1,0,0,0,0,0,1,1,0,0
2025-07-15 13:07:54,IQV,0,0,0,0,0,0,0,1,1,1,0,0
2025-07-15 13:07:55,IRM,0,0,0,0,0,0,0,1,1,1,0,0
2025-07-15 13:07:56,JBHT,0,0,0,0,0,0,0,1,1,1,0,0
2025-07-15 13:07:56,JBL,0,0,0,0,0,0,0,1,1,1,0,0
2025-07-15 13:07:57,JKHY,1,0,1,0,0,1,1,1,1,0,0,0
2025-07-15 13:07:58,J,0,0,0,0,0,0,0,1,1,1,0,0
2025-07-15 13:07:58,JNJ,0,0,1,0,0,0,0,1,1,1,0,0
2025-07-15 13:07:59,JCI,0,0,0,0,0,0,0,0,1,0,0,0
2025-07-15 13:08:00,JPM,0,0,0,0,0,0,0,1,1,1,0,0
2025-07-15 13:08:01,K,0,0,0,0,0,0,0,0,0,0,0,0
2025-07-15 13:08:02,KVUE,0,0,0,0,0,0,0,0,1,1,0,0
2025-07-15 13:08:02,KDP,0,0,1,0,0,0,0,0,1,0,0,0
2025-07-15 13:08:04,KEY,0,0,0,0,0,0,0,0,1,1,0,0
2025-07-15 13:08:05,KEYS,0,0,1,0,0,0,0,1,1,1,0,0
2025-07-15 13:08:06,KMB,1,0,1,0,0,0,1,1,1,0,0,0
2025-07-15 13:08:06,KIM,0,0,1,0,0,0,0,0,1,1,0,0
2025-07-15 13:08:07,KMI,0,0,1,0,0,0,0,0,1,1,0,0
2025-07-15 13:08:08,KKR,0,0,0,0,0,0,0,1,1,1,0,0
2025-07-15 13:08:09,KLAC,0,0,0,0,0,0,0,1,1,0,1,0
2025-07-15 13:08:09,KHC,0,0,1,0,0,0,0,0,1,1,0,0
2025-07-15 13:08:10,KR,0,0,0,0,0,0,0,0,1,0,0,0
2025-07-15 13:08:11,LHX,0,0,0,0,0,0,0,1,1,0,0,0
2025-07-15 13:08:12,LH,0,0,0,0,0,0,0,1,1,1,0,0
2025-07-15 13:08:13,LRCX,0,0,0,0,0,0,0,0,1,0,1,0
2025-07-15 13:08:13,LW,0,0,0,0,0,0,0,0,1,1,0,0
2025-07-15 13:08:14,LVS,1,0,1,0,0,1,1,0,1,0,0,0
2025-07-15 13:08:15,LDOS,0,0,1,0,0,0,0,1,1,1,0,0
2025-07-15 13:08:16,LEN,0,0,1,0,0,0,0,1,1,1,0,0
2025-07-15 13:08:16,LII,0,0,0,0,0,0,0,1,1,1,0,0
2025-07-15 13:08:18,LLY,1,1,1,0,0,0,1,1,1,1,0,0
2025-07-15 13:08:18,LIN,0,0,1,0,0,0,0,1,1,1,0,0
2025-07-15 13:08:20,LYV,0,0,1,0,0,0,0,1,1,1,0,0
2025-07-15 13:08:21,LKQ,0,0,0,0,0,0,0,0,1,1,0,0
2025-07-15 13:08:22,LMT,0,0,0,0,0,0,0,1,1,0,0,0
2025-07-15 13:08:23,L,0,0,0,0,0,0,0,0,1,1,0,0
2025-07-15 13:08:23,LOW,0,0,0,0,0,0,0,1,1,1,0,0
2025-07-15 13:08:25,LULU,0,0,0,0,0,0,0,1,1,1,0,0
2025-07-15 13:08:25,LYB,0,0,0,0,0,0,0,0,1,1,0,0
2025-07-15 13:08:26,MTB,0,0,0,0,0,0,0,1,1,0,0,0
2025-07-15 13:08:27,MPC,0,0,0,0,0,0,0,1,1,1,0,0
2025-07-15 13:08:28,MKTX,1,0,1,0,0,1,1,1,1,0,0,0
2025-07-15 13:08:28,MAR,0,0,0,0,0,0,0,1,1,1,0,0
2025-07-15 13:08:29,MMC,0,0,0,0,0,0,0,1,1,0,0,0
2025-07-15 13:08:30,MLM,0,0,1,0,0,0,0,1,1,1,0,0
2025-07-15 13:08:31,MAS,0,0,1,0,0,0,0,0,1,1,1,0
2025-07-15 13:08:31,MA,1,0,1,0,0,1,1,1,1,0,0,0
2025-07-15 13:08:33,MTCH,0,0,0,0,0,1,0,0,1,1,0,0
2025-07-15 13:08:34,MKC,1,0,1,0,0,0,1,0,1,1,0,0
2025-07-15 13:08:34,MCD,1,0,1,0,0,0,1,1,1,0,0,0
2025-07-15 13:08:35,MCK,0,0,0,0,0,0,0,1,1,0,0,0
2025-07-15 13:08:36,MDT,0,0,0,0,0,0,0,0,1,1,0,0
2025-07-15 13:08:37,MRK,1,0,1,0,0,0,1,0,1,1,0,0
2025-07-15 13:08:38,META,0,0,0,0,0,0,0,1,1,0,0,0
2025-07-15 13:08:41,MET,0,0,0,0,0,0,0,0,1,1,0,0
2025-07-15 13:08:42,MTD,0,0,0,0,0,0,0,1,1,0,0,0
2025-07-15 13:08:42,MGM,0,0,0,0,0,0,0,0,1,1,0,0
2025-07-15 13:08:43,MCHP,0,0,0,0,0,0,0,1,1,1,1,0
2025-07-15 13:08:44,MU,0,0,0,0,0,0,0,1,1,1,1,0
2025-07-15 13:08:44,MSFT,0,0,0,0,0,1,0,1,1,0,0,0
2025-07-15 13:08:45,MAA,0,0,1,0,0,0,0,1,1,1,0,0
2025-07-15 13:08:46,MRNA,1,0,1,0,0,0,1,0,1,1,0,0
2025-07-15 13:08:47,MHK,0,0,1,0,0,0,0,1,1,1,0,0
2025-07-15 13:08:47,MOH,0,0,1,0,0,0,0,1,1,1,0,0
2025-07-15 13:08:48,TAP,1,0,1,0,0,0,1,0,1,0,0,0
2025-07-15 13:08:49,MDLZ,1,0,1,0,0,0,1,0,1,0,0,0
2025-07-15 13:08:50,MPWR,0,0,0,0,0,0,0,1,1,1,1,0
2025-07-15 13:08:51,MNST,1,0,1,0,0,0,1,0,1,1,0,0
2025-07-15 13:08:51,MCO,0,0,0,0,0,0,0,1,1,1,0,0
2025-07-15 13:08:52,MS,0,0,0,0,0,0,0,1,1,0,0,0
2025-07-15 13:08:53,MOS,0,0,0,0,0,0,0,0,1,1,0,0
2025-07-15 13:08:54,MSI,0,0,1,0,0,0,0,1,1,1,0,0
2025-07-15 13:08:54,MSCI,0,0,0,0,0,0,0,1,1,1,0,0
2025-07-15 13:08:55,NDAQ,0,0,0,0,0,0,0,0,1,1,0,0
2025-07-15 13:08:56,NTAP,0,0,1,0,0,0,0,1,1,1,1,0
2025-07-15 13:08:57,NFLX,0,0,0,0,0,0,0,1,1,1,0,0
2025-07-15 13:08:57,NEM,1,0,1,0,0,0,1,0,1,1,0,0
2025-07-15 13:08:58,NWSA,0,0,1,0,0,0,0,0,1,1,1,0
2025-07-15 13:08:59,NWS,0,0,0,0,0,0,0,0,1,1,0,0
2025-07-15 13:09:00,NEE,1,0,1,0,0,0,1,1,1,1,0,0
2025-07-15 13:09:00,NKE,0,0,1,0,0,0,0,1,1,0,0,0
2025-07-15 13:09:01,NI,0,0,0,0,0,0,0,0,1,0,0,0
2025-07-15 13:09:02,NDSN,0,0,0,0,0,0,0,1,1,1,0,0
2025-07-15 13:09:03,NSC,0,0,0,0,0,0,0,1,1,0,0,0
2025-07-15 13:09:04,NTRS,0,0,1,0,0,0,0,1,1,1,0,0
2025-07-15 13:09:05,NOC,0,0,0,0,0,0,0,1,1,0,0,0
2025-07-15 13:09:06,NCLH,0,0,1,0,0,0,0,0,1,1,0,0
2025-07-15 13:09:06,NRG,0,0,0,0,0,0,0,1,1,1,0,0
2025-07-15 13:09:07,NUE,0,0,1,0,0,0,0,1,1,1,0,0
2025-07-15 13:09:08,NVDA,0,0,0,0,0,0,0,1,1,1,1,0
2025-07-15 13:09:09,NVR,0,0,0,0,0,0,0,1,1,1,0,0
2025-07-15 13:09:09,NXPI,0,0,0,0,0,0,0,1,1,1,1,0
2025-07-15 13:09:10,ORLY,0,0,1,0,0,0,0,0,1,0,0,0
2025-07-15 13:09:11,OXY,0,0,1,0,0,0,0,0,1,1,0,0
2025-07-15 13:09:12,ODFL,0,0,0,0,0,0,0,1,1,1,0,0
2025-07-15 13:09:13,OMC,0,0,1,0,0,0,0,0,1,1,1,0
2025-07-15 13:09:13,ON,0,0,0,0,0,0,0,0,1,1,1,0
2025-07-15 13:09:14,OKE,0,0,1,0,0,0,0,0,1,1,0,0
2025-07-15 13:09:15,ORCL,1,0,0,0,0,1,1,1,1,1,1,0
2025-07-15 13:09:16,OTIS,0,0,0,0,0,0,0,0,1,1,1,0
2025-07-15 13:09:17,PCAR,0,0,0,0,0,0,0,1,1,0,0,0
2025-07-15 13:09:17,PKG,0,0,0,0,0,0,0,1,1,0,0,0
2025-07-15 13:09:18,PLTR,0,0,0,0,0,0,0,1,1,1,0,0
2025-07-15 13:09:19,PANW,1,0,1,0,0,1,1,1,1,0,0,0
2025-07-15 13:09:20,PARA,0,0,0,0,0,0,0,0,1,0,0,0
2025-07-15 13:09:20,PH,0,0,0,0,0,0,0,1,1,0,0,0
2025-07-15 13:09:21,PAYX,0,0,1,0,0,0,0,1,1,1,0,0
2025-07-15 13:09:22,PAYC,0,0,0,0,0,0,0,1,1,0,0,0
2025-07-15 13:09:23,PYPL,1,0,1,0,0,1,1,0,1,0,0,0
2025-07-15 13:09:24,PNR,0,0,0,0,0,0,0,0,1,1,0,0
2025-07-15 13:09:24,PEP,1,0,1,0,0,0,1,1,1,0,0,0
2025-07-15 13:09:25,PFE,0,0,1,0,0,0,0,0,1,1,0,0
2025-07-15 13:09:26,PCG,0,0,1,0,0,0,0,0,1,1,0,0
2025-07-15 13:09:27,PM,0,0,0,0,0,0,0,1,1,0,0,0
2025-07-15 13:09:27,PSX,0,0,0,0,0,0,0,1,1,0,0,0
2025-07-15 13:09:28,PNW,0,0,1,0,0,0,0,0,1,1,0,0
2025-07-15 13:09:29,PNC,0,0,0,0,0,0,0,1,1,0,0,0
2025-07-15 13:09:30,POOL,0,0,0,0,0,0,0,1,1,1,0,0
2025-07-15 13:09:30,PPG,0,0,1,0,0,0,0,1,1,1,0,0
2025-07-15 13:09:31,PPL,1,0,1,0,0,0,1,0,1,1,0,0
2025-07-15 13:09:32,PFG,0,0,0,0,0,0,0,0,1,1,0,0
2025-07-15 13:09:33,PG,0,0,1,0,0,0,0,1,1,0,0,0
2025-07-15 13:09:34,PGR,0,0,1,0,0,0,0,1,1,1,0,0
2025-07-15 13:09:35,PLD,0,0,0,0,0,0,0,1,1,1,0,0
2025-07-15 13:09:35,PRU,0,0,0,0,0,0,0,0,1,1,0,0
2025-07-15 13:09:36,PEG,1,0,1,0,0,0,1,0,1,1,0,0
2025-07-15 13:09:37,PTC,0,0,0,0,0,1,0,1,1,1,0,0
2025-07-15 13:09:38,PSA,0,0,1,0,0,0,0,1,1,1,0,0
2025-07-15 13:09:38,PHM,0,0,1,0,0,0,0,1,1,1,0,0
2025-07-15 13:09:39,PWR,0,0,0,0,0,0,0,1,1,1,0,0
2025-07-15 13:09:40,QCOM,0,0,0,0,0,0,0,1,1,1,1,0
2025-07-15 13:09:41,DGX,0,0,1,0,0,0,0,1,1,1,0,0
2025-07-15 13:09:41,RL,0,0,1,0,0,0,0,1,1,1,0,0
2025-07-15 13:09:42,RJF,0,0,0,0,0,0,0,1,1,1,0,0
2025-07-15 13:09:43,RTX,0,0,1,0,0,0,0,1,1,1,0,0
2025-07-15 13:09:44,O,0,0,1,0,0,0,0,0,1,1,0,0
2025-07-15 13:09:44,REG,0,0,1,0,0,0,0,0,1,1,0,0
2025-07-15 13:09:45,REGN,0,0,0,0,0,0,0,1,1,1,0,0
2025-07-15 13:09:46,RF,0,0,0,0,0,0,0,0,1,1,0,0
2025-07-15 13:09:47,RSG,0,0,1,0,0,0,0,1,1,0,0,0
2025-07-15 13:09:47,RMD,0,0,1,0,0,0,0,1,1,1,1,0
2025-07-15 13:09:48,RVTY,0,0,0,0,0,0,0,1,1,1,0,0
2025-07-15 13:09:49,ROK,0,0,0,0,0,0,0,1,1,1,0,0
2025-07-15 13:09:50,ROL,1,0,1,0,0,0,1,0,1,0,0,0
2025-07-15 13:09:51,ROP,0,0,1,0,0,0,0,1,1,0,0,0
2025-07-15 13:09:51,ROST,0,0,1,0,0,0,0,1,1,1,0,0
2025-07-15 13:09:52,RCL,0,0,0,0,0,1,0,1,1,1,0,0
2025-07-15 13:09:53,SPGI,0,0,0,0,0,0,0,1,1,0,0,0
2025-07-15 13:09:54,CRM,1,0,1,0,0,0,1,1,1,1,0,0
2025-07-15 13:09:54,SBAC,0,0,1,0,0,0,0,1,1,0,0,0
2025-07-15 13:09:55,SLB,0,0,0,0,0,0,0,0,1,1,0,0
2025-07-15 13:09:56,STX,0,0,0,0,0,0,0,1,1,1,0,0
2025-07-15 13:09:57,SRE,0,0,1,0,0,0,0,0,1,0,0,0
2025-07-15 13:09:57,NOW,0,0,1,0,0,0,0,1,1,1,0,0
2025-07-15 13:09:58,SHW,0,0,0,0,0,0,0,1,1,1,0,0
2025-07-15 13:09:59,SPG,0,0,0,0,0,0,0,1,1,1,0,0
2025-07-15 13:10:00,SWKS,0,0,0,0,0,0,0,0,1,1,1,0
2025-07-15 13:10:00,SJM,0,0,1,0,0,0,0,1,1,1,0,0
2025-07-15 13:10:01,SW,0,0,0,0,0,0,0,0,1,1,0,0
2025-07-15 13:10:02,SNA,0,0,0,0,0,0,0,1,1,1,0,0
2025-07-15 13:10:03,SOLV,0,0,1,0,0,0,0,0,1,1,1,0
2025-07-15 13:10:03,SO,1,0,1,0,0,1,1,0,1,0,0,0
2025-07-15 13:10:04,LUV,0,0,0,0,0,1,0,0,1,1,0,0
2025-07-15 13:10:05,SWK,0,0,0,0,0,0,0,1,1,1,1,0
2025-07-15 13:10:06,SBUX,0,0,1,0,0,0,0,1,1,1,0,0
2025-07-15 13:10:06,STT,0,0,0,0,0,0,0,1,1,1,0,0
2025-07-15 13:10:07,STLD,0,0,1,0,0,0,0,1,1,1,0,0
2025-07-15 13:10:08,STE,0,0,0,0,0,0,0,1,1,0,1,0
2025-07-15 13:10:09,SYK,0,0,0,0,0,0,0,1,1,0,0,0
2025-07-15 13:10:09,SMCI,0,0,0,0,0,1,0,1,1,1,1,0
2025-07-15 13:10:10,SYF,0,0,0,0,0,0,0,0,1,1,0,0
2025-07-15 13:10:11,SNPS,1,0,0,0,0,1,1,1,1,1,0,0
2025-07-15 13:10:12,SYY,0,0,1,0,0,0,0,0,1,1,0,0
2025-07-15 13:10:13,TMUS,1,0,1,0,0,0,1,1,1,0,0,0
2025-07-15 13:10:13,TROW,0,0,0,0,0,0,0,0,1,1,0,0
2025-07-15 13:10:14,TTWO,1,0,0,0,0,1,1,1,1,1,0,0
2025-07-15 13:10:15,TPR,0,0,0,0,0,1,0,1,1,1,0,0
2025-07-15 13:10:16,TRGP,0,0,1,0,0,0,0,1,1,1,0,0
2025-07-15 13:10:16,TGT,0,0,0,0,0,0,0,1,1,1,0,0
2025-07-15 13:10:17,TEL,0,0,0,0,0,0,0,1,1,1,0,0
2025-07-15 13:10:18,TDY,1,0,1,0,0,0,1,1,1,1,0,0
2025-07-15 13:10:19,TER,0,0,1,0,0,0,0,1,1,1,1,0
2025-07-15 13:10:19,TSLA,1,0,1,0,0,0,1,1,1,1,0,0
2025-07-15 13:10:20,TXN,0,0,0,0,0,0,0,1,1,1,0,0
2025-07-15 13:10:22,TPL,0,0,0,0,0,0,0,1,1,1,0,0
2025-07-15 13:10:23,TXT,0,0,0,0,0,0,0,0,1,1,0,0
2025-07-15 13:10:23,TMO,0,0,0,0,0,0,0,1,1,1,0,0
2025-07-15 13:10:24,TJX,0,0,0,0,0,0,0,0,1,0,0,0
2025-07-15 13:10:25,TKO,0,0,1,0,0,0,0,1,1,1,0,0
2025-07-15 13:10:26,TSCO,0,0,1,0,0,0,0,0,1,1,0,0
2025-07-15 13:10:27,TT,0,0,0,0,0,0,0,1,1,0,0,0
2025-07-15 13:10:27,TDG,0,0,0,0,0,0,0,1,1,0,0,0
2025-07-15 13:10:28,TRV,1,0,1,1,0,0,1,1,1,1,0,0
2025-07-15 13:10:29,TRMB,0,0,0,0,0,0,0,0,1,0,0,0
2025-07-15 13:10:30,TFC,0,0,0,0,0,0,0,0,1,0,0,0
2025-07-15 13:10:30,TYL,0,0,0,0,0,0,0,1,1,1,0,0
2025-07-15 13:10:31,TSN,0,0,1,0,0,0,0,0,1,1,0,0
2025-07-15 13:10:32,USB,0,0,0,0,0,0,0,0,1,1,0,0
2025-07-15 13:10:32,UBER,1,0,1,0,0,0,1,1,1,1,1,0
2025-07-15 13:10:33,UDR,1,0,1,0,0,0,1,0,1,1,0,0
2025-07-15 13:10:34,ULTA,0,0,0,0,0,0,0,1,1,1,0,0
2025-07-15 13:10:35,UNP,0,0,0,0,0,0,0,1,1,0,0,0
2025-07-15 13:10:35,UAL,0,0,0,0,0,0,0,1,1,1,0,0
2025-07-15 13:10:36,UPS,1,0,1,0,0,0,1,1,1,0,0,0
2025-07-15 13:10:37,URI,0,0,0,0,0,0,0,1,1,0,0,0
2025-07-15 13:10:38,UNH,0,0,1,0,0,0,0,1,1,1,0,0
2025-07-15 13:10:39,UHS,0,0,1,0,0,0,0,1,1,1,0,0
2025-07-15 13:10:39,VLO,0,0,0,0,0,0,0,1,1,1,0,0
2025-07-15 13:10:40,VTR,1,0,1,0,0,0,1,0,1,1,0,0
2025-07-15 13:10:41,VLTO,0,0,0,0,0,0,0,0,1,0,0,0
2025-07-15 13:10:42,VRSN,1,1,1,0,0,1,1,1,1,0,0,0
2025-07-15 13:10:42,VRSK,0,0,1,0,0,0,0,1,1,1,0,0
2025-07-15 13:10:43,VZ,0,0,1,0,0,0,0,0,1,0,0,0
2025-07-15 13:10:44,VRTX,0,0,1,0,0,0,0,1,1,1,0,0
2025-07-15 13:10:44,VTRS,0,0,1,0,0,0,0,0,1,1,0,0
2025-07-15 13:10:45,VICI,0,0,1,0,0,0,0,0,1,1,0,0
2025-07-15 13:10:46,V,0,0,1,0,0,0,0,1,1,0,0,0
2025-07-15 13:10:47,VST,0,0,0,0,0,0,0,1,1,1,0,0
2025-07-15 13:10:47,VMC,0,0,1,0,0,0,0,1,1,1,0,0
2025-07-15 13:10:48,WRB,0,0,1,0,0,0,0,0,1,1,0,0
2025-07-15 13:10:49,GWW,0,0,1,0,0,0,0,1,1,1,0,0
2025-07-15 13:10:50,WAB,0,0,0,0,0,0,0,1,1,0,0,0
2025-07-15 13:10:51,WBA,1,0,1,0,0,1,1,0,0,0,0,0
2025-07-15 13:10:52,WMT,1,0,1,0,0,1,1,0,1,0,0,0
2025-07-15 13:10:52,DIS,0,0,0,0,0,0,0,0,1,0,0,0
2025-07-15 13:10:53,WBD,1,0,1,0,0,1,1,0,1,1,0,0
2025-07-15 13:10:54,WM,1,0,1,0,0,0,1,1,1,0,0,0
2025-07-15 13:10:55,WAT,0,0,0,0,0,0,0,1,1,1,1,0
2025-07-15 13:10:56,WEC,1,0,1,0,0,0,1,0,1,1,0,0
2025-07-15 13:10:56,WFC,0,0,0,0,0,0,0,0,1,1,0,0
2025-07-15 13:10:57,WELL,0,0,1,0,0,0,0,1,1,1,0,0
2025-07-15 13:10:58,WST,0,0,0,0,0,0,0,1,1,1,0,0
2025-07-15 13:11:01,WDC,0,0,0,0,0,0,0,0,1,0,1,0
2025-07-15 13:11:02,WY,0,0,0,0,0,0,0,0,1,1,0,0
2025-07-15 13:11:04,WSM,0,0,1,0,0,0,0,1,1,1,0,0
2025-07-15 13:11:04,WMB,1,0,1,0,0,0,1,0,1,1,0,0
2025-07-15 13:11:05,WTW,0,0,0,0,0,0,0,1,1,1,0,0
2025-07-15 13:11:06,WDAY,0,0,0,0,0,1,0,1,1,0,0,0
2025-07-15 13:11:07,WYNN,1,0,1,0,0,0,1,1,1,1,0,0
2025-07-15 13:11:08,XEL,1,0,1,0,0,0,1,0,1,1,0,0
2025-07-15 13:11:09,XYL,0,0,1,0,0,0,0,0,1,1,0,0
2025-07-15 13:11:09,YUM,1,0,1,0,0,0,1,1,1,0,0,0
2025-07-15 13:11:10,ZBRA,0,0,0,0,0,0,0,1,1,1,0,0
2025-07-15 13:11:11,ZBH,0,0,0,0,0,0,0,1,1,1,1,0
2025-07-15 13:11:11,ZTS,0,0,1,0,0,0,0,1,1,1,0,0
2025-07-15 14:27:49,MMM,1,1,1,0,0,1,1,1,1,0,0,0
2025-07-15 14:27:50,AOS,1,0,1,0,0,0,1,0,1,1,0,0
2025-07-15 14:27:51,ABT,0,0,0,0,0,1,0,1,1,1,0,0
2025-07-15 14:27:52,ABBV,0,0,0,0,0,0,0,1,1,1,0,0
2025-07-15 14:27:52,ACN,1,0,1,0,0,0,1,1,1,1,0,0
2025-07-15 14:27:53,ADBE,0,0,0,0,0,0,0,1,1,0,0,0
2025-07-15 14:27:54,AMD,0,0,0,0,0,0,0,1,1,1,1,0
2025-07-15 14:27:55,AES,1,0,1,0,0,1,1,0,1,1,1,0
2025-07-15 14:27:55,AFL,0,0,1,0,0,0,0,0,1,1,0,0
2025-07-15 14:27:56,A,0,0,0,0,0,0,0,1,1,1,0,0
2025-07-15 14:27:57,APD,1,1,1,0,0,1,1,1,1,1,0,0
2025-07-15 14:27:57,ABNB,1,0,0,0,0,0,1,1,1,1,0,0
2025-07-15 14:27:58,AKAM,1,1,1,0,0,0,1,0,1,1,0,0
2025-07-15 14:27:59,ALB,1,0,1,0,0,0,1,1,1,1,1,0
2025-07-15 14:28:00,ARE,1,0,1,0,0,0,1,1,1,1,0,0
2025-07-15 14:28:00,ALGN,0,0,1,0,0,0,0,1,1,1,1,0
2025-07-15 14:28:01,ALLE,0,0,1,0,0,0,0,1,1,1,0,0
2025-07-15 14:28:02,LNT,1,0,1,0,0,1,1,0,1,1,0,0
2025-07-15 14:28:03,ALL,0,0,1,0,0,0,0,1,1,1,0,0
2025-07-15 14:28:04,GOOGL,1,0,1,0,0,1,1,1,1,0,0,0
2025-07-15 14:28:04,GOOG,1,0,1,0,0,1,1,1,1,0,0,0
2025-07-15 14:28:05,MO,1,0,1,0,0,1,1,0,1,0,0,0
2025-07-15 14:28:06,AMZN,1,1,1,0,0,1,1,1,1,0,0,0
2025-07-15 14:28:06,AMCR,0,0,1,0,0,0,0,0,1,1,0,0
2025-07-15 14:28:07,AEE,1,0,1,0,0,1,1,0,1,0,0,0
2025-07-15 14:28:08,AEP,1,0,1,0,0,1,1,0,1,0,0,0
2025-07-15 14:28:09,AXP,1,0,1,0,0,0,1,1,1,1,0,0
2025-07-15 14:28:10,AIG,1,0,1,0,0,0,1,0,1,0,0,0
2025-07-15 14:28:10,AMT,1,0,1,0,0,0,1,1,1,1,0,0
2025-07-15 14:28:11,AWK,1,0,1,0,0,0,1,1,1,0,0,0
2025-07-15 14:28:12,AMP,1,0,1,0,0,0,1,1,1,1,0,0
2025-07-15 14:28:13,AME,1,0,1,0,0,0,1,1,1,0,0,0
2025-07-15 14:28:13,AMGN,0,0,1,0,0,0,0,1,1,1,0,0
2025-07-15 14:28:14,APH,1,1,1,0,0,1,1,0,1,1,0,0
2025-07-15 14:28:15,ADI,1,0,1,0,0,0,1,1,1,1,0,0
2025-07-15 14:28:15,ANSS,1,1,1,0,0,1,1,1,1,1,0,0
2025-07-15 14:28:16,AON,0,0,0,0,0,0,0,1,1,1,0,0
2025-07-15 14:28:17,APA,1,0,1,0,0,0,1,0,1,1,0,0
2025-07-15 14:28:18,APO,1,1,1,0,0,0,1,1,1,1,0,0
2025-07-15 14:28:18,AAPL,1,1,1,0,0,1,1,1,1,0,0,0
2025-07-15 14:28:19,AMAT,1,1,1,0,0,1,1,1,1,0,1,0
2025-07-15 14:28:20,APTV,0,0,1,0,0,0,0,0,1,1,0,0
2025-07-15 14:28:20,ACGL,0,0,1,0,0,0,0,0,1,1,0,0
2025-07-15 14:28:21,ADM,0,0,1,0,0,0,0,0,1,0,0,0
2025-07-15 14:28:22,ANET,1,1,1,0,0,0,1,1,1,1,0,0
2025-07-15 14:28:23,AJG,0,0,0,0,0,0,0,1,1,1,0,0
2025-07-15 14:28:23,AIZ,0,0,1,0,0,0,0,1,1,1,0,0
2025-07-15 14:28:24,T,1,1,1,0,0,1,1,0,1,0,0,0
2025-07-15 14:28:25,ATO,1,0,1,0,0,1,1,1,1,1,0,0
2025-07-15 14:28:26,ADSK,1,0,1,0,0,0,1,1,1,1,0,0
2025-07-15 14:28:26,ADP,1,0,1,0,0,0,1,1,1,0,0,0
2025-07-15 14:28:27,AZO,0,0,0,0,0,0,0,1,1,1,0,0
2025-07-15 14:28:28,AVB,1,1,1,0,0,1,1,1,1,1,0,0
2025-07-15 14:28:29,AVY,0,0,1,0,0,0,0,1,1,1,0,0
2025-07-15 14:28:30,AXON,1,1,1,0,0,1,1,1,1,1,0,0
2025-07-15 14:28:31,BKR,1,0,1,0,0,0,1,0,1,1,0,0
2025-07-15 14:28:31,BALL,1,0,1,0,0,0,1,0,1,1,0,0
2025-07-15 14:28:32,BAC,1,0,1,0,0,0,1,0,1,1,0,0
2025-07-15 14:28:33,BAX,0,0,1,0,0,0,0,0,1,1,0,0
2025-07-15 14:28:34,BDX,1,0,0,0,0,1,1,1,1,1,0,0
2025-07-15 14:28:34,BRK-B,0,0,0,0,0,0,0,1,0,0,0,0
2025-07-15 14:28:35,BBY,0,0,1,0,0,0,0,1,1,1,0,0
2025-07-15 14:28:36,TECH,0,0,0,0,0,0,0,1,1,1,0,0
2025-07-15 14:28:36,BIIB,0,0,0,0,0,0,0,1,1,1,0,0
2025-07-15 14:28:37,BLK,1,0,1,0,0,1,1,1,1,1,0,0
2025-07-15 14:28:38,BX,1,1,1,0,0,0,1,1,1,1,0,0
2025-07-15 14:28:39,BK,1,0,1,0,0,1,1,0,1,1,0,0
2025-07-15 14:28:39,BA,1,1,1,1,0,1,1,1,1,1,0,1
2025-07-15 14:28:40,BKNG,1,0,1,0,0,1,1,1,1,1,0,0
2025-07-15 14:28:41,BSX,0,0,0,0,0,0,0,0,1,1,0,0
2025-07-15 14:28:42,BMY,0,0,0,0,0,0,0,0,1,1,0,0
2025-07-15 14:28:43,AVGO,1,1,1,0,0,1,1,1,1,1,1,0
2025-07-15 14:28:44,BR,1,0,1,0,0,1,1,1,1,0,0,0
2025-07-15 14:28:44,BRO,0,0,0,0,0,0,0,0,1,1,0,0
2025-07-15 14:28:45,BF-B,0,0,0,0,0,0,0,0,0,1,0,0
2025-07-15 14:28:46,BLDR,0,0,1,0,0,0,0,1,1,1,0,0
2025-07-15 14:28:47,BG,1,0,1,0,0,0,1,1,1,1,0,0
2025-07-15 14:28:47,BXP,1,1,1,0,0,0,1,0,1,1,0,0
2025-07-15 14:28:48,CHRW,1,0,1,1,0,0,1,1,1,0,0,0
2025-07-15 14:28:49,CDNS,1,1,1,0,0,0,1,1,1,1,0,0
2025-07-15 14:28:49,CZR,0,0,1,0,0,0,0,0,1,1,0,0
2025-07-15 14:28:50,CPT,1,1,1,0,0,1,1,1,1,1,0,0
2025-07-15 14:28:51,CPB,0,0,0,0,0,0,0,0,1,1,0,0
2025-07-15 14:28:52,COF,1,0,1,0,0,0,1,1,1,1,0,0
2025-07-15 14:28:52,CAH,0,0,1,0,0,0,0,1,1,0,0,0
2025-07-15 14:28:53,KMX,0,0,1,0,0,0,0,1,1,1,1,0
2025-07-15 14:28:54,CCL,1,0,1,0,0,1,1,0,1,1,0,0
2025-07-15 14:28:54,CARR,1,1,1,0,0,0,1,0,1,0,0,0
2025-07-15 14:28:55,CAT,1,1,1,0,0,0,1,1,1,0,0,0
2025-07-15 14:28:56,CBOE,1,0,1,0,0,1,1,1,1,1,0,0
2025-07-15 14:28:56,CBRE,1,0,1,0,0,0,1,1,1,1,0,0
2025-07-15 14:28:57,CDW,1,0,1,0,0,0,1,1,1,1,0,0
2025-07-15 14:28:58,COR,0,0,1,0,0,0,0,1,1,1,0,0
2025-07-15 14:28:58,CNC,0,0,0,0,0,0,0,1,1,1,0,0
2025-07-15 14:28:59,CNP,1,0,1,0,0,1,1,0,1,0,0,0
2025-07-15 14:29:00,CF,1,1,1,0,0,1,1,1,1,1,0,0
2025-07-15 14:29:00,CRL,0,0,1,0,0,0,0,1,1,1,0,0
2025-07-15 14:29:01,SCHW,1,0,1,0,0,0,1,0,1,0,0,0
2025-07-15 14:29:02,CHTR,0,0,1,0,0,0,0,1,1,1,0,0
2025-07-15 14:29:03,CVX,1,1,1,0,0,1,1,1,1,0,0,0
2025-07-15 14:29:03,CMG,0,0,0,0,0,0,0,0,1,1,0,0
2025-07-15 14:29:04,CB,0,0,0,0,0,0,0,1,1,0,0,0
2025-07-15 14:29:05,CHD,0,0,0,0,0,0,0,0,1,0,0,0
2025-07-15 14:29:05,CI,0,0,0,0,0,0,0,1,1,1,0,0
2025-07-15 14:29:06,CINF,1,0,1,0,0,0,1,1,1,1,0,0
2025-07-15 14:29:07,CTAS,1,0,1,0,0,0,1,1,1,0,0,0
2025-07-15 14:29:08,CSCO,1,0,1,0,0,0,1,0,1,0,0,0
2025-07-15 14:29:08,C,1,1,1,1,0,1,1,0,1,1,1,1
2025-07-15 14:29:09,CFG,0,0,1,0,0,0,0,0,1,1,0,0
2025-07-15 14:29:10,CLX,0,0,0,0,0,0,0,1,1,1,0,0
2025-07-15 14:29:10,CME,0,0,0,0,0,1,0,1,1,0,0,0
2025-07-15 14:29:11,CMS,1,0,1,0,0,1,1,0,1,0,0,0
2025-07-15 14:29:12,KO,0,0,0,0,0,0,0,0,1,0,0,0
2025-07-15 14:29:13,CTSH,1,1,1,0,0,0,1,0,1,1,0,0
2025-07-15 14:29:13,COIN,0,0,0,0,0,0,0,1,1,1,0,0
2025-07-15 14:29:14,CL,0,0,0,0,0,0,0,0,1,1,0,0
2025-07-15 14:29:15,CMCSA,1,0,1,0,0,0,1,0,1,1,0,0
2025-07-15 14:29:16,CAG,0,0,0,0,0,0,0,0,1,1,0,0
2025-07-15 14:29:17,COP,1,0,1,0,0,0,1,1,1,1,0,0
2025-07-15 14:29:17,ED,1,0,1,0,0,0,1,0,1,0,0,0
2025-07-15 14:29:18,STZ,1,0,1,0,0,0,1,1,1,1,0,0
2025-07-15 14:29:19,CEG,1,1,1,0,0,1,1,1,1,1,0,0
2025-07-15 14:29:20,COO,0,0,0,0,0,0,0,0,1,1,0,0
2025-07-15 14:29:21,CPRT,1,0,1,0,0,0,1,0,1,1,0,0
2025-07-15 14:29:21,GLW,1,0,1,0,0,0,1,0,1,1,0,0
2025-07-15 14:29:22,CPAY,0,0,1,0,0,0,0,1,1,1,0,0
2025-07-15 14:29:23,CTVA,1,0,1,0,0,0,1,0,1,1,0,0
2025-07-15 14:29:25,CSGP,1,0,1,0,0,0,1,0,1,1,0,0
2025-07-15 14:29:26,COST,0,0,0,0,0,0,0,1,1,0,0,0
2025-07-15 14:29:26,CTRA,1,0,1,0,0,0,1,0,1,1,0,0
2025-07-15 14:29:27,CRWD,1,1,1,0,0,1,1,1,1,1,0,0
2025-07-15 14:29:28,CCI,1,0,1,0,0,0,1,1,1,1,0,0
2025-07-15 14:29:28,CSX,0,0,1,0,0,0,0,0,1,0,0,0
2025-07-15 14:29:29,CMI,1,0,1,0,0,1,1,1,1,0,0,0
2025-07-15 14:29:32,CVS,1,0,1,0,0,0,1,0,1,1,0,0
2025-07-15 14:29:33,DHR,0,0,1,0,0,0,0,1,1,1,0,0
2025-07-15 14:29:33,DRI,0,0,0,0,0,1,0,1,1,0,0,0
2025-07-15 14:29:34,DDOG,0,0,0,0,0,1,0,1,1,1,0,0
2025-07-15 14:29:35,DVA,0,0,1,0,0,0,0,1,1,1,0,0
2025-07-15 14:29:37,DAY,0,0,1,0,0,0,0,0,1,1,0,0
2025-07-15 14:29:38,DECK,0,0,1,0,0,0,0,1,1,1,0,0
2025-07-15 14:29:39,DE,1,0,1,0,0,0,1,1,1,1,0,0
2025-07-15 14:29:40,DELL,1,1,1,0,0,0,1,1,1,1,1,0
2025-07-15 14:29:40,DAL,1,0,1,0,0,0,1,1,1,1,0,0
2025-07-15 14:29:41,DVN,1,0,1,0,0,0,1,0,1,1,0,0
2025-07-15 14:29:42,DXCM,0,0,0,0,0,0,0,1,1,1,0,0
2025-07-15 14:29:42,FANG,1,0,1,0,0,0,1,1,1,1,0,0
2025-07-15 14:29:43,DLR,1,0,0,0,0,0,1,1,1,0,0,0
2025-07-15 14:29:44,DG,0,0,0,0,0,0,0,1,1,0,0,0
2025-07-15 14:29:45,DLTR,0,0,0,0,0,0,0,1,1,1,0,0
2025-07-15 14:29:46,D,1,0,1,0,0,0,1,0,1,1,0,0
2025-07-15 14:29:46,DPZ,0,0,0,0,0,0,0,1,1,1,0,0
2025-07-15 14:29:47,DASH,0,0,0,0,0,1,0,1,1,1,0,0
2025-07-15 14:29:48,DOV,1,0,1,0,0,0,1,1,1,1,1,0
2025-07-15 14:29:49,DOW,1,0,1,0,0,0,1,0,1,1,1,0
2025-07-15 14:29:49,DHI,0,0,1,0,0,0,0,1,1,1,0,0
2025-07-15 14:29:50,DTE,1,0,1,0,0,1,1,1,1,0,0,0
2025-07-15 14:29:51,DUK,1,0,1,0,0,1,1,0,1,1,0,0
2025-07-15 14:29:52,DD,1,0,1,0,0,0,1,0,1,1,1,0
2025-07-15 14:29:53,EMN,0,0,1,0,0,0,0,1,1,1,0,0
2025-07-15 14:29:53,ETN,1,1,1,0,0,0,1,1,1,1,1,0
2025-07-15 14:29:54,EBAY,0,0,0,0,0,0,0,0,1,0,0,0
2025-07-15 14:29:55,ECL,1,0,1,0,0,0,1,1,1,0,0,0
2025-07-15 14:29:56,EIX,1,0,1,0,0,1,1,0,1,1,0,0
2025-07-15 14:29:57,EW,0,0,0,0,0,0,0,0,1,1,0,0
2025-07-15 14:29:58,EA,1,1,1,0,0,1,1,1,1,0,0,0
2025-07-15 14:29:58,ELV,0,0,0,0,0,0,0,1,1,1,0,0
2025-07-15 14:29:59,EMR,1,1,1,0,0,1,1,1,1,0,0,0
2025-07-15 14:30:00,ENPH,0,0,1,0,0,0,0,1,1,1,0,0
2025-07-15 14:30:01,ETR,1,0,1,0,0,1,1,0,1,1,0,0
2025-07-15 14:30:01,EOG,1,0,1,0,0,0,1,1,1,1,0,0
2025-07-15 14:30:02,EPAM,0,0,1,0,0,0,0,1,1,1,0,0
2025-07-15 14:30:03,EQT,1,0,1,0,0,1,1,0,1,1,0,0
2025-07-15 14:30:04,EFX,0,0,0,0,0,0,0,1,1,1,0,0
2025-07-15 14:30:05,EQIX,1,0,1,0,0,1,1,1,1,1,0,0
2025-07-15 14:30:09,EQR,1,1,1,0,0,1,1,0,1,1,0,0
2025-07-15 14:30:09,ERIE,0,0,0,0,0,0,0,1,1,0,0,0
2025-07-15 14:30:10,ESS,1,1,1,0,0,0,1,1,1,1,0,0
2025-07-15 14:30:11,EL,0,0,1,0,0,0,0,1,1,1,0,0
2025-07-15 14:30:12,EG,0,0,1,0,0,0,0,1,1,1,0,0
2025-07-15 14:30:13,EVRG,1,0,1,0,0,1,1,0,1,1,0,0
2025-07-15 14:30:14,ES,1,0,1,0,0,1,1,0,1,1,0,0
2025-07-15 14:30:15,EXC,1,0,1,0,0,0,1,0,1,0,0,0
2025-07-15 14:30:15,EXE,1,0,1,0,0,1,1,1,1,1,0,0
2025-07-15 14:30:16,EXPE,0,0,0,0,0,0,0,1,1,1,0,0
2025-07-15 14:30:17,EXPD,0,0,1,0,0,0,0,1,1,1,0,0
2025-07-15 14:30:18,EXR,1,0,1,0,0,0,1,1,1,1,0,0
2025-07-15 14:30:19,XOM,1,0,1,0,0,1,1,0,1,0,0,0
2025-07-15 14:30:19,FFIV,1,0,1,0,0,0,1,1,1,1,0,0
2025-07-15 14:30:20,FDS,1,0,1,0,0,1,1,1,1,1,0,0
2025-07-15 14:30:21,FICO,0,0,0,0,0,0,0,1,1,1,0,0
2025-07-15 14:30:22,FAST,1,0,1,0,0,0,1,0,1,1,0,0
2025-07-15 14:30:23,FRT,1,0,1,0,0,0,1,0,1,1,0,0
2025-07-15 14:30:23,FDX,0,0,1,0,0,0,0,1,1,1,0,0
2025-07-15 14:30:24,FIS,0,0,0,0,0,0,0,0,1,0,0,0
2025-07-15 14:30:25,FITB,0,0,1,0,0,0,0,0,1,1,0,0
2025-07-15 14:30:26,FSLR,1,0,1,0,0,1,1,1,1,1,1,0
2025-07-15 14:30:26,FE,1,0,1,0,0,1,1,0,1,0,0,0
2025-07-15 14:30:27,FI,1,0,1,0,0,0,1,1,1,0,0,0
2025-07-15 14:30:28,F,1,0,1,0,0,0,1,0,1,1,0,0
2025-07-15 14:30:29,FTNT,1,0,1,0,0,1,1,1,1,1,0,0
2025-07-15 14:30:29,FTV,1,0,1,0,0,1,1,0,1,1,0,0
2025-07-15 14:30:30,FOXA,0,0,0,0,0,0,0,0,1,1,0,0
2025-07-15 14:30:31,FOX,0,0,0,0,0,0,0,0,1,0,0,0
2025-07-15 14:30:32,BEN,1,0,1,0,0,0,1,0,1,1,0,0
2025-07-15 14:30:32,FCX,1,1,1,0,0,1,1,0,1,1,0,0
2025-07-15 14:30:33,GRMN,1,1,1,0,0,1,1,1,1,0,0,0
2025-07-15 14:30:34,IT,0,0,0,0,0,0,0,1,1,1,0,0
2025-07-15 14:30:35,GE,1,1,1,0,0,1,1,1,1,0,0,0
2025-07-15 14:30:35,GEHC,1,0,1,0,0,0,1,0,1,1,0,0
2025-07-15 14:30:36,GEV,1,1,1,0,0,1,1,1,1,1,0,0
2025-07-15 14:30:37,GEN,1,0,1,0,0,1,1,0,1,0,0,0
2025-07-15 14:30:37,GNRC,0,0,1,0,0,0,0,1,1,1,0,0
2025-07-15 14:30:38,GD,1,1,1,0,0,0,1,1,1,1,0,0
2025-07-15 14:30:39,GIS,0,0,0,0,0,0,0,0,1,1,0,0
2025-07-15 14:30:40,GM,1,0,1,0,0,0,1,0,1,1,0,0
2025-07-15 14:30:40,GPC,0,0,1,0,0,0,0,1,1,1,0,0
2025-07-15 14:30:41,GILD,0,0,0,0,0,0,0,1,1,1,0,0
2025-07-15 14:30:42,GPN,0,0,1,0,0,0,0,0,1,1,0,0
2025-07-15 14:30:43,GL,0,0,1,0,0,0,0,1,1,1,0,0
2025-07-15 14:30:43,GDDY,1,0,1,0,0,1,1,1,1,0,0,0
2025-07-15 14:30:44,GS,1,0,1,1,0,0,1,1,1,1,0,0
2025-07-15 14:30:45,HAL,1,0,1,0,0,0,1,0,1,1,0,0
2025-07-15 14:30:45,HIG,0,0,1,0,0,0,0,1,1,1,0,0
2025-07-15 14:30:46,HAS,1,0,0,0,0,1,1,0,1,1,0,0
2025-07-15 14:30:47,HCA,1,0,1,0,0,0,1,1,1,1,0,0
2025-07-15 14:30:48,DOC,1,0,1,0,0,0,1,0,1,1,0,0
2025-07-15 14:30:48,HSIC,1,1,1,0,0,0,1,0,1,1,0,0
2025-07-15 14:30:49,HSY,1,0,1,0,0,0,1,1,1,1,0,0
2025-07-15 14:30:50,HES,1,1,1,0,0,1,1,1,1,0,0,0
2025-07-15 14:30:50,HPE,1,1,1,0,0,0,1,0,1,1,0,0
2025-07-15 14:30:51,HLT,1,0,1,0,0,0,1,1,1,1,0,0
2025-07-15 14:30:52,HOLX,0,0,1,0,0,0,0,0,1,1,0,0
2025-07-15 14:30:53,HD,0,0,0,0,0,0,0,1,1,1,0,0
2025-07-15 14:30:54,HON,1,0,1,0,0,1,1,1,1,0,0,0
2025-07-15 14:30:54,HRL,0,0,0,0,0,0,0,0,1,1,0,0
2025-07-15 14:30:55,HST,1,0,1,0,0,1,1,0,1,1,0,0
2025-07-15 14:30:56,HWM,1,1,1,0,0,1,1,1,1,1,0,0
2025-07-15 14:30:57,HPQ,1,0,1,0,0,0,1,0,1,1,0,0
2025-07-15 14:30:57,HUBB,1,1,1,0,0,1,1,1,1,0,0,0
2025-07-15 14:30:58,HUM,0,0,0,0,0,0,0,1,1,1,0,0
2025-07-15 14:30:59,HBAN,0,0,1,0,0,0,0,0,1,1,0,0
2025-07-15 14:31:00,HII,1,0,1,0,0,0,1,1,1,1,0,0
2025-07-15 14:31:00,IBM,1,1,1,0,0,1,1,1,1,0,0,0
2025-07-15 14:31:01,IEX,1,0,1,0,0,0,1,1,1,0,0,0
2025-07-15 14:31:02,IDXX,0,0,0,0,0,0,0,1,1,0,0,0
2025-07-15 14:31:02,ITW,0,0,1,0,0,0,0,1,1,0,0,0
2025-07-15 14:31:03,INCY,0,0,0,0,0,0,0,1,1,1,0,0
2025-07-15 14:31:04,IR,1,0,1,0,0,0,1,0,1,1,0,0
2025-07-15 14:31:04,PODD,0,0,0,0,0,0,0,1,1,0,0,0
2025-07-15 14:31:05,INTC,0,0,1,0,0,0,0,0,1,1,1,0
2025-07-15 14:31:06,ICE,1,0,1,0,0,1,1,1,1,0,0,0
2025-07-15 14:31:07,IFF,0,0,1,0,0,0,0,0,1,0,0,0
2025-07-15 14:31:07,IP,0,0,1,0,0,0,0,0,1,1,0,0
2025-07-15 14:31:08,IPG,0,0,1,0,0,0,0,0,1,1,0,0
2025-07-15 14:31:10,INTU,1,0,1,0,0,0,1,1,1,0,0,0
2025-07-15 14:31:10,ISRG,1,0,1,0,0,0,1,1,1,1,0,0
2025-07-15 14:31:11,IVZ,0,0,1,0,0,0,0,0,1,1,0,0
2025-07-15 14:31:12,INVH,1,0,1,0,0,0,1,0,1,1,0,0
2025-07-15 14:31:14,IQV,0,0,0,0,0,0,0,1,1,1,0,0
2025-07-15 14:31:15,IRM,1,1,1,0,0,0,1,1,1,1,0,0
2025-07-15 14:31:16,JBHT,1,0,1,0,0,0,1,1,1,1,0,0
2025-07-15 14:31:16,JBL,1,1,1,0,0,1,1,1,1,1,0,0
2025-07-15 14:31:17,JKHY,0,0,0,0,0,1,0,1,1,0,0,0
2025-07-15 14:31:18,J,1,1,1,0,0,0,1,1,1,1,0,0
2025-07-15 14:31:19,JNJ,0,0,0,0,0,0,0,1,1,1,0,0
2025-07-15 14:31:19,JCI,1,1,1,0,0,1,1,0,1,0,0,0
2025-07-15 14:31:20,JPM,1,0,1,0,0,0,1,1,1,1,0,0
2025-07-15 14:31:21,K,1,0,1,1,0,1,1,0,0,0,0,0
2025-07-15 14:31:22,KVUE,0,0,1,0,0,0,0,0,1,1,0,0
2025-07-15 14:31:22,KDP,0,0,1,0,0,0,0,0,1,1,0,0
2025-07-15 14:31:23,KEY,1,0,1,0,0,0,1,0,1,1,0,0
2025-07-15 14:31:24,KEYS,1,0,1,0,0,0,1,1,1,1,0,0
2025-07-15 14:31:25,KMB,0,0,0,0,0,0,0,1,1,0,0,0
2025-07-15 14:31:25,KIM,1,0,1,0,0,0,1,0,1,1,0,0
2025-07-15 14:31:26,KMI,1,0,1,0,0,1,1,0,1,1,0,0
2025-07-15 14:31:27,KKR,1,1,1,0,0,1,1,1,1,1,0,0
2025-07-15 14:31:27,KLAC,1,1,1,0,0,1,1,1,1,0,1,0
2025-07-15 14:31:28,KHC,0,0,1,0,0,0,0,0,1,1,0,0
2025-07-15 14:31:29,KR,0,0,0,0,0,0,0,0,1,0,0,0
2025-07-15 14:31:30,LHX,1,1,1,0,0,1,1,1,1,0,0,0
2025-07-15 14:31:30,LH,0,0,1,0,0,0,0,1,1,1,0,0
2025-07-15 14:31:31,LRCX,1,1,1,0,0,1,1,0,1,1,1,0
2025-07-15 14:31:32,LW,1,0,1,0,0,0,1,0,1,1,0,0
2025-07-15 14:31:33,LVS,0,0,0,0,0,1,0,0,1,0,0,0
2025-07-15 14:31:34,LDOS,1,1,1,0,0,0,1,1,1,1,0,0
2025-07-15 14:31:34,LEN,0,0,1,0,0,0,0,1,1,1,0,0
2025-07-15 14:31:35,LII,1,0,1,0,0,0,1,1,1,1,0,0
2025-07-15 14:31:36,LLY,0,0,0,0,0,0,0,1,1,1,0,0
2025-07-15 14:31:36,LIN,1,0,1,0,0,0,1,1,1,1,0,0
2025-07-15 14:31:38,LYV,0,0,0,0,0,0,0,1,1,1,0,0
2025-07-15 14:31:40,LKQ,0,0,1,0,0,0,0,0,1,1,0,0
2025-07-15 14:31:41,LMT,1,1,1,0,0,1,1,1,1,0,0,0
2025-07-15 14:31:42,L,0,0,1,0,0,0,0,0,1,1,0,0
2025-07-15 14:31:42,LOW,0,0,0,0,0,0,0,1,1,1,0,0
2025-07-15 14:31:43,LULU,0,0,0,0,0,0,0,1,1,1,0,0
2025-07-15 14:31:44,LYB,1,0,1,0,0,0,1,0,1,1,0,0
2025-07-15 14:31:45,MTB,0,0,1,0,0,0,0,1,1,1,0,0
2025-07-15 14:31:45,MPC,1,0,1,0,0,1,1,1,1,1,0,0
2025-07-15 14:31:46,MKTX,1,0,0,0,0,1,1,1,1,0,0,0
2025-07-15 14:31:47,MAR,0,0,1,0,0,0,0,1,1,1,0,0
2025-07-15 14:31:48,MMC,1,0,1,0,0,0,1,1,1,0,0,0
2025-07-15 14:31:48,MLM,0,0,1,0,0,0,0,1,1,1,0,0
2025-07-15 14:31:49,MAS,0,0,1,0,0,0,0,0,1,1,1,0
2025-07-15 14:31:50,MA,1,0,0,0,0,1,1,1,1,0,0,0
2025-07-15 14:31:50,MTCH,0,0,0,0,0,1,0,0,1,1,0,0
2025-07-15 14:31:51,MKC,0,0,0,0,0,0,0,0,1,1,0,0
2025-07-15 14:31:52,MCD,0,0,0,0,0,0,0,1,1,0,0,0
2025-07-15 14:31:53,MCK,1,0,1,0,0,0,1,1,1,0,0,0
2025-07-15 14:31:53,MDT,1,0,1,0,0,0,1,0,1,1,0,0
2025-07-15 14:31:54,MRK,0,0,0,0,0,0,0,0,1,1,0,0
2025-07-15 14:31:55,META,1,0,1,0,0,0,1,1,1,0,0,0
2025-07-15 14:31:56,MET,0,0,1,0,0,0,0,0,1,1,0,0
2025-07-15 14:31:57,MTD,0,0,0,0,0,0,0,1,1,1,0,0
2025-07-15 14:31:57,MGM,1,0,1,0,0,1,1,0,1,1,0,0
2025-07-15 14:31:58,MCHP,1,0,1,0,0,0,1,1,1,1,1,0
2025-07-15 14:31:59,MU,1,1,1,0,0,1,1,1,1,1,1,0
2025-07-15 14:32:00,MSFT,1,1,1,0,0,1,1,1,1,0,0,0
2025-07-15 14:32:00,MAA,1,1,1,0,0,1,1,1,1,1,0,0
2025-07-15 14:32:02,MRNA,0,0,0,0,0,0,0,0,1,1,0,0
2025-07-15 14:32:02,MHK,0,0,1,0,0,0,0,1,1,1,0,0
2025-07-15 14:32:03,MOH,0,0,0,0,0,0,0,1,1,1,0,0
2025-07-15 14:32:04,TAP,0,0,0,0,0,0,0,0,1,0,0,0
2025-07-15 14:32:05,MDLZ,0,0,0,0,0,0,0,0,1,0,0,0
2025-07-15 14:32:05,MPWR,0,0,1,0,0,0,0,1,1,1,1,0
2025-07-15 14:32:06,MNST,1,0,0,0,0,1,1,0,1,1,0,0
2025-07-15 14:32:07,MCO,1,1,1,0,0,0,1,1,1,1,0,0
2025-07-15 14:32:08,MS,1,0,1,0,0,0,1,1,1,1,0,0
2025-07-15 14:32:08,MOS,1,1,1,0,0,0,1,0,1,1,0,0
2025-07-15 14:32:09,MSI,1,0,1,0,0,0,1,1,1,1,0,0
2025-07-15 14:32:10,MSCI,1,0,1,0,0,0,1,1,1,1,0,0
2025-07-15 14:32:11,NDAQ,1,1,1,0,0,0,1,0,1,1,0,0
2025-07-15 14:32:11,NTAP,1,1,1,0,0,0,1,1,1,1,1,0
2025-07-15 14:32:13,NFLX,1,0,0,0,0,0,1,1,1,1,0,0
2025-07-15 14:32:14,NEM,1,1,1,0,0,1,1,0,1,1,0,0
2025-07-15 14:32:14,NWSA,1,0,1,1,0,0,1,0,1,1,1,0
2025-07-15 14:32:15,NWS,1,0,1,0,0,0,1,0,1,1,0,0
2025-07-15 14:32:16,NEE,1,0,1,0,0,1,1,1,1,1,0,0
2025-07-15 14:32:17,NKE,0,0,1,0,0,0,0,1,1,1,0,0
2025-07-15 14:32:18,NI,1,0,1,0,0,1,1,0,1,0,0,0
2025-07-15 14:32:18,NDSN,1,0,1,0,0,0,1,1,1,1,0,0
2025-07-15 14:32:19,NSC,1,1,1,0,0,1,1,1,1,0,0,0
2025-07-15 14:32:20,NTRS,1,0,1,0,0,0,1,1,1,1,0,0
2025-07-15 14:32:21,NOC,1,0,1,0,0,0,1,1,1,0,0,0
2025-07-15 14:32:21,NCLH,0,0,1,0,0,0,0,0,1,1,0,0
2025-07-15 14:32:22,NRG,1,1,1,0,0,0,1,1,1,1,0,0
2025-07-15 14:32:23,NUE,1,0,1,0,0,0,1,1,1,1,0,0
2025-07-15 14:32:24,NVDA,1,0,1,0,0,0,1,1,1,1,1,0
2025-07-15 14:32:24,NVR,0,0,1,0,0,0,0,1,1,1,0,0
2025-07-15 14:32:25,NXPI,1,0,1,0,0,0,1,1,1,1,1,0
2025-07-15 14:32:26,ORLY,1,0,1,0,0,0,1,0,1,1,0,0
2025-07-15 14:32:27,OXY,0,0,1,0,0,0,0,0,1,1,0,0
2025-07-15 14:32:29,ODFL,1,0,1,0,0,0,1,1,1,1,0,0
2025-07-15 14:32:30,OMC,1,0,1,0,0,0,1,0,1,1,1,0
2025-07-15 14:32:31,ON,1,0,1,0,0,0,1,0,1,1,1,0
2025-07-15 14:32:32,OKE,1,0,1,0,0,0,1,0,1,1,0,0
2025-07-15 14:32:33,ORCL,1,1,1,0,0,1,1,1,1,1,1,0
2025-07-15 14:32:33,OTIS,1,0,1,0,0,0,1,0,1,1,1,0
2025-07-15 14:32:34,PCAR,1,0,1,1,0,0,1,1,1,0,0,0
2025-07-15 14:32:35,PKG,0,0,0,0,0,0,0,1,1,0,0,0
2025-07-15 14:32:35,PLTR,1,0,1,0,0,0,1,1,1,1,0,0
2025-07-15 14:32:36,PANW,1,0,1,0,0,1,1,1,1,1,0,0
2025-07-15 14:32:37,PARA,1,1,0,0,0,1,1,0,1,0,0,0
2025-07-15 14:32:37,PH,1,1,1,0,0,1,1,1,1,0,0,0
2025-07-15 14:32:38,PAYX,0,0,1,0,0,0,0,1,1,1,0,0
2025-07-15 14:32:39,PAYC,1,0,1,0,0,1,1,1,1,0,0,0
2025-07-15 14:32:39,PYPL,1,0,0,0,0,1,1,0,1,0,0,0
2025-07-15 14:32:40,PNR,1,0,1,0,0,0,1,0,1,1,0,0
2025-07-15 14:32:41,PEP,1,0,1,0,0,0,1,1,1,0,0,0
2025-07-15 14:32:41,PFE,0,0,0,0,0,0,0,0,1,1,0,0
2025-07-15 14:32:42,PCG,1,0,1,0,0,0,1,0,1,1,0,0
2025-07-15 14:32:43,PM,1,0,1,1,0,1,1,1,1,0,0,0
2025-07-15 14:32:43,PSX,1,0,1,0,0,0,1,1,1,0,0,0
2025-07-15 14:32:44,PNW,1,1,1,1,0,1,1,0,1,1,0,0
2025-07-15 14:32:45,PNC,1,0,1,0,0,0,1,1,1,1,0,0
2025-07-15 14:32:45,POOL,0,0,0,0,0,0,0,1,1,1,0,0
2025-07-15 14:32:46,PPG,0,0,1,0,0,0,0,1,1,1,0,0
2025-07-15 14:32:47,PPL,1,1,1,1,0,1,1,0,1,1,0,0
2025-07-15 14:32:48,PFG,1,0,1,0,0,0,1,0,1,1,0,0
2025-07-15 14:32:48,PG,1,0,1,0,0,0,1,1,1,0,0,0
2025-07-15 14:32:49,PGR,1,0,1,0,0,0,1,1,1,1,0,0
2025-07-15 14:32:50,PLD,1,0,1,0,0,0,1,1,1,1,0,0
2025-07-15 14:32:51,PRU,0,0,1,0,0,0,0,0,1,1,0,0
2025-07-15 14:32:51,PEG,1,1,1,0,0,1,1,0,1,1,0,0
2025-07-15 14:32:52,PTC,1,0,0,0,0,1,1,1,1,1,0,0
2025-07-15 14:32:53,PSA,1,0,1,0,0,0,1,1,1,1,0,0
2025-07-15 14:32:53,PHM,1,0,1,0,0,0,1,1,1,1,0,0
2025-07-15 14:32:54,PWR,1,1,1,0,0,1,1,1,1,1,0,0
2025-07-15 14:32:55,QCOM,1,1,1,0,0,1,1,1,1,1,1,0
2025-07-15 14:32:55,DGX,1,0,1,1,0,0,1,1,1,1,0,0
2025-07-15 14:32:56,RL,0,0,1,0,0,0,0,1,1,1,0,0
2025-07-15 14:32:57,RJF,1,0,1,0,0,0,1,1,1,1,0,0
2025-07-15 14:32:57,RTX,1,1,1,0,0,0,1,1,1,1,0,0
2025-07-15 14:32:58,O,1,0,1,0,0,0,1,0,1,1,0,0
2025-07-15 14:32:59,REG,1,0,1,0,0,0,1,0,1,1,0,0
2025-07-15 14:32:59,REGN,0,0,0,0,0,0,0,1,1,1,0,0
2025-07-15 14:33:00,RF,0,0,1,0,0,0,0,0,1,1,0,0
2025-07-15 14:33:01,RSG,1,0,1,0,0,1,1,1,1,0,0,0
2025-07-15 14:33:01,RMD,0,0,0,0,0,0,0,1,1,1,1,0
2025-07-15 14:33:02,RVTY,0,0,1,0,0,0,0,1,1,1,0,0
2025-07-15 14:33:03,ROK,1,0,1,0,0,0,1,1,1,1,0,0
2025-07-15 14:33:04,ROL,0,0,0,0,0,0,0,0,1,0,0,0
2025-07-15 14:33:04,ROP,1,1,1,0,0,1,1,1,1,0,0,0
2025-07-15 14:33:05,ROST,0,0,0,0,0,0,0,1,1,1,0,0
2025-07-15 14:33:06,RCL,1,1,1,0,0,1,1,1,1,1,0,0
2025-07-15 14:33:07,SPGI,1,0,1,0,0,1,1,1,1,0,0,0
2025-07-15 14:33:07,CRM,0,0,0,0,0,0,0,1,1,1,0,0
2025-07-15 14:33:08,SBAC,1,0,1,0,0,1,1,1,1,0,0,0
2025-07-15 14:33:09,SLB,1,0,1,0,0,0,1,0,1,1,0,0
2025-07-15 14:33:09,STX,1,1,1,0,0,1,1,1,1,1,0,0
2025-07-15 14:33:10,SRE,1,0,1,1,0,1,1,0,1,0,0,0
2025-07-15 14:33:11,NOW,1,0,1,0,0,1,1,1,1,1,0,0
2025-07-15 14:33:11,SHW,0,0,1,0,0,0,0,1,1,1,0,0
2025-07-15 14:33:12,SPG,1,0,1,0,0,0,1,1,1,1,0,0
2025-07-15 14:33:13,SWKS,1,0,1,0,0,0,1,0,1,1,1,0
2025-07-15 14:33:13,SJM,1,0,1,0,0,0,1,1,1,1,0,0
2025-07-15 14:33:14,SW,1,0,1,0,0,0,1,0,1,1,0,0
2025-07-15 14:33:15,SNA,1,0,1,0,0,0,1,1,1,1,0,0
2025-07-15 14:33:16,SOLV,0,0,1,0,0,0,0,0,1,1,1,0
2025-07-15 14:33:17,SO,1,0,1,0,0,1,1,0,1,0,0,0
2025-07-15 14:33:17,LUV,1,0,1,0,0,0,1,0,1,1,0,0
2025-07-15 14:33:18,SWK,0,0,1,0,0,0,0,1,1,1,1,0
2025-07-15 14:33:19,SBUX,0,0,0,0,0,0,0,1,1,1,0,0
2025-07-15 14:33:20,STT,0,0,0,0,0,0,0,1,1,1,0,0
2025-07-15 14:33:21,STLD,1,0,1,0,0,0,1,1,1,1,0,0
2025-07-15 14:33:21,STE,0,0,0,0,0,0,0,1,1,0,1,0
2025-07-15 14:33:22,SYK,1,0,1,0,0,1,1,1,1,0,0,0
2025-07-15 14:33:23,SMCI,1,0,0,0,0,1,1,1,1,1,1,0
2025-07-15 14:33:24,SYF,1,0,1,0,0,0,1,0,1,1,0,0
2025-07-15 14:33:24,SNPS,1,0,1,0,0,1,1,1,1,1,0,0
2025-07-15 14:33:25,SYY,0,0,1,0,0,0,0,0,1,1,0,0
2025-07-15 14:33:26,TMUS,1,1,1,1,0,1,1,1,1,0,0,0
2025-07-15 14:33:27,TROW,1,0,1,0,0,0,1,0,1,1,0,0
2025-07-15 14:33:27,TTWO,0,0,0,0,0,1,0,1,1,1,0,0
2025-07-15 14:33:28,TPR,1,0,1,0,0,1,1,1,1,1,0,0
2025-07-15 14:33:29,TRGP,1,0,1,0,0,1,1,1,1,1,0,0
2025-07-15 14:33:30,TGT,1,0,1,0,0,0,1,1,1,1,0,0
2025-07-15 14:33:30,TEL,1,1,1,0,0,1,1,1,1,1,0,0
2025-07-15 14:33:31,TDY,1,1,1,1,0,1,1,1,1,1,0,0
2025-07-15 14:33:32,TER,1,1,1,0,0,0,1,1,1,1,1,0
2025-07-15 14:33:33,TSLA,0,0,1,0,0,0,0,1,1,1,0,0
2025-07-15 14:33:33,TXN,1,1,1,0,0,1,1,1,1,1,0,0
2025-07-15 14:33:34,TPL,1,0,1,0,0,0,1,1,1,1,0,0
2025-07-15 14:33:35,TXT,1,1,1,0,0,0,1,0,1,1,0,0
2025-07-15 14:33:36,TMO,0,0,1,0,0,0,0,1,1,1,0,0
2025-07-15 14:33:38,TJX,1,0,1,0,0,0,1,0,1,1,0,0
2025-07-15 14:33:38,TKO,0,0,0,0,0,0,0,1,1,1,0,0
2025-07-15 14:33:39,TSCO,1,0,1,0,0,0,1,0,1,1,0,0
2025-07-15 14:33:40,TT,1,0,1,0,0,1,1,1,1,0,0,0
2025-07-15 14:33:40,TDG,1,1,1,0,0,1,1,1,1,0,0,0
2025-07-15 14:33:41,TRV,0,0,0,0,0,0,0,1,1,1,0,0
2025-07-15 14:33:42,TRMB,1,1,1,0,0,1,1,0,1,0,0,0
2025-07-15 14:33:43,TFC,1,0,1,0,0,0,1,0,1,1,0,0
2025-07-15 14:33:43,TYL,1,0,1,0,0,0,1,1,1,1,0,0
2025-07-15 14:33:44,TSN,0,0,0,0,0,0,0,0,1,1,0,0
2025-07-15 14:33:45,USB,0,0,1,0,0,0,0,0,1,1,0,0
2025-07-15 14:33:46,UBER,0,0,1,0,0,0,0,1,1,1,1,0
2025-07-15 14:33:46,UDR,1,1,1,0,0,1,1,0,1,1,0,0
2025-07-15 14:33:47,ULTA,0,0,0,0,0,0,0,1,1,1,0,0
2025-07-15 14:33:48,UNP,1,0,1,0,0,0,1,1,1,0,0,0
2025-07-15 14:33:49,UAL,0,0,1,0,0,0,0,1,1,1,0,0
2025-07-15 14:33:49,UPS,0,0,0,0,0,0,0,1,1,0,0,0
2025-07-15 14:33:50,URI,1,0,1,0,0,0,1,1,1,1,0,0
2025-07-15 14:33:51,UNH,0,0,0,0,0,0,0,1,1,1,0,0
2025-07-15 14:33:52,UHS,0,0,1,0,0,0,0,1,1,1,0,0
2025-07-15 14:33:53,VLO,1,0,1,0,0,1,1,1,1,1,0,0
2025-07-15 14:33:53,VTR,1,1,1,0,0,1,1,0,1,1,0,0
2025-07-15 14:33:54,VLTO,1,0,1,0,0,0,1,0,1,0,0,0
2025-07-15 14:33:55,VRSN,1,0,0,0,0,1,1,1,1,0,0,0
2025-07-15 14:33:55,VRSK,1,1,1,0,0,0,1,1,1,1,0,0
2025-07-15 14:33:56,VZ,1,1,1,0,0,1,1,0,1,0,0,0
2025-07-15 14:33:57,VRTX,0,0,0,0,0,0,0,1,1,1,0,0
2025-07-15 14:33:58,VTRS,0,0,0,0,0,0,0,0,1,1,0,0
2025-07-15 14:33:58,VICI,1,0,1,0,0,0,1,0,1,1,0,0
2025-07-15 14:33:59,V,1,0,1,0,0,1,1,1,1,0,0,0
2025-07-15 14:34:00,VST,1,1,1,0,0,1,1,1,1,1,0,0
2025-07-15 14:34:00,VMC,0,0,1,0,0,0,0,1,1,1,0,0
2025-07-15 14:34:01,WRB,0,0,0,0,0,0,0,0,1,1,0,0
2025-07-15 14:34:02,GWW,1,1,1,1,0,0,1,1,1,1,0,0
2025-07-15 14:34:03,WAB,1,0,1,0,0,0,1,1,1,0,0,0
2025-07-15 14:34:03,WBA,1,0,0,0,0,1,1,0,0,0,0,0
2025-07-15 14:34:04,WMT,0,0,0,0,0,1,0,0,1,0,0,0
2025-07-15 14:34:05,DIS,1,0,1,0,0,1,1,0,1,0,0,0
2025-07-15 14:34:06,WBD,1,0,0,0,0,1,1,0,1,1,0,0
2025-07-15 14:34:07,WM,1,0,1,0,0,1,1,1,1,0,0,0
2025-07-15 14:34:07,WAT,0,0,1,0,0,0,0,1,1,1,1,0
2025-07-15 14:34:08,WEC,1,0,1,0,0,1,1,0,1,1,0,0
2025-07-15 14:34:09,WFC,0,0,1,0,0,0,0,0,1,1,0,0
2025-07-15 14:34:09,WELL,1,1,1,0,0,1,1,1,1,1,0,0
2025-07-15 14:34:10,WST,0,0,0,0,0,0,0,1,1,1,0,0
2025-07-15 14:34:11,WDC,1,1,1,0,0,1,1,0,1,0,1,0
2025-07-15 14:34:12,WY,0,0,1,0,0,0,0,0,1,1,0,0
2025-07-15 14:34:12,WSM,0,0,0,0,0,0,0,1,1,1,0,0
2025-07-15 14:34:13,WMB,1,0,1,0,0,1,1,0,1,1,0,0
2025-07-15 14:34:14,WTW,0,0,0,0,0,0,0,1,1,1,0,0
2025-07-15 14:34:15,WDAY,1,0,0,0,0,1,1,1,1,0,0,0
2025-07-15 14:34:15,WYNN,1,0,1,0,0,1,1,1,1,1,0,0
2025-07-15 14:34:16,XEL,1,0,1,1,0,1,1,0,1,1,0,0
2025-07-15 14:34:17,XYL,1,1,1,0,0,0,1,0,1,1,0,0
2025-07-15 14:34:18,YUM,0,0,0,0,0,0,0,1,1,0,0,0
2025-07-15 14:34:18,ZBRA,1,1,1,0,0,1,1,1,1,1,0,0
2025-07-15 14:34:19,ZBH,1,0,1,0,0,0,1,1,1,1,1,0
2025-07-15 14:34:20,ZTS,0,0,0,0,0,0,0,1,1,1,0,0
2025-07-15 19:15:55,MMM,0,0,0,0,0,0,0,1,1,0,0,1
2025-07-15 19:15:56,AOS,0,0,0,0,0,0,0,0,1,1,0,1
2025-07-15 19:15:57,ABT,0,0,0,0,0,1,0,1,1,1,0,1
2025-07-15 19:15:57,ABBV,1,0,1,0,0,0,1,1,1,1,0,1
2025-07-15 19:15:58,ACN,0,0,0,0,0,0,0,1,1,1,0,1
2025-07-15 19:15:58,ADBE,0,0,0,0,0,0,0,1,1,0,0,1
2025-07-15 19:15:59,AMD,1,0,1,0,0,0,1,1,1,1,1,1
2025-07-15 19:15:59,AES,1,0,1,0,0,1,1,0,1,1,1,1
2025-07-15 19:16:00,AFL,0,0,1,0,0,0,0,0,1,1,0,1
2025-07-15 19:16:01,A,0,0,1,0,0,0,0,1,1,1,0,1
2025-07-15 19:16:01,APD,0,0,0,0,0,0,0,1,1,1,0,1
2025-07-15 19:16:02,ABNB,0,0,0,0,0,0,0,1,1,1,0,1
2025-07-15 19:16:02,AKAM,0,0,0,0,0,0,0,0,1,1,0,1
2025-07-15 19:16:03,ALB,0,0,0,0,0,0,0,1,1,1,1,1
2025-07-15 19:16:03,ARE,0,0,0,0,0,0,0,1,1,1,0,1
2025-07-15 19:16:04,ALGN,0,0,0,0,0,0,0,1,1,1,1,1
2025-07-15 19:16:04,ALLE,0,0,0,0,0,0,0,1,1,1,0,1
2025-07-15 19:16:05,LNT,0,0,0,0,0,0,0,0,1,1,0,1
2025-07-15 19:16:05,ALL,0,0,1,0,0,0,0,1,1,1,0,1
2025-07-15 19:16:06,GOOGL,0,0,0,0,0,0,0,1,1,0,0,1
2025-07-15 19:16:06,GOOG,0,0,0,0,0,0,0,1,1,1,0,1
2025-07-15 19:16:07,MO,1,0,0,0,0,1,1,0,1,0,0,1
2025-07-15 19:16:07,AMZN,0,0,1,0,0,0,0,1,1,0,0,1
2025-07-15 19:16:08,AMCR,0,0,0,0,0,0,0,0,1,1,0,1
2025-07-15 19:16:08,AEE,0,0,0,0,0,0,0,0,1,0,0,1
2025-07-15 19:16:09,AEP,0,0,0,0,0,0,0,0,1,0,0,1
2025-07-15 19:16:09,AXP,0,0,0,0,0,0,0,1,1,1,0,1
2025-07-15 19:16:10,AIG,0,0,1,0,0,0,0,0,1,0,0,1
2025-07-15 19:16:11,AMT,0,0,1,0,0,0,0,1,1,1,0,1
2025-07-15 19:16:11,AWK,0,0,0,0,0,0,0,1,1,1,0,1
2025-07-15 19:16:12,AMP,0,0,0,0,0,0,0,1,1,1,0,1
2025-07-15 19:16:12,AME,0,0,0,0,0,0,0,1,1,1,0,1
2025-07-15 19:16:13,AMGN,0,0,1,0,0,0,0,1,1,1,0,1
2025-07-15 19:16:13,APH,0,0,0,0,0,0,0,0,1,1,0,1
2025-07-15 19:16:14,ADI,0,0,0,0,0,0,0,1,1,1,0,1
2025-07-15 19:16:14,ANSS,1,0,1,0,0,1,1,1,1,1,0,1
2025-07-15 19:16:15,AON,0,0,0,0,0,0,0,1,1,1,0,1
2025-07-15 19:16:16,APA,0,0,0,0,0,0,0,0,1,1,0,1
2025-07-15 19:16:16,APO,0,0,0,0,0,0,0,1,1,1,0,1
2025-07-15 19:16:17,AAPL,0,0,0,0,0,0,0,1,1,0,0,1
2025-07-15 19:16:17,AMAT,0,0,1,0,0,0,0,1,1,0,1,1
2025-07-15 19:16:18,APTV,0,0,0,0,0,0,0,0,1,1,0,1
2025-07-15 19:16:18,ACGL,0,0,0,0,0,0,0,0,1,1,0,1
2025-07-15 19:16:19,ADM,0,0,1,0,0,0,0,0,1,0,0,1
2025-07-15 19:16:19,ANET,0,0,1,0,0,0,0,1,1,1,0,1
2025-07-15 19:16:20,AJG,0,0,0,0,0,0,0,1,1,1,0,1
2025-07-15 19:16:20,AIZ,0,0,0,0,0,0,0,1,1,1,0,1
2025-07-15 19:16:21,T,0,0,0,0,0,1,0,0,1,0,0,1
2025-07-15 19:16:21,ATO,0,0,0,0,0,0,0,1,1,1,0,1
2025-07-15 19:16:22,ADSK,0,0,0,0,0,0,0,1,1,1,0,1
2025-07-15 19:16:22,ADP,0,0,0,0,0,0,0,1,1,1,0,1
2025-07-15 19:16:23,AZO,0,0,1,0,0,0,0,1,1,1,0,1
2025-07-15 19:16:23,AVB,0,0,0,0,0,0,0,1,1,1,0,1
2025-07-15 19:16:24,AVY,0,0,0,0,0,0,0,1,1,1,0,1
2025-07-15 19:16:24,AXON,0,0,0,0,0,0,0,1,1,1,0,1
2025-07-15 19:16:25,BKR,0,0,0,0,0,0,0,0,1,1,0,1
2025-07-15 19:16:26,BALL,0,0,1,0,0,0,0,0,1,1,0,1
2025-07-15 19:16:26,BAC,0,0,0,0,0,0,0,0,1,1,0,1
2025-07-15 19:16:27,BAX,0,0,0,0,0,0,0,0,1,1,0,1
2025-07-15 19:16:27,BDX,0,0,0,0,0,0,0,1,1,1,0,1
2025-07-15 19:16:28,BRK-B,0,0,0,0,0,0,0,1,1,0,0,1
2025-07-15 19:16:28,BBY,0,0,1,0,0,0,0,1,1,1,0,1
2025-07-15 19:16:29,TECH,0,0,1,0,0,0,0,1,1,1,0,1
2025-07-15 19:16:29,BIIB,0,0,0,0,0,0,0,1,1,1,0,1
2025-07-15 19:16:30,BLK,0,0,0,0,0,0,0,1,1,1,0,1
2025-07-15 19:16:30,BX,0,0,0,0,0,0,0,1,1,1,0,1
2025-07-15 19:16:31,BK,0,0,0,0,0,0,0,0,1,1,0,1
2025-07-15 19:16:31,BA,0,0,0,0,0,0,0,1,1,1,0,1
2025-07-15 19:16:32,BKNG,0,0,0,0,0,0,0,1,1,1,0,1
2025-07-15 19:16:32,BSX,0,0,0,0,0,0,0,0,1,1,0,1
2025-07-15 19:16:33,BMY,1,0,1,0,0,0,1,0,1,1,0,1
2025-07-15 19:16:34,AVGO,0,0,0,0,0,0,0,1,1,1,1,1
2025-07-15 19:16:34,BR,0,0,0,0,0,0,0,1,1,0,0,1
2025-07-15 19:16:35,BRO,0,0,0,0,0,0,0,0,1,1,0,1
2025-07-15 19:16:35,BF-B,0,0,0,0,0,0,0,0,1,1,0,1
2025-07-15 19:16:36,BLDR,0,0,0,0,0,0,0,1,1,1,0,1
2025-07-15 19:16:36,BG,0,0,1,0,0,0,0,1,1,1,0,1
2025-07-15 19:16:37,BXP,0,0,0,0,0,0,0,0,1,1,0,1
2025-07-15 19:16:37,CHRW,0,0,0,0,0,0,0,1,1,0,0,1
2025-07-15 19:16:38,CDNS,0,0,0,0,0,0,0,1,1,1,0,1
2025-07-15 19:16:38,CZR,0,0,1,0,0,0,0,0,1,1,0,1
2025-07-15 19:16:39,CPT,0,0,0,0,0,0,0,1,1,1,0,1
2025-07-15 19:16:39,CPB,0,0,1,0,0,0,0,0,1,1,0,1
2025-07-15 19:16:40,COF,0,0,0,0,0,0,0,1,1,1,0,1
2025-07-15 19:16:40,CAH,1,0,1,0,0,1,1,1,1,0,0,1
2025-07-15 19:16:41,KMX,0,0,1,0,0,0,0,1,1,1,1,1
2025-07-15 19:16:42,CCL,0,0,0,0,0,1,0,0,1,1,0,1
2025-07-15 19:16:42,CARR,0,0,0,0,0,0,0,0,1,1,0,1
2025-07-15 19:16:43,CAT,0,0,0,0,0,0,0,1,1,0,0,1
2025-07-15 19:16:43,CBOE,0,0,0,0,0,0,0,1,1,1,0,1
2025-07-15 19:16:44,CBRE,0,0,0,0,0,0,0,1,1,1,0,1
2025-07-15 19:16:44,CDW,0,0,0,0,0,0,0,1,1,1,0,1
2025-07-15 19:16:45,COR,0,0,1,0,0,0,0,1,1,1,0,1
2025-07-15 19:16:45,CNC,0,0,1,0,0,0,0,1,1,1,0,1
2025-07-15 19:16:46,CNP,0,0,0,0,0,0,0,0,1,0,0,1
2025-07-15 19:16:46,CF,0,0,0,0,0,0,0,1,1,1,0,1
2025-07-15 19:16:47,CRL,0,0,1,0,0,0,0,1,1,1,0,1
2025-07-15 19:16:47,SCHW,0,0,0,0,0,0,0,0,1,0,0,1
2025-07-15 19:16:48,CHTR,0,0,0,0,0,0,0,1,1,1,0,1
2025-07-15 19:16:48,CVX,0,0,0,0,0,0,0,1,1,0,0,1
2025-07-15 19:21:08,MMM,0,0,0,0,0,0,0,1,1,0,0,1
2025-07-15 19:21:09,AOS,0,0,0,0,0,0,0,0,1,1,0,1
2025-07-15 19:21:09,ABT,0,0,0,0,0,1,0,1,1,1,0,1
2025-07-15 19:21:10,ABBV,1,0,1,0,0,0,1,1,1,1,0,1
2025-07-15 19:21:11,ACN,0,0,0,0,0,0,0,1,1,1,0,1
2025-07-15 19:28:02,MMM,0,0,0,0,0,0,0,1,1,0,0,1
2025-07-15 19:28:03,AOS,0,0,0,0,0,0,0,0,1,1,0,1
2025-07-15 19:28:03,ABT,0,0,0,0,0,1,0,1,1,1,0,1
2025-07-15 19:28:04,ABBV,1,0,1,0,0,0,1,1,1,1,0,1
2025-07-15 19:28:05,ACN,0,0,0,0,0,0,0,1,1,1,0,1
2025-07-15 19:28:06,ADBE,0,0,0,0,0,0,0,1,1,0,0,1
2025-07-15 19:28:06,AMD,1,0,1,0,0,0,1,1,1,1,1,1
2025-07-15 19:28:07,AES,1,0,1,0,0,1,1,0,1,1,1,1
2025-07-15 19:28:08,AFL,0,0,1,0,0,0,0,0,1,1,0,1
2025-07-15 19:28:08,A,0,0,1,0,0,0,0,1,1,1,0,1
2025-07-15 19:28:09,APD,0,0,0,0,0,0,0,1,1,1,0,1
2025-07-15 19:28:10,ABNB,0,0,0,0,0,0,0,1,1,1,0,1
2025-07-15 19:28:11,AKAM,0,0,0,0,0,0,0,0,1,1,0,1
2025-07-15 19:28:11,ALB,0,0,0,0,0,0,0,1,1,1,1,1
2025-07-15 19:28:12,ARE,0,0,0,0,0,0,0,1,1,1,0,1
2025-07-15 19:28:13,ALGN,0,0,0,0,0,0,0,1,1,1,1,1
2025-07-15 19:28:13,ALLE,0,0,0,0,0,0,0,1,1,1,0,1
2025-07-15 19:28:14,LNT,0,0,0,0,0,0,0,0,1,1,0,1
2025-07-15 19:28:15,ALL,0,0,1,0,0,0,0,1,1,1,0,1
2025-07-15 19:28:15,GOOGL,0,0,0,0,0,0,0,1,1,0,0,1
2025-07-15 19:28:17,GOOG,0,0,0,0,0,0,0,1,1,1,0,1
2025-07-15 19:28:18,MO,1,0,0,0,0,1,1,0,1,0,0,1
2025-07-15 19:28:19,AMZN,0,0,1,0,0,0,0,1,1,0,0,1
2025-07-15 19:28:19,AMCR,0,0,0,0,0,0,0,0,1,1,0,1
2025-07-15 19:28:20,AEE,0,0,0,0,0,0,0,0,1,0,0,1
2025-07-15 19:28:21,AEP,0,0,0,0,0,0,0,0,1,0,0,1
2025-07-15 19:28:22,AXP,0,0,0,0,0,0,0,1,1,1,0,1
2025-07-15 19:28:22,AIG,0,0,1,0,0,0,0,0,1,0,0,1
2025-07-15 19:28:23,AMT,1,0,1,0,0,0,1,1,1,1,0,1
2025-07-15 19:28:24,AWK,0,0,0,0,0,0,0,1,1,1,0,1
2025-07-15 19:28:25,AMP,0,0,0,0,0,0,0,1,1,1,0,1
2025-07-15 19:28:25,AME,0,0,0,0,0,0,0,1,1,1,0,1
2025-07-15 19:28:26,AMGN,0,0,1,0,0,0,0,1,1,1,0,1
2025-07-15 19:28:27,APH,0,0,0,0,0,0,0,0,1,1,0,1
2025-07-15 19:28:27,ADI,0,0,0,0,0,0,0,1,1,1,0,1
2025-07-15 19:28:28,ANSS,1,0,1,0,0,1,1,1,1,1,0,1
2025-07-15 19:30:10,MMM,0,0,0,0,0,0,0,1,1,0,0,1
2025-07-15 19:30:11,AOS,0,0,0,0,0,0,0,0,1,1,0,1
2025-07-15 19:30:12,ABT,0,0,0,0,0,1,0,1,1,1,0,1
2025-07-15 19:30:13,ABBV,1,0,1,0,0,0,1,1,1,1,0,1
2025-07-15 19:30:13,ACN,0,0,0,0,0,0,0,1,1,1,0,1
2025-07-15 19:30:14,ADBE,0,0,0,0,0,0,0,1,1,0,0,1
2025-07-15 19:30:15,AMD,1,0,1,0,0,0,1,1,1,1,1,1
2025-07-15 19:30:16,AES,1,0,1,0,0,1,1,0,1,1,1,1
2025-07-15 19:30:16,AFL,0,0,1,0,0,0,0,0,1,1,0,1
2025-07-15 19:30:17,A,0,0,1,0,0,0,0,1,1,1,0,1
2025-07-15 19:30:18,APD,0,0,0,0,0,0,0,1,1,1,0,1
2025-07-15 19:30:19,ABNB,0,0,0,0,0,0,0,1,1,1,0,1
2025-07-15 19:30:19,AKAM,0,0,0,0,0,0,0,0,1,1,0,1
2025-07-15 19:30:20,ALB,0,0,0,0,0,0,0,1,1,1,1,1
2025-07-15 19:30:21,ARE,0,0,0,0,0,0,0,1,1,1,0,1
2025-07-15 19:30:22,ALGN,0,0,0,0,0,0,0,1,1,1,1,1
2025-07-15 19:30:23,ALLE,0,0,0,0,0,0,0,1,1,1,0,1
2025-07-15 19:30:23,LNT,0,0,0,0,0,0,0,0,1,1,0,1
2025-07-15 19:30:25,ALL,0,0,1,0,0,0,0,1,1,1,0,1
2025-07-15 19:30:25,GOOGL,0,0,0,0,0,0,0,1,1,0,0,1
2025-07-15 19:30:26,GOOG,0,0,0,0,0,0,0,1,1,1,0,1
2025-07-15 19:30:27,MO,1,0,0,0,0,1,1,0,1,0,0,1
2025-07-15 19:30:28,AMZN,0,0,1,0,0,0,0,1,1,0,0,1
2025-07-15 19:30:28,AMCR,0,0,0,0,0,0,0,0,1,1,0,1
2025-07-15 19:30:29,AEE,0,0,0,0,0,0,0,0,1,0,0,1
2025-07-15 19:30:30,AEP,0,0,0,0,0,0,0,0,1,0,0,1
2025-07-15 19:30:31,AXP,0,0,0,0,0,0,0,1,1,1,0,1
2025-07-15 19:30:32,AIG,0,0,1,0,0,0,0,0,1,0,0,1
2025-07-15 19:30:32,AMT,1,0,1,0,0,0,1,1,1,1,0,1
2025-07-15 19:30:33,AWK,0,0,0,0,0,0,0,1,1,1,0,1
2025-07-15 19:30:38,AMP,0,0,0,0,0,0,0,1,1,1,0,1
2025-07-15 19:30:39,AME,0,0,0,0,0,0,0,1,1,1,0,1
2025-07-15 19:30:40,AMGN,0,0,1,0,0,0,0,1,1,1,0,1
2025-07-15 19:30:41,APH,0,0,0,0,0,0,0,0,1,1,0,1
2025-07-15 19:30:42,ADI,0,0,0,0,0,0,0,1,1,1,0,1
2025-07-15 19:30:42,ANSS,1,0,1,0,0,1,1,1,1,1,0,1
2025-07-15 19:30:43,AON,0,0,0,0,0,0,0,1,1,1,0,1
2025-07-15 19:30:44,APA,0,0,0,0,0,0,0,0,1,1,0,1
2025-07-15 19:30:45,APO,0,0,0,0,0,0,0,1,1,1,0,1
2025-07-15 19:30:45,AAPL,0,0,0,0,0,0,0,1,1,0,0,1
2025-07-15 19:30:47,AMAT,0,0,1,0,0,0,0,1,1,0,1,1
2025-07-15 19:30:48,APTV,0,0,0,0,0,0,0,0,1,1,0,1
2025-07-15 19:30:49,ACGL,0,0,0,0,0,0,0,0,1,1,0,1
2025-07-15 19:30:50,ADM,0,0,1,0,0,0,0,0,1,0,0,1
2025-07-15 19:30:51,ANET,0,0,1,0,0,0,0,1,1,1,0,1
2025-07-15 19:30:51,AJG,0,0,0,0,0,0,0,1,1,1,0,1
2025-07-15 19:30:52,AIZ,0,0,0,0,0,0,0,1,1,1,0,1
2025-07-15 19:30:53,T,0,0,0,0,0,1,0,0,1,0,0,1
2025-07-15 19:30:54,ATO,0,0,0,0,0,0,0,1,1,1,0,1
2025-07-15 19:30:55,ADSK,0,0,0,0,0,0,0,1,1,1,0,1
2025-07-15 19:30:55,ADP,0,0,0,0,0,0,0,1,1,1,0,1
2025-07-15 19:30:56,AZO,0,0,1,0,0,0,0,1,1,1,0,1
2025-07-15 19:30:57,AVB,0,0,0,0,0,0,0,1,1,1,0,1
2025-07-15 19:30:58,AVY,0,0,0,0,0,0,0,1,1,1,0,1
2025-07-15 19:30:58,AXON,0,0,0,0,0,0,0,1,1,1,0,1
2025-07-15 19:30:59,BKR,0,0,0,0,0,0,0,0,1,1,0,1
2025-07-15 19:31:00,BALL,0,0,1,0,0,0,0,0,1,1,0,1
2025-07-15 19:31:01,BAC,0,0,0,0,0,0,0,0,1,1,0,1
2025-07-15 19:31:02,BAX,0,0,0,0,0,0,0,0,1,1,0,1
2025-07-15 19:31:02,BDX,0,0,0,0,0,0,0,1,1,1,0,1
2025-07-15 19:31:03,BRK-B,0,0,0,0,0,0,0,1,1,0,0,1
2025-07-15 19:31:04,BBY,0,0,1,0,0,0,0,1,1,1,0,1
2025-07-15 19:31:05,TECH,0,0,1,0,0,0,0,1,1,1,0,1
2025-07-15 19:31:05,BIIB,0,0,0,0,0,0,0,1,1,1,0,1
2025-07-15 19:31:06,BLK,0,0,0,0,0,0,0,1,1,1,0,1
2025-07-15 19:31:07,BX,0,0,0,0,0,0,0,1,1,1,0,1
2025-07-15 19:31:08,BK,0,0,0,0,0,0,0,0,1,1,0,1
2025-07-15 19:31:08,BA,0,0,0,0,0,0,0,1,1,1,0,1
2025-07-15 19:31:09,BKNG,0,0,0,0,0,0,0,1,1,1,0,1
2025-07-15 19:31:10,BSX,0,0,0,0,0,0,0,0,1,1,0,1
2025-07-15 19:31:10,BMY,1,0,1,0,0,0,1,0,1,1,0,1
2025-07-15 19:31:11,AVGO,0,0,0,0,0,1,0,1,1,1,1,1
2025-07-15 19:31:12,BR,0,0,0,0,0,0,0,1,1,0,0,1
2025-07-15 19:31:12,BRO,0,0,0,0,0,0,0,0,1,1,0,1
2025-07-15 19:31:13,BF-B,0,0,0,0,0,0,0,0,1,1,0,1
2025-07-15 19:31:13,BLDR,0,0,0,0,0,0,0,1,1,1,0,1
2025-07-15 19:31:14,BG,0,0,1,0,0,0,0,1,1,1,0,1
2025-07-15 19:31:15,BXP,0,0,0,0,0,0,0,0,1,1,0,1
2025-07-15 19:31:16,CHRW,0,0,0,0,0,0,0,1,1,0,0,1
2025-07-15 19:31:16,CDNS,0,0,0,0,0,0,0,1,1,1,0,1
2025-07-15 19:31:17,CZR,0,0,1,0,0,0,0,0,1,1,0,1
2025-07-15 19:31:18,CPT,0,0,0,0,0,0,0,1,1,1,0,1
2025-07-15 19:31:18,CPB,0,0,1,0,0,0,0,0,1,1,0,1
2025-07-15 19:31:19,COF,0,0,0,0,0,0,0,1,1,1,0,1
2025-07-15 19:31:20,CAH,1,0,1,0,0,1,1,1,1,0,0,1
2025-07-15 19:31:20,KMX,0,0,1,0,0,0,0,1,1,1,1,1
2025-07-15 19:31:21,CCL,0,0,0,0,0,1,0,0,1,1,0,1
2025-07-15 19:31:21,CARR,0,0,0,0,0,0,0,0,1,1,0,1
2025-07-15 19:31:22,CAT,0,0,0,0,0,0,0,1,1,0,0,1
2025-07-15 19:31:23,CBOE,0,0,0,0,0,0,0,1,1,1,0,1
2025-07-15 19:31:23,CBRE,0,0,0,0,0,0,0,1,1,1,0,1
2025-07-15 19:31:24,CDW,0,0,0,0,0,0,0,1,1,1,0,1
2025-07-15 19:31:25,COR,0,0,1,0,0,0,0,1,1,1,0,1
2025-07-15 19:31:25,CNC,0,0,1,0,0,0,0,1,1,1,0,1
2025-07-15 19:31:26,CNP,0,0,0,0,0,0,0,0,1,0,0,1
2025-07-15 19:31:27,CF,0,0,0,0,0,0,0,1,1,1,0,1
2025-07-15 19:31:27,CRL,0,0,1,0,0,0,0,1,1,1,0,1
2025-07-15 19:31:28,SCHW,0,0,0,0,0,0,0,0,1,0,0,1
2025-07-15 19:31:28,CHTR,0,0,0,0,0,0,0,1,1,1,0,1
2025-07-15 19:31:29,CVX,0,0,0,0,0,0,0,1,1,0,0,1
2025-07-15 19:31:30,CMG,0,0,0,0,0,0,0,0,1,1,0,1
2025-07-15 19:31:30,CB,0,0,0,0,0,0,0,1,1,0,0,1
2025-07-15 19:31:31,CHD,0,0,0,0,0,0,0,0,1,1,0,1
2025-07-15 19:31:32,CI,1,0,1,0,0,1,1,1,1,1,0,1
2025-07-15 19:31:32,CINF,0,0,0,0,0,0,0,1,1,1,0,1
2025-07-15 19:31:33,CTAS,0,0,0,0,0,0,0,1,1,1,0,1
2025-07-15 19:31:34,CSCO,0,0,0,0,0,0,0,0,1,0,0,1
2025-07-15 19:31:34,C,0,0,0,0,0,1,0,0,1,1,1,1
2025-07-15 19:31:35,CFG,0,0,0,0,0,0,0,0,1,1,0,1
2025-07-15 19:31:36,CLX,0,0,1,0,0,0,0,1,1,1,0,1
2025-07-15 19:31:36,CME,1,0,1,0,0,1,1,1,1,0,0,1
2025-07-15 19:31:37,CMS,0,0,0,0,0,1,0,0,1,0,0,1
2025-07-15 19:31:38,KO,0,0,0,0,0,0,0,0,1,0,0,1
2025-07-15 19:31:38,CTSH,0,0,0,0,0,0,0,0,1,1,0,1
2025-07-15 19:31:39,COIN,1,1,1,0,0,0,1,1,1,1,0,1
2025-07-15 19:31:40,CL,0,0,0,0,0,0,0,0,1,1,0,1
2025-07-15 19:31:41,CMCSA,0,0,0,0,0,0,0,0,1,1,0,1
2025-07-15 19:31:42,CAG,0,0,0,0,0,0,0,0,1,1,0,1
2025-07-15 19:31:42,COP,0,0,0,0,0,0,0,1,1,1,0,1
2025-07-15 19:31:43,ED,0,0,0,0,0,0,0,0,1,0,0,1
2025-07-15 19:31:44,STZ,1,1,1,0,0,1,1,1,1,1,0,1
2025-07-15 19:31:44,CEG,0,0,0,0,0,0,0,1,1,1,0,1
2025-07-15 19:31:45,COO,0,0,0,0,0,0,0,0,1,1,0,1
2025-07-15 19:31:45,CPRT,0,0,1,0,0,0,0,0,1,1,0,1
2025-07-15 19:31:46,GLW,0,0,0,0,0,0,0,0,1,1,0,1
2025-07-15 19:31:47,CPAY,0,0,0,0,0,0,0,1,1,1,0,1
2025-07-15 19:31:47,CTVA,0,0,0,0,0,0,0,0,1,1,0,1
2025-07-15 19:31:48,CSGP,0,0,0,0,0,0,0,0,1,1,0,1
2025-07-15 19:31:48,COST,0,0,0,0,0,0,0,1,1,0,0,1
2025-07-15 19:31:49,CTRA,0,0,1,0,0,0,0,0,1,1,0,1
2025-07-15 19:31:49,CRWD,0,0,0,0,0,0,0,1,1,1,0,1
2025-07-15 19:31:50,CCI,0,0,1,0,0,0,0,1,1,1,0,1
2025-07-15 19:31:51,CSX,0,0,0,0,0,0,0,0,1,1,0,1
2025-07-15 19:31:51,CMI,1,0,1,0,0,1,1,1,1,0,0,1
2025-07-15 19:31:52,CVS,1,0,1,0,0,1,1,0,1,1,0,1
2025-07-15 19:31:53,DHR,0,0,0,0,0,0,0,1,1,1,0,1
2025-07-15 19:31:53,DRI,0,0,0,0,0,0,0,1,1,0,0,1
2025-07-15 19:31:54,DDOG,0,0,0,0,0,0,0,1,1,1,0,1
2025-07-15 19:31:54,DVA,1,0,1,0,0,0,1,1,1,1,0,1
2025-07-15 19:31:55,DAY,0,0,0,0,0,0,0,0,1,1,0,1
2025-07-15 19:31:56,DECK,0,0,0,0,0,0,0,1,1,1,0,1
2025-07-15 19:31:56,DE,0,0,0,0,0,0,0,1,1,1,0,1
2025-07-15 19:31:57,DELL,0,0,0,0,0,0,0,1,1,1,1,1
2025-07-15 19:31:58,DAL,0,0,0,0,0,0,0,1,1,1,0,1
2025-07-15 19:31:58,DVN,0,0,0,0,0,0,0,0,1,1,0,1
2025-07-15 19:31:59,DXCM,0,0,0,0,0,0,0,1,1,1,0,1
2025-07-15 19:32:00,FANG,0,0,0,0,0,0,0,1,1,1,0,1
2025-07-15 19:32:00,DLR,0,0,1,0,0,0,0,1,1,0,0,1
2025-07-15 19:32:01,DG,0,0,0,0,0,0,0,1,1,0,0,1
2025-07-15 19:32:02,DLTR,0,0,1,0,0,0,0,1,1,1,0,1
2025-07-15 19:32:02,D,0,0,0,0,0,0,0,0,1,1,0,1
2025-07-15 19:32:03,DPZ,0,0,0,0,0,0,0,1,1,1,0,1
2025-07-15 19:32:03,DASH,0,0,0,0,0,1,0,1,1,1,0,1
2025-07-15 19:32:04,DOV,0,0,0,0,0,0,0,1,1,1,1,1
2025-07-15 19:32:04,DOW,0,0,0,0,0,0,0,0,1,1,1,1
2025-07-15 19:32:05,DHI,0,0,1,0,0,0,0,1,1,1,0,1
2025-07-15 19:32:06,DTE,0,0,0,0,0,0,0,1,1,0,0,1
2025-07-15 19:32:06,DUK,0,0,0,0,0,1,0,0,1,1,0,1
2025-07-15 19:32:07,DD,0,0,0,0,0,0,0,0,1,1,1,1
2025-07-15 19:32:08,EMN,0,0,0,0,0,0,0,1,1,1,0,1
2025-07-15 19:32:08,ETN,0,0,0,0,0,0,0,1,1,1,1,1
2025-07-15 19:32:09,EBAY,0,0,0,0,0,0,0,0,1,1,0,1
2025-07-15 19:32:10,ECL,0,0,0,0,0,0,0,1,1,0,0,1
2025-07-15 19:32:10,EIX,0,0,0,0,0,0,0,0,1,1,0,1
2025-07-15 19:32:11,EW,0,0,0,0,0,0,0,0,1,1,0,1
2025-07-15 19:32:12,EA,0,0,0,0,0,1,0,1,1,1,0,1
2025-07-15 19:32:12,ELV,0,0,1,0,0,0,0,1,1,1,0,1
2025-07-15 19:32:13,EMR,0,0,0,0,0,0,0,1,1,0,0,1
2025-07-15 19:32:14,ENPH,1,1,1,0,0,0,1,1,1,1,0,1
2025-07-15 19:32:15,ETR,0,0,0,0,0,1,0,0,1,1,0,1
2025-07-15 19:32:15,EOG,0,0,0,0,0,0,0,1,1,1,0,1
2025-07-15 19:32:16,EPAM,0,0,0,0,0,0,0,1,1,1,0,1
2025-07-15 19:32:18,EQT,1,0,1,0,0,1,1,0,1,1,0,1
2025-07-15 19:32:19,EFX,0,0,0,0,0,0,0,1,1,1,0,1
2025-07-15 19:32:19,EQIX,0,0,0,0,0,0,0,1,1,1,0,1
2025-07-15 19:32:20,EQR,0,0,0,0,0,0,0,0,1,1,0,1
2025-07-15 19:32:21,ERIE,0,0,0,0,0,0,0,1,1,0,0,1
2025-07-15 19:32:22,ESS,0,0,0,0,0,0,0,1,1,1,0,1
2025-07-15 19:32:22,EL,0,0,1,0,0,0,0,1,1,1,0,1
2025-07-15 19:32:23,EG,0,0,0,0,0,0,0,1,1,1,0,1
2025-07-15 19:32:24,EVRG,0,0,0,0,0,0,0,0,1,1,0,1
2025-07-15 19:32:25,ES,0,0,0,0,0,0,0,0,1,1,0,1
2025-07-15 19:32:26,EXC,0,0,0,0,0,0,0,0,1,0,0,1
2025-07-15 19:32:26,EXE,0,0,0,0,0,0,0,1,1,1,0,1
2025-07-15 19:32:27,EXPE,0,0,1,0,0,0,0,1,1,1,0,1
2025-07-15 19:32:28,EXPD,0,0,0,0,0,0,0,1,1,1,0,1
2025-07-15 19:32:28,EXR,0,0,0,0,0,0,0,1,1,1,0,1
2025-07-15 19:32:29,XOM,0,0,1,0,0,0,0,0,1,0,0,1
2025-07-15 19:32:30,FFIV,0,0,0,0,0,0,0,1,1,1,0,1
2025-07-15 19:32:30,FDS,0,0,0,0,0,0,0,1,1,1,0,1
2025-07-15 19:32:31,FICO,1,0,1,0,0,1,1,1,1,1,0,1
2025-07-15 19:32:32,FAST,0,0,0,0,0,0,0,0,1,1,0,1
2025-07-15 19:32:33,FRT,0,0,0,0,0,0,0,0,1,1,0,1
2025-07-15 19:32:33,FDX,0,0,0,0,0,0,0,1,1,1,0,1
2025-07-15 19:32:34,FIS,0,0,0,0,0,0,0,0,1,0,0,1
2025-07-15 19:32:35,FITB,0,0,0,0,0,0,0,0,1,1,0,1
2025-07-15 19:32:35,FSLR,1,0,1,0,0,1,1,1,1,1,1,1
2025-07-15 19:32:36,FE,0,0,0,0,0,0,0,0,1,0,0,1
2025-07-15 19:32:37,FI,0,0,0,0,0,0,0,1,1,1,0,1
2025-07-15 19:32:37,F,0,0,1,0,0,0,0,0,1,1,0,1
2025-07-15 19:32:38,FTNT,0,0,0,0,0,1,0,1,1,1,0,1
2025-07-15 19:32:39,FTV,0,0,0,0,0,0,0,0,1,1,0,1
2025-07-15 19:32:39,FOXA,0,0,0,0,0,0,0,0,1,1,0,1
2025-07-15 19:32:40,FOX,0,0,0,0,0,0,0,0,1,1,0,1
2025-07-15 19:32:41,BEN,0,0,0,0,0,0,0,0,1,1,0,1
2025-07-15 19:32:42,FCX,1,0,1,1,0,1,1,0,1,1,0,1
2025-07-15 19:32:42,GRMN,0,0,0,0,0,0,0,1,1,0,0,1
2025-07-15 19:32:43,IT,0,0,0,0,0,0,0,1,1,1,0,1
2025-07-15 19:32:44,GE,1,0,1,0,0,1,1,1,1,0,0,1
2025-07-15 19:32:45,GEHC,1,0,1,1,0,1,1,0,1,1,0,1
2025-07-15 19:32:45,GEV,1,0,0,0,0,1,1,1,1,1,0,1
2025-07-15 19:32:46,GEN,0,0,0,0,0,0,0,0,1,0,0,1
2025-07-15 19:32:47,GNRC,0,0,0,0,0,0,0,1,1,1,0,1
2025-07-15 19:32:47,GD,0,0,0,0,0,0,0,1,1,1,0,1
2025-07-15 19:32:48,GIS,0,0,0,0,0,0,0,0,1,1,0,1
2025-07-15 19:32:49,GM,0,0,0,0,0,0,0,0,1,1,0,1
2025-07-15 19:32:49,GPC,0,0,0,0,0,0,0,1,1,1,0,1
2025-07-15 19:32:50,GILD,0,0,0,0,0,0,0,1,1,1,0,1
2025-07-15 19:32:51,GPN,0,0,0,0,0,0,0,0,1,1,0,1
2025-07-15 19:32:52,GL,0,0,0,0,0,0,0,1,1,1,0,1
2025-07-15 19:32:53,GDDY,0,0,0,0,0,0,0,1,1,0,0,1
2025-07-15 19:32:54,GS,0,0,0,0,0,0,0,1,1,1,0,1
2025-07-15 19:32:54,HAL,0,0,0,0,0,0,0,0,1,1,0,1
2025-07-15 19:32:55,HIG,0,0,0,0,0,0,0,1,1,1,0,1
2025-07-15 19:32:56,HAS,0,0,0,0,0,0,0,0,1,1,0,1
2025-07-15 19:32:57,HCA,1,0,1,0,0,0,1,1,1,1,0,1
2025-07-15 19:32:57,DOC,0,0,0,0,0,0,0,0,1,1,0,1
2025-07-15 19:32:58,HSIC,0,0,0,0,0,0,0,0,1,1,0,1
2025-07-15 19:32:59,HSY,0,0,0,0,0,0,0,1,1,1,0,1
2025-07-15 19:33:00,HES,0,0,0,0,0,0,0,1,1,0,0,1
2025-07-15 19:33:00,HPE,0,0,0,0,0,0,0,0,1,1,0,1
2025-07-15 19:33:01,HLT,0,0,0,0,0,0,0,1,1,1,0,1
2025-07-15 19:33:02,HOLX,0,0,0,0,0,0,0,0,1,1,0,1
2025-07-15 19:33:03,HD,0,0,1,0,0,0,0,1,1,1,0,1
2025-07-15 19:33:03,HON,0,0,0,0,0,0,0,1,1,0,0,1
2025-07-15 19:33:04,HRL,0,0,0,0,0,0,0,0,1,1,0,1
2025-07-15 19:33:05,HST,0,0,0,0,0,0,0,0,1,1,0,1
2025-07-15 19:33:06,HWM,0,0,0,0,0,1,0,1,1,1,0,1
2025-07-15 19:33:07,HPQ,0,0,0,0,0,0,0,0,1,1,0,1
2025-07-15 19:33:08,HUBB,0,0,0,0,0,0,0,1,1,1,0,1
2025-07-15 19:33:08,HUM,0,0,1,0,0,0,0,1,1,1,0,1
2025-07-15 19:33:09,HBAN,0,0,0,0,0,0,0,0,1,1,0,1
2025-07-15 19:33:10,HII,0,0,0,0,0,0,0,1,1,1,0,1
2025-07-15 19:33:11,IBM,0,0,0,0,0,1,0,1,1,0,0,1
2025-07-15 19:33:11,IEX,0,0,0,0,0,0,0,1,1,1,0,1
2025-07-15 19:33:12,IDXX,0,0,0,0,0,0,0,1,1,0,0,1
2025-07-15 19:33:13,ITW,0,0,0,0,0,0,0,1,1,0,0,1
2025-07-15 19:33:14,INCY,0,0,0,0,0,0,0,1,1,1,0,1
2025-07-15 19:33:14,IR,0,0,0,0,0,0,0,0,1,1,0,1
2025-07-15 19:33:15,PODD,0,0,0,0,0,0,0,1,1,0,0,1
2025-07-15 19:33:16,INTC,0,0,0,0,0,0,0,0,1,1,1,1
2025-07-15 19:33:17,ICE,0,0,0,0,0,0,0,1,1,0,0,1
2025-07-15 19:33:17,IFF,0,0,0,0,0,0,0,0,1,1,0,1
2025-07-15 19:33:18,IP,0,0,1,0,0,0,0,0,1,1,0,1
2025-07-15 19:33:19,IPG,0,0,0,0,0,0,0,0,1,1,0,1
2025-07-15 19:33:20,INTU,0,0,0,0,0,0,0,1,1,1,0,1
2025-07-15 19:33:20,ISRG,0,0,0,0,0,0,0,1,1,1,0,1
2025-07-15 19:33:21,IVZ,0,0,0,0,0,0,0,0,1,1,0,1
2025-07-15 19:33:22,INVH,0,0,0,0,0,0,0,0,1,1,0,1
2025-07-15 19:33:23,IQV,0,0,0,0,0,0,0,1,1,1,0,1
2025-07-15 19:33:23,IRM,0,0,0,0,0,0,0,1,1,1,0,1
2025-07-15 19:33:24,JBHT,0,0,0,0,0,0,0,1,1,1,0,1
2025-07-15 19:33:25,JBL,0,0,0,0,0,0,0,1,1,1,0,1
2025-07-15 19:33:26,JKHY,0,0,0,0,0,0,0,1,1,0,0,1
2025-07-15 19:33:27,J,0,0,0,0,0,0,0,1,1,1,0,1
2025-07-15 19:33:28,JNJ,0,0,0,0,0,0,0,1,1,1,0,1
2025-07-15 19:33:28,JCI,0,0,0,0,0,0,0,0,1,0,0,1
2025-07-15 19:33:29,JPM,0,0,0,0,0,0,0,1,1,1,0,1
2025-07-15 19:33:30,K,0,0,0,0,0,0,0,0,0,0,0,1
2025-07-15 19:33:31,KVUE,1,0,1,0,0,0,1,0,1,1,0,1
2025-07-15 19:33:31,KDP,0,0,0,0,0,0,0,0,1,1,0,1
2025-07-15 19:33:32,KEY,0,0,0,0,0,0,0,0,1,1,0,1
2025-07-15 19:33:33,KEYS,0,0,0,0,0,0,0,1,1,1,0,1
2025-07-15 19:33:34,KMB,0,0,1,0,0,0,0,1,1,0,0,1
2025-07-15 19:33:34,KIM,0,0,0,0,0,0,0,0,1,1,0,1
2025-07-15 19:33:35,KMI,0,0,1,0,0,0,0,0,1,1,0,1
2025-07-15 19:33:36,KKR,0,0,0,0,0,0,0,1,1,1,0,1
2025-07-15 19:33:36,KLAC,0,0,0,0,0,0,0,1,1,0,1,1
2025-07-15 19:33:37,KHC,0,0,1,0,0,0,0,0,1,1,0,1
2025-07-15 19:33:38,KR,1,0,1,0,0,1,1,0,1,0,0,1
2025-07-15 19:33:39,LHX,0,0,0,0,0,0,0,1,1,0,0,1
2025-07-15 19:33:39,LH,0,0,1,0,0,0,0,1,1,1,0,1
2025-07-15 19:33:40,LRCX,0,0,0,0,0,0,0,0,1,1,1,1
2025-07-15 19:33:41,LW,0,0,0,0,0,0,0,0,1,1,0,1
2025-07-15 19:33:42,LVS,0,0,0,0,0,0,0,0,1,0,0,1
2025-07-15 19:33:42,LDOS,0,0,0,0,0,0,0,1,1,1,0,1
2025-07-15 19:33:43,LEN,0,0,0,0,0,0,0,1,1,1,0,1
2025-07-15 19:33:44,LII,0,0,0,0,0,0,0,1,1,1,0,1
2025-07-15 19:33:44,LLY,1,0,1,0,0,0,1,1,1,1,0,1
2025-07-15 19:33:45,LIN,0,0,0,0,0,0,0,1,1,1,0,1
2025-07-15 19:33:46,LYV,0,0,0,0,0,0,0,1,1,1,0,1
2025-07-15 19:33:46,LKQ,0,0,0,0,0,0,0,0,1,1,0,1
2025-07-15 19:33:47,LMT,0,0,0,0,0,0,0,1,1,0,0,1
2025-07-15 19:33:48,L,0,0,0,0,0,0,0,0,1,1,0,1
2025-07-15 19:33:49,LOW,0,0,1,0,0,0,0,1,1,1,0,1
2025-07-15 19:33:49,LULU,0,0,1,0,0,0,0,1,1,1,0,1
2025-07-15 19:33:50,LYB,0,0,0,0,0,0,0,0,1,1,0,1
2025-07-15 19:33:51,MTB,0,0,0,0,0,0,0,1,1,1,0,1
2025-07-15 19:33:51,MPC,1,0,1,0,0,0,1,1,1,1,0,1
2025-07-15 19:33:52,MKTX,0,0,0,0,0,0,0,1,1,0,0,1
2025-07-15 19:33:53,MAR,0,0,0,0,0,0,0,1,1,1,0,1
2025-07-15 19:33:54,MMC,0,0,0,0,0,0,0,1,1,0,0,1
2025-07-15 19:33:54,MLM,0,0,0,0,0,0,0,1,1,1,0,1
2025-07-15 19:33:55,MAS,0,0,0,0,0,0,0,0,1,1,1,1
2025-07-15 19:33:56,MA,0,0,0,0,0,0,0,1,1,0,0,1
2025-07-15 19:33:57,MTCH,0,0,0,0,0,0,0,0,1,1,0,1
2025-07-15 19:33:57,MKC,0,0,0,0,0,0,0,0,1,1,0,1
2025-07-15 19:33:58,MCD,0,0,0,0,0,0,0,1,1,0,0,1
2025-07-15 19:33:59,MCK,0,0,1,0,0,0,0,1,1,0,0,1
2025-07-15 19:34:00,MDT,1,0,1,0,0,1,1,0,1,1,0,1
2025-07-15 19:34:01,MRK,0,0,1,0,0,0,0,0,1,1,0,1
2025-07-15 19:34:01,META,0,0,0,0,0,0,0,1,1,1,0,1
2025-07-15 19:34:02,MET,0,0,0,0,0,0,0,0,1,1,0,1
2025-07-15 19:34:03,MTD,0,0,0,0,0,0,0,1,1,1,0,1
2025-07-15 19:34:03,MGM,0,0,0,0,0,0,0,0,1,1,0,1
2025-07-15 19:34:04,MCHP,0,0,0,0,0,0,0,1,1,1,1,1
2025-07-15 19:34:05,MU,1,0,0,0,0,1,1,1,1,1,1,1
2025-07-15 19:34:06,MSFT,0,0,0,0,0,0,0,1,1,0,0,1
2025-07-15 19:34:06,MAA,0,0,0,0,0,0,0,1,1,1,0,1
2025-07-15 19:34:07,MRNA,1,0,1,0,0,0,1,0,1,1,0,1
2025-07-15 19:34:08,MHK,0,0,0,0,0,0,0,1,1,1,0,1
2025-07-15 19:34:09,MOH,1,0,1,0,0,0,1,1,1,1,0,1
2025-07-15 19:34:09,TAP,0,0,0,0,0,0,0,0,1,0,0,1
2025-07-15 19:34:10,MDLZ,0,0,0,0,0,0,0,0,1,0,0,1
2025-07-15 19:34:11,MPWR,0,0,0,0,0,0,0,1,1,1,1,1
2025-07-15 19:34:12,MNST,0,0,0,0,0,0,0,0,1,1,0,1
2025-07-15 19:34:12,MCO,0,0,0,0,0,0,0,1,1,1,0,1
2025-07-15 19:34:13,MS,0,0,0,0,0,0,0,1,1,1,0,1
2025-07-15 19:34:14,MOS,1,0,1,1,0,1,1,0,1,1,0,1
2025-07-15 19:34:14,MSI,0,0,0,0,0,0,0,1,1,1,0,1
2025-07-15 19:34:15,MSCI,0,0,0,0,0,0,0,1,1,1,0,1
2025-07-15 19:34:16,NDAQ,0,0,0,0,0,0,0,0,1,1,0,1
2025-07-15 19:34:16,NTAP,0,0,0,0,0,0,0,1,1,1,1,1
2025-07-15 19:34:17,NFLX,1,0,1,0,0,1,1,1,1,1,0,1
2025-07-15 19:34:18,NEM,1,0,0,1,0,1,1,0,1,1,0,1
2025-07-15 19:34:18,NWSA,0,0,0,0,0,0,0,0,1,1,1,1
2025-07-15 19:34:19,NWS,0,0,1,0,0,0,0,0,1,1,0,1
2025-07-15 19:34:20,NEE,0,0,0,0,0,0,0,1,1,1,0,1
2025-07-15 19:34:20,NKE,1,0,1,0,0,0,1,1,1,1,0,1
2025-07-15 19:34:21,NI,0,0,0,0,0,0,0,0,1,0,0,1
2025-07-15 19:34:22,NDSN,0,0,0,0,0,0,0,1,1,1,0,1
2025-07-15 19:34:22,NSC,0,0,0,0,0,0,0,1,1,0,0,1
2025-07-15 19:34:23,NTRS,0,0,0,0,0,0,0,1,1,1,0,1
2025-07-15 19:34:24,NOC,0,0,0,0,0,0,0,1,1,0,0,1
2025-07-15 19:34:24,NCLH,0,0,0,0,0,0,0,0,1,1,0,1
2025-07-15 19:34:25,NRG,0,0,0,0,0,0,0,1,1,1,0,1
2025-07-15 19:34:25,NUE,0,0,0,0,0,0,0,1,1,1,0,1
2025-07-15 19:34:26,NVDA,1,0,1,0,0,0,1,1,1,1,1,1
2025-07-15 19:34:27,NVR,0,0,0,0,0,0,0,1,1,1,0,1
2025-07-15 19:34:27,NXPI,0,0,0,0,0,0,0,1,1,1,1,1
2025-07-15 19:34:28,ORLY,0,0,0,0,0,0,0,0,1,1,0,1
2025-07-15 19:34:29,OXY,0,0,1,0,0,0,0,0,1,1,0,1
2025-07-15 19:34:29,ODFL,0,0,0,0,0,0,0,1,1,1,0,1
2025-07-15 19:34:30,OMC,0,0,0,0,0,0,0,0,1,1,1,1
2025-07-15 19:34:31,ON,0,0,1,0,0,0,0,0,1,1,1,1
2025-07-15 19:34:31,OKE,0,0,0,0,0,0,0,0,1,1,0,1
2025-07-15 19:34:32,ORCL,1,0,0,0,0,1,1,1,1,1,1,1
2025-07-15 19:34:33,OTIS,0,0,0,0,0,0,0,0,1,1,1,1
2025-07-15 19:34:33,PCAR,0,0,0,0,0,0,0,1,1,0,0,1
2025-07-15 19:34:34,PKG,0,0,0,0,0,0,0,1,1,1,0,1
2025-07-15 19:34:34,PLTR,1,0,1,0,0,0,1,1,1,1,0,1
2025-07-15 19:34:35,PANW,0,0,0,0,0,1,0,1,1,1,0,1
2025-07-15 19:34:36,PARA,0,0,0,0,0,0,0,0,1,0,0,1
2025-07-15 19:34:36,PH,0,0,0,0,0,0,0,1,1,0,0,1
2025-07-15 19:34:37,PAYX,0,0,0,0,0,0,0,1,1,1,0,1
2025-07-15 19:34:38,PAYC,0,0,0,0,0,0,0,1,1,0,0,1
2025-07-15 19:34:38,PYPL,0,0,0,0,0,0,0,0,1,0,0,1
2025-07-15 19:34:39,PNR,0,0,0,0,0,0,0,0,1,1,0,1
2025-07-15 19:34:40,PEP,0,0,0,0,0,0,0,1,1,0,0,1
2025-07-15 19:34:40,PFE,0,0,1,0,0,0,0,0,1,1,0,1
2025-07-15 19:34:41,PCG,0,0,0,0,0,0,0,0,1,1,0,1
2025-07-15 19:34:42,PM,1,0,1,0,0,1,1,1,1,0,0,1
2025-07-15 19:34:43,PSX,0,0,0,0,0,0,0,1,1,0,0,1
2025-07-15 19:34:43,PNW,0,0,0,0,0,0,0,0,1,1,0,1
2025-07-15 19:34:44,PNC,0,0,0,0,0,0,0,1,1,1,0,1
2025-07-15 19:34:45,POOL,0,0,0,0,0,0,0,1,1,1,0,1
2025-07-15 19:34:45,PPG,0,0,0,0,0,0,0,1,1,1,0,1
2025-07-15 19:34:46,PPL,1,0,0,0,0,1,1,0,1,1,0,1
2025-07-15 19:34:47,PFG,0,0,0,0,0,0,0,0,1,1,0,1
2025-07-15 19:34:48,PG,0,0,0,0,0,0,0,1,1,0,0,1
2025-07-15 19:34:48,PGR,1,0,1,0,0,0,1,1,1,1,0,1
2025-07-15 19:34:49,PLD,0,0,0,0,0,0,0,1,1,1,0,1
2025-07-15 19:34:49,PRU,0,0,0,0,0,0,0,0,1,1,0,1
2025-07-15 19:34:50,PEG,0,0,0,0,0,0,0,0,1,1,0,1
2025-07-15 19:34:51,PTC,0,0,0,0,0,0,0,1,1,1,0,1
2025-07-15 19:34:51,PSA,0,0,0,0,0,0,0,1,1,1,0,1
2025-07-15 19:34:52,PHM,0,0,0,0,0,0,0,1,1,1,0,1
2025-07-15 19:34:53,PWR,0,0,0,0,0,0,0,1,1,1,0,1
2025-07-15 19:34:53,QCOM,0,0,0,0,0,0,0,1,1,1,1,1
2025-07-15 19:34:54,DGX,1,1,1,1,0,1,1,1,1,1,0,1
2025-07-15 19:34:55,RL,0,0,1,0,0,0,0,1,1,1,0,1
2025-07-15 19:34:55,RJF,0,0,0,0,0,0,0,1,1,1,0,1
2025-07-15 19:34:56,RTX,0,0,0,0,0,0,0,1,1,1,0,1
2025-07-15 19:34:57,O,0,0,0,0,0,0,0,0,1,1,0,1
2025-07-15 19:34:57,REG,0,0,0,0,0,0,0,0,1,1,0,1
2025-07-15 19:34:58,REGN,0,0,1,0,0,0,0,1,1,1,0,1
2025-07-15 19:34:59,RF,0,0,0,0,0,0,0,0,1,1,0,1
2025-07-15 19:35:00,RSG,0,0,0,0,0,0,0,1,1,0,0,1
2025-07-15 19:35:00,RMD,1,0,0,0,0,0,1,1,1,1,1,1
2025-07-15 19:35:01,RVTY,0,0,0,0,0,0,0,1,1,1,0,1
2025-07-15 19:35:01,ROK,0,0,0,0,0,0,0,1,1,1,0,1
2025-07-15 19:35:02,ROL,0,0,0,0,0,0,0,0,1,0,0,1
2025-07-15 19:35:03,ROP,0,0,0,0,0,0,0,1,1,0,0,1
2025-07-15 19:35:04,ROST,0,0,0,0,0,0,0,1,1,1,0,1
2025-07-15 19:35:04,RCL,1,0,0,0,0,1,1,1,1,1,0,1
2025-07-15 19:35:05,SPGI,0,0,0,0,0,0,0,1,1,1,0,1
2025-07-15 19:35:06,CRM,0,0,0,0,0,0,0,1,1,1,0,1
2025-07-15 19:35:07,SBAC,0,0,0,0,0,0,0,1,1,0,0,1
2025-07-15 19:35:07,SLB,0,0,0,0,0,0,0,0,1,1,0,1
2025-07-15 19:35:08,STX,0,0,0,0,0,1,0,1,1,1,0,1
2025-07-15 19:35:09,SRE,0,0,0,0,0,0,0,0,1,0,0,1
2025-07-15 19:35:09,NOW,0,0,0,0,0,0,0,1,1,1,0,1
2025-07-15 19:35:10,SHW,0,0,0,0,0,0,0,1,1,1,0,1
2025-07-15 19:35:11,SPG,0,0,0,0,0,0,0,1,1,1,0,1
2025-07-15 19:35:11,SWKS,0,0,0,0,0,0,0,1,1,1,1,1
2025-07-15 19:35:12,SJM,0,0,1,0,0,0,0,1,1,1,0,1
2025-07-15 19:35:13,SW,0,0,0,0,0,0,0,0,1,1,0,1
2025-07-15 19:35:13,SNA,0,0,0,0,0,0,0,1,1,1,0,1
2025-07-15 19:35:14,SOLV,0,0,0,0,0,0,0,0,1,1,1,1
2025-07-15 19:35:15,SO,0,0,0,0,0,0,0,0,1,0,0,1
2025-07-15 19:35:16,LUV,0,0,0,0,0,0,0,0,1,1,0,1
2025-07-15 19:35:17,SWK,0,0,0,0,0,0,0,1,1,1,1,1
2025-07-15 19:35:17,SBUX,0,0,1,0,0,0,0,1,1,1,0,1
2025-07-15 19:35:18,STT,0,0,1,0,0,0,0,1,1,1,0,1
2025-07-15 19:35:19,STLD,0,0,0,0,0,0,0,1,1,1,0,1
2025-07-15 19:35:19,STE,0,0,0,0,0,0,0,1,1,0,1,1
2025-07-15 19:35:20,SYK,0,0,0,0,0,1,0,1,1,0,0,1
2025-07-15 19:35:21,SMCI,0,0,1,0,0,1,0,1,1,1,1,1
2025-07-15 19:35:22,SYF,0,0,0,0,0,0,0,0,1,1,0,1
2025-07-15 19:35:22,SNPS,1,0,1,0,0,1,1,1,1,1,0,1
2025-07-15 19:35:23,SYY,0,0,0,0,0,0,0,0,1,1,0,1
2025-07-15 19:35:24,TMUS,0,0,0,0,0,0,0,1,1,0,0,1
2025-07-15 19:35:25,TROW,0,0,0,0,0,0,0,0,1,1,0,1
2025-07-15 19:35:25,TTWO,0,0,0,0,0,0,0,1,1,1,0,1
2025-07-15 19:35:26,TPR,1,0,1,0,0,1,1,1,1,1,0,1
2025-07-15 19:35:27,TRGP,0,0,1,0,0,0,0,1,1,1,0,1
2025-07-15 19:35:28,TGT,0,0,0,0,0,0,0,1,1,1,0,1
2025-07-15 19:35:28,TEL,0,0,0,0,0,0,0,1,1,1,0,1
2025-07-15 19:35:29,TDY,0,0,0,0,0,0,0,1,1,1,0,1
2025-07-15 19:35:30,TER,0,0,0,0,0,0,0,1,1,1,1,1
2025-07-15 19:35:31,TSLA,0,0,0,0,0,0,0,1,1,1,0,1
2025-07-15 19:35:31,TXN,0,0,0,0,0,0,0,1,1,1,0,1
2025-07-15 19:35:32,TPL,0,0,0,0,0,0,0,1,1,1,0,1
2025-07-15 19:35:33,TXT,0,0,0,0,0,0,0,0,1,1,0,1
2025-07-15 19:35:33,TMO,0,0,1,0,0,0,0,1,1,1,0,1
2025-07-15 19:35:34,TJX,0,0,0,0,0,0,0,0,1,1,0,1
2025-07-15 19:35:35,TKO,0,0,0,0,0,0,0,1,1,1,0,1
2025-07-15 19:35:36,TSCO,0,0,0,0,0,0,0,0,1,1,0,1
2025-07-15 19:35:37,TT,0,0,0,0,0,0,0,1,1,0,0,1
2025-07-15 19:35:37,TDG,0,0,0,0,0,0,0,1,1,1,0,1
2025-07-15 19:35:38,TRV,0,0,1,0,0,0,0,1,1,1,0,1
2025-07-15 19:35:39,TRMB,0,0,0,0,0,0,0,0,1,1,0,1
2025-07-15 19:35:40,TFC,0,0,0,0,0,0,0,0,1,1,0,1
2025-07-15 19:35:40,TYL,0,0,0,0,0,0,0,1,1,1,0,1
2025-07-15 19:35:41,TSN,0,0,0,0,0,0,0,0,1,1,0,1
2025-07-15 19:35:42,USB,0,0,0,0,0,0,0,0,1,1,0,1
2025-07-15 19:35:43,UBER,0,0,0,0,0,0,0,1,1,1,1,1
2025-07-15 19:35:43,UDR,0,0,0,0,0,0,0,0,1,1,0,1
2025-07-15 19:35:44,ULTA,0,0,1,0,0,0,0,1,1,1,0,1
2025-07-15 19:35:45,UNP,0,0,0,0,0,0,0,1,1,0,0,1
2025-07-15 19:35:46,UAL,0,0,0,0,0,0,0,1,1,1,0,1
2025-07-15 19:35:46,UPS,0,0,0,0,0,0,0,1,1,0,0,1
2025-07-15 19:35:47,URI,0,0,0,0,0,0,0,1,1,1,0,1
2025-07-15 19:35:48,UNH,0,0,1,0,0,0,0,1,1,1,0,1
2025-07-15 19:35:49,UHS,1,0,1,0,0,0,1,1,1,1,0,1
2025-07-15 19:35:49,VLO,0,0,1,0,0,0,0,1,1,1,0,1
2025-07-15 19:35:50,VTR,0,0,0,0,0,0,0,0,1,1,0,1
2025-07-15 19:35:51,VLTO,0,0,0,0,0,0,0,0,1,1,0,1
2025-07-15 19:35:52,VRSN,0,0,0,0,0,0,0,1,1,0,0,1
2025-07-15 19:35:53,VRSK,0,0,0,0,0,0,0,1,1,1,0,1
2025-07-15 19:35:54,VZ,0,0,0,0,0,0,0,0,1,0,0,1
2025-07-15 19:35:54,VRTX,0,0,1,0,0,0,0,1,1,1,0,1
2025-07-15 19:35:55,VTRS,0,0,0,0,0,0,0,0,1,1,0,1
2025-07-15 19:35:56,VICI,0,0,0,0,0,0,0,0,1,1,0,1
2025-07-15 19:35:57,V,0,0,0,0,0,0,0,1,1,0,0,1
2025-07-15 19:35:57,VST,0,0,0,0,0,0,0,1,1,1,0,1
2025-07-15 19:35:58,VMC,0,0,1,0,0,0,0,1,1,1,0,1
2025-07-15 19:35:59,WRB,0,0,0,0,0,0,0,0,1,1,0,1
2025-07-15 19:36:00,GWW,0,0,0,0,0,0,0,1,1,1,0,1
2025-07-15 19:36:00,WAB,0,0,0,0,0,0,0,1,1,0,0,1
2025-07-15 19:36:01,WBA,0,0,0,0,0,0,0,0,0,0,0,1
2025-07-15 19:36:02,WMT,0,0,0,0,0,1,0,0,1,0,0,1
2025-07-15 19:36:03,DIS,0,0,0,0,0,0,0,0,1,0,0,1
2025-07-15 19:36:03,WBD,0,0,0,0,0,0,0,0,1,1,0,1
2025-07-15 19:36:04,WM,0,0,0,0,0,0,0,1,1,0,0,1
2025-07-15 19:36:05,WAT,1,0,1,0,0,0,1,1,1,1,1,1
2025-07-15 19:36:06,WEC,0,0,0,0,0,0,0,0,1,1,0,1
2025-07-15 19:36:06,WFC,1,0,1,0,0,0,1,0,1,1,0,1
2025-07-15 19:36:07,WELL,1,0,0,0,0,1,1,1,1,1,0,1
2025-07-15 19:36:08,WST,0,0,0,0,0,0,0,1,1,1,0,1
2025-07-15 19:36:09,WDC,0,0,0,0,0,0,0,0,1,0,1,1
2025-07-15 19:36:10,WY,0,0,1,0,0,0,0,0,1,1,0,1
2025-07-15 19:36:10,WSM,0,0,0,0,0,0,0,1,1,1,0,1
2025-07-15 19:36:11,WMB,1,0,1,0,0,1,1,0,1,1,0,1
2025-07-15 19:36:12,WTW,1,0,1,0,0,0,1,1,1,1,0,1
2025-07-15 19:36:12,WDAY,0,0,0,0,0,1,0,1,1,1,0,1
2025-07-15 19:36:13,WYNN,1,0,1,0,0,1,1,1,1,1,0,1
2025-07-15 19:36:14,XEL,0,0,0,0,0,0,0,0,1,1,0,1
2025-07-15 19:36:15,XYL,0,0,0,0,0,0,0,0,1,1,0,1
2025-07-15 19:36:15,YUM,0,0,0,0,0,0,0,1,1,1,0,1
2025-07-15 19:36:16,ZBRA,0,0,0,0,0,0,0,1,1,1,0,1
2025-07-15 19:36:17,ZBH,0,0,0,0,0,0,0,1,1,1,1,1
2025-07-15 19:36:18,ZTS,0,0,1,0,0,0,0,1,1,1,0,1
2025-07-15 19:36:18,MMM,0,0,0,0,0,0,0,1,1,0,0,1
2025-07-15 19:36:19,AOS,0,0,0,0,0,0,0,0,1,1,0,1
2025-07-15 19:36:20,ABT,0,0,0,0,0,1,0,1,1,1,0,1
2025-07-15 19:36:21,ABBV,1,0,1,0,0,0,1,1,1,1,0,1
2025-07-15 19:36:21,ACN,0,0,0,0,0,0,0,1,1,1,0,1
2025-07-15 19:36:22,ADBE,0,0,0,0,0,0,0,1,1,0,0,1
2025-07-15 19:36:23,AMD,1,0,1,0,0,0,1,1,1,1,1,1
2025-07-15 19:36:24,AES,1,0,1,0,0,1,1,0,1,1,1,1
2025-07-15 19:36:25,AFL,0,0,1,0,0,0,0,0,1,1,0,1
2025-07-15 19:36:25,A,0,0,1,0,0,0,0,1,1,1,0,1
2025-07-15 19:36:26,APD,0,0,0,0,0,0,0,1,1,1,0,1
2025-07-15 19:36:27,ABNB,0,0,0,0,0,0,0,1,1,1,0,1
2025-07-15 19:36:27,AKAM,0,0,0,0,0,0,0,0,1,1,0,1
2025-07-15 19:36:28,ALB,0,0,0,0,0,0,0,1,1,1,1,1
2025-07-15 19:36:29,ARE,0,0,0,0,0,0,0,1,1,1,0,1
2025-07-15 19:36:30,ALGN,0,0,0,0,0,0,0,1,1,1,1,1
2025-07-15 19:36:30,ALLE,0,0,0,0,0,0,0,1,1,1,0,1
2025-07-15 19:36:31,LNT,0,0,0,0,0,0,0,0,1,1,0,1
2025-07-15 19:36:32,ALL,0,0,1,0,0,0,0,1,1,1,0,1
2025-07-15 19:36:32,GOOGL,0,0,0,0,0,0,0,1,1,0,0,1
2025-07-15 19:36:33,GOOG,0,0,0,0,0,0,0,1,1,1,0,1
2025-07-15 19:36:34,MO,1,0,0,0,0,1,1,0,1,0,0,1
2025-07-15 19:36:34,AMZN,0,0,1,0,0,0,0,1,1,0,0,1
2025-07-15 19:36:35,AMCR,0,0,0,0,0,0,0,0,1,1,0,1
2025-07-15 19:36:36,AEE,0,0,0,0,0,0,0,0,1,0,0,1
2025-07-15 19:36:37,AEP,0,0,0,0,0,0,0,0,1,0,0,1
2025-07-15 19:36:37,AXP,0,0,0,0,0,0,0,1,1,1,0,1
2025-07-15 19:36:38,AIG,0,0,1,0,0,0,0,0,1,0,0,1
2025-07-15 19:36:39,AMT,1,0,1,0,0,0,1,1,1,1,0,1
2025-07-15 19:36:39,AWK,0,0,0,0,0,0,0,1,1,1,0,1
2025-07-15 19:36:40,AMP,0,0,0,0,0,0,0,1,1,1,0,1
2025-07-15 19:36:41,AME,0,0,0,0,0,0,0,1,1,1,0,1
2025-07-15 19:36:42,AMGN,0,0,1,0,0,0,0,1,1,1,0,1
2025-07-15 19:36:42,APH,0,0,0,0,0,0,0,0,1,1,0,1
2025-07-15 19:36:43,ADI,0,0,0,0,0,0,0,1,1,1,0,1
2025-07-15 19:36:44,ANSS,1,0,1,0,0,1,1,1,1,1,0,1
2025-07-15 19:36:44,AON,0,0,0,0,0,0,0,1,1,1,0,1
2025-07-15 19:36:45,APA,0,0,0,0,0,0,0,0,1,1,0,1
2025-07-15 19:36:46,APO,0,0,0,0,0,0,0,1,1,1,0,1
2025-07-15 19:36:47,AAPL,0,0,0,0,0,0,0,1,1,0,0,1
2025-07-15 19:36:47,AMAT,0,0,1,0,0,0,0,1,1,0,1,1
2025-07-15 19:36:48,APTV,0,0,0,0,0,0,0,0,1,1,0,1
2025-07-15 19:36:49,ACGL,0,0,0,0,0,0,0,0,1,1,0,1
2025-07-15 19:36:49,ADM,0,0,1,0,0,0,0,0,1,0,0,1
2025-07-15 19:36:50,ANET,0,0,1,0,0,0,0,1,1,1,0,1
2025-07-15 19:36:51,AJG,0,0,0,0,0,0,0,1,1,1,0,1
2025-07-15 19:36:51,AIZ,0,0,0,0,0,0,0,1,1,1,0,1
2025-07-15 19:36:52,T,0,0,0,0,0,1,0,0,1,0,0,1
2025-07-15 19:36:53,ATO,0,0,0,0,0,0,0,1,1,1,0,1
2025-07-15 19:48:19,MMM,0,0,0,0,0,0,0,1,1,0,0,1
2025-07-15 19:48:20,AOS,0,0,0,0,0,0,0,0,1,1,0,1
2025-07-15 19:48:21,ABT,0,0,0,0,0,1,0,1,1,1,0,1
2025-07-15 19:48:22,ABBV,1,0,1,0,0,0,1,1,1,1,0,1
2025-07-15 19:48:22,ACN,0,0,0,0,0,0,0,1,1,1,0,1
2025-07-15 19:48:23,ADBE,0,0,0,0,0,0,0,1,1,0,0,1
2025-07-15 19:48:24,AMD,1,0,1,0,0,0,1,1,1,1,1,1
2025-07-15 19:48:24,AES,1,0,1,0,0,1,1,0,1,1,1,1
2025-07-15 19:48:25,AFL,0,0,1,0,0,0,0,0,1,1,0,1
2025-07-15 19:48:26,A,0,0,1,0,0,0,0,1,1,1,0,1
2025-07-15 19:48:27,APD,0,0,0,0,0,0,0,1,1,1,0,1
2025-07-15 19:48:27,ABNB,0,0,0,0,0,0,0,1,1,1,0,1
2025-07-15 19:48:28,AKAM,0,0,0,0,0,0,0,0,1,1,0,1
2025-07-15 19:48:29,ALB,0,0,0,0,0,0,0,1,1,1,1,1
2025-07-15 19:48:29,ARE,0,0,0,0,0,0,0,1,1,1,0,1
2025-07-15 19:48:30,ALGN,0,0,0,0,0,0,0,1,1,1,1,1
2025-07-15 19:48:31,ALLE,0,0,0,0,0,0,0,1,1,1,0,1
2025-07-15 19:48:31,LNT,0,0,0,0,0,0,0,0,1,1,0,1
2025-07-15 19:48:32,ALL,0,0,1,0,0,0,0,1,1,1,0,1
2025-07-15 19:48:33,GOOGL,0,0,0,0,0,0,0,1,1,0,0,1
2025-07-15 19:48:33,GOOG,0,0,0,0,0,0,0,1,1,1,0,1
2025-07-15 19:48:34,MO,1,0,0,0,0,1,1,0,1,0,0,1
2025-07-15 19:48:35,AMZN,0,0,1,0,0,0,0,1,1,0,0,1
2025-07-15 19:48:35,AMCR,0,0,0,0,0,0,0,0,1,1,0,1
2025-07-15 19:48:36,AEE,0,0,0,0,0,0,0,0,1,0,0,1
2025-07-15 19:48:37,AEP,0,0,0,0,0,0,0,0,1,0,0,1
2025-07-15 19:48:37,AXP,0,0,0,0,0,0,0,1,1,1,0,1
2025-07-15 19:48:38,AIG,0,0,1,0,0,0,0,0,1,0,0,1
2025-07-15 19:48:39,AMT,1,0,1,0,0,0,1,1,1,1,0,1
2025-07-15 19:48:40,AWK,0,0,0,0,0,0,0,1,1,1,0,1
2025-07-15 19:48:40,AMP,0,0,0,0,0,0,0,1,1,1,0,1
2025-07-15 19:48:41,AME,0,0,0,0,0,0,0,1,1,1,0,1
2025-07-15 19:48:42,AMGN,0,0,1,0,0,0,0,1,1,1,0,1
2025-07-15 19:48:42,APH,0,0,0,0,0,0,0,0,1,1,0,1
2025-07-15 19:48:43,ADI,0,0,0,0,0,0,0,1,1,1,0,1
2025-07-15 19:48:44,ANSS,1,0,1,0,0,1,1,1,1,1,0,1
2025-07-15 19:48:45,AON,0,0,0,0,0,0,0,1,1,1,0,1
2025-07-15 19:48:45,APA,0,0,0,0,0,0,0,0,1,1,0,1
2025-07-15 19:48:46,APO,0,0,0,0,0,0,0,1,1,1,0,1
2025-07-15 19:48:47,AAPL,0,0,0,0,0,0,0,1,1,0,0,1
2025-07-15 19:48:48,AMAT,0,0,1,0,0,0,0,1,1,0,1,1
2025-07-15 19:48:48,APTV,0,0,0,0,0,0,0,0,1,1,0,1
2025-07-15 19:48:49,ACGL,0,0,0,0,0,0,0,0,1,1,0,1
2025-07-15 19:48:50,ADM,0,0,1,0,0,0,0,0,1,0,0,1
2025-07-15 19:48:50,ANET,0,0,1,0,0,0,0,1,1,1,0,1
2025-07-15 19:48:51,AJG,0,0,0,0,0,0,0,1,1,1,0,1
2025-07-15 19:48:52,AIZ,0,0,0,0,0,0,0,1,1,1,0,1
2025-07-15 19:48:52,T,0,0,0,0,0,1,0,0,1,0,0,1
2025-07-15 19:48:53,ATO,0,0,0,0,0,0,0,1,1,1,0,1
2025-07-15 19:48:54,ADSK,0,0,0,0,0,0,0,1,1,1,0,1
2025-07-15 19:48:54,ADP,0,0,0,0,0,0,0,1,1,1,0,1
2025-07-15 19:48:55,AZO,0,0,1,0,0,0,0,1,1,1,0,1
2025-07-15 19:48:56,AVB,0,0,0,0,0,0,0,1,1,1,0,1
2025-07-15 19:48:57,AVY,0,0,0,0,0,0,0,1,1,1,0,1
2025-07-15 19:48:57,AXON,0,0,0,0,0,0,0,1,1,1,0,1
2025-07-15 19:48:58,BKR,0,0,0,0,0,0,0,0,1,1,0,1
2025-07-15 19:48:59,BALL,0,0,1,0,0,0,0,0,1,1,0,1
2025-07-15 19:49:00,BAC,0,0,0,0,0,0,0,0,1,1,0,1
2025-07-15 19:49:00,BAX,0,0,0,0,0,0,0,0,1,1,0,1
2025-07-15 19:49:01,BDX,0,0,0,0,0,0,0,1,1,1,0,1
2025-07-15 19:49:02,BRK-B,0,0,0,0,0,0,0,1,1,0,0,1
2025-07-15 19:49:02,BBY,0,0,1,0,0,0,0,1,1,1,0,1
2025-07-15 19:49:03,TECH,0,0,1,0,0,0,0,1,1,1,0,1
2025-07-15 19:49:04,BIIB,0,0,0,0,0,0,0,1,1,1,0,1
2025-07-15 19:49:05,BLK,0,0,0,0,0,0,0,1,1,1,0,1
2025-07-15 19:49:05,BX,0,0,0,0,0,0,0,1,1,1,0,1
2025-07-15 19:49:06,BK,0,0,0,0,0,0,0,0,1,1,0,1
2025-07-15 19:49:07,BA,0,0,0,0,0,0,0,1,1,1,0,1
2025-07-15 19:49:08,BKNG,0,0,0,0,0,0,0,1,1,1,0,1
2025-07-15 19:49:08,BSX,0,0,0,0,0,0,0,0,1,1,0,1
2025-07-15 19:49:09,BMY,1,0,1,0,0,0,1,0,1,1,0,1
2025-07-15 19:49:10,AVGO,0,0,0,0,0,1,0,1,1,1,1,1
2025-07-15 19:49:10,BR,0,0,0,0,0,0,0,1,1,0,0,1
2025-07-15 19:49:11,BRO,0,0,0,0,0,0,0,0,1,1,0,1
2025-07-15 19:49:12,BF-B,0,0,0,0,0,0,0,0,1,1,0,1
2025-07-15 19:49:13,BLDR,0,0,0,0,0,0,0,1,1,1,0,1
2025-07-15 19:49:13,BG,0,0,1,0,0,0,0,1,1,1,0,1
2025-07-15 19:49:14,BXP,0,0,0,0,0,0,0,0,1,1,0,1
2025-07-15 19:49:15,CHRW,0,0,0,0,0,0,0,1,1,0,0,1
2025-07-15 19:49:16,CDNS,0,0,0,0,0,0,0,1,1,1,0,1
2025-07-15 19:49:17,CZR,0,0,1,0,0,0,0,0,1,1,0,1
2025-07-15 19:49:17,CPT,0,0,0,0,0,0,0,1,1,1,0,1
2025-07-15 19:49:19,CPB,0,0,1,0,0,0,0,0,1,1,0,1
2025-07-15 19:49:19,COF,0,0,0,0,0,0,0,1,1,1,0,1
2025-07-15 19:49:20,CAH,1,0,1,0,0,1,1,1,1,0,0,1
2025-07-15 19:49:21,KMX,0,0,1,0,0,0,0,1,1,1,1,1
2025-07-15 19:49:21,CCL,0,0,0,0,0,1,0,0,1,1,0,1
2025-07-15 19:49:22,CARR,0,0,0,0,0,0,0,0,1,1,0,1
2025-07-15 19:49:23,CAT,0,0,0,0,0,0,0,1,1,0,0,1
2025-07-15 19:49:24,CBOE,0,0,0,0,0,0,0,1,1,1,0,1
2025-07-15 19:49:24,CBRE,0,0,0,0,0,0,0,1,1,1,0,1
2025-07-15 19:49:25,CDW,0,0,0,0,0,0,0,1,1,1,0,1
2025-07-15 19:49:26,COR,0,0,1,0,0,0,0,1,1,1,0,1
2025-07-15 19:49:26,CNC,0,0,1,0,0,0,0,1,1,1,0,1
2025-07-15 19:49:27,CNP,0,0,0,0,0,0,0,0,1,0,0,1
2025-07-15 19:49:28,CF,0,0,0,0,0,0,0,1,1,1,0,1
2025-07-15 19:49:29,CRL,0,0,1,0,0,0,0,1,1,1,0,1
2025-07-15 19:49:29,SCHW,0,0,0,0,0,0,0,0,1,0,0,1
2025-07-15 19:49:30,CHTR,0,0,0,0,0,0,0,1,1,1,0,1
2025-07-15 19:49:31,CVX,0,0,0,0,0,0,0,1,1,0,0,1
2025-07-15 19:49:32,CMG,0,0,0,0,0,0,0,0,1,1,0,1
2025-07-15 19:49:32,CB,0,0,0,0,0,0,0,1,1,0,0,1
2025-07-15 19:49:33,CHD,0,0,0,0,0,0,0,0,1,1,0,1
2025-07-15 19:49:34,CI,1,0,1,0,0,1,1,1,1,1,0,1
2025-07-15 19:49:35,CINF,0,0,0,0,0,0,0,1,1,1,0,1
2025-07-15 19:49:35,CTAS,0,0,0,0,0,0,0,1,1,1,0,1
2025-07-15 19:49:36,CSCO,0,0,0,0,0,0,0,0,1,0,0,1
2025-07-15 19:49:37,C,0,0,0,0,0,1,0,0,1,1,1,1
2025-07-15 19:49:38,CFG,0,0,0,0,0,0,0,0,1,1,0,1
2025-07-15 19:49:38,CLX,0,0,1,0,0,0,0,1,1,1,0,1
2025-07-15 19:49:39,CME,1,0,1,0,0,1,1,1,1,0,0,1
2025-07-15 19:49:40,CMS,0,0,0,0,0,1,0,0,1,0,0,1
2025-07-15 19:49:41,KO,0,0,0,0,0,0,0,0,1,0,0,1
2025-07-15 19:49:42,CTSH,0,0,0,0,0,0,0,0,1,1,0,1
2025-07-15 19:49:42,COIN,1,1,1,0,0,0,1,1,1,1,0,1
2025-07-15 19:49:43,CL,0,0,0,0,0,0,0,0,1,1,0,1
2025-07-15 19:49:44,CMCSA,0,0,0,0,0,0,0,0,1,1,0,1
2025-07-15 19:49:45,CAG,0,0,0,0,0,0,0,0,1,1,0,1
2025-07-15 19:49:45,COP,0,0,0,0,0,0,0,1,1,1,0,1
2025-07-15 19:49:46,ED,0,0,0,0,0,0,0,0,1,0,0,1
2025-07-15 19:49:47,STZ,1,1,1,0,0,1,1,1,1,1,0,1
2025-07-15 19:49:48,CEG,0,0,0,0,0,0,0,1,1,1,0,1
2025-07-15 19:49:48,COO,0,0,0,0,0,0,0,0,1,1,0,1
2025-07-15 19:49:49,CPRT,0,0,1,0,0,0,0,0,1,1,0,1
2025-07-15 19:49:50,GLW,0,0,0,0,0,0,0,0,1,1,0,1
2025-07-15 19:49:50,CPAY,0,0,0,0,0,0,0,1,1,1,0,1
2025-07-15 19:49:51,CTVA,0,0,0,0,0,0,0,0,1,1,0,1
2025-07-15 19:49:52,CSGP,0,0,0,0,0,0,0,0,1,1,0,1
2025-07-15 19:49:53,COST,0,0,0,0,0,0,0,1,1,0,0,1
2025-07-15 19:49:53,CTRA,0,0,1,0,0,0,0,0,1,1,0,1
2025-07-15 19:49:54,CRWD,0,0,0,0,0,0,0,1,1,1,0,1
2025-07-15 19:49:55,CCI,0,0,1,0,0,0,0,1,1,1,0,1
2025-07-15 19:49:55,CSX,0,0,0,0,0,0,0,0,1,1,0,1
2025-07-15 19:49:56,CMI,1,0,1,0,0,1,1,1,1,0,0,1
2025-07-15 19:49:57,CVS,1,0,1,0,0,1,1,0,1,1,0,1
2025-07-15 19:49:58,DHR,0,0,0,0,0,0,0,1,1,1,0,1
2025-07-15 19:49:59,DRI,0,0,0,0,0,0,0,1,1,0,0,1
2025-07-15 19:49:59,DDOG,0,0,0,0,0,0,0,1,1,1,0,1
2025-07-15 19:50:00,DVA,1,0,1,0,0,0,1,1,1,1,0,1
2025-07-15 19:50:01,DAY,0,0,0,0,0,0,0,0,1,1,0,1
2025-07-15 19:50:01,DECK,0,0,0,0,0,0,0,1,1,1,0,1
2025-07-15 19:50:02,DE,0,0,0,0,0,0,0,1,1,1,0,1
2025-07-15 19:50:03,DELL,0,0,0,0,0,0,0,1,1,1,1,1
2025-07-15 19:50:03,DAL,0,0,0,0,0,0,0,1,1,1,0,1
2025-07-15 19:50:04,DVN,0,0,0,0,0,0,0,0,1,1,0,1
2025-07-15 19:50:05,DXCM,0,0,0,0,0,0,0,1,1,1,0,1
2025-07-15 19:50:05,FANG,0,0,0,0,0,0,0,1,1,1,0,1
2025-07-15 19:50:06,DLR,0,0,1,0,0,0,0,1,1,0,0,1
2025-07-15 19:50:07,DG,0,0,0,0,0,0,0,1,1,0,0,1
2025-07-15 19:50:07,DLTR,0,0,1,0,0,0,0,1,1,1,0,1
2025-07-15 19:50:08,D,0,0,0,0,0,0,0,0,1,1,0,1
2025-07-15 19:50:09,DPZ,0,0,0,0,0,0,0,1,1,1,0,1
2025-07-15 19:50:10,DASH,0,0,0,0,0,1,0,1,1,1,0,1
2025-07-15 19:50:10,DOV,0,0,0,0,0,0,0,1,1,1,1,1
2025-07-15 19:50:11,DOW,0,0,0,0,0,0,0,0,1,1,1,1
2025-07-15 19:50:12,DHI,0,0,1,0,0,0,0,1,1,1,0,1
2025-07-15 19:50:12,DTE,0,0,0,0,0,0,0,1,1,0,0,1
2025-07-15 19:50:13,DUK,0,0,0,0,0,1,0,0,1,1,0,1
2025-07-15 19:50:14,DD,0,0,0,0,0,0,0,0,1,1,1,1
2025-07-15 19:50:14,EMN,0,0,0,0,0,0,0,1,1,1,0,1
2025-07-15 19:50:15,ETN,0,0,0,0,0,0,0,1,1,1,1,1
2025-07-15 19:50:16,EBAY,0,0,0,0,0,0,0,0,1,1,0,1
2025-07-15 19:50:17,ECL,0,0,0,0,0,0,0,1,1,0,0,1
2025-07-15 19:50:18,EIX,0,0,0,0,0,0,0,0,1,1,0,1
2025-07-15 19:50:18,EW,0,0,0,0,0,0,0,0,1,1,0,1
2025-07-15 19:50:19,EA,0,0,0,0,0,1,0,1,1,1,0,1
2025-07-15 19:50:20,ELV,0,0,1,0,0,0,0,1,1,1,0,1
2025-07-15 19:50:20,EMR,0,0,0,0,0,0,0,1,1,0,0,1
2025-07-15 19:50:21,ENPH,1,1,1,0,0,0,1,1,1,1,0,1
2025-07-15 19:50:22,ETR,0,0,0,0,0,1,0,0,1,1,0,1
2025-07-15 19:50:22,EOG,0,0,0,0,0,0,0,1,1,1,0,1
2025-07-15 19:50:23,EPAM,0,0,0,0,0,0,0,1,1,1,0,1
2025-07-15 19:50:24,EQT,1,0,1,0,0,1,1,0,1,1,0,1
2025-07-15 19:50:24,EFX,0,0,0,0,0,0,0,1,1,1,0,1
2025-07-15 19:50:25,EQIX,0,0,0,0,0,0,0,1,1,1,0,1
2025-07-15 19:50:26,EQR,0,0,0,0,0,0,0,0,1,1,0,1
2025-07-15 19:50:27,ERIE,0,0,0,0,0,0,0,1,1,0,0,1
2025-07-15 19:50:27,ESS,0,0,0,0,0,0,0,1,1,1,0,1
2025-07-15 19:50:28,EL,0,0,1,0,0,0,0,1,1,1,0,1
2025-07-15 19:50:29,EG,0,0,0,0,0,0,0,1,1,1,0,1
2025-07-15 19:50:29,EVRG,0,0,0,0,0,0,0,0,1,1,0,1
2025-07-15 19:50:30,ES,0,0,0,0,0,0,0,0,1,1,0,1
2025-07-15 19:50:31,EXC,0,0,0,0,0,0,0,0,1,0,0,1
2025-07-15 19:50:31,EXE,0,0,0,0,0,0,0,1,1,1,0,1
2025-07-15 19:50:32,EXPE,0,0,1,0,0,0,0,1,1,1,0,1
2025-07-15 19:50:32,EXPD,0,0,0,0,0,0,0,1,1,1,0,1
2025-07-15 19:50:33,EXR,0,0,0,0,0,0,0,1,1,1,0,1
2025-07-15 19:50:34,XOM,0,0,1,0,0,0,0,0,1,0,0,1
2025-07-15 19:50:34,FFIV,0,0,0,0,0,0,0,1,1,1,0,1
2025-07-15 19:50:35,FDS,0,0,0,0,0,0,0,1,1,1,0,1
2025-07-15 19:50:36,FICO,1,0,1,0,0,1,1,1,1,1,0,1
2025-07-15 19:50:37,FAST,0,0,0,0,0,0,0,0,1,1,0,1
2025-07-15 19:50:37,FRT,0,0,0,0,0,0,0,0,1,1,0,1
2025-07-15 19:50:38,FDX,0,0,0,0,0,0,0,1,1,1,0,1
2025-07-15 19:50:38,FIS,0,0,0,0,0,0,0,0,1,0,0,1
2025-07-15 19:50:39,FITB,0,0,0,0,0,0,0,0,1,1,0,1
2025-07-15 19:50:40,FSLR,1,0,1,0,0,1,1,1,1,1,1,1
2025-07-15 19:50:40,FE,0,0,0,0,0,0,0,0,1,0,0,1
2025-07-15 19:50:41,FI,0,0,0,0,0,0,0,1,1,1,0,1
2025-07-15 19:50:41,F,0,0,1,0,0,0,0,0,1,1,0,1
2025-07-15 19:50:42,FTNT,0,0,0,0,0,1,0,1,1,1,0,1
2025-07-15 19:50:42,FTV,0,0,0,0,0,0,0,0,1,1,0,1
2025-07-15 19:50:43,FOXA,0,0,0,0,0,0,0,0,1,1,0,1
2025-07-15 19:50:43,FOX,0,0,0,0,0,0,0,0,1,1,0,1
2025-07-15 19:50:44,BEN,0,0,0,0,0,0,0,0,1,1,0,1
2025-07-15 19:50:44,FCX,1,0,1,1,0,1,1,0,1,1,0,1
2025-07-15 19:57:51,MMM,0,0,0,0,0,0,0,1,1,0,0,1
2025-07-15 19:57:52,AOS,0,0,0,0,0,0,0,0,1,1,0,1
2025-07-15 19:57:53,ABT,0,0,0,0,0,1,0,1,1,1,0,1
2025-07-15 19:57:53,ABBV,1,0,1,0,0,0,1,1,1,1,0,1
2025-07-15 19:57:54,ACN,0,0,0,0,0,0,0,1,1,1,0,1
2025-07-15 19:57:55,ADBE,0,0,0,0,0,0,0,1,1,0,0,1
2025-07-15 19:57:55,AMD,1,0,1,0,0,0,1,1,1,1,1,1
2025-07-15 19:57:56,AES,1,0,1,0,0,1,1,0,1,1,1,1
2025-07-15 19:57:57,AFL,0,0,1,0,0,0,0,0,1,1,0,1
2025-07-15 19:57:57,A,0,0,1,0,0,0,0,1,1,1,0,1
2025-07-15 19:57:58,APD,0,0,0,0,0,0,0,1,1,1,0,1
2025-07-15 19:57:59,ABNB,0,0,0,0,0,0,0,1,1,1,0,1
2025-07-15 19:58:00,AKAM,0,0,0,0,0,0,0,0,1,1,0,1
2025-07-15 19:58:00,ALB,0,0,0,0,0,0,0,1,1,1,1,1
2025-07-15 19:58:01,ARE,0,0,0,0,0,0,0,1,1,1,0,1
2025-07-15 19:58:02,ALGN,0,0,0,0,0,0,0,1,1,1,1,1
2025-07-15 19:58:03,ALLE,0,0,0,0,0,0,0,1,1,1,0,1
2025-07-15 19:58:03,LNT,0,0,0,0,0,0,0,0,1,1,0,1
2025-07-15 19:58:04,ALL,0,0,1,0,0,0,0,1,1,1,0,1
2025-07-15 19:58:05,GOOGL,0,0,0,0,0,0,0,1,1,0,0,1
2025-07-15 19:58:05,GOOG,0,0,0,0,0,0,0,1,1,1,0,1
2025-07-15 19:58:06,MO,1,0,0,0,0,1,1,0,1,0,0,1
2025-07-15 19:58:07,AMZN,0,0,1,0,0,0,0,1,1,0,0,1
2025-07-15 19:58:08,AMCR,0,0,0,0,0,0,0,0,1,1,0,1
2025-07-15 19:58:08,AEE,0,0,0,0,0,0,0,0,1,0,0,1
2025-07-15 19:58:09,AEP,0,0,0,0,0,0,0,0,1,0,0,1
2025-07-15 19:58:10,AXP,0,0,0,0,0,0,0,1,1,1,0,1
2025-07-15 19:58:10,AIG,0,0,1,0,0,0,0,0,1,0,0,1
2025-07-15 19:58:11,AMT,1,0,1,0,0,0,1,1,1,1,0,1
2025-07-15 19:58:12,AWK,0,0,0,0,0,0,0,1,1,1,0,1
2025-07-15 19:58:12,AMP,0,0,0,0,0,0,0,1,1,1,0,1
2025-07-15 19:58:13,AME,0,0,0,0,0,0,0,1,1,1,0,1
2025-07-15 19:58:14,AMGN,0,0,1,0,0,0,0,1,1,1,0,1
2025-07-15 19:58:14,APH,0,0,0,0,0,0,0,0,1,1,0,1
2025-07-15 19:58:15,ADI,0,0,0,0,0,0,0,1,1,1,0,1
2025-07-15 19:58:16,ANSS,1,0,1,0,0,1,1,1,1,1,0,1
2025-07-15 19:58:17,AON,0,0,0,0,0,0,0,1,1,1,0,1
2025-07-15 19:58:17,APA,0,0,0,0,0,0,0,0,1,1,0,1
2025-07-15 19:58:18,APO,0,0,0,0,0,0,0,1,1,1,0,1
2025-07-15 19:58:19,AAPL,0,0,0,0,0,0,0,1,1,0,0,1
2025-07-15 19:58:19,AMAT,0,0,1,0,0,0,0,1,1,0,1,1
2025-07-15 19:58:20,APTV,0,0,0,0,0,0,0,0,1,1,0,1
2025-07-15 19:58:21,ACGL,0,0,0,0,0,0,0,0,1,1,0,1
2025-07-15 19:58:21,ADM,0,0,1,0,0,0,0,0,1,0,0,1
2025-07-15 19:58:22,ANET,0,0,1,0,0,0,0,1,1,1,0,1
2025-07-15 19:58:23,AJG,0,0,0,0,0,0,0,1,1,1,0,1
2025-07-15 19:58:23,AIZ,0,0,0,0,0,0,0,1,1,1,0,1
2025-07-15 19:58:24,T,0,0,0,0,0,1,0,0,1,0,0,1
2025-07-15 19:58:25,ATO,0,0,0,0,0,0,0,1,1,1,0,1
2025-07-15 19:58:25,ADSK,0,0,0,0,0,0,0,1,1,1,0,1
2025-07-15 19:58:26,ADP,0,0,0,0,0,0,0,1,1,1,0,1
2025-07-15 19:58:27,AZO,0,0,1,0,0,0,0,1,1,1,0,1
2025-07-15 19:58:27,AVB,0,0,0,0,0,0,0,1,1,1,0,1
2025-07-15 19:58:28,AVY,0,0,0,0,0,0,0,1,1,1,0,1
2025-07-15 19:58:29,AXON,0,0,0,0,0,0,0,1,1,1,0,1
2025-07-15 19:58:29,BKR,0,0,0,0,0,0,0,0,1,1,0,1
2025-07-15 19:58:30,BALL,0,0,1,0,0,0,0,0,1,1,0,1
2025-07-15 19:58:31,BAC,0,0,0,0,0,0,0,0,1,1,0,1
2025-07-15 19:58:32,BAX,0,0,0,0,0,0,0,0,1,1,0,1
2025-07-15 19:58:32,BDX,0,0,0,0,0,0,0,1,1,1,0,1
2025-07-15 19:58:33,BRK-B,0,0,0,0,0,0,0,1,1,0,0,1
2025-07-15 19:58:33,BBY,0,0,1,0,0,0,0,1,1,1,0,1
2025-07-15 19:58:34,TECH,0,0,1,0,0,0,0,1,1,1,0,1
2025-07-15 19:58:34,BIIB,0,0,0,0,0,0,0,1,1,1,0,1
2025-07-15 19:58:35,BLK,0,0,0,0,0,0,0,1,1,1,0,1
2025-07-15 19:58:36,BX,0,0,0,0,0,0,0,1,1,1,0,1
2025-07-15 19:58:36,BK,0,0,0,0,0,0,0,0,1,1,0,1
2025-07-15 19:58:37,BA,0,0,0,0,0,0,0,1,1,1,0,1
2025-07-15 19:58:38,BKNG,0,0,0,0,0,0,0,1,1,1,0,1
2025-07-15 19:59:05,MMM,0,0,0,0,0,0,0,1,1,0,0,1
2025-07-15 19:59:05,AOS,0,0,0,0,0,0,0,0,1,1,0,1
2025-07-15 19:59:07,ABT,0,0,0,0,0,1,0,1,1,1,0,1
2025-07-15 19:59:08,ABBV,1,0,1,0,0,0,1,1,1,1,0,1
2025-07-15 19:59:09,ACN,0,0,0,0,0,0,0,1,1,1,0,1
2025-07-15 19:59:09,ADBE,0,0,0,0,0,0,0,1,1,0,0,1
2025-07-15 19:59:10,AMD,1,0,1,0,0,0,1,1,1,1,1,1
2025-07-15 19:59:10,AES,1,0,1,0,0,1,1,0,1,1,1,1
2025-07-15 19:59:11,AFL,0,0,1,0,0,0,0,0,1,1,0,1
2025-07-15 19:59:12,A,0,0,1,0,0,0,0,1,1,1,0,1
2025-07-15 19:59:12,APD,0,0,0,0,0,0,0,1,1,1,0,1
2025-07-15 19:59:13,ABNB,0,0,0,0,0,0,0,1,1,1,0,1
2025-07-15 19:59:13,AKAM,0,0,0,0,0,0,0,0,1,1,0,1
2025-07-15 19:59:14,ALB,0,0,0,0,0,0,0,1,1,1,1,1
2025-07-15 19:59:15,ARE,0,0,0,0,0,0,0,1,1,1,0,1
2025-07-15 19:59:15,ALGN,0,0,0,0,0,0,0,1,1,1,1,1
2025-07-15 19:59:16,ALLE,0,0,0,0,0,0,0,1,1,1,0,1
2025-07-15 19:59:17,LNT,0,0,0,0,0,0,0,0,1,1,0,1
2025-07-15 19:59:17,ALL,0,0,1,0,0,0,0,1,1,1,0,1
2025-07-15 19:59:18,GOOGL,0,0,0,0,0,0,0,1,1,0,0,1
2025-07-15 19:59:19,GOOG,0,0,0,0,0,0,0,1,1,1,0,1
2025-07-15 19:59:19,MO,1,0,0,0,0,1,1,0,1,0,0,1
2025-07-15 19:59:20,AMZN,0,0,1,0,0,0,0,1,1,0,0,1
2025-07-15 19:59:21,AMCR,0,0,0,0,0,0,0,0,1,1,0,1
2025-07-15 19:59:21,AEE,0,0,0,0,0,0,0,0,1,0,0,1
2025-07-15 19:59:22,AEP,0,0,0,0,0,0,0,0,1,0,0,1
2025-07-15 19:59:23,AXP,0,0,0,0,0,0,0,1,1,1,0,1
2025-07-15 19:59:23,AIG,0,0,1,0,0,0,0,0,1,0,0,1
2025-07-15 19:59:24,AMT,1,0,1,0,0,0,1,1,1,1,0,1
2025-07-15 19:59:25,AWK,0,0,0,0,0,0,0,1,1,1,0,1
2025-07-15 19:59:25,AMP,0,0,0,0,0,0,0,1,1,1,0,1
2025-07-15 19:59:26,AME,0,0,0,0,0,0,0,1,1,1,0,1
2025-07-15 19:59:26,AMGN,0,0,1,0,0,0,0,1,1,1,0,1
2025-07-15 19:59:27,APH,0,0,0,0,0,0,0,0,1,1,0,1
2025-07-15 19:59:29,ADI,0,0,0,0,0,0,0,1,1,1,0,1
2025-07-15 19:59:29,ANSS,1,0,1,0,0,1,1,1,1,1,0,1
2025-07-15 19:59:30,AON,0,0,0,0,0,0,0,1,1,1,0,1
2025-07-15 19:59:31,APA,0,0,0,0,0,0,0,0,1,1,0,1
2025-07-15 19:59:31,APO,0,0,0,0,0,0,0,1,1,1,0,1
2025-07-15 19:59:32,AAPL,0,0,0,0,0,0,0,1,1,0,0,1
2025-07-15 19:59:33,AMAT,0,0,1,0,0,0,0,1,1,0,1,1
2025-07-15 19:59:33,APTV,0,0,0,0,0,0,0,0,1,1,0,1
2025-07-15 19:59:34,ACGL,0,0,0,0,0,0,0,0,1,1,0,1
2025-07-15 19:59:34,ADM,0,0,1,0,0,0,0,0,1,0,0,1
2025-07-15 19:59:35,ANET,0,0,1,0,0,0,0,1,1,1,0,1
2025-07-15 19:59:36,AJG,0,0,0,0,0,0,0,1,1,1,0,1
2025-07-15 19:59:36,AIZ,0,0,0,0,0,0,0,1,1,1,0,1
2025-07-15 19:59:37,T,0,0,0,0,0,1,0,0,1,0,0,1
2025-07-15 19:59:37,ATO,0,0,0,0,0,0,0,1,1,1,0,1
2025-07-15 19:59:38,ADSK,0,0,0,0,0,0,0,1,1,1,0,1
2025-07-15 19:59:39,ADP,0,0,0,0,0,0,0,1,1,1,0,1
2025-07-15 19:59:39,AZO,0,0,1,0,0,0,0,1,1,1,0,1
2025-07-15 19:59:40,AVB,0,0,0,0,0,0,0,1,1,1,0,1
2025-07-15 19:59:40,AVY,0,0,0,0,0,0,0,1,1,1,0,1
2025-07-15 19:59:41,AXON,0,0,0,0,0,0,0,1,1,1,0,1
2025-07-15 19:59:42,BKR,0,0,0,0,0,0,0,0,1,1,0,1
2025-07-15 19:59:42,BALL,0,0,1,0,0,0,0,0,1,1,0,1
2025-07-15 19:59:43,BAC,0,0,0,0,0,0,0,0,1,1,0,1
2025-07-15 19:59:44,BAX,0,0,0,0,0,0,0,0,1,1,0,1
2025-07-15 19:59:44,BDX,0,0,0,0,0,0,0,1,1,1,0,1
2025-07-15 19:59:45,BRK-B,0,0,0,0,0,0,0,1,1,0,0,1
2025-07-15 19:59:45,BBY,0,0,1,0,0,0,0,1,1,1,0,1
2025-07-15 19:59:46,TECH,0,0,1,0,0,0,0,1,1,1,0,1
2025-07-15 19:59:47,BIIB,0,0,0,0,0,0,0,1,1,1,0,1
2025-07-15 19:59:47,BLK,0,0,0,0,0,0,0,1,1,1,0,1
2025-07-15 19:59:48,BX,0,0,0,0,0,0,0,1,1,1,0,1
2025-07-15 19:59:49,BK,0,0,0,0,0,0,0,0,1,1,0,1
2025-07-15 19:59:49,BA,0,0,0,0,0,0,0,1,1,1,0,1
2025-07-15 19:59:50,BKNG,0,0,0,0,0,0,0,1,1,1,0,1
2025-07-15 19:59:50,BSX,0,0,0,0,0,0,0,0,1,1,0,1
2025-07-15 19:59:51,BMY,1,0,1,0,0,0,1,0,1,1,0,1
2025-07-15 19:59:52,AVGO,0,0,0,0,0,1,0,1,1,1,1,1
2025-07-15 19:59:52,BR,0,0,0,0,0,0,0,1,1,0,0,1
2025-07-15 19:59:53,BRO,0,0,0,0,0,0,0,0,1,1,0,1
2025-07-15 19:59:53,BF-B,0,0,0,0,0,0,0,0,1,1,0,1
2025-07-15 19:59:54,BLDR,0,0,0,0,0,0,0,1,1,1,0,1
2025-07-15 19:59:55,BG,0,0,1,0,0,0,0,1,1,1,0,1
2025-07-15 19:59:55,BXP,0,0,0,0,0,0,0,0,1,1,0,1
2025-07-15 19:59:56,CHRW,0,0,0,0,0,0,0,1,1,0,0,1
2025-07-15 19:59:56,CDNS,0,0,0,0,0,0,0,1,1,1,0,1
2025-07-15 19:59:57,CZR,0,0,1,0,0,0,0,0,1,1,0,1
2025-07-15 19:59:58,CPT,0,0,0,0,0,0,0,1,1,1,0,1
2025-07-15 19:59:58,CPB,0,0,1,0,0,0,0,0,1,1,0,1
2025-07-15 19:59:59,COF,0,0,0,0,0,0,0,1,1,1,0,1
2025-07-15 20:00:00,CAH,1,0,1,0,0,1,1,1,1,0,0,1
2025-07-15 20:00:00,KMX,0,0,1,0,0,0,0,1,1,1,1,1
2025-07-15 20:00:01,CCL,0,0,0,0,0,1,0,0,1,1,0,1
2025-07-15 20:00:01,CARR,0,0,0,0,0,0,0,0,1,1,0,1
2025-07-15 20:00:02,CAT,0,0,0,0,0,0,0,1,1,0,0,1
2025-07-15 20:00:03,CBOE,0,0,0,0,0,0,0,1,1,1,0,1
2025-07-15 20:00:03,CBRE,0,0,0,0,0,0,0,1,1,1,0,1
2025-07-15 20:00:04,CDW,0,0,0,0,0,0,0,1,1,1,0,1
2025-07-15 20:00:05,COR,0,0,1,0,0,0,0,1,1,1,0,1
2025-07-15 20:00:05,CNC,0,0,1,0,0,0,0,1,1,1,0,1
2025-07-15 20:00:06,CNP,0,0,0,0,0,0,0,0,1,0,0,1
2025-07-15 20:00:06,CF,0,0,0,0,0,0,0,1,1,1,0,1
2025-07-15 20:00:07,CRL,0,0,1,0,0,0,0,1,1,1,0,1
2025-07-15 20:00:08,SCHW,0,0,0,0,0,0,0,0,1,0,0,1
2025-07-15 20:00:08,CHTR,0,0,0,0,0,0,0,1,1,1,0,1
2025-07-15 20:00:09,CVX,0,0,0,0,0,0,0,1,1,0,0,1
2025-07-15 20:00:09,CMG,0,0,0,0,0,0,0,0,1,1,0,1
2025-07-15 20:00:10,CB,0,0,0,0,0,0,0,1,1,0,0,1
2025-07-15 20:00:11,CHD,0,0,0,0,0,0,0,0,1,1,0,1
2025-07-15 20:00:11,CI,1,0,1,0,0,1,1,1,1,1,0,1
2025-07-15 20:00:12,CINF,0,0,0,0,0,0,0,1,1,1,0,1
2025-07-15 20:00:12,CTAS,0,0,0,0,0,0,0,1,1,1,0,1
2025-07-15 20:00:13,CSCO,0,0,0,0,0,0,0,0,1,0,0,1
2025-07-15 20:00:14,C,0,0,0,0,0,1,0,0,1,1,1,1
2025-07-15 20:00:14,CFG,0,0,0,0,0,0,0,0,1,1,0,1
2025-07-15 20:00:15,CLX,0,0,1,0,0,0,0,1,1,1,0,1
2025-07-15 20:00:15,CME,1,0,1,0,0,1,1,1,1,0,0,1
2025-07-15 20:00:16,CMS,0,0,0,0,0,1,0,0,1,0,0,1
2025-07-15 20:00:17,KO,0,0,0,0,0,0,0,0,1,0,0,1
2025-07-15 20:00:17,CTSH,0,0,0,0,0,0,0,0,1,1,0,1
2025-07-15 20:00:18,COIN,1,1,1,0,0,0,1,1,1,1,0,1
2025-07-15 20:00:18,CL,0,0,0,0,0,0,0,0,1,1,0,1
2025-07-15 20:00:19,CMCSA,0,0,0,0,0,0,0,0,1,1,0,1
2025-07-15 20:00:20,CAG,0,0,0,0,0,0,0,0,1,1,0,1
2025-07-15 20:00:20,COP,0,0,0,0,0,0,0,1,1,1,0,1
2025-07-15 20:00:21,ED,0,0,0,0,0,0,0,0,1,0,0,1
2025-07-15 20:00:22,STZ,1,1,1,0,0,1,1,1,1,1,0,1
2025-07-15 20:00:22,CEG,0,0,0,0,0,0,0,1,1,1,0,1
2025-07-15 20:00:23,COO,0,0,0,0,0,0,0,0,1,1,0,1
2025-07-15 20:00:23,CPRT,0,0,1,0,0,0,0,0,1,1,0,1
2025-07-15 20:00:24,GLW,0,0,0,0,0,0,0,0,1,1,0,1
2025-07-15 20:00:24,CPAY,0,0,0,0,0,0,0,1,1,1,0,1
2025-07-15 20:00:25,CTVA,0,0,0,0,0,0,0,0,1,1,0,1
2025-07-15 20:00:25,CSGP,0,0,0,0,0,0,0,0,1,1,0,1
2025-07-15 20:00:26,COST,0,0,0,0,0,0,0,1,1,0,0,1
2025-07-15 20:00:27,CTRA,0,0,1,0,0,0,0,0,1,1,0,1
2025-07-15 20:00:27,CRWD,0,0,0,0,0,0,0,1,1,1,0,1
2025-07-15 20:00:28,CCI,0,0,1,0,0,0,0,1,1,1,0,1
2025-07-15 20:00:28,CSX,0,0,0,0,0,0,0,0,1,1,0,1
2025-07-15 20:00:29,CMI,1,0,1,0,0,1,1,1,1,0,0,1
2025-07-15 20:00:30,CVS,1,0,1,0,0,1,1,0,1,1,0,1
2025-07-15 20:00:30,DHR,0,0,0,0,0,0,0,1,1,1,0,1
2025-07-15 20:00:31,DRI,0,0,0,0,0,0,0,1,1,0,0,1
2025-07-15 20:00:32,DDOG,0,0,0,0,0,0,0,1,1,1,0,1
2025-07-15 20:00:32,DVA,1,0,1,0,0,0,1,1,1,1,0,1
2025-07-15 20:00:33,DAY,0,0,0,0,0,0,0,0,1,1,0,1
2025-07-15 20:00:33,DECK,0,0,0,0,0,0,0,1,1,1,0,1
2025-07-15 20:00:34,DE,0,0,0,0,0,0,0,1,1,1,0,1
2025-07-15 20:00:34,DELL,0,0,0,0,0,0,0,1,1,1,1,1
2025-07-15 20:00:35,DAL,0,0,0,0,0,0,0,1,1,1,0,1
2025-07-15 20:00:36,DVN,0,0,0,0,0,0,0,0,1,1,0,1
2025-07-15 20:00:36,DXCM,0,0,0,0,0,0,0,1,1,1,0,1
2025-07-15 20:00:37,FANG,0,0,0,0,0,0,0,1,1,1,0,1
2025-07-15 20:00:37,DLR,0,0,1,0,0,0,0,1,1,0,0,1
2025-07-15 20:00:38,DG,0,0,0,0,0,0,0,1,1,0,0,1
2025-07-15 20:00:38,DLTR,0,0,1,0,0,0,0,1,1,1,0,1
2025-07-15 20:00:39,D,0,0,0,0,0,0,0,0,1,1,0,1
2025-07-15 20:00:40,DPZ,0,0,0,0,0,0,0,1,1,1,0,1
2025-07-15 20:00:40,DASH,0,0,0,0,0,1,0,1,1,1,0,1
2025-07-15 20:00:41,DOV,0,0,0,0,0,0,0,1,1,1,1,1
2025-07-15 20:00:41,DOW,0,0,0,0,0,0,0,0,1,1,1,1
2025-07-15 20:00:42,DHI,0,0,1,0,0,0,0,1,1,1,0,1
2025-07-15 20:00:43,DTE,0,0,0,0,0,0,0,1,1,0,0,1
2025-07-15 20:00:43,DUK,0,0,0,0,0,1,0,0,1,1,0,1
2025-07-15 20:00:45,DD,0,0,0,0,0,0,0,0,1,1,1,1
2025-07-15 20:00:46,EMN,0,0,0,0,0,0,0,1,1,1,0,1
2025-07-15 20:00:46,ETN,0,0,0,0,0,0,0,1,1,1,1,1
2025-07-15 20:00:47,EBAY,0,0,0,0,0,0,0,0,1,1,0,1
2025-07-15 20:00:47,ECL,0,0,0,0,0,0,0,1,1,0,0,1
2025-07-15 20:00:48,EIX,0,0,0,0,0,0,0,0,1,1,0,1
2025-07-15 20:00:49,EW,0,0,0,0,0,0,0,0,1,1,0,1
2025-07-15 20:00:49,EA,0,0,0,0,0,1,0,1,1,1,0,1
2025-07-15 20:00:50,ELV,0,0,1,0,0,0,0,1,1,1,0,1
2025-07-15 20:00:50,EMR,0,0,0,0,0,0,0,1,1,0,0,1
2025-07-15 20:00:51,ENPH,1,1,1,0,0,0,1,1,1,1,0,1
2025-07-15 20:00:51,ETR,0,0,0,0,0,1,0,0,1,1,0,1
2025-07-15 20:00:52,EOG,0,0,0,0,0,0,0,1,1,1,0,1
2025-07-15 20:00:52,EPAM,0,0,0,0,0,0,0,1,1,1,0,1
2025-07-15 20:00:53,EQT,1,0,1,0,0,1,1,0,1,1,0,1
2025-07-15 20:00:54,EFX,0,0,0,0,0,0,0,1,1,1,0,1
2025-07-15 20:00:54,EQIX,0,0,0,0,0,0,0,1,1,1,0,1
2025-07-15 20:00:55,EQR,0,0,0,0,0,0,0,0,1,1,0,1
2025-07-15 20:00:56,ERIE,0,0,0,0,0,0,0,1,1,0,0,1
2025-07-15 20:00:56,ESS,0,0,0,0,0,0,0,1,1,1,0,1
2025-07-15 20:00:57,EL,0,0,1,0,0,0,0,1,1,1,0,1
2025-07-15 20:00:57,EG,0,0,0,0,0,0,0,1,1,1,0,1
2025-07-15 20:00:58,EVRG,0,0,0,0,0,0,0,0,1,1,0,1
2025-07-15 20:00:59,ES,0,0,0,0,0,0,0,0,1,1,0,1
2025-07-15 20:00:59,EXC,0,0,0,0,0,0,0,0,1,0,0,1
2025-07-15 20:01:00,EXE,0,0,0,0,0,0,0,1,1,1,0,1
2025-07-15 20:01:01,EXPE,0,0,1,0,0,0,0,1,1,1,0,1
2025-07-15 20:01:01,EXPD,0,0,0,0,0,0,0,1,1,1,0,1
2025-07-15 20:01:02,EXR,0,0,0,0,0,0,0,1,1,1,0,1
2025-07-15 20:01:03,XOM,0,0,1,0,0,0,0,0,1,0,0,1
2025-07-15 20:01:03,FFIV,0,0,0,0,0,0,0,1,1,1,0,1
2025-07-15 20:01:04,FDS,0,0,0,0,0,0,0,1,1,1,0,1
2025-07-15 20:01:04,FICO,1,0,1,0,0,1,1,1,1,1,0,1
2025-07-15 20:01:05,FAST,0,0,0,0,0,0,0,0,1,1,0,1
2025-07-15 20:01:06,FRT,0,0,0,0,0,0,0,0,1,1,0,1
2025-07-15 20:01:06,FDX,0,0,0,0,0,0,0,1,1,1,0,1
2025-07-15 20:01:07,FIS,0,0,0,0,0,0,0,0,1,0,0,1
2025-07-15 20:01:08,FITB,0,0,0,0,0,0,0,0,1,1,0,1
2025-07-15 20:01:08,FSLR,1,0,1,0,0,1,1,1,1,1,1,1
2025-07-15 20:01:09,FE,0,0,0,0,0,0,0,0,1,0,0,1
2025-07-15 20:01:10,FI,0,0,0,0,0,0,0,1,1,1,0,1
2025-07-15 20:01:11,F,0,0,1,0,0,0,0,0,1,1,0,1
2025-07-15 20:01:12,FTNT,0,0,0,0,0,1,0,1,1,1,0,1
2025-07-15 20:01:12,FTV,0,0,0,0,0,0,0,0,1,1,0,1
2025-07-15 20:01:13,FOXA,0,0,0,0,0,0,0,0,1,1,0,1
2025-07-15 20:01:14,FOX,0,0,0,0,0,0,0,0,1,1,0,1
2025-07-15 20:01:15,BEN,0,0,0,0,0,0,0,0,1,1,0,1
2025-07-15 20:01:15,FCX,1,0,1,1,0,1,1,0,1,1,0,1
2025-07-15 20:01:16,GRMN,0,0,0,0,0,0,0,1,1,0,0,1
2025-07-15 20:01:17,IT,0,0,0,0,0,0,0,1,1,1,0,1
2025-07-15 20:01:18,GE,1,0,1,0,0,1,1,1,1,0,0,1
2025-07-15 20:01:19,GEHC,1,0,1,1,0,1,1,0,1,1,0,1
2025-07-15 20:01:19,GEV,1,0,0,0,0,1,1,1,1,1,0,1
2025-07-15 20:01:20,GEN,0,0,0,0,0,0,0,0,1,0,0,1
2025-07-15 20:01:21,GNRC,0,0,0,0,0,0,0,1,1,1,0,1
2025-07-15 20:01:21,GD,0,0,0,0,0,0,0,1,1,1,0,1
2025-07-15 20:01:22,GIS,0,0,0,0,0,0,0,0,1,1,0,1
2025-07-15 20:01:23,GM,0,0,0,0,0,0,0,0,1,1,0,1
2025-07-15 20:01:24,GPC,0,0,0,0,0,0,0,1,1,1,0,1
2025-07-15 20:01:24,GILD,0,0,0,0,0,0,0,1,1,1,0,1
2025-07-15 20:01:25,GPN,0,0,0,0,0,0,0,0,1,1,0,1
2025-07-15 20:01:26,GL,0,0,0,0,0,0,0,1,1,1,0,1
2025-07-15 20:01:26,GDDY,0,0,0,0,0,0,0,1,1,0,0,1
2025-07-15 20:01:27,GS,0,0,0,0,0,0,0,1,1,1,0,1
2025-07-15 20:01:28,HAL,0,0,0,0,0,0,0,0,1,1,0,1
2025-07-15 20:01:29,HIG,0,0,0,0,0,0,0,1,1,1,0,1
2025-07-15 20:01:30,HAS,0,0,0,0,0,0,0,0,1,1,0,1
2025-07-15 20:01:30,HCA,1,0,1,0,0,0,1,1,1,1,0,1
2025-07-15 20:01:31,DOC,0,0,0,0,0,0,0,0,1,1,0,1
2025-07-15 20:01:32,HSIC,0,0,0,0,0,0,0,0,1,1,0,1
2025-07-15 20:01:33,HSY,0,0,0,0,0,0,0,1,1,1,0,1
2025-07-15 20:01:33,HES,0,0,0,0,0,0,0,1,1,0,0,1
2025-07-15 20:01:34,HPE,0,0,0,0,0,0,0,0,1,1,0,1
2025-07-15 20:01:35,HLT,0,0,0,0,0,0,0,1,1,1,0,1
2025-07-15 20:01:35,HOLX,0,0,0,0,0,0,0,0,1,1,0,1
2025-07-15 20:01:36,HD,0,0,1,0,0,0,0,1,1,1,0,1
2025-07-15 20:01:37,HON,0,0,0,0,0,0,0,1,1,0,0,1
2025-07-15 20:01:38,HRL,0,0,0,0,0,0,0,0,1,1,0,1
2025-07-15 20:01:39,HST,0,0,0,0,0,0,0,0,1,1,0,1
2025-07-15 20:01:40,HWM,0,0,0,0,0,1,0,1,1,1,0,1
2025-07-15 20:01:40,HPQ,0,0,0,0,0,0,0,0,1,1,0,1
2025-07-15 20:01:41,HUBB,0,0,0,0,0,0,0,1,1,1,0,1
2025-07-15 20:01:42,HUM,0,0,1,0,0,0,0,1,1,1,0,1
2025-07-15 20:01:42,HBAN,0,0,0,0,0,0,0,0,1,1,0,1
2025-07-15 20:01:43,HII,0,0,0,0,0,0,0,1,1,1,0,1
2025-07-15 20:01:44,IBM,0,0,0,0,0,1,0,1,1,0,0,1
2025-07-15 20:01:44,IEX,0,0,0,0,0,0,0,1,1,1,0,1
2025-07-15 20:01:45,IDXX,0,0,0,0,0,0,0,1,1,0,0,1
2025-07-15 20:01:46,ITW,0,0,0,0,0,0,0,1,1,0,0,1
2025-07-15 20:01:46,INCY,0,0,0,0,0,0,0,1,1,1,0,1
2025-07-15 20:01:47,IR,0,0,0,0,0,0,0,0,1,1,0,1
2025-07-15 20:01:48,PODD,0,0,0,0,0,0,0,1,1,0,0,1
2025-07-15 20:01:49,INTC,0,0,0,0,0,0,0,0,1,1,1,1
2025-07-15 20:01:49,ICE,0,0,0,0,0,0,0,1,1,0,0,1
2025-07-15 20:10:29,MMM,0,0,0,0,0,0,0,1,1,0,0,1
2025-07-15 20:10:30,AOS,0,0,0,0,0,0,0,0,1,1,0,1
2025-07-15 20:10:30,ABT,0,0,0,0,0,1,0,1,1,1,0,1
2025-07-15 20:10:31,ABBV,1,0,1,0,0,0,1,1,1,1,0,1
2025-07-15 20:10:32,ACN,0,0,0,0,0,0,0,1,1,1,0,1
2025-07-15 20:10:32,ADBE,0,0,0,0,0,0,0,1,1,0,0,1
2025-07-15 20:10:33,AMD,1,0,1,0,0,0,1,1,1,1,1,1
2025-07-15 20:10:34,AES,1,0,1,0,0,1,1,0,1,1,1,1
2025-07-15 20:10:35,AFL,0,0,1,0,0,0,0,0,1,1,0,1
2025-07-15 20:10:35,A,0,0,1,0,0,0,0,1,1,1,0,1
2025-07-15 20:10:36,APD,0,0,0,0,0,0,0,1,1,1,0,1
2025-07-15 20:10:37,ABNB,0,0,0,0,0,0,0,1,1,1,0,1
2025-07-15 20:10:38,AKAM,0,0,0,0,0,0,0,0,1,1,0,1
2025-07-15 20:10:38,ALB,0,0,0,0,0,0,0,1,1,1,1,1
2025-07-15 20:10:39,ARE,0,0,0,0,0,0,0,1,1,1,0,1
2025-07-15 20:10:40,ALGN,0,0,0,0,0,0,0,1,1,1,1,1
2025-07-15 20:10:41,ALLE,0,0,0,0,0,0,0,1,1,1,0,1
2025-07-15 20:10:41,LNT,0,0,0,0,0,0,0,0,1,1,0,1
2025-07-15 20:10:42,ALL,0,0,1,0,0,0,0,1,1,1,0,1
2025-07-15 20:10:43,GOOGL,0,0,0,0,0,0,0,1,1,0,0,1
2025-07-15 20:10:43,GOOG,0,0,0,0,0,0,0,1,1,1,0,1
2025-07-15 20:10:44,MO,1,0,0,0,0,1,1,0,1,0,0,1
2025-07-15 20:10:45,AMZN,0,0,1,0,0,0,0,1,1,0,0,1
2025-07-15 20:10:45,AMCR,0,0,0,0,0,0,0,0,1,1,0,1
2025-07-15 20:10:46,AEE,0,0,0,0,0,0,0,0,1,0,0,1
2025-07-15 20:10:47,AEP,0,0,0,0,0,0,0,0,1,0,0,1
2025-07-15 20:19:51,MMM,0,0,0,0,0,0,0,1,1,0,0,1
2025-07-15 20:19:52,AOS,0,0,0,0,0,0,0,0,1,1,0,1
2025-07-15 20:19:53,ABT,0,0,0,0,0,1,0,1,1,1,0,1
2025-07-15 20:19:54,ABBV,1,0,1,0,0,0,1,1,1,1,0,1
2025-07-15 20:19:55,ACN,0,0,0,0,0,0,0,1,1,1,0,1
2025-07-15 20:19:55,ADBE,0,0,0,0,0,0,0,1,1,0,0,1
2025-07-15 20:19:56,AMD,1,0,1,0,0,0,1,1,1,1,1,1
2025-07-15 20:19:57,AES,1,0,1,0,0,1,1,0,1,1,1,1
2025-07-15 20:19:58,AFL,0,0,1,0,0,0,0,0,1,1,0,1
2025-07-15 20:19:58,A,0,0,1,0,0,0,0,1,1,1,0,1
2025-07-15 20:19:59,APD,0,0,0,0,0,0,0,1,1,1,0,1
2025-07-15 20:20:00,ABNB,0,0,0,0,0,0,0,1,1,1,0,1
2025-07-15 20:20:01,AKAM,0,0,0,0,0,0,0,0,1,1,0,1
2025-07-15 20:20:01,ALB,0,0,0,0,0,0,0,1,1,1,1,1
2025-07-15 20:20:02,ARE,0,0,0,0,0,0,0,1,1,1,0,1
2025-07-15 20:20:03,ALGN,0,0,0,0,0,0,0,1,1,1,1,1
2025-07-15 20:20:04,ALLE,0,0,0,0,0,0,0,1,1,1,0,1
2025-07-15 20:20:05,LNT,0,0,0,0,0,0,0,0,1,1,0,1
2025-07-15 20:20:05,ALL,0,0,1,0,0,0,0,1,1,1,0,1
2025-07-15 20:20:06,GOOGL,0,0,0,0,0,0,0,1,1,0,0,1
2025-07-15 20:20:07,GOOG,0,0,0,0,0,0,0,1,1,1,0,1
2025-07-15 20:20:07,MO,1,0,0,0,0,1,1,0,1,0,0,1
2025-07-15 20:20:08,AMZN,0,0,1,0,0,0,0,1,1,0,0,1
2025-07-15 20:20:09,AMCR,0,0,0,0,0,0,0,0,1,1,0,1
2025-07-15 20:20:09,AEE,0,0,0,0,0,0,0,0,1,0,0,1
2025-07-15 20:20:10,AEP,0,0,0,0,0,0,0,0,1,0,0,1
2025-07-15 20:20:11,AXP,0,0,0,0,0,0,0,1,1,1,0,1
2025-07-15 20:20:12,AIG,0,0,1,0,0,0,0,0,1,0,0,1
2025-07-15 20:20:12,AMT,1,0,1,0,0,0,1,1,1,1,0,1
2025-07-15 20:20:13,AWK,0,0,0,0,0,0,0,1,1,1,0,1
2025-07-15 20:20:14,AMP,0,0,0,0,0,0,0,1,1,1,0,1
2025-07-15 20:20:15,AME,0,0,0,0,0,0,0,1,1,1,0,1
2025-07-15 20:20:15,AMGN,0,0,1,0,0,0,0,1,1,1,0,1
2025-07-15 20:20:16,APH,0,0,0,0,0,0,0,0,1,1,0,1
2025-07-15 20:20:17,ADI,0,0,0,0,0,0,0,1,1,1,0,1
2025-07-15 20:20:18,ANSS,1,0,1,0,0,1,1,1,1,1,0,1
2025-07-15 20:20:18,AON,0,0,0,0,0,0,0,1,1,1,0,1
2025-07-15 20:20:19,APA,0,0,0,0,0,0,0,0,1,1,0,1
2025-07-15 20:20:20,APO,0,0,0,0,0,0,0,1,1,1,0,1
2025-07-15 20:20:21,AAPL,0,0,0,0,0,0,0,1,1,0,0,1
2025-07-15 20:20:22,AMAT,0,0,1,0,0,0,0,1,1,0,1,1
2025-07-15 20:20:22,APTV,0,0,0,0,0,0,0,0,1,1,0,1
2025-07-15 20:20:23,ACGL,0,0,0,0,0,0,0,0,1,1,0,1
2025-07-15 20:20:24,ADM,0,0,1,0,0,0,0,0,1,0,0,1
2025-07-15 20:20:24,ANET,0,0,1,0,0,0,0,1,1,1,0,1
2025-07-15 20:20:25,AJG,0,0,0,0,0,0,0,1,1,1,0,1
2025-07-15 20:20:26,AIZ,0,0,0,0,0,0,0,1,1,1,0,1
2025-07-15 20:20:27,T,0,0,0,0,0,1,0,0,1,0,0,1
2025-07-15 20:20:27,ATO,0,0,0,0,0,0,0,1,1,1,0,1
2025-07-15 20:20:28,ADSK,0,0,0,0,0,0,0,1,1,1,0,1
2025-07-15 20:20:29,ADP,0,0,0,0,0,0,0,1,1,1,0,1
2025-07-15 20:20:30,AZO,0,0,1,0,0,0,0,1,1,1,0,1
2025-07-15 20:20:30,AVB,0,0,0,0,0,0,0,1,1,1,0,1
2025-07-15 20:20:31,AVY,0,0,0,0,0,0,0,1,1,1,0,1
2025-07-15 20:20:32,AXON,0,0,0,0,0,0,0,1,1,1,0,1
2025-07-15 20:20:33,BKR,0,0,0,0,0,0,0,0,1,1,0,1
2025-07-15 20:20:33,BALL,0,0,1,0,0,0,0,0,1,1,0,1
2025-07-15 20:20:34,BAC,0,0,0,0,0,0,0,0,1,1,0,1
2025-07-15 20:20:35,BAX,0,0,0,0,0,0,0,0,1,1,0,1
2025-07-15 20:20:35,BDX,0,0,0,0,0,0,0,1,1,1,0,1
2025-07-15 20:20:36,BRK-B,0,0,0,0,0,0,0,1,1,0,0,1
2025-07-15 20:20:37,BBY,0,0,1,0,0,0,0,1,1,1,0,1
2025-07-15 20:20:38,TECH,0,0,1,0,0,0,0,1,1,1,0,1
2025-07-15 20:20:38,BIIB,0,0,0,0,0,0,0,1,1,1,0,1
2025-07-15 20:20:39,BLK,0,0,0,0,0,0,0,1,1,1,0,1
2025-07-15 20:20:40,BX,0,0,0,0,0,0,0,1,1,1,0,1
2025-07-15 20:20:40,BK,0,0,0,0,0,0,0,0,1,1,0,1
2025-07-15 20:20:41,BA,0,0,0,0,0,0,0,1,1,1,0,1
2025-07-15 20:20:42,BKNG,0,0,0,0,0,0,0,1,1,1,0,1
2025-07-15 20:20:43,BSX,0,0,0,0,0,0,0,0,1,1,0,1
2025-07-15 20:20:43,BMY,1,0,1,0,0,0,1,0,1,1,0,1
2025-07-15 20:20:44,AVGO,0,0,0,0,0,1,0,1,1,1,1,1
2025-07-15 20:20:45,BR,0,0,0,0,0,0,0,1,1,0,0,1
2025-07-15 20:20:45,BRO,0,0,0,0,0,0,0,0,1,1,0,1
2025-07-15 20:20:46,BF-B,0,0,0,0,0,0,0,0,1,1,0,1
2025-07-15 20:20:47,BLDR,0,0,0,0,0,0,0,1,1,1,0,1
2025-07-15 20:20:48,BG,0,0,1,0,0,0,0,1,1,1,0,1
2025-07-15 20:20:48,BXP,0,0,0,0,0,0,0,0,1,1,0,1
2025-07-15 20:20:49,CHRW,0,0,0,0,0,0,0,1,1,0,0,1
2025-07-15 20:20:50,CDNS,0,0,0,0,0,0,0,1,1,1,0,1
2025-07-15 20:20:50,CZR,0,0,1,0,0,0,0,0,1,1,0,1
2025-07-15 20:20:51,CPT,0,0,0,0,0,0,0,1,1,1,0,1
2025-07-15 20:20:52,CPB,0,0,1,0,0,0,0,0,1,1,0,1
2025-07-15 20:20:53,COF,0,0,0,0,0,0,0,1,1,1,0,1
2025-07-15 20:20:53,CAH,1,0,1,0,0,1,1,1,1,0,0,1
2025-07-15 20:20:55,KMX,0,0,1,0,0,0,0,1,1,1,1,1
2025-07-15 20:20:56,CCL,0,0,0,0,0,1,0,0,1,1,0,1
2025-07-15 20:20:56,CARR,0,0,0,0,0,0,0,0,1,1,0,1
2025-07-15 20:20:57,CAT,0,0,0,0,0,0,0,1,1,0,0,1
2025-07-15 20:20:58,CBOE,0,0,0,0,0,0,0,1,1,1,0,1
2025-07-15 20:20:59,CBRE,0,0,0,0,0,0,0,1,1,1,0,1
2025-07-15 20:20:59,CDW,0,0,0,0,0,0,0,1,1,1,0,1
2025-07-15 20:21:00,COR,0,0,1,0,0,0,0,1,1,1,0,1
2025-07-15 20:21:01,CNC,0,0,1,0,0,0,0,1,1,1,0,1
2025-07-15 20:21:01,CNP,0,0,0,0,0,0,0,0,1,0,0,1
2025-07-15 20:21:02,CF,0,0,0,0,0,0,0,1,1,1,0,1
2025-07-15 20:21:03,CRL,0,0,1,0,0,0,0,1,1,1,0,1
2025-07-15 20:21:03,SCHW,0,0,0,0,0,0,0,0,1,0,0,1
2025-07-15 20:21:04,CHTR,0,0,0,0,0,0,0,1,1,1,0,1
2025-07-15 20:21:05,CVX,0,0,0,0,0,0,0,1,1,0,0,1
2025-07-15 20:21:06,CMG,0,0,0,0,0,0,0,0,1,1,0,1
2025-07-15 20:21:06,CB,0,0,0,0,0,0,0,1,1,0,0,1
2025-07-15 20:21:07,CHD,0,0,0,0,0,0,0,0,1,1,0,1
2025-07-15 20:21:08,CI,1,0,1,0,0,1,1,1,1,1,0,1
2025-07-15 20:21:09,CINF,0,0,0,0,0,0,0,1,1,1,0,1
2025-07-15 20:21:09,CTAS,0,0,0,0,0,0,0,1,1,1,0,1
2025-07-15 20:21:10,CSCO,0,0,0,0,0,0,0,0,1,0,0,1
2025-07-15 20:21:11,C,0,0,0,0,0,1,0,0,1,1,1,1
2025-07-15 20:21:11,CFG,0,0,0,0,0,0,0,0,1,1,0,1
2025-07-15 20:21:12,CLX,0,0,1,0,0,0,0,1,1,1,0,1
2025-07-15 20:21:13,CME,1,0,1,0,0,1,1,1,1,0,0,1
2025-07-15 20:21:14,CMS,0,0,0,0,0,1,0,0,1,0,0,1
2025-07-15 20:21:14,KO,0,0,0,0,0,0,0,0,1,0,0,1
2025-07-15 20:21:15,CTSH,0,0,0,0,0,0,0,0,1,1,0,1
2025-07-15 20:21:16,COIN,1,1,1,0,0,0,1,1,1,1,0,1
2025-07-15 20:21:17,CL,0,0,0,0,0,0,0,0,1,1,0,1
2025-07-15 20:21:17,CMCSA,0,0,0,0,0,0,0,0,1,1,0,1
2025-07-15 20:21:19,CAG,0,0,0,0,0,0,0,0,1,1,0,1
2025-07-15 20:21:19,COP,0,0,0,0,0,0,0,1,1,1,0,1
2025-07-15 20:21:20,ED,0,0,0,0,0,0,0,0,1,0,0,1
2025-07-15 20:21:21,STZ,1,1,1,0,0,1,1,1,1,1,0,1
2025-07-15 20:21:22,CEG,0,0,0,0,0,0,0,1,1,1,0,1
2025-07-15 20:21:23,COO,0,0,0,0,0,0,0,0,1,1,0,1
2025-07-15 20:21:23,CPRT,0,0,1,0,0,0,0,0,1,1,0,1
2025-07-15 20:21:24,GLW,0,0,0,0,0,0,0,0,1,1,0,1
2025-07-15 20:21:25,CPAY,0,0,0,0,0,0,0,1,1,1,0,1
2025-07-15 20:21:25,CTVA,0,0,0,0,0,0,0,0,1,1,0,1
2025-07-15 20:21:26,CSGP,0,0,0,0,0,0,0,0,1,1,0,1
2025-07-15 20:21:27,COST,0,0,0,0,0,0,0,1,1,0,0,1
2025-07-15 20:21:27,CTRA,0,0,1,0,0,0,0,0,1,1,0,1
2025-07-15 20:21:28,CRWD,0,0,0,0,0,0,0,1,1,1,0,1
2025-07-15 20:21:29,CCI,0,0,1,0,0,0,0,1,1,1,0,1
2025-07-15 20:21:29,CSX,0,0,0,0,0,0,0,0,1,1,0,1
2025-07-15 20:21:30,CMI,1,0,1,0,0,1,1,1,1,0,0,1
2025-07-15 20:21:31,CVS,1,0,1,0,0,1,1,0,1,1,0,1
2025-07-15 20:21:32,DHR,0,0,0,0,0,0,0,1,1,1,0,1
2025-07-15 20:21:33,DRI,0,0,0,0,0,0,0,1,1,0,0,1
2025-07-15 20:21:34,DDOG,0,0,0,0,0,0,0,1,1,1,0,1
2025-07-15 20:21:34,DVA,1,0,1,0,0,0,1,1,1,1,0,1
2025-07-15 20:21:35,DAY,0,0,0,0,0,0,0,0,1,1,0,1
2025-07-15 20:21:36,DECK,0,0,0,0,0,0,0,1,1,1,0,1
2025-07-15 20:21:36,DE,0,0,0,0,0,0,0,1,1,1,0,1
2025-07-15 20:21:37,DELL,0,0,0,0,0,0,0,1,1,1,1,1
2025-07-15 20:21:38,DAL,0,0,0,0,0,0,0,1,1,1,0,1
2025-07-15 20:21:39,DVN,0,0,0,0,0,0,0,0,1,1,0,1
2025-07-15 20:21:39,DXCM,0,0,0,0,0,0,0,1,1,1,0,1
2025-07-15 20:21:40,FANG,0,0,0,0,0,0,0,1,1,1,0,1
2025-07-15 20:21:41,DLR,0,0,1,0,0,0,0,1,1,0,0,1
2025-07-15 20:21:41,DG,0,0,0,0,0,0,0,1,1,0,0,1
2025-07-15 20:21:42,DLTR,0,0,1,0,0,0,0,1,1,1,0,1
2025-07-15 20:21:42,D,0,0,0,0,0,0,0,0,1,1,0,1
2025-07-15 20:21:43,DPZ,0,0,0,0,0,0,0,1,1,1,0,1
2025-07-15 20:21:44,DASH,0,0,0,0,0,1,0,1,1,1,0,1
2025-07-15 20:21:44,DOV,0,0,0,0,0,0,0,1,1,1,1,1
2025-07-15 20:21:45,DOW,0,0,0,0,0,0,0,0,1,1,1,1
2025-07-15 20:21:46,DHI,0,0,1,0,0,0,0,1,1,1,0,1
2025-07-15 20:21:46,DTE,0,0,0,0,0,0,0,1,1,0,0,1
2025-07-15 20:21:47,DUK,0,0,0,0,0,1,0,0,1,1,0,1
2025-07-15 20:21:48,DD,0,0,0,0,0,0,0,0,1,1,1,1
2025-07-15 20:21:49,EMN,0,0,0,0,0,0,0,1,1,1,0,1
2025-07-15 20:21:49,ETN,0,0,0,0,0,0,0,1,1,1,1,1
2025-07-15 20:21:50,EBAY,0,0,0,0,0,0,0,0,1,1,0,1
2025-07-15 20:21:51,ECL,0,0,0,0,0,0,0,1,1,0,0,1
2025-07-15 20:21:51,EIX,0,0,0,0,0,0,0,0,1,1,0,1
2025-07-15 20:21:52,EW,0,0,0,0,0,0,0,0,1,1,0,1
2025-07-15 20:21:53,EA,0,0,0,0,0,1,0,1,1,1,0,1
2025-07-15 20:21:55,ELV,0,0,1,0,0,0,0,1,1,1,0,1
2025-07-15 20:21:55,EMR,0,0,0,0,0,0,0,1,1,0,0,1
2025-07-15 20:21:56,ENPH,1,1,1,0,0,0,1,1,1,1,0,1
2025-07-15 20:21:56,ETR,0,0,0,0,0,1,0,0,1,1,0,1
2025-07-15 20:21:57,EOG,0,0,0,0,0,0,0,1,1,1,0,1
2025-07-15 20:21:57,EPAM,0,0,0,0,0,0,0,1,1,1,0,1
2025-07-15 20:21:58,EQT,1,0,1,0,0,1,1,0,1,1,0,1
2025-07-15 20:21:58,EFX,0,0,0,0,0,0,0,1,1,1,0,1
2025-07-15 20:21:59,EQIX,0,0,0,0,0,0,0,1,1,1,0,1
2025-07-15 20:22:00,EQR,0,0,0,0,0,0,0,0,1,1,0,1
