timestamp,symbol,SMA 📈(20),RSI 📈,MACD 🚀,BB 📈,VOL 🔊,VWAP+ 💰,Price>SMA(20),ATR14 ≥ 2.0,ATR % ≥ 0.7%,Range % ≥ 1.5%,Gap % ≥ 1.0%,buy
2025-07-14 19:46:04,MMM,1,0,1,1,0,1,1,1,1,1,0,0
2025-07-14 19:46:05,AOS,0,0,0,0,0,1,0,0,1,0,0,0
2025-07-14 19:46:06,ABT,0,0,0,0,0,0,0,1,1,0,0,0
2025-07-14 19:46:06,ABBV,1,0,1,0,0,1,1,1,1,0,0,0
2025-07-14 19:46:07,ACN,1,0,0,0,0,1,1,1,1,0,0,0
2025-07-14 19:46:08,ADBE,1,0,0,0,0,1,1,1,1,1,0,0
2025-07-14 19:46:08,AMD,0,0,0,0,0,1,0,1,1,1,0,0
2025-07-14 19:46:09,AES,1,0,1,0,0,1,1,0,1,1,0,0
2025-07-14 19:46:10,AFL,1,0,1,1,0,1,1,0,1,1,0,0
2025-07-14 19:46:10,A,0,0,0,0,0,0,0,1,1,1,0,0
2025-07-14 19:46:11,APD,0,0,0,0,0,1,0,1,1,0,0,0
2025-07-14 19:46:11,ABNB,0,0,0,0,0,1,0,1,1,1,0,0
2025-07-14 19:46:12,AKAM,0,0,0,0,0,0,0,0,1,1,0,0
2025-07-14 19:46:13,ALB,1,0,1,0,0,1,1,1,1,1,0,0
2025-07-14 19:46:13,ARE,0,0,0,0,0,0,0,1,1,1,0,0
2025-07-14 19:46:14,ALGN,0,0,0,0,0,0,0,1,1,1,0,0
2025-07-14 19:46:14,ALLE,0,0,0,0,0,0,0,1,1,0,0,0
2025-07-14 19:46:15,LNT,1,0,1,0,0,1,1,0,1,0,0,0
2025-07-14 19:46:16,ALL,1,0,1,1,0,1,1,1,1,1,0,0
2025-07-14 19:46:16,GOOGL,1,0,0,0,0,1,1,1,1,1,0,0
2025-07-14 19:46:17,GOOG,1,0,1,0,0,1,1,1,1,1,0,0
2025-07-14 19:46:18,MO,1,0,0,1,0,1,1,0,1,0,0,0
2025-07-14 19:46:18,AMZN,1,0,1,0,0,1,1,1,1,0,0,0
2025-07-14 19:46:19,AMCR,0,0,1,0,0,1,0,0,1,0,0,0
2025-07-14 19:46:19,AEE,1,1,1,1,0,1,1,0,1,1,0,0
2025-07-14 19:46:20,AEP,1,0,1,0,0,0,1,0,1,1,0,0
2025-07-14 19:46:20,AXP,1,0,1,0,0,1,1,1,1,0,0,0
2025-07-14 19:46:21,AIG,1,1,1,0,0,1,1,0,1,1,0,0
2025-07-14 19:46:22,AMT,0,0,0,0,0,1,0,1,1,1,0,0
2025-07-14 19:46:22,AWK,0,0,0,0,0,1,0,1,1,0,0,0
2025-07-14 19:46:23,AMP,0,0,0,0,0,1,0,1,1,0,0,0
2025-07-14 19:46:24,AME,0,0,0,0,0,0,0,1,1,0,0,0
2025-07-14 19:46:24,AMGN,1,1,1,1,0,1,1,1,1,0,0,0
2025-07-14 19:46:25,APH,0,0,0,0,0,1,0,0,1,1,0,0
2025-07-14 19:46:25,ADI,0,0,0,0,0,1,0,1,1,0,0,0
2025-07-14 19:46:26,ANSS,1,0,1,0,0,0,1,1,1,1,1,0
2025-07-14 19:46:27,AON,1,0,1,1,0,1,1,1,1,1,0,0
2025-07-14 19:46:27,APA,1,0,0,0,0,1,1,0,1,1,0,0
2025-07-14 19:46:28,APO,0,0,0,0,0,1,0,1,1,1,0,0
2025-07-14 19:46:29,AAPL,0,0,0,0,0,0,0,1,1,1,0,0
2025-07-14 19:46:29,AMAT,0,0,0,0,0,1,0,1,1,1,0,0
2025-07-14 19:46:30,APTV,0,0,0,0,0,0,0,0,1,1,0,0
2025-07-14 19:46:30,ACGL,0,0,0,0,0,1,0,0,1,1,0,0
2025-07-14 19:46:31,ADM,1,0,1,0,0,1,1,0,1,1,0,0
2025-07-14 19:46:32,ANET,1,0,1,0,0,1,1,1,1,1,0,0
2025-07-14 19:46:32,AJG,1,0,1,1,0,1,1,1,1,0,0,0
2025-07-14 19:46:33,AIZ,1,1,1,1,0,1,1,1,1,1,0,1
2025-07-14 19:54:20,MMM,1,0,1,1,0,1,1,1,1,1,0,0
2025-07-14 19:54:21,AOS,0,0,0,0,0,1,0,0,1,0,0,0
2025-07-14 19:54:21,ABT,0,0,0,0,0,0,0,1,1,0,0,0
2025-07-14 19:54:22,ABBV,1,0,1,0,0,1,1,1,1,0,0,0
2025-07-14 19:54:23,ACN,1,0,0,0,0,1,1,1,1,0,0,0
2025-07-14 19:54:23,ADBE,1,0,0,0,0,1,1,1,1,1,0,0
2025-07-14 19:54:24,AMD,0,0,0,0,0,1,0,1,1,1,0,0
2025-07-14 19:54:25,AES,1,0,1,0,0,1,1,0,1,1,0,0
2025-07-14 19:54:26,AFL,1,0,1,1,0,1,1,0,1,1,0,0
2025-07-14 19:54:26,A,0,0,0,0,0,0,0,1,1,1,0,0
2025-07-14 19:54:27,APD,0,0,0,0,0,1,0,1,1,0,0,0
2025-07-14 19:54:28,ABNB,0,0,0,0,0,1,0,1,1,1,0,0
2025-07-14 19:54:28,AKAM,0,0,0,0,0,0,0,0,1,1,0,0
2025-07-14 19:54:29,ALB,1,0,1,0,0,1,1,1,1,1,0,0
2025-07-14 19:54:29,ARE,0,0,0,0,0,0,0,1,1,1,0,0
2025-07-14 19:54:30,ALGN,0,0,0,0,0,0,0,1,1,1,0,0
2025-07-14 19:54:31,ALLE,0,0,0,0,0,0,0,1,1,0,0,0
2025-07-14 19:54:32,LNT,1,0,1,0,0,1,1,0,1,0,0,0
2025-07-14 19:54:32,ALL,1,0,1,1,0,1,1,1,1,1,0,0
2025-07-14 19:54:33,GOOGL,1,0,0,0,0,1,1,1,1,1,0,0
2025-07-14 19:54:34,GOOG,1,0,1,0,0,1,1,1,1,1,0,0
2025-07-14 19:54:34,MO,1,0,0,1,0,1,1,0,1,0,0,0
2025-07-14 19:54:35,AMZN,1,0,1,0,0,1,1,1,1,0,0,0
2025-07-14 19:54:36,AMCR,0,0,1,0,0,1,0,0,1,0,0,0
2025-07-14 19:54:37,AEE,1,1,1,1,0,1,1,0,1,1,0,0
2025-07-14 19:54:37,AEP,1,0,1,0,0,0,1,0,1,1,0,0
2025-07-14 19:54:38,AXP,1,0,1,0,0,1,1,1,1,0,0,0
2025-07-14 19:54:39,AIG,1,1,1,0,0,1,1,0,1,1,0,0
2025-07-14 19:54:40,AMT,0,0,0,0,0,1,0,1,1,1,0,0
2025-07-14 19:54:40,AWK,0,0,0,0,0,1,0,1,1,0,0,0
2025-07-14 19:54:41,AMP,0,0,0,0,0,1,0,1,1,0,0,0
2025-07-14 19:54:42,AME,0,0,0,0,0,0,0,1,1,0,0,0
2025-07-14 19:54:42,AMGN,1,1,1,1,0,1,1,1,1,0,0,0
2025-07-14 19:54:43,APH,0,0,0,0,0,1,0,0,1,1,0,0
2025-07-14 19:54:44,ADI,0,0,0,0,0,1,0,1,1,0,0,0
2025-07-14 19:54:44,ANSS,1,0,1,0,0,0,1,1,1,1,1,0
2025-07-14 19:54:45,AON,1,0,1,1,0,1,1,1,1,1,0,0
2025-07-14 19:54:46,APA,1,0,0,0,0,1,1,0,1,1,0,0
2025-07-14 19:54:46,APO,0,0,0,0,0,1,0,1,1,1,0,0
2025-07-14 19:54:47,AAPL,0,0,0,0,0,0,0,1,1,1,0,0
2025-07-14 19:54:48,AMAT,0,0,0,0,0,1,0,1,1,1,0,0
2025-07-14 19:54:48,APTV,0,0,0,0,0,0,0,0,1,1,0,0
2025-07-14 19:54:49,ACGL,0,0,0,0,0,1,0,0,1,1,0,0
2025-07-14 19:54:49,ADM,1,0,1,0,0,1,1,0,1,1,0,0
2025-07-14 19:54:50,ANET,1,0,1,0,0,1,1,1,1,1,0,0
2025-07-14 19:54:51,AJG,1,0,1,1,0,1,1,1,1,0,0,0
2025-07-14 19:54:51,AIZ,1,1,1,1,0,1,1,1,1,1,0,1
2025-07-14 19:57:12,MMM,1,0,1,1,0,1,1,1,1,1,0,0
2025-07-14 19:57:13,AOS,0,0,0,0,0,1,0,0,1,0,0,0
2025-07-14 19:57:13,ABT,0,0,0,0,0,0,0,1,1,0,0,0
2025-07-14 19:57:14,ABBV,1,0,1,0,0,1,1,1,1,0,0,0
2025-07-14 19:57:14,ACN,1,0,0,0,0,1,1,1,1,0,0,0
2025-07-14 19:57:15,ADBE,1,0,0,0,0,1,1,1,1,1,0,0
2025-07-14 19:57:15,AMD,0,0,0,0,0,1,0,1,1,1,0,0
2025-07-14 19:57:16,AES,1,0,1,0,0,1,1,0,1,1,0,0
2025-07-14 22:26:26,MMM,1,0,1,1,0,1,1,1,1,1,0,0
2025-07-14 22:26:27,AOS,0,0,0,0,0,1,0,0,1,0,0,0
2025-07-14 22:26:27,ABT,0,0,0,0,0,0,0,1,1,0,0,0
2025-07-14 22:26:28,ABBV,1,0,1,0,0,1,1,1,1,0,0,0
2025-07-14 22:26:29,ACN,1,0,0,0,0,1,1,1,1,0,0,0
2025-07-14 22:26:30,ADBE,1,0,0,0,0,1,1,1,1,1,0,0
2025-07-14 22:26:30,AMD,0,0,0,0,0,1,0,1,1,1,0,0
2025-07-14 22:26:31,AES,1,0,1,0,0,1,1,0,1,1,0,0
2025-07-14 22:26:31,AFL,1,0,1,1,0,1,1,0,1,1,0,0
2025-07-14 22:26:32,A,0,0,0,0,0,0,0,1,1,1,0,0
2025-07-14 22:26:33,APD,0,0,0,0,0,1,0,1,1,0,0,0
2025-07-14 22:26:33,ABNB,0,0,0,0,0,1,0,1,1,1,0,0
2025-07-14 22:26:35,AKAM,0,0,0,0,0,0,0,0,1,1,0,0
2025-07-14 22:26:35,ALB,1,0,1,0,0,1,1,1,1,1,0,0
2025-07-14 22:26:36,ARE,0,0,0,0,0,0,0,1,1,1,0,0
2025-07-14 22:26:37,ALGN,0,0,0,0,0,0,0,1,1,1,0,0
2025-07-14 22:26:37,ALLE,0,0,0,0,0,0,0,1,1,0,0,0
2025-07-14 22:26:38,LNT,1,0,1,0,0,1,1,0,1,0,0,0
2025-07-14 22:26:39,ALL,1,0,1,1,0,1,1,1,1,1,0,0
2025-07-14 22:26:39,GOOGL,1,0,0,0,0,1,1,1,1,1,0,0
2025-07-14 22:26:40,GOOG,1,0,1,0,0,1,1,1,1,1,0,0
2025-07-14 22:26:40,MO,1,0,0,1,0,1,1,0,1,0,0,0
2025-07-14 22:26:41,AMZN,1,0,1,0,0,1,1,1,1,0,0,0
2025-07-14 22:26:42,AMCR,0,0,1,0,0,1,0,0,1,0,0,0
2025-07-14 22:26:42,AEE,1,1,1,1,0,1,1,0,1,1,0,0
2025-07-14 22:26:43,AEP,1,0,1,0,0,0,1,0,1,1,0,0
2025-07-14 22:26:44,AXP,1,0,1,0,0,1,1,1,1,0,0,0
2025-07-14 22:26:44,AIG,1,1,1,0,0,1,1,0,1,1,0,0
2025-07-14 22:26:45,AMT,0,0,0,0,0,1,0,1,1,1,0,0
2025-07-14 22:26:46,AWK,0,0,0,0,0,1,0,1,1,0,0,0
2025-07-14 22:26:46,AMP,0,0,0,0,0,1,0,1,1,0,0,0
2025-07-14 22:26:47,AME,0,0,0,0,0,0,0,1,1,0,0,0
2025-07-14 22:26:48,AMGN,1,1,1,1,0,1,1,1,1,0,0,0
2025-07-14 22:26:48,APH,0,0,0,0,0,1,0,0,1,1,0,0
2025-07-14 22:26:49,ADI,0,0,0,0,0,1,0,1,1,0,0,0
2025-07-14 22:26:50,ANSS,1,0,1,0,0,0,1,1,1,1,1,0
2025-07-14 22:26:50,AON,1,0,1,1,0,1,1,1,1,1,0,0
2025-07-14 22:26:51,APA,1,0,0,0,0,1,1,0,1,1,0,0
2025-07-14 22:26:52,APO,0,0,0,0,0,1,0,1,1,1,0,0
2025-07-14 22:26:52,AAPL,0,0,0,0,0,0,0,1,1,1,0,0
2025-07-14 22:26:53,AMAT,0,0,0,0,0,1,0,1,1,1,0,0
2025-07-14 22:26:54,APTV,0,0,0,0,0,0,0,0,1,1,0,0
2025-07-14 22:26:54,ACGL,0,0,0,0,0,1,0,0,1,1,0,0
2025-07-14 22:26:55,ADM,1,0,1,0,0,1,1,0,1,1,0,0
2025-07-14 22:26:55,ANET,1,0,1,0,0,1,1,1,1,1,0,0
2025-07-14 22:26:56,AJG,1,0,1,1,0,1,1,1,1,0,0,0
2025-07-14 22:26:57,AIZ,1,1,1,1,0,1,1,1,1,1,0,1
2025-07-14 22:39:48,MMM,1,0,1,1,0,1,1,1,1,1,0,0
2025-07-14 22:39:48,AOS,0,0,0,0,0,1,0,0,1,0,0,0
2025-07-14 22:39:49,ABT,0,0,0,0,0,0,0,1,1,0,0,0
2025-07-14 22:39:50,ABBV,1,0,1,0,0,1,1,1,1,0,0,0
2025-07-14 22:39:50,ACN,1,0,0,0,0,1,1,1,1,0,0,0
2025-07-14 22:39:51,ADBE,1,0,0,0,0,1,1,1,1,1,0,0
2025-07-14 22:39:51,AMD,0,0,0,0,0,1,0,1,1,1,0,0
2025-07-14 22:39:52,AES,1,0,1,0,0,1,1,0,1,1,0,0
2025-07-14 22:39:53,AFL,1,0,1,1,0,1,1,0,1,1,0,0
2025-07-14 22:39:53,A,0,0,0,0,0,0,0,1,1,1,0,0
2025-07-14 22:39:54,APD,0,0,0,0,0,1,0,1,1,0,0,0
2025-07-14 22:39:55,ABNB,0,0,0,0,0,1,0,1,1,1,0,0
2025-07-14 22:39:55,AKAM,0,0,0,0,0,0,0,0,1,1,0,0
2025-07-14 22:39:56,ALB,1,0,1,0,0,1,1,1,1,1,0,0
2025-07-14 22:39:57,ARE,0,0,0,0,0,0,0,1,1,1,0,0
2025-07-14 22:39:57,ALGN,0,0,0,0,0,0,0,1,1,1,0,0
2025-07-14 22:39:58,ALLE,0,0,0,0,0,0,0,1,1,0,0,0
2025-07-14 22:39:58,LNT,1,0,1,0,0,1,1,0,1,0,0,0
2025-07-14 22:39:59,ALL,1,0,1,1,0,1,1,1,1,1,0,0
2025-07-14 22:40:00,GOOGL,1,0,0,0,0,1,1,1,1,1,0,0
2025-07-14 22:40:00,GOOG,1,0,1,0,0,1,1,1,1,1,0,0
2025-07-14 22:40:01,MO,1,0,0,1,0,1,1,0,1,0,0,0
2025-07-14 22:40:01,AMZN,1,0,1,0,0,1,1,1,1,0,0,0
2025-07-14 22:40:02,AMCR,0,0,1,0,0,1,0,0,1,0,0,0
2025-07-14 22:40:03,AEE,1,1,1,1,0,1,1,0,1,1,0,0
2025-07-14 22:40:04,AEP,1,0,1,0,0,0,1,0,1,1,0,0
2025-07-14 22:40:04,AXP,1,0,1,0,0,1,1,1,1,0,0,0
2025-07-14 22:40:33,MMM,1,0,1,1,0,1,1,1,1,1,0,0
2025-07-14 22:40:35,AOS,0,0,0,0,0,1,0,0,1,0,0,0
2025-07-14 22:40:35,ABT,0,0,0,0,0,0,0,1,1,0,0,0
2025-07-14 22:40:36,ABBV,1,0,1,0,0,1,1,1,1,0,0,0
2025-07-14 22:40:37,ACN,0,0,0,0,0,1,0,1,1,0,0,0
2025-07-14 22:40:38,ADBE,1,0,0,0,0,1,1,1,1,1,0,0
2025-07-14 22:40:38,AMD,0,0,0,0,0,1,0,1,1,1,0,0
2025-07-14 22:40:39,AES,1,0,1,1,0,1,1,0,1,1,0,0
2025-07-14 22:40:40,AFL,1,0,1,1,0,1,1,0,1,1,0,0
2025-07-14 22:40:40,A,0,0,0,0,0,0,0,1,1,1,0,0
2025-07-14 22:40:41,APD,0,0,0,0,0,0,0,1,1,0,0,0
2025-07-14 22:40:42,ABNB,0,0,0,0,0,1,0,1,1,1,0,0
2025-07-14 22:40:43,AKAM,0,0,0,0,0,0,0,0,1,1,0,0
2025-07-14 22:40:43,ALB,1,0,1,0,0,1,1,1,1,1,0,0
2025-07-14 22:40:44,ARE,0,0,0,0,0,0,0,1,1,1,0,0
2025-07-14 22:40:45,ALGN,0,0,0,0,0,0,0,1,1,1,0,0
2025-07-14 22:40:45,ALLE,0,0,0,0,0,0,0,1,1,0,0,0
2025-07-14 22:40:46,LNT,1,0,1,0,0,1,1,0,1,0,0,0
2025-07-14 22:40:47,ALL,1,0,1,1,0,1,1,1,1,1,0,0
2025-07-14 22:40:47,GOOGL,0,0,0,0,0,1,0,1,1,1,0,0
2025-07-14 22:40:48,GOOG,1,0,1,0,0,1,1,1,1,1,0,0
2025-07-14 22:40:49,MO,1,0,0,1,0,1,1,0,1,0,0,0
2025-07-14 22:40:50,AMZN,1,0,1,1,0,1,1,1,1,0,0,0
2025-07-14 22:40:50,AMCR,0,0,1,0,0,1,0,0,1,0,0,0
2025-07-14 22:40:51,AEE,1,1,1,1,0,1,1,0,1,1,0,0
2025-07-14 22:40:52,AEP,1,0,1,0,0,0,1,0,1,1,0,0
2025-07-14 22:40:52,AXP,1,0,1,0,0,1,1,1,1,0,0,0
2025-07-14 22:40:53,AIG,1,1,1,0,0,1,1,0,1,1,0,0
2025-07-14 22:40:54,AMT,0,0,0,0,0,1,0,1,1,1,0,0
2025-07-14 22:40:54,AWK,0,0,0,0,0,1,0,1,1,0,0,0
2025-07-14 22:40:55,AMP,0,0,0,0,0,1,0,1,1,0,0,0
2025-07-14 22:40:56,AME,0,0,0,0,0,0,0,1,1,0,0,0
2025-07-14 22:40:57,AMGN,1,1,1,1,0,1,1,1,1,0,0,0
2025-07-14 22:40:57,APH,0,0,0,0,0,1,0,0,1,1,0,0
2025-07-14 22:40:58,ADI,0,0,0,0,0,1,0,1,1,0,0,0
2025-07-14 22:40:59,ANSS,1,0,1,0,0,0,1,1,1,1,1,0
2025-07-14 22:40:59,AON,1,0,1,1,0,1,1,1,1,1,0,0
2025-07-14 22:41:00,APA,1,0,0,0,0,1,1,0,1,1,0,0
2025-07-14 22:41:01,APO,0,0,0,0,0,1,0,1,1,1,0,0
2025-07-14 22:41:02,AAPL,0,0,0,0,0,0,0,1,1,1,0,0
2025-07-14 22:41:03,AMAT,0,0,0,0,0,1,0,1,1,1,0,0
2025-07-14 22:41:03,APTV,0,0,0,0,0,0,0,0,1,1,0,0
2025-07-14 22:41:04,ACGL,0,0,0,0,0,1,0,0,1,1,0,0
2025-07-14 22:41:05,ADM,1,0,1,1,0,1,1,0,1,1,0,0
2025-07-14 22:41:05,ANET,1,0,1,0,0,1,1,1,1,1,0,0
2025-07-14 22:41:06,AJG,1,0,1,1,0,1,1,1,1,0,0,0
2025-07-14 22:41:07,AIZ,1,1,1,1,0,1,1,1,1,1,0,1
2025-07-14 22:49:09,MMM,1,0,1,1,0,1,1,1,1,1,0,0
2025-07-14 22:49:09,AOS,0,0,0,0,0,1,0,0,1,0,0,0
2025-07-14 22:49:10,ABT,0,0,0,0,0,0,0,1,1,0,0,0
2025-07-14 22:49:11,ABBV,1,0,1,0,0,1,1,1,1,0,0,0
2025-07-14 22:49:12,ACN,0,0,0,0,0,1,0,1,1,0,0,0
2025-07-14 22:49:12,ADBE,1,0,0,0,0,1,1,1,1,1,0,0
2025-07-14 22:49:13,AMD,0,0,0,0,0,1,0,1,1,1,0,0
2025-07-14 22:49:14,AES,1,0,1,1,0,1,1,0,1,1,0,0
2025-07-14 22:49:15,AFL,1,0,1,1,0,1,1,0,1,1,0,0
2025-07-14 22:49:15,A,0,0,0,0,0,0,0,1,1,1,0,0
2025-07-14 22:49:16,APD,0,0,0,0,0,0,0,1,1,0,0,0
2025-07-14 22:49:17,ABNB,0,0,0,0,0,1,0,1,1,1,0,0
2025-07-14 22:49:17,AKAM,0,0,0,0,0,0,0,0,1,1,0,0
2025-07-14 22:49:18,ALB,1,0,1,0,0,1,1,1,1,1,0,0
2025-07-14 22:49:19,ARE,0,0,0,0,0,0,0,1,1,1,0,0
2025-07-14 22:49:19,ALGN,0,0,0,0,0,0,0,1,1,1,0,0
2025-07-14 22:49:20,ALLE,0,0,0,0,0,0,0,1,1,0,0,0
2025-07-14 22:49:21,LNT,1,0,1,0,0,1,1,0,1,0,0,0
2025-07-14 22:49:21,ALL,1,0,1,1,0,1,1,1,1,1,0,0
2025-07-14 22:49:22,GOOGL,0,0,0,0,0,1,0,1,1,1,0,0
2025-07-14 22:49:22,GOOG,1,0,1,0,0,1,1,1,1,1,0,0
2025-07-14 22:49:23,MO,1,0,0,1,0,1,1,0,1,0,0,0
2025-07-14 22:49:24,AMZN,1,0,1,1,0,1,1,1,1,0,0,0
2025-07-14 22:49:24,AMCR,0,0,1,0,0,1,0,0,1,0,0,0
2025-07-14 22:49:25,AEE,1,1,1,1,0,1,1,0,1,1,0,0
2025-07-14 22:49:26,AEP,1,0,1,0,0,0,1,0,1,1,0,0
2025-07-14 22:49:26,AXP,1,0,1,0,0,1,1,1,1,0,0,0
2025-07-14 22:49:27,AIG,1,1,1,0,0,1,1,0,1,1,0,0
2025-07-14 22:49:27,AMT,0,0,0,0,0,1,0,1,1,1,0,0
2025-07-14 22:49:28,AWK,0,0,0,0,0,1,0,1,1,0,0,0
2025-07-14 22:49:29,AMP,0,0,0,0,0,1,0,1,1,0,0,0
2025-07-14 22:49:29,AME,0,0,0,0,0,0,0,1,1,0,0,0
2025-07-14 22:49:30,AMGN,1,1,1,1,0,1,1,1,1,0,0,0
2025-07-14 22:49:30,APH,0,0,0,0,0,1,0,0,1,1,0,0
2025-07-14 22:49:31,ADI,0,0,0,0,0,1,0,1,1,0,0,0
2025-07-14 22:49:32,ANSS,1,0,1,0,0,0,1,1,1,1,1,0
2025-07-14 22:49:33,AON,1,0,1,1,0,1,1,1,1,1,0,0
2025-07-14 22:49:33,APA,1,0,0,0,0,1,1,0,1,1,0,0
2025-07-14 22:49:34,APO,0,0,0,0,0,1,0,1,1,1,0,0
2025-07-14 22:49:35,AAPL,0,0,0,0,0,0,0,1,1,1,0,0
2025-07-14 22:49:36,AMAT,0,0,0,0,0,1,0,1,1,1,0,0
2025-07-14 22:49:36,APTV,0,0,0,0,0,0,0,0,1,1,0,0
2025-07-14 22:49:37,ACGL,0,0,0,0,0,1,0,0,1,1,0,0
2025-07-14 22:49:38,ADM,1,0,1,1,0,1,1,0,1,1,0,0
2025-07-14 22:49:38,ANET,1,0,1,0,0,1,1,1,1,1,0,0
2025-07-14 22:49:39,AJG,1,0,1,1,0,1,1,1,1,0,0,0
2025-07-14 22:49:40,AIZ,1,1,1,1,0,1,1,1,1,1,0,1
2025-07-14 22:52:21,MMM,1,0,1,1,0,1,1,1,1,1,0,0
2025-07-14 22:52:22,AOS,0,0,0,0,0,1,0,0,1,0,0,0
2025-07-14 22:52:23,ABT,0,0,0,0,0,0,0,1,1,0,0,0
2025-07-14 22:52:23,ABBV,1,0,1,0,0,1,1,1,1,0,0,0
2025-07-14 22:52:24,ACN,0,0,0,0,0,1,0,1,1,0,0,0
2025-07-14 22:52:25,ADBE,1,0,0,0,0,1,1,1,1,1,0,0
2025-07-14 22:52:25,AMD,0,0,0,0,0,1,0,1,1,1,0,0
2025-07-14 22:52:26,AES,1,0,1,1,0,1,1,0,1,1,0,0
2025-07-14 22:52:27,AFL,1,0,1,1,0,1,1,0,1,1,0,0
2025-07-14 22:52:27,A,0,0,0,0,0,0,0,1,1,1,0,0
2025-07-14 22:52:28,APD,0,0,0,0,0,0,0,1,1,0,0,0
2025-07-14 22:52:29,ABNB,0,0,0,0,0,1,0,1,1,1,0,0
2025-07-14 22:52:30,AKAM,0,0,0,0,0,0,0,0,1,1,0,0
2025-07-14 22:52:30,ALB,1,0,1,0,0,1,1,1,1,1,0,0
2025-07-14 22:52:31,ARE,0,0,0,0,0,0,0,1,1,1,0,0
2025-07-14 22:52:32,ALGN,0,0,0,0,0,0,0,1,1,1,0,0
2025-07-14 22:52:32,ALLE,0,0,0,0,0,0,0,1,1,0,0,0
2025-07-14 22:52:33,LNT,1,0,1,0,0,1,1,0,1,0,0,0
2025-07-14 22:52:34,ALL,1,0,1,1,0,1,1,1,1,1,0,0
2025-07-14 22:52:34,GOOGL,0,0,0,0,0,1,0,1,1,1,0,0
2025-07-14 22:52:35,GOOG,1,0,1,0,0,1,1,1,1,1,0,0
2025-07-14 22:52:36,MO,1,0,0,1,0,1,1,0,1,0,0,0
2025-07-14 22:52:36,AMZN,1,0,1,1,0,1,1,1,1,0,0,0
2025-07-14 22:52:37,AMCR,0,0,1,0,0,1,0,0,1,0,0,0
2025-07-14 22:52:38,AEE,1,1,1,1,0,1,1,0,1,1,0,0
2025-07-14 22:52:38,AEP,1,0,1,0,0,0,1,0,1,1,0,0
2025-07-14 22:52:39,AXP,1,0,1,0,0,1,1,1,1,0,0,0
2025-07-14 22:52:40,AIG,1,1,1,0,0,1,1,0,1,1,0,0
2025-07-14 22:52:41,AMT,0,0,0,0,0,1,0,1,1,1,0,0
2025-07-14 22:52:41,AWK,0,0,0,0,0,1,0,1,1,0,0,0
2025-07-14 22:52:42,AMP,0,0,0,0,0,1,0,1,1,0,0,0
2025-07-14 22:52:43,AME,0,0,0,0,0,0,0,1,1,0,0,0
2025-07-14 22:52:43,AMGN,1,1,1,1,0,1,1,1,1,0,0,0
2025-07-14 22:52:44,APH,0,0,0,0,0,1,0,0,1,1,0,0
2025-07-14 22:52:45,ADI,0,0,0,0,0,1,0,1,1,0,0,0
2025-07-14 22:52:46,ANSS,1,0,1,0,0,0,1,1,1,1,1,0
2025-07-14 22:52:46,AON,1,0,1,1,0,1,1,1,1,1,0,0
2025-07-14 22:52:47,APA,1,0,0,0,0,1,1,0,1,1,0,0
2025-07-14 22:52:48,APO,0,0,0,0,0,1,0,1,1,1,0,0
2025-07-14 22:52:48,AAPL,0,0,0,0,0,0,0,1,1,1,0,0
2025-07-14 22:52:49,AMAT,0,0,0,0,0,1,0,1,1,1,0,0
2025-07-14 22:52:50,APTV,0,0,0,0,0,0,0,0,1,1,0,0
2025-07-14 22:52:50,ACGL,0,0,0,0,0,1,0,0,1,1,0,0
2025-07-14 22:52:51,ADM,1,0,1,1,0,1,1,0,1,1,0,0
2025-07-14 22:52:52,ANET,1,0,1,0,0,1,1,1,1,1,0,0
2025-07-14 22:52:53,AJG,1,0,1,1,0,1,1,1,1,0,0,0
2025-07-14 22:52:53,AIZ,1,1,1,1,0,1,1,1,1,1,0,1
2025-07-14 22:52:54,T,0,0,0,0,0,0,0,0,1,1,0,0
2025-07-14 22:52:55,ATO,0,0,0,0,0,0,0,1,1,1,0,0
2025-07-14 22:52:56,ADSK,0,0,0,0,0,1,0,1,1,1,1,0
2025-07-14 22:52:56,ADP,0,0,0,0,0,1,0,1,1,0,0,0
2025-07-14 22:52:57,AZO,1,0,0,0,0,1,1,1,1,1,0,0
2025-07-14 22:52:58,AVB,1,0,1,0,0,0,1,1,1,0,0,0
2025-07-14 22:52:59,AVY,1,0,1,0,0,0,1,1,1,0,0,0
2025-07-14 22:52:59,AXON,0,0,0,0,0,1,0,1,1,1,0,0
2025-07-14 22:53:00,BKR,0,0,0,0,0,0,0,0,1,1,0,0
2025-07-14 22:53:01,BALL,1,0,1,1,0,1,1,0,1,0,0,0
2025-07-14 22:53:01,BAC,1,0,1,1,0,1,1,0,1,0,0,0
2025-07-14 22:53:02,BAX,0,0,0,0,0,0,0,0,1,1,0,0
2025-07-14 22:53:03,BDX,1,0,0,0,0,1,1,1,1,1,0,0
2025-07-14 22:53:04,BRK-B,0,0,0,0,0,0,0,1,0,0,0,0
2025-07-14 22:53:04,BBY,1,1,1,0,0,1,1,1,1,1,0,0
2025-07-14 22:53:05,TECH,0,0,0,0,0,0,0,1,1,1,0,0
2025-07-14 22:53:06,BIIB,0,0,0,0,0,0,0,1,1,0,0,0
2025-07-14 22:53:06,BLK,1,1,1,1,0,1,1,1,1,0,0,0
2025-07-14 22:53:07,BX,1,0,1,0,0,1,1,1,1,1,0,0
2025-07-14 22:53:08,BK,1,1,1,1,0,1,1,0,1,1,0,0
2025-07-14 22:53:09,BA,1,0,1,0,0,1,1,1,1,1,1,0
2025-07-14 22:53:09,BKNG,1,0,0,1,0,1,1,1,1,0,0,0
2025-07-14 22:53:10,BSX,0,0,0,0,0,0,0,0,1,1,0,0
2025-07-14 22:53:11,BMY,0,0,0,0,0,0,0,0,1,1,0,0
2025-07-14 22:53:11,AVGO,0,0,0,0,0,1,0,1,1,1,0,0
2025-07-14 22:53:12,BR,0,0,0,0,0,1,0,1,1,1,0,0
2025-07-14 22:53:13,BRO,1,0,0,0,0,1,1,0,1,1,0,0
2025-07-14 22:53:14,BF-B,0,0,0,0,0,0,0,0,0,1,0,0
2025-07-14 22:53:14,BLDR,0,0,0,0,0,1,0,1,1,1,0,0
2025-07-14 22:53:15,BG,1,0,1,0,0,1,1,1,1,1,0,0
2025-07-14 22:53:16,BXP,1,0,1,0,0,1,1,0,1,0,0,0
2025-07-14 22:53:16,CHRW,0,0,0,0,0,0,0,1,1,1,0,0
2025-07-14 22:53:17,CDNS,1,0,1,0,0,1,1,1,1,1,0,0
2025-07-14 22:53:18,CZR,1,1,1,0,0,1,1,0,1,1,0,0
2025-07-14 22:53:18,CPT,1,0,1,0,0,0,1,1,1,0,0,0
2025-07-14 22:53:19,CPB,1,0,0,0,0,0,1,0,1,1,0,0
2025-07-14 22:53:20,COF,1,1,1,1,0,1,1,1,1,0,0,0
2025-07-14 22:53:21,CAH,1,0,1,0,0,1,1,1,1,0,0,0
2025-07-14 22:53:21,KMX,1,0,1,0,0,0,1,1,1,1,0,0
2025-07-14 22:53:22,CCL,1,0,1,0,0,1,1,0,1,1,0,0
2025-07-14 22:53:23,CARR,1,0,0,0,0,1,1,0,1,0,0,0
2025-07-14 22:53:24,CAT,1,0,1,0,0,1,1,1,1,0,0,0
2025-07-14 22:53:24,CBOE,0,0,0,0,0,0,0,1,1,1,0,0
2025-07-14 22:53:25,CBRE,0,0,0,0,0,0,0,1,1,0,0,0
2025-07-14 22:53:26,CDW,0,0,0,0,0,0,0,1,1,1,0,0
2025-07-14 22:53:26,COR,1,1,1,0,0,1,1,1,1,0,0,0
2025-07-14 22:53:27,CNC,0,0,0,0,0,0,0,1,1,1,0,0
2025-07-14 22:53:28,CNP,1,0,1,0,0,1,1,0,1,0,0,0
2025-07-14 22:53:29,CF,0,0,0,0,0,0,0,1,1,1,0,0
2025-07-14 22:53:29,CRL,0,0,0,0,0,0,0,1,1,1,0,0
2025-07-14 22:53:30,SCHW,0,0,0,0,0,1,0,0,1,1,0,0
2025-07-14 22:53:31,CHTR,1,0,0,0,0,1,1,1,1,1,0,0
2025-07-14 22:53:31,CVX,0,0,0,0,0,0,0,1,1,1,0,0
2025-07-14 22:53:32,CMG,1,0,1,0,0,1,1,0,1,1,0,0
2025-07-14 22:53:33,CB,1,0,1,0,0,1,1,1,1,0,0,0
2025-07-14 22:53:34,CHD,0,0,0,0,0,1,0,0,1,0,0,0
2025-07-14 22:53:34,CI,1,0,1,0,0,1,1,1,1,0,0,0
2025-07-14 22:53:35,CINF,1,0,0,0,0,1,1,1,1,1,0,0
2025-07-14 22:53:36,CTAS,1,0,0,0,0,1,1,1,1,0,0,0
2025-07-14 22:53:36,CSCO,1,0,0,0,0,1,1,0,1,0,0,0
2025-07-14 22:53:37,C,1,0,1,1,0,1,1,0,1,1,0,0
2025-07-14 22:53:38,CFG,1,0,1,1,0,1,1,0,1,0,0,0
2025-07-14 22:53:39,CLX,1,1,1,1,0,1,1,1,1,1,0,1
2025-07-14 22:53:39,CME,0,0,0,0,0,0,0,1,1,0,0,0
2025-07-14 22:53:40,CMS,1,0,1,1,0,1,1,0,1,0,0,0
2025-07-14 22:53:41,KO,1,0,1,0,0,0,1,0,1,0,0,0
2025-07-14 22:53:42,CTSH,0,0,0,0,0,1,0,0,1,0,0,0
2025-07-14 22:53:42,COIN,0,0,0,0,0,1,0,1,1,1,1,0
2025-07-14 22:53:43,CL,0,0,0,0,0,1,0,0,1,1,0,0
2025-07-14 22:53:44,CMCSA,1,0,0,0,0,1,1,0,1,1,0,0
2025-07-14 22:53:44,CAG,0,0,0,0,0,0,0,0,1,1,0,0
2025-07-14 22:53:45,COP,0,0,0,0,0,0,0,1,1,1,0,0
2025-07-14 22:53:46,ED,1,0,0,0,0,0,1,0,1,1,0,0
2025-07-14 22:53:47,STZ,0,0,0,0,0,0,0,1,1,1,0,0
2025-07-14 22:53:47,CEG,1,1,0,1,0,1,1,1,1,1,0,0
2025-07-14 22:53:48,COO,0,0,0,0,0,0,0,0,1,1,0,0
2025-07-14 22:53:49,CPRT,0,0,0,0,0,0,0,0,1,1,0,0
2025-07-14 22:53:49,GLW,1,0,0,0,0,1,1,0,1,1,0,0
2025-07-14 22:53:50,CPAY,0,0,0,0,0,0,0,1,1,1,0,0
2025-07-14 22:53:51,CTVA,0,0,1,0,0,0,0,0,1,1,0,0
2025-07-14 22:53:52,CSGP,0,0,0,0,0,0,0,0,1,1,0,0
2025-07-14 22:53:52,COST,1,1,1,1,0,1,1,1,1,0,0,0
2025-07-14 22:53:53,CTRA,0,0,0,0,0,0,0,0,1,1,0,0
2025-07-14 22:53:53,CRWD,1,0,0,0,0,1,1,1,1,1,0,0
2025-07-14 22:53:54,CCI,1,0,0,0,0,1,1,1,1,1,0,0
2025-07-14 22:53:55,CSX,0,0,0,0,0,1,0,0,1,1,0,0
2025-07-14 22:53:56,CMI,0,0,0,0,0,1,0,1,1,1,0,0
2025-07-14 22:53:56,CVS,0,0,0,0,0,0,0,0,1,0,0,0
2025-07-14 22:53:57,DHR,0,0,0,0,0,0,0,1,1,1,0,0
2025-07-14 22:53:58,DRI,0,0,0,0,0,0,0,1,1,0,0,0
2025-07-14 22:53:59,DDOG,0,0,0,0,0,0,0,1,1,1,0,0
2025-07-14 22:53:59,DVA,0,0,0,0,0,0,0,1,1,1,0,0
2025-07-14 22:54:00,DAY,0,0,0,0,0,0,0,0,1,1,0,0
2025-07-14 22:54:01,DECK,0,0,0,0,0,0,0,1,1,1,0,0
2025-07-14 22:54:01,DE,1,0,1,0,0,1,1,1,1,1,0,0
2025-07-14 22:54:02,DELL,0,0,0,0,0,1,0,1,1,1,0,0
2025-07-14 22:54:03,DAL,1,0,0,0,0,1,1,1,1,1,0,0
2025-07-14 22:54:03,DVN,0,0,0,0,0,0,0,0,1,1,0,0
2025-07-14 22:54:04,DXCM,1,0,1,0,0,1,1,1,1,1,0,0
2025-07-14 22:54:05,FANG,1,0,0,0,0,1,1,1,1,1,0,0
2025-07-14 22:54:05,DLR,0,0,0,0,0,1,0,1,1,1,0,0
2025-07-14 22:54:06,DG,1,0,0,0,0,1,1,1,1,1,0,0
2025-07-14 22:54:07,DLTR,1,1,1,1,0,1,1,1,1,1,0,1
2025-07-14 22:54:07,D,1,0,0,0,0,1,1,0,1,1,0,0
2025-07-14 22:54:08,DPZ,1,0,1,1,0,1,1,1,1,1,0,0
2025-07-14 22:54:09,DASH,1,0,0,0,0,1,1,1,1,1,0,0
2025-07-14 22:54:10,DOV,0,0,0,0,0,1,0,1,1,1,0,0
2025-07-14 22:54:10,DOW,0,0,1,0,0,0,0,0,1,1,0,0
2025-07-14 22:54:11,DHI,1,1,1,0,0,1,1,1,1,1,0,0
2025-07-14 22:54:12,DTE,1,0,1,0,0,0,1,1,1,1,0,0
2025-07-14 22:54:12,DUK,1,0,1,1,0,1,1,0,1,1,0,0
2025-07-14 22:54:13,DD,1,0,1,0,0,1,1,0,1,1,0,0
2025-07-14 22:54:14,EMN,0,0,0,0,0,0,0,1,1,1,0,0
2025-07-14 22:54:14,ETN,1,0,1,0,0,1,1,1,1,0,0,0
2025-07-14 22:54:15,EBAY,1,0,1,0,0,0,1,0,1,0,0,0
2025-07-14 22:54:16,ECL,1,0,1,0,0,1,1,1,1,0,0,0
2025-07-14 22:54:16,EIX,1,0,1,0,0,1,1,0,1,1,0,0
2025-07-14 23:03:43,MMM,1,0,1,1,0,1,1,1,1,1,0,0
2025-07-14 23:03:43,AOS,0,0,0,0,0,1,0,0,1,0,0,0
2025-07-14 23:03:44,ABT,0,0,0,0,0,0,0,1,1,0,0,0
2025-07-14 23:03:45,ABBV,1,0,1,0,0,1,1,1,1,0,0,0
2025-07-14 23:03:46,ACN,0,0,0,0,0,1,0,1,1,0,0,0
2025-07-14 23:03:46,ADBE,1,0,0,0,0,1,1,1,1,1,0,0
2025-07-14 23:03:47,AMD,0,0,0,0,0,1,0,1,1,1,0,0
2025-07-14 23:03:47,AES,1,0,1,1,0,1,1,0,1,1,0,0
2025-07-14 23:03:48,AFL,1,0,1,1,0,1,1,0,1,1,0,0
2025-07-14 23:03:49,A,0,0,0,0,0,0,0,1,1,1,0,0
2025-07-14 23:03:49,APD,0,0,0,0,0,0,0,1,1,0,0,0
2025-07-14 23:03:50,ABNB,0,0,0,0,0,1,0,1,1,1,0,0
2025-07-14 23:03:51,AKAM,0,0,0,0,0,0,0,0,1,1,0,0
2025-07-14 23:03:51,ALB,1,0,1,0,0,1,1,1,1,1,0,0
2025-07-14 23:03:52,ARE,0,0,0,0,0,0,0,1,1,1,0,0
2025-07-14 23:03:53,ALGN,0,0,0,0,0,0,0,1,1,1,0,0
2025-07-14 23:03:53,ALLE,0,0,0,0,0,0,0,1,1,0,0,0
2025-07-14 23:03:54,LNT,1,0,1,0,0,1,1,0,1,0,0,0
2025-07-14 23:03:55,ALL,1,0,1,1,0,1,1,1,1,1,0,0
2025-07-14 23:03:55,GOOGL,0,0,0,0,0,1,0,1,1,1,0,0
2025-07-14 23:03:56,GOOG,1,0,1,0,0,1,1,1,1,1,0,0
2025-07-14 23:03:57,MO,1,0,0,1,0,1,1,0,1,0,0,0
2025-07-14 23:03:57,AMZN,1,0,1,1,0,1,1,1,1,0,0,0
2025-07-14 23:03:58,AMCR,0,0,1,0,0,1,0,0,1,0,0,0
2025-07-14 23:03:59,AEE,1,1,1,1,0,1,1,0,1,1,0,0
2025-07-14 23:04:00,AEP,1,0,1,0,0,0,1,0,1,1,0,0
2025-07-14 23:04:00,AXP,1,0,1,0,0,1,1,1,1,0,0,0
2025-07-14 23:04:01,AIG,1,1,1,0,0,1,1,0,1,1,0,0
2025-07-14 23:04:02,AMT,0,0,0,0,0,1,0,1,1,1,0,0
2025-07-14 23:04:02,AWK,0,0,0,0,0,1,0,1,1,0,0,0
2025-07-14 23:04:03,AMP,0,0,0,0,0,1,0,1,1,0,0,0
2025-07-14 23:04:04,AME,0,0,0,0,0,0,0,1,1,0,0,0
2025-07-14 23:04:05,AMGN,1,1,1,1,0,1,1,1,1,0,0,0
2025-07-14 23:04:05,APH,0,0,0,0,0,1,0,0,1,1,0,0
2025-07-14 23:04:06,ADI,0,0,0,0,0,1,0,1,1,0,0,0
2025-07-14 23:04:07,ANSS,1,0,1,0,0,0,1,1,1,1,1,0
2025-07-14 23:04:08,AON,1,0,1,1,0,1,1,1,1,1,0,0
2025-07-14 23:04:08,APA,1,0,0,0,0,1,1,0,1,1,0,0
2025-07-14 23:04:09,APO,0,0,0,0,0,1,0,1,1,1,0,0
2025-07-14 23:04:10,AAPL,0,0,0,0,0,0,0,1,1,1,0,0
2025-07-14 23:04:10,AMAT,0,0,0,0,0,1,0,1,1,1,0,0
2025-07-14 23:04:11,APTV,0,0,0,0,0,0,0,0,1,1,0,0
2025-07-14 23:04:12,ACGL,0,0,0,0,0,1,0,0,1,1,0,0
2025-07-14 23:04:13,ADM,1,0,1,1,0,1,1,0,1,1,0,0
2025-07-14 23:04:13,ANET,1,0,1,0,0,1,1,1,1,1,0,0
2025-07-14 23:04:14,AJG,1,0,1,1,0,1,1,1,1,0,0,0
2025-07-14 23:04:15,AIZ,1,1,1,1,0,1,1,1,1,1,0,1
2025-07-14 23:04:15,T,0,0,0,0,0,0,0,0,1,1,0,0
2025-07-14 23:04:16,ATO,0,0,0,0,0,0,0,1,1,1,0,0
2025-07-14 23:04:17,ADSK,0,0,0,0,0,1,0,1,1,1,1,0
2025-07-14 23:04:17,ADP,0,0,0,0,0,1,0,1,1,0,0,0
2025-07-14 23:04:18,AZO,1,0,0,0,0,1,1,1,1,1,0,0
2025-07-14 23:04:19,AVB,1,0,1,0,0,0,1,1,1,0,0,0
2025-07-14 23:04:19,AVY,1,0,1,0,0,0,1,1,1,0,0,0
2025-07-14 23:04:20,AXON,0,0,0,0,0,1,0,1,1,1,0,0
2025-07-14 23:04:21,BKR,0,0,0,0,0,0,0,0,1,1,0,0
2025-07-14 23:04:21,BALL,1,0,1,1,0,1,1,0,1,0,0,0
2025-07-14 23:04:22,BAC,1,0,1,1,0,1,1,0,1,0,0,0
2025-07-14 23:04:23,BAX,0,0,0,0,0,0,0,0,1,1,0,0
2025-07-14 23:04:24,BDX,1,0,0,0,0,1,1,1,1,1,0,0
2025-07-14 23:04:24,BRK-B,0,0,0,0,0,0,0,1,0,0,0,0
2025-07-14 23:04:25,BBY,1,1,1,0,0,1,1,1,1,1,0,0
2025-07-14 23:04:26,TECH,0,0,0,0,0,0,0,1,1,1,0,0
2025-07-14 23:04:26,BIIB,0,0,0,0,0,0,0,1,1,0,0,0
2025-07-14 23:11:10,MMM,1,0,1,1,0,1,1,1,1,1,0,0
2025-07-14 23:11:10,AOS,0,0,0,0,0,1,0,0,1,0,0,0
2025-07-14 23:11:11,ABT,0,0,0,0,0,0,0,1,1,0,0,0
2025-07-14 23:11:11,ABBV,1,0,1,0,0,1,1,1,1,0,0,0
2025-07-14 23:11:12,ACN,0,0,0,0,0,1,0,1,1,0,0,0
2025-07-14 23:11:13,ADBE,1,0,0,0,0,1,1,1,1,1,0,0
2025-07-14 23:11:13,AMD,0,0,0,0,0,1,0,1,1,1,0,0
2025-07-14 23:11:14,AES,1,0,1,1,0,1,1,0,1,1,0,0
2025-07-14 23:11:14,AFL,1,0,1,1,0,1,1,0,1,1,0,0
2025-07-14 23:11:15,A,0,0,0,0,0,0,0,1,1,1,0,0
2025-07-14 23:11:16,APD,0,0,0,0,0,0,0,1,1,0,0,0
2025-07-14 23:11:16,ABNB,0,0,0,0,0,1,0,1,1,1,0,0
2025-07-14 23:11:17,AKAM,0,0,0,0,0,0,0,0,1,1,0,0
2025-07-14 23:11:17,ALB,1,0,1,0,0,1,1,1,1,1,0,0
2025-07-14 23:11:18,ARE,0,0,0,0,0,0,0,1,1,1,0,0
2025-07-14 23:11:19,ALGN,0,0,0,0,0,0,0,1,1,1,0,0
2025-07-14 23:11:19,ALLE,0,0,0,0,0,0,0,1,1,0,0,0
2025-07-14 23:11:20,LNT,1,0,1,0,0,1,1,0,1,0,0,0
2025-07-14 23:11:20,ALL,1,0,1,1,0,1,1,1,1,1,0,0
2025-07-14 23:11:21,GOOGL,0,0,0,0,0,1,0,1,1,1,0,0
2025-07-14 23:11:22,GOOG,1,0,1,0,0,1,1,1,1,1,0,0
2025-07-14 23:11:22,MO,1,0,0,1,0,1,1,0,1,0,0,0
2025-07-14 23:11:23,AMZN,1,0,1,1,0,1,1,1,1,0,0,0
2025-07-14 23:11:23,AMCR,0,0,1,0,0,1,0,0,1,0,0,0
2025-07-14 23:11:24,AEE,1,1,1,1,0,1,1,0,1,1,0,0
2025-07-14 23:11:25,AEP,1,0,1,0,0,0,1,0,1,1,0,0
2025-07-14 23:11:25,AXP,1,0,1,0,0,1,1,1,1,0,0,0
2025-07-14 23:11:26,AIG,1,1,1,0,0,1,1,0,1,1,0,0
2025-07-14 23:11:26,AMT,0,0,0,0,0,1,0,1,1,1,0,0
2025-07-14 23:11:27,AWK,0,0,0,0,0,1,0,1,1,0,0,0
2025-07-14 23:11:27,AMP,0,0,0,0,0,1,0,1,1,0,0,0
2025-07-14 23:11:28,AME,0,0,0,0,0,0,0,1,1,0,0,0
2025-07-14 23:11:29,AMGN,1,1,1,1,0,1,1,1,1,0,0,0
2025-07-14 23:11:29,APH,0,0,0,0,0,1,0,0,1,1,0,0
2025-07-14 23:11:30,ADI,0,0,0,0,0,1,0,1,1,0,0,0
2025-07-14 23:11:30,ANSS,1,0,1,0,0,0,1,1,1,1,1,0
2025-07-14 23:11:31,AON,1,0,1,1,0,1,1,1,1,1,0,0
2025-07-14 23:11:31,APA,1,0,0,0,0,1,1,0,1,1,0,0
2025-07-14 23:11:32,APO,0,0,0,0,0,1,0,1,1,1,0,0
2025-07-14 23:11:33,AAPL,0,0,0,0,0,0,0,1,1,1,0,0
2025-07-14 23:11:33,AMAT,0,0,0,0,0,1,0,1,1,1,0,0
2025-07-14 23:11:34,APTV,0,0,0,0,0,0,0,0,1,1,0,0
2025-07-14 23:11:34,ACGL,0,0,0,0,0,1,0,0,1,1,0,0
2025-07-14 23:11:35,ADM,1,0,1,1,0,1,1,0,1,1,0,0
2025-07-14 23:11:36,ANET,1,0,1,0,0,1,1,1,1,1,0,0
2025-07-14 23:11:36,AJG,1,0,1,1,0,1,1,1,1,0,0,0
2025-07-14 23:11:37,AIZ,1,1,1,1,0,1,1,1,1,1,0,1
2025-07-14 23:11:37,T,0,0,0,0,0,0,0,0,1,1,0,0
2025-07-14 23:11:38,ATO,0,0,0,0,0,0,0,1,1,1,0,0
2025-07-14 23:11:38,ADSK,0,0,0,0,0,1,0,1,1,1,1,0
2025-07-14 23:11:39,ADP,0,0,0,0,0,1,0,1,1,0,0,0
2025-07-14 23:11:40,AZO,1,0,0,0,0,1,1,1,1,1,0,0
2025-07-14 23:11:40,AVB,1,0,1,0,0,0,1,1,1,0,0,0
2025-07-14 23:11:41,AVY,1,0,1,0,0,0,1,1,1,0,0,0
2025-07-14 23:11:41,AXON,0,0,0,0,0,1,0,1,1,1,0,0
2025-07-14 23:11:42,BKR,0,0,0,0,0,0,0,0,1,1,0,0
2025-07-14 23:11:42,BALL,1,0,1,1,0,1,1,0,1,0,0,0
2025-07-14 23:11:43,BAC,1,0,1,1,0,1,1,0,1,0,0,0
2025-07-14 23:11:43,BAX,0,0,0,0,0,0,0,0,1,1,0,0
2025-07-14 23:11:44,BDX,1,0,0,0,0,1,1,1,1,1,0,0
2025-07-14 23:11:45,BRK-B,0,0,0,0,0,0,0,1,0,0,0,0
2025-07-14 23:11:45,BBY,1,1,1,0,0,1,1,1,1,1,0,0
2025-07-14 23:11:46,TECH,0,0,0,0,0,0,0,1,1,1,0,0
2025-07-14 23:11:46,BIIB,0,0,0,0,0,0,0,1,1,0,0,0
2025-07-14 23:11:47,BLK,1,1,1,1,0,1,1,1,1,0,0,0
2025-07-14 23:11:47,BX,1,0,1,0,0,1,1,1,1,1,0,0
2025-07-14 23:11:48,BK,1,1,1,1,0,1,1,0,1,1,0,0
2025-07-14 23:11:48,BA,1,0,1,0,0,1,1,1,1,1,1,0
2025-07-14 23:11:49,BKNG,1,0,0,1,0,1,1,1,1,0,0,0
2025-07-14 23:11:49,BSX,0,0,0,0,0,0,0,0,1,1,0,0
2025-07-14 23:11:50,BMY,0,0,0,0,0,0,0,0,1,1,0,0
2025-07-14 23:11:51,AVGO,0,0,0,0,0,1,0,1,1,1,0,0
2025-07-14 23:11:51,BR,0,0,0,0,0,1,0,1,1,1,0,0
2025-07-14 23:11:52,BRO,1,0,0,0,0,1,1,0,1,1,0,0
2025-07-14 23:11:52,BF-B,0,0,0,0,0,0,0,0,0,1,0,0
2025-07-14 23:11:53,BLDR,0,0,0,0,0,1,0,1,1,1,0,0
2025-07-14 23:11:53,BG,1,0,1,0,0,1,1,1,1,1,0,0
2025-07-14 23:11:54,BXP,1,0,1,0,0,1,1,0,1,0,0,0
2025-07-14 23:11:55,CHRW,0,0,0,0,0,0,0,1,1,1,0,0
2025-07-14 23:11:55,CDNS,1,0,1,0,0,1,1,1,1,1,0,0
2025-07-14 23:11:56,CZR,1,1,1,0,0,1,1,0,1,1,0,0
2025-07-14 23:11:56,CPT,1,0,1,0,0,0,1,1,1,0,0,0
2025-07-14 23:11:57,CPB,1,0,0,0,0,0,1,0,1,1,0,0
2025-07-14 23:11:57,COF,1,1,1,1,0,1,1,1,1,0,0,0
2025-07-14 23:11:58,CAH,1,0,1,0,0,1,1,1,1,0,0,0
2025-07-14 23:11:58,KMX,1,0,1,0,0,0,1,1,1,1,0,0
2025-07-14 23:11:59,CCL,1,0,1,0,0,1,1,0,1,1,0,0
2025-07-14 23:12:00,CARR,1,0,0,0,0,1,1,0,1,0,0,0
2025-07-14 23:12:00,CAT,1,0,1,0,0,1,1,1,1,0,0,0
2025-07-14 23:12:01,CBOE,0,0,0,0,0,0,0,1,1,1,0,0
2025-07-14 23:12:01,CBRE,0,0,0,0,0,0,0,1,1,0,0,0
2025-07-14 23:12:02,CDW,0,0,0,0,0,0,0,1,1,1,0,0
2025-07-14 23:12:02,COR,1,1,1,0,0,1,1,1,1,0,0,0
2025-07-14 23:12:03,CNC,0,0,0,0,0,0,0,1,1,1,0,0
2025-07-14 23:12:03,CNP,1,0,1,0,0,1,1,0,1,0,0,0
2025-07-14 23:12:04,CF,0,0,0,0,0,0,0,1,1,1,0,0
2025-07-14 23:12:04,CRL,0,0,0,0,0,0,0,1,1,1,0,0
2025-07-14 23:12:05,SCHW,0,0,0,0,0,1,0,0,1,1,0,0
2025-07-14 23:12:05,CHTR,1,0,0,0,0,1,1,1,1,1,0,0
2025-07-14 23:12:06,CVX,0,0,0,0,0,0,0,1,1,1,0,0
2025-07-14 23:12:07,CMG,1,0,1,0,0,1,1,0,1,1,0,0
2025-07-14 23:12:07,CB,1,0,1,0,0,1,1,1,1,0,0,0
2025-07-14 23:12:08,CHD,0,0,0,0,0,1,0,0,1,0,0,0
2025-07-14 23:12:08,CI,1,0,1,0,0,1,1,1,1,0,0,0
2025-07-14 23:12:09,CINF,1,0,0,0,0,1,1,1,1,1,0,0
2025-07-14 23:12:10,CTAS,1,0,0,0,0,1,1,1,1,0,0,0
2025-07-14 23:12:10,CSCO,1,0,0,0,0,1,1,0,1,0,0,0
2025-07-14 23:12:11,C,1,0,1,1,0,1,1,0,1,1,0,0
2025-07-14 23:12:11,CFG,1,0,1,1,0,1,1,0,1,0,0,0
2025-07-14 23:12:12,CLX,1,1,1,1,0,1,1,1,1,1,0,1
2025-07-14 23:12:12,CME,0,0,0,0,0,0,0,1,1,0,0,0
2025-07-14 23:12:13,CMS,1,0,1,1,0,1,1,0,1,0,0,0
2025-07-14 23:12:14,KO,1,0,1,0,0,0,1,0,1,0,0,0
2025-07-14 23:12:14,CTSH,0,0,0,0,0,1,0,0,1,0,0,0
2025-07-14 23:12:15,COIN,0,0,0,0,0,1,0,1,1,1,1,0
2025-07-14 23:12:15,CL,0,0,0,0,0,1,0,0,1,1,0,0
2025-07-14 23:12:16,CMCSA,1,0,0,0,0,1,1,0,1,1,0,0
2025-07-14 23:12:16,CAG,0,0,0,0,0,0,0,0,1,1,0,0
2025-07-14 23:12:17,COP,0,0,0,0,0,0,0,1,1,1,0,0
2025-07-14 23:12:17,ED,1,0,0,0,0,0,1,0,1,1,0,0
2025-07-14 23:12:18,STZ,0,0,0,0,0,0,0,1,1,1,0,0
2025-07-14 23:12:18,CEG,1,1,0,1,0,1,1,1,1,1,0,0
2025-07-14 23:12:19,COO,0,0,0,0,0,0,0,0,1,1,0,0
2025-07-14 23:12:19,CPRT,0,0,0,0,0,0,0,0,1,1,0,0
2025-07-14 23:12:20,GLW,1,0,0,0,0,1,1,0,1,1,0,0
2025-07-14 23:12:21,CPAY,0,0,0,0,0,0,0,1,1,1,0,0
2025-07-14 23:12:21,CTVA,0,0,1,0,0,0,0,0,1,1,0,0
2025-07-14 23:12:22,CSGP,0,0,0,0,0,0,0,0,1,1,0,0
2025-07-14 23:12:23,COST,1,1,1,1,0,1,1,1,1,0,0,0
2025-07-14 23:12:23,CTRA,0,0,0,0,0,0,0,0,1,1,0,0
2025-07-14 23:12:24,CRWD,1,0,0,0,0,1,1,1,1,1,0,0
2025-07-14 23:12:24,CCI,1,0,0,0,0,1,1,1,1,1,0,0
2025-07-14 23:12:25,CSX,0,0,0,0,0,1,0,0,1,1,0,0
2025-07-14 23:12:26,CMI,0,0,0,0,0,1,0,1,1,1,0,0
2025-07-14 23:12:26,CVS,0,0,0,0,0,0,0,0,1,0,0,0
2025-07-14 23:12:27,DHR,0,0,0,0,0,0,0,1,1,1,0,0
2025-07-14 23:12:28,DRI,0,0,0,0,0,0,0,1,1,0,0,0
2025-07-14 23:12:28,DDOG,0,0,0,0,0,0,0,1,1,1,0,0
2025-07-14 23:12:29,DVA,0,0,0,0,0,0,0,1,1,1,0,0
2025-07-14 23:12:30,DAY,0,0,0,0,0,0,0,0,1,1,0,0
2025-07-14 23:12:30,DECK,0,0,0,0,0,0,0,1,1,1,0,0
2025-07-14 23:12:31,DE,1,0,1,0,0,1,1,1,1,1,0,0
2025-07-14 23:12:31,DELL,0,0,0,0,0,1,0,1,1,1,0,0
2025-07-14 23:12:32,DAL,1,0,0,0,0,1,1,1,1,1,0,0
2025-07-14 23:12:33,DVN,0,0,0,0,0,0,0,0,1,1,0,0
2025-07-14 23:12:33,DXCM,1,0,1,0,0,1,1,1,1,1,0,0
2025-07-14 23:12:34,FANG,1,0,0,0,0,1,1,1,1,1,0,0
2025-07-14 23:12:34,DLR,0,0,0,0,0,1,0,1,1,1,0,0
2025-07-14 23:12:35,DG,1,0,0,0,0,1,1,1,1,1,0,0
2025-07-14 23:12:36,DLTR,1,1,1,1,0,1,1,1,1,1,0,1
2025-07-14 23:12:36,D,1,0,0,0,0,1,1,0,1,1,0,0
2025-07-14 23:12:37,DPZ,1,0,1,1,0,1,1,1,1,1,0,0
2025-07-14 23:12:37,DASH,1,0,0,0,0,1,1,1,1,1,0,0
2025-07-14 23:12:38,DOV,0,0,0,0,0,1,0,1,1,1,0,0
2025-07-14 23:12:39,DOW,0,0,1,0,0,0,0,0,1,1,0,0
2025-07-14 23:12:39,DHI,1,1,1,0,0,1,1,1,1,1,0,0
2025-07-14 23:12:40,DTE,1,0,1,0,0,0,1,1,1,1,0,0
2025-07-14 23:12:41,DUK,1,0,1,1,0,1,1,0,1,1,0,0
2025-07-14 23:12:41,DD,1,0,1,0,0,1,1,0,1,1,0,0
2025-07-14 23:12:42,EMN,0,0,0,0,0,0,0,1,1,1,0,0
2025-07-14 23:12:42,ETN,1,0,1,0,0,1,1,1,1,0,0,0
2025-07-14 23:12:43,EBAY,1,0,1,0,0,0,1,0,1,0,0,0
2025-07-14 23:12:44,ECL,1,0,1,0,0,1,1,1,1,0,0,0
2025-07-14 23:12:44,EIX,1,0,1,0,0,1,1,0,1,1,0,0
2025-07-14 23:12:45,EW,0,0,1,0,0,0,0,0,1,0,0,0
2025-07-14 23:12:46,EA,0,0,0,0,0,0,0,1,1,1,0,0
2025-07-14 23:12:46,ELV,1,0,0,0,0,1,1,1,1,1,0,0
2025-07-14 23:12:47,EMR,0,0,0,0,0,1,0,1,1,0,0,0
2025-07-14 23:12:48,ENPH,1,0,1,0,0,0,1,1,1,1,0,0
2025-07-14 23:12:48,ETR,1,1,1,1,0,1,1,0,1,1,0,0
2025-07-14 23:12:49,EOG,1,0,0,0,0,1,1,1,1,1,0,0
2025-07-14 23:12:49,EPAM,0,0,0,0,0,1,0,1,1,1,0,0
2025-07-14 23:12:50,EQT,1,0,1,1,0,1,1,0,1,1,0,0
2025-07-14 23:12:51,EFX,0,0,0,0,0,1,0,1,1,1,0,0
2025-07-14 23:12:51,EQIX,1,0,0,0,0,1,1,1,1,0,0,0
2025-07-14 23:12:52,EQR,1,0,1,1,0,1,1,0,1,0,0,0
2025-07-14 23:12:53,ERIE,1,0,1,0,0,1,1,1,1,1,0,0
2025-07-14 23:12:53,ESS,0,0,0,0,0,0,0,1,1,1,0,0
2025-07-14 23:12:54,EL,0,0,0,0,0,0,0,1,1,1,0,0
2025-07-14 23:12:54,EG,0,0,0,0,0,1,0,1,1,1,0,0
2025-07-14 23:12:55,EVRG,1,1,1,1,0,0,1,0,1,1,0,0
2025-07-14 23:12:56,ES,1,0,1,0,0,0,1,0,1,1,0,0
2025-07-14 23:12:56,EXC,1,0,1,1,0,1,1,0,1,1,0,0
2025-07-14 23:12:57,EXE,1,0,0,0,0,1,1,1,1,1,0,0
2025-07-14 23:12:58,EXPE,1,0,1,0,0,1,1,1,1,0,0,0
2025-07-14 23:12:58,EXPD,0,0,0,0,0,1,0,1,1,0,0,0
2025-07-14 23:12:59,EXR,0,0,1,0,0,1,0,1,1,0,0,0
2025-07-14 23:13:01,XOM,0,0,0,0,0,1,0,1,1,1,0,0
2025-07-14 23:13:02,FFIV,0,0,0,0,0,1,0,1,1,1,0,0
2025-07-14 23:13:03,FDS,0,0,1,0,0,0,0,1,1,1,0,0
2025-07-14 23:13:03,FICO,0,0,0,0,0,1,0,1,1,1,0,0
2025-07-14 23:13:04,FAST,0,0,0,0,0,1,0,0,1,1,1,0
2025-07-14 23:13:05,FRT,1,0,1,0,0,1,1,0,1,0,0,0
2025-07-14 23:13:05,FDX,0,0,0,0,0,1,0,1,1,1,0,0
2025-07-14 23:13:06,FIS,1,0,1,1,0,0,1,0,1,1,0,0
2025-07-14 23:13:06,FITB,1,0,1,1,0,1,1,0,1,0,0,0
2025-07-14 23:13:07,FSLR,0,0,0,0,0,0,0,1,1,1,0,0
2025-07-14 23:13:08,FE,1,0,1,0,0,1,1,0,1,0,0,0
2025-07-14 23:13:08,FI,0,0,0,0,0,0,0,1,1,1,0,0
2025-07-14 23:13:09,F,1,0,0,1,0,1,1,0,1,1,0,0
2025-07-14 23:13:10,FTNT,1,0,0,0,0,1,1,1,1,1,0,0
2025-07-14 23:13:10,FTV,0,0,0,0,0,0,0,0,1,0,0,0
2025-07-14 23:13:11,FOXA,1,0,0,0,0,1,1,0,1,1,0,0
2025-07-14 23:13:12,FOX,1,0,0,0,0,1,1,0,1,1,0,0
2025-07-14 23:13:12,BEN,0,0,0,0,0,1,0,0,1,0,0,0
2025-07-14 23:13:13,FCX,1,0,1,1,0,1,1,0,1,1,0,0
2025-07-14 23:13:14,GRMN,1,0,1,1,0,1,1,1,1,0,0,0
2025-07-14 23:13:14,IT,0,0,0,0,0,0,0,1,1,0,0,0
2025-07-14 23:13:15,GE,1,1,1,1,0,1,1,1,1,1,0,1
2025-07-14 23:13:16,GEHC,0,0,0,0,0,1,0,0,1,0,0,0
2025-07-14 23:13:17,GEV,1,0,0,0,0,1,1,1,1,1,0,0
2025-07-14 23:13:17,GEN,0,0,0,0,0,1,0,0,1,1,1,0
2025-07-14 23:13:18,GNRC,0,0,0,0,0,0,0,1,1,1,0,0
2025-07-14 23:13:19,GD,0,0,0,0,0,1,0,1,1,0,0,0
2025-07-14 23:13:20,GIS,1,0,1,0,0,0,1,0,1,1,0,0
2025-07-14 23:13:20,GM,0,0,0,0,0,1,0,0,1,1,0,0
2025-07-14 23:13:21,GPC,1,0,0,0,0,1,1,1,1,1,0,0
2025-07-14 23:13:22,GILD,1,1,1,0,0,1,1,1,1,1,0,0
2025-07-14 23:13:22,GPN,0,0,1,0,0,0,0,0,1,1,1,0
2025-07-14 23:13:23,GL,1,0,1,0,0,1,1,1,1,1,0,0
2025-07-14 23:13:24,GDDY,0,0,0,0,0,0,0,1,1,1,0,0
2025-07-14 23:13:24,GS,1,0,1,1,0,1,1,1,1,1,0,0
2025-07-14 23:13:25,HAL,0,0,0,0,0,0,0,0,1,1,0,0
2025-07-14 23:13:26,HIG,1,0,1,0,0,1,1,1,1,1,0,0
2025-07-14 23:13:26,HAS,0,0,0,0,0,1,0,0,1,1,0,0
2025-07-14 23:13:27,HCA,1,0,1,0,0,1,1,1,1,1,0,0
2025-07-14 23:13:28,DOC,1,0,1,1,0,1,1,0,1,0,0,0
2025-07-14 23:13:29,HSIC,0,0,0,0,0,1,0,0,1,1,0,0
2025-07-14 23:13:29,HSY,0,0,0,0,0,0,0,1,1,1,0,0
2025-07-14 23:13:30,HES,0,0,0,0,0,0,0,1,1,1,0,0
2025-07-14 23:13:31,HPE,0,0,0,0,0,0,0,0,1,1,0,0
2025-07-14 23:13:32,HLT,0,0,0,0,0,1,0,1,1,1,0,0
2025-07-14 23:13:32,HOLX,0,0,0,0,0,0,0,0,1,1,0,0
2025-07-14 23:13:33,HD,1,0,1,0,0,1,1,1,1,0,0,0
2025-07-14 23:13:34,HON,0,0,0,0,0,1,0,1,1,1,0,0
2025-07-14 23:13:35,HRL,1,1,1,1,0,1,1,0,1,1,0,0
2025-07-14 23:13:35,HST,1,0,1,0,0,1,1,0,1,1,0,0
2025-07-14 23:13:36,HWM,1,0,0,0,0,1,1,1,1,1,0,0
2025-07-14 23:13:37,HPQ,0,0,0,0,0,0,0,0,1,1,0,0
2025-07-14 23:13:38,HUBB,0,0,0,0,0,1,0,1,1,0,0,0
2025-07-14 23:13:38,HUM,0,0,0,0,0,0,0,1,1,1,0,0
2025-07-14 23:13:39,HBAN,1,0,1,1,0,1,1,0,1,1,0,0
2025-07-14 23:13:40,HII,0,0,0,0,0,1,0,1,1,1,0,0
2025-07-14 23:13:41,IBM,0,0,0,0,0,1,0,1,1,0,0,0
2025-07-14 23:13:41,IEX,0,0,0,0,0,0,0,1,1,0,0,0
2025-07-14 23:13:42,IDXX,0,0,0,0,0,0,0,1,1,0,0,0
2025-07-14 23:13:43,ITW,0,0,0,0,0,1,0,1,1,0,0,0
2025-07-14 23:13:43,INCY,1,1,1,0,0,1,1,1,1,1,0,0
2025-07-14 23:13:44,IR,0,0,0,0,0,0,0,0,1,1,0,0
2025-07-14 23:13:45,PODD,0,0,0,0,0,0,0,1,1,1,0,0
2025-07-14 23:13:45,INTC,0,0,0,0,0,1,0,0,1,1,0,0
2025-07-14 23:13:46,ICE,0,0,0,0,0,0,0,1,1,1,0,0
2025-07-14 23:13:47,IFF,0,0,0,0,0,0,0,0,1,0,0,0
2025-07-14 23:13:48,IP,1,0,1,1,0,1,1,0,1,0,0,0
2025-07-14 23:13:48,IPG,0,0,0,0,0,1,0,0,1,0,0,0
2025-07-14 23:13:49,INTU,0,0,0,0,0,0,0,1,1,1,0,0
2025-07-14 23:13:50,ISRG,0,0,0,0,0,0,0,1,1,1,0,0
2025-07-14 23:13:50,IVZ,1,0,1,0,0,1,1,0,1,0,0,0
2025-07-14 23:13:51,INVH,0,0,1,0,0,0,0,0,1,0,0,0
2025-07-14 23:13:52,IQV,0,0,0,0,0,0,0,1,1,1,0,0
2025-07-14 23:13:52,IRM,0,0,0,0,0,0,0,1,1,0,0,0
2025-07-14 23:13:53,JBHT,1,0,1,0,0,1,1,1,1,1,0,0
2025-07-14 23:13:54,JBL,0,0,0,0,0,0,0,1,1,0,0,0
2025-07-14 23:13:54,JKHY,0,0,0,0,0,0,0,1,1,1,0,0
2025-07-14 23:13:55,J,0,0,0,0,0,1,0,0,1,0,0,0
2025-07-14 23:13:56,JNJ,1,0,1,0,0,1,1,1,1,0,0,0
2025-07-14 23:13:57,JCI,0,0,0,0,0,1,0,0,1,0,0,0
2025-07-14 23:13:57,JPM,1,0,1,0,0,1,1,1,1,0,0,0
2025-07-14 23:13:58,K,1,0,0,0,0,1,1,0,0,0,0,0
2025-07-14 23:13:59,KVUE,0,0,0,0,0,1,0,0,1,1,1,0
2025-07-14 23:13:59,KDP,1,0,1,0,0,1,1,0,1,0,0,0
2025-07-14 23:14:00,KEY,1,0,1,0,0,1,1,0,1,0,0,0
2025-07-14 23:14:01,KEYS,0,0,0,0,0,1,0,1,1,1,0,0
2025-07-14 23:14:01,KMB,1,0,0,0,0,1,1,1,1,1,0,0
2025-07-14 23:14:02,KIM,1,0,1,0,0,1,1,0,1,1,0,0
2025-07-14 23:14:03,KMI,1,1,1,1,0,1,1,0,1,1,0,0
2025-07-14 23:14:03,KKR,0,0,0,0,0,0,0,1,1,0,0,0
2025-07-14 23:14:04,KLAC,0,0,0,0,0,1,0,1,1,1,0,0
2025-07-14 23:14:05,KHC,1,1,1,1,0,1,1,0,1,1,0,0
2025-07-14 23:14:06,KR,1,0,1,0,0,1,1,0,1,1,0,0
2025-07-14 23:14:06,LHX,1,0,0,0,0,1,1,1,1,1,0,0
2025-07-14 23:14:07,LH,0,0,0,0,0,0,0,1,1,0,0,0
2025-07-14 23:14:07,LRCX,0,0,0,0,0,0,0,1,1,1,0,0
2025-07-14 23:14:08,LW,0,0,0,0,0,1,0,0,1,1,0,0
2025-07-14 23:14:09,LVS,1,0,1,0,0,1,1,0,1,1,0,0
2025-07-14 23:14:09,LDOS,0,0,0,0,0,0,0,1,1,1,0,0
2025-07-14 23:14:10,LEN,1,1,0,0,0,1,1,1,1,1,0,0
2025-07-14 23:14:11,LII,0,0,0,0,0,0,0,1,1,0,0,0
2025-07-14 23:14:11,LLY,1,1,1,0,0,1,1,1,1,1,0,0
2025-07-14 23:14:12,LIN,1,0,1,0,0,1,1,1,1,0,0,0
2025-07-14 23:14:13,LYV,1,0,0,0,0,1,1,1,1,1,0,0
2025-07-14 23:14:13,LKQ,1,0,1,0,0,1,1,0,1,1,0,0
2025-07-14 23:14:14,LMT,1,0,1,0,0,1,1,1,1,0,0,0
2025-07-14 23:14:15,L,1,0,1,1,0,1,1,0,1,1,0,0
2025-07-14 23:14:15,LOW,1,0,0,0,0,1,1,1,1,1,0,0
2025-07-14 23:14:16,LULU,0,0,0,0,0,0,0,1,1,1,0,0
2025-07-14 23:14:16,LYB,0,0,1,0,0,0,0,0,1,1,0,0
2025-07-14 23:14:17,MTB,1,0,1,0,0,1,1,1,1,0,0,0
2025-07-14 23:14:18,MPC,0,0,0,0,0,1,0,1,1,1,0,0
2025-07-14 23:14:19,MKTX,1,0,1,0,0,1,1,1,1,1,0,0
2025-07-14 23:14:19,MAR,0,0,0,0,0,1,0,1,1,0,0,0
2025-07-14 23:14:20,MMC,0,0,1,0,0,1,0,1,1,0,0,0
2025-07-14 23:14:21,MLM,1,0,1,1,0,1,1,1,1,0,0,0
2025-07-14 23:14:21,MAS,1,0,0,0,0,1,1,0,1,1,0,0
2025-07-14 23:14:22,MA,0,0,0,0,0,0,0,1,1,1,0,0
2025-07-14 23:14:23,MTCH,0,0,0,0,0,0,0,0,1,1,0,0
2025-07-14 23:14:23,MKC,1,1,1,1,0,1,1,0,1,1,0,0
2025-07-14 23:14:24,MCD,1,0,1,0,0,1,1,1,1,1,0,0
2025-07-14 23:14:25,MCK,1,0,0,0,0,1,1,1,1,1,0,0
2025-07-14 23:14:26,MDT,1,0,1,0,0,1,1,0,1,0,0,0
2025-07-14 23:14:27,MRK,0,0,0,0,0,1,0,0,1,0,0,0
2025-07-14 23:14:27,META,0,0,0,0,0,0,0,1,1,1,0,0
2025-07-14 23:14:28,MET,1,0,1,1,0,1,1,0,1,0,0,0
2025-07-14 23:14:29,MTD,0,0,0,0,0,0,0,1,1,1,0,0
2025-07-14 23:14:29,MGM,1,0,1,1,0,1,1,0,1,1,0,0
2025-07-14 23:14:30,MCHP,0,0,0,0,0,1,0,1,1,1,0,0
2025-07-14 23:14:31,MU,0,0,0,0,0,0,0,1,1,1,0,0
2025-07-14 23:14:31,MSFT,0,0,0,0,0,1,0,1,1,0,0,0
2025-07-14 23:14:32,MAA,0,0,1,0,0,0,0,1,1,0,0,0
2025-07-14 23:14:33,MRNA,0,0,0,0,0,0,0,0,1,1,0,0
2025-07-14 23:14:34,MHK,0,0,0,0,0,1,0,1,1,0,0,0
2025-07-14 23:14:34,MOH,0,0,0,0,0,0,0,1,1,1,0,0
2025-07-14 23:14:35,TAP,1,1,1,1,0,1,1,0,1,1,0,0
2025-07-14 23:14:36,MDLZ,1,0,0,0,0,1,1,0,1,0,0,0
2025-07-14 23:14:36,MPWR,1,0,0,0,0,1,1,1,1,1,0,0
2025-07-14 23:14:37,MNST,0,0,0,0,0,1,0,0,1,1,0,0
2025-07-14 23:14:38,MCO,1,0,1,0,0,1,1,1,1,0,0,0
2025-07-14 23:14:39,MS,1,0,1,1,0,1,1,1,1,0,0,0
2025-07-14 23:14:39,MOS,1,0,1,0,0,0,1,0,1,1,0,0
2025-07-14 23:14:40,MSI,0,0,0,0,0,0,0,1,1,0,0,0
2025-07-14 23:14:41,MSCI,0,0,0,0,0,0,0,1,1,1,0,0
2025-07-14 23:14:41,NDAQ,0,0,0,0,0,1,0,0,1,0,0,0
2025-07-14 23:14:42,NTAP,0,0,0,0,0,0,0,1,1,1,0,0
2025-07-14 23:14:43,NFLX,0,0,0,0,0,0,0,1,1,1,0,0
2025-07-14 23:14:43,NEM,0,0,0,0,0,1,0,0,1,1,0,0
2025-07-14 23:14:44,NWSA,0,0,0,0,0,1,0,0,1,0,0,0
2025-07-14 23:14:45,NWS,0,0,0,0,0,1,0,0,1,1,0,0
2025-07-14 23:14:46,NEE,0,0,0,0,0,1,0,1,1,1,0,0
2025-07-14 23:14:46,NKE,1,0,1,0,0,1,1,1,1,1,0,0
2025-07-14 23:14:47,NI,1,0,1,1,0,1,1,0,1,1,0,0
2025-07-14 23:14:48,NDSN,0,0,0,0,0,0,0,1,1,0,0,0
2025-07-14 23:14:49,NSC,0,0,0,0,0,1,0,1,1,1,0,0
2025-07-14 23:14:49,NTRS,1,0,1,1,0,1,1,1,1,1,0,0
2025-07-14 23:14:50,NOC,0,0,0,0,0,1,0,1,1,1,0,0
2025-07-14 23:14:51,NCLH,1,0,1,0,0,1,1,0,1,1,0,0
2025-07-14 23:14:51,NRG,1,0,1,0,0,1,1,1,1,1,0,0
2025-07-14 23:14:52,NUE,0,0,0,0,0,0,0,1,1,1,0,0
2025-07-14 23:14:53,NVDA,0,0,0,0,0,0,0,1,1,1,0,0
2025-07-14 23:14:53,NVR,1,0,1,0,0,1,1,1,1,1,0,0
2025-07-14 23:14:54,NXPI,1,0,0,0,0,1,1,1,1,1,0,0
2025-07-14 23:14:55,ORLY,0,0,0,0,0,1,0,0,1,1,0,0
2025-07-14 23:14:55,OXY,0,0,0,0,0,1,0,0,1,1,0,0
2025-07-14 23:14:56,ODFL,0,0,0,0,0,0,0,1,1,1,0,0
2025-07-14 23:14:57,OMC,0,0,0,0,0,1,0,0,1,0,0,0
2025-07-14 23:14:57,ON,0,0,0,0,0,1,0,0,1,1,0,0
2025-07-14 23:14:58,OKE,1,0,1,0,0,1,1,0,1,0,0,0
2025-07-14 23:14:59,ORCL,0,0,1,0,0,1,0,1,1,1,0,0
2025-07-14 23:15:00,OTIS,1,0,1,0,0,1,1,0,1,0,0,0
2025-07-14 23:15:00,PCAR,0,0,0,0,0,0,0,1,1,1,0,0
2025-07-14 23:15:01,PKG,0,0,0,0,0,0,0,1,1,0,0,0
2025-07-14 23:15:02,PLTR,1,0,1,0,0,1,1,1,1,1,0,0
2025-07-14 23:15:02,PANW,0,0,0,0,0,1,0,1,1,1,0,0
2025-07-14 23:15:03,PARA,1,0,0,0,0,1,1,0,1,1,0,0
2025-07-14 23:15:04,PH,0,0,0,0,0,1,0,1,1,0,0,0
2025-07-14 23:15:04,PAYX,1,0,1,0,0,1,1,1,1,0,0,0
2025-07-14 23:15:05,PAYC,0,0,0,0,0,1,0,1,1,1,0,0
2025-07-14 23:15:06,PYPL,1,0,1,0,0,1,1,0,1,1,0,0
2025-07-14 23:15:06,PNR,1,0,0,0,0,1,1,0,1,0,0,0
2025-07-14 23:15:07,PEP,0,0,0,0,0,1,0,1,1,1,0,0
2025-07-14 23:15:08,PFE,0,0,0,0,0,0,0,0,1,0,0,0
2025-07-14 23:15:09,PCG,1,0,0,0,0,1,1,0,1,1,0,0
2025-07-14 23:15:09,PM,1,0,1,0,0,1,1,1,1,0,0,0
2025-07-14 23:15:10,PSX,0,0,0,0,0,0,0,1,1,1,0,0
2025-07-14 23:15:11,PNW,1,0,0,0,0,0,1,0,1,1,0,0
2025-07-14 23:15:12,PNC,1,1,1,1,0,1,1,1,1,0,0,0
2025-07-14 23:15:12,POOL,0,0,0,0,0,0,0,1,1,1,0,0
2025-07-14 23:15:13,PPG,1,0,1,1,0,1,1,1,1,0,0,0
2025-07-14 23:15:14,PPL,1,0,0,0,0,1,1,0,1,1,0,0
2025-07-14 23:15:14,PFG,1,0,0,0,0,1,1,0,1,1,0,0
2025-07-14 23:15:15,PG,0,0,0,0,0,0,0,1,1,1,0,0
2025-07-14 23:15:16,PGR,1,1,1,1,0,1,1,1,1,1,0,1
2025-07-14 23:15:16,PLD,1,1,1,1,0,1,1,1,1,0,0,0
2025-07-14 23:15:17,PRU,1,0,1,1,0,1,1,0,1,0,0,0
2025-07-14 23:15:17,PEG,1,0,1,0,0,1,1,0,1,1,0,0
2025-07-14 23:15:18,PTC,1,0,1,1,0,1,1,1,1,1,0,0
2025-07-14 23:15:19,PSA,1,0,1,0,0,1,1,1,1,0,0,0
2025-07-14 23:15:19,PHM,1,0,0,0,0,1,1,1,1,1,0,0
2025-07-14 23:15:20,PWR,0,0,0,0,0,1,0,1,1,1,0,0
2025-07-14 23:15:21,QCOM,0,0,0,0,0,1,0,1,1,1,0,0
2025-07-14 23:15:21,DGX,1,0,1,0,0,1,1,1,1,0,0,0
2025-07-14 23:15:22,RL,0,0,0,0,0,1,0,1,1,0,0,0
2025-07-14 23:15:23,RJF,1,0,1,0,0,1,1,1,1,0,0,0
2025-07-14 23:15:23,RTX,1,0,1,0,0,1,1,1,1,1,0,0
2025-07-14 23:15:24,O,0,0,0,0,0,1,0,0,1,1,0,0
2025-07-14 23:15:24,REG,1,0,1,1,0,1,1,0,1,0,0,0
2025-07-14 23:15:25,REGN,0,0,0,0,0,1,0,1,1,1,0,0
2025-07-14 23:15:26,RF,1,1,1,1,0,1,1,0,1,0,0,0
2025-07-14 23:15:26,RSG,1,0,0,0,0,1,1,1,1,1,0,0
2025-07-14 23:15:27,RMD,0,0,0,0,0,0,0,1,1,0,0,0
2025-07-14 23:15:28,RVTY,0,0,0,0,0,0,0,1,1,1,0,0
2025-07-14 23:15:28,ROK,0,0,0,0,0,1,0,1,1,0,0,0
2025-07-14 23:15:29,ROL,1,0,0,0,0,1,1,0,1,1,0,0
2025-07-14 23:15:30,ROP,1,0,1,1,0,1,1,1,1,0,0,0
2025-07-14 23:15:30,ROST,1,1,1,0,0,1,1,1,1,0,0,0
2025-07-14 23:15:31,RCL,1,0,1,0,0,1,1,1,1,1,0,0
2025-07-14 23:15:32,SPGI,0,0,0,0,0,1,0,1,1,0,0,0
2025-07-14 23:15:32,CRM,0,0,0,0,0,0,0,1,1,1,0,0
2025-07-14 23:15:33,SBAC,0,0,0,0,0,1,0,1,1,1,0,0
2025-07-14 23:15:33,SLB,0,0,0,0,0,0,0,0,1,1,0,0
2025-07-14 23:15:34,STX,0,0,0,0,0,1,0,1,1,1,0,0
2025-07-14 23:15:35,SRE,1,0,0,0,0,1,1,0,1,1,0,0
2025-07-14 23:15:35,NOW,1,0,0,0,0,1,1,1,1,1,0,0
2025-07-14 23:15:36,SHW,0,0,0,0,0,0,0,1,1,0,0,0
2025-07-14 23:15:36,SPG,1,0,1,0,0,1,1,1,1,0,0,0
2025-07-14 23:15:37,SWKS,1,0,0,0,0,1,1,0,1,1,0,0
2025-07-14 23:15:38,SJM,1,1,1,1,0,1,1,1,1,0,0,0
2025-07-14 23:15:38,SW,0,0,0,0,0,0,0,0,1,0,0,0
2025-07-14 23:15:39,SNA,0,0,0,0,0,1,0,1,1,1,0,0
2025-07-14 23:15:40,SOLV,0,0,0,0,0,1,0,0,1,0,0,0
2025-07-14 23:15:40,SO,0,0,0,0,0,1,0,0,1,0,0,0
2025-07-14 23:15:41,LUV,1,0,1,1,0,1,1,0,1,1,0,0
2025-07-14 23:15:42,SWK,0,0,0,0,0,0,0,1,1,1,0,0
2025-07-14 23:15:42,SBUX,1,0,0,0,0,1,1,1,1,1,0,0
2025-07-14 23:15:43,STT,1,0,1,1,0,1,1,0,1,0,0,0
2025-07-14 23:15:44,STLD,0,0,0,0,0,0,0,1,1,0,0,0
2025-07-14 23:15:44,STE,0,0,0,0,0,0,0,1,1,0,0,0
2025-07-14 23:15:45,SYK,0,0,0,0,0,1,0,1,1,1,0,0
2025-07-14 23:15:45,SMCI,0,0,0,0,0,0,0,1,1,1,0,0
2025-07-14 23:15:46,SYF,1,0,1,0,0,1,1,0,1,0,0,0
2025-07-14 23:15:47,SNPS,1,0,1,0,0,0,1,1,1,1,1,0
2025-07-14 23:15:47,SYY,1,1,1,1,0,1,1,0,1,0,0,0
2025-07-14 23:15:48,TMUS,0,0,0,0,0,0,0,1,1,0,0,0
2025-07-14 23:15:49,TROW,0,0,0,0,0,1,0,0,1,1,0,0
2025-07-14 23:15:49,TTWO,1,0,0,0,0,1,1,1,1,1,0,0
2025-07-14 23:15:50,TPR,1,1,1,0,0,1,1,1,1,1,0,0
2025-07-14 23:15:50,TRGP,1,0,0,0,0,1,1,1,1,1,0,0
2025-07-14 23:15:51,TGT,1,0,1,1,0,1,1,1,1,1,0,0
2025-07-14 23:15:52,TEL,0,0,0,0,0,0,0,1,1,0,0,0
2025-07-14 23:15:52,TDY,1,0,0,1,0,1,1,1,1,1,0,0
2025-07-14 23:15:53,TER,0,0,0,0,0,1,0,1,1,1,0,0
2025-07-14 23:15:53,TSLA,1,0,1,0,0,1,1,1,1,1,1,0
2025-07-14 23:15:54,TXN,1,0,1,0,0,1,1,1,1,0,0,0
2025-07-14 23:15:55,TPL,1,0,1,0,0,1,1,1,1,1,0,0
2025-07-14 23:15:55,TXT,1,0,1,1,0,1,1,0,1,1,0,0
2025-07-14 23:15:56,TMO,0,0,0,0,0,0,0,1,1,1,0,0
2025-07-14 23:15:57,TJX,1,1,1,0,0,1,1,0,1,0,0,0
2025-07-14 23:15:57,TKO,0,0,0,0,0,0,0,1,1,1,0,0
2025-07-14 23:15:58,TSCO,1,1,1,1,0,1,1,0,1,1,0,0
2025-07-14 23:15:58,TT,0,0,0,0,0,1,0,1,1,1,0,0
2025-07-14 23:15:59,TDG,1,0,0,0,0,1,1,1,1,1,0,0
2025-07-14 23:16:00,TRV,1,1,1,1,0,1,1,1,1,0,0,0
2025-07-14 23:16:00,TRMB,1,0,0,0,0,1,1,0,1,0,0,0
2025-07-14 23:16:01,TFC,1,0,1,1,0,1,1,0,1,0,0,0
2025-07-14 23:16:01,TYL,1,0,0,0,0,1,1,1,1,1,0,0
2025-07-14 23:16:02,TSN,1,0,1,1,0,1,1,0,1,0,0,0
2025-07-14 23:16:03,USB,1,0,1,0,0,1,1,0,1,0,0,0
2025-07-14 23:16:03,UBER,0,0,0,0,0,0,0,1,1,1,0,0
2025-07-14 23:16:04,UDR,0,0,0,0,0,0,0,0,1,0,0,0
2025-07-14 23:16:05,ULTA,1,0,0,0,0,1,1,1,1,1,0,0
2025-07-14 23:16:05,UNP,0,0,0,0,0,0,0,1,1,0,0,0
2025-07-14 23:16:06,UAL,1,0,1,1,0,1,1,1,1,1,0,0
2025-07-14 23:16:06,UPS,0,0,0,0,0,0,0,1,1,1,0,0
2025-07-14 23:16:07,URI,1,0,1,0,0,1,1,1,1,1,0,0
2025-07-14 23:16:08,UNH,1,0,0,0,0,1,1,1,1,1,0,0
2025-07-14 23:16:08,UHS,0,0,0,0,0,1,0,1,1,1,0,0
2025-07-14 23:16:09,VLO,0,0,0,0,0,0,0,1,1,1,0,0
2025-07-14 23:16:10,VTR,1,0,1,1,0,1,1,0,1,0,0,0
2025-07-14 23:16:10,VLTO,1,0,0,0,0,1,1,0,1,0,0,0
2025-07-14 23:16:11,VRSN,0,0,0,0,0,0,0,1,1,0,0,0
2025-07-14 23:16:12,VRSK,0,0,0,0,0,1,0,1,1,1,0,0
2025-07-14 23:16:12,VZ,0,0,0,0,0,0,0,0,1,0,0,0
2025-07-14 23:16:13,VRTX,0,0,0,0,0,0,0,1,1,1,0,0
2025-07-14 23:16:13,VTRS,1,1,1,1,0,1,1,0,1,0,0,0
2025-07-14 23:16:14,VICI,1,0,1,0,0,1,1,0,1,0,0,0
2025-07-14 23:16:15,V,0,0,0,0,0,1,0,1,1,1,0,0
2025-07-14 23:16:15,VST,0,0,0,0,0,1,0,1,1,1,0,0
2025-07-14 23:16:16,VMC,1,0,1,1,0,1,1,1,1,0,0,0
2025-07-14 23:16:16,WRB,1,0,1,1,0,1,1,0,1,1,0,0
2025-07-14 23:16:17,GWW,1,0,0,0,0,1,1,1,1,1,0,0
2025-07-14 23:16:18,WAB,1,0,0,0,0,1,1,1,1,0,0,0
2025-07-14 23:16:18,WBA,1,0,1,0,0,1,1,0,0,0,0,0
2025-07-14 23:16:19,WMT,1,1,1,0,0,1,1,0,1,1,0,0
2025-07-14 23:16:20,DIS,0,0,0,0,0,0,0,0,1,0,0,0
2025-07-14 23:16:20,WBD,0,0,0,0,0,1,0,0,1,1,0,0
2025-07-14 23:16:21,WM,1,0,0,0,0,1,1,1,1,1,0,0
2025-07-14 23:16:22,WAT,0,0,0,0,0,0,0,1,1,1,0,0
2025-07-14 23:16:22,WEC,1,0,1,1,0,1,1,0,1,1,0,0
2025-07-14 23:16:23,WFC,1,0,1,0,0,1,1,0,1,1,0,0
2025-07-14 23:16:24,WELL,1,0,1,1,0,1,1,1,1,1,0,0
2025-07-14 23:16:24,WST,0,0,0,0,0,0,0,1,1,1,0,0
2025-07-14 23:16:25,WDC,0,0,0,0,0,1,0,0,1,1,0,0
2025-07-14 23:16:26,WY,0,0,0,0,0,0,0,0,1,1,0,0
2025-07-14 23:16:26,WSM,0,0,0,0,0,0,0,1,1,1,0,0
2025-07-14 23:16:27,WMB,1,0,1,0,0,1,1,0,1,1,0,0
2025-07-14 23:16:27,WTW,1,0,1,0,0,1,1,1,1,0,0,0
2025-07-14 23:16:28,WDAY,0,0,0,0,0,0,0,1,1,1,0,0
2025-07-14 23:16:29,WYNN,1,1,1,1,0,1,1,1,1,1,0,1
2025-07-14 23:16:29,XEL,1,0,1,0,0,1,1,0,1,0,0,0
2025-07-14 23:16:30,XYL,0,0,0,0,0,1,0,0,1,0,0,0
2025-07-14 23:16:31,YUM,0,0,0,0,0,0,0,1,1,1,0,0
2025-07-14 23:16:31,ZBRA,0,0,0,0,0,1,0,1,1,1,0,0
2025-07-14 23:16:32,ZBH,1,0,1,0,0,1,1,0,1,1,0,0
2025-07-14 23:16:32,ZTS,0,0,0,0,0,0,0,1,1,0,0,0
2025-07-14 23:16:33,MMM,1,0,1,1,0,1,1,1,1,1,0,0
2025-07-14 23:16:34,AOS,0,0,0,0,0,1,0,0,1,0,0,0
2025-07-14 23:16:34,ABT,0,0,0,0,0,0,0,1,1,0,0,0
2025-07-14 23:16:35,ABBV,1,0,1,0,0,1,1,1,1,0,0,0
2025-07-14 23:16:35,ACN,0,0,0,0,0,1,0,1,1,0,0,0
2025-07-14 23:16:36,ADBE,1,0,0,0,0,1,1,1,1,1,0,0
2025-07-14 23:16:37,AMD,0,0,0,0,0,1,0,1,1,1,0,0
2025-07-14 23:16:37,AES,1,0,1,1,0,1,1,0,1,1,0,0
2025-07-14 23:16:38,AFL,1,0,1,1,0,1,1,0,1,1,0,0
2025-07-14 23:16:39,A,0,0,0,0,0,0,0,1,1,1,0,0
2025-07-14 23:16:39,APD,0,0,0,0,0,0,0,1,1,0,0,0
2025-07-14 23:16:40,ABNB,0,0,0,0,0,1,0,1,1,1,0,0
2025-07-14 23:16:41,AKAM,0,0,0,0,0,0,0,0,1,1,0,0
2025-07-14 23:16:41,ALB,1,0,1,0,0,1,1,1,1,1,0,0
2025-07-14 23:16:42,ARE,0,0,0,0,0,0,0,1,1,1,0,0
2025-07-14 23:16:42,ALGN,0,0,0,0,0,0,0,1,1,1,0,0
2025-07-14 23:16:43,ALLE,0,0,0,0,0,0,0,1,1,0,0,0
2025-07-14 23:16:44,LNT,1,0,1,0,0,1,1,0,1,0,0,0
2025-07-14 23:16:44,ALL,1,0,1,1,0,1,1,1,1,1,0,0
2025-07-14 23:16:45,GOOGL,0,0,0,0,0,1,0,1,1,1,0,0
2025-07-14 23:16:46,GOOG,1,0,1,0,0,1,1,1,1,1,0,0
2025-07-14 23:16:46,MO,1,0,0,1,0,1,1,0,1,0,0,0
2025-07-14 23:16:47,AMZN,1,0,1,1,0,1,1,1,1,0,0,0
2025-07-14 23:16:47,AMCR,0,0,1,0,0,1,0,0,1,0,0,0
2025-07-14 23:16:48,AEE,1,1,1,1,0,1,1,0,1,1,0,0
2025-07-14 23:16:49,AEP,1,0,1,0,0,0,1,0,1,1,0,0
2025-07-14 23:16:49,AXP,1,0,1,0,0,1,1,1,1,0,0,0
2025-07-14 23:16:50,AIG,1,1,1,0,0,1,1,0,1,1,0,0
2025-07-14 23:16:51,AMT,0,0,0,0,0,1,0,1,1,1,0,0
2025-07-14 23:16:51,AWK,0,0,0,0,0,1,0,1,1,0,0,0
2025-07-14 23:16:52,AMP,0,0,0,0,0,1,0,1,1,0,0,0
2025-07-14 23:16:52,AME,0,0,0,0,0,0,0,1,1,0,0,0
2025-07-14 23:16:53,AMGN,1,1,1,1,0,1,1,1,1,0,0,0
2025-07-14 23:16:54,APH,0,0,0,0,0,1,0,0,1,1,0,0
2025-07-14 23:16:54,ADI,0,0,0,0,0,1,0,1,1,0,0,0
2025-07-14 23:16:55,ANSS,1,0,1,0,0,0,1,1,1,1,1,0
2025-07-14 23:16:55,AON,1,0,1,1,0,1,1,1,1,1,0,0
2025-07-14 23:16:56,APA,1,0,0,0,0,1,1,0,1,1,0,0
2025-07-14 23:16:56,APO,0,0,0,0,0,1,0,1,1,1,0,0
2025-07-14 23:16:57,AAPL,0,0,0,0,0,0,0,1,1,1,0,0
2025-07-14 23:16:58,AMAT,0,0,0,0,0,1,0,1,1,1,0,0
2025-07-14 23:16:58,APTV,0,0,0,0,0,0,0,0,1,1,0,0
2025-07-14 23:16:59,ACGL,0,0,0,0,0,1,0,0,1,1,0,0
2025-07-14 23:16:59,ADM,1,0,1,1,0,1,1,0,1,1,0,0
2025-07-14 23:17:00,ANET,1,0,1,0,0,1,1,1,1,1,0,0
2025-07-14 23:17:00,AJG,1,0,1,1,0,1,1,1,1,0,0,0
2025-07-14 23:17:01,AIZ,1,1,1,1,0,1,1,1,1,1,0,1
2025-07-14 23:17:02,T,0,0,0,0,0,0,0,0,1,1,0,0
2025-07-14 23:17:02,ATO,0,0,0,0,0,0,0,1,1,1,0,0
2025-07-14 23:17:03,ADSK,0,0,0,0,0,1,0,1,1,1,1,0
2025-07-14 23:17:03,ADP,0,0,0,0,0,1,0,1,1,0,0,0
2025-07-14 23:17:04,AZO,1,0,0,0,0,1,1,1,1,1,0,0
2025-07-14 23:17:04,AVB,1,0,1,0,0,0,1,1,1,0,0,0
2025-07-14 23:17:05,AVY,1,0,1,0,0,0,1,1,1,0,0,0
2025-07-14 23:17:05,AXON,0,0,0,0,0,1,0,1,1,1,0,0
2025-07-14 23:17:06,BKR,0,0,0,0,0,0,0,0,1,1,0,0
2025-07-14 23:17:07,BALL,1,0,1,1,0,1,1,0,1,0,0,0
2025-07-14 23:17:07,BAC,1,0,1,1,0,1,1,0,1,0,0,0
2025-07-14 23:17:08,BAX,0,0,0,0,0,0,0,0,1,1,0,0
2025-07-14 23:17:08,BDX,1,0,0,0,0,1,1,1,1,1,0,0
2025-07-14 23:17:09,BRK-B,0,0,0,0,0,0,0,1,0,0,0,0
2025-07-14 23:17:10,BBY,1,1,1,0,0,1,1,1,1,1,0,0
2025-07-14 23:17:10,TECH,0,0,0,0,0,0,0,1,1,1,0,0
2025-07-14 23:17:11,BIIB,0,0,0,0,0,0,0,1,1,0,0,0
2025-07-14 23:17:11,BLK,1,1,1,1,0,1,1,1,1,0,0,0
2025-07-14 23:17:12,BX,1,0,1,0,0,1,1,1,1,1,0,0
2025-07-14 23:17:12,BK,1,1,1,1,0,1,1,0,1,1,0,0
2025-07-14 23:17:13,BA,1,0,1,0,0,1,1,1,1,1,1,0
2025-07-14 23:17:13,BKNG,1,0,0,1,0,1,1,1,1,0,0,0
2025-07-14 23:17:14,BSX,0,0,0,0,0,0,0,0,1,1,0,0
2025-07-14 23:17:15,BMY,0,0,0,0,0,0,0,0,1,1,0,0
2025-07-14 23:17:15,AVGO,0,0,0,0,0,1,0,1,1,1,0,0
2025-07-14 23:17:16,BR,0,0,0,0,0,1,0,1,1,1,0,0
2025-07-14 23:17:16,BRO,1,0,0,0,0,1,1,0,1,1,0,0
2025-07-14 23:17:17,BF-B,0,0,0,0,0,0,0,0,0,1,0,0
2025-07-14 23:17:18,BLDR,0,0,0,0,0,1,0,1,1,1,0,0
2025-07-14 23:17:18,BG,1,0,1,0,0,1,1,1,1,1,0,0
2025-07-14 23:17:19,BXP,1,0,1,0,0,1,1,0,1,0,0,0
2025-07-14 23:17:20,CHRW,0,0,0,0,0,0,0,1,1,1,0,0
2025-07-14 23:17:20,CDNS,1,0,1,0,0,1,1,1,1,1,0,0
2025-07-14 23:17:21,CZR,1,1,1,0,0,1,1,0,1,1,0,0
2025-07-14 23:17:21,CPT,1,0,1,0,0,0,1,1,1,0,0,0
2025-07-14 23:17:22,CPB,1,0,0,0,0,0,1,0,1,1,0,0
2025-07-14 23:17:23,COF,1,1,1,1,0,1,1,1,1,0,0,0
2025-07-14 23:17:23,CAH,1,0,1,0,0,1,1,1,1,0,0,0
2025-07-14 23:17:24,KMX,1,0,1,0,0,0,1,1,1,1,0,0
2025-07-14 23:17:24,CCL,1,0,1,0,0,1,1,0,1,1,0,0
2025-07-14 23:17:25,CARR,1,0,0,0,0,1,1,0,1,0,0,0
2025-07-14 23:17:26,CAT,1,0,1,0,0,1,1,1,1,0,0,0
2025-07-14 23:17:26,CBOE,0,0,0,0,0,0,0,1,1,1,0,0
2025-07-14 23:17:27,CBRE,0,0,0,0,0,0,0,1,1,0,0,0
2025-07-14 23:17:27,CDW,0,0,0,0,0,0,0,1,1,1,0,0
2025-07-14 23:17:28,COR,1,1,1,0,0,1,1,1,1,0,0,0
2025-07-14 23:17:29,CNC,0,0,0,0,0,0,0,1,1,1,0,0
2025-07-14 23:17:29,CNP,1,0,1,0,0,1,1,0,1,0,0,0
2025-07-14 23:17:30,CF,0,0,0,0,0,0,0,1,1,1,0,0
2025-07-14 23:17:31,CRL,0,0,0,0,0,0,0,1,1,1,0,0
2025-07-14 23:17:31,SCHW,0,0,0,0,0,1,0,0,1,1,0,0
2025-07-14 23:17:32,CHTR,1,0,0,0,0,1,1,1,1,1,0,0
2025-07-14 23:17:32,CVX,0,0,0,0,0,0,0,1,1,1,0,0
2025-07-14 23:17:33,CMG,1,0,1,0,0,1,1,0,1,1,0,0
2025-07-14 23:17:34,CB,1,0,1,0,0,1,1,1,1,0,0,0
2025-07-14 23:17:34,CHD,0,0,0,0,0,1,0,0,1,0,0,0
2025-07-14 23:17:35,CI,1,0,1,0,0,1,1,1,1,0,0,0
2025-07-14 23:17:35,CINF,1,0,0,0,0,1,1,1,1,1,0,0
2025-07-14 23:17:36,CTAS,1,0,0,0,0,1,1,1,1,0,0,0
2025-07-14 23:17:37,CSCO,1,0,0,0,0,1,1,0,1,0,0,0
2025-07-14 23:17:37,C,1,0,1,1,0,1,1,0,1,1,0,0
2025-07-14 23:17:38,CFG,1,0,1,1,0,1,1,0,1,0,0,0
2025-07-14 23:17:39,CLX,1,1,1,1,0,1,1,1,1,1,0,1
2025-07-14 23:17:39,CME,0,0,0,0,0,0,0,1,1,0,0,0
2025-07-14 23:17:40,CMS,1,0,1,1,0,1,1,0,1,0,0,0
2025-07-14 23:17:40,KO,1,0,1,0,0,0,1,0,1,0,0,0
2025-07-14 23:17:41,CTSH,0,0,0,0,0,1,0,0,1,0,0,0
2025-07-14 23:17:42,COIN,0,0,0,0,0,1,0,1,1,1,1,0
2025-07-14 23:17:42,CL,0,0,0,0,0,1,0,0,1,1,0,0
2025-07-14 23:17:43,CMCSA,1,0,0,0,0,1,1,0,1,1,0,0
2025-07-14 23:17:44,CAG,0,0,0,0,0,0,0,0,1,1,0,0
2025-07-14 23:17:44,COP,0,0,0,0,0,0,0,1,1,1,0,0
2025-07-14 23:17:45,ED,1,0,0,0,0,0,1,0,1,1,0,0
2025-07-14 23:17:45,STZ,0,0,0,0,0,0,0,1,1,1,0,0
2025-07-14 23:17:46,CEG,1,1,0,1,0,1,1,1,1,1,0,0
2025-07-14 23:17:47,COO,0,0,0,0,0,0,0,0,1,1,0,0
2025-07-14 23:17:47,CPRT,0,0,0,0,0,0,0,0,1,1,0,0
2025-07-14 23:17:48,GLW,1,0,0,0,0,1,1,0,1,1,0,0
2025-07-14 23:17:49,CPAY,0,0,0,0,0,0,0,1,1,1,0,0
2025-07-14 23:17:49,CTVA,0,0,1,0,0,0,0,0,1,1,0,0
2025-07-14 23:17:50,CSGP,0,0,0,0,0,0,0,0,1,1,0,0
2025-07-14 23:17:50,COST,1,1,1,1,0,1,1,1,1,0,0,0
2025-07-14 23:17:51,CTRA,0,0,0,0,0,0,0,0,1,1,0,0
2025-07-14 23:17:51,CRWD,1,0,0,0,0,1,1,1,1,1,0,0
2025-07-14 23:17:52,CCI,1,0,0,0,0,1,1,1,1,1,0,0
2025-07-14 23:17:53,CSX,0,0,0,0,0,1,0,0,1,1,0,0
2025-07-14 23:17:53,CMI,0,0,0,0,0,1,0,1,1,1,0,0
2025-07-14 23:17:54,CVS,0,0,0,0,0,0,0,0,1,0,0,0
2025-07-14 23:17:55,DHR,0,0,0,0,0,0,0,1,1,1,0,0
2025-07-14 23:17:55,DRI,0,0,0,0,0,0,0,1,1,0,0,0
2025-07-14 23:17:56,DDOG,0,0,0,0,0,0,0,1,1,1,0,0
2025-07-14 23:17:56,DVA,0,0,0,0,0,0,0,1,1,1,0,0
2025-07-14 23:17:57,DAY,0,0,0,0,0,0,0,0,1,1,0,0
2025-07-14 23:17:58,DECK,0,0,0,0,0,0,0,1,1,1,0,0
2025-07-14 23:17:58,DE,1,0,1,0,0,1,1,1,1,1,0,0
2025-07-14 23:17:59,DELL,0,0,0,0,0,1,0,1,1,1,0,0
2025-07-14 23:17:59,DAL,1,0,0,0,0,1,1,1,1,1,0,0
2025-07-14 23:18:00,DVN,0,0,0,0,0,0,0,0,1,1,0,0
2025-07-14 23:18:01,DXCM,1,0,1,0,0,1,1,1,1,1,0,0
2025-07-14 23:18:01,FANG,1,0,0,0,0,1,1,1,1,1,0,0
2025-07-14 23:18:02,DLR,0,0,0,0,0,1,0,1,1,1,0,0
2025-07-14 23:18:03,DG,1,0,0,0,0,1,1,1,1,1,0,0
2025-07-14 23:18:03,DLTR,1,1,1,1,0,1,1,1,1,1,0,1
2025-07-14 23:18:04,D,1,0,0,0,0,1,1,0,1,1,0,0
2025-07-14 23:18:04,DPZ,1,0,1,1,0,1,1,1,1,1,0,0
2025-07-14 23:18:05,DASH,1,0,0,0,0,1,1,1,1,1,0,0
2025-07-14 23:18:06,DOV,0,0,0,0,0,1,0,1,1,1,0,0
2025-07-14 23:18:06,DOW,0,0,1,0,0,0,0,0,1,1,0,0
2025-07-14 23:18:07,DHI,1,1,1,0,0,1,1,1,1,1,0,0
2025-07-14 23:18:08,DTE,1,0,1,0,0,0,1,1,1,1,0,0
2025-07-14 23:18:08,DUK,1,0,1,1,0,1,1,0,1,1,0,0
2025-07-14 23:18:09,DD,1,0,1,0,0,1,1,0,1,1,0,0
2025-07-14 23:18:09,EMN,0,0,0,0,0,0,0,1,1,1,0,0
2025-07-14 23:18:10,ETN,1,0,1,0,0,1,1,1,1,0,0,0
2025-07-14 23:18:11,EBAY,1,0,1,0,0,0,1,0,1,0,0,0
2025-07-14 23:18:11,ECL,1,0,1,0,0,1,1,1,1,0,0,0
2025-07-14 23:18:12,EIX,1,0,1,0,0,1,1,0,1,1,0,0
2025-07-14 23:18:13,EW,0,0,1,0,0,0,0,0,1,0,0,0
2025-07-14 23:18:13,EA,0,0,0,0,0,0,0,1,1,1,0,0
2025-07-14 23:18:14,ELV,1,0,0,0,0,1,1,1,1,1,0,0
2025-07-14 23:18:15,EMR,0,0,0,0,0,1,0,1,1,0,0,0
2025-07-14 23:18:15,ENPH,1,0,1,0,0,0,1,1,1,1,0,0
2025-07-14 23:18:16,ETR,1,1,1,1,0,1,1,0,1,1,0,0
2025-07-14 23:18:16,EOG,1,0,0,0,0,1,1,1,1,1,0,0
2025-07-14 23:18:17,EPAM,0,0,0,0,0,1,0,1,1,1,0,0
2025-07-14 23:18:18,EQT,1,0,1,1,0,1,1,0,1,1,0,0
2025-07-14 23:18:19,EFX,0,0,0,0,0,1,0,1,1,1,0,0
2025-07-14 23:18:19,EQIX,1,0,0,0,0,1,1,1,1,0,0,0
2025-07-14 23:18:20,EQR,1,0,1,1,0,1,1,0,1,0,0,0
2025-07-14 23:18:21,ERIE,1,0,1,0,0,1,1,1,1,1,0,0
2025-07-14 23:18:21,ESS,0,0,0,0,0,0,0,1,1,1,0,0
2025-07-14 23:18:22,EL,0,0,0,0,0,0,0,1,1,1,0,0
2025-07-14 23:18:23,EG,0,0,0,0,0,1,0,1,1,1,0,0
2025-07-14 23:18:23,EVRG,1,1,1,1,0,0,1,0,1,1,0,0
2025-07-14 23:18:24,ES,1,0,1,0,0,0,1,0,1,1,0,0
2025-07-14 23:18:25,EXC,1,0,1,1,0,1,1,0,1,1,0,0
2025-07-14 23:18:26,EXE,1,0,0,0,0,1,1,1,1,1,0,0
2025-07-14 23:18:26,EXPE,1,0,1,0,0,1,1,1,1,0,0,0
2025-07-14 23:18:27,EXPD,0,0,0,0,0,1,0,1,1,0,0,0
2025-07-14 23:18:28,EXR,0,0,1,0,0,1,0,1,1,0,0,0
2025-07-14 23:18:28,XOM,0,0,0,0,0,1,0,1,1,1,0,0
2025-07-14 23:18:29,FFIV,0,0,0,0,0,1,0,1,1,1,0,0
2025-07-14 23:18:30,FDS,0,0,1,0,0,0,0,1,1,1,0,0
2025-07-14 23:18:30,FICO,0,0,0,0,0,1,0,1,1,1,0,0
2025-07-14 23:18:31,FAST,0,0,0,0,0,1,0,0,1,1,1,0
2025-07-14 23:18:32,FRT,1,0,1,0,0,1,1,0,1,0,0,0
2025-07-14 23:18:33,FDX,0,0,0,0,0,1,0,1,1,1,0,0
2025-07-14 23:18:33,FIS,1,0,1,1,0,0,1,0,1,1,0,0
2025-07-14 23:18:34,FITB,1,0,1,1,0,1,1,0,1,0,0,0
2025-07-14 23:18:35,FSLR,0,0,0,0,0,0,0,1,1,1,0,0
2025-07-14 23:18:35,FE,1,0,1,0,0,1,1,0,1,0,0,0
2025-07-14 23:18:36,FI,0,0,0,0,0,0,0,1,1,1,0,0
2025-07-14 23:18:37,F,1,0,0,1,0,1,1,0,1,1,0,0
2025-07-14 23:18:37,FTNT,1,0,0,0,0,1,1,1,1,1,0,0
2025-07-14 23:18:38,FTV,0,0,0,0,0,0,0,0,1,0,0,0
2025-07-14 23:18:39,FOXA,1,0,0,0,0,1,1,0,1,1,0,0
2025-07-14 23:18:39,FOX,1,0,0,0,0,1,1,0,1,1,0,0
2025-07-14 23:18:40,BEN,0,0,0,0,0,1,0,0,1,0,0,0
2025-07-14 23:18:41,FCX,1,0,1,1,0,1,1,0,1,1,0,0
2025-07-14 23:18:41,GRMN,1,0,1,1,0,1,1,1,1,0,0,0
2025-07-14 23:18:42,IT,0,0,0,0,0,0,0,1,1,0,0,0
2025-07-14 23:18:51,MMM,1,0,1,1,0,1,1,1,1,1,0,0
2025-07-14 23:18:52,AOS,0,0,0,0,0,1,0,0,1,0,0,0
2025-07-14 23:18:52,ABT,0,0,0,0,0,0,0,1,1,0,0,0
2025-07-14 23:18:53,ABBV,1,0,1,0,0,1,1,1,1,0,0,0
2025-07-14 23:18:54,ACN,0,0,0,0,0,1,0,1,1,0,0,0
2025-07-14 23:18:54,ADBE,1,0,0,0,0,1,1,1,1,1,0,0
2025-07-14 23:18:55,AMD,0,0,0,0,0,1,0,1,1,1,0,0
2025-07-14 23:18:56,AES,1,0,1,1,0,1,1,0,1,1,0,0
2025-07-14 23:18:57,AFL,1,0,1,1,0,1,1,0,1,1,0,0
2025-07-14 23:18:57,A,0,0,0,0,0,0,0,1,1,1,0,0
2025-07-14 23:18:58,APD,0,0,0,0,0,0,0,1,1,0,0,0
2025-07-14 23:18:59,ABNB,0,0,0,0,0,1,0,1,1,1,0,0
2025-07-14 23:19:00,AKAM,0,0,0,0,0,0,0,0,1,1,0,0
2025-07-14 23:19:00,ALB,1,0,1,0,0,1,1,1,1,1,0,0
2025-07-14 23:19:01,ARE,0,0,0,0,0,0,0,1,1,1,0,0
2025-07-14 23:19:02,ALGN,0,0,0,0,0,0,0,1,1,1,0,0
2025-07-14 23:19:02,ALLE,0,0,0,0,0,0,0,1,1,0,0,0
2025-07-14 23:19:03,LNT,1,0,1,0,0,1,1,0,1,0,0,0
2025-07-14 23:19:04,ALL,1,0,1,1,0,1,1,1,1,1,0,0
2025-07-14 23:19:04,GOOGL,0,0,0,0,0,1,0,1,1,1,0,0
2025-07-14 23:19:05,GOOG,1,0,1,0,0,1,1,1,1,1,0,0
2025-07-14 23:19:06,MO,1,0,0,1,0,1,1,0,1,0,0,0
2025-07-14 23:19:06,AMZN,1,0,1,1,0,1,1,1,1,0,0,0
2025-07-14 23:19:07,AMCR,0,0,1,0,0,1,0,0,1,0,0,0
2025-07-14 23:19:08,AEE,1,1,1,1,0,1,1,0,1,1,0,0
2025-07-14 23:19:09,AEP,1,0,1,0,0,0,1,0,1,1,0,0
2025-07-14 23:19:09,AXP,1,0,1,0,0,1,1,1,1,0,0,0
2025-07-14 23:19:10,AIG,1,1,1,0,0,1,1,0,1,1,0,0
2025-07-14 23:19:11,AMT,0,0,0,0,0,1,0,1,1,1,0,0
2025-07-14 23:19:11,AWK,0,0,0,0,0,1,0,1,1,0,0,0
2025-07-14 23:19:12,AMP,0,0,0,0,0,1,0,1,1,0,0,0
2025-07-14 23:19:13,AME,0,0,0,0,0,0,0,1,1,0,0,0
2025-07-14 23:19:14,AMGN,1,1,1,1,0,1,1,1,1,0,0,0
2025-07-14 23:19:14,APH,0,0,0,0,0,1,0,0,1,1,0,0
2025-07-14 23:19:15,ADI,0,0,0,0,0,1,0,1,1,0,0,0
2025-07-14 23:19:16,ANSS,1,0,1,0,0,0,1,1,1,1,1,0
2025-07-14 23:19:16,AON,1,0,1,1,0,1,1,1,1,1,0,0
2025-07-14 23:19:17,APA,1,0,0,0,0,1,1,0,1,1,0,0
2025-07-14 23:19:18,APO,0,0,0,0,0,1,0,1,1,1,0,0
2025-07-14 23:19:19,AAPL,0,0,0,0,0,0,0,1,1,1,0,0
2025-07-14 23:19:19,AMAT,0,0,0,0,0,1,0,1,1,1,0,0
2025-07-14 23:19:20,APTV,0,0,0,0,0,0,0,0,1,1,0,0
2025-07-14 23:19:21,ACGL,0,0,0,0,0,1,0,0,1,1,0,0
2025-07-14 23:19:21,ADM,1,0,1,1,0,1,1,0,1,1,0,0
2025-07-14 23:19:22,ANET,1,0,1,0,0,1,1,1,1,1,0,0
2025-07-14 23:19:23,AJG,1,0,1,1,0,1,1,1,1,0,0,0
2025-07-14 23:19:23,AIZ,1,1,1,1,0,1,1,1,1,1,0,1
2025-07-14 23:19:24,T,0,0,0,0,0,0,0,0,1,1,0,0
2025-07-14 23:19:25,ATO,0,0,0,0,0,0,0,1,1,1,0,0
2025-07-14 23:19:25,ADSK,0,0,0,0,0,1,0,1,1,1,1,0
2025-07-14 23:19:26,ADP,0,0,0,0,0,1,0,1,1,0,0,0
2025-07-14 23:19:27,AZO,1,0,0,0,0,1,1,1,1,1,0,0
2025-07-14 23:19:28,AVB,1,0,1,0,0,0,1,1,1,0,0,0
2025-07-14 23:19:28,AVY,1,0,1,0,0,0,1,1,1,0,0,0
2025-07-14 23:19:29,AXON,0,0,0,0,0,1,0,1,1,1,0,0
2025-07-14 23:19:30,BKR,0,0,0,0,0,0,0,0,1,1,0,0
2025-07-14 23:19:30,BALL,1,0,1,1,0,1,1,0,1,0,0,0
2025-07-14 23:19:31,BAC,1,0,1,1,0,1,1,0,1,0,0,0
2025-07-14 23:19:32,BAX,0,0,0,0,0,0,0,0,1,1,0,0
2025-07-14 23:19:33,BDX,1,0,0,0,0,1,1,1,1,1,0,0
2025-07-14 23:19:33,BRK-B,0,0,0,0,0,0,0,1,0,0,0,0
2025-07-14 23:19:34,BBY,1,1,1,0,0,1,1,1,1,1,0,0
2025-07-14 23:19:35,TECH,0,0,0,0,0,0,0,1,1,1,0,0
2025-07-14 23:19:35,BIIB,0,0,0,0,0,0,0,1,1,0,0,0
2025-07-14 23:19:36,BLK,1,1,1,1,0,1,1,1,1,0,0,0
2025-07-14 23:19:37,BX,1,0,1,0,0,1,1,1,1,1,0,0
2025-07-14 23:19:38,BK,1,1,1,1,0,1,1,0,1,1,0,0
2025-07-14 23:19:38,BA,1,0,1,0,0,1,1,1,1,1,1,0
2025-07-14 23:19:39,BKNG,1,0,0,1,0,1,1,1,1,0,0,0
2025-07-14 23:19:40,BSX,0,0,0,0,0,0,0,0,1,1,0,0
2025-07-14 23:19:40,BMY,0,0,0,0,0,0,0,0,1,1,0,0
2025-07-14 23:19:41,AVGO,0,0,0,0,0,1,0,1,1,1,0,0
2025-07-14 23:19:42,BR,0,0,0,0,0,1,0,1,1,1,0,0
2025-07-14 23:19:43,BRO,1,0,0,0,0,1,1,0,1,1,0,0
2025-07-14 23:19:43,BF-B,0,0,0,0,0,0,0,0,0,1,0,0
2025-07-14 23:19:44,BLDR,0,0,0,0,0,1,0,1,1,1,0,0
2025-07-14 23:19:45,BG,1,0,1,0,0,1,1,1,1,1,0,0
2025-07-14 23:19:45,BXP,1,0,1,0,0,1,1,0,1,0,0,0
2025-07-14 23:19:46,CHRW,0,0,0,0,0,0,0,1,1,1,0,0
2025-07-14 23:19:47,CDNS,1,0,1,0,0,1,1,1,1,1,0,0
2025-07-14 23:19:47,CZR,1,1,1,0,0,1,1,0,1,1,0,0
2025-07-14 23:19:48,CPT,1,0,1,0,0,0,1,1,1,0,0,0
2025-07-14 23:19:49,CPB,1,0,0,0,0,0,1,0,1,1,0,0
2025-07-14 23:19:50,COF,1,1,1,1,0,1,1,1,1,0,0,0
2025-07-14 23:19:50,CAH,1,0,1,0,0,1,1,1,1,0,0,0
2025-07-14 23:19:51,KMX,1,0,1,0,0,0,1,1,1,1,0,0
2025-07-14 23:19:52,CCL,1,0,1,0,0,1,1,0,1,1,0,0
2025-07-14 23:19:52,CARR,1,0,0,0,0,1,1,0,1,0,0,0
2025-07-14 23:19:53,CAT,1,0,1,0,0,1,1,1,1,0,0,0
2025-07-14 23:19:54,CBOE,0,0,0,0,0,0,0,1,1,1,0,0
2025-07-14 23:19:54,CBRE,0,0,0,0,0,0,0,1,1,0,0,0
2025-07-14 23:19:55,CDW,0,0,0,0,0,0,0,1,1,1,0,0
2025-07-14 23:19:56,COR,1,1,1,0,0,1,1,1,1,0,0,0
2025-07-14 23:19:56,CNC,0,0,0,0,0,0,0,1,1,1,0,0
2025-07-14 23:19:57,CNP,1,0,1,0,0,1,1,0,1,0,0,0
2025-07-14 23:19:58,CF,0,0,0,0,0,0,0,1,1,1,0,0
2025-07-14 23:19:59,CRL,0,0,0,0,0,0,0,1,1,1,0,0
2025-07-14 23:19:59,SCHW,0,0,0,0,0,1,0,0,1,1,0,0
2025-07-14 23:20:00,CHTR,1,0,0,0,0,1,1,1,1,1,0,0
2025-07-14 23:20:01,CVX,0,0,0,0,0,0,0,1,1,1,0,0
2025-07-14 23:20:01,CMG,1,0,1,0,0,1,1,0,1,1,0,0
2025-07-14 23:20:02,CB,1,0,1,0,0,1,1,1,1,0,0,0
2025-07-14 23:20:03,CHD,0,0,0,0,0,1,0,0,1,0,0,0
2025-07-14 23:20:04,CI,1,0,1,0,0,1,1,1,1,0,0,0
2025-07-14 23:20:04,CINF,1,0,0,0,0,1,1,1,1,1,0,0
2025-07-14 23:20:05,CTAS,1,0,0,0,0,1,1,1,1,0,0,0
2025-07-14 23:20:06,CSCO,1,0,0,0,0,1,1,0,1,0,0,0
2025-07-14 23:20:06,C,1,0,1,1,0,1,1,0,1,1,0,0
2025-07-14 23:20:07,CFG,1,0,1,1,0,1,1,0,1,0,0,0
2025-07-14 23:20:08,CLX,1,1,1,1,0,1,1,1,1,1,0,1
2025-07-14 23:20:09,CME,0,0,0,0,0,0,0,1,1,0,0,0
2025-07-14 23:20:09,CMS,1,0,1,1,0,1,1,0,1,0,0,0
2025-07-14 23:20:10,KO,1,0,1,0,0,0,1,0,1,0,0,0
2025-07-14 23:20:11,CTSH,0,0,0,0,0,1,0,0,1,0,0,0
2025-07-14 23:20:12,COIN,0,0,0,0,0,1,0,1,1,1,1,0
2025-07-14 23:20:12,CL,0,0,0,0,0,1,0,0,1,1,0,0
2025-07-14 23:20:13,CMCSA,1,0,0,0,0,1,1,0,1,1,0,0
2025-07-14 23:20:14,CAG,0,0,0,0,0,0,0,0,1,1,0,0
2025-07-14 23:20:14,COP,0,0,0,0,0,0,0,1,1,1,0,0
2025-07-14 23:20:15,ED,1,0,0,0,0,0,1,0,1,1,0,0
2025-07-14 23:20:16,STZ,0,0,0,0,0,0,0,1,1,1,0,0
2025-07-14 23:20:17,CEG,1,1,0,1,0,1,1,1,1,1,0,0
2025-07-14 23:20:17,COO,0,0,0,0,0,0,0,0,1,1,0,0
2025-07-14 23:20:18,CPRT,0,0,0,0,0,0,0,0,1,1,0,0
2025-07-14 23:20:19,GLW,1,0,0,0,0,1,1,0,1,1,0,0
2025-07-14 23:20:19,CPAY,0,0,0,0,0,0,0,1,1,1,0,0
2025-07-14 23:20:20,CTVA,0,0,1,0,0,0,0,0,1,1,0,0
2025-07-14 23:20:21,CSGP,0,0,0,0,0,0,0,0,1,1,0,0
2025-07-14 23:20:21,COST,1,1,1,1,0,1,1,1,1,0,0,0
2025-07-14 23:20:22,CTRA,0,0,0,0,0,0,0,0,1,1,0,0
2025-07-14 23:20:23,CRWD,1,0,0,0,0,1,1,1,1,1,0,0
2025-07-14 23:20:24,CCI,1,0,0,0,0,1,1,1,1,1,0,0
2025-07-14 23:20:24,CSX,0,0,0,0,0,1,0,0,1,1,0,0
2025-07-14 23:20:25,CMI,0,0,0,0,0,1,0,1,1,1,0,0
2025-07-14 23:20:26,CVS,0,0,0,0,0,0,0,0,1,0,0,0
2025-07-14 23:20:27,DHR,0,0,0,0,0,0,0,1,1,1,0,0
2025-07-14 23:20:27,DRI,0,0,0,0,0,0,0,1,1,0,0,0
2025-07-14 23:20:28,DDOG,0,0,0,0,0,0,0,1,1,1,0,0
2025-07-14 23:20:29,DVA,0,0,0,0,0,0,0,1,1,1,0,0
2025-07-14 23:20:29,DAY,0,0,0,0,0,0,0,0,1,1,0,0
2025-07-14 23:20:30,DECK,0,0,0,0,0,0,0,1,1,1,0,0
2025-07-14 23:20:31,DE,1,0,1,0,0,1,1,1,1,1,0,0
2025-07-14 23:20:31,DELL,0,0,0,0,0,1,0,1,1,1,0,0
2025-07-14 23:20:32,DAL,1,0,0,0,0,1,1,1,1,1,0,0
2025-07-14 23:20:33,DVN,0,0,0,0,0,0,0,0,1,1,0,0
2025-07-14 23:20:33,DXCM,1,0,1,0,0,1,1,1,1,1,0,0
2025-07-14 23:20:34,FANG,1,0,0,0,0,1,1,1,1,1,0,0
2025-07-14 23:20:35,DLR,0,0,0,0,0,1,0,1,1,1,0,0
2025-07-14 23:20:35,DG,1,0,0,0,0,1,1,1,1,1,0,0
2025-07-14 23:20:36,DLTR,1,1,1,1,0,1,1,1,1,1,0,1
2025-07-14 23:20:37,D,1,0,0,0,0,1,1,0,1,1,0,0
2025-07-14 23:20:38,DPZ,1,0,1,1,0,1,1,1,1,1,0,0
2025-07-14 23:20:38,DASH,1,0,0,0,0,1,1,1,1,1,0,0
2025-07-14 23:20:39,DOV,0,0,0,0,0,1,0,1,1,1,0,0
2025-07-14 23:20:40,DOW,0,0,1,0,0,0,0,0,1,1,0,0
2025-07-14 23:20:41,DHI,1,1,1,0,0,1,1,1,1,1,0,0
2025-07-14 23:20:41,DTE,1,0,1,0,0,0,1,1,1,1,0,0
2025-07-14 23:20:42,DUK,1,0,1,1,0,1,1,0,1,1,0,0
2025-07-14 23:20:43,DD,1,0,1,0,0,1,1,0,1,1,0,0
2025-07-14 23:20:44,EMN,0,0,0,0,0,0,0,1,1,1,0,0
2025-07-14 23:20:44,ETN,1,0,1,0,0,1,1,1,1,0,0,0
2025-07-14 23:20:45,EBAY,1,0,1,0,0,0,1,0,1,0,0,0
2025-07-14 23:20:46,ECL,1,0,1,0,0,1,1,1,1,0,0,0
2025-07-14 23:20:46,EIX,1,0,1,0,0,1,1,0,1,1,0,0
2025-07-14 23:20:47,EW,0,0,1,0,0,0,0,0,1,0,0,0
2025-07-14 23:20:48,EA,0,0,0,0,0,0,0,1,1,1,0,0
2025-07-14 23:20:48,ELV,1,0,0,0,0,1,1,1,1,1,0,0
2025-07-14 23:20:49,EMR,0,0,0,0,0,1,0,1,1,0,0,0
2025-07-14 23:20:50,ENPH,1,0,1,0,0,0,1,1,1,1,0,0
2025-07-14 23:20:51,ETR,1,1,1,1,0,1,1,0,1,1,0,0
2025-07-14 23:20:52,EOG,1,0,0,0,0,1,1,1,1,1,0,0
2025-07-14 23:20:52,EPAM,0,0,0,0,0,1,0,1,1,1,0,0
2025-07-14 23:20:53,EQT,1,0,1,1,0,1,1,0,1,1,0,0
2025-07-14 23:20:54,EFX,0,0,0,0,0,1,0,1,1,1,0,0
2025-07-14 23:20:54,EQIX,1,0,0,0,0,1,1,1,1,0,0,0
2025-07-14 23:20:55,EQR,1,0,1,1,0,1,1,0,1,0,0,0
2025-07-14 23:20:56,ERIE,1,0,1,0,0,1,1,1,1,1,0,0
2025-07-14 23:20:57,ESS,0,0,0,0,0,0,0,1,1,1,0,0
2025-07-14 23:20:57,EL,0,0,0,0,0,0,0,1,1,1,0,0
2025-07-14 23:20:58,EG,0,0,0,0,0,1,0,1,1,1,0,0
2025-07-14 23:20:59,EVRG,1,1,1,1,0,0,1,0,1,1,0,0
2025-07-14 23:21:00,ES,1,0,1,0,0,0,1,0,1,1,0,0
2025-07-14 23:21:00,EXC,1,0,1,1,0,1,1,0,1,1,0,0
2025-07-14 23:21:01,EXE,1,0,0,0,0,1,1,1,1,1,0,0
2025-07-14 23:21:02,EXPE,1,0,1,0,0,1,1,1,1,0,0,0
2025-07-14 23:21:02,EXPD,0,0,0,0,0,1,0,1,1,0,0,0
2025-07-14 23:21:03,EXR,0,0,1,0,0,1,0,1,1,0,0,0
2025-07-14 23:21:04,XOM,0,0,0,0,0,1,0,1,1,1,0,0
2025-07-14 23:21:05,FFIV,0,0,0,0,0,1,0,1,1,1,0,0
2025-07-14 23:21:05,FDS,0,0,1,0,0,0,0,1,1,1,0,0
2025-07-14 23:21:06,FICO,0,0,0,0,0,1,0,1,1,1,0,0
2025-07-14 23:21:07,FAST,0,0,0,0,0,1,0,0,1,1,1,0
2025-07-14 23:21:07,FRT,1,0,1,0,0,1,1,0,1,0,0,0
2025-07-14 23:21:08,FDX,0,0,0,0,0,1,0,1,1,1,0,0
2025-07-14 23:21:09,FIS,1,0,1,1,0,0,1,0,1,1,0,0
2025-07-14 23:21:09,FITB,1,0,1,1,0,1,1,0,1,0,0,0
2025-07-14 23:21:10,FSLR,0,0,0,0,0,0,0,1,1,1,0,0
2025-07-14 23:21:11,FE,1,0,1,0,0,1,1,0,1,0,0,0
2025-07-14 23:21:11,FI,0,0,0,0,0,0,0,1,1,1,0,0
2025-07-14 23:21:12,F,1,0,0,1,0,1,1,0,1,1,0,0
2025-07-14 23:21:12,FTNT,1,0,0,0,0,1,1,1,1,1,0,0
2025-07-14 23:21:13,FTV,0,0,0,0,0,0,0,0,1,0,0,0
2025-07-14 23:21:14,FOXA,1,0,0,0,0,1,1,0,1,1,0,0
2025-07-14 23:21:14,FOX,1,0,0,0,0,1,1,0,1,1,0,0
2025-07-14 23:21:15,BEN,0,0,0,0,0,1,0,0,1,0,0,0
2025-07-14 23:21:16,FCX,1,0,1,1,0,1,1,0,1,1,0,0
2025-07-14 23:21:16,GRMN,1,0,1,1,0,1,1,1,1,0,0,0
2025-07-14 23:21:17,IT,0,0,0,0,0,0,0,1,1,0,0,0
2025-07-14 23:21:17,GE,1,1,1,1,0,1,1,1,1,1,0,1
2025-07-14 23:21:18,GEHC,0,0,0,0,0,1,0,0,1,0,0,0
2025-07-14 23:21:19,GEV,1,0,0,0,0,1,1,1,1,1,0,0
2025-07-14 23:21:19,GEN,0,0,0,0,0,1,0,0,1,1,1,0
2025-07-14 23:21:20,GNRC,0,0,0,0,0,0,0,1,1,1,0,0
2025-07-14 23:21:21,GD,0,0,0,0,0,1,0,1,1,0,0,0
2025-07-14 23:21:22,GIS,1,0,1,0,0,0,1,0,1,1,0,0
2025-07-14 23:21:22,GM,0,0,0,0,0,1,0,0,1,1,0,0
2025-07-14 23:21:23,GPC,1,0,0,0,0,1,1,1,1,1,0,0
2025-07-14 23:21:24,GILD,1,1,1,0,0,1,1,1,1,1,0,0
2025-07-14 23:21:24,GPN,0,0,1,0,0,0,0,0,1,1,1,0
2025-07-14 23:21:25,GL,1,0,1,0,0,1,1,1,1,1,0,0
2025-07-14 23:21:26,GDDY,0,0,0,0,0,0,0,1,1,1,0,0
2025-07-14 23:21:26,GS,1,0,1,1,0,1,1,1,1,1,0,0
2025-07-14 23:21:27,HAL,0,0,0,0,0,0,0,0,1,1,0,0
2025-07-14 23:21:28,HIG,1,0,1,0,0,1,1,1,1,1,0,0
2025-07-14 23:21:29,HAS,0,0,0,0,0,1,0,0,1,1,0,0
2025-07-14 23:21:29,HCA,1,0,1,0,0,1,1,1,1,1,0,0
2025-07-14 23:21:30,DOC,1,0,1,1,0,1,1,0,1,0,0,0
2025-07-14 23:21:31,HSIC,0,0,0,0,0,1,0,0,1,1,0,0
2025-07-14 23:21:32,HSY,0,0,0,0,0,0,0,1,1,1,0,0
2025-07-14 23:21:32,HES,0,0,0,0,0,0,0,1,1,1,0,0
2025-07-14 23:21:33,HPE,0,0,0,0,0,0,0,0,1,1,0,0
2025-07-14 23:21:34,HLT,0,0,0,0,0,1,0,1,1,1,0,0
2025-07-14 23:21:34,HOLX,0,0,0,0,0,0,0,0,1,1,0,0
2025-07-14 23:21:35,HD,1,0,1,0,0,1,1,1,1,0,0,0
2025-07-14 23:21:36,HON,0,0,0,0,0,1,0,1,1,1,0,0
2025-07-14 23:21:37,HRL,1,1,1,1,0,1,1,0,1,1,0,0
2025-07-14 23:21:37,HST,1,0,1,0,0,1,1,0,1,1,0,0
2025-07-14 23:21:38,HWM,1,0,0,0,0,1,1,1,1,1,0,0
2025-07-14 23:21:39,HPQ,0,0,0,0,0,0,0,0,1,1,0,0
2025-07-14 23:21:40,HUBB,0,0,0,0,0,1,0,1,1,0,0,0
2025-07-14 23:21:40,HUM,0,0,0,0,0,0,0,1,1,1,0,0
2025-07-14 23:21:41,HBAN,1,0,1,1,0,1,1,0,1,1,0,0
2025-07-14 23:21:42,HII,0,0,0,0,0,1,0,1,1,1,0,0
2025-07-14 23:21:43,IBM,0,0,0,0,0,1,0,1,1,0,0,0
2025-07-14 23:21:43,IEX,0,0,0,0,0,0,0,1,1,0,0,0
2025-07-14 23:21:44,IDXX,0,0,0,0,0,0,0,1,1,0,0,0
2025-07-14 23:21:45,ITW,0,0,0,0,0,1,0,1,1,0,0,0
2025-07-14 23:21:45,INCY,1,1,1,0,0,1,1,1,1,1,0,0
2025-07-14 23:21:46,IR,0,0,0,0,0,0,0,0,1,1,0,0
2025-07-14 23:21:47,PODD,0,0,0,0,0,0,0,1,1,1,0,0
2025-07-14 23:21:47,INTC,0,0,0,0,0,1,0,0,1,1,0,0
2025-07-14 23:21:48,ICE,0,0,0,0,0,0,0,1,1,1,0,0
2025-07-14 23:21:49,IFF,0,0,0,0,0,0,0,0,1,0,0,0
2025-07-14 23:21:50,IP,1,0,1,1,0,1,1,0,1,0,0,0
2025-07-14 23:21:50,IPG,0,0,0,0,0,1,0,0,1,0,0,0
2025-07-14 23:21:51,INTU,0,0,0,0,0,0,0,1,1,1,0,0
2025-07-14 23:21:52,ISRG,0,0,0,0,0,0,0,1,1,1,0,0
2025-07-14 23:21:52,IVZ,1,0,1,0,0,1,1,0,1,0,0,0
2025-07-14 23:21:53,INVH,0,0,1,0,0,0,0,0,1,0,0,0
2025-07-14 23:21:54,IQV,0,0,0,0,0,0,0,1,1,1,0,0
2025-07-14 23:21:55,IRM,0,0,0,0,0,0,0,1,1,0,0,0
2025-07-14 23:21:55,JBHT,1,0,1,0,0,1,1,1,1,1,0,0
2025-07-14 23:21:56,JBL,0,0,0,0,0,0,0,1,1,0,0,0
2025-07-14 23:21:57,JKHY,0,0,0,0,0,0,0,1,1,1,0,0
2025-07-14 23:21:57,J,0,0,0,0,0,1,0,0,1,0,0,0
2025-07-14 23:21:59,JNJ,1,0,1,0,0,1,1,1,1,0,0,0
2025-07-14 23:21:59,JCI,0,0,0,0,0,1,0,0,1,0,0,0
2025-07-14 23:22:00,JPM,1,0,1,0,0,1,1,1,1,0,0,0
2025-07-14 23:22:01,K,1,0,0,0,0,1,1,0,0,0,0,0
2025-07-14 23:22:01,KVUE,0,0,0,0,0,1,0,0,1,1,1,0
2025-07-14 23:22:02,KDP,1,0,1,0,0,1,1,0,1,0,0,0
2025-07-14 23:22:03,KEY,1,0,1,0,0,1,1,0,1,0,0,0
2025-07-14 23:22:04,KEYS,0,0,0,0,0,1,0,1,1,1,0,0
2025-07-14 23:22:04,KMB,1,0,0,0,0,1,1,1,1,1,0,0
2025-07-14 23:22:05,KIM,1,0,1,0,0,1,1,0,1,1,0,0
2025-07-14 23:22:06,KMI,1,1,1,1,0,1,1,0,1,1,0,0
2025-07-14 23:22:06,KKR,0,0,0,0,0,0,0,1,1,0,0,0
2025-07-14 23:22:07,KLAC,0,0,0,0,0,1,0,1,1,1,0,0
2025-07-14 23:22:08,KHC,1,1,1,1,0,1,1,0,1,1,0,0
2025-07-14 23:22:08,KR,1,0,1,0,0,1,1,0,1,1,0,0
2025-07-14 23:22:09,LHX,1,0,0,0,0,1,1,1,1,1,0,0
2025-07-14 23:22:10,LH,0,0,0,0,0,0,0,1,1,0,0,0
2025-07-14 23:22:10,LRCX,0,0,0,0,0,0,0,1,1,1,0,0
2025-07-14 23:22:11,LW,0,0,0,0,0,1,0,0,1,1,0,0
2025-07-14 23:22:12,LVS,1,0,1,0,0,1,1,0,1,1,0,0
2025-07-14 23:22:12,LDOS,0,0,0,0,0,0,0,1,1,1,0,0
2025-07-14 23:22:13,LEN,1,1,0,0,0,1,1,1,1,1,0,0
2025-07-14 23:22:14,LII,0,0,0,0,0,0,0,1,1,0,0,0
2025-07-14 23:22:15,LLY,1,1,1,0,0,1,1,1,1,1,0,0
2025-07-14 23:22:15,LIN,1,0,1,0,0,1,1,1,1,0,0,0
2025-07-14 23:22:16,LYV,1,0,0,0,0,1,1,1,1,1,0,0
2025-07-14 23:22:16,LKQ,1,0,1,0,0,1,1,0,1,1,0,0
2025-07-14 23:22:17,LMT,1,0,1,0,0,1,1,1,1,0,0,0
2025-07-14 23:22:18,L,1,0,1,1,0,1,1,0,1,1,0,0
2025-07-14 23:22:18,LOW,1,0,0,0,0,1,1,1,1,1,0,0
2025-07-14 23:22:19,LULU,0,0,0,0,0,0,0,1,1,1,0,0
2025-07-14 23:22:20,LYB,0,0,1,0,0,0,0,0,1,1,0,0
2025-07-14 23:22:21,MTB,1,0,1,0,0,1,1,1,1,0,0,0
2025-07-14 23:22:21,MPC,0,0,0,0,0,1,0,1,1,1,0,0
2025-07-14 23:22:22,MKTX,1,0,1,0,0,1,1,1,1,1,0,0
2025-07-14 23:22:23,MAR,0,0,0,0,0,1,0,1,1,0,0,0
2025-07-14 23:22:23,MMC,0,0,1,0,0,1,0,1,1,0,0,0
2025-07-14 23:22:24,MLM,1,0,1,1,0,1,1,1,1,0,0,0
2025-07-14 23:22:25,MAS,1,0,0,0,0,1,1,0,1,1,0,0
2025-07-14 23:22:25,MA,0,0,0,0,0,0,0,1,1,1,0,0
2025-07-14 23:22:26,MTCH,0,0,0,0,0,0,0,0,1,1,0,0
2025-07-14 23:22:27,MKC,1,1,1,1,0,1,1,0,1,1,0,0
2025-07-14 23:22:28,MCD,1,0,1,0,0,1,1,1,1,1,0,0
2025-07-14 23:22:28,MCK,1,0,0,0,0,1,1,1,1,1,0,0
2025-07-14 23:22:29,MDT,1,0,1,0,0,1,1,0,1,0,0,0
2025-07-14 23:22:30,MRK,0,0,0,0,0,1,0,0,1,0,0,0
2025-07-14 23:22:30,META,0,0,0,0,0,0,0,1,1,1,0,0
2025-07-14 23:22:31,MET,1,0,1,1,0,1,1,0,1,0,0,0
2025-07-14 23:22:32,MTD,0,0,0,0,0,0,0,1,1,1,0,0
2025-07-14 23:22:32,MGM,1,0,1,1,0,1,1,0,1,1,0,0
2025-07-14 23:22:33,MCHP,0,0,0,0,0,1,0,1,1,1,0,0
2025-07-14 23:22:34,MU,0,0,0,0,0,0,0,1,1,1,0,0
2025-07-14 23:22:35,MSFT,0,0,0,0,0,1,0,1,1,0,0,0
2025-07-14 23:22:35,MAA,0,0,1,0,0,0,0,1,1,0,0,0
2025-07-14 23:22:36,MRNA,0,0,0,0,0,0,0,0,1,1,0,0
2025-07-14 23:22:37,MHK,0,0,0,0,0,1,0,1,1,0,0,0
2025-07-14 23:22:37,MOH,0,0,0,0,0,0,0,1,1,1,0,0
2025-07-14 23:22:38,TAP,1,1,1,1,0,1,1,0,1,1,0,0
2025-07-14 23:22:39,MDLZ,1,0,0,0,0,1,1,0,1,0,0,0
2025-07-14 23:22:39,MPWR,1,0,0,0,0,1,1,1,1,1,0,0
2025-07-14 23:22:40,MNST,0,0,0,0,0,1,0,0,1,1,0,0
2025-07-14 23:22:41,MCO,1,0,1,0,0,1,1,1,1,0,0,0
2025-07-14 23:22:42,MS,1,0,1,1,0,1,1,1,1,0,0,0
2025-07-14 23:22:42,MOS,1,0,1,0,0,0,1,0,1,1,0,0
2025-07-14 23:22:43,MSI,0,0,0,0,0,0,0,1,1,0,0,0
2025-07-14 23:22:44,MSCI,0,0,0,0,0,0,0,1,1,1,0,0
2025-07-14 23:22:44,NDAQ,0,0,0,0,0,1,0,0,1,0,0,0
2025-07-14 23:22:45,NTAP,0,0,0,0,0,0,0,1,1,1,0,0
2025-07-14 23:22:46,NFLX,0,0,0,0,0,0,0,1,1,1,0,0
2025-07-14 23:22:46,NEM,0,0,0,0,0,1,0,0,1,1,0,0
2025-07-14 23:22:47,NWSA,0,0,0,0,0,1,0,0,1,0,0,0
2025-07-14 23:22:48,NWS,0,0,0,0,0,1,0,0,1,1,0,0
2025-07-14 23:22:49,NEE,0,0,0,0,0,1,0,1,1,1,0,0
2025-07-14 23:22:49,NKE,1,0,1,0,0,1,1,1,1,1,0,0
2025-07-14 23:22:50,NI,1,0,1,1,0,1,1,0,1,1,0,0
2025-07-14 23:22:51,NDSN,0,0,0,0,0,0,0,1,1,0,0,0
2025-07-14 23:22:52,NSC,0,0,0,0,0,1,0,1,1,1,0,0
2025-07-14 23:22:52,NTRS,1,0,1,1,0,1,1,1,1,1,0,0
2025-07-14 23:22:53,NOC,0,0,0,0,0,1,0,1,1,1,0,0
2025-07-14 23:22:54,NCLH,1,0,1,0,0,1,1,0,1,1,0,0
2025-07-14 23:22:54,NRG,1,0,1,0,0,1,1,1,1,1,0,0
2025-07-14 23:22:55,NUE,0,0,0,0,0,0,0,1,1,1,0,0
2025-07-14 23:22:56,NVDA,0,0,0,0,0,0,0,1,1,1,0,0
2025-07-14 23:22:57,NVR,1,0,1,0,0,1,1,1,1,1,0,0
2025-07-14 23:22:57,NXPI,1,0,0,0,0,1,1,1,1,1,0,0
2025-07-14 23:22:58,ORLY,0,0,0,0,0,1,0,0,1,1,0,0
2025-07-14 23:22:59,OXY,0,0,0,0,0,1,0,0,1,1,0,0
2025-07-14 23:22:59,ODFL,0,0,0,0,0,0,0,1,1,1,0,0
2025-07-14 23:23:00,OMC,0,0,0,0,0,1,0,0,1,0,0,0
2025-07-14 23:23:01,ON,0,0,0,0,0,1,0,0,1,1,0,0
2025-07-14 23:23:02,OKE,1,0,1,0,0,1,1,0,1,0,0,0
2025-07-14 23:23:02,ORCL,0,0,1,0,0,1,0,1,1,1,0,0
2025-07-14 23:23:03,OTIS,1,0,1,0,0,1,1,0,1,0,0,0
2025-07-14 23:23:04,PCAR,0,0,0,0,0,0,0,1,1,1,0,0
2025-07-14 23:23:04,PKG,0,0,0,0,0,0,0,1,1,0,0,0
2025-07-14 23:23:05,PLTR,1,0,1,0,0,1,1,1,1,1,0,0
2025-07-14 23:23:06,PANW,0,0,0,0,0,1,0,1,1,1,0,0
2025-07-14 23:23:06,PARA,1,0,0,0,0,1,1,0,1,1,0,0
2025-07-14 23:23:07,PH,0,0,0,0,0,1,0,1,1,0,0,0
2025-07-14 23:23:08,PAYX,1,0,1,0,0,1,1,1,1,0,0,0
2025-07-14 23:23:08,PAYC,0,0,0,0,0,1,0,1,1,1,0,0
2025-07-14 23:23:09,PYPL,1,0,1,0,0,1,1,0,1,1,0,0
2025-07-14 23:23:10,PNR,1,0,0,0,0,1,1,0,1,0,0,0
2025-07-14 23:23:11,PEP,0,0,0,0,0,1,0,1,1,1,0,0
2025-07-14 23:23:12,PFE,0,0,0,0,0,0,0,0,1,0,0,0
2025-07-14 23:23:12,PCG,1,0,0,0,0,1,1,0,1,1,0,0
2025-07-14 23:23:13,PM,1,0,1,0,0,1,1,1,1,0,0,0
2025-07-14 23:23:14,PSX,0,0,0,0,0,0,0,1,1,1,0,0
2025-07-14 23:23:15,PNW,1,0,0,0,0,0,1,0,1,1,0,0
2025-07-14 23:23:15,PNC,1,1,1,1,0,1,1,1,1,0,0,0
2025-07-14 23:23:16,POOL,0,0,0,0,0,0,0,1,1,1,0,0
2025-07-14 23:23:17,PPG,1,0,1,1,0,1,1,1,1,0,0,0
2025-07-14 23:23:17,PPL,1,0,0,0,0,1,1,0,1,1,0,0
2025-07-14 23:23:18,PFG,1,0,0,0,0,1,1,0,1,1,0,0
2025-07-14 23:23:19,PG,0,0,0,0,0,0,0,1,1,1,0,0
2025-07-14 23:23:20,PGR,1,1,1,1,0,1,1,1,1,1,0,1
2025-07-14 23:23:20,PLD,1,1,1,1,0,1,1,1,1,0,0,0
2025-07-14 23:23:21,PRU,1,0,1,1,0,1,1,0,1,0,0,0
2025-07-14 23:23:22,PEG,1,0,1,0,0,1,1,0,1,1,0,0
2025-07-14 23:23:23,PTC,1,0,1,1,0,1,1,1,1,1,0,0
2025-07-14 23:23:23,PSA,1,0,1,0,0,1,1,1,1,0,0,0
2025-07-14 23:23:24,PHM,1,0,0,0,0,1,1,1,1,1,0,0
2025-07-14 23:23:25,PWR,0,0,0,0,0,1,0,1,1,1,0,0
2025-07-14 23:23:25,QCOM,0,0,0,0,0,1,0,1,1,1,0,0
2025-07-14 23:23:26,DGX,1,0,1,0,0,1,1,1,1,0,0,0
2025-07-14 23:23:26,RL,0,0,0,0,0,1,0,1,1,0,0,0
2025-07-14 23:23:27,RJF,1,0,1,0,0,1,1,1,1,0,0,0
2025-07-14 23:23:28,RTX,1,0,1,0,0,1,1,1,1,1,0,0
2025-07-14 23:23:28,O,0,0,0,0,0,1,0,0,1,1,0,0
2025-07-14 23:23:29,REG,1,0,1,1,0,1,1,0,1,0,0,0
2025-07-14 23:23:30,REGN,0,0,0,0,0,1,0,1,1,1,0,0
2025-07-14 23:23:31,RF,1,1,1,1,0,1,1,0,1,0,0,0
2025-07-14 23:23:31,RSG,1,0,0,0,0,1,1,1,1,1,0,0
2025-07-14 23:23:32,RMD,0,0,0,0,0,0,0,1,1,0,0,0
2025-07-14 23:23:33,RVTY,0,0,0,0,0,0,0,1,1,1,0,0
2025-07-14 23:23:33,ROK,0,0,0,0,0,1,0,1,1,0,0,0
2025-07-14 23:23:34,ROL,1,0,0,0,0,1,1,0,1,1,0,0
2025-07-14 23:23:35,ROP,1,0,1,1,0,1,1,1,1,0,0,0
2025-07-14 23:23:35,ROST,1,1,1,0,0,1,1,1,1,0,0,0
2025-07-14 23:23:36,RCL,1,0,1,0,0,1,1,1,1,1,0,0
2025-07-14 23:23:37,SPGI,0,0,0,0,0,1,0,1,1,0,0,0
2025-07-14 23:23:38,CRM,0,0,0,0,0,0,0,1,1,1,0,0
2025-07-14 23:23:38,SBAC,0,0,0,0,0,1,0,1,1,1,0,0
2025-07-14 23:23:39,SLB,0,0,0,0,0,0,0,0,1,1,0,0
2025-07-14 23:23:40,STX,0,0,0,0,0,1,0,1,1,1,0,0
2025-07-14 23:23:40,SRE,1,0,0,0,0,1,1,0,1,1,0,0
2025-07-14 23:23:41,NOW,1,0,0,0,0,1,1,1,1,1,0,0
2025-07-14 23:23:42,SHW,0,0,0,0,0,0,0,1,1,0,0,0
2025-07-14 23:23:42,SPG,1,0,1,0,0,1,1,1,1,0,0,0
2025-07-14 23:23:43,SWKS,1,0,0,0,0,1,1,0,1,1,0,0
2025-07-14 23:23:44,SJM,1,1,1,1,0,1,1,1,1,0,0,0
2025-07-14 23:23:44,SW,0,0,0,0,0,0,0,0,1,0,0,0
2025-07-14 23:23:45,SNA,0,0,0,0,0,1,0,1,1,1,0,0
2025-07-14 23:23:46,SOLV,0,0,0,0,0,1,0,0,1,0,0,0
2025-07-14 23:23:46,SO,0,0,0,0,0,1,0,0,1,0,0,0
2025-07-14 23:23:47,LUV,1,0,1,1,0,1,1,0,1,1,0,0
2025-07-14 23:23:48,SWK,0,0,0,0,0,0,0,1,1,1,0,0
2025-07-14 23:23:49,SBUX,1,0,0,0,0,1,1,1,1,1,0,0
2025-07-14 23:23:49,STT,1,0,1,1,0,1,1,0,1,0,0,0
2025-07-14 23:23:50,STLD,0,0,0,0,0,0,0,1,1,0,0,0
2025-07-14 23:23:51,STE,0,0,0,0,0,0,0,1,1,0,0,0
2025-07-14 23:23:51,SYK,0,0,0,0,0,1,0,1,1,1,0,0
2025-07-14 23:23:52,SMCI,0,0,0,0,0,0,0,1,1,1,0,0
2025-07-14 23:23:53,SYF,1,0,1,0,0,1,1,0,1,0,0,0
2025-07-14 23:23:53,SNPS,1,0,1,0,0,0,1,1,1,1,1,0
2025-07-14 23:23:54,SYY,1,1,1,1,0,1,1,0,1,0,0,0
2025-07-14 23:23:55,TMUS,0,0,0,0,0,0,0,1,1,0,0,0
2025-07-14 23:23:55,TROW,0,0,0,0,0,1,0,0,1,1,0,0
2025-07-14 23:23:56,TTWO,1,0,0,0,0,1,1,1,1,1,0,0
2025-07-14 23:23:57,TPR,1,1,1,0,0,1,1,1,1,1,0,0
2025-07-14 23:23:58,TRGP,1,0,0,0,0,1,1,1,1,1,0,0
2025-07-14 23:23:58,TGT,1,0,1,1,0,1,1,1,1,1,0,0
2025-07-14 23:23:59,TEL,0,0,0,0,0,0,0,1,1,0,0,0
2025-07-14 23:24:00,TDY,1,0,0,1,0,1,1,1,1,1,0,0
2025-07-14 23:24:00,TER,0,0,0,0,0,1,0,1,1,1,0,0
2025-07-14 23:24:01,TSLA,1,0,1,0,0,1,1,1,1,1,1,0
2025-07-14 23:24:02,TXN,1,0,1,0,0,1,1,1,1,0,0,0
2025-07-14 23:24:03,TPL,1,0,1,0,0,1,1,1,1,1,0,0
2025-07-14 23:24:03,TXT,1,0,1,1,0,1,1,0,1,1,0,0
2025-07-14 23:24:04,TMO,0,0,0,0,0,0,0,1,1,1,0,0
2025-07-14 23:24:05,TJX,1,1,1,0,0,1,1,0,1,0,0,0
2025-07-14 23:24:05,TKO,0,0,0,0,0,0,0,1,1,1,0,0
2025-07-14 23:24:06,TSCO,1,1,1,1,0,1,1,0,1,1,0,0
2025-07-14 23:24:07,TT,0,0,0,0,0,1,0,1,1,1,0,0
2025-07-14 23:24:08,TDG,1,0,0,0,0,1,1,1,1,1,0,0
2025-07-14 23:24:08,TRV,1,1,1,1,0,1,1,1,1,0,0,0
2025-07-14 23:24:09,TRMB,1,0,0,0,0,1,1,0,1,0,0,0
2025-07-14 23:24:10,TFC,1,0,1,1,0,1,1,0,1,0,0,0
2025-07-14 23:24:10,TYL,1,0,0,0,0,1,1,1,1,1,0,0
2025-07-14 23:24:11,TSN,1,0,1,1,0,1,1,0,1,0,0,0
2025-07-14 23:24:12,USB,1,0,1,0,0,1,1,0,1,0,0,0
2025-07-14 23:24:13,UBER,0,0,0,0,0,0,0,1,1,1,0,0
2025-07-14 23:24:13,UDR,0,0,0,0,0,0,0,0,1,0,0,0
2025-07-14 23:24:14,ULTA,1,0,0,0,0,1,1,1,1,1,0,0
2025-07-14 23:24:15,UNP,0,0,0,0,0,0,0,1,1,0,0,0
2025-07-14 23:24:15,UAL,1,0,1,1,0,1,1,1,1,1,0,0
2025-07-14 23:24:16,UPS,0,0,0,0,0,0,0,1,1,1,0,0
2025-07-14 23:24:17,URI,1,0,1,0,0,1,1,1,1,1,0,0
2025-07-14 23:24:17,UNH,1,0,0,0,0,1,1,1,1,1,0,0
2025-07-14 23:24:18,UHS,0,0,0,0,0,1,0,1,1,1,0,0
2025-07-14 23:24:19,VLO,0,0,0,0,0,0,0,1,1,1,0,0
2025-07-14 23:24:20,VTR,1,0,1,1,0,1,1,0,1,0,0,0
2025-07-14 23:24:20,VLTO,1,0,0,0,0,1,1,0,1,0,0,0
2025-07-14 23:24:21,VRSN,0,0,0,0,0,0,0,1,1,0,0,0
2025-07-14 23:24:22,VRSK,0,0,0,0,0,1,0,1,1,1,0,0
2025-07-14 23:24:22,VZ,0,0,0,0,0,0,0,0,1,0,0,0
2025-07-14 23:24:23,VRTX,0,0,0,0,0,0,0,1,1,1,0,0
2025-07-14 23:24:23,VTRS,1,1,1,1,0,1,1,0,1,0,0,0
2025-07-14 23:24:24,VICI,1,0,1,0,0,1,1,0,1,0,0,0
2025-07-14 23:24:25,V,0,0,0,0,0,1,0,1,1,1,0,0
2025-07-14 23:24:25,VST,0,0,0,0,0,1,0,1,1,1,0,0
2025-07-14 23:24:26,VMC,1,0,1,1,0,1,1,1,1,0,0,0
2025-07-14 23:24:26,WRB,1,0,1,1,0,1,1,0,1,1,0,0
2025-07-14 23:24:27,GWW,1,0,0,0,0,1,1,1,1,1,0,0
2025-07-14 23:24:28,WAB,1,0,0,0,0,1,1,1,1,0,0,0
2025-07-14 23:24:28,WBA,1,0,1,0,0,1,1,0,0,0,0,0
2025-07-14 23:24:29,WMT,1,1,1,0,0,1,1,0,1,1,0,0
2025-07-14 23:24:30,DIS,0,0,0,0,0,0,0,0,1,0,0,0
2025-07-14 23:24:30,WBD,0,0,0,0,0,1,0,0,1,1,0,0
2025-07-14 23:24:31,WM,1,0,0,0,0,1,1,1,1,1,0,0
2025-07-14 23:24:31,WAT,0,0,0,0,0,0,0,1,1,1,0,0
2025-07-14 23:24:32,WEC,1,0,1,1,0,1,1,0,1,1,0,0
2025-07-14 23:24:33,WFC,1,0,1,0,0,1,1,0,1,1,0,0
2025-07-14 23:24:33,WELL,1,0,1,1,0,1,1,1,1,1,0,0
2025-07-14 23:24:34,WST,0,0,0,0,0,0,0,1,1,1,0,0
2025-07-14 23:24:35,WDC,0,0,0,0,0,1,0,0,1,1,0,0
2025-07-14 23:24:35,WY,0,0,0,0,0,0,0,0,1,1,0,0
2025-07-14 23:24:36,WSM,0,0,0,0,0,0,0,1,1,1,0,0
2025-07-14 23:24:37,WMB,1,0,1,0,0,1,1,0,1,1,0,0
2025-07-14 23:24:37,WTW,1,0,1,0,0,1,1,1,1,0,0,0
2025-07-14 23:24:38,WDAY,0,0,0,0,0,0,0,1,1,1,0,0
2025-07-14 23:24:38,WYNN,1,1,1,1,0,1,1,1,1,1,0,1
2025-07-14 23:24:39,XEL,1,0,1,0,0,1,1,0,1,0,0,0
2025-07-14 23:24:40,XYL,0,0,0,0,0,1,0,0,1,0,0,0
2025-07-14 23:24:40,YUM,0,0,0,0,0,0,0,1,1,1,0,0
2025-07-14 23:24:41,ZBRA,0,0,0,0,0,1,0,1,1,1,0,0
2025-07-14 23:24:42,ZBH,1,0,1,0,0,1,1,0,1,1,0,0
2025-07-14 23:24:42,ZTS,0,0,0,0,0,0,0,1,1,0,0,0
2025-07-14 23:24:43,MMM,1,0,1,1,0,1,1,1,1,1,0,0
2025-07-14 23:24:44,AOS,0,0,0,0,0,1,0,0,1,0,0,0
2025-07-14 23:24:44,ABT,0,0,0,0,0,0,0,1,1,0,0,0
2025-07-14 23:24:45,ABBV,1,0,1,0,0,1,1,1,1,0,0,0
2025-07-14 23:24:45,ACN,0,0,0,0,0,1,0,1,1,0,0,0
2025-07-14 23:24:46,ADBE,1,0,0,0,0,1,1,1,1,1,0,0
2025-07-14 23:24:47,AMD,0,0,0,0,0,1,0,1,1,1,0,0
2025-07-14 23:24:47,AES,1,0,1,1,0,1,1,0,1,1,0,0
2025-07-14 23:24:48,AFL,1,0,1,1,0,1,1,0,1,1,0,0
2025-07-14 23:24:49,A,0,0,0,0,0,0,0,1,1,1,0,0
2025-07-14 23:24:49,APD,0,0,0,0,0,0,0,1,1,0,0,0
2025-07-14 23:24:50,ABNB,0,0,0,0,0,1,0,1,1,1,0,0
2025-07-14 23:24:50,AKAM,0,0,0,0,0,0,0,0,1,1,0,0
2025-07-14 23:24:51,ALB,1,0,1,0,0,1,1,1,1,1,0,0
2025-07-14 23:24:52,ARE,0,0,0,0,0,0,0,1,1,1,0,0
2025-07-14 23:24:52,ALGN,0,0,0,0,0,0,0,1,1,1,0,0
2025-07-14 23:24:53,ALLE,0,0,0,0,0,0,0,1,1,0,0,0
2025-07-14 23:24:54,LNT,1,0,1,0,0,1,1,0,1,0,0,0
2025-07-14 23:24:54,ALL,1,0,1,1,0,1,1,1,1,1,0,0
2025-07-14 23:24:55,GOOGL,0,0,0,0,0,1,0,1,1,1,0,0
2025-07-14 23:24:56,GOOG,1,0,1,0,0,1,1,1,1,1,0,0
2025-07-14 23:24:56,MO,1,0,0,1,0,1,1,0,1,0,0,0
2025-07-14 23:24:57,AMZN,1,0,1,1,0,1,1,1,1,0,0,0
2025-07-14 23:24:57,AMCR,0,0,1,0,0,1,0,0,1,0,0,0
2025-07-14 23:24:58,AEE,1,1,1,1,0,1,1,0,1,1,0,0
2025-07-14 23:24:59,AEP,1,0,1,0,0,0,1,0,1,1,0,0
2025-07-14 23:24:59,AXP,1,0,1,0,0,1,1,1,1,0,0,0
2025-07-14 23:25:00,AIG,1,1,1,0,0,1,1,0,1,1,0,0
2025-07-14 23:25:01,AMT,0,0,0,0,0,1,0,1,1,1,0,0
2025-07-14 23:25:01,AWK,0,0,0,0,0,1,0,1,1,0,0,0
2025-07-14 23:25:02,AMP,0,0,0,0,0,1,0,1,1,0,0,0
2025-07-14 23:25:02,AME,0,0,0,0,0,0,0,1,1,0,0,0
2025-07-14 23:25:03,AMGN,1,1,1,1,0,1,1,1,1,0,0,0
2025-07-14 23:25:04,APH,0,0,0,0,0,1,0,0,1,1,0,0
2025-07-14 23:25:04,ADI,0,0,0,0,0,1,0,1,1,0,0,0
2025-07-14 23:25:05,ANSS,1,0,1,0,0,0,1,1,1,1,1,0
2025-07-14 23:25:05,AON,1,0,1,1,0,1,1,1,1,1,0,0
2025-07-14 23:25:06,APA,1,0,0,0,0,1,1,0,1,1,0,0
2025-07-14 23:25:07,APO,0,0,0,0,0,1,0,1,1,1,0,0
2025-07-14 23:25:07,AAPL,0,0,0,0,0,0,0,1,1,1,0,0
2025-07-14 23:25:08,AMAT,0,0,0,0,0,1,0,1,1,1,0,0
2025-07-14 23:25:09,APTV,0,0,0,0,0,0,0,0,1,1,0,0
2025-07-14 23:25:09,ACGL,0,0,0,0,0,1,0,0,1,1,0,0
2025-07-14 23:25:10,ADM,1,0,1,1,0,1,1,0,1,1,0,0
2025-07-14 23:25:10,ANET,1,0,1,0,0,1,1,1,1,1,0,0
2025-07-14 23:25:11,AJG,1,0,1,1,0,1,1,1,1,0,0,0
2025-07-14 23:25:11,AIZ,1,1,1,1,0,1,1,1,1,1,0,1
2025-07-14 23:25:12,T,0,0,0,0,0,0,0,0,1,1,0,0
2025-07-14 23:25:13,ATO,0,0,0,0,0,0,0,1,1,1,0,0
2025-07-14 23:25:13,ADSK,0,0,0,0,0,1,0,1,1,1,1,0
2025-07-14 23:25:14,ADP,0,0,0,0,0,1,0,1,1,0,0,0
2025-07-14 23:25:14,AZO,1,0,0,0,0,1,1,1,1,1,0,0
2025-07-14 23:25:15,AVB,1,0,1,0,0,0,1,1,1,0,0,0
2025-07-14 23:25:15,AVY,1,0,1,0,0,0,1,1,1,0,0,0
2025-07-14 23:25:16,AXON,0,0,0,0,0,1,0,1,1,1,0,0
2025-07-14 23:25:16,BKR,0,0,0,0,0,0,0,0,1,1,0,0
2025-07-14 23:25:17,BALL,1,0,1,1,0,1,1,0,1,0,0,0
2025-07-14 23:25:18,BAC,1,0,1,1,0,1,1,0,1,0,0,0
2025-07-14 23:25:18,BAX,0,0,0,0,0,0,0,0,1,1,0,0
2025-07-14 23:25:19,BDX,1,0,0,0,0,1,1,1,1,1,0,0
2025-07-14 23:25:20,BRK-B,0,0,0,0,0,0,0,1,0,0,0,0
2025-07-14 23:25:20,BBY,1,1,1,0,0,1,1,1,1,1,0,0
2025-07-14 23:25:21,TECH,0,0,0,0,0,0,0,1,1,1,0,0
2025-07-14 23:25:21,BIIB,0,0,0,0,0,0,0,1,1,0,0,0
2025-07-14 23:25:22,BLK,1,1,1,1,0,1,1,1,1,0,0,0
2025-07-14 23:25:22,BX,1,0,1,0,0,1,1,1,1,1,0,0
2025-07-14 23:25:23,BK,1,1,1,1,0,1,1,0,1,1,0,0
2025-07-14 23:25:24,BA,1,0,1,0,0,1,1,1,1,1,1,0
2025-07-14 23:25:24,BKNG,1,0,0,1,0,1,1,1,1,0,0,0
2025-07-14 23:25:25,BSX,0,0,0,0,0,0,0,0,1,1,0,0
2025-07-14 23:25:25,BMY,0,0,0,0,0,0,0,0,1,1,0,0
2025-07-14 23:25:26,AVGO,0,0,0,0,0,1,0,1,1,1,0,0
2025-07-14 23:25:27,BR,0,0,0,0,0,1,0,1,1,1,0,0
2025-07-14 23:25:28,BRO,1,0,0,0,0,1,1,0,1,1,0,0
2025-07-14 23:25:28,BF-B,0,0,0,0,0,0,0,0,0,1,0,0
2025-07-14 23:25:29,BLDR,0,0,0,0,0,1,0,1,1,1,0,0
2025-07-14 23:25:29,BG,1,0,1,0,0,1,1,1,1,1,0,0
2025-07-14 23:25:30,BXP,1,0,1,0,0,1,1,0,1,0,0,0
2025-07-14 23:25:31,CHRW,0,0,0,0,0,0,0,1,1,1,0,0
2025-07-14 23:25:31,CDNS,1,0,1,0,0,1,1,1,1,1,0,0
2025-07-14 23:25:32,CZR,1,1,1,0,0,1,1,0,1,1,0,0
2025-07-14 23:25:33,CPT,1,0,1,0,0,0,1,1,1,0,0,0
2025-07-14 23:25:33,CPB,1,0,0,0,0,0,1,0,1,1,0,0
2025-07-14 23:25:34,COF,1,1,1,1,0,1,1,1,1,0,0,0
2025-07-14 23:25:34,CAH,1,0,1,0,0,1,1,1,1,0,0,0
2025-07-14 23:25:35,KMX,1,0,1,0,0,0,1,1,1,1,0,0
2025-07-14 23:25:36,CCL,1,0,1,0,0,1,1,0,1,1,0,0
2025-07-14 23:25:36,CARR,1,0,0,0,0,1,1,0,1,0,0,0
2025-07-14 23:25:37,CAT,1,0,1,0,0,1,1,1,1,0,0,0
2025-07-14 23:25:37,CBOE,0,0,0,0,0,0,0,1,1,1,0,0
2025-07-14 23:25:38,CBRE,0,0,0,0,0,0,0,1,1,0,0,0
2025-07-14 23:25:39,CDW,0,0,0,0,0,0,0,1,1,1,0,0
2025-07-14 23:25:39,COR,1,1,1,0,0,1,1,1,1,0,0,0
2025-07-14 23:25:40,CNC,0,0,0,0,0,0,0,1,1,1,0,0
2025-07-14 23:25:40,CNP,1,0,1,0,0,1,1,0,1,0,0,0
2025-07-14 23:25:41,CF,0,0,0,0,0,0,0,1,1,1,0,0
2025-07-14 23:25:42,CRL,0,0,0,0,0,0,0,1,1,1,0,0
2025-07-14 23:25:42,SCHW,0,0,0,0,0,1,0,0,1,1,0,0
2025-07-14 23:25:43,CHTR,1,0,0,0,0,1,1,1,1,1,0,0
2025-07-14 23:25:43,CVX,0,0,0,0,0,0,0,1,1,1,0,0
2025-07-14 23:25:44,CMG,1,0,1,0,0,1,1,0,1,1,0,0
2025-07-14 23:25:45,CB,1,0,1,0,0,1,1,1,1,0,0,0
2025-07-14 23:25:45,CHD,0,0,0,0,0,1,0,0,1,0,0,0
2025-07-14 23:25:46,CI,1,0,1,0,0,1,1,1,1,0,0,0
2025-07-14 23:25:47,CINF,1,0,0,0,0,1,1,1,1,1,0,0
2025-07-14 23:25:47,CTAS,1,0,0,0,0,1,1,1,1,0,0,0
2025-07-14 23:25:48,CSCO,1,0,0,0,0,1,1,0,1,0,0,0
2025-07-14 23:25:48,C,1,0,1,1,0,1,1,0,1,1,0,0
2025-07-14 23:25:49,CFG,1,0,1,1,0,1,1,0,1,0,0,0
2025-07-14 23:25:50,CLX,1,1,1,1,0,1,1,1,1,1,0,1
2025-07-14 23:25:50,CME,0,0,0,0,0,0,0,1,1,0,0,0
2025-07-14 23:25:51,CMS,1,0,1,1,0,1,1,0,1,0,0,0
2025-07-14 23:25:52,KO,1,0,1,0,0,0,1,0,1,0,0,0
2025-07-14 23:25:52,CTSH,0,0,0,0,0,1,0,0,1,0,0,0
2025-07-14 23:25:53,COIN,0,0,0,0,0,1,0,1,1,1,1,0
2025-07-14 23:25:53,CL,0,0,0,0,0,1,0,0,1,1,0,0
2025-07-14 23:25:54,CMCSA,1,0,0,0,0,1,1,0,1,1,0,0
2025-07-14 23:25:55,CAG,0,0,0,0,0,0,0,0,1,1,0,0
2025-07-14 23:25:55,COP,0,0,0,0,0,0,0,1,1,1,0,0
2025-07-14 23:25:56,ED,1,0,0,0,0,0,1,0,1,1,0,0
2025-07-14 23:25:56,STZ,0,0,0,0,0,0,0,1,1,1,0,0
2025-07-14 23:25:57,CEG,1,1,0,1,0,1,1,1,1,1,0,0
2025-07-14 23:25:58,COO,0,0,0,0,0,0,0,0,1,1,0,0
2025-07-14 23:25:58,CPRT,0,0,0,0,0,0,0,0,1,1,0,0
2025-07-14 23:25:59,GLW,1,0,0,0,0,1,1,0,1,1,0,0
2025-07-14 23:25:59,CPAY,0,0,0,0,0,0,0,1,1,1,0,0
2025-07-14 23:26:00,CTVA,0,0,1,0,0,0,0,0,1,1,0,0
2025-07-14 23:26:00,CSGP,0,0,0,0,0,0,0,0,1,1,0,0
2025-07-14 23:26:01,COST,1,1,1,1,0,1,1,1,1,0,0,0
2025-07-14 23:26:02,CTRA,0,0,0,0,0,0,0,0,1,1,0,0
2025-07-14 23:26:02,CRWD,1,0,0,0,0,1,1,1,1,1,0,0
2025-07-14 23:26:03,CCI,1,0,0,0,0,1,1,1,1,1,0,0
2025-07-14 23:26:04,CSX,0,0,0,0,0,1,0,0,1,1,0,0
2025-07-14 23:26:04,CMI,0,0,0,0,0,1,0,1,1,1,0,0
2025-07-14 23:26:05,CVS,0,0,0,0,0,0,0,0,1,0,0,0
2025-07-14 23:26:05,DHR,0,0,0,0,0,0,0,1,1,1,0,0
2025-07-14 23:26:06,DRI,0,0,0,0,0,0,0,1,1,0,0,0
2025-07-14 23:26:07,DDOG,0,0,0,0,0,0,0,1,1,1,0,0
2025-07-14 23:26:07,DVA,0,0,0,0,0,0,0,1,1,1,0,0
2025-07-14 23:26:08,DAY,0,0,0,0,0,0,0,0,1,1,0,0
2025-07-14 23:26:08,DECK,0,0,0,0,0,0,0,1,1,1,0,0
2025-07-14 23:26:09,DE,1,0,1,0,0,1,1,1,1,1,0,0
2025-07-14 23:26:10,DELL,0,0,0,0,0,1,0,1,1,1,0,0
2025-07-14 23:26:10,DAL,1,0,0,0,0,1,1,1,1,1,0,0
2025-07-14 23:26:11,DVN,0,0,0,0,0,0,0,0,1,1,0,0
2025-07-14 23:26:12,DXCM,1,0,1,0,0,1,1,1,1,1,0,0
2025-07-14 23:26:12,FANG,1,0,0,0,0,1,1,1,1,1,0,0
2025-07-14 23:26:13,DLR,0,0,0,0,0,1,0,1,1,1,0,0
2025-07-14 23:26:14,DG,1,0,0,0,0,1,1,1,1,1,0,0
2025-07-14 23:26:14,DLTR,1,1,1,1,0,1,1,1,1,1,0,1
2025-07-14 23:26:15,D,1,0,0,0,0,1,1,0,1,1,0,0
2025-07-14 23:26:15,DPZ,1,0,1,1,0,1,1,1,1,1,0,0
2025-07-14 23:26:16,DASH,1,0,0,0,0,1,1,1,1,1,0,0
2025-07-14 23:26:17,DOV,0,0,0,0,0,1,0,1,1,1,0,0
2025-07-14 23:26:17,DOW,0,0,1,0,0,0,0,0,1,1,0,0
2025-07-14 23:26:18,DHI,1,1,1,0,0,1,1,1,1,1,0,0
2025-07-14 23:26:19,DTE,1,0,1,0,0,0,1,1,1,1,0,0
2025-07-14 23:26:19,DUK,1,0,1,1,0,1,1,0,1,1,0,0
2025-07-14 23:26:20,DD,1,0,1,0,0,1,1,0,1,1,0,0
2025-07-14 23:26:20,EMN,0,0,0,0,0,0,0,1,1,1,0,0
2025-07-14 23:26:21,ETN,1,0,1,0,0,1,1,1,1,0,0,0
2025-07-14 23:26:22,EBAY,1,0,1,0,0,0,1,0,1,0,0,0
2025-07-14 23:26:22,ECL,1,0,1,0,0,1,1,1,1,0,0,0
2025-07-14 23:26:23,EIX,1,0,1,0,0,1,1,0,1,1,0,0
2025-07-14 23:26:24,EW,0,0,1,0,0,0,0,0,1,0,0,0
2025-07-14 23:26:24,EA,0,0,0,0,0,0,0,1,1,1,0,0
2025-07-14 23:26:25,ELV,1,0,0,0,0,1,1,1,1,1,0,0
2025-07-14 23:26:26,EMR,0,0,0,0,0,1,0,1,1,0,0,0
2025-07-14 23:26:26,ENPH,1,0,1,0,0,0,1,1,1,1,0,0
2025-07-14 23:26:27,ETR,1,1,1,1,0,1,1,0,1,1,0,0
2025-07-14 23:26:28,EOG,1,0,0,0,0,1,1,1,1,1,0,0
2025-07-14 23:26:29,EPAM,0,0,0,0,0,1,0,1,1,1,0,0
2025-07-14 23:26:29,EQT,1,0,1,1,0,1,1,0,1,1,0,0
2025-07-14 23:26:30,EFX,0,0,0,0,0,1,0,1,1,1,0,0
2025-07-14 23:26:31,EQIX,1,0,0,0,0,1,1,1,1,0,0,0
2025-07-14 23:26:31,EQR,1,0,1,1,0,1,1,0,1,0,0,0
2025-07-14 23:26:32,ERIE,1,0,1,0,0,1,1,1,1,1,0,0
2025-07-14 23:26:33,ESS,0,0,0,0,0,0,0,1,1,1,0,0
2025-07-14 23:26:34,EL,0,0,0,0,0,0,0,1,1,1,0,0
2025-07-14 23:26:34,EG,0,0,0,0,0,1,0,1,1,1,0,0
2025-07-14 23:26:35,EVRG,1,1,1,1,0,0,1,0,1,1,0,0
2025-07-14 23:26:36,ES,1,0,1,0,0,0,1,0,1,1,0,0
2025-07-14 23:26:36,EXC,1,0,1,1,0,1,1,0,1,1,0,0
2025-07-14 23:26:37,EXE,1,0,0,0,0,1,1,1,1,1,0,0
2025-07-14 23:26:38,EXPE,1,0,1,0,0,1,1,1,1,0,0,0
2025-07-14 23:26:38,EXPD,0,0,0,0,0,1,0,1,1,0,0,0
2025-07-14 23:26:39,EXR,0,0,1,0,0,1,0,1,1,0,0,0
2025-07-14 23:26:40,XOM,0,0,0,0,0,1,0,1,1,1,0,0
2025-07-14 23:26:40,FFIV,0,0,0,0,0,1,0,1,1,1,0,0
2025-07-14 23:26:41,FDS,0,0,1,0,0,0,0,1,1,1,0,0
2025-07-14 23:26:42,FICO,0,0,0,0,0,1,0,1,1,1,0,0
2025-07-14 23:26:43,FAST,0,0,0,0,0,1,0,0,1,1,1,0
2025-07-14 23:26:43,FRT,1,0,1,0,0,1,1,0,1,0,0,0
2025-07-14 23:26:44,FDX,0,0,0,0,0,1,0,1,1,1,0,0
2025-07-14 23:26:45,FIS,1,0,1,1,0,0,1,0,1,1,0,0
2025-07-14 23:26:45,FITB,1,0,1,1,0,1,1,0,1,0,0,0
2025-07-14 23:26:46,FSLR,0,0,0,0,0,0,0,1,1,1,0,0
2025-07-14 23:26:47,FE,1,0,1,0,0,1,1,0,1,0,0,0
2025-07-14 23:26:47,FI,0,0,0,0,0,0,0,1,1,1,0,0
2025-07-14 23:26:48,F,1,0,0,1,0,1,1,0,1,1,0,0
2025-07-14 23:26:49,FTNT,1,0,0,0,0,1,1,1,1,1,0,0
2025-07-14 23:26:49,FTV,0,0,0,0,0,0,0,0,1,0,0,0
2025-07-14 23:26:50,FOXA,1,0,0,0,0,1,1,0,1,1,0,0
2025-07-14 23:26:51,FOX,1,0,0,0,0,1,1,0,1,1,0,0
2025-07-14 23:26:51,BEN,0,0,0,0,0,1,0,0,1,0,0,0
2025-07-14 23:26:52,FCX,1,0,1,1,0,1,1,0,1,1,0,0
2025-07-14 23:26:53,GRMN,1,0,1,1,0,1,1,1,1,0,0,0
2025-07-14 23:26:53,IT,0,0,0,0,0,0,0,1,1,0,0,0
2025-07-14 23:26:54,GE,1,1,1,1,0,1,1,1,1,1,0,1
2025-07-14 23:26:55,GEHC,0,0,0,0,0,1,0,0,1,0,0,0
2025-07-14 23:26:55,GEV,1,0,0,0,0,1,1,1,1,1,0,0
2025-07-14 23:26:56,GEN,0,0,0,0,0,1,0,0,1,1,1,0
2025-07-14 23:26:56,GNRC,0,0,0,0,0,0,0,1,1,1,0,0
2025-07-14 23:26:57,GD,0,0,0,0,0,1,0,1,1,0,0,0
2025-07-14 23:26:58,GIS,1,0,1,0,0,0,1,0,1,1,0,0
2025-07-14 23:26:59,GM,0,0,0,0,0,1,0,0,1,1,0,0
2025-07-14 23:26:59,GPC,1,0,0,0,0,1,1,1,1,1,0,0
2025-07-14 23:27:00,GILD,1,1,1,0,0,1,1,1,1,1,0,0
2025-07-14 23:27:01,GPN,0,0,1,0,0,0,0,0,1,1,1,0
2025-07-14 23:27:01,GL,1,0,1,0,0,1,1,1,1,1,0,0
2025-07-14 23:27:02,GDDY,0,0,0,0,0,0,0,1,1,1,0,0
2025-07-14 23:27:03,GS,1,0,1,1,0,1,1,1,1,1,0,0
2025-07-14 23:27:03,HAL,0,0,0,0,0,0,0,0,1,1,0,0
2025-07-14 23:27:04,HIG,1,0,1,0,0,1,1,1,1,1,0,0
2025-07-14 23:27:05,HAS,0,0,0,0,0,1,0,0,1,1,0,0
2025-07-14 23:27:05,HCA,1,0,1,0,0,1,1,1,1,1,0,0
2025-07-14 23:27:06,DOC,1,0,1,1,0,1,1,0,1,0,0,0
2025-07-14 23:27:07,HSIC,0,0,0,0,0,1,0,0,1,1,0,0
2025-07-14 23:27:07,HSY,0,0,0,0,0,0,0,1,1,1,0,0
2025-07-14 23:27:08,HES,0,0,0,0,0,0,0,1,1,1,0,0
2025-07-14 23:27:09,HPE,0,0,0,0,0,0,0,0,1,1,0,0
2025-07-14 23:27:09,HLT,0,0,0,0,0,1,0,1,1,1,0,0
2025-07-14 23:27:10,HOLX,0,0,0,0,0,0,0,0,1,1,0,0
2025-07-14 23:27:11,HD,1,0,1,0,0,1,1,1,1,0,0,0
2025-07-14 23:27:11,HON,0,0,0,0,0,1,0,1,1,1,0,0
2025-07-14 23:27:12,HRL,1,1,1,1,0,1,1,0,1,1,0,0
2025-07-14 23:27:13,HST,1,0,1,0,0,1,1,0,1,1,0,0
2025-07-14 23:27:13,HWM,1,0,0,0,0,1,1,1,1,1,0,0
2025-07-14 23:27:14,HPQ,0,0,0,0,0,0,0,0,1,1,0,0
2025-07-14 23:27:15,HUBB,0,0,0,0,0,1,0,1,1,0,0,0
2025-07-14 23:27:15,HUM,0,0,0,0,0,0,0,1,1,1,0,0
2025-07-14 23:27:16,HBAN,1,0,1,1,0,1,1,0,1,1,0,0
2025-07-14 23:27:17,HII,0,0,0,0,0,1,0,1,1,1,0,0
2025-07-14 23:27:17,IBM,0,0,0,0,0,1,0,1,1,0,0,0
2025-07-14 23:27:18,IEX,0,0,0,0,0,0,0,1,1,0,0,0
2025-07-14 23:27:18,IDXX,0,0,0,0,0,0,0,1,1,0,0,0
2025-07-14 23:27:19,ITW,0,0,0,0,0,1,0,1,1,0,0,0
2025-07-14 23:27:20,INCY,1,1,1,0,0,1,1,1,1,1,0,0
2025-07-14 23:27:20,IR,0,0,0,0,0,0,0,0,1,1,0,0
2025-07-14 23:27:21,PODD,0,0,0,0,0,0,0,1,1,1,0,0
2025-07-14 23:27:22,INTC,0,0,0,0,0,1,0,0,1,1,0,0
2025-07-14 23:27:22,ICE,0,0,0,0,0,0,0,1,1,1,0,0
2025-07-14 23:27:23,IFF,0,0,0,0,0,0,0,0,1,0,0,0
2025-07-14 23:27:24,IP,1,0,1,1,0,1,1,0,1,0,0,0
2025-07-14 23:27:24,IPG,0,0,0,0,0,1,0,0,1,0,0,0
2025-07-14 23:27:25,INTU,0,0,0,0,0,0,0,1,1,1,0,0
2025-07-14 23:27:25,ISRG,0,0,0,0,0,0,0,1,1,1,0,0
2025-07-14 23:27:26,IVZ,1,0,1,0,0,1,1,0,1,0,0,0
2025-07-14 23:27:27,INVH,0,0,1,0,0,0,0,0,1,0,0,0
2025-07-14 23:27:27,IQV,0,0,0,0,0,0,0,1,1,1,0,0
2025-07-14 23:27:28,IRM,0,0,0,0,0,0,0,1,1,0,0,0
2025-07-14 23:27:29,JBHT,1,0,1,0,0,1,1,1,1,1,0,0
2025-07-14 23:27:29,JBL,0,0,0,0,0,0,0,1,1,0,0,0
2025-07-14 23:27:30,JKHY,0,0,0,0,0,0,0,1,1,1,0,0
2025-07-14 23:27:31,J,0,0,0,0,0,1,0,0,1,0,0,0
2025-07-14 23:27:31,JNJ,1,0,1,0,0,1,1,1,1,0,0,0
2025-07-14 23:27:32,JCI,0,0,0,0,0,1,0,0,1,0,0,0
2025-07-14 23:27:33,JPM,1,0,1,0,0,1,1,1,1,0,0,0
2025-07-14 23:27:34,K,1,0,0,0,0,1,1,0,0,0,0,0
2025-07-14 23:27:34,KVUE,0,0,0,0,0,1,0,0,1,1,1,0
2025-07-14 23:27:35,KDP,1,0,1,0,0,1,1,0,1,0,0,0
2025-07-14 23:27:36,KEY,1,0,1,0,0,1,1,0,1,0,0,0
2025-07-14 23:27:36,KEYS,0,0,0,0,0,1,0,1,1,1,0,0
2025-07-14 23:27:37,KMB,1,0,0,0,0,1,1,1,1,1,0,0
2025-07-14 23:27:38,KIM,1,0,1,0,0,1,1,0,1,1,0,0
2025-07-14 23:27:38,KMI,1,1,1,1,0,1,1,0,1,1,0,0
2025-07-14 23:27:39,KKR,0,0,0,0,0,0,0,1,1,0,0,0
2025-07-14 23:27:40,KLAC,0,0,0,0,0,1,0,1,1,1,0,0
2025-07-14 23:27:40,KHC,1,1,1,1,0,1,1,0,1,1,0,0
2025-07-14 23:27:41,KR,1,0,1,0,0,1,1,0,1,1,0,0
2025-07-14 23:27:42,LHX,1,0,0,0,0,1,1,1,1,1,0,0
2025-07-14 23:27:43,LH,0,0,0,0,0,0,0,1,1,0,0,0
2025-07-14 23:27:43,LRCX,0,0,0,0,0,0,0,1,1,1,0,0
2025-07-14 23:27:44,LW,0,0,0,0,0,1,0,0,1,1,0,0
2025-07-14 23:27:44,LVS,1,0,1,0,0,1,1,0,1,1,0,0
2025-07-14 23:27:45,LDOS,0,0,0,0,0,0,0,1,1,1,0,0
2025-07-14 23:27:46,LEN,1,1,0,0,0,1,1,1,1,1,0,0
2025-07-14 23:27:47,LII,0,0,0,0,0,0,0,1,1,0,0,0
2025-07-14 23:27:47,LLY,1,1,1,0,0,1,1,1,1,1,0,0
2025-07-14 23:27:48,LIN,1,0,1,0,0,1,1,1,1,0,0,0
2025-07-14 23:27:49,LYV,1,0,0,0,0,1,1,1,1,1,0,0
2025-07-14 23:27:49,LKQ,1,0,1,0,0,1,1,0,1,1,0,0
2025-07-14 23:27:50,LMT,1,0,1,0,0,1,1,1,1,0,0,0
2025-07-14 23:27:51,L,1,0,1,1,0,1,1,0,1,1,0,0
2025-07-14 23:27:51,LOW,1,0,0,0,0,1,1,1,1,1,0,0
2025-07-14 23:27:52,LULU,0,0,0,0,0,0,0,1,1,1,0,0
2025-07-14 23:27:53,LYB,0,0,1,0,0,0,0,0,1,1,0,0
2025-07-14 23:27:54,MTB,1,0,1,0,0,1,1,1,1,0,0,0
2025-07-14 23:27:54,MPC,0,0,0,0,0,1,0,1,1,1,0,0
2025-07-14 23:27:55,MKTX,1,0,1,0,0,1,1,1,1,1,0,0
2025-07-14 23:27:56,MAR,0,0,0,0,0,1,0,1,1,0,0,0
2025-07-14 23:27:56,MMC,0,0,1,0,0,1,0,1,1,0,0,0
2025-07-14 23:27:57,MLM,1,0,1,1,0,1,1,1,1,0,0,0
2025-07-14 23:27:58,MAS,1,0,0,0,0,1,1,0,1,1,0,0
2025-07-14 23:27:58,MA,0,0,0,0,0,0,0,1,1,1,0,0
2025-07-14 23:27:59,MTCH,0,0,0,0,0,0,0,0,1,1,0,0
2025-07-14 23:28:00,MKC,1,1,1,1,0,1,1,0,1,1,0,0
2025-07-14 23:28:00,MCD,1,0,1,0,0,1,1,1,1,1,0,0
2025-07-14 23:28:01,MCK,1,0,0,0,0,1,1,1,1,1,0,0
2025-07-14 23:28:02,MDT,1,0,1,0,0,1,1,0,1,0,0,0
2025-07-14 23:28:02,MRK,0,0,0,0,0,1,0,0,1,0,0,0
2025-07-14 23:28:03,META,0,0,0,0,0,0,0,1,1,1,0,0
2025-07-14 23:28:04,MET,1,0,1,1,0,1,1,0,1,0,0,0
2025-07-14 23:28:04,MTD,0,0,0,0,0,0,0,1,1,1,0,0
2025-07-14 23:28:05,MGM,1,0,1,1,0,1,1,0,1,1,0,0
2025-07-14 23:28:06,MCHP,0,0,0,0,0,1,0,1,1,1,0,0
2025-07-14 23:28:06,MU,0,0,0,0,0,0,0,1,1,1,0,0
2025-07-14 23:28:07,MSFT,0,0,0,0,0,1,0,1,1,0,0,0
2025-07-14 23:28:08,MAA,0,0,1,0,0,0,0,1,1,0,0,0
2025-07-14 23:28:09,MRNA,0,0,0,0,0,0,0,0,1,1,0,0
2025-07-14 23:28:09,MHK,0,0,0,0,0,1,0,1,1,0,0,0
2025-07-14 23:28:10,MOH,0,0,0,0,0,0,0,1,1,1,0,0
2025-07-14 23:28:11,TAP,1,1,1,1,0,1,1,0,1,1,0,0
2025-07-14 23:28:11,MDLZ,1,0,0,0,0,1,1,0,1,0,0,0
2025-07-14 23:28:12,MPWR,1,0,0,0,0,1,1,1,1,1,0,0
2025-07-14 23:28:13,MNST,0,0,0,0,0,1,0,0,1,1,0,0
2025-07-14 23:28:13,MCO,1,0,1,0,0,1,1,1,1,0,0,0
2025-07-14 23:28:14,MS,1,0,1,1,0,1,1,1,1,0,0,0
2025-07-14 23:28:15,MOS,1,0,1,0,0,0,1,0,1,1,0,0
2025-07-14 23:28:15,MSI,0,0,0,0,0,0,0,1,1,0,0,0
2025-07-14 23:28:16,MSCI,0,0,0,0,0,0,0,1,1,1,0,0
2025-07-14 23:28:17,NDAQ,0,0,0,0,0,1,0,0,1,0,0,0
2025-07-14 23:28:17,NTAP,0,0,0,0,0,0,0,1,1,1,0,0
2025-07-14 23:28:18,NFLX,0,0,0,0,0,0,0,1,1,1,0,0
2025-07-14 23:28:19,NEM,0,0,0,0,0,1,0,0,1,1,0,0
2025-07-14 23:28:20,NWSA,0,0,0,0,0,1,0,0,1,0,0,0
2025-07-14 23:28:20,NWS,0,0,0,0,0,1,0,0,1,1,0,0
2025-07-14 23:28:21,NEE,0,0,0,0,0,1,0,1,1,1,0,0
2025-07-14 23:28:22,NKE,1,0,1,0,0,1,1,1,1,1,0,0
2025-07-14 23:28:22,NI,1,0,1,1,0,1,1,0,1,1,0,0
2025-07-14 23:28:23,NDSN,0,0,0,0,0,0,0,1,1,0,0,0
2025-07-14 23:28:24,NSC,0,0,0,0,0,1,0,1,1,1,0,0
2025-07-14 23:28:24,NTRS,1,0,1,1,0,1,1,1,1,1,0,0
2025-07-14 23:28:25,NOC,0,0,0,0,0,1,0,1,1,1,0,0
2025-07-14 23:28:26,NCLH,1,0,1,0,0,1,1,0,1,1,0,0
2025-07-14 23:28:26,NRG,1,0,1,0,0,1,1,1,1,1,0,0
2025-07-14 23:28:27,NUE,0,0,0,0,0,0,0,1,1,1,0,0
2025-07-14 23:28:28,NVDA,0,0,0,0,0,0,0,1,1,1,0,0
2025-07-14 23:28:28,NVR,1,0,1,0,0,1,1,1,1,1,0,0
2025-07-14 23:28:29,NXPI,1,0,0,0,0,1,1,1,1,1,0,0
2025-07-14 23:28:29,ORLY,0,0,0,0,0,1,0,0,1,1,0,0
2025-07-14 23:28:30,OXY,0,0,0,0,0,1,0,0,1,1,0,0
2025-07-14 23:28:30,ODFL,0,0,0,0,0,0,0,1,1,1,0,0
2025-07-14 23:28:31,OMC,0,0,0,0,0,1,0,0,1,0,0,0
2025-07-14 23:28:32,ON,0,0,0,0,0,1,0,0,1,1,0,0
2025-07-14 23:28:32,OKE,1,0,1,0,0,1,1,0,1,0,0,0
2025-07-14 23:28:33,ORCL,0,0,1,0,0,1,0,1,1,1,0,0
2025-07-14 23:28:34,OTIS,1,0,1,0,0,1,1,0,1,0,0,0
2025-07-14 23:28:34,PCAR,0,0,0,0,0,0,0,1,1,1,0,0
2025-07-14 23:28:35,PKG,0,0,0,0,0,0,0,1,1,0,0,0
2025-07-14 23:28:35,PLTR,1,0,1,0,0,1,1,1,1,1,0,0
2025-07-14 23:28:36,PANW,0,0,0,0,0,1,0,1,1,1,0,0
2025-07-14 23:28:37,PARA,1,0,0,0,0,1,1,0,1,1,0,0
2025-07-14 23:28:37,PH,0,0,0,0,0,1,0,1,1,0,0,0
2025-07-14 23:28:38,PAYX,1,0,1,0,0,1,1,1,1,0,0,0
2025-07-14 23:28:39,PAYC,0,0,0,0,0,1,0,1,1,1,0,0
2025-07-14 23:28:39,PYPL,1,0,1,0,0,1,1,0,1,1,0,0
2025-07-14 23:28:40,PNR,1,0,0,0,0,1,1,0,1,0,0,0
2025-07-14 23:28:40,PEP,0,0,0,0,0,1,0,1,1,1,0,0
2025-07-14 23:28:41,PFE,0,0,0,0,0,0,0,0,1,0,0,0
2025-07-14 23:28:42,PCG,1,0,0,0,0,1,1,0,1,1,0,0
2025-07-14 23:28:42,PM,1,0,1,0,0,1,1,1,1,0,0,0
2025-07-14 23:28:43,PSX,0,0,0,0,0,0,0,1,1,1,0,0
2025-07-14 23:28:43,PNW,1,0,0,0,0,0,1,0,1,1,0,0
2025-07-14 23:28:44,PNC,1,1,1,1,0,1,1,1,1,0,0,0
2025-07-14 23:28:45,POOL,0,0,0,0,0,0,0,1,1,1,0,0
2025-07-14 23:28:45,PPG,1,0,1,1,0,1,1,1,1,0,0,0
2025-07-14 23:28:46,PPL,1,0,0,0,0,1,1,0,1,1,0,0
2025-07-14 23:28:46,PFG,1,0,0,0,0,1,1,0,1,1,0,0
2025-07-14 23:28:47,PG,0,0,0,0,0,0,0,1,1,1,0,0
2025-07-14 23:28:48,PGR,1,1,1,1,0,1,1,1,1,1,0,1
2025-07-14 23:28:48,PLD,1,1,1,1,0,1,1,1,1,0,0,0
2025-07-14 23:28:49,PRU,1,0,1,1,0,1,1,0,1,0,0,0
2025-07-14 23:28:50,PEG,1,0,1,0,0,1,1,0,1,1,0,0
2025-07-14 23:28:50,PTC,1,0,1,1,0,1,1,1,1,1,0,0
2025-07-14 23:28:51,PSA,1,0,1,0,0,1,1,1,1,0,0,0
2025-07-14 23:28:51,PHM,1,0,0,0,0,1,1,1,1,1,0,0
2025-07-14 23:28:52,PWR,0,0,0,0,0,1,0,1,1,1,0,0
2025-07-14 23:28:52,QCOM,0,0,0,0,0,1,0,1,1,1,0,0
2025-07-14 23:28:53,DGX,1,0,1,0,0,1,1,1,1,0,0,0
2025-07-14 23:28:54,RL,0,0,0,0,0,1,0,1,1,0,0,0
2025-07-14 23:28:54,RJF,1,0,1,0,0,1,1,1,1,0,0,0
2025-07-14 23:28:55,RTX,1,0,1,0,0,1,1,1,1,1,0,0
2025-07-14 23:28:56,O,0,0,0,0,0,1,0,0,1,1,0,0
2025-07-14 23:28:56,REG,1,0,1,1,0,1,1,0,1,0,0,0
2025-07-14 23:28:57,REGN,0,0,0,0,0,1,0,1,1,1,0,0
2025-07-14 23:28:57,RF,1,1,1,1,0,1,1,0,1,0,0,0
2025-07-14 23:28:58,RSG,1,0,0,0,0,1,1,1,1,1,0,0
2025-07-14 23:28:59,RMD,0,0,0,0,0,0,0,1,1,0,0,0
2025-07-14 23:28:59,RVTY,0,0,0,0,0,0,0,1,1,1,0,0
2025-07-14 23:29:00,ROK,0,0,0,0,0,1,0,1,1,0,0,0
2025-07-14 23:29:00,ROL,1,0,0,0,0,1,1,0,1,1,0,0
2025-07-14 23:29:01,ROP,1,0,1,1,0,1,1,1,1,0,0,0
2025-07-14 23:29:02,ROST,1,1,1,0,0,1,1,1,1,0,0,0
2025-07-14 23:29:02,RCL,1,0,1,0,0,1,1,1,1,1,0,0
2025-07-14 23:29:03,SPGI,0,0,0,0,0,1,0,1,1,0,0,0
2025-07-14 23:29:03,CRM,0,0,0,0,0,0,0,1,1,1,0,0
2025-07-14 23:29:04,SBAC,0,0,0,0,0,1,0,1,1,1,0,0
2025-07-14 23:29:04,SLB,0,0,0,0,0,0,0,0,1,1,0,0
2025-07-14 23:29:05,STX,0,0,0,0,0,1,0,1,1,1,0,0
2025-07-14 23:29:06,SRE,1,0,0,0,0,1,1,0,1,1,0,0
2025-07-14 23:29:06,NOW,1,0,0,0,0,1,1,1,1,1,0,0
2025-07-14 23:29:07,SHW,0,0,0,0,0,0,0,1,1,0,0,0
2025-07-14 23:29:07,SPG,1,0,1,0,0,1,1,1,1,0,0,0
2025-07-14 23:29:08,SWKS,1,0,0,0,0,1,1,0,1,1,0,0
2025-07-14 23:29:08,SJM,1,1,1,1,0,1,1,1,1,0,0,0
2025-07-14 23:29:09,SW,0,0,0,0,0,0,0,0,1,0,0,0
2025-07-14 23:29:10,SNA,0,0,0,0,0,1,0,1,1,1,0,0
2025-07-14 23:29:10,SOLV,0,0,0,0,0,1,0,0,1,0,0,0
2025-07-14 23:29:11,SO,0,0,0,0,0,1,0,0,1,0,0,0
2025-07-14 23:29:11,LUV,1,0,1,1,0,1,1,0,1,1,0,0
2025-07-14 23:29:12,SWK,0,0,0,0,0,0,0,1,1,1,0,0
2025-07-14 23:29:13,SBUX,1,0,0,0,0,1,1,1,1,1,0,0
2025-07-14 23:29:13,STT,1,0,1,1,0,1,1,0,1,0,0,0
2025-07-14 23:29:14,STLD,0,0,0,0,0,0,0,1,1,0,0,0
2025-07-14 23:29:14,STE,0,0,0,0,0,0,0,1,1,0,0,0
2025-07-14 23:29:15,SYK,0,0,0,0,0,1,0,1,1,1,0,0
2025-07-14 23:29:16,SMCI,0,0,0,0,0,0,0,1,1,1,0,0
2025-07-14 23:29:16,SYF,1,0,1,0,0,1,1,0,1,0,0,0
2025-07-14 23:29:17,SNPS,1,0,1,0,0,0,1,1,1,1,1,0
2025-07-14 23:29:17,SYY,1,1,1,1,0,1,1,0,1,0,0,0
2025-07-14 23:29:18,TMUS,0,0,0,0,0,0,0,1,1,0,0,0
2025-07-14 23:29:19,TROW,0,0,0,0,0,1,0,0,1,1,0,0
2025-07-14 23:29:19,TTWO,1,0,0,0,0,1,1,1,1,1,0,0
2025-07-14 23:29:20,TPR,1,1,1,0,0,1,1,1,1,1,0,0
2025-07-14 23:29:20,TRGP,1,0,0,0,0,1,1,1,1,1,0,0
2025-07-14 23:29:21,TGT,1,0,1,1,0,1,1,1,1,1,0,0
2025-07-14 23:29:21,TEL,0,0,0,0,0,0,0,1,1,0,0,0
2025-07-14 23:29:22,TDY,1,0,0,1,0,1,1,1,1,1,0,0
2025-07-14 23:29:23,TER,0,0,0,0,0,1,0,1,1,1,0,0
2025-07-14 23:29:23,TSLA,1,0,1,0,0,1,1,1,1,1,1,0
2025-07-14 23:29:24,TXN,1,0,1,0,0,1,1,1,1,0,0,0
2025-07-14 23:29:24,TPL,1,0,1,0,0,1,1,1,1,1,0,0
2025-07-14 23:29:25,TXT,1,0,1,1,0,1,1,0,1,1,0,0
2025-07-14 23:29:25,TMO,0,0,0,0,0,0,0,1,1,1,0,0
2025-07-14 23:29:26,TJX,1,1,1,0,0,1,1,0,1,0,0,0
2025-07-14 23:29:27,TKO,0,0,0,0,0,0,0,1,1,1,0,0
2025-07-14 23:29:27,TSCO,1,1,1,1,0,1,1,0,1,1,0,0
2025-07-14 23:29:28,TT,0,0,0,0,0,1,0,1,1,1,0,0
2025-07-14 23:29:28,TDG,1,0,0,0,0,1,1,1,1,1,0,0
2025-07-14 23:29:29,TRV,1,1,1,1,0,1,1,1,1,0,0,0
2025-07-14 23:29:30,TRMB,1,0,0,0,0,1,1,0,1,0,0,0
2025-07-14 23:29:31,TFC,1,0,1,1,0,1,1,0,1,0,0,0
2025-07-14 23:29:31,TYL,1,0,0,0,0,1,1,1,1,1,0,0
2025-07-14 23:29:32,TSN,1,0,1,1,0,1,1,0,1,0,0,0
2025-07-14 23:29:33,USB,1,0,1,0,0,1,1,0,1,0,0,0
2025-07-14 23:29:33,UBER,0,0,0,0,0,0,0,1,1,1,0,0
2025-07-14 23:29:34,UDR,0,0,0,0,0,0,0,0,1,0,0,0
2025-07-14 23:29:34,ULTA,1,0,0,0,0,1,1,1,1,1,0,0
2025-07-14 23:29:35,UNP,0,0,0,0,0,0,0,1,1,0,0,0
2025-07-14 23:29:36,UAL,1,0,1,1,0,1,1,1,1,1,0,0
2025-07-14 23:29:36,UPS,0,0,0,0,0,0,0,1,1,1,0,0
2025-07-14 23:29:37,URI,1,0,1,0,0,1,1,1,1,1,0,0
2025-07-14 23:29:38,UNH,1,0,0,0,0,1,1,1,1,1,0,0
2025-07-14 23:29:38,UHS,0,0,0,0,0,1,0,1,1,1,0,0
2025-07-14 23:29:39,VLO,0,0,0,0,0,0,0,1,1,1,0,0
2025-07-14 23:29:40,VTR,1,0,1,1,0,1,1,0,1,0,0,0
2025-07-14 23:29:40,VLTO,1,0,0,0,0,1,1,0,1,0,0,0
2025-07-14 23:29:41,VRSN,0,0,0,0,0,0,0,1,1,0,0,0
2025-07-14 23:29:42,VRSK,0,0,0,0,0,1,0,1,1,1,0,0
2025-07-14 23:29:43,VZ,0,0,0,0,0,0,0,0,1,0,0,0
2025-07-14 23:29:43,VRTX,0,0,0,0,0,0,0,1,1,1,0,0
2025-07-14 23:29:44,VTRS,1,1,1,1,0,1,1,0,1,0,0,0
2025-07-14 23:29:45,VICI,1,0,1,0,0,1,1,0,1,0,0,0
2025-07-14 23:29:45,V,0,0,0,0,0,1,0,1,1,1,0,0
2025-07-14 23:29:46,VST,0,0,0,0,0,1,0,1,1,1,0,0
2025-07-14 23:29:47,VMC,1,0,1,1,0,1,1,1,1,0,0,0
2025-07-14 23:29:48,WRB,1,0,1,1,0,1,1,0,1,1,0,0
2025-07-14 23:29:48,GWW,1,0,0,0,0,1,1,1,1,1,0,0
2025-07-14 23:29:49,WAB,1,0,0,0,0,1,1,1,1,0,0,0
2025-07-14 23:29:50,WBA,1,0,1,0,0,1,1,0,0,0,0,0
2025-07-14 23:29:50,WMT,1,1,1,0,0,1,1,0,1,1,0,0
2025-07-14 23:29:51,DIS,0,0,0,0,0,0,0,0,1,0,0,0
2025-07-14 23:29:52,WBD,0,0,0,0,0,1,0,0,1,1,0,0
2025-07-14 23:29:52,WM,1,0,0,0,0,1,1,1,1,1,0,0
2025-07-14 23:29:53,WAT,0,0,0,0,0,0,0,1,1,1,0,0
2025-07-14 23:29:54,WEC,1,0,1,1,0,1,1,0,1,1,0,0
2025-07-14 23:29:54,WFC,1,0,1,0,0,1,1,0,1,1,0,0
2025-07-14 23:29:55,WELL,1,0,1,1,0,1,1,1,1,1,0,0
2025-07-14 23:29:56,WST,0,0,0,0,0,0,0,1,1,1,0,0
2025-07-14 23:29:56,WDC,0,0,0,0,0,1,0,0,1,1,0,0
2025-07-14 23:29:57,WY,0,0,0,0,0,0,0,0,1,1,0,0
2025-07-14 23:29:58,WSM,0,0,0,0,0,0,0,1,1,1,0,0
2025-07-14 23:29:59,WMB,1,0,1,0,0,1,1,0,1,1,0,0
2025-07-14 23:29:59,WTW,1,0,1,0,0,1,1,1,1,0,0,0
2025-07-14 23:30:00,WDAY,0,0,0,0,0,0,0,1,1,1,0,0
2025-07-14 23:30:01,WYNN,1,1,1,1,0,1,1,1,1,1,0,1
2025-07-14 23:30:01,XEL,1,0,1,0,0,1,1,0,1,0,0,0
2025-07-14 23:30:02,XYL,0,0,0,0,0,1,0,0,1,0,0,0
2025-07-14 23:30:03,YUM,0,0,0,0,0,0,0,1,1,1,0,0
2025-07-14 23:30:03,ZBRA,0,0,0,0,0,1,0,1,1,1,0,0
2025-07-14 23:30:04,ZBH,1,0,1,0,0,1,1,0,1,1,0,0
2025-07-14 23:30:05,ZTS,0,0,0,0,0,0,0,1,1,0,0,0
2025-07-14 23:30:05,MMM,1,0,1,1,0,1,1,1,1,1,0,0
2025-07-14 23:30:06,AOS,0,0,0,0,0,1,0,0,1,0,0,0
2025-07-14 23:30:07,ABT,0,0,0,0,0,0,0,1,1,0,0,0
2025-07-14 23:30:07,ABBV,1,0,1,0,0,1,1,1,1,0,0,0
2025-07-14 23:30:08,ACN,0,0,0,0,0,1,0,1,1,0,0,0
2025-07-14 23:30:09,ADBE,1,0,0,0,0,1,1,1,1,1,0,0
2025-07-14 23:30:09,AMD,0,0,0,0,0,1,0,1,1,1,0,0
2025-07-14 23:30:10,AES,1,0,1,1,0,1,1,0,1,1,0,0
2025-07-14 23:30:11,AFL,1,0,1,1,0,1,1,0,1,1,0,0
2025-07-14 23:30:11,A,0,0,0,0,0,0,0,1,1,1,0,0
2025-07-14 23:30:12,APD,0,0,0,0,0,0,0,1,1,0,0,0
2025-07-14 23:30:13,ABNB,0,0,0,0,0,1,0,1,1,1,0,0
2025-07-14 23:30:13,AKAM,0,0,0,0,0,0,0,0,1,1,0,0
2025-07-14 23:30:14,ALB,1,0,1,0,0,1,1,1,1,1,0,0
2025-07-14 23:30:15,ARE,0,0,0,0,0,0,0,1,1,1,0,0
2025-07-14 23:30:15,ALGN,0,0,0,0,0,0,0,1,1,1,0,0
2025-07-14 23:30:16,ALLE,0,0,0,0,0,0,0,1,1,0,0,0
2025-07-14 23:30:16,LNT,1,0,1,0,0,1,1,0,1,0,0,0
2025-07-14 23:30:17,ALL,1,0,1,1,0,1,1,1,1,1,0,0
2025-07-14 23:30:18,GOOGL,0,0,0,0,0,1,0,1,1,1,0,0
2025-07-14 23:30:18,GOOG,1,0,1,0,0,1,1,1,1,1,0,0
2025-07-14 23:30:19,MO,1,0,0,1,0,1,1,0,1,0,0,0
2025-07-14 23:30:20,AMZN,1,0,1,1,0,1,1,1,1,0,0,0
2025-07-14 23:30:21,AMCR,0,0,1,0,0,1,0,0,1,0,0,0
2025-07-14 23:30:21,AEE,1,1,1,1,0,1,1,0,1,1,0,0
2025-07-14 23:30:22,AEP,1,0,1,0,0,0,1,0,1,1,0,0
2025-07-14 23:30:23,AXP,1,0,1,0,0,1,1,1,1,0,0,0
2025-07-14 23:30:23,AIG,1,1,1,0,0,1,1,0,1,1,0,0
2025-07-14 23:30:24,AMT,0,0,0,0,0,1,0,1,1,1,0,0
2025-07-14 23:30:25,AWK,0,0,0,0,0,1,0,1,1,0,0,0
2025-07-14 23:30:25,AMP,0,0,0,0,0,1,0,1,1,0,0,0
2025-07-14 23:30:26,AME,0,0,0,0,0,0,0,1,1,0,0,0
2025-07-14 23:30:27,AMGN,1,1,1,1,0,1,1,1,1,0,0,0
2025-07-14 23:30:28,APH,0,0,0,0,0,1,0,0,1,1,0,0
2025-07-14 23:30:28,ADI,0,0,0,0,0,1,0,1,1,0,0,0
2025-07-14 23:30:29,ANSS,1,0,1,0,0,0,1,1,1,1,1,0
2025-07-14 23:30:29,AON,1,0,1,1,0,1,1,1,1,1,0,0
2025-07-14 23:30:30,APA,1,0,0,0,0,1,1,0,1,1,0,0
2025-07-14 23:30:30,APO,0,0,0,0,0,1,0,1,1,1,0,0
2025-07-14 23:30:31,AAPL,0,0,0,0,0,0,0,1,1,1,0,0
2025-07-14 23:30:32,AMAT,0,0,0,0,0,1,0,1,1,1,0,0
2025-07-14 23:30:32,APTV,0,0,0,0,0,0,0,0,1,1,0,0
2025-07-14 23:30:33,ACGL,0,0,0,0,0,1,0,0,1,1,0,0
2025-07-14 23:30:33,ADM,1,0,1,1,0,1,1,0,1,1,0,0
2025-07-14 23:30:34,ANET,1,0,1,0,0,1,1,1,1,1,0,0
2025-07-14 23:30:35,AJG,1,0,1,1,0,1,1,1,1,0,0,0
2025-07-14 23:30:35,AIZ,1,1,1,1,0,1,1,1,1,1,0,1
2025-07-14 23:30:36,T,0,0,0,0,0,0,0,0,1,1,0,0
2025-07-14 23:30:37,ATO,0,0,0,0,0,0,0,1,1,1,0,0
2025-07-14 23:30:37,ADSK,0,0,0,0,0,1,0,1,1,1,1,0
2025-07-14 23:30:38,ADP,0,0,0,0,0,1,0,1,1,0,0,0
2025-07-14 23:30:38,AZO,1,0,0,0,0,1,1,1,1,1,0,0
2025-07-14 23:30:39,AVB,1,0,1,0,0,0,1,1,1,0,0,0
2025-07-14 23:30:39,AVY,1,0,1,0,0,0,1,1,1,0,0,0
2025-07-14 23:30:40,AXON,0,0,0,0,0,1,0,1,1,1,0,0
2025-07-14 23:30:41,BKR,0,0,0,0,0,0,0,0,1,1,0,0
2025-07-14 23:30:41,BALL,1,0,1,1,0,1,1,0,1,0,0,0
2025-07-14 23:30:42,BAC,1,0,1,1,0,1,1,0,1,0,0,0
2025-07-14 23:30:42,BAX,0,0,0,0,0,0,0,0,1,1,0,0
2025-07-14 23:30:43,BDX,1,0,0,0,0,1,1,1,1,1,0,0
2025-07-14 23:30:44,BRK-B,0,0,0,0,0,0,0,1,0,0,0,0
2025-07-14 23:30:44,BBY,1,1,1,0,0,1,1,1,1,1,0,0
2025-07-14 23:30:45,TECH,0,0,0,0,0,0,0,1,1,1,0,0
2025-07-14 23:30:45,BIIB,0,0,0,0,0,0,0,1,1,0,0,0
2025-07-14 23:30:46,BLK,1,1,1,1,0,1,1,1,1,0,0,0
2025-07-14 23:30:46,BX,1,0,1,0,0,1,1,1,1,1,0,0
2025-07-14 23:30:47,BK,1,1,1,1,0,1,1,0,1,1,0,0
2025-07-14 23:30:48,BA,1,0,1,0,0,1,1,1,1,1,1,0
2025-07-14 23:30:48,BKNG,1,0,0,1,0,1,1,1,1,0,0,0
2025-07-14 23:30:49,BSX,0,0,0,0,0,0,0,0,1,1,0,0
2025-07-14 23:30:49,BMY,0,0,0,0,0,0,0,0,1,1,0,0
2025-07-14 23:30:50,AVGO,0,0,0,0,0,1,0,1,1,1,0,0
2025-07-14 23:30:51,BR,0,0,0,0,0,1,0,1,1,1,0,0
2025-07-14 23:30:51,BRO,1,0,0,0,0,1,1,0,1,1,0,0
2025-07-14 23:30:52,BF-B,0,0,0,0,0,0,0,0,0,1,0,0
2025-07-14 23:30:52,BLDR,0,0,0,0,0,1,0,1,1,1,0,0
2025-07-14 23:30:53,BG,1,0,1,0,0,1,1,1,1,1,0,0
2025-07-14 23:30:53,BXP,1,0,1,0,0,1,1,0,1,0,0,0
2025-07-14 23:30:54,CHRW,0,0,0,0,0,0,0,1,1,1,0,0
2025-07-14 23:30:55,CDNS,1,0,1,0,0,1,1,1,1,1,0,0
2025-07-14 23:30:55,CZR,1,1,1,0,0,1,1,0,1,1,0,0
2025-07-14 23:30:56,CPT,1,0,1,0,0,0,1,1,1,0,0,0
2025-07-14 23:30:56,CPB,1,0,0,0,0,0,1,0,1,1,0,0
2025-07-14 23:30:57,COF,1,1,1,1,0,1,1,1,1,0,0,0
2025-07-14 23:30:57,CAH,1,0,1,0,0,1,1,1,1,0,0,0
2025-07-14 23:30:58,KMX,1,0,1,0,0,0,1,1,1,1,0,0
2025-07-14 23:30:58,CCL,1,0,1,0,0,1,1,0,1,1,0,0
2025-07-14 23:30:59,CARR,1,0,0,0,0,1,1,0,1,0,0,0
2025-07-14 23:30:59,CAT,1,0,1,0,0,1,1,1,1,0,0,0
2025-07-14 23:31:00,CBOE,0,0,0,0,0,0,0,1,1,1,0,0
2025-07-14 23:31:01,CBRE,0,0,0,0,0,0,0,1,1,0,0,0
2025-07-14 23:31:01,CDW,0,0,0,0,0,0,0,1,1,1,0,0
2025-07-14 23:31:02,COR,1,1,1,0,0,1,1,1,1,0,0,0
2025-07-14 23:31:02,CNC,0,0,0,0,0,0,0,1,1,1,0,0
2025-07-14 23:31:03,CNP,1,0,1,0,0,1,1,0,1,0,0,0
2025-07-14 23:31:03,CF,0,0,0,0,0,0,0,1,1,1,0,0
2025-07-14 23:31:04,CRL,0,0,0,0,0,0,0,1,1,1,0,0
2025-07-14 23:31:04,SCHW,0,0,0,0,0,1,0,0,1,1,0,0
2025-07-14 23:31:05,CHTR,1,0,0,0,0,1,1,1,1,1,0,0
2025-07-14 23:31:05,CVX,0,0,0,0,0,0,0,1,1,1,0,0
2025-07-14 23:31:06,CMG,1,0,1,0,0,1,1,0,1,1,0,0
2025-07-14 23:31:06,CB,1,0,1,0,0,1,1,1,1,0,0,0
2025-07-14 23:31:07,CHD,0,0,0,0,0,1,0,0,1,0,0,0
2025-07-14 23:31:08,CI,1,0,1,0,0,1,1,1,1,0,0,0
2025-07-14 23:31:08,CINF,1,0,0,0,0,1,1,1,1,1,0,0
2025-07-14 23:31:09,CTAS,1,0,0,0,0,1,1,1,1,0,0,0
2025-07-14 23:31:09,CSCO,1,0,0,0,0,1,1,0,1,0,0,0
2025-07-14 23:31:10,C,1,0,1,1,0,1,1,0,1,1,0,0
2025-07-14 23:31:10,CFG,1,0,1,1,0,1,1,0,1,0,0,0
2025-07-14 23:31:11,CLX,1,1,1,1,0,1,1,1,1,1,0,1
2025-07-14 23:31:12,CME,0,0,0,0,0,0,0,1,1,0,0,0
2025-07-14 23:31:12,CMS,1,0,1,1,0,1,1,0,1,0,0,0
2025-07-14 23:31:13,KO,1,0,1,0,0,0,1,0,1,0,0,0
2025-07-14 23:31:13,CTSH,0,0,0,0,0,1,0,0,1,0,0,0
2025-07-14 23:31:14,COIN,0,0,0,0,0,1,0,1,1,1,1,0
2025-07-14 23:31:15,CL,0,0,0,0,0,1,0,0,1,1,0,0
2025-07-14 23:31:15,CMCSA,1,0,0,0,0,1,1,0,1,1,0,0
2025-07-14 23:31:16,CAG,0,0,0,0,0,0,0,0,1,1,0,0
2025-07-14 23:31:16,COP,0,0,0,0,0,0,0,1,1,1,0,0
2025-07-14 23:31:17,ED,1,0,0,0,0,0,1,0,1,1,0,0
2025-07-14 23:31:17,STZ,0,0,0,0,0,0,0,1,1,1,0,0
2025-07-14 23:31:18,CEG,1,1,0,1,0,1,1,1,1,1,0,0
2025-07-14 23:31:18,COO,0,0,0,0,0,0,0,0,1,1,0,0
2025-07-14 23:31:19,CPRT,0,0,0,0,0,0,0,0,1,1,0,0
2025-07-14 23:31:20,GLW,1,0,0,0,0,1,1,0,1,1,0,0
2025-07-14 23:31:20,CPAY,0,0,0,0,0,0,0,1,1,1,0,0
2025-07-14 23:31:21,CTVA,0,0,1,0,0,0,0,0,1,1,0,0
2025-07-14 23:31:21,CSGP,0,0,0,0,0,0,0,0,1,1,0,0
2025-07-14 23:31:22,COST,1,1,1,1,0,1,1,1,1,0,0,0
2025-07-14 23:31:22,CTRA,0,0,0,0,0,0,0,0,1,1,0,0
2025-07-14 23:31:23,CRWD,1,0,0,0,0,1,1,1,1,1,0,0
2025-07-14 23:31:23,CCI,1,0,0,0,0,1,1,1,1,1,0,0
2025-07-14 23:31:24,CSX,0,0,0,0,0,1,0,0,1,1,0,0
2025-07-14 23:31:25,CMI,0,0,0,0,0,1,0,1,1,1,0,0
2025-07-14 23:31:25,CVS,0,0,0,0,0,0,0,0,1,0,0,0
2025-07-14 23:31:26,DHR,0,0,0,0,0,0,0,1,1,1,0,0
2025-07-14 23:31:26,DRI,0,0,0,0,0,0,0,1,1,0,0,0
2025-07-14 23:31:27,DDOG,0,0,0,0,0,0,0,1,1,1,0,0
2025-07-14 23:31:27,DVA,0,0,0,0,0,0,0,1,1,1,0,0
2025-07-14 23:31:28,DAY,0,0,0,0,0,0,0,0,1,1,0,0
2025-07-14 23:31:28,DECK,0,0,0,0,0,0,0,1,1,1,0,0
2025-07-14 23:31:29,DE,1,0,1,0,0,1,1,1,1,1,0,0
2025-07-14 23:31:30,DELL,0,0,0,0,0,1,0,1,1,1,0,0
2025-07-14 23:31:30,DAL,1,0,0,0,0,1,1,1,1,1,0,0
2025-07-14 23:31:31,DVN,0,0,0,0,0,0,0,0,1,1,0,0
2025-07-14 23:31:32,DXCM,1,0,1,0,0,1,1,1,1,1,0,0
2025-07-14 23:31:32,FANG,1,0,0,0,0,1,1,1,1,1,0,0
2025-07-14 23:31:33,DLR,0,0,0,0,0,1,0,1,1,1,0,0
2025-07-14 23:31:34,DG,1,0,0,0,0,1,1,1,1,1,0,0
2025-07-14 23:31:34,DLTR,1,1,1,1,0,1,1,1,1,1,0,1
2025-07-14 23:31:35,D,1,0,0,0,0,1,1,0,1,1,0,0
2025-07-14 23:31:36,DPZ,1,0,1,1,0,1,1,1,1,1,0,0
2025-07-14 23:31:36,DASH,1,0,0,0,0,1,1,1,1,1,0,0
2025-07-14 23:31:37,DOV,0,0,0,0,0,1,0,1,1,1,0,0
2025-07-14 23:31:38,DOW,0,0,1,0,0,0,0,0,1,1,0,0
2025-07-14 23:31:38,DHI,1,1,1,0,0,1,1,1,1,1,0,0
2025-07-14 23:31:39,DTE,1,0,1,0,0,0,1,1,1,1,0,0
2025-07-14 23:31:40,DUK,1,0,1,1,0,1,1,0,1,1,0,0
2025-07-14 23:31:41,DD,1,0,1,0,0,1,1,0,1,1,0,0
2025-07-14 23:31:41,EMN,0,0,0,0,0,0,0,1,1,1,0,0
2025-07-14 23:31:42,ETN,1,0,1,0,0,1,1,1,1,0,0,0
2025-07-14 23:31:43,EBAY,1,0,1,0,0,0,1,0,1,0,0,0
2025-07-14 23:31:43,ECL,1,0,1,0,0,1,1,1,1,0,0,0
2025-07-14 23:31:44,EIX,1,0,1,0,0,1,1,0,1,1,0,0
2025-07-14 23:31:45,EW,0,0,1,0,0,0,0,0,1,0,0,0
2025-07-14 23:31:45,EA,0,0,0,0,0,0,0,1,1,1,0,0
2025-07-14 23:31:46,ELV,1,0,0,0,0,1,1,1,1,1,0,0
2025-07-14 23:31:47,EMR,0,0,0,0,0,1,0,1,1,0,0,0
2025-07-14 23:31:48,ENPH,1,0,1,0,0,0,1,1,1,1,0,0
2025-07-14 23:31:48,ETR,1,1,1,1,0,1,1,0,1,1,0,0
2025-07-14 23:31:49,EOG,1,0,0,0,0,1,1,1,1,1,0,0
2025-07-14 23:31:50,EPAM,0,0,0,0,0,1,0,1,1,1,0,0
2025-07-14 23:31:50,EQT,1,0,1,1,0,1,1,0,1,1,0,0
2025-07-14 23:31:51,EFX,0,0,0,0,0,1,0,1,1,1,0,0
2025-07-14 23:31:52,EQIX,1,0,0,0,0,1,1,1,1,0,0,0
2025-07-14 23:31:52,EQR,1,0,1,1,0,1,1,0,1,0,0,0
2025-07-14 23:31:53,ERIE,1,0,1,0,0,1,1,1,1,1,0,0
2025-07-14 23:31:54,ESS,0,0,0,0,0,0,0,1,1,1,0,0
2025-07-14 23:31:54,EL,0,0,0,0,0,0,0,1,1,1,0,0
2025-07-14 23:31:55,EG,0,0,0,0,0,1,0,1,1,1,0,0
2025-07-14 23:31:56,EVRG,1,1,1,1,0,0,1,0,1,1,0,0
2025-07-14 23:31:57,ES,1,0,1,0,0,0,1,0,1,1,0,0
2025-07-14 23:31:57,EXC,1,0,1,1,0,1,1,0,1,1,0,0
2025-07-14 23:31:58,EXE,1,0,0,0,0,1,1,1,1,1,0,0
2025-07-14 23:31:59,EXPE,1,0,1,0,0,1,1,1,1,0,0,0
2025-07-14 23:31:59,EXPD,0,0,0,0,0,1,0,1,1,0,0,0
2025-07-14 23:32:00,EXR,0,0,1,0,0,1,0,1,1,0,0,0
2025-07-14 23:32:01,XOM,0,0,0,0,0,1,0,1,1,1,0,0
2025-07-14 23:32:01,FFIV,0,0,0,0,0,1,0,1,1,1,0,0
2025-07-14 23:32:02,FDS,0,0,1,0,0,0,0,1,1,1,0,0
2025-07-14 23:32:03,FICO,0,0,0,0,0,1,0,1,1,1,0,0
2025-07-14 23:32:03,FAST,0,0,0,0,0,1,0,0,1,1,1,0
2025-07-14 23:32:04,FRT,1,0,1,0,0,1,1,0,1,0,0,0
2025-07-14 23:32:05,FDX,0,0,0,0,0,1,0,1,1,1,0,0
2025-07-14 23:32:05,FIS,1,0,1,1,0,0,1,0,1,1,0,0
2025-07-14 23:32:06,FITB,1,0,1,1,0,1,1,0,1,0,0,0
2025-07-14 23:32:07,FSLR,0,0,0,0,0,0,0,1,1,1,0,0
2025-07-14 23:32:07,FE,1,0,1,0,0,1,1,0,1,0,0,0
2025-07-14 23:32:08,FI,0,0,0,0,0,0,0,1,1,1,0,0
2025-07-14 23:32:09,F,1,0,0,1,0,1,1,0,1,1,0,0
2025-07-14 23:32:09,FTNT,1,0,0,0,0,1,1,1,1,1,0,0
2025-07-14 23:32:10,FTV,0,0,0,0,0,0,0,0,1,0,0,0
2025-07-14 23:32:11,FOXA,1,0,0,0,0,1,1,0,1,1,0,0
2025-07-14 23:32:11,FOX,1,0,0,0,0,1,1,0,1,1,0,0
2025-07-14 23:32:12,BEN,0,0,0,0,0,1,0,0,1,0,0,0
2025-07-14 23:32:13,FCX,1,0,1,1,0,1,1,0,1,1,0,0
2025-07-14 23:32:14,GRMN,1,0,1,1,0,1,1,1,1,0,0,0
2025-07-14 23:32:14,IT,0,0,0,0,0,0,0,1,1,0,0,0
2025-07-14 23:32:15,GE,1,1,1,1,0,1,1,1,1,1,0,1
2025-07-14 23:32:16,GEHC,0,0,0,0,0,1,0,0,1,0,0,0
2025-07-14 23:32:16,GEV,1,0,0,0,0,1,1,1,1,1,0,0
2025-07-14 23:32:17,GEN,0,0,0,0,0,1,0,0,1,1,1,0
2025-07-14 23:32:18,GNRC,0,0,0,0,0,0,0,1,1,1,0,0
2025-07-14 23:32:18,GD,0,0,0,0,0,1,0,1,1,0,0,0
2025-07-14 23:32:19,GIS,1,0,1,0,0,0,1,0,1,1,0,0
2025-07-14 23:32:20,GM,0,0,0,0,0,1,0,0,1,1,0,0
2025-07-14 23:32:20,GPC,1,0,0,0,0,1,1,1,1,1,0,0
2025-07-14 23:32:21,GILD,1,1,1,0,0,1,1,1,1,1,0,0
2025-07-14 23:32:22,GPN,0,0,1,0,0,0,0,0,1,1,1,0
2025-07-14 23:32:23,GL,1,0,1,0,0,1,1,1,1,1,0,0
2025-07-14 23:32:23,GDDY,0,0,0,0,0,0,0,1,1,1,0,0
2025-07-14 23:32:24,GS,1,0,1,1,0,1,1,1,1,1,0,0
2025-07-14 23:32:25,HAL,0,0,0,0,0,0,0,0,1,1,0,0
2025-07-14 23:32:25,HIG,1,0,1,0,0,1,1,1,1,1,0,0
2025-07-14 23:32:26,HAS,0,0,0,0,0,1,0,0,1,1,0,0
2025-07-14 23:32:27,HCA,1,0,1,0,0,1,1,1,1,1,0,0
2025-07-14 23:32:28,DOC,1,0,1,1,0,1,1,0,1,0,0,0
2025-07-14 23:32:28,HSIC,0,0,0,0,0,1,0,0,1,1,0,0
2025-07-14 23:32:29,HSY,0,0,0,0,0,0,0,1,1,1,0,0
2025-07-14 23:32:30,HES,0,0,0,0,0,0,0,1,1,1,0,0
2025-07-14 23:32:30,HPE,0,0,0,0,0,0,0,0,1,1,0,0
2025-07-14 23:32:31,HLT,0,0,0,0,0,1,0,1,1,1,0,0
2025-07-14 23:32:32,HOLX,0,0,0,0,0,0,0,0,1,1,0,0
2025-07-14 23:32:32,HD,1,0,1,0,0,1,1,1,1,0,0,0
2025-07-14 23:32:33,HON,0,0,0,0,0,1,0,1,1,1,0,0
2025-07-14 23:32:34,HRL,1,1,1,1,0,1,1,0,1,1,0,0
2025-07-14 23:32:34,HST,1,0,1,0,0,1,1,0,1,1,0,0
2025-07-14 23:32:35,HWM,1,0,0,0,0,1,1,1,1,1,0,0
2025-07-14 23:32:36,HPQ,0,0,0,0,0,0,0,0,1,1,0,0
2025-07-14 23:32:37,HUBB,0,0,0,0,0,1,0,1,1,0,0,0
2025-07-14 23:32:37,HUM,0,0,0,0,0,0,0,1,1,1,0,0
2025-07-14 23:32:38,HBAN,1,0,1,1,0,1,1,0,1,1,0,0
2025-07-14 23:32:39,HII,0,0,0,0,0,1,0,1,1,1,0,0
2025-07-14 23:32:39,IBM,0,0,0,0,0,1,0,1,1,0,0,0
2025-07-14 23:32:40,IEX,0,0,0,0,0,0,0,1,1,0,0,0
2025-07-14 23:32:41,IDXX,0,0,0,0,0,0,0,1,1,0,0,0
2025-07-14 23:32:42,ITW,0,0,0,0,0,1,0,1,1,0,0,0
2025-07-14 23:32:42,INCY,1,1,1,0,0,1,1,1,1,1,0,0
2025-07-14 23:32:52,MMM,1,0,1,1,0,1,1,1,1,1,0,0
2025-07-14 23:32:52,AOS,0,0,0,0,0,1,0,0,1,0,0,0
2025-07-14 23:32:53,ABT,0,0,0,0,0,0,0,1,1,0,0,0
2025-07-14 23:32:54,ABBV,1,0,1,0,0,1,1,1,1,0,0,0
2025-07-14 23:32:55,ACN,0,0,0,0,0,1,0,1,1,0,0,0
2025-07-14 23:32:55,ADBE,1,0,0,0,0,1,1,1,1,1,0,0
2025-07-14 23:32:56,AMD,0,0,0,0,0,1,0,1,1,1,0,0
2025-07-14 23:32:57,AES,1,0,1,1,0,1,1,0,1,1,0,0
2025-07-14 23:32:57,AFL,1,0,1,1,0,1,1,0,1,1,0,0
2025-07-14 23:32:58,A,0,0,0,0,0,0,0,1,1,1,0,0
2025-07-14 23:32:59,APD,0,0,0,0,0,0,0,1,1,0,0,0
2025-07-14 23:32:59,ABNB,0,0,0,0,0,1,0,1,1,1,0,0
2025-07-14 23:33:00,AKAM,0,0,0,0,0,0,0,0,1,1,0,0
2025-07-14 23:33:01,ALB,1,0,1,0,0,1,1,1,1,1,0,0
2025-07-14 23:33:01,ARE,0,0,0,0,0,0,0,1,1,1,0,0
2025-07-14 23:33:02,ALGN,0,0,0,0,0,0,0,1,1,1,0,0
2025-07-14 23:33:03,ALLE,0,0,0,0,0,0,0,1,1,0,0,0
2025-07-14 23:33:03,LNT,1,0,1,0,0,1,1,0,1,0,0,0
2025-07-14 23:33:04,ALL,1,0,1,1,0,1,1,1,1,1,0,0
2025-07-14 23:33:05,GOOGL,0,0,0,0,0,1,0,1,1,1,0,0
2025-07-14 23:33:05,GOOG,1,0,1,0,0,1,1,1,1,1,0,0
2025-07-14 23:33:06,MO,1,0,0,1,0,1,1,0,1,0,0,0
2025-07-14 23:33:07,AMZN,1,0,1,1,0,1,1,1,1,0,0,0
2025-07-14 23:33:08,AMCR,0,0,1,0,0,1,0,0,1,0,0,0
2025-07-14 23:33:08,AEE,1,1,1,1,0,1,1,0,1,1,0,0
2025-07-14 23:33:09,AEP,1,0,1,0,0,0,1,0,1,1,0,0
2025-07-14 23:33:10,AXP,1,0,1,0,0,1,1,1,1,0,0,0
2025-07-14 23:33:11,AIG,1,1,1,0,0,1,1,0,1,1,0,0
2025-07-14 23:33:11,AMT,0,0,0,0,0,1,0,1,1,1,0,0
2025-07-14 23:33:12,AWK,0,0,0,0,0,1,0,1,1,0,0,0
2025-07-14 23:33:13,AMP,0,0,0,0,0,1,0,1,1,0,0,0
2025-07-14 23:33:13,AME,0,0,0,0,0,0,0,1,1,0,0,0
2025-07-14 23:33:14,AMGN,1,1,1,1,0,1,1,1,1,0,0,0
2025-07-14 23:33:15,APH,0,0,0,0,0,1,0,0,1,1,0,0
2025-07-14 23:33:15,ADI,0,0,0,0,0,1,0,1,1,0,0,0
2025-07-14 23:33:16,ANSS,1,0,1,0,0,0,1,1,1,1,1,0
2025-07-14 23:33:17,AON,1,0,1,1,0,1,1,1,1,1,0,0
2025-07-14 23:33:17,APA,1,0,0,0,0,1,1,0,1,1,0,0
2025-07-14 23:33:18,APO,0,0,0,0,0,1,0,1,1,1,0,0
2025-07-14 23:33:19,AAPL,0,0,0,0,0,0,0,1,1,1,0,0
2025-07-14 23:33:19,AMAT,0,0,0,0,0,1,0,1,1,1,0,0
2025-07-14 23:33:20,APTV,0,0,0,0,0,0,0,0,1,1,0,0
2025-07-14 23:33:21,ACGL,0,0,0,0,0,1,0,0,1,1,0,0
2025-07-14 23:33:22,ADM,1,0,1,1,0,1,1,0,1,1,0,0
2025-07-14 23:33:22,ANET,1,0,1,0,0,1,1,1,1,1,0,0
2025-07-14 23:33:23,AJG,1,0,1,1,0,1,1,1,1,0,0,0
2025-07-14 23:33:24,AIZ,1,1,1,1,0,1,1,1,1,1,0,1
2025-07-14 23:33:25,T,0,0,0,0,0,0,0,0,1,1,0,0
2025-07-14 23:33:25,ATO,0,0,0,0,0,0,0,1,1,1,0,0
2025-07-14 23:33:26,ADSK,0,0,0,0,0,1,0,1,1,1,1,0
2025-07-14 23:33:27,ADP,0,0,0,0,0,1,0,1,1,0,0,0
2025-07-14 23:33:27,AZO,1,0,0,0,0,1,1,1,1,1,0,0
2025-07-14 23:33:28,AVB,1,0,1,0,0,0,1,1,1,0,0,0
2025-07-14 23:33:29,AVY,1,0,1,0,0,0,1,1,1,0,0,0
2025-07-14 23:33:29,AXON,0,0,0,0,0,1,0,1,1,1,0,0
2025-07-14 23:33:30,BKR,0,0,0,0,0,0,0,0,1,1,0,0
2025-07-14 23:33:31,BALL,1,0,1,1,0,1,1,0,1,0,0,0
2025-07-14 23:33:31,BAC,1,0,1,1,0,1,1,0,1,0,0,0
2025-07-14 23:33:32,BAX,0,0,0,0,0,0,0,0,1,1,0,0
2025-07-14 23:33:33,BDX,1,0,0,0,0,1,1,1,1,1,0,0
2025-07-14 23:33:33,BRK-B,0,0,0,0,0,0,0,1,0,0,0,0
2025-07-14 23:33:34,BBY,1,1,1,0,0,1,1,1,1,1,0,0
2025-07-14 23:33:35,TECH,0,0,0,0,0,0,0,1,1,1,0,0
2025-07-14 23:33:35,BIIB,0,0,0,0,0,0,0,1,1,0,0,0
2025-07-14 23:33:36,BLK,1,1,1,1,0,1,1,1,1,0,0,0
2025-07-14 23:33:36,BX,1,0,1,0,0,1,1,1,1,1,0,0
2025-07-14 23:33:37,BK,1,1,1,1,0,1,1,0,1,1,0,0
2025-07-14 23:33:38,BA,1,0,1,0,0,1,1,1,1,1,1,0
2025-07-14 23:33:38,BKNG,1,0,0,1,0,1,1,1,1,0,0,0
2025-07-14 23:33:39,BSX,0,0,0,0,0,0,0,0,1,1,0,0
2025-07-14 23:33:40,BMY,0,0,0,0,0,0,0,0,1,1,0,0
2025-07-14 23:33:40,AVGO,0,0,0,0,0,1,0,1,1,1,0,0
2025-07-14 23:33:41,BR,0,0,0,0,0,1,0,1,1,1,0,0
2025-07-14 23:33:41,BRO,1,0,0,0,0,1,1,0,1,1,0,0
2025-07-14 23:33:42,BF-B,0,0,0,0,0,0,0,0,0,1,0,0
2025-07-14 23:33:43,BLDR,0,0,0,0,0,1,0,1,1,1,0,0
2025-07-14 23:33:43,BG,1,0,1,0,0,1,1,1,1,1,0,0
2025-07-14 23:33:44,BXP,1,0,1,0,0,1,1,0,1,0,0,0
2025-07-14 23:33:45,CHRW,0,0,0,0,0,0,0,1,1,1,0,0
2025-07-14 23:33:45,CDNS,1,0,1,0,0,1,1,1,1,1,0,0
2025-07-14 23:33:46,CZR,1,1,1,0,0,1,1,0,1,1,0,0
2025-07-14 23:33:46,CPT,1,0,1,0,0,0,1,1,1,0,0,0
2025-07-14 23:33:47,CPB,1,0,0,0,0,0,1,0,1,1,0,0
2025-07-14 23:33:48,COF,1,1,1,1,0,1,1,1,1,0,0,0
2025-07-14 23:33:48,CAH,1,0,1,0,0,1,1,1,1,0,0,0
2025-07-14 23:33:49,KMX,1,0,1,0,0,0,1,1,1,1,0,0
2025-07-14 23:33:49,CCL,1,0,1,0,0,1,1,0,1,1,0,0
2025-07-14 23:33:50,CARR,1,0,0,0,0,1,1,0,1,0,0,0
2025-07-14 23:33:51,CAT,1,0,1,0,0,1,1,1,1,0,0,0
2025-07-14 23:33:51,CBOE,0,0,0,0,0,0,0,1,1,1,0,0
2025-07-14 23:33:52,CBRE,0,0,0,0,0,0,0,1,1,0,0,0
2025-07-14 23:33:52,CDW,0,0,0,0,0,0,0,1,1,1,0,0
2025-07-14 23:33:53,COR,1,1,1,0,0,1,1,1,1,0,0,0
2025-07-14 23:33:53,CNC,0,0,0,0,0,0,0,1,1,1,0,0
2025-07-14 23:33:54,CNP,1,0,1,0,0,1,1,0,1,0,0,0
2025-07-14 23:33:55,CF,0,0,0,0,0,0,0,1,1,1,0,0
2025-07-14 23:33:55,CRL,0,0,0,0,0,0,0,1,1,1,0,0
2025-07-14 23:33:56,SCHW,0,0,0,0,0,1,0,0,1,1,0,0
2025-07-14 23:33:56,CHTR,1,0,0,0,0,1,1,1,1,1,0,0
2025-07-14 23:33:57,CVX,0,0,0,0,0,0,0,1,1,1,0,0
2025-07-14 23:33:58,CMG,1,0,1,0,0,1,1,0,1,1,0,0
2025-07-14 23:33:58,CB,1,0,1,0,0,1,1,1,1,0,0,0
2025-07-14 23:33:59,CHD,0,0,0,0,0,1,0,0,1,0,0,0
2025-07-14 23:33:59,CI,1,0,1,0,0,1,1,1,1,0,0,0
2025-07-14 23:34:00,CINF,1,0,0,0,0,1,1,1,1,1,0,0
2025-07-14 23:34:00,CTAS,1,0,0,0,0,1,1,1,1,0,0,0
2025-07-14 23:34:01,CSCO,1,0,0,0,0,1,1,0,1,0,0,0
2025-07-14 23:34:02,C,1,0,1,1,0,1,1,0,1,1,0,0
2025-07-14 23:34:02,CFG,1,0,1,1,0,1,1,0,1,0,0,0
2025-07-14 23:34:03,CLX,1,1,1,1,0,1,1,1,1,1,0,1
2025-07-14 23:34:03,CME,0,0,0,0,0,0,0,1,1,0,0,0
2025-07-14 23:34:04,CMS,1,0,1,1,0,1,1,0,1,0,0,0
2025-07-14 23:34:04,KO,1,0,1,0,0,0,1,0,1,0,0,0
2025-07-14 23:34:05,CTSH,0,0,0,0,0,1,0,0,1,0,0,0
2025-07-14 23:34:05,COIN,0,0,0,0,0,1,0,1,1,1,1,0
2025-07-14 23:34:06,CL,0,0,0,0,0,1,0,0,1,1,0,0
2025-07-14 23:34:07,CMCSA,1,0,0,0,0,1,1,0,1,1,0,0
2025-07-14 23:34:07,CAG,0,0,0,0,0,0,0,0,1,1,0,0
2025-07-14 23:34:08,COP,0,0,0,0,0,0,0,1,1,1,0,0
2025-07-14 23:34:08,ED,1,0,0,0,0,0,1,0,1,1,0,0
2025-07-14 23:34:09,STZ,0,0,0,0,0,0,0,1,1,1,0,0
2025-07-14 23:34:09,CEG,1,1,0,1,0,1,1,1,1,1,0,0
2025-07-14 23:34:10,COO,0,0,0,0,0,0,0,0,1,1,0,0
2025-07-14 23:34:10,CPRT,0,0,0,0,0,0,0,0,1,1,0,0
2025-07-15 20:22:29,MMM,0,0,0,0,0,0,0,1,1,0,0,0
2025-07-15 20:22:29,AOS,0,0,0,0,0,0,0,0,1,1,0,0
2025-07-15 20:22:30,ABT,0,0,0,0,0,1,0,1,1,1,0,0
2025-07-15 20:22:30,ABBV,1,0,1,0,0,0,1,1,1,1,0,0
2025-07-15 20:22:31,ACN,0,0,0,0,0,0,0,1,1,1,0,0
2025-07-15 20:22:31,ADBE,0,0,0,0,0,0,0,1,1,0,0,0
2025-07-15 20:22:32,AMD,1,0,1,0,0,0,1,1,1,1,1,0
2025-07-15 20:22:32,AES,1,0,1,0,0,1,1,0,1,1,1,0
2025-07-15 20:22:33,AFL,0,0,1,0,0,0,0,0,1,1,0,0
2025-07-15 20:22:33,A,0,0,1,0,0,0,0,1,1,1,0,0
2025-07-15 20:22:34,APD,0,0,0,0,0,0,0,1,1,1,0,0
2025-07-15 20:22:34,ABNB,0,0,0,0,0,0,0,1,1,1,0,0
2025-07-15 20:22:35,AKAM,0,0,0,0,0,0,0,0,1,1,0,0
2025-07-15 20:22:35,ALB,0,0,0,0,0,0,0,1,1,1,1,0
2025-07-15 20:22:36,ARE,0,0,0,0,0,0,0,1,1,1,0,0
2025-07-15 20:22:36,ALGN,0,0,0,0,0,0,0,1,1,1,1,0
2025-07-15 20:22:37,ALLE,0,0,0,0,0,0,0,1,1,1,0,0
2025-07-15 20:22:37,LNT,0,0,0,0,0,0,0,0,1,1,0,0
2025-07-15 20:22:38,ALL,0,0,1,0,0,0,0,1,1,1,0,0
2025-07-15 20:22:38,GOOGL,0,0,0,0,0,0,0,1,1,0,0,0
2025-07-15 20:22:39,GOOG,0,0,0,0,0,0,0,1,1,1,0,0
2025-07-15 20:22:39,MO,1,0,0,0,0,1,1,0,1,0,0,0
2025-07-15 20:22:40,AMZN,0,0,1,0,0,0,0,1,1,0,0,0
2025-07-15 20:22:40,AMCR,0,0,0,0,0,0,0,0,1,1,0,0
2025-07-15 20:22:41,AEE,0,0,0,0,0,0,0,0,1,0,0,0
2025-07-15 20:22:42,AEP,0,0,0,0,0,0,0,0,1,0,0,0
2025-07-15 20:22:42,AXP,0,0,0,0,0,0,0,1,1,1,0,0
2025-07-15 20:22:43,AIG,0,0,1,0,0,0,0,0,1,0,0,0
2025-07-15 20:22:43,AMT,0,0,1,0,0,0,0,1,1,1,0,0
2025-07-15 20:22:44,AWK,0,0,0,0,0,0,0,1,1,1,0,0
2025-07-15 20:22:44,AMP,0,0,0,0,0,0,0,1,1,1,0,0
2025-07-15 20:22:45,AME,0,0,0,0,0,0,0,1,1,1,0,0
2025-07-15 20:22:46,AMGN,0,0,1,0,0,0,0,1,1,1,0,0
2025-07-15 20:26:39,MMM,0,0,0,0,0,0,0,1,1,0,0,0
2025-07-15 20:26:40,AOS,0,0,0,0,0,0,0,0,1,1,0,0
2025-07-15 20:26:41,ABT,0,0,0,0,0,1,0,1,1,1,0,0
2025-07-15 20:26:42,ABBV,1,0,1,0,0,0,1,1,1,1,0,0
2025-07-15 20:26:42,ACN,0,0,0,0,0,0,0,1,1,1,0,0
2025-07-15 20:26:43,ADBE,0,0,0,0,0,0,0,1,1,0,0,0
2025-07-15 20:26:44,AMD,1,0,1,0,0,0,1,1,1,1,1,0
2025-07-15 20:26:44,AES,1,0,1,0,0,1,1,0,1,1,1,0
2025-07-15 20:26:45,AFL,0,0,1,0,0,0,0,0,1,1,0,0
2025-07-15 20:26:46,A,0,0,1,0,0,0,0,1,1,1,0,0
2025-07-15 20:26:47,APD,0,0,0,0,0,0,0,1,1,1,0,0
2025-07-15 20:26:48,ABNB,0,0,0,0,0,0,0,1,1,1,0,0
2025-07-15 20:26:48,AKAM,0,0,0,0,0,0,0,0,1,1,0,0
2025-07-15 20:26:49,ALB,0,0,0,0,0,0,0,1,1,1,1,0
2025-07-15 20:26:50,ARE,0,0,0,0,0,0,0,1,1,1,0,0
2025-07-15 20:26:51,ALGN,0,0,0,0,0,0,0,1,1,1,1,0
2025-07-15 20:26:51,ALLE,0,0,0,0,0,0,0,1,1,1,0,0
2025-07-15 20:26:52,LNT,0,0,0,0,0,0,0,0,1,1,0,0
2025-07-15 20:26:53,ALL,0,0,1,0,0,0,0,1,1,1,0,0
2025-07-15 20:26:53,GOOGL,0,0,0,0,0,0,0,1,1,0,0,0
2025-07-15 20:26:54,GOOG,0,0,0,0,0,0,0,1,1,1,0,0
2025-07-15 20:26:55,MO,1,0,0,0,0,1,1,0,1,0,0,0
2025-07-15 20:26:56,AMZN,0,0,1,0,0,0,0,1,1,0,0,0
2025-07-15 20:26:57,AMCR,0,0,0,0,0,0,0,0,1,1,0,0
2025-07-15 20:26:57,AEE,0,0,0,0,0,0,0,0,1,0,0,0
2025-07-15 20:26:58,AEP,0,0,0,0,0,0,0,0,1,0,0,0
2025-07-15 20:26:59,AXP,0,0,0,0,0,0,0,1,1,1,0,0
2025-07-15 20:27:00,AIG,0,0,1,0,0,0,0,0,1,0,0,0
2025-07-15 20:27:00,AMT,1,0,1,0,0,0,1,1,1,1,0,0
2025-07-15 20:27:01,AWK,0,0,0,0,0,0,0,1,1,1,0,0
2025-07-15 20:27:02,AMP,0,0,0,0,0,0,0,1,1,1,0,0
2025-07-15 20:27:02,AME,0,0,0,0,0,0,0,1,1,1,0,0
2025-07-15 20:27:03,AMGN,0,0,1,0,0,0,0,1,1,1,0,0
2025-07-15 20:27:04,APH,0,0,0,0,0,0,0,0,1,1,0,0
2025-07-15 20:27:05,ADI,0,0,0,0,0,0,0,1,1,1,0,0
2025-07-15 20:27:05,ANSS,1,0,1,0,0,1,1,1,1,1,0,0
2025-07-15 20:27:06,AON,0,0,0,0,0,0,0,1,1,1,0,0
2025-07-15 20:27:07,APA,0,0,0,0,0,0,0,0,1,1,0,0
2025-07-15 20:27:07,APO,0,0,0,0,0,0,0,1,1,1,0,0
2025-07-15 20:27:08,AAPL,0,0,0,0,0,0,0,1,1,0,0,0
2025-07-15 20:27:09,AMAT,0,0,1,0,0,0,0,1,1,0,1,0
2025-07-15 20:27:10,APTV,0,0,0,0,0,0,0,0,1,1,0,0
2025-07-15 20:27:10,ACGL,0,0,0,0,0,0,0,0,1,1,0,0
2025-07-15 20:27:11,ADM,0,0,1,0,0,0,0,0,1,0,0,0
2025-07-15 20:27:12,ANET,0,0,1,0,0,0,0,1,1,1,0,0
2025-07-15 20:27:13,AJG,0,0,0,0,0,0,0,1,1,1,0,0
2025-07-15 20:27:13,AIZ,0,0,0,0,0,0,0,1,1,1,0,0
2025-07-15 20:27:14,T,0,0,0,0,0,1,0,0,1,0,0,0
2025-07-15 20:27:15,ATO,0,0,0,0,0,0,0,1,1,1,0,0
2025-07-15 20:27:15,ADSK,0,0,0,0,0,0,0,1,1,1,0,0
2025-07-15 20:27:16,ADP,0,0,0,0,0,0,0,1,1,1,0,0
2025-07-15 20:27:17,AZO,0,0,1,0,0,0,0,1,1,1,0,0
2025-07-15 20:27:18,AVB,0,0,0,0,0,0,0,1,1,1,0,0
2025-07-15 20:27:18,AVY,0,0,0,0,0,0,0,1,1,1,0,0
2025-07-15 20:27:19,AXON,0,0,0,0,0,0,0,1,1,1,0,0
2025-07-15 20:27:20,BKR,0,0,0,0,0,0,0,0,1,1,0,0
2025-07-15 20:27:21,BALL,0,0,1,0,0,0,0,0,1,1,0,0
2025-07-15 20:27:21,BAC,0,0,0,0,0,0,0,0,1,1,0,0
2025-07-15 20:27:22,BAX,0,0,0,0,0,0,0,0,1,1,0,0
2025-07-15 20:27:23,BDX,0,0,0,0,0,0,0,1,1,1,0,0
2025-07-15 20:27:24,BRK-B,0,0,0,0,0,0,0,1,0,0,0,0
2025-07-15 20:27:24,BBY,0,0,1,0,0,0,0,1,1,1,0,0
2025-07-15 20:27:25,TECH,0,0,1,0,0,0,0,1,1,1,0,0
2025-07-15 20:27:26,BIIB,0,0,0,0,0,0,0,1,1,1,0,0
2025-07-15 20:27:27,BLK,0,0,0,0,0,0,0,1,1,1,0,0
2025-07-15 20:27:27,BX,0,0,0,0,0,0,0,1,1,1,0,0
2025-07-15 20:27:28,BK,0,0,0,0,0,0,0,0,1,1,0,0
2025-07-15 20:27:29,BA,0,0,0,0,0,0,0,1,1,1,0,0
2025-07-15 20:27:30,BKNG,0,0,0,0,0,0,0,1,1,1,0,0
2025-07-15 20:27:30,BSX,0,0,0,0,0,0,0,0,1,1,0,0
2025-07-15 20:27:31,BMY,1,0,1,0,0,0,1,0,1,1,0,0
2025-07-15 20:27:32,AVGO,0,0,0,0,0,1,0,1,1,1,1,0
2025-07-15 20:27:33,BR,0,0,0,0,0,0,0,1,1,0,0,0
2025-07-15 20:27:33,BRO,0,0,0,0,0,0,0,0,1,1,0,0
2025-07-15 20:27:34,BF-B,0,0,0,0,0,0,0,0,0,1,0,0
2025-07-15 20:27:35,BLDR,0,0,0,0,0,0,0,1,1,1,0,0
2025-07-15 20:27:35,BG,0,0,1,0,0,0,0,1,1,1,0,0
2025-07-15 20:27:36,BXP,0,0,0,0,0,0,0,0,1,1,0,0
2025-07-15 20:27:37,CHRW,0,0,0,0,0,0,0,1,1,0,0,0
2025-07-15 20:27:38,CDNS,0,0,0,0,0,0,0,1,1,1,0,0
2025-07-15 20:27:38,CZR,0,0,1,0,0,0,0,0,1,1,0,0
2025-07-15 20:27:39,CPT,0,0,0,0,0,0,0,1,1,1,0,0
2025-07-15 20:27:40,CPB,0,0,1,0,0,0,0,0,1,1,0,0
2025-07-15 20:27:40,COF,0,0,0,0,0,0,0,1,1,1,0,0
2025-07-15 20:27:41,CAH,1,0,1,0,0,1,1,1,1,0,0,0
2025-07-15 20:27:42,KMX,0,0,1,0,0,0,0,1,1,1,1,0
2025-07-15 20:27:42,CCL,0,0,0,0,0,1,0,0,1,1,0,0
2025-07-15 20:27:43,CARR,0,0,0,0,0,0,0,0,1,1,0,0
2025-07-15 20:27:44,CAT,0,0,0,0,0,0,0,1,1,0,0,0
2025-07-15 20:27:44,CBOE,0,0,0,0,0,0,0,1,1,1,0,0
2025-07-15 20:27:45,CBRE,0,0,0,0,0,0,0,1,1,1,0,0
2025-07-15 20:27:46,CDW,0,0,0,0,0,0,0,1,1,1,0,0
2025-07-15 20:27:46,COR,0,0,1,0,0,0,0,1,1,1,0,0
2025-07-15 20:27:47,CNC,0,0,1,0,0,0,0,1,1,1,0,0
2025-07-15 20:27:48,CNP,0,0,0,0,0,0,0,0,1,0,0,0
2025-07-15 20:27:48,CF,0,0,0,0,0,0,0,1,1,1,0,0
2025-07-15 20:27:49,CRL,0,0,1,0,0,0,0,1,1,1,0,0
2025-07-15 20:27:49,SCHW,0,0,0,0,0,0,0,0,1,0,0,0
2025-07-15 20:27:50,CHTR,0,0,0,0,0,0,0,1,1,1,0,0
2025-07-15 20:27:51,CVX,0,0,0,0,0,0,0,1,1,0,0,0
2025-07-15 20:27:51,CMG,0,0,0,0,0,0,0,0,1,1,0,0
2025-07-15 20:27:52,CB,0,0,0,0,0,0,0,1,1,0,0,0
2025-07-15 20:27:53,CHD,0,0,0,0,0,0,0,0,1,1,0,0
2025-07-15 20:27:53,CI,1,0,1,0,0,1,1,1,1,1,0,0
2025-07-15 20:27:54,CINF,0,0,0,0,0,0,0,1,1,1,0,0
2025-07-15 20:27:55,CTAS,0,0,0,0,0,0,0,1,1,1,0,0
2025-07-15 20:27:55,CSCO,0,0,0,0,0,0,0,0,1,0,0,0
2025-07-15 20:27:56,C,0,0,0,0,0,1,0,0,1,1,1,0
2025-07-15 20:27:57,CFG,0,0,0,0,0,0,0,0,1,1,0,0
2025-07-15 20:27:58,CLX,0,0,1,0,0,0,0,1,1,1,0,0
2025-07-15 20:27:58,CME,1,0,1,0,0,1,1,1,1,0,0,0
2025-07-15 20:27:59,CMS,0,0,0,0,0,1,0,0,1,0,0,0
2025-07-15 20:28:00,KO,0,0,0,0,0,0,0,0,1,0,0,0
2025-07-15 20:28:00,CTSH,0,0,0,0,0,0,0,0,1,1,0,0
2025-07-15 20:28:01,COIN,1,1,1,0,0,0,1,1,1,1,0,0
2025-07-15 20:28:02,CL,0,0,0,0,0,0,0,0,1,1,0,0
2025-07-15 20:28:02,CMCSA,0,0,0,0,0,0,0,0,1,1,0,0
2025-07-15 20:28:04,CAG,0,0,0,0,0,0,0,0,1,1,0,0
2025-07-15 20:28:05,COP,0,0,0,0,0,0,0,1,1,1,0,0
2025-07-15 20:28:05,ED,0,0,0,0,0,0,0,0,1,0,0,0
2025-07-15 20:28:06,STZ,1,1,1,0,0,1,1,1,1,1,0,0
2025-07-15 20:28:06,CEG,0,0,0,0,0,0,0,1,1,1,0,0
2025-07-15 20:28:07,COO,0,0,0,0,0,0,0,0,1,1,0,0
2025-07-15 20:28:08,CPRT,0,0,1,0,0,0,0,0,1,1,0,0
2025-07-15 20:28:08,GLW,0,0,0,0,0,0,0,0,1,1,0,0
2025-07-15 20:28:09,CPAY,0,0,0,0,0,0,0,1,1,1,0,0
2025-07-15 20:28:09,CTVA,0,0,0,0,0,0,0,0,1,1,0,0
2025-07-15 20:28:10,CSGP,0,0,0,0,0,0,0,0,1,1,0,0
2025-07-15 20:28:11,COST,0,0,0,0,0,0,0,1,1,0,0,0
2025-07-15 20:28:11,CTRA,0,0,1,0,0,0,0,0,1,1,0,0
2025-07-15 20:28:12,CRWD,0,0,0,0,0,0,0,1,1,1,0,0
2025-07-15 20:28:12,CCI,0,0,1,0,0,0,0,1,1,1,0,0
2025-07-15 20:28:13,CSX,0,0,0,0,0,0,0,0,1,1,0,0
2025-07-15 20:28:14,CMI,1,0,1,0,0,1,1,1,1,0,0,0
2025-07-15 20:28:14,CVS,1,0,1,0,0,1,1,0,1,1,0,0
2025-07-15 20:28:15,DHR,0,0,0,0,0,0,0,1,1,1,0,0
2025-07-15 20:28:15,DRI,0,0,0,0,0,0,0,1,1,0,0,0
2025-07-15 20:28:17,DDOG,0,0,0,0,0,0,0,1,1,1,0,0
2025-07-15 20:28:18,DVA,1,0,1,0,0,0,1,1,1,1,0,0
2025-07-15 20:28:18,DAY,0,0,0,0,0,0,0,0,1,1,0,0
2025-07-15 20:28:19,DECK,0,0,0,0,0,0,0,1,1,1,0,0
2025-07-15 20:28:20,DE,0,0,0,0,0,0,0,1,1,1,0,0
2025-07-15 20:28:20,DELL,0,0,0,0,0,0,0,1,1,1,1,0
2025-07-15 20:28:21,DAL,0,0,0,0,0,0,0,1,1,1,0,0
2025-07-15 20:28:21,DVN,0,0,0,0,0,0,0,0,1,1,0,0
2025-07-15 20:28:22,DXCM,0,0,0,0,0,0,0,1,1,1,0,0
2025-07-15 20:28:22,FANG,0,0,0,0,0,0,0,1,1,1,0,0
2025-07-15 20:28:23,DLR,0,0,1,0,0,0,0,1,1,0,0,0
2025-07-15 20:28:24,DG,0,0,0,0,0,0,0,1,1,0,0,0
2025-07-15 20:28:24,DLTR,0,0,1,0,0,0,0,1,1,1,0,0
2025-07-15 20:28:25,D,0,0,0,0,0,0,0,0,1,1,0,0
2025-07-15 20:28:25,DPZ,0,0,0,0,0,0,0,1,1,1,0,0
2025-07-15 20:28:26,DASH,0,0,0,0,0,1,0,1,1,1,0,0
2025-07-15 20:28:27,DOV,0,0,0,0,0,0,0,1,1,1,1,0
2025-07-15 20:28:27,DOW,0,0,0,0,0,0,0,0,1,1,1,0
2025-07-15 20:28:28,DHI,0,0,1,0,0,0,0,1,1,1,0,0
2025-07-15 20:28:28,DTE,0,0,0,0,0,0,0,1,1,0,0,0
2025-07-15 20:28:29,DUK,0,0,0,0,0,1,0,0,1,1,0,0
2025-07-15 20:28:30,DD,0,0,0,0,0,0,0,0,1,1,1,0
2025-07-15 20:28:30,EMN,0,0,0,0,0,0,0,1,1,1,0,0
2025-07-15 20:28:31,ETN,0,0,0,0,0,0,0,1,1,1,1,0
2025-07-15 20:28:32,EBAY,0,0,0,0,0,0,0,0,1,1,0,0
2025-07-15 20:28:32,ECL,0,0,0,0,0,0,0,1,1,0,0,0
2025-07-15 20:28:33,EIX,0,0,0,0,0,0,0,0,1,1,0,0
2025-07-15 20:28:33,EW,0,0,0,0,0,0,0,0,1,1,0,0
2025-07-15 20:28:34,EA,0,0,0,0,0,1,0,1,1,1,0,0
2025-07-15 20:28:34,ELV,0,0,1,0,0,0,0,1,1,1,0,0
2025-07-15 20:28:35,EMR,0,0,0,0,0,0,0,1,1,0,0,0
2025-07-15 20:28:35,ENPH,1,1,1,0,0,0,1,1,1,1,0,0
2025-07-15 20:28:36,ETR,0,0,0,0,0,1,0,0,1,1,0,0
2025-07-15 20:28:37,EOG,0,0,0,0,0,0,0,1,1,1,0,0
2025-07-15 20:28:37,EPAM,0,0,0,0,0,0,0,1,1,1,0,0
2025-07-15 20:28:38,EQT,1,0,1,0,0,1,1,0,1,1,0,0
2025-07-15 20:28:38,EFX,0,0,0,0,0,0,0,1,1,1,0,0
2025-07-15 20:28:39,EQIX,0,0,0,0,0,0,0,1,1,1,0,0
2025-07-15 20:28:39,EQR,0,0,0,0,0,0,0,0,1,1,0,0
2025-07-15 20:28:40,ERIE,0,0,0,0,0,0,0,1,1,0,0,0
2025-07-15 20:28:40,ESS,0,0,0,0,0,0,0,1,1,1,0,0
2025-07-15 20:28:41,EL,0,0,1,0,0,0,0,1,1,1,0,0
2025-07-15 20:28:42,EG,0,0,0,0,0,0,0,1,1,1,0,0
2025-07-15 20:28:43,EVRG,0,0,0,0,0,0,0,0,1,1,0,0
2025-07-15 20:28:43,ES,0,0,0,0,0,0,0,0,1,1,0,0
2025-07-15 20:28:44,EXC,0,0,0,0,0,0,0,0,1,0,0,0
2025-07-15 20:28:45,EXE,0,0,0,0,0,0,0,1,1,1,0,0
2025-07-15 20:28:45,EXPE,0,0,1,0,0,0,0,1,1,1,0,0
2025-07-15 20:28:46,EXPD,0,0,0,0,0,0,0,1,1,1,0,0
2025-07-15 20:28:47,EXR,0,0,0,0,0,0,0,1,1,1,0,0
2025-07-15 20:28:47,XOM,0,0,1,0,0,0,0,0,1,0,0,0
2025-07-15 20:28:48,FFIV,0,0,0,0,0,0,0,1,1,1,0,0
2025-07-15 20:28:49,FDS,0,0,0,0,0,0,0,1,1,1,0,0
2025-07-15 20:28:49,FICO,1,0,1,0,0,1,1,1,1,1,0,0
2025-07-15 20:28:50,FAST,0,0,0,0,0,0,0,0,1,1,0,0
2025-07-15 20:28:51,FRT,0,0,0,0,0,0,0,0,1,1,0,0
2025-07-15 20:28:52,FDX,0,0,0,0,0,0,0,1,1,1,0,0
2025-07-15 20:28:52,FIS,0,0,0,0,0,0,0,0,1,0,0,0
2025-07-15 20:28:53,FITB,0,0,0,0,0,0,0,0,1,1,0,0
2025-07-15 20:28:54,FSLR,1,0,1,0,0,1,1,1,1,1,1,0
2025-07-15 20:28:54,FE,0,0,0,0,0,0,0,0,1,0,0,0
2025-07-15 20:28:55,FI,0,0,0,0,0,0,0,1,1,1,0,0
2025-07-15 20:28:56,F,0,0,1,0,0,0,0,0,1,1,0,0
2025-07-15 20:28:57,FTNT,0,0,0,0,0,1,0,1,1,1,0,0
2025-07-15 20:28:57,FTV,0,0,0,0,0,0,0,0,1,1,0,0
2025-07-15 20:28:58,FOXA,0,0,0,0,0,0,0,0,1,1,0,0
2025-07-15 20:28:59,FOX,0,0,0,0,0,0,0,0,1,1,0,0
2025-07-15 20:28:59,BEN,0,0,0,0,0,0,0,0,1,1,0,0
2025-07-15 20:29:00,FCX,1,0,1,1,0,1,1,0,1,1,0,0
2025-07-15 20:29:01,GRMN,0,0,0,0,0,0,0,1,1,0,0,0
2025-07-15 20:29:02,IT,0,0,0,0,0,0,0,1,1,1,0,0
2025-07-15 20:29:02,GE,1,0,1,0,0,1,1,1,1,0,0,0
2025-07-15 20:29:03,GEHC,1,0,1,1,0,1,1,0,1,1,0,0
2025-07-15 20:29:04,GEV,1,0,0,0,0,1,1,1,1,1,0,0
2025-07-15 20:29:04,GEN,0,0,0,0,0,0,0,0,1,0,0,0
2025-07-15 20:29:05,GNRC,0,0,0,0,0,0,0,1,1,1,0,0
2025-07-15 20:29:06,GD,0,0,0,0,0,0,0,1,1,1,0,0
2025-07-15 20:29:07,GIS,0,0,0,0,0,0,0,0,1,1,0,0
2025-07-15 20:29:07,GM,0,0,0,0,0,0,0,0,1,1,0,0
2025-07-15 20:29:08,GPC,0,0,0,0,0,0,0,1,1,1,0,0
2025-07-15 20:29:09,GILD,0,0,0,0,0,0,0,1,1,1,0,0
2025-07-15 20:29:10,GPN,0,0,0,0,0,0,0,0,1,1,0,0
2025-07-15 20:29:10,GL,0,0,0,0,0,0,0,1,1,1,0,0
2025-07-15 20:29:11,GDDY,0,0,0,0,0,0,0,1,1,0,0,0
2025-07-15 20:29:12,GS,0,0,0,0,0,0,0,1,1,1,0,0
2025-07-15 20:29:12,HAL,0,0,0,0,0,0,0,0,1,1,0,0
2025-07-15 20:29:13,HIG,0,0,0,0,0,0,0,1,1,1,0,0
2025-07-15 20:29:14,HAS,0,0,0,0,0,0,0,0,1,1,0,0
2025-07-15 20:29:15,HCA,1,0,1,0,0,0,1,1,1,1,0,0
2025-07-15 20:29:15,DOC,0,0,0,0,0,0,0,0,1,1,0,0
2025-07-15 20:29:16,HSIC,0,0,0,0,0,0,0,0,1,1,0,0
2025-07-15 20:29:17,HSY,0,0,0,0,0,0,0,1,1,1,0,0
2025-07-15 20:29:18,HES,0,0,0,0,0,0,0,1,1,0,0,0
2025-07-15 20:29:18,HPE,0,0,0,0,0,0,0,0,1,1,0,0
2025-07-15 20:29:19,HLT,0,0,0,0,0,0,0,1,1,1,0,0
2025-07-15 20:29:20,HOLX,0,0,0,0,0,0,0,0,1,1,0,0
2025-07-15 20:29:20,HD,0,0,1,0,0,0,0,1,1,1,0,0
2025-07-15 20:29:21,HON,0,0,0,0,0,0,0,1,1,0,0,0
2025-07-15 20:29:22,HRL,0,0,0,0,0,0,0,0,1,1,0,0
2025-07-15 20:29:23,HST,0,0,0,0,0,0,0,0,1,1,0,0
2025-07-15 20:29:23,HWM,0,0,0,0,0,1,0,1,1,1,0,0
2025-07-15 20:29:24,HPQ,0,0,0,0,0,0,0,0,1,1,0,0
2025-07-15 20:29:25,HUBB,0,0,0,0,0,0,0,1,1,1,0,0
2025-07-15 20:29:26,HUM,0,0,1,0,0,0,0,1,1,1,0,0
2025-07-15 20:29:26,HBAN,0,0,0,0,0,0,0,0,1,1,0,0
2025-07-15 20:29:27,HII,0,0,0,0,0,0,0,1,1,1,0,0
2025-07-15 20:29:28,IBM,0,0,0,0,0,1,0,1,1,0,0,0
2025-07-15 20:29:28,IEX,0,0,0,0,0,0,0,1,1,1,0,0
2025-07-15 20:29:29,IDXX,0,0,0,0,0,0,0,1,1,0,0,0
2025-07-15 20:29:30,ITW,0,0,0,0,0,0,0,1,1,0,0,0
2025-07-15 20:29:31,INCY,0,0,0,0,0,0,0,1,1,1,0,0
2025-07-15 20:29:31,IR,0,0,0,0,0,0,0,0,1,1,0,0
2025-07-15 20:29:32,PODD,0,0,0,0,0,0,0,1,1,0,0,0
2025-07-15 20:29:33,INTC,0,0,0,0,0,0,0,0,1,1,1,0
2025-07-15 20:29:33,ICE,0,0,0,0,0,0,0,1,1,0,0,0
2025-07-15 20:29:34,IFF,0,0,0,0,0,0,0,0,1,1,0,0
2025-07-15 20:29:35,IP,0,0,1,0,0,0,0,0,1,1,0,0
2025-07-15 20:29:36,IPG,0,0,0,0,0,0,0,0,1,1,0,0
2025-07-15 20:29:36,INTU,0,0,0,0,0,0,0,1,1,1,0,0
2025-07-15 20:29:37,ISRG,0,0,0,0,0,0,0,1,1,1,0,0
2025-07-15 20:29:38,IVZ,0,0,0,0,0,0,0,0,1,1,0,0
2025-07-15 20:29:39,INVH,0,0,0,0,0,0,0,0,1,1,0,0
2025-07-15 20:29:39,IQV,0,0,0,0,0,0,0,1,1,1,0,0
2025-07-15 20:29:40,IRM,0,0,0,0,0,0,0,1,1,1,0,0
2025-07-15 20:29:41,JBHT,0,0,0,0,0,0,0,1,1,1,0,0
2025-07-15 20:29:41,JBL,0,0,0,0,0,0,0,1,1,1,0,0
2025-07-15 20:29:42,JKHY,0,0,0,0,0,0,0,1,1,0,0,0
2025-07-15 20:29:43,J,0,0,0,0,0,0,0,1,1,1,0,0
2025-07-15 20:29:44,JNJ,0,0,0,0,0,0,0,1,1,1,0,0
2025-07-15 20:29:44,JCI,0,0,0,0,0,0,0,0,1,0,0,0
2025-07-15 20:29:45,JPM,0,0,0,0,0,0,0,1,1,1,0,0
2025-07-15 20:29:46,K,0,0,0,0,0,0,0,0,0,0,0,0
2025-07-15 20:29:47,KVUE,1,0,1,0,0,0,1,0,1,1,0,0
2025-07-15 20:29:47,KDP,0,0,0,0,0,0,0,0,1,1,0,0
2025-07-15 20:29:48,KEY,0,0,0,0,0,0,0,0,1,1,0,0
2025-07-15 20:29:49,KEYS,0,0,0,0,0,0,0,1,1,1,0,0
2025-07-15 20:29:50,KMB,0,0,1,0,0,0,0,1,1,0,0,0
2025-07-15 20:29:50,KIM,0,0,0,0,0,0,0,0,1,1,0,0
2025-07-15 20:29:51,KMI,0,0,1,0,0,0,0,0,1,1,0,0
2025-07-15 20:29:52,KKR,0,0,0,0,0,0,0,1,1,1,0,0
2025-07-15 20:29:53,KLAC,0,0,0,0,0,0,0,1,1,0,1,0
2025-07-15 20:29:53,KHC,0,0,1,0,0,0,0,0,1,1,0,0
2025-07-15 20:29:54,KR,1,0,1,0,0,1,1,0,1,0,0,0
2025-07-15 20:29:55,LHX,0,0,0,0,0,0,0,1,1,0,0,0
2025-07-15 20:29:56,LH,0,0,1,0,0,0,0,1,1,1,0,0
2025-07-15 20:29:57,LRCX,0,0,0,0,0,0,0,0,1,1,1,0
2025-07-15 20:29:57,LW,0,0,0,0,0,0,0,0,1,1,0,0
2025-07-15 20:29:58,LVS,0,0,0,0,0,0,0,0,1,0,0,0
2025-07-15 20:29:59,LDOS,0,0,0,0,0,0,0,1,1,1,0,0
2025-07-15 20:29:59,LEN,0,0,0,0,0,0,0,1,1,1,0,0
2025-07-15 20:30:00,LII,0,0,0,0,0,0,0,1,1,1,0,0
2025-07-15 20:30:01,LLY,1,0,1,0,0,0,1,1,1,1,0,0
2025-07-15 20:30:02,LIN,0,0,0,0,0,0,0,1,1,1,0,0
2025-07-15 20:30:02,LYV,0,0,0,0,0,0,0,1,1,1,0,0
2025-07-15 20:30:03,LKQ,0,0,0,0,0,0,0,0,1,1,0,0
2025-07-15 20:30:04,LMT,0,0,0,0,0,0,0,1,1,0,0,0
2025-07-15 20:30:04,L,0,0,0,0,0,0,0,0,1,1,0,0
2025-07-15 20:30:05,LOW,0,0,1,0,0,0,0,1,1,1,0,0
2025-07-15 20:30:06,LULU,0,0,1,0,0,0,0,1,1,1,0,0
2025-07-15 20:30:07,LYB,0,0,0,0,0,0,0,0,1,1,0,0
2025-07-15 20:30:07,MTB,0,0,0,0,0,0,0,1,1,1,0,0
2025-07-15 20:30:08,MPC,1,0,1,0,0,0,1,1,1,1,0,0
2025-07-15 20:30:09,MKTX,0,0,0,0,0,0,0,1,1,0,0,0
2025-07-15 20:30:10,MAR,0,0,0,0,0,0,0,1,1,1,0,0
2025-07-15 20:30:10,MMC,0,0,0,0,0,0,0,1,1,0,0,0
2025-07-15 20:30:11,MLM,0,0,0,0,0,0,0,1,1,1,0,0
2025-07-15 20:30:12,MAS,0,0,0,0,0,0,0,0,1,1,1,0
2025-07-15 20:30:13,MA,0,0,0,0,0,0,0,1,1,0,0,0
2025-07-15 20:30:13,MTCH,0,0,0,0,0,0,0,0,1,1,0,0
2025-07-15 20:30:14,MKC,0,0,0,0,0,0,0,0,1,1,0,0
2025-07-15 20:30:15,MCD,0,0,0,0,0,0,0,1,1,0,0,0
2025-07-15 20:30:15,MCK,0,0,1,0,0,0,0,1,1,0,0,0
2025-07-15 20:30:16,MDT,1,0,1,0,0,1,1,0,1,1,0,0
2025-07-15 20:30:17,MRK,0,0,1,0,0,0,0,0,1,1,0,0
2025-07-15 20:30:18,META,0,0,0,0,0,0,0,1,1,1,0,0
2025-07-15 20:30:18,MET,0,0,0,0,0,0,0,0,1,1,0,0
2025-07-15 20:30:19,MTD,0,0,0,0,0,0,0,1,1,1,0,0
2025-07-15 20:30:20,MGM,0,0,0,0,0,0,0,0,1,1,0,0
2025-07-15 20:30:21,MCHP,0,0,0,0,0,0,0,1,1,1,1,0
2025-07-15 20:30:21,MU,1,0,0,0,0,1,1,1,1,1,1,0
2025-07-15 20:30:22,MSFT,0,0,0,0,0,0,0,1,1,0,0,0
2025-07-15 20:30:23,MAA,0,0,0,0,0,0,0,1,1,1,0,0
2025-07-15 20:30:23,MRNA,1,0,1,0,0,0,1,0,1,1,0,0
2025-07-15 20:30:24,MHK,0,0,0,0,0,0,0,1,1,1,0,0
2025-07-15 20:30:25,MOH,1,0,1,0,0,0,1,1,1,1,0,0
2025-07-15 20:30:26,TAP,0,0,0,0,0,0,0,0,1,0,0,0
2025-07-15 20:30:27,MDLZ,0,0,0,0,0,0,0,0,1,0,0,0
2025-07-15 20:30:27,MPWR,0,0,0,0,0,0,0,1,1,1,1,0
2025-07-15 20:30:28,MNST,0,0,0,0,0,0,0,0,1,1,0,0
2025-07-15 20:30:29,MCO,0,0,0,0,0,0,0,1,1,1,0,0
2025-07-15 20:30:30,MS,0,0,0,0,0,0,0,1,1,1,0,0
2025-07-15 20:30:30,MOS,1,0,1,1,0,1,1,0,1,1,0,0
2025-07-15 20:30:31,MSI,0,0,0,0,0,0,0,1,1,1,0,0
2025-07-15 20:30:32,MSCI,0,0,0,0,0,0,0,1,1,1,0,0
2025-07-15 20:30:33,NDAQ,0,0,0,0,0,0,0,0,1,1,0,0
2025-07-15 20:30:33,NTAP,0,0,0,0,0,0,0,1,1,1,1,0
2025-07-15 20:30:34,NFLX,1,0,1,0,0,1,1,1,1,1,0,0
2025-07-15 20:30:35,NEM,1,0,0,1,0,1,1,0,1,1,0,0
2025-07-15 20:30:35,NWSA,0,0,0,0,0,0,0,0,1,1,1,0
2025-07-15 20:30:36,NWS,0,0,1,0,0,0,0,0,1,1,0,0
2025-07-15 20:30:37,NEE,0,0,0,0,0,0,0,1,1,1,0,0
2025-07-15 20:30:37,NKE,1,0,1,0,0,0,1,1,1,1,0,0
2025-07-15 20:30:38,NI,0,0,0,0,0,0,0,0,1,0,0,0
2025-07-15 20:30:39,NDSN,0,0,0,0,0,0,0,1,1,1,0,0
2025-07-15 20:30:40,NSC,0,0,0,0,0,0,0,1,1,0,0,0
2025-07-15 20:30:40,NTRS,0,0,0,0,0,0,0,1,1,1,0,0
2025-07-15 20:30:41,NOC,0,0,0,0,0,0,0,1,1,0,0,0
2025-07-15 20:30:42,NCLH,0,0,0,0,0,0,0,0,1,1,0,0
2025-07-15 20:30:42,NRG,0,0,0,0,0,0,0,1,1,1,0,0
2025-07-15 20:30:43,NUE,0,0,0,0,0,0,0,1,1,1,0,0
2025-07-15 20:30:44,NVDA,1,0,1,0,0,0,1,1,1,1,1,0
2025-07-15 20:30:44,NVR,0,0,0,0,0,0,0,1,1,1,0,0
2025-07-15 20:30:45,NXPI,0,0,0,0,0,0,0,1,1,1,1,0
2025-07-15 20:30:46,ORLY,0,0,0,0,0,0,0,0,1,1,0,0
2025-07-15 20:30:47,OXY,0,0,1,0,0,0,0,0,1,1,0,0
2025-07-15 20:30:47,ODFL,0,0,0,0,0,0,0,1,1,1,0,0
2025-07-15 20:30:48,OMC,0,0,0,0,0,0,0,0,1,1,1,0
2025-07-15 20:30:49,ON,0,0,1,0,0,0,0,0,1,1,1,0
2025-07-15 20:30:50,OKE,0,0,0,0,0,0,0,0,1,1,0,0
2025-07-15 20:30:50,ORCL,1,0,0,0,0,1,1,1,1,1,1,0
2025-07-15 20:30:51,OTIS,0,0,0,0,0,0,0,0,1,1,1,0
2025-07-15 20:30:52,PCAR,0,0,0,0,0,0,0,1,1,0,0,0
2025-07-15 20:30:52,PKG,0,0,0,0,0,0,0,1,1,1,0,0
2025-07-15 20:30:53,PLTR,1,0,1,0,0,0,1,1,1,1,0,0
2025-07-15 20:30:56,PANW,0,0,0,0,0,1,0,1,1,1,0,0
2025-07-15 20:30:56,PARA,0,0,0,0,0,0,0,0,1,0,0,0
2025-07-15 20:30:57,PH,0,0,0,0,0,0,0,1,1,0,0,0
2025-07-15 20:30:58,PAYX,0,0,0,0,0,0,0,1,1,1,0,0
2025-07-15 20:30:59,PAYC,0,0,0,0,0,0,0,1,1,0,0,0
2025-07-15 20:30:59,PYPL,0,0,0,0,0,0,0,0,1,0,0,0
2025-07-15 20:31:00,PNR,0,0,0,0,0,0,0,0,1,1,0,0
2025-07-15 20:31:01,PEP,0,0,0,0,0,0,0,1,1,0,0,0
2025-07-15 20:31:02,PFE,0,0,1,0,0,0,0,0,1,1,0,0
2025-07-15 20:31:02,PCG,0,0,0,0,0,0,0,0,1,1,0,0
2025-07-15 20:31:03,PM,1,0,1,0,0,1,1,1,1,0,0,0
2025-07-15 20:31:04,PSX,0,0,0,0,0,0,0,1,1,0,0,0
2025-07-15 20:31:05,PNW,0,0,0,0,0,0,0,0,1,1,0,0
2025-07-15 20:31:06,PNC,0,0,0,0,0,0,0,1,1,1,0,0
2025-07-15 20:31:07,POOL,0,0,0,0,0,0,0,1,1,1,0,0
2025-07-15 20:31:07,PPG,0,0,0,0,0,0,0,1,1,1,0,0
2025-07-15 20:31:08,PPL,1,0,0,0,0,1,1,0,1,1,0,0
2025-07-15 20:31:09,PFG,0,0,0,0,0,0,0,0,1,1,0,0
2025-07-15 20:31:10,PG,0,0,0,0,0,0,0,1,1,0,0,0
2025-07-15 20:31:10,PGR,1,0,1,0,0,0,1,1,1,1,0,0
2025-07-15 20:31:11,PLD,0,0,0,0,0,0,0,1,1,1,0,0
2025-07-15 20:31:12,PRU,0,0,0,0,0,0,0,0,1,1,0,0
2025-07-15 20:31:13,PEG,0,0,0,0,0,0,0,0,1,1,0,0
2025-07-15 20:31:13,PTC,0,0,0,0,0,0,0,1,1,1,0,0
2025-07-15 20:31:14,PSA,0,0,0,0,0,0,0,1,1,1,0,0
2025-07-15 20:31:15,PHM,0,0,0,0,0,0,0,1,1,1,0,0
2025-07-15 20:31:16,PWR,0,0,0,0,0,0,0,1,1,1,0,0
2025-07-15 20:31:16,QCOM,0,0,0,0,0,0,0,1,1,1,1,0
2025-07-15 20:31:17,DGX,1,1,1,1,0,1,1,1,1,1,0,1
2025-07-15 20:31:18,RL,0,0,1,0,0,0,0,1,1,1,0,0
2025-07-15 20:31:19,RJF,0,0,0,0,0,0,0,1,1,1,0,0
2025-07-15 20:31:19,RTX,0,0,0,0,0,0,0,1,1,1,0,0
2025-07-15 20:31:20,O,0,0,0,0,0,0,0,0,1,1,0,0
2025-07-15 20:31:21,REG,0,0,0,0,0,0,0,0,1,1,0,0
2025-07-15 20:31:22,REGN,0,0,1,0,0,0,0,1,1,1,0,0
2025-07-15 20:31:22,RF,0,0,0,0,0,0,0,0,1,1,0,0
2025-07-15 20:31:23,RSG,0,0,0,0,0,0,0,1,1,0,0,0
2025-07-15 20:31:24,RMD,1,0,0,0,0,0,1,1,1,1,1,0
2025-07-15 20:31:25,RVTY,0,0,0,0,0,0,0,1,1,1,0,0
2025-07-15 20:31:25,ROK,0,0,0,0,0,0,0,1,1,1,0,0
2025-07-15 20:31:26,ROL,0,0,0,0,0,0,0,0,1,0,0,0
2025-07-15 20:31:27,ROP,0,0,0,0,0,0,0,1,1,0,0,0
2025-07-15 20:31:28,ROST,0,0,0,0,0,0,0,1,1,1,0,0
2025-07-15 20:31:29,RCL,1,0,1,0,0,1,1,1,1,1,0,0
2025-07-15 20:31:29,SPGI,0,0,0,0,0,0,0,1,1,1,0,0
2025-07-15 20:31:30,CRM,0,0,0,0,0,0,0,1,1,1,0,0
2025-07-15 20:31:31,SBAC,0,0,0,0,0,0,0,1,1,0,0,0
2025-07-15 20:31:32,SLB,0,0,0,0,0,0,0,0,1,1,0,0
2025-07-15 20:31:32,STX,0,0,0,0,0,1,0,1,1,1,0,0
2025-07-15 20:31:33,SRE,0,0,0,0,0,0,0,0,1,0,0,0
2025-07-15 20:31:34,NOW,0,0,0,0,0,0,0,1,1,1,0,0
2025-07-15 20:31:35,SHW,0,0,0,0,0,0,0,1,1,1,0,0
2025-07-15 20:31:36,SPG,0,0,0,0,0,0,0,1,1,1,0,0
2025-07-15 20:31:37,SWKS,0,0,0,0,0,0,0,1,1,1,1,0
2025-07-15 20:31:38,SJM,0,0,1,0,0,0,0,1,1,1,0,0
2025-07-15 20:31:38,SW,0,0,0,0,0,0,0,0,1,1,0,0
2025-07-15 20:31:39,SNA,0,0,0,0,0,0,0,1,1,1,0,0
2025-07-15 20:31:40,SOLV,0,0,0,0,0,0,0,0,1,1,1,0
2025-07-15 20:31:40,SO,0,0,0,0,0,0,0,0,1,0,0,0
2025-07-15 20:31:41,LUV,0,0,0,0,0,0,0,0,1,1,0,0
2025-07-15 20:31:42,SWK,0,0,0,0,0,0,0,1,1,1,1,0
2025-07-15 20:31:43,SBUX,0,0,1,0,0,0,0,1,1,1,0,0
2025-07-15 20:31:44,STT,0,0,1,0,0,0,0,1,1,1,0,0
2025-07-15 20:31:44,STLD,0,0,0,0,0,0,0,1,1,1,0,0
2025-07-15 20:31:45,STE,0,0,0,0,0,0,0,1,1,0,1,0
2025-07-15 20:31:46,SYK,0,0,0,0,0,1,0,1,1,0,0,0
2025-07-15 20:31:46,SMCI,0,0,1,0,0,1,0,1,1,1,1,0
2025-07-15 20:31:47,SYF,0,0,0,0,0,0,0,0,1,1,0,0
2025-07-15 20:31:48,SNPS,1,0,1,0,0,1,1,1,1,1,0,0
2025-07-15 20:31:49,SYY,0,0,0,0,0,0,0,0,1,1,0,0
2025-07-15 20:31:49,TMUS,0,0,0,0,0,0,0,1,1,0,0,0
2025-07-15 20:31:50,TROW,0,0,0,0,0,0,0,0,1,1,0,0
2025-07-15 20:31:51,TTWO,0,0,0,0,0,0,0,1,1,1,0,0
2025-07-15 20:31:52,TPR,1,0,1,0,0,1,1,1,1,1,0,0
2025-07-15 20:31:53,TRGP,0,0,1,0,0,0,0,1,1,1,0,0
2025-07-15 20:31:53,TGT,0,0,0,0,0,0,0,1,1,1,0,0
2025-07-15 20:31:54,TEL,0,0,0,0,0,0,0,1,1,1,0,0
2025-07-15 20:31:55,TDY,0,0,0,0,0,0,0,1,1,1,0,0
2025-07-15 20:31:55,TER,0,0,0,0,0,0,0,1,1,1,1,0
2025-07-15 20:31:56,TSLA,0,0,0,0,0,0,0,1,1,1,0,0
2025-07-15 20:31:57,TXN,0,0,0,0,0,0,0,1,1,1,0,0
2025-07-15 20:31:58,TPL,0,0,0,0,0,0,0,1,1,1,0,0
2025-07-15 20:31:59,TXT,0,0,0,0,0,0,0,0,1,1,0,0
2025-07-15 20:31:59,TMO,0,0,1,0,0,0,0,1,1,1,0,0
2025-07-15 20:32:00,TJX,0,0,0,0,0,0,0,0,1,1,0,0
2025-07-15 20:32:01,TKO,0,0,0,0,0,0,0,1,1,1,0,0
2025-07-15 20:32:02,TSCO,0,0,0,0,0,0,0,0,1,1,0,0
2025-07-15 20:32:02,TT,0,0,0,0,0,0,0,1,1,0,0,0
2025-07-15 20:32:03,TDG,0,0,0,0,0,0,0,1,1,1,0,0
2025-07-15 20:32:04,TRV,0,0,1,0,0,0,0,1,1,1,0,0
2025-07-15 20:32:04,TRMB,0,0,0,0,0,0,0,0,1,1,0,0
2025-07-15 20:32:05,TFC,0,0,0,0,0,0,0,0,1,1,0,0
2025-07-15 20:32:06,TYL,0,0,0,0,0,0,0,1,1,1,0,0
2025-07-15 20:32:07,TSN,0,0,0,0,0,0,0,0,1,1,0,0
2025-07-15 20:32:07,USB,0,0,0,0,0,0,0,0,1,1,0,0
2025-07-15 20:32:08,UBER,0,0,0,0,0,0,0,1,1,1,1,0
2025-07-15 20:32:09,UDR,0,0,0,0,0,0,0,0,1,1,0,0
2025-07-15 20:32:09,ULTA,0,0,1,0,0,0,0,1,1,1,0,0
2025-07-15 20:32:10,UNP,0,0,0,0,0,0,0,1,1,0,0,0
2025-07-15 20:32:11,UAL,0,0,0,0,0,0,0,1,1,1,0,0
2025-07-15 20:32:12,UPS,0,0,0,0,0,0,0,1,1,0,0,0
2025-07-15 20:32:12,URI,0,0,0,0,0,0,0,1,1,1,0,0
2025-07-15 20:32:13,UNH,0,0,1,0,0,0,0,1,1,1,0,0
2025-07-15 20:32:14,UHS,1,0,1,0,0,0,1,1,1,1,0,0
2025-07-15 20:32:15,VLO,0,0,1,0,0,0,0,1,1,1,0,0
2025-07-15 20:32:15,VTR,0,0,0,0,0,0,0,0,1,1,0,0
2025-07-15 20:32:16,VLTO,0,0,0,0,0,0,0,0,1,1,0,0
2025-07-15 20:32:17,VRSN,0,0,0,0,0,0,0,1,1,0,0,0
2025-07-15 20:32:18,VRSK,0,0,0,0,0,0,0,1,1,1,0,0
2025-07-15 20:32:18,VZ,0,0,0,0,0,0,0,0,1,0,0,0
2025-07-15 20:32:19,VRTX,0,0,1,0,0,0,0,1,1,1,0,0
2025-07-15 20:32:20,VTRS,0,0,0,0,0,0,0,0,1,1,0,0
2025-07-15 20:32:20,VICI,0,0,0,0,0,0,0,0,1,1,0,0
2025-07-15 20:32:21,V,0,0,0,0,0,0,0,1,1,0,0,0
2025-07-15 20:32:22,VST,0,0,0,0,0,0,0,1,1,1,0,0
2025-07-15 20:32:23,VMC,0,0,1,0,0,0,0,1,1,1,0,0
2025-07-15 20:32:23,WRB,0,0,0,0,0,0,0,0,1,1,0,0
2025-07-15 20:32:24,GWW,0,0,0,0,0,0,0,1,1,1,0,0
2025-07-15 20:32:25,WAB,0,0,0,0,0,0,0,1,1,0,0,0
2025-07-15 20:32:25,WBA,0,0,0,0,0,0,0,0,0,0,0,0
2025-07-15 20:32:26,WMT,0,0,0,0,0,1,0,0,1,0,0,0
2025-07-15 20:32:27,DIS,0,0,0,0,0,0,0,0,1,0,0,0
2025-07-15 20:32:28,WBD,0,0,0,0,0,0,0,0,1,1,0,0
2025-07-15 20:32:28,WM,0,0,0,0,0,0,0,1,1,0,0,0
2025-07-15 20:32:29,WAT,1,0,1,0,0,0,1,1,1,1,1,0
2025-07-15 20:32:30,WEC,0,0,0,0,0,0,0,0,1,1,0,0
2025-07-15 20:32:31,WFC,1,0,1,0,0,0,1,0,1,1,0,0
2025-07-15 20:32:31,WELL,1,0,0,0,0,1,1,1,1,1,0,0
2025-07-15 20:32:32,WST,0,0,0,0,0,0,0,1,1,1,0,0
2025-07-15 20:32:33,WDC,0,0,0,0,0,0,0,0,1,0,1,0
2025-07-15 20:32:33,WY,0,0,1,0,0,0,0,0,1,1,0,0
2025-07-15 20:32:34,WSM,0,0,0,0,0,0,0,1,1,1,0,0
2025-07-15 20:32:35,WMB,1,0,1,0,0,1,1,0,1,1,0,0
2025-07-15 20:32:36,WTW,1,0,1,0,0,0,1,1,1,1,0,0
2025-07-15 20:32:36,WDAY,0,0,0,0,0,1,0,1,1,1,0,0
2025-07-15 20:32:37,WYNN,1,0,1,0,0,1,1,1,1,1,0,0
2025-07-15 20:32:37,XEL,0,0,0,0,0,0,0,0,1,1,0,0
2025-07-15 20:32:38,XYL,0,0,0,0,0,0,0,0,1,1,0,0
2025-07-15 20:32:39,YUM,0,0,0,0,0,0,0,1,1,1,0,0
2025-07-15 20:32:40,ZBRA,0,0,0,0,0,0,0,1,1,1,0,0
2025-07-15 20:32:40,ZBH,0,0,0,0,0,0,0,1,1,1,1,0
2025-07-15 20:32:41,ZTS,0,0,1,0,0,0,0,1,1,1,0,0
2025-07-15 20:32:41,MMM,0,0,0,0,0,0,0,1,1,0,0,0
2025-07-15 20:32:42,AOS,0,0,0,0,0,0,0,0,1,1,0,0
2025-07-15 20:32:43,ABT,0,0,0,0,0,1,0,1,1,1,0,0
2025-07-15 20:32:43,ABBV,1,0,1,0,0,0,1,1,1,1,0,0
2025-07-15 20:32:44,ACN,0,0,0,0,0,0,0,1,1,1,0,0
2025-07-15 20:32:45,ADBE,0,0,0,0,0,0,0,1,1,0,0,0
2025-07-15 20:32:45,AMD,1,0,1,0,0,0,1,1,1,1,1,0
2025-07-15 20:32:46,AES,1,0,1,0,0,1,1,0,1,1,1,0
2025-07-15 20:32:47,AFL,0,0,1,0,0,0,0,0,1,1,0,0
2025-07-15 20:32:48,A,0,0,1,0,0,0,0,1,1,1,0,0
2025-07-15 20:32:48,APD,0,0,0,0,0,0,0,1,1,1,0,0
2025-07-15 20:32:49,ABNB,0,0,0,0,0,0,0,1,1,1,0,0
2025-07-15 20:32:50,AKAM,0,0,0,0,0,0,0,0,1,1,0,0
2025-07-15 20:32:50,ALB,0,0,0,0,0,0,0,1,1,1,1,0
2025-07-15 20:32:51,ARE,0,0,0,0,0,0,0,1,1,1,0,0
2025-07-15 20:32:52,ALGN,0,0,0,0,0,0,0,1,1,1,1,0
2025-07-15 20:32:52,ALLE,0,0,0,0,0,0,0,1,1,1,0,0
2025-07-15 20:32:53,LNT,0,0,0,0,0,0,0,0,1,1,0,0
2025-07-15 20:32:54,ALL,0,0,1,0,0,0,0,1,1,1,0,0
2025-07-15 20:32:55,GOOGL,0,0,0,0,0,0,0,1,1,0,0,0
2025-07-15 20:32:55,GOOG,0,0,0,0,0,0,0,1,1,1,0,0
2025-07-15 20:32:56,MO,1,0,0,0,0,1,1,0,1,0,0,0
2025-07-15 20:32:57,AMZN,0,0,1,0,0,0,0,1,1,0,0,0
2025-07-15 20:32:57,AMCR,0,0,0,0,0,0,0,0,1,1,0,0
2025-07-15 20:32:58,AEE,0,0,0,0,0,0,0,0,1,0,0,0
2025-07-15 20:32:59,AEP,0,0,0,0,0,0,0,0,1,0,0,0
2025-07-15 20:33:00,AXP,0,0,0,0,0,0,0,1,1,1,0,0
2025-07-15 20:33:01,AIG,0,0,1,0,0,0,0,0,1,0,0,0
2025-07-15 20:33:01,AMT,1,0,1,0,0,0,1,1,1,1,0,0
2025-07-15 20:33:02,AWK,0,0,0,0,0,0,0,1,1,1,0,0
2025-07-15 20:33:03,AMP,0,0,0,0,0,0,0,1,1,1,0,0
2025-07-15 20:33:04,AME,0,0,0,0,0,0,0,1,1,1,0,0
2025-07-15 20:33:04,AMGN,0,0,1,0,0,0,0,1,1,1,0,0
2025-07-15 20:33:05,APH,0,0,0,0,0,0,0,0,1,1,0,0
2025-07-15 20:33:06,ADI,0,0,0,0,0,0,0,1,1,1,0,0
2025-07-15 20:33:06,ANSS,1,0,1,0,0,1,1,1,1,1,0,0
2025-07-15 20:33:07,AON,0,0,0,0,0,0,0,1,1,1,0,0
2025-07-15 20:33:08,APA,0,0,0,0,0,0,0,0,1,1,0,0
2025-07-15 20:33:09,APO,0,0,0,0,0,0,0,1,1,1,0,0
2025-07-15 20:33:09,AAPL,0,0,0,0,0,0,0,1,1,0,0,0
2025-07-15 20:33:10,AMAT,0,0,1,0,0,0,0,1,1,0,1,0
2025-07-15 20:33:11,APTV,0,0,0,0,0,0,0,0,1,1,0,0
2025-07-15 20:33:12,ACGL,0,0,0,0,0,0,0,0,1,1,0,0
2025-07-15 20:33:12,ADM,0,0,1,0,0,0,0,0,1,0,0,0
2025-07-15 20:33:13,ANET,0,0,1,0,0,0,0,1,1,1,0,0
2025-07-15 20:33:14,AJG,0,0,0,0,0,0,0,1,1,1,0,0
2025-07-15 20:33:15,AIZ,0,0,0,0,0,0,0,1,1,1,0,0
2025-07-15 20:33:16,T,0,0,0,0,0,1,0,0,1,0,0,0
2025-07-15 20:33:17,ATO,0,0,0,0,0,0,0,1,1,1,0,0
2025-07-15 20:33:18,ADSK,0,0,0,0,0,0,0,1,1,1,0,0
2025-07-15 20:33:19,ADP,0,0,0,0,0,0,0,1,1,1,0,0
2025-07-15 20:33:19,AZO,0,0,1,0,0,0,0,1,1,1,0,0
2025-07-15 20:33:20,AVB,0,0,0,0,0,0,0,1,1,1,0,0
2025-07-15 20:33:21,AVY,0,0,0,0,0,0,0,1,1,1,0,0
2025-07-15 20:33:22,AXON,0,0,0,0,0,0,0,1,1,1,0,0
2025-07-15 20:33:22,BKR,0,0,0,0,0,0,0,0,1,1,0,0
2025-07-15 20:33:23,BALL,0,0,1,0,0,0,0,0,1,1,0,0
2025-07-15 20:33:24,BAC,0,0,0,0,0,0,0,0,1,1,0,0
2025-07-15 20:33:25,BAX,0,0,0,0,0,0,0,0,1,1,0,0
2025-07-15 20:33:25,BDX,0,0,0,0,0,0,0,1,1,1,0,0
2025-07-15 20:33:26,BRK-B,0,0,0,0,0,0,0,1,0,0,0,0
2025-07-15 20:33:27,BBY,0,0,1,0,0,0,0,1,1,1,0,0
2025-07-15 20:33:27,TECH,0,0,1,0,0,0,0,1,1,1,0,0
2025-07-15 20:33:28,BIIB,0,0,0,0,0,0,0,1,1,1,0,0
2025-07-15 20:33:29,BLK,0,0,0,0,0,0,0,1,1,1,0,0
2025-07-15 20:33:29,BX,0,0,0,0,0,0,0,1,1,1,0,0
2025-07-15 20:33:30,BK,0,0,0,0,0,0,0,0,1,1,0,0
2025-07-15 20:33:31,BA,0,0,0,0,0,0,0,1,1,1,0,0
2025-07-15 20:33:32,BKNG,0,0,0,0,0,0,0,1,1,1,0,0
2025-07-15 20:33:32,BSX,0,0,0,0,0,0,0,0,1,1,0,0
2025-07-15 20:33:33,BMY,1,0,1,0,0,0,1,0,1,1,0,0
2025-07-15 20:33:34,AVGO,0,0,0,0,0,1,0,1,1,1,1,0
2025-07-15 20:33:35,BR,0,0,0,0,0,0,0,1,1,0,0,0
2025-07-15 20:33:35,BRO,0,0,0,0,0,0,0,0,1,1,0,0
2025-07-15 20:33:36,BF-B,0,0,0,0,0,0,0,0,0,1,0,0
2025-07-15 20:33:37,BLDR,0,0,0,0,0,0,0,1,1,1,0,0
2025-07-15 20:33:38,BG,0,0,1,0,0,0,0,1,1,1,0,0
2025-07-15 20:33:38,BXP,0,0,0,0,0,0,0,0,1,1,0,0
2025-07-15 20:33:39,CHRW,0,0,0,0,0,0,0,1,1,0,0,0
2025-07-15 20:33:40,CDNS,0,0,0,0,0,0,0,1,1,1,0,0
2025-07-15 20:33:40,CZR,0,0,1,0,0,0,0,0,1,1,0,0
2025-07-15 20:33:41,CPT,0,0,0,0,0,0,0,1,1,1,0,0
2025-07-15 20:33:42,CPB,0,0,1,0,0,0,0,0,1,1,0,0
2025-07-15 20:33:42,COF,0,0,0,0,0,0,0,1,1,1,0,0
2025-07-15 20:33:43,CAH,1,0,1,0,0,1,1,1,1,0,0,0
2025-07-15 20:33:44,KMX,0,0,1,0,0,0,0,1,1,1,1,0
2025-07-15 20:33:45,CCL,0,0,0,0,0,1,0,0,1,1,0,0
2025-07-15 20:33:45,CARR,0,0,0,0,0,0,0,0,1,1,0,0
2025-07-15 20:33:46,CAT,0,0,0,0,0,0,0,1,1,0,0,0
2025-07-15 20:33:47,CBOE,0,0,0,0,0,0,0,1,1,1,0,0
2025-07-15 20:33:47,CBRE,0,0,0,0,0,0,0,1,1,1,0,0
2025-07-15 20:33:48,CDW,0,0,0,0,0,0,0,1,1,1,0,0
2025-07-15 20:33:49,COR,0,0,1,0,0,0,0,1,1,1,0,0
2025-07-15 20:33:49,CNC,0,0,1,0,0,0,0,1,1,1,0,0
2025-07-15 20:33:50,CNP,0,0,0,0,0,0,0,0,1,0,0,0
2025-07-15 20:33:51,CF,0,0,0,0,0,0,0,1,1,1,0,0
2025-07-15 20:33:51,CRL,0,0,1,0,0,0,0,1,1,1,0,0
2025-07-15 20:33:52,SCHW,0,0,0,0,0,0,0,0,1,0,0,0
2025-07-15 20:33:52,CHTR,0,0,0,0,0,0,0,1,1,1,0,0
2025-07-15 20:33:53,CVX,0,0,0,0,0,0,0,1,1,0,0,0
2025-07-15 20:33:54,CMG,0,0,0,0,0,0,0,0,1,1,0,0
2025-07-15 20:33:54,CB,0,0,0,0,0,0,0,1,1,0,0,0
2025-07-15 20:33:55,CHD,0,0,0,0,0,0,0,0,1,1,0,0
2025-07-15 20:33:56,CI,1,0,1,0,0,1,1,1,1,1,0,0
2025-07-15 20:33:56,CINF,0,0,0,0,0,0,0,1,1,1,0,0
2025-07-15 20:33:57,CTAS,0,0,0,0,0,0,0,1,1,1,0,0
2025-07-15 20:33:58,CSCO,0,0,0,0,0,0,0,0,1,0,0,0
2025-07-15 20:33:58,C,0,0,0,0,0,1,0,0,1,1,1,0
2025-07-15 20:33:59,CFG,0,0,0,0,0,0,0,0,1,1,0,0
2025-07-15 20:34:00,CLX,0,0,1,0,0,0,0,1,1,1,0,0
2025-07-15 20:34:00,CME,1,0,1,0,0,1,1,1,1,0,0,0
2025-07-15 20:34:01,CMS,0,0,0,0,0,1,0,0,1,0,0,0
2025-07-15 20:34:02,KO,0,0,0,0,0,0,0,0,1,0,0,0
2025-07-15 20:34:02,CTSH,0,0,0,0,0,0,0,0,1,1,0,0
2025-07-15 20:34:03,COIN,1,1,1,0,0,0,1,1,1,1,0,0
2025-07-15 20:34:04,CL,0,0,0,0,0,0,0,0,1,1,0,0
2025-07-15 20:34:04,CMCSA,0,0,0,0,0,0,0,0,1,1,0,0
2025-07-15 20:34:05,CAG,0,0,0,0,0,0,0,0,1,1,0,0
2025-07-15 20:34:06,COP,0,0,0,0,0,0,0,1,1,1,0,0
2025-07-15 20:34:07,ED,0,0,0,0,0,0,0,0,1,0,0,0
2025-07-15 20:34:07,STZ,1,1,1,0,0,1,1,1,1,1,0,0
2025-07-15 20:34:08,CEG,0,0,0,0,0,0,0,1,1,1,0,0
2025-07-15 20:34:09,COO,0,0,0,0,0,0,0,0,1,1,0,0
2025-07-15 20:34:09,CPRT,0,0,1,0,0,0,0,0,1,1,0,0
2025-07-15 20:34:10,GLW,0,0,0,0,0,0,0,0,1,1,0,0
2025-07-15 20:34:11,CPAY,0,0,0,0,0,0,0,1,1,1,0,0
2025-07-15 20:34:11,CTVA,0,0,0,0,0,0,0,0,1,1,0,0
2025-07-15 20:34:12,CSGP,0,0,0,0,0,0,0,0,1,1,0,0
2025-07-15 20:34:13,COST,0,0,0,0,0,0,0,1,1,0,0,0
2025-07-15 20:34:13,CTRA,0,0,1,0,0,0,0,0,1,1,0,0
2025-07-15 20:34:14,CRWD,0,0,0,0,0,0,0,1,1,1,0,0
2025-07-15 20:34:15,CCI,0,0,1,0,0,0,0,1,1,1,0,0
2025-07-15 20:34:15,CSX,0,0,0,0,0,0,0,0,1,1,0,0
2025-07-15 20:34:16,CMI,1,0,1,0,0,1,1,1,1,0,0,0
2025-07-15 20:34:17,CVS,1,0,1,0,0,1,1,0,1,1,0,0
2025-07-15 20:34:17,DHR,0,0,0,0,0,0,0,1,1,1,0,0
2025-07-15 20:34:18,DRI,0,0,0,0,0,0,0,1,1,0,0,0
2025-07-15 20:34:19,DDOG,0,0,0,0,0,0,0,1,1,1,0,0
2025-07-15 20:34:19,DVA,1,0,1,0,0,0,1,1,1,1,0,0
2025-07-15 20:34:20,DAY,0,0,0,0,0,0,0,0,1,1,0,0
2025-07-15 20:34:20,DECK,0,0,0,0,0,0,0,1,1,1,0,0
2025-07-15 20:34:21,DE,0,0,0,0,0,0,0,1,1,1,0,0
2025-07-15 20:34:22,DELL,0,0,0,0,0,0,0,1,1,1,1,0
2025-07-15 20:34:22,DAL,0,0,0,0,0,0,0,1,1,1,0,0
2025-07-15 20:34:23,DVN,0,0,0,0,0,0,0,0,1,1,0,0
2025-07-15 20:34:24,DXCM,0,0,0,0,0,0,0,1,1,1,0,0
2025-07-15 20:34:24,FANG,0,0,0,0,0,0,0,1,1,1,0,0
2025-07-15 20:34:25,DLR,0,0,1,0,0,0,0,1,1,0,0,0
2025-07-15 20:34:26,DG,0,0,0,0,0,0,0,1,1,0,0,0
2025-07-15 20:34:26,DLTR,0,0,1,0,0,0,0,1,1,1,0,0
2025-07-15 20:34:27,D,0,0,0,0,0,0,0,0,1,1,0,0
2025-07-15 20:34:28,DPZ,0,0,0,0,0,0,0,1,1,1,0,0
2025-07-15 20:34:28,DASH,0,0,0,0,0,1,0,1,1,1,0,0
2025-07-15 20:34:29,DOV,0,0,0,0,0,0,0,1,1,1,1,0
2025-07-15 20:34:29,DOW,0,0,0,0,0,0,0,0,1,1,1,0
2025-07-15 20:34:30,DHI,0,0,1,0,0,0,0,1,1,1,0,0
2025-07-15 20:34:31,DTE,0,0,0,0,0,0,0,1,1,0,0,0
2025-07-15 20:34:31,DUK,0,0,0,0,0,1,0,0,1,1,0,0
2025-07-15 20:34:32,DD,0,0,0,0,0,0,0,0,1,1,1,0
2025-07-15 20:34:33,EMN,0,0,0,0,0,0,0,1,1,1,0,0
2025-07-15 20:34:33,ETN,0,0,0,0,0,0,0,1,1,1,1,0
2025-07-15 20:34:34,EBAY,0,0,0,0,0,0,0,0,1,1,0,0
2025-07-15 20:34:35,ECL,0,0,0,0,0,0,0,1,1,0,0,0
2025-07-15 20:34:35,EIX,0,0,0,0,0,0,0,0,1,1,0,0
2025-07-15 20:34:36,EW,0,0,0,0,0,0,0,0,1,1,0,0
2025-07-15 20:34:37,EA,0,0,0,0,0,1,0,1,1,1,0,0
2025-07-15 20:34:37,ELV,0,0,1,0,0,0,0,1,1,1,0,0
2025-07-15 20:34:38,EMR,0,0,0,0,0,0,0,1,1,0,0,0
2025-07-15 20:34:38,ENPH,1,1,1,0,0,0,1,1,1,1,0,0
2025-07-15 20:34:39,ETR,0,0,0,0,0,1,0,0,1,1,0,0
2025-07-15 20:34:40,EOG,0,0,0,0,0,0,0,1,1,1,0,0
2025-07-15 20:34:40,EPAM,0,0,0,0,0,0,0,1,1,1,0,0
2025-07-15 20:34:41,EQT,1,0,1,0,0,1,1,0,1,1,0,0
2025-07-15 20:34:42,EFX,0,0,0,0,0,0,0,1,1,1,0,0
2025-07-15 20:34:42,EQIX,0,0,0,0,0,0,0,1,1,1,0,0
2025-07-15 20:34:43,EQR,0,0,0,0,0,0,0,0,1,1,0,0
2025-07-15 20:34:44,ERIE,0,0,0,0,0,0,0,1,1,0,0,0
2025-07-15 20:34:44,ESS,0,0,0,0,0,0,0,1,1,1,0,0
2025-07-15 20:34:45,EL,0,0,1,0,0,0,0,1,1,1,0,0
2025-07-15 20:34:45,EG,0,0,0,0,0,0,0,1,1,1,0,0
2025-07-15 20:34:46,EVRG,0,0,0,0,0,0,0,0,1,1,0,0
2025-07-15 20:34:47,ES,0,0,0,0,0,0,0,0,1,1,0,0
2025-07-15 20:34:47,EXC,0,0,0,0,0,0,0,0,1,0,0,0
2025-07-15 20:34:48,EXE,0,0,0,0,0,0,0,1,1,1,0,0
2025-07-15 20:34:49,EXPE,0,0,1,0,0,0,0,1,1,1,0,0
2025-07-15 20:34:49,EXPD,0,0,0,0,0,0,0,1,1,1,0,0
2025-07-15 20:34:50,EXR,0,0,0,0,0,0,0,1,1,1,0,0
2025-07-15 20:34:51,XOM,0,0,1,0,0,0,0,0,1,0,0,0
2025-07-15 20:34:51,FFIV,0,0,0,0,0,0,0,1,1,1,0,0
2025-07-15 20:34:52,FDS,0,0,0,0,0,0,0,1,1,1,0,0
2025-07-15 20:34:53,FICO,1,0,1,0,0,1,1,1,1,1,0,0
2025-07-15 20:34:53,FAST,0,0,0,0,0,0,0,0,1,1,0,0
2025-07-15 20:34:54,FRT,0,0,0,0,0,0,0,0,1,1,0,0
2025-07-15 20:34:55,FDX,0,0,0,0,0,0,0,1,1,1,0,0
2025-07-15 20:34:55,FIS,0,0,0,0,0,0,0,0,1,0,0,0
2025-07-15 20:34:56,FITB,0,0,0,0,0,0,0,0,1,1,0,0
2025-07-15 20:34:56,FSLR,1,0,1,0,0,1,1,1,1,1,1,0
2025-07-15 20:34:57,FE,0,0,0,0,0,0,0,0,1,0,0,0
2025-07-15 20:34:58,FI,0,0,0,0,0,0,0,1,1,1,0,0
2025-07-15 20:34:58,F,0,0,1,0,0,0,0,0,1,1,0,0
2025-07-15 20:34:59,FTNT,0,0,0,0,0,1,0,1,1,1,0,0
2025-07-15 20:35:00,FTV,0,0,0,0,0,0,0,0,1,1,0,0
2025-07-15 20:35:00,FOXA,0,0,0,0,0,0,0,0,1,1,0,0
2025-07-15 20:35:01,FOX,0,0,0,0,0,0,0,0,1,1,0,0
2025-07-15 20:35:02,BEN,0,0,0,0,0,0,0,0,1,1,0,0
2025-07-15 20:35:02,FCX,1,0,1,1,0,1,1,0,1,1,0,0
2025-07-15 20:35:03,GRMN,0,0,0,0,0,0,0,1,1,0,0,0
2025-07-15 20:35:03,IT,0,0,0,0,0,0,0,1,1,1,0,0
2025-07-15 20:35:04,GE,1,0,1,0,0,1,1,1,1,0,0,0
2025-07-15 20:35:05,GEHC,1,0,1,1,0,1,1,0,1,1,0,0
2025-07-15 20:35:05,GEV,1,0,0,0,0,1,1,1,1,1,0,0
2025-07-15 20:35:06,GEN,0,0,0,0,0,0,0,0,1,0,0,0
2025-07-15 20:35:06,GNRC,0,0,0,0,0,0,0,1,1,1,0,0
2025-07-15 20:35:07,GD,0,0,0,0,0,0,0,1,1,1,0,0
2025-07-15 20:35:08,GIS,0,0,0,0,0,0,0,0,1,1,0,0
2025-07-15 20:35:08,GM,0,0,0,0,0,0,0,0,1,1,0,0
2025-07-15 20:35:09,GPC,0,0,0,0,0,0,0,1,1,1,0,0
2025-07-15 20:35:10,GILD,0,0,0,0,0,0,0,1,1,1,0,0
2025-07-15 20:35:10,GPN,0,0,0,0,0,0,0,0,1,1,0,0
2025-07-15 20:35:11,GL,0,0,0,0,0,0,0,1,1,1,0,0
2025-07-15 20:35:11,GDDY,0,0,0,0,0,0,0,1,1,0,0,0
2025-07-15 20:35:12,GS,0,0,0,0,0,0,0,1,1,1,0,0
2025-07-15 20:35:13,HAL,0,0,0,0,0,0,0,0,1,1,0,0
2025-07-15 20:35:13,HIG,0,0,0,0,0,0,0,1,1,1,0,0
2025-07-15 20:35:14,HAS,0,0,0,0,0,0,0,0,1,1,0,0
2025-07-15 20:35:15,HCA,1,0,1,0,0,0,1,1,1,1,0,0
2025-07-15 20:35:15,DOC,0,0,0,0,0,0,0,0,1,1,0,0
2025-07-15 20:35:16,HSIC,0,0,0,0,0,0,0,0,1,1,0,0
2025-07-15 20:35:16,HSY,0,0,0,0,0,0,0,1,1,1,0,0
2025-07-15 20:35:17,HES,0,0,0,0,0,0,0,1,1,0,0,0
2025-07-15 20:35:18,HPE,0,0,0,0,0,0,0,0,1,1,0,0
2025-07-15 20:35:18,HLT,0,0,0,0,0,0,0,1,1,1,0,0
2025-07-15 20:35:19,HOLX,0,0,0,0,0,0,0,0,1,1,0,0
2025-07-15 20:35:20,HD,0,0,1,0,0,0,0,1,1,1,0,0
2025-07-15 20:35:21,HON,0,0,0,0,0,0,0,1,1,0,0,0
2025-07-15 20:35:21,HRL,0,0,0,0,0,0,0,0,1,1,0,0
2025-07-15 20:35:22,HST,0,0,0,0,0,0,0,0,1,1,0,0
2025-07-15 20:35:23,HWM,0,0,0,0,0,1,0,1,1,1,0,0
2025-07-15 20:35:23,HPQ,0,0,0,0,0,0,0,0,1,1,0,0
2025-07-15 20:35:24,HUBB,0,0,0,0,0,0,0,1,1,1,0,0
2025-07-15 20:35:25,HUM,0,0,1,0,0,0,0,1,1,1,0,0
2025-07-15 20:35:25,HBAN,0,0,0,0,0,0,0,0,1,1,0,0
2025-07-15 20:35:26,HII,0,0,0,0,0,0,0,1,1,1,0,0
2025-07-15 20:35:27,IBM,0,0,0,0,0,1,0,1,1,0,0,0
2025-07-15 20:35:27,IEX,0,0,0,0,0,0,0,1,1,1,0,0
2025-07-15 20:35:28,IDXX,0,0,0,0,0,0,0,1,1,0,0,0
2025-07-15 20:35:28,ITW,0,0,0,0,0,0,0,1,1,0,0,0
2025-07-15 20:35:29,INCY,0,0,0,0,0,0,0,1,1,1,0,0
2025-07-15 20:35:30,IR,0,0,0,0,0,0,0,0,1,1,0,0
2025-07-15 20:35:30,PODD,0,0,0,0,0,0,0,1,1,0,0,0
2025-07-15 20:35:31,INTC,0,0,0,0,0,0,0,0,1,1,1,0
2025-07-15 20:35:31,ICE,0,0,0,0,0,0,0,1,1,0,0,0
2025-07-15 20:35:32,IFF,0,0,0,0,0,0,0,0,1,1,0,0
2025-07-15 20:35:33,IP,0,0,1,0,0,0,0,0,1,1,0,0
2025-07-15 20:35:33,IPG,0,0,0,0,0,0,0,0,1,1,0,0
2025-07-15 20:35:34,INTU,0,0,0,0,0,0,0,1,1,1,0,0
2025-07-15 20:35:35,ISRG,0,0,0,0,0,0,0,1,1,1,0,0
2025-07-15 20:35:35,IVZ,0,0,0,0,0,0,0,0,1,1,0,0
2025-07-15 20:35:36,INVH,0,0,0,0,0,0,0,0,1,1,0,0
2025-07-15 20:35:36,IQV,0,0,0,0,0,0,0,1,1,1,0,0
2025-07-15 20:35:37,IRM,0,0,0,0,0,0,0,1,1,1,0,0
2025-07-15 20:35:38,JBHT,0,0,0,0,0,0,0,1,1,1,0,0
2025-07-15 20:35:38,JBL,0,0,0,0,0,0,0,1,1,1,0,0
2025-07-15 20:35:39,JKHY,0,0,0,0,0,0,0,1,1,0,0,0
2025-07-15 20:35:40,J,0,0,0,0,0,0,0,1,1,1,0,0
2025-07-15 20:35:41,JNJ,0,0,0,0,0,0,0,1,1,1,0,0
2025-07-15 20:35:41,JCI,0,0,0,0,0,0,0,0,1,0,0,0
2025-07-15 20:35:42,JPM,0,0,0,0,0,0,0,1,1,1,0,0
2025-07-15 20:35:42,K,0,0,0,0,0,0,0,0,0,0,0,0
2025-07-15 20:35:43,KVUE,1,0,1,0,0,0,1,0,1,1,0,0
2025-07-15 20:35:44,KDP,0,0,0,0,0,0,0,0,1,1,0,0
2025-07-15 20:35:44,KEY,0,0,0,0,0,0,0,0,1,1,0,0
2025-07-15 20:35:45,KEYS,0,0,0,0,0,0,0,1,1,1,0,0
2025-07-15 20:35:46,KMB,0,0,1,0,0,0,0,1,1,0,0,0
2025-07-15 20:35:46,KIM,0,0,0,0,0,0,0,0,1,1,0,0
2025-07-15 20:35:47,KMI,0,0,1,0,0,0,0,0,1,1,0,0
2025-07-15 20:35:48,KKR,0,0,0,0,0,0,0,1,1,1,0,0
2025-07-15 20:35:48,KLAC,0,0,0,0,0,0,0,1,1,0,1,0
2025-07-15 20:35:49,KHC,0,0,1,0,0,0,0,0,1,1,0,0
2025-07-15 20:35:50,KR,1,0,1,0,0,1,1,0,1,0,0,0
2025-07-15 20:35:51,LHX,0,0,0,0,0,0,0,1,1,0,0,0
2025-07-15 20:35:51,LH,0,0,1,0,0,0,0,1,1,1,0,0
2025-07-15 20:35:52,LRCX,0,0,0,0,0,0,0,0,1,1,1,0
2025-07-15 20:35:53,LW,0,0,0,0,0,0,0,0,1,1,0,0
2025-07-15 20:35:54,LVS,0,0,0,0,0,0,0,0,1,0,0,0
2025-07-15 20:35:54,LDOS,0,0,0,0,0,0,0,1,1,1,0,0
2025-07-15 20:35:55,LEN,0,0,0,0,0,0,0,1,1,1,0,0
2025-07-15 20:35:56,LII,0,0,0,0,0,0,0,1,1,1,0,0
2025-07-15 20:35:56,LLY,1,0,1,0,0,0,1,1,1,1,0,0
2025-07-15 20:35:57,LIN,0,0,0,0,0,0,0,1,1,1,0,0
2025-07-15 20:35:58,LYV,0,0,0,0,0,0,0,1,1,1,0,0
2025-07-15 20:35:59,LKQ,0,0,0,0,0,0,0,0,1,1,0,0
2025-07-15 20:35:59,LMT,0,0,0,0,0,0,0,1,1,0,0,0
2025-07-15 20:36:00,L,0,0,0,0,0,0,0,0,1,1,0,0
2025-07-15 20:36:01,LOW,0,0,1,0,0,0,0,1,1,1,0,0
2025-07-15 20:36:02,LULU,0,0,1,0,0,0,0,1,1,1,0,0
2025-07-15 20:36:02,LYB,0,0,0,0,0,0,0,0,1,1,0,0
2025-07-15 20:36:03,MTB,0,0,0,0,0,0,0,1,1,1,0,0
2025-07-15 20:36:04,MPC,1,0,1,0,0,0,1,1,1,1,0,0
2025-07-15 20:36:05,MKTX,0,0,0,0,0,0,0,1,1,0,0,0
2025-07-15 20:36:05,MAR,0,0,0,0,0,0,0,1,1,1,0,0
2025-07-15 20:36:06,MMC,0,0,0,0,0,0,0,1,1,0,0,0
2025-07-15 20:36:07,MLM,0,0,0,0,0,0,0,1,1,1,0,0
2025-07-15 20:36:08,MAS,0,0,0,0,0,0,0,0,1,1,1,0
2025-07-15 20:36:08,MA,0,0,0,0,0,0,0,1,1,0,0,0
2025-07-15 20:36:09,MTCH,0,0,0,0,0,0,0,0,1,1,0,0
2025-07-15 20:36:10,MKC,0,0,0,0,0,0,0,0,1,1,0,0
2025-07-15 20:36:11,MCD,0,0,0,0,0,0,0,1,1,0,0,0
2025-07-15 20:36:11,MCK,0,0,1,0,0,0,0,1,1,0,0,0
2025-07-15 20:36:12,MDT,1,0,1,0,0,1,1,0,1,1,0,0
2025-07-15 20:36:13,MRK,0,0,1,0,0,0,0,0,1,1,0,0
2025-07-15 20:36:14,META,0,0,0,0,0,0,0,1,1,1,0,0
2025-07-15 20:36:14,MET,0,0,0,0,0,0,0,0,1,1,0,0
2025-07-15 20:36:15,MTD,0,0,0,0,0,0,0,1,1,1,0,0
2025-07-15 20:36:16,MGM,0,0,0,0,0,0,0,0,1,1,0,0
2025-07-15 20:36:17,MCHP,0,0,0,0,0,0,0,1,1,1,1,0
2025-07-15 20:36:17,MU,1,0,0,0,0,1,1,1,1,1,1,0
2025-07-15 20:36:18,MSFT,0,0,0,0,0,0,0,1,1,0,0,0
2025-07-15 20:36:19,MAA,0,0,0,0,0,0,0,1,1,1,0,0
2025-07-15 20:36:20,MRNA,1,0,1,0,0,0,1,0,1,1,0,0
2025-07-15 20:36:20,MHK,0,0,0,0,0,0,0,1,1,1,0,0
2025-07-15 20:36:21,MOH,1,0,1,0,0,0,1,1,1,1,0,0
2025-07-15 20:36:22,TAP,0,0,0,0,0,0,0,0,1,0,0,0
2025-07-15 20:36:22,MDLZ,0,0,0,0,0,0,0,0,1,0,0,0
2025-07-15 20:36:23,MPWR,0,0,0,0,0,0,0,1,1,1,1,0
2025-07-15 20:36:24,MNST,0,0,0,0,0,0,0,0,1,1,0,0
2025-07-15 20:36:25,MCO,0,0,0,0,0,0,0,1,1,1,0,0
2025-07-15 20:36:25,MS,0,0,0,0,0,0,0,1,1,1,0,0
2025-07-15 20:36:26,MOS,1,0,1,1,0,1,1,0,1,1,0,0
2025-07-15 20:36:27,MSI,0,0,0,0,0,0,0,1,1,1,0,0
2025-07-15 20:36:28,MSCI,0,0,0,0,0,0,0,1,1,1,0,0
2025-07-15 20:36:28,NDAQ,0,0,0,0,0,0,0,0,1,1,0,0
2025-07-15 20:36:29,NTAP,0,0,0,0,0,0,0,1,1,1,1,0
2025-07-15 20:36:31,NFLX,1,0,1,0,0,1,1,1,1,1,0,0
2025-07-15 20:36:32,NEM,1,0,0,1,0,1,1,0,1,1,0,0
2025-07-15 20:36:32,NWSA,0,0,0,0,0,0,0,0,1,1,1,0
2025-07-15 20:36:33,NWS,0,0,1,0,0,0,0,0,1,1,0,0
2025-07-15 20:36:34,NEE,0,0,0,0,0,0,0,1,1,1,0,0
2025-07-15 20:36:34,NKE,1,0,1,0,0,0,1,1,1,1,0,0
2025-07-15 20:36:35,NI,0,0,0,0,0,0,0,0,1,0,0,0
2025-07-15 20:36:36,NDSN,0,0,0,0,0,0,0,1,1,1,0,0
2025-07-15 20:36:37,NSC,0,0,0,0,0,0,0,1,1,0,0,0
2025-07-15 20:36:37,NTRS,0,0,0,0,0,0,0,1,1,1,0,0
2025-07-15 20:36:38,NOC,0,0,0,0,0,0,0,1,1,0,0,0
2025-07-15 20:36:39,NCLH,0,0,0,0,0,0,0,0,1,1,0,0
2025-07-15 20:36:40,NRG,0,0,0,0,0,0,0,1,1,1,0,0
2025-07-15 20:36:40,NUE,0,0,0,0,0,0,0,1,1,1,0,0
2025-07-15 20:36:41,NVDA,1,0,1,0,0,0,1,1,1,1,1,0
2025-07-15 20:36:42,NVR,0,0,0,0,0,0,0,1,1,1,0,0
2025-07-15 20:36:43,NXPI,0,0,0,0,0,0,0,1,1,1,1,0
2025-07-15 20:36:43,ORLY,0,0,0,0,0,0,0,0,1,1,0,0
2025-07-15 20:36:44,OXY,0,0,1,0,0,0,0,0,1,1,0,0
2025-07-15 20:36:45,ODFL,0,0,0,0,0,0,0,1,1,1,0,0
2025-07-15 20:36:46,OMC,0,0,0,0,0,0,0,0,1,1,1,0
2025-07-15 20:36:46,ON,0,0,1,0,0,0,0,0,1,1,1,0
2025-07-15 20:36:47,OKE,0,0,0,0,0,0,0,0,1,1,0,0
2025-07-15 20:36:48,ORCL,1,0,0,0,0,1,1,1,1,1,1,0
2025-07-15 20:36:48,OTIS,0,0,0,0,0,0,0,0,1,1,1,0
2025-07-15 20:36:49,PCAR,0,0,0,0,0,0,0,1,1,0,0,0
2025-07-15 20:36:50,PKG,0,0,0,0,0,0,0,1,1,1,0,0
2025-07-15 20:36:51,PLTR,1,0,1,0,0,0,1,1,1,1,0,0
2025-07-15 20:36:51,PANW,0,0,0,0,0,1,0,1,1,1,0,0
2025-07-15 20:36:52,PARA,0,0,0,0,0,0,0,0,1,0,0,0
2025-07-15 20:36:53,PH,0,0,0,0,0,0,0,1,1,0,0,0
2025-07-15 20:36:54,PAYX,0,0,0,0,0,0,0,1,1,1,0,0
2025-07-15 20:36:54,PAYC,0,0,0,0,0,0,0,1,1,0,0,0
2025-07-15 20:36:55,PYPL,0,0,0,0,0,0,0,0,1,0,0,0
2025-07-15 20:36:56,PNR,0,0,0,0,0,0,0,0,1,1,0,0
2025-07-15 20:36:56,PEP,0,0,0,0,0,0,0,1,1,0,0,0
2025-07-15 20:36:57,PFE,0,0,1,0,0,0,0,0,1,1,0,0
2025-07-15 20:36:58,PCG,0,0,0,0,0,0,0,0,1,1,0,0
2025-07-15 20:36:59,PM,1,0,1,0,0,1,1,1,1,0,0,0
2025-07-15 20:36:59,PSX,0,0,0,0,0,0,0,1,1,0,0,0
2025-07-15 20:37:00,PNW,0,0,0,0,0,0,0,0,1,1,0,0
2025-07-15 20:37:01,PNC,0,0,0,0,0,0,0,1,1,1,0,0
2025-07-15 20:37:02,POOL,0,0,0,0,0,0,0,1,1,1,0,0
2025-07-15 20:37:02,PPG,0,0,0,0,0,0,0,1,1,1,0,0
2025-07-15 20:37:03,PPL,1,0,0,0,0,1,1,0,1,1,0,0
2025-07-15 20:37:04,PFG,0,0,0,0,0,0,0,0,1,1,0,0
2025-07-15 20:37:04,PG,0,0,0,0,0,0,0,1,1,0,0,0
2025-07-15 20:37:05,PGR,1,0,1,0,0,0,1,1,1,1,0,0
2025-07-15 20:37:06,PLD,0,0,0,0,0,0,0,1,1,1,0,0
2025-07-15 20:37:06,PRU,0,0,0,0,0,0,0,0,1,1,0,0
2025-07-15 20:37:07,PEG,0,0,0,0,0,0,0,0,1,1,0,0
2025-07-15 20:37:08,PTC,0,0,0,0,0,0,0,1,1,1,0,0
2025-07-15 20:37:08,PSA,0,0,0,0,0,0,0,1,1,1,0,0
2025-07-15 20:37:09,PHM,0,0,0,0,0,0,0,1,1,1,0,0
2025-07-15 20:37:10,PWR,0,0,0,0,0,0,0,1,1,1,0,0
2025-07-15 20:37:10,QCOM,0,0,0,0,0,0,0,1,1,1,1,0
2025-07-15 20:37:11,DGX,1,1,1,1,0,1,1,1,1,1,0,1
2025-07-15 20:37:12,RL,0,0,1,0,0,0,0,1,1,1,0,0
2025-07-15 20:37:12,RJF,0,0,0,0,0,0,0,1,1,1,0,0
2025-07-15 20:37:13,RTX,0,0,0,0,0,0,0,1,1,1,0,0
2025-07-15 20:37:14,O,0,0,0,0,0,0,0,0,1,1,0,0
2025-07-15 20:37:14,REG,0,0,0,0,0,0,0,0,1,1,0,0
2025-07-15 20:37:15,REGN,0,0,1,0,0,0,0,1,1,1,0,0
2025-07-15 20:37:16,RF,0,0,0,0,0,0,0,0,1,1,0,0
2025-07-15 20:37:16,RSG,0,0,0,0,0,0,0,1,1,0,0,0
2025-07-15 20:37:17,RMD,1,0,0,0,0,0,1,1,1,1,1,0
2025-07-15 20:37:18,RVTY,0,0,0,0,0,0,0,1,1,1,0,0
2025-07-15 20:37:18,ROK,0,0,0,0,0,0,0,1,1,1,0,0
2025-07-15 20:37:19,ROL,0,0,0,0,0,0,0,0,1,0,0,0
2025-07-15 20:37:20,ROP,0,0,0,0,0,0,0,1,1,0,0,0
2025-07-15 20:37:20,ROST,0,0,0,0,0,0,0,1,1,1,0,0
2025-07-15 20:37:21,RCL,1,0,1,0,0,1,1,1,1,1,0,0
2025-07-15 20:37:22,SPGI,0,0,0,0,0,0,0,1,1,1,0,0
2025-07-15 20:37:22,CRM,0,0,0,0,0,0,0,1,1,1,0,0
2025-07-15 20:37:23,SBAC,0,0,0,0,0,0,0,1,1,0,0,0
2025-07-15 20:37:24,SLB,0,0,0,0,0,0,0,0,1,1,0,0
2025-07-15 20:37:24,STX,0,0,0,0,0,1,0,1,1,1,0,0
2025-07-15 20:37:25,SRE,0,0,0,0,0,0,0,0,1,0,0,0
2025-07-15 20:37:26,NOW,0,0,0,0,0,0,0,1,1,1,0,0
2025-07-15 20:37:26,SHW,0,0,0,0,0,0,0,1,1,1,0,0
2025-07-15 20:37:27,SPG,0,0,0,0,0,0,0,1,1,1,0,0
2025-07-15 20:37:28,SWKS,0,0,0,0,0,0,0,1,1,1,1,0
2025-07-15 20:37:28,SJM,0,0,1,0,0,0,0,1,1,1,0,0
2025-07-15 20:37:29,SW,0,0,0,0,0,0,0,0,1,1,0,0
2025-07-15 20:37:30,SNA,0,0,0,0,0,0,0,1,1,1,0,0
2025-07-15 20:37:30,SOLV,0,0,0,0,0,0,0,0,1,1,1,0
2025-07-15 20:37:31,SO,0,0,0,0,0,0,0,0,1,0,0,0
2025-07-15 20:37:32,LUV,0,0,0,0,0,0,0,0,1,1,0,0
2025-07-15 20:37:33,SWK,0,0,0,0,0,0,0,1,1,1,1,0
2025-07-15 20:37:33,SBUX,0,0,1,0,0,0,0,1,1,1,0,0
2025-07-15 20:37:34,STT,0,0,1,0,0,0,0,1,1,1,0,0
2025-07-15 20:37:34,STLD,0,0,0,0,0,0,0,1,1,1,0,0
2025-07-15 20:37:35,STE,0,0,0,0,0,0,0,1,1,0,1,0
2025-07-15 20:37:36,SYK,0,0,0,0,0,1,0,1,1,0,0,0
2025-07-15 20:37:36,SMCI,0,0,1,0,0,1,0,1,1,1,1,0
2025-07-15 20:37:37,SYF,0,0,0,0,0,0,0,0,1,1,0,0
2025-07-15 20:37:38,SNPS,1,0,1,0,0,1,1,1,1,1,0,0
2025-07-15 20:37:38,SYY,0,0,0,0,0,0,0,0,1,1,0,0
2025-07-15 20:37:39,TMUS,0,0,0,0,0,0,0,1,1,0,0,0
2025-07-15 20:37:40,TROW,0,0,0,0,0,0,0,0,1,1,0,0
2025-07-15 20:37:40,TTWO,0,0,0,0,0,0,0,1,1,1,0,0
2025-07-15 20:37:41,TPR,1,0,1,0,0,1,1,1,1,1,0,0
2025-07-15 20:37:42,TRGP,0,0,1,0,0,0,0,1,1,1,0,0
2025-07-15 20:37:42,TGT,0,0,0,0,0,0,0,1,1,1,0,0
2025-07-15 20:37:43,TEL,0,0,0,0,0,0,0,1,1,1,0,0
2025-07-15 20:37:43,TDY,0,0,0,0,0,0,0,1,1,1,0,0
2025-07-15 20:37:44,TER,0,0,0,0,0,0,0,1,1,1,1,0
2025-07-15 20:37:45,TSLA,0,0,0,0,0,0,0,1,1,1,0,0
2025-07-15 20:37:45,TXN,0,0,0,0,0,0,0,1,1,1,0,0
2025-07-15 20:37:47,TPL,0,0,0,0,0,0,0,1,1,1,0,0
2025-07-15 20:37:48,TXT,0,0,0,0,0,0,0,0,1,1,0,0
2025-07-15 20:37:49,TMO,0,0,1,0,0,0,0,1,1,1,0,0
2025-07-15 20:37:49,TJX,0,0,0,0,0,0,0,0,1,1,0,0
2025-07-15 20:37:50,TKO,0,0,0,0,0,0,0,1,1,1,0,0
2025-07-15 20:37:51,TSCO,0,0,0,0,0,0,0,0,1,1,0,0
2025-07-15 20:37:52,TT,0,0,0,0,0,0,0,1,1,0,0,0
2025-07-15 20:37:52,TDG,0,0,0,0,0,0,0,1,1,1,0,0
2025-07-15 20:37:53,TRV,0,0,1,0,0,0,0,1,1,1,0,0
2025-07-15 20:37:54,TRMB,0,0,0,0,0,0,0,0,1,1,0,0
2025-07-15 20:37:54,TFC,0,0,0,0,0,0,0,0,1,1,0,0
2025-07-15 20:37:55,TYL,0,0,0,0,0,0,0,1,1,1,0,0
2025-07-15 20:37:56,TSN,0,0,0,0,0,0,0,0,1,1,0,0
2025-07-15 20:37:56,USB,0,0,0,0,0,0,0,0,1,1,0,0
2025-07-15 20:37:57,UBER,0,0,0,0,0,0,0,1,1,1,1,0
2025-07-15 20:37:58,UDR,0,0,0,0,0,0,0,0,1,1,0,0
2025-07-15 20:37:58,ULTA,0,0,1,0,0,0,0,1,1,1,0,0
2025-07-15 20:37:59,UNP,0,0,0,0,0,0,0,1,1,0,0,0
2025-07-15 20:38:00,UAL,0,0,0,0,0,0,0,1,1,1,0,0
2025-07-15 20:38:00,UPS,0,0,0,0,0,0,0,1,1,0,0,0
2025-07-15 20:38:01,URI,0,0,0,0,0,0,0,1,1,1,0,0
2025-07-15 20:38:02,UNH,0,0,1,0,0,0,0,1,1,1,0,0
2025-07-15 20:38:03,UHS,1,0,1,0,0,0,1,1,1,1,0,0
2025-07-15 20:38:03,VLO,0,0,1,0,0,0,0,1,1,1,0,0
2025-07-15 20:38:04,VTR,0,0,0,0,0,0,0,0,1,1,0,0
2025-07-15 20:38:05,VLTO,0,0,0,0,0,0,0,0,1,1,0,0
2025-07-15 20:38:05,VRSN,0,0,0,0,0,0,0,1,1,0,0,0
2025-07-15 20:38:06,VRSK,0,0,0,0,0,0,0,1,1,1,0,0
2025-07-15 20:38:07,VZ,0,0,0,0,0,0,0,0,1,0,0,0
2025-07-15 20:38:07,VRTX,0,0,1,0,0,0,0,1,1,1,0,0
2025-07-15 20:38:08,VTRS,0,0,0,0,0,0,0,0,1,1,0,0
2025-07-15 20:38:09,VICI,0,0,0,0,0,0,0,0,1,1,0,0
2025-07-15 20:38:10,V,0,0,0,0,0,0,0,1,1,0,0,0
2025-07-15 20:38:10,VST,0,0,0,0,0,0,0,1,1,1,0,0
2025-07-15 20:38:11,VMC,0,0,1,0,0,0,0,1,1,1,0,0
2025-07-15 20:38:12,WRB,0,0,0,0,0,0,0,0,1,1,0,0
2025-07-15 20:38:12,GWW,0,0,0,0,0,0,0,1,1,1,0,0
2025-07-15 20:38:13,WAB,0,0,0,0,0,0,0,1,1,0,0,0
2025-07-15 20:38:14,WBA,0,0,0,0,0,0,0,0,0,0,0,0
2025-07-15 20:38:15,WMT,0,0,0,0,0,1,0,0,1,0,0,0
2025-07-15 20:38:15,DIS,0,0,0,0,0,0,0,0,1,0,0,0
2025-07-15 20:38:16,WBD,0,0,0,0,0,0,0,0,1,1,0,0
2025-07-15 20:38:17,WM,0,0,0,0,0,0,0,1,1,0,0,0
2025-07-15 20:38:17,WAT,1,0,1,0,0,0,1,1,1,1,1,0
2025-07-15 20:38:18,WEC,0,0,0,0,0,0,0,0,1,1,0,0
2025-07-15 20:38:19,WFC,1,0,1,0,0,0,1,0,1,1,0,0
2025-07-15 20:38:20,WELL,1,0,0,0,0,1,1,1,1,1,0,0
2025-07-15 20:38:21,WST,0,0,0,0,0,0,0,1,1,1,0,0
2025-07-15 20:38:21,WDC,0,0,0,0,0,0,0,0,1,0,1,0
2025-07-15 20:38:22,WY,0,0,1,0,0,0,0,0,1,1,0,0
2025-07-15 20:38:23,WSM,0,0,0,0,0,0,0,1,1,1,0,0
2025-07-15 20:38:23,WMB,1,0,1,0,0,1,1,0,1,1,0,0
2025-07-15 20:38:24,WTW,1,0,1,0,0,0,1,1,1,1,0,0
2025-07-15 20:38:25,WDAY,0,0,0,0,0,1,0,1,1,1,0,0
2025-07-15 20:38:26,WYNN,1,0,1,0,0,1,1,1,1,1,0,0
2025-07-15 20:38:26,XEL,0,0,0,0,0,0,0,0,1,1,0,0
2025-07-15 20:38:27,XYL,0,0,0,0,0,0,0,0,1,1,0,0
2025-07-15 20:38:28,YUM,0,0,0,0,0,0,0,1,1,1,0,0
2025-07-15 20:38:28,ZBRA,0,0,0,0,0,0,0,1,1,1,0,0
2025-07-15 20:38:29,ZBH,0,0,0,0,0,0,0,1,1,1,1,0
2025-07-15 20:38:30,ZTS,0,0,1,0,0,0,0,1,1,1,0,0
2025-07-15 20:38:31,MMM,0,0,0,0,0,0,0,1,1,0,0,0
2025-07-15 20:38:31,AOS,0,0,0,0,0,0,0,0,1,1,0,0
2025-07-15 20:38:32,ABT,0,0,0,0,0,1,0,1,1,1,0,0
2025-07-15 20:38:33,ABBV,1,0,1,0,0,0,1,1,1,1,0,0
2025-07-15 20:38:34,ACN,0,0,0,0,0,0,0,1,1,1,0,0
2025-07-15 20:38:34,ADBE,0,0,0,0,0,0,0,1,1,0,0,0
2025-07-15 20:38:35,AMD,1,0,1,0,0,0,1,1,1,1,1,0
2025-07-15 20:38:36,AES,1,0,1,0,0,1,1,0,1,1,1,0
2025-07-15 20:38:36,AFL,0,0,1,0,0,0,0,0,1,1,0,0
2025-07-15 20:38:37,A,0,0,1,0,0,0,0,1,1,1,0,0
2025-07-15 20:38:38,APD,0,0,0,0,0,0,0,1,1,1,0,0
2025-07-15 20:38:38,ABNB,0,0,0,0,0,0,0,1,1,1,0,0
2025-07-15 20:38:39,AKAM,0,0,0,0,0,0,0,0,1,1,0,0
2025-07-15 20:38:40,ALB,0,0,0,0,0,0,0,1,1,1,1,0
2025-07-15 20:38:41,ARE,0,0,0,0,0,0,0,1,1,1,0,0
2025-07-15 20:38:41,ALGN,0,0,0,0,0,0,0,1,1,1,1,0
2025-07-15 20:38:42,ALLE,0,0,0,0,0,0,0,1,1,1,0,0
2025-07-15 20:38:43,LNT,0,0,0,0,0,0,0,0,1,1,0,0
2025-07-15 20:38:44,ALL,0,0,1,0,0,0,0,1,1,1,0,0
2025-07-15 20:38:45,GOOGL,0,0,0,0,0,0,0,1,1,0,0,0
2025-07-15 20:38:45,GOOG,0,0,0,0,0,0,0,1,1,1,0,0
2025-07-15 20:38:46,MO,1,0,0,0,0,1,1,0,1,0,0,0
2025-07-15 20:38:47,AMZN,0,0,1,0,0,0,0,1,1,0,0,0
2025-07-15 20:38:48,AMCR,0,0,0,0,0,0,0,0,1,1,0,0
2025-07-15 20:38:48,AEE,0,0,0,0,0,0,0,0,1,0,0,0
2025-07-15 20:38:49,AEP,0,0,0,0,0,0,0,0,1,0,0,0
2025-07-15 20:38:50,AXP,0,0,0,0,0,0,0,1,1,1,0,0
2025-07-15 20:38:50,AIG,0,0,1,0,0,0,0,0,1,0,0,0
2025-07-15 20:38:51,AMT,1,0,1,0,0,0,1,1,1,1,0,0
2025-07-15 20:38:52,AWK,0,0,0,0,0,0,0,1,1,1,0,0
2025-07-15 20:38:52,AMP,0,0,0,0,0,0,0,1,1,1,0,0
2025-07-15 20:38:53,AME,0,0,0,0,0,0,0,1,1,1,0,0
2025-07-15 20:38:54,AMGN,0,0,1,0,0,0,0,1,1,1,0,0
2025-07-15 20:38:55,APH,0,0,0,0,0,0,0,0,1,1,0,0
2025-07-15 20:38:55,ADI,0,0,0,0,0,0,0,1,1,1,0,0
2025-07-15 20:38:56,ANSS,1,0,1,0,0,1,1,1,1,1,0,0
2025-07-15 20:38:56,AON,0,0,0,0,0,0,0,1,1,1,0,0
2025-07-15 20:38:57,APA,0,0,0,0,0,0,0,0,1,1,0,0
2025-07-15 20:38:58,APO,0,0,0,0,0,0,0,1,1,1,0,0
2025-07-15 20:38:58,AAPL,0,0,0,0,0,0,0,1,1,0,0,0
2025-07-15 20:38:59,AMAT,0,0,1,0,0,0,0,1,1,0,1,0
2025-07-15 20:38:59,APTV,0,0,0,0,0,0,0,0,1,1,0,0
2025-07-15 20:39:02,ACGL,0,0,0,0,0,0,0,0,1,1,0,0
2025-07-15 20:39:02,ADM,0,0,1,0,0,0,0,0,1,0,0,0
2025-07-15 20:39:03,ANET,0,0,1,0,0,0,0,1,1,1,0,0
2025-07-15 20:39:03,AJG,0,0,0,0,0,0,0,1,1,1,0,0
2025-07-15 20:39:04,AIZ,0,0,0,0,0,0,0,1,1,1,0,0
2025-07-15 20:39:04,T,0,0,0,0,0,1,0,0,1,0,0,0
2025-07-15 20:39:05,ATO,0,0,0,0,0,0,0,1,1,1,0,0
2025-07-15 20:39:06,ADSK,0,0,0,0,0,0,0,1,1,1,0,0
2025-07-15 20:39:06,ADP,0,0,0,0,0,0,0,1,1,1,0,0
2025-07-15 20:39:07,AZO,0,0,1,0,0,0,0,1,1,1,0,0
2025-07-15 20:39:07,AVB,0,0,0,0,0,0,0,1,1,1,0,0
2025-07-15 20:39:08,AVY,0,0,0,0,0,0,0,1,1,1,0,0
2025-07-15 20:39:08,AXON,0,0,0,0,0,0,0,1,1,1,0,0
2025-07-15 20:39:09,BKR,0,0,0,0,0,0,0,0,1,1,0,0
2025-07-15 20:39:10,BALL,0,0,1,0,0,0,0,0,1,1,0,0
2025-07-15 20:39:10,BAC,0,0,0,0,0,0,0,0,1,1,0,0
2025-07-15 20:39:11,BAX,0,0,0,0,0,0,0,0,1,1,0,0
2025-07-15 20:39:11,BDX,0,0,0,0,0,0,0,1,1,1,0,0
2025-07-15 20:39:12,BRK-B,0,0,0,0,0,0,0,1,0,0,0,0
2025-07-15 20:39:12,BBY,0,0,1,0,0,0,0,1,1,1,0,0
2025-07-15 20:39:13,TECH,0,0,1,0,0,0,0,1,1,1,0,0
2025-07-15 20:39:14,BIIB,0,0,0,0,0,0,0,1,1,1,0,0
2025-07-15 20:39:14,BLK,0,0,0,0,0,0,0,1,1,1,0,0
2025-07-15 20:39:15,BX,0,0,0,0,0,0,0,1,1,1,0,0
2025-07-15 20:39:15,BK,0,0,0,0,0,0,0,0,1,1,0,0
2025-07-15 20:39:16,BA,0,0,0,0,0,0,0,1,1,1,0,0
2025-07-15 20:39:17,BKNG,0,0,0,0,0,0,0,1,1,1,0,0
2025-07-15 20:39:17,BSX,0,0,0,0,0,0,0,0,1,1,0,0
2025-07-15 20:39:18,BMY,1,0,1,0,0,0,1,0,1,1,0,0
2025-07-15 20:39:18,AVGO,0,0,0,0,0,1,0,1,1,1,1,0
2025-07-15 20:39:19,BR,0,0,0,0,0,0,0,1,1,0,0,0
2025-07-15 20:39:20,BRO,0,0,0,0,0,0,0,0,1,1,0,0
2025-07-15 20:39:20,BF-B,0,0,0,0,0,0,0,0,0,1,0,0
2025-07-15 20:39:21,BLDR,0,0,0,0,0,0,0,1,1,1,0,0
2025-07-15 20:39:21,BG,0,0,1,0,0,0,0,1,1,1,0,0
2025-07-15 20:39:22,BXP,0,0,0,0,0,0,0,0,1,1,0,0
2025-07-15 20:39:22,CHRW,0,0,0,0,0,0,0,1,1,0,0,0
2025-07-15 20:39:23,CDNS,0,0,0,0,0,0,0,1,1,1,0,0
2025-07-15 20:39:23,CZR,0,0,1,0,0,0,0,0,1,1,0,0
2025-07-15 20:39:24,CPT,0,0,0,0,0,0,0,1,1,1,0,0
2025-07-15 20:39:25,CPB,0,0,1,0,0,0,0,0,1,1,0,0
2025-07-15 20:39:25,COF,0,0,0,0,0,0,0,1,1,1,0,0
2025-07-15 20:39:26,CAH,1,0,1,0,0,1,1,1,1,0,0,0
2025-07-15 20:39:26,KMX,0,0,1,0,0,0,0,1,1,1,1,0
2025-07-15 20:39:27,CCL,0,0,0,0,0,1,0,0,1,1,0,0
2025-07-15 20:39:27,CARR,0,0,0,0,0,0,0,0,1,1,0,0
2025-07-15 20:39:28,CAT,0,0,0,0,0,0,0,1,1,0,0,0
2025-07-15 20:39:28,CBOE,0,0,0,0,0,0,0,1,1,1,0,0
2025-07-15 20:39:29,CBRE,0,0,0,0,0,0,0,1,1,1,0,0
2025-07-15 20:39:29,CDW,0,0,0,0,0,0,0,1,1,1,0,0
2025-07-15 20:39:30,COR,0,0,1,0,0,0,0,1,1,1,0,0
2025-07-15 20:39:30,CNC,0,0,1,0,0,0,0,1,1,1,0,0
2025-07-15 20:39:31,CNP,0,0,0,0,0,0,0,0,1,0,0,0
2025-07-15 20:39:32,CF,0,0,0,0,0,0,0,1,1,1,0,0
2025-07-15 20:39:32,CRL,0,0,1,0,0,0,0,1,1,1,0,0
2025-07-15 20:39:33,SCHW,0,0,0,0,0,0,0,0,1,0,0,0
2025-07-15 20:39:33,CHTR,0,0,0,0,0,0,0,1,1,1,0,0
2025-07-15 20:39:34,CVX,0,0,0,0,0,0,0,1,1,0,0,0
2025-07-15 20:39:35,CMG,0,0,0,0,0,0,0,0,1,1,0,0
2025-07-15 20:39:35,CB,0,0,0,0,0,0,0,1,1,0,0,0
2025-07-15 20:39:36,CHD,0,0,0,0,0,0,0,0,1,1,0,0
2025-07-15 20:39:36,CI,1,0,1,0,0,1,1,1,1,1,0,0
2025-07-15 20:39:37,CINF,0,0,0,0,0,0,0,1,1,1,0,0
2025-07-15 20:39:37,CTAS,0,0,0,0,0,0,0,1,1,1,0,0
2025-07-15 20:39:38,CSCO,0,0,0,0,0,0,0,0,1,0,0,0
2025-07-15 20:39:38,C,0,0,0,0,0,1,0,0,1,1,1,0
2025-07-15 20:39:39,CFG,0,0,0,0,0,0,0,0,1,1,0,0
2025-07-15 20:39:40,CLX,0,0,1,0,0,0,0,1,1,1,0,0
2025-07-15 20:39:40,CME,1,0,1,0,0,1,1,1,1,0,0,0
2025-07-15 20:39:41,CMS,0,0,0,0,0,1,0,0,1,0,0,0
2025-07-15 20:39:42,KO,0,0,0,0,0,0,0,0,1,0,0,0
2025-07-15 20:39:42,CTSH,0,0,0,0,0,0,0,0,1,1,0,0
2025-07-15 20:39:43,COIN,1,1,1,0,0,0,1,1,1,1,0,0
2025-07-15 20:39:44,CL,0,0,0,0,0,0,0,0,1,1,0,0
2025-07-15 20:39:44,CMCSA,0,0,0,0,0,0,0,0,1,1,0,0
2025-07-15 20:39:45,CAG,0,0,0,0,0,0,0,0,1,1,0,0
2025-07-15 20:39:45,COP,0,0,0,0,0,0,0,1,1,1,0,0
2025-07-15 20:39:46,ED,0,0,0,0,0,0,0,0,1,0,0,0
2025-07-15 20:39:46,STZ,1,1,1,0,0,1,1,1,1,1,0,0
2025-07-15 20:39:47,CEG,0,0,0,0,0,0,0,1,1,1,0,0
2025-07-15 20:39:48,COO,0,0,0,0,0,0,0,0,1,1,0,0
2025-07-15 20:39:48,CPRT,0,0,1,0,0,0,0,0,1,1,0,0
2025-07-15 20:39:49,GLW,0,0,0,0,0,0,0,0,1,1,0,0
2025-07-15 20:39:49,CPAY,0,0,0,0,0,0,0,1,1,1,0,0
2025-07-15 20:39:50,CTVA,0,0,0,0,0,0,0,0,1,1,0,0
2025-07-15 20:39:50,CSGP,0,0,0,0,0,0,0,0,1,1,0,0
2025-07-15 20:39:52,COST,0,0,0,0,0,0,0,1,1,0,0,0
2025-07-15 20:39:52,CTRA,0,0,1,0,0,0,0,0,1,1,0,0
2025-07-15 20:39:53,CRWD,0,0,0,0,0,0,0,1,1,1,0,0
2025-07-15 20:39:54,CCI,0,0,1,0,0,0,0,1,1,1,0,0
2025-07-15 20:39:54,CSX,0,0,0,0,0,0,0,0,1,1,0,0
2025-07-15 20:39:55,CMI,1,0,1,0,0,1,1,1,1,0,0,0
2025-07-15 20:39:56,CVS,1,0,1,0,0,1,1,0,1,1,0,0
2025-07-15 20:39:56,DHR,0,0,0,0,0,0,0,1,1,1,0,0
2025-07-15 20:39:57,DRI,0,0,0,0,0,0,0,1,1,0,0,0
2025-07-15 20:39:58,DDOG,0,0,0,0,0,0,0,1,1,1,0,0
2025-07-15 20:39:59,DVA,1,0,1,0,0,0,1,1,1,1,0,0
2025-07-15 20:39:59,DAY,0,0,0,0,0,0,0,0,1,1,0,0
2025-07-15 20:40:00,DECK,0,0,0,0,0,0,0,1,1,1,0,0
2025-07-15 20:40:01,DE,0,0,0,0,0,0,0,1,1,1,0,0
2025-07-15 20:40:01,DELL,0,0,0,0,0,0,0,1,1,1,1,0
2025-07-15 20:40:02,DAL,0,0,0,0,0,0,0,1,1,1,0,0
2025-07-15 20:40:03,DVN,0,0,0,0,0,0,0,0,1,1,0,0
2025-07-15 20:40:04,DXCM,0,0,0,0,0,0,0,1,1,1,0,0
2025-07-15 20:40:04,FANG,0,0,0,0,0,0,0,1,1,1,0,0
2025-07-15 20:40:05,DLR,0,0,1,0,0,0,0,1,1,0,0,0
2025-07-15 20:40:06,DG,0,0,0,0,0,0,0,1,1,0,0,0
2025-07-15 20:40:06,DLTR,0,0,1,0,0,0,0,1,1,1,0,0
2025-07-15 20:40:07,D,0,0,0,0,0,0,0,0,1,1,0,0
2025-07-15 20:40:08,DPZ,0,0,0,0,0,0,0,1,1,1,0,0
2025-07-15 20:40:09,DASH,0,0,0,0,0,1,0,1,1,1,0,0
2025-07-15 20:40:09,DOV,0,0,0,0,0,0,0,1,1,1,1,0
2025-07-15 20:40:37,MMM,0,0,0,0,0,0,0,1,1,0,0,0
2025-07-15 20:40:38,AOS,0,0,0,0,0,0,0,0,1,1,0,0
2025-07-15 20:40:39,ABT,0,0,0,0,0,1,0,1,1,1,0,0
2025-07-15 20:40:39,ABBV,1,0,1,0,0,0,1,1,1,1,0,0
2025-07-15 20:40:40,ACN,0,0,0,0,0,0,0,1,1,1,0,0
2025-07-15 20:40:41,ADBE,0,0,0,0,0,0,0,1,1,0,0,0
2025-07-15 20:40:41,AMD,1,0,1,0,0,0,1,1,1,1,1,0
2025-07-15 20:40:42,AES,1,0,1,0,0,1,1,0,1,1,1,0
2025-07-15 20:40:43,AFL,0,0,1,0,0,0,0,0,1,1,0,0
2025-07-15 20:40:44,A,0,0,1,0,0,0,0,1,1,1,0,0
2025-07-15 20:40:44,APD,0,0,0,0,0,0,0,1,1,1,0,0
2025-07-15 20:40:45,ABNB,0,0,0,0,0,0,0,1,1,1,0,0
2025-07-15 20:40:45,AKAM,0,0,0,0,0,0,0,0,1,1,0,0
2025-07-15 20:40:46,ALB,0,0,0,0,0,0,0,1,1,1,1,0
2025-07-15 20:40:47,ARE,0,0,0,0,0,0,0,1,1,1,0,0
2025-07-15 20:40:48,ALGN,0,0,0,0,0,0,0,1,1,1,1,0
2025-07-15 20:40:48,ALLE,0,0,0,0,0,0,0,1,1,1,0,0
2025-07-15 20:40:49,LNT,0,0,0,0,0,0,0,0,1,1,0,0
2025-07-15 20:40:50,ALL,0,0,1,0,0,0,0,1,1,1,0,0
2025-07-15 20:40:50,GOOGL,0,0,0,0,0,0,0,1,1,0,0,0
2025-07-15 20:40:51,GOOG,0,0,0,0,0,0,0,1,1,1,0,0
2025-07-15 20:40:52,MO,1,0,0,0,0,1,1,0,1,0,0,0
2025-07-15 20:40:52,AMZN,0,0,1,0,0,0,0,1,1,0,0,0
2025-07-15 20:40:53,AMCR,0,0,0,0,0,0,0,0,1,1,0,0
2025-07-15 20:40:54,AEE,0,0,0,0,0,0,0,0,1,0,0,0
2025-07-15 20:40:55,AEP,0,0,0,0,0,0,0,0,1,0,0,0
2025-07-15 20:40:55,AXP,0,0,0,0,0,0,0,1,1,1,0,0
2025-07-15 20:40:56,AIG,0,0,1,0,0,0,0,0,1,0,0,0
2025-07-15 20:40:57,AMT,1,0,1,0,0,0,1,1,1,1,0,0
2025-07-15 20:40:58,AWK,0,0,0,0,0,0,0,1,1,1,0,0
2025-07-15 20:40:58,AMP,0,0,0,0,0,0,0,1,1,1,0,0
2025-07-15 20:40:59,AME,0,0,0,0,0,0,0,1,1,1,0,0
2025-07-15 20:41:00,AMGN,0,0,1,0,0,0,0,1,1,1,0,0
2025-07-15 20:41:01,APH,0,0,0,0,0,0,0,0,1,1,0,0
2025-07-15 20:41:01,ADI,0,0,0,0,0,0,0,1,1,1,0,0
2025-07-15 20:41:02,ANSS,1,0,1,0,0,1,1,1,1,1,0,0
2025-07-15 20:41:03,AON,0,0,0,0,0,0,0,1,1,1,0,0
2025-07-15 20:41:04,APA,0,0,0,0,0,0,0,0,1,1,0,0
2025-07-15 20:41:04,APO,0,0,0,0,0,0,0,1,1,1,0,0
2025-07-15 20:41:05,AAPL,0,0,0,0,0,0,0,1,1,0,0,0
2025-07-15 20:41:06,AMAT,0,0,1,0,0,0,0,1,1,0,1,0
2025-07-15 20:41:06,APTV,0,0,0,0,0,0,0,0,1,1,0,0
2025-07-15 20:41:07,ACGL,0,0,0,0,0,0,0,0,1,1,0,0
2025-07-15 20:41:08,ADM,0,0,1,0,0,0,0,0,1,0,0,0
2025-07-15 20:41:08,ANET,0,0,1,0,0,0,0,1,1,1,0,0
2025-07-15 20:41:09,AJG,0,0,0,0,0,0,0,1,1,1,0,0
2025-07-15 20:41:10,AIZ,0,0,0,0,0,0,0,1,1,1,0,0
2025-07-15 20:41:10,T,0,0,0,0,0,1,0,0,1,0,0,0
2025-07-15 20:41:11,ATO,0,0,0,0,0,0,0,1,1,1,0,0
2025-07-15 20:41:12,ADSK,0,0,0,0,0,0,0,1,1,1,0,0
2025-07-15 20:41:12,ADP,0,0,0,0,0,0,0,1,1,1,0,0
2025-07-15 20:41:13,AZO,0,0,1,0,0,0,0,1,1,1,0,0
2025-07-15 20:41:14,AVB,0,0,0,0,0,0,0,1,1,1,0,0
2025-07-15 20:41:15,AVY,0,0,0,0,0,0,0,1,1,1,0,0
2025-07-15 20:41:15,AXON,0,0,0,0,0,0,0,1,1,1,0,0
2025-07-15 20:41:16,BKR,0,0,0,0,0,0,0,0,1,1,0,0
2025-07-15 20:41:17,BALL,0,0,1,0,0,0,0,0,1,1,0,0
2025-07-15 20:41:17,BAC,0,0,0,0,0,0,0,0,1,1,0,0
2025-07-15 20:41:18,BAX,0,0,0,0,0,0,0,0,1,1,0,0
2025-07-15 20:41:19,BDX,0,0,0,0,0,0,0,1,1,1,0,0
2025-07-15 20:41:19,BRK-B,0,0,0,0,0,0,0,1,0,0,0,0
2025-07-15 20:41:20,BBY,0,0,1,0,0,0,0,1,1,1,0,0
2025-07-15 20:41:21,TECH,0,0,1,0,0,0,0,1,1,1,0,0
2025-07-15 20:41:21,BIIB,0,0,0,0,0,0,0,1,1,1,0,0
2025-07-15 20:41:22,BLK,0,0,0,0,0,0,0,1,1,1,0,0
2025-07-15 20:41:23,BX,0,0,0,0,0,0,0,1,1,1,0,0
2025-07-15 20:41:23,BK,0,0,0,0,0,0,0,0,1,1,0,0
2025-07-15 20:41:24,BA,0,0,0,0,0,0,0,1,1,1,0,0
2025-07-15 20:41:25,BKNG,0,0,0,0,0,0,0,1,1,1,0,0
2025-07-15 20:41:25,BSX,0,0,0,0,0,0,0,0,1,1,0,0
2025-07-15 20:41:26,BMY,1,0,1,0,0,0,1,0,1,1,0,0
2025-07-15 20:41:27,AVGO,0,0,0,0,0,1,0,1,1,1,1,0
2025-07-15 20:41:27,BR,0,0,0,0,0,0,0,1,1,0,0,0
2025-07-15 20:41:28,BRO,0,0,0,0,0,0,0,0,1,1,0,0
2025-07-15 20:41:28,BF-B,0,0,0,0,0,0,0,0,0,1,0,0
2025-07-15 20:41:29,BLDR,0,0,0,0,0,0,0,1,1,1,0,0
2025-07-15 20:41:30,BG,0,0,1,0,0,0,0,1,1,1,0,0
2025-07-15 20:41:31,BXP,0,0,0,0,0,0,0,0,1,1,0,0
2025-07-15 20:41:31,CHRW,0,0,0,0,0,0,0,1,1,0,0,0
2025-07-15 20:41:32,CDNS,0,0,0,0,0,0,0,1,1,1,0,0
2025-07-15 20:41:32,CZR,0,0,1,0,0,0,0,0,1,1,0,0
2025-07-15 20:41:33,CPT,0,0,0,0,0,0,0,1,1,1,0,0
2025-07-15 20:41:34,CPB,0,0,1,0,0,0,0,0,1,1,0,0
2025-07-15 20:41:34,COF,0,0,0,0,0,0,0,1,1,1,0,0
2025-07-15 20:41:35,CAH,1,0,1,0,0,1,1,1,1,0,0,0
2025-07-15 20:41:36,KMX,0,0,1,0,0,0,0,1,1,1,1,0
2025-07-15 20:41:36,CCL,0,0,0,0,0,1,0,0,1,1,0,0
2025-07-15 20:41:37,CARR,0,0,0,0,0,0,0,0,1,1,0,0
2025-07-15 20:41:38,CAT,0,0,0,0,0,0,0,1,1,0,0,0
2025-07-15 20:41:38,CBOE,0,0,0,0,0,0,0,1,1,1,0,0
2025-07-15 20:41:39,CBRE,0,0,0,0,0,0,0,1,1,1,0,0
2025-07-15 20:41:40,CDW,0,0,0,0,0,0,0,1,1,1,0,0
2025-07-15 20:41:40,COR,0,0,1,0,0,0,0,1,1,1,0,0
2025-07-15 20:41:41,CNC,0,0,1,0,0,0,0,1,1,1,0,0
2025-07-15 20:41:42,CNP,0,0,0,0,0,0,0,0,1,0,0,0
2025-07-15 20:41:42,CF,0,0,0,0,0,0,0,1,1,1,0,0
2025-07-15 20:41:43,CRL,0,0,1,0,0,0,0,1,1,1,0,0
2025-07-15 20:41:43,SCHW,0,0,0,0,0,0,0,0,1,0,0,0
2025-07-15 20:41:44,CHTR,0,0,0,0,0,0,0,1,1,1,0,0
2025-07-15 20:41:45,CVX,0,0,0,0,0,0,0,1,1,0,0,0
2025-07-15 20:41:45,CMG,0,0,0,0,0,0,0,0,1,1,0,0
2025-07-15 20:41:46,CB,0,0,0,0,0,0,0,1,1,0,0,0
2025-07-15 20:41:47,CHD,0,0,0,0,0,0,0,0,1,1,0,0
2025-07-15 20:41:47,CI,1,0,1,0,0,1,1,1,1,1,0,0
2025-07-15 20:41:48,CINF,0,0,0,0,0,0,0,1,1,1,0,0
2025-07-15 20:41:49,CTAS,0,0,0,0,0,0,0,1,1,1,0,0
2025-07-15 20:41:50,CSCO,0,0,0,0,0,0,0,0,1,0,0,0
2025-07-15 20:41:50,C,0,0,0,0,0,1,0,0,1,1,1,0
2025-07-15 20:41:51,CFG,0,0,0,0,0,0,0,0,1,1,0,0
2025-07-15 20:41:52,CLX,0,0,1,0,0,0,0,1,1,1,0,0
2025-07-15 20:41:52,CME,1,0,1,0,0,1,1,1,1,0,0,0
2025-07-15 20:41:53,CMS,0,0,0,0,0,1,0,0,1,0,0,0
2025-07-15 20:41:54,KO,0,0,0,0,0,0,0,0,1,0,0,0
2025-07-15 20:41:55,CTSH,0,0,0,0,0,0,0,0,1,1,0,0
2025-07-15 20:41:55,COIN,1,1,1,0,0,0,1,1,1,1,0,0
2025-07-15 20:41:56,CL,0,0,0,0,0,0,0,0,1,1,0,0
2025-07-15 20:41:57,CMCSA,0,0,0,0,0,0,0,0,1,1,0,0
2025-07-15 20:41:58,CAG,0,0,0,0,0,0,0,0,1,1,0,0
2025-07-15 20:41:58,COP,0,0,0,0,0,0,0,1,1,1,0,0
2025-07-15 20:41:59,ED,0,0,0,0,0,0,0,0,1,0,0,0
2025-07-15 20:42:00,STZ,1,1,1,0,0,1,1,1,1,1,0,0
2025-07-15 20:42:00,CEG,0,0,0,0,0,0,0,1,1,1,0,0
2025-07-15 20:42:01,COO,0,0,0,0,0,0,0,0,1,1,0,0
2025-07-15 20:42:02,CPRT,0,0,1,0,0,0,0,0,1,1,0,0
2025-07-15 20:42:02,GLW,0,0,0,0,0,0,0,0,1,1,0,0
2025-07-15 20:42:03,CPAY,0,0,0,0,0,0,0,1,1,1,0,0
2025-07-15 20:42:04,CTVA,0,0,0,0,0,0,0,0,1,1,0,0
2025-07-15 20:42:05,CSGP,0,0,0,0,0,0,0,0,1,1,0,0
2025-07-15 20:42:05,COST,0,0,0,0,0,0,0,1,1,0,0,0
2025-07-15 20:42:07,CTRA,0,0,1,0,0,0,0,0,1,1,0,0
2025-07-15 20:42:08,CRWD,0,0,0,0,0,0,0,1,1,1,0,0
2025-07-15 20:42:09,CCI,0,0,1,0,0,0,0,1,1,1,0,0
2025-07-15 20:42:09,CSX,0,0,0,0,0,0,0,0,1,1,0,0
2025-07-15 20:42:10,CMI,1,0,1,0,0,1,1,1,1,0,0,0
2025-07-15 20:42:11,CVS,1,0,1,0,0,1,1,0,1,1,0,0
2025-07-15 20:42:11,DHR,0,0,0,0,0,0,0,1,1,1,0,0
2025-07-15 20:42:12,DRI,0,0,0,0,0,0,0,1,1,0,0,0
2025-07-15 20:42:13,DDOG,0,0,0,0,0,0,0,1,1,1,0,0
2025-07-15 20:42:13,DVA,1,0,1,0,0,0,1,1,1,1,0,0
2025-07-15 20:42:14,DAY,0,0,0,0,0,0,0,0,1,1,0,0
2025-07-15 20:42:15,DECK,0,0,0,0,0,0,0,1,1,1,0,0
2025-07-15 20:42:16,DE,0,0,0,0,0,0,0,1,1,1,0,0
2025-07-15 20:42:16,DELL,0,0,0,0,0,0,0,1,1,1,1,0
2025-07-15 20:42:19,DAL,0,0,0,0,0,0,0,1,1,1,0,0
2025-07-15 20:42:19,DVN,0,0,0,0,0,0,0,0,1,1,0,0
2025-07-15 20:42:20,DXCM,0,0,0,0,0,0,0,1,1,1,0,0
2025-07-15 20:42:21,FANG,0,0,0,0,0,0,0,1,1,1,0,0
2025-07-15 20:42:21,DLR,0,0,1,0,0,0,0,1,1,0,0,0
2025-07-15 20:42:22,DG,0,0,0,0,0,0,0,1,1,0,0,0
2025-07-15 20:42:23,DLTR,0,0,1,0,0,0,0,1,1,1,0,0
2025-07-15 20:42:24,D,0,0,0,0,0,0,0,0,1,1,0,0
2025-07-15 20:42:24,DPZ,0,0,0,0,0,0,0,1,1,1,0,0
2025-07-15 20:42:25,DASH,0,0,0,0,0,1,0,1,1,1,0,0
2025-07-15 20:42:26,DOV,0,0,0,0,0,0,0,1,1,1,1,0
2025-07-15 20:42:26,DOW,0,0,0,0,0,0,0,0,1,1,1,0
2025-07-15 20:42:27,DHI,0,0,1,0,0,0,0,1,1,1,0,0
2025-07-15 20:42:28,DTE,0,0,0,0,0,0,0,1,1,0,0,0
2025-07-15 20:42:29,DUK,0,0,0,0,0,1,0,0,1,1,0,0
2025-07-15 20:42:29,DD,0,0,0,0,0,0,0,0,1,1,1,0
2025-07-15 20:42:30,EMN,0,0,0,0,0,0,0,1,1,1,0,0
2025-07-15 20:42:31,ETN,0,0,0,0,0,0,0,1,1,1,1,0
2025-07-15 20:42:32,EBAY,0,0,0,0,0,0,0,0,1,1,0,0
2025-07-15 20:42:32,ECL,0,0,0,0,0,0,0,1,1,0,0,0
2025-07-15 20:42:33,EIX,0,0,0,0,0,0,0,0,1,1,0,0
2025-07-15 20:42:34,EW,0,0,0,0,0,0,0,0,1,1,0,0
2025-07-15 20:42:34,EA,0,0,0,0,0,1,0,1,1,1,0,0
2025-07-15 20:42:35,ELV,0,0,1,0,0,0,0,1,1,1,0,0
2025-07-15 20:42:36,EMR,0,0,0,0,0,0,0,1,1,0,0,0
2025-07-15 20:42:37,ENPH,1,1,1,0,0,0,1,1,1,1,0,0
2025-07-15 20:42:37,ETR,0,0,0,0,0,1,0,0,1,1,0,0
2025-07-15 20:42:38,EOG,0,0,0,0,0,0,0,1,1,1,0,0
2025-07-15 20:42:39,EPAM,0,0,0,0,0,0,0,1,1,1,0,0
2025-07-15 20:42:40,EQT,1,0,1,0,0,1,1,0,1,1,0,0
2025-07-15 20:42:41,EFX,0,0,0,0,0,0,0,1,1,1,0,0
2025-07-15 20:42:41,EQIX,0,0,0,0,0,0,0,1,1,1,0,0
2025-07-15 20:42:42,EQR,0,0,0,0,0,0,0,0,1,1,0,0
2025-07-15 20:42:43,ERIE,0,0,0,0,0,0,0,1,1,0,0,0
2025-07-15 20:42:43,ESS,0,0,0,0,0,0,0,1,1,1,0,0
2025-07-15 20:42:44,EL,0,0,1,0,0,0,0,1,1,1,0,0
2025-07-15 20:42:45,EG,0,0,0,0,0,0,0,1,1,1,0,0
2025-07-15 20:42:45,EVRG,0,0,0,0,0,0,0,0,1,1,0,0
2025-07-15 20:42:46,ES,0,0,0,0,0,0,0,0,1,1,0,0
2025-07-15 20:42:47,EXC,0,0,0,0,0,0,0,0,1,0,0,0
2025-07-15 20:42:47,EXE,0,0,0,0,0,0,0,1,1,1,0,0
2025-07-15 20:42:48,EXPE,0,0,1,0,0,0,0,1,1,1,0,0
2025-07-15 20:42:48,EXPD,0,0,0,0,0,0,0,1,1,1,0,0
2025-07-15 20:42:49,EXR,0,0,0,0,0,0,0,1,1,1,0,0
2025-07-15 20:42:50,XOM,0,0,1,0,0,0,0,0,1,0,0,0
2025-07-15 20:42:50,FFIV,0,0,0,0,0,0,0,1,1,1,0,0
2025-07-15 20:42:51,FDS,0,0,0,0,0,0,0,1,1,1,0,0
2025-07-15 20:42:52,FICO,1,0,1,0,0,1,1,1,1,1,0,0
2025-07-15 20:42:52,FAST,0,0,0,0,0,0,0,0,1,1,0,0
2025-07-15 20:42:53,FRT,0,0,0,0,0,0,0,0,1,1,0,0
2025-07-15 20:42:54,FDX,0,0,0,0,0,0,0,1,1,1,0,0
2025-07-15 20:42:54,FIS,0,0,0,0,0,0,0,0,1,0,0,0
2025-07-15 20:42:55,FITB,0,0,0,0,0,0,0,0,1,1,0,0
2025-07-15 20:42:56,FSLR,1,0,1,0,0,1,1,1,1,1,1,0
2025-07-15 20:42:56,FE,0,0,0,0,0,0,0,0,1,0,0,0
2025-07-15 20:42:57,FI,0,0,0,0,0,0,0,1,1,1,0,0
2025-07-15 20:42:57,F,0,0,1,0,0,0,0,0,1,1,0,0
2025-07-15 20:42:58,FTNT,0,0,0,0,0,1,0,1,1,1,0,0
2025-07-15 20:42:58,FTV,0,0,0,0,0,0,0,0,1,1,0,0
2025-07-15 20:42:59,FOXA,0,0,0,0,0,0,0,0,1,1,0,0
2025-07-15 20:43:00,FOX,0,0,0,0,0,0,0,0,1,1,0,0
2025-07-15 20:43:00,BEN,0,0,0,0,0,0,0,0,1,1,0,0
2025-07-15 20:43:01,FCX,1,0,1,1,0,1,1,0,1,1,0,0
2025-07-15 20:43:01,GRMN,0,0,0,0,0,0,0,1,1,0,0,0
2025-07-15 20:43:02,IT,0,0,0,0,0,0,0,1,1,1,0,0
2025-07-15 20:43:03,GE,1,0,1,0,0,1,1,1,1,0,0,0
2025-07-15 20:43:03,GEHC,1,0,1,1,0,1,1,0,1,1,0,0
2025-07-15 20:43:04,GEV,1,0,0,0,0,1,1,1,1,1,0,0
2025-07-15 20:43:04,GEN,0,0,0,0,0,0,0,0,1,0,0,0
2025-07-15 20:43:05,GNRC,0,0,0,0,0,0,0,1,1,1,0,0
2025-07-15 20:43:05,GD,0,0,0,0,0,0,0,1,1,1,0,0
2025-07-15 20:43:06,GIS,0,0,0,0,0,0,0,0,1,1,0,0
2025-07-15 20:43:06,GM,0,0,0,0,0,0,0,0,1,1,0,0
2025-07-15 20:43:07,GPC,0,0,0,0,0,0,0,1,1,1,0,0
2025-07-15 20:43:08,GILD,0,0,0,0,0,0,0,1,1,1,0,0
2025-07-15 20:43:08,GPN,0,0,0,0,0,0,0,0,1,1,0,0
2025-07-15 20:43:09,GL,0,0,0,0,0,0,0,1,1,1,0,0
2025-07-15 20:43:09,GDDY,0,0,0,0,0,0,0,1,1,0,0,0
2025-07-15 20:43:10,GS,0,0,0,0,0,0,0,1,1,1,0,0
2025-07-15 20:43:10,HAL,0,0,0,0,0,0,0,0,1,1,0,0
2025-07-15 20:43:11,HIG,0,0,0,0,0,0,0,1,1,1,0,0
2025-07-15 20:43:11,HAS,0,0,0,0,0,0,0,0,1,1,0,0
2025-07-15 20:43:12,HCA,1,0,1,0,0,0,1,1,1,1,0,0
2025-07-15 20:43:13,DOC,0,0,0,0,0,0,0,0,1,1,0,0
2025-07-15 20:43:13,HSIC,0,0,0,0,0,0,0,0,1,1,0,0
2025-07-15 20:43:14,HSY,0,0,0,0,0,0,0,1,1,1,0,0
2025-07-15 20:43:14,HES,0,0,0,0,0,0,0,1,1,0,0,0
2025-07-15 20:43:15,HPE,0,0,0,0,0,0,0,0,1,1,0,0
2025-07-15 20:43:15,HLT,0,0,0,0,0,0,0,1,1,1,0,0
2025-07-15 20:43:16,HOLX,0,0,0,0,0,0,0,0,1,1,0,0
2025-07-15 20:43:16,HD,0,0,1,0,0,0,0,1,1,1,0,0
2025-07-15 20:43:17,HON,0,0,0,0,0,0,0,1,1,0,0,0
2025-07-15 20:43:17,HRL,0,0,0,0,0,0,0,0,1,1,0,0
2025-07-15 20:43:18,HST,0,0,0,0,0,0,0,0,1,1,0,0
2025-07-15 20:43:19,HWM,0,0,0,0,0,1,0,1,1,1,0,0
2025-07-15 20:43:19,HPQ,0,0,0,0,0,0,0,0,1,1,0,0
2025-07-15 20:43:20,HUBB,0,0,0,0,0,0,0,1,1,1,0,0
2025-07-15 20:43:21,HUM,0,0,1,0,0,0,0,1,1,1,0,0
2025-07-15 20:43:21,HBAN,0,0,0,0,0,0,0,0,1,1,0,0
2025-07-15 20:43:22,HII,0,0,0,0,0,0,0,1,1,1,0,0
2025-07-15 20:43:22,IBM,0,0,0,0,0,1,0,1,1,0,0,0
2025-07-15 20:43:23,IEX,0,0,0,0,0,0,0,1,1,1,0,0
2025-07-15 20:43:23,IDXX,0,0,0,0,0,0,0,1,1,0,0,0
2025-07-15 20:43:24,ITW,0,0,0,0,0,0,0,1,1,0,0,0
2025-07-15 20:43:24,INCY,0,0,0,0,0,0,0,1,1,1,0,0
2025-07-15 20:43:25,IR,0,0,0,0,0,0,0,0,1,1,0,0
2025-07-15 20:43:26,PODD,0,0,0,0,0,0,0,1,1,0,0,0
2025-07-15 20:43:26,INTC,0,0,0,0,0,0,0,0,1,1,1,0
2025-07-15 20:43:27,ICE,0,0,0,0,0,0,0,1,1,0,0,0
2025-07-15 20:43:27,IFF,0,0,0,0,0,0,0,0,1,1,0,0
2025-07-15 20:43:28,IP,0,0,1,0,0,0,0,0,1,1,0,0
2025-07-15 20:43:28,IPG,0,0,0,0,0,0,0,0,1,1,0,0
2025-07-15 20:43:29,INTU,0,0,0,0,0,0,0,1,1,1,0,0
2025-07-15 20:43:29,ISRG,0,0,0,0,0,0,0,1,1,1,0,0
2025-07-15 20:43:30,IVZ,0,0,0,0,0,0,0,0,1,1,0,0
2025-07-15 20:43:30,INVH,0,0,0,0,0,0,0,0,1,1,0,0
2025-07-15 20:43:31,IQV,0,0,0,0,0,0,0,1,1,1,0,0
2025-07-15 20:43:32,IRM,0,0,0,0,0,0,0,1,1,1,0,0
2025-07-15 20:43:32,JBHT,0,0,0,0,0,0,0,1,1,1,0,0
2025-07-15 20:43:33,JBL,0,0,0,0,0,0,0,1,1,1,0,0
2025-07-15 20:43:33,JKHY,0,0,0,0,0,0,0,1,1,0,0,0
2025-07-15 20:43:34,J,0,0,0,0,0,0,0,1,1,1,0,0
2025-07-15 20:43:35,JNJ,0,0,0,0,0,0,0,1,1,1,0,0
2025-07-15 20:43:35,JCI,0,0,0,0,0,0,0,0,1,0,0,0
2025-07-15 20:43:36,JPM,0,0,0,0,0,0,0,1,1,1,0,0
2025-07-15 20:43:36,K,0,0,0,0,0,0,0,0,0,0,0,0
2025-07-15 20:43:37,KVUE,1,0,1,0,0,0,1,0,1,1,0,0
2025-07-15 20:43:37,KDP,0,0,0,0,0,0,0,0,1,1,0,0
2025-07-15 20:43:38,KEY,0,0,0,0,0,0,0,0,1,1,0,0
2025-07-15 20:43:39,KEYS,0,0,0,0,0,0,0,1,1,1,0,0
2025-07-15 20:43:39,KMB,0,0,1,0,0,0,0,1,1,0,0,0
2025-07-15 20:43:40,KIM,0,0,0,0,0,0,0,0,1,1,0,0
2025-07-15 20:43:40,KMI,0,0,1,0,0,0,0,0,1,1,0,0
2025-07-15 20:43:41,KKR,0,0,0,0,0,0,0,1,1,1,0,0
2025-07-15 20:43:41,KLAC,0,0,0,0,0,0,0,1,1,0,1,0
2025-07-15 20:43:42,KHC,0,0,1,0,0,0,0,0,1,1,0,0
2025-07-15 20:43:43,KR,1,0,1,0,0,1,1,0,1,0,0,0
2025-07-15 20:43:43,LHX,0,0,0,0,0,0,0,1,1,0,0,0
2025-07-15 20:43:44,LH,0,0,1,0,0,0,0,1,1,1,0,0
2025-07-15 20:43:44,LRCX,0,0,0,0,0,0,0,0,1,1,1,0
2025-07-15 20:43:45,LW,0,0,0,0,0,0,0,0,1,1,0,0
2025-07-15 20:43:46,LVS,0,0,0,0,0,0,0,0,1,0,0,0
2025-07-15 20:43:46,LDOS,0,0,0,0,0,0,0,1,1,1,0,0
2025-07-15 20:43:47,LEN,0,0,0,0,0,0,0,1,1,1,0,0
2025-07-15 20:43:47,LII,0,0,0,0,0,0,0,1,1,1,0,0
2025-07-15 20:43:48,LLY,1,0,1,0,0,0,1,1,1,1,0,0
2025-07-15 20:43:48,LIN,0,0,0,0,0,0,0,1,1,1,0,0
2025-07-15 20:43:49,LYV,0,0,0,0,0,0,0,1,1,1,0,0
2025-07-15 20:43:49,LKQ,0,0,0,0,0,0,0,0,1,1,0,0
2025-07-15 20:43:50,LMT,0,0,0,0,0,0,0,1,1,0,0,0
2025-07-15 20:43:50,L,0,0,0,0,0,0,0,0,1,1,0,0
2025-07-15 20:43:51,LOW,0,0,1,0,0,0,0,1,1,1,0,0
2025-07-15 20:43:52,LULU,0,0,1,0,0,0,0,1,1,1,0,0
2025-07-15 20:43:52,LYB,0,0,0,0,0,0,0,0,1,1,0,0
2025-07-15 20:43:53,MTB,0,0,0,0,0,0,0,1,1,1,0,0
2025-07-15 20:43:54,MPC,1,0,1,0,0,0,1,1,1,1,0,0
2025-07-15 20:43:54,MKTX,0,0,0,0,0,0,0,1,1,0,0,0
2025-07-15 20:43:55,MAR,0,0,0,0,0,0,0,1,1,1,0,0
2025-07-15 20:43:55,MMC,0,0,0,0,0,0,0,1,1,0,0,0
2025-07-15 20:43:56,MLM,0,0,0,0,0,0,0,1,1,1,0,0
2025-07-15 20:43:57,MAS,0,0,0,0,0,0,0,0,1,1,1,0
2025-07-15 20:43:58,MA,0,0,0,0,0,0,0,1,1,0,0,0
2025-07-15 20:43:58,MTCH,0,0,0,0,0,0,0,0,1,1,0,0
2025-07-15 20:43:59,MKC,0,0,0,0,0,0,0,0,1,1,0,0
2025-07-15 20:44:00,MCD,0,0,0,0,0,0,0,1,1,0,0,0
2025-07-15 20:44:01,MCK,0,0,1,0,0,0,0,1,1,0,0,0
2025-07-15 20:44:01,MDT,1,0,1,0,0,1,1,0,1,1,0,0
2025-07-15 20:44:02,MRK,0,0,1,0,0,0,0,0,1,1,0,0
2025-07-15 20:44:03,META,0,0,0,0,0,0,0,1,1,1,0,0
2025-07-15 20:44:03,MET,0,0,0,0,0,0,0,0,1,1,0,0
2025-07-15 20:44:04,MTD,0,0,0,0,0,0,0,1,1,1,0,0
2025-07-15 20:44:05,MGM,0,0,0,0,0,0,0,0,1,1,0,0
2025-07-15 20:44:06,MCHP,0,0,0,0,0,0,0,1,1,1,1,0
2025-07-15 20:44:06,MU,1,0,0,0,0,1,1,1,1,1,1,0
2025-07-15 20:44:07,MSFT,0,0,0,0,0,0,0,1,1,0,0,0
2025-07-15 20:44:08,MAA,0,0,0,0,0,0,0,1,1,1,0,0
2025-07-15 20:44:08,MRNA,1,0,1,0,0,0,1,0,1,1,0,0
2025-07-15 20:44:09,MHK,0,0,0,0,0,0,0,1,1,1,0,0
2025-07-15 20:44:10,MOH,1,0,1,0,0,0,1,1,1,1,0,0
2025-07-15 20:44:10,TAP,0,0,0,0,0,0,0,0,1,0,0,0
2025-07-15 20:44:11,MDLZ,0,0,0,0,0,0,0,0,1,0,0,0
2025-07-15 20:44:12,MPWR,0,0,0,0,0,0,0,1,1,1,1,0
2025-07-15 20:44:13,MNST,0,0,0,0,0,0,0,0,1,1,0,0
2025-07-15 20:44:13,MCO,0,0,0,0,0,0,0,1,1,1,0,0
2025-07-15 20:44:14,MS,0,0,0,0,0,0,0,1,1,1,0,0
2025-07-15 20:44:15,MOS,1,0,1,1,0,1,1,0,1,1,0,0
2025-07-15 20:44:16,MSI,0,0,0,0,0,0,0,1,1,1,0,0
2025-07-15 20:44:16,MSCI,0,0,0,0,0,0,0,1,1,1,0,0
2025-07-15 20:44:17,NDAQ,0,0,0,0,0,0,0,0,1,1,0,0
2025-07-15 20:44:18,NTAP,0,0,0,0,0,0,0,1,1,1,1,0
2025-07-15 20:44:18,NFLX,1,0,1,0,0,1,1,1,1,1,0,0
2025-07-15 20:44:19,NEM,1,0,0,1,0,1,1,0,1,1,0,0
2025-07-15 20:44:20,NWSA,0,0,0,0,0,0,0,0,1,1,1,0
2025-07-15 20:44:20,NWS,0,0,1,0,0,0,0,0,1,1,0,0
2025-07-15 20:44:21,NEE,0,0,0,0,0,0,0,1,1,1,0,0
2025-07-15 20:44:22,NKE,1,0,1,0,0,0,1,1,1,1,0,0
2025-07-15 20:44:23,NI,0,0,0,0,0,0,0,0,1,0,0,0
2025-07-15 20:44:23,NDSN,0,0,0,0,0,0,0,1,1,1,0,0
2025-07-15 20:44:24,NSC,0,0,0,0,0,0,0,1,1,0,0,0
2025-07-15 20:44:25,NTRS,0,0,0,0,0,0,0,1,1,1,0,0
2025-07-15 20:44:26,NOC,0,0,0,0,0,0,0,1,1,0,0,0
2025-07-15 20:44:26,NCLH,0,0,0,0,0,0,0,0,1,1,0,0
2025-07-15 20:44:27,NRG,0,0,0,0,0,0,0,1,1,1,0,0
2025-07-15 20:44:28,NUE,0,0,0,0,0,0,0,1,1,1,0,0
2025-07-15 20:44:28,NVDA,1,0,1,0,0,0,1,1,1,1,1,0
2025-07-15 20:44:29,NVR,0,0,0,0,0,0,0,1,1,1,0,0
2025-07-15 20:44:30,NXPI,0,0,0,0,0,0,0,1,1,1,1,0
2025-07-15 20:44:31,ORLY,0,0,0,0,0,0,0,0,1,1,0,0
2025-07-15 20:44:31,OXY,0,0,1,0,0,0,0,0,1,1,0,0
2025-07-15 20:44:32,ODFL,0,0,0,0,0,0,0,1,1,1,0,0
2025-07-15 20:44:33,OMC,0,0,0,0,0,0,0,0,1,1,1,0
2025-07-15 20:44:33,ON,0,0,1,0,0,0,0,0,1,1,1,0
2025-07-15 20:44:34,OKE,0,0,0,0,0,0,0,0,1,1,0,0
2025-07-15 20:44:35,ORCL,1,0,0,0,0,1,1,1,1,1,1,0
2025-07-15 20:44:36,OTIS,0,0,0,0,0,0,0,0,1,1,1,0
2025-07-15 20:44:36,PCAR,0,0,0,0,0,0,0,1,1,0,0,0
2025-07-15 20:44:37,PKG,0,0,0,0,0,0,0,1,1,1,0,0
2025-07-15 20:44:38,PLTR,1,0,1,0,0,0,1,1,1,1,0,0
2025-07-15 20:44:38,PANW,0,0,0,0,0,1,0,1,1,1,0,0
2025-07-15 20:44:39,PARA,0,0,0,0,0,0,0,0,1,0,0,0
2025-07-15 20:44:40,PH,0,0,0,0,0,0,0,1,1,0,0,0
2025-07-15 20:44:40,PAYX,0,0,0,0,0,0,0,1,1,1,0,0
2025-07-15 20:44:41,PAYC,0,0,0,0,0,0,0,1,1,0,0,0
2025-07-15 20:44:42,PYPL,0,0,0,0,0,0,0,0,1,0,0,0
2025-07-15 20:44:42,PNR,0,0,0,0,0,0,0,0,1,1,0,0
2025-07-15 20:44:43,PEP,0,0,0,0,0,0,0,1,1,0,0,0
2025-07-15 20:44:44,PFE,0,0,1,0,0,0,0,0,1,1,0,0
2025-07-15 20:44:45,PCG,0,0,0,0,0,0,0,0,1,1,0,0
2025-07-15 20:44:45,PM,1,0,1,0,0,1,1,1,1,0,0,0
2025-07-15 20:44:46,PSX,0,0,0,0,0,0,0,1,1,0,0,0
2025-07-15 20:44:47,PNW,0,0,0,0,0,0,0,0,1,1,0,0
2025-07-15 20:44:47,PNC,0,0,0,0,0,0,0,1,1,1,0,0
2025-07-15 20:44:48,POOL,0,0,0,0,0,0,0,1,1,1,0,0
2025-07-15 20:44:49,PPG,0,0,0,0,0,0,0,1,1,1,0,0
2025-07-15 20:44:50,PPL,1,0,0,0,0,1,1,0,1,1,0,0
2025-07-15 20:44:50,PFG,0,0,0,0,0,0,0,0,1,1,0,0
2025-07-15 20:44:51,PG,0,0,0,0,0,0,0,1,1,0,0,0
2025-07-15 20:44:52,PGR,1,0,1,0,0,0,1,1,1,1,0,0
2025-07-15 20:44:52,PLD,0,0,0,0,0,0,0,1,1,1,0,0
2025-07-15 20:44:53,PRU,0,0,0,0,0,0,0,0,1,1,0,0
2025-07-15 20:44:54,PEG,0,0,0,0,0,0,0,0,1,1,0,0
2025-07-15 20:44:55,PTC,0,0,0,0,0,0,0,1,1,1,0,0
2025-07-15 20:44:55,PSA,0,0,0,0,0,0,0,1,1,1,0,0
2025-07-15 20:44:56,PHM,0,0,0,0,0,0,0,1,1,1,0,0
2025-07-15 20:44:57,PWR,0,0,0,0,0,0,0,1,1,1,0,0
2025-07-15 20:44:57,QCOM,0,0,0,0,0,0,0,1,1,1,1,0
2025-07-15 20:44:58,DGX,1,1,1,1,0,1,1,1,1,1,0,1
2025-07-15 20:44:59,RL,0,0,1,0,0,0,0,1,1,1,0,0
2025-07-15 20:44:59,RJF,0,0,0,0,0,0,0,1,1,1,0,0
2025-07-15 20:45:00,RTX,0,0,0,0,0,0,0,1,1,1,0,0
2025-07-15 20:45:01,O,0,0,0,0,0,0,0,0,1,1,0,0
2025-07-15 20:45:02,REG,0,0,0,0,0,0,0,0,1,1,0,0
2025-07-15 20:45:02,REGN,0,0,1,0,0,0,0,1,1,1,0,0
2025-07-15 20:45:03,RF,0,0,0,0,0,0,0,0,1,1,0,0
2025-07-15 20:45:04,RSG,0,0,0,0,0,0,0,1,1,0,0,0
2025-07-15 20:45:04,RMD,1,0,0,0,0,0,1,1,1,1,1,0
2025-07-15 20:45:05,RVTY,0,0,0,0,0,0,0,1,1,1,0,0
2025-07-15 20:45:06,ROK,0,0,0,0,0,0,0,1,1,1,0,0
2025-07-15 20:45:07,ROL,0,0,0,0,0,0,0,0,1,0,0,0
2025-07-15 20:45:07,ROP,0,0,0,0,0,0,0,1,1,0,0,0
2025-07-15 20:45:08,ROST,0,0,0,0,0,0,0,1,1,1,0,0
2025-07-15 20:45:09,RCL,1,0,1,0,0,1,1,1,1,1,0,0
2025-07-15 20:45:09,SPGI,0,0,0,0,0,0,0,1,1,1,0,0
2025-07-15 20:45:10,CRM,0,0,0,0,0,0,0,1,1,1,0,0
2025-07-15 20:45:11,SBAC,0,0,0,0,0,0,0,1,1,0,0,0
2025-07-15 20:45:11,SLB,0,0,0,0,0,0,0,0,1,1,0,0
2025-07-15 20:45:12,STX,0,0,0,0,0,1,0,1,1,1,0,0
2025-07-15 20:45:13,SRE,0,0,0,0,0,0,0,0,1,0,0,0
2025-07-15 20:45:13,NOW,0,0,0,0,0,0,0,1,1,1,0,0
2025-07-15 20:45:14,SHW,0,0,0,0,0,0,0,1,1,1,0,0
2025-07-15 20:45:15,SPG,0,0,0,0,0,0,0,1,1,1,0,0
2025-07-15 20:45:15,SWKS,0,0,0,0,0,0,0,1,1,1,1,0
2025-07-15 20:45:16,SJM,0,0,1,0,0,0,0,1,1,1,0,0
2025-07-15 20:45:17,SW,0,0,0,0,0,0,0,0,1,1,0,0
2025-07-15 20:45:17,SNA,0,0,0,0,0,0,0,1,1,1,0,0
2025-07-15 20:45:18,SOLV,0,0,0,0,0,0,0,0,1,1,1,0
2025-07-15 20:45:19,SO,0,0,0,0,0,0,0,0,1,0,0,0
2025-07-15 20:45:20,LUV,0,0,0,0,0,0,0,0,1,1,0,0
2025-07-15 20:45:20,SWK,0,0,0,0,0,0,0,1,1,1,1,0
2025-07-15 20:45:21,SBUX,0,0,1,0,0,0,0,1,1,1,0,0
2025-07-15 20:45:22,STT,0,0,1,0,0,0,0,1,1,1,0,0
2025-07-15 20:45:22,STLD,0,0,0,0,0,0,0,1,1,1,0,0
2025-07-15 20:45:26,STE,0,0,0,0,0,0,0,1,1,0,1,0
2025-07-15 20:45:26,SYK,0,0,0,0,0,1,0,1,1,0,0,0
2025-07-15 20:45:27,SMCI,0,0,1,0,0,1,0,1,1,1,1,0
2025-07-15 20:45:27,SYF,0,0,0,0,0,0,0,0,1,1,0,0
2025-07-15 20:45:28,SNPS,1,0,1,0,0,1,1,1,1,1,0,0
2025-07-15 20:45:29,SYY,0,0,0,0,0,0,0,0,1,1,0,0
2025-07-15 20:45:30,TMUS,0,0,0,0,0,0,0,1,1,0,0,0
2025-07-15 20:45:30,TROW,0,0,0,0,0,0,0,0,1,1,0,0
2025-07-15 20:45:31,TTWO,0,0,0,0,0,0,0,1,1,1,0,0
2025-07-15 20:45:32,TPR,1,0,1,0,0,1,1,1,1,1,0,0
2025-07-15 20:45:32,TRGP,0,0,1,0,0,0,0,1,1,1,0,0
2025-07-15 20:45:33,TGT,0,0,0,0,0,0,0,1,1,1,0,0
2025-07-15 20:45:34,TEL,0,0,0,0,0,0,0,1,1,1,0,0
2025-07-15 20:45:34,TDY,0,0,0,0,0,0,0,1,1,1,0,0
2025-07-15 20:45:35,TER,0,0,0,0,0,0,0,1,1,1,1,0
2025-07-15 20:45:36,TSLA,0,0,0,0,0,0,0,1,1,1,0,0
2025-07-15 20:45:37,TXN,0,0,0,0,0,0,0,1,1,1,0,0
2025-07-15 20:45:37,TPL,0,0,0,0,0,0,0,1,1,1,0,0
2025-07-15 20:45:38,TXT,0,0,0,0,0,0,0,0,1,1,0,0
2025-07-15 20:45:39,TMO,0,0,1,0,0,0,0,1,1,1,0,0
2025-07-15 20:45:39,TJX,0,0,0,0,0,0,0,0,1,1,0,0
2025-07-15 20:45:40,TKO,0,0,0,0,0,0,0,1,1,1,0,0
2025-07-15 20:45:41,TSCO,0,0,0,0,0,0,0,0,1,1,0,0
2025-07-15 20:45:42,TT,0,0,0,0,0,0,0,1,1,0,0,0
2025-07-15 20:45:42,TDG,0,0,0,0,0,0,0,1,1,1,0,0
2025-07-15 20:45:43,TRV,0,0,1,0,0,0,0,1,1,1,0,0
2025-07-15 20:45:44,TRMB,0,0,0,0,0,0,0,0,1,1,0,0
2025-07-15 20:45:45,TFC,0,0,0,0,0,0,0,0,1,1,0,0
2025-07-15 20:45:46,TYL,0,0,0,0,0,0,0,1,1,1,0,0
2025-07-15 20:45:46,TSN,0,0,0,0,0,0,0,0,1,1,0,0
2025-07-15 20:45:47,USB,0,0,0,0,0,0,0,0,1,1,0,0
2025-07-15 20:45:48,UBER,0,0,0,0,0,0,0,1,1,1,1,0
2025-07-15 20:45:49,UDR,0,0,0,0,0,0,0,0,1,1,0,0
2025-07-15 20:45:49,ULTA,0,0,1,0,0,0,0,1,1,1,0,0
2025-07-15 20:45:50,UNP,0,0,0,0,0,0,0,1,1,0,0,0
2025-07-15 20:45:51,UAL,0,0,0,0,0,0,0,1,1,1,0,0
2025-07-15 20:45:51,UPS,0,0,0,0,0,0,0,1,1,0,0,0
2025-07-15 20:45:52,URI,0,0,0,0,0,0,0,1,1,1,0,0
2025-07-15 20:45:53,UNH,0,0,1,0,0,0,0,1,1,1,0,0
2025-07-15 20:45:53,UHS,1,0,1,0,0,0,1,1,1,1,0,0
2025-07-15 20:45:54,VLO,0,0,1,0,0,0,0,1,1,1,0,0
2025-07-15 20:45:55,VTR,0,0,0,0,0,0,0,0,1,1,0,0
2025-07-15 20:45:56,VLTO,0,0,0,0,0,0,0,0,1,1,0,0
2025-07-15 20:45:56,VRSN,0,0,0,0,0,0,0,1,1,0,0,0
2025-07-15 20:45:57,VRSK,0,0,0,0,0,0,0,1,1,1,0,0
2025-07-15 20:45:58,VZ,0,0,0,0,0,0,0,0,1,0,0,0
2025-07-15 20:45:58,VRTX,0,0,1,0,0,0,0,1,1,1,0,0
2025-07-15 20:45:59,VTRS,0,0,0,0,0,0,0,0,1,1,0,0
2025-07-15 20:46:00,VICI,0,0,0,0,0,0,0,0,1,1,0,0
2025-07-15 20:46:01,V,0,0,0,0,0,0,0,1,1,0,0,0
2025-07-15 20:46:01,VST,0,0,0,0,0,0,0,1,1,1,0,0
2025-07-15 20:46:02,VMC,0,0,1,0,0,0,0,1,1,1,0,0
2025-07-15 20:46:03,WRB,0,0,0,0,0,0,0,0,1,1,0,0
2025-07-15 20:46:04,GWW,0,0,0,0,0,0,0,1,1,1,0,0
2025-07-15 20:46:04,WAB,0,0,0,0,0,0,0,1,1,0,0,0
2025-07-15 20:46:06,WBA,0,0,0,0,0,0,0,0,0,0,0,0
2025-07-15 20:46:06,WMT,0,0,0,0,0,1,0,0,1,0,0,0
2025-07-15 20:46:07,DIS,0,0,0,0,0,0,0,0,1,0,0,0
2025-07-15 20:46:08,WBD,0,0,0,0,0,0,0,0,1,1,0,0
2025-07-15 20:46:08,WM,0,0,0,0,0,0,0,1,1,0,0,0
2025-07-15 20:46:09,WAT,1,0,1,0,0,0,1,1,1,1,1,0
2025-07-15 20:46:10,WEC,0,0,0,0,0,0,0,0,1,1,0,0
2025-07-15 20:46:11,WFC,1,0,1,0,0,0,1,0,1,1,0,0
2025-07-15 20:46:11,WELL,1,0,0,0,0,1,1,1,1,1,0,0
2025-07-15 20:46:12,WST,0,0,0,0,0,0,0,1,1,1,0,0
2025-07-15 20:46:13,WDC,0,0,0,0,0,0,0,0,1,0,1,0
2025-07-15 20:46:14,WY,0,0,1,0,0,0,0,0,1,1,0,0
2025-07-15 20:46:14,WSM,0,0,0,0,0,0,0,1,1,1,0,0
2025-07-15 20:46:15,WMB,1,0,1,0,0,1,1,0,1,1,0,0
2025-07-15 20:46:16,WTW,1,0,1,0,0,0,1,1,1,1,0,0
2025-07-15 20:46:16,WDAY,0,0,0,0,0,1,0,1,1,1,0,0
2025-07-15 20:46:17,WYNN,1,0,1,0,0,1,1,1,1,1,0,0
2025-07-15 20:46:18,XEL,0,0,0,0,0,0,0,0,1,1,0,0
2025-07-15 20:46:19,XYL,0,0,0,0,0,0,0,0,1,1,0,0
2025-07-15 20:46:19,YUM,0,0,0,0,0,0,0,1,1,1,0,0
2025-07-15 20:46:20,ZBRA,0,0,0,0,0,0,0,1,1,1,0,0
2025-07-15 20:46:21,ZBH,0,0,0,0,0,0,0,1,1,1,1,0
2025-07-15 20:46:22,ZTS,0,0,1,0,0,0,0,1,1,1,0,0
2025-07-15 20:46:22,MMM,0,0,0,0,0,0,0,1,1,0,0,0
2025-07-15 20:46:23,AOS,0,0,0,0,0,0,0,0,1,1,0,0
2025-07-15 20:46:24,ABT,0,0,0,0,0,1,0,1,1,1,0,0
2025-07-15 20:46:24,ABBV,1,0,1,0,0,0,1,1,1,1,0,0
2025-07-15 20:46:25,ACN,0,0,0,0,0,0,0,1,1,1,0,0
2025-07-15 20:46:26,ADBE,0,0,0,0,0,0,0,1,1,0,0,0
2025-07-15 20:46:27,AMD,1,0,1,0,0,0,1,1,1,1,1,0
2025-07-15 20:46:27,AES,1,0,1,0,0,1,1,0,1,1,1,0
2025-07-15 20:46:28,AFL,0,0,1,0,0,0,0,0,1,1,0,0
2025-07-15 20:46:29,A,0,0,1,0,0,0,0,1,1,1,0,0
2025-07-15 20:46:30,APD,0,0,0,0,0,0,0,1,1,1,0,0
2025-07-15 20:46:30,ABNB,0,0,0,0,0,0,0,1,1,1,0,0
2025-07-15 20:46:31,AKAM,0,0,0,0,0,0,0,0,1,1,0,0
2025-07-15 20:46:32,ALB,0,0,0,0,0,0,0,1,1,1,1,0
2025-07-15 20:46:32,ARE,0,0,0,0,0,0,0,1,1,1,0,0
2025-07-15 20:46:33,ALGN,0,0,0,0,0,0,0,1,1,1,1,0
2025-07-15 20:46:34,ALLE,0,0,0,0,0,0,0,1,1,1,0,0
2025-07-15 20:46:34,LNT,0,0,0,0,0,0,0,0,1,1,0,0
2025-07-15 20:46:35,ALL,0,0,1,0,0,0,0,1,1,1,0,0
2025-07-15 20:46:36,GOOGL,0,0,0,0,0,0,0,1,1,0,0,0
2025-07-15 20:46:38,GOOG,0,0,0,0,0,0,0,1,1,1,0,0
2025-07-15 20:46:39,MO,1,0,0,0,0,1,1,0,1,0,0,0
2025-07-15 20:46:40,AMZN,0,0,1,0,0,0,0,1,1,0,0,0
2025-07-15 20:46:40,AMCR,0,0,0,0,0,0,0,0,1,1,0,0
2025-07-15 20:46:41,AEE,0,0,0,0,0,0,0,0,1,0,0,0
2025-07-15 20:46:42,AEP,0,0,0,0,0,0,0,0,1,0,0,0
2025-07-15 20:46:43,AXP,0,0,0,0,0,0,0,1,1,1,0,0
2025-07-15 20:46:43,AIG,0,0,1,0,0,0,0,0,1,0,0,0
2025-07-15 20:46:44,AMT,1,0,1,0,0,0,1,1,1,1,0,0
2025-07-15 20:46:45,AWK,0,0,0,0,0,0,0,1,1,1,0,0
2025-07-15 20:46:45,AMP,0,0,0,0,0,0,0,1,1,1,0,0
2025-07-15 20:46:46,AME,0,0,0,0,0,0,0,1,1,1,0,0
2025-07-15 20:46:47,AMGN,0,0,1,0,0,0,0,1,1,1,0,0
2025-07-15 20:46:48,APH,0,0,0,0,0,0,0,0,1,1,0,0
2025-07-15 20:46:48,ADI,0,0,0,0,0,0,0,1,1,1,0,0
2025-07-15 20:46:49,ANSS,1,0,1,0,0,1,1,1,1,1,0,0
2025-07-15 20:46:50,AON,0,0,0,0,0,0,0,1,1,1,0,0
2025-07-15 20:46:50,APA,0,0,0,0,0,0,0,0,1,1,0,0
2025-07-15 20:46:51,APO,0,0,0,0,0,0,0,1,1,1,0,0
2025-07-15 20:46:52,AAPL,0,0,0,0,0,0,0,1,1,0,0,0
2025-07-15 20:46:53,AMAT,0,0,1,0,0,0,0,1,1,0,1,0
2025-07-15 20:46:53,APTV,0,0,0,0,0,0,0,0,1,1,0,0
2025-07-15 20:46:54,ACGL,0,0,0,0,0,0,0,0,1,1,0,0
2025-07-15 20:46:55,ADM,0,0,1,0,0,0,0,0,1,0,0,0
2025-07-15 20:46:55,ANET,0,0,1,0,0,0,0,1,1,1,0,0
2025-07-15 20:46:56,AJG,0,0,0,0,0,0,0,1,1,1,0,0
2025-07-15 20:46:57,AIZ,0,0,0,0,0,0,0,1,1,1,0,0
2025-07-15 20:46:58,T,0,0,0,0,0,1,0,0,1,0,0,0
2025-07-15 20:46:58,ATO,0,0,0,0,0,0,0,1,1,1,0,0
2025-07-15 20:46:59,ADSK,0,0,0,0,0,0,0,1,1,1,0,0
2025-07-15 20:47:00,ADP,0,0,0,0,0,0,0,1,1,1,0,0
2025-07-15 20:47:01,AZO,0,0,1,0,0,0,0,1,1,1,0,0
2025-07-15 20:47:01,AVB,0,0,0,0,0,0,0,1,1,1,0,0
2025-07-15 20:47:02,AVY,0,0,0,0,0,0,0,1,1,1,0,0
2025-07-15 20:47:03,AXON,0,0,0,0,0,0,0,1,1,1,0,0
2025-07-15 20:47:03,BKR,0,0,0,0,0,0,0,0,1,1,0,0
2025-07-15 20:47:04,BALL,0,0,1,0,0,0,0,0,1,1,0,0
2025-07-15 20:47:05,BAC,0,0,0,0,0,0,0,0,1,1,0,0
2025-07-15 20:47:06,BAX,0,0,0,0,0,0,0,0,1,1,0,0
2025-07-15 20:47:06,BDX,0,0,0,0,0,0,0,1,1,1,0,0
2025-07-15 20:47:07,BRK-B,0,0,0,0,0,0,0,1,0,0,0,0
2025-07-15 20:47:08,BBY,0,0,1,0,0,0,0,1,1,1,0,0
2025-07-15 20:47:08,TECH,0,0,1,0,0,0,0,1,1,1,0,0
2025-07-15 20:47:09,BIIB,0,0,0,0,0,0,0,1,1,1,0,0
2025-07-15 20:47:10,BLK,0,0,0,0,0,0,0,1,1,1,0,0
2025-07-15 20:47:11,BX,0,0,0,0,0,0,0,1,1,1,0,0
2025-07-15 20:47:11,BK,0,0,0,0,0,0,0,0,1,1,0,0
2025-07-15 20:47:12,BA,0,0,0,0,0,0,0,1,1,1,0,0
2025-07-15 20:47:13,BKNG,0,0,0,0,0,0,0,1,1,1,0,0
2025-07-15 20:47:14,BSX,0,0,0,0,0,0,0,0,1,1,0,0
2025-07-15 20:47:14,BMY,1,0,1,0,0,0,1,0,1,1,0,0
2025-07-15 20:47:15,AVGO,0,0,0,0,0,1,0,1,1,1,1,0
2025-07-15 20:47:16,BR,0,0,0,0,0,0,0,1,1,0,0,0
2025-07-15 20:47:17,BRO,0,0,0,0,0,0,0,0,1,1,0,0
2025-07-15 20:47:17,BF-B,0,0,0,0,0,0,0,0,0,1,0,0
2025-07-15 20:47:18,BLDR,0,0,0,0,0,0,0,1,1,1,0,0
2025-07-15 20:47:19,BG,0,0,1,0,0,0,0,1,1,1,0,0
2025-07-15 20:47:19,BXP,0,0,0,0,0,0,0,0,1,1,0,0
2025-07-15 20:47:20,CHRW,0,0,0,0,0,0,0,1,1,0,0,0
2025-07-15 20:47:21,CDNS,0,0,0,0,0,0,0,1,1,1,0,0
2025-07-15 20:47:22,CZR,0,0,1,0,0,0,0,0,1,1,0,0
2025-07-15 20:47:22,CPT,0,0,0,0,0,0,0,1,1,1,0,0
2025-07-15 20:47:23,CPB,0,0,1,0,0,0,0,0,1,1,0,0
2025-07-15 20:47:24,COF,0,0,0,0,0,0,0,1,1,1,0,0
2025-07-15 20:47:25,CAH,1,0,1,0,0,1,1,1,1,0,0,0
2025-07-15 20:47:25,KMX,0,0,1,0,0,0,0,1,1,1,1,0
2025-07-15 20:47:26,CCL,0,0,0,0,0,1,0,0,1,1,0,0
2025-07-15 20:47:27,CARR,0,0,0,0,0,0,0,0,1,1,0,0
2025-07-15 20:47:27,CAT,0,0,0,0,0,0,0,1,1,0,0,0
2025-07-15 20:47:28,CBOE,0,0,0,0,0,0,0,1,1,1,0,0
2025-07-15 20:47:29,CBRE,0,0,0,0,0,0,0,1,1,1,0,0
2025-07-15 20:47:30,CDW,0,0,0,0,0,0,0,1,1,1,0,0
2025-07-15 20:47:30,COR,0,0,1,0,0,0,0,1,1,1,0,0
2025-07-15 20:47:31,CNC,0,0,1,0,0,0,0,1,1,1,0,0
2025-07-15 20:47:32,CNP,0,0,0,0,0,0,0,0,1,0,0,0
2025-07-15 20:47:33,CF,0,0,0,0,0,0,0,1,1,1,0,0
2025-07-15 20:47:33,CRL,0,0,1,0,0,0,0,1,1,1,0,0
2025-07-15 20:47:34,SCHW,0,0,0,0,0,0,0,0,1,0,0,0
2025-07-15 20:47:35,CHTR,0,0,0,0,0,0,0,1,1,1,0,0
2025-07-15 20:47:36,CVX,0,0,0,0,0,0,0,1,1,0,0,0
2025-07-15 20:47:36,CMG,0,0,0,0,0,0,0,0,1,1,0,0
2025-07-15 20:47:37,CB,0,0,0,0,0,0,0,1,1,0,0,0
2025-07-15 20:47:38,CHD,0,0,0,0,0,0,0,0,1,1,0,0
2025-07-15 20:47:39,CI,1,0,1,0,0,1,1,1,1,1,0,0
2025-07-15 20:47:39,CINF,0,0,0,0,0,0,0,1,1,1,0,0
2025-07-15 20:47:40,CTAS,0,0,0,0,0,0,0,1,1,1,0,0
2025-07-15 20:47:41,CSCO,0,0,0,0,0,0,0,0,1,0,0,0
2025-07-15 20:47:42,C,0,0,0,0,0,1,0,0,1,1,1,0
2025-07-15 20:47:42,CFG,0,0,0,0,0,0,0,0,1,1,0,0
2025-07-15 20:47:43,CLX,0,0,1,0,0,0,0,1,1,1,0,0
2025-07-15 20:47:44,CME,1,0,1,0,0,1,1,1,1,0,0,0
2025-07-15 20:47:45,CMS,0,0,0,0,0,1,0,0,1,0,0,0
2025-07-15 20:47:45,KO,0,0,0,0,0,0,0,0,1,0,0,0
2025-07-15 20:47:46,CTSH,0,0,0,0,0,0,0,0,1,1,0,0
2025-07-15 20:47:47,COIN,1,1,1,0,0,0,1,1,1,1,0,0
2025-07-15 20:47:48,CL,0,0,0,0,0,0,0,0,1,1,0,0
2025-07-15 20:47:48,CMCSA,0,0,0,0,0,0,0,0,1,1,0,0
2025-07-15 20:47:49,CAG,0,0,0,0,0,0,0,0,1,1,0,0
2025-07-15 20:47:50,COP,0,0,0,0,0,0,0,1,1,1,0,0
2025-07-15 20:47:51,ED,0,0,0,0,0,0,0,0,1,0,0,0
2025-07-15 20:47:51,STZ,1,1,1,0,0,1,1,1,1,1,0,0
2025-07-15 20:47:52,CEG,0,0,0,0,0,0,0,1,1,1,0,0
2025-07-15 20:47:53,COO,0,0,0,0,0,0,0,0,1,1,0,0
2025-07-15 20:47:54,CPRT,0,0,1,0,0,0,0,0,1,1,0,0
2025-07-15 20:47:54,GLW,0,0,0,0,0,0,0,0,1,1,0,0
2025-07-15 20:47:55,CPAY,0,0,0,0,0,0,0,1,1,1,0,0
2025-07-15 20:47:56,CTVA,0,0,0,0,0,0,0,0,1,1,0,0
2025-07-15 20:47:57,CSGP,0,0,0,0,0,0,0,0,1,1,0,0
2025-07-15 20:47:57,COST,0,0,0,0,0,0,0,1,1,0,0,0
2025-07-15 20:47:58,CTRA,0,0,1,0,0,0,0,0,1,1,0,0
2025-07-15 20:47:59,CRWD,0,0,0,0,0,0,0,1,1,1,0,0
2025-07-15 20:47:59,CCI,0,0,1,0,0,0,0,1,1,1,0,0
2025-07-15 20:48:00,CSX,0,0,0,0,0,0,0,0,1,1,0,0
2025-07-15 20:48:01,CMI,1,0,1,0,0,1,1,1,1,0,0,0
2025-07-15 20:48:02,CVS,1,0,1,0,0,1,1,0,1,1,0,0
2025-07-15 20:48:02,DHR,0,0,0,0,0,0,0,1,1,1,0,0
2025-07-15 20:48:03,DRI,0,0,0,0,0,0,0,1,1,0,0,0
2025-07-15 20:48:04,DDOG,0,0,0,0,0,0,0,1,1,1,0,0
2025-07-15 20:48:05,DVA,1,0,1,0,0,0,1,1,1,1,0,0
2025-07-15 20:48:05,DAY,0,0,0,0,0,0,0,0,1,1,0,0
2025-07-15 20:48:06,DECK,0,0,0,0,0,0,0,1,1,1,0,0
2025-07-15 20:48:07,DE,0,0,0,0,0,0,0,1,1,1,0,0
2025-07-15 20:48:08,DELL,0,0,0,0,0,0,0,1,1,1,1,0
2025-07-15 20:48:08,DAL,0,0,0,0,0,0,0,1,1,1,0,0
2025-07-15 20:48:09,DVN,0,0,0,0,0,0,0,0,1,1,0,0
2025-07-15 20:48:10,DXCM,0,0,0,0,0,0,0,1,1,1,0,0
2025-07-15 20:48:10,FANG,0,0,0,0,0,0,0,1,1,1,0,0
2025-07-15 20:48:11,DLR,0,0,1,0,0,0,0,1,1,0,0,0
2025-07-15 20:48:12,DG,0,0,0,0,0,0,0,1,1,0,0,0
2025-07-15 20:48:13,DLTR,0,0,1,0,0,0,0,1,1,1,0,0
2025-07-15 20:48:13,D,0,0,0,0,0,0,0,0,1,1,0,0
2025-07-15 20:48:14,DPZ,0,0,0,0,0,0,0,1,1,1,0,0
2025-07-15 20:48:15,DASH,0,0,0,0,0,1,0,1,1,1,0,0
2025-07-15 20:48:16,DOV,0,0,0,0,0,0,0,1,1,1,1,0
2025-07-15 20:48:16,DOW,0,0,0,0,0,0,0,0,1,1,1,0
2025-07-15 20:48:17,DHI,0,0,1,0,0,0,0,1,1,1,0,0
2025-07-15 20:48:18,DTE,0,0,0,0,0,0,0,1,1,0,0,0
2025-07-15 20:48:19,DUK,0,0,0,0,0,1,0,0,1,1,0,0
2025-07-15 20:48:20,DD,0,0,0,0,0,0,0,0,1,1,1,0
2025-07-15 20:48:20,EMN,0,0,0,0,0,0,0,1,1,1,0,0
2025-07-15 20:48:21,ETN,0,0,0,0,0,0,0,1,1,1,1,0
2025-07-15 20:48:22,EBAY,0,0,0,0,0,0,0,0,1,1,0,0
2025-07-15 20:48:23,ECL,0,0,0,0,0,0,0,1,1,0,0,0
2025-07-15 20:48:23,EIX,0,0,0,0,0,0,0,0,1,1,0,0
2025-07-15 20:48:24,EW,0,0,0,0,0,0,0,0,1,1,0,0
2025-07-15 20:48:25,EA,0,0,0,0,0,1,0,1,1,1,0,0
2025-07-15 20:48:25,ELV,0,0,1,0,0,0,0,1,1,1,0,0
2025-07-15 20:48:26,EMR,0,0,0,0,0,0,0,1,1,0,0,0
2025-07-15 20:48:27,ENPH,1,1,1,0,0,0,1,1,1,1,0,0
2025-07-15 20:48:28,ETR,0,0,0,0,0,1,0,0,1,1,0,0
2025-07-15 20:48:28,EOG,0,0,0,0,0,0,0,1,1,1,0,0
2025-07-15 20:48:29,EPAM,0,0,0,0,0,0,0,1,1,1,0,0
2025-07-15 20:48:30,EQT,1,0,1,0,0,1,1,0,1,1,0,0
2025-07-15 20:48:30,EFX,0,0,0,0,0,0,0,1,1,1,0,0
2025-07-15 20:48:31,EQIX,0,0,0,0,0,0,0,1,1,1,0,0
2025-07-15 20:48:32,EQR,0,0,0,0,0,0,0,0,1,1,0,0
2025-07-15 20:48:33,ERIE,0,0,0,0,0,0,0,1,1,0,0,0
2025-07-15 20:48:33,ESS,0,0,0,0,0,0,0,1,1,1,0,0
2025-07-15 20:48:34,EL,0,0,1,0,0,0,0,1,1,1,0,0
2025-07-15 20:48:35,EG,0,0,0,0,0,0,0,1,1,1,0,0
2025-07-15 20:48:36,EVRG,0,0,0,0,0,0,0,0,1,1,0,0
2025-07-15 20:48:36,ES,0,0,0,0,0,0,0,0,1,1,0,0
2025-07-15 20:48:37,EXC,0,0,0,0,0,0,0,0,1,0,0,0
2025-07-15 20:48:38,EXE,0,0,0,0,0,0,0,1,1,1,0,0
2025-07-15 20:48:39,EXPE,0,0,1,0,0,0,0,1,1,1,0,0
2025-07-15 20:48:39,EXPD,0,0,0,0,0,0,0,1,1,1,0,0
2025-07-15 20:48:40,EXR,0,0,0,0,0,0,0,1,1,1,0,0
2025-07-15 20:48:41,XOM,0,0,1,0,0,0,0,0,1,0,0,0
2025-07-15 20:48:42,FFIV,0,0,0,0,0,0,0,1,1,1,0,0
2025-07-15 20:48:43,FDS,0,0,0,0,0,0,0,1,1,1,0,0
2025-07-15 20:48:43,FICO,1,0,1,0,0,1,1,1,1,1,0,0
2025-07-15 20:48:45,FAST,0,0,0,0,0,0,0,0,1,1,0,0
2025-07-15 20:48:45,FRT,0,0,0,0,0,0,0,0,1,1,0,0
2025-07-15 20:48:46,FDX,0,0,0,0,0,0,0,1,1,1,0,0
2025-07-15 20:48:47,FIS,0,0,0,0,0,0,0,0,1,0,0,0
2025-07-15 20:48:48,FITB,0,0,0,0,0,0,0,0,1,1,0,0
2025-07-15 20:48:49,FSLR,1,0,1,0,0,1,1,1,1,1,1,0
2025-07-15 20:48:49,FE,0,0,0,0,0,0,0,0,1,0,0,0
2025-07-15 20:48:50,FI,0,0,0,0,0,0,0,1,1,1,0,0
2025-07-15 20:48:51,F,0,0,1,0,0,0,0,0,1,1,0,0
2025-07-15 20:48:52,FTNT,0,0,0,0,0,1,0,1,1,1,0,0
2025-07-15 20:48:52,FTV,0,0,0,0,0,0,0,0,1,1,0,0
2025-07-15 20:48:53,FOXA,0,0,0,0,0,0,0,0,1,1,0,0
2025-07-15 20:48:54,FOX,0,0,0,0,0,0,0,0,1,1,0,0
2025-07-15 20:48:54,BEN,0,0,0,0,0,0,0,0,1,1,0,0
2025-07-15 20:48:55,FCX,1,0,1,1,0,1,1,0,1,1,0,0
2025-07-15 20:48:56,GRMN,0,0,0,0,0,0,0,1,1,0,0,0
2025-07-15 20:48:57,IT,0,0,0,0,0,0,0,1,1,1,0,0
2025-07-15 20:48:57,GE,1,0,1,0,0,1,1,1,1,0,0,0
2025-07-15 20:48:58,GEHC,1,0,1,1,0,1,1,0,1,1,0,0
2025-07-15 20:48:59,GEV,1,0,0,0,0,1,1,1,1,1,0,0
2025-07-15 20:48:59,GEN,0,0,0,0,0,0,0,0,1,0,0,0
2025-07-15 20:49:00,GNRC,0,0,0,0,0,0,0,1,1,1,0,0
2025-07-15 20:49:01,GD,0,0,0,0,0,0,0,1,1,1,0,0
2025-07-15 20:49:02,GIS,0,0,0,0,0,0,0,0,1,1,0,0
2025-07-15 20:49:02,GM,0,0,0,0,0,0,0,0,1,1,0,0
2025-07-15 20:49:03,GPC,0,0,0,0,0,0,0,1,1,1,0,0
2025-07-15 20:49:03,GILD,0,0,0,0,0,0,0,1,1,1,0,0
2025-07-15 20:49:04,GPN,0,0,0,0,0,0,0,0,1,1,0,0
2025-07-15 20:49:05,GL,0,0,0,0,0,0,0,1,1,1,0,0
2025-07-15 20:49:05,GDDY,0,0,0,0,0,0,0,1,1,0,0,0
2025-07-15 20:49:06,GS,0,0,0,0,0,0,0,1,1,1,0,0
2025-07-15 20:49:07,HAL,0,0,0,0,0,0,0,0,1,1,0,0
2025-07-15 20:49:07,HIG,0,0,0,0,0,0,0,1,1,1,0,0
2025-07-15 20:49:08,HAS,0,0,0,0,0,0,0,0,1,1,0,0
2025-07-15 20:49:09,HCA,1,0,1,0,0,0,1,1,1,1,0,0
2025-07-15 20:49:11,DOC,0,0,0,0,0,0,0,0,1,1,0,0
2025-07-15 20:49:11,HSIC,0,0,0,0,0,0,0,0,1,1,0,0
2025-07-15 20:49:12,HSY,0,0,0,0,0,0,0,1,1,1,0,0
2025-07-15 20:49:13,HES,0,0,0,0,0,0,0,1,1,0,0,0
2025-07-15 20:49:13,HPE,0,0,0,0,0,0,0,0,1,1,0,0
2025-07-15 20:49:14,HLT,0,0,0,0,0,0,0,1,1,1,0,0
2025-07-15 20:49:14,HOLX,0,0,0,0,0,0,0,0,1,1,0,0
2025-07-15 20:49:15,HD,0,0,1,0,0,0,0,1,1,1,0,0
2025-07-15 20:49:16,HON,0,0,0,0,0,0,0,1,1,0,0,0
2025-07-15 20:49:17,HRL,0,0,0,0,0,0,0,0,1,1,0,0
2025-07-15 20:49:17,HST,0,0,0,0,0,0,0,0,1,1,0,0
2025-07-15 20:49:18,HWM,0,0,0,0,0,1,0,1,1,1,0,0
2025-07-15 20:49:19,HPQ,0,0,0,0,0,0,0,0,1,1,0,0
2025-07-15 20:49:19,HUBB,0,0,0,0,0,0,0,1,1,1,0,0
2025-07-15 20:49:20,HUM,0,0,1,0,0,0,0,1,1,1,0,0
2025-07-15 20:49:21,HBAN,0,0,0,0,0,0,0,0,1,1,0,0
2025-07-15 20:49:21,HII,0,0,0,0,0,0,0,1,1,1,0,0
2025-07-15 20:49:22,IBM,0,0,0,0,0,1,0,1,1,0,0,0
2025-07-15 20:49:23,IEX,0,0,0,0,0,0,0,1,1,1,0,0
2025-07-15 20:49:23,IDXX,0,0,0,0,0,0,0,1,1,0,0,0
2025-07-15 20:49:24,ITW,0,0,0,0,0,0,0,1,1,0,0,0
2025-07-15 20:49:25,INCY,0,0,0,0,0,0,0,1,1,1,0,0
2025-07-15 20:49:25,IR,0,0,0,0,0,0,0,0,1,1,0,0
2025-07-15 20:49:26,PODD,0,0,0,0,0,0,0,1,1,0,0,0
2025-07-15 20:49:26,INTC,0,0,0,0,0,0,0,0,1,1,1,0
2025-07-15 20:49:27,ICE,0,0,0,0,0,0,0,1,1,0,0,0
2025-07-15 20:49:28,IFF,0,0,0,0,0,0,0,0,1,1,0,0
2025-07-15 20:49:28,IP,0,0,1,0,0,0,0,0,1,1,0,0
2025-07-15 20:49:29,IPG,0,0,0,0,0,0,0,0,1,1,0,0
2025-07-15 20:49:30,INTU,0,0,0,0,0,0,0,1,1,1,0,0
2025-07-15 20:49:30,ISRG,0,0,0,0,0,0,0,1,1,1,0,0
2025-07-15 20:49:31,IVZ,0,0,0,0,0,0,0,0,1,1,0,0
2025-07-15 20:49:31,INVH,0,0,0,0,0,0,0,0,1,1,0,0
2025-07-15 20:49:32,IQV,0,0,0,0,0,0,0,1,1,1,0,0
2025-07-15 20:49:33,IRM,0,0,0,0,0,0,0,1,1,1,0,0
2025-07-15 20:49:33,JBHT,0,0,0,0,0,0,0,1,1,1,0,0
2025-07-15 20:49:34,JBL,0,0,0,0,0,0,0,1,1,1,0,0
2025-07-15 20:49:35,JKHY,0,0,0,0,0,0,0,1,1,0,0,0
2025-07-15 20:49:35,J,0,0,0,0,0,0,0,1,1,1,0,0
2025-07-15 20:49:36,JNJ,0,0,0,0,0,0,0,1,1,1,0,0
2025-07-15 20:49:37,JCI,0,0,0,0,0,0,0,0,1,0,0,0
2025-07-15 20:49:37,JPM,0,0,0,0,0,0,0,1,1,1,0,0
2025-07-15 20:49:38,K,0,0,0,0,0,0,0,0,0,0,0,0
2025-07-15 20:49:39,KVUE,1,0,1,0,0,0,1,0,1,1,0,0
2025-07-15 20:49:39,KDP,0,0,0,0,0,0,0,0,1,1,0,0
2025-07-15 20:49:40,KEY,0,0,0,0,0,0,0,0,1,1,0,0
2025-07-15 20:49:40,KEYS,0,0,0,0,0,0,0,1,1,1,0,0
2025-07-15 20:49:41,KMB,0,0,1,0,0,0,0,1,1,0,0,0
2025-07-15 20:49:42,KIM,0,0,0,0,0,0,0,0,1,1,0,0
2025-07-15 20:49:43,KMI,0,0,1,0,0,0,0,0,1,1,0,0
2025-07-15 20:49:43,KKR,0,0,0,0,0,0,0,1,1,1,0,0
2025-07-15 20:49:44,KLAC,0,0,0,0,0,0,0,1,1,0,1,0
2025-07-15 20:49:44,KHC,0,0,1,0,0,0,0,0,1,1,0,0
2025-07-15 20:49:45,KR,1,0,1,0,0,1,1,0,1,0,0,0
2025-07-15 20:49:46,LHX,0,0,0,0,0,0,0,1,1,0,0,0
2025-07-15 20:49:46,LH,0,0,1,0,0,0,0,1,1,1,0,0
2025-07-15 20:49:47,LRCX,0,0,0,0,0,0,0,0,1,1,1,0
2025-07-15 20:49:48,LW,0,0,0,0,0,0,0,0,1,1,0,0
2025-07-15 20:49:48,LVS,0,0,0,0,0,0,0,0,1,0,0,0
2025-07-15 20:49:49,LDOS,0,0,0,0,0,0,0,1,1,1,0,0
2025-07-15 20:49:50,LEN,0,0,0,0,0,0,0,1,1,1,0,0
2025-07-15 20:49:50,LII,0,0,0,0,0,0,0,1,1,1,0,0
2025-07-15 20:49:51,LLY,1,0,1,0,0,0,1,1,1,1,0,0
2025-07-15 20:49:52,LIN,0,0,0,0,0,0,0,1,1,1,0,0
2025-07-15 20:49:52,LYV,0,0,0,0,0,0,0,1,1,1,0,0
2025-07-15 20:49:53,LKQ,0,0,0,0,0,0,0,0,1,1,0,0
2025-07-15 20:49:54,LMT,0,0,0,0,0,0,0,1,1,0,0,0
2025-07-15 20:49:54,L,0,0,0,0,0,0,0,0,1,1,0,0
2025-07-15 20:49:55,LOW,0,0,1,0,0,0,0,1,1,1,0,0
2025-07-15 20:49:55,LULU,0,0,1,0,0,0,0,1,1,1,0,0
2025-07-15 20:49:56,LYB,0,0,0,0,0,0,0,0,1,1,0,0
2025-07-15 20:49:57,MTB,0,0,0,0,0,0,0,1,1,1,0,0
2025-07-15 20:49:57,MPC,1,0,1,0,0,0,1,1,1,1,0,0
2025-07-15 20:49:58,MKTX,0,0,0,0,0,0,0,1,1,0,0,0
2025-07-15 20:49:59,MAR,0,0,0,0,0,0,0,1,1,1,0,0
2025-07-15 20:50:00,MMC,0,0,0,0,0,0,0,1,1,0,0,0
2025-07-15 20:50:01,MLM,0,0,0,0,0,0,0,1,1,1,0,0
2025-07-15 20:50:02,MAS,0,0,0,0,0,0,0,0,1,1,1,0
2025-07-15 20:50:03,MA,0,0,0,0,0,0,0,1,1,0,0,0
2025-07-15 20:50:03,MTCH,0,0,0,0,0,0,0,0,1,1,0,0
2025-07-15 20:50:04,MKC,0,0,0,0,0,0,0,0,1,1,0,0
2025-07-15 20:50:05,MCD,0,0,0,0,0,0,0,1,1,0,0,0
2025-07-15 20:50:05,MCK,0,0,1,0,0,0,0,1,1,0,0,0
2025-07-15 20:50:06,MDT,1,0,1,0,0,1,1,0,1,1,0,0
2025-07-15 20:50:07,MRK,0,0,1,0,0,0,0,0,1,1,0,0
2025-07-15 20:50:08,META,0,0,0,0,0,0,0,1,1,1,0,0
2025-07-15 20:50:08,MET,0,0,0,0,0,0,0,0,1,1,0,0
2025-07-15 20:50:09,MTD,0,0,0,0,0,0,0,1,1,1,0,0
2025-07-15 20:50:10,MGM,0,0,0,0,0,0,0,0,1,1,0,0
2025-07-15 20:50:11,MCHP,0,0,0,0,0,0,0,1,1,1,1,0
2025-07-15 20:50:11,MU,1,0,0,0,0,1,1,1,1,1,1,0
2025-07-15 20:50:12,MSFT,0,0,0,0,0,0,0,1,1,0,0,0
2025-07-15 20:50:13,MAA,0,0,0,0,0,0,0,1,1,1,0,0
2025-07-15 20:50:13,MRNA,1,0,1,0,0,0,1,0,1,1,0,0
2025-07-15 20:50:14,MHK,0,0,0,0,0,0,0,1,1,1,0,0
2025-07-15 20:50:15,MOH,1,0,1,0,0,0,1,1,1,1,0,0
2025-07-15 20:50:15,TAP,0,0,0,0,0,0,0,0,1,0,0,0
2025-07-15 20:50:16,MDLZ,0,0,0,0,0,0,0,0,1,0,0,0
2025-07-15 20:50:17,MPWR,0,0,0,0,0,0,0,1,1,1,1,0
2025-07-15 20:50:18,MNST,0,0,0,0,0,0,0,0,1,1,0,0
2025-07-15 20:50:18,MCO,0,0,0,0,0,0,0,1,1,1,0,0
2025-07-15 20:50:19,MS,0,0,0,0,0,0,0,1,1,1,0,0
2025-07-15 20:50:20,MOS,1,0,1,1,0,1,1,0,1,1,0,0
2025-07-15 20:50:21,MSI,0,0,0,0,0,0,0,1,1,1,0,0
2025-07-15 20:50:21,MSCI,0,0,0,0,0,0,0,1,1,1,0,0
2025-07-15 20:50:22,NDAQ,0,0,0,0,0,0,0,0,1,1,0,0
2025-07-15 20:50:23,NTAP,0,0,0,0,0,0,0,1,1,1,1,0
2025-07-15 20:50:23,NFLX,1,0,1,0,0,1,1,1,1,1,0,0
2025-07-15 20:50:24,NEM,1,0,0,1,0,1,1,0,1,1,0,0
2025-07-15 20:50:25,NWSA,0,0,0,0,0,0,0,0,1,1,1,0
2025-07-15 20:50:25,NWS,0,0,1,0,0,0,0,0,1,1,0,0
2025-07-15 20:50:26,NEE,0,0,0,0,0,0,0,1,1,1,0,0
2025-07-15 20:50:27,NKE,1,0,1,0,0,0,1,1,1,1,0,0
2025-07-15 20:50:28,NI,0,0,0,0,0,0,0,0,1,0,0,0
2025-07-15 20:50:28,NDSN,0,0,0,0,0,0,0,1,1,1,0,0
2025-07-15 20:50:29,NSC,0,0,0,0,0,0,0,1,1,0,0,0
2025-07-15 20:50:30,NTRS,0,0,0,0,0,0,0,1,1,1,0,0
2025-07-15 20:50:31,NOC,0,0,0,0,0,0,0,1,1,0,0,0
2025-07-15 20:50:32,NCLH,0,0,0,0,0,0,0,0,1,1,0,0
2025-07-15 20:50:32,NRG,0,0,0,0,0,0,0,1,1,1,0,0
2025-07-15 20:50:33,NUE,0,0,0,0,0,0,0,1,1,1,0,0
2025-07-15 20:50:34,NVDA,1,0,1,0,0,0,1,1,1,1,1,0
2025-07-15 20:50:34,NVR,0,0,0,0,0,0,0,1,1,1,0,0
2025-07-15 20:50:35,NXPI,0,0,0,0,0,0,0,1,1,1,1,0
2025-07-15 20:50:36,ORLY,0,0,0,0,0,0,0,0,1,1,0,0
2025-07-15 20:50:37,OXY,0,0,1,0,0,0,0,0,1,1,0,0
2025-07-15 20:50:37,ODFL,0,0,0,0,0,0,0,1,1,1,0,0
2025-07-15 20:50:38,OMC,0,0,0,0,0,0,0,0,1,1,1,0
2025-07-15 20:50:39,ON,0,0,1,0,0,0,0,0,1,1,1,0
2025-07-15 20:50:40,OKE,0,0,0,0,0,0,0,0,1,1,0,0
2025-07-15 20:50:40,ORCL,1,0,0,0,0,1,1,1,1,1,1,0
2025-07-15 20:50:41,OTIS,0,0,0,0,0,0,0,0,1,1,1,0
2025-07-15 20:50:42,PCAR,0,0,0,0,0,0,0,1,1,0,0,0
2025-07-15 20:50:42,PKG,0,0,0,0,0,0,0,1,1,1,0,0
2025-07-15 20:50:43,PLTR,1,0,1,0,0,0,1,1,1,1,0,0
2025-07-15 20:50:44,PANW,0,0,0,0,0,1,0,1,1,1,0,0
2025-07-15 20:50:44,PARA,0,0,0,0,0,0,0,0,1,0,0,0
2025-07-15 20:50:45,PH,0,0,0,0,0,0,0,1,1,0,0,0
2025-07-15 20:50:46,PAYX,0,0,0,0,0,0,0,1,1,1,0,0
2025-07-15 20:50:47,PAYC,0,0,0,0,0,0,0,1,1,0,0,0
2025-07-15 20:50:48,PYPL,0,0,0,0,0,0,0,0,1,0,0,0
2025-07-15 20:50:48,PNR,0,0,0,0,0,0,0,0,1,1,0,0
2025-07-15 20:50:49,PEP,0,0,0,0,0,0,0,1,1,0,0,0
2025-07-15 20:50:50,PFE,0,0,1,0,0,0,0,0,1,1,0,0
2025-07-15 20:50:51,PCG,0,0,0,0,0,0,0,0,1,1,0,0
2025-07-15 20:50:51,PM,1,0,1,0,0,1,1,1,1,0,0,0
2025-07-15 20:50:52,PSX,0,0,0,0,0,0,0,1,1,0,0,0
2025-07-15 20:50:53,PNW,0,0,0,0,0,0,0,0,1,1,0,0
2025-07-15 20:50:53,PNC,0,0,0,0,0,0,0,1,1,1,0,0
2025-07-15 20:50:54,POOL,0,0,0,0,0,0,0,1,1,1,0,0
2025-07-15 20:50:55,PPG,0,0,0,0,0,0,0,1,1,1,0,0
2025-07-15 20:50:56,PPL,1,0,0,0,0,1,1,0,1,1,0,0
2025-07-15 20:50:56,PFG,0,0,0,0,0,0,0,0,1,1,0,0
2025-07-15 20:50:57,PG,0,0,0,0,0,0,0,1,1,0,0,0
2025-07-15 20:50:58,PGR,1,0,1,0,0,0,1,1,1,1,0,0
2025-07-15 20:50:59,PLD,0,0,0,0,0,0,0,1,1,1,0,0
2025-07-15 20:50:59,PRU,0,0,0,0,0,0,0,0,1,1,0,0
2025-07-15 20:51:00,PEG,0,0,0,0,0,0,0,0,1,1,0,0
2025-07-15 20:51:01,PTC,0,0,0,0,0,0,0,1,1,1,0,0
2025-07-15 20:51:01,PSA,0,0,0,0,0,0,0,1,1,1,0,0
2025-07-15 20:51:02,PHM,0,0,0,0,0,0,0,1,1,1,0,0
2025-07-15 20:51:03,PWR,0,0,0,0,0,0,0,1,1,1,0,0
2025-07-15 20:51:03,QCOM,0,0,0,0,0,0,0,1,1,1,1,0
2025-07-15 20:51:04,DGX,1,1,1,1,0,1,1,1,1,1,0,1
2025-07-15 20:51:05,RL,0,0,1,0,0,0,0,1,1,1,0,0
2025-07-15 20:51:06,RJF,0,0,0,0,0,0,0,1,1,1,0,0
2025-07-15 20:51:06,RTX,0,0,0,0,0,0,0,1,1,1,0,0
2025-07-15 20:51:07,O,0,0,0,0,0,0,0,0,1,1,0,0
2025-07-15 20:51:08,REG,0,0,0,0,0,0,0,0,1,1,0,0
2025-07-15 20:51:09,REGN,0,0,1,0,0,0,0,1,1,1,0,0
2025-07-15 20:51:09,RF,0,0,0,0,0,0,0,0,1,1,0,0
2025-07-15 20:51:10,RSG,0,0,0,0,0,0,0,1,1,0,0,0
2025-07-15 20:51:11,RMD,1,0,0,0,0,0,1,1,1,1,1,0
2025-07-15 20:51:11,RVTY,0,0,0,0,0,0,0,1,1,1,0,0
2025-07-15 20:51:12,ROK,0,0,0,0,0,0,0,1,1,1,0,0
2025-07-15 20:51:13,ROL,0,0,0,0,0,0,0,0,1,0,0,0
2025-07-15 20:51:14,ROP,0,0,0,0,0,0,0,1,1,0,0,0
2025-07-15 20:51:15,ROST,0,0,0,0,0,0,0,1,1,1,0,0
2025-07-15 20:51:15,RCL,1,0,1,0,0,1,1,1,1,1,0,0
2025-07-15 20:51:16,SPGI,0,0,0,0,0,0,0,1,1,1,0,0
2025-07-15 20:51:17,CRM,0,0,0,0,0,0,0,1,1,1,0,0
2025-07-15 20:51:17,SBAC,0,0,0,0,0,0,0,1,1,0,0,0
2025-07-15 20:51:18,SLB,0,0,0,0,0,0,0,0,1,1,0,0
2025-07-15 20:51:19,STX,0,0,0,0,0,1,0,1,1,1,0,0
2025-07-15 20:51:19,SRE,0,0,0,0,0,0,0,0,1,0,0,0
2025-07-15 20:51:20,NOW,0,0,0,0,0,0,0,1,1,1,0,0
2025-07-15 20:51:21,SHW,0,0,0,0,0,0,0,1,1,1,0,0
2025-07-15 20:51:22,SPG,0,0,0,0,0,0,0,1,1,1,0,0
2025-07-15 20:51:22,SWKS,0,0,0,0,0,0,0,1,1,1,1,0
2025-07-15 20:51:23,SJM,0,0,1,0,0,0,0,1,1,1,0,0
2025-07-15 20:51:24,SW,0,0,0,0,0,0,0,0,1,1,0,0
2025-07-15 20:51:25,SNA,0,0,0,0,0,0,0,1,1,1,0,0
2025-07-15 20:51:25,SOLV,0,0,0,0,0,0,0,0,1,1,1,0
2025-07-15 20:51:26,SO,0,0,0,0,0,0,0,0,1,0,0,0
2025-07-15 20:51:27,LUV,0,0,0,0,0,0,0,0,1,1,0,0
2025-07-15 20:51:28,SWK,0,0,0,0,0,0,0,1,1,1,1,0
2025-07-15 20:51:28,SBUX,0,0,1,0,0,0,0,1,1,1,0,0
2025-07-15 20:51:29,STT,0,0,1,0,0,0,0,1,1,1,0,0
2025-07-15 20:51:30,STLD,0,0,0,0,0,0,0,1,1,1,0,0
2025-07-15 20:51:30,STE,0,0,0,0,0,0,0,1,1,0,1,0
2025-07-15 20:51:31,SYK,0,0,0,0,0,1,0,1,1,0,0,0
2025-07-15 20:51:32,SMCI,0,0,1,0,0,1,0,1,1,1,1,0
2025-07-15 20:51:32,SYF,0,0,0,0,0,0,0,0,1,1,0,0
2025-07-15 20:51:33,SNPS,1,0,1,0,0,1,1,1,1,1,0,0
2025-07-15 20:51:34,SYY,0,0,0,0,0,0,0,0,1,1,0,0
2025-07-15 20:51:35,TMUS,0,0,0,0,0,0,0,1,1,0,0,0
2025-07-15 20:51:35,TROW,0,0,0,0,0,0,0,0,1,1,0,0
2025-07-15 20:51:36,TTWO,0,0,0,0,0,0,0,1,1,1,0,0
2025-07-15 20:51:37,TPR,1,0,1,0,0,1,1,1,1,1,0,0
2025-07-15 20:51:37,TRGP,0,0,1,0,0,0,0,1,1,1,0,0
2025-07-15 20:51:38,TGT,0,0,0,0,0,0,0,1,1,1,0,0
2025-07-15 20:51:39,TEL,0,0,0,0,0,0,0,1,1,1,0,0
2025-07-15 20:51:40,TDY,0,0,0,0,0,0,0,1,1,1,0,0
2025-07-15 20:51:40,TER,0,0,0,0,0,0,0,1,1,1,1,0
2025-07-15 20:51:41,TSLA,0,0,0,0,0,0,0,1,1,1,0,0
2025-07-15 20:51:42,TXN,0,0,0,0,0,0,0,1,1,1,0,0
2025-07-15 20:51:43,TPL,0,0,0,0,0,0,0,1,1,1,0,0
2025-07-15 20:51:43,TXT,0,0,0,0,0,0,0,0,1,1,0,0
2025-07-15 20:51:44,TMO,0,0,1,0,0,0,0,1,1,1,0,0
2025-07-15 20:51:45,TJX,0,0,0,0,0,0,0,0,1,1,0,0
2025-07-15 20:51:46,TKO,0,0,0,0,0,0,0,1,1,1,0,0
2025-07-15 20:51:46,TSCO,0,0,0,0,0,0,0,0,1,1,0,0
2025-07-15 20:51:47,TT,0,0,0,0,0,0,0,1,1,0,0,0
2025-07-15 20:51:48,TDG,0,0,0,0,0,0,0,1,1,1,0,0
2025-07-15 20:51:49,TRV,0,0,1,0,0,0,0,1,1,1,0,0
2025-07-15 20:51:50,TRMB,0,0,0,0,0,0,0,0,1,1,0,0
2025-07-15 20:51:51,TFC,0,0,0,0,0,0,0,0,1,1,0,0
2025-07-15 20:51:52,TYL,0,0,0,0,0,0,0,1,1,1,0,0
2025-07-15 20:51:52,TSN,0,0,0,0,0,0,0,0,1,1,0,0
2025-07-15 20:51:53,USB,0,0,0,0,0,0,0,0,1,1,0,0
2025-07-15 20:51:54,UBER,0,0,0,0,0,0,0,1,1,1,1,0
2025-07-15 20:51:54,UDR,0,0,0,0,0,0,0,0,1,1,0,0
2025-07-15 20:51:55,ULTA,0,0,1,0,0,0,0,1,1,1,0,0
2025-07-15 20:51:56,UNP,0,0,0,0,0,0,0,1,1,0,0,0
2025-07-15 20:51:57,UAL,0,0,0,0,0,0,0,1,1,1,0,0
2025-07-15 20:51:57,UPS,0,0,0,0,0,0,0,1,1,0,0,0
2025-07-15 20:51:58,URI,0,0,0,0,0,0,0,1,1,1,0,0
2025-07-15 20:51:59,UNH,0,0,1,0,0,0,0,1,1,1,0,0
2025-07-15 20:52:00,UHS,1,0,1,0,0,0,1,1,1,1,0,0
2025-07-15 20:52:00,VLO,0,0,1,0,0,0,0,1,1,1,0,0
2025-07-15 20:52:01,VTR,0,0,0,0,0,0,0,0,1,1,0,0
2025-07-15 20:52:02,VLTO,0,0,0,0,0,0,0,0,1,1,0,0
2025-07-15 20:52:02,VRSN,0,0,0,0,0,0,0,1,1,0,0,0
2025-07-15 20:52:03,VRSK,0,0,0,0,0,0,0,1,1,1,0,0
2025-07-15 20:52:04,VZ,0,0,0,0,0,0,0,0,1,0,0,0
2025-07-15 20:52:05,VRTX,0,0,1,0,0,0,0,1,1,1,0,0
2025-07-15 20:52:05,VTRS,0,0,0,0,0,0,0,0,1,1,0,0
2025-07-15 20:52:06,VICI,0,0,0,0,0,0,0,0,1,1,0,0
2025-07-15 20:52:07,V,0,0,0,0,0,0,0,1,1,0,0,0
2025-07-15 20:52:07,VST,0,0,0,0,0,0,0,1,1,1,0,0
2025-07-15 20:52:08,VMC,0,0,1,0,0,0,0,1,1,1,0,0
2025-07-15 20:52:09,WRB,0,0,0,0,0,0,0,0,1,1,0,0
2025-07-15 20:52:10,GWW,0,0,0,0,0,0,0,1,1,1,0,0
2025-07-15 20:52:10,WAB,0,0,0,0,0,0,0,1,1,0,0,0
2025-07-15 20:52:11,WBA,0,0,0,0,0,0,0,0,0,0,0,0
2025-07-15 20:52:12,WMT,0,0,0,0,0,1,0,0,1,0,0,0
2025-07-15 20:52:14,DIS,0,0,0,0,0,0,0,0,1,0,0,0
2025-07-15 20:52:15,WBD,0,0,0,0,0,0,0,0,1,1,0,0
2025-07-15 20:52:16,WM,0,0,0,0,0,0,0,1,1,0,0,0
2025-07-15 20:52:16,WAT,1,0,1,0,0,0,1,1,1,1,1,0
2025-07-15 20:52:17,WEC,0,0,0,0,0,0,0,0,1,1,0,0
2025-07-15 20:52:18,WFC,1,0,1,0,0,0,1,0,1,1,0,0
2025-07-15 20:52:18,WELL,1,0,0,0,0,1,1,1,1,1,0,0
2025-07-15 20:52:19,WST,0,0,0,0,0,0,0,1,1,1,0,0
2025-07-15 20:52:20,WDC,0,0,0,0,0,0,0,0,1,0,1,0
2025-07-15 20:52:21,WY,0,0,1,0,0,0,0,0,1,1,0,0
2025-07-15 20:52:21,WSM,0,0,0,0,0,0,0,1,1,1,0,0
2025-07-15 20:52:22,WMB,1,0,1,0,0,1,1,0,1,1,0,0
2025-07-15 20:52:23,WTW,1,0,1,0,0,0,1,1,1,1,0,0
2025-07-15 20:52:24,WDAY,0,0,0,0,0,1,0,1,1,1,0,0
2025-07-15 20:52:24,WYNN,1,0,1,0,0,1,1,1,1,1,0,0
2025-07-15 20:52:25,XEL,0,0,0,0,0,0,0,0,1,1,0,0
2025-07-15 20:52:26,XYL,0,0,0,0,0,0,0,0,1,1,0,0
2025-07-15 20:52:27,YUM,0,0,0,0,0,0,0,1,1,1,0,0
2025-07-15 20:52:27,ZBRA,0,0,0,0,0,0,0,1,1,1,0,0
2025-07-15 20:52:28,ZBH,0,0,0,0,0,0,0,1,1,1,1,0
2025-07-15 20:52:29,ZTS,0,0,1,0,0,0,0,1,1,1,0,0
2025-07-15 20:52:29,MMM,0,0,0,0,0,0,0,1,1,0,0,0
2025-07-15 20:52:30,AOS,0,0,0,0,0,0,0,0,1,1,0,0
2025-07-15 20:52:31,ABT,0,0,0,0,0,1,0,1,1,1,0,0
2025-07-15 20:52:32,ABBV,1,0,1,0,0,0,1,1,1,1,0,0
2025-07-15 20:52:32,ACN,0,0,0,0,0,0,0,1,1,1,0,0
2025-07-15 20:52:33,ADBE,0,0,0,0,0,0,0,1,1,0,0,0
2025-07-15 20:52:34,AMD,1,0,1,0,0,0,1,1,1,1,1,0
2025-07-15 20:52:34,AES,1,0,1,0,0,1,1,0,1,1,1,0
2025-07-15 20:52:35,AFL,0,0,1,0,0,0,0,0,1,1,0,0
2025-07-15 20:52:36,A,0,0,1,0,0,0,0,1,1,1,0,0
2025-07-15 20:52:37,APD,0,0,0,0,0,0,0,1,1,1,0,0
2025-07-15 20:52:37,ABNB,0,0,0,0,0,0,0,1,1,1,0,0
2025-07-15 20:52:38,AKAM,0,0,0,0,0,0,0,0,1,1,0,0
2025-07-15 20:52:39,ALB,0,0,0,0,0,0,0,1,1,1,1,0
2025-07-15 20:52:39,ARE,0,0,0,0,0,0,0,1,1,1,0,0
2025-07-15 20:52:40,ALGN,0,0,0,0,0,0,0,1,1,1,1,0
2025-07-15 20:52:41,ALLE,0,0,0,0,0,0,0,1,1,1,0,0
2025-07-15 20:52:41,LNT,0,0,0,0,0,0,0,0,1,1,0,0
2025-07-15 20:52:42,ALL,0,0,1,0,0,0,0,1,1,1,0,0
2025-07-15 20:52:43,GOOGL,0,0,0,0,0,0,0,1,1,0,0,0
2025-07-15 20:52:44,GOOG,0,0,0,0,0,0,0,1,1,1,0,0
2025-07-15 20:52:44,MO,1,0,0,0,0,1,1,0,1,0,0,0
2025-07-15 20:52:45,AMZN,0,0,1,0,0,0,0,1,1,0,0,0
2025-07-15 20:52:46,AMCR,0,0,0,0,0,0,0,0,1,1,0,0
2025-07-15 20:52:46,AEE,0,0,0,0,0,0,0,0,1,0,0,0
2025-07-15 20:52:47,AEP,0,0,0,0,0,0,0,0,1,0,0,0
2025-07-15 20:52:48,AXP,0,0,0,0,0,0,0,1,1,1,0,0
2025-07-15 20:52:49,AIG,0,0,1,0,0,0,0,0,1,0,0,0
2025-07-15 20:52:49,AMT,1,0,1,0,0,0,1,1,1,1,0,0
2025-07-15 20:52:50,AWK,0,0,0,0,0,0,0,1,1,1,0,0
2025-07-15 20:52:51,AMP,0,0,0,0,0,0,0,1,1,1,0,0
2025-07-15 20:52:51,AME,0,0,0,0,0,0,0,1,1,1,0,0
2025-07-15 20:52:52,AMGN,0,0,1,0,0,0,0,1,1,1,0,0
2025-07-15 20:52:53,APH,0,0,0,0,0,0,0,0,1,1,0,0
2025-07-15 20:52:53,ADI,0,0,0,0,0,0,0,1,1,1,0,0
2025-07-15 20:52:54,ANSS,1,0,1,0,0,1,1,1,1,1,0,0
2025-07-15 20:52:55,AON,0,0,0,0,0,0,0,1,1,1,0,0
2025-07-15 20:52:55,APA,0,0,0,0,0,0,0,0,1,1,0,0
2025-07-15 20:52:56,APO,0,0,0,0,0,0,0,1,1,1,0,0
2025-07-15 20:52:57,AAPL,0,0,0,0,0,0,0,1,1,0,0,0
2025-07-15 20:52:57,AMAT,0,0,1,0,0,0,0,1,1,0,1,0
2025-07-15 20:52:58,APTV,0,0,0,0,0,0,0,0,1,1,0,0
2025-07-15 20:52:59,ACGL,0,0,0,0,0,0,0,0,1,1,0,0
2025-07-15 20:52:59,ADM,0,0,1,0,0,0,0,0,1,0,0,0
2025-07-15 20:53:00,ANET,0,0,1,0,0,0,0,1,1,1,0,0
2025-07-15 20:53:01,AJG,0,0,0,0,0,0,0,1,1,1,0,0
2025-07-15 20:53:01,AIZ,0,0,0,0,0,0,0,1,1,1,0,0
2025-07-15 20:53:02,T,0,0,0,0,0,1,0,0,1,0,0,0
2025-07-15 20:53:03,ATO,0,0,0,0,0,0,0,1,1,1,0,0
2025-07-15 20:53:03,ADSK,0,0,0,0,0,0,0,1,1,1,0,0
2025-07-15 20:53:04,ADP,0,0,0,0,0,0,0,1,1,1,0,0
2025-07-15 20:53:04,AZO,0,0,1,0,0,0,0,1,1,1,0,0
2025-07-15 20:53:05,AVB,0,0,0,0,0,0,0,1,1,1,0,0
2025-07-15 20:53:06,AVY,0,0,0,0,0,0,0,1,1,1,0,0
2025-07-15 20:53:06,AXON,0,0,0,0,0,0,0,1,1,1,0,0
2025-07-15 20:53:07,BKR,0,0,0,0,0,0,0,0,1,1,0,0
2025-07-15 20:53:08,BALL,0,0,1,0,0,0,0,0,1,1,0,0
2025-07-15 20:53:09,BAC,0,0,0,0,0,0,0,0,1,1,0,0
2025-07-15 20:53:09,BAX,0,0,0,0,0,0,0,0,1,1,0,0
2025-07-15 20:53:10,BDX,0,0,0,0,0,0,0,1,1,1,0,0
2025-07-15 20:53:11,BRK-B,0,0,0,0,0,0,0,1,0,0,0,0
2025-07-15 20:53:11,BBY,0,0,1,0,0,0,0,1,1,1,0,0
2025-07-15 20:53:12,TECH,0,0,1,0,0,0,0,1,1,1,0,0
2025-07-15 20:53:13,BIIB,0,0,0,0,0,0,0,1,1,1,0,0
2025-07-15 20:53:14,BLK,0,0,0,0,0,0,0,1,1,1,0,0
2025-07-15 20:53:14,BX,0,0,0,0,0,0,0,1,1,1,0,0
2025-07-15 20:53:15,BK,0,0,0,0,0,0,0,0,1,1,0,0
2025-07-15 20:53:16,BA,0,0,0,0,0,0,0,1,1,1,0,0
2025-07-15 20:53:17,BKNG,0,0,0,0,0,0,0,1,1,1,0,0
2025-07-15 20:53:17,BSX,0,0,0,0,0,0,0,0,1,1,0,0
2025-07-15 20:53:18,BMY,1,0,1,0,0,0,1,0,1,1,0,0
2025-07-15 20:53:19,AVGO,0,0,0,0,0,1,0,1,1,1,1,0
2025-07-15 20:53:20,BR,0,0,0,0,0,0,0,1,1,0,0,0
2025-07-15 20:53:20,BRO,0,0,0,0,0,0,0,0,1,1,0,0
2025-07-15 20:53:21,BF-B,0,0,0,0,0,0,0,0,0,1,0,0
2025-07-15 20:53:22,BLDR,0,0,0,0,0,0,0,1,1,1,0,0
2025-07-15 20:53:22,BG,0,0,1,0,0,0,0,1,1,1,0,0
2025-07-15 20:53:23,BXP,0,0,0,0,0,0,0,0,1,1,0,0
2025-07-15 20:53:24,CHRW,0,0,0,0,0,0,0,1,1,0,0,0
2025-07-15 20:53:24,CDNS,0,0,0,0,0,0,0,1,1,1,0,0
2025-07-15 20:53:25,CZR,0,0,1,0,0,0,0,0,1,1,0,0
2025-07-15 20:53:26,CPT,0,0,0,0,0,0,0,1,1,1,0,0
2025-07-15 20:53:27,CPB,0,0,1,0,0,0,0,0,1,1,0,0
2025-07-15 20:53:27,COF,0,0,0,0,0,0,0,1,1,1,0,0
2025-07-15 20:53:28,CAH,1,0,1,0,0,1,1,1,1,0,0,0
2025-07-15 20:53:29,KMX,0,0,1,0,0,0,0,1,1,1,1,0
2025-07-15 20:53:29,CCL,0,0,0,0,0,1,0,0,1,1,0,0
2025-07-15 20:53:30,CARR,0,0,0,0,0,0,0,0,1,1,0,0
2025-07-15 20:53:31,CAT,0,0,0,0,0,0,0,1,1,0,0,0
2025-07-15 20:53:32,CBOE,0,0,0,0,0,0,0,1,1,1,0,0
2025-07-15 20:53:32,CBRE,0,0,0,0,0,0,0,1,1,1,0,0
2025-07-15 20:53:33,CDW,0,0,0,0,0,0,0,1,1,1,0,0
2025-07-15 20:53:34,COR,0,0,1,0,0,0,0,1,1,1,0,0
2025-07-15 20:53:34,CNC,0,0,1,0,0,0,0,1,1,1,0,0
2025-07-15 20:53:35,CNP,0,0,0,0,0,0,0,0,1,0,0,0
2025-07-15 20:53:36,CF,0,0,0,0,0,0,0,1,1,1,0,0
2025-07-15 20:53:36,CRL,0,0,1,0,0,0,0,1,1,1,0,0
2025-07-15 20:53:37,SCHW,0,0,0,0,0,0,0,0,1,0,0,0
2025-07-15 20:53:38,CHTR,0,0,0,0,0,0,0,1,1,1,0,0
2025-07-15 20:53:39,CVX,0,0,0,0,0,0,0,1,1,0,0,0
2025-07-15 20:53:40,CMG,0,0,0,0,0,0,0,0,1,1,0,0
2025-07-15 20:53:41,CB,0,0,0,0,0,0,0,1,1,0,0,0
2025-07-15 20:53:41,CHD,0,0,0,0,0,0,0,0,1,1,0,0
2025-07-15 20:53:42,CI,1,0,1,0,0,1,1,1,1,1,0,0
2025-07-15 20:53:43,CINF,0,0,0,0,0,0,0,1,1,1,0,0
2025-07-15 20:53:44,CTAS,0,0,0,0,0,0,0,1,1,1,0,0
2025-07-15 20:53:44,CSCO,0,0,0,0,0,0,0,0,1,0,0,0
2025-07-15 20:53:45,C,0,0,0,0,0,1,0,0,1,1,1,0
2025-07-15 20:53:46,CFG,0,0,0,0,0,0,0,0,1,1,0,0
2025-07-15 20:53:46,CLX,0,0,1,0,0,0,0,1,1,1,0,0
2025-07-15 20:53:47,CME,1,0,1,0,0,1,1,1,1,0,0,0
2025-07-15 20:53:48,CMS,0,0,0,0,0,1,0,0,1,0,0,0
2025-07-15 20:53:49,KO,0,0,0,0,0,0,0,0,1,0,0,0
2025-07-15 20:53:49,CTSH,0,0,0,0,0,0,0,0,1,1,0,0
2025-07-15 20:53:50,COIN,1,1,1,0,0,0,1,1,1,1,0,0
2025-07-15 20:53:51,CL,0,0,0,0,0,0,0,0,1,1,0,0
2025-07-15 20:53:52,CMCSA,0,0,0,0,0,0,0,0,1,1,0,0
2025-07-15 20:53:52,CAG,0,0,0,0,0,0,0,0,1,1,0,0
2025-07-15 20:53:53,COP,0,0,0,0,0,0,0,1,1,1,0,0
2025-07-15 20:53:54,ED,0,0,0,0,0,0,0,0,1,0,0,0
2025-07-15 20:53:55,STZ,1,1,1,0,0,1,1,1,1,1,0,0
2025-07-15 20:53:55,CEG,0,0,0,0,0,0,0,1,1,1,0,0
2025-07-15 20:53:56,COO,0,0,0,0,0,0,0,0,1,1,0,0
2025-07-15 20:53:57,CPRT,0,0,1,0,0,0,0,0,1,1,0,0
2025-07-15 20:53:57,GLW,0,0,0,0,0,0,0,0,1,1,0,0
2025-07-15 20:53:58,CPAY,0,0,0,0,0,0,0,1,1,1,0,0
2025-07-15 20:53:59,CTVA,0,0,0,0,0,0,0,0,1,1,0,0
2025-07-15 20:53:59,CSGP,0,0,0,0,0,0,0,0,1,1,0,0
2025-07-15 20:54:00,COST,0,0,0,0,0,0,0,1,1,0,0,0
2025-07-15 20:54:01,CTRA,0,0,1,0,0,0,0,0,1,1,0,0
2025-07-15 20:54:01,CRWD,0,0,0,0,0,0,0,1,1,1,0,0
2025-07-15 20:54:02,CCI,0,0,1,0,0,0,0,1,1,1,0,0
2025-07-15 20:54:03,CSX,0,0,0,0,0,0,0,0,1,1,0,0
2025-07-15 20:54:04,CMI,1,0,1,0,0,1,1,1,1,0,0,0
2025-07-15 20:54:04,CVS,1,0,1,0,0,1,1,0,1,1,0,0
2025-07-15 20:54:05,DHR,0,0,0,0,0,0,0,1,1,1,0,0
2025-07-15 20:54:06,DRI,0,0,0,0,0,0,0,1,1,0,0,0
2025-07-15 20:54:07,DDOG,0,0,0,0,0,0,0,1,1,1,0,0
2025-07-15 20:54:07,DVA,1,0,1,0,0,0,1,1,1,1,0,0
2025-07-15 20:54:08,DAY,0,0,0,0,0,0,0,0,1,1,0,0
2025-07-15 20:54:09,DECK,0,0,0,0,0,0,0,1,1,1,0,0
2025-07-15 20:54:10,DE,0,0,0,0,0,0,0,1,1,1,0,0
2025-07-15 20:54:10,DELL,0,0,0,0,0,0,0,1,1,1,1,0
2025-07-15 20:54:11,DAL,0,0,0,0,0,0,0,1,1,1,0,0
2025-07-15 20:54:12,DVN,0,0,0,0,0,0,0,0,1,1,0,0
2025-07-15 20:54:12,DXCM,0,0,0,0,0,0,0,1,1,1,0,0
2025-07-15 20:54:13,FANG,0,0,0,0,0,0,0,1,1,1,0,0
2025-07-15 20:54:14,DLR,0,0,1,0,0,0,0,1,1,0,0,0
2025-07-15 20:54:15,DG,0,0,0,0,0,0,0,1,1,0,0,0
2025-07-15 20:54:15,DLTR,0,0,1,0,0,0,0,1,1,1,0,0
2025-07-15 20:54:16,D,0,0,0,0,0,0,0,0,1,1,0,0
2025-07-15 20:54:17,DPZ,0,0,0,0,0,0,0,1,1,1,0,0
2025-07-15 20:54:17,DASH,0,0,0,0,0,1,0,1,1,1,0,0
2025-07-15 20:54:18,DOV,0,0,0,0,0,0,0,1,1,1,1,0
2025-07-15 20:54:19,DOW,0,0,0,0,0,0,0,0,1,1,1,0
2025-07-15 20:54:20,DHI,0,0,1,0,0,0,0,1,1,1,0,0
2025-07-15 20:54:20,DTE,0,0,0,0,0,0,0,1,1,0,0,0
2025-07-15 20:54:21,DUK,0,0,0,0,0,1,0,0,1,1,0,0
2025-07-15 20:54:22,DD,0,0,0,0,0,0,0,0,1,1,1,0
2025-07-15 20:54:23,EMN,0,0,0,0,0,0,0,1,1,1,0,0
2025-07-15 20:54:24,ETN,0,0,0,0,0,0,0,1,1,1,1,0
2025-07-15 20:54:24,EBAY,0,0,0,0,0,0,0,0,1,1,0,0
2025-07-15 20:54:25,ECL,0,0,0,0,0,0,0,1,1,0,0,0
2025-07-15 20:54:26,EIX,0,0,0,0,0,0,0,0,1,1,0,0
2025-07-15 20:54:27,EW,0,0,0,0,0,0,0,0,1,1,0,0
2025-07-15 20:54:27,EA,0,0,0,0,0,1,0,1,1,1,0,0
2025-07-15 20:54:28,ELV,0,0,1,0,0,0,0,1,1,1,0,0
2025-07-15 20:54:29,EMR,0,0,0,0,0,0,0,1,1,0,0,0
2025-07-15 20:54:30,ENPH,1,1,1,0,0,0,1,1,1,1,0,0
2025-07-15 20:54:30,ETR,0,0,0,0,0,1,0,0,1,1,0,0
2025-07-15 20:54:31,EOG,0,0,0,0,0,0,0,1,1,1,0,0
2025-07-15 20:54:32,EPAM,0,0,0,0,0,0,0,1,1,1,0,0
2025-07-15 20:54:32,EQT,1,0,1,0,0,1,1,0,1,1,0,0
2025-07-15 20:54:33,EFX,0,0,0,0,0,0,0,1,1,1,0,0
2025-07-15 20:54:34,EQIX,0,0,0,0,0,0,0,1,1,1,0,0
2025-07-15 20:54:35,EQR,0,0,0,0,0,0,0,0,1,1,0,0
2025-07-15 20:54:35,ERIE,0,0,0,0,0,0,0,1,1,0,0,0
2025-07-15 20:54:36,ESS,0,0,0,0,0,0,0,1,1,1,0,0
2025-07-15 20:54:37,EL,0,0,1,0,0,0,0,1,1,1,0,0
2025-07-15 20:54:38,EG,0,0,0,0,0,0,0,1,1,1,0,0
2025-07-15 20:54:38,EVRG,0,0,0,0,0,0,0,0,1,1,0,0
2025-07-15 20:54:39,ES,0,0,0,0,0,0,0,0,1,1,0,0
2025-07-15 20:54:40,EXC,0,0,0,0,0,0,0,0,1,0,0,0
2025-07-15 20:54:41,EXE,0,0,0,0,0,0,0,1,1,1,0,0
2025-07-15 20:54:41,EXPE,0,0,1,0,0,0,0,1,1,1,0,0
2025-07-15 20:54:42,EXPD,0,0,0,0,0,0,0,1,1,1,0,0
2025-07-15 20:54:42,EXR,0,0,0,0,0,0,0,1,1,1,0,0
2025-07-15 20:54:43,XOM,0,0,1,0,0,0,0,0,1,0,0,0
2025-07-15 20:54:44,FFIV,0,0,0,0,0,0,0,1,1,1,0,0
2025-07-15 20:54:44,FDS,0,0,0,0,0,0,0,1,1,1,0,0
2025-07-15 20:54:45,FICO,1,0,1,0,0,1,1,1,1,1,0,0
2025-07-15 20:54:46,FAST,0,0,0,0,0,0,0,0,1,1,0,0
2025-07-15 20:54:46,FRT,0,0,0,0,0,0,0,0,1,1,0,0
2025-07-15 20:54:47,FDX,0,0,0,0,0,0,0,1,1,1,0,0
2025-07-15 20:54:48,FIS,0,0,0,0,0,0,0,0,1,0,0,0
2025-07-15 20:54:48,FITB,0,0,0,0,0,0,0,0,1,1,0,0
2025-07-15 20:54:49,FSLR,1,0,1,0,0,1,1,1,1,1,1,0
2025-07-15 20:55:00,FI,0,0,0,0,0,0,0,1,1,1,0,0
2025-07-15 20:55:01,F,0,0,1,0,0,0,0,0,1,1,0,0
2025-07-15 20:55:02,FTNT,0,0,0,0,0,1,0,1,1,1,0,0
2025-07-15 20:55:02,FTV,0,0,0,0,0,0,0,0,1,1,0,0
2025-07-15 20:55:03,FOXA,0,0,0,0,0,0,0,0,1,1,0,0
2025-07-15 20:55:04,FOX,0,0,0,0,0,0,0,0,1,1,0,0
2025-07-15 20:55:04,BEN,0,0,0,0,0,0,0,0,1,1,0,0
2025-07-15 20:55:05,FCX,1,0,1,1,0,1,1,0,1,1,0,0
2025-07-15 20:55:06,GRMN,0,0,0,0,0,0,0,1,1,0,0,0
2025-07-15 20:55:06,IT,0,0,0,0,0,0,0,1,1,1,0,0
2025-07-15 20:55:07,GE,1,0,1,0,0,1,1,1,1,0,0,0
2025-07-15 20:55:09,GEHC,1,0,1,1,0,1,1,0,1,1,0,0
2025-07-15 20:55:10,GEV,1,0,0,0,0,1,1,1,1,1,0,0
2025-07-15 20:55:10,GEN,0,0,0,0,0,0,0,0,1,0,0,0
2025-07-15 20:55:11,GNRC,0,0,0,0,0,0,0,1,1,1,0,0
2025-07-15 20:55:12,GD,0,0,0,0,0,0,0,1,1,1,0,0
2025-07-15 20:55:12,GIS,0,0,0,0,0,0,0,0,1,1,0,0
2025-07-15 20:55:13,GM,0,0,0,0,0,0,0,0,1,1,0,0
2025-07-15 20:55:14,GPC,0,0,0,0,0,0,0,1,1,1,0,0
2025-07-15 20:55:15,GILD,0,0,0,0,0,0,0,1,1,1,0,0
2025-07-15 20:55:15,GPN,0,0,0,0,0,0,0,0,1,1,0,0
2025-07-15 20:55:16,GL,0,0,0,0,0,0,0,1,1,1,0,0
2025-07-15 20:55:17,GDDY,0,0,0,0,0,0,0,1,1,0,0,0
2025-07-15 20:55:17,GS,0,0,0,0,0,0,0,1,1,1,0,0
2025-07-15 20:55:18,HAL,0,0,0,0,0,0,0,0,1,1,0,0
2025-07-15 20:55:19,HIG,0,0,0,0,0,0,0,1,1,1,0,0
2025-07-15 20:55:20,HAS,0,0,0,0,0,0,0,0,1,1,0,0
2025-07-15 20:55:21,HCA,1,0,1,0,0,0,1,1,1,1,0,0
2025-07-15 20:55:21,DOC,0,0,0,0,0,0,0,0,1,1,0,0
2025-07-15 20:55:22,HSIC,0,0,0,0,0,0,0,0,1,1,0,0
2025-07-15 20:55:23,HSY,0,0,0,0,0,0,0,1,1,1,0,0
2025-07-15 20:55:24,HES,0,0,0,0,0,0,0,1,1,0,0,0
2025-07-15 20:55:24,HPE,0,0,0,0,0,0,0,0,1,1,0,0
2025-07-15 20:55:25,HLT,0,0,0,0,0,0,0,1,1,1,0,0
2025-07-15 20:55:26,HOLX,0,0,0,0,0,0,0,0,1,1,0,0
2025-07-15 20:55:26,HD,0,0,1,0,0,0,0,1,1,1,0,0
2025-07-15 20:55:27,HON,0,0,0,0,0,0,0,1,1,0,0,0
2025-07-15 20:55:28,HRL,0,0,0,0,0,0,0,0,1,1,0,0
2025-07-15 20:55:29,HST,0,0,0,0,0,0,0,0,1,1,0,0
2025-07-15 20:55:30,HWM,0,0,0,0,0,1,0,1,1,1,0,0
2025-07-15 20:55:31,HPQ,0,0,0,0,0,0,0,0,1,1,0,0
2025-07-15 20:55:32,HUBB,0,0,0,0,0,0,0,1,1,1,0,0
2025-07-15 20:55:32,HUM,0,0,1,0,0,0,0,1,1,1,0,0
2025-07-15 20:55:33,HBAN,0,0,0,0,0,0,0,0,1,1,0,0
2025-07-15 20:55:34,HII,0,0,0,0,0,0,0,1,1,1,0,0
2025-07-15 20:55:35,IBM,0,0,0,0,0,1,0,1,1,0,0,0
2025-07-15 20:55:35,IEX,0,0,0,0,0,0,0,1,1,1,0,0
2025-07-15 20:55:36,IDXX,0,0,0,0,0,0,0,1,1,0,0,0
2025-07-15 20:55:37,ITW,0,0,0,0,0,0,0,1,1,0,0,0
2025-07-15 20:55:37,INCY,0,0,0,0,0,0,0,1,1,1,0,0
2025-07-15 20:55:38,IR,0,0,0,0,0,0,0,0,1,1,0,0
2025-07-15 20:55:39,PODD,0,0,0,0,0,0,0,1,1,0,0,0
2025-07-15 20:55:39,INTC,0,0,0,0,0,0,0,0,1,1,1,0
2025-07-15 20:55:40,ICE,0,0,0,0,0,0,0,1,1,0,0,0
2025-07-15 20:55:41,IFF,0,0,0,0,0,0,0,0,1,1,0,0
2025-07-15 20:55:42,IP,0,0,1,0,0,0,0,0,1,1,0,0
2025-07-15 20:55:43,IPG,0,0,0,0,0,0,0,0,1,1,0,0
2025-07-15 20:55:43,INTU,0,0,0,0,0,0,0,1,1,1,0,0
2025-07-15 20:55:44,ISRG,0,0,0,0,0,0,0,1,1,1,0,0
2025-07-15 20:55:45,IVZ,0,0,0,0,0,0,0,0,1,1,0,0
2025-07-15 20:55:45,INVH,0,0,0,0,0,0,0,0,1,1,0,0
2025-07-15 20:55:46,IQV,0,0,0,0,0,0,0,1,1,1,0,0
2025-07-15 20:55:47,IRM,0,0,0,0,0,0,0,1,1,1,0,0
2025-07-15 20:55:48,JBHT,0,0,0,0,0,0,0,1,1,1,0,0
2025-07-15 20:55:48,JBL,0,0,0,0,0,0,0,1,1,1,0,0
2025-07-15 20:55:49,JKHY,0,0,0,0,0,0,0,1,1,0,0,0
2025-07-15 20:55:50,J,0,0,0,0,0,0,0,1,1,1,0,0
2025-07-15 20:55:51,JNJ,0,0,0,0,0,0,0,1,1,1,0,0
2025-07-15 20:55:51,JCI,0,0,0,0,0,0,0,0,1,0,0,0
2025-07-15 20:55:52,JPM,0,0,0,0,0,0,0,1,1,1,0,0
2025-07-15 20:55:53,K,0,0,0,0,0,0,0,0,0,0,0,0
2025-07-15 20:55:54,KVUE,1,0,1,0,0,0,1,0,1,1,0,0
2025-07-15 20:55:54,KDP,0,0,0,0,0,0,0,0,1,1,0,0
2025-07-15 20:55:55,KEY,0,0,0,0,0,0,0,0,1,1,0,0
2025-07-15 20:55:56,KEYS,0,0,0,0,0,0,0,1,1,1,0,0
2025-07-15 20:55:56,KMB,0,0,1,0,0,0,0,1,1,0,0,0
2025-07-15 20:55:57,KIM,0,0,0,0,0,0,0,0,1,1,0,0
2025-07-15 20:55:58,KMI,0,0,1,0,0,0,0,0,1,1,0,0
2025-07-15 20:55:58,KKR,0,0,0,0,0,0,0,1,1,1,0,0
2025-07-15 20:55:59,KLAC,0,0,0,0,0,0,0,1,1,0,1,0
2025-07-15 20:56:00,KHC,0,0,1,0,0,0,0,0,1,1,0,0
2025-07-15 20:56:01,KR,1,0,1,0,0,1,1,0,1,0,0,0
2025-07-15 20:56:02,LHX,0,0,0,0,0,0,0,1,1,0,0,0
2025-07-15 20:56:02,LH,0,0,1,0,0,0,0,1,1,1,0,0
2025-07-15 20:56:03,LRCX,0,0,0,0,0,0,0,0,1,1,1,0
2025-07-15 20:56:04,LW,0,0,0,0,0,0,0,0,1,1,0,0
2025-07-15 20:56:05,LVS,0,0,0,0,0,0,0,0,1,0,0,0
2025-07-15 20:56:06,LDOS,0,0,0,0,0,0,0,1,1,1,0,0
2025-07-15 20:56:06,LEN,0,0,0,0,0,0,0,1,1,1,0,0
2025-07-15 20:56:07,LII,0,0,0,0,0,0,0,1,1,1,0,0
2025-07-15 20:56:08,LLY,1,0,1,0,0,0,1,1,1,1,0,0
2025-07-15 20:56:08,LIN,0,0,0,0,0,0,0,1,1,1,0,0
2025-07-15 20:56:09,LYV,0,0,0,0,0,0,0,1,1,1,0,0
2025-07-15 20:56:10,LKQ,0,0,0,0,0,0,0,0,1,1,0,0
2025-07-15 20:56:11,LMT,0,0,0,0,0,0,0,1,1,0,0,0
2025-07-15 20:56:11,L,0,0,0,0,0,0,0,0,1,1,0,0
2025-07-15 20:56:12,LOW,0,0,1,0,0,0,0,1,1,1,0,0
2025-07-15 20:56:13,LULU,0,0,1,0,0,0,0,1,1,1,0,0
2025-07-15 20:56:14,LYB,0,0,0,0,0,0,0,0,1,1,0,0
2025-07-15 20:56:14,MTB,0,0,0,0,0,0,0,1,1,1,0,0
2025-07-15 20:56:15,MPC,1,0,1,0,0,0,1,1,1,1,0,0
2025-07-15 20:56:16,MKTX,0,0,0,0,0,0,0,1,1,0,0,0
2025-07-15 20:56:17,MAR,0,0,0,0,0,0,0,1,1,1,0,0
2025-07-15 20:56:17,MMC,0,0,0,0,0,0,0,1,1,0,0,0
2025-07-15 20:56:18,MLM,0,0,0,0,0,0,0,1,1,1,0,0
2025-07-15 20:56:19,MAS,0,0,0,0,0,0,0,0,1,1,1,0
2025-07-15 20:56:20,MA,0,0,0,0,0,0,0,1,1,0,0,0
2025-07-15 20:56:20,MTCH,0,0,0,0,0,0,0,0,1,1,0,0
2025-07-15 20:56:21,MKC,0,0,0,0,0,0,0,0,1,1,0,0
2025-07-15 20:56:22,MCD,0,0,0,0,0,0,0,1,1,0,0,0
2025-07-15 20:56:23,MCK,0,0,1,0,0,0,0,1,1,0,0,0
2025-07-15 20:56:23,MDT,1,0,1,0,0,1,1,0,1,1,0,0
2025-07-15 20:56:24,MRK,0,0,1,0,0,0,0,0,1,1,0,0
2025-07-15 20:56:25,META,0,0,0,0,0,0,0,1,1,1,0,0
2025-07-15 20:56:26,MET,0,0,0,0,0,0,0,0,1,1,0,0
2025-07-15 20:56:26,MTD,0,0,0,0,0,0,0,1,1,1,0,0
2025-07-15 20:56:27,MGM,0,0,0,0,0,0,0,0,1,1,0,0
2025-07-15 20:56:28,MCHP,0,0,0,0,0,0,0,1,1,1,1,0
2025-07-15 20:56:28,MU,1,0,0,0,0,1,1,1,1,1,1,0
2025-07-15 20:56:29,MSFT,0,0,0,0,0,0,0,1,1,0,0,0
2025-07-15 20:56:30,MAA,0,0,0,0,0,0,0,1,1,1,0,0
2025-07-15 20:56:31,MRNA,1,0,1,0,0,0,1,0,1,1,0,0
2025-07-15 20:56:31,MHK,0,0,0,0,0,0,0,1,1,1,0,0
2025-07-15 20:56:32,MOH,1,0,1,0,0,0,1,1,1,1,0,0
2025-07-15 20:56:33,TAP,0,0,0,0,0,0,0,0,1,0,0,0
2025-07-15 20:56:34,MDLZ,0,0,0,0,0,0,0,0,1,0,0,0
2025-07-15 20:56:34,MPWR,0,0,0,0,0,0,0,1,1,1,1,0
2025-07-15 20:56:35,MNST,0,0,0,0,0,0,0,0,1,1,0,0
2025-07-15 20:56:36,MCO,0,0,0,0,0,0,0,1,1,1,0,0
2025-07-15 20:56:36,MS,0,0,0,0,0,0,0,1,1,1,0,0
2025-07-15 20:56:37,MOS,1,0,1,1,0,1,1,0,1,1,0,0
2025-07-15 20:56:38,MSI,0,0,0,0,0,0,0,1,1,1,0,0
2025-07-15 20:56:39,MSCI,0,0,0,0,0,0,0,1,1,1,0,0
2025-07-15 20:56:39,NDAQ,0,0,0,0,0,0,0,0,1,1,0,0
2025-07-15 20:56:40,NTAP,0,0,0,0,0,0,0,1,1,1,1,0
2025-07-15 20:56:41,NFLX,1,0,1,0,0,1,1,1,1,1,0,0
2025-07-15 20:56:41,NEM,1,0,0,1,0,1,1,0,1,1,0,0
2025-07-15 20:56:42,NWSA,0,0,0,0,0,0,0,0,1,1,1,0
2025-07-15 20:56:43,NWS,0,0,1,0,0,0,0,0,1,1,0,0
2025-07-15 20:56:44,NEE,0,0,0,0,0,0,0,1,1,1,0,0
2025-07-15 20:56:44,NKE,1,0,1,0,0,0,1,1,1,1,0,0
2025-07-15 20:56:45,NI,0,0,0,0,0,0,0,0,1,0,0,0
2025-07-15 20:56:46,NDSN,0,0,0,0,0,0,0,1,1,1,0,0
2025-07-15 20:56:47,NSC,0,0,0,0,0,0,0,1,1,0,0,0
2025-07-15 20:56:47,NTRS,0,0,0,0,0,0,0,1,1,1,0,0
2025-07-15 20:56:48,NOC,0,0,0,0,0,0,0,1,1,0,0,0
2025-07-15 20:56:49,NCLH,0,0,0,0,0,0,0,0,1,1,0,0
2025-07-15 20:56:49,NRG,0,0,0,0,0,0,0,1,1,1,0,0
2025-07-15 20:56:50,NUE,0,0,0,0,0,0,0,1,1,1,0,0
2025-07-15 20:56:51,NVDA,1,0,1,0,0,0,1,1,1,1,1,0
2025-07-15 20:56:52,NVR,0,0,0,0,0,0,0,1,1,1,0,0
2025-07-15 20:56:52,NXPI,0,0,0,0,0,0,0,1,1,1,1,0
2025-07-15 20:56:53,ORLY,0,0,0,0,0,0,0,0,1,1,0,0
2025-07-15 20:56:54,OXY,0,0,1,0,0,0,0,0,1,1,0,0
2025-07-15 20:56:55,ODFL,0,0,0,0,0,0,0,1,1,1,0,0
2025-07-15 20:56:55,OMC,0,0,0,0,0,0,0,0,1,1,1,0
2025-07-15 20:56:56,ON,0,0,1,0,0,0,0,0,1,1,1,0
2025-07-15 20:56:57,OKE,0,0,0,0,0,0,0,0,1,1,0,0
2025-07-15 20:56:57,ORCL,1,0,0,0,0,1,1,1,1,1,1,0
2025-07-15 20:56:58,OTIS,0,0,0,0,0,0,0,0,1,1,1,0
2025-07-15 20:56:59,PCAR,0,0,0,0,0,0,0,1,1,0,0,0
2025-07-15 20:57:00,PKG,0,0,0,0,0,0,0,1,1,1,0,0
2025-07-15 20:57:00,PLTR,1,0,1,0,0,0,1,1,1,1,0,0
2025-07-15 20:57:01,PANW,0,0,0,0,0,1,0,1,1,1,0,0
2025-07-15 20:57:02,PARA,0,0,0,0,0,0,0,0,1,0,0,0
2025-07-15 20:57:02,PH,0,0,0,0,0,0,0,1,1,0,0,0
2025-07-15 20:57:03,PAYX,0,0,0,0,0,0,0,1,1,1,0,0
2025-07-15 20:57:04,PAYC,0,0,0,0,0,0,0,1,1,0,0,0
2025-07-15 20:57:04,PYPL,0,0,0,0,0,0,0,0,1,0,0,0
2025-07-15 20:57:05,PNR,0,0,0,0,0,0,0,0,1,1,0,0
2025-07-15 20:57:06,PEP,0,0,0,0,0,0,0,1,1,0,0,0
2025-07-15 20:57:06,PFE,0,0,1,0,0,0,0,0,1,1,0,0
2025-07-15 20:57:07,PCG,0,0,0,0,0,0,0,0,1,1,0,0
2025-07-15 20:57:08,PM,1,0,1,0,0,1,1,1,1,0,0,0
2025-07-15 20:57:08,PSX,0,0,0,0,0,0,0,1,1,0,0,0
2025-07-15 20:57:09,PNW,0,0,0,0,0,0,0,0,1,1,0,0
2025-07-15 20:57:10,PNC,0,0,0,0,0,0,0,1,1,1,0,0
2025-07-15 20:57:11,POOL,0,0,0,0,0,0,0,1,1,1,0,0
2025-07-15 20:57:11,PPG,0,0,0,0,0,0,0,1,1,1,0,0
2025-07-15 20:57:12,PPL,1,0,0,0,0,1,1,0,1,1,0,0
2025-07-15 20:57:13,PFG,0,0,0,0,0,0,0,0,1,1,0,0
2025-07-15 20:57:13,PG,0,0,0,0,0,0,0,1,1,0,0,0
2025-07-15 20:57:14,PGR,1,0,1,0,0,0,1,1,1,1,0,0
2025-07-15 20:57:15,PLD,0,0,0,0,0,0,0,1,1,1,0,0
2025-07-15 20:57:16,PRU,0,0,0,0,0,0,0,0,1,1,0,0
2025-07-15 20:57:16,PEG,0,0,0,0,0,0,0,0,1,1,0,0
2025-07-15 20:57:17,PTC,0,0,0,0,0,0,0,1,1,1,0,0
2025-07-15 20:57:18,PSA,0,0,0,0,0,0,0,1,1,1,0,0
2025-07-15 20:57:18,PHM,0,0,0,0,0,0,0,1,1,1,0,0
2025-07-15 20:57:19,PWR,0,0,0,0,0,0,0,1,1,1,0,0
2025-07-15 20:57:19,QCOM,0,0,0,0,0,0,0,1,1,1,1,0
2025-07-15 20:57:20,DGX,1,1,1,1,0,1,1,1,1,1,0,1
2025-07-15 20:57:21,RL,0,0,1,0,0,0,0,1,1,1,0,0
2025-07-15 20:57:22,RJF,0,0,0,0,0,0,0,1,1,1,0,0
2025-07-15 20:57:22,RTX,0,0,0,0,0,0,0,1,1,1,0,0
2025-07-15 20:57:23,O,0,0,0,0,0,0,0,0,1,1,0,0
2025-07-15 20:57:24,REG,0,0,0,0,0,0,0,0,1,1,0,0
2025-07-15 20:57:24,REGN,0,0,1,0,0,0,0,1,1,1,0,0
2025-07-15 20:57:25,RF,0,0,0,0,0,0,0,0,1,1,0,0
2025-07-15 20:57:26,RSG,0,0,0,0,0,0,0,1,1,0,0,0
2025-07-15 20:57:27,RMD,1,0,0,0,0,0,1,1,1,1,1,0
2025-07-15 20:57:27,RVTY,0,0,0,0,0,0,0,1,1,1,0,0
2025-07-15 20:57:28,ROK,0,0,0,0,0,0,0,1,1,1,0,0
2025-07-15 20:57:29,ROL,0,0,0,0,0,0,0,0,1,0,0,0
2025-07-15 20:57:29,ROP,0,0,0,0,0,0,0,1,1,0,0,0
2025-07-15 20:57:30,ROST,0,0,0,0,0,0,0,1,1,1,0,0
2025-07-15 20:57:31,RCL,1,0,1,0,0,1,1,1,1,1,0,0
2025-07-15 20:57:31,SPGI,0,0,0,0,0,0,0,1,1,1,0,0
2025-07-15 20:57:32,CRM,0,0,0,0,0,0,0,1,1,1,0,0
2025-07-15 20:57:32,SBAC,0,0,0,0,0,0,0,1,1,0,0,0
2025-07-15 20:57:33,SLB,0,0,0,0,0,0,0,0,1,1,0,0
2025-07-15 20:57:34,STX,0,0,0,0,0,1,0,1,1,1,0,0
2025-07-15 20:57:34,SRE,0,0,0,0,0,0,0,0,1,0,0,0
2025-07-15 20:57:35,NOW,0,0,0,0,0,0,0,1,1,1,0,0
2025-07-15 20:57:36,SHW,0,0,0,0,0,0,0,1,1,1,0,0
2025-07-15 20:57:36,SPG,0,0,0,0,0,0,0,1,1,1,0,0
2025-07-15 20:57:37,SWKS,0,0,0,0,0,0,0,1,1,1,1,0
2025-07-15 20:57:37,SJM,0,0,1,0,0,0,0,1,1,1,0,0
2025-07-15 20:57:38,SW,0,0,0,0,0,0,0,0,1,1,0,0
2025-07-15 20:57:39,SNA,0,0,0,0,0,0,0,1,1,1,0,0
2025-07-15 20:57:39,SOLV,0,0,0,0,0,0,0,0,1,1,1,0
2025-07-15 20:57:40,SO,0,0,0,0,0,0,0,0,1,0,0,0
2025-07-15 20:57:41,LUV,0,0,0,0,0,0,0,0,1,1,0,0
2025-07-15 20:57:41,SWK,0,0,0,0,0,0,0,1,1,1,1,0
2025-07-15 20:57:42,SBUX,0,0,1,0,0,0,0,1,1,1,0,0
2025-07-15 20:57:42,STT,0,0,1,0,0,0,0,1,1,1,0,0
2025-07-15 20:57:43,STLD,0,0,0,0,0,0,0,1,1,1,0,0
2025-07-15 20:57:43,STE,0,0,0,0,0,0,0,1,1,0,1,0
2025-07-15 20:57:44,SYK,0,0,0,0,0,1,0,1,1,0,0,0
2025-07-15 20:57:45,SMCI,0,0,1,0,0,1,0,1,1,1,1,0
2025-07-15 20:57:45,SYF,0,0,0,0,0,0,0,0,1,1,0,0
2025-07-15 20:57:46,SNPS,1,0,1,0,0,1,1,1,1,1,0,0
2025-07-15 20:57:46,SYY,0,0,0,0,0,0,0,0,1,1,0,0
2025-07-15 20:57:47,TMUS,0,0,0,0,0,0,0,1,1,0,0,0
2025-07-15 20:57:47,TROW,0,0,0,0,0,0,0,0,1,1,0,0
2025-07-15 20:57:48,TTWO,0,0,0,0,0,0,0,1,1,1,0,0
2025-07-15 20:57:48,TPR,1,0,1,0,0,1,1,1,1,1,0,0
2025-07-15 20:57:49,TRGP,0,0,1,0,0,0,0,1,1,1,0,0
2025-07-15 20:57:50,TGT,0,0,0,0,0,0,0,1,1,1,0,0
2025-07-15 20:57:50,TEL,0,0,0,0,0,0,0,1,1,1,0,0
2025-07-15 20:57:51,TDY,0,0,0,0,0,0,0,1,1,1,0,0
2025-07-15 20:57:51,TER,0,0,0,0,0,0,0,1,1,1,1,0
2025-07-15 20:57:52,TSLA,0,0,0,0,0,0,0,1,1,1,0,0
2025-07-15 20:57:53,TXN,0,0,0,0,0,0,0,1,1,1,0,0
2025-07-15 20:57:53,TPL,0,0,0,0,0,0,0,1,1,1,0,0
2025-07-15 20:57:54,TXT,0,0,0,0,0,0,0,0,1,1,0,0
2025-07-15 20:57:54,TMO,0,0,1,0,0,0,0,1,1,1,0,0
2025-07-15 20:57:55,TJX,0,0,0,0,0,0,0,0,1,1,0,0
2025-07-15 20:57:56,TKO,0,0,0,0,0,0,0,1,1,1,0,0
2025-07-15 20:57:56,TSCO,0,0,0,0,0,0,0,0,1,1,0,0
2025-07-15 20:57:57,TT,0,0,0,0,0,0,0,1,1,0,0,0
2025-07-15 20:57:57,TDG,0,0,0,0,0,0,0,1,1,1,0,0
2025-07-15 20:57:58,TRV,0,0,1,0,0,0,0,1,1,1,0,0
2025-07-15 20:57:58,TRMB,0,0,0,0,0,0,0,0,1,1,0,0
2025-07-15 20:57:59,TFC,0,0,0,0,0,0,0,0,1,1,0,0
2025-07-15 20:57:59,TYL,0,0,0,0,0,0,0,1,1,1,0,0
2025-07-15 20:58:01,TSN,0,0,0,0,0,0,0,0,1,1,0,0
2025-07-15 20:58:01,USB,0,0,0,0,0,0,0,0,1,1,0,0
2025-07-15 20:58:02,UBER,0,0,0,0,0,0,0,1,1,1,1,0
2025-07-15 20:58:03,UDR,0,0,0,0,0,0,0,0,1,1,0,0
2025-07-15 20:58:04,ULTA,0,0,1,0,0,0,0,1,1,1,0,0
2025-07-15 20:58:04,UNP,0,0,0,0,0,0,0,1,1,0,0,0
2025-07-15 20:58:05,UAL,0,0,0,0,0,0,0,1,1,1,0,0
2025-07-15 20:58:05,UPS,0,0,0,0,0,0,0,1,1,0,0,0
2025-07-15 20:58:06,URI,0,0,0,0,0,0,0,1,1,1,0,0
2025-07-15 20:58:07,UNH,0,0,1,0,0,0,0,1,1,1,0,0
2025-07-15 20:58:07,UHS,1,0,1,0,0,0,1,1,1,1,0,0
2025-07-15 20:58:08,VLO,0,0,1,0,0,0,0,1,1,1,0,0
2025-07-15 20:58:08,VTR,0,0,0,0,0,0,0,0,1,1,0,0
2025-07-15 20:58:09,VLTO,0,0,0,0,0,0,0,0,1,1,0,0
2025-07-15 20:58:10,VRSN,0,0,0,0,0,0,0,1,1,0,0,0
2025-07-15 20:58:11,VRSK,0,0,0,0,0,0,0,1,1,1,0,0
2025-07-15 20:58:12,VZ,0,0,0,0,0,0,0,0,1,0,0,0
2025-07-15 20:58:12,VRTX,0,0,1,0,0,0,0,1,1,1,0,0
2025-07-15 20:58:13,VTRS,0,0,0,0,0,0,0,0,1,1,0,0
2025-07-15 20:58:13,VICI,0,0,0,0,0,0,0,0,1,1,0,0
2025-07-15 20:58:14,V,0,0,0,0,0,0,0,1,1,0,0,0
2025-07-15 20:58:15,VST,0,0,0,0,0,0,0,1,1,1,0,0
2025-07-15 20:58:15,VMC,0,0,1,0,0,0,0,1,1,1,0,0
2025-07-15 20:58:16,WRB,0,0,0,0,0,0,0,0,1,1,0,0
2025-07-15 20:58:16,GWW,0,0,0,0,0,0,0,1,1,1,0,0
2025-07-15 20:58:17,WAB,0,0,0,0,0,0,0,1,1,0,0,0
2025-07-15 20:58:17,WBA,0,0,0,0,0,0,0,0,0,0,0,0
2025-07-15 20:58:18,WMT,0,0,0,0,0,1,0,0,1,0,0,0
2025-07-15 20:58:19,DIS,0,0,0,0,0,0,0,0,1,0,0,0
2025-07-15 20:58:19,WBD,0,0,0,0,0,0,0,0,1,1,0,0
2025-07-15 20:58:21,WM,0,0,0,0,0,0,0,1,1,0,0,0
2025-07-15 20:58:22,WAT,1,0,1,0,0,0,1,1,1,1,1,0
2025-07-15 20:58:23,WEC,0,0,0,0,0,0,0,0,1,1,0,0
2025-07-15 20:58:23,WFC,1,0,1,0,0,0,1,0,1,1,0,0
2025-07-15 20:58:24,WELL,1,0,0,0,0,1,1,1,1,1,0,0
2025-07-15 20:58:27,WST,0,0,0,0,0,0,0,1,1,1,0,0
2025-07-15 20:58:27,WDC,0,0,0,0,0,0,0,0,1,0,1,0
2025-07-15 20:58:28,WY,0,0,1,0,0,0,0,0,1,1,0,0
2025-07-15 20:58:29,WSM,0,0,0,0,0,0,0,1,1,1,0,0
2025-07-15 20:58:29,WMB,1,0,1,0,0,1,1,0,1,1,0,0
2025-07-15 20:58:30,WTW,1,0,1,0,0,0,1,1,1,1,0,0
2025-07-15 20:58:30,WDAY,0,0,0,0,0,1,0,1,1,1,0,0
2025-07-15 20:58:31,WYNN,1,0,1,0,0,1,1,1,1,1,0,0
2025-07-15 20:58:32,XEL,0,0,0,0,0,0,0,0,1,1,0,0
2025-07-15 20:58:32,XYL,0,0,0,0,0,0,0,0,1,1,0,0
2025-07-15 20:58:33,YUM,0,0,0,0,0,0,0,1,1,1,0,0
2025-07-15 20:58:34,ZBRA,0,0,0,0,0,0,0,1,1,1,0,0
2025-07-15 20:58:34,ZBH,0,0,0,0,0,0,0,1,1,1,1,0
2025-07-15 20:58:35,ZTS,0,0,1,0,0,0,0,1,1,1,0,0
2025-07-15 20:58:36,MMM,0,0,0,0,0,0,0,1,1,0,0,0
2025-07-15 20:58:37,AOS,0,0,0,0,0,0,0,0,1,1,0,0
2025-07-15 20:58:37,ABT,0,0,0,0,0,1,0,1,1,1,0,0
2025-07-15 20:58:38,ABBV,1,0,1,0,0,0,1,1,1,1,0,0
2025-07-15 20:58:39,ACN,0,0,0,0,0,0,0,1,1,1,0,0
2025-07-15 20:58:39,ADBE,0,0,0,0,0,0,0,1,1,0,0,0
2025-07-15 20:58:40,AMD,1,0,1,0,0,0,1,1,1,1,1,0
2025-07-15 20:58:40,AES,1,0,1,0,0,1,1,0,1,1,1,0
2025-07-15 20:58:41,AFL,0,0,1,0,0,0,0,0,1,1,0,0
2025-07-15 20:58:42,A,0,0,1,0,0,0,0,1,1,1,0,0
2025-07-15 20:58:42,APD,0,0,0,0,0,0,0,1,1,1,0,0
2025-07-15 20:58:43,ABNB,0,0,0,0,0,0,0,1,1,1,0,0
2025-07-15 20:58:44,AKAM,0,0,0,0,0,0,0,0,1,1,0,0
2025-07-15 20:58:44,ALB,0,0,0,0,0,0,0,1,1,1,1,0
2025-07-15 20:58:45,ARE,0,0,0,0,0,0,0,1,1,1,0,0
2025-07-15 20:58:45,ALGN,0,0,0,0,0,0,0,1,1,1,1,0
2025-07-15 20:58:46,ALLE,0,0,0,0,0,0,0,1,1,1,0,0
2025-07-15 20:58:47,LNT,0,0,0,0,0,0,0,0,1,1,0,0
2025-07-15 20:58:47,ALL,0,0,1,0,0,0,0,1,1,1,0,0
2025-07-15 20:58:48,GOOGL,0,0,0,0,0,0,0,1,1,0,0,0
2025-07-15 20:58:49,GOOG,0,0,0,0,0,0,0,1,1,1,0,0
2025-07-15 20:58:49,MO,1,0,0,0,0,1,1,0,1,0,0,0
2025-07-15 20:58:50,AMZN,0,0,1,0,0,0,0,1,1,0,0,0
2025-07-15 20:58:51,AMCR,0,0,0,0,0,0,0,0,1,1,0,0
2025-07-15 20:58:51,AEE,0,0,0,0,0,0,0,0,1,0,0,0
2025-07-15 20:58:52,AEP,0,0,0,0,0,0,0,0,1,0,0,0
2025-07-15 20:58:53,AXP,0,0,0,0,0,0,0,1,1,1,0,0
2025-07-15 20:58:53,AIG,0,0,1,0,0,0,0,0,1,0,0,0
2025-07-15 20:58:54,AMT,1,0,1,0,0,0,1,1,1,1,0,0
2025-07-15 20:58:54,AWK,0,0,0,0,0,0,0,1,1,1,0,0
2025-07-15 20:58:55,AMP,0,0,0,0,0,0,0,1,1,1,0,0
2025-07-15 20:58:56,AME,0,0,0,0,0,0,0,1,1,1,0,0
2025-07-15 20:58:57,AMGN,0,0,1,0,0,0,0,1,1,1,0,0
2025-07-15 20:58:57,APH,0,0,0,0,0,0,0,0,1,1,0,0
2025-07-15 20:58:58,ADI,0,0,0,0,0,0,0,1,1,1,0,0
2025-07-15 20:58:59,ANSS,1,0,1,0,0,1,1,1,1,1,0,0
2025-07-15 20:58:59,AON,0,0,0,0,0,0,0,1,1,1,0,0
2025-07-15 20:59:00,APA,0,0,0,0,0,0,0,0,1,1,0,0
2025-07-15 20:59:01,APO,0,0,0,0,0,0,0,1,1,1,0,0
2025-07-15 20:59:01,AAPL,0,0,0,0,0,0,0,1,1,0,0,0
2025-07-15 20:59:02,AMAT,0,0,1,0,0,0,0,1,1,0,1,0
2025-07-15 20:59:03,APTV,0,0,0,0,0,0,0,0,1,1,0,0
2025-07-15 20:59:03,ACGL,0,0,0,0,0,0,0,0,1,1,0,0
2025-07-15 20:59:04,ADM,0,0,1,0,0,0,0,0,1,0,0,0
2025-07-15 20:59:05,ANET,0,0,1,0,0,0,0,1,1,1,0,0
2025-07-15 20:59:05,AJG,0,0,0,0,0,0,0,1,1,1,0,0
2025-07-15 20:59:06,AIZ,0,0,0,0,0,0,0,1,1,1,0,0
2025-07-15 20:59:07,T,0,0,0,0,0,1,0,0,1,0,0,0
2025-07-15 20:59:07,ATO,0,0,0,0,0,0,0,1,1,1,0,0
2025-07-15 20:59:08,ADSK,0,0,0,0,0,0,0,1,1,1,0,0
2025-07-15 20:59:09,ADP,0,0,0,0,0,0,0,1,1,1,0,0
2025-07-15 20:59:10,AZO,0,0,1,0,0,0,0,1,1,1,0,0
2025-07-15 20:59:10,AVB,0,0,0,0,0,0,0,1,1,1,0,0
2025-07-15 20:59:11,AVY,0,0,0,0,0,0,0,1,1,1,0,0
2025-07-15 20:59:12,AXON,0,0,0,0,0,0,0,1,1,1,0,0
2025-07-15 20:59:12,BKR,0,0,0,0,0,0,0,0,1,1,0,0
2025-07-15 20:59:13,BALL,0,0,1,0,0,0,0,0,1,1,0,0
2025-07-15 20:59:14,BAC,0,0,0,0,0,0,0,0,1,1,0,0
2025-07-15 20:59:15,BAX,0,0,0,0,0,0,0,0,1,1,0,0
2025-07-15 20:59:15,BDX,0,0,0,0,0,0,0,1,1,1,0,0
2025-07-15 20:59:16,BRK-B,0,0,0,0,0,0,0,1,0,0,0,0
2025-07-15 20:59:17,BBY,0,0,1,0,0,0,0,1,1,1,0,0
2025-07-15 20:59:17,TECH,0,0,1,0,0,0,0,1,1,1,0,0
2025-07-15 20:59:18,BIIB,0,0,0,0,0,0,0,1,1,1,0,0
2025-07-15 20:59:19,BLK,0,0,0,0,0,0,0,1,1,1,0,0
2025-07-15 20:59:20,BX,0,0,0,0,0,0,0,1,1,1,0,0
2025-07-15 20:59:20,BK,0,0,0,0,0,0,0,0,1,1,0,0
2025-07-15 20:59:21,BA,0,0,0,0,0,0,0,1,1,1,0,0
2025-07-15 20:59:22,BKNG,0,0,0,0,0,0,0,1,1,1,0,0
2025-07-15 20:59:23,BSX,0,0,0,0,0,0,0,0,1,1,0,0
2025-07-15 20:59:23,BMY,1,0,1,0,0,0,1,0,1,1,0,0
2025-07-15 20:59:24,AVGO,0,0,0,0,0,1,0,1,1,1,1,0
2025-07-15 20:59:25,BR,0,0,0,0,0,0,0,1,1,0,0,0
2025-07-15 20:59:25,BRO,0,0,0,0,0,0,0,0,1,1,0,0
2025-07-15 20:59:26,BF-B,0,0,0,0,0,0,0,0,0,1,0,0
2025-07-15 20:59:27,BLDR,0,0,0,0,0,0,0,1,1,1,0,0
2025-07-15 20:59:27,BG,0,0,1,0,0,0,0,1,1,1,0,0
2025-07-15 20:59:28,BXP,0,0,0,0,0,0,0,0,1,1,0,0
2025-07-15 20:59:29,CHRW,0,0,0,0,0,0,0,1,1,0,0,0
2025-07-15 20:59:29,CDNS,0,0,0,0,0,0,0,1,1,1,0,0
2025-07-15 20:59:30,CZR,0,0,1,0,0,0,0,0,1,1,0,0
2025-07-15 20:59:31,CPT,0,0,0,0,0,0,0,1,1,1,0,0
2025-07-15 20:59:32,CPB,0,0,1,0,0,0,0,0,1,1,0,0
2025-07-15 20:59:32,COF,0,0,0,0,0,0,0,1,1,1,0,0
2025-07-15 20:59:33,CAH,1,0,1,0,0,1,1,1,1,0,0,0
2025-07-15 20:59:34,KMX,0,0,1,0,0,0,0,1,1,1,1,0
2025-07-15 20:59:34,CCL,0,0,0,0,0,1,0,0,1,1,0,0
2025-07-15 20:59:35,CARR,0,0,0,0,0,0,0,0,1,1,0,0
2025-07-15 20:59:36,CAT,0,0,0,0,0,0,0,1,1,0,0,0
2025-07-15 20:59:36,CBOE,0,0,0,0,0,0,0,1,1,1,0,0
2025-07-15 20:59:37,CBRE,0,0,0,0,0,0,0,1,1,1,0,0
2025-07-15 20:59:38,CDW,0,0,0,0,0,0,0,1,1,1,0,0
2025-07-15 20:59:38,COR,0,0,1,0,0,0,0,1,1,1,0,0
2025-07-15 20:59:39,CNC,0,0,1,0,0,0,0,1,1,1,0,0
2025-07-15 20:59:40,CNP,0,0,0,0,0,0,0,0,1,0,0,0
2025-07-15 20:59:41,CF,0,0,0,0,0,0,0,1,1,1,0,0
2025-07-15 20:59:41,CRL,0,0,1,0,0,0,0,1,1,1,0,0
2025-07-15 20:59:42,SCHW,0,0,0,0,0,0,0,0,1,0,0,0
2025-07-15 20:59:43,CHTR,0,0,0,0,0,0,0,1,1,1,0,0
2025-07-15 20:59:43,CVX,0,0,0,0,0,0,0,1,1,0,0,0
2025-07-15 20:59:44,CMG,0,0,0,0,0,0,0,0,1,1,0,0
2025-07-15 20:59:45,CB,0,0,0,0,0,0,0,1,1,0,0,0
2025-07-15 20:59:45,CHD,0,0,0,0,0,0,0,0,1,1,0,0
2025-07-15 20:59:46,CI,1,0,1,0,0,1,1,1,1,1,0,0
2025-07-15 20:59:47,CINF,0,0,0,0,0,0,0,1,1,1,0,0
2025-07-15 20:59:47,CTAS,0,0,0,0,0,0,0,1,1,1,0,0
2025-07-15 20:59:48,CSCO,0,0,0,0,0,0,0,0,1,0,0,0
2025-07-15 20:59:49,C,0,0,0,0,0,1,0,0,1,1,1,0
2025-07-15 20:59:50,CFG,0,0,0,0,0,0,0,0,1,1,0,0
2025-07-15 20:59:50,CLX,0,0,1,0,0,0,0,1,1,1,0,0
2025-07-15 20:59:51,CME,1,0,1,0,0,1,1,1,1,0,0,0
2025-07-15 20:59:52,CMS,0,0,0,0,0,1,0,0,1,0,0,0
2025-07-15 20:59:53,KO,0,0,0,0,0,0,0,0,1,0,0,0
2025-07-15 20:59:53,CTSH,0,0,0,0,0,0,0,0,1,1,0,0
2025-07-15 20:59:54,COIN,1,1,1,0,0,0,1,1,1,1,0,0
2025-07-15 20:59:55,CL,0,0,0,0,0,0,0,0,1,1,0,0
2025-07-15 20:59:55,CMCSA,0,0,0,0,0,0,0,0,1,1,0,0
2025-07-15 20:59:56,CAG,0,0,0,0,0,0,0,0,1,1,0,0
2025-07-15 20:59:57,COP,0,0,0,0,0,0,0,1,1,1,0,0
2025-07-15 20:59:58,ED,0,0,0,0,0,0,0,0,1,0,0,0
2025-07-15 20:59:58,STZ,1,1,1,0,0,1,1,1,1,1,0,0
2025-07-15 20:59:59,CEG,0,0,0,0,0,0,0,1,1,1,0,0
2025-07-15 21:00:00,COO,0,0,0,0,0,0,0,0,1,1,0,0
2025-07-15 21:00:00,CPRT,0,0,1,0,0,0,0,0,1,1,0,0
2025-07-15 21:00:01,GLW,0,0,0,0,0,0,0,0,1,1,0,0
2025-07-15 21:00:02,CPAY,0,0,0,0,0,0,0,1,1,1,0,0
2025-07-15 21:00:02,CTVA,0,0,0,0,0,0,0,0,1,1,0,0
2025-07-15 21:00:03,CSGP,0,0,0,0,0,0,0,0,1,1,0,0
2025-07-15 21:00:04,COST,0,0,0,0,0,0,0,1,1,0,0,0
2025-07-15 21:00:04,CTRA,0,0,1,0,0,0,0,0,1,1,0,0
2025-07-15 21:00:05,CRWD,0,0,0,0,0,0,0,1,1,1,0,0
2025-07-15 21:00:06,CCI,0,0,1,0,0,0,0,1,1,1,0,0
2025-07-15 21:00:07,CSX,0,0,0,0,0,0,0,0,1,1,0,0
2025-07-15 21:00:07,CMI,1,0,1,0,0,1,1,1,1,0,0,0
2025-07-15 21:00:08,CVS,1,0,1,0,0,1,1,0,1,1,0,0
2025-07-15 21:00:09,DHR,0,0,0,0,0,0,0,1,1,1,0,0
2025-07-15 21:00:10,DRI,0,0,0,0,0,0,0,1,1,0,0,0
2025-07-15 21:00:10,DDOG,0,0,0,0,0,0,0,1,1,1,0,0
2025-07-15 21:00:11,DVA,1,0,1,0,0,0,1,1,1,1,0,0
2025-07-15 21:00:11,DAY,0,0,0,0,0,0,0,0,1,1,0,0
2025-07-15 21:00:12,DECK,0,0,0,0,0,0,0,1,1,1,0,0
2025-07-15 21:00:13,DE,0,0,0,0,0,0,0,1,1,1,0,0
2025-07-15 21:00:14,DELL,0,0,0,0,0,0,0,1,1,1,1,0
2025-07-15 21:00:15,DAL,0,0,0,0,0,0,0,1,1,1,0,0
2025-07-15 21:00:15,DVN,0,0,0,0,0,0,0,0,1,1,0,0
2025-07-15 21:00:16,DXCM,0,0,0,0,0,0,0,1,1,1,0,0
2025-07-15 21:00:17,FANG,0,0,0,0,0,0,0,1,1,1,0,0
2025-07-15 21:00:17,DLR,0,0,1,0,0,0,0,1,1,0,0,0
2025-07-15 21:00:18,DG,0,0,0,0,0,0,0,1,1,0,0,0
2025-07-15 21:00:19,DLTR,0,0,1,0,0,0,0,1,1,1,0,0
2025-07-15 21:00:20,D,0,0,0,0,0,0,0,0,1,1,0,0
2025-07-15 21:00:20,DPZ,0,0,0,0,0,0,0,1,1,1,0,0
2025-07-15 21:00:21,DASH,0,0,0,0,0,1,0,1,1,1,0,0
2025-07-15 21:00:22,DOV,0,0,0,0,0,0,0,1,1,1,1,0
2025-07-15 21:00:22,DOW,0,0,0,0,0,0,0,0,1,1,1,0
2025-07-15 21:00:23,DHI,0,0,1,0,0,0,0,1,1,1,0,0
2025-07-15 21:00:24,DTE,0,0,0,0,0,0,0,1,1,0,0,0
2025-07-15 21:00:25,DUK,0,0,0,0,0,1,0,0,1,1,0,0
2025-07-15 21:00:25,DD,0,0,0,0,0,0,0,0,1,1,1,0
2025-07-15 21:00:26,EMN,0,0,0,0,0,0,0,1,1,1,0,0
2025-07-15 21:00:27,ETN,0,0,0,0,0,0,0,1,1,1,1,0
2025-07-15 21:00:28,EBAY,0,0,0,0,0,0,0,0,1,1,0,0
2025-07-15 21:00:28,ECL,0,0,0,0,0,0,0,1,1,0,0,0
2025-07-15 21:00:29,EIX,0,0,0,0,0,0,0,0,1,1,0,0
2025-07-15 21:00:30,EW,0,0,0,0,0,0,0,0,1,1,0,0
2025-07-15 21:00:31,EA,0,0,0,0,0,1,0,1,1,1,0,0
2025-07-15 21:00:31,ELV,0,0,1,0,0,0,0,1,1,1,0,0
2025-07-15 21:00:42,MMM,0,0,0,0,0,0,0,1,1,0,0,0
2025-07-15 21:00:42,AOS,0,0,0,0,0,0,0,0,1,1,0,0
2025-07-15 21:00:43,ABT,0,0,0,0,0,1,0,1,1,1,0,0
2025-07-15 21:00:44,ABBV,1,0,1,0,0,0,1,1,1,1,0,0
2025-07-15 21:00:45,ACN,0,0,0,0,0,0,0,1,1,1,0,0
2025-07-15 21:00:46,ADBE,0,0,0,0,0,0,0,1,1,0,0,0
2025-07-15 21:00:46,AMD,1,0,1,0,0,0,1,1,1,1,1,0
2025-07-15 21:00:47,AES,1,0,1,0,0,1,1,0,1,1,1,0
2025-07-15 21:00:48,AFL,0,0,1,0,0,0,0,0,1,1,0,0
2025-07-15 21:00:48,A,0,0,1,0,0,0,0,1,1,1,0,0
2025-07-15 21:00:49,APD,0,0,0,0,0,0,0,1,1,1,0,0
2025-07-15 21:00:50,ABNB,0,0,0,0,0,0,0,1,1,1,0,0
2025-07-15 21:00:50,AKAM,0,0,0,0,0,0,0,0,1,1,0,0
2025-07-15 21:00:51,ALB,0,0,0,0,0,0,0,1,1,1,1,0
2025-07-15 21:00:52,ARE,0,0,0,0,0,0,0,1,1,1,0,0
2025-07-15 21:00:52,ALGN,0,0,0,0,0,0,0,1,1,1,1,0
2025-07-15 21:00:53,ALLE,0,0,0,0,0,0,0,1,1,1,0,0
2025-07-15 21:00:54,LNT,0,0,0,0,0,0,0,0,1,1,0,0
2025-07-15 21:00:54,ALL,0,0,1,0,0,0,0,1,1,1,0,0
2025-07-15 21:00:55,GOOGL,0,0,0,0,0,0,0,1,1,0,0,0
2025-07-15 21:00:56,GOOG,0,0,0,0,0,0,0,1,1,1,0,0
2025-07-15 21:00:57,MO,1,0,0,0,0,1,1,0,1,0,0,0
2025-07-15 21:00:57,AMZN,0,0,1,0,0,0,0,1,1,0,0,0
2025-07-15 21:00:58,AMCR,0,0,0,0,0,0,0,0,1,1,0,0
2025-07-15 21:00:59,AEE,0,0,0,0,0,0,0,0,1,0,0,0
2025-07-15 21:00:59,AEP,0,0,0,0,0,0,0,0,1,0,0,0
2025-07-15 21:01:00,AXP,0,0,0,0,0,0,0,1,1,1,0,0
2025-07-15 21:01:01,AIG,0,0,1,0,0,0,0,0,1,0,0,0
2025-07-15 21:01:02,AMT,1,0,1,0,0,0,1,1,1,1,0,0
2025-07-15 21:01:02,AWK,0,0,0,0,0,0,0,1,1,1,0,0
2025-07-15 21:01:03,AMP,0,0,0,0,0,0,0,1,1,1,0,0
2025-07-15 21:01:04,AME,0,0,0,0,0,0,0,1,1,1,0,0
2025-07-15 21:01:04,AMGN,0,0,1,0,0,0,0,1,1,1,0,0
2025-07-15 21:01:05,APH,0,0,0,0,0,0,0,0,1,1,0,0
2025-07-15 21:01:06,ADI,0,0,0,0,0,0,0,1,1,1,0,0
2025-07-15 21:01:07,ANSS,1,0,1,0,0,1,1,1,1,1,0,0
2025-07-15 21:01:07,AON,0,0,0,0,0,0,0,1,1,1,0,0
2025-07-15 21:01:08,APA,0,0,0,0,0,0,0,0,1,1,0,0
2025-07-15 21:01:09,APO,0,0,0,0,0,0,0,1,1,1,0,0
2025-07-15 21:01:10,AAPL,0,0,0,0,0,0,0,1,1,0,0,0
2025-07-15 21:01:10,AMAT,0,0,1,0,0,0,0,1,1,0,1,0
2025-07-15 21:01:11,APTV,0,0,0,0,0,0,0,0,1,1,0,0
2025-07-15 21:01:12,ACGL,0,0,0,0,0,0,0,0,1,1,0,0
2025-07-15 21:01:12,ADM,0,0,1,0,0,0,0,0,1,0,0,0
2025-07-15 21:01:13,ANET,0,0,1,0,0,0,0,1,1,1,0,0
2025-07-15 21:01:14,AJG,0,0,0,0,0,0,0,1,1,1,0,0
2025-07-15 21:01:15,AIZ,0,0,0,0,0,0,0,1,1,1,0,0
2025-07-15 21:01:15,T,0,0,0,0,0,1,0,0,1,0,0,0
2025-07-15 21:01:17,ATO,0,0,0,0,0,0,0,1,1,1,0,0
2025-07-15 21:01:18,ADSK,0,0,0,0,0,0,0,1,1,1,0,0
2025-07-15 21:01:18,ADP,0,0,0,0,0,0,0,1,1,1,0,0
2025-07-15 21:01:19,AZO,0,0,1,0,0,0,0,1,1,1,0,0
2025-07-15 21:01:20,AVB,0,0,0,0,0,0,0,1,1,1,0,0
2025-07-15 21:01:21,AVY,0,0,0,0,0,0,0,1,1,1,0,0
2025-07-15 21:01:21,AXON,0,0,0,0,0,0,0,1,1,1,0,0
2025-07-15 21:01:22,BKR,0,0,0,0,0,0,0,0,1,1,0,0
2025-07-15 21:01:23,BALL,0,0,1,0,0,0,0,0,1,1,0,0
2025-07-15 21:01:24,BAC,0,0,0,0,0,0,0,0,1,1,0,0
2025-07-15 21:01:24,BAX,0,0,0,0,0,0,0,0,1,1,0,0
2025-07-15 21:01:25,BDX,0,0,0,0,0,0,0,1,1,1,0,0
2025-07-15 21:01:26,BRK-B,0,0,0,0,0,0,0,1,0,0,0,0
2025-07-15 21:01:26,BBY,0,0,1,0,0,0,0,1,1,1,0,0
2025-07-15 21:01:27,TECH,0,0,1,0,0,0,0,1,1,1,0,0
2025-07-15 21:01:28,BIIB,0,0,0,0,0,0,0,1,1,1,0,0
2025-07-15 21:01:29,BLK,0,0,0,0,0,0,0,1,1,1,0,0
2025-07-15 21:01:29,BX,0,0,0,0,0,0,0,1,1,1,0,0
2025-07-15 21:01:30,BK,0,0,0,0,0,0,0,0,1,1,0,0
2025-07-15 21:01:31,BA,0,0,0,0,0,0,0,1,1,1,0,0
2025-07-15 21:01:31,BKNG,0,0,0,0,0,0,0,1,1,1,0,0
2025-07-15 21:01:32,BSX,0,0,0,0,0,0,0,0,1,1,0,0
2025-07-15 21:01:33,BMY,1,0,1,0,0,0,1,0,1,1,0,0
2025-07-15 21:01:34,AVGO,0,0,0,0,0,1,0,1,1,1,1,0
2025-07-15 21:01:34,BR,0,0,0,0,0,0,0,1,1,0,0,0
2025-07-15 21:01:35,BRO,0,0,0,0,0,0,0,0,1,1,0,0
2025-07-15 21:01:36,BF-B,0,0,0,0,0,0,0,0,0,1,0,0
2025-07-15 21:01:36,BLDR,0,0,0,0,0,0,0,1,1,1,0,0
2025-07-15 21:01:37,BG,0,0,1,0,0,0,0,1,1,1,0,0
2025-07-15 21:01:38,BXP,0,0,0,0,0,0,0,0,1,1,0,0
2025-07-15 21:01:38,CHRW,0,0,0,0,0,0,0,1,1,0,0,0
2025-07-15 21:01:39,CDNS,0,0,0,0,0,0,0,1,1,1,0,0
2025-07-15 21:01:40,CZR,0,0,1,0,0,0,0,0,1,1,0,0
2025-07-15 21:01:40,CPT,0,0,0,0,0,0,0,1,1,1,0,0
2025-07-15 21:01:41,CPB,0,0,1,0,0,0,0,0,1,1,0,0
2025-07-15 21:01:42,COF,0,0,0,0,0,0,0,1,1,1,0,0
2025-07-15 21:01:43,CAH,1,0,1,0,0,1,1,1,1,0,0,0
2025-07-15 21:01:43,KMX,0,0,1,0,0,0,0,1,1,1,1,0
2025-07-15 21:01:44,CCL,0,0,0,0,0,1,0,0,1,1,0,0
2025-07-15 21:01:45,CARR,0,0,0,0,0,0,0,0,1,1,0,0
2025-07-15 21:01:46,CAT,0,0,0,0,0,0,0,1,1,0,0,0
2025-07-15 21:01:46,CBOE,0,0,0,0,0,0,0,1,1,1,0,0
2025-07-15 21:01:47,CBRE,0,0,0,0,0,0,0,1,1,1,0,0
2025-07-15 21:01:48,CDW,0,0,0,0,0,0,0,1,1,1,0,0
2025-07-15 21:01:49,COR,0,0,1,0,0,0,0,1,1,1,0,0
2025-07-15 21:01:49,CNC,0,0,1,0,0,0,0,1,1,1,0,0
2025-07-15 21:01:50,CNP,0,0,0,0,0,0,0,0,1,0,0,0
2025-07-15 21:01:51,CF,0,0,0,0,0,0,0,1,1,1,0,0
2025-07-15 21:01:52,CRL,0,0,1,0,0,0,0,1,1,1,0,0
2025-07-15 21:01:52,SCHW,0,0,0,0,0,0,0,0,1,0,0,0
2025-07-15 21:01:53,CHTR,0,0,0,0,0,0,0,1,1,1,0,0
2025-07-15 21:01:54,CVX,0,0,0,0,0,0,0,1,1,0,0,0
2025-07-15 21:01:55,CMG,0,0,0,0,0,0,0,0,1,1,0,0
2025-07-15 21:01:55,CB,0,0,0,0,0,0,0,1,1,0,0,0
2025-07-15 21:01:56,CHD,0,0,0,0,0,0,0,0,1,1,0,0
2025-07-15 21:01:57,CI,1,0,1,0,0,1,1,1,1,1,0,0
2025-07-15 21:01:58,CINF,0,0,0,0,0,0,0,1,1,1,0,0
2025-07-15 21:01:58,CTAS,0,0,0,0,0,0,0,1,1,1,0,0
2025-07-15 21:01:59,CSCO,0,0,0,0,0,0,0,0,1,0,0,0
2025-07-15 21:02:00,C,0,0,0,0,0,1,0,0,1,1,1,0
2025-07-15 21:02:00,CFG,0,0,0,0,0,0,0,0,1,1,0,0
2025-07-15 21:02:01,CLX,0,0,1,0,0,0,0,1,1,1,0,0
2025-07-15 21:02:02,CME,1,0,1,0,0,1,1,1,1,0,0,0
2025-07-15 21:02:03,CMS,0,0,0,0,0,1,0,0,1,0,0,0
2025-07-15 21:02:04,KO,0,0,0,0,0,0,0,0,1,0,0,0
2025-07-15 21:02:05,CTSH,0,0,0,0,0,0,0,0,1,1,0,0
2025-07-15 21:02:05,COIN,1,1,1,0,0,0,1,1,1,1,0,0
2025-07-15 21:02:06,CL,0,0,0,0,0,0,0,0,1,1,0,0
2025-07-15 21:02:07,CMCSA,0,0,0,0,0,0,0,0,1,1,0,0
2025-07-15 21:02:08,CAG,0,0,0,0,0,0,0,0,1,1,0,0
2025-07-15 21:02:08,COP,0,0,0,0,0,0,0,1,1,1,0,0
2025-07-15 21:02:09,ED,0,0,0,0,0,0,0,0,1,0,0,0
2025-07-15 21:02:10,STZ,1,1,1,0,0,1,1,1,1,1,0,0
2025-07-15 21:02:10,CEG,0,0,0,0,0,0,0,1,1,1,0,0
2025-07-15 21:02:11,COO,0,0,0,0,0,0,0,0,1,1,0,0
2025-07-15 21:02:12,CPRT,0,0,1,0,0,0,0,0,1,1,0,0
2025-07-15 21:02:13,GLW,0,0,0,0,0,0,0,0,1,1,0,0
2025-07-15 21:02:13,CPAY,0,0,0,0,0,0,0,1,1,1,0,0
2025-07-15 21:02:14,CTVA,0,0,0,0,0,0,0,0,1,1,0,0
2025-07-15 21:02:15,CSGP,0,0,0,0,0,0,0,0,1,1,0,0
2025-07-15 21:02:15,COST,0,0,0,0,0,0,0,1,1,0,0,0
2025-07-15 21:02:16,CTRA,0,0,1,0,0,0,0,0,1,1,0,0
2025-07-15 21:02:17,CRWD,0,0,0,0,0,0,0,1,1,1,0,0
2025-07-15 21:02:18,CCI,0,0,1,0,0,0,0,1,1,1,0,0
2025-07-15 21:02:18,CSX,0,0,0,0,0,0,0,0,1,1,0,0
2025-07-15 21:02:19,CMI,1,0,1,0,0,1,1,1,1,0,0,0
2025-07-15 21:02:20,CVS,1,0,1,0,0,1,1,0,1,1,0,0
2025-07-15 21:02:21,DHR,0,0,0,0,0,0,0,1,1,1,0,0
2025-07-15 21:02:21,DRI,0,0,0,0,0,0,0,1,1,0,0,0
2025-07-15 21:02:23,DDOG,0,0,0,0,0,0,0,1,1,1,0,0
2025-07-15 21:02:23,DVA,1,0,1,0,0,0,1,1,1,1,0,0
2025-07-15 21:02:24,DAY,0,0,0,0,0,0,0,0,1,1,0,0
2025-07-15 21:02:25,DECK,0,0,0,0,0,0,0,1,1,1,0,0
2025-07-15 21:02:25,DE,0,0,0,0,0,0,0,1,1,1,0,0
2025-07-15 21:02:26,DELL,0,0,0,0,0,0,0,1,1,1,1,0
2025-07-15 21:02:27,DAL,0,0,0,0,0,0,0,1,1,1,0,0
2025-07-15 21:02:28,DVN,0,0,0,0,0,0,0,0,1,1,0,0
2025-07-15 21:02:28,DXCM,0,0,0,0,0,0,0,1,1,1,0,0
2025-07-15 21:02:29,FANG,0,0,0,0,0,0,0,1,1,1,0,0
2025-07-15 21:02:30,DLR,0,0,1,0,0,0,0,1,1,0,0,0
2025-07-15 21:02:30,DG,0,0,0,0,0,0,0,1,1,0,0,0
2025-07-15 21:02:31,DLTR,0,0,1,0,0,0,0,1,1,1,0,0
2025-07-15 21:02:32,D,0,0,0,0,0,0,0,0,1,1,0,0
2025-07-15 21:02:34,DPZ,0,0,0,0,0,0,0,1,1,1,0,0
2025-07-15 21:02:35,DASH,0,0,0,0,0,1,0,1,1,1,0,0
2025-07-15 21:02:36,DOV,0,0,0,0,0,0,0,1,1,1,1,0
2025-07-15 21:02:36,DOW,0,0,0,0,0,0,0,0,1,1,1,0
2025-07-15 21:02:37,DHI,0,0,1,0,0,0,0,1,1,1,0,0
2025-07-15 21:02:38,DTE,0,0,0,0,0,0,0,1,1,0,0,0
2025-07-15 21:02:39,DUK,0,0,0,0,0,1,0,0,1,1,0,0
2025-07-15 21:02:39,DD,0,0,0,0,0,0,0,0,1,1,1,0
2025-07-15 21:02:40,EMN,0,0,0,0,0,0,0,1,1,1,0,0
2025-07-15 21:02:41,ETN,0,0,0,0,0,0,0,1,1,1,1,0
2025-07-15 21:02:42,EBAY,0,0,0,0,0,0,0,0,1,1,0,0
2025-07-15 21:02:42,ECL,0,0,0,0,0,0,0,1,1,0,0,0
2025-07-15 21:02:43,EIX,0,0,0,0,0,0,0,0,1,1,0,0
2025-07-15 21:02:44,EW,0,0,0,0,0,0,0,0,1,1,0,0
2025-07-15 21:02:44,EA,0,0,0,0,0,1,0,1,1,1,0,0
2025-07-15 21:02:45,ELV,0,0,1,0,0,0,0,1,1,1,0,0
2025-07-15 21:02:46,EMR,0,0,0,0,0,0,0,1,1,0,0,0
2025-07-15 21:02:46,ENPH,1,1,1,0,0,0,1,1,1,1,0,0
2025-07-15 21:02:47,ETR,0,0,0,0,0,1,0,0,1,1,0,0
2025-07-15 21:02:48,EOG,0,0,0,0,0,0,0,1,1,1,0,0
2025-07-15 21:02:48,EPAM,0,0,0,0,0,0,0,1,1,1,0,0
2025-07-15 21:02:49,EQT,1,0,1,0,0,1,1,0,1,1,0,0
2025-07-15 21:02:50,EFX,0,0,0,0,0,0,0,1,1,1,0,0
2025-07-15 21:02:50,EQIX,0,0,0,0,0,0,0,1,1,1,0,0
2025-07-15 21:02:51,EQR,0,0,0,0,0,0,0,0,1,1,0,0
2025-07-15 21:02:52,ERIE,0,0,0,0,0,0,0,1,1,0,0,0
2025-07-15 21:02:52,ESS,0,0,0,0,0,0,0,1,1,1,0,0
2025-07-15 21:02:53,EL,0,0,1,0,0,0,0,1,1,1,0,0
2025-07-15 21:02:54,EG,0,0,0,0,0,0,0,1,1,1,0,0
2025-07-15 21:02:54,EVRG,0,0,0,0,0,0,0,0,1,1,0,0
2025-07-15 21:02:55,ES,0,0,0,0,0,0,0,0,1,1,0,0
2025-07-15 21:02:56,EXC,0,0,0,0,0,0,0,0,1,0,0,0
2025-07-15 21:02:57,EXE,0,0,0,0,0,0,0,1,1,1,0,0
2025-07-15 21:02:57,EXPE,0,0,1,0,0,0,0,1,1,1,0,0
2025-07-15 21:02:58,EXPD,0,0,0,0,0,0,0,1,1,1,0,0
2025-07-15 21:02:59,EXR,0,0,0,0,0,0,0,1,1,1,0,0
2025-07-15 21:03:00,XOM,0,0,1,0,0,0,0,0,1,0,0,0
2025-07-15 21:03:00,FFIV,0,0,0,0,0,0,0,1,1,1,0,0
2025-07-15 21:03:01,FDS,0,0,0,0,0,0,0,1,1,1,0,0
2025-07-15 21:03:01,FICO,1,0,1,0,0,1,1,1,1,1,0,0
2025-07-15 21:03:02,FAST,0,0,0,0,0,0,0,0,1,1,0,0
2025-07-15 21:03:03,FRT,0,0,0,0,0,0,0,0,1,1,0,0
2025-07-15 21:03:04,FDX,0,0,0,0,0,0,0,1,1,1,0,0
2025-07-15 21:03:04,FIS,0,0,0,0,0,0,0,0,1,0,0,0
2025-07-15 21:03:05,FITB,0,0,0,0,0,0,0,0,1,1,0,0
2025-07-15 21:03:06,FSLR,1,0,1,0,0,1,1,1,1,1,1,0
2025-07-15 21:03:06,FE,0,0,0,0,0,0,0,0,1,0,0,0
2025-07-15 21:03:07,FI,0,0,0,0,0,0,0,1,1,1,0,0
2025-07-15 21:03:08,F,0,0,1,0,0,0,0,0,1,1,0,0
2025-07-15 21:03:08,FTNT,0,0,0,0,0,1,0,1,1,1,0,0
2025-07-15 21:03:09,FTV,0,0,0,0,0,0,0,0,1,1,0,0
2025-07-15 21:03:10,FOXA,0,0,0,0,0,0,0,0,1,1,0,0
2025-07-15 21:03:10,FOX,0,0,0,0,0,0,0,0,1,1,0,0
2025-07-15 21:03:11,BEN,0,0,0,0,0,0,0,0,1,1,0,0
2025-07-15 21:03:12,FCX,1,0,1,1,0,1,1,0,1,1,0,0
2025-07-15 21:03:12,GRMN,0,0,0,0,0,0,0,1,1,0,0,0
2025-07-15 21:03:13,IT,0,0,0,0,0,0,0,1,1,1,0,0
2025-07-15 21:03:14,GE,1,0,1,0,0,1,1,1,1,0,0,0
2025-07-15 21:03:14,GEHC,1,0,1,1,0,1,1,0,1,1,0,0
2025-07-15 21:03:15,GEV,1,0,0,0,0,1,1,1,1,1,0,0
2025-07-15 21:03:16,GEN,0,0,0,0,0,0,0,0,1,0,0,0
2025-07-15 21:03:16,GNRC,0,0,0,0,0,0,0,1,1,1,0,0
2025-07-15 21:03:17,GD,0,0,0,0,0,0,0,1,1,1,0,0
2025-07-15 21:03:18,GIS,0,0,0,0,0,0,0,0,1,1,0,0
2025-07-15 21:03:19,GM,0,0,0,0,0,0,0,0,1,1,0,0
2025-07-15 21:03:19,GPC,0,0,0,0,0,0,0,1,1,1,0,0
2025-07-15 21:03:20,GILD,0,0,0,0,0,0,0,1,1,1,0,0
2025-07-15 21:03:21,GPN,0,0,0,0,0,0,0,0,1,1,0,0
2025-07-15 21:03:22,GL,0,0,0,0,0,0,0,1,1,1,0,0
2025-07-15 21:03:22,GDDY,0,0,0,0,0,0,0,1,1,0,0,0
2025-07-15 21:03:23,GS,0,0,0,0,0,0,0,1,1,1,0,0
2025-07-15 21:03:24,HAL,0,0,0,0,0,0,0,0,1,1,0,0
2025-07-15 21:03:25,HIG,0,0,0,0,0,0,0,1,1,1,0,0
2025-07-15 21:03:25,HAS,0,0,0,0,0,0,0,0,1,1,0,0
2025-07-15 21:03:26,HCA,1,0,1,0,0,0,1,1,1,1,0,0
2025-07-15 21:03:27,DOC,0,0,0,0,0,0,0,0,1,1,0,0
2025-07-15 21:03:28,HSIC,0,0,0,0,0,0,0,0,1,1,0,0
2025-07-15 21:03:28,HSY,0,0,0,0,0,0,0,1,1,1,0,0
2025-07-15 21:03:29,HES,0,0,0,0,0,0,0,1,1,0,0,0
2025-07-15 21:03:30,HPE,0,0,0,0,0,0,0,0,1,1,0,0
2025-07-15 21:03:30,HLT,0,0,0,0,0,0,0,1,1,1,0,0
2025-07-15 21:03:31,HOLX,0,0,0,0,0,0,0,0,1,1,0,0
2025-07-15 21:03:32,HD,0,0,1,0,0,0,0,1,1,1,0,0
2025-07-15 21:03:33,HON,0,0,0,0,0,0,0,1,1,0,0,0
2025-07-15 21:03:33,HRL,0,0,0,0,0,0,0,0,1,1,0,0
2025-07-15 21:03:34,HST,0,0,0,0,0,0,0,0,1,1,0,0
2025-07-15 21:03:35,HWM,0,0,0,0,0,1,0,1,1,1,0,0
2025-07-15 21:03:36,HPQ,0,0,0,0,0,0,0,0,1,1,0,0
2025-07-15 21:03:36,HUBB,0,0,0,0,0,0,0,1,1,1,0,0
2025-07-15 21:03:37,HUM,0,0,1,0,0,0,0,1,1,1,0,0
2025-07-15 21:03:38,HBAN,0,0,0,0,0,0,0,0,1,1,0,0
2025-07-15 21:03:39,HII,0,0,0,0,0,0,0,1,1,1,0,0
2025-07-15 21:03:39,IBM,0,0,0,0,0,1,0,1,1,0,0,0
2025-07-15 21:03:40,IEX,0,0,0,0,0,0,0,1,1,1,0,0
2025-07-15 21:03:41,IDXX,0,0,0,0,0,0,0,1,1,0,0,0
2025-07-15 21:03:42,ITW,0,0,0,0,0,0,0,1,1,0,0,0
2025-07-15 21:03:42,INCY,0,0,0,0,0,0,0,1,1,1,0,0
2025-07-15 21:03:43,IR,0,0,0,0,0,0,0,0,1,1,0,0
2025-07-15 21:03:44,PODD,0,0,0,0,0,0,0,1,1,0,0,0
2025-07-15 21:03:45,INTC,0,0,0,0,0,0,0,0,1,1,1,0
2025-07-15 21:03:45,ICE,0,0,0,0,0,0,0,1,1,0,0,0
2025-07-15 21:03:46,IFF,0,0,0,0,0,0,0,0,1,1,0,0
2025-07-15 21:03:47,IP,0,0,1,0,0,0,0,0,1,1,0,0
2025-07-15 21:03:48,IPG,0,0,0,0,0,0,0,0,1,1,0,0
2025-07-15 21:03:48,INTU,0,0,0,0,0,0,0,1,1,1,0,0
2025-07-15 21:03:49,ISRG,0,0,0,0,0,0,0,1,1,1,0,0
2025-07-15 21:03:50,IVZ,0,0,0,0,0,0,0,0,1,1,0,0
2025-07-15 21:03:50,INVH,0,0,0,0,0,0,0,0,1,1,0,0
2025-07-15 21:03:51,IQV,0,0,0,0,0,0,0,1,1,1,0,0
2025-07-15 21:03:52,IRM,0,0,0,0,0,0,0,1,1,1,0,0
2025-07-15 21:03:53,JBHT,0,0,0,0,0,0,0,1,1,1,0,0
2025-07-15 21:03:53,JBL,0,0,0,0,0,0,0,1,1,1,0,0
2025-07-15 21:03:54,JKHY,0,0,0,0,0,0,0,1,1,0,0,0
2025-07-15 21:03:55,J,0,0,0,0,0,0,0,1,1,1,0,0
2025-07-15 21:03:55,JNJ,0,0,0,0,0,0,0,1,1,1,0,0
2025-07-15 21:03:56,JCI,0,0,0,0,0,0,0,0,1,0,0,0
2025-07-15 21:03:57,JPM,0,0,0,0,0,0,0,1,1,1,0,0
2025-07-15 21:03:58,K,0,0,0,0,0,0,0,0,0,0,0,0
2025-07-15 21:03:58,KVUE,1,0,1,0,0,0,1,0,1,1,0,0
2025-07-15 21:03:59,KDP,0,0,0,0,0,0,0,0,1,1,0,0
2025-07-15 21:04:00,KEY,0,0,0,0,0,0,0,0,1,1,0,0
2025-07-15 21:04:00,KEYS,0,0,0,0,0,0,0,1,1,1,0,0
2025-07-15 21:04:01,KMB,0,0,1,0,0,0,0,1,1,0,0,0
2025-07-15 21:04:02,KIM,0,0,0,0,0,0,0,0,1,1,0,0
2025-07-15 21:04:03,KMI,0,0,1,0,0,0,0,0,1,1,0,0
2025-07-15 21:04:03,KKR,0,0,0,0,0,0,0,1,1,1,0,0
2025-07-15 21:04:04,KLAC,0,0,0,0,0,0,0,1,1,0,1,0
2025-07-15 21:04:05,KHC,0,0,1,0,0,0,0,0,1,1,0,0
2025-07-15 21:04:06,KR,1,0,1,0,0,1,1,0,1,0,0,0
2025-07-15 21:04:06,LHX,0,0,0,0,0,0,0,1,1,0,0,0
2025-07-15 21:04:07,LH,0,0,1,0,0,0,0,1,1,1,0,0
2025-07-15 21:04:08,LRCX,0,0,0,0,0,0,0,0,1,1,1,0
2025-07-15 21:04:08,LW,0,0,0,0,0,0,0,0,1,1,0,0
2025-07-15 21:04:09,LVS,0,0,0,0,0,0,0,0,1,0,0,0
2025-07-15 21:04:10,LDOS,0,0,0,0,0,0,0,1,1,1,0,0
2025-07-15 21:04:11,LEN,0,0,0,0,0,0,0,1,1,1,0,0
2025-07-15 21:04:11,LII,0,0,0,0,0,0,0,1,1,1,0,0
2025-07-15 21:04:12,LLY,1,0,1,0,0,0,1,1,1,1,0,0
2025-07-15 21:04:13,LIN,0,0,0,0,0,0,0,1,1,1,0,0
2025-07-15 21:04:13,LYV,0,0,0,0,0,0,0,1,1,1,0,0
2025-07-15 21:04:14,LKQ,0,0,0,0,0,0,0,0,1,1,0,0
2025-07-15 21:04:15,LMT,0,0,0,0,0,0,0,1,1,0,0,0
2025-07-15 21:04:16,L,0,0,0,0,0,0,0,0,1,1,0,0
2025-07-15 21:04:16,LOW,0,0,1,0,0,0,0,1,1,1,0,0
2025-07-15 21:04:17,LULU,0,0,1,0,0,0,0,1,1,1,0,0
2025-07-15 21:04:18,LYB,0,0,0,0,0,0,0,0,1,1,0,0
2025-07-15 21:04:18,MTB,0,0,0,0,0,0,0,1,1,1,0,0
2025-07-15 21:04:19,MPC,1,0,1,0,0,0,1,1,1,1,0,0
2025-07-15 21:04:20,MKTX,0,0,0,0,0,0,0,1,1,0,0,0
2025-07-15 21:04:20,MAR,0,0,0,0,0,0,0,1,1,1,0,0
2025-07-15 21:04:21,MMC,0,0,0,0,0,0,0,1,1,0,0,0
2025-07-15 21:04:22,MLM,0,0,0,0,0,0,0,1,1,1,0,0
2025-07-15 21:04:23,MAS,0,0,0,0,0,0,0,0,1,1,1,0
2025-07-15 21:04:23,MA,0,0,0,0,0,0,0,1,1,0,0,0
2025-07-15 21:04:24,MTCH,0,0,0,0,0,0,0,0,1,1,0,0
2025-07-15 21:04:25,MKC,0,0,0,0,0,0,0,0,1,1,0,0
2025-07-15 21:04:25,MCD,0,0,0,0,0,0,0,1,1,0,0,0
2025-07-15 21:04:26,MCK,0,0,1,0,0,0,0,1,1,0,0,0
2025-07-15 21:04:27,MDT,1,0,1,0,0,1,1,0,1,1,0,0
2025-07-15 21:04:28,MRK,0,0,1,0,0,0,0,0,1,1,0,0
2025-07-15 21:04:28,META,0,0,0,0,0,0,0,1,1,1,0,0
2025-07-15 21:04:29,MET,0,0,0,0,0,0,0,0,1,1,0,0
2025-07-15 21:04:29,MTD,0,0,0,0,0,0,0,1,1,1,0,0
2025-07-15 21:04:30,MGM,0,0,0,0,0,0,0,0,1,1,0,0
2025-07-15 21:04:31,MCHP,0,0,0,0,0,0,0,1,1,1,1,0
2025-07-15 21:04:32,MU,1,0,0,0,0,1,1,1,1,1,1,0
2025-07-15 21:04:32,MSFT,0,0,0,0,0,0,0,1,1,0,0,0
2025-07-15 21:04:33,MAA,0,0,0,0,0,0,0,1,1,1,0,0
2025-07-15 21:04:34,MRNA,1,0,1,0,0,0,1,0,1,1,0,0
2025-07-15 21:04:34,MHK,0,0,0,0,0,0,0,1,1,1,0,0
2025-07-15 21:04:35,MOH,1,0,1,0,0,0,1,1,1,1,0,0
2025-07-15 21:04:36,TAP,0,0,0,0,0,0,0,0,1,0,0,0
2025-07-15 21:04:36,MDLZ,0,0,0,0,0,0,0,0,1,0,0,0
2025-07-15 21:04:37,MPWR,0,0,0,0,0,0,0,1,1,1,1,0
2025-07-15 21:04:37,MNST,0,0,0,0,0,0,0,0,1,1,0,0
2025-07-15 21:04:38,MCO,0,0,0,0,0,0,0,1,1,1,0,0
2025-07-15 21:04:39,MS,0,0,0,0,0,0,0,1,1,1,0,0
2025-07-15 21:04:39,MOS,1,0,1,1,0,1,1,0,1,1,0,0
2025-07-15 21:04:40,MSI,0,0,0,0,0,0,0,1,1,1,0,0
2025-07-15 21:04:41,MSCI,0,0,0,0,0,0,0,1,1,1,0,0
2025-07-15 21:04:41,NDAQ,0,0,0,0,0,0,0,0,1,1,0,0
2025-07-15 21:04:42,NTAP,0,0,0,0,0,0,0,1,1,1,1,0
2025-07-15 21:04:42,NFLX,1,0,1,0,0,1,1,1,1,1,0,0
2025-07-15 21:04:43,NEM,1,0,0,1,0,1,1,0,1,1,0,0
2025-07-15 21:04:44,NWSA,0,0,0,0,0,0,0,0,1,1,1,0
2025-07-15 21:04:44,NWS,0,0,1,0,0,0,0,0,1,1,0,0
2025-07-15 21:04:45,NEE,0,0,0,0,0,0,0,1,1,1,0,0
2025-07-15 21:04:46,NKE,1,0,1,0,0,0,1,1,1,1,0,0
2025-07-15 21:04:46,NI,0,0,0,0,0,0,0,0,1,0,0,0
2025-07-15 21:04:47,NDSN,0,0,0,0,0,0,0,1,1,1,0,0
2025-07-15 21:04:48,NSC,0,0,0,0,0,0,0,1,1,0,0,0
2025-07-15 21:04:48,NTRS,0,0,0,0,0,0,0,1,1,1,0,0
2025-07-15 21:04:49,NOC,0,0,0,0,0,0,0,1,1,0,0,0
2025-07-15 21:04:49,NCLH,0,0,0,0,0,0,0,0,1,1,0,0
2025-07-15 21:04:50,NRG,0,0,0,0,0,0,0,1,1,1,0,0
2025-07-15 21:04:51,NUE,0,0,0,0,0,0,0,1,1,1,0,0
2025-07-15 21:04:51,NVDA,1,0,1,0,0,0,1,1,1,1,1,0
2025-07-15 21:04:52,NVR,0,0,0,0,0,0,0,1,1,1,0,0
2025-07-15 21:04:53,NXPI,0,0,0,0,0,0,0,1,1,1,1,0
2025-07-15 21:04:53,ORLY,0,0,0,0,0,0,0,0,1,1,0,0
2025-07-15 21:04:54,OXY,0,0,1,0,0,0,0,0,1,1,0,0
2025-07-15 21:04:55,ODFL,0,0,0,0,0,0,0,1,1,1,0,0
2025-07-15 21:04:55,OMC,0,0,0,0,0,0,0,0,1,1,1,0
2025-07-15 21:04:56,ON,0,0,1,0,0,0,0,0,1,1,1,0
2025-07-15 21:04:57,OKE,0,0,0,0,0,0,0,0,1,1,0,0
2025-07-15 21:04:57,ORCL,1,0,0,0,0,1,1,1,1,1,1,0
2025-07-15 21:04:58,OTIS,0,0,0,0,0,0,0,0,1,1,1,0
2025-07-15 21:04:58,PCAR,0,0,0,0,0,0,0,1,1,0,0,0
2025-07-15 21:04:59,PKG,0,0,0,0,0,0,0,1,1,1,0,0
2025-07-15 21:04:59,PLTR,1,0,1,0,0,0,1,1,1,1,0,0
2025-07-15 21:05:00,PANW,0,0,0,0,0,1,0,1,1,1,0,0
2025-07-15 21:05:01,PARA,0,0,0,0,0,0,0,0,1,0,0,0
2025-07-15 21:05:01,PH,0,0,0,0,0,0,0,1,1,0,0,0
2025-07-15 21:05:02,PAYX,0,0,0,0,0,0,0,1,1,1,0,0
2025-07-15 21:05:02,PAYC,0,0,0,0,0,0,0,1,1,0,0,0
2025-07-15 21:05:03,PYPL,0,0,0,0,0,0,0,0,1,0,0,0
2025-07-15 21:05:03,PNR,0,0,0,0,0,0,0,0,1,1,0,0
2025-07-15 21:05:04,PEP,0,0,0,0,0,0,0,1,1,0,0,0
2025-07-15 21:05:05,PFE,0,0,1,0,0,0,0,0,1,1,0,0
2025-07-15 21:05:05,PCG,0,0,0,0,0,0,0,0,1,1,0,0
2025-07-15 21:05:06,PM,1,0,1,0,0,1,1,1,1,0,0,0
2025-07-15 21:05:06,PSX,0,0,0,0,0,0,0,1,1,0,0,0
2025-07-15 21:05:07,PNW,0,0,0,0,0,0,0,0,1,1,0,0
2025-07-15 21:05:08,PNC,0,0,0,0,0,0,0,1,1,1,0,0
2025-07-15 21:05:08,POOL,0,0,0,0,0,0,0,1,1,1,0,0
2025-07-15 21:05:09,PPG,0,0,0,0,0,0,0,1,1,1,0,0
2025-07-15 21:05:09,PPL,1,0,0,0,0,1,1,0,1,1,0,0
2025-07-15 21:05:10,PFG,0,0,0,0,0,0,0,0,1,1,0,0
2025-07-15 21:05:11,PG,0,0,0,0,0,0,0,1,1,0,0,0
2025-07-15 21:05:11,PGR,1,0,1,0,0,0,1,1,1,1,0,0
2025-07-15 21:05:12,PLD,0,0,0,0,0,0,0,1,1,1,0,0
2025-07-15 21:05:12,PRU,0,0,0,0,0,0,0,0,1,1,0,0
2025-07-15 21:05:13,PEG,0,0,0,0,0,0,0,0,1,1,0,0
2025-07-15 21:05:14,PTC,0,0,0,0,0,0,0,1,1,1,0,0
2025-07-15 21:05:14,PSA,0,0,0,0,0,0,0,1,1,1,0,0
2025-07-15 21:05:15,PHM,0,0,0,0,0,0,0,1,1,1,0,0
2025-07-15 21:05:15,PWR,0,0,0,0,0,0,0,1,1,1,0,0
2025-07-15 21:05:16,QCOM,0,0,0,0,0,0,0,1,1,1,1,0
2025-07-15 21:05:17,DGX,1,1,1,1,0,1,1,1,1,1,0,1
2025-07-15 21:05:17,RL,0,0,1,0,0,0,0,1,1,1,0,0
2025-07-15 21:05:18,RJF,0,0,0,0,0,0,0,1,1,1,0,0
2025-07-15 21:05:18,RTX,0,0,0,0,0,0,0,1,1,1,0,0
2025-07-15 21:05:19,O,0,0,0,0,0,0,0,0,1,1,0,0
2025-07-15 21:05:19,REG,0,0,0,0,0,0,0,0,1,1,0,0
2025-07-15 21:05:20,REGN,0,0,1,0,0,0,0,1,1,1,0,0
2025-07-15 21:05:21,RF,0,0,0,0,0,0,0,0,1,1,0,0
2025-07-15 21:05:21,RSG,0,0,0,0,0,0,0,1,1,0,0,0
2025-07-15 21:05:22,RMD,1,0,0,0,0,0,1,1,1,1,1,0
2025-07-15 21:05:22,RVTY,0,0,0,0,0,0,0,1,1,1,0,0
2025-07-15 21:05:23,ROK,0,0,0,0,0,0,0,1,1,1,0,0
2025-07-15 21:05:24,ROL,0,0,0,0,0,0,0,0,1,0,0,0
2025-07-15 21:05:24,ROP,0,0,0,0,0,0,0,1,1,0,0,0
2025-07-15 21:05:25,ROST,0,0,0,0,0,0,0,1,1,1,0,0
2025-07-15 21:05:25,RCL,1,0,1,0,0,1,1,1,1,1,0,0
2025-07-15 21:05:26,SPGI,0,0,0,0,0,0,0,1,1,1,0,0
2025-07-15 21:05:26,CRM,0,0,0,0,0,0,0,1,1,1,0,0
2025-07-15 21:05:27,SBAC,0,0,0,0,0,0,0,1,1,0,0,0
2025-07-15 21:05:28,SLB,0,0,0,0,0,0,0,0,1,1,0,0
2025-07-15 21:05:28,STX,0,0,0,0,0,1,0,1,1,1,0,0
2025-07-15 21:05:29,SRE,0,0,0,0,0,0,0,0,1,0,0,0
2025-07-15 21:05:29,NOW,0,0,0,0,0,0,0,1,1,1,0,0
2025-07-15 21:05:30,SHW,0,0,0,0,0,0,0,1,1,1,0,0
2025-07-15 21:05:30,SPG,0,0,0,0,0,0,0,1,1,1,0,0
2025-07-15 21:05:31,SWKS,0,0,0,0,0,0,0,1,1,1,1,0
2025-07-15 21:05:31,SJM,0,0,1,0,0,0,0,1,1,1,0,0
2025-07-15 21:05:32,SW,0,0,0,0,0,0,0,0,1,1,0,0
2025-07-15 21:05:33,SNA,0,0,0,0,0,0,0,1,1,1,0,0
2025-07-15 21:05:33,SOLV,0,0,0,0,0,0,0,0,1,1,1,0
2025-07-15 21:05:34,SO,0,0,0,0,0,0,0,0,1,0,0,0
2025-07-15 21:05:35,LUV,0,0,0,0,0,0,0,0,1,1,0,0
2025-07-15 21:05:36,SWK,0,0,0,0,0,0,0,1,1,1,1,0
2025-07-15 21:05:36,SBUX,0,0,1,0,0,0,0,1,1,1,0,0
2025-07-15 21:05:37,STT,0,0,1,0,0,0,0,1,1,1,0,0
2025-07-15 21:05:38,STLD,0,0,0,0,0,0,0,1,1,1,0,0
2025-07-15 21:05:38,STE,0,0,0,0,0,0,0,1,1,0,1,0
2025-07-15 21:05:39,SYK,0,0,0,0,0,1,0,1,1,0,0,0
2025-07-15 21:05:40,SMCI,0,0,1,0,0,1,0,1,1,1,1,0
2025-07-15 21:05:40,SYF,0,0,0,0,0,0,0,0,1,1,0,0
2025-07-15 21:05:41,SNPS,1,0,1,0,0,1,1,1,1,1,0,0
2025-07-15 21:05:42,SYY,0,0,0,0,0,0,0,0,1,1,0,0
2025-07-15 21:05:42,TMUS,0,0,0,0,0,0,0,1,1,0,0,0
2025-07-15 21:05:43,TROW,0,0,0,0,0,0,0,0,1,1,0,0
2025-07-15 21:05:44,TTWO,0,0,0,0,0,0,0,1,1,1,0,0
2025-07-15 21:05:44,TPR,1,0,1,0,0,1,1,1,1,1,0,0
2025-07-15 21:05:45,TRGP,0,0,1,0,0,0,0,1,1,1,0,0
2025-07-15 21:05:46,TGT,0,0,0,0,0,0,0,1,1,1,0,0
2025-07-15 21:05:47,TEL,0,0,0,0,0,0,0,1,1,1,0,0
2025-07-15 21:05:47,TDY,0,0,0,0,0,0,0,1,1,1,0,0
2025-07-15 21:05:48,TER,0,0,0,0,0,0,0,1,1,1,1,0
2025-07-15 21:05:49,TSLA,0,0,0,0,0,0,0,1,1,1,0,0
2025-07-15 21:05:50,TXN,0,0,0,0,0,0,0,1,1,1,0,0
2025-07-15 21:05:50,TPL,0,0,0,0,0,0,0,1,1,1,0,0
2025-07-15 21:05:51,TXT,0,0,0,0,0,0,0,0,1,1,0,0
2025-07-15 21:05:52,TMO,0,0,1,0,0,0,0,1,1,1,0,0
2025-07-15 21:05:53,TJX,0,0,0,0,0,0,0,0,1,1,0,0
2025-07-15 21:05:53,TKO,0,0,0,0,0,0,0,1,1,1,0,0
2025-07-15 21:05:54,TSCO,0,0,0,0,0,0,0,0,1,1,0,0
2025-07-15 21:05:55,TT,0,0,0,0,0,0,0,1,1,0,0,0
2025-07-15 21:05:55,TDG,0,0,0,0,0,0,0,1,1,1,0,0
2025-07-15 21:05:56,TRV,0,0,1,0,0,0,0,1,1,1,0,0
2025-07-15 21:05:57,TRMB,0,0,0,0,0,0,0,0,1,1,0,0
2025-07-15 21:05:57,TFC,0,0,0,0,0,0,0,0,1,1,0,0
2025-07-15 21:05:58,TYL,0,0,0,0,0,0,0,1,1,1,0,0
2025-07-15 21:05:59,TSN,0,0,0,0,0,0,0,0,1,1,0,0
2025-07-15 21:05:59,USB,0,0,0,0,0,0,0,0,1,1,0,0
2025-07-15 21:06:00,UBER,0,0,0,0,0,0,0,1,1,1,1,0
2025-07-15 21:06:00,UDR,0,0,0,0,0,0,0,0,1,1,0,0
2025-07-15 21:06:01,ULTA,0,0,1,0,0,0,0,1,1,1,0,0
2025-07-15 21:06:02,UNP,0,0,0,0,0,0,0,1,1,0,0,0
2025-07-15 21:06:02,UAL,0,0,0,0,0,0,0,1,1,1,0,0
2025-07-15 21:06:03,UPS,0,0,0,0,0,0,0,1,1,0,0,0
2025-07-15 21:06:04,URI,0,0,0,0,0,0,0,1,1,1,0,0
2025-07-15 21:06:05,UNH,0,0,1,0,0,0,0,1,1,1,0,0
2025-07-15 21:06:05,UHS,1,0,1,0,0,0,1,1,1,1,0,0
2025-07-15 21:06:06,VLO,0,0,1,0,0,0,0,1,1,1,0,0
2025-07-15 21:06:07,VTR,0,0,0,0,0,0,0,0,1,1,0,0
2025-07-15 21:06:07,VLTO,0,0,0,0,0,0,0,0,1,1,0,0
2025-07-15 21:06:08,VRSN,0,0,0,0,0,0,0,1,1,0,0,0
2025-07-15 21:06:08,VRSK,0,0,0,0,0,0,0,1,1,1,0,0
2025-07-15 21:06:09,VZ,0,0,0,0,0,0,0,0,1,0,0,0
2025-07-15 21:06:10,VRTX,0,0,1,0,0,0,0,1,1,1,0,0
2025-07-15 21:06:10,VTRS,0,0,0,0,0,0,0,0,1,1,0,0
2025-07-15 21:06:11,VICI,0,0,0,0,0,0,0,0,1,1,0,0
2025-07-15 21:06:12,V,0,0,0,0,0,0,0,1,1,0,0,0
2025-07-15 21:06:12,VST,0,0,0,0,0,0,0,1,1,1,0,0
2025-07-15 21:06:13,VMC,0,0,1,0,0,0,0,1,1,1,0,0
2025-07-15 21:06:15,WRB,0,0,0,0,0,0,0,0,1,1,0,0
2025-07-15 21:06:16,GWW,0,0,0,0,0,0,0,1,1,1,0,0
2025-07-15 21:06:16,WAB,0,0,0,0,0,0,0,1,1,0,0,0
2025-07-15 21:06:17,WBA,0,0,0,0,0,0,0,0,0,0,0,0
2025-07-15 21:06:18,WMT,0,0,0,0,0,1,0,0,1,0,0,0
2025-07-15 21:06:18,DIS,0,0,0,0,0,0,0,0,1,0,0,0
2025-07-15 21:06:19,WBD,0,0,0,0,0,0,0,0,1,1,0,0
2025-07-15 21:06:21,WM,0,0,0,0,0,0,0,1,1,0,0,0
2025-07-15 21:06:22,WAT,1,0,1,0,0,0,1,1,1,1,1,0
2025-07-15 21:06:23,WEC,0,0,0,0,0,0,0,0,1,1,0,0
2025-07-15 21:06:24,WFC,1,0,1,0,0,0,1,0,1,1,0,0
2025-07-15 21:06:24,WELL,1,0,0,0,0,1,1,1,1,1,0,0
2025-07-15 21:06:25,WST,0,0,0,0,0,0,0,1,1,1,0,0
2025-07-15 21:06:26,WDC,0,0,0,0,0,0,0,0,1,0,1,0
2025-07-15 21:06:26,WY,0,0,1,0,0,0,0,0,1,1,0,0
2025-07-15 21:06:27,WSM,0,0,0,0,0,0,0,1,1,1,0,0
2025-07-15 21:06:27,WMB,1,0,1,0,0,1,1,0,1,1,0,0
2025-07-15 21:06:28,WTW,1,0,1,0,0,0,1,1,1,1,0,0
2025-07-15 21:06:29,WDAY,0,0,0,0,0,1,0,1,1,1,0,0
2025-07-15 21:06:29,WYNN,1,0,1,0,0,1,1,1,1,1,0,0
2025-07-15 21:06:30,XEL,0,0,0,0,0,0,0,0,1,1,0,0
2025-07-15 21:06:31,XYL,0,0,0,0,0,0,0,0,1,1,0,0
2025-07-15 21:06:31,YUM,0,0,0,0,0,0,0,1,1,1,0,0
2025-07-15 21:06:32,ZBRA,0,0,0,0,0,0,0,1,1,1,0,0
2025-07-15 21:06:32,ZBH,0,0,0,0,0,0,0,1,1,1,1,0
2025-07-15 21:06:33,ZTS,0,0,1,0,0,0,0,1,1,1,0,0
2025-07-15 21:06:34,MMM,0,0,0,0,0,0,0,1,1,0,0,0
2025-07-15 21:06:35,AOS,0,0,0,0,0,0,0,0,1,1,0,0
2025-07-15 21:06:35,ABT,0,0,0,0,0,1,0,1,1,1,0,0
2025-07-15 21:06:36,ABBV,1,0,1,0,0,0,1,1,1,1,0,0
2025-07-15 21:06:37,ACN,0,0,0,0,0,0,0,1,1,1,0,0
2025-07-15 21:06:37,ADBE,0,0,0,0,0,0,0,1,1,0,0,0
2025-07-15 21:06:38,AMD,1,0,1,0,0,0,1,1,1,1,1,0
2025-07-15 21:06:39,AES,1,0,1,0,0,1,1,0,1,1,1,0
2025-07-15 21:06:39,AFL,0,0,1,0,0,0,0,0,1,1,0,0
2025-07-15 21:06:40,A,0,0,1,0,0,0,0,1,1,1,0,0
2025-07-15 21:06:41,APD,0,0,0,0,0,0,0,1,1,1,0,0
2025-07-15 21:06:41,ABNB,0,0,0,0,0,0,0,1,1,1,0,0
2025-07-15 21:06:42,AKAM,0,0,0,0,0,0,0,0,1,1,0,0
2025-07-15 21:06:43,ALB,0,0,0,0,0,0,0,1,1,1,1,0
2025-07-15 21:06:44,ARE,0,0,0,0,0,0,0,1,1,1,0,0
2025-07-15 21:06:44,ALGN,0,0,0,0,0,0,0,1,1,1,1,0
2025-07-15 21:06:45,ALLE,0,0,0,0,0,0,0,1,1,1,0,0
2025-07-15 21:06:46,LNT,0,0,0,0,0,0,0,0,1,1,0,0
2025-07-15 21:06:46,ALL,0,0,1,0,0,0,0,1,1,1,0,0
2025-07-15 21:06:47,GOOGL,0,0,0,0,0,0,0,1,1,0,0,0
2025-07-15 21:06:48,GOOG,0,0,0,0,0,0,0,1,1,1,0,0
2025-07-15 21:06:49,MO,1,0,0,0,0,1,1,0,1,0,0,0
2025-07-15 21:06:49,AMZN,0,0,1,0,0,0,0,1,1,0,0,0
2025-07-15 21:06:50,AMCR,0,0,0,0,0,0,0,0,1,1,0,0
2025-07-15 21:06:51,AEE,0,0,0,0,0,0,0,0,1,0,0,0
2025-07-15 21:06:51,AEP,0,0,0,0,0,0,0,0,1,0,0,0
2025-07-15 21:06:52,AXP,0,0,0,0,0,0,0,1,1,1,0,0
2025-07-15 21:06:53,AIG,0,0,1,0,0,0,0,0,1,0,0,0
2025-07-15 21:06:54,AMT,1,0,1,0,0,0,1,1,1,1,0,0
2025-07-15 21:06:54,AWK,0,0,0,0,0,0,0,1,1,1,0,0
2025-07-15 21:06:55,AMP,0,0,0,0,0,0,0,1,1,1,0,0
2025-07-15 21:06:56,AME,0,0,0,0,0,0,0,1,1,1,0,0
2025-07-15 21:06:56,AMGN,0,0,1,0,0,0,0,1,1,1,0,0
2025-07-15 21:06:57,APH,0,0,0,0,0,0,0,0,1,1,0,0
2025-07-15 21:06:58,ADI,0,0,0,0,0,0,0,1,1,1,0,0
2025-07-15 21:06:59,ANSS,1,0,1,0,0,1,1,1,1,1,0,0
2025-07-15 21:06:59,AON,0,0,0,0,0,0,0,1,1,1,0,0
2025-07-15 21:07:00,APA,0,0,0,0,0,0,0,0,1,1,0,0
2025-07-15 21:07:01,APO,0,0,0,0,0,0,0,1,1,1,0,0
2025-07-15 21:07:01,AAPL,0,0,0,0,0,0,0,1,1,0,0,0
2025-07-15 21:07:02,AMAT,0,0,1,0,0,0,0,1,1,0,1,0
2025-07-15 21:07:03,APTV,0,0,0,0,0,0,0,0,1,1,0,0
2025-07-15 21:07:03,ACGL,0,0,0,0,0,0,0,0,1,1,0,0
2025-07-15 21:07:04,ADM,0,0,1,0,0,0,0,0,1,0,0,0
2025-07-15 21:07:05,ANET,0,0,1,0,0,0,0,1,1,1,0,0
2025-07-15 21:07:06,AJG,0,0,0,0,0,0,0,1,1,1,0,0
2025-07-15 21:07:06,AIZ,0,0,0,0,0,0,0,1,1,1,0,0
2025-07-15 21:07:07,T,0,0,0,0,0,1,0,0,1,0,0,0
2025-07-15 21:07:08,ATO,0,0,0,0,0,0,0,1,1,1,0,0
2025-07-15 21:07:08,ADSK,0,0,0,0,0,0,0,1,1,1,0,0
2025-07-15 21:07:09,ADP,0,0,0,0,0,0,0,1,1,1,0,0
2025-07-15 21:07:09,AZO,0,0,1,0,0,0,0,1,1,1,0,0
2025-07-15 21:07:10,AVB,0,0,0,0,0,0,0,1,1,1,0,0
2025-07-15 21:07:11,AVY,0,0,0,0,0,0,0,1,1,1,0,0
2025-07-15 21:07:11,AXON,0,0,0,0,0,0,0,1,1,1,0,0
2025-07-15 21:07:12,BKR,0,0,0,0,0,0,0,0,1,1,0,0
2025-07-15 21:07:13,BALL,0,0,1,0,0,0,0,0,1,1,0,0
2025-07-15 21:07:14,BAC,0,0,0,0,0,0,0,0,1,1,0,0
2025-07-15 21:07:14,BAX,0,0,0,0,0,0,0,0,1,1,0,0
2025-07-15 21:07:15,BDX,0,0,0,0,0,0,0,1,1,1,0,0
2025-07-15 21:07:16,BRK-B,0,0,0,0,0,0,0,1,0,0,0,0
2025-07-15 21:07:19,BBY,0,0,1,0,0,0,0,1,1,1,0,0
2025-07-15 21:07:19,TECH,0,0,1,0,0,0,0,1,1,1,0,0
2025-07-15 21:07:20,BIIB,0,0,0,0,0,0,0,1,1,1,0,0
2025-07-15 21:07:21,BLK,0,0,0,0,0,0,0,1,1,1,0,0
2025-07-15 21:07:21,BX,0,0,0,0,0,0,0,1,1,1,0,0
2025-07-15 21:07:22,BK,0,0,0,0,0,0,0,0,1,1,0,0
2025-07-15 21:07:23,BA,0,0,0,0,0,0,0,1,1,1,0,0
2025-07-15 21:07:23,BKNG,0,0,0,0,0,0,0,1,1,1,0,0
2025-07-15 21:07:24,BSX,0,0,0,0,0,0,0,0,1,1,0,0
2025-07-15 21:07:25,BMY,1,0,1,0,0,0,1,0,1,1,0,0
2025-07-15 21:07:25,AVGO,0,0,0,0,0,1,0,1,1,1,1,0
2025-07-15 21:07:26,BR,0,0,0,0,0,0,0,1,1,0,0,0
2025-07-15 21:07:27,BRO,0,0,0,0,0,0,0,0,1,1,0,0
2025-07-15 21:07:27,BF-B,0,0,0,0,0,0,0,0,0,1,0,0
2025-07-15 21:07:28,BLDR,0,0,0,0,0,0,0,1,1,1,0,0
2025-07-15 21:07:28,BG,0,0,1,0,0,0,0,1,1,1,0,0
2025-07-15 21:07:29,BXP,0,0,0,0,0,0,0,0,1,1,0,0
2025-07-15 21:07:30,CHRW,0,0,0,0,0,0,0,1,1,0,0,0
2025-07-15 21:07:30,CDNS,0,0,0,0,0,0,0,1,1,1,0,0
2025-07-15 21:07:31,CZR,0,0,1,0,0,0,0,0,1,1,0,0
2025-07-15 21:07:32,CPT,0,0,0,0,0,0,0,1,1,1,0,0
2025-07-15 21:07:33,CPB,0,0,1,0,0,0,0,0,1,1,0,0
2025-07-15 21:07:34,COF,0,0,0,0,0,0,0,1,1,1,0,0
2025-07-15 21:07:34,CAH,1,0,1,0,0,1,1,1,1,0,0,0
2025-07-15 21:07:35,KMX,0,0,1,0,0,0,0,1,1,1,1,0
2025-07-15 21:07:36,CCL,0,0,0,0,0,1,0,0,1,1,0,0
2025-07-15 21:07:36,CARR,0,0,0,0,0,0,0,0,1,1,0,0
2025-07-15 21:07:37,CAT,0,0,0,0,0,0,0,1,1,0,0,0
2025-07-15 21:07:38,CBOE,0,0,0,0,0,0,0,1,1,1,0,0
2025-07-15 21:07:38,CBRE,0,0,0,0,0,0,0,1,1,1,0,0
2025-07-15 21:07:39,CDW,0,0,0,0,0,0,0,1,1,1,0,0
2025-07-15 21:07:40,COR,0,0,1,0,0,0,0,1,1,1,0,0
2025-07-15 21:07:40,CNC,0,0,1,0,0,0,0,1,1,1,0,0
2025-07-15 21:07:41,CNP,0,0,0,0,0,0,0,0,1,0,0,0
2025-07-15 21:07:42,CF,0,0,0,0,0,0,0,1,1,1,0,0
2025-07-15 21:07:42,CRL,0,0,1,0,0,0,0,1,1,1,0,0
2025-07-15 21:07:43,SCHW,0,0,0,0,0,0,0,0,1,0,0,0
2025-07-15 21:07:44,CHTR,0,0,0,0,0,0,0,1,1,1,0,0
2025-07-15 21:07:44,CVX,0,0,0,0,0,0,0,1,1,0,0,0
2025-07-15 21:07:45,CMG,0,0,0,0,0,0,0,0,1,1,0,0
2025-07-15 21:07:45,CB,0,0,0,0,0,0,0,1,1,0,0,0
2025-07-15 21:07:46,CHD,0,0,0,0,0,0,0,0,1,1,0,0
2025-07-15 21:07:47,CI,1,0,1,0,0,1,1,1,1,1,0,0
2025-07-15 21:07:47,CINF,0,0,0,0,0,0,0,1,1,1,0,0
2025-07-15 21:07:48,CTAS,0,0,0,0,0,0,0,1,1,1,0,0
2025-07-15 21:07:49,CSCO,0,0,0,0,0,0,0,0,1,0,0,0
2025-07-15 21:07:49,C,0,0,0,0,0,1,0,0,1,1,1,0
2025-07-15 21:07:50,CFG,0,0,0,0,0,0,0,0,1,1,0,0
2025-07-15 21:07:50,CLX,0,0,1,0,0,0,0,1,1,1,0,0
2025-07-15 21:07:51,CME,1,0,1,0,0,1,1,1,1,0,0,0
2025-07-15 21:07:52,CMS,0,0,0,0,0,1,0,0,1,0,0,0
2025-07-15 21:07:52,KO,0,0,0,0,0,0,0,0,1,0,0,0
2025-07-15 21:07:53,CTSH,0,0,0,0,0,0,0,0,1,1,0,0
2025-07-15 21:07:54,COIN,1,1,1,0,0,0,1,1,1,1,0,0
2025-07-15 21:07:54,CL,0,0,0,0,0,0,0,0,1,1,0,0
2025-07-15 21:07:55,CMCSA,0,0,0,0,0,0,0,0,1,1,0,0
2025-07-15 21:07:56,CAG,0,0,0,0,0,0,0,0,1,1,0,0
2025-07-15 21:07:56,COP,0,0,0,0,0,0,0,1,1,1,0,0
2025-07-15 21:07:57,ED,0,0,0,0,0,0,0,0,1,0,0,0
2025-07-15 21:07:57,STZ,1,1,1,0,0,1,1,1,1,1,0,0
2025-07-15 21:07:58,CEG,0,0,0,0,0,0,0,1,1,1,0,0
2025-07-15 21:07:59,COO,0,0,0,0,0,0,0,0,1,1,0,0
2025-07-15 21:07:59,CPRT,0,0,1,0,0,0,0,0,1,1,0,0
2025-07-15 21:08:00,GLW,0,0,0,0,0,0,0,0,1,1,0,0
2025-07-15 21:08:01,CPAY,0,0,0,0,0,0,0,1,1,1,0,0
2025-07-15 21:08:01,CTVA,0,0,0,0,0,0,0,0,1,1,0,0
2025-07-15 21:08:02,CSGP,0,0,0,0,0,0,0,0,1,1,0,0
2025-07-15 21:08:03,COST,0,0,0,0,0,0,0,1,1,0,0,0
2025-07-15 21:08:04,CTRA,0,0,1,0,0,0,0,0,1,1,0,0
2025-07-15 21:08:04,CRWD,0,0,0,0,0,0,0,1,1,1,0,0
2025-07-15 21:08:05,CCI,0,0,1,0,0,0,0,1,1,1,0,0
2025-07-15 21:08:06,CSX,0,0,0,0,0,0,0,0,1,1,0,0
2025-07-15 21:08:06,CMI,1,0,1,0,0,1,1,1,1,0,0,0
2025-07-15 21:08:07,CVS,1,0,1,0,0,1,1,0,1,1,0,0
2025-07-15 21:08:08,DHR,0,0,0,0,0,0,0,1,1,1,0,0
2025-07-15 21:08:08,DRI,0,0,0,0,0,0,0,1,1,0,0,0
2025-07-15 21:08:09,DDOG,0,0,0,0,0,0,0,1,1,1,0,0
2025-07-15 21:08:09,DVA,1,0,1,0,0,0,1,1,1,1,0,0
2025-07-15 21:08:10,DAY,0,0,0,0,0,0,0,0,1,1,0,0
2025-07-15 21:08:11,DECK,0,0,0,0,0,0,0,1,1,1,0,0
2025-07-15 21:08:11,DE,0,0,0,0,0,0,0,1,1,1,0,0
2025-07-15 21:08:12,DELL,0,0,0,0,0,0,0,1,1,1,1,0
2025-07-15 21:08:13,DAL,0,0,0,0,0,0,0,1,1,1,0,0
2025-07-15 21:08:13,DVN,0,0,0,0,0,0,0,0,1,1,0,0
2025-07-15 21:08:14,DXCM,0,0,0,0,0,0,0,1,1,1,0,0
2025-07-15 21:08:15,FANG,0,0,0,0,0,0,0,1,1,1,0,0
2025-07-15 21:08:15,DLR,0,0,1,0,0,0,0,1,1,0,0,0
2025-07-15 21:08:16,DG,0,0,0,0,0,0,0,1,1,0,0,0
2025-07-15 21:08:16,DLTR,0,0,1,0,0,0,0,1,1,1,0,0
2025-07-15 21:08:17,D,0,0,0,0,0,0,0,0,1,1,0,0
2025-07-15 21:08:18,DPZ,0,0,0,0,0,0,0,1,1,1,0,0
2025-07-15 21:08:18,DASH,0,0,0,0,0,1,0,1,1,1,0,0
2025-07-15 21:08:19,DOV,0,0,0,0,0,0,0,1,1,1,1,0
2025-07-15 21:08:20,DOW,0,0,0,0,0,0,0,0,1,1,1,0
2025-07-15 21:08:21,DHI,0,0,1,0,0,0,0,1,1,1,0,0
2025-07-15 21:08:21,DTE,0,0,0,0,0,0,0,1,1,0,0,0
2025-07-15 21:08:22,DUK,0,0,0,0,0,1,0,0,1,1,0,0
2025-07-15 21:08:23,DD,0,0,0,0,0,0,0,0,1,1,1,0
2025-07-15 21:08:23,EMN,0,0,0,0,0,0,0,1,1,1,0,0
2025-07-15 21:08:24,ETN,0,0,0,0,0,0,0,1,1,1,1,0
2025-07-15 21:08:24,EBAY,0,0,0,0,0,0,0,0,1,1,0,0
2025-07-15 21:08:25,ECL,0,0,0,0,0,0,0,1,1,0,0,0
2025-07-15 21:08:26,EIX,0,0,0,0,0,0,0,0,1,1,0,0
2025-07-15 21:08:26,EW,0,0,0,0,0,0,0,0,1,1,0,0
2025-07-15 21:08:27,EA,0,0,0,0,0,1,0,1,1,1,0,0
2025-07-15 21:08:28,ELV,0,0,1,0,0,0,0,1,1,1,0,0
2025-07-15 21:08:28,EMR,0,0,0,0,0,0,0,1,1,0,0,0
2025-07-15 21:08:29,ENPH,1,1,1,0,0,0,1,1,1,1,0,0
2025-07-15 21:08:30,ETR,0,0,0,0,0,1,0,0,1,1,0,0
2025-07-15 21:08:30,EOG,0,0,0,0,0,0,0,1,1,1,0,0
2025-07-15 21:08:31,EPAM,0,0,0,0,0,0,0,1,1,1,0,0
2025-07-15 21:08:32,EQT,1,0,1,0,0,1,1,0,1,1,0,0
2025-07-15 21:08:32,EFX,0,0,0,0,0,0,0,1,1,1,0,0
2025-07-15 21:08:33,EQIX,0,0,0,0,0,0,0,1,1,1,0,0
2025-07-15 21:08:34,EQR,0,0,0,0,0,0,0,0,1,1,0,0
2025-07-15 21:08:35,ERIE,0,0,0,0,0,0,0,1,1,0,0,0
2025-07-15 21:08:36,ESS,0,0,0,0,0,0,0,1,1,1,0,0
2025-07-15 21:08:37,EL,0,0,1,0,0,0,0,1,1,1,0,0
2025-07-15 21:08:37,EG,0,0,0,0,0,0,0,1,1,1,0,0
2025-07-15 21:08:38,EVRG,0,0,0,0,0,0,0,0,1,1,0,0
2025-07-15 21:08:39,ES,0,0,0,0,0,0,0,0,1,1,0,0
2025-07-15 21:08:39,EXC,0,0,0,0,0,0,0,0,1,0,0,0
2025-07-15 21:08:40,EXE,0,0,0,0,0,0,0,1,1,1,0,0
2025-07-15 21:08:41,EXPE,0,0,1,0,0,0,0,1,1,1,0,0
2025-07-15 21:08:41,EXPD,0,0,0,0,0,0,0,1,1,1,0,0
2025-07-15 21:08:42,EXR,0,0,0,0,0,0,0,1,1,1,0,0
2025-07-15 21:08:43,XOM,0,0,1,0,0,0,0,0,1,0,0,0
2025-07-15 21:08:43,FFIV,0,0,0,0,0,0,0,1,1,1,0,0
2025-07-15 21:08:44,FDS,0,0,0,0,0,0,0,1,1,1,0,0
2025-07-15 21:08:45,FICO,1,0,1,0,0,1,1,1,1,1,0,0
2025-07-15 21:08:46,FAST,0,0,0,0,0,0,0,0,1,1,0,0
2025-07-15 21:08:46,FRT,0,0,0,0,0,0,0,0,1,1,0,0
2025-07-15 21:08:47,FDX,0,0,0,0,0,0,0,1,1,1,0,0
2025-07-15 21:08:48,FIS,0,0,0,0,0,0,0,0,1,0,0,0
2025-07-15 21:08:48,FITB,0,0,0,0,0,0,0,0,1,1,0,0
2025-07-15 21:08:49,FSLR,1,0,1,0,0,1,1,1,1,1,1,0
2025-07-15 21:08:50,FE,0,0,0,0,0,0,0,0,1,0,0,0
2025-07-15 21:08:50,FI,0,0,0,0,0,0,0,1,1,1,0,0
2025-07-15 21:08:51,F,0,0,1,0,0,0,0,0,1,1,0,0
2025-07-15 21:08:52,FTNT,0,0,0,0,0,1,0,1,1,1,0,0
2025-07-15 21:08:52,FTV,0,0,0,0,0,0,0,0,1,1,0,0
2025-07-15 21:08:53,FOXA,0,0,0,0,0,0,0,0,1,1,0,0
2025-07-15 21:08:54,FOX,0,0,0,0,0,0,0,0,1,1,0,0
2025-07-15 21:08:54,BEN,0,0,0,0,0,0,0,0,1,1,0,0
2025-07-15 21:08:56,FCX,1,0,1,1,0,1,1,0,1,1,0,0
2025-07-15 21:08:56,GRMN,0,0,0,0,0,0,0,1,1,0,0,0
2025-07-15 21:08:57,IT,0,0,0,0,0,0,0,1,1,1,0,0
2025-07-15 21:08:58,GE,1,0,1,0,0,1,1,1,1,0,0,0
2025-07-15 21:08:59,GEHC,1,0,1,1,0,1,1,0,1,1,0,0
2025-07-15 21:08:59,GEV,1,0,0,0,0,1,1,1,1,1,0,0
2025-07-15 21:09:00,GEN,0,0,0,0,0,0,0,0,1,0,0,0
2025-07-15 21:09:01,GNRC,0,0,0,0,0,0,0,1,1,1,0,0
2025-07-15 21:09:01,GD,0,0,0,0,0,0,0,1,1,1,0,0
2025-07-15 21:09:02,GIS,0,0,0,0,0,0,0,0,1,1,0,0
2025-07-15 21:09:03,GM,0,0,0,0,0,0,0,0,1,1,0,0
2025-07-15 21:09:04,GPC,0,0,0,0,0,0,0,1,1,1,0,0
2025-07-15 21:09:05,GILD,0,0,0,0,0,0,0,1,1,1,0,0
2025-07-15 21:09:05,GPN,0,0,0,0,0,0,0,0,1,1,0,0
2025-07-15 21:09:06,GL,0,0,0,0,0,0,0,1,1,1,0,0
2025-07-15 21:09:07,GDDY,0,0,0,0,0,0,0,1,1,0,0,0
2025-07-15 21:09:07,GS,0,0,0,0,0,0,0,1,1,1,0,0
2025-07-15 21:09:08,HAL,0,0,0,0,0,0,0,0,1,1,0,0
2025-07-15 21:09:10,HIG,0,0,0,0,0,0,0,1,1,1,0,0
2025-07-15 21:09:10,HAS,0,0,0,0,0,0,0,0,1,1,0,0
2025-07-15 21:09:11,HCA,1,0,1,0,0,0,1,1,1,1,0,0
2025-07-15 21:09:12,DOC,0,0,0,0,0,0,0,0,1,1,0,0
2025-07-15 21:09:12,HSIC,0,0,0,0,0,0,0,0,1,1,0,0
2025-07-15 21:09:13,HSY,0,0,0,0,0,0,0,1,1,1,0,0
2025-07-15 21:09:14,HES,0,0,0,0,0,0,0,1,1,0,0,0
2025-07-15 21:09:15,HPE,0,0,0,0,0,0,0,0,1,1,0,0
2025-07-15 21:09:15,HLT,0,0,0,0,0,0,0,1,1,1,0,0
2025-07-15 21:09:16,HOLX,0,0,0,0,0,0,0,0,1,1,0,0
2025-07-15 21:09:17,HD,0,0,1,0,0,0,0,1,1,1,0,0
2025-07-15 21:09:17,HON,0,0,0,0,0,0,0,1,1,0,0,0
2025-07-15 21:09:18,HRL,0,0,0,0,0,0,0,0,1,1,0,0
2025-07-15 21:09:19,HST,0,0,0,0,0,0,0,0,1,1,0,0
2025-07-15 21:09:20,HWM,0,0,0,0,0,1,0,1,1,1,0,0
2025-07-15 21:09:20,HPQ,0,0,0,0,0,0,0,0,1,1,0,0
2025-07-15 21:09:21,HUBB,0,0,0,0,0,0,0,1,1,1,0,0
2025-07-15 21:09:22,HUM,0,0,1,0,0,0,0,1,1,1,0,0
2025-07-15 21:09:23,HBAN,0,0,0,0,0,0,0,0,1,1,0,0
2025-07-15 21:09:23,HII,0,0,0,0,0,0,0,1,1,1,0,0
2025-07-15 21:09:24,IBM,0,0,0,0,0,1,0,1,1,0,0,0
2025-07-15 21:09:25,IEX,0,0,0,0,0,0,0,1,1,1,0,0
2025-07-15 21:09:26,IDXX,0,0,0,0,0,0,0,1,1,0,0,0
2025-07-15 21:09:26,ITW,0,0,0,0,0,0,0,1,1,0,0,0
2025-07-15 21:09:27,INCY,0,0,0,0,0,0,0,1,1,1,0,0
2025-07-15 21:09:27,IR,0,0,0,0,0,0,0,0,1,1,0,0
2025-07-15 21:09:28,PODD,0,0,0,0,0,0,0,1,1,0,0,0
2025-07-15 21:09:29,INTC,0,0,0,0,0,0,0,0,1,1,1,0
2025-07-15 21:09:29,ICE,0,0,0,0,0,0,0,1,1,0,0,0
2025-07-15 21:09:30,IFF,0,0,0,0,0,0,0,0,1,1,0,0
2025-07-15 21:09:31,IP,0,0,1,0,0,0,0,0,1,1,0,0
2025-07-15 21:09:32,IPG,0,0,0,0,0,0,0,0,1,1,0,0
2025-07-15 21:09:32,INTU,0,0,0,0,0,0,0,1,1,1,0,0
2025-07-15 21:09:33,ISRG,0,0,0,0,0,0,0,1,1,1,0,0
2025-07-15 21:09:34,IVZ,0,0,0,0,0,0,0,0,1,1,0,0
2025-07-15 21:09:34,INVH,0,0,0,0,0,0,0,0,1,1,0,0
2025-07-15 21:09:35,IQV,0,0,0,0,0,0,0,1,1,1,0,0
2025-07-15 21:09:36,IRM,0,0,0,0,0,0,0,1,1,1,0,0
2025-07-15 21:09:36,JBHT,0,0,0,0,0,0,0,1,1,1,0,0
2025-07-15 21:09:37,JBL,0,0,0,0,0,0,0,1,1,1,0,0
2025-07-15 21:09:38,JKHY,0,0,0,0,0,0,0,1,1,0,0,0
2025-07-15 21:09:39,J,0,0,0,0,0,0,0,1,1,1,0,0
2025-07-15 21:09:39,JNJ,0,0,0,0,0,0,0,1,1,1,0,0
2025-07-15 21:09:40,JCI,0,0,0,0,0,0,0,0,1,0,0,0
2025-07-15 21:09:41,JPM,0,0,0,0,0,0,0,1,1,1,0,0
2025-07-15 21:09:42,K,0,0,0,0,0,0,0,0,0,0,0,0
2025-07-15 21:09:42,KVUE,1,0,1,0,0,0,1,0,1,1,0,0
2025-07-15 21:09:43,KDP,0,0,0,0,0,0,0,0,1,1,0,0
2025-07-15 21:09:44,KEY,0,0,0,0,0,0,0,0,1,1,0,0
2025-07-15 21:09:44,KEYS,0,0,0,0,0,0,0,1,1,1,0,0
2025-07-15 21:09:45,KMB,0,0,1,0,0,0,0,1,1,0,0,0
2025-07-15 21:09:46,KIM,0,0,0,0,0,0,0,0,1,1,0,0
2025-07-15 21:09:47,KMI,0,0,1,0,0,0,0,0,1,1,0,0
2025-07-15 21:09:47,KKR,0,0,0,0,0,0,0,1,1,1,0,0
2025-07-15 21:09:48,KLAC,0,0,0,0,0,0,0,1,1,0,1,0
2025-07-15 21:09:49,KHC,0,0,1,0,0,0,0,0,1,1,0,0
2025-07-15 21:09:50,KR,1,0,1,0,0,1,1,0,1,0,0,0
2025-07-15 21:09:50,LHX,0,0,0,0,0,0,0,1,1,0,0,0
2025-07-15 21:09:51,LH,0,0,1,0,0,0,0,1,1,1,0,0
2025-07-15 21:09:52,LRCX,0,0,0,0,0,0,0,0,1,1,1,0
2025-07-15 21:09:52,LW,0,0,0,0,0,0,0,0,1,1,0,0
2025-07-15 21:09:53,LVS,0,0,0,0,0,0,0,0,1,0,0,0
2025-07-15 21:09:54,LDOS,0,0,0,0,0,0,0,1,1,1,0,0
2025-07-15 21:09:55,LEN,0,0,0,0,0,0,0,1,1,1,0,0
2025-07-15 21:09:55,LII,0,0,0,0,0,0,0,1,1,1,0,0
2025-07-15 21:09:56,LLY,1,0,1,0,0,0,1,1,1,1,0,0
2025-07-15 21:09:57,LIN,0,0,0,0,0,0,0,1,1,1,0,0
2025-07-15 21:09:58,LYV,0,0,0,0,0,0,0,1,1,1,0,0
2025-07-15 21:09:58,LKQ,0,0,0,0,0,0,0,0,1,1,0,0
2025-07-15 21:09:59,LMT,0,0,0,0,0,0,0,1,1,0,0,0
2025-07-15 21:10:00,L,0,0,0,0,0,0,0,0,1,1,0,0
2025-07-15 21:10:01,LOW,0,0,1,0,0,0,0,1,1,1,0,0
2025-07-15 21:10:01,LULU,0,0,1,0,0,0,0,1,1,1,0,0
2025-07-15 21:10:02,LYB,0,0,0,0,0,0,0,0,1,1,0,0
2025-07-15 21:10:02,MTB,0,0,0,0,0,0,0,1,1,1,0,0
2025-07-15 21:10:03,MPC,1,0,1,0,0,0,1,1,1,1,0,0
2025-07-15 21:10:04,MKTX,0,0,0,0,0,0,0,1,1,0,0,0
2025-07-15 21:10:04,MAR,0,0,0,0,0,0,0,1,1,1,0,0
2025-07-15 21:10:05,MMC,0,0,0,0,0,0,0,1,1,0,0,0
2025-07-15 21:10:06,MLM,0,0,0,0,0,0,0,1,1,1,0,0
2025-07-15 21:10:06,MAS,0,0,0,0,0,0,0,0,1,1,1,0
2025-07-15 21:10:07,MA,0,0,0,0,0,0,0,1,1,0,0,0
2025-07-15 21:10:07,MTCH,0,0,0,0,0,0,0,0,1,1,0,0
2025-07-15 21:10:08,MKC,0,0,0,0,0,0,0,0,1,1,0,0
2025-07-15 21:10:09,MCD,0,0,0,0,0,0,0,1,1,0,0,0
2025-07-15 21:10:09,MCK,0,0,1,0,0,0,0,1,1,0,0,0
2025-07-15 21:10:10,MDT,1,0,1,0,0,1,1,0,1,1,0,0
2025-07-15 21:10:11,MRK,0,0,1,0,0,0,0,0,1,1,0,0
2025-07-15 21:10:12,META,0,0,0,0,0,0,0,1,1,1,0,0
2025-07-15 21:10:12,MET,0,0,0,0,0,0,0,0,1,1,0,0
2025-07-15 21:10:13,MTD,0,0,0,0,0,0,0,1,1,1,0,0
2025-07-15 21:10:14,MGM,0,0,0,0,0,0,0,0,1,1,0,0
2025-07-15 21:10:15,MCHP,0,0,0,0,0,0,0,1,1,1,1,0
2025-07-15 21:10:15,MU,1,0,0,0,0,1,1,1,1,1,1,0
2025-07-15 21:10:16,MSFT,0,0,0,0,0,0,0,1,1,0,0,0
2025-07-15 21:10:16,MAA,0,0,0,0,0,0,0,1,1,1,0,0
2025-07-15 21:10:17,MRNA,1,0,1,0,0,0,1,0,1,1,0,0
2025-07-15 21:10:18,MHK,0,0,0,0,0,0,0,1,1,1,0,0
2025-07-15 21:10:18,MOH,1,0,1,0,0,0,1,1,1,1,0,0
2025-07-15 21:10:19,TAP,0,0,0,0,0,0,0,0,1,0,0,0
2025-07-15 21:10:19,MDLZ,0,0,0,0,0,0,0,0,1,0,0,0
2025-07-15 21:10:20,MPWR,0,0,0,0,0,0,0,1,1,1,1,0
2025-07-15 21:10:21,MNST,0,0,0,0,0,0,0,0,1,1,0,0
2025-07-15 21:10:21,MCO,0,0,0,0,0,0,0,1,1,1,0,0
2025-07-15 21:10:22,MS,0,0,0,0,0,0,0,1,1,1,0,0
2025-07-15 21:10:23,MOS,1,0,1,1,0,1,1,0,1,1,0,0
2025-07-15 21:10:23,MSI,0,0,0,0,0,0,0,1,1,1,0,0
2025-07-15 21:10:24,MSCI,0,0,0,0,0,0,0,1,1,1,0,0
2025-07-15 21:10:25,NDAQ,0,0,0,0,0,0,0,0,1,1,0,0
2025-07-15 21:10:25,NTAP,0,0,0,0,0,0,0,1,1,1,1,0
2025-07-15 21:10:26,NFLX,1,0,1,0,0,1,1,1,1,1,0,0
2025-07-15 21:10:27,NEM,1,0,0,1,0,1,1,0,1,1,0,0
2025-07-15 21:10:27,NWSA,0,0,0,0,0,0,0,0,1,1,1,0
2025-07-15 21:10:28,NWS,0,0,1,0,0,0,0,0,1,1,0,0
2025-07-15 21:10:28,NEE,0,0,0,0,0,0,0,1,1,1,0,0
2025-07-15 21:10:29,NKE,1,0,1,0,0,0,1,1,1,1,0,0
2025-07-15 21:10:30,NI,0,0,0,0,0,0,0,0,1,0,0,0
2025-07-15 21:10:30,NDSN,0,0,0,0,0,0,0,1,1,1,0,0
2025-07-15 21:10:31,NSC,0,0,0,0,0,0,0,1,1,0,0,0
2025-07-15 21:10:32,NTRS,0,0,0,0,0,0,0,1,1,1,0,0
2025-07-15 21:10:33,NOC,0,0,0,0,0,0,0,1,1,0,0,0
2025-07-15 21:10:33,NCLH,0,0,0,0,0,0,0,0,1,1,0,0
2025-07-15 21:10:34,NRG,0,0,0,0,0,0,0,1,1,1,0,0
2025-07-15 21:10:34,NUE,0,0,0,0,0,0,0,1,1,1,0,0
2025-07-15 21:10:35,NVDA,1,0,1,0,0,0,1,1,1,1,1,0
2025-07-15 21:10:36,NVR,0,0,0,0,0,0,0,1,1,1,0,0
2025-07-15 21:10:36,NXPI,0,0,0,0,0,0,0,1,1,1,1,0
2025-07-15 21:10:37,ORLY,0,0,0,0,0,0,0,0,1,1,0,0
2025-07-15 21:10:37,OXY,0,0,1,0,0,0,0,0,1,1,0,0
2025-07-15 21:10:38,ODFL,0,0,0,0,0,0,0,1,1,1,0,0
2025-07-15 21:10:39,OMC,0,0,0,0,0,0,0,0,1,1,1,0
2025-07-15 21:10:39,ON,0,0,1,0,0,0,0,0,1,1,1,0
2025-07-15 21:10:40,OKE,0,0,0,0,0,0,0,0,1,1,0,0
2025-07-15 21:10:41,ORCL,1,0,0,0,0,1,1,1,1,1,1,0
2025-07-15 21:10:41,OTIS,0,0,0,0,0,0,0,0,1,1,1,0
2025-07-15 21:10:42,PCAR,0,0,0,0,0,0,0,1,1,0,0,0
2025-07-15 21:10:43,PKG,0,0,0,0,0,0,0,1,1,1,0,0
2025-07-15 21:10:43,PLTR,1,0,1,0,0,0,1,1,1,1,0,0
2025-07-15 21:10:44,PANW,0,0,0,0,0,1,0,1,1,1,0,0
2025-07-15 21:10:44,PARA,0,0,0,0,0,0,0,0,1,0,0,0
2025-07-15 21:10:45,PH,0,0,0,0,0,0,0,1,1,0,0,0
2025-07-15 21:10:46,PAYX,0,0,0,0,0,0,0,1,1,1,0,0
2025-07-15 21:10:46,PAYC,0,0,0,0,0,0,0,1,1,0,0,0
2025-07-15 21:10:47,PYPL,0,0,0,0,0,0,0,0,1,0,0,0
2025-07-15 21:10:48,PNR,0,0,0,0,0,0,0,0,1,1,0,0
2025-07-15 21:10:48,PEP,0,0,0,0,0,0,0,1,1,0,0,0
2025-07-15 21:10:49,PFE,0,0,1,0,0,0,0,0,1,1,0,0
2025-07-15 21:10:50,PCG,0,0,0,0,0,0,0,0,1,1,0,0
2025-07-15 21:10:50,PM,1,0,1,0,0,1,1,1,1,0,0,0
2025-07-15 21:10:51,PSX,0,0,0,0,0,0,0,1,1,0,0,0
2025-07-15 21:10:52,PNW,0,0,0,0,0,0,0,0,1,1,0,0
2025-07-15 21:10:52,PNC,0,0,0,0,0,0,0,1,1,1,0,0
2025-07-15 21:10:53,POOL,0,0,0,0,0,0,0,1,1,1,0,0
2025-07-15 21:10:54,PPG,0,0,0,0,0,0,0,1,1,1,0,0
2025-07-15 21:10:54,PPL,1,0,0,0,0,1,1,0,1,1,0,0
2025-07-15 21:10:55,PFG,0,0,0,0,0,0,0,0,1,1,0,0
2025-07-15 21:10:56,PG,0,0,0,0,0,0,0,1,1,0,0,0
2025-07-15 21:10:56,PGR,1,0,1,0,0,0,1,1,1,1,0,0
2025-07-15 21:10:57,PLD,0,0,0,0,0,0,0,1,1,1,0,0
2025-07-15 21:10:58,PRU,0,0,0,0,0,0,0,0,1,1,0,0
2025-07-15 21:10:58,PEG,0,0,0,0,0,0,0,0,1,1,0,0
2025-07-15 21:10:59,PTC,0,0,0,0,0,0,0,1,1,1,0,0
2025-07-15 21:11:00,PSA,0,0,0,0,0,0,0,1,1,1,0,0
2025-07-15 21:11:00,PHM,0,0,0,0,0,0,0,1,1,1,0,0
2025-07-15 21:11:01,PWR,0,0,0,0,0,0,0,1,1,1,0,0
2025-07-15 21:11:02,QCOM,0,0,0,0,0,0,0,1,1,1,1,0
2025-07-15 21:11:02,DGX,1,1,1,1,0,1,1,1,1,1,0,1
2025-07-15 21:11:03,RL,0,0,1,0,0,0,0,1,1,1,0,0
2025-07-15 21:11:04,RJF,0,0,0,0,0,0,0,1,1,1,0,0
2025-07-15 21:11:04,RTX,0,0,0,0,0,0,0,1,1,1,0,0
2025-07-15 21:11:05,O,0,0,0,0,0,0,0,0,1,1,0,0
2025-07-15 21:11:06,REG,0,0,0,0,0,0,0,0,1,1,0,0
2025-07-15 21:11:06,REGN,0,0,1,0,0,0,0,1,1,1,0,0
2025-07-15 21:11:07,RF,0,0,0,0,0,0,0,0,1,1,0,0
2025-07-15 21:11:08,RSG,0,0,0,0,0,0,0,1,1,0,0,0
2025-07-15 21:11:08,RMD,1,0,0,0,0,0,1,1,1,1,1,0
2025-07-15 21:11:09,RVTY,0,0,0,0,0,0,0,1,1,1,0,0
2025-07-15 21:11:10,ROK,0,0,0,0,0,0,0,1,1,1,0,0
2025-07-15 21:11:10,ROL,0,0,0,0,0,0,0,0,1,0,0,0
2025-07-15 21:11:11,ROP,0,0,0,0,0,0,0,1,1,0,0,0
2025-07-15 21:11:12,ROST,0,0,0,0,0,0,0,1,1,1,0,0
2025-07-15 21:11:12,RCL,1,0,1,0,0,1,1,1,1,1,0,0
2025-07-15 21:11:13,SPGI,0,0,0,0,0,0,0,1,1,1,0,0
2025-07-15 21:11:14,CRM,0,0,0,0,0,0,0,1,1,1,0,0
2025-07-15 21:11:14,SBAC,0,0,0,0,0,0,0,1,1,0,0,0
2025-07-15 21:11:15,SLB,0,0,0,0,0,0,0,0,1,1,0,0
2025-07-15 21:11:16,STX,0,0,0,0,0,1,0,1,1,1,0,0
2025-07-15 21:11:16,SRE,0,0,0,0,0,0,0,0,1,0,0,0
2025-07-15 21:11:17,NOW,0,0,0,0,0,0,0,1,1,1,0,0
2025-07-15 21:11:18,SHW,0,0,0,0,0,0,0,1,1,1,0,0
2025-07-15 21:11:18,SPG,0,0,0,0,0,0,0,1,1,1,0,0
2025-07-15 21:11:19,SWKS,0,0,0,0,0,0,0,1,1,1,1,0
2025-07-15 21:11:20,SJM,0,0,1,0,0,0,0,1,1,1,0,0
2025-07-15 21:11:20,SW,0,0,0,0,0,0,0,0,1,1,0,0
2025-07-15 21:11:21,SNA,0,0,0,0,0,0,0,1,1,1,0,0
2025-07-15 21:11:22,SOLV,0,0,0,0,0,0,0,0,1,1,1,0
2025-07-15 21:11:22,SO,0,0,0,0,0,0,0,0,1,0,0,0
2025-07-15 21:11:23,LUV,0,0,0,0,0,0,0,0,1,1,0,0
2025-07-15 21:11:24,SWK,0,0,0,0,0,0,0,1,1,1,1,0
2025-07-15 21:11:24,SBUX,0,0,1,0,0,0,0,1,1,1,0,0
2025-07-15 21:11:25,STT,0,0,1,0,0,0,0,1,1,1,0,0
2025-07-15 21:11:26,STLD,0,0,0,0,0,0,0,1,1,1,0,0
2025-07-15 21:11:26,STE,0,0,0,0,0,0,0,1,1,0,1,0
2025-07-15 21:11:27,SYK,0,0,0,0,0,1,0,1,1,0,0,0
2025-07-15 21:11:28,SMCI,0,0,1,0,0,1,0,1,1,1,1,0
2025-07-15 21:11:29,SYF,0,0,0,0,0,0,0,0,1,1,0,0
2025-07-15 21:11:29,SNPS,1,0,1,0,0,1,1,1,1,1,0,0
2025-07-15 21:11:30,SYY,0,0,0,0,0,0,0,0,1,1,0,0
2025-07-15 21:11:31,TMUS,0,0,0,0,0,0,0,1,1,0,0,0
2025-07-15 21:11:31,TROW,0,0,0,0,0,0,0,0,1,1,0,0
2025-07-15 21:11:32,TTWO,0,0,0,0,0,0,0,1,1,1,0,0
2025-07-15 21:11:33,TPR,1,0,1,0,0,1,1,1,1,1,0,0
2025-07-15 21:11:33,TRGP,0,0,1,0,0,0,0,1,1,1,0,0
2025-07-15 21:11:34,TGT,0,0,0,0,0,0,0,1,1,1,0,0
2025-07-15 21:11:35,TEL,0,0,0,0,0,0,0,1,1,1,0,0
2025-07-15 21:11:35,TDY,0,0,0,0,0,0,0,1,1,1,0,0
2025-07-15 21:11:36,TER,0,0,0,0,0,0,0,1,1,1,1,0
2025-07-15 21:11:37,TSLA,0,0,0,0,0,0,0,1,1,1,0,0
2025-07-15 21:11:37,TXN,0,0,0,0,0,0,0,1,1,1,0,0
2025-07-15 21:11:38,TPL,0,0,0,0,0,0,0,1,1,1,0,0
2025-07-15 21:11:39,TXT,0,0,0,0,0,0,0,0,1,1,0,0
2025-07-15 21:11:40,TMO,0,0,1,0,0,0,0,1,1,1,0,0
2025-07-15 21:11:40,TJX,0,0,0,0,0,0,0,0,1,1,0,0
2025-07-15 21:11:41,TKO,0,0,0,0,0,0,0,1,1,1,0,0
2025-07-15 21:11:42,TSCO,0,0,0,0,0,0,0,0,1,1,0,0
2025-07-15 21:11:43,TT,0,0,0,0,0,0,0,1,1,0,0,0
2025-07-15 21:11:43,TDG,0,0,0,0,0,0,0,1,1,1,0,0
2025-07-15 21:11:44,TRV,0,0,1,0,0,0,0,1,1,1,0,0
2025-07-15 21:11:45,TRMB,0,0,0,0,0,0,0,0,1,1,0,0
2025-07-15 21:11:45,TFC,0,0,0,0,0,0,0,0,1,1,0,0
2025-07-15 21:11:46,TYL,0,0,0,0,0,0,0,1,1,1,0,0
2025-07-15 21:11:47,TSN,0,0,0,0,0,0,0,0,1,1,0,0
2025-07-15 21:11:48,USB,0,0,0,0,0,0,0,0,1,1,0,0
2025-07-15 21:11:49,UBER,0,0,0,0,0,0,0,1,1,1,1,0
2025-07-15 21:11:49,UDR,0,0,0,0,0,0,0,0,1,1,0,0
2025-07-15 21:11:50,ULTA,0,0,1,0,0,0,0,1,1,1,0,0
2025-07-15 21:11:51,UNP,0,0,0,0,0,0,0,1,1,0,0,0
2025-07-15 21:11:51,UAL,0,0,0,0,0,0,0,1,1,1,0,0
2025-07-15 21:11:52,UPS,0,0,0,0,0,0,0,1,1,0,0,0
2025-07-15 21:11:53,URI,0,0,0,0,0,0,0,1,1,1,0,0
2025-07-15 21:11:54,UNH,0,0,1,0,0,0,0,1,1,1,0,0
2025-07-15 21:11:55,UHS,1,0,1,0,0,0,1,1,1,1,0,0
2025-07-15 21:11:55,VLO,0,0,1,0,0,0,0,1,1,1,0,0
2025-07-15 21:11:56,VTR,0,0,0,0,0,0,0,0,1,1,0,0
2025-07-15 21:11:57,VLTO,0,0,0,0,0,0,0,0,1,1,0,0
2025-07-15 21:11:58,VRSN,0,0,0,0,0,0,0,1,1,0,0,0
2025-07-15 21:11:58,VRSK,0,0,0,0,0,0,0,1,1,1,0,0
2025-07-15 21:11:59,VZ,0,0,0,0,0,0,0,0,1,0,0,0
2025-07-15 21:12:00,VRTX,0,0,1,0,0,0,0,1,1,1,0,0
2025-07-15 21:12:01,VTRS,0,0,0,0,0,0,0,0,1,1,0,0
2025-07-15 21:12:01,VICI,0,0,0,0,0,0,0,0,1,1,0,0
2025-07-15 21:12:02,V,0,0,0,0,0,0,0,1,1,0,0,0
2025-07-15 21:12:03,VST,0,0,0,0,0,0,0,1,1,1,0,0
2025-07-15 21:12:03,VMC,0,0,1,0,0,0,0,1,1,1,0,0
2025-07-15 21:12:04,WRB,0,0,0,0,0,0,0,0,1,1,0,0
2025-07-15 21:12:05,GWW,0,0,0,0,0,0,0,1,1,1,0,0
2025-07-15 21:12:06,WAB,0,0,0,0,0,0,0,1,1,0,0,0
2025-07-15 21:12:06,WBA,0,0,0,0,0,0,0,0,0,0,0,0
2025-07-15 21:12:07,WMT,0,0,0,0,0,1,0,0,1,0,0,0
2025-07-15 21:12:08,DIS,0,0,0,0,0,0,0,0,1,0,0,0
2025-07-15 21:12:08,WBD,0,0,0,0,0,0,0,0,1,1,0,0
2025-07-15 21:12:09,WM,0,0,0,0,0,0,0,1,1,0,0,0
2025-07-15 21:12:10,WAT,1,0,1,0,0,0,1,1,1,1,1,0
2025-07-15 21:12:10,WEC,0,0,0,0,0,0,0,0,1,1,0,0
2025-07-15 21:12:11,WFC,1,0,1,0,0,0,1,0,1,1,0,0
2025-07-15 21:12:12,WELL,1,0,0,0,0,1,1,1,1,1,0,0
2025-07-15 21:12:13,WST,0,0,0,0,0,0,0,1,1,1,0,0
2025-07-15 21:12:13,WDC,0,0,0,0,0,0,0,0,1,0,1,0
2025-07-15 21:12:14,WY,0,0,1,0,0,0,0,0,1,1,0,0
2025-07-15 21:12:15,WSM,0,0,0,0,0,0,0,1,1,1,0,0
2025-07-15 21:12:15,WMB,1,0,1,0,0,1,1,0,1,1,0,0
2025-07-15 21:12:16,WTW,1,0,1,0,0,0,1,1,1,1,0,0
2025-07-15 21:12:17,WDAY,0,0,0,0,0,1,0,1,1,1,0,0
2025-07-15 21:12:17,WYNN,1,0,1,0,0,1,1,1,1,1,0,0
2025-07-15 21:12:18,XEL,0,0,0,0,0,0,0,0,1,1,0,0
2025-07-15 21:12:19,XYL,0,0,0,0,0,0,0,0,1,1,0,0
2025-07-15 21:12:19,YUM,0,0,0,0,0,0,0,1,1,1,0,0
2025-07-15 21:12:20,ZBRA,0,0,0,0,0,0,0,1,1,1,0,0
2025-07-15 21:12:21,ZBH,0,0,0,0,0,0,0,1,1,1,1,0
2025-07-15 21:12:21,ZTS,0,0,1,0,0,0,0,1,1,1,0,0
2025-07-15 21:12:22,MMM,0,0,0,0,0,0,0,1,1,0,0,0
2025-07-15 21:12:23,AOS,0,0,0,0,0,0,0,0,1,1,0,0
2025-07-15 21:12:24,ABT,0,0,0,0,0,1,0,1,1,1,0,0
2025-07-15 21:12:24,ABBV,1,0,1,0,0,0,1,1,1,1,0,0
2025-07-15 21:12:25,ACN,0,0,0,0,0,0,0,1,1,1,0,0
2025-07-15 21:12:26,ADBE,0,0,0,0,0,0,0,1,1,0,0,0
2025-07-15 21:12:27,AMD,1,0,1,0,0,0,1,1,1,1,1,0
2025-07-15 21:12:27,AES,1,0,1,0,0,1,1,0,1,1,1,0
2025-07-15 21:12:28,AFL,0,0,1,0,0,0,0,0,1,1,0,0
2025-07-15 21:12:29,A,0,0,1,0,0,0,0,1,1,1,0,0
2025-07-15 21:12:29,APD,0,0,0,0,0,0,0,1,1,1,0,0
2025-07-15 21:12:30,ABNB,0,0,0,0,0,0,0,1,1,1,0,0
2025-07-15 21:12:31,AKAM,0,0,0,0,0,0,0,0,1,1,0,0
2025-07-15 21:12:32,ALB,0,0,0,0,0,0,0,1,1,1,1,0
2025-07-15 21:12:32,ARE,0,0,0,0,0,0,0,1,1,1,0,0
2025-07-15 21:12:33,ALGN,0,0,0,0,0,0,0,1,1,1,1,0
2025-07-15 21:12:33,ALLE,0,0,0,0,0,0,0,1,1,1,0,0
2025-07-15 21:12:34,LNT,0,0,0,0,0,0,0,0,1,1,0,0
2025-07-15 21:12:35,ALL,0,0,1,0,0,0,0,1,1,1,0,0
2025-07-15 21:12:36,GOOGL,0,0,0,0,0,0,0,1,1,0,0,0
2025-07-15 21:12:36,GOOG,0,0,0,0,0,0,0,1,1,1,0,0
2025-07-15 21:12:37,MO,1,0,0,0,0,1,1,0,1,0,0,0
2025-07-15 21:12:38,AMZN,0,0,1,0,0,0,0,1,1,0,0,0
2025-07-15 21:12:38,AMCR,0,0,0,0,0,0,0,0,1,1,0,0
2025-07-15 21:12:39,AEE,0,0,0,0,0,0,0,0,1,0,0,0
2025-07-15 21:12:40,AEP,0,0,0,0,0,0,0,0,1,0,0,0
2025-07-15 21:12:41,AXP,0,0,0,0,0,0,0,1,1,1,0,0
2025-07-15 21:12:42,AIG,0,0,1,0,0,0,0,0,1,0,0,0
2025-07-15 21:12:43,AMT,1,0,1,0,0,0,1,1,1,1,0,0
2025-07-15 21:12:44,AWK,0,0,0,0,0,0,0,1,1,1,0,0
2025-07-15 21:12:44,AMP,0,0,0,0,0,0,0,1,1,1,0,0
2025-07-15 21:12:45,AME,0,0,0,0,0,0,0,1,1,1,0,0
2025-07-15 21:12:46,AMGN,0,0,1,0,0,0,0,1,1,1,0,0
2025-07-15 21:12:47,APH,0,0,0,0,0,0,0,0,1,1,0,0
2025-07-15 21:12:47,ADI,0,0,0,0,0,0,0,1,1,1,0,0
2025-07-15 21:12:48,ANSS,1,0,1,0,0,1,1,1,1,1,0,0
2025-07-15 21:12:49,AON,0,0,0,0,0,0,0,1,1,1,0,0
2025-07-15 21:12:50,APA,0,0,0,0,0,0,0,0,1,1,0,0
2025-07-15 21:12:50,APO,0,0,0,0,0,0,0,1,1,1,0,0
2025-07-15 21:12:52,AAPL,0,0,0,0,0,0,0,1,1,0,0,0
2025-07-15 21:12:52,AMAT,0,0,1,0,0,0,0,1,1,0,1,0
2025-07-15 21:12:53,APTV,0,0,0,0,0,0,0,0,1,1,0,0
2025-07-15 21:12:54,ACGL,0,0,0,0,0,0,0,0,1,1,0,0
2025-07-15 21:12:54,ADM,0,0,1,0,0,0,0,0,1,0,0,0
2025-07-15 21:12:55,ANET,0,0,1,0,0,0,0,1,1,1,0,0
2025-07-15 21:12:56,AJG,0,0,0,0,0,0,0,1,1,1,0,0
2025-07-15 21:12:57,AIZ,0,0,0,0,0,0,0,1,1,1,0,0
2025-07-15 21:12:57,T,0,0,0,0,0,1,0,0,1,0,0,0
2025-07-15 21:12:58,ATO,0,0,0,0,0,0,0,1,1,1,0,0
2025-07-15 21:12:59,ADSK,0,0,0,0,0,0,0,1,1,1,0,0
2025-07-15 21:13:00,ADP,0,0,0,0,0,0,0,1,1,1,0,0
2025-07-15 21:13:00,AZO,0,0,1,0,0,0,0,1,1,1,0,0
2025-07-15 21:13:01,AVB,0,0,0,0,0,0,0,1,1,1,0,0
2025-07-15 21:13:02,AVY,0,0,0,0,0,0,0,1,1,1,0,0
2025-07-15 21:13:03,AXON,0,0,0,0,0,0,0,1,1,1,0,0
2025-07-15 21:13:04,BKR,0,0,0,0,0,0,0,0,1,1,0,0
2025-07-15 21:13:04,BALL,0,0,1,0,0,0,0,0,1,1,0,0
2025-07-15 21:13:05,BAC,0,0,0,0,0,0,0,0,1,1,0,0
2025-07-15 21:13:07,BAX,0,0,0,0,0,0,0,0,1,1,0,0
2025-07-15 21:13:07,BDX,0,0,0,0,0,0,0,1,1,1,0,0
2025-07-15 21:13:08,BRK-B,0,0,0,0,0,0,0,1,0,0,0,0
2025-07-15 21:13:09,BBY,0,0,1,0,0,0,0,1,1,1,0,0
2025-07-15 21:13:10,TECH,0,0,1,0,0,0,0,1,1,1,0,0
2025-07-15 21:13:10,BIIB,0,0,0,0,0,0,0,1,1,1,0,0
2025-07-15 21:13:11,BLK,0,0,0,0,0,0,0,1,1,1,0,0
2025-07-15 21:13:12,BX,0,0,0,0,0,0,0,1,1,1,0,0
2025-07-15 21:13:12,BK,0,0,0,0,0,0,0,0,1,1,0,0
2025-07-15 21:13:13,BA,0,0,0,0,0,0,0,1,1,1,0,0
2025-07-15 21:13:14,BKNG,0,0,0,0,0,0,0,1,1,1,0,0
2025-07-15 21:13:15,BSX,0,0,0,0,0,0,0,0,1,1,0,0
2025-07-15 21:13:15,BMY,1,0,1,0,0,0,1,0,1,1,0,0
2025-07-15 21:13:16,AVGO,0,0,0,0,0,1,0,1,1,1,1,0
2025-07-15 21:13:17,BR,0,0,0,0,0,0,0,1,1,0,0,0
2025-07-15 21:13:17,BRO,0,0,0,0,0,0,0,0,1,1,0,0
2025-07-15 21:13:18,BF-B,0,0,0,0,0,0,0,0,0,1,0,0
2025-07-15 21:13:19,BLDR,0,0,0,0,0,0,0,1,1,1,0,0
2025-07-15 21:13:19,BG,0,0,1,0,0,0,0,1,1,1,0,0
2025-07-15 21:13:20,BXP,0,0,0,0,0,0,0,0,1,1,0,0
2025-07-15 21:13:21,CHRW,0,0,0,0,0,0,0,1,1,0,0,0
2025-07-15 21:13:22,CDNS,0,0,0,0,0,0,0,1,1,1,0,0
2025-07-15 21:13:22,CZR,0,0,1,0,0,0,0,0,1,1,0,0
2025-07-15 21:13:23,CPT,0,0,0,0,0,0,0,1,1,1,0,0
2025-07-15 21:13:24,CPB,0,0,1,0,0,0,0,0,1,1,0,0
2025-07-15 21:13:25,COF,0,0,0,0,0,0,0,1,1,1,0,0
2025-07-15 21:13:25,CAH,1,0,1,0,0,1,1,1,1,0,0,0
2025-07-15 21:13:26,KMX,0,0,1,0,0,0,0,1,1,1,1,0
2025-07-15 21:13:27,CCL,0,0,0,0,0,1,0,0,1,1,0,0
2025-07-15 21:13:28,CARR,0,0,0,0,0,0,0,0,1,1,0,0
2025-07-15 21:13:29,CAT,0,0,0,0,0,0,0,1,1,0,0,0
2025-07-15 21:13:29,CBOE,0,0,0,0,0,0,0,1,1,1,0,0
2025-07-15 21:13:30,CBRE,0,0,0,0,0,0,0,1,1,1,0,0
2025-07-15 21:13:31,CDW,0,0,0,0,0,0,0,1,1,1,0,0
2025-07-15 21:13:32,COR,0,0,1,0,0,0,0,1,1,1,0,0
2025-07-15 21:13:32,CNC,0,0,1,0,0,0,0,1,1,1,0,0
2025-07-15 21:13:33,CNP,0,0,0,0,0,0,0,0,1,0,0,0
2025-07-15 21:13:34,CF,0,0,0,0,0,0,0,1,1,1,0,0
2025-07-15 21:13:35,CRL,0,0,1,0,0,0,0,1,1,1,0,0
2025-07-15 21:13:35,SCHW,0,0,0,0,0,0,0,0,1,0,0,0
2025-07-15 21:13:36,CHTR,0,0,0,0,0,0,0,1,1,1,0,0
2025-07-15 21:13:37,CVX,0,0,0,0,0,0,0,1,1,0,0,0
2025-07-15 21:13:38,CMG,0,0,0,0,0,0,0,0,1,1,0,0
2025-07-15 21:13:38,CB,0,0,0,0,0,0,0,1,1,0,0,0
2025-07-15 21:13:39,CHD,0,0,0,0,0,0,0,0,1,1,0,0
2025-07-15 21:13:40,CI,1,0,1,0,0,1,1,1,1,1,0,0
2025-07-15 21:13:41,CINF,0,0,0,0,0,0,0,1,1,1,0,0
2025-07-15 21:13:42,CTAS,0,0,0,0,0,0,0,1,1,1,0,0
2025-07-15 21:13:42,CSCO,0,0,0,0,0,0,0,0,1,0,0,0
2025-07-15 21:13:43,C,0,0,0,0,0,1,0,0,1,1,1,0
2025-07-15 21:13:44,CFG,0,0,0,0,0,0,0,0,1,1,0,0
2025-07-15 21:13:44,CLX,0,0,1,0,0,0,0,1,1,1,0,0
2025-07-15 21:13:46,CME,1,0,1,0,0,1,1,1,1,0,0,0
2025-07-15 21:13:46,CMS,0,0,0,0,0,1,0,0,1,0,0,0
2025-07-15 21:13:47,KO,0,0,0,0,0,0,0,0,1,0,0,0
2025-07-15 21:13:48,CTSH,0,0,0,0,0,0,0,0,1,1,0,0
2025-07-15 21:13:49,COIN,1,1,1,0,0,0,1,1,1,1,0,0
2025-07-15 21:13:49,CL,0,0,0,0,0,0,0,0,1,1,0,0
2025-07-15 21:13:50,CMCSA,0,0,0,0,0,0,0,0,1,1,0,0
2025-07-15 21:13:51,CAG,0,0,0,0,0,0,0,0,1,1,0,0
2025-07-15 21:13:51,COP,0,0,0,0,0,0,0,1,1,1,0,0
2025-07-15 21:13:52,ED,0,0,0,0,0,0,0,0,1,0,0,0
2025-07-15 21:13:53,STZ,1,1,1,0,0,1,1,1,1,1,0,0
2025-07-15 21:13:54,CEG,0,0,0,0,0,0,0,1,1,1,0,0
2025-07-15 21:13:54,COO,0,0,0,0,0,0,0,0,1,1,0,0
2025-07-15 21:13:55,CPRT,0,0,1,0,0,0,0,0,1,1,0,0
2025-07-15 21:13:56,GLW,0,0,0,0,0,0,0,0,1,1,0,0
2025-07-15 21:13:56,CPAY,0,0,0,0,0,0,0,1,1,1,0,0
2025-07-15 21:13:57,CTVA,0,0,0,0,0,0,0,0,1,1,0,0
2025-07-15 21:13:58,CSGP,0,0,0,0,0,0,0,0,1,1,0,0
2025-07-15 21:13:59,COST,0,0,0,0,0,0,0,1,1,0,0,0
2025-07-15 21:13:59,CTRA,0,0,1,0,0,0,0,0,1,1,0,0
2025-07-15 21:14:00,CRWD,0,0,0,0,0,0,0,1,1,1,0,0
2025-07-15 21:14:01,CCI,0,0,1,0,0,0,0,1,1,1,0,0
2025-07-15 21:14:01,CSX,0,0,0,0,0,0,0,0,1,1,0,0
2025-07-15 21:14:02,CMI,1,0,1,0,0,1,1,1,1,0,0,0
2025-07-15 21:14:03,CVS,1,0,1,0,0,1,1,0,1,1,0,0
2025-07-15 21:14:04,DHR,0,0,0,0,0,0,0,1,1,1,0,0
2025-07-15 21:14:04,DRI,0,0,0,0,0,0,0,1,1,0,0,0
2025-07-15 21:14:05,DDOG,0,0,0,0,0,0,0,1,1,1,0,0
2025-07-15 21:14:06,DVA,1,0,1,0,0,0,1,1,1,1,0,0
2025-07-15 21:14:07,DAY,0,0,0,0,0,0,0,0,1,1,0,0
2025-07-15 21:14:07,DECK,0,0,0,0,0,0,0,1,1,1,0,0
2025-07-15 21:14:08,DE,0,0,0,0,0,0,0,1,1,1,0,0
2025-07-15 21:14:09,DELL,0,0,0,0,0,0,0,1,1,1,1,0
2025-07-15 21:14:10,DAL,0,0,0,0,0,0,0,1,1,1,0,0
2025-07-15 21:14:10,DVN,0,0,0,0,0,0,0,0,1,1,0,0
2025-07-15 21:14:11,DXCM,0,0,0,0,0,0,0,1,1,1,0,0
2025-07-15 21:14:12,FANG,0,0,0,0,0,0,0,1,1,1,0,0
2025-07-15 21:14:12,DLR,0,0,1,0,0,0,0,1,1,0,0,0
2025-07-15 21:14:13,DG,0,0,0,0,0,0,0,1,1,0,0,0
2025-07-15 21:14:14,DLTR,0,0,1,0,0,0,0,1,1,1,0,0
2025-07-15 21:14:15,D,0,0,0,0,0,0,0,0,1,1,0,0
2025-07-15 21:14:15,DPZ,0,0,0,0,0,0,0,1,1,1,0,0
2025-07-15 21:14:16,DASH,0,0,0,0,0,1,0,1,1,1,0,0
2025-07-15 21:14:17,DOV,0,0,0,0,0,0,0,1,1,1,1,0
2025-07-15 21:14:18,DOW,0,0,0,0,0,0,0,0,1,1,1,0
2025-07-15 21:14:18,DHI,0,0,1,0,0,0,0,1,1,1,0,0
2025-07-15 21:14:19,DTE,0,0,0,0,0,0,0,1,1,0,0,0
2025-07-15 21:14:20,DUK,0,0,0,0,0,1,0,0,1,1,0,0
2025-07-15 21:14:21,DD,0,0,0,0,0,0,0,0,1,1,1,0
2025-07-15 21:14:21,EMN,0,0,0,0,0,0,0,1,1,1,0,0
2025-07-15 21:14:23,ETN,0,0,0,0,0,0,0,1,1,1,1,0
2025-07-15 21:14:24,EBAY,0,0,0,0,0,0,0,0,1,1,0,0
2025-07-15 21:14:24,ECL,0,0,0,0,0,0,0,1,1,0,0,0
2025-07-15 21:14:25,EIX,0,0,0,0,0,0,0,0,1,1,0,0
2025-07-15 21:14:26,EW,0,0,0,0,0,0,0,0,1,1,0,0
2025-07-15 21:14:27,EA,0,0,0,0,0,1,0,1,1,1,0,0
2025-07-15 21:14:27,ELV,0,0,1,0,0,0,0,1,1,1,0,0
2025-07-15 21:14:28,EMR,0,0,0,0,0,0,0,1,1,0,0,0
2025-07-15 21:14:29,ENPH,1,1,1,0,0,0,1,1,1,1,0,0
2025-07-15 21:14:30,ETR,0,0,0,0,0,1,0,0,1,1,0,0
2025-07-15 21:14:30,EOG,0,0,0,0,0,0,0,1,1,1,0,0
2025-07-15 21:14:31,EPAM,0,0,0,0,0,0,0,1,1,1,0,0
2025-07-15 21:14:32,EQT,1,0,1,0,0,1,1,0,1,1,0,0
2025-07-15 21:14:33,EFX,0,0,0,0,0,0,0,1,1,1,0,0
2025-07-15 21:14:33,EQIX,0,0,0,0,0,0,0,1,1,1,0,0
2025-07-15 21:14:34,EQR,0,0,0,0,0,0,0,0,1,1,0,0
2025-07-15 21:14:35,ERIE,0,0,0,0,0,0,0,1,1,0,0,0
2025-07-15 21:14:35,ESS,0,0,0,0,0,0,0,1,1,1,0,0
2025-07-15 21:14:36,EL,0,0,1,0,0,0,0,1,1,1,0,0
2025-07-15 21:14:37,EG,0,0,0,0,0,0,0,1,1,1,0,0
2025-07-15 21:14:38,EVRG,0,0,0,0,0,0,0,0,1,1,0,0
2025-07-15 21:14:38,ES,0,0,0,0,0,0,0,0,1,1,0,0
2025-07-15 21:14:39,EXC,0,0,0,0,0,0,0,0,1,0,0,0
2025-07-15 21:14:40,EXE,0,0,0,0,0,0,0,1,1,1,0,0
2025-07-15 21:14:41,EXPE,0,0,1,0,0,0,0,1,1,1,0,0
2025-07-15 21:14:41,EXPD,0,0,0,0,0,0,0,1,1,1,0,0
2025-07-15 21:14:42,EXR,0,0,0,0,0,0,0,1,1,1,0,0
2025-07-15 21:14:43,XOM,0,0,1,0,0,0,0,0,1,0,0,0
2025-07-15 21:14:44,FFIV,0,0,0,0,0,0,0,1,1,1,0,0
2025-07-15 21:14:44,FDS,0,0,0,0,0,0,0,1,1,1,0,0
2025-07-15 21:14:45,FICO,1,0,1,0,0,1,1,1,1,1,0,0
2025-07-15 21:14:46,FAST,0,0,0,0,0,0,0,0,1,1,0,0
2025-07-15 21:14:47,FRT,0,0,0,0,0,0,0,0,1,1,0,0
2025-07-15 21:14:47,FDX,0,0,0,0,0,0,0,1,1,1,0,0
2025-07-15 21:14:48,FIS,0,0,0,0,0,0,0,0,1,0,0,0
2025-07-15 21:14:50,FITB,0,0,0,0,0,0,0,0,1,1,0,0
2025-07-15 21:14:50,FSLR,1,0,1,0,0,1,1,1,1,1,1,0
2025-07-15 21:14:51,FE,0,0,0,0,0,0,0,0,1,0,0,0
2025-07-15 21:14:52,FI,0,0,0,0,0,0,0,1,1,1,0,0
2025-07-15 21:14:52,F,0,0,1,0,0,0,0,0,1,1,0,0
2025-07-15 21:14:53,FTNT,0,0,0,0,0,1,0,1,1,1,0,0
2025-07-15 21:14:54,FTV,0,0,0,0,0,0,0,0,1,1,0,0
2025-07-15 21:14:55,FOXA,0,0,0,0,0,0,0,0,1,1,0,0
2025-07-15 21:14:55,FOX,0,0,0,0,0,0,0,0,1,1,0,0
2025-07-15 21:14:56,BEN,0,0,0,0,0,0,0,0,1,1,0,0
2025-07-15 21:14:57,FCX,1,0,1,1,0,1,1,0,1,1,0,0
2025-07-15 21:14:57,GRMN,0,0,0,0,0,0,0,1,1,0,0,0
2025-07-15 21:14:58,IT,0,0,0,0,0,0,0,1,1,1,0,0
2025-07-15 21:14:59,GE,1,0,1,0,0,1,1,1,1,0,0,0
2025-07-15 21:15:00,GEHC,1,0,1,1,0,1,1,0,1,1,0,0
2025-07-15 21:15:00,GEV,1,0,0,0,0,1,1,1,1,1,0,0
2025-07-15 21:15:01,GEN,0,0,0,0,0,0,0,0,1,0,0,0
2025-07-15 21:15:02,GNRC,0,0,0,0,0,0,0,1,1,1,0,0
2025-07-15 21:15:03,GD,0,0,0,0,0,0,0,1,1,1,0,0
2025-07-15 21:15:03,GIS,0,0,0,0,0,0,0,0,1,1,0,0
2025-07-15 21:15:04,GM,0,0,0,0,0,0,0,0,1,1,0,0
2025-07-15 21:15:05,GPC,0,0,0,0,0,0,0,1,1,1,0,0
2025-07-15 21:15:05,GILD,0,0,0,0,0,0,0,1,1,1,0,0
2025-07-15 21:15:06,GPN,0,0,0,0,0,0,0,0,1,1,0,0
2025-07-15 21:15:07,GL,0,0,0,0,0,0,0,1,1,1,0,0
2025-07-15 21:15:08,GDDY,0,0,0,0,0,0,0,1,1,0,0,0
2025-07-15 21:15:08,GS,0,0,0,0,0,0,0,1,1,1,0,0
2025-07-15 21:15:09,HAL,0,0,0,0,0,0,0,0,1,1,0,0
2025-07-15 21:15:10,HIG,0,0,0,0,0,0,0,1,1,1,0,0
2025-07-15 21:15:11,HAS,0,0,0,0,0,0,0,0,1,1,0,0
2025-07-15 21:15:11,HCA,1,0,1,0,0,0,1,1,1,1,0,0
2025-07-15 21:15:12,DOC,0,0,0,0,0,0,0,0,1,1,0,0
2025-07-15 21:15:13,HSIC,0,0,0,0,0,0,0,0,1,1,0,0
2025-07-15 21:15:14,HSY,0,0,0,0,0,0,0,1,1,1,0,0
2025-07-15 21:15:14,HES,0,0,0,0,0,0,0,1,1,0,0,0
2025-07-15 21:15:15,HPE,0,0,0,0,0,0,0,0,1,1,0,0
2025-07-15 21:15:16,HLT,0,0,0,0,0,0,0,1,1,1,0,0
2025-07-15 21:15:16,HOLX,0,0,0,0,0,0,0,0,1,1,0,0
2025-07-15 21:15:17,HD,0,0,1,0,0,0,0,1,1,1,0,0
2025-07-15 21:15:18,HON,0,0,0,0,0,0,0,1,1,0,0,0
2025-07-15 21:15:19,HRL,0,0,0,0,0,0,0,0,1,1,0,0
2025-07-15 21:15:19,HST,0,0,0,0,0,0,0,0,1,1,0,0
2025-07-15 21:15:20,HWM,0,0,0,0,0,1,0,1,1,1,0,0
2025-07-15 21:15:21,HPQ,0,0,0,0,0,0,0,0,1,1,0,0
2025-07-15 21:15:22,HUBB,0,0,0,0,0,0,0,1,1,1,0,0
2025-07-15 21:15:22,HUM,0,0,1,0,0,0,0,1,1,1,0,0
2025-07-15 21:15:23,HBAN,0,0,0,0,0,0,0,0,1,1,0,0
2025-07-15 21:15:24,HII,0,0,0,0,0,0,0,1,1,1,0,0
2025-07-15 21:15:25,IBM,0,0,0,0,0,1,0,1,1,0,0,0
2025-07-15 21:15:26,IEX,0,0,0,0,0,0,0,1,1,1,0,0
2025-07-15 21:15:26,IDXX,0,0,0,0,0,0,0,1,1,0,0,0
2025-07-15 21:15:27,ITW,0,0,0,0,0,0,0,1,1,0,0,0
2025-07-15 21:15:28,INCY,0,0,0,0,0,0,0,1,1,1,0,0
2025-07-15 21:15:28,IR,0,0,0,0,0,0,0,0,1,1,0,0
2025-07-15 21:15:29,PODD,0,0,0,0,0,0,0,1,1,0,0,0
2025-07-15 21:15:30,INTC,0,0,0,0,0,0,0,0,1,1,1,0
2025-07-15 21:15:31,ICE,0,0,0,0,0,0,0,1,1,0,0,0
2025-07-15 21:15:31,IFF,0,0,0,0,0,0,0,0,1,1,0,0
2025-07-15 21:15:32,IP,0,0,1,0,0,0,0,0,1,1,0,0
2025-07-15 21:15:33,IPG,0,0,0,0,0,0,0,0,1,1,0,0
2025-07-15 21:15:34,INTU,0,0,0,0,0,0,0,1,1,1,0,0
2025-07-15 21:20:32,MMM,0,0,0,0,0,0,0,1,1,0,0,0
2025-07-15 21:20:33,AOS,0,0,0,0,0,0,0,0,1,1,0,0
2025-07-15 21:20:33,ABT,0,0,0,0,0,1,0,1,1,1,0,0
2025-07-15 21:20:34,ABBV,1,0,1,0,0,0,1,1,1,1,0,0
2025-07-15 21:20:35,ACN,0,0,0,0,0,0,0,1,1,1,0,0
2025-07-15 21:20:36,ADBE,0,0,0,0,0,0,0,1,1,0,0,0
2025-07-15 21:20:36,AMD,1,0,1,0,0,0,1,1,1,1,1,1
2025-07-15 21:20:37,AES,1,0,1,0,0,1,1,0,1,1,1,1
2025-07-15 21:20:38,AFL,0,0,1,0,0,0,0,0,1,1,0,0
2025-07-15 21:20:39,A,0,0,1,0,0,0,0,1,1,1,0,0
2025-07-15 21:20:39,APD,0,0,0,0,0,0,0,1,1,1,0,0
2025-07-15 21:20:40,ABNB,0,0,0,0,0,0,0,1,1,1,0,0
2025-07-15 21:20:41,AKAM,0,0,0,0,0,0,0,0,1,1,0,0
2025-07-15 21:20:41,ALB,0,0,0,0,0,0,0,1,1,1,1,1
2025-07-15 21:20:42,ARE,0,0,0,0,0,0,0,1,1,1,0,0
2025-07-15 21:20:43,ALGN,0,0,0,0,0,0,0,1,1,1,1,1
2025-07-15 21:20:43,ALLE,0,0,0,0,0,0,0,1,1,1,0,0
2025-07-15 21:20:44,LNT,0,0,0,0,0,0,0,0,1,1,0,0
2025-07-15 21:20:45,ALL,0,0,1,0,0,0,0,1,1,1,0,0
2025-07-15 21:20:45,GOOGL,0,0,0,0,0,0,0,1,1,0,0,0
2025-07-15 21:20:46,GOOG,0,0,0,0,0,0,0,1,1,1,0,0
2025-07-15 21:20:47,MO,1,0,0,0,0,1,1,0,1,0,0,0
2025-07-15 21:20:48,AMZN,0,0,1,0,0,0,0,1,1,0,0,0
2025-07-15 21:20:48,AMCR,0,0,0,0,0,0,0,0,1,1,0,0
2025-07-15 21:20:49,AEE,0,0,0,0,0,0,0,0,1,0,0,0
2025-07-15 21:20:50,AEP,0,0,0,0,0,0,0,0,1,0,0,0
2025-07-15 21:20:51,AXP,0,0,0,0,0,0,0,1,1,1,0,0
2025-07-15 21:20:51,AIG,0,0,1,0,0,0,0,0,1,0,0,0
2025-07-15 21:20:52,AMT,1,0,1,0,0,0,1,1,1,1,0,0
2025-07-15 21:20:53,AWK,0,0,0,0,0,0,0,1,1,1,0,0
2025-07-15 21:20:53,AMP,0,0,0,0,0,0,0,1,1,1,0,0
2025-07-15 21:20:54,AME,0,0,0,0,0,0,0,1,1,1,0,0
2025-07-15 21:20:55,AMGN,0,0,1,0,0,0,0,1,1,1,0,0
2025-07-15 21:20:56,APH,0,0,0,0,0,0,0,0,1,1,0,0
2025-07-15 21:20:56,ADI,0,0,0,0,0,0,0,1,1,1,0,0
2025-07-15 21:20:57,ANSS,1,0,1,0,0,1,1,1,1,1,0,0
2025-07-15 21:20:58,AON,0,0,0,0,0,0,0,1,1,1,0,0
2025-07-15 21:20:59,APA,0,0,0,0,0,0,0,0,1,1,0,0
2025-07-15 21:20:59,APO,0,0,0,0,0,0,0,1,1,1,0,0
2025-07-15 21:21:00,AAPL,0,0,0,0,0,0,0,1,1,0,0,0
2025-07-15 21:21:01,AMAT,0,0,1,0,0,0,0,1,1,0,1,1
2025-07-15 21:21:01,APTV,0,0,0,0,0,0,0,0,1,1,0,0
2025-07-15 21:21:02,ACGL,0,0,0,0,0,0,0,0,1,1,0,0
2025-07-15 21:21:03,ADM,0,0,1,0,0,0,0,0,1,0,0,0
2025-07-15 21:21:03,ANET,0,0,1,0,0,0,0,1,1,1,0,0
2025-07-15 21:21:04,AJG,0,0,0,0,0,0,0,1,1,1,0,0
2025-07-15 21:21:05,AIZ,0,0,0,0,0,0,0,1,1,1,0,0
2025-07-15 21:21:05,T,0,0,0,0,0,1,0,0,1,0,0,0
2025-07-15 21:21:06,ATO,0,0,0,0,0,0,0,1,1,1,0,0
2025-07-15 21:21:07,ADSK,0,0,0,0,0,0,0,1,1,1,0,0
2025-07-15 21:21:07,ADP,0,0,0,0,0,0,0,1,1,1,0,0
2025-07-15 21:21:08,AZO,0,0,1,0,0,0,0,1,1,1,0,0
2025-07-15 21:21:09,AVB,0,0,0,0,0,0,0,1,1,1,0,0
2025-07-15 21:21:09,AVY,0,0,0,0,0,0,0,1,1,1,0,0
2025-07-15 21:21:10,AXON,0,0,0,0,0,0,0,1,1,1,0,0
2025-07-15 21:21:11,BKR,0,0,0,0,0,0,0,0,1,1,0,0
2025-07-15 21:21:11,BALL,0,0,1,0,0,0,0,0,1,1,0,0
2025-07-15 21:21:12,BAC,0,0,0,0,0,0,0,0,1,1,0,0
2025-07-15 21:21:12,BAX,0,0,0,0,0,0,0,0,1,1,0,0
2025-07-15 21:21:13,BDX,0,0,0,0,0,0,0,1,1,1,0,0
2025-07-15 21:21:14,BRK-B,0,0,0,0,0,0,0,1,0,0,0,0
2025-07-15 21:21:14,BBY,0,0,1,0,0,0,0,1,1,1,0,0
2025-07-15 21:21:15,TECH,0,0,1,0,0,0,0,1,1,1,0,0
2025-07-15 21:21:16,BIIB,0,0,0,0,0,0,0,1,1,1,0,0
2025-07-15 21:21:16,BLK,0,0,0,0,0,0,0,1,1,1,0,0
2025-07-15 21:21:17,BX,0,0,0,0,0,0,0,1,1,1,0,0
2025-07-15 21:21:17,BK,0,0,0,0,0,0,0,0,1,1,0,0
2025-07-15 21:21:18,BA,0,0,0,0,0,0,0,1,1,1,0,0
2025-07-15 21:21:19,BKNG,0,0,0,0,0,0,0,1,1,1,0,0
2025-07-15 21:21:19,BSX,0,0,0,0,0,0,0,0,1,1,0,0
2025-07-15 21:21:20,BMY,1,0,1,0,0,0,1,0,1,1,0,0
2025-07-15 21:21:21,AVGO,0,0,0,0,0,1,0,1,1,1,1,1
2025-07-15 21:21:21,BR,0,0,0,0,0,0,0,1,1,0,0,0
2025-07-15 21:21:22,BRO,0,0,0,0,0,0,0,0,1,1,0,0
2025-07-15 21:21:22,BF-B,0,0,0,0,0,0,0,0,0,1,0,0
2025-07-15 21:21:23,BLDR,0,0,0,0,0,0,0,1,1,1,0,0
2025-07-15 21:21:24,BG,0,0,1,0,0,0,0,1,1,1,0,0
2025-07-15 21:21:24,BXP,0,0,0,0,0,0,0,0,1,1,0,0
2025-07-15 21:21:25,CHRW,0,0,0,0,0,0,0,1,1,0,0,0
2025-07-15 21:21:26,CDNS,0,0,0,0,0,0,0,1,1,1,0,0
2025-07-15 21:21:26,CZR,0,0,1,0,0,0,0,0,1,1,0,0
2025-07-15 21:21:27,CPT,0,0,0,0,0,0,0,1,1,1,0,0
2025-07-15 21:21:28,CPB,0,0,1,0,0,0,0,0,1,1,0,0
2025-07-15 21:21:28,COF,0,0,0,0,0,0,0,1,1,1,0,0
2025-07-15 21:21:29,CAH,1,0,1,0,0,1,1,1,1,0,0,0
2025-07-15 21:21:29,KMX,0,0,1,0,0,0,0,1,1,1,1,1
2025-07-15 21:21:30,CCL,0,0,0,0,0,1,0,0,1,1,0,0
2025-07-15 21:21:31,CARR,0,0,0,0,0,0,0,0,1,1,0,0
2025-07-15 21:21:31,CAT,0,0,0,0,0,0,0,1,1,0,0,0
2025-07-15 21:21:32,CBOE,0,0,0,0,0,0,0,1,1,1,0,0
2025-07-15 21:21:33,CBRE,0,0,0,0,0,0,0,1,1,1,0,0
2025-07-15 21:21:33,CDW,0,0,0,0,0,0,0,1,1,1,0,0
2025-07-15 21:21:34,COR,0,0,1,0,0,0,0,1,1,1,0,0
2025-07-15 21:21:34,CNC,0,0,1,0,0,0,0,1,1,1,0,0
2025-07-15 21:21:35,CNP,0,0,0,0,0,0,0,0,1,0,0,0
2025-07-15 21:21:36,CF,0,0,0,0,0,0,0,1,1,1,0,0
2025-07-15 21:21:36,CRL,0,0,1,0,0,0,0,1,1,1,0,0
2025-07-15 21:21:37,SCHW,0,0,0,0,0,0,0,0,1,0,0,0
2025-07-15 21:21:38,CHTR,0,0,0,0,0,0,0,1,1,1,0,0
2025-07-15 21:21:38,CVX,0,0,0,0,0,0,0,1,1,0,0,0
2025-07-15 21:21:39,CMG,0,0,0,0,0,0,0,0,1,1,0,0
2025-07-15 21:21:40,CB,0,0,0,0,0,0,0,1,1,0,0,0
2025-07-15 21:21:40,CHD,0,0,0,0,0,0,0,0,1,1,0,0
2025-07-15 21:21:41,CI,1,0,1,0,0,1,1,1,1,1,0,0
2025-07-15 21:21:41,CINF,0,0,0,0,0,0,0,1,1,1,0,0
2025-07-15 21:21:42,CTAS,0,0,0,0,0,0,0,1,1,1,0,0
2025-07-15 21:21:43,CSCO,0,0,0,0,0,0,0,0,1,0,0,0
2025-07-15 21:21:43,C,0,0,0,0,0,1,0,0,1,1,1,1
2025-07-15 21:21:44,CFG,0,0,0,0,0,0,0,0,1,1,0,0
2025-07-15 21:21:45,CLX,0,0,1,0,0,0,0,1,1,1,0,0
2025-07-15 21:21:45,CME,1,0,1,0,0,1,1,1,1,0,0,0
2025-07-15 21:21:46,CMS,0,0,0,0,0,1,0,0,1,0,0,0
2025-07-15 21:21:47,KO,0,0,0,0,0,0,0,0,1,0,0,0
2025-07-15 21:21:47,CTSH,0,0,0,0,0,0,0,0,1,1,0,0
2025-07-15 21:21:48,COIN,1,1,1,0,0,0,1,1,1,1,0,0
2025-07-15 21:21:48,CL,0,0,0,0,0,0,0,0,1,1,0,0
2025-07-15 21:21:49,CMCSA,0,0,0,0,0,0,0,0,1,1,0,0
2025-07-15 21:21:50,CAG,0,0,0,0,0,0,0,0,1,1,0,0
2025-07-15 21:21:50,COP,0,0,0,0,0,0,0,1,1,1,0,0
2025-07-15 21:21:51,ED,0,0,0,0,0,0,0,0,1,0,0,0
2025-07-15 21:21:52,STZ,1,1,1,0,0,1,1,1,1,1,0,0
2025-07-15 21:21:53,CEG,0,0,0,0,0,0,0,1,1,1,0,0
2025-07-15 21:21:53,COO,0,0,0,0,0,0,0,0,1,1,0,0
2025-07-15 21:21:54,CPRT,0,0,1,0,0,0,0,0,1,1,0,0
2025-07-15 21:21:55,GLW,0,0,0,0,0,0,0,0,1,1,0,0
2025-07-15 21:21:55,CPAY,0,0,0,0,0,0,0,1,1,1,0,0
2025-07-15 21:21:56,CTVA,0,0,0,0,0,0,0,0,1,1,0,0
2025-07-15 21:21:57,CSGP,0,0,0,0,0,0,0,0,1,1,0,0
2025-07-15 21:21:57,COST,0,0,0,0,0,0,0,1,1,0,0,0
2025-07-15 21:21:58,CTRA,0,0,1,0,0,0,0,0,1,1,0,0
2025-07-15 21:21:59,CRWD,0,0,0,0,0,0,0,1,1,1,0,0
2025-07-15 21:22:00,CCI,0,0,1,0,0,0,0,1,1,1,0,0
2025-07-15 21:22:00,CSX,0,0,0,0,0,0,0,0,1,1,0,0
2025-07-15 21:22:01,CMI,1,0,1,0,0,1,1,1,1,0,0,0
2025-07-15 21:22:02,CVS,1,0,1,0,0,1,1,0,1,1,0,0
2025-07-15 21:22:03,DHR,0,0,0,0,0,0,0,1,1,1,0,0
2025-07-15 21:22:03,DRI,0,0,0,0,0,0,0,1,1,0,0,0
2025-07-15 21:22:04,DDOG,0,0,0,0,0,0,0,1,1,1,0,0
2025-07-15 21:22:05,DVA,1,0,1,0,0,0,1,1,1,1,0,0
2025-07-15 21:22:05,DAY,0,0,0,0,0,0,0,0,1,1,0,0
2025-07-15 21:22:06,DECK,0,0,0,0,0,0,0,1,1,1,0,0
2025-07-15 21:22:07,DE,0,0,0,0,0,0,0,1,1,1,0,0
2025-07-15 21:22:08,DELL,0,0,0,0,0,0,0,1,1,1,1,1
2025-07-15 21:22:08,DAL,0,0,0,0,0,0,0,1,1,1,0,0
2025-07-15 21:22:09,DVN,0,0,0,0,0,0,0,0,1,1,0,0
2025-07-15 21:22:10,DXCM,0,0,0,0,0,0,0,1,1,1,0,0
2025-07-15 21:22:11,FANG,0,0,0,0,0,0,0,1,1,1,0,0
2025-07-15 21:22:11,DLR,0,0,1,0,0,0,0,1,1,0,0,0
2025-07-15 21:22:12,DG,0,0,0,0,0,0,0,1,1,0,0,0
2025-07-15 21:22:13,DLTR,0,0,1,0,0,0,0,1,1,1,0,0
2025-07-15 21:22:13,D,0,0,0,0,0,0,0,0,1,1,0,0
2025-07-15 21:22:14,DPZ,0,0,0,0,0,0,0,1,1,1,0,0
2025-07-15 21:22:15,DASH,0,0,0,0,0,1,0,1,1,1,0,0
2025-07-15 21:22:16,DOV,0,0,0,0,0,0,0,1,1,1,1,1
2025-07-15 21:22:16,DOW,0,0,0,0,0,0,0,0,1,1,1,1
2025-07-15 21:22:17,DHI,0,0,1,0,0,0,0,1,1,1,0,0
2025-07-15 21:22:18,DTE,0,0,0,0,0,0,0,1,1,0,0,0
2025-07-15 21:22:18,DUK,0,0,0,0,0,1,0,0,1,1,0,0
2025-07-15 21:22:19,DD,0,0,0,0,0,0,0,0,1,1,1,1
2025-07-15 21:22:30,ETN,0,0,0,0,0,0,0,1,1,1,1,1
2025-07-15 21:22:31,EBAY,0,0,0,0,0,0,0,0,1,1,0,0
2025-07-15 21:22:31,ECL,0,0,0,0,0,0,0,1,1,0,0,0
2025-07-15 21:22:32,EIX,0,0,0,0,0,0,0,0,1,1,0,0
2025-07-15 21:22:33,EW,0,0,0,0,0,0,0,0,1,1,0,0
2025-07-15 21:22:34,EA,0,0,0,0,0,1,0,1,1,1,0,0
2025-07-15 21:22:34,ELV,0,0,1,0,0,0,0,1,1,1,0,0
2025-07-15 21:22:35,EMR,0,0,0,0,0,0,0,1,1,0,0,0
2025-07-15 21:22:36,ENPH,1,1,1,0,0,0,1,1,1,1,0,0
2025-07-15 21:22:36,ETR,0,0,0,0,0,1,0,0,1,1,0,0
2025-07-15 21:22:37,EOG,0,0,0,0,0,0,0,1,1,1,0,0
2025-07-15 21:22:38,EPAM,0,0,0,0,0,0,0,1,1,1,0,0
2025-07-15 21:22:38,EQT,1,0,1,0,0,1,1,0,1,1,0,0
2025-07-15 21:22:39,EFX,0,0,0,0,0,0,0,1,1,1,0,0
2025-07-15 21:22:40,EQIX,0,0,0,0,0,0,0,1,1,1,0,0
2025-07-15 21:22:41,EQR,0,0,0,0,0,0,0,0,1,1,0,0
2025-07-15 21:22:41,ERIE,0,0,0,0,0,0,0,1,1,0,0,0
2025-07-15 21:22:42,ESS,0,0,0,0,0,0,0,1,1,1,0,0
2025-07-15 21:22:43,EL,0,0,1,0,0,0,0,1,1,1,0,0
2025-07-15 21:22:43,EG,0,0,0,0,0,0,0,1,1,1,0,0
2025-07-15 21:22:44,EVRG,0,0,0,0,0,0,0,0,1,1,0,0
2025-07-15 21:22:45,ES,0,0,0,0,0,0,0,0,1,1,0,0
2025-07-15 21:22:45,EXC,0,0,0,0,0,0,0,0,1,0,0,0
2025-07-15 21:22:46,EXE,0,0,0,0,0,0,0,1,1,1,0,0
2025-07-15 21:22:47,EXPE,0,0,1,0,0,0,0,1,1,1,0,0
2025-07-15 21:22:47,EXPD,0,0,0,0,0,0,0,1,1,1,0,0
2025-07-15 21:22:48,EXR,0,0,0,0,0,0,0,1,1,1,0,0
2025-07-15 21:22:49,XOM,0,0,1,0,0,0,0,0,1,0,0,0
2025-07-15 21:22:49,FFIV,0,0,0,0,0,0,0,1,1,1,0,0
2025-07-15 21:22:50,FDS,0,0,0,0,0,0,0,1,1,1,0,0
2025-07-15 21:22:50,FICO,1,0,1,0,0,1,1,1,1,1,0,0
2025-07-15 21:22:51,FAST,0,0,0,0,0,0,0,0,1,1,0,0
2025-07-15 21:22:52,FRT,0,0,0,0,0,0,0,0,1,1,0,0
2025-07-15 21:22:52,FDX,0,0,0,0,0,0,0,1,1,1,0,0
2025-07-15 21:22:53,FIS,0,0,0,0,0,0,0,0,1,0,0,0
2025-07-15 21:22:54,FITB,0,0,0,0,0,0,0,0,1,1,0,0
2025-07-15 21:22:54,FSLR,1,0,1,0,0,1,1,1,1,1,1,1
2025-07-15 21:22:55,FE,0,0,0,0,0,0,0,0,1,0,0,0
2025-07-15 21:22:56,FI,0,0,0,0,0,0,0,1,1,1,0,0
2025-07-15 21:22:56,F,0,0,1,0,0,0,0,0,1,1,0,0
2025-07-15 21:22:57,FTNT,0,0,0,0,0,1,0,1,1,1,0,0
2025-07-15 21:22:58,FTV,0,0,0,0,0,0,0,0,1,1,0,0
2025-07-15 21:22:58,FOXA,0,0,0,0,0,0,0,0,1,1,0,0
2025-07-15 21:22:59,FOX,0,0,0,0,0,0,0,0,1,1,0,0
2025-07-15 21:23:00,BEN,0,0,0,0,0,0,0,0,1,1,0,0
2025-07-15 21:23:00,FCX,1,0,1,1,0,1,1,0,1,1,0,0
2025-07-15 21:23:01,GRMN,0,0,0,0,0,0,0,1,1,0,0,0
2025-07-15 21:23:02,IT,0,0,0,0,0,0,0,1,1,1,0,0
2025-07-15 21:23:02,GE,1,0,1,0,0,1,1,1,1,0,0,0
2025-07-15 21:23:03,GEHC,1,0,1,1,0,1,1,0,1,1,0,0
2025-07-15 21:23:06,GEV,1,0,0,0,0,1,1,1,1,1,0,0
2025-07-15 21:23:06,GEN,0,0,0,0,0,0,0,0,1,0,0,0
2025-07-15 21:23:07,GNRC,0,0,0,0,0,0,0,1,1,1,0,0
2025-07-15 21:23:08,GD,0,0,0,0,0,0,0,1,1,1,0,0
2025-07-15 21:23:08,GIS,0,0,0,0,0,0,0,0,1,1,0,0
2025-07-15 21:23:09,GM,0,0,0,0,0,0,0,0,1,1,0,0
2025-07-15 21:23:10,GPC,0,0,0,0,0,0,0,1,1,1,0,0
2025-07-15 21:23:10,GILD,0,0,0,0,0,0,0,1,1,1,0,0
2025-07-15 21:23:11,GPN,0,0,0,0,0,0,0,0,1,1,0,0
2025-07-15 21:23:12,GL,0,0,0,0,0,0,0,1,1,1,0,0
2025-07-15 21:23:12,GDDY,0,0,0,0,0,0,0,1,1,0,0,0
2025-07-15 21:23:13,GS,0,0,0,0,0,0,0,1,1,1,0,0
2025-07-15 21:23:14,HAL,0,0,0,0,0,0,0,0,1,1,0,0
2025-07-15 21:23:14,HIG,0,0,0,0,0,0,0,1,1,1,0,0
2025-07-15 21:23:15,HAS,0,0,0,0,0,0,0,0,1,1,0,0
2025-07-15 21:23:16,HCA,1,0,1,0,0,0,1,1,1,1,0,0
2025-07-15 21:23:16,DOC,0,0,0,0,0,0,0,0,1,1,0,0
2025-07-15 21:23:17,HSIC,0,0,0,0,0,0,0,0,1,1,0,0
2025-07-15 21:23:18,HSY,0,0,0,0,0,0,0,1,1,1,0,0
2025-07-15 21:23:18,HES,0,0,0,0,0,0,0,1,1,0,0,0
2025-07-15 21:23:19,HPE,0,0,0,0,0,0,0,0,1,1,0,0
2025-07-15 21:23:20,HLT,0,0,0,0,0,0,0,1,1,1,0,0
2025-07-15 21:23:20,HOLX,0,0,0,0,0,0,0,0,1,1,0,0
2025-07-15 21:23:21,HD,0,0,1,0,0,0,0,1,1,1,0,0
2025-07-15 21:23:22,HON,0,0,0,0,0,0,0,1,1,0,0,0
2025-07-15 21:23:22,HRL,0,0,0,0,0,0,0,0,1,1,0,0
2025-07-15 21:23:23,HST,0,0,0,0,0,0,0,0,1,1,0,0
2025-07-15 21:23:24,HWM,0,0,0,0,0,1,0,1,1,1,0,0
2025-07-15 21:23:24,HPQ,0,0,0,0,0,0,0,0,1,1,0,0
2025-07-15 21:23:25,HUBB,0,0,0,0,0,0,0,1,1,1,0,0
2025-07-15 21:23:26,HUM,0,0,1,0,0,0,0,1,1,1,0,0
2025-07-15 21:23:26,HBAN,0,0,0,0,0,0,0,0,1,1,0,0
2025-07-15 21:23:27,HII,0,0,0,0,0,0,0,1,1,1,0,0
2025-07-15 21:23:28,IBM,0,0,0,0,0,1,0,1,1,0,0,0
2025-07-15 21:23:28,IEX,0,0,0,0,0,0,0,1,1,1,0,0
2025-07-15 21:23:29,IDXX,0,0,0,0,0,0,0,1,1,0,0,0
2025-07-15 21:23:30,ITW,0,0,0,0,0,0,0,1,1,0,0,0
2025-07-15 21:23:30,INCY,0,0,0,0,0,0,0,1,1,1,0,0
2025-07-15 21:23:31,IR,0,0,0,0,0,0,0,0,1,1,0,0
2025-07-15 21:23:32,PODD,0,0,0,0,0,0,0,1,1,0,0,0
2025-07-15 21:23:32,INTC,0,0,0,0,0,0,0,0,1,1,1,1
2025-07-15 21:23:33,ICE,0,0,0,0,0,0,0,1,1,0,0,0
2025-07-15 21:23:34,IFF,0,0,0,0,0,0,0,0,1,1,0,0
2025-07-15 21:23:34,IP,0,0,1,0,0,0,0,0,1,1,0,0
2025-07-15 21:23:35,IPG,0,0,0,0,0,0,0,0,1,1,0,0
2025-07-15 21:23:36,INTU,0,0,0,0,0,0,0,1,1,1,0,0
2025-07-15 21:23:36,ISRG,0,0,0,0,0,0,0,1,1,1,0,0
2025-07-15 21:23:37,IVZ,0,0,0,0,0,0,0,0,1,1,0,0
2025-07-15 21:23:38,INVH,0,0,0,0,0,0,0,0,1,1,0,0
2025-07-15 21:23:38,IQV,0,0,0,0,0,0,0,1,1,1,0,0
2025-07-15 21:23:39,IRM,0,0,0,0,0,0,0,1,1,1,0,0
2025-07-15 21:23:40,JBHT,0,0,0,0,0,0,0,1,1,1,0,0
2025-07-15 21:23:41,JBL,0,0,0,0,0,0,0,1,1,1,0,0
2025-07-15 21:23:41,JKHY,0,0,0,0,0,0,0,1,1,0,0,0
2025-07-15 21:23:42,J,0,0,0,0,0,0,0,1,1,1,0,0
2025-07-15 21:23:43,JNJ,0,0,0,0,0,0,0,1,1,1,0,0
2025-07-15 21:23:43,JCI,0,0,0,0,0,0,0,0,1,0,0,0
2025-07-15 21:23:44,JPM,0,0,0,0,0,0,0,1,1,1,0,0
2025-07-15 21:23:45,K,0,0,0,0,0,0,0,0,0,0,0,0
2025-07-15 21:23:45,KVUE,1,0,1,0,0,0,1,0,1,1,0,0
2025-07-15 21:23:46,KDP,0,0,0,0,0,0,0,0,1,1,0,0
2025-07-15 21:23:47,KEY,0,0,0,0,0,0,0,0,1,1,0,0
2025-07-15 21:23:47,KEYS,0,0,0,0,0,0,0,1,1,1,0,0
2025-07-15 21:23:48,KMB,0,0,1,0,0,0,0,1,1,0,0,0
2025-07-15 21:23:49,KIM,0,0,0,0,0,0,0,0,1,1,0,0
2025-07-15 21:23:49,KMI,0,0,1,0,0,0,0,0,1,1,0,0
2025-07-15 21:23:50,KKR,0,0,0,0,0,0,0,1,1,1,0,0
2025-07-15 21:23:51,KLAC,0,0,0,0,0,0,0,1,1,0,1,1
2025-07-15 21:23:51,KHC,0,0,1,0,0,0,0,0,1,1,0,0
2025-07-15 21:23:52,KR,1,0,1,0,0,1,1,0,1,0,0,0
2025-07-15 21:23:53,LHX,0,0,0,0,0,0,0,1,1,0,0,0
2025-07-15 21:23:54,LH,0,0,1,0,0,0,0,1,1,1,0,0
2025-07-15 21:23:54,LRCX,0,0,0,0,0,0,0,0,1,1,1,1
2025-07-15 21:23:55,LW,0,0,0,0,0,0,0,0,1,1,0,0
2025-07-15 21:23:56,LVS,0,0,0,0,0,0,0,0,1,0,0,0
2025-07-15 21:23:56,LDOS,0,0,0,0,0,0,0,1,1,1,0,0
2025-07-15 21:23:57,LEN,0,0,0,0,0,0,0,1,1,1,0,0
2025-07-15 21:23:58,LII,0,0,0,0,0,0,0,1,1,1,0,0
2025-07-15 21:23:59,LLY,1,0,1,0,0,0,1,1,1,1,0,0
2025-07-15 21:23:59,LIN,0,0,0,0,0,0,0,1,1,1,0,0
2025-07-15 21:24:00,LYV,0,0,0,0,0,0,0,1,1,1,0,0
2025-07-15 21:24:01,LKQ,0,0,0,0,0,0,0,0,1,1,0,0
2025-07-15 21:24:02,LMT,0,0,0,0,0,0,0,1,1,0,0,0
2025-07-15 21:24:02,L,0,0,0,0,0,0,0,0,1,1,0,0
2025-07-15 21:24:03,LOW,0,0,1,0,0,0,0,1,1,1,0,0
2025-07-15 21:24:04,LULU,0,0,1,0,0,0,0,1,1,1,0,0
2025-07-15 21:24:04,LYB,0,0,0,0,0,0,0,0,1,1,0,0
2025-07-15 21:24:05,MTB,0,0,0,0,0,0,0,1,1,1,0,0
2025-07-15 21:24:06,MPC,1,0,1,0,0,0,1,1,1,1,0,0
2025-07-15 21:24:06,MKTX,0,0,0,0,0,0,0,1,1,0,0,0
2025-07-15 21:24:07,MAR,0,0,0,0,0,0,0,1,1,1,0,0
2025-07-15 21:24:08,MMC,0,0,0,0,0,0,0,1,1,0,0,0
2025-07-15 21:24:09,MLM,0,0,0,0,0,0,0,1,1,1,0,0
2025-07-15 21:24:09,MAS,0,0,0,0,0,0,0,0,1,1,1,1
2025-07-15 21:24:10,MA,0,0,0,0,0,0,0,1,1,0,0,0
2025-07-15 21:24:11,MTCH,0,0,0,0,0,0,0,0,1,1,0,0
2025-07-15 21:24:12,MKC,0,0,0,0,0,0,0,0,1,1,0,0
2025-07-15 21:24:12,MCD,0,0,0,0,0,0,0,1,1,0,0,0
2025-07-15 21:24:13,MCK,0,0,1,0,0,0,0,1,1,0,0,0
2025-07-15 21:24:14,MDT,1,0,1,0,0,1,1,0,1,1,0,0
2025-07-15 21:24:14,MRK,0,0,1,0,0,0,0,0,1,1,0,0
2025-07-15 21:24:15,META,0,0,0,0,0,0,0,1,1,1,0,0
2025-07-15 21:24:16,MET,0,0,0,0,0,0,0,0,1,1,0,0
2025-07-15 21:24:17,MTD,0,0,0,0,0,0,0,1,1,1,0,0
2025-07-15 21:24:17,MGM,0,0,0,0,0,0,0,0,1,1,0,0
2025-07-15 21:24:18,MCHP,0,0,0,0,0,0,0,1,1,1,1,1
2025-07-15 21:24:19,MU,1,0,0,0,0,1,1,1,1,1,1,1
2025-07-15 21:24:19,MSFT,0,0,0,0,0,0,0,1,1,0,0,0
2025-07-15 21:24:20,MAA,0,0,0,0,0,0,0,1,1,1,0,0
2025-07-15 21:24:21,MRNA,1,0,1,0,0,0,1,0,1,1,0,0
2025-07-15 21:24:21,MHK,0,0,0,0,0,0,0,1,1,1,0,0
2025-07-15 21:24:22,MOH,1,0,1,0,0,0,1,1,1,1,0,0
2025-07-15 21:24:23,TAP,0,0,0,0,0,0,0,0,1,0,0,0
2025-07-15 21:24:24,MDLZ,0,0,0,0,0,0,0,0,1,0,0,0
2025-07-15 21:24:24,MPWR,0,0,0,0,0,0,0,1,1,1,1,1
2025-07-15 21:24:25,MNST,0,0,0,0,0,0,0,0,1,1,0,0
2025-07-15 21:24:26,MCO,0,0,0,0,0,0,0,1,1,1,0,0
2025-07-15 21:24:26,MS,0,0,0,0,0,0,0,1,1,1,0,0
2025-07-15 21:24:27,MOS,1,0,1,1,0,1,1,0,1,1,0,0
2025-07-15 21:24:28,MSI,0,0,0,0,0,0,0,1,1,1,0,0
2025-07-15 21:24:29,MSCI,0,0,0,0,0,0,0,1,1,1,0,0
2025-07-15 21:24:29,NDAQ,0,0,0,0,0,0,0,0,1,1,0,0
2025-07-15 21:24:30,NTAP,0,0,0,0,0,0,0,1,1,1,1,1
2025-07-15 21:24:31,NFLX,1,0,1,0,0,1,1,1,1,1,0,0
2025-07-15 21:24:32,NEM,1,0,0,1,0,1,1,0,1,1,0,0
2025-07-15 21:24:32,NWSA,0,0,0,0,0,0,0,0,1,1,1,1
2025-07-15 21:24:33,NWS,0,0,1,0,0,0,0,0,1,1,0,0
2025-07-15 21:24:34,NEE,0,0,0,0,0,0,0,1,1,1,0,0
2025-07-15 21:24:35,NKE,1,0,1,0,0,0,1,1,1,1,0,0
2025-07-15 21:24:35,NI,0,0,0,0,0,0,0,0,1,0,0,0
2025-07-15 21:24:36,NDSN,0,0,0,0,0,0,0,1,1,1,0,0
2025-07-15 21:24:37,NSC,0,0,0,0,0,0,0,1,1,0,0,0
2025-07-15 21:24:37,NTRS,0,0,0,0,0,0,0,1,1,1,0,0
2025-07-15 21:24:38,NOC,0,0,0,0,0,0,0,1,1,0,0,0
2025-07-15 21:24:39,NCLH,0,0,0,0,0,0,0,0,1,1,0,0
2025-07-15 21:24:40,NRG,0,0,0,0,0,0,0,1,1,1,0,0
2025-07-15 21:24:40,NUE,0,0,0,0,0,0,0,1,1,1,0,0
2025-07-15 21:24:41,NVDA,1,0,1,0,0,0,1,1,1,1,1,1
2025-07-15 21:24:42,NVR,0,0,0,0,0,0,0,1,1,1,0,0
2025-07-15 21:24:42,NXPI,0,0,0,0,0,0,0,1,1,1,1,1
2025-07-15 21:24:43,ORLY,0,0,0,0,0,0,0,0,1,1,0,0
2025-07-15 21:24:44,OXY,0,0,1,0,0,0,0,0,1,1,0,0
2025-07-15 21:24:44,ODFL,0,0,0,0,0,0,0,1,1,1,0,0
2025-07-15 21:24:45,OMC,0,0,0,0,0,0,0,0,1,1,1,1
2025-07-15 21:24:46,ON,0,0,1,0,0,0,0,0,1,1,1,1
2025-07-15 21:24:47,OKE,0,0,0,0,0,0,0,0,1,1,0,0
2025-07-15 21:24:47,ORCL,1,0,0,0,0,1,1,1,1,1,1,1
2025-07-15 21:24:48,OTIS,0,0,0,0,0,0,0,0,1,1,1,1
2025-07-15 21:24:49,PCAR,0,0,0,0,0,0,0,1,1,0,0,0
2025-07-15 21:24:49,PKG,0,0,0,0,0,0,0,1,1,1,0,0
2025-07-15 21:24:50,PLTR,1,0,1,0,0,0,1,1,1,1,0,0
2025-07-15 21:24:51,PANW,0,0,0,0,0,1,0,1,1,1,0,0
2025-07-15 21:24:52,PARA,0,0,0,0,0,0,0,0,1,0,0,0
2025-07-15 21:24:52,PH,0,0,0,0,0,0,0,1,1,0,0,0
2025-07-15 21:24:53,PAYX,0,0,0,0,0,0,0,1,1,1,0,0
2025-07-15 21:24:54,PAYC,0,0,0,0,0,0,0,1,1,0,0,0
2025-07-15 21:24:54,PYPL,0,0,0,0,0,0,0,0,1,0,0,0
2025-07-15 21:24:55,PNR,0,0,0,0,0,0,0,0,1,1,0,0
2025-07-15 21:24:56,PEP,0,0,0,0,0,0,0,1,1,0,0,0
2025-07-15 21:24:57,PFE,0,0,1,0,0,0,0,0,1,1,0,0
2025-07-15 21:24:58,PCG,0,0,0,0,0,0,0,0,1,1,0,0
2025-07-15 21:24:58,PM,1,0,1,0,0,1,1,1,1,0,0,0
2025-07-15 21:24:59,PSX,0,0,0,0,0,0,0,1,1,0,0,0
2025-07-15 21:25:00,PNW,0,0,0,0,0,0,0,0,1,1,0,0
2025-07-15 21:25:01,PNC,0,0,0,0,0,0,0,1,1,1,0,0
2025-07-15 21:25:01,POOL,0,0,0,0,0,0,0,1,1,1,0,0
2025-07-15 21:25:02,PPG,0,0,0,0,0,0,0,1,1,1,0,0
2025-07-15 21:25:03,PPL,1,0,0,0,0,1,1,0,1,1,0,0
2025-07-15 21:25:03,PFG,0,0,0,0,0,0,0,0,1,1,0,0
2025-07-15 21:25:04,PG,0,0,0,0,0,0,0,1,1,0,0,0
2025-07-15 21:25:05,PGR,1,0,1,0,0,0,1,1,1,1,0,0
2025-07-15 21:25:05,PLD,0,0,0,0,0,0,0,1,1,1,0,0
2025-07-15 21:25:06,PRU,0,0,0,0,0,0,0,0,1,1,0,0
2025-07-15 21:25:07,PEG,0,0,0,0,0,0,0,0,1,1,0,0
2025-07-15 21:25:07,PTC,0,0,0,0,0,0,0,1,1,1,0,0
2025-07-15 21:25:08,PSA,0,0,0,0,0,0,0,1,1,1,0,0
2025-07-15 21:25:09,PHM,0,0,0,0,0,0,0,1,1,1,0,0
2025-07-15 21:25:10,PWR,0,0,0,0,0,0,0,1,1,1,0,0
2025-07-15 21:25:10,QCOM,0,0,0,0,0,0,0,1,1,1,1,1
2025-07-15 21:25:11,DGX,1,1,1,1,0,1,1,1,1,1,0,0
2025-07-15 21:25:12,RL,0,0,1,0,0,0,0,1,1,1,0,0
2025-07-15 21:25:12,RJF,0,0,0,0,0,0,0,1,1,1,0,0
2025-07-15 21:25:13,RTX,0,0,0,0,0,0,0,1,1,1,0,0
2025-07-15 21:25:14,O,0,0,0,0,0,0,0,0,1,1,0,0
2025-07-15 21:25:14,REG,0,0,0,0,0,0,0,0,1,1,0,0
2025-07-15 21:25:15,REGN,0,0,1,0,0,0,0,1,1,1,0,0
2025-07-15 21:25:16,RF,0,0,0,0,0,0,0,0,1,1,0,0
2025-07-15 21:25:16,RSG,0,0,0,0,0,0,0,1,1,0,0,0
2025-07-15 21:25:17,RMD,1,0,0,0,0,0,1,1,1,1,1,1
2025-07-15 21:25:18,RVTY,0,0,0,0,0,0,0,1,1,1,0,0
2025-07-15 21:25:18,ROK,0,0,0,0,0,0,0,1,1,1,0,0
2025-07-15 21:25:19,ROL,0,0,0,0,0,0,0,0,1,0,0,0
2025-07-15 21:25:20,ROP,0,0,0,0,0,0,0,1,1,0,0,0
2025-07-15 21:25:20,ROST,0,0,0,0,0,0,0,1,1,1,0,0
2025-07-15 21:25:21,RCL,1,0,0,0,0,1,1,1,1,1,0,0
2025-07-15 21:25:22,SPGI,0,0,0,0,0,0,0,1,1,1,0,0
2025-07-15 21:25:22,CRM,0,0,0,0,0,0,0,1,1,1,0,0
2025-07-15 21:25:23,SBAC,0,0,0,0,0,0,0,1,1,0,0,0
2025-07-15 21:25:23,SLB,0,0,0,0,0,0,0,0,1,1,0,0
2025-07-15 21:25:24,STX,0,0,0,0,0,1,0,1,1,1,0,0
2025-07-15 21:25:25,SRE,0,0,0,0,0,0,0,0,1,0,0,0
2025-07-15 21:25:25,NOW,0,0,0,0,0,0,0,1,1,1,0,0
2025-07-15 21:25:26,SHW,0,0,0,0,0,0,0,1,1,1,0,0
2025-07-15 21:25:26,SPG,0,0,0,0,0,0,0,1,1,1,0,0
2025-07-15 21:25:27,SWKS,0,0,0,0,0,0,0,1,1,1,1,1
2025-07-15 21:25:28,SJM,0,0,1,0,0,0,0,1,1,1,0,0
2025-07-15 21:25:29,SW,0,0,0,0,0,0,0,0,1,1,0,0
2025-07-15 21:25:29,SNA,0,0,0,0,0,0,0,1,1,1,0,0
2025-07-15 21:25:30,SOLV,0,0,0,0,0,0,0,0,1,1,1,1
2025-07-15 21:25:31,SO,0,0,0,0,0,0,0,0,1,0,0,0
2025-07-15 21:25:31,LUV,0,0,0,0,0,0,0,0,1,1,0,0
2025-07-15 21:25:32,SWK,0,0,0,0,0,0,0,1,1,1,1,1
2025-07-15 21:25:33,SBUX,0,0,1,0,0,0,0,1,1,1,0,0
2025-07-15 21:25:33,STT,0,0,1,0,0,0,0,1,1,1,0,0
2025-07-15 21:25:34,STLD,0,0,0,0,0,0,0,1,1,1,0,0
2025-07-15 21:25:35,STE,0,0,0,0,0,0,0,1,1,0,1,1
2025-07-15 21:25:35,SYK,0,0,0,0,0,1,0,1,1,0,0,0
2025-07-15 21:25:36,SMCI,0,0,1,0,0,1,0,1,1,1,1,1
2025-07-15 21:25:37,SYF,0,0,0,0,0,0,0,0,1,1,0,0
2025-07-15 21:25:37,SNPS,1,0,1,0,0,1,1,1,1,1,0,0
2025-07-15 21:25:38,SYY,0,0,0,0,0,0,0,0,1,1,0,0
2025-07-15 21:25:39,TMUS,0,0,0,0,0,0,0,1,1,0,0,0
2025-07-15 21:25:40,TROW,0,0,0,0,0,0,0,0,1,1,0,0
2025-07-15 21:25:40,TTWO,0,0,0,0,0,0,0,1,1,1,0,0
2025-07-15 21:25:41,TPR,1,0,1,0,0,1,1,1,1,1,0,0
2025-07-15 21:25:41,TRGP,0,0,1,0,0,0,0,1,1,1,0,0
2025-07-15 21:25:42,TGT,0,0,0,0,0,0,0,1,1,1,0,0
2025-07-15 21:25:43,TEL,0,0,0,0,0,0,0,1,1,1,0,0
2025-07-15 21:25:43,TDY,0,0,0,0,0,0,0,1,1,1,0,0
2025-07-15 21:25:44,TER,0,0,0,0,0,0,0,1,1,1,1,1
2025-07-15 21:25:45,TSLA,0,0,0,0,0,0,0,1,1,1,0,0
2025-07-15 21:25:45,TXN,0,0,0,0,0,0,0,1,1,1,0,0
2025-07-15 21:25:46,TPL,0,0,0,0,0,0,0,1,1,1,0,0
2025-07-15 21:25:47,TXT,0,0,0,0,0,0,0,0,1,1,0,0
2025-07-15 21:25:47,TMO,0,0,1,0,0,0,0,1,1,1,0,0
2025-07-15 21:25:48,TJX,0,0,0,0,0,0,0,0,1,1,0,0
2025-07-15 21:25:49,TKO,0,0,0,0,0,0,0,1,1,1,0,0
2025-07-15 21:25:49,TSCO,0,0,0,0,0,0,0,0,1,1,0,0
2025-07-15 21:25:50,TT,0,0,0,0,0,0,0,1,1,0,0,0
2025-07-15 21:25:51,TDG,0,0,0,0,0,0,0,1,1,1,0,0
2025-07-15 21:25:51,TRV,0,0,1,0,0,0,0,1,1,1,0,0
2025-07-15 21:25:52,TRMB,0,0,0,0,0,0,0,0,1,1,0,0
2025-07-15 21:25:53,TFC,0,0,0,0,0,0,0,0,1,1,0,0
2025-07-15 21:25:54,TYL,0,0,0,0,0,0,0,1,1,1,0,0
2025-07-15 21:25:54,TSN,0,0,0,0,0,0,0,0,1,1,0,0
2025-07-15 21:25:55,USB,0,0,0,0,0,0,0,0,1,1,0,0
2025-07-15 21:25:56,UBER,0,0,0,0,0,0,0,1,1,1,1,1
2025-07-15 21:25:57,UDR,0,0,0,0,0,0,0,0,1,1,0,0
2025-07-15 21:25:58,ULTA,0,0,1,0,0,0,0,1,1,1,0,0
2025-07-15 21:25:58,UNP,0,0,0,0,0,0,0,1,1,0,0,0
2025-07-15 21:25:59,UAL,0,0,0,0,0,0,0,1,1,1,0,0
2025-07-15 21:26:00,UPS,0,0,0,0,0,0,0,1,1,0,0,0
2025-07-15 21:26:01,URI,0,0,0,0,0,0,0,1,1,1,0,0
2025-07-15 21:26:11,MMM,0,0,0,0,0,0,0,1,1,0,0,0
2025-07-15 21:26:11,AOS,0,0,0,0,0,0,0,0,1,1,0,0
2025-07-15 21:26:12,ABT,0,0,0,0,0,1,0,1,1,1,0,0
2025-07-15 21:26:13,ABBV,1,0,1,0,0,0,1,1,1,1,0,0
2025-07-15 21:26:14,ACN,0,0,0,0,0,0,0,1,1,1,0,0
2025-07-15 21:26:14,ADBE,0,0,0,0,0,0,0,1,1,0,0,0
2025-07-15 21:26:15,AMD,1,0,1,0,0,0,1,1,1,1,1,1
2025-07-15 21:26:16,AES,1,0,1,0,0,1,1,0,1,1,1,1
2025-07-15 21:26:16,AFL,0,0,1,0,0,0,0,0,1,1,0,0
2025-07-15 21:26:17,A,0,0,1,0,0,0,0,1,1,1,0,0
2025-07-15 21:26:18,APD,0,0,0,0,0,0,0,1,1,1,0,0
2025-07-15 21:26:19,ABNB,0,0,0,0,0,0,0,1,1,1,0,0
2025-07-15 21:26:19,AKAM,0,0,0,0,0,0,0,0,1,1,0,0
2025-07-15 21:26:20,ALB,0,0,0,0,0,0,0,1,1,1,1,1
2025-07-15 21:26:21,ARE,0,0,0,0,0,0,0,1,1,1,0,0
2025-07-15 21:26:21,ALGN,0,0,0,0,0,0,0,1,1,1,1,1
2025-07-15 21:26:22,ALLE,0,0,0,0,0,0,0,1,1,1,0,0
2025-07-15 21:26:23,LNT,0,0,0,0,0,0,0,0,1,1,0,0
2025-07-15 21:26:24,ALL,0,0,1,0,0,0,0,1,1,1,0,0
2025-07-15 21:26:24,GOOGL,0,0,0,0,0,0,0,1,1,0,0,0
2025-07-15 21:26:25,GOOG,0,0,0,0,0,0,0,1,1,1,0,0
2025-07-15 21:26:26,MO,1,0,0,0,0,1,1,0,1,0,0,0
2025-07-15 21:26:26,AMZN,0,0,1,0,0,0,0,1,1,0,0,0
2025-07-15 21:26:27,AMCR,0,0,0,0,0,0,0,0,1,1,0,0
2025-07-15 21:26:28,AEE,0,0,0,0,0,0,0,0,1,0,0,0
2025-07-15 21:26:28,AEP,0,0,0,0,0,0,0,0,1,0,0,0
2025-07-15 21:26:30,AXP,0,0,0,0,0,0,0,1,1,1,0,0
2025-07-15 21:26:30,AIG,0,0,1,0,0,0,0,0,1,0,0,0
2025-07-15 21:26:31,AMT,1,0,1,0,0,0,1,1,1,1,0,0
2025-07-15 21:26:32,AWK,0,0,0,0,0,0,0,1,1,1,0,0
2025-07-15 21:26:32,AMP,0,0,0,0,0,0,0,1,1,1,0,0
2025-07-15 21:26:33,AME,0,0,0,0,0,0,0,1,1,1,0,0
2025-07-15 21:26:34,AMGN,0,0,1,0,0,0,0,1,1,1,0,0
2025-07-15 21:26:35,APH,0,0,0,0,0,0,0,0,1,1,0,0
2025-07-15 21:26:35,ADI,0,0,0,0,0,0,0,1,1,1,0,0
2025-07-15 21:26:36,ANSS,1,0,1,0,0,1,1,1,1,1,0,0
2025-07-15 21:26:36,AON,0,0,0,0,0,0,0,1,1,1,0,0
2025-07-15 21:26:37,APA,0,0,0,0,0,0,0,0,1,1,0,0
2025-07-15 21:26:38,APO,0,0,0,0,0,0,0,1,1,1,0,0
2025-07-15 21:26:38,AAPL,0,0,0,0,0,0,0,1,1,0,0,0
2025-07-15 21:26:39,AMAT,0,0,1,0,0,0,0,1,1,0,1,1
2025-07-15 21:26:40,APTV,0,0,0,0,0,0,0,0,1,1,0,0
2025-07-15 21:26:40,ACGL,0,0,0,0,0,0,0,0,1,1,0,0
2025-07-15 21:26:41,ADM,0,0,1,0,0,0,0,0,1,0,0,0
2025-07-16 08:23:05,MMM,0,0,0,0,0,0,0,1,1,0,0,0
2025-07-16 08:23:06,AOS,0,0,0,0,0,0,0,0,1,1,0,0
2025-07-16 08:23:06,ABT,0,0,0,0,0,1,0,1,1,1,0,0
2025-07-16 08:23:07,ABBV,1,0,1,0,0,0,1,1,1,1,0,0
2025-07-16 08:23:08,ACN,0,0,0,0,0,0,0,1,1,1,0,0
2025-07-16 08:23:08,ADBE,0,0,0,0,0,0,0,1,1,0,0,0
2025-07-16 08:23:09,AMD,1,0,1,0,0,0,1,1,1,1,1,1
2025-07-16 08:23:10,AES,1,0,1,0,0,1,1,0,1,1,1,1
2025-07-16 08:23:10,AFL,0,0,1,0,0,0,0,0,1,1,0,0
2025-07-16 08:23:11,A,0,0,1,0,0,0,0,1,1,1,0,0
2025-07-16 08:23:12,APD,0,0,0,0,0,0,0,1,1,1,0,0
2025-07-16 08:23:12,ABNB,0,0,0,0,0,0,0,1,1,1,0,0
2025-07-16 08:23:13,AKAM,0,0,0,0,0,0,0,0,1,1,0,0
2025-07-16 08:23:14,ALB,0,0,0,0,0,0,0,1,1,1,1,1
2025-07-16 08:23:15,ARE,0,0,0,0,0,0,0,1,1,1,0,0
2025-07-16 08:23:15,ALGN,0,0,0,0,0,0,0,1,1,1,1,1
2025-07-16 08:23:16,ALLE,0,0,0,0,0,0,0,1,1,1,0,0
2025-07-16 08:23:17,LNT,0,0,0,0,0,0,0,0,1,1,0,0
2025-07-16 08:23:17,ALL,0,0,1,0,0,0,0,1,1,1,0,0
2025-07-16 08:23:18,GOOGL,0,0,0,0,0,0,0,1,1,0,0,0
2025-07-16 08:23:18,GOOG,0,0,0,0,0,0,0,1,1,1,0,0
2025-07-16 08:23:19,MO,1,0,0,0,0,1,1,0,1,1,0,0
2025-07-16 08:23:20,AMZN,0,0,1,0,0,0,0,1,1,0,0,0
2025-07-16 08:23:20,AMCR,0,0,0,0,0,0,0,0,1,1,0,0
2025-07-16 08:23:21,AEE,0,0,0,0,0,0,0,0,1,0,0,0
2025-07-16 08:23:22,AEP,0,0,0,0,0,0,0,0,1,0,0,0
2025-07-16 08:23:22,AXP,0,0,0,0,0,0,0,1,1,1,0,0
2025-07-16 08:23:23,AIG,0,0,1,0,0,0,0,0,1,0,0,0
2025-07-16 08:23:24,AMT,0,0,1,0,0,0,0,1,1,1,0,0
2025-07-16 08:23:24,AWK,0,0,0,0,0,0,0,1,1,1,0,0
2025-07-16 08:23:25,AMP,0,0,0,0,0,0,0,1,1,1,0,0
2025-07-16 08:23:26,AME,0,0,0,0,0,0,0,1,1,1,0,0
2025-07-16 08:23:26,AMGN,0,0,1,0,0,0,0,1,1,1,0,0
2025-07-16 08:23:27,APH,0,0,0,0,0,0,0,0,1,1,0,0
2025-07-16 08:23:28,ADI,0,0,0,0,0,0,0,1,1,1,0,0
2025-07-16 08:23:28,ANSS,1,0,1,0,0,1,1,1,1,1,0,0
2025-07-16 08:23:29,AON,0,0,0,0,0,0,0,1,1,1,0,0
2025-07-16 08:41:14,MMM,0,0,0,0,0,0,0,1,1,0,0,0
2025-07-16 08:41:15,AOS,0,0,0,0,0,0,0,0,1,1,0,0
2025-07-16 08:41:16,ABT,0,0,0,0,0,1,0,1,1,1,0,0
2025-07-16 08:41:16,ABBV,1,0,1,0,0,0,1,1,1,1,0,0
2025-07-16 08:41:17,ACN,0,0,0,0,0,0,0,1,1,1,0,0
2025-07-16 08:41:18,ADBE,0,0,0,0,0,0,0,1,1,0,0,0
2025-07-16 08:41:19,AMD,1,0,1,0,0,0,1,1,1,1,1,0
2025-07-16 08:41:19,AES,1,0,1,0,0,1,1,0,1,1,1,0
2025-07-16 08:41:21,AFL,0,0,1,0,0,0,0,0,1,1,0,0
2025-07-16 08:41:22,A,0,0,1,0,0,0,0,1,1,1,0,0
2025-07-16 08:41:22,APD,0,0,0,0,0,0,0,1,1,1,0,0
2025-07-16 08:41:23,ABNB,0,0,0,0,0,0,0,1,1,1,0,0
2025-07-16 08:41:24,AKAM,0,0,0,0,0,0,0,0,1,1,0,0
2025-07-16 08:41:24,ALB,0,0,0,0,0,0,0,1,1,1,1,0
2025-07-16 08:41:25,ARE,0,0,0,0,0,0,0,1,1,1,0,0
2025-07-16 08:41:26,ALGN,0,0,0,0,0,0,0,1,1,1,1,0
2025-07-16 08:41:26,ALLE,0,0,0,0,0,0,0,1,1,1,0,0
2025-07-16 08:41:27,LNT,0,0,0,0,0,0,0,0,1,1,0,0
2025-07-16 08:41:28,ALL,0,0,1,0,0,0,0,1,1,1,0,0
2025-07-16 08:41:28,GOOGL,0,0,0,0,0,0,0,1,1,0,0,0
2025-07-16 08:41:29,GOOG,0,0,0,0,0,0,0,1,1,1,0,0
2025-07-16 08:41:30,MO,1,0,0,0,0,1,1,0,1,1,0,0
2025-07-16 08:41:30,AMZN,0,0,1,0,0,0,0,1,1,0,0,0
2025-07-16 08:41:31,AMCR,0,0,0,0,0,0,0,0,1,1,0,0
2025-07-16 08:41:32,AEE,0,0,0,0,0,0,0,0,1,0,0,0
2025-07-16 08:41:33,AEP,0,0,0,0,0,0,0,0,1,0,0,0
2025-07-16 08:41:33,AXP,0,0,0,0,0,0,0,1,1,1,0,0
2025-07-16 08:41:34,AIG,0,0,1,0,0,0,0,0,1,0,0,0
2025-07-16 08:41:34,AMT,1,0,1,0,0,0,1,1,1,1,0,0
2025-07-16 08:41:35,AWK,0,0,0,0,0,0,0,1,1,1,0,0
2025-07-16 08:41:36,AMP,0,0,0,0,0,0,0,1,1,1,0,0
2025-07-16 08:41:37,AME,0,0,0,0,0,0,0,1,1,1,0,0
2025-07-16 08:41:37,AMGN,0,0,1,0,0,0,0,1,1,1,0,0
2025-07-16 08:41:38,APH,0,0,0,0,0,0,0,0,1,1,0,0
2025-07-16 08:41:39,ADI,0,0,0,0,0,0,0,1,1,1,0,0
2025-07-16 08:41:39,ANSS,1,0,1,0,0,1,1,1,1,1,0,0
2025-07-16 08:41:40,AON,0,0,0,0,0,0,0,1,1,1,0,0
2025-07-16 08:41:41,APA,0,0,0,0,0,0,0,0,1,1,0,0
2025-07-16 08:41:41,APO,0,0,0,0,0,0,0,1,1,1,0,0
2025-07-16 08:41:42,AAPL,0,0,0,0,0,0,0,1,1,0,0,0
2025-07-16 08:41:43,AMAT,0,0,1,0,0,0,0,1,1,0,1,0
2025-07-16 08:41:43,APTV,0,0,0,0,0,0,0,0,1,1,0,0
2025-07-16 08:41:44,ACGL,0,0,0,0,0,0,0,0,1,1,0,0
2025-07-16 08:41:45,ADM,0,0,1,0,0,0,0,0,1,0,0,0
2025-07-16 08:41:45,ANET,0,0,1,0,0,0,0,1,1,1,0,0
2025-07-16 08:41:46,AJG,0,0,0,0,0,0,0,1,1,1,0,0
2025-07-16 08:41:47,AIZ,0,0,0,0,0,0,0,1,1,1,0,0
2025-07-16 08:41:47,T,0,0,0,0,0,1,0,0,1,0,0,0
2025-07-16 08:41:48,ATO,0,0,0,0,0,0,0,1,1,1,0,0
2025-07-16 08:41:49,ADSK,0,0,0,0,0,0,0,1,1,1,0,0
2025-07-16 08:41:49,ADP,0,0,0,0,0,0,0,1,1,1,0,0
2025-07-16 08:41:50,AZO,0,0,1,0,0,0,0,1,1,1,0,0
2025-07-16 08:41:51,AVB,0,0,0,0,0,0,0,1,1,1,0,0
2025-07-16 08:41:51,AVY,0,0,0,0,0,0,0,1,1,1,0,0
2025-07-16 08:41:52,AXON,0,0,0,0,0,0,0,1,1,1,0,0
2025-07-16 08:41:52,BKR,0,0,0,0,0,0,0,0,1,1,0,0
2025-07-16 08:41:53,BALL,0,0,1,0,0,0,0,0,1,1,0,0
2025-07-16 08:41:54,BAC,0,0,0,0,0,0,0,0,1,1,0,0
2025-07-16 08:41:54,BAX,0,0,0,0,0,0,0,0,1,1,0,0
2025-07-16 08:41:55,BDX,0,0,0,0,0,0,0,1,1,1,0,0
2025-07-16 08:41:56,BRK-B,0,0,0,0,0,0,0,1,0,0,0,0
2025-07-16 08:41:56,BBY,0,0,1,0,0,0,0,1,1,1,0,0
2025-07-16 08:41:57,TECH,0,0,1,0,0,0,0,1,1,1,0,0
2025-07-16 08:41:58,BIIB,0,0,0,0,0,0,0,1,1,1,0,0
2025-07-16 08:41:58,BLK,0,0,0,0,0,0,0,1,1,1,0,0
2025-07-16 08:41:59,BX,0,0,0,0,0,0,0,1,1,1,0,0
2025-07-16 08:42:00,BK,0,0,0,0,0,0,0,0,1,1,0,0
2025-07-16 08:42:01,BA,0,0,0,0,0,0,0,1,1,1,0,0
2025-07-16 08:42:01,BKNG,0,0,0,0,0,0,0,1,1,1,0,0
2025-07-16 08:42:02,BSX,0,0,0,0,0,0,0,0,1,1,0,0
2025-07-16 08:42:03,BMY,1,0,1,0,0,0,1,0,1,1,0,0
2025-07-16 08:42:03,AVGO,0,0,0,0,0,1,0,1,1,1,1,0
2025-07-16 08:42:04,BR,0,0,0,0,0,0,0,1,1,0,0,0
2025-07-16 08:42:04,BRO,0,0,0,0,0,0,0,0,1,1,0,0
2025-07-16 08:42:05,BF-B,0,0,0,0,0,0,0,0,0,1,0,0
2025-07-16 08:42:06,BLDR,0,0,0,0,0,0,0,1,1,1,0,0
2025-07-16 08:42:06,BG,0,0,1,0,0,0,0,1,1,1,0,0
2025-07-16 08:42:07,BXP,0,0,0,0,0,0,0,0,1,1,0,0
2025-07-16 08:42:07,CHRW,0,0,0,0,0,0,0,1,1,0,0,0
2025-07-16 08:42:08,CDNS,0,0,0,0,0,0,0,1,1,1,0,0
2025-07-16 08:42:08,CZR,0,0,1,0,0,0,0,0,1,1,0,0
2025-07-16 08:42:09,CPT,0,0,0,0,0,0,0,1,1,1,0,0
2025-07-16 08:42:10,CPB,0,0,1,0,0,0,0,0,1,1,0,0
2025-07-16 08:42:10,COF,0,0,0,0,0,0,0,1,1,1,0,0
2025-07-16 08:42:11,CAH,1,0,1,0,0,1,1,1,1,0,0,0
2025-07-16 08:42:11,KMX,0,0,1,0,0,0,0,1,1,1,1,0
2025-07-16 08:42:12,CCL,1,0,0,0,0,1,1,0,1,1,0,0
2025-07-16 08:42:13,CARR,0,0,0,0,0,0,0,0,1,1,0,0
2025-07-16 08:42:14,CAT,0,0,0,0,0,0,0,1,1,0,0,0
2025-07-16 08:42:14,CBOE,0,0,0,0,0,0,0,1,1,1,0,0
2025-07-16 08:42:15,CBRE,0,0,0,0,0,0,0,1,1,1,0,0
2025-07-16 08:42:15,CDW,0,0,0,0,0,0,0,1,1,1,0,0
2025-07-16 08:42:16,COR,0,0,1,0,0,0,0,1,1,1,0,0
2025-07-16 08:42:16,CNC,0,0,1,0,0,0,0,1,1,1,0,0
2025-07-16 08:42:17,CNP,0,0,0,0,0,0,0,0,1,0,0,0
2025-07-16 08:42:18,CF,0,0,0,0,0,0,0,1,1,1,0,0
2025-07-16 08:42:18,CRL,0,0,1,0,0,0,0,1,1,1,0,0
2025-07-16 08:42:19,SCHW,0,0,0,0,0,0,0,0,1,0,0,0
2025-07-16 08:42:19,CHTR,0,0,0,0,0,0,0,1,1,1,0,0
2025-07-16 08:42:20,CVX,0,0,0,0,0,0,0,1,1,0,0,0
2025-07-16 08:42:21,CMG,0,0,0,0,0,0,0,0,1,1,0,0
2025-07-16 08:42:21,CB,0,0,0,0,0,0,0,1,1,0,0,0
2025-07-16 08:42:22,CHD,0,0,0,0,0,0,0,0,1,1,0,0
2025-07-16 08:42:22,CI,1,0,1,0,0,1,1,1,1,1,0,0
2025-07-16 08:42:23,CINF,0,0,0,0,0,0,0,1,1,1,0,0
2025-07-16 08:42:24,CTAS,0,0,0,0,0,0,0,1,1,1,0,0
2025-07-16 08:42:24,CSCO,0,0,0,0,0,0,0,0,1,0,0,0
2025-07-16 08:42:25,C,0,0,0,0,0,1,0,0,1,1,1,0
2025-07-16 08:42:25,CFG,0,0,0,0,0,0,0,0,1,1,0,0
2025-07-16 08:42:26,CLX,0,0,1,0,0,0,0,1,1,1,0,0
2025-07-16 08:42:27,CME,1,0,1,0,0,1,1,1,1,0,0,0
2025-07-16 08:42:27,CMS,0,0,0,0,0,1,0,0,1,0,0,0
2025-07-16 08:42:28,KO,0,0,0,0,0,0,0,0,1,0,0,0
2025-07-16 08:42:29,CTSH,0,0,0,0,0,0,0,0,1,1,0,0
2025-07-16 08:42:29,COIN,1,1,1,0,0,0,1,1,1,1,0,0
2025-07-16 08:42:30,CL,0,0,0,0,0,0,0,0,1,1,0,0
2025-07-16 08:42:31,CMCSA,0,0,0,0,0,0,0,0,1,1,0,0
2025-07-16 08:42:31,CAG,0,0,0,0,0,0,0,0,1,1,0,0
2025-07-16 08:42:32,COP,0,0,0,0,0,0,0,1,1,1,0,0
2025-07-16 08:42:32,ED,0,0,0,0,0,0,0,0,1,0,0,0
2025-07-16 08:42:33,STZ,1,1,1,0,0,1,1,1,1,1,0,0
2025-07-16 08:42:34,CEG,0,0,0,0,0,0,0,1,1,1,0,0
2025-07-16 08:42:34,COO,0,0,0,0,0,0,0,0,1,1,0,0
2025-07-16 08:42:35,CPRT,0,0,1,0,0,0,0,0,1,1,0,0
2025-07-16 08:42:36,GLW,0,0,0,0,0,0,0,0,1,1,0,0
2025-07-16 08:42:36,CPAY,0,0,0,0,0,0,0,1,1,1,0,0
2025-07-16 08:42:37,CTVA,0,0,0,0,0,0,0,0,1,1,0,0
2025-07-16 08:42:37,CSGP,0,0,0,0,0,0,0,0,1,1,0,0
2025-07-16 08:42:38,COST,0,0,0,0,0,0,0,1,1,0,0,0
2025-07-16 08:42:39,CTRA,0,0,1,0,0,0,0,0,1,1,0,0
2025-07-16 08:42:39,CRWD,0,0,0,0,0,0,0,1,1,1,0,0
2025-07-16 08:42:40,CCI,1,0,1,0,0,0,1,1,1,1,0,0
2025-07-16 08:42:41,CSX,0,0,0,0,0,0,0,0,1,1,0,0
2025-07-16 08:42:41,CMI,1,0,1,0,0,1,1,1,1,0,0,0
2025-07-16 08:42:42,CVS,1,0,1,0,0,1,1,0,1,1,0,0
2025-07-16 08:42:42,DHR,0,0,0,0,0,0,0,1,1,1,0,0
2025-07-16 08:42:43,DRI,0,0,0,0,0,0,0,1,1,0,0,0
2025-07-16 08:42:45,DDOG,0,0,0,0,0,0,0,1,1,1,0,0
2025-07-16 08:42:45,DVA,1,0,1,0,0,0,1,1,1,1,0,0
2025-07-16 08:42:46,DAY,0,0,0,0,0,0,0,0,1,1,0,0
2025-07-16 08:42:46,DECK,0,0,0,0,0,0,0,1,1,1,0,0
2025-07-16 08:42:47,DE,0,0,0,0,0,0,0,1,1,1,0,0
2025-07-16 08:42:48,DELL,0,0,0,0,0,0,0,1,1,1,1,0
2025-07-16 08:42:49,DAL,0,0,0,0,0,0,0,1,1,1,0,0
2025-07-16 08:42:49,DVN,0,0,0,0,0,0,0,0,1,1,0,0
2025-07-16 08:42:50,DXCM,0,0,0,0,0,0,0,1,1,1,0,0
2025-07-16 08:42:50,FANG,0,0,0,0,0,0,0,1,1,1,0,0
2025-07-16 08:42:51,DLR,1,0,1,0,0,0,1,1,1,0,0,0
2025-07-16 08:42:52,DG,0,0,0,0,0,0,0,1,1,0,0,0
2025-07-16 08:42:52,DLTR,0,0,1,0,0,0,0,1,1,1,0,0
2025-07-16 08:42:53,D,0,0,0,0,0,0,0,0,1,1,0,0
2025-07-16 08:42:53,DPZ,0,0,0,0,0,0,0,1,1,1,0,0
2025-07-16 08:42:54,DASH,0,0,0,0,0,1,0,1,1,1,0,0
2025-07-16 08:42:54,DOV,0,0,0,0,0,0,0,1,1,1,1,0
2025-07-16 08:42:55,DOW,0,0,0,0,0,0,0,0,1,1,1,0
2025-07-16 08:42:56,DHI,0,0,1,0,0,0,0,1,1,1,0,0
2025-07-16 08:42:56,DTE,0,0,0,0,0,0,0,1,1,0,0,0
2025-07-16 08:42:57,DUK,0,0,0,0,0,1,0,0,1,1,0,0
2025-07-16 08:42:57,DD,0,0,0,0,0,0,0,0,1,1,1,0
2025-07-16 08:42:58,EMN,0,0,0,0,0,0,0,1,1,1,0,0
2025-07-16 08:42:59,ETN,0,0,0,0,0,0,0,1,1,1,1,0
2025-07-16 08:42:59,EBAY,0,0,0,0,0,0,0,0,1,1,0,0
2025-07-16 08:43:00,ECL,0,0,0,0,0,0,0,1,1,0,0,0
2025-07-16 08:43:01,EIX,0,0,0,0,0,0,0,0,1,1,0,0
2025-07-16 08:43:01,EW,0,0,0,0,0,0,0,0,1,1,0,0
2025-07-16 08:43:02,EA,0,0,0,0,0,1,0,1,1,1,0,0
2025-07-16 08:43:02,ELV,0,0,1,0,0,0,0,1,1,1,0,0
2025-07-16 08:43:03,EMR,0,0,0,0,0,0,0,1,1,0,0,0
2025-07-16 08:43:04,ENPH,1,1,1,0,0,0,1,1,1,1,0,0
2025-07-16 08:43:04,ETR,0,0,0,0,0,1,0,0,1,1,0,0
2025-07-16 08:43:05,EOG,0,0,0,0,0,0,0,1,1,1,0,0
2025-07-16 08:43:05,EPAM,0,0,0,0,0,0,0,1,1,1,0,0
2025-07-16 08:43:06,EQT,1,0,1,0,0,1,1,0,1,1,0,0
2025-07-16 08:43:07,EFX,0,0,0,0,0,0,0,1,1,1,0,0
2025-07-16 08:43:07,EQIX,0,0,0,0,0,0,0,1,1,1,0,0
2025-07-16 08:43:08,EQR,0,0,0,0,0,0,0,0,1,1,0,0
2025-07-16 08:43:08,ERIE,0,0,0,0,0,0,0,1,1,0,0,0
2025-07-16 08:43:09,ESS,0,0,0,0,0,0,0,1,1,1,0,0
2025-07-16 08:43:10,EL,0,0,1,0,0,0,0,1,1,1,0,0
2025-07-16 08:43:10,EG,0,0,0,0,0,0,0,1,1,1,0,0
2025-07-16 08:43:11,EVRG,0,0,0,0,0,0,0,0,1,1,0,0
2025-07-16 08:43:11,ES,0,0,0,0,0,0,0,0,1,1,0,0
2025-07-16 08:43:13,EXC,0,0,0,0,0,0,0,0,1,0,0,0
2025-07-16 08:43:13,EXE,0,0,0,0,0,0,0,1,1,1,0,0
2025-07-16 08:43:14,EXPE,0,0,1,0,0,0,0,1,1,1,0,0
2025-07-16 08:43:15,EXPD,0,0,0,0,0,0,0,1,1,1,0,0
2025-07-16 08:43:15,EXR,0,0,0,0,0,0,0,1,1,1,0,0
2025-07-16 08:43:16,XOM,0,0,1,0,0,0,0,0,1,0,0,0
2025-07-16 08:43:17,FFIV,0,0,0,0,0,0,0,1,1,1,0,0
2025-07-16 08:43:17,FDS,0,0,0,0,0,0,0,1,1,1,0,0
2025-07-16 08:43:18,FICO,1,0,1,0,0,1,1,1,1,1,0,0
2025-07-16 08:43:18,FAST,0,0,0,0,0,0,0,0,1,1,0,0
2025-07-16 08:43:19,FRT,0,0,0,0,0,0,0,0,1,1,0,0
2025-07-16 08:43:20,FDX,0,0,0,0,0,0,0,1,1,1,0,0
2025-07-16 08:43:20,FIS,0,0,0,0,0,0,0,0,1,0,0,0
2025-07-16 08:43:21,FITB,0,0,0,0,0,0,0,0,1,1,0,0
2025-07-16 08:43:21,FSLR,1,0,1,0,0,1,1,1,1,1,1,0
2025-07-16 08:43:22,FE,0,0,0,0,0,0,0,0,1,0,0,0
2025-07-16 08:43:23,FI,0,0,0,0,0,0,0,1,1,1,0,0
2025-07-16 08:43:23,F,0,0,1,0,0,0,0,0,1,1,0,0
2025-07-16 08:43:24,FTNT,0,0,0,0,0,1,0,1,1,1,0,0
2025-07-16 08:43:24,FTV,0,0,0,0,0,0,0,0,1,1,0,0
2025-07-16 08:43:25,FOXA,0,0,0,0,0,0,0,0,1,1,0,0
2025-07-16 08:43:25,FOX,0,0,0,0,0,0,0,0,1,1,0,0
2025-07-16 08:43:26,BEN,0,0,0,0,0,0,0,0,1,1,0,0
2025-07-16 08:43:27,FCX,1,0,1,1,0,1,1,0,1,1,0,0
2025-07-16 08:43:27,GRMN,0,0,0,0,0,0,0,1,1,0,0,0
2025-07-16 08:43:28,IT,0,0,0,0,0,0,0,1,1,1,0,0
2025-07-16 08:43:29,GE,1,0,1,0,0,1,1,1,1,0,0,0
2025-07-16 08:43:29,GEHC,1,0,1,1,0,1,1,0,1,1,0,0
2025-07-16 08:43:30,GEV,1,0,0,0,0,1,1,1,1,1,0,0
2025-07-16 08:43:30,GEN,0,0,0,0,0,0,0,0,1,0,0,0
2025-07-16 08:43:31,GNRC,0,0,0,0,0,0,0,1,1,1,0,0
2025-07-16 08:43:31,GD,0,0,0,0,0,0,0,1,1,1,0,0
2025-07-16 08:43:32,GIS,0,0,0,0,0,0,0,0,1,1,0,0
2025-07-16 08:43:33,GM,0,0,0,0,0,0,0,0,1,1,0,0
2025-07-16 08:43:33,GPC,0,0,0,0,0,0,0,1,1,1,0,0
2025-07-16 08:43:34,GILD,0,0,0,0,0,0,0,1,1,1,0,0
2025-07-16 08:43:35,GPN,0,0,0,0,0,0,0,0,1,1,0,0
2025-07-16 08:43:35,GL,0,0,0,0,0,0,0,1,1,1,0,0
2025-07-16 08:43:36,GDDY,0,0,0,0,0,0,0,1,1,0,0,0
2025-07-16 08:43:36,GS,0,0,0,0,0,0,0,1,1,1,0,0
2025-07-16 08:43:37,HAL,0,0,0,0,0,0,0,0,1,1,0,0
2025-07-16 08:43:38,HIG,0,0,0,0,0,0,0,1,1,1,0,0
2025-07-16 08:43:38,HAS,0,0,0,0,0,0,0,0,1,1,0,0
2025-07-16 08:43:39,HCA,1,0,1,0,0,0,1,1,1,1,0,0
2025-07-16 08:43:39,DOC,0,0,0,0,0,0,0,0,1,1,0,0
2025-07-16 08:43:40,HSIC,0,0,0,0,0,0,0,0,1,1,0,0
2025-07-16 08:43:41,HSY,0,0,0,0,0,0,0,1,1,1,0,0
2025-07-16 08:43:41,HES,0,0,0,0,0,0,0,1,1,0,0,0
2025-07-16 08:43:42,HPE,0,0,0,0,0,0,0,0,1,1,0,0
2025-07-16 08:43:42,HLT,0,0,0,0,0,0,0,1,1,1,0,0
2025-07-16 08:43:43,HOLX,0,0,0,0,0,0,0,0,1,1,0,0
2025-07-16 08:43:44,HD,0,0,1,0,0,0,0,1,1,1,0,0
2025-07-16 08:43:44,HON,0,0,0,0,0,0,0,1,1,0,0,0
2025-07-16 08:43:45,HRL,0,0,0,0,0,0,0,0,1,1,0,0
2025-07-16 08:43:46,HST,0,0,0,0,0,0,0,0,1,1,0,0
2025-07-16 08:43:46,HWM,0,0,0,0,0,1,0,1,1,1,0,0
2025-07-16 08:43:47,HPQ,0,0,0,0,0,0,0,0,1,1,0,0
2025-07-16 08:43:47,HUBB,0,0,0,0,0,0,0,1,1,1,0,0
2025-07-16 08:43:48,HUM,0,0,1,0,0,0,0,1,1,1,0,0
2025-07-16 08:43:49,HBAN,0,0,0,0,0,0,0,0,1,1,0,0
2025-07-16 08:43:49,HII,0,0,0,0,0,0,0,1,1,1,0,0
2025-07-16 08:43:50,IBM,0,0,0,0,0,1,0,1,1,0,0,0
2025-07-16 08:43:51,IEX,0,0,0,0,0,0,0,1,1,1,0,0
2025-07-16 08:43:51,IDXX,0,0,0,0,0,0,0,1,1,0,0,0
2025-07-16 08:43:52,ITW,0,0,0,0,0,0,0,1,1,0,0,0
2025-07-16 08:43:52,INCY,0,0,0,0,0,0,0,1,1,1,0,0
2025-07-16 08:43:53,IR,0,0,0,0,0,0,0,0,1,1,0,0
2025-07-16 08:43:54,PODD,0,0,0,0,0,0,0,1,1,0,0,0
2025-07-16 08:43:54,INTC,0,0,0,0,0,0,0,0,1,1,1,0
2025-07-16 08:43:55,ICE,0,0,0,0,0,0,0,1,1,0,0,0
2025-07-16 08:43:55,IFF,0,0,0,0,0,0,0,0,1,1,0,0
2025-07-16 08:43:56,IP,0,0,1,0,0,0,0,0,1,1,0,0
2025-07-16 08:43:57,IPG,0,0,0,0,0,0,0,0,1,1,0,0
2025-07-16 08:43:57,INTU,0,0,0,0,0,0,0,1,1,1,0,0
2025-07-16 08:43:58,ISRG,0,0,0,0,0,0,0,1,1,1,0,0
2025-07-16 08:43:58,IVZ,0,0,0,0,0,0,0,0,1,1,0,0
2025-07-16 08:43:59,INVH,0,0,0,0,0,0,0,0,1,1,0,0
2025-07-16 08:44:00,IQV,0,0,0,0,0,0,0,1,1,1,0,0
2025-07-16 08:44:00,IRM,0,0,0,0,0,0,0,1,1,1,0,0
2025-07-16 08:44:01,JBHT,0,0,0,0,0,0,0,1,1,1,0,0
2025-07-16 08:44:02,JBL,0,0,0,0,0,0,0,1,1,1,0,0
2025-07-16 08:44:02,JKHY,0,0,0,0,0,0,0,1,1,0,0,0
2025-07-16 08:44:03,J,0,0,0,0,0,0,0,1,1,1,0,0
2025-07-16 08:44:04,JNJ,0,0,0,0,0,0,0,1,1,1,0,0
2025-07-16 08:44:04,JCI,0,0,0,0,0,0,0,0,1,0,0,0
2025-07-16 08:44:05,JPM,0,0,0,0,0,0,0,1,1,1,0,0
2025-07-16 08:44:06,K,0,0,0,0,0,0,0,0,0,0,0,0
2025-07-16 08:44:06,KVUE,1,0,1,0,0,0,1,0,1,1,0,0
2025-07-16 08:44:07,KDP,0,0,0,0,0,0,0,0,1,1,0,0
2025-07-16 08:44:08,KEY,0,0,0,0,0,0,0,0,1,1,0,0
2025-07-16 08:44:08,KEYS,0,0,0,0,0,0,0,1,1,1,0,0
2025-07-16 08:44:09,KMB,0,0,1,0,0,0,0,1,1,0,0,0
2025-07-16 08:44:10,KIM,0,0,0,0,0,0,0,0,1,1,0,0
2025-07-16 08:44:10,KMI,0,0,1,0,0,0,0,0,1,1,0,0
2025-07-16 08:44:11,KKR,0,0,0,0,0,0,0,1,1,1,0,0
2025-07-16 08:44:12,KLAC,0,0,0,0,0,0,0,1,1,0,1,0
2025-07-16 08:44:12,KHC,0,0,1,0,0,0,0,0,1,1,0,0
2025-07-16 08:44:13,KR,1,0,1,0,0,1,1,0,1,0,0,0
2025-07-16 08:44:14,LHX,0,0,0,0,0,0,0,1,1,0,0,0
2025-07-16 08:44:14,LH,0,0,1,0,0,0,0,1,1,1,0,0
2025-07-16 08:44:15,LRCX,0,0,0,0,0,0,0,0,1,1,1,0
2025-07-16 08:44:16,LW,0,0,0,0,0,0,0,0,1,1,0,0
2025-07-16 08:44:16,LVS,0,0,0,0,0,0,0,0,1,0,0,0
2025-07-16 08:44:17,LDOS,0,0,0,0,0,0,0,1,1,1,0,0
2025-07-16 08:44:18,LEN,0,0,0,0,0,0,0,1,1,1,0,0
2025-07-16 08:44:18,LII,0,0,0,0,0,0,0,1,1,1,0,0
2025-07-16 08:44:19,LLY,1,0,1,0,0,0,1,1,1,1,0,0
2025-07-16 08:44:20,LIN,0,0,0,0,0,0,0,1,1,1,0,0
2025-07-16 08:44:21,LYV,0,0,0,0,0,0,0,1,1,1,0,0
2025-07-16 08:44:21,LKQ,0,0,0,0,0,0,0,0,1,1,0,0
2025-07-16 08:44:22,LMT,0,0,0,0,0,0,0,1,1,0,0,0
2025-07-16 08:44:23,L,0,0,0,0,0,0,0,0,1,1,0,0
2025-07-16 08:44:23,LOW,0,0,1,0,0,0,0,1,1,1,0,0
2025-07-16 08:44:24,LULU,0,0,1,0,0,0,0,1,1,1,0,0
2025-07-16 08:44:25,LYB,0,0,0,0,0,0,0,0,1,1,0,0
2025-07-16 08:44:26,MTB,0,0,0,0,0,0,0,1,1,1,0,0
2025-07-16 08:44:26,MPC,1,0,1,0,0,0,1,1,1,1,0,0
2025-07-16 08:44:27,MKTX,0,0,0,0,0,0,0,1,1,0,0,0
2025-07-16 08:44:27,MAR,0,0,0,0,0,0,0,1,1,1,0,0
2025-07-16 08:44:28,MMC,0,0,0,0,0,0,0,1,1,0,0,0
2025-07-16 08:44:29,MLM,0,0,0,0,0,0,0,1,1,1,0,0
2025-07-16 08:44:29,MAS,0,0,0,0,0,0,0,0,1,1,1,0
2025-07-16 08:44:30,MA,0,0,0,0,0,0,0,1,1,0,0,0
2025-07-16 08:44:31,MTCH,0,0,0,0,0,0,0,0,1,1,0,0
2025-07-16 08:44:31,MKC,0,0,0,0,0,0,0,0,1,1,0,0
2025-07-16 08:44:32,MCD,0,0,0,0,0,0,0,1,1,0,0,0
2025-07-16 08:44:33,MCK,1,0,1,0,0,0,1,1,1,0,0,0
2025-07-16 08:44:33,MDT,1,0,1,0,0,1,1,0,1,1,0,0
2025-07-16 08:44:34,MRK,0,0,1,0,0,0,0,0,1,1,0,0
2025-07-16 08:44:35,META,0,0,0,0,0,0,0,1,1,1,0,0
2025-07-16 08:44:36,MET,0,0,0,0,0,0,0,0,1,1,0,0
2025-07-16 08:44:36,MTD,0,0,0,0,0,0,0,1,1,1,0,0
2025-07-16 08:44:37,MGM,0,0,0,0,0,0,0,0,1,1,0,0
2025-07-16 08:44:38,MCHP,0,0,0,0,0,0,0,1,1,1,1,0
2025-07-16 08:44:38,MU,1,0,0,0,0,1,1,1,1,1,1,0
2025-07-16 08:44:39,MSFT,0,0,0,0,0,0,0,1,1,0,0,0
2025-07-16 08:44:40,MAA,0,0,0,0,0,0,0,1,1,1,0,0
2025-07-16 08:44:40,MRNA,1,0,1,0,0,0,1,0,1,1,0,0
2025-07-16 08:44:41,MHK,0,0,0,0,0,0,0,1,1,1,0,0
2025-07-16 08:44:42,MOH,1,0,1,0,0,0,1,1,1,1,0,0
2025-07-16 08:44:42,TAP,0,0,0,0,0,0,0,0,1,0,0,0
2025-07-16 08:44:43,MDLZ,0,0,0,0,0,0,0,0,1,0,0,0
2025-07-16 08:44:44,MPWR,0,0,0,0,0,0,0,1,1,1,1,0
2025-07-16 08:44:44,MNST,0,0,0,0,0,0,0,0,1,1,0,0
2025-07-16 08:44:45,MCO,0,0,0,0,0,0,0,1,1,1,0,0
2025-07-16 08:44:46,MS,0,0,0,0,0,0,0,1,1,1,0,0
2025-07-16 08:44:46,MOS,1,0,1,1,0,1,1,0,1,1,0,0
2025-07-16 08:44:47,MSI,0,0,0,0,0,0,0,1,1,1,0,0
2025-07-16 08:44:48,MSCI,0,0,0,0,0,0,0,1,1,1,0,0
2025-07-16 08:44:48,NDAQ,0,0,0,0,0,0,0,0,1,1,0,0
2025-07-16 08:44:49,NTAP,0,0,0,0,0,0,0,1,1,1,1,0
2025-07-16 08:44:50,NFLX,1,0,1,0,0,1,1,1,1,1,0,0
2025-07-16 08:44:51,NEM,1,0,0,1,0,1,1,0,1,1,0,0
2025-07-16 08:44:51,NWSA,0,0,0,0,0,0,0,0,1,1,1,0
2025-07-16 08:44:52,NWS,0,0,1,0,0,0,0,0,1,1,0,0
2025-07-16 08:44:53,NEE,0,0,0,0,0,0,0,1,1,1,0,0
2025-07-16 08:44:54,NKE,1,0,1,0,0,0,1,1,1,1,0,0
2025-07-16 08:44:54,NI,0,0,0,0,0,0,0,0,1,0,0,0
2025-07-16 08:44:55,NDSN,0,0,0,0,0,0,0,1,1,1,0,0
2025-07-16 08:44:56,NSC,0,0,0,0,0,0,0,1,1,0,0,0
2025-07-16 08:44:56,NTRS,0,0,0,0,0,0,0,1,1,1,0,0
2025-07-16 08:44:57,NOC,0,0,0,0,0,0,0,1,1,0,0,0
2025-07-16 08:44:58,NCLH,0,0,0,0,0,0,0,0,1,1,0,0
2025-07-16 08:44:58,NRG,0,0,0,0,0,0,0,1,1,1,0,0
2025-07-16 08:44:59,NUE,0,0,0,0,0,0,0,1,1,1,0,0
2025-07-16 08:45:00,NVDA,1,0,1,0,0,0,1,1,1,1,1,0
2025-07-16 08:45:00,NVR,0,0,0,0,0,0,0,1,1,1,0,0
2025-07-16 08:45:01,NXPI,0,0,0,0,0,0,0,1,1,1,1,0
2025-07-16 08:45:01,ORLY,0,0,0,0,0,0,0,0,1,1,0,0
2025-07-16 08:45:02,OXY,0,0,1,0,0,0,0,0,1,1,0,0
2025-07-16 08:45:03,ODFL,0,0,0,0,0,0,0,1,1,1,0,0
2025-07-16 08:45:03,OMC,0,0,0,0,0,0,0,0,1,1,1,0
2025-07-16 08:45:04,ON,0,0,1,0,0,0,0,0,1,1,1,0
2025-07-16 08:45:05,OKE,0,0,0,0,0,0,0,0,1,1,0,0
2025-07-16 08:45:05,ORCL,1,0,0,0,0,1,1,1,1,1,1,0
2025-07-16 08:45:06,OTIS,0,0,0,0,0,0,0,0,1,1,1,0
2025-07-16 08:45:09,PCAR,0,0,0,0,0,0,0,1,1,0,0,0
2025-07-16 08:45:10,PKG,0,0,0,0,0,0,0,1,1,1,0,0
2025-07-16 08:45:11,PLTR,1,0,1,0,0,0,1,1,1,1,0,0
2025-07-16 08:45:11,PANW,0,0,0,0,0,1,0,1,1,1,0,0
2025-07-16 08:45:12,PARA,0,0,0,0,0,0,0,0,1,0,0,0
2025-07-16 08:45:13,PH,0,0,0,0,0,0,0,1,1,0,0,0
2025-07-16 08:45:13,PAYX,0,0,0,0,0,0,0,1,1,1,0,0
2025-07-16 08:45:14,PAYC,0,0,0,0,0,0,0,1,1,0,0,0
2025-07-16 08:45:15,PYPL,0,0,0,0,0,0,0,0,1,0,0,0
2025-07-16 08:45:15,PNR,0,0,0,0,0,0,0,0,1,1,0,0
2025-07-16 08:45:16,PEP,0,0,0,0,0,0,0,1,1,0,0,0
2025-07-16 08:45:17,PFE,1,0,1,0,0,0,1,0,1,1,0,0
2025-07-16 08:45:17,PCG,0,0,0,0,0,0,0,0,1,1,0,0
2025-07-16 08:45:18,PM,1,0,1,0,0,1,1,1,1,0,0,0
2025-07-16 08:45:19,PSX,0,0,0,0,0,0,0,1,1,0,0,0
2025-07-16 08:45:20,PNW,0,0,0,0,0,0,0,0,1,1,0,0
2025-07-16 08:45:20,PNC,0,0,0,0,0,0,0,1,1,1,0,0
2025-07-16 08:45:21,POOL,0,0,0,0,0,0,0,1,1,1,0,0
2025-07-16 08:45:22,PPG,0,0,0,0,0,0,0,1,1,1,0,0
2025-07-16 08:45:23,PPL,1,0,0,0,0,1,1,0,1,1,0,0
2025-07-16 08:45:24,PFG,0,0,0,0,0,0,0,0,1,1,0,0
2025-07-16 08:45:24,PG,0,0,0,0,0,0,0,1,1,0,0,0
2025-07-16 08:45:25,PGR,1,0,1,0,0,1,1,1,1,1,0,0
2025-07-16 08:45:26,PLD,0,0,0,0,0,0,0,1,1,1,0,0
2025-07-16 08:45:27,PRU,0,0,0,0,0,0,0,0,1,1,0,0
2025-07-16 08:45:27,PEG,0,0,0,0,0,0,0,0,1,1,0,0
2025-07-16 08:45:28,PTC,0,0,0,0,0,0,0,1,1,1,0,0
2025-07-16 08:45:29,PSA,0,0,0,0,0,0,0,1,1,1,0,0
2025-07-16 08:45:30,PHM,0,0,0,0,0,0,0,1,1,1,0,0
2025-07-16 08:45:30,PWR,0,0,0,0,0,0,0,1,1,1,0,0
2025-07-16 08:45:31,QCOM,0,0,0,0,0,0,0,1,1,1,1,0
2025-07-16 08:45:32,DGX,1,1,1,1,0,1,1,1,1,1,0,0
2025-07-16 08:45:33,RL,0,0,1,0,0,0,0,1,1,1,0,0
2025-07-16 08:45:34,RJF,0,0,0,0,0,0,0,1,1,1,0,0
2025-07-16 08:45:35,RTX,0,0,0,0,0,0,0,1,1,1,0,0
2025-07-16 08:45:36,O,0,0,0,0,0,0,0,0,1,1,0,0
2025-07-16 08:45:36,REG,0,0,0,0,0,0,0,0,1,1,0,0
2025-07-16 08:45:37,REGN,0,0,1,0,0,0,0,1,1,1,0,0
2025-07-16 08:45:38,RF,0,0,0,0,0,0,0,0,1,1,0,0
2025-07-16 08:45:39,RSG,0,0,0,0,0,0,0,1,1,0,0,0
2025-07-16 08:45:39,RMD,0,0,0,0,0,0,0,1,1,1,1,0
2025-07-16 08:45:40,RVTY,0,0,0,0,0,0,0,1,1,1,0,0
2025-07-16 08:45:41,ROK,0,0,0,0,0,0,0,1,1,1,0,0
2025-07-16 08:45:42,ROL,0,0,0,0,0,0,0,0,1,0,0,0
2025-07-16 08:45:42,ROP,0,0,0,0,0,0,0,1,1,0,0,0
2025-07-16 08:45:43,ROST,0,0,0,0,0,0,0,1,1,1,0,0
2025-07-16 08:45:44,RCL,1,0,0,0,0,1,1,1,1,1,0,0
2025-07-16 08:45:45,SPGI,0,0,0,0,0,0,0,1,1,1,0,0
2025-07-16 08:45:45,CRM,0,0,0,0,0,0,0,1,1,1,0,0
2025-07-16 08:45:46,SBAC,0,0,0,0,0,0,0,1,1,0,0,0
2025-07-16 08:45:47,SLB,0,0,0,0,0,0,0,0,1,1,0,0
2025-07-16 08:45:48,STX,0,0,0,0,0,1,0,1,1,1,0,0
2025-07-16 08:45:48,SRE,0,0,0,0,0,0,0,0,1,0,0,0
2025-07-16 08:45:49,NOW,0,0,0,0,0,0,0,1,1,1,0,0
2025-07-16 08:45:50,SHW,0,0,0,0,0,0,0,1,1,1,0,0
2025-07-16 08:45:51,SPG,0,0,0,0,0,0,0,1,1,1,0,0
2025-07-16 08:45:51,SWKS,0,0,0,0,0,0,0,1,1,1,1,0
2025-07-16 08:45:52,SJM,0,0,1,0,0,0,0,1,1,1,0,0
2025-07-16 08:45:53,SW,0,0,0,0,0,0,0,0,1,1,0,0
2025-07-16 08:45:53,SNA,0,0,0,0,0,0,0,1,1,1,0,0
2025-07-16 08:45:54,SOLV,0,0,0,0,0,0,0,0,1,1,1,0
2025-07-16 08:45:55,SO,0,0,0,0,0,0,0,0,1,0,0,0
2025-07-16 08:45:56,LUV,0,0,0,0,0,0,0,0,1,1,0,0
2025-07-16 08:45:56,SWK,0,0,0,0,0,0,0,1,1,1,1,0
2025-07-16 08:45:57,SBUX,0,0,1,0,0,0,0,1,1,1,0,0
2025-07-16 08:45:58,STT,0,0,1,0,0,0,0,1,1,1,0,0
2025-07-16 08:45:59,STLD,0,0,0,0,0,0,0,1,1,1,0,0
2025-07-16 08:46:00,STE,0,0,0,0,0,0,0,1,1,0,1,0
2025-07-16 08:46:00,SYK,0,0,0,0,0,1,0,1,1,0,0,0
2025-07-16 08:46:01,SMCI,0,0,1,0,0,1,0,1,1,1,1,0
2025-07-16 08:46:02,SYF,0,0,0,0,0,0,0,0,1,1,0,0
2025-07-16 08:46:02,SNPS,1,0,1,0,0,1,1,1,1,1,0,0
2025-07-16 08:46:03,SYY,0,0,0,0,0,0,0,0,1,1,0,0
2025-07-16 08:46:04,TMUS,0,0,0,0,0,0,0,1,1,0,0,0
2025-07-16 08:46:05,TROW,0,0,0,0,0,0,0,0,1,1,0,0
2025-07-16 08:46:05,TTWO,0,0,0,0,0,0,0,1,1,1,0,0
2025-07-16 08:46:06,TPR,1,0,1,0,0,1,1,1,1,1,0,0
2025-07-16 08:46:07,TRGP,0,0,1,0,0,0,0,1,1,1,0,0
2025-07-16 08:46:08,TGT,0,0,0,0,0,0,0,1,1,1,0,0
2025-07-16 08:46:09,TEL,0,0,0,0,0,0,0,1,1,1,0,0
2025-07-16 08:46:09,TDY,0,0,0,0,0,0,0,1,1,1,0,0
2025-07-16 08:46:10,TER,0,0,0,0,0,0,0,1,1,1,1,0
2025-07-16 08:46:11,TSLA,0,0,0,0,0,0,0,1,1,1,0,0
2025-07-16 08:46:12,TXN,0,0,0,0,0,0,0,1,1,1,0,0
2025-07-16 08:46:12,TPL,0,0,0,0,0,0,0,1,1,1,0,0
2025-07-16 08:46:13,TXT,0,0,0,0,0,0,0,0,1,1,0,0
2025-07-16 08:46:14,TMO,0,0,1,0,0,0,0,1,1,1,0,0
2025-07-16 08:46:15,TJX,0,0,0,0,0,0,0,0,1,1,0,0
2025-07-16 08:46:15,TKO,0,0,0,0,0,0,0,1,1,1,0,0
2025-07-16 08:46:16,TSCO,0,0,0,0,0,0,0,0,1,1,0,0
2025-07-16 08:46:17,TT,0,0,0,0,0,0,0,1,1,0,0,0
2025-07-16 08:46:18,TDG,0,0,0,0,0,0,0,1,1,1,0,0
2025-07-16 08:46:19,TRV,1,0,1,0,0,0,1,1,1,1,0,0
2025-07-16 08:46:19,TRMB,0,0,0,0,0,0,0,0,1,1,0,0
2025-07-16 08:46:20,TFC,0,0,0,0,0,0,0,0,1,1,0,0
2025-07-16 08:46:21,TYL,0,0,0,0,0,0,0,1,1,1,0,0
2025-07-16 08:46:21,TSN,0,0,0,0,0,0,0,0,1,1,0,0
2025-07-16 08:46:22,USB,0,0,0,0,0,0,0,0,1,1,0,0
2025-07-16 08:46:23,UBER,0,0,0,0,0,0,0,1,1,1,1,0
2025-07-16 08:46:23,UDR,0,0,0,0,0,1,0,0,1,1,0,0
2025-07-16 08:46:24,ULTA,0,0,1,0,0,0,0,1,1,1,0,0
2025-07-16 08:46:25,UNP,0,0,0,0,0,0,0,1,1,0,0,0
2025-07-16 08:46:25,UAL,0,0,0,0,0,0,0,1,1,1,0,0
2025-07-16 08:46:26,UPS,0,0,0,0,0,0,0,1,1,0,0,0
2025-07-16 08:46:26,URI,0,0,0,0,0,0,0,1,1,1,0,0
2025-07-16 08:46:27,UNH,0,0,1,0,0,0,0,1,1,1,0,0
2025-07-16 08:46:28,UHS,1,0,1,0,0,0,1,1,1,1,0,0
2025-07-16 08:46:28,VLO,0,0,1,0,0,0,0,1,1,1,0,0
2025-07-16 08:46:29,VTR,0,0,0,0,0,0,0,0,1,1,0,0
2025-07-16 08:46:30,VLTO,0,0,0,0,0,0,0,0,1,1,0,0
2025-07-16 08:46:30,VRSN,0,0,0,0,0,0,0,1,1,0,0,0
2025-07-16 08:46:31,VRSK,0,0,0,0,0,0,0,1,1,1,0,0
2025-07-16 08:46:32,VZ,0,0,0,0,0,0,0,0,1,0,0,0
2025-07-16 08:46:32,VRTX,0,0,1,0,0,0,0,1,1,1,0,0
2025-07-16 08:46:33,VTRS,0,0,0,0,0,0,0,0,1,1,0,0
2025-07-16 08:46:34,VICI,0,0,0,0,0,0,0,0,1,1,0,0
2025-07-16 08:46:34,V,0,0,0,0,0,0,0,1,1,0,0,0
2025-07-16 08:46:35,VST,0,0,0,0,0,0,0,1,1,1,0,0
2025-07-16 08:46:36,VMC,0,0,1,0,0,0,0,1,1,1,0,0
2025-07-16 08:46:36,WRB,0,0,0,0,0,0,0,0,1,1,0,0
2025-07-16 08:46:37,GWW,0,0,0,0,0,0,0,1,1,1,0,0
2025-07-16 08:46:38,WAB,0,0,0,0,0,0,0,1,1,0,0,0
2025-07-16 08:46:38,WBA,0,0,0,0,0,0,0,0,0,0,0,0
2025-07-16 08:46:39,WMT,0,0,0,0,0,1,0,0,1,0,0,0
2025-07-16 08:46:40,DIS,0,0,0,0,0,0,0,0,1,0,0,0
2025-07-16 08:46:40,WBD,0,0,0,0,0,0,0,0,1,1,0,0
2025-07-16 08:46:41,WM,0,0,0,0,0,0,0,1,1,0,0,0
2025-07-16 08:46:42,WAT,1,0,1,0,0,0,1,1,1,1,1,0
2025-07-16 08:46:42,WEC,0,0,0,0,0,0,0,0,1,1,0,0
2025-07-16 08:46:43,WFC,1,0,1,0,0,0,1,0,1,1,0,0
2025-07-16 08:46:44,WELL,1,0,0,0,0,1,1,1,1,1,0,0
2025-07-16 08:46:45,WST,0,0,0,0,0,0,0,1,1,1,0,0
2025-07-16 08:46:45,WDC,0,0,0,0,0,0,0,0,1,0,1,0
2025-07-16 08:46:46,WY,0,0,1,0,0,0,0,0,1,1,0,0
2025-07-16 08:46:46,WSM,0,0,0,0,0,0,0,1,1,1,0,0
2025-07-16 08:46:47,WMB,1,0,1,0,0,1,1,0,1,1,0,0
2025-07-16 08:46:48,WTW,1,0,1,0,0,0,1,1,1,1,0,0
2025-07-16 08:46:49,WDAY,0,0,0,0,0,1,0,1,1,1,0,0
2025-07-16 08:46:49,WYNN,1,0,1,0,0,1,1,1,1,1,0,0
2025-07-16 08:46:50,XEL,0,0,0,0,0,0,0,0,1,1,0,0
2025-07-16 08:46:51,XYL,0,0,0,0,0,0,0,0,1,1,0,0
2025-07-16 08:46:51,YUM,0,0,0,0,0,0,0,1,1,1,0,0
2025-07-16 08:46:52,ZBRA,0,0,0,0,0,0,0,1,1,1,0,0
2025-07-16 08:46:52,ZBH,0,0,0,0,0,0,0,1,1,1,1,0
2025-07-16 08:46:53,ZTS,0,0,1,0,0,0,0,1,1,1,0,0
2025-07-16 09:30:51,MMM,0,0,0,0,0,1,0,1,1,0,0,0
2025-07-16 09:30:52,AOS,0,0,0,0,0,1,0,0,1,0,1,0
2025-07-16 09:30:53,ABBV,0,0,0,0,0,1,0,1,1,0,1,0
2025-07-16 09:30:54,ACN,0,0,0,0,0,1,0,1,1,0,1,0
2025-07-16 09:30:54,ADBE,0,0,0,0,0,1,0,1,1,0,0,0
2025-07-16 09:30:55,AMD,0,0,0,0,0,1,0,1,1,0,0,0
2025-07-16 09:30:56,AES,0,0,0,0,0,1,0,0,1,0,0,0
2025-07-16 09:30:57,AFL,0,0,0,0,0,1,0,0,1,0,1,0
2025-07-16 09:30:58,A,0,0,0,0,0,1,0,1,1,0,1,0
2025-07-16 09:30:59,APD,0,0,0,0,0,1,0,1,1,0,1,0
2025-07-16 09:31:00,ABNB,0,0,0,0,0,1,0,1,1,0,0,0
2025-07-16 09:31:00,AKAM,0,0,0,0,0,1,0,0,1,0,0,0
2025-07-16 09:31:01,ALB,0,0,0,0,0,1,0,1,1,0,1,0
2025-07-16 09:31:02,ARE,0,0,0,0,0,1,0,1,1,0,1,0
2025-07-16 09:31:03,ALGN,0,0,0,0,0,0,0,1,1,0,0,0
2025-07-16 09:31:03,ALLE,0,0,0,0,0,1,0,1,1,0,1,0
2025-07-16 09:31:04,LNT,0,0,0,0,0,1,0,0,1,0,0,0
2025-07-16 09:31:05,ALL,0,0,0,0,0,1,0,1,1,0,1,0
2025-07-16 09:31:06,GOOGL,0,0,0,0,0,0,0,1,1,0,0,0
2025-07-16 09:31:06,GOOG,0,0,0,0,0,0,0,1,1,0,0,0
2025-07-16 09:31:07,MO,0,0,0,0,0,1,0,0,1,0,0,0
2025-07-16 09:31:08,AMZN,0,0,0,0,0,0,0,1,1,0,0,0
2025-07-16 09:31:09,AMCR,0,0,0,0,0,1,0,0,1,0,1,0
2025-07-16 09:31:09,AEE,0,0,0,0,0,1,0,0,1,0,0,0
2025-07-16 09:31:10,AEP,0,0,0,0,0,0,0,0,1,0,0,0
2025-07-16 09:31:11,AXP,0,0,0,0,0,1,0,1,1,0,1,0
2025-07-16 09:31:12,AIG,0,0,0,0,0,1,0,0,1,0,0,0
2025-07-16 09:31:12,AMT,0,0,0,0,0,1,0,1,1,0,1,0
2025-07-16 09:31:13,AWK,0,0,0,0,0,1,0,1,1,0,1,0
2025-07-16 09:31:14,AME,0,0,0,0,0,1,0,1,1,0,1,0
2025-07-16 09:31:14,AMGN,0,0,0,0,0,1,0,1,1,0,0,0
2025-07-16 09:31:15,APH,0,0,0,0,0,0,0,0,1,0,1,0
2025-07-16 09:31:16,ADI,0,0,0,0,0,0,0,1,1,0,0,0
2025-07-16 09:31:17,ANSS,0,0,0,0,0,0,0,1,1,0,0,0
2025-07-16 09:31:17,AON,0,0,0,0,0,1,0,1,1,0,1,0
2025-07-16 09:31:18,APA,0,0,0,0,0,1,0,0,1,0,0,0
2025-07-16 09:31:19,APO,0,0,0,0,0,1,0,1,1,0,1,0
2025-07-16 09:31:20,AAPL,0,0,0,0,0,1,0,1,1,0,0,0
2025-07-16 09:31:20,AMAT,0,0,0,0,0,0,0,1,1,0,0,0
2025-07-16 09:31:21,APTV,0,0,0,0,0,1,0,0,1,0,1,0
2025-07-16 09:31:21,ACGL,0,0,0,0,0,1,0,0,1,0,0,0
2025-07-16 09:31:22,ADM,0,0,0,0,0,1,0,0,1,0,0,0
2025-07-16 09:31:23,ANET,0,0,0,0,0,0,0,1,1,0,1,0
2025-07-16 09:31:24,AJG,0,0,0,0,0,1,0,1,1,0,1,0
2025-07-16 09:31:25,T,0,0,0,0,0,0,0,0,1,0,0,0
2025-07-16 09:31:25,ATO,0,0,0,0,0,1,0,1,1,0,0,0
2025-07-16 09:31:26,ADSK,0,0,0,0,0,0,0,1,1,0,0,0
2025-07-16 09:31:27,ADP,0,0,0,0,0,0,0,1,1,0,0,0
2025-07-16 09:31:27,AVB,0,0,0,0,0,1,0,1,1,0,1,0
2025-07-16 09:31:28,AVY,0,0,0,0,0,1,0,1,1,0,1,0
2025-07-16 09:31:29,AXON,0,0,0,0,0,1,0,1,1,0,0,0
2025-07-16 09:31:30,BKR,0,0,0,0,0,0,0,0,1,1,0,0
2025-07-16 09:31:30,BAC,0,0,0,0,0,0,0,0,1,0,1,0
2025-07-16 09:31:31,BAX,0,0,0,0,0,1,0,0,1,0,1,0
2025-07-16 09:31:32,BDX,0,0,0,0,0,0,0,1,1,0,0,0
2025-07-16 09:31:32,BRK-B,0,0,0,0,0,0,0,1,0,0,1,0
2025-07-16 09:31:33,BBY,0,0,0,0,0,0,0,1,1,0,1,0
2025-07-16 09:31:34,BIIB,0,0,0,0,0,0,0,1,1,0,0,0
2025-07-16 09:31:34,BLK,0,0,0,0,0,1,0,1,1,0,1,0
2025-07-16 09:31:35,BX,0,0,0,0,0,1,0,1,1,0,1,0
2025-07-16 09:31:36,BK,0,0,0,0,0,0,0,0,1,0,0,0
2025-07-16 09:31:37,BA,0,0,0,0,0,0,0,1,1,0,0,0
2025-07-16 09:31:37,BKNG,0,0,0,0,0,1,0,1,1,0,0,0
2025-07-16 09:31:38,BSX,0,0,0,0,0,1,0,0,1,0,0,0
2025-07-16 09:31:39,BMY,0,0,0,0,0,1,0,0,1,0,1,0
2025-07-16 09:31:39,AVGO,0,0,0,0,0,1,0,1,1,0,0,0
2025-07-16 09:31:40,BR,0,0,0,0,0,1,0,1,1,0,0,0
2025-07-16 09:31:41,BRO,0,0,0,0,0,1,0,0,1,0,1,0
2025-07-16 09:31:42,BF-B,0,0,0,0,0,1,0,0,0,0,1,0
2025-07-16 09:31:42,BLDR,0,0,0,0,0,1,0,1,1,0,1,0
2025-07-16 09:31:43,BG,0,0,0,0,0,1,0,1,1,0,0,0
2025-07-16 09:31:43,BXP,0,0,0,0,0,0,0,0,1,0,1,0
2025-07-16 09:31:44,CHRW,0,0,0,0,0,1,0,1,1,0,1,0
2025-07-16 09:31:45,CDNS,0,0,0,0,0,0,0,1,1,0,0,0
2025-07-16 09:31:45,CZR,0,0,0,0,0,1,0,0,1,0,0,0
2025-07-16 09:31:46,CPB,0,0,0,0,0,1,0,0,1,0,0,0
2025-07-16 09:31:47,COF,0,0,0,0,0,0,0,1,1,0,1,0
2025-07-16 09:31:47,CAH,0,0,0,0,0,1,0,1,1,0,0,0
2025-07-16 09:31:48,KMX,0,0,0,0,0,0,0,0,1,0,1,0
2025-07-16 09:31:49,CCL,0,0,0,0,0,1,0,0,1,0,0,0
2025-07-16 09:31:49,CARR,0,0,0,0,0,0,0,0,1,0,0,0
2025-07-16 09:31:50,CAT,0,0,0,0,0,1,0,1,1,0,0,0
2025-07-16 09:31:51,CBOE,0,0,0,0,0,1,0,1,1,0,1,0
2025-07-16 09:31:52,CBRE,0,0,0,0,0,1,0,1,1,0,1,0
2025-07-16 09:31:52,CDW,0,0,0,0,0,0,0,1,1,0,0,0
2025-07-16 09:31:53,CNC,0,0,0,0,0,0,0,1,1,0,1,0
2025-07-16 09:31:54,CNP,0,0,0,0,0,0,0,0,1,0,0,0
2025-07-16 09:31:55,CF,0,0,0,0,0,1,0,1,1,0,1,0
2025-07-16 09:31:56,CRL,0,0,0,0,0,1,0,1,1,0,1,0
2025-07-16 09:31:56,SCHW,0,0,0,0,0,0,0,0,1,0,1,0
2025-07-16 09:31:57,CHTR,0,0,0,0,0,1,0,1,1,0,0,0
2025-07-16 09:31:58,CVX,0,0,0,0,0,1,0,1,1,0,0,0
2025-07-16 09:31:59,CMG,0,0,0,0,0,0,0,0,1,0,1,0
2025-07-16 09:31:59,CB,0,0,0,0,0,1,0,1,1,0,0,0
2025-07-16 09:32:00,CHD,0,0,0,0,0,1,0,0,1,0,1,0
2025-07-16 09:32:01,CI,0,0,0,0,0,0,0,1,1,0,0,0
2025-07-16 09:32:02,CINF,0,0,0,0,0,1,0,1,1,0,0,0
2025-07-16 09:32:03,CTAS,0,0,0,0,0,1,0,1,1,0,0,0
2025-07-16 09:32:03,CSCO,0,0,0,0,0,0,0,0,1,0,0,0
2025-07-16 09:32:04,C,0,0,0,0,0,0,0,0,1,0,0,0
2025-07-16 09:32:05,CFG,0,0,0,0,0,0,0,0,1,0,1,0
2025-07-16 09:32:06,CLX,0,0,0,0,0,0,0,1,1,0,1,0
2025-07-16 09:32:07,CME,0,0,0,0,0,1,0,1,1,0,0,0
2025-07-16 09:32:08,CMS,0,0,0,0,0,1,0,0,1,0,0,0
2025-07-16 09:32:09,KO,0,0,0,0,0,1,0,0,1,0,0,0
2025-07-16 09:32:09,CTSH,0,0,0,0,0,1,0,0,1,0,0,0
2025-07-16 09:32:10,COIN,0,0,0,0,0,1,0,1,1,0,1,0
2025-07-16 09:32:11,CL,0,0,0,0,0,1,0,0,1,0,0,0
2025-07-16 09:32:12,CMCSA,0,0,0,0,0,0,0,0,1,0,0,0
2025-07-16 09:32:13,CAG,0,0,0,0,0,1,0,0,1,0,1,0
2025-07-16 09:32:15,COP,0,0,0,0,0,1,0,0,1,0,1,0
2025-07-16 09:32:15,ED,0,0,0,0,0,1,0,0,1,0,0,0
2025-07-16 09:32:16,STZ,0,0,0,0,0,1,0,1,1,0,0,0
2025-07-16 09:32:17,CEG,0,0,0,0,0,0,0,1,1,0,0,0
2025-07-16 09:32:18,COO,0,0,0,0,0,1,0,0,1,0,1,0
2025-07-16 09:32:18,CPRT,0,0,0,0,0,0,0,0,1,0,0,0
2025-07-16 09:32:19,GLW,0,0,0,0,0,0,0,0,1,0,1,0
2025-07-16 09:32:20,CPAY,0,0,0,0,0,1,0,1,1,0,1,0
2025-07-16 09:32:21,CTVA,0,0,0,0,0,1,0,0,1,0,1,0
2025-07-16 09:32:21,CSGP,0,0,0,0,0,1,0,0,1,0,0,0
2025-07-16 09:32:22,COST,0,0,0,0,0,0,0,1,1,0,0,0
2025-07-16 09:32:23,CTRA,0,0,0,0,0,1,0,0,1,0,1,0
2025-07-16 09:32:24,CRWD,0,0,0,0,0,0,0,1,1,0,0,0
2025-07-16 09:32:25,CCI,0,0,0,0,0,1,0,0,1,0,1,0
2025-07-16 09:32:25,CSX,0,0,0,0,0,0,0,0,1,0,0,0
2025-07-16 09:32:26,CMI,0,0,0,0,0,1,0,1,1,0,0,0
2025-07-16 09:32:27,CVS,0,0,0,0,0,1,0,0,1,0,0,0
2025-07-16 09:32:28,DHR,0,0,0,0,0,0,0,1,1,0,1,0
2025-07-16 09:32:28,DRI,0,0,0,0,0,1,0,1,1,0,0,0
2025-07-16 09:32:29,DDOG,0,0,0,0,0,0,0,1,1,0,0,0
2025-07-16 09:32:30,DVA,0,0,0,0,0,1,0,1,1,0,1,0
2025-07-16 09:32:31,DAY,0,0,0,0,0,0,0,0,1,0,1,0
2025-07-16 09:32:31,DECK,0,0,0,0,0,1,0,1,1,0,1,0
2025-07-16 09:32:32,DE,0,0,0,0,0,1,0,1,1,0,0,0
2025-07-16 09:32:33,DELL,0,0,0,0,0,0,0,1,1,0,1,0
2025-07-16 09:32:33,DAL,0,0,0,0,0,0,0,1,1,0,1,0
2025-07-16 09:32:34,DVN,0,0,0,0,0,1,0,0,1,0,1,0
2025-07-16 09:32:35,DXCM,0,0,0,0,0,1,0,1,1,0,0,0
2025-07-16 09:32:35,FANG,0,0,0,0,0,1,0,1,1,0,0,0
2025-07-16 09:32:36,DLR,0,0,0,0,0,1,0,1,1,0,0,0
2025-07-16 09:32:37,DG,0,0,0,0,0,1,0,1,1,0,0,0
2025-07-16 09:32:37,DLTR,0,0,0,0,0,0,0,1,1,0,0,0
2025-07-16 09:32:38,D,0,0,0,0,0,1,0,0,1,0,0,0
2025-07-16 09:32:38,DPZ,0,0,0,0,0,0,0,1,1,0,0,0
2025-07-16 09:32:39,DASH,0,0,0,0,0,0,0,1,1,0,0,0
2025-07-16 09:32:40,DOV,0,0,0,0,0,0,0,1,1,0,1,0
2025-07-16 09:32:40,DOW,0,0,0,0,0,1,0,0,1,1,1,0
2025-07-16 09:32:41,DHI,0,0,0,0,0,1,0,1,1,0,1,0
2025-07-16 09:32:42,DTE,0,0,0,0,0,1,0,0,1,0,0,0
2025-07-16 09:32:43,DUK,0,0,0,0,0,0,0,0,1,0,0,0
2025-07-16 09:32:45,DD,0,0,0,0,0,0,0,0,1,0,1,0
2025-07-16 09:32:45,EMN,0,0,0,0,0,1,0,1,1,0,1,0
2025-07-16 09:32:46,ETN,0,0,0,0,0,1,0,1,1,0,1,0
2025-07-16 09:32:47,EBAY,0,0,0,0,0,0,0,0,1,0,0,0
2025-07-16 09:32:48,ECL,0,0,0,0,0,0,0,1,1,0,1,0
2025-07-16 09:32:48,EIX,0,0,0,0,0,1,0,0,1,0,1,0
2025-07-16 09:32:49,EW,0,0,0,0,0,0,0,0,1,0,1,0
2025-07-16 09:32:50,EA,0,0,0,0,0,0,0,1,1,0,0,0
2025-07-16 09:57:07,MMM,0,0,0,0,0,0,0,1,1,0,0,1
2025-07-16 09:57:08,AOS,0,0,0,0,0,1,0,0,1,0,0,1
2025-07-16 09:57:09,ABT,0,0,0,0,0,0,0,1,1,0,0,1
2025-07-16 09:57:09,ABBV,0,0,1,0,0,1,0,1,1,0,0,1
2025-07-16 09:57:10,ACN,0,0,1,0,0,1,0,1,1,0,0,1
2025-07-16 09:57:11,ADBE,0,0,0,0,0,0,0,1,1,0,0,1
2025-07-16 09:57:12,AMD,0,0,0,0,0,0,0,1,1,0,0,1
2025-07-16 09:57:13,AES,0,0,1,0,0,1,0,0,1,1,1,1
2025-07-16 09:57:13,AFL,0,0,1,0,0,1,0,0,1,0,0,1
2025-07-16 09:57:14,A,0,0,1,0,0,0,0,1,1,0,0,1
2025-07-16 09:57:15,APD,0,0,0,0,0,0,0,1,1,0,0,1
2025-07-16 09:57:16,ABNB,0,0,0,0,0,0,0,1,1,0,0,1
2025-07-16 09:57:16,AKAM,0,0,1,0,0,1,0,0,1,0,0,1
2025-07-16 09:57:17,ALB,0,0,0,0,0,0,0,1,1,1,0,1
2025-07-16 09:57:18,ARE,0,0,1,0,0,1,0,1,1,1,0,1
2025-07-16 09:57:19,ALGN,0,0,1,0,0,1,0,1,1,1,0,1
2025-07-16 09:57:20,ALLE,0,0,0,0,0,0,0,1,1,0,0,1
2025-07-16 09:57:21,LNT,0,0,1,0,0,1,0,0,1,0,0,1
2025-07-16 09:57:22,ALL,0,0,1,0,0,1,0,1,1,0,0,1
2025-07-16 09:57:24,GOOGL,0,0,0,0,0,0,0,1,1,0,0,1
2025-07-16 09:57:24,GOOG,0,0,0,0,0,0,0,1,1,0,0,1
2025-07-16 09:57:25,MO,0,0,0,0,0,0,0,0,1,0,0,1
2025-07-16 09:57:26,AMZN,0,0,0,0,0,0,0,1,1,0,0,1
2025-07-16 09:57:27,AMCR,0,0,0,0,0,0,0,0,1,0,0,1
2025-07-16 09:57:28,AEE,0,0,0,0,0,1,0,0,1,0,0,1
2025-07-16 09:57:28,AEP,0,0,1,0,0,1,0,0,1,0,0,1
2025-07-16 09:57:29,AXP,0,0,0,0,0,0,0,1,1,0,0,1
2025-07-16 09:57:30,AIG,0,0,1,0,0,1,0,0,1,0,0,1
2025-07-16 09:57:31,AMT,0,0,0,0,0,1,0,1,1,0,0,1
2025-07-16 09:57:32,AWK,0,0,1,0,0,1,0,1,1,0,0,1
2025-07-16 09:57:33,AMP,0,0,1,0,0,1,0,1,1,0,0,1
2025-07-16 09:57:33,AME,0,0,0,0,0,0,0,1,1,0,0,1
2025-07-16 09:57:34,AMGN,0,0,1,0,0,1,0,1,1,0,0,1
2025-07-16 09:57:36,APH,0,0,0,0,0,0,0,0,1,0,0,1
2025-07-16 09:57:37,ADI,0,0,0,0,0,0,0,1,1,0,0,1
2025-07-16 09:57:38,ANSS,0,0,0,0,0,0,0,1,1,0,0,1
2025-07-16 09:57:39,AON,0,0,0,0,0,1,0,1,1,0,0,1
2025-07-16 09:57:40,APA,0,0,0,0,0,0,0,0,1,0,0,1
2025-07-16 09:57:40,APO,0,0,1,0,0,1,0,1,1,0,1,1
2025-07-16 09:57:41,AAPL,0,0,0,0,0,1,0,1,1,0,0,1
2025-07-16 09:57:42,AMAT,0,0,1,0,0,1,0,1,1,1,0,1
2025-07-16 09:57:43,APTV,0,0,0,0,0,1,0,0,1,0,1,1
2025-07-16 09:57:43,ACGL,0,0,1,0,0,1,0,0,1,0,0,1
2025-07-16 09:57:44,ADM,0,0,1,0,0,1,0,0,1,0,0,1
2025-07-16 09:57:45,ANET,0,0,1,0,0,0,0,1,1,0,0,1
2025-07-16 09:57:46,AJG,0,0,1,0,0,0,0,1,1,0,0,1
2025-07-16 09:57:47,AIZ,0,0,1,0,0,1,0,1,1,0,0,1
2025-07-16 09:57:48,T,0,0,0,0,0,0,0,0,1,0,0,1
2025-07-16 09:57:49,ATO,0,0,1,0,0,1,0,1,1,0,0,1
2025-07-16 09:57:50,ADSK,0,0,1,0,0,1,0,1,1,0,0,1
2025-07-16 09:57:50,ADP,0,0,1,0,0,1,0,1,1,0,0,1
2025-07-16 09:57:51,AZO,0,0,0,0,0,0,0,1,1,0,0,1
2025-07-16 09:57:52,AVB,0,0,0,0,0,0,0,1,1,0,0,1
2025-07-16 09:57:53,AVY,0,0,0,0,0,0,0,1,1,0,0,1
2025-07-16 09:57:54,AXON,0,0,0,0,0,0,0,1,1,1,0,1
2025-07-16 09:57:54,BKR,0,0,0,0,0,0,0,0,1,0,0,1
2025-07-16 09:57:55,BALL,0,0,0,0,0,1,0,0,1,0,0,1
2025-07-16 09:57:56,BAC,0,0,0,0,0,0,0,0,1,1,0,1
2025-07-16 09:57:57,BAX,0,0,1,0,0,1,0,0,1,0,0,1
2025-07-16 09:57:57,BDX,0,0,0,0,0,0,0,1,1,0,0,1
2025-07-16 09:57:58,BRK-B,0,0,1,0,0,0,0,1,0,0,0,1
2025-07-16 09:57:59,BBY,0,0,0,0,0,0,0,1,1,1,0,1
2025-07-16 09:58:00,TECH,0,0,0,0,0,0,0,0,1,0,1,1
2025-07-16 09:58:00,BIIB,0,0,1,0,0,1,0,1,1,0,0,1
2025-07-16 09:58:01,BLK,0,0,1,0,0,1,0,1,1,1,0,1
2025-07-16 09:58:02,BX,0,0,1,0,0,1,0,1,1,0,1,1
2025-07-16 09:58:03,BK,0,0,0,0,0,0,0,0,1,1,0,1
2025-07-16 09:58:03,BA,0,0,0,0,0,0,0,1,1,1,0,1
2025-07-16 09:58:04,BKNG,0,0,1,0,0,0,0,1,1,0,0,1
2025-07-16 09:58:05,BSX,0,0,1,0,0,1,0,0,1,0,0,1
2025-07-16 09:58:06,BMY,0,0,0,0,0,1,0,0,1,1,0,1
2025-07-16 09:58:06,AVGO,0,0,0,0,0,0,0,1,1,1,0,1
2025-07-16 09:58:07,BR,0,0,0,0,0,0,0,1,1,0,0,1
2025-07-16 09:58:08,BRO,0,0,1,0,0,1,0,0,1,0,0,1
2025-07-16 09:58:09,BF-B,0,0,0,0,0,0,0,0,0,0,0,0
2025-07-16 09:58:10,BLDR,0,0,0,0,0,0,0,1,1,1,0,1
2025-07-16 09:58:10,BG,0,0,0,0,0,1,0,1,1,0,0,1
2025-07-16 09:58:11,BXP,0,0,1,0,0,0,0,0,1,0,0,1
2025-07-16 09:58:12,CHRW,0,0,0,0,0,0,0,1,1,0,1,1
2025-07-16 09:58:13,CDNS,0,0,0,0,0,0,0,1,1,0,0,1
2025-07-16 09:58:13,CZR,0,0,0,0,0,0,0,0,1,1,0,1
2025-07-16 09:58:14,CPT,0,0,1,0,0,1,0,1,1,0,0,1
2025-07-16 09:58:15,CPB,0,0,0,0,0,1,0,0,1,0,0,1
2025-07-16 09:58:16,COF,0,0,0,0,0,0,0,1,1,0,0,1
2025-07-16 09:58:16,CAH,0,0,1,0,0,1,0,1,1,0,0,1
2025-07-16 09:58:17,KMX,0,0,0,0,0,0,0,1,1,1,0,1
2025-07-16 09:58:18,CCL,0,0,0,0,0,0,0,0,1,0,1,1
2025-07-16 09:58:19,CARR,0,0,0,0,0,0,0,0,1,1,0,1
2025-07-16 09:58:20,CAT,0,0,0,0,0,0,0,1,1,0,0,1
2025-07-16 09:58:20,CBOE,0,0,1,0,0,1,0,1,1,0,0,1
2025-07-16 09:58:21,CBRE,0,0,1,0,0,1,0,1,1,0,0,1
2025-07-16 09:58:23,CDW,0,0,0,0,0,1,0,1,1,0,0,1
2025-07-16 09:58:27,COR,0,0,1,0,0,1,0,1,1,0,0,1
2025-07-16 09:58:27,CNC,0,0,1,0,0,1,0,1,1,1,0,1
2025-07-16 09:58:28,CNP,0,0,0,0,0,0,0,0,1,0,0,1
2025-07-16 09:58:29,CF,0,0,0,0,0,0,0,1,1,0,0,1
2025-07-16 09:58:30,CRL,0,0,0,0,0,0,0,1,1,0,0,1
2025-07-16 09:58:30,SCHW,0,0,1,0,0,1,0,0,1,0,0,1
2025-07-16 09:58:31,CHTR,0,0,0,0,0,0,0,1,1,0,0,1
2025-07-16 09:58:32,CVX,0,0,0,0,0,0,0,1,1,0,0,1
2025-07-16 09:58:33,CMG,0,0,0,0,0,0,0,0,1,0,0,1
2025-07-16 09:58:34,CB,0,0,1,0,0,1,0,1,1,0,0,1
2025-07-16 09:58:34,CHD,0,0,0,0,0,1,0,0,1,0,0,1
2025-07-16 09:58:35,CI,0,0,1,0,0,1,0,1,1,0,0,1
2025-07-16 09:58:36,CINF,0,0,1,0,0,1,0,1,1,1,0,1
2025-07-16 09:58:36,CTAS,0,0,0,0,0,0,0,1,1,0,0,1
2025-07-16 09:58:37,CSCO,0,0,1,0,0,1,0,0,1,0,0,1
2025-07-16 09:58:38,C,0,0,0,0,0,0,0,0,1,1,0,1
2025-07-16 09:58:39,CFG,0,0,0,0,0,0,0,0,1,0,0,1
2025-07-16 09:58:39,CLX,0,0,1,0,0,1,0,1,1,1,0,1
2025-07-16 09:58:40,CME,0,0,0,0,0,1,0,1,1,0,0,1
2025-07-16 09:58:41,CMS,0,0,1,0,0,1,0,0,1,0,0,1
2025-07-16 09:58:43,KO,0,0,1,0,0,1,0,0,1,0,0,1
2025-07-16 09:58:43,CTSH,0,0,1,0,0,1,0,0,1,0,0,1
2025-07-16 09:58:44,COIN,0,0,0,0,0,1,0,1,1,1,1,1
2025-07-16 09:58:45,CL,0,0,0,0,0,0,0,0,1,0,0,1
2025-07-16 09:58:46,CMCSA,0,0,0,0,0,0,0,0,1,0,0,1
2025-07-16 09:58:47,CAG,0,0,0,0,0,1,0,0,1,0,0,1
2025-07-16 09:58:47,COP,0,0,0,0,0,0,0,0,1,0,0,1
2025-07-16 09:58:48,ED,0,0,1,0,0,1,0,0,1,0,0,1
2025-07-16 09:58:49,STZ,0,0,1,0,0,1,0,1,1,0,0,1
2025-07-16 09:58:50,CEG,0,0,0,0,0,0,0,1,1,1,0,1
2025-07-16 09:58:50,COO,0,0,0,0,0,0,0,0,1,0,1,1
2025-07-16 09:58:51,CPRT,0,0,1,0,0,1,0,0,1,0,0,1
2025-07-16 09:58:52,GLW,0,0,0,0,0,0,0,0,1,0,0,1
2025-07-16 09:58:53,CPAY,0,0,1,0,0,1,0,1,1,0,0,1
2025-07-16 09:58:53,CTVA,0,0,0,0,0,0,0,0,1,0,0,1
2025-07-16 09:58:54,CSGP,0,0,0,0,0,0,0,0,1,0,0,1
2025-07-16 09:58:55,COST,0,0,0,0,0,0,0,1,1,0,0,1
2025-07-16 09:58:56,CTRA,0,0,0,0,0,0,0,0,1,0,0,1
2025-07-16 09:58:56,CRWD,0,0,0,0,0,0,0,1,1,1,0,1
2025-07-16 09:58:57,CCI,0,0,0,0,0,1,0,0,1,0,0,1
2025-07-16 09:58:58,CSX,0,0,0,0,0,1,0,0,1,0,0,1
2025-07-16 09:58:59,CMI,0,0,0,0,0,0,0,1,1,0,0,1
2025-07-16 09:59:00,CVS,0,0,1,0,0,1,0,0,1,0,0,1
2025-07-16 09:59:03,DHR,0,0,0,0,0,0,0,1,1,0,0,1
2025-07-16 09:59:04,DRI,0,0,0,0,0,0,0,1,1,0,0,1
2025-07-16 09:59:04,DDOG,0,0,0,0,0,1,0,1,1,1,0,1
2025-07-16 09:59:05,DVA,0,0,0,0,0,1,0,1,1,0,0,1
2025-07-16 09:59:06,DAY,0,0,0,0,0,1,0,0,1,0,0,1
2025-07-16 09:59:07,DECK,0,0,0,0,0,1,0,1,1,0,0,1
2025-07-16 09:59:08,DE,0,0,0,0,0,0,0,1,1,0,0,1
2025-07-16 09:59:08,DELL,0,0,0,0,0,0,0,1,1,1,0,1
2025-07-16 09:59:09,DAL,0,0,0,0,0,0,0,1,1,1,1,1
2025-07-16 09:59:10,DVN,0,0,0,0,0,1,0,0,1,0,0,1
2025-07-16 09:59:11,DXCM,0,0,1,0,0,0,0,1,1,0,0,1
2025-07-16 09:59:11,FANG,0,0,0,0,0,0,0,1,1,0,0,1
2025-07-16 09:59:12,DLR,0,0,1,0,0,0,0,1,1,0,0,1
2025-07-16 09:59:13,DG,0,0,0,0,0,0,0,1,1,0,0,1
2025-07-16 09:59:14,DLTR,0,0,0,0,0,0,0,1,1,1,0,1
2025-07-16 09:59:14,D,0,0,1,0,0,1,0,0,1,0,0,1
2025-07-16 09:59:15,DPZ,0,0,0,0,0,0,0,1,1,0,0,1
2025-07-16 09:59:16,DASH,0,0,0,0,0,0,0,1,1,0,0,1
2025-07-16 09:59:17,DOV,0,0,0,0,0,0,0,1,1,0,0,1
2025-07-16 09:59:17,DOW,0,0,0,0,0,1,0,0,1,0,0,1
2025-07-16 09:59:18,DHI,0,0,1,0,0,1,0,1,1,1,0,1
2025-07-16 09:59:19,DTE,0,0,1,0,0,1,0,1,1,0,0,1
2025-07-16 09:59:20,DUK,0,0,1,0,0,1,0,0,1,0,0,1
2025-07-16 09:59:21,DD,0,0,0,0,0,0,0,0,1,0,0,1
2025-07-16 09:59:22,EMN,0,0,0,0,0,0,0,1,1,0,0,1
2025-07-16 09:59:22,ETN,0,0,0,0,0,0,0,1,1,0,0,1
2025-07-16 09:59:23,EBAY,0,0,1,0,0,1,0,0,1,0,0,1
2025-07-16 09:59:24,ECL,0,0,0,0,0,0,0,1,1,0,0,1
2025-07-16 09:59:25,EIX,0,0,1,0,0,1,0,0,1,0,0,1
2025-07-16 09:59:26,EW,0,0,1,0,0,1,0,0,1,0,0,1
2025-07-16 09:59:26,EA,0,0,1,0,0,0,0,1,1,0,0,1
2025-07-16 09:59:27,ELV,0,0,1,0,0,1,0,1,1,1,0,1
2025-07-16 09:59:28,EMR,0,0,1,0,0,1,0,1,1,0,0,1
2025-07-16 09:59:28,ENPH,0,0,0,0,0,0,0,1,1,1,0,1
2025-07-16 09:59:29,ETR,0,0,1,0,0,1,0,0,1,0,0,1
2025-07-16 09:59:30,EOG,0,0,0,0,0,0,0,1,1,0,0,1
2025-07-16 09:59:31,EPAM,0,0,1,0,0,1,0,1,1,0,0,1
2025-07-16 09:59:32,EQT,0,0,0,0,0,0,0,0,1,0,1,1
2025-07-16 09:59:32,EFX,0,0,0,0,0,1,0,1,1,0,0,1
2025-07-16 09:59:33,EQIX,0,0,1,0,0,0,0,1,1,0,0,1
2025-07-16 09:59:34,EQR,0,0,1,0,0,0,0,0,1,0,0,1
2025-07-16 09:59:35,ERIE,0,0,1,0,0,0,0,1,1,0,0,1
2025-07-16 09:59:35,ESS,0,0,1,0,0,1,0,1,1,0,0,1
2025-07-16 09:59:36,EL,0,0,0,0,0,0,0,1,1,1,1,1
2025-07-16 09:59:37,EG,0,0,0,0,0,1,0,1,1,0,0,1
2025-07-16 09:59:38,EVRG,0,0,0,0,0,0,0,0,1,0,0,1
2025-07-16 09:59:39,ES,0,0,0,0,0,0,0,0,1,0,0,1
2025-07-16 09:59:39,EXC,0,0,0,0,0,0,0,0,1,0,0,1
2025-07-16 09:59:40,EXE,0,0,0,0,0,0,0,1,1,0,0,1
2025-07-16 09:59:41,EXPE,0,0,0,0,0,0,0,1,1,0,0,1
2025-07-16 09:59:42,EXPD,0,0,0,0,0,0,0,1,1,0,0,1
2025-07-16 09:59:42,EXR,0,0,0,0,0,0,0,1,1,0,0,1
2025-07-16 09:59:43,XOM,0,0,0,0,0,0,0,0,1,0,0,1
2025-07-16 09:59:44,FFIV,0,0,0,0,0,0,0,1,1,0,0,1
2025-07-16 09:59:45,FDS,0,0,1,0,0,1,0,1,1,0,0,1
2025-07-16 09:59:45,FICO,0,0,0,0,0,0,0,1,1,1,0,1
2025-07-16 09:59:46,FAST,0,0,0,0,0,0,0,0,1,0,0,1
2025-07-16 09:59:47,FRT,0,0,1,0,0,1,0,0,1,0,0,1
2025-07-16 09:59:47,FDX,0,0,0,0,0,0,0,1,1,0,0,1
2025-07-16 09:59:48,FIS,0,0,1,0,0,1,0,0,1,0,0,1
2025-07-16 09:59:49,FITB,0,0,0,0,0,0,0,0,1,0,0,1
2025-07-16 09:59:50,FSLR,0,0,0,0,0,0,0,1,1,1,0,1
2025-07-16 09:59:51,FE,0,0,1,0,0,0,0,0,1,0,0,1
2025-07-16 09:59:52,FI,0,0,1,0,0,1,0,1,1,0,0,1
2025-07-16 09:59:53,F,0,0,0,0,0,0,0,0,1,0,0,1
2025-07-16 09:59:54,FTNT,0,0,0,0,0,0,0,1,1,1,0,1
2025-07-16 09:59:54,FTV,0,0,0,0,0,0,0,0,1,0,0,1
2025-07-16 09:59:55,FOXA,0,0,0,0,0,0,0,0,1,1,0,1
2025-07-16 09:59:56,FOX,0,0,0,0,0,0,0,0,1,1,0,1
2025-07-16 09:59:57,BEN,0,0,0,0,0,1,0,0,1,0,0,1
2025-07-16 09:59:58,FCX,0,0,0,0,0,0,0,0,1,1,0,1
2025-07-16 09:59:58,GRMN,0,0,1,0,0,1,0,1,1,0,0,1
2025-07-16 09:59:59,IT,0,0,1,0,0,0,0,1,1,0,0,1
2025-07-16 10:00:00,GE,0,0,0,0,0,0,0,1,1,0,0,1
2025-07-16 10:00:01,GEHC,0,0,1,0,0,1,0,0,1,0,0,1
2025-07-16 10:00:02,GEV,0,0,0,0,0,0,0,1,1,0,0,1
2025-07-16 10:00:02,GEN,0,0,1,0,0,1,0,0,1,0,0,1
2025-07-16 10:00:03,GNRC,0,0,0,0,0,0,0,1,1,0,0,1
2025-07-16 10:00:04,GD,0,0,0,0,0,0,0,1,1,0,0,1
2025-07-16 10:00:05,GIS,0,0,1,0,0,1,0,0,1,0,0,1
2025-07-16 10:00:06,GM,0,0,1,0,0,1,0,0,1,0,0,1
2025-07-16 10:00:07,GPC,0,0,0,0,0,1,0,1,1,0,0,1
2025-07-16 10:00:07,GILD,0,0,1,0,0,1,0,1,1,0,0,1
2025-07-16 10:00:08,GPN,0,0,0,0,0,0,0,1,1,1,1,1
2025-07-16 10:00:09,GL,0,0,1,0,0,1,0,1,1,0,0,1
2025-07-16 10:00:10,GDDY,0,0,1,0,0,0,0,1,1,1,0,1
2025-07-16 10:00:11,GS,0,0,0,0,0,0,0,1,1,1,0,1
2025-07-16 10:00:12,HAL,0,0,0,0,0,0,0,0,1,0,0,1
2025-07-16 10:00:12,HIG,0,0,1,0,0,1,0,1,1,0,0,1
2025-07-16 10:00:13,HAS,0,0,0,0,0,0,0,0,1,0,0,1
2025-07-16 10:00:14,HCA,0,0,1,0,0,0,0,1,1,1,0,1
2025-07-16 10:00:15,DOC,0,0,0,0,0,0,0,0,1,0,0,1
2025-07-16 10:00:16,HSIC,0,0,0,0,0,0,0,0,1,0,0,1
2025-07-16 10:00:17,HSY,0,0,0,0,0,0,0,1,1,0,0,1
2025-07-16 10:00:17,HES,0,0,0,0,0,0,0,1,1,0,0,1
2025-07-16 10:00:18,HPE,0,0,0,0,0,0,0,0,1,0,0,1
2025-07-16 10:00:19,HLT,0,0,0,0,0,0,0,1,1,0,0,1
2025-07-16 10:00:19,HOLX,0,0,1,0,0,1,0,0,1,0,0,1
2025-07-16 10:00:20,HD,0,0,0,0,0,0,0,1,1,0,0,1
2025-07-16 10:00:21,HON,0,0,0,0,0,0,0,1,1,0,0,1
2025-07-16 10:00:22,HRL,0,0,0,0,0,1,0,0,1,0,0,1
2025-07-16 10:00:23,HST,0,0,0,0,0,0,0,0,1,1,0,1
2025-07-16 10:00:23,HWM,0,0,0,0,0,0,0,1,1,1,0,1
2025-07-16 10:00:24,HPQ,0,0,0,0,0,0,0,0,1,0,0,1
2025-07-16 10:00:25,HUBB,0,0,0,0,0,0,0,1,1,0,0,1
2025-07-16 10:00:26,HUM,0,0,1,0,0,1,0,1,1,1,0,1
2025-07-16 10:00:26,HBAN,0,0,0,0,0,0,0,0,1,0,0,1
2025-07-16 10:00:27,HII,0,0,0,0,0,0,0,1,1,0,0,1
2025-07-16 10:00:28,IBM,0,0,0,0,0,0,0,1,1,0,0,1
2025-07-16 10:00:29,IEX,0,0,0,0,0,0,0,1,1,0,0,1
2025-07-16 10:00:30,IDXX,0,0,1,0,0,1,0,1,1,1,0,1
2025-07-16 10:00:31,ITW,0,0,0,0,0,1,0,1,1,0,0,1
2025-07-16 10:00:31,INCY,0,0,1,0,0,1,0,0,1,0,0,1
2025-07-16 10:00:33,IR,0,0,0,0,0,0,0,0,1,1,0,1
2025-07-16 10:00:34,PODD,0,0,0,0,0,0,0,1,1,0,0,1
2025-07-16 10:00:34,INTC,0,0,0,0,0,0,0,0,1,1,1,1
2025-07-16 10:00:35,ICE,0,0,1,0,0,1,0,1,1,0,0,1
2025-07-16 10:00:36,IFF,0,0,0,0,0,0,0,0,1,0,0,1
2025-07-16 10:00:37,IP,0,0,0,0,0,0,0,0,1,0,0,1
2025-07-16 10:00:37,IPG,0,0,0,0,0,0,0,0,1,1,0,1
2025-07-16 10:00:38,INTU,0,0,0,0,0,0,0,1,1,0,0,1
2025-07-16 10:00:39,ISRG,0,0,0,0,0,0,0,1,1,0,0,1
2025-07-16 10:00:40,IVZ,0,0,1,0,0,1,0,0,1,0,0,1
2025-07-16 10:00:40,INVH,0,0,1,0,0,0,0,0,1,0,0,1
2025-07-16 10:00:41,IQV,0,0,0,0,0,0,0,1,1,0,0,1
2025-07-16 10:00:42,IRM,0,0,0,0,0,0,0,1,1,0,0,1
2025-07-16 10:00:43,JBHT,0,0,0,0,0,0,0,1,1,1,1,1
2025-07-16 10:00:44,JBL,0,0,0,0,0,0,0,1,1,0,0,1
2025-07-16 10:00:45,JKHY,0,0,1,0,0,1,0,1,1,0,0,1
2025-07-16 10:00:45,J,0,0,0,0,0,0,0,1,1,0,1,1
2025-07-16 10:00:46,JNJ,0,0,0,0,0,0,0,1,1,1,1,1
2025-07-16 10:00:47,JCI,0,0,0,0,0,0,0,0,1,0,0,1
2025-07-16 10:00:48,JPM,0,0,0,0,0,0,0,1,1,1,0,1
2025-07-16 10:00:49,K,0,0,1,0,0,1,0,0,0,0,0,1
2025-07-16 10:00:49,KVUE,0,0,1,0,0,1,0,0,1,0,0,1
2025-07-16 10:00:50,KDP,0,0,0,0,0,0,0,0,1,0,0,1
2025-07-16 10:00:51,KEY,0,0,0,0,0,0,0,0,1,0,0,1
2025-07-16 10:00:52,KEYS,0,0,0,0,0,0,0,1,1,0,0,1
2025-07-16 10:00:53,KMB,0,0,1,0,0,1,0,1,1,0,0,1
2025-07-16 10:00:53,KIM,0,0,0,0,0,0,0,0,1,0,0,1
2025-07-16 10:00:54,KMI,0,0,0,0,0,0,0,0,1,0,0,1
2025-07-16 10:00:55,KKR,0,0,1,0,0,1,0,1,1,0,1,1
2025-07-16 10:00:56,KLAC,0,0,0,0,0,1,0,1,1,1,0,1
2025-07-16 10:00:56,KHC,0,0,0,0,0,0,0,0,1,0,0,1
2025-07-16 10:00:57,KR,0,0,0,0,0,0,0,0,1,0,0,1
2025-07-16 10:00:58,LHX,0,0,0,0,0,0,0,1,1,0,0,1
2025-07-16 10:00:59,LH,0,0,0,0,0,0,0,1,1,0,0,1
2025-07-16 10:01:00,LRCX,0,0,1,0,0,1,0,1,1,1,0,1
2025-07-16 10:01:00,LW,0,0,0,0,0,0,0,0,1,1,0,1
2025-07-16 10:01:01,LVS,0,0,0,0,0,0,0,0,1,0,0,1
2025-07-16 10:01:02,LDOS,0,0,0,0,0,0,0,1,1,0,0,1
2025-07-16 10:01:03,LEN,0,0,0,0,0,0,0,1,1,1,0,1
2025-07-16 10:01:03,LII,0,0,0,0,0,0,0,1,1,1,0,1
2025-07-16 10:01:04,LLY,0,0,1,0,0,1,0,1,1,1,0,1
2025-07-16 10:01:05,LIN,0,0,0,0,0,0,0,1,1,0,0,1
2025-07-16 10:01:06,LYV,0,0,0,0,0,0,0,1,1,0,0,1
2025-07-16 10:01:07,LKQ,0,0,0,0,0,1,0,0,1,0,0,1
2025-07-16 10:01:08,LMT,0,0,0,0,0,0,0,1,1,0,0,1
2025-07-16 10:01:09,L,0,0,1,0,0,1,0,0,1,0,0,1
2025-07-16 10:01:10,LOW,0,0,0,0,0,0,0,1,1,0,0,1
2025-07-16 10:01:11,LULU,0,0,1,0,0,0,0,1,1,1,0,1
2025-07-16 10:01:11,LYB,0,0,0,0,0,0,0,0,1,0,0,1
2025-07-16 10:01:12,MTB,0,0,0,0,0,0,0,1,1,1,0,1
2025-07-16 10:01:13,MPC,0,0,0,0,0,0,0,1,1,0,0,1
2025-07-16 10:01:14,MKTX,0,0,0,0,0,0,0,1,1,0,0,1
2025-07-16 10:01:15,MAR,0,0,0,0,0,0,0,1,1,0,0,1
2025-07-16 10:01:16,MMC,0,0,0,0,0,0,0,1,1,1,1,1
2025-07-16 10:01:17,MLM,0,0,1,0,0,1,0,1,1,1,0,1
2025-07-16 10:01:18,MAS,0,0,0,0,0,0,0,0,1,0,0,1
2025-07-16 10:01:19,MA,0,0,1,0,0,1,0,1,1,0,0,1
2025-07-16 10:01:19,MTCH,0,0,1,0,0,1,0,0,1,0,0,1
2025-07-16 10:01:20,MKC,0,0,0,0,0,0,0,0,1,0,0,1
2025-07-16 10:01:21,MCD,0,0,0,0,0,0,0,1,1,0,0,1
2025-07-16 10:01:22,MCK,0,0,1,0,0,1,0,1,1,0,0,1
2025-07-16 10:01:22,MDT,0,0,0,0,0,0,0,0,1,0,0,1
2025-07-16 10:01:23,MRK,0,0,1,0,0,1,0,0,1,0,0,1
2025-07-16 10:01:24,META,0,0,0,0,0,0,0,1,1,0,0,1
2025-07-16 10:01:25,MET,0,0,0,0,0,0,0,0,1,0,0,1
2025-07-16 10:01:26,MTD,0,0,0,0,0,0,0,1,1,1,0,1
2025-07-16 10:01:26,MGM,0,0,0,0,0,0,0,0,1,0,0,1
2025-07-16 10:01:27,MCHP,0,0,0,0,0,0,0,1,1,0,0,1
2025-07-16 10:01:29,MU,0,0,0,0,0,0,0,1,1,1,0,1
2025-07-16 10:01:29,MSFT,0,0,0,0,0,0,0,1,1,0,0,1
2025-07-16 10:01:30,MAA,0,0,1,0,0,0,0,1,1,0,0,1
2025-07-16 10:01:31,MRNA,0,0,0,0,0,0,0,0,1,1,0,1
2025-07-16 10:01:32,MHK,0,0,0,0,0,0,0,1,1,0,0,1
2025-07-16 10:01:32,MOH,0,0,1,0,0,0,0,1,1,0,0,1
2025-07-16 10:01:33,TAP,0,0,1,0,0,1,0,0,1,0,0,1
2025-07-16 10:01:34,MDLZ,0,0,0,0,0,0,0,0,1,0,0,1
2025-07-16 10:01:35,MPWR,0,0,0,0,0,0,0,1,1,1,0,1
2025-07-16 10:01:35,MNST,0,0,0,0,0,0,0,0,1,0,0,1
2025-07-16 10:01:36,MCO,0,0,1,0,0,1,0,1,1,0,0,1
2025-07-16 10:01:37,MS,0,0,0,0,0,0,0,1,1,1,0,1
2025-07-16 10:01:38,MOS,0,0,0,0,0,0,0,0,1,0,0,1
2025-07-16 10:01:38,MSI,0,0,1,0,0,1,0,1,1,0,1,1
2025-07-16 10:01:39,MSCI,0,0,0,0,0,1,0,1,1,0,0,1
2025-07-16 10:01:40,NDAQ,0,0,1,0,0,1,0,0,1,0,0,1
2025-07-16 10:01:41,NTAP,0,0,0,0,0,0,0,1,1,0,0,1
2025-07-16 10:01:42,NFLX,0,0,0,0,0,0,0,1,1,1,0,1
2025-07-16 10:01:42,NEM,0,0,0,0,0,0,0,0,1,1,1,1
2025-07-16 10:01:43,NWSA,0,0,0,0,0,0,0,0,1,0,0,1
2025-07-16 10:01:44,NWS,0,0,0,0,0,0,0,0,1,0,0,1
2025-07-16 10:01:46,NEE,0,0,0,0,0,0,0,1,1,1,0,1
2025-07-16 10:01:46,NKE,0,0,0,0,0,0,0,1,1,0,0,1
2025-07-16 10:01:47,NI,0,0,1,0,0,0,0,0,1,0,0,1
2025-07-16 10:01:48,NDSN,0,0,0,0,0,0,0,1,1,0,0,1
2025-07-16 10:01:49,NSC,0,0,0,0,0,0,0,1,1,0,0,1
2025-07-16 10:01:50,NTRS,0,0,0,0,0,0,0,1,1,0,1,1
2025-07-16 10:01:50,NOC,0,0,0,0,0,0,0,1,1,0,0,1
2025-07-16 10:01:51,NCLH,0,0,1,0,0,1,0,0,1,0,1,1
2025-07-16 10:01:52,NRG,0,0,0,0,0,1,0,1,1,1,0,1
2025-07-16 10:01:53,NUE,0,0,0,0,0,0,0,1,1,0,0,1
2025-07-16 10:01:54,NVDA,0,0,0,0,0,0,0,1,1,1,1,1
2025-07-16 10:01:54,NVR,0,0,1,0,0,1,0,1,1,0,0,1
2025-07-16 10:01:55,NXPI,0,0,0,0,0,0,0,1,1,0,0,1
2025-07-16 10:01:56,ORLY,0,0,0,0,0,0,0,0,1,0,0,1
2025-07-16 10:01:57,OXY,0,0,0,0,0,0,0,0,1,0,0,1
2025-07-16 10:01:57,ODFL,0,0,0,0,0,0,0,1,1,1,1,1
2025-07-16 10:01:58,OMC,0,0,0,0,0,1,0,0,1,1,1,1
2025-07-16 10:01:59,ON,0,0,0,0,0,0,0,0,1,0,0,1
2025-07-16 10:02:00,OKE,0,0,0,0,0,0,0,0,1,0,0,1
2025-07-16 10:02:00,ORCL,0,0,0,0,0,1,0,1,1,0,0,1
2025-07-16 10:02:01,OTIS,0,0,0,0,0,0,0,0,1,0,0,1
2025-07-16 10:02:02,PCAR,0,0,0,0,0,0,0,1,1,0,0,1
2025-07-16 10:02:03,PKG,0,0,1,0,0,1,0,1,1,0,0,1
2025-07-16 10:02:03,PLTR,0,0,0,0,0,0,0,1,1,1,0,1
2025-07-16 10:02:04,PANW,0,0,0,0,0,0,0,1,1,0,0,1
2025-07-16 10:02:05,PARA,0,0,0,0,0,0,0,0,1,0,0,1
2025-07-16 10:02:06,PH,0,0,0,0,0,0,0,1,1,0,0,1
2025-07-16 10:02:06,PAYX,0,0,1,0,0,1,0,1,1,0,0,1
2025-07-16 10:02:07,PAYC,0,0,1,0,0,0,0,1,1,0,0,1
2025-07-16 10:02:08,PYPL,0,0,0,0,0,0,0,0,1,0,0,1
2025-07-16 10:02:09,PNR,0,0,0,0,0,0,0,0,1,0,0,1
2025-07-16 10:02:09,PEP,0,0,1,0,0,1,0,1,1,0,0,1
2025-07-16 10:02:10,PFE,0,0,1,0,0,1,0,0,1,0,0,1
2025-07-16 10:02:11,PCG,0,0,1,0,0,1,0,0,1,0,0,1
2025-07-16 10:02:12,PM,0,0,0,0,0,0,0,1,1,0,0,1
2025-07-16 10:02:12,PSX,0,0,0,0,0,0,0,1,1,0,0,1
2025-07-16 10:02:13,PNW,0,0,1,0,0,0,0,0,1,0,0,1
2025-07-16 10:02:14,PNC,0,0,0,0,0,1,0,1,1,1,1,1
2025-07-16 10:02:15,POOL,0,0,0,0,0,1,0,1,1,0,0,1
2025-07-16 10:02:17,PPG,0,0,0,0,0,1,0,1,1,0,0,1
2025-07-16 10:02:18,PPL,0,0,0,0,0,0,0,0,1,1,0,1
2025-07-16 10:02:19,PFG,0,0,0,0,0,0,0,0,1,0,0,1
2025-07-16 10:02:20,PG,0,0,1,0,0,1,0,1,1,0,0,1
2025-07-16 10:02:21,PGR,0,0,1,0,0,0,0,1,1,1,1,1
2025-07-16 10:02:22,PLD,0,0,0,0,0,0,0,1,1,1,0,1
2025-07-16 10:02:22,PRU,0,0,0,0,0,0,0,0,1,0,0,1
2025-07-16 10:02:23,PEG,0,0,1,0,0,0,0,0,1,0,0,1
2025-07-16 10:02:24,PTC,0,0,0,0,0,0,0,1,1,0,0,1
2025-07-16 10:02:25,PSA,0,0,0,0,0,0,0,1,1,0,0,1
2025-07-16 10:02:25,PHM,0,0,1,0,0,1,0,1,1,0,0,1
2025-07-16 10:02:26,PWR,0,0,0,0,0,0,0,1,1,0,0,1
2025-07-16 10:02:27,QCOM,0,0,0,0,0,0,0,1,1,0,0,1
2025-07-16 10:02:28,DGX,0,0,0,0,0,0,0,1,1,0,0,1
2025-07-16 10:02:28,RL,0,0,0,0,0,0,0,1,1,1,0,1
2025-07-16 10:02:29,RJF,0,0,0,0,0,1,0,1,1,0,0,1
2025-07-16 10:02:30,RTX,0,0,0,0,0,0,0,1,1,0,0,1
2025-07-16 10:02:31,O,0,0,0,0,0,0,0,0,1,0,0,1
2025-07-16 10:02:31,REG,0,0,1,0,0,0,0,0,1,0,0,1
2025-07-16 10:02:32,REGN,0,0,1,0,0,1,0,1,1,0,0,1
2025-07-16 10:02:33,RF,0,0,0,0,0,0,0,0,1,0,0,1
2025-07-16 10:02:33,RSG,0,0,0,0,0,0,0,1,1,0,0,1
2025-07-16 10:02:34,RMD,0,0,0,0,0,0,0,1,1,0,0,1
2025-07-16 10:02:35,RVTY,0,0,0,0,0,0,0,1,1,0,0,1
2025-07-16 10:02:36,ROK,0,0,0,0,0,0,0,1,1,1,1,1
2025-07-16 10:02:37,ROL,0,0,1,0,0,1,0,0,1,0,0,1
2025-07-16 10:02:38,ROP,0,0,0,0,0,0,0,1,1,0,0,1
2025-07-16 10:02:38,ROST,0,0,0,0,0,0,0,1,1,0,0,1
2025-07-16 10:02:39,RCL,0,0,0,0,0,1,0,1,1,0,0,1
2025-07-16 10:02:40,SPGI,0,0,0,0,0,1,0,1,1,0,0,1
2025-07-16 10:02:40,CRM,0,0,0,0,0,0,0,1,1,0,0,1
2025-07-16 10:02:41,SBAC,0,0,0,0,0,1,0,1,1,0,0,1
2025-07-16 10:02:42,SLB,0,0,0,0,0,0,0,0,1,0,0,1
2025-07-16 10:02:43,STX,0,0,0,0,0,1,0,1,1,1,0,1
2025-07-16 10:02:43,SRE,0,0,1,0,0,1,0,0,1,0,0,1
2025-07-16 10:02:44,NOW,0,0,1,0,0,0,0,1,1,0,0,1
2025-07-16 10:02:45,SHW,0,0,0,0,0,0,0,1,1,0,0,1
2025-07-16 10:02:45,SPG,0,0,0,0,0,0,0,1,1,0,0,1
2025-07-16 10:02:46,SWKS,0,0,0,0,0,0,0,1,1,0,0,1
2025-07-16 10:02:47,SJM,0,0,1,0,0,1,0,1,1,1,0,1
2025-07-16 10:02:48,SW,0,0,0,0,0,0,0,0,1,0,0,1
2025-07-16 10:02:48,SNA,0,0,0,0,0,0,0,1,1,0,0,1
2025-07-16 10:02:49,SOLV,0,0,0,0,0,0,0,0,1,0,0,1
2025-07-16 10:02:50,SO,0,0,1,0,0,1,0,0,1,0,0,1
2025-07-16 10:02:51,LUV,0,0,0,0,0,0,0,0,1,0,0,1
2025-07-16 10:02:51,SWK,0,0,0,0,0,0,0,1,1,0,0,1
2025-07-16 10:02:52,SBUX,0,0,0,0,0,0,0,1,1,0,0,1
2025-07-16 10:02:53,STT,0,0,1,0,0,1,0,1,1,1,0,1
2025-07-16 10:02:53,STLD,0,0,0,0,0,0,0,1,1,0,0,1
2025-07-16 10:02:54,STE,0,0,0,0,0,0,0,1,1,0,0,1
2025-07-16 10:02:55,SYK,0,0,1,0,0,1,0,1,1,0,0,1
2025-07-16 10:02:55,SMCI,0,0,0,0,0,0,0,1,1,1,0,1
2025-07-16 10:02:56,SYF,0,0,0,0,0,0,0,0,1,0,0,1
2025-07-16 10:02:56,SNPS,0,0,0,0,0,0,0,1,1,1,0,1
2025-07-16 10:02:57,SYY,0,0,0,0,0,0,0,0,1,0,0,1
2025-07-16 10:02:58,TMUS,0,0,1,0,0,1,0,1,1,0,0,1
2025-07-16 10:02:58,TROW,0,0,1,0,0,1,0,0,1,0,0,1
2025-07-16 10:02:59,TTWO,0,0,1,0,0,1,0,1,1,0,0,1
2025-07-16 10:02:59,TPR,0,0,0,0,0,0,0,1,1,0,0,1
2025-07-16 10:03:00,TRGP,0,0,0,0,0,0,0,1,1,0,0,1
2025-07-16 10:03:01,TGT,0,0,0,0,0,0,0,1,1,1,0,1
2025-07-16 10:03:01,TEL,0,0,0,0,0,0,0,1,1,0,0,1
2025-07-16 10:03:02,TDY,0,0,1,0,0,1,0,1,1,0,0,1
2025-07-16 10:03:02,TER,0,0,0,0,0,0,0,1,1,1,0,1
2025-07-16 10:03:03,TSLA,0,0,1,0,0,1,0,1,1,1,0,1
2025-07-16 10:03:04,TXN,0,0,0,0,0,0,0,1,1,1,0,1
2025-07-16 10:03:05,TPL,0,0,0,0,0,0,0,1,1,0,0,1
2025-07-16 10:03:06,TXT,0,0,0,0,0,0,0,0,1,0,0,1
2025-07-16 10:03:06,TMO,0,0,0,0,0,0,0,1,1,0,0,1
2025-07-16 10:03:07,TJX,0,0,0,0,0,0,0,0,1,0,0,1
2025-07-16 10:03:08,TKO,0,0,0,0,0,0,0,1,1,1,0,1
2025-07-16 10:03:08,TSCO,0,0,0,0,0,1,0,0,1,1,0,1
2025-07-16 10:03:09,TT,0,0,0,0,0,0,0,1,1,1,0,1
2025-07-16 10:03:10,TDG,0,0,0,0,0,0,0,1,1,0,0,1
2025-07-16 10:03:10,TRV,0,0,0,0,0,0,0,1,1,0,0,1
2025-07-16 10:03:11,TRMB,0,0,0,0,0,0,0,0,1,0,0,1
2025-07-16 10:03:12,TFC,0,0,0,0,0,0,0,0,1,0,0,1
2025-07-16 10:03:12,TYL,0,0,0,0,0,0,0,1,1,0,0,1
2025-07-16 10:03:13,TSN,0,0,1,0,0,1,0,0,1,0,0,1
2025-07-16 10:03:14,USB,0,0,0,0,0,0,0,0,1,0,0,1
2025-07-16 10:03:14,UBER,0,0,0,0,0,0,0,1,1,1,0,1
2025-07-16 10:03:15,UDR,0,0,1,0,0,0,0,0,1,0,0,1
2025-07-16 10:03:16,ULTA,0,0,0,0,0,0,0,1,1,0,0,1
2025-07-16 10:03:16,UNP,0,0,0,0,0,0,0,1,1,0,0,1
2025-07-16 10:03:17,UAL,0,0,1,0,0,1,0,1,1,1,1,1
2025-07-16 10:03:18,UPS,0,0,0,0,0,0,0,1,1,0,0,1
2025-07-16 10:03:18,URI,0,0,0,0,0,0,0,1,1,1,0,1
2025-07-16 10:03:19,UNH,0,0,1,0,0,0,0,1,1,1,0,1
2025-07-16 10:03:20,UHS,0,0,0,0,0,0,0,1,1,1,0,1
2025-07-16 10:03:21,VLO,0,0,0,0,0,0,0,1,1,0,0,1
2025-07-16 10:03:21,VTR,0,0,0,0,0,0,0,0,1,0,0,1
2025-07-16 10:03:22,VLTO,0,0,0,0,0,0,0,0,1,0,0,1
2025-07-16 10:03:23,VRSN,0,0,1,0,0,1,0,1,1,0,0,1
2025-07-16 10:03:23,VRSK,0,0,1,0,0,1,0,1,1,0,0,1
2025-07-16 10:03:24,VZ,0,0,0,0,0,1,0,0,1,0,0,1
2025-07-16 10:03:25,VRTX,0,0,0,0,0,0,0,1,1,0,0,1
2025-07-16 10:03:26,VTRS,0,0,0,0,0,1,0,0,1,0,0,1
2025-07-16 10:03:26,VICI,0,0,1,0,0,0,0,0,1,0,0,1
2025-07-16 10:03:27,V,0,0,1,0,0,1,0,1,1,0,0,1
2025-07-16 10:03:28,VST,0,0,0,0,0,1,0,1,1,0,0,1
2025-07-16 10:03:28,VMC,0,0,1,0,0,0,0,1,1,1,0,1
2025-07-16 10:03:29,WRB,0,0,0,0,0,0,0,0,1,0,0,1
2025-07-16 10:03:32,GWW,0,0,0,0,0,0,0,1,1,0,0,1
2025-07-16 10:03:33,WAB,0,0,0,0,0,0,0,1,1,0,0,1
2025-07-16 10:03:33,WBA,0,0,0,0,0,0,0,0,0,0,0,1
2025-07-16 10:03:34,WMT,0,0,0,0,0,0,0,0,1,0,0,1
2025-07-16 10:03:35,DIS,0,0,0,0,0,1,0,0,1,0,0,1
2025-07-16 10:03:36,WBD,0,0,0,0,0,0,0,0,1,0,0,1
2025-07-16 10:03:37,WM,0,0,1,0,0,1,0,1,1,0,0,1
2025-07-16 10:03:37,WAT,0,0,0,0,0,0,0,1,1,1,0,1
2025-07-16 10:03:38,WEC,0,0,0,0,0,0,0,0,1,0,0,1
2025-07-16 10:03:38,WFC,0,0,1,0,0,0,0,0,1,1,0,1
2025-07-16 10:03:39,WELL,0,0,0,0,0,0,0,1,1,0,0,1
2025-07-16 10:03:40,WST,0,0,0,0,0,0,0,1,1,0,0,1
2025-07-16 10:03:41,WDC,0,0,0,0,0,1,0,0,1,1,0,1
2025-07-16 10:03:41,WY,0,0,0,0,0,0,0,0,1,0,0,1
2025-07-16 10:03:42,WSM,0,0,0,0,0,0,0,1,1,1,0,1
2025-07-16 10:03:43,WMB,0,0,0,0,0,1,0,0,1,0,0,1
2025-07-16 10:03:44,WTW,0,0,1,0,0,0,0,1,1,0,0,1
2025-07-16 10:03:44,WDAY,0,0,0,0,0,0,0,1,1,0,0,1
2025-07-16 10:03:45,WYNN,0,0,0,0,0,0,0,1,1,0,0,1
2025-07-16 10:03:46,XEL,0,0,1,0,0,1,0,0,1,0,0,1
2025-07-16 10:03:47,XYL,0,0,0,0,0,0,0,0,1,0,0,1
2025-07-16 10:03:47,YUM,0,0,1,0,0,0,0,1,1,0,0,1
2025-07-16 10:03:48,ZBRA,0,0,0,0,0,0,0,1,1,1,0,1
2025-07-16 10:03:49,ZBH,0,0,0,0,0,0,0,1,1,0,0,1
2025-07-16 10:03:49,ZTS,0,0,0,0,0,0,0,1,1,0,0,1
2025-07-16 10:03:50,MMM,0,0,0,0,0,0,0,1,1,0,0,1
2025-07-16 10:03:51,AOS,0,0,0,0,0,0,0,0,1,0,0,1
2025-07-16 10:03:52,ABT,0,0,0,0,0,0,0,1,1,1,0,1
2025-07-16 10:03:52,ABBV,0,0,1,0,0,1,0,1,1,0,0,1
2025-07-16 10:03:53,ACN,0,0,1,0,0,0,0,1,1,0,0,1
2025-07-16 11:01:17,MMM,0,0,1,0,0,0,0,1,1,0,0,1
2025-07-16 11:01:17,AOS,0,0,1,0,0,0,0,0,1,0,0,1
2025-07-16 11:01:18,ABT,0,0,1,0,0,0,0,1,1,1,0,1
2025-07-16 11:01:19,ABBV,0,1,1,0,0,1,0,1,1,1,0,1
2025-07-16 11:01:20,ACN,0,0,1,0,0,1,0,1,1,0,0,1
