2025-09-10 09:25:04,644 INFO sell-guard: config source: C:\TradeAlerts\sell_guard_settings.json
2025-09-10 09:25:04,645 INFO sell-guard: env: ETRADE_ENV=production  PYTHONPATH=None
2025-09-10 09:25:04,647 INFO sell-guard: ⏱ heartbeat: loop alive (account=?)
2025-09-10 09:25:04,647 DEBUG sell-guard: tick: polling positions & quotes…
2025-09-10 09:25:04,929 INFO sell-guard: [LIVE] Using accountIdKey=kW8LbkuGisPCK9Ey7C8iWA
2025-09-10 09:25:04,930 INFO sell-guard: [CFG] mode=live tp=200 bps stop=100 bps max_hold=100000m limit_from=bid offset=0 bps throttle=30.0s ext_hours=False fallback=SELL_STOP,TIMEOUT
2025-09-10 09:25:34,934 INFO sell-guard: ⏱ heartbeat: loop alive (account=kW8LbkuGisPCK9Ey7C8iWA)
2025-09-10 09:26:04,935 INFO sell-guard: ⏱ heartbeat: loop alive (account=kW8LbkuGisPCK9Ey7C8iWA)
2025-09-10 09:26:34,940 INFO sell-guard: ⏱ heartbeat: loop alive (account=kW8LbkuGisPCK9Ey7C8iWA)
2025-09-10 09:27:04,941 INFO sell-guard: ⏱ heartbeat: loop alive (account=kW8LbkuGisPCK9Ey7C8iWA)
2025-09-10 09:27:34,943 INFO sell-guard: ⏱ heartbeat: loop alive (account=kW8LbkuGisPCK9Ey7C8iWA)
2025-09-10 09:28:04,953 INFO sell-guard: ⏱ heartbeat: loop alive (account=kW8LbkuGisPCK9Ey7C8iWA)
2025-09-10 09:28:34,956 INFO sell-guard: ⏱ heartbeat: loop alive (account=kW8LbkuGisPCK9Ey7C8iWA)
2025-09-10 09:29:04,958 INFO sell-guard: ⏱ heartbeat: loop alive (account=kW8LbkuGisPCK9Ey7C8iWA)
2025-09-10 09:29:34,960 INFO sell-guard: ⏱ heartbeat: loop alive (account=kW8LbkuGisPCK9Ey7C8iWA)
2025-09-10 09:30:04,961 INFO sell-guard: ⏱ heartbeat: loop alive (account=kW8LbkuGisPCK9Ey7C8iWA)
2025-09-10 09:30:34,962 INFO sell-guard: ⏱ heartbeat: loop alive (account=kW8LbkuGisPCK9Ey7C8iWA)
2025-09-10 09:31:04,963 INFO sell-guard: ⏱ heartbeat: loop alive (account=kW8LbkuGisPCK9Ey7C8iWA)
2025-09-10 09:31:34,965 INFO sell-guard: ⏱ heartbeat: loop alive (account=kW8LbkuGisPCK9Ey7C8iWA)
2025-09-10 09:32:04,967 INFO sell-guard: ⏱ heartbeat: loop alive (account=kW8LbkuGisPCK9Ey7C8iWA)
2025-09-10 09:32:34,969 INFO sell-guard: ⏱ heartbeat: loop alive (account=kW8LbkuGisPCK9Ey7C8iWA)
2025-09-10 09:33:04,970 INFO sell-guard: ⏱ heartbeat: loop alive (account=kW8LbkuGisPCK9Ey7C8iWA)
2025-09-10 09:33:34,974 INFO sell-guard: ⏱ heartbeat: loop alive (account=kW8LbkuGisPCK9Ey7C8iWA)
2025-09-10 09:34:04,976 INFO sell-guard: ⏱ heartbeat: loop alive (account=kW8LbkuGisPCK9Ey7C8iWA)
2025-09-10 09:34:34,978 INFO sell-guard: ⏱ heartbeat: loop alive (account=kW8LbkuGisPCK9Ey7C8iWA)
2025-09-10 09:35:04,980 INFO sell-guard: ⏱ heartbeat: loop alive (account=kW8LbkuGisPCK9Ey7C8iWA)
2025-09-10 09:35:34,981 INFO sell-guard: ⏱ heartbeat: loop alive (account=kW8LbkuGisPCK9Ey7C8iWA)
2025-09-10 09:36:04,982 INFO sell-guard: ⏱ heartbeat: loop alive (account=kW8LbkuGisPCK9Ey7C8iWA)
2025-09-10 09:36:34,984 INFO sell-guard: ⏱ heartbeat: loop alive (account=kW8LbkuGisPCK9Ey7C8iWA)
2025-09-10 09:37:04,986 INFO sell-guard: ⏱ heartbeat: loop alive (account=kW8LbkuGisPCK9Ey7C8iWA)
2025-09-10 09:37:34,987 INFO sell-guard: ⏱ heartbeat: loop alive (account=kW8LbkuGisPCK9Ey7C8iWA)
2025-09-10 09:38:04,989 INFO sell-guard: ⏱ heartbeat: loop alive (account=kW8LbkuGisPCK9Ey7C8iWA)
2025-09-10 09:38:34,996 INFO sell-guard: ⏱ heartbeat: loop alive (account=kW8LbkuGisPCK9Ey7C8iWA)
2025-09-10 09:39:05,020 INFO sell-guard: ⏱ heartbeat: loop alive (account=kW8LbkuGisPCK9Ey7C8iWA)
2025-09-10 09:39:35,023 INFO sell-guard: ⏱ heartbeat: loop alive (account=kW8LbkuGisPCK9Ey7C8iWA)
2025-09-10 09:40:05,025 INFO sell-guard: ⏱ heartbeat: loop alive (account=kW8LbkuGisPCK9Ey7C8iWA)
2025-09-10 09:40:35,027 INFO sell-guard: ⏱ heartbeat: loop alive (account=kW8LbkuGisPCK9Ey7C8iWA)
2025-09-10 09:41:05,028 INFO sell-guard: ⏱ heartbeat: loop alive (account=kW8LbkuGisPCK9Ey7C8iWA)
2025-09-10 09:41:35,030 INFO sell-guard: ⏱ heartbeat: loop alive (account=kW8LbkuGisPCK9Ey7C8iWA)
2025-09-10 09:42:05,031 INFO sell-guard: ⏱ heartbeat: loop alive (account=kW8LbkuGisPCK9Ey7C8iWA)
2025-09-10 09:42:35,032 INFO sell-guard: ⏱ heartbeat: loop alive (account=kW8LbkuGisPCK9Ey7C8iWA)
2025-09-10 09:43:05,034 INFO sell-guard: ⏱ heartbeat: loop alive (account=kW8LbkuGisPCK9Ey7C8iWA)
2025-09-10 09:43:35,035 INFO sell-guard: ⏱ heartbeat: loop alive (account=kW8LbkuGisPCK9Ey7C8iWA)
2025-09-10 09:44:05,039 INFO sell-guard: ⏱ heartbeat: loop alive (account=kW8LbkuGisPCK9Ey7C8iWA)
2025-09-10 09:44:35,059 INFO sell-guard: ⏱ heartbeat: loop alive (account=kW8LbkuGisPCK9Ey7C8iWA)
2025-09-10 09:45:05,060 INFO sell-guard: ⏱ heartbeat: loop alive (account=kW8LbkuGisPCK9Ey7C8iWA)
2025-09-10 09:45:35,063 INFO sell-guard: ⏱ heartbeat: loop alive (account=kW8LbkuGisPCK9Ey7C8iWA)
2025-09-10 09:46:05,065 INFO sell-guard: ⏱ heartbeat: loop alive (account=kW8LbkuGisPCK9Ey7C8iWA)
2025-09-10 09:46:35,067 INFO sell-guard: ⏱ heartbeat: loop alive (account=kW8LbkuGisPCK9Ey7C8iWA)
2025-09-10 09:47:05,069 INFO sell-guard: ⏱ heartbeat: loop alive (account=kW8LbkuGisPCK9Ey7C8iWA)
2025-09-10 09:47:35,071 INFO sell-guard: ⏱ heartbeat: loop alive (account=kW8LbkuGisPCK9Ey7C8iWA)
2025-09-10 09:48:05,075 INFO sell-guard: ⏱ heartbeat: loop alive (account=kW8LbkuGisPCK9Ey7C8iWA)
2025-09-10 09:48:35,076 INFO sell-guard: ⏱ heartbeat: loop alive (account=kW8LbkuGisPCK9Ey7C8iWA)
2025-09-10 09:49:05,078 INFO sell-guard: ⏱ heartbeat: loop alive (account=kW8LbkuGisPCK9Ey7C8iWA)
2025-09-10 09:49:35,080 INFO sell-guard: ⏱ heartbeat: loop alive (account=kW8LbkuGisPCK9Ey7C8iWA)
2025-09-10 09:50:05,082 INFO sell-guard: ⏱ heartbeat: loop alive (account=kW8LbkuGisPCK9Ey7C8iWA)
2025-09-10 09:50:35,083 INFO sell-guard: ⏱ heartbeat: loop alive (account=kW8LbkuGisPCK9Ey7C8iWA)
2025-09-10 09:51:05,085 INFO sell-guard: ⏱ heartbeat: loop alive (account=kW8LbkuGisPCK9Ey7C8iWA)
2025-09-10 09:51:35,086 INFO sell-guard: ⏱ heartbeat: loop alive (account=kW8LbkuGisPCK9Ey7C8iWA)
2025-09-10 09:52:05,089 INFO sell-guard: ⏱ heartbeat: loop alive (account=kW8LbkuGisPCK9Ey7C8iWA)
2025-09-10 09:52:35,091 INFO sell-guard: ⏱ heartbeat: loop alive (account=kW8LbkuGisPCK9Ey7C8iWA)
2025-09-10 09:53:05,093 INFO sell-guard: ⏱ heartbeat: loop alive (account=kW8LbkuGisPCK9Ey7C8iWA)
2025-09-10 09:53:35,095 INFO sell-guard: ⏱ heartbeat: loop alive (account=kW8LbkuGisPCK9Ey7C8iWA)
2025-09-10 09:54:05,097 INFO sell-guard: ⏱ heartbeat: loop alive (account=kW8LbkuGisPCK9Ey7C8iWA)
2025-09-10 09:54:35,100 INFO sell-guard: ⏱ heartbeat: loop alive (account=kW8LbkuGisPCK9Ey7C8iWA)
2025-09-10 09:55:05,103 INFO sell-guard: ⏱ heartbeat: loop alive (account=kW8LbkuGisPCK9Ey7C8iWA)
2025-09-10 09:55:35,105 INFO sell-guard: ⏱ heartbeat: loop alive (account=kW8LbkuGisPCK9Ey7C8iWA)
2025-09-10 09:56:05,108 INFO sell-guard: ⏱ heartbeat: loop alive (account=kW8LbkuGisPCK9Ey7C8iWA)
2025-09-10 09:56:35,110 INFO sell-guard: ⏱ heartbeat: loop alive (account=kW8LbkuGisPCK9Ey7C8iWA)
2025-09-10 09:57:05,112 INFO sell-guard: ⏱ heartbeat: loop alive (account=kW8LbkuGisPCK9Ey7C8iWA)
2025-09-10 09:57:35,115 INFO sell-guard: ⏱ heartbeat: loop alive (account=kW8LbkuGisPCK9Ey7C8iWA)
2025-09-10 09:58:05,119 INFO sell-guard: ⏱ heartbeat: loop alive (account=kW8LbkuGisPCK9Ey7C8iWA)
2025-09-10 09:58:35,121 INFO sell-guard: ⏱ heartbeat: loop alive (account=kW8LbkuGisPCK9Ey7C8iWA)
2025-09-10 09:59:05,122 INFO sell-guard: ⏱ heartbeat: loop alive (account=kW8LbkuGisPCK9Ey7C8iWA)
2025-09-10 09:59:35,125 INFO sell-guard: ⏱ heartbeat: loop alive (account=kW8LbkuGisPCK9Ey7C8iWA)
2025-09-10 10:00:05,126 INFO sell-guard: ⏱ heartbeat: loop alive (account=kW8LbkuGisPCK9Ey7C8iWA)
2025-09-10 10:00:35,127 INFO sell-guard: ⏱ heartbeat: loop alive (account=kW8LbkuGisPCK9Ey7C8iWA)
2025-09-10 10:01:05,129 INFO sell-guard: ⏱ heartbeat: loop alive (account=kW8LbkuGisPCK9Ey7C8iWA)
2025-09-10 10:01:35,132 INFO sell-guard: ⏱ heartbeat: loop alive (account=kW8LbkuGisPCK9Ey7C8iWA)
2025-09-10 10:02:05,142 INFO sell-guard: ⏱ heartbeat: loop alive (account=kW8LbkuGisPCK9Ey7C8iWA)
2025-09-10 10:02:35,144 INFO sell-guard: ⏱ heartbeat: loop alive (account=kW8LbkuGisPCK9Ey7C8iWA)
2025-09-10 10:03:05,145 INFO sell-guard: ⏱ heartbeat: loop alive (account=kW8LbkuGisPCK9Ey7C8iWA)
2025-09-10 10:03:35,148 INFO sell-guard: ⏱ heartbeat: loop alive (account=kW8LbkuGisPCK9Ey7C8iWA)
2025-09-10 10:04:05,153 INFO sell-guard: ⏱ heartbeat: loop alive (account=kW8LbkuGisPCK9Ey7C8iWA)
2025-09-10 10:04:35,189 INFO sell-guard: ⏱ heartbeat: loop alive (account=kW8LbkuGisPCK9Ey7C8iWA)
2025-09-10 10:05:05,191 INFO sell-guard: ⏱ heartbeat: loop alive (account=kW8LbkuGisPCK9Ey7C8iWA)
2025-09-10 10:05:35,193 INFO sell-guard: ⏱ heartbeat: loop alive (account=kW8LbkuGisPCK9Ey7C8iWA)
2025-09-10 10:06:05,199 INFO sell-guard: ⏱ heartbeat: loop alive (account=kW8LbkuGisPCK9Ey7C8iWA)
2025-09-10 10:06:35,201 INFO sell-guard: ⏱ heartbeat: loop alive (account=kW8LbkuGisPCK9Ey7C8iWA)
2025-09-10 10:07:05,203 INFO sell-guard: ⏱ heartbeat: loop alive (account=kW8LbkuGisPCK9Ey7C8iWA)
2025-09-10 10:07:35,206 INFO sell-guard: ⏱ heartbeat: loop alive (account=kW8LbkuGisPCK9Ey7C8iWA)
2025-09-10 10:08:05,207 INFO sell-guard: ⏱ heartbeat: loop alive (account=kW8LbkuGisPCK9Ey7C8iWA)
2025-09-10 10:08:35,209 INFO sell-guard: ⏱ heartbeat: loop alive (account=kW8LbkuGisPCK9Ey7C8iWA)
2025-09-10 10:09:05,210 INFO sell-guard: ⏱ heartbeat: loop alive (account=kW8LbkuGisPCK9Ey7C8iWA)
2025-09-10 10:09:35,212 INFO sell-guard: ⏱ heartbeat: loop alive (account=kW8LbkuGisPCK9Ey7C8iWA)
2025-09-10 10:10:05,214 INFO sell-guard: ⏱ heartbeat: loop alive (account=kW8LbkuGisPCK9Ey7C8iWA)
2025-09-10 10:10:35,216 INFO sell-guard: ⏱ heartbeat: loop alive (account=kW8LbkuGisPCK9Ey7C8iWA)
2025-09-10 10:11:05,217 INFO sell-guard: ⏱ heartbeat: loop alive (account=kW8LbkuGisPCK9Ey7C8iWA)
2025-09-10 10:11:35,219 INFO sell-guard: ⏱ heartbeat: loop alive (account=kW8LbkuGisPCK9Ey7C8iWA)
2025-09-10 10:12:05,221 INFO sell-guard: ⏱ heartbeat: loop alive (account=kW8LbkuGisPCK9Ey7C8iWA)
2025-09-10 10:12:35,222 INFO sell-guard: ⏱ heartbeat: loop alive (account=kW8LbkuGisPCK9Ey7C8iWA)
2025-09-10 10:13:05,224 INFO sell-guard: ⏱ heartbeat: loop alive (account=kW8LbkuGisPCK9Ey7C8iWA)
2025-09-10 10:13:35,225 INFO sell-guard: ⏱ heartbeat: loop alive (account=kW8LbkuGisPCK9Ey7C8iWA)
2025-09-10 10:14:05,227 INFO sell-guard: ⏱ heartbeat: loop alive (account=kW8LbkuGisPCK9Ey7C8iWA)
2025-09-10 10:14:35,229 INFO sell-guard: ⏱ heartbeat: loop alive (account=kW8LbkuGisPCK9Ey7C8iWA)
2025-09-10 10:15:05,231 INFO sell-guard: ⏱ heartbeat: loop alive (account=kW8LbkuGisPCK9Ey7C8iWA)
2025-09-10 10:15:35,234 INFO sell-guard: ⏱ heartbeat: loop alive (account=kW8LbkuGisPCK9Ey7C8iWA)
2025-09-10 10:16:05,236 INFO sell-guard: ⏱ heartbeat: loop alive (account=kW8LbkuGisPCK9Ey7C8iWA)
2025-09-10 10:16:35,237 INFO sell-guard: ⏱ heartbeat: loop alive (account=kW8LbkuGisPCK9Ey7C8iWA)
2025-09-10 10:17:05,240 INFO sell-guard: ⏱ heartbeat: loop alive (account=kW8LbkuGisPCK9Ey7C8iWA)
2025-09-10 10:17:35,241 INFO sell-guard: ⏱ heartbeat: loop alive (account=kW8LbkuGisPCK9Ey7C8iWA)
2025-09-10 10:18:05,244 INFO sell-guard: ⏱ heartbeat: loop alive (account=kW8LbkuGisPCK9Ey7C8iWA)
2025-09-10 10:18:35,245 INFO sell-guard: ⏱ heartbeat: loop alive (account=kW8LbkuGisPCK9Ey7C8iWA)
2025-09-10 10:19:05,257 INFO sell-guard: ⏱ heartbeat: loop alive (account=kW8LbkuGisPCK9Ey7C8iWA)
2025-09-10 10:19:35,260 INFO sell-guard: ⏱ heartbeat: loop alive (account=kW8LbkuGisPCK9Ey7C8iWA)
2025-09-10 10:20:05,262 INFO sell-guard: ⏱ heartbeat: loop alive (account=kW8LbkuGisPCK9Ey7C8iWA)
2025-09-10 10:20:35,265 INFO sell-guard: ⏱ heartbeat: loop alive (account=kW8LbkuGisPCK9Ey7C8iWA)
2025-09-10 10:21:05,267 INFO sell-guard: ⏱ heartbeat: loop alive (account=kW8LbkuGisPCK9Ey7C8iWA)
2025-09-10 10:21:35,269 INFO sell-guard: ⏱ heartbeat: loop alive (account=kW8LbkuGisPCK9Ey7C8iWA)
2025-09-10 10:22:05,272 INFO sell-guard: ⏱ heartbeat: loop alive (account=kW8LbkuGisPCK9Ey7C8iWA)
2025-09-10 10:22:35,273 INFO sell-guard: ⏱ heartbeat: loop alive (account=kW8LbkuGisPCK9Ey7C8iWA)
2025-09-10 10:23:05,276 INFO sell-guard: ⏱ heartbeat: loop alive (account=kW8LbkuGisPCK9Ey7C8iWA)
2025-09-10 10:23:35,278 INFO sell-guard: ⏱ heartbeat: loop alive (account=kW8LbkuGisPCK9Ey7C8iWA)
2025-09-10 10:24:05,281 INFO sell-guard: ⏱ heartbeat: loop alive (account=kW8LbkuGisPCK9Ey7C8iWA)
2025-09-10 10:24:35,283 INFO sell-guard: ⏱ heartbeat: loop alive (account=kW8LbkuGisPCK9Ey7C8iWA)
2025-09-10 10:25:05,286 INFO sell-guard: ⏱ heartbeat: loop alive (account=kW8LbkuGisPCK9Ey7C8iWA)
2025-09-10 10:25:35,289 INFO sell-guard: ⏱ heartbeat: loop alive (account=kW8LbkuGisPCK9Ey7C8iWA)
2025-09-10 10:26:05,291 INFO sell-guard: ⏱ heartbeat: loop alive (account=kW8LbkuGisPCK9Ey7C8iWA)
2025-09-10 10:26:35,294 INFO sell-guard: ⏱ heartbeat: loop alive (account=kW8LbkuGisPCK9Ey7C8iWA)
2025-09-10 10:27:05,297 INFO sell-guard: ⏱ heartbeat: loop alive (account=kW8LbkuGisPCK9Ey7C8iWA)
2025-09-10 10:27:23,224 INFO sell-guard: config source: C:\TradeAlerts\sell_guard_settings.json
2025-09-10 10:27:24,022 INFO sell-guard: positions via get_positions -> 21 symbol(s)
2025-09-10 10:27:35,298 INFO sell-guard: ⏱ heartbeat: loop alive (account=kW8LbkuGisPCK9Ey7C8iWA)
2025-09-10 10:28:35,843 INFO sell-guard: config source: C:\TradeAlerts\sell_guard_settings.json
2025-09-10 10:28:35,843 INFO sell-guard: env: ETRADE_ENV=production  PYTHONPATH=None
2025-09-10 10:28:35,844 INFO sell-guard: ⏱ heartbeat: loop alive (account=?)
2025-09-10 10:28:35,845 DEBUG sell-guard: tick: polling positions & quotes…
2025-09-10 10:28:36,108 INFO sell-guard: [LIVE] Using accountIdKey=kW8LbkuGisPCK9Ey7C8iWA
2025-09-10 10:28:36,109 INFO sell-guard: [CFG] mode=live tp=200 bps stop=100 bps max_hold=100000m limit_from=bid offset=0 bps throttle=30.0s ext_hours=False fallback=SELL_STOP,TIMEOUT
2025-09-10 10:28:36,617 INFO sell-guard: positions via get_positions -> 21 symbol(s)
2025-09-10 10:28:36,618 INFO sell-guard: Managing 7 symbol(s): CVS,SWKS,PCG,NCLH,IVZ,ENPH,WBD
2025-09-10 10:28:36,620 WARNING sell-guard: quote fetch failed: module 'services.etrade_service' has no attribute 'quotes'
2025-09-10 10:28:36,622 WARNING sell-guard: No last price for: CVS,SWKS,PCG,NCLH,IVZ,ENPH,WBD
2025-09-10 10:28:36,623 INFO sell-guard: Skip CVS: missing price(s) entry=None last=None
2025-09-10 10:28:36,626 INFO sell-guard: Skip SWKS: missing price(s) entry=None last=None
2025-09-10 10:28:36,626 INFO sell-guard: Skip PCG: missing price(s) entry=None last=None
2025-09-10 10:28:36,627 INFO sell-guard: Skip NCLH: missing price(s) entry=None last=None
2025-09-10 10:28:36,627 INFO sell-guard: Skip IVZ: missing price(s) entry=None last=None
2025-09-10 10:28:36,628 INFO sell-guard: Skip ENPH: missing price(s) entry=None last=None
2025-09-10 10:28:36,628 INFO sell-guard: Skip WBD: missing price(s) entry=None last=None
2025-09-10 10:29:06,111 INFO sell-guard: ⏱ heartbeat: loop alive (account=kW8LbkuGisPCK9Ey7C8iWA)
2025-09-10 10:29:06,654 INFO sell-guard: positions via get_positions -> 21 symbol(s)
2025-09-10 10:29:06,656 INFO sell-guard: Managing 7 symbol(s): CVS,SWKS,PCG,NCLH,IVZ,ENPH,WBD
2025-09-10 10:29:06,657 WARNING sell-guard: quote fetch failed: module 'services.etrade_service' has no attribute 'quotes'
2025-09-10 10:29:06,657 WARNING sell-guard: No last price for: CVS,SWKS,PCG,NCLH,IVZ,ENPH,WBD
2025-09-10 10:29:06,658 INFO sell-guard: Skip CVS: missing price(s) entry=None last=None
2025-09-10 10:29:06,658 INFO sell-guard: Skip SWKS: missing price(s) entry=None last=None
2025-09-10 10:29:06,659 INFO sell-guard: Skip PCG: missing price(s) entry=None last=None
2025-09-10 10:29:06,659 INFO sell-guard: Skip NCLH: missing price(s) entry=None last=None
2025-09-10 10:29:06,659 INFO sell-guard: Skip IVZ: missing price(s) entry=None last=None
2025-09-10 10:29:06,660 INFO sell-guard: Skip ENPH: missing price(s) entry=None last=None
2025-09-10 10:29:06,660 INFO sell-guard: Skip WBD: missing price(s) entry=None last=None
2025-09-10 10:29:36,112 INFO sell-guard: ⏱ heartbeat: loop alive (account=kW8LbkuGisPCK9Ey7C8iWA)
2025-09-10 10:29:36,624 INFO sell-guard: positions via get_positions -> 21 symbol(s)
2025-09-10 10:29:36,625 INFO sell-guard: Managing 7 symbol(s): CVS,SWKS,PCG,NCLH,IVZ,ENPH,WBD
2025-09-10 10:29:36,626 WARNING sell-guard: quote fetch failed: module 'services.etrade_service' has no attribute 'quotes'
2025-09-10 10:29:36,627 WARNING sell-guard: No last price for: CVS,SWKS,PCG,NCLH,IVZ,ENPH,WBD
2025-09-10 10:29:36,628 INFO sell-guard: Skip CVS: missing price(s) entry=None last=None
2025-09-10 10:29:36,628 INFO sell-guard: Skip SWKS: missing price(s) entry=None last=None
2025-09-10 10:29:36,629 INFO sell-guard: Skip PCG: missing price(s) entry=None last=None
2025-09-10 10:29:36,629 INFO sell-guard: Skip NCLH: missing price(s) entry=None last=None
2025-09-10 10:29:36,629 INFO sell-guard: Skip IVZ: missing price(s) entry=None last=None
2025-09-10 10:29:36,630 INFO sell-guard: Skip ENPH: missing price(s) entry=None last=None
2025-09-10 10:29:36,631 INFO sell-guard: Skip WBD: missing price(s) entry=None last=None
2025-09-10 10:30:06,113 INFO sell-guard: ⏱ heartbeat: loop alive (account=kW8LbkuGisPCK9Ey7C8iWA)
2025-09-10 10:30:06,651 INFO sell-guard: positions via get_positions -> 21 symbol(s)
2025-09-10 10:30:06,652 INFO sell-guard: Managing 7 symbol(s): CVS,SWKS,PCG,NCLH,IVZ,ENPH,WBD
2025-09-10 10:30:06,654 WARNING sell-guard: quote fetch failed: module 'services.etrade_service' has no attribute 'quotes'
2025-09-10 10:30:06,655 WARNING sell-guard: No last price for: CVS,SWKS,PCG,NCLH,IVZ,ENPH,WBD
2025-09-10 10:30:06,655 INFO sell-guard: Skip CVS: missing price(s) entry=None last=None
2025-09-10 10:30:06,656 INFO sell-guard: Skip SWKS: missing price(s) entry=None last=None
2025-09-10 10:30:06,657 INFO sell-guard: Skip PCG: missing price(s) entry=None last=None
2025-09-10 10:30:06,657 INFO sell-guard: Skip NCLH: missing price(s) entry=None last=None
2025-09-10 10:30:06,658 INFO sell-guard: Skip IVZ: missing price(s) entry=None last=None
2025-09-10 10:30:06,659 INFO sell-guard: Skip ENPH: missing price(s) entry=None last=None
2025-09-10 10:30:06,660 INFO sell-guard: Skip WBD: missing price(s) entry=None last=None
2025-09-10 10:30:36,113 INFO sell-guard: ⏱ heartbeat: loop alive (account=kW8LbkuGisPCK9Ey7C8iWA)
2025-09-10 10:30:36,592 INFO sell-guard: positions via get_positions -> 21 symbol(s)
2025-09-10 10:30:36,593 INFO sell-guard: Managing 7 symbol(s): CVS,SWKS,PCG,NCLH,IVZ,ENPH,WBD
2025-09-10 10:30:36,595 WARNING sell-guard: quote fetch failed: module 'services.etrade_service' has no attribute 'quotes'
2025-09-10 10:30:36,596 WARNING sell-guard: No last price for: CVS,SWKS,PCG,NCLH,IVZ,ENPH,WBD
2025-09-10 10:30:36,596 INFO sell-guard: Skip CVS: missing price(s) entry=None last=None
2025-09-10 10:30:36,597 INFO sell-guard: Skip SWKS: missing price(s) entry=None last=None
2025-09-10 10:30:36,597 INFO sell-guard: Skip PCG: missing price(s) entry=None last=None
2025-09-10 10:30:36,598 INFO sell-guard: Skip NCLH: missing price(s) entry=None last=None
2025-09-10 10:30:36,599 INFO sell-guard: Skip IVZ: missing price(s) entry=None last=None
2025-09-10 10:30:36,600 INFO sell-guard: Skip ENPH: missing price(s) entry=None last=None
2025-09-10 10:30:36,600 INFO sell-guard: Skip WBD: missing price(s) entry=None last=None
2025-09-10 10:31:06,114 INFO sell-guard: ⏱ heartbeat: loop alive (account=kW8LbkuGisPCK9Ey7C8iWA)
2025-09-10 10:31:06,620 INFO sell-guard: positions via get_positions -> 21 symbol(s)
2025-09-10 10:31:06,621 INFO sell-guard: Managing 7 symbol(s): CVS,SWKS,PCG,NCLH,IVZ,ENPH,WBD
2025-09-10 10:31:06,625 WARNING sell-guard: quote fetch failed: module 'services.etrade_service' has no attribute 'quotes'
2025-09-10 10:31:06,626 WARNING sell-guard: No last price for: CVS,SWKS,PCG,NCLH,IVZ,ENPH,WBD
2025-09-10 10:31:06,627 INFO sell-guard: Skip CVS: missing price(s) entry=None last=None
2025-09-10 10:31:06,628 INFO sell-guard: Skip SWKS: missing price(s) entry=None last=None
2025-09-10 10:31:06,630 INFO sell-guard: Skip PCG: missing price(s) entry=None last=None
2025-09-10 10:31:06,630 INFO sell-guard: Skip NCLH: missing price(s) entry=None last=None
2025-09-10 10:31:06,631 INFO sell-guard: Skip IVZ: missing price(s) entry=None last=None
2025-09-10 10:31:06,632 INFO sell-guard: Skip ENPH: missing price(s) entry=None last=None
2025-09-10 10:31:06,633 INFO sell-guard: Skip WBD: missing price(s) entry=None last=None
2025-09-10 10:31:36,115 INFO sell-guard: ⏱ heartbeat: loop alive (account=kW8LbkuGisPCK9Ey7C8iWA)
2025-09-10 10:31:36,627 INFO sell-guard: positions via get_positions -> 21 symbol(s)
2025-09-10 10:31:36,628 INFO sell-guard: Managing 7 symbol(s): CVS,SWKS,PCG,NCLH,IVZ,ENPH,WBD
2025-09-10 10:31:36,630 WARNING sell-guard: quote fetch failed: module 'services.etrade_service' has no attribute 'quotes'
2025-09-10 10:31:36,631 WARNING sell-guard: No last price for: CVS,SWKS,PCG,NCLH,IVZ,ENPH,WBD
2025-09-10 10:31:36,632 INFO sell-guard: Skip CVS: missing price(s) entry=None last=None
2025-09-10 10:31:36,632 INFO sell-guard: Skip SWKS: missing price(s) entry=None last=None
2025-09-10 10:31:36,633 INFO sell-guard: Skip PCG: missing price(s) entry=None last=None
2025-09-10 10:31:36,634 INFO sell-guard: Skip NCLH: missing price(s) entry=None last=None
2025-09-10 10:31:36,636 INFO sell-guard: Skip IVZ: missing price(s) entry=None last=None
2025-09-10 10:31:36,636 INFO sell-guard: Skip ENPH: missing price(s) entry=None last=None
2025-09-10 10:31:36,637 INFO sell-guard: Skip WBD: missing price(s) entry=None last=None
2025-09-10 10:32:06,132 INFO sell-guard: ⏱ heartbeat: loop alive (account=kW8LbkuGisPCK9Ey7C8iWA)
2025-09-10 10:32:06,726 INFO sell-guard: positions via get_positions -> 21 symbol(s)
2025-09-10 10:32:06,732 INFO sell-guard: Managing 7 symbol(s): CVS,SWKS,PCG,NCLH,IVZ,ENPH,WBD
2025-09-10 10:32:06,734 WARNING sell-guard: quote fetch failed: module 'services.etrade_service' has no attribute 'quotes'
2025-09-10 10:32:06,736 WARNING sell-guard: No last price for: CVS,SWKS,PCG,NCLH,IVZ,ENPH,WBD
2025-09-10 10:32:06,737 INFO sell-guard: Skip CVS: missing price(s) entry=None last=None
2025-09-10 10:32:06,739 INFO sell-guard: Skip SWKS: missing price(s) entry=None last=None
2025-09-10 10:32:06,740 INFO sell-guard: Skip PCG: missing price(s) entry=None last=None
2025-09-10 10:32:06,741 INFO sell-guard: Skip NCLH: missing price(s) entry=None last=None
2025-09-10 10:32:06,742 INFO sell-guard: Skip IVZ: missing price(s) entry=None last=None
2025-09-10 10:32:06,761 INFO sell-guard: Skip ENPH: missing price(s) entry=None last=None
2025-09-10 10:32:06,762 INFO sell-guard: Skip WBD: missing price(s) entry=None last=None
2025-09-10 10:32:36,120 INFO sell-guard: ⏱ heartbeat: loop alive (account=kW8LbkuGisPCK9Ey7C8iWA)
2025-09-10 10:32:36,661 INFO sell-guard: positions via get_positions -> 21 symbol(s)
2025-09-10 10:32:36,662 INFO sell-guard: Managing 7 symbol(s): CVS,SWKS,PCG,NCLH,IVZ,ENPH,WBD
2025-09-10 10:32:36,664 WARNING sell-guard: quote fetch failed: module 'services.etrade_service' has no attribute 'quotes'
2025-09-10 10:32:36,665 WARNING sell-guard: No last price for: CVS,SWKS,PCG,NCLH,IVZ,ENPH,WBD
2025-09-10 10:32:36,665 INFO sell-guard: Skip CVS: missing price(s) entry=None last=None
2025-09-10 10:32:36,666 INFO sell-guard: Skip SWKS: missing price(s) entry=None last=None
2025-09-10 10:32:36,666 INFO sell-guard: Skip PCG: missing price(s) entry=None last=None
2025-09-10 10:32:36,667 INFO sell-guard: Skip NCLH: missing price(s) entry=None last=None
2025-09-10 10:32:36,667 INFO sell-guard: Skip IVZ: missing price(s) entry=None last=None
2025-09-10 10:32:36,668 INFO sell-guard: Skip ENPH: missing price(s) entry=None last=None
2025-09-10 10:32:36,668 INFO sell-guard: Skip WBD: missing price(s) entry=None last=None
2025-09-10 10:33:06,120 INFO sell-guard: ⏱ heartbeat: loop alive (account=kW8LbkuGisPCK9Ey7C8iWA)
2025-09-10 10:33:06,709 INFO sell-guard: positions via get_positions -> 21 symbol(s)
2025-09-10 10:33:06,710 INFO sell-guard: Managing 7 symbol(s): CVS,SWKS,PCG,NCLH,IVZ,ENPH,WBD
2025-09-10 10:33:06,712 WARNING sell-guard: quote fetch failed: module 'services.etrade_service' has no attribute 'quotes'
2025-09-10 10:33:06,713 WARNING sell-guard: No last price for: CVS,SWKS,PCG,NCLH,IVZ,ENPH,WBD
2025-09-10 10:33:06,713 INFO sell-guard: Skip CVS: missing price(s) entry=None last=None
2025-09-10 10:33:06,714 INFO sell-guard: Skip SWKS: missing price(s) entry=None last=None
2025-09-10 10:33:06,714 INFO sell-guard: Skip PCG: missing price(s) entry=None last=None
2025-09-10 10:33:06,715 INFO sell-guard: Skip NCLH: missing price(s) entry=None last=None
2025-09-10 10:33:06,715 INFO sell-guard: Skip IVZ: missing price(s) entry=None last=None
2025-09-10 10:33:06,715 INFO sell-guard: Skip ENPH: missing price(s) entry=None last=None
2025-09-10 10:33:06,716 INFO sell-guard: Skip WBD: missing price(s) entry=None last=None
2025-09-10 10:33:36,121 INFO sell-guard: ⏱ heartbeat: loop alive (account=kW8LbkuGisPCK9Ey7C8iWA)
2025-09-10 10:33:36,623 INFO sell-guard: positions via get_positions -> 21 symbol(s)
2025-09-10 10:33:36,624 INFO sell-guard: Managing 7 symbol(s): CVS,SWKS,PCG,NCLH,IVZ,ENPH,WBD
2025-09-10 10:33:36,628 WARNING sell-guard: quote fetch failed: module 'services.etrade_service' has no attribute 'quotes'
2025-09-10 10:33:36,628 WARNING sell-guard: No last price for: CVS,SWKS,PCG,NCLH,IVZ,ENPH,WBD
2025-09-10 10:33:36,629 INFO sell-guard: Skip CVS: missing price(s) entry=None last=None
2025-09-10 10:33:36,630 INFO sell-guard: Skip SWKS: missing price(s) entry=None last=None
2025-09-10 10:33:36,630 INFO sell-guard: Skip PCG: missing price(s) entry=None last=None
2025-09-10 10:33:36,631 INFO sell-guard: Skip NCLH: missing price(s) entry=None last=None
2025-09-10 10:33:36,632 INFO sell-guard: Skip IVZ: missing price(s) entry=None last=None
2025-09-10 10:33:36,632 INFO sell-guard: Skip ENPH: missing price(s) entry=None last=None
2025-09-10 10:33:36,633 INFO sell-guard: Skip WBD: missing price(s) entry=None last=None
2025-09-10 10:34:06,122 INFO sell-guard: ⏱ heartbeat: loop alive (account=kW8LbkuGisPCK9Ey7C8iWA)
2025-09-10 10:34:06,704 INFO sell-guard: positions via get_positions -> 21 symbol(s)
2025-09-10 10:34:06,705 INFO sell-guard: Managing 7 symbol(s): CVS,SWKS,PCG,NCLH,IVZ,ENPH,WBD
2025-09-10 10:34:06,707 WARNING sell-guard: quote fetch failed: module 'services.etrade_service' has no attribute 'quotes'
2025-09-10 10:34:06,708 WARNING sell-guard: No last price for: CVS,SWKS,PCG,NCLH,IVZ,ENPH,WBD
2025-09-10 10:34:06,710 INFO sell-guard: Skip CVS: missing price(s) entry=None last=None
2025-09-10 10:34:06,710 INFO sell-guard: Skip SWKS: missing price(s) entry=None last=None
2025-09-10 10:34:06,711 INFO sell-guard: Skip PCG: missing price(s) entry=None last=None
2025-09-10 10:34:06,712 INFO sell-guard: Skip NCLH: missing price(s) entry=None last=None
2025-09-10 10:34:06,712 INFO sell-guard: Skip IVZ: missing price(s) entry=None last=None
2025-09-10 10:34:06,713 INFO sell-guard: Skip ENPH: missing price(s) entry=None last=None
2025-09-10 10:34:06,714 INFO sell-guard: Skip WBD: missing price(s) entry=None last=None
2025-09-10 10:34:36,122 INFO sell-guard: ⏱ heartbeat: loop alive (account=kW8LbkuGisPCK9Ey7C8iWA)
2025-09-10 10:34:36,664 INFO sell-guard: positions via get_positions -> 21 symbol(s)
2025-09-10 10:34:36,665 INFO sell-guard: Managing 7 symbol(s): CVS,SWKS,PCG,NCLH,IVZ,ENPH,WBD
2025-09-10 10:34:36,670 WARNING sell-guard: quote fetch failed: module 'services.etrade_service' has no attribute 'quotes'
2025-09-10 10:34:36,670 WARNING sell-guard: No last price for: CVS,SWKS,PCG,NCLH,IVZ,ENPH,WBD
2025-09-10 10:34:36,671 INFO sell-guard: Skip CVS: missing price(s) entry=None last=None
2025-09-10 10:34:36,672 INFO sell-guard: Skip SWKS: missing price(s) entry=None last=None
2025-09-10 10:34:36,673 INFO sell-guard: Skip PCG: missing price(s) entry=None last=None
2025-09-10 10:34:36,674 INFO sell-guard: Skip NCLH: missing price(s) entry=None last=None
2025-09-10 10:34:36,675 INFO sell-guard: Skip IVZ: missing price(s) entry=None last=None
2025-09-10 10:34:36,675 INFO sell-guard: Skip ENPH: missing price(s) entry=None last=None
2025-09-10 10:34:36,676 INFO sell-guard: Skip WBD: missing price(s) entry=None last=None
2025-09-10 10:35:06,123 INFO sell-guard: ⏱ heartbeat: loop alive (account=kW8LbkuGisPCK9Ey7C8iWA)
2025-09-10 10:35:06,767 INFO sell-guard: positions via get_positions -> 21 symbol(s)
2025-09-10 10:35:06,768 INFO sell-guard: Managing 7 symbol(s): CVS,SWKS,PCG,NCLH,IVZ,ENPH,WBD
2025-09-10 10:35:06,771 WARNING sell-guard: quote fetch failed: module 'services.etrade_service' has no attribute 'quotes'
2025-09-10 10:35:06,772 WARNING sell-guard: No last price for: CVS,SWKS,PCG,NCLH,IVZ,ENPH,WBD
2025-09-10 10:35:06,772 INFO sell-guard: Skip CVS: missing price(s) entry=None last=None
2025-09-10 10:35:06,773 INFO sell-guard: Skip SWKS: missing price(s) entry=None last=None
2025-09-10 10:35:06,774 INFO sell-guard: Skip PCG: missing price(s) entry=None last=None
2025-09-10 10:35:06,775 INFO sell-guard: Skip NCLH: missing price(s) entry=None last=None
2025-09-10 10:35:06,776 INFO sell-guard: Skip IVZ: missing price(s) entry=None last=None
2025-09-10 10:35:06,777 INFO sell-guard: Skip ENPH: missing price(s) entry=None last=None
2025-09-10 10:35:06,778 INFO sell-guard: Skip WBD: missing price(s) entry=None last=None
2025-09-10 10:35:36,125 INFO sell-guard: ⏱ heartbeat: loop alive (account=kW8LbkuGisPCK9Ey7C8iWA)
2025-09-10 10:35:36,631 INFO sell-guard: positions via get_positions -> 21 symbol(s)
2025-09-10 10:35:36,632 INFO sell-guard: Managing 7 symbol(s): CVS,SWKS,PCG,NCLH,IVZ,ENPH,WBD
2025-09-10 10:35:36,634 WARNING sell-guard: quote fetch failed: module 'services.etrade_service' has no attribute 'quotes'
2025-09-10 10:35:36,635 WARNING sell-guard: No last price for: CVS,SWKS,PCG,NCLH,IVZ,ENPH,WBD
2025-09-10 10:35:36,636 INFO sell-guard: Skip CVS: missing price(s) entry=None last=None
2025-09-10 10:35:36,636 INFO sell-guard: Skip SWKS: missing price(s) entry=None last=None
2025-09-10 10:35:36,637 INFO sell-guard: Skip PCG: missing price(s) entry=None last=None
2025-09-10 10:35:36,638 INFO sell-guard: Skip NCLH: missing price(s) entry=None last=None
2025-09-10 10:35:36,638 INFO sell-guard: Skip IVZ: missing price(s) entry=None last=None
2025-09-10 10:35:36,639 INFO sell-guard: Skip ENPH: missing price(s) entry=None last=None
2025-09-10 10:35:36,640 INFO sell-guard: Skip WBD: missing price(s) entry=None last=None
2025-09-10 10:36:06,126 INFO sell-guard: ⏱ heartbeat: loop alive (account=kW8LbkuGisPCK9Ey7C8iWA)
2025-09-10 10:36:06,725 INFO sell-guard: positions via get_positions -> 21 symbol(s)
2025-09-10 10:36:06,726 INFO sell-guard: Managing 7 symbol(s): CVS,SWKS,PCG,NCLH,IVZ,ENPH,WBD
2025-09-10 10:36:06,728 WARNING sell-guard: quote fetch failed: module 'services.etrade_service' has no attribute 'quotes'
2025-09-10 10:36:06,729 WARNING sell-guard: No last price for: CVS,SWKS,PCG,NCLH,IVZ,ENPH,WBD
2025-09-10 10:36:06,730 INFO sell-guard: Skip CVS: missing price(s) entry=None last=None
2025-09-10 10:36:06,731 INFO sell-guard: Skip SWKS: missing price(s) entry=None last=None
2025-09-10 10:36:06,731 INFO sell-guard: Skip PCG: missing price(s) entry=None last=None
2025-09-10 10:36:06,732 INFO sell-guard: Skip NCLH: missing price(s) entry=None last=None
2025-09-10 10:36:06,733 INFO sell-guard: Skip IVZ: missing price(s) entry=None last=None
2025-09-10 10:36:06,733 INFO sell-guard: Skip ENPH: missing price(s) entry=None last=None
2025-09-10 10:36:06,734 INFO sell-guard: Skip WBD: missing price(s) entry=None last=None
2025-09-10 10:36:36,127 INFO sell-guard: ⏱ heartbeat: loop alive (account=kW8LbkuGisPCK9Ey7C8iWA)
2025-09-10 10:36:36,855 INFO sell-guard: positions via get_positions -> 21 symbol(s)
2025-09-10 10:36:36,856 INFO sell-guard: Managing 7 symbol(s): CVS,SWKS,PCG,NCLH,IVZ,ENPH,WBD
2025-09-10 10:36:36,858 WARNING sell-guard: quote fetch failed: module 'services.etrade_service' has no attribute 'quotes'
2025-09-10 10:36:36,859 WARNING sell-guard: No last price for: CVS,SWKS,PCG,NCLH,IVZ,ENPH,WBD
2025-09-10 10:36:36,860 INFO sell-guard: Skip CVS: missing price(s) entry=None last=None
2025-09-10 10:36:36,860 INFO sell-guard: Skip SWKS: missing price(s) entry=None last=None
2025-09-10 10:36:36,861 INFO sell-guard: Skip PCG: missing price(s) entry=None last=None
2025-09-10 10:36:36,861 INFO sell-guard: Skip NCLH: missing price(s) entry=None last=None
2025-09-10 10:36:36,862 INFO sell-guard: Skip IVZ: missing price(s) entry=None last=None
2025-09-10 10:36:36,862 INFO sell-guard: Skip ENPH: missing price(s) entry=None last=None
2025-09-10 10:36:36,863 INFO sell-guard: Skip WBD: missing price(s) entry=None last=None
2025-09-10 10:37:06,128 INFO sell-guard: ⏱ heartbeat: loop alive (account=kW8LbkuGisPCK9Ey7C8iWA)
2025-09-10 10:37:06,630 INFO sell-guard: positions via get_positions -> 21 symbol(s)
2025-09-10 10:37:06,637 INFO sell-guard: Managing 7 symbol(s): CVS,SWKS,PCG,NCLH,IVZ,ENPH,WBD
2025-09-10 10:37:06,650 WARNING sell-guard: quote fetch failed: module 'services.etrade_service' has no attribute 'quotes'
2025-09-10 10:37:06,661 WARNING sell-guard: No last price for: CVS,SWKS,PCG,NCLH,IVZ,ENPH,WBD
2025-09-10 10:37:06,670 INFO sell-guard: Skip CVS: missing price(s) entry=None last=None
2025-09-10 10:37:06,680 INFO sell-guard: Skip SWKS: missing price(s) entry=None last=None
2025-09-10 10:37:06,703 INFO sell-guard: Skip PCG: missing price(s) entry=None last=None
2025-09-10 10:37:06,707 INFO sell-guard: Skip NCLH: missing price(s) entry=None last=None
2025-09-10 10:37:06,732 INFO sell-guard: Skip IVZ: missing price(s) entry=None last=None
2025-09-10 10:37:06,748 INFO sell-guard: Skip ENPH: missing price(s) entry=None last=None
2025-09-10 10:37:06,757 INFO sell-guard: Skip WBD: missing price(s) entry=None last=None
2025-09-10 10:37:36,129 INFO sell-guard: ⏱ heartbeat: loop alive (account=kW8LbkuGisPCK9Ey7C8iWA)
2025-09-10 10:37:36,682 INFO sell-guard: positions via get_positions -> 21 symbol(s)
2025-09-10 10:37:36,683 INFO sell-guard: Managing 7 symbol(s): CVS,SWKS,PCG,NCLH,IVZ,ENPH,WBD
2025-09-10 10:37:36,685 WARNING sell-guard: quote fetch failed: module 'services.etrade_service' has no attribute 'quotes'
2025-09-10 10:37:36,686 WARNING sell-guard: No last price for: CVS,SWKS,PCG,NCLH,IVZ,ENPH,WBD
2025-09-10 10:37:36,687 INFO sell-guard: Skip CVS: missing price(s) entry=None last=None
2025-09-10 10:37:36,688 INFO sell-guard: Skip SWKS: missing price(s) entry=None last=None
2025-09-10 10:37:36,688 INFO sell-guard: Skip PCG: missing price(s) entry=None last=None
2025-09-10 10:37:36,689 INFO sell-guard: Skip NCLH: missing price(s) entry=None last=None
2025-09-10 10:37:36,689 INFO sell-guard: Skip IVZ: missing price(s) entry=None last=None
2025-09-10 10:37:36,690 INFO sell-guard: Skip ENPH: missing price(s) entry=None last=None
2025-09-10 10:37:36,691 INFO sell-guard: Skip WBD: missing price(s) entry=None last=None
2025-09-10 10:38:06,130 INFO sell-guard: ⏱ heartbeat: loop alive (account=kW8LbkuGisPCK9Ey7C8iWA)
2025-09-10 10:38:06,640 INFO sell-guard: positions via get_positions -> 21 symbol(s)
2025-09-10 10:38:06,640 INFO sell-guard: Managing 7 symbol(s): CVS,SWKS,PCG,NCLH,IVZ,ENPH,WBD
2025-09-10 10:38:06,642 WARNING sell-guard: quote fetch failed: module 'services.etrade_service' has no attribute 'quotes'
2025-09-10 10:38:06,643 WARNING sell-guard: No last price for: CVS,SWKS,PCG,NCLH,IVZ,ENPH,WBD
2025-09-10 10:38:06,643 INFO sell-guard: Skip CVS: missing price(s) entry=None last=None
2025-09-10 10:38:06,644 INFO sell-guard: Skip SWKS: missing price(s) entry=None last=None
2025-09-10 10:38:06,644 INFO sell-guard: Skip PCG: missing price(s) entry=None last=None
2025-09-10 10:38:06,645 INFO sell-guard: Skip NCLH: missing price(s) entry=None last=None
2025-09-10 10:38:06,645 INFO sell-guard: Skip IVZ: missing price(s) entry=None last=None
2025-09-10 10:38:06,645 INFO sell-guard: Skip ENPH: missing price(s) entry=None last=None
2025-09-10 10:38:06,646 INFO sell-guard: Skip WBD: missing price(s) entry=None last=None
2025-09-10 10:38:36,131 INFO sell-guard: ⏱ heartbeat: loop alive (account=kW8LbkuGisPCK9Ey7C8iWA)
2025-09-10 10:38:36,773 INFO sell-guard: positions via get_positions -> 21 symbol(s)
2025-09-10 10:38:36,775 INFO sell-guard: Managing 7 symbol(s): CVS,SWKS,PCG,NCLH,IVZ,ENPH,WBD
2025-09-10 10:38:36,779 WARNING sell-guard: quote fetch failed: module 'services.etrade_service' has no attribute 'quotes'
2025-09-10 10:38:36,781 WARNING sell-guard: No last price for: CVS,SWKS,PCG,NCLH,IVZ,ENPH,WBD
2025-09-10 10:38:36,782 INFO sell-guard: Skip CVS: missing price(s) entry=None last=None
2025-09-10 10:38:36,783 INFO sell-guard: Skip SWKS: missing price(s) entry=None last=None
2025-09-10 10:38:36,784 INFO sell-guard: Skip PCG: missing price(s) entry=None last=None
2025-09-10 10:38:36,785 INFO sell-guard: Skip NCLH: missing price(s) entry=None last=None
2025-09-10 10:38:36,791 INFO sell-guard: Skip IVZ: missing price(s) entry=None last=None
2025-09-10 10:38:36,792 INFO sell-guard: Skip ENPH: missing price(s) entry=None last=None
2025-09-10 10:38:36,793 INFO sell-guard: Skip WBD: missing price(s) entry=None last=None
2025-09-10 10:38:49,510 INFO sell-guard: config source: C:\TradeAlerts\sell_guard_settings.json
2025-09-10 10:38:49,511 INFO sell-guard: env: ETRADE_ENV=production  PYTHONPATH=None
2025-09-10 10:38:49,518 INFO sell-guard: ⏱ heartbeat: loop alive (account=?)
2025-09-10 10:38:49,519 DEBUG sell-guard: tick: polling positions & quotes…
2025-09-10 10:38:49,833 INFO sell-guard: [LIVE] Using accountIdKey=kW8LbkuGisPCK9Ey7C8iWA
2025-09-10 10:38:49,834 INFO sell-guard: [CFG] mode=live tp=200 bps stop=100 bps max_hold=100000m limit_from=bid offset=0 bps throttle=30.0s ext_hours=False fallback=SELL_STOP,TIMEOUT
2025-09-10 10:38:50,378 INFO sell-guard: positions via get_positions -> 21 symbol(s)
2025-09-10 10:38:50,378 INFO sell-guard: Managing 7 symbol(s): CVS,SWKS,PCG,NCLH,IVZ,ENPH,WBD
2025-09-10 10:38:52,327 INFO sell-guard: Skip CVS: missing price(s) entry=None last=72.675
2025-09-10 10:38:52,328 INFO sell-guard: Skip SWKS: missing price(s) entry=None last=72.6
2025-09-10 10:38:52,332 INFO sell-guard: Skip PCG: missing price(s) entry=None last=14.885
2025-09-10 10:38:52,333 INFO sell-guard: Skip NCLH: missing price(s) entry=None last=24.72
2025-09-10 10:38:52,334 INFO sell-guard: Skip IVZ: missing price(s) entry=None last=22.195
2025-09-10 10:38:52,335 INFO sell-guard: Skip ENPH: missing price(s) entry=None last=37.96
2025-09-10 10:38:52,336 INFO sell-guard: Skip WBD: missing price(s) entry=None last=12.075
2025-09-10 10:39:19,835 INFO sell-guard: ⏱ heartbeat: loop alive (account=kW8LbkuGisPCK9Ey7C8iWA)
2025-09-10 10:39:20,430 INFO sell-guard: positions via get_positions -> 21 symbol(s)
2025-09-10 10:39:20,432 INFO sell-guard: Managing 7 symbol(s): CVS,SWKS,PCG,NCLH,IVZ,ENPH,WBD
2025-09-10 10:39:22,929 INFO sell-guard: Skip CVS: missing price(s) entry=None last=72.67
2025-09-10 10:39:22,931 INFO sell-guard: Skip SWKS: missing price(s) entry=None last=72.6
2025-09-10 10:39:22,932 INFO sell-guard: Skip PCG: missing price(s) entry=None last=14.885
2025-09-10 10:39:22,933 INFO sell-guard: Skip NCLH: missing price(s) entry=None last=24.7699
2025-09-10 10:39:22,934 INFO sell-guard: Skip IVZ: missing price(s) entry=None last=22.185
2025-09-10 10:39:22,935 INFO sell-guard: Skip ENPH: missing price(s) entry=None last=37.95
2025-09-10 10:39:22,936 INFO sell-guard: Skip WBD: missing price(s) entry=None last=12.065
2025-09-10 10:39:49,836 INFO sell-guard: ⏱ heartbeat: loop alive (account=kW8LbkuGisPCK9Ey7C8iWA)
2025-09-10 10:39:50,324 INFO sell-guard: positions via get_positions -> 21 symbol(s)
2025-09-10 10:39:50,326 INFO sell-guard: Managing 7 symbol(s): CVS,SWKS,PCG,NCLH,IVZ,ENPH,WBD
2025-09-10 10:39:52,394 INFO sell-guard: Skip CVS: missing price(s) entry=None last=72.72
2025-09-10 10:39:52,396 INFO sell-guard: Skip SWKS: missing price(s) entry=None last=72.64
2025-09-10 10:39:52,399 INFO sell-guard: Skip PCG: missing price(s) entry=None last=14.885
2025-09-10 10:39:52,400 INFO sell-guard: Skip NCLH: missing price(s) entry=None last=24.78
2025-09-10 10:39:52,402 INFO sell-guard: Skip IVZ: missing price(s) entry=None last=22.185
2025-09-10 10:39:52,403 INFO sell-guard: Skip ENPH: missing price(s) entry=None last=37.96
2025-09-10 10:39:52,404 INFO sell-guard: Skip WBD: missing price(s) entry=None last=12.0699
2025-09-10 10:40:15,648 INFO sell-guard: config source: C:\TradeAlerts\sell_guard_settings.json
2025-09-10 10:40:15,649 INFO sell-guard: env: ETRADE_ENV=production  PYTHONPATH=None
2025-09-10 10:40:15,650 INFO sell-guard: ⏱ heartbeat: loop alive (account=?)
2025-09-10 10:40:15,651 DEBUG sell-guard: tick: polling positions & quotes…
2025-09-10 10:40:15,930 INFO sell-guard: [LIVE] Using accountIdKey=kW8LbkuGisPCK9Ey7C8iWA
2025-09-10 10:40:15,932 INFO sell-guard: [CFG] mode=live tp=200 bps stop=100 bps max_hold=100000m limit_from=bid offset=0 bps throttle=30.0s ext_hours=False fallback=SELL_STOP,TIMEOUT
2025-09-10 10:40:16,454 INFO sell-guard: positions via get_positions -> 21 symbol(s)
2025-09-10 10:40:16,455 INFO sell-guard: Managing 7 symbol(s): CVS,SWKS,PCG,NCLH,IVZ,ENPH,WBD
2025-09-10 10:40:18,636 INFO sell-guard: Skip CVS: missing price(s) entry=None last=72.725
2025-09-10 10:40:18,637 INFO sell-guard: Skip SWKS: missing price(s) entry=None last=72.71
2025-09-10 10:40:18,638 INFO sell-guard: Skip PCG: missing price(s) entry=None last=14.89
2025-09-10 10:40:18,639 INFO sell-guard: Skip NCLH: missing price(s) entry=None last=24.81
2025-09-10 10:40:18,639 INFO sell-guard: Skip IVZ: missing price(s) entry=None last=22.185
2025-09-10 10:40:18,639 INFO sell-guard: Skip ENPH: missing price(s) entry=None last=37.9117
2025-09-10 10:40:18,640 INFO sell-guard: Skip WBD: missing price(s) entry=None last=12.0799
2025-09-10 10:40:45,935 INFO sell-guard: ⏱ heartbeat: loop alive (account=kW8LbkuGisPCK9Ey7C8iWA)
2025-09-10 10:40:46,545 INFO sell-guard: positions via get_positions -> 21 symbol(s)
2025-09-10 10:40:46,546 INFO sell-guard: Managing 7 symbol(s): CVS,SWKS,PCG,NCLH,IVZ,ENPH,WBD
2025-09-10 10:40:48,874 INFO sell-guard: Skip CVS: missing price(s) entry=None last=72.7
2025-09-10 10:40:48,875 INFO sell-guard: Skip SWKS: missing price(s) entry=None last=72.73
2025-09-10 10:40:48,877 INFO sell-guard: Skip PCG: missing price(s) entry=None last=14.885
2025-09-10 10:40:48,878 INFO sell-guard: Skip NCLH: missing price(s) entry=None last=24.73
2025-09-10 10:40:48,879 INFO sell-guard: Skip IVZ: missing price(s) entry=None last=22.195
2025-09-10 10:40:48,880 INFO sell-guard: Skip ENPH: missing price(s) entry=None last=37.89
2025-09-10 10:40:48,881 INFO sell-guard: Skip WBD: missing price(s) entry=None last=12.0751
2025-09-10 10:41:15,936 INFO sell-guard: ⏱ heartbeat: loop alive (account=kW8LbkuGisPCK9Ey7C8iWA)
2025-09-10 10:41:16,505 INFO sell-guard: positions via get_positions -> 21 symbol(s)
2025-09-10 10:41:16,513 INFO sell-guard: Managing 7 symbol(s): CVS,SWKS,PCG,NCLH,IVZ,ENPH,WBD
2025-09-10 10:41:19,271 INFO sell-guard: Skip CVS: missing price(s) entry=None last=72.655
2025-09-10 10:41:19,272 INFO sell-guard: Skip SWKS: missing price(s) entry=None last=72.7
2025-09-10 10:41:19,273 INFO sell-guard: Skip PCG: missing price(s) entry=None last=14.8999
2025-09-10 10:41:19,274 INFO sell-guard: Skip NCLH: missing price(s) entry=None last=24.81
2025-09-10 10:41:19,274 INFO sell-guard: Skip IVZ: missing price(s) entry=None last=22.21
2025-09-10 10:41:19,275 INFO sell-guard: Skip ENPH: missing price(s) entry=None last=37.89
2025-09-10 10:41:19,276 INFO sell-guard: Skip WBD: missing price(s) entry=None last=12.11
2025-09-10 10:41:45,937 INFO sell-guard: ⏱ heartbeat: loop alive (account=kW8LbkuGisPCK9Ey7C8iWA)
2025-09-10 10:41:46,559 INFO sell-guard: positions via get_positions -> 21 symbol(s)
2025-09-10 10:41:46,560 INFO sell-guard: Managing 7 symbol(s): CVS,SWKS,PCG,NCLH,IVZ,ENPH,WBD
2025-09-10 10:41:49,193 INFO sell-guard: Skip CVS: missing price(s) entry=None last=72.725
2025-09-10 10:41:49,295 INFO sell-guard: Skip SWKS: missing price(s) entry=None last=72.6
2025-09-10 10:41:49,339 INFO sell-guard: Skip PCG: missing price(s) entry=None last=14.92
2025-09-10 10:41:49,343 INFO sell-guard: Skip NCLH: missing price(s) entry=None last=24.87
2025-09-10 10:41:49,344 INFO sell-guard: Skip IVZ: missing price(s) entry=None last=22.225
2025-09-10 10:41:49,345 INFO sell-guard: Skip ENPH: missing price(s) entry=None last=37.89
2025-09-10 10:41:49,346 INFO sell-guard: Skip WBD: missing price(s) entry=None last=12.115
2025-09-10 10:42:15,938 INFO sell-guard: ⏱ heartbeat: loop alive (account=kW8LbkuGisPCK9Ey7C8iWA)
2025-09-10 10:42:16,420 INFO sell-guard: positions via get_positions -> 21 symbol(s)
2025-09-10 10:42:16,421 INFO sell-guard: Managing 7 symbol(s): CVS,SWKS,PCG,NCLH,IVZ,ENPH,WBD
2025-09-10 10:42:18,549 INFO sell-guard: Skip CVS: missing price(s) entry=None last=72.69
2025-09-10 10:42:18,550 INFO sell-guard: Skip SWKS: missing price(s) entry=None last=72.56
2025-09-10 10:42:18,553 INFO sell-guard: Skip PCG: missing price(s) entry=None last=14.915
2025-09-10 10:42:18,553 INFO sell-guard: Skip NCLH: missing price(s) entry=None last=24.89
2025-09-10 10:42:18,554 INFO sell-guard: Skip IVZ: missing price(s) entry=None last=22.235
2025-09-10 10:42:18,555 INFO sell-guard: Skip ENPH: missing price(s) entry=None last=37.89
2025-09-10 10:42:18,556 INFO sell-guard: Skip WBD: missing price(s) entry=None last=12.1157
2025-09-10 10:42:45,939 INFO sell-guard: ⏱ heartbeat: loop alive (account=kW8LbkuGisPCK9Ey7C8iWA)
2025-09-10 10:42:46,440 INFO sell-guard: positions via get_positions -> 21 symbol(s)
2025-09-10 10:42:46,441 INFO sell-guard: Managing 7 symbol(s): CVS,SWKS,PCG,NCLH,IVZ,ENPH,WBD
2025-09-10 10:42:48,994 INFO sell-guard: Skip CVS: missing price(s) entry=None last=72.64
2025-09-10 10:42:48,995 INFO sell-guard: Skip SWKS: missing price(s) entry=None last=72.59
2025-09-10 10:42:48,997 INFO sell-guard: Skip PCG: missing price(s) entry=None last=14.91
2025-09-10 10:42:48,997 INFO sell-guard: Skip NCLH: missing price(s) entry=None last=24.895
2025-09-10 10:42:48,998 INFO sell-guard: Skip IVZ: missing price(s) entry=None last=22.2501
2025-09-10 10:42:48,998 INFO sell-guard: Skip ENPH: missing price(s) entry=None last=37.82
2025-09-10 10:42:48,999 INFO sell-guard: Skip WBD: missing price(s) entry=None last=12.115
2025-09-10 10:43:15,940 INFO sell-guard: ⏱ heartbeat: loop alive (account=kW8LbkuGisPCK9Ey7C8iWA)
2025-09-10 10:43:17,044 INFO sell-guard: positions via get_positions -> 21 symbol(s)
2025-09-10 10:43:17,046 INFO sell-guard: Managing 7 symbol(s): CVS,SWKS,PCG,NCLH,IVZ,ENPH,WBD
2025-09-10 10:43:19,790 INFO sell-guard: Skip CVS: missing price(s) entry=None last=72.65
2025-09-10 10:43:19,791 INFO sell-guard: Skip SWKS: missing price(s) entry=None last=72.56
2025-09-10 10:43:19,793 INFO sell-guard: Skip PCG: missing price(s) entry=None last=14.905
2025-09-10 10:43:19,794 INFO sell-guard: Skip NCLH: missing price(s) entry=None last=24.875
2025-09-10 10:43:19,794 INFO sell-guard: Skip IVZ: missing price(s) entry=None last=22.2584
2025-09-10 10:43:19,795 INFO sell-guard: Skip ENPH: missing price(s) entry=None last=37.78
2025-09-10 10:43:19,795 INFO sell-guard: Skip WBD: missing price(s) entry=None last=12.1157
2025-09-10 10:43:45,941 INFO sell-guard: ⏱ heartbeat: loop alive (account=kW8LbkuGisPCK9Ey7C8iWA)
2025-09-10 10:43:46,453 INFO sell-guard: positions via get_positions -> 21 symbol(s)
2025-09-10 10:43:46,454 INFO sell-guard: Managing 7 symbol(s): CVS,SWKS,PCG,NCLH,IVZ,ENPH,WBD
2025-09-10 10:43:49,249 INFO sell-guard: Skip CVS: missing price(s) entry=None last=72.6
2025-09-10 10:43:49,648 INFO sell-guard: Skip SWKS: missing price(s) entry=None last=72.58
2025-09-10 10:43:49,649 INFO sell-guard: Skip PCG: missing price(s) entry=None last=14.895
2025-09-10 10:43:49,651 INFO sell-guard: Skip NCLH: missing price(s) entry=None last=24.89
2025-09-10 10:43:49,653 INFO sell-guard: Skip IVZ: missing price(s) entry=None last=22.2743
2025-09-10 10:43:49,670 INFO sell-guard: Skip ENPH: missing price(s) entry=None last=37.79
2025-09-10 10:43:49,680 INFO sell-guard: Skip WBD: missing price(s) entry=None last=12.11
2025-09-10 10:44:15,963 INFO sell-guard: ⏱ heartbeat: loop alive (account=kW8LbkuGisPCK9Ey7C8iWA)
2025-09-10 10:44:16,942 INFO sell-guard: positions via get_positions -> 21 symbol(s)
2025-09-10 10:44:16,943 INFO sell-guard: Managing 7 symbol(s): CVS,SWKS,PCG,NCLH,IVZ,ENPH,WBD
2025-09-10 10:44:21,553 INFO sell-guard: Skip CVS: missing price(s) entry=None last=72.635
2025-09-10 10:44:21,566 INFO sell-guard: Skip SWKS: missing price(s) entry=None last=72.54
2025-09-10 10:44:21,586 INFO sell-guard: Skip PCG: missing price(s) entry=None last=14.885
2025-09-10 10:44:21,587 INFO sell-guard: Skip NCLH: missing price(s) entry=None last=24.87
2025-09-10 10:44:21,592 INFO sell-guard: Skip IVZ: missing price(s) entry=None last=22.25
2025-09-10 10:44:21,593 INFO sell-guard: Skip ENPH: missing price(s) entry=None last=37.7762
2025-09-10 10:44:21,596 INFO sell-guard: Skip WBD: missing price(s) entry=None last=12.085
2025-09-10 10:44:45,964 INFO sell-guard: ⏱ heartbeat: loop alive (account=kW8LbkuGisPCK9Ey7C8iWA)
2025-09-10 10:44:46,434 INFO sell-guard: positions via get_positions -> 21 symbol(s)
2025-09-10 10:44:46,435 INFO sell-guard: Managing 7 symbol(s): CVS,SWKS,PCG,NCLH,IVZ,ENPH,WBD
2025-09-10 10:44:48,346 INFO sell-guard: Skip CVS: missing price(s) entry=None last=72.81
2025-09-10 10:44:48,347 INFO sell-guard: Skip SWKS: missing price(s) entry=None last=72.53
2025-09-10 10:44:48,349 INFO sell-guard: Skip PCG: missing price(s) entry=None last=14.88
2025-09-10 10:44:48,349 INFO sell-guard: Skip NCLH: missing price(s) entry=None last=24.87
2025-09-10 10:44:48,350 INFO sell-guard: Skip IVZ: missing price(s) entry=None last=22.245
2025-09-10 10:44:48,351 INFO sell-guard: Skip ENPH: missing price(s) entry=None last=37.785
2025-09-10 10:44:48,352 INFO sell-guard: Skip WBD: missing price(s) entry=None last=12.075
2025-09-10 10:45:15,965 INFO sell-guard: ⏱ heartbeat: loop alive (account=kW8LbkuGisPCK9Ey7C8iWA)
2025-09-10 10:45:16,419 INFO sell-guard: positions via get_positions -> 21 symbol(s)
2025-09-10 10:45:16,420 INFO sell-guard: Managing 7 symbol(s): CVS,SWKS,PCG,NCLH,IVZ,ENPH,WBD
2025-09-10 10:45:18,940 INFO sell-guard: Skip CVS: missing price(s) entry=None last=72.68
2025-09-10 10:45:18,943 INFO sell-guard: Skip SWKS: missing price(s) entry=None last=72.48
2025-09-10 10:45:18,945 INFO sell-guard: Skip PCG: missing price(s) entry=None last=14.885
2025-09-10 10:45:18,946 INFO sell-guard: Skip NCLH: missing price(s) entry=None last=24.875
2025-09-10 10:45:18,947 INFO sell-guard: Skip IVZ: missing price(s) entry=None last=22.235
2025-09-10 10:45:18,948 INFO sell-guard: Skip ENPH: missing price(s) entry=None last=37.76
2025-09-10 10:45:18,950 INFO sell-guard: Skip WBD: missing price(s) entry=None last=12.07
2025-09-10 10:45:45,966 INFO sell-guard: ⏱ heartbeat: loop alive (account=kW8LbkuGisPCK9Ey7C8iWA)
2025-09-10 10:45:46,403 INFO sell-guard: positions via get_positions -> 21 symbol(s)
2025-09-10 10:45:46,404 INFO sell-guard: Managing 7 symbol(s): CVS,SWKS,PCG,NCLH,IVZ,ENPH,WBD
2025-09-10 10:45:48,399 INFO sell-guard: Skip CVS: missing price(s) entry=None last=72.605
2025-09-10 10:45:48,401 INFO sell-guard: Skip SWKS: missing price(s) entry=None last=72.44
2025-09-10 10:45:48,406 INFO sell-guard: Skip PCG: missing price(s) entry=None last=14.875
2025-09-10 10:45:48,408 INFO sell-guard: Skip NCLH: missing price(s) entry=None last=24.885
2025-09-10 10:45:48,410 INFO sell-guard: Skip IVZ: missing price(s) entry=None last=22.215
2025-09-10 10:45:48,412 INFO sell-guard: Skip ENPH: missing price(s) entry=None last=37.711
2025-09-10 10:45:48,414 INFO sell-guard: Skip WBD: missing price(s) entry=None last=12.07
2025-09-10 10:46:15,967 INFO sell-guard: ⏱ heartbeat: loop alive (account=kW8LbkuGisPCK9Ey7C8iWA)
2025-09-10 10:46:16,461 INFO sell-guard: positions via get_positions -> 21 symbol(s)
2025-09-10 10:46:16,462 INFO sell-guard: Managing 7 symbol(s): CVS,SWKS,PCG,NCLH,IVZ,ENPH,WBD
2025-09-10 10:46:18,458 INFO sell-guard: Skip CVS: missing price(s) entry=None last=72.67
2025-09-10 10:46:18,832 INFO sell-guard: Skip SWKS: missing price(s) entry=None last=72.45
2025-09-10 10:46:18,835 INFO sell-guard: Skip PCG: missing price(s) entry=None last=14.87
2025-09-10 10:46:18,837 INFO sell-guard: Skip NCLH: missing price(s) entry=None last=24.89
2025-09-10 10:46:18,839 INFO sell-guard: Skip IVZ: missing price(s) entry=None last=22.2
2025-09-10 10:46:18,839 INFO sell-guard: Skip ENPH: missing price(s) entry=None last=37.7
2025-09-10 10:46:18,840 INFO sell-guard: Skip WBD: missing price(s) entry=None last=12.0651
2025-09-10 10:46:45,968 INFO sell-guard: ⏱ heartbeat: loop alive (account=kW8LbkuGisPCK9Ey7C8iWA)
2025-09-10 10:46:46,572 INFO sell-guard: positions via get_positions -> 21 symbol(s)
2025-09-10 10:46:46,581 INFO sell-guard: Managing 7 symbol(s): CVS,SWKS,PCG,NCLH,IVZ,ENPH,WBD
2025-09-10 10:46:49,518 INFO sell-guard: Skip CVS: missing price(s) entry=None last=72.645
2025-09-10 10:46:49,519 INFO sell-guard: Skip SWKS: missing price(s) entry=None last=72.47
2025-09-10 10:46:49,523 INFO sell-guard: Skip PCG: missing price(s) entry=None last=14.875
2025-09-10 10:46:49,527 INFO sell-guard: Skip NCLH: missing price(s) entry=None last=24.925
2025-09-10 10:46:49,528 INFO sell-guard: Skip IVZ: missing price(s) entry=None last=22.21
2025-09-10 10:46:49,529 INFO sell-guard: Skip ENPH: missing price(s) entry=None last=37.7
2025-09-10 10:46:49,531 INFO sell-guard: Skip WBD: missing price(s) entry=None last=12.06
2025-09-10 10:47:15,969 INFO sell-guard: ⏱ heartbeat: loop alive (account=kW8LbkuGisPCK9Ey7C8iWA)
2025-09-10 10:47:16,547 INFO sell-guard: positions via get_positions -> 21 symbol(s)
2025-09-10 10:47:16,548 INFO sell-guard: Managing 7 symbol(s): CVS,SWKS,PCG,NCLH,IVZ,ENPH,WBD
2025-09-10 10:47:18,333 INFO sell-guard: Skip CVS: missing price(s) entry=None last=72.69
2025-09-10 10:47:18,334 INFO sell-guard: Skip SWKS: missing price(s) entry=None last=72.46
2025-09-10 10:47:18,336 INFO sell-guard: Skip PCG: missing price(s) entry=None last=14.865
2025-09-10 10:47:18,337 INFO sell-guard: Skip NCLH: missing price(s) entry=None last=24.905
2025-09-10 10:47:18,338 INFO sell-guard: Skip IVZ: missing price(s) entry=None last=22.19
2025-09-10 10:47:18,339 INFO sell-guard: Skip ENPH: missing price(s) entry=None last=37.665
2025-09-10 10:47:18,339 INFO sell-guard: Skip WBD: missing price(s) entry=None last=12.055
2025-09-10 10:47:45,970 INFO sell-guard: ⏱ heartbeat: loop alive (account=kW8LbkuGisPCK9Ey7C8iWA)
2025-09-10 10:47:46,510 INFO sell-guard: positions via get_positions -> 21 symbol(s)
2025-09-10 10:47:46,511 INFO sell-guard: Managing 7 symbol(s): CVS,SWKS,PCG,NCLH,IVZ,ENPH,WBD
2025-09-10 10:47:48,273 INFO sell-guard: Skip CVS: missing price(s) entry=None last=72.83
2025-09-10 10:47:48,274 INFO sell-guard: Skip SWKS: missing price(s) entry=None last=72.49
2025-09-10 10:47:48,276 INFO sell-guard: Skip PCG: missing price(s) entry=None last=14.88
2025-09-10 10:47:48,277 INFO sell-guard: Skip NCLH: missing price(s) entry=None last=24.985
2025-09-10 10:47:48,277 INFO sell-guard: Skip IVZ: missing price(s) entry=None last=22.22
2025-09-10 10:47:48,278 INFO sell-guard: Skip ENPH: missing price(s) entry=None last=37.6574
2025-09-10 10:47:48,278 INFO sell-guard: Skip WBD: missing price(s) entry=None last=12.065
2025-09-10 10:48:15,971 INFO sell-guard: ⏱ heartbeat: loop alive (account=kW8LbkuGisPCK9Ey7C8iWA)
2025-09-10 10:48:16,521 INFO sell-guard: positions via get_positions -> 21 symbol(s)
2025-09-10 10:48:16,522 INFO sell-guard: Managing 7 symbol(s): CVS,SWKS,PCG,NCLH,IVZ,ENPH,WBD
2025-09-10 10:48:18,798 INFO sell-guard: Skip CVS: missing price(s) entry=None last=72.75
2025-09-10 10:48:18,810 INFO sell-guard: Skip SWKS: missing price(s) entry=None last=72.41
2025-09-10 10:48:18,810 INFO sell-guard: Skip PCG: missing price(s) entry=None last=14.87
2025-09-10 10:48:18,812 INFO sell-guard: Skip NCLH: missing price(s) entry=None last=24.995
2025-09-10 10:48:18,813 INFO sell-guard: Skip IVZ: missing price(s) entry=None last=22.215
2025-09-10 10:48:18,813 INFO sell-guard: Skip ENPH: missing price(s) entry=None last=37.64
2025-09-10 10:48:18,815 INFO sell-guard: Skip WBD: missing price(s) entry=None last=12.0498
2025-09-10 10:48:45,971 INFO sell-guard: ⏱ heartbeat: loop alive (account=kW8LbkuGisPCK9Ey7C8iWA)
2025-09-10 10:48:46,500 INFO sell-guard: positions via get_positions -> 21 symbol(s)
2025-09-10 10:48:46,501 INFO sell-guard: Managing 7 symbol(s): CVS,SWKS,PCG,NCLH,IVZ,ENPH,WBD
2025-09-10 10:48:48,257 INFO sell-guard: Skip CVS: missing price(s) entry=None last=72.7175
2025-09-10 10:48:48,258 INFO sell-guard: Skip SWKS: missing price(s) entry=None last=72.46
2025-09-10 10:48:48,260 INFO sell-guard: Skip PCG: missing price(s) entry=None last=14.875
2025-09-10 10:48:48,261 INFO sell-guard: Skip NCLH: missing price(s) entry=None last=24.995
2025-09-10 10:48:48,262 INFO sell-guard: Skip IVZ: missing price(s) entry=None last=22.22
2025-09-10 10:48:48,263 INFO sell-guard: Skip ENPH: missing price(s) entry=None last=37.665
2025-09-10 10:48:48,264 INFO sell-guard: Skip WBD: missing price(s) entry=None last=12.055
2025-09-10 10:49:15,973 INFO sell-guard: ⏱ heartbeat: loop alive (account=kW8LbkuGisPCK9Ey7C8iWA)
2025-09-10 10:49:16,494 INFO sell-guard: positions via get_positions -> 21 symbol(s)
2025-09-10 10:49:16,497 INFO sell-guard: Managing 7 symbol(s): CVS,SWKS,PCG,NCLH,IVZ,ENPH,WBD
2025-09-10 10:49:18,264 INFO sell-guard: Skip CVS: missing price(s) entry=None last=72.6186
2025-09-10 10:49:18,266 INFO sell-guard: Skip SWKS: missing price(s) entry=None last=72.38
2025-09-10 10:49:18,268 INFO sell-guard: Skip PCG: missing price(s) entry=None last=14.865
2025-09-10 10:49:18,270 INFO sell-guard: Skip NCLH: missing price(s) entry=None last=24.955
2025-09-10 10:49:18,272 INFO sell-guard: Skip IVZ: missing price(s) entry=None last=22.22
2025-09-10 10:49:18,272 INFO sell-guard: Skip ENPH: missing price(s) entry=None last=37.6201
2025-09-10 10:49:18,273 INFO sell-guard: Skip WBD: missing price(s) entry=None last=12.0401
2025-09-10 10:49:45,973 INFO sell-guard: ⏱ heartbeat: loop alive (account=kW8LbkuGisPCK9Ey7C8iWA)
2025-09-10 10:49:46,522 INFO sell-guard: positions via get_positions -> 21 symbol(s)
2025-09-10 10:49:46,523 INFO sell-guard: Managing 7 symbol(s): CVS,SWKS,PCG,NCLH,IVZ,ENPH,WBD
2025-09-10 10:49:48,552 INFO sell-guard: Skip CVS: missing price(s) entry=None last=72.645
2025-09-10 10:49:48,553 INFO sell-guard: Skip SWKS: missing price(s) entry=None last=72.38
2025-09-10 10:49:48,555 INFO sell-guard: Skip PCG: missing price(s) entry=None last=14.8624
2025-09-10 10:49:48,556 INFO sell-guard: Skip NCLH: missing price(s) entry=None last=24.945
2025-09-10 10:49:48,556 INFO sell-guard: Skip IVZ: missing price(s) entry=None last=22.215
2025-09-10 10:49:48,557 INFO sell-guard: Skip ENPH: missing price(s) entry=None last=37.61
2025-09-10 10:49:48,557 INFO sell-guard: Skip WBD: missing price(s) entry=None last=12.035
2025-09-10 10:50:15,975 INFO sell-guard: ⏱ heartbeat: loop alive (account=kW8LbkuGisPCK9Ey7C8iWA)
2025-09-10 10:50:16,543 INFO sell-guard: positions via get_positions -> 21 symbol(s)
2025-09-10 10:50:16,544 INFO sell-guard: Managing 7 symbol(s): CVS,SWKS,PCG,NCLH,IVZ,ENPH,WBD
2025-09-10 10:50:18,220 INFO sell-guard: Skip CVS: missing price(s) entry=None last=72.635
2025-09-10 10:50:18,221 INFO sell-guard: Skip SWKS: missing price(s) entry=None last=72.31
2025-09-10 10:50:18,223 INFO sell-guard: Skip PCG: missing price(s) entry=None last=14.865
2025-09-10 10:50:18,224 INFO sell-guard: Skip NCLH: missing price(s) entry=None last=24.95
2025-09-10 10:50:18,225 INFO sell-guard: Skip IVZ: missing price(s) entry=None last=22.205
2025-09-10 10:50:18,225 INFO sell-guard: Skip ENPH: missing price(s) entry=None last=37.638
2025-09-10 10:50:18,226 INFO sell-guard: Skip WBD: missing price(s) entry=None last=12.035
2025-09-10 10:50:45,977 INFO sell-guard: ⏱ heartbeat: loop alive (account=kW8LbkuGisPCK9Ey7C8iWA)
2025-09-10 10:50:46,505 INFO sell-guard: positions via get_positions -> 21 symbol(s)
2025-09-10 10:50:46,505 INFO sell-guard: Managing 7 symbol(s): CVS,SWKS,PCG,NCLH,IVZ,ENPH,WBD
2025-09-10 10:50:48,719 INFO sell-guard: Skip CVS: missing price(s) entry=None last=72.64
2025-09-10 10:50:48,721 INFO sell-guard: Skip SWKS: missing price(s) entry=None last=72.33
2025-09-10 10:50:48,725 INFO sell-guard: Skip PCG: missing price(s) entry=None last=14.865
2025-09-10 10:50:48,726 INFO sell-guard: Skip NCLH: missing price(s) entry=None last=24.98
2025-09-10 10:50:48,727 INFO sell-guard: Skip IVZ: missing price(s) entry=None last=22.2
2025-09-10 10:50:48,728 INFO sell-guard: Skip ENPH: missing price(s) entry=None last=37.64
2025-09-10 10:50:48,728 INFO sell-guard: Skip WBD: missing price(s) entry=None last=12.0343
2025-09-10 10:51:15,978 INFO sell-guard: ⏱ heartbeat: loop alive (account=kW8LbkuGisPCK9Ey7C8iWA)
2025-09-10 10:51:16,581 INFO sell-guard: positions via get_positions -> 21 symbol(s)
2025-09-10 10:51:16,582 INFO sell-guard: Managing 7 symbol(s): CVS,SWKS,PCG,NCLH,IVZ,ENPH,WBD
2025-09-10 10:51:18,798 INFO sell-guard: Skip CVS: missing price(s) entry=None last=72.6726
2025-09-10 10:51:18,799 INFO sell-guard: Skip SWKS: missing price(s) entry=None last=72.335
2025-09-10 10:51:18,801 INFO sell-guard: Skip PCG: missing price(s) entry=None last=14.885
2025-09-10 10:51:18,802 INFO sell-guard: Skip NCLH: missing price(s) entry=None last=25.01
2025-09-10 10:51:18,803 INFO sell-guard: Skip IVZ: missing price(s) entry=None last=22.2
2025-09-10 10:51:18,803 INFO sell-guard: Skip ENPH: missing price(s) entry=None last=37.655
2025-09-10 10:51:18,804 INFO sell-guard: Skip WBD: missing price(s) entry=None last=12.03
2025-09-10 10:51:45,978 INFO sell-guard: ⏱ heartbeat: loop alive (account=kW8LbkuGisPCK9Ey7C8iWA)
2025-09-10 10:51:46,492 INFO sell-guard: positions via get_positions -> 21 symbol(s)
2025-09-10 10:51:46,494 INFO sell-guard: Managing 7 symbol(s): CVS,SWKS,PCG,NCLH,IVZ,ENPH,WBD
2025-09-10 10:51:48,950 INFO sell-guard: Skip CVS: missing price(s) entry=None last=72.71
2025-09-10 10:51:48,950 INFO sell-guard: Skip SWKS: missing price(s) entry=None last=72.42
2025-09-10 10:51:48,955 INFO sell-guard: Skip PCG: missing price(s) entry=None last=14.895
2025-09-10 10:51:48,956 INFO sell-guard: Skip NCLH: missing price(s) entry=None last=25.0
2025-09-10 10:51:48,958 INFO sell-guard: Skip IVZ: missing price(s) entry=None last=22.215
2025-09-10 10:51:48,958 INFO sell-guard: Skip ENPH: missing price(s) entry=None last=37.7
2025-09-10 10:51:48,959 INFO sell-guard: Skip WBD: missing price(s) entry=None last=12.0401
2025-09-10 10:52:15,979 INFO sell-guard: ⏱ heartbeat: loop alive (account=kW8LbkuGisPCK9Ey7C8iWA)
2025-09-10 10:52:16,451 INFO sell-guard: positions via get_positions -> 21 symbol(s)
2025-09-10 10:52:16,452 INFO sell-guard: Managing 7 symbol(s): CVS,SWKS,PCG,NCLH,IVZ,ENPH,WBD
2025-09-10 10:52:18,381 INFO sell-guard: Skip CVS: missing price(s) entry=None last=72.68
2025-09-10 10:52:18,382 INFO sell-guard: Skip SWKS: missing price(s) entry=None last=72.41
2025-09-10 10:52:18,385 INFO sell-guard: Skip PCG: missing price(s) entry=None last=14.875
2025-09-10 10:52:18,385 INFO sell-guard: Skip NCLH: missing price(s) entry=None last=25.005
2025-09-10 10:52:18,386 INFO sell-guard: Skip IVZ: missing price(s) entry=None last=22.2
2025-09-10 10:52:18,387 INFO sell-guard: Skip ENPH: missing price(s) entry=None last=37.65
2025-09-10 10:52:18,387 INFO sell-guard: Skip WBD: missing price(s) entry=None last=12.045
2025-09-10 10:52:45,979 INFO sell-guard: ⏱ heartbeat: loop alive (account=kW8LbkuGisPCK9Ey7C8iWA)
2025-09-10 10:52:46,482 INFO sell-guard: positions via get_positions -> 21 symbol(s)
2025-09-10 10:52:46,483 INFO sell-guard: Managing 7 symbol(s): CVS,SWKS,PCG,NCLH,IVZ,ENPH,WBD
2025-09-10 10:52:48,922 INFO sell-guard: Skip CVS: missing price(s) entry=None last=72.73
2025-09-10 10:52:48,923 INFO sell-guard: Skip SWKS: missing price(s) entry=None last=72.405
2025-09-10 10:52:48,925 INFO sell-guard: Skip PCG: missing price(s) entry=None last=14.88
2025-09-10 10:52:48,925 INFO sell-guard: Skip NCLH: missing price(s) entry=None last=24.985
2025-09-10 10:52:48,926 INFO sell-guard: Skip IVZ: missing price(s) entry=None last=22.19
2025-09-10 10:52:48,926 INFO sell-guard: Skip ENPH: missing price(s) entry=None last=37.61
2025-09-10 10:52:48,927 INFO sell-guard: Skip WBD: missing price(s) entry=None last=12.0436
2025-09-10 10:53:15,980 INFO sell-guard: ⏱ heartbeat: loop alive (account=kW8LbkuGisPCK9Ey7C8iWA)
2025-09-10 10:53:16,454 INFO sell-guard: positions via get_positions -> 21 symbol(s)
2025-09-10 10:53:16,456 INFO sell-guard: Managing 7 symbol(s): CVS,SWKS,PCG,NCLH,IVZ,ENPH,WBD
2025-09-10 10:53:18,515 INFO sell-guard: Skip CVS: missing price(s) entry=None last=72.72
2025-09-10 10:53:18,515 INFO sell-guard: Skip SWKS: missing price(s) entry=None last=72.445
2025-09-10 10:53:18,518 INFO sell-guard: Skip PCG: missing price(s) entry=None last=14.885
2025-09-10 10:53:18,518 INFO sell-guard: Skip NCLH: missing price(s) entry=None last=24.985
2025-09-10 10:53:18,519 INFO sell-guard: Skip IVZ: missing price(s) entry=None last=22.195
2025-09-10 10:53:18,519 INFO sell-guard: Skip ENPH: missing price(s) entry=None last=37.63
2025-09-10 10:53:18,520 INFO sell-guard: Skip WBD: missing price(s) entry=None last=12.045
2025-09-10 10:53:45,981 INFO sell-guard: ⏱ heartbeat: loop alive (account=kW8LbkuGisPCK9Ey7C8iWA)
2025-09-10 10:53:46,458 INFO sell-guard: positions via get_positions -> 21 symbol(s)
2025-09-10 10:53:46,459 INFO sell-guard: Managing 7 symbol(s): CVS,SWKS,PCG,NCLH,IVZ,ENPH,WBD
2025-09-10 10:53:48,338 INFO sell-guard: Skip CVS: missing price(s) entry=None last=72.75
2025-09-10 10:53:48,340 INFO sell-guard: Skip SWKS: missing price(s) entry=None last=72.445
2025-09-10 10:53:48,344 INFO sell-guard: Skip PCG: missing price(s) entry=None last=14.89
2025-09-10 10:53:48,346 INFO sell-guard: Skip NCLH: missing price(s) entry=None last=25.045
2025-09-10 10:53:48,349 INFO sell-guard: Skip IVZ: missing price(s) entry=None last=22.195
2025-09-10 10:53:48,351 INFO sell-guard: Skip ENPH: missing price(s) entry=None last=37.58
2025-09-10 10:53:48,353 INFO sell-guard: Skip WBD: missing price(s) entry=None last=12.045
2025-09-10 10:54:15,982 INFO sell-guard: ⏱ heartbeat: loop alive (account=kW8LbkuGisPCK9Ey7C8iWA)
2025-09-10 10:54:16,444 INFO sell-guard: positions via get_positions -> 21 symbol(s)
2025-09-10 10:54:16,445 INFO sell-guard: Managing 7 symbol(s): CVS,SWKS,PCG,NCLH,IVZ,ENPH,WBD
2025-09-10 10:54:18,094 INFO sell-guard: Skip CVS: missing price(s) entry=None last=72.715
2025-09-10 10:54:18,095 INFO sell-guard: Skip SWKS: missing price(s) entry=None last=72.42
2025-09-10 10:54:18,097 INFO sell-guard: Skip PCG: missing price(s) entry=None last=14.87
2025-09-10 10:54:18,097 INFO sell-guard: Skip NCLH: missing price(s) entry=None last=25.065
2025-09-10 10:54:18,098 INFO sell-guard: Skip IVZ: missing price(s) entry=None last=22.2
2025-09-10 10:54:18,099 INFO sell-guard: Skip ENPH: missing price(s) entry=None last=37.68
2025-09-10 10:54:18,100 INFO sell-guard: Skip WBD: missing price(s) entry=None last=12.035
2025-09-10 10:54:45,983 INFO sell-guard: ⏱ heartbeat: loop alive (account=kW8LbkuGisPCK9Ey7C8iWA)
2025-09-10 10:54:46,492 INFO sell-guard: positions via get_positions -> 21 symbol(s)
2025-09-10 10:54:46,493 INFO sell-guard: Managing 7 symbol(s): CVS,SWKS,PCG,NCLH,IVZ,ENPH,WBD
2025-09-10 10:54:48,354 INFO sell-guard: Skip CVS: missing price(s) entry=None last=72.7
2025-09-10 10:54:48,356 INFO sell-guard: Skip SWKS: missing price(s) entry=None last=72.41
2025-09-10 10:54:48,359 INFO sell-guard: Skip PCG: missing price(s) entry=None last=14.88
2025-09-10 10:54:48,360 INFO sell-guard: Skip NCLH: missing price(s) entry=None last=25.055
2025-09-10 10:54:48,362 INFO sell-guard: Skip IVZ: missing price(s) entry=None last=22.19
2025-09-10 10:54:48,363 INFO sell-guard: Skip ENPH: missing price(s) entry=None last=37.64
2025-09-10 10:54:48,364 INFO sell-guard: Skip WBD: missing price(s) entry=None last=12.035
2025-09-10 10:55:15,984 INFO sell-guard: ⏱ heartbeat: loop alive (account=kW8LbkuGisPCK9Ey7C8iWA)
2025-09-10 10:55:16,490 INFO sell-guard: positions via get_positions -> 21 symbol(s)
2025-09-10 10:55:16,492 INFO sell-guard: Managing 7 symbol(s): CVS,SWKS,PCG,NCLH,IVZ,ENPH,WBD
2025-09-10 10:55:18,453 INFO sell-guard: Skip CVS: missing price(s) entry=None last=72.665
2025-09-10 10:55:18,455 INFO sell-guard: Skip SWKS: missing price(s) entry=None last=72.44
2025-09-10 10:55:18,458 INFO sell-guard: Skip PCG: missing price(s) entry=None last=14.8857
2025-09-10 10:55:18,458 INFO sell-guard: Skip NCLH: missing price(s) entry=None last=25.07
2025-09-10 10:55:18,459 INFO sell-guard: Skip IVZ: missing price(s) entry=None last=22.205
2025-09-10 10:55:18,460 INFO sell-guard: Skip ENPH: missing price(s) entry=None last=37.68
2025-09-10 10:55:18,462 INFO sell-guard: Skip WBD: missing price(s) entry=None last=12.03
2025-09-10 10:55:45,984 INFO sell-guard: ⏱ heartbeat: loop alive (account=kW8LbkuGisPCK9Ey7C8iWA)
2025-09-10 10:55:46,472 INFO sell-guard: positions via get_positions -> 21 symbol(s)
2025-09-10 10:55:46,475 INFO sell-guard: Managing 7 symbol(s): CVS,SWKS,PCG,NCLH,IVZ,ENPH,WBD
2025-09-10 10:55:48,347 INFO sell-guard: Skip CVS: missing price(s) entry=None last=72.66
2025-09-10 10:55:48,348 INFO sell-guard: Skip SWKS: missing price(s) entry=None last=72.39
2025-09-10 10:55:48,350 INFO sell-guard: Skip PCG: missing price(s) entry=None last=14.89
2025-09-10 10:55:48,351 INFO sell-guard: Skip NCLH: missing price(s) entry=None last=25.105
2025-09-10 10:55:48,351 INFO sell-guard: Skip IVZ: missing price(s) entry=None last=22.205
2025-09-10 10:55:48,353 INFO sell-guard: Skip ENPH: missing price(s) entry=None last=37.72
2025-09-10 10:55:48,354 INFO sell-guard: Skip WBD: missing price(s) entry=None last=12.035
2025-09-10 10:56:15,986 INFO sell-guard: ⏱ heartbeat: loop alive (account=kW8LbkuGisPCK9Ey7C8iWA)
2025-09-10 10:56:16,840 INFO sell-guard: positions via get_positions -> 21 symbol(s)
2025-09-10 10:56:16,841 INFO sell-guard: Managing 7 symbol(s): CVS,SWKS,PCG,NCLH,IVZ,ENPH,WBD
2025-09-10 10:56:18,795 INFO sell-guard: Skip CVS: missing price(s) entry=None last=72.74
2025-09-10 10:56:18,796 INFO sell-guard: Skip SWKS: missing price(s) entry=None last=72.35
2025-09-10 10:56:18,799 INFO sell-guard: Skip PCG: missing price(s) entry=None last=14.8851
2025-09-10 10:56:18,800 INFO sell-guard: Skip NCLH: missing price(s) entry=None last=25.1001
2025-09-10 10:56:18,800 INFO sell-guard: Skip IVZ: missing price(s) entry=None last=22.195
2025-09-10 10:56:18,801 INFO sell-guard: Skip ENPH: missing price(s) entry=None last=37.6701
2025-09-10 10:56:18,801 INFO sell-guard: Skip WBD: missing price(s) entry=None last=12.0399
2025-09-10 10:56:45,986 INFO sell-guard: ⏱ heartbeat: loop alive (account=kW8LbkuGisPCK9Ey7C8iWA)
2025-09-10 10:56:46,516 INFO sell-guard: positions via get_positions -> 21 symbol(s)
2025-09-10 10:56:46,518 INFO sell-guard: Managing 7 symbol(s): CVS,SWKS,PCG,NCLH,IVZ,ENPH,WBD
2025-09-10 10:56:48,059 INFO sell-guard: Skip CVS: missing price(s) entry=None last=72.71
2025-09-10 10:56:48,060 INFO sell-guard: Skip SWKS: missing price(s) entry=None last=72.28
2025-09-10 10:56:48,062 INFO sell-guard: Skip PCG: missing price(s) entry=None last=14.9
2025-09-10 10:56:48,063 INFO sell-guard: Skip NCLH: missing price(s) entry=None last=25.13
2025-09-10 10:56:48,064 INFO sell-guard: Skip IVZ: missing price(s) entry=None last=22.2
2025-09-10 10:56:48,065 INFO sell-guard: Skip ENPH: missing price(s) entry=None last=37.7
2025-09-10 10:56:48,066 INFO sell-guard: Skip WBD: missing price(s) entry=None last=12.025
2025-09-10 10:57:15,987 INFO sell-guard: ⏱ heartbeat: loop alive (account=kW8LbkuGisPCK9Ey7C8iWA)
2025-09-10 10:57:16,540 INFO sell-guard: positions via get_positions -> 21 symbol(s)
2025-09-10 10:57:16,541 INFO sell-guard: Managing 7 symbol(s): CVS,SWKS,PCG,NCLH,IVZ,ENPH,WBD
2025-09-10 10:57:18,374 INFO sell-guard: Skip CVS: missing price(s) entry=None last=72.73
2025-09-10 10:57:18,375 INFO sell-guard: Skip SWKS: missing price(s) entry=None last=72.35
2025-09-10 10:57:18,377 INFO sell-guard: Skip PCG: missing price(s) entry=None last=14.895
2025-09-10 10:57:18,378 INFO sell-guard: Skip NCLH: missing price(s) entry=None last=25.095
2025-09-10 10:57:18,378 INFO sell-guard: Skip IVZ: missing price(s) entry=None last=22.2
2025-09-10 10:57:18,379 INFO sell-guard: Skip ENPH: missing price(s) entry=None last=37.675
2025-09-10 10:57:18,379 INFO sell-guard: Skip WBD: missing price(s) entry=None last=12.0343
2025-09-10 10:57:45,988 INFO sell-guard: ⏱ heartbeat: loop alive (account=kW8LbkuGisPCK9Ey7C8iWA)
2025-09-10 10:57:46,642 INFO sell-guard: positions via get_positions -> 21 symbol(s)
2025-09-10 10:57:46,643 INFO sell-guard: Managing 7 symbol(s): CVS,SWKS,PCG,NCLH,IVZ,ENPH,WBD
2025-09-10 10:57:49,197 INFO sell-guard: Skip CVS: missing price(s) entry=None last=72.735
2025-09-10 10:57:49,200 INFO sell-guard: Skip SWKS: missing price(s) entry=None last=72.3
2025-09-10 10:57:49,205 INFO sell-guard: Skip PCG: missing price(s) entry=None last=14.895
2025-09-10 10:57:49,207 INFO sell-guard: Skip NCLH: missing price(s) entry=None last=25.095
2025-09-10 10:57:49,208 INFO sell-guard: Skip IVZ: missing price(s) entry=None last=22.195
2025-09-10 10:57:49,210 INFO sell-guard: Skip ENPH: missing price(s) entry=None last=37.645
2025-09-10 10:57:49,211 INFO sell-guard: Skip WBD: missing price(s) entry=None last=12.035
2025-09-10 10:58:15,989 INFO sell-guard: ⏱ heartbeat: loop alive (account=kW8LbkuGisPCK9Ey7C8iWA)
2025-09-10 10:58:16,556 INFO sell-guard: positions via get_positions -> 21 symbol(s)
2025-09-10 10:58:16,559 INFO sell-guard: Managing 7 symbol(s): CVS,SWKS,PCG,NCLH,IVZ,ENPH,WBD
2025-09-10 10:58:18,480 INFO sell-guard: Skip CVS: missing price(s) entry=None last=72.8
2025-09-10 10:58:18,481 INFO sell-guard: Skip SWKS: missing price(s) entry=None last=72.27
2025-09-10 10:58:18,485 INFO sell-guard: Skip PCG: missing price(s) entry=None last=14.89
2025-09-10 10:58:18,486 INFO sell-guard: Skip NCLH: missing price(s) entry=None last=25.095
2025-09-10 10:58:18,487 INFO sell-guard: Skip IVZ: missing price(s) entry=None last=22.18
2025-09-10 10:58:18,488 INFO sell-guard: Skip ENPH: missing price(s) entry=None last=37.695
2025-09-10 10:58:18,489 INFO sell-guard: Skip WBD: missing price(s) entry=None last=12.015
2025-09-10 10:58:45,990 INFO sell-guard: ⏱ heartbeat: loop alive (account=kW8LbkuGisPCK9Ey7C8iWA)
2025-09-10 10:58:46,597 INFO sell-guard: positions via get_positions -> 21 symbol(s)
2025-09-10 10:58:46,598 INFO sell-guard: Managing 7 symbol(s): CVS,SWKS,PCG,NCLH,IVZ,ENPH,WBD
2025-09-10 10:58:48,913 INFO sell-guard: Skip CVS: missing price(s) entry=None last=72.81
2025-09-10 10:58:48,915 INFO sell-guard: Skip SWKS: missing price(s) entry=None last=72.26
2025-09-10 10:58:48,918 INFO sell-guard: Skip PCG: missing price(s) entry=None last=14.895
2025-09-10 10:58:48,919 INFO sell-guard: Skip NCLH: missing price(s) entry=None last=25.065
2025-09-10 10:58:48,920 INFO sell-guard: Skip IVZ: missing price(s) entry=None last=22.18
2025-09-10 10:58:48,921 INFO sell-guard: Skip ENPH: missing price(s) entry=None last=37.69
2025-09-10 10:58:48,922 INFO sell-guard: Skip WBD: missing price(s) entry=None last=12.015
2025-09-10 10:59:15,990 INFO sell-guard: ⏱ heartbeat: loop alive (account=kW8LbkuGisPCK9Ey7C8iWA)
2025-09-10 10:59:16,577 INFO sell-guard: positions via get_positions -> 21 symbol(s)
2025-09-10 10:59:16,579 INFO sell-guard: Managing 7 symbol(s): CVS,SWKS,PCG,NCLH,IVZ,ENPH,WBD
2025-09-10 10:59:18,835 INFO sell-guard: Skip CVS: missing price(s) entry=None last=72.915
2025-09-10 10:59:18,836 INFO sell-guard: Skip SWKS: missing price(s) entry=None last=72.285
2025-09-10 10:59:18,839 INFO sell-guard: Skip PCG: missing price(s) entry=None last=14.895
2025-09-10 10:59:18,840 INFO sell-guard: Skip NCLH: missing price(s) entry=None last=25.075
2025-09-10 10:59:18,841 INFO sell-guard: Skip IVZ: missing price(s) entry=None last=22.195
2025-09-10 10:59:18,842 INFO sell-guard: Skip ENPH: missing price(s) entry=None last=37.73
2025-09-10 10:59:18,843 INFO sell-guard: Skip WBD: missing price(s) entry=None last=12.035
2025-09-10 10:59:45,991 INFO sell-guard: ⏱ heartbeat: loop alive (account=kW8LbkuGisPCK9Ey7C8iWA)
2025-09-10 10:59:46,553 INFO sell-guard: positions via get_positions -> 21 symbol(s)
2025-09-10 10:59:46,555 INFO sell-guard: Managing 7 symbol(s): CVS,SWKS,PCG,NCLH,IVZ,ENPH,WBD
2025-09-10 10:59:48,962 INFO sell-guard: Skip CVS: missing price(s) entry=None last=72.935
2025-09-10 10:59:48,963 INFO sell-guard: Skip SWKS: missing price(s) entry=None last=72.31
2025-09-10 10:59:48,965 INFO sell-guard: Skip PCG: missing price(s) entry=None last=14.895
2025-09-10 10:59:48,966 INFO sell-guard: Skip NCLH: missing price(s) entry=None last=25.045
2025-09-10 10:59:48,967 INFO sell-guard: Skip IVZ: missing price(s) entry=None last=22.195
2025-09-10 10:59:48,968 INFO sell-guard: Skip ENPH: missing price(s) entry=None last=37.7698
2025-09-10 10:59:48,968 INFO sell-guard: Skip WBD: missing price(s) entry=None last=12.035
2025-09-10 11:00:15,992 INFO sell-guard: ⏱ heartbeat: loop alive (account=kW8LbkuGisPCK9Ey7C8iWA)
2025-09-10 11:00:16,623 INFO sell-guard: positions via get_positions -> 21 symbol(s)
2025-09-10 11:00:16,624 INFO sell-guard: Managing 7 symbol(s): CVS,SWKS,PCG,NCLH,IVZ,ENPH,WBD
2025-09-10 11:00:19,405 INFO sell-guard: Skip CVS: missing price(s) entry=None last=72.89
2025-09-10 11:00:19,409 INFO sell-guard: Skip SWKS: missing price(s) entry=None last=72.31
2025-09-10 11:00:19,413 INFO sell-guard: Skip PCG: missing price(s) entry=None last=14.88
2025-09-10 11:00:19,413 INFO sell-guard: Skip NCLH: missing price(s) entry=None last=25.02
2025-09-10 11:00:19,414 INFO sell-guard: Skip IVZ: missing price(s) entry=None last=22.195
2025-09-10 11:00:19,415 INFO sell-guard: Skip ENPH: missing price(s) entry=None last=37.7
2025-09-10 11:00:19,423 INFO sell-guard: Skip WBD: missing price(s) entry=None last=12.03
2025-09-10 11:00:45,993 INFO sell-guard: ⏱ heartbeat: loop alive (account=kW8LbkuGisPCK9Ey7C8iWA)
2025-09-10 11:00:46,607 INFO sell-guard: positions via get_positions -> 21 symbol(s)
2025-09-10 11:00:46,610 INFO sell-guard: Managing 7 symbol(s): CVS,SWKS,PCG,NCLH,IVZ,ENPH,WBD
2025-09-10 11:00:48,681 INFO sell-guard: Skip CVS: missing price(s) entry=None last=72.9
2025-09-10 11:00:48,682 INFO sell-guard: Skip SWKS: missing price(s) entry=None last=72.16
2025-09-10 11:00:48,684 INFO sell-guard: Skip PCG: missing price(s) entry=None last=14.855
2025-09-10 11:00:48,685 INFO sell-guard: Skip NCLH: missing price(s) entry=None last=25.03
2025-09-10 11:00:48,685 INFO sell-guard: Skip IVZ: missing price(s) entry=None last=22.185
2025-09-10 11:00:48,686 INFO sell-guard: Skip ENPH: missing price(s) entry=None last=37.74
2025-09-10 11:00:48,686 INFO sell-guard: Skip WBD: missing price(s) entry=None last=12.0235
2025-09-10 11:01:15,994 INFO sell-guard: ⏱ heartbeat: loop alive (account=kW8LbkuGisPCK9Ey7C8iWA)
2025-09-10 11:01:16,537 INFO sell-guard: positions via get_positions -> 21 symbol(s)
2025-09-10 11:01:16,538 INFO sell-guard: Managing 7 symbol(s): CVS,SWKS,PCG,NCLH,IVZ,ENPH,WBD
2025-09-10 11:01:18,337 INFO sell-guard: Skip CVS: missing price(s) entry=None last=72.882
2025-09-10 11:01:18,338 INFO sell-guard: Skip SWKS: missing price(s) entry=None last=72.11
2025-09-10 11:01:18,341 INFO sell-guard: Skip PCG: missing price(s) entry=None last=14.865
2025-09-10 11:01:18,341 INFO sell-guard: Skip NCLH: missing price(s) entry=None last=25.03
2025-09-10 11:01:18,342 INFO sell-guard: Skip IVZ: missing price(s) entry=None last=22.185
2025-09-10 11:01:18,343 INFO sell-guard: Skip ENPH: missing price(s) entry=None last=37.745
2025-09-10 11:01:18,345 INFO sell-guard: Skip WBD: missing price(s) entry=None last=12.035
2025-09-10 11:01:45,995 INFO sell-guard: ⏱ heartbeat: loop alive (account=kW8LbkuGisPCK9Ey7C8iWA)
2025-09-10 11:01:46,540 INFO sell-guard: positions via get_positions -> 21 symbol(s)
2025-09-10 11:01:46,542 INFO sell-guard: Managing 7 symbol(s): CVS,SWKS,PCG,NCLH,IVZ,ENPH,WBD
2025-09-10 11:01:48,706 INFO sell-guard: Skip CVS: missing price(s) entry=None last=72.9
2025-09-10 11:01:48,709 INFO sell-guard: Skip SWKS: missing price(s) entry=None last=72.18
2025-09-10 11:01:48,714 INFO sell-guard: Skip PCG: missing price(s) entry=None last=14.865
2025-09-10 11:01:48,716 INFO sell-guard: Skip NCLH: missing price(s) entry=None last=25.005
2025-09-10 11:01:48,718 INFO sell-guard: Skip IVZ: missing price(s) entry=None last=22.195
2025-09-10 11:01:48,719 INFO sell-guard: Skip ENPH: missing price(s) entry=None last=37.75
2025-09-10 11:01:48,721 INFO sell-guard: Skip WBD: missing price(s) entry=None last=12.03
2025-09-10 11:02:15,995 INFO sell-guard: ⏱ heartbeat: loop alive (account=kW8LbkuGisPCK9Ey7C8iWA)
2025-09-10 11:02:16,605 INFO sell-guard: positions via get_positions -> 21 symbol(s)
2025-09-10 11:02:16,606 INFO sell-guard: Managing 7 symbol(s): CVS,SWKS,PCG,NCLH,IVZ,ENPH,WBD
2025-09-10 11:02:18,544 INFO sell-guard: Skip CVS: missing price(s) entry=None last=72.91
2025-09-10 11:02:18,544 INFO sell-guard: Skip SWKS: missing price(s) entry=None last=72.12
2025-09-10 11:02:18,547 INFO sell-guard: Skip PCG: missing price(s) entry=None last=14.8654
2025-09-10 11:02:18,548 INFO sell-guard: Skip NCLH: missing price(s) entry=None last=24.975
2025-09-10 11:02:18,548 INFO sell-guard: Skip IVZ: missing price(s) entry=None last=22.195
2025-09-10 11:02:18,549 INFO sell-guard: Skip ENPH: missing price(s) entry=None last=37.67
2025-09-10 11:02:18,549 INFO sell-guard: Skip WBD: missing price(s) entry=None last=12.015
2025-09-10 11:02:45,996 INFO sell-guard: ⏱ heartbeat: loop alive (account=kW8LbkuGisPCK9Ey7C8iWA)
2025-09-10 11:02:46,563 INFO sell-guard: positions via get_positions -> 21 symbol(s)
2025-09-10 11:02:46,564 INFO sell-guard: Managing 7 symbol(s): CVS,SWKS,PCG,NCLH,IVZ,ENPH,WBD
2025-09-10 11:02:48,865 INFO sell-guard: Skip CVS: missing price(s) entry=None last=72.915
2025-09-10 11:02:48,865 INFO sell-guard: Skip SWKS: missing price(s) entry=None last=72.13
2025-09-10 11:02:48,867 INFO sell-guard: Skip PCG: missing price(s) entry=None last=14.865
2025-09-10 11:02:48,869 INFO sell-guard: Skip NCLH: missing price(s) entry=None last=24.935
2025-09-10 11:02:48,869 INFO sell-guard: Skip IVZ: missing price(s) entry=None last=22.185
2025-09-10 11:02:48,870 INFO sell-guard: Skip ENPH: missing price(s) entry=None last=37.67
2025-09-10 11:02:48,870 INFO sell-guard: Skip WBD: missing price(s) entry=None last=12.005
2025-09-10 11:03:15,997 INFO sell-guard: ⏱ heartbeat: loop alive (account=kW8LbkuGisPCK9Ey7C8iWA)
2025-09-10 11:03:16,554 INFO sell-guard: positions via get_positions -> 21 symbol(s)
2025-09-10 11:03:16,555 INFO sell-guard: Managing 7 symbol(s): CVS,SWKS,PCG,NCLH,IVZ,ENPH,WBD
2025-09-10 11:03:18,685 INFO sell-guard: Skip CVS: missing price(s) entry=None last=72.93
2025-09-10 11:03:18,686 INFO sell-guard: Skip SWKS: missing price(s) entry=None last=72.11
2025-09-10 11:03:18,688 INFO sell-guard: Skip PCG: missing price(s) entry=None last=14.865
2025-09-10 11:03:18,689 INFO sell-guard: Skip NCLH: missing price(s) entry=None last=24.95
2025-09-10 11:03:18,690 INFO sell-guard: Skip IVZ: missing price(s) entry=None last=22.185
2025-09-10 11:03:18,690 INFO sell-guard: Skip ENPH: missing price(s) entry=None last=37.665
2025-09-10 11:03:18,691 INFO sell-guard: Skip WBD: missing price(s) entry=None last=12.005
2025-09-10 11:03:45,998 INFO sell-guard: ⏱ heartbeat: loop alive (account=kW8LbkuGisPCK9Ey7C8iWA)
2025-09-10 11:03:46,568 INFO sell-guard: positions via get_positions -> 21 symbol(s)
2025-09-10 11:03:46,569 INFO sell-guard: Managing 7 symbol(s): CVS,SWKS,PCG,NCLH,IVZ,ENPH,WBD
2025-09-10 11:03:48,744 INFO sell-guard: Skip CVS: missing price(s) entry=None last=72.93
2025-09-10 11:03:48,746 INFO sell-guard: Skip SWKS: missing price(s) entry=None last=72.135
2025-09-10 11:03:48,751 INFO sell-guard: Skip PCG: missing price(s) entry=None last=14.875
2025-09-10 11:03:48,752 INFO sell-guard: Skip NCLH: missing price(s) entry=None last=24.96
2025-09-10 11:03:48,753 INFO sell-guard: Skip IVZ: missing price(s) entry=None last=22.175
2025-09-10 11:03:48,755 INFO sell-guard: Skip ENPH: missing price(s) entry=None last=37.625
2025-09-10 11:03:48,757 INFO sell-guard: Skip WBD: missing price(s) entry=None last=12.025
2025-09-10 11:04:15,998 INFO sell-guard: ⏱ heartbeat: loop alive (account=kW8LbkuGisPCK9Ey7C8iWA)
2025-09-10 11:04:16,666 INFO sell-guard: positions via get_positions -> 21 symbol(s)
2025-09-10 11:04:16,671 INFO sell-guard: Managing 7 symbol(s): CVS,SWKS,PCG,NCLH,IVZ,ENPH,WBD
2025-09-10 11:04:19,017 INFO sell-guard: Skip CVS: missing price(s) entry=None last=72.97
2025-09-10 11:04:19,017 INFO sell-guard: Skip SWKS: missing price(s) entry=None last=72.3
2025-09-10 11:04:19,020 INFO sell-guard: Skip PCG: missing price(s) entry=None last=14.895
2025-09-10 11:04:19,020 INFO sell-guard: Skip NCLH: missing price(s) entry=None last=24.955
2025-09-10 11:04:19,021 INFO sell-guard: Skip IVZ: missing price(s) entry=None last=22.17
2025-09-10 11:04:19,021 INFO sell-guard: Skip ENPH: missing price(s) entry=None last=37.645
2025-09-10 11:04:19,022 INFO sell-guard: Skip WBD: missing price(s) entry=None last=12.035
2025-09-10 11:04:45,999 INFO sell-guard: ⏱ heartbeat: loop alive (account=kW8LbkuGisPCK9Ey7C8iWA)
2025-09-10 11:04:46,562 INFO sell-guard: positions via get_positions -> 21 symbol(s)
2025-09-10 11:04:46,564 INFO sell-guard: Managing 7 symbol(s): CVS,SWKS,PCG,NCLH,IVZ,ENPH,WBD
2025-09-10 11:04:48,801 INFO sell-guard: Skip CVS: missing price(s) entry=None last=73.0101
2025-09-10 11:04:48,807 INFO sell-guard: Skip SWKS: missing price(s) entry=None last=72.27
2025-09-10 11:04:48,839 INFO sell-guard: Skip PCG: missing price(s) entry=None last=14.895
2025-09-10 11:04:48,844 INFO sell-guard: Skip NCLH: missing price(s) entry=None last=24.975
2025-09-10 11:04:48,848 INFO sell-guard: Skip IVZ: missing price(s) entry=None last=22.185
2025-09-10 11:04:48,868 INFO sell-guard: Skip ENPH: missing price(s) entry=None last=37.625
2025-09-10 11:04:48,869 INFO sell-guard: Skip WBD: missing price(s) entry=None last=12.0398
2025-09-10 11:05:16,000 INFO sell-guard: ⏱ heartbeat: loop alive (account=kW8LbkuGisPCK9Ey7C8iWA)
2025-09-10 11:05:16,572 INFO sell-guard: positions via get_positions -> 21 symbol(s)
2025-09-10 11:05:16,573 INFO sell-guard: Managing 7 symbol(s): CVS,SWKS,PCG,NCLH,IVZ,ENPH,WBD
2025-09-10 11:05:18,748 INFO sell-guard: Skip CVS: missing price(s) entry=None last=72.995
2025-09-10 11:05:18,749 INFO sell-guard: Skip SWKS: missing price(s) entry=None last=72.37
2025-09-10 11:05:18,752 INFO sell-guard: Skip PCG: missing price(s) entry=None last=14.935
2025-09-10 11:05:18,753 INFO sell-guard: Skip NCLH: missing price(s) entry=None last=24.9524
2025-09-10 11:05:18,754 INFO sell-guard: Skip IVZ: missing price(s) entry=None last=22.19
2025-09-10 11:05:18,754 INFO sell-guard: Skip ENPH: missing price(s) entry=None last=37.66
2025-09-10 11:05:18,755 INFO sell-guard: Skip WBD: missing price(s) entry=None last=12.0449
2025-09-10 11:05:46,001 INFO sell-guard: ⏱ heartbeat: loop alive (account=kW8LbkuGisPCK9Ey7C8iWA)
2025-09-10 11:05:46,657 INFO sell-guard: positions via get_positions -> 21 symbol(s)
2025-09-10 11:05:46,659 INFO sell-guard: Managing 7 symbol(s): CVS,SWKS,PCG,NCLH,IVZ,ENPH,WBD
2025-09-10 11:05:48,905 INFO sell-guard: Skip CVS: missing price(s) entry=None last=72.94
2025-09-10 11:05:48,907 INFO sell-guard: Skip SWKS: missing price(s) entry=None last=72.44
2025-09-10 11:05:48,909 INFO sell-guard: Skip PCG: missing price(s) entry=None last=14.925
2025-09-10 11:05:48,910 INFO sell-guard: Skip NCLH: missing price(s) entry=None last=24.935
2025-09-10 11:05:48,911 INFO sell-guard: Skip IVZ: missing price(s) entry=None last=22.195
2025-09-10 11:05:48,912 INFO sell-guard: Skip ENPH: missing price(s) entry=None last=37.63
2025-09-10 11:05:48,913 INFO sell-guard: Skip WBD: missing price(s) entry=None last=12.035
2025-09-10 11:06:16,002 INFO sell-guard: ⏱ heartbeat: loop alive (account=kW8LbkuGisPCK9Ey7C8iWA)
2025-09-10 11:06:16,638 INFO sell-guard: positions via get_positions -> 21 symbol(s)
2025-09-10 11:06:16,640 INFO sell-guard: Managing 7 symbol(s): CVS,SWKS,PCG,NCLH,IVZ,ENPH,WBD
2025-09-10 11:06:18,655 INFO sell-guard: Skip CVS: missing price(s) entry=None last=72.93
2025-09-10 11:06:18,656 INFO sell-guard: Skip SWKS: missing price(s) entry=None last=72.47
2025-09-10 11:06:18,660 INFO sell-guard: Skip PCG: missing price(s) entry=None last=14.9
2025-09-10 11:06:18,661 INFO sell-guard: Skip NCLH: missing price(s) entry=None last=24.935
2025-09-10 11:06:18,662 INFO sell-guard: Skip IVZ: missing price(s) entry=None last=22.18
2025-09-10 11:06:18,663 INFO sell-guard: Skip ENPH: missing price(s) entry=None last=37.58
2025-09-10 11:06:18,664 INFO sell-guard: Skip WBD: missing price(s) entry=None last=12.045
2025-09-10 11:06:46,003 INFO sell-guard: ⏱ heartbeat: loop alive (account=kW8LbkuGisPCK9Ey7C8iWA)
2025-09-10 11:06:46,557 INFO sell-guard: positions via get_positions -> 21 symbol(s)
2025-09-10 11:06:46,558 INFO sell-guard: Managing 7 symbol(s): CVS,SWKS,PCG,NCLH,IVZ,ENPH,WBD
2025-09-10 11:06:48,865 INFO sell-guard: Skip CVS: missing price(s) entry=None last=72.9425
2025-09-10 11:06:48,866 INFO sell-guard: Skip SWKS: missing price(s) entry=None last=72.47
2025-09-10 11:06:48,869 INFO sell-guard: Skip PCG: missing price(s) entry=None last=14.8743
2025-09-10 11:06:48,870 INFO sell-guard: Skip NCLH: missing price(s) entry=None last=24.9
2025-09-10 11:06:48,871 INFO sell-guard: Skip IVZ: missing price(s) entry=None last=22.165
2025-09-10 11:06:48,872 INFO sell-guard: Skip ENPH: missing price(s) entry=None last=37.59
2025-09-10 11:06:48,872 INFO sell-guard: Skip WBD: missing price(s) entry=None last=12.0401
2025-09-10 11:07:16,004 INFO sell-guard: ⏱ heartbeat: loop alive (account=kW8LbkuGisPCK9Ey7C8iWA)
2025-09-10 11:07:16,570 INFO sell-guard: positions via get_positions -> 21 symbol(s)
2025-09-10 11:07:16,571 INFO sell-guard: Managing 7 symbol(s): CVS,SWKS,PCG,NCLH,IVZ,ENPH,WBD
2025-09-10 11:07:18,664 INFO sell-guard: Skip CVS: missing price(s) entry=None last=72.905
2025-09-10 11:07:18,666 INFO sell-guard: Skip SWKS: missing price(s) entry=None last=72.55
2025-09-10 11:07:18,670 INFO sell-guard: Skip PCG: missing price(s) entry=None last=14.865
2025-09-10 11:07:18,671 INFO sell-guard: Skip NCLH: missing price(s) entry=None last=24.885
2025-09-10 11:07:18,672 INFO sell-guard: Skip IVZ: missing price(s) entry=None last=22.175
2025-09-10 11:07:18,673 INFO sell-guard: Skip ENPH: missing price(s) entry=None last=37.6
2025-09-10 11:07:18,674 INFO sell-guard: Skip WBD: missing price(s) entry=None last=12.035
2025-09-10 11:07:46,015 INFO sell-guard: ⏱ heartbeat: loop alive (account=kW8LbkuGisPCK9Ey7C8iWA)
2025-09-10 11:07:46,662 INFO sell-guard: positions via get_positions -> 21 symbol(s)
2025-09-10 11:07:46,663 INFO sell-guard: Managing 7 symbol(s): CVS,SWKS,PCG,NCLH,IVZ,ENPH,WBD
2025-09-10 11:07:48,511 INFO sell-guard: Skip CVS: missing price(s) entry=None last=72.895
2025-09-10 11:07:48,513 INFO sell-guard: Skip SWKS: missing price(s) entry=None last=72.57
2025-09-10 11:07:48,517 INFO sell-guard: Skip PCG: missing price(s) entry=None last=14.9
2025-09-10 11:07:48,519 INFO sell-guard: Skip NCLH: missing price(s) entry=None last=24.905
2025-09-10 11:07:48,520 INFO sell-guard: Skip IVZ: missing price(s) entry=None last=22.175
2025-09-10 11:07:48,522 INFO sell-guard: Skip ENPH: missing price(s) entry=None last=37.555
2025-09-10 11:07:48,523 INFO sell-guard: Skip WBD: missing price(s) entry=None last=12.035
2025-09-10 11:08:16,015 INFO sell-guard: ⏱ heartbeat: loop alive (account=kW8LbkuGisPCK9Ey7C8iWA)
2025-09-10 11:08:16,507 INFO sell-guard: positions via get_positions -> 21 symbol(s)
2025-09-10 11:08:16,508 INFO sell-guard: Managing 7 symbol(s): CVS,SWKS,PCG,NCLH,IVZ,ENPH,WBD
2025-09-10 11:08:18,525 INFO sell-guard: Skip CVS: missing price(s) entry=None last=72.91
2025-09-10 11:08:18,525 INFO sell-guard: Skip SWKS: missing price(s) entry=None last=72.435
2025-09-10 11:08:18,527 INFO sell-guard: Skip PCG: missing price(s) entry=None last=14.905
2025-09-10 11:08:18,527 INFO sell-guard: Skip NCLH: missing price(s) entry=None last=24.885
2025-09-10 11:08:18,528 INFO sell-guard: Skip IVZ: missing price(s) entry=None last=22.165
2025-09-10 11:08:18,528 INFO sell-guard: Skip ENPH: missing price(s) entry=None last=37.53
2025-09-10 11:08:18,529 INFO sell-guard: Skip WBD: missing price(s) entry=None last=12.025
2025-09-10 11:08:46,016 INFO sell-guard: ⏱ heartbeat: loop alive (account=kW8LbkuGisPCK9Ey7C8iWA)
2025-09-10 11:08:46,627 INFO sell-guard: positions via get_positions -> 21 symbol(s)
2025-09-10 11:08:46,629 INFO sell-guard: Managing 7 symbol(s): CVS,SWKS,PCG,NCLH,IVZ,ENPH,WBD
2025-09-10 11:08:48,436 INFO sell-guard: Skip CVS: missing price(s) entry=None last=72.93
2025-09-10 11:08:48,438 INFO sell-guard: Skip SWKS: missing price(s) entry=None last=72.44
2025-09-10 11:08:48,442 INFO sell-guard: Skip PCG: missing price(s) entry=None last=14.915
2025-09-10 11:08:48,443 INFO sell-guard: Skip NCLH: missing price(s) entry=None last=24.855
2025-09-10 11:08:48,444 INFO sell-guard: Skip IVZ: missing price(s) entry=None last=22.165
2025-09-10 11:08:48,445 INFO sell-guard: Skip ENPH: missing price(s) entry=None last=37.515
2025-09-10 11:08:48,446 INFO sell-guard: Skip WBD: missing price(s) entry=None last=12.0365
2025-09-10 11:09:16,017 INFO sell-guard: ⏱ heartbeat: loop alive (account=kW8LbkuGisPCK9Ey7C8iWA)
2025-09-10 11:09:16,565 INFO sell-guard: positions via get_positions -> 21 symbol(s)
2025-09-10 11:09:16,567 INFO sell-guard: Managing 7 symbol(s): CVS,SWKS,PCG,NCLH,IVZ,ENPH,WBD
2025-09-10 11:09:18,601 INFO sell-guard: Skip CVS: missing price(s) entry=None last=72.91
2025-09-10 11:09:18,601 INFO sell-guard: Skip SWKS: missing price(s) entry=None last=72.48
2025-09-10 11:09:18,603 INFO sell-guard: Skip PCG: missing price(s) entry=None last=14.925
2025-09-10 11:09:18,604 INFO sell-guard: Skip NCLH: missing price(s) entry=None last=24.855
2025-09-10 11:09:18,604 INFO sell-guard: Skip IVZ: missing price(s) entry=None last=22.16
2025-09-10 11:09:18,605 INFO sell-guard: Skip ENPH: missing price(s) entry=None last=37.525
2025-09-10 11:09:18,606 INFO sell-guard: Skip WBD: missing price(s) entry=None last=12.03
2025-09-10 11:09:46,017 INFO sell-guard: ⏱ heartbeat: loop alive (account=kW8LbkuGisPCK9Ey7C8iWA)
2025-09-10 11:09:46,564 INFO sell-guard: positions via get_positions -> 21 symbol(s)
2025-09-10 11:09:46,566 INFO sell-guard: Managing 7 symbol(s): CVS,SWKS,PCG,NCLH,IVZ,ENPH,WBD
2025-09-10 11:09:48,643 INFO sell-guard: Skip CVS: missing price(s) entry=None last=72.8951
2025-09-10 11:09:48,645 INFO sell-guard: Skip SWKS: missing price(s) entry=None last=72.59
2025-09-10 11:09:48,647 INFO sell-guard: Skip PCG: missing price(s) entry=None last=14.91
2025-09-10 11:09:48,648 INFO sell-guard: Skip NCLH: missing price(s) entry=None last=24.7999
2025-09-10 11:09:48,649 INFO sell-guard: Skip IVZ: missing price(s) entry=None last=22.15
2025-09-10 11:09:48,650 INFO sell-guard: Skip ENPH: missing price(s) entry=None last=37.54
2025-09-10 11:09:48,651 INFO sell-guard: Skip WBD: missing price(s) entry=None last=12.0399
2025-09-10 11:10:16,018 INFO sell-guard: ⏱ heartbeat: loop alive (account=kW8LbkuGisPCK9Ey7C8iWA)
2025-09-10 11:10:16,568 INFO sell-guard: positions via get_positions -> 21 symbol(s)
2025-09-10 11:10:16,571 INFO sell-guard: Managing 7 symbol(s): CVS,SWKS,PCG,NCLH,IVZ,ENPH,WBD
2025-09-10 11:10:18,705 INFO sell-guard: Skip CVS: missing price(s) entry=None last=72.9
2025-09-10 11:10:18,705 INFO sell-guard: Skip SWKS: missing price(s) entry=None last=72.57
2025-09-10 11:10:18,707 INFO sell-guard: Skip PCG: missing price(s) entry=None last=14.91
2025-09-10 11:10:18,708 INFO sell-guard: Skip NCLH: missing price(s) entry=None last=24.8088
2025-09-10 11:10:18,709 INFO sell-guard: Skip IVZ: missing price(s) entry=None last=22.145
2025-09-10 11:10:18,709 INFO sell-guard: Skip ENPH: missing price(s) entry=None last=37.57
2025-09-10 11:10:18,710 INFO sell-guard: Skip WBD: missing price(s) entry=None last=12.035
2025-09-10 11:10:35,009 INFO sell-guard: config source: C:\TradeAlerts\sell_guard_settings.json
2025-09-10 11:10:35,010 INFO sell-guard: env: ETRADE_ENV=production  PYTHONPATH=None
2025-09-10 11:10:35,011 INFO sell-guard: ⏱ heartbeat: loop alive (account=?)
2025-09-10 11:10:35,011 DEBUG sell-guard: tick: polling positions & quotes…
2025-09-10 11:10:35,360 INFO sell-guard: [LIVE] Using accountIdKey=kW8LbkuGisPCK9Ey7C8iWA
2025-09-10 11:10:35,362 INFO sell-guard: [CFG] mode=live tp=200 bps stop=100 bps max_hold=100000m limit_from=bid offset=0 bps throttle=30.0s ext_hours=False fallback=SELL_STOP,TIMEOUT
2025-09-10 11:10:35,908 INFO sell-guard: positions via get_positions -> 21 symbol(s)
2025-09-10 11:10:35,910 INFO sell-guard: Managing 7 symbol(s): CVS,SWKS,PCG,NCLH,IVZ,ENPH,WBD
2025-09-10 11:10:40,030 INFO sell-guard: [SG] CVS: last=72.89 entry=70.96 pnl=+273 bps (tp=200 stop=100) hold=? lim=72.88 free=1 -> stop=False tp=True timeout=False
2025-09-10 11:31:08,596 INFO sell-guard: config source: C:\TradeAlerts\sell_guard_settings.json
2025-09-10 11:31:08,597 INFO sell-guard: env: ETRADE_ENV=production  PYTHONPATH=None
2025-09-10 11:31:08,598 INFO sell-guard: ⏱ heartbeat: loop alive (account=?)
2025-09-10 11:31:08,599 DEBUG sell-guard: tick: polling positions & quotes…
2025-09-10 11:31:08,936 INFO sell-guard: [LIVE] Using accountIdKey=kW8LbkuGisPCK9Ey7C8iWA
2025-09-10 11:31:08,937 INFO sell-guard: [CFG] mode=live tp=200 bps stop=100 bps max_hold=100000m limit_from=bid offset=0 bps throttle=30.0s ext_hours=False fallback=SELL_STOP,TIMEOUT
2025-09-10 11:31:09,451 INFO sell-guard: positions via get_positions -> 21 symbol(s)
2025-09-10 11:31:09,452 INFO sell-guard: Managing 7 symbol(s): CVS,SWKS,PCG,NCLH,IVZ,ENPH,WBD
2025-09-10 11:31:14,300 INFO sell-guard: [SG] CVS: last=73.03 entry=70.96 pnl=+292 bps (tp=200 stop=100) hold=1342m lim=73.02 free=1 -> stop=False tp=True timeout=False
2025-09-10 11:37:19,583 INFO sell-guard: config source: C:\TradeAlerts\sell_guard_settings.json
2025-09-10 11:37:19,584 INFO sell-guard: env: ETRADE_ENV=production  PYTHONPATH=None
2025-09-10 11:37:19,585 INFO sell-guard: ⏱ heartbeat: loop alive (account=?)
2025-09-10 11:37:19,586 DEBUG sell-guard: tick: polling positions & quotes…
2025-09-10 11:37:19,910 INFO sell-guard: [LIVE] Using accountIdKey=kW8LbkuGisPCK9Ey7C8iWA
2025-09-10 11:37:19,912 INFO sell-guard: [CFG] mode=live tp=200 bps stop=100 bps max_hold=100000m limit_from=bid offset=0 bps throttle=30.0s ext_hours=False fallback=SELL_STOP,TIMEOUT
2025-09-10 11:37:20,509 INFO sell-guard: positions via get_positions -> 21 symbol(s)
2025-09-10 11:37:20,509 INFO sell-guard: Managing 7 symbol(s): CVS,SWKS,PCG,NCLH,IVZ,ENPH,WBD
2025-09-10 11:37:25,916 INFO sell-guard: [SG] CVS: last=73.16 entry=70.96 pnl=+310 bps (tp=200 stop=100) hold=1348m lim=73.15 free=1 -> stop=False tp=True timeout=False
2025-09-10 11:51:09,389 INFO sell-guard: config source: C:\TradeAlerts\sell_guard_settings.json
2025-09-10 11:51:09,390 INFO sell-guard: env: ETRADE_ENV=production  PYTHONPATH=None
2025-09-10 11:51:09,391 INFO sell-guard: ⏱ heartbeat: loop alive (account=?)
2025-09-10 11:51:09,391 DEBUG sell-guard: tick: polling positions & quotes…
2025-09-10 11:51:09,824 INFO sell-guard: [LIVE] Using accountIdKey=kW8LbkuGisPCK9Ey7C8iWA
2025-09-10 11:51:09,825 INFO sell-guard: [CFG] mode=live tp=200 bps stop=100 bps max_hold=100000m limit_from=bid offset=0 bps throttle=30.0s ext_hours=False fallback=SELL_STOP,TIMEOUT
2025-09-10 11:51:10,716 INFO sell-guard: positions via get_positions -> 21 symbol(s)
2025-09-10 11:51:10,718 INFO sell-guard: Managing 7 symbol(s): CVS,SWKS,PCG,NCLH,IVZ,ENPH,WBD
2025-09-10 11:51:16,012 INFO sell-guard: [SG] CVS: last=73.19 entry=70.96 pnl=+314 bps (tp=200 stop=100) hold=1362m lim=73.18 free=1 -> stop=False tp=True timeout=False
2025-09-10 11:58:03,457 INFO sell-guard: config source: C:\TradeAlerts\sell_guard_settings.json
2025-09-10 11:58:03,458 INFO sell-guard: env: ETRADE_ENV=production  PYTHONPATH=None
2025-09-10 11:58:03,459 INFO sell-guard: ⏱ heartbeat: loop alive (account=?)
2025-09-10 11:58:03,459 DEBUG sell-guard: tick: polling positions & quotes…
2025-09-10 11:58:03,857 INFO sell-guard: [LIVE] Using accountIdKey=kW8LbkuGisPCK9Ey7C8iWA
2025-09-10 11:58:03,858 INFO sell-guard: [CFG] mode=live tp=200 bps stop=100 bps max_hold=100000m limit_from=bid offset=0 bps throttle=30.0s ext_hours=False fallback=SELL_STOP,TIMEOUT
2025-09-10 11:58:04,589 INFO sell-guard: positions via get_positions -> 21 symbol(s)
2025-09-10 11:58:04,591 INFO sell-guard: Managing 7 symbol(s): CVS,SWKS,PCG,NCLH,IVZ,ENPH,WBD
2025-09-10 11:58:09,725 INFO sell-guard: [SG] CVS: last=72.78 entry=70.96 pnl=+256 bps (tp=200 stop=100) hold=1369m lim=72.76 free=1 -> stop=False tp=True timeout=False
2025-09-10 12:17:39,999 INFO sell-guard: config source: C:\TradeAlerts\sell_guard_settings.json
2025-09-10 12:17:40,000 INFO sell-guard: env: ETRADE_ENV=production  PYTHONPATH=None
2025-09-10 12:17:40,001 INFO sell-guard: ⏱ heartbeat: loop alive (account=?)
2025-09-10 12:17:40,001 DEBUG sell-guard: tick: polling positions & quotes…
2025-09-10 12:17:40,312 INFO sell-guard: [LIVE] Using accountIdKey=kW8LbkuGisPCK9Ey7C8iWA
2025-09-10 12:17:40,314 INFO sell-guard: [CFG] mode=live tp=200 bps stop=100 bps max_hold=100000m limit_from=bid offset=0 bps throttle=30.0s ext_hours=False fallback=SELL_STOP,TIMEOUT
2025-09-10 12:17:40,827 INFO sell-guard: positions via get_positions -> 21 symbol(s)
2025-09-10 12:17:40,829 INFO sell-guard: Managing 7 symbol(s): CVS,SWKS,PCG,NCLH,IVZ,ENPH,WBD
2025-09-10 12:17:45,789 INFO sell-guard: [SG] CVS: last=72.55 entry=70.96 pnl=+223 bps (tp=200 stop=100) hold=1388m lim=72.53 free=1 -> stop=False tp=True timeout=False
2025-09-10 12:17:45,791 DEBUG sell-guard: sell window check: start=0935 end=1555 now=1217
2025-09-10 12:17:46,737 WARNING sell-guard: CVS SELL place 500/code100 (try 1/4), backing off 2.0s
2025-09-10 12:17:49,798 WARNING sell-guard: CVS SELL place 500/code100 (try 2/4), backing off 3.2s
2025-09-10 12:17:53,988 WARNING sell-guard: CVS SELL place 500/code100 (try 3/4), backing off 5.1s
2025-09-10 12:18:00,109 WARNING sell-guard: CVS SELL place 500/code100 (try 4/4), backing off 8.2s
2025-09-10 12:18:08,302 WARNING sell-guard: E*TRADE circuit OPEN for 60s due to repeated 500/code100
2025-09-10 12:18:08,303 ERROR sell-guard: CVS SELL_TARGET -> place failed after retries: etrade POST /accounts/kW8LbkuGisPCK9Ey7C8iWA/orders/place.json -> 500: {'Error': {'code': 100, 'message': 'The requested service is not currently available, please try after sometime.'}}
2025-09-10 12:18:11,891 INFO sell-guard: [SG] SWKS: last=72.47 entry=76.23 pnl=-493 bps (tp=200 stop=100) hold=1378m lim=72.47 free=1 -> stop=True tp=False timeout=False
2025-09-10 12:18:11,892 DEBUG sell-guard: sell window check: start=0935 end=1555 now=1218
2025-09-10 12:18:12,114 ERROR sell-guard: SWKS ARM HARD STOP failed: etrade POST /accounts/kW8LbkuGisPCK9Ey7C8iWA/orders/preview.json -> 400: {'Error': {'code': 7, 'message': 'You did not specify a stop price. Please fill in the missing information and resubmit your order.'}}
2025-09-10 12:18:13,109 ERROR sell-guard: SWKS STOP MARKET fallback failed: etrade POST /accounts/kW8LbkuGisPCK9Ey7C8iWA/orders/place.json -> 500: {'Error': {'code': 100, 'message': 'The requested service is not currently available, please try after sometime.'}}
2025-09-10 12:18:16,377 INFO sell-guard: [SG] PCG: last=15.26 entry=14.86 pnl=+269 bps (tp=200 stop=100) hold=1364m lim=15.26 free=1 -> stop=False tp=True timeout=False
2025-09-10 12:18:16,377 DEBUG sell-guard: sell window check: start=0935 end=1555 now=1218
2025-09-10 12:18:17,399 WARNING sell-guard: PCG SELL place 500/code100 (try 1/4), backing off 2.0s
2025-09-10 12:18:20,429 WARNING sell-guard: PCG SELL place 500/code100 (try 2/4), backing off 3.2s
2025-09-10 12:18:24,683 WARNING sell-guard: PCG SELL place 500/code100 (try 3/4), backing off 5.1s
2025-09-10 12:18:30,672 WARNING sell-guard: PCG SELL place 500/code100 (try 4/4), backing off 8.2s
2025-09-10 12:18:40,870 WARNING sell-guard: E*TRADE circuit OPEN for 60s due to repeated 500/code100
2025-09-10 12:18:40,918 ERROR sell-guard: PCG SELL_TARGET -> place failed after retries: etrade POST /accounts/kW8LbkuGisPCK9Ey7C8iWA/orders/place.json -> 500: {'Error': {'code': 100, 'message': 'The requested service is not currently available, please try after sometime.'}}
2025-09-10 12:18:44,397 INFO sell-guard: [SG] NCLH: last=24.80 entry=25.25 pnl=-180 bps (tp=200 stop=100) hold=1391m lim=24.79 free=3 -> stop=True tp=False timeout=False
2025-09-10 12:18:44,398 DEBUG sell-guard: sell window check: start=0935 end=1555 now=1218
2025-09-10 12:18:44,652 ERROR sell-guard: NCLH ARM HARD STOP failed: etrade POST /accounts/kW8LbkuGisPCK9Ey7C8iWA/orders/preview.json -> 400: {'Error': {'code': 7, 'message': 'You did not specify a stop price. Please fill in the missing information and resubmit your order.'}}
2025-09-10 12:18:45,594 ERROR sell-guard: NCLH STOP MARKET fallback failed: etrade POST /accounts/kW8LbkuGisPCK9Ey7C8iWA/orders/place.json -> 500: {'Error': {'code': 100, 'message': 'The requested service is not currently available, please try after sometime.'}}
2025-09-10 12:18:49,023 INFO sell-guard: [SG] IVZ: last=22.18 entry=22.35 pnl=-74 bps (tp=200 stop=100) hold=1412m lim=22.18 free=4 -> stop=False tp=False timeout=False
2025-09-10 12:18:49,027 DEBUG sell-guard: sell window check: start=0935 end=1555 now=1218
2025-09-10 12:18:52,804 INFO sell-guard: [SG] ENPH: last=37.74 entry=39.06 pnl=-337 bps (tp=200 stop=100) hold=1405m lim=37.73 free=2 -> stop=True tp=False timeout=False
2025-09-10 12:18:52,805 DEBUG sell-guard: sell window check: start=0935 end=1555 now=1218
2025-09-10 12:18:53,081 ERROR sell-guard: ENPH ARM HARD STOP failed: etrade POST /accounts/kW8LbkuGisPCK9Ey7C8iWA/orders/preview.json -> 400: {'Error': {'code': 7, 'message': 'You did not specify a stop price. Please fill in the missing information and resubmit your order.'}}
2025-09-10 12:18:54,031 ERROR sell-guard: ENPH STOP MARKET fallback failed: etrade POST /accounts/kW8LbkuGisPCK9Ey7C8iWA/orders/place.json -> 500: {'Error': {'code': 100, 'message': 'The requested service is not currently available, please try after sometime.'}}
2025-09-10 12:18:57,748 INFO sell-guard: [SG] WBD: last=12.12 entry=12.21 pnl=-70 bps (tp=200 stop=100) hold=2653m lim=12.12 free=1 -> stop=False tp=False timeout=False
2025-09-10 12:18:57,749 DEBUG sell-guard: sell window check: start=0935 end=1555 now=1218
2025-09-10 12:18:57,752 INFO sell-guard: ⏱ heartbeat: loop alive (account=kW8LbkuGisPCK9Ey7C8iWA)
2025-09-10 12:18:57,753 INFO sell-guard: E*TRADE unstable; skipping tick (circuit open, 43s left)
2025-09-10 12:19:27,754 INFO sell-guard: ⏱ heartbeat: loop alive (account=kW8LbkuGisPCK9Ey7C8iWA)
2025-09-10 12:19:27,754 INFO sell-guard: E*TRADE unstable; skipping tick (circuit open, 13s left)
2025-09-10 12:19:57,761 INFO sell-guard: ⏱ heartbeat: loop alive (account=kW8LbkuGisPCK9Ey7C8iWA)
2025-09-10 12:19:58,211 INFO sell-guard: positions via get_positions -> 21 symbol(s)
2025-09-10 12:19:58,212 INFO sell-guard: Managing 7 symbol(s): CVS,SWKS,PCG,NCLH,IVZ,ENPH,WBD
2025-09-10 12:20:03,180 INFO sell-guard: [SG] CVS: last=72.63 entry=70.96 pnl=+235 bps (tp=200 stop=100) hold=1391m lim=72.62 free=1 -> stop=False tp=True timeout=False
2025-09-10 12:20:03,181 DEBUG sell-guard: sell window check: start=0935 end=1555 now=1220
2025-09-10 12:20:04,026 WARNING sell-guard: CVS SELL place 500/code100 (try 1/4), backing off 2.0s
2025-09-10 12:20:06,802 WARNING sell-guard: CVS SELL place 500/code100 (try 2/4), backing off 3.2s
2025-09-10 12:20:10,672 WARNING sell-guard: CVS SELL place 500/code100 (try 3/4), backing off 5.1s
2025-09-10 12:20:16,574 WARNING sell-guard: CVS SELL place 500/code100 (try 4/4), backing off 8.2s
2025-09-10 12:20:24,768 WARNING sell-guard: E*TRADE circuit OPEN for 60s due to repeated 500/code100
2025-09-10 12:20:24,769 ERROR sell-guard: CVS SELL_TARGET -> place failed after retries: etrade POST /accounts/kW8LbkuGisPCK9Ey7C8iWA/orders/place.json -> 500: {'Error': {'code': 100, 'message': 'The requested service is not currently available, please try after sometime.'}}
2025-09-10 12:20:27,619 INFO sell-guard: [SG] SWKS: last=72.45 entry=76.23 pnl=-495 bps (tp=200 stop=100) hold=1380m lim=72.47 free=1 -> stop=True tp=False timeout=False
2025-09-10 12:20:27,620 DEBUG sell-guard: sell window check: start=0935 end=1555 now=1220
2025-09-10 12:20:27,759 ERROR sell-guard: SWKS ARM HARD STOP failed: etrade POST /accounts/kW8LbkuGisPCK9Ey7C8iWA/orders/preview.json -> 400: {'Error': {'code': 7, 'message': 'You did not specify a stop price. Please fill in the missing information and resubmit your order.'}}
2025-09-10 12:20:28,720 ERROR sell-guard: SWKS STOP MARKET fallback failed: etrade POST /accounts/kW8LbkuGisPCK9Ey7C8iWA/orders/place.json -> 500: {'Error': {'code': 100, 'message': 'The requested service is not currently available, please try after sometime.'}}
2025-09-10 12:20:31,415 INFO sell-guard: [SG] PCG: last=15.11 entry=14.86 pnl=+165 bps (tp=200 stop=100) hold=1366m lim=15.11 free=1 -> stop=False tp=False timeout=False
2025-09-10 12:20:31,417 DEBUG sell-guard: sell window check: start=0935 end=1555 now=1220
2025-09-10 12:20:34,160 INFO sell-guard: [SG] NCLH: last=24.77 entry=25.25 pnl=-189 bps (tp=200 stop=100) hold=1393m lim=24.77 free=3 -> stop=True tp=False timeout=False
2025-09-10 12:20:34,162 DEBUG sell-guard: sell window check: start=0935 end=1555 now=1220
2025-09-10 12:20:34,294 ERROR sell-guard: NCLH ARM HARD STOP failed: etrade POST /accounts/kW8LbkuGisPCK9Ey7C8iWA/orders/preview.json -> 400: {'Error': {'code': 7, 'message': 'You did not specify a stop price. Please fill in the missing information and resubmit your order.'}}
2025-09-10 12:20:34,990 ERROR sell-guard: NCLH STOP MARKET fallback failed: etrade POST /accounts/kW8LbkuGisPCK9Ey7C8iWA/orders/place.json -> 500: {'Error': {'code': 100, 'message': 'The requested service is not currently available, please try after sometime.'}}
2025-09-10 12:20:37,797 INFO sell-guard: [SG] IVZ: last=22.17 entry=22.35 pnl=-81 bps (tp=200 stop=100) hold=1414m lim=22.17 free=4 -> stop=False tp=False timeout=False
2025-09-10 12:20:37,799 DEBUG sell-guard: sell window check: start=0935 end=1555 now=1220
2025-09-10 12:20:40,377 INFO sell-guard: [SG] ENPH: last=37.69 entry=39.06 pnl=-351 bps (tp=200 stop=100) hold=1407m lim=37.67 free=2 -> stop=True tp=False timeout=False
2025-09-10 12:20:40,378 DEBUG sell-guard: sell window check: start=0935 end=1555 now=1220
2025-09-10 12:20:40,477 ERROR sell-guard: ENPH ARM HARD STOP failed: etrade POST /accounts/kW8LbkuGisPCK9Ey7C8iWA/orders/preview.json -> 400: {'Error': {'code': 7, 'message': 'You did not specify a stop price. Please fill in the missing information and resubmit your order.'}}
2025-09-10 12:20:41,181 ERROR sell-guard: ENPH STOP MARKET fallback failed: etrade POST /accounts/kW8LbkuGisPCK9Ey7C8iWA/orders/place.json -> 500: {'Error': {'code': 100, 'message': 'The requested service is not currently available, please try after sometime.'}}
2025-09-10 12:20:43,903 INFO sell-guard: [SG] WBD: last=12.12 entry=12.21 pnl=-78 bps (tp=200 stop=100) hold=2654m lim=12.11 free=1 -> stop=False tp=False timeout=False
2025-09-10 12:20:43,905 DEBUG sell-guard: sell window check: start=0935 end=1555 now=1220
2025-09-10 12:20:43,908 INFO sell-guard: ⏱ heartbeat: loop alive (account=kW8LbkuGisPCK9Ey7C8iWA)
2025-09-10 12:20:43,909 INFO sell-guard: E*TRADE unstable; skipping tick (circuit open, 40s left)
2025-09-10 12:21:13,938 INFO sell-guard: ⏱ heartbeat: loop alive (account=kW8LbkuGisPCK9Ey7C8iWA)
2025-09-10 12:21:13,957 INFO sell-guard: E*TRADE unstable; skipping tick (circuit open, 10s left)
2025-09-10 12:21:43,962 INFO sell-guard: ⏱ heartbeat: loop alive (account=kW8LbkuGisPCK9Ey7C8iWA)
2025-09-10 12:21:44,610 INFO sell-guard: positions via get_positions -> 21 symbol(s)
2025-09-10 12:21:44,612 INFO sell-guard: Managing 7 symbol(s): CVS,SWKS,PCG,NCLH,IVZ,ENPH,WBD
2025-09-10 12:21:48,821 INFO sell-guard: [SG] CVS: last=72.65 entry=70.96 pnl=+238 bps (tp=200 stop=100) hold=1392m lim=72.64 free=1 -> stop=False tp=True timeout=False
2025-09-10 12:21:48,822 DEBUG sell-guard: sell window check: start=0935 end=1555 now=1221
2025-09-10 12:21:49,636 WARNING sell-guard: CVS SELL place 500/code100 (try 1/4), backing off 2.0s
2025-09-10 12:21:52,481 WARNING sell-guard: CVS SELL place 500/code100 (try 2/4), backing off 3.2s
2025-09-10 12:21:56,528 WARNING sell-guard: CVS SELL place 500/code100 (try 3/4), backing off 5.1s
2025-09-10 12:22:02,542 WARNING sell-guard: CVS SELL place 500/code100 (try 4/4), backing off 8.2s
2025-09-10 12:22:10,735 WARNING sell-guard: E*TRADE circuit OPEN for 60s due to repeated 500/code100
2025-09-10 12:22:10,736 ERROR sell-guard: CVS SELL_TARGET -> place failed after retries: etrade POST /accounts/kW8LbkuGisPCK9Ey7C8iWA/orders/place.json -> 500: {'Error': {'code': 100, 'message': 'The requested service is not currently available, please try after sometime.'}}
2025-09-10 12:22:13,444 INFO sell-guard: [SG] SWKS: last=72.45 entry=76.23 pnl=-496 bps (tp=200 stop=100) hold=1382m lim=72.47 free=1 -> stop=True tp=False timeout=False
2025-09-10 12:22:13,445 DEBUG sell-guard: sell window check: start=0935 end=1555 now=1222
2025-09-10 12:22:13,539 ERROR sell-guard: SWKS ARM HARD STOP failed: etrade POST /accounts/kW8LbkuGisPCK9Ey7C8iWA/orders/preview.json -> 400: {'Error': {'code': 7, 'message': 'You did not specify a stop price. Please fill in the missing information and resubmit your order.'}}
2025-09-10 12:22:14,276 ERROR sell-guard: SWKS STOP MARKET fallback failed: etrade POST /accounts/kW8LbkuGisPCK9Ey7C8iWA/orders/place.json -> 500: {'Error': {'code': 100, 'message': 'The requested service is not currently available, please try after sometime.'}}
2025-09-10 12:22:16,926 INFO sell-guard: [SG] PCG: last=15.24 entry=14.86 pnl=+256 bps (tp=200 stop=100) hold=1368m lim=15.24 free=1 -> stop=False tp=True timeout=False
2025-09-10 12:22:16,926 DEBUG sell-guard: sell window check: start=0935 end=1555 now=1222
2025-09-10 12:22:17,961 WARNING sell-guard: PCG SELL place 500/code100 (try 1/4), backing off 2.0s
2025-09-10 12:22:20,717 WARNING sell-guard: PCG SELL place 500/code100 (try 2/4), backing off 3.2s
2025-09-10 12:22:24,704 WARNING sell-guard: PCG SELL place 500/code100 (try 3/4), backing off 5.1s
2025-09-10 12:22:30,480 WARNING sell-guard: PCG SELL place 500/code100 (try 4/4), backing off 8.2s
2025-09-10 12:22:38,674 WARNING sell-guard: E*TRADE circuit OPEN for 60s due to repeated 500/code100
2025-09-10 12:22:38,675 ERROR sell-guard: PCG SELL_TARGET -> place failed after retries: etrade POST /accounts/kW8LbkuGisPCK9Ey7C8iWA/orders/place.json -> 500: {'Error': {'code': 100, 'message': 'The requested service is not currently available, please try after sometime.'}}
2025-09-10 12:22:41,735 INFO sell-guard: [SG] NCLH: last=24.80 entry=25.25 pnl=-178 bps (tp=200 stop=100) hold=1395m lim=24.79 free=3 -> stop=True tp=False timeout=False
2025-09-10 12:22:41,736 DEBUG sell-guard: sell window check: start=0935 end=1555 now=1222
2025-09-10 12:22:41,881 ERROR sell-guard: NCLH ARM HARD STOP failed: etrade POST /accounts/kW8LbkuGisPCK9Ey7C8iWA/orders/preview.json -> 400: {'Error': {'code': 7, 'message': 'You did not specify a stop price. Please fill in the missing information and resubmit your order.'}}
2025-09-10 12:22:42,905 ERROR sell-guard: NCLH STOP MARKET fallback failed: etrade POST /accounts/kW8LbkuGisPCK9Ey7C8iWA/orders/place.json -> 500: {'Error': {'code': 100, 'message': 'The requested service is not currently available, please try after sometime.'}}
2025-09-10 12:22:45,632 INFO sell-guard: [SG] IVZ: last=22.16 entry=22.35 pnl=-87 bps (tp=200 stop=100) hold=1416m lim=22.15 free=4 -> stop=False tp=False timeout=False
2025-09-10 12:22:45,633 DEBUG sell-guard: sell window check: start=0935 end=1555 now=1222
2025-09-10 12:22:48,338 INFO sell-guard: [SG] ENPH: last=37.75 entry=39.06 pnl=-335 bps (tp=200 stop=100) hold=1409m lim=37.74 free=2 -> stop=True tp=False timeout=False
2025-09-10 12:22:48,344 DEBUG sell-guard: sell window check: start=0935 end=1555 now=1222
2025-09-10 12:22:48,606 ERROR sell-guard: ENPH ARM HARD STOP failed: etrade POST /accounts/kW8LbkuGisPCK9Ey7C8iWA/orders/preview.json -> 400: {'Error': {'code': 7, 'message': 'You did not specify a stop price. Please fill in the missing information and resubmit your order.'}}
2025-09-10 12:22:49,361 ERROR sell-guard: ENPH STOP MARKET fallback failed: etrade POST /accounts/kW8LbkuGisPCK9Ey7C8iWA/orders/place.json -> 500: {'Error': {'code': 100, 'message': 'The requested service is not currently available, please try after sometime.'}}
2025-09-10 12:22:52,025 INFO sell-guard: [SG] WBD: last=12.12 entry=12.21 pnl=-74 bps (tp=200 stop=100) hold=2656m lim=12.12 free=1 -> stop=False tp=False timeout=False
2025-09-10 12:22:52,026 DEBUG sell-guard: sell window check: start=0935 end=1555 now=1222
2025-09-10 12:22:52,029 INFO sell-guard: ⏱ heartbeat: loop alive (account=kW8LbkuGisPCK9Ey7C8iWA)
2025-09-10 12:22:52,030 INFO sell-guard: E*TRADE unstable; skipping tick (circuit open, 46s left)
2025-09-10 12:23:22,031 INFO sell-guard: ⏱ heartbeat: loop alive (account=kW8LbkuGisPCK9Ey7C8iWA)
2025-09-10 12:23:22,032 INFO sell-guard: E*TRADE unstable; skipping tick (circuit open, 16s left)
2025-09-10 12:23:52,036 INFO sell-guard: ⏱ heartbeat: loop alive (account=kW8LbkuGisPCK9Ey7C8iWA)
2025-09-10 12:23:52,761 INFO sell-guard: positions via get_positions -> 21 symbol(s)
2025-09-10 12:23:52,764 INFO sell-guard: Managing 7 symbol(s): CVS,SWKS,PCG,NCLH,IVZ,ENPH,WBD
2025-09-10 12:23:57,455 INFO sell-guard: [SG] CVS: last=72.68 entry=70.96 pnl=+242 bps (tp=200 stop=100) hold=1395m lim=72.66 free=1 -> stop=False tp=True timeout=False
2025-09-10 12:23:57,456 DEBUG sell-guard: sell window check: start=0935 end=1555 now=1223
2025-09-10 12:23:58,218 WARNING sell-guard: CVS SELL place 500/code100 (try 1/4), backing off 2.0s
2025-09-10 12:24:00,937 WARNING sell-guard: CVS SELL place 500/code100 (try 2/4), backing off 3.2s
2025-09-10 12:24:04,860 WARNING sell-guard: CVS SELL place 500/code100 (try 3/4), backing off 5.1s
2025-09-10 12:24:10,701 WARNING sell-guard: CVS SELL place 500/code100 (try 4/4), backing off 8.2s
2025-09-10 12:24:18,900 WARNING sell-guard: E*TRADE circuit OPEN for 60s due to repeated 500/code100
2025-09-10 12:24:18,928 ERROR sell-guard: CVS SELL_TARGET -> place failed after retries: etrade POST /accounts/kW8LbkuGisPCK9Ey7C8iWA/orders/place.json -> 500: {'Error': {'code': 100, 'message': 'The requested service is not currently available, please try after sometime.'}}
2025-09-10 12:24:22,024 INFO sell-guard: [SG] SWKS: last=72.43 entry=76.23 pnl=-498 bps (tp=200 stop=100) hold=1384m lim=72.42 free=1 -> stop=True tp=False timeout=False
2025-09-10 12:24:22,025 DEBUG sell-guard: sell window check: start=0935 end=1555 now=1224
2025-09-10 12:24:22,171 ERROR sell-guard: SWKS ARM HARD STOP failed: etrade POST /accounts/kW8LbkuGisPCK9Ey7C8iWA/orders/preview.json -> 400: {'Error': {'code': 7, 'message': 'You did not specify a stop price. Please fill in the missing information and resubmit your order.'}}
2025-09-10 12:24:23,028 ERROR sell-guard: SWKS STOP MARKET fallback failed: etrade POST /accounts/kW8LbkuGisPCK9Ey7C8iWA/orders/place.json -> 500: {'Error': {'code': 100, 'message': 'The requested service is not currently available, please try after sometime.'}}
2025-09-10 12:24:25,689 INFO sell-guard: [SG] PCG: last=15.24 entry=14.86 pnl=+256 bps (tp=200 stop=100) hold=1370m lim=15.24 free=1 -> stop=False tp=True timeout=False
2025-09-10 12:24:25,691 DEBUG sell-guard: sell window check: start=0935 end=1555 now=1224
2025-09-10 12:24:26,426 WARNING sell-guard: PCG SELL place 500/code100 (try 1/4), backing off 2.0s
2025-09-10 12:24:29,162 WARNING sell-guard: PCG SELL place 500/code100 (try 2/4), backing off 3.2s
2025-09-10 12:24:33,093 WARNING sell-guard: PCG SELL place 500/code100 (try 3/4), backing off 5.1s
2025-09-10 12:24:38,954 WARNING sell-guard: PCG SELL place 500/code100 (try 4/4), backing off 8.2s
2025-09-10 12:24:47,159 WARNING sell-guard: E*TRADE circuit OPEN for 60s due to repeated 500/code100
2025-09-10 12:24:47,170 ERROR sell-guard: PCG SELL_TARGET -> place failed after retries: etrade POST /accounts/kW8LbkuGisPCK9Ey7C8iWA/orders/place.json -> 500: {'Error': {'code': 100, 'message': 'The requested service is not currently available, please try after sometime.'}}
2025-09-10 12:24:49,930 INFO sell-guard: [SG] NCLH: last=24.80 entry=25.25 pnl=-176 bps (tp=200 stop=100) hold=1397m lim=24.80 free=3 -> stop=True tp=False timeout=False
2025-09-10 12:24:49,931 DEBUG sell-guard: sell window check: start=0935 end=1555 now=1224
2025-09-10 12:24:50,079 ERROR sell-guard: NCLH ARM HARD STOP failed: etrade POST /accounts/kW8LbkuGisPCK9Ey7C8iWA/orders/preview.json -> 400: {'Error': {'code': 7, 'message': 'You did not specify a stop price. Please fill in the missing information and resubmit your order.'}}
2025-09-10 12:24:50,826 ERROR sell-guard: NCLH STOP MARKET fallback failed: etrade POST /accounts/kW8LbkuGisPCK9Ey7C8iWA/orders/place.json -> 500: {'Error': {'code': 100, 'message': 'The requested service is not currently available, please try after sometime.'}}
2025-09-10 12:24:53,640 INFO sell-guard: [SG] IVZ: last=22.14 entry=22.35 pnl=-94 bps (tp=200 stop=100) hold=1418m lim=22.14 free=4 -> stop=False tp=False timeout=False
2025-09-10 12:24:53,641 DEBUG sell-guard: sell window check: start=0935 end=1555 now=1224
2025-09-10 12:24:56,180 INFO sell-guard: [SG] ENPH: last=37.67 entry=39.06 pnl=-356 bps (tp=200 stop=100) hold=1411m lim=37.67 free=2 -> stop=True tp=False timeout=False
2025-09-10 12:24:56,181 DEBUG sell-guard: sell window check: start=0935 end=1555 now=1224
2025-09-10 12:24:56,316 ERROR sell-guard: ENPH ARM HARD STOP failed: etrade POST /accounts/kW8LbkuGisPCK9Ey7C8iWA/orders/preview.json -> 400: {'Error': {'code': 7, 'message': 'You did not specify a stop price. Please fill in the missing information and resubmit your order.'}}
2025-09-10 12:24:57,110 ERROR sell-guard: ENPH STOP MARKET fallback failed: etrade POST /accounts/kW8LbkuGisPCK9Ey7C8iWA/orders/place.json -> 500: {'Error': {'code': 100, 'message': 'The requested service is not currently available, please try after sometime.'}}
2025-09-10 12:24:59,929 INFO sell-guard: [SG] WBD: last=12.14 entry=12.21 pnl=-53 bps (tp=200 stop=100) hold=2659m lim=12.14 free=1 -> stop=False tp=False timeout=False
2025-09-10 12:24:59,930 DEBUG sell-guard: sell window check: start=0935 end=1555 now=1224
2025-09-10 12:24:59,934 INFO sell-guard: ⏱ heartbeat: loop alive (account=kW8LbkuGisPCK9Ey7C8iWA)
2025-09-10 12:24:59,934 INFO sell-guard: E*TRADE unstable; skipping tick (circuit open, 47s left)
2025-09-10 12:25:29,936 INFO sell-guard: ⏱ heartbeat: loop alive (account=kW8LbkuGisPCK9Ey7C8iWA)
2025-09-10 12:25:29,936 INFO sell-guard: E*TRADE unstable; skipping tick (circuit open, 17s left)
2025-09-10 12:25:59,940 INFO sell-guard: ⏱ heartbeat: loop alive (account=kW8LbkuGisPCK9Ey7C8iWA)
2025-09-10 12:26:00,417 INFO sell-guard: positions via get_positions -> 21 symbol(s)
2025-09-10 12:26:00,547 INFO sell-guard: Managing 7 symbol(s): CVS,SWKS,PCG,NCLH,IVZ,ENPH,WBD
2025-09-10 12:26:06,172 INFO sell-guard: [SG] CVS: last=72.68 entry=70.96 pnl=+242 bps (tp=200 stop=100) hold=1397m lim=72.66 free=1 -> stop=False tp=True timeout=False
2025-09-10 12:26:06,173 DEBUG sell-guard: sell window check: start=0935 end=1555 now=1226
2025-09-10 12:26:06,931 WARNING sell-guard: CVS SELL place 500/code100 (try 1/4), backing off 2.0s
2025-09-10 12:26:09,685 WARNING sell-guard: CVS SELL place 500/code100 (try 2/4), backing off 3.2s
2025-09-10 12:26:13,691 WARNING sell-guard: CVS SELL place 500/code100 (try 3/4), backing off 5.1s
2025-09-10 12:26:19,558 WARNING sell-guard: CVS SELL place 500/code100 (try 4/4), backing off 8.2s
2025-09-10 12:26:27,753 WARNING sell-guard: E*TRADE circuit OPEN for 60s due to repeated 500/code100
2025-09-10 12:26:27,776 ERROR sell-guard: CVS SELL_TARGET -> place failed after retries: etrade POST /accounts/kW8LbkuGisPCK9Ey7C8iWA/orders/place.json -> 500: {'Error': {'code': 100, 'message': 'The requested service is not currently available, please try after sometime.'}}
2025-09-10 12:26:30,762 INFO sell-guard: [SG] SWKS: last=72.47 entry=76.23 pnl=-493 bps (tp=200 stop=100) hold=1386m lim=72.48 free=1 -> stop=True tp=False timeout=False
2025-09-10 12:26:30,763 DEBUG sell-guard: sell window check: start=0935 end=1555 now=1226
2025-09-10 12:26:30,929 ERROR sell-guard: SWKS ARM HARD STOP failed: etrade POST /accounts/kW8LbkuGisPCK9Ey7C8iWA/orders/preview.json -> 400: {'Error': {'code': 7, 'message': 'You did not specify a stop price. Please fill in the missing information and resubmit your order.'}}
2025-09-10 12:26:31,659 ERROR sell-guard: SWKS STOP MARKET fallback failed: etrade POST /accounts/kW8LbkuGisPCK9Ey7C8iWA/orders/place.json -> 500: {'Error': {'code': 100, 'message': 'The requested service is not currently available, please try after sometime.'}}
2025-09-10 12:26:34,412 INFO sell-guard: [SG] PCG: last=15.36 entry=14.86 pnl=+337 bps (tp=200 stop=100) hold=1372m lim=15.35 free=1 -> stop=False tp=True timeout=False
2025-09-10 12:26:34,414 DEBUG sell-guard: sell window check: start=0935 end=1555 now=1226
2025-09-10 12:26:35,172 WARNING sell-guard: PCG SELL place 500/code100 (try 1/4), backing off 2.0s
2025-09-10 12:26:37,862 WARNING sell-guard: PCG SELL place 500/code100 (try 2/4), backing off 3.2s
2025-09-10 12:26:41,772 WARNING sell-guard: PCG SELL place 500/code100 (try 3/4), backing off 5.1s
2025-09-10 12:26:47,725 WARNING sell-guard: PCG SELL place 500/code100 (try 4/4), backing off 8.2s
2025-09-10 12:26:55,920 WARNING sell-guard: E*TRADE circuit OPEN for 60s due to repeated 500/code100
2025-09-10 12:26:55,920 ERROR sell-guard: PCG SELL_TARGET -> place failed after retries: etrade POST /accounts/kW8LbkuGisPCK9Ey7C8iWA/orders/place.json -> 500: {'Error': {'code': 100, 'message': 'The requested service is not currently available, please try after sometime.'}}
2025-09-10 12:26:58,878 INFO sell-guard: [SG] NCLH: last=24.81 entry=25.25 pnl=-174 bps (tp=200 stop=100) hold=1399m lim=24.81 free=3 -> stop=True tp=False timeout=False
2025-09-10 12:26:58,879 DEBUG sell-guard: sell window check: start=0935 end=1555 now=1226
2025-09-10 12:26:58,979 ERROR sell-guard: NCLH ARM HARD STOP failed: etrade POST /accounts/kW8LbkuGisPCK9Ey7C8iWA/orders/preview.json -> 400: {'Error': {'code': 7, 'message': 'You did not specify a stop price. Please fill in the missing information and resubmit your order.'}}
2025-09-10 12:26:59,820 ERROR sell-guard: NCLH STOP MARKET fallback failed: etrade POST /accounts/kW8LbkuGisPCK9Ey7C8iWA/orders/place.json -> 500: {'Error': {'code': 100, 'message': 'The requested service is not currently available, please try after sometime.'}}
2025-09-10 12:27:03,177 INFO sell-guard: [SG] IVZ: last=22.16 entry=22.35 pnl=-87 bps (tp=200 stop=100) hold=1420m lim=22.15 free=4 -> stop=False tp=False timeout=False
2025-09-10 12:27:03,177 DEBUG sell-guard: sell window check: start=0935 end=1555 now=1227
2025-09-10 12:27:05,940 INFO sell-guard: [SG] ENPH: last=37.73 entry=39.06 pnl=-341 bps (tp=200 stop=100) hold=1414m lim=37.72 free=2 -> stop=True tp=False timeout=False
2025-09-10 12:27:05,955 DEBUG sell-guard: sell window check: start=0935 end=1555 now=1227
2025-09-10 12:27:06,129 ERROR sell-guard: ENPH ARM HARD STOP failed: etrade POST /accounts/kW8LbkuGisPCK9Ey7C8iWA/orders/preview.json -> 400: {'Error': {'code': 7, 'message': 'You did not specify a stop price. Please fill in the missing information and resubmit your order.'}}
2025-09-10 12:27:06,889 ERROR sell-guard: ENPH STOP MARKET fallback failed: etrade POST /accounts/kW8LbkuGisPCK9Ey7C8iWA/orders/place.json -> 500: {'Error': {'code': 100, 'message': 'The requested service is not currently available, please try after sometime.'}}
2025-09-10 12:27:09,468 INFO sell-guard: [SG] WBD: last=12.15 entry=12.21 pnl=-53 bps (tp=200 stop=100) hold=2661m lim=12.14 free=1 -> stop=False tp=False timeout=False
2025-09-10 12:27:09,470 DEBUG sell-guard: sell window check: start=0935 end=1555 now=1227
2025-09-10 12:27:09,474 INFO sell-guard: ⏱ heartbeat: loop alive (account=kW8LbkuGisPCK9Ey7C8iWA)
2025-09-10 12:27:09,475 INFO sell-guard: E*TRADE unstable; skipping tick (circuit open, 46s left)
2025-09-10 12:27:39,477 INFO sell-guard: ⏱ heartbeat: loop alive (account=kW8LbkuGisPCK9Ey7C8iWA)
2025-09-10 12:27:39,478 INFO sell-guard: E*TRADE unstable; skipping tick (circuit open, 16s left)
2025-09-10 12:28:09,483 INFO sell-guard: ⏱ heartbeat: loop alive (account=kW8LbkuGisPCK9Ey7C8iWA)
2025-09-10 12:28:09,968 INFO sell-guard: positions via get_positions -> 21 symbol(s)
2025-09-10 12:28:09,971 INFO sell-guard: Managing 7 symbol(s): CVS,SWKS,PCG,NCLH,IVZ,ENPH,WBD
2025-09-10 12:28:14,914 INFO sell-guard: [SG] CVS: last=72.72 entry=70.96 pnl=+248 bps (tp=200 stop=100) hold=1399m lim=72.71 free=1 -> stop=False tp=True timeout=False
2025-09-10 12:28:14,915 DEBUG sell-guard: sell window check: start=0935 end=1555 now=1228
2025-09-10 12:28:15,983 WARNING sell-guard: CVS SELL place 500/code100 (try 1/4), backing off 2.0s
2025-09-10 12:28:18,712 WARNING sell-guard: CVS SELL place 500/code100 (try 2/4), backing off 3.2s
2025-09-10 12:28:22,745 WARNING sell-guard: CVS SELL place 500/code100 (try 3/4), backing off 5.1s
2025-09-10 12:28:28,613 WARNING sell-guard: CVS SELL place 500/code100 (try 4/4), backing off 8.2s
2025-09-10 12:28:36,809 WARNING sell-guard: E*TRADE circuit OPEN for 60s due to repeated 500/code100
2025-09-10 12:28:36,810 ERROR sell-guard: CVS SELL_TARGET -> place failed after retries: etrade POST /accounts/kW8LbkuGisPCK9Ey7C8iWA/orders/place.json -> 500: {'Error': {'code': 100, 'message': 'The requested service is not currently available, please try after sometime.'}}
2025-09-10 12:28:39,749 INFO sell-guard: [SG] SWKS: last=72.53 entry=76.23 pnl=-485 bps (tp=200 stop=100) hold=1388m lim=72.49 free=1 -> stop=True tp=False timeout=False
2025-09-10 12:28:39,752 DEBUG sell-guard: sell window check: start=0935 end=1555 now=1228
2025-09-10 12:28:39,935 ERROR sell-guard: SWKS ARM HARD STOP failed: etrade POST /accounts/kW8LbkuGisPCK9Ey7C8iWA/orders/preview.json -> 400: {'Error': {'code': 7, 'message': 'You did not specify a stop price. Please fill in the missing information and resubmit your order.'}}
2025-09-10 12:28:40,691 ERROR sell-guard: SWKS STOP MARKET fallback failed: etrade POST /accounts/kW8LbkuGisPCK9Ey7C8iWA/orders/place.json -> 500: {'Error': {'code': 100, 'message': 'The requested service is not currently available, please try after sometime.'}}
2025-09-10 12:28:44,049 INFO sell-guard: [SG] PCG: last=15.33 entry=14.86 pnl=+316 bps (tp=200 stop=100) hold=1375m lim=15.34 free=1 -> stop=False tp=True timeout=False
2025-09-10 12:28:44,051 DEBUG sell-guard: sell window check: start=0935 end=1555 now=1228
2025-09-10 12:28:44,833 WARNING sell-guard: PCG SELL place 500/code100 (try 1/4), backing off 2.0s
2025-09-10 12:28:47,820 WARNING sell-guard: PCG SELL place 500/code100 (try 2/4), backing off 3.2s
2025-09-10 12:28:51,939 WARNING sell-guard: PCG SELL place 500/code100 (try 3/4), backing off 5.1s
2025-09-10 12:28:57,781 WARNING sell-guard: PCG SELL place 500/code100 (try 4/4), backing off 8.2s
2025-09-10 12:29:05,975 WARNING sell-guard: E*TRADE circuit OPEN for 60s due to repeated 500/code100
2025-09-10 12:29:05,976 ERROR sell-guard: PCG SELL_TARGET -> place failed after retries: etrade POST /accounts/kW8LbkuGisPCK9Ey7C8iWA/orders/place.json -> 500: {'Error': {'code': 100, 'message': 'The requested service is not currently available, please try after sometime.'}}
2025-09-10 12:29:08,784 INFO sell-guard: [SG] NCLH: last=24.81 entry=25.25 pnl=-174 bps (tp=200 stop=100) hold=1402m lim=24.81 free=3 -> stop=True tp=False timeout=False
2025-09-10 12:29:08,785 DEBUG sell-guard: sell window check: start=0935 end=1555 now=1229
2025-09-10 12:29:08,950 ERROR sell-guard: NCLH ARM HARD STOP failed: etrade POST /accounts/kW8LbkuGisPCK9Ey7C8iWA/orders/preview.json -> 400: {'Error': {'code': 7, 'message': 'You did not specify a stop price. Please fill in the missing information and resubmit your order.'}}
2025-09-10 12:29:09,806 ERROR sell-guard: NCLH STOP MARKET fallback failed: etrade POST /accounts/kW8LbkuGisPCK9Ey7C8iWA/orders/place.json -> 500: {'Error': {'code': 100, 'message': 'The requested service is not currently available, please try after sometime.'}}
2025-09-10 12:29:12,468 INFO sell-guard: [SG] IVZ: last=22.15 entry=22.35 pnl=-89 bps (tp=200 stop=100) hold=1422m lim=22.14 free=4 -> stop=False tp=False timeout=False
2025-09-10 12:29:12,469 DEBUG sell-guard: sell window check: start=0935 end=1555 now=1229
2025-09-10 12:29:16,125 INFO sell-guard: [SG] ENPH: last=37.61 entry=39.06 pnl=-371 bps (tp=200 stop=100) hold=1416m lim=37.62 free=2 -> stop=True tp=False timeout=False
2025-09-10 12:29:16,126 DEBUG sell-guard: sell window check: start=0935 end=1555 now=1229
2025-09-10 12:29:16,280 ERROR sell-guard: ENPH ARM HARD STOP failed: etrade POST /accounts/kW8LbkuGisPCK9Ey7C8iWA/orders/preview.json -> 400: {'Error': {'code': 7, 'message': 'You did not specify a stop price. Please fill in the missing information and resubmit your order.'}}
2025-09-10 12:29:17,007 ERROR sell-guard: ENPH STOP MARKET fallback failed: etrade POST /accounts/kW8LbkuGisPCK9Ey7C8iWA/orders/place.json -> 500: {'Error': {'code': 100, 'message': 'The requested service is not currently available, please try after sometime.'}}
2025-09-10 12:29:19,770 INFO sell-guard: [SG] WBD: last=12.13 entry=12.21 pnl=-61 bps (tp=200 stop=100) hold=2663m lim=12.13 free=1 -> stop=False tp=False timeout=False
2025-09-10 12:29:19,771 DEBUG sell-guard: sell window check: start=0935 end=1555 now=1229
2025-09-10 12:29:19,775 INFO sell-guard: ⏱ heartbeat: loop alive (account=kW8LbkuGisPCK9Ey7C8iWA)
2025-09-10 12:29:19,776 INFO sell-guard: E*TRADE unstable; skipping tick (circuit open, 46s left)
2025-09-10 12:29:49,778 INFO sell-guard: ⏱ heartbeat: loop alive (account=kW8LbkuGisPCK9Ey7C8iWA)
2025-09-10 12:29:49,779 INFO sell-guard: E*TRADE unstable; skipping tick (circuit open, 16s left)
2025-09-10 12:30:19,784 INFO sell-guard: ⏱ heartbeat: loop alive (account=kW8LbkuGisPCK9Ey7C8iWA)
2025-09-10 12:30:20,353 INFO sell-guard: positions via get_positions -> 21 symbol(s)
2025-09-10 12:30:20,354 INFO sell-guard: Managing 7 symbol(s): CVS,SWKS,PCG,NCLH,IVZ,ENPH,WBD
2025-09-10 12:30:25,741 INFO sell-guard: [SG] CVS: last=72.75 entry=70.96 pnl=+252 bps (tp=200 stop=100) hold=1401m lim=72.74 free=1 -> stop=False tp=True timeout=False
2025-09-10 12:30:25,742 DEBUG sell-guard: sell window check: start=0935 end=1555 now=1230
2025-09-10 12:30:26,680 WARNING sell-guard: CVS SELL place 500/code100 (try 1/4), backing off 2.0s
2025-09-10 12:30:29,626 WARNING sell-guard: CVS SELL place 500/code100 (try 2/4), backing off 3.2s
2025-09-10 12:30:33,654 WARNING sell-guard: CVS SELL place 500/code100 (try 3/4), backing off 5.1s
2025-09-10 12:30:39,629 WARNING sell-guard: CVS SELL place 500/code100 (try 4/4), backing off 8.2s
2025-09-10 12:30:47,823 WARNING sell-guard: E*TRADE circuit OPEN for 60s due to repeated 500/code100
2025-09-10 12:30:47,823 ERROR sell-guard: CVS SELL_TARGET -> place failed after retries: etrade POST /accounts/kW8LbkuGisPCK9Ey7C8iWA/orders/place.json -> 500: {'Error': {'code': 100, 'message': 'The requested service is not currently available, please try after sometime.'}}
2025-09-10 12:30:51,113 INFO sell-guard: [SG] SWKS: last=72.56 entry=76.23 pnl=-481 bps (tp=200 stop=100) hold=1390m lim=72.54 free=1 -> stop=True tp=False timeout=False
2025-09-10 12:30:51,114 DEBUG sell-guard: sell window check: start=0935 end=1555 now=1230
2025-09-10 12:30:51,554 ERROR sell-guard: SWKS ARM HARD STOP failed: etrade POST /accounts/kW8LbkuGisPCK9Ey7C8iWA/orders/preview.json -> 400: {'Error': {'code': 7, 'message': 'You did not specify a stop price. Please fill in the missing information and resubmit your order.'}}
2025-09-10 12:30:52,526 ERROR sell-guard: SWKS STOP MARKET fallback failed: etrade POST /accounts/kW8LbkuGisPCK9Ey7C8iWA/orders/place.json -> 500: {'Error': {'code': 100, 'message': 'The requested service is not currently available, please try after sometime.'}}
2025-09-10 12:30:55,653 INFO sell-guard: [SG] PCG: last=15.39 entry=14.86 pnl=+360 bps (tp=200 stop=100) hold=1377m lim=15.39 free=1 -> stop=False tp=True timeout=False
2025-09-10 12:30:55,653 DEBUG sell-guard: sell window check: start=0935 end=1555 now=1230
2025-09-10 12:30:56,672 WARNING sell-guard: PCG SELL place 500/code100 (try 1/4), backing off 2.0s
2025-09-10 12:30:59,793 WARNING sell-guard: PCG SELL place 500/code100 (try 2/4), backing off 3.2s
2025-09-10 12:31:03,975 WARNING sell-guard: PCG SELL place 500/code100 (try 3/4), backing off 5.1s
2025-09-10 12:31:10,160 WARNING sell-guard: PCG SELL place 500/code100 (try 4/4), backing off 8.2s
2025-09-10 12:31:18,353 WARNING sell-guard: E*TRADE circuit OPEN for 60s due to repeated 500/code100
2025-09-10 12:31:18,354 ERROR sell-guard: PCG SELL_TARGET -> place failed after retries: etrade POST /accounts/kW8LbkuGisPCK9Ey7C8iWA/orders/place.json -> 500: {'Error': {'code': 100, 'message': 'The requested service is not currently available, please try after sometime.'}}
2025-09-10 12:31:22,885 INFO sell-guard: [SG] NCLH: last=24.79 entry=25.25 pnl=-183 bps (tp=200 stop=100) hold=1404m lim=24.78 free=3 -> stop=True tp=False timeout=False
2025-09-10 12:31:22,892 DEBUG sell-guard: sell window check: start=0935 end=1555 now=1231
2025-09-10 12:31:23,030 ERROR sell-guard: NCLH ARM HARD STOP failed: etrade POST /accounts/kW8LbkuGisPCK9Ey7C8iWA/orders/preview.json -> 400: {'Error': {'code': 7, 'message': 'You did not specify a stop price. Please fill in the missing information and resubmit your order.'}}
2025-09-10 12:31:23,791 ERROR sell-guard: NCLH STOP MARKET fallback failed: etrade POST /accounts/kW8LbkuGisPCK9Ey7C8iWA/orders/place.json -> 500: {'Error': {'code': 100, 'message': 'The requested service is not currently available, please try after sometime.'}}
2025-09-10 12:31:27,201 INFO sell-guard: [SG] IVZ: last=22.13 entry=22.35 pnl=-98 bps (tp=200 stop=100) hold=1425m lim=22.13 free=4 -> stop=False tp=False timeout=False
2025-09-10 12:31:27,202 DEBUG sell-guard: sell window check: start=0935 end=1555 now=1231
2025-09-10 12:31:30,641 INFO sell-guard: [SG] ENPH: last=37.55 entry=39.06 pnl=-387 bps (tp=200 stop=100) hold=1418m lim=37.54 free=2 -> stop=True tp=False timeout=False
2025-09-10 12:31:30,642 DEBUG sell-guard: sell window check: start=0935 end=1555 now=1231
2025-09-10 12:31:30,769 ERROR sell-guard: ENPH ARM HARD STOP failed: etrade POST /accounts/kW8LbkuGisPCK9Ey7C8iWA/orders/preview.json -> 400: {'Error': {'code': 7, 'message': 'You did not specify a stop price. Please fill in the missing information and resubmit your order.'}}
2025-09-10 12:31:31,640 ERROR sell-guard: ENPH STOP MARKET fallback failed: etrade POST /accounts/kW8LbkuGisPCK9Ey7C8iWA/orders/place.json -> 500: {'Error': {'code': 100, 'message': 'The requested service is not currently available, please try after sometime.'}}
2025-09-10 12:31:34,977 INFO sell-guard: [SG] WBD: last=12.14 entry=12.21 pnl=-53 bps (tp=200 stop=100) hold=2665m lim=12.14 free=1 -> stop=False tp=False timeout=False
2025-09-10 12:31:35,033 DEBUG sell-guard: sell window check: start=0935 end=1555 now=1231
2025-09-10 12:31:35,413 INFO sell-guard: ⏱ heartbeat: loop alive (account=kW8LbkuGisPCK9Ey7C8iWA)
2025-09-10 12:31:35,415 INFO sell-guard: E*TRADE unstable; skipping tick (circuit open, 42s left)
2025-09-10 12:32:05,420 INFO sell-guard: ⏱ heartbeat: loop alive (account=kW8LbkuGisPCK9Ey7C8iWA)
2025-09-10 12:32:05,422 INFO sell-guard: E*TRADE unstable; skipping tick (circuit open, 12s left)
2025-09-10 12:32:35,425 INFO sell-guard: ⏱ heartbeat: loop alive (account=kW8LbkuGisPCK9Ey7C8iWA)
2025-09-10 12:32:35,935 INFO sell-guard: positions via get_positions -> 21 symbol(s)
2025-09-10 12:32:35,937 INFO sell-guard: Managing 7 symbol(s): CVS,SWKS,PCG,NCLH,IVZ,ENPH,WBD
2025-09-10 12:32:41,048 INFO sell-guard: [SG] CVS: last=72.68 entry=70.96 pnl=+242 bps (tp=200 stop=100) hold=1403m lim=72.67 free=1 -> stop=False tp=True timeout=False
2025-09-10 12:32:41,050 DEBUG sell-guard: sell window check: start=0935 end=1555 now=1232
2025-09-10 12:32:41,900 WARNING sell-guard: CVS SELL place 500/code100 (try 1/4), backing off 2.0s
2025-09-10 12:32:44,707 WARNING sell-guard: CVS SELL place 500/code100 (try 2/4), backing off 3.2s
2025-09-10 12:32:48,890 WARNING sell-guard: CVS SELL place 500/code100 (try 3/4), backing off 5.1s
2025-09-10 12:32:54,866 WARNING sell-guard: CVS SELL place 500/code100 (try 4/4), backing off 8.2s
2025-09-10 12:33:03,061 WARNING sell-guard: E*TRADE circuit OPEN for 60s due to repeated 500/code100
2025-09-10 12:33:03,062 ERROR sell-guard: CVS SELL_TARGET -> place failed after retries: etrade POST /accounts/kW8LbkuGisPCK9Ey7C8iWA/orders/place.json -> 500: {'Error': {'code': 100, 'message': 'The requested service is not currently available, please try after sometime.'}}
2025-09-10 12:33:06,322 INFO sell-guard: [SG] SWKS: last=72.50 entry=76.23 pnl=-489 bps (tp=200 stop=100) hold=1393m lim=72.48 free=1 -> stop=True tp=False timeout=False
2025-09-10 12:33:06,324 DEBUG sell-guard: sell window check: start=0935 end=1555 now=1233
2025-09-10 12:33:06,574 ERROR sell-guard: SWKS ARM HARD STOP failed: etrade POST /accounts/kW8LbkuGisPCK9Ey7C8iWA/orders/preview.json -> 400: {'Error': {'code': 7, 'message': 'You did not specify a stop price. Please fill in the missing information and resubmit your order.'}}
2025-09-10 12:33:07,449 ERROR sell-guard: SWKS STOP MARKET fallback failed: etrade POST /accounts/kW8LbkuGisPCK9Ey7C8iWA/orders/place.json -> 500: {'Error': {'code': 100, 'message': 'The requested service is not currently available, please try after sometime.'}}
2025-09-10 12:33:10,475 INFO sell-guard: [SG] PCG: last=15.45 entry=14.86 pnl=+394 bps (tp=200 stop=100) hold=1379m lim=15.44 free=1 -> stop=False tp=True timeout=False
2025-09-10 12:33:10,476 DEBUG sell-guard: sell window check: start=0935 end=1555 now=1233
2025-09-10 12:33:11,394 WARNING sell-guard: PCG SELL place 500/code100 (try 1/4), backing off 2.0s
2025-09-10 12:33:14,223 WARNING sell-guard: PCG SELL place 500/code100 (try 2/4), backing off 3.2s
2025-09-10 12:33:18,331 WARNING sell-guard: PCG SELL place 500/code100 (try 3/4), backing off 5.1s
2025-09-10 12:33:24,280 WARNING sell-guard: PCG SELL place 500/code100 (try 4/4), backing off 8.2s
2025-09-10 12:33:32,474 WARNING sell-guard: E*TRADE circuit OPEN for 60s due to repeated 500/code100
2025-09-10 12:33:32,475 ERROR sell-guard: PCG SELL_TARGET -> place failed after retries: etrade POST /accounts/kW8LbkuGisPCK9Ey7C8iWA/orders/place.json -> 500: {'Error': {'code': 100, 'message': 'The requested service is not currently available, please try after sometime.'}}
2025-09-10 12:33:35,728 INFO sell-guard: [SG] NCLH: last=24.79 entry=25.25 pnl=-180 bps (tp=200 stop=100) hold=1406m lim=24.79 free=3 -> stop=True tp=False timeout=False
2025-09-10 12:33:35,730 DEBUG sell-guard: sell window check: start=0935 end=1555 now=1233
2025-09-10 12:33:35,873 ERROR sell-guard: NCLH ARM HARD STOP failed: etrade POST /accounts/kW8LbkuGisPCK9Ey7C8iWA/orders/preview.json -> 400: {'Error': {'code': 7, 'message': 'You did not specify a stop price. Please fill in the missing information and resubmit your order.'}}
2025-09-10 12:33:36,760 ERROR sell-guard: NCLH STOP MARKET fallback failed: etrade POST /accounts/kW8LbkuGisPCK9Ey7C8iWA/orders/place.json -> 500: {'Error': {'code': 100, 'message': 'The requested service is not currently available, please try after sometime.'}}
2025-09-10 12:33:39,973 INFO sell-guard: [SG] IVZ: last=22.16 entry=22.35 pnl=-87 bps (tp=200 stop=100) hold=1427m lim=22.15 free=4 -> stop=False tp=False timeout=False
2025-09-10 12:33:39,974 DEBUG sell-guard: sell window check: start=0935 end=1555 now=1233
2025-09-10 12:33:43,008 INFO sell-guard: [SG] ENPH: last=37.57 entry=39.06 pnl=-381 bps (tp=200 stop=100) hold=1420m lim=37.57 free=2 -> stop=True tp=False timeout=False
2025-09-10 12:33:43,009 DEBUG sell-guard: sell window check: start=0935 end=1555 now=1233
2025-09-10 12:33:43,134 ERROR sell-guard: ENPH ARM HARD STOP failed: etrade POST /accounts/kW8LbkuGisPCK9Ey7C8iWA/orders/preview.json -> 400: {'Error': {'code': 7, 'message': 'You did not specify a stop price. Please fill in the missing information and resubmit your order.'}}
2025-09-10 12:33:44,059 ERROR sell-guard: ENPH STOP MARKET fallback failed: etrade POST /accounts/kW8LbkuGisPCK9Ey7C8iWA/orders/place.json -> 500: {'Error': {'code': 100, 'message': 'The requested service is not currently available, please try after sometime.'}}
2025-09-10 12:33:47,226 INFO sell-guard: [SG] WBD: last=12.18 entry=12.21 pnl=-29 bps (tp=200 stop=100) hold=2667m lim=12.17 free=1 -> stop=False tp=False timeout=False
2025-09-10 12:33:47,240 DEBUG sell-guard: sell window check: start=0935 end=1555 now=1233
2025-09-10 12:33:47,299 INFO sell-guard: ⏱ heartbeat: loop alive (account=kW8LbkuGisPCK9Ey7C8iWA)
2025-09-10 12:33:47,310 INFO sell-guard: E*TRADE unstable; skipping tick (circuit open, 45s left)
2025-09-10 12:34:17,394 INFO sell-guard: ⏱ heartbeat: loop alive (account=kW8LbkuGisPCK9Ey7C8iWA)
2025-09-10 12:34:17,394 INFO sell-guard: E*TRADE unstable; skipping tick (circuit open, 15s left)
2025-09-10 12:34:47,400 INFO sell-guard: ⏱ heartbeat: loop alive (account=kW8LbkuGisPCK9Ey7C8iWA)
2025-09-10 12:34:48,319 INFO sell-guard: positions via get_positions -> 21 symbol(s)
2025-09-10 12:34:48,320 INFO sell-guard: Managing 7 symbol(s): CVS,SWKS,PCG,NCLH,IVZ,ENPH,WBD
2025-09-10 12:34:53,353 INFO sell-guard: [SG] CVS: last=72.60 entry=70.96 pnl=+231 bps (tp=200 stop=100) hold=1406m lim=72.58 free=1 -> stop=False tp=True timeout=False
2025-09-10 12:34:53,355 DEBUG sell-guard: sell window check: start=0935 end=1555 now=1234
2025-09-10 12:34:54,102 WARNING sell-guard: CVS SELL place 500/code100 (try 1/4), backing off 2.0s
2025-09-10 12:34:57,028 WARNING sell-guard: CVS SELL place 500/code100 (try 2/4), backing off 3.2s
2025-09-10 12:35:01,284 WARNING sell-guard: CVS SELL place 500/code100 (try 3/4), backing off 5.1s
2025-09-10 12:35:07,402 WARNING sell-guard: CVS SELL place 500/code100 (try 4/4), backing off 8.2s
2025-09-10 12:35:15,596 WARNING sell-guard: E*TRADE circuit OPEN for 60s due to repeated 500/code100
2025-09-10 12:35:15,616 ERROR sell-guard: CVS SELL_TARGET -> place failed after retries: etrade POST /accounts/kW8LbkuGisPCK9Ey7C8iWA/orders/place.json -> 500: {'Error': {'code': 100, 'message': 'The requested service is not currently available, please try after sometime.'}}
2025-09-10 12:35:18,908 INFO sell-guard: [SG] SWKS: last=72.50 entry=76.23 pnl=-489 bps (tp=200 stop=100) hold=1395m lim=72.49 free=1 -> stop=True tp=False timeout=False
2025-09-10 12:35:18,911 DEBUG sell-guard: sell window check: start=0935 end=1555 now=1235
2025-09-10 12:35:19,044 ERROR sell-guard: SWKS ARM HARD STOP failed: etrade POST /accounts/kW8LbkuGisPCK9Ey7C8iWA/orders/preview.json -> 400: {'Error': {'code': 7, 'message': 'You did not specify a stop price. Please fill in the missing information and resubmit your order.'}}
2025-09-10 12:35:19,922 ERROR sell-guard: SWKS STOP MARKET fallback failed: etrade POST /accounts/kW8LbkuGisPCK9Ey7C8iWA/orders/place.json -> 500: {'Error': {'code': 100, 'message': 'The requested service is not currently available, please try after sometime.'}}
2025-09-10 12:35:23,049 INFO sell-guard: [SG] PCG: last=15.44 entry=14.86 pnl=+390 bps (tp=200 stop=100) hold=1381m lim=15.43 free=1 -> stop=False tp=True timeout=False
2025-09-10 12:35:23,050 DEBUG sell-guard: sell window check: start=0935 end=1555 now=1235
2025-09-10 12:35:24,025 WARNING sell-guard: PCG SELL place 500/code100 (try 1/4), backing off 2.0s
2025-09-10 12:35:27,130 WARNING sell-guard: PCG SELL place 500/code100 (try 2/4), backing off 3.2s
2025-09-10 12:35:31,510 WARNING sell-guard: PCG SELL place 500/code100 (try 3/4), backing off 5.1s
2025-09-10 12:35:37,380 WARNING sell-guard: PCG SELL place 500/code100 (try 4/4), backing off 8.2s
2025-09-10 12:35:45,575 WARNING sell-guard: E*TRADE circuit OPEN for 60s due to repeated 500/code100
2025-09-10 12:35:45,576 ERROR sell-guard: PCG SELL_TARGET -> place failed after retries: etrade POST /accounts/kW8LbkuGisPCK9Ey7C8iWA/orders/place.json -> 500: {'Error': {'code': 100, 'message': 'The requested service is not currently available, please try after sometime.'}}
2025-09-10 12:35:48,932 INFO sell-guard: [SG] NCLH: last=24.80 entry=25.25 pnl=-176 bps (tp=200 stop=100) hold=1408m lim=24.80 free=3 -> stop=True tp=False timeout=False
2025-09-10 12:35:48,933 DEBUG sell-guard: sell window check: start=0935 end=1555 now=1235
2025-09-10 12:35:49,172 ERROR sell-guard: NCLH ARM HARD STOP failed: etrade POST /accounts/kW8LbkuGisPCK9Ey7C8iWA/orders/preview.json -> 400: {'Error': {'code': 7, 'message': 'You did not specify a stop price. Please fill in the missing information and resubmit your order.'}}
2025-09-10 12:35:50,043 ERROR sell-guard: NCLH STOP MARKET fallback failed: etrade POST /accounts/kW8LbkuGisPCK9Ey7C8iWA/orders/place.json -> 500: {'Error': {'code': 100, 'message': 'The requested service is not currently available, please try after sometime.'}}
2025-09-10 12:35:52,978 INFO sell-guard: [SG] IVZ: last=22.16 entry=22.35 pnl=-87 bps (tp=200 stop=100) hold=1429m lim=22.14 free=4 -> stop=False tp=False timeout=False
2025-09-10 12:35:52,980 DEBUG sell-guard: sell window check: start=0935 end=1555 now=1235
2025-09-10 12:35:56,093 INFO sell-guard: [SG] ENPH: last=37.50 entry=39.06 pnl=-399 bps (tp=200 stop=100) hold=1422m lim=37.49 free=2 -> stop=True tp=False timeout=False
2025-09-10 12:35:56,095 DEBUG sell-guard: sell window check: start=0935 end=1555 now=1235
2025-09-10 12:35:56,250 ERROR sell-guard: ENPH ARM HARD STOP failed: etrade POST /accounts/kW8LbkuGisPCK9Ey7C8iWA/orders/preview.json -> 400: {'Error': {'code': 7, 'message': 'You did not specify a stop price. Please fill in the missing information and resubmit your order.'}}
2025-09-10 12:35:57,063 ERROR sell-guard: ENPH STOP MARKET fallback failed: etrade POST /accounts/kW8LbkuGisPCK9Ey7C8iWA/orders/place.json -> 500: {'Error': {'code': 100, 'message': 'The requested service is not currently available, please try after sometime.'}}
2025-09-10 12:35:59,578 INFO sell-guard: [SG] WBD: last=12.14 entry=12.21 pnl=-53 bps (tp=200 stop=100) hold=? lim=12.14 free=1 -> stop=False tp=False timeout=False
2025-09-10 12:35:59,578 DEBUG sell-guard: sell window check: start=0935 end=1555 now=1235
2025-09-10 12:35:59,581 INFO sell-guard: ⏱ heartbeat: loop alive (account=kW8LbkuGisPCK9Ey7C8iWA)
2025-09-10 12:35:59,582 INFO sell-guard: E*TRADE unstable; skipping tick (circuit open, 45s left)
2025-09-10 12:36:29,583 INFO sell-guard: ⏱ heartbeat: loop alive (account=kW8LbkuGisPCK9Ey7C8iWA)
2025-09-10 12:36:29,584 INFO sell-guard: E*TRADE unstable; skipping tick (circuit open, 15s left)
2025-09-10 12:36:59,588 INFO sell-guard: ⏱ heartbeat: loop alive (account=kW8LbkuGisPCK9Ey7C8iWA)
2025-09-10 12:37:00,118 INFO sell-guard: positions via get_positions -> 21 symbol(s)
2025-09-10 12:37:00,119 INFO sell-guard: Managing 7 symbol(s): CVS,SWKS,PCG,NCLH,IVZ,ENPH,WBD
2025-09-10 12:37:05,432 INFO sell-guard: [SG] CVS: last=72.58 entry=70.96 pnl=+228 bps (tp=200 stop=100) hold=1408m lim=72.56 free=1 -> stop=False tp=True timeout=False
2025-09-10 12:37:05,433 DEBUG sell-guard: sell window check: start=0935 end=1555 now=1237
2025-09-10 12:37:06,371 WARNING sell-guard: CVS SELL place 500/code100 (try 1/4), backing off 2.0s
2025-09-10 12:37:09,316 WARNING sell-guard: CVS SELL place 500/code100 (try 2/4), backing off 3.2s
2025-09-10 12:37:13,421 WARNING sell-guard: CVS SELL place 500/code100 (try 3/4), backing off 5.1s
2025-09-10 12:37:19,434 WARNING sell-guard: CVS SELL place 500/code100 (try 4/4), backing off 8.2s
2025-09-10 12:37:27,627 WARNING sell-guard: E*TRADE circuit OPEN for 60s due to repeated 500/code100
2025-09-10 12:37:27,628 ERROR sell-guard: CVS SELL_TARGET -> place failed after retries: etrade POST /accounts/kW8LbkuGisPCK9Ey7C8iWA/orders/place.json -> 500: {'Error': {'code': 100, 'message': 'The requested service is not currently available, please try after sometime.'}}
2025-09-10 12:37:30,668 INFO sell-guard: [SG] SWKS: last=72.52 entry=76.23 pnl=-487 bps (tp=200 stop=100) hold=1397m lim=72.50 free=1 -> stop=True tp=False timeout=False
2025-09-10 12:37:30,670 DEBUG sell-guard: sell window check: start=0935 end=1555 now=1237
2025-09-10 12:37:30,808 ERROR sell-guard: SWKS ARM HARD STOP failed: etrade POST /accounts/kW8LbkuGisPCK9Ey7C8iWA/orders/preview.json -> 400: {'Error': {'code': 7, 'message': 'You did not specify a stop price. Please fill in the missing information and resubmit your order.'}}
2025-09-10 12:37:31,599 ERROR sell-guard: SWKS STOP MARKET fallback failed: etrade POST /accounts/kW8LbkuGisPCK9Ey7C8iWA/orders/place.json -> 500: {'Error': {'code': 100, 'message': 'The requested service is not currently available, please try after sometime.'}}
2025-09-10 12:37:34,776 INFO sell-guard: [SG] PCG: last=15.47 entry=14.86 pnl=+414 bps (tp=200 stop=100) hold=1383m lim=15.46 free=1 -> stop=False tp=True timeout=False
2025-09-10 12:37:34,777 DEBUG sell-guard: sell window check: start=0935 end=1555 now=1237
2025-09-10 12:37:35,698 WARNING sell-guard: PCG SELL place 500/code100 (try 1/4), backing off 2.0s
2025-09-10 12:37:38,476 WARNING sell-guard: PCG SELL place 500/code100 (try 2/4), backing off 3.2s
2025-09-10 12:37:42,509 WARNING sell-guard: PCG SELL place 500/code100 (try 3/4), backing off 5.1s
2025-09-10 12:37:48,462 WARNING sell-guard: PCG SELL place 500/code100 (try 4/4), backing off 8.2s
2025-09-10 12:37:56,657 WARNING sell-guard: E*TRADE circuit OPEN for 60s due to repeated 500/code100
2025-09-10 12:37:56,657 ERROR sell-guard: PCG SELL_TARGET -> place failed after retries: etrade POST /accounts/kW8LbkuGisPCK9Ey7C8iWA/orders/place.json -> 500: {'Error': {'code': 100, 'message': 'The requested service is not currently available, please try after sometime.'}}
2025-09-10 12:37:59,867 INFO sell-guard: [SG] NCLH: last=24.88 entry=25.25 pnl=-148 bps (tp=200 stop=100) hold=1410m lim=24.87 free=3 -> stop=True tp=False timeout=False
2025-09-10 12:37:59,868 DEBUG sell-guard: sell window check: start=0935 end=1555 now=1237
2025-09-10 12:38:00,098 ERROR sell-guard: NCLH ARM HARD STOP failed: etrade POST /accounts/kW8LbkuGisPCK9Ey7C8iWA/orders/preview.json -> 400: {'Error': {'code': 7, 'message': 'You did not specify a stop price. Please fill in the missing information and resubmit your order.'}}
2025-09-10 12:38:01,023 ERROR sell-guard: NCLH STOP MARKET fallback failed: etrade POST /accounts/kW8LbkuGisPCK9Ey7C8iWA/orders/place.json -> 500: {'Error': {'code': 100, 'message': 'The requested service is not currently available, please try after sometime.'}}
2025-09-10 12:38:03,936 INFO sell-guard: [SG] IVZ: last=22.16 entry=22.35 pnl=-83 bps (tp=200 stop=100) hold=1431m lim=22.16 free=4 -> stop=False tp=False timeout=False
2025-09-10 12:38:03,938 DEBUG sell-guard: sell window check: start=0935 end=1555 now=1238
2025-09-10 12:38:07,142 INFO sell-guard: [SG] ENPH: last=37.56 entry=39.06 pnl=-384 bps (tp=200 stop=100) hold=1425m lim=37.54 free=2 -> stop=True tp=False timeout=False
2025-09-10 12:38:07,144 DEBUG sell-guard: sell window check: start=0935 end=1555 now=1238
2025-09-10 12:38:07,277 ERROR sell-guard: ENPH ARM HARD STOP failed: etrade POST /accounts/kW8LbkuGisPCK9Ey7C8iWA/orders/preview.json -> 400: {'Error': {'code': 7, 'message': 'You did not specify a stop price. Please fill in the missing information and resubmit your order.'}}
2025-09-10 12:38:08,055 ERROR sell-guard: ENPH STOP MARKET fallback failed: etrade POST /accounts/kW8LbkuGisPCK9Ey7C8iWA/orders/place.json -> 500: {'Error': {'code': 100, 'message': 'The requested service is not currently available, please try after sometime.'}}
2025-09-10 12:38:10,996 INFO sell-guard: [SG] WBD: last=12.18 entry=12.21 pnl=-29 bps (tp=200 stop=100) hold=2672m lim=12.17 free=1 -> stop=False tp=False timeout=False
2025-09-10 12:38:10,997 DEBUG sell-guard: sell window check: start=0935 end=1555 now=1238
2025-09-10 12:38:11,000 INFO sell-guard: ⏱ heartbeat: loop alive (account=kW8LbkuGisPCK9Ey7C8iWA)
2025-09-10 12:38:11,000 INFO sell-guard: E*TRADE unstable; skipping tick (circuit open, 45s left)
2025-09-10 12:38:41,002 INFO sell-guard: ⏱ heartbeat: loop alive (account=kW8LbkuGisPCK9Ey7C8iWA)
2025-09-10 12:38:41,002 INFO sell-guard: E*TRADE unstable; skipping tick (circuit open, 15s left)
2025-09-10 12:39:11,007 INFO sell-guard: ⏱ heartbeat: loop alive (account=kW8LbkuGisPCK9Ey7C8iWA)
2025-09-10 12:39:11,521 INFO sell-guard: positions via get_positions -> 21 symbol(s)
2025-09-10 12:39:11,522 INFO sell-guard: Managing 7 symbol(s): CVS,SWKS,PCG,NCLH,IVZ,ENPH,WBD
2025-09-10 12:39:17,152 INFO sell-guard: [SG] CVS: last=72.62 entry=70.96 pnl=+234 bps (tp=200 stop=100) hold=1410m lim=72.61 free=1 -> stop=False tp=True timeout=False
2025-09-10 12:39:17,153 DEBUG sell-guard: sell window check: start=0935 end=1555 now=1239
2025-09-10 12:39:18,136 WARNING sell-guard: CVS SELL place 500/code100 (try 1/4), backing off 2.0s
2025-09-10 12:39:21,073 WARNING sell-guard: CVS SELL place 500/code100 (try 2/4), backing off 3.2s
2025-09-10 12:39:25,384 WARNING sell-guard: CVS SELL place 500/code100 (try 3/4), backing off 5.1s
2025-09-10 12:39:31,638 WARNING sell-guard: CVS SELL place 500/code100 (try 4/4), backing off 8.2s
2025-09-10 12:39:39,831 WARNING sell-guard: E*TRADE circuit OPEN for 60s due to repeated 500/code100
2025-09-10 12:39:39,832 ERROR sell-guard: CVS SELL_TARGET -> place failed after retries: etrade POST /accounts/kW8LbkuGisPCK9Ey7C8iWA/orders/place.json -> 500: {'Error': {'code': 100, 'message': 'The requested service is not currently available, please try after sometime.'}}
2025-09-10 12:39:42,986 INFO sell-guard: [SG] SWKS: last=72.49 entry=76.23 pnl=-491 bps (tp=200 stop=100) hold=1399m lim=72.47 free=1 -> stop=True tp=False timeout=False
2025-09-10 12:39:42,987 DEBUG sell-guard: sell window check: start=0935 end=1555 now=1239
2025-09-10 12:39:43,140 ERROR sell-guard: SWKS ARM HARD STOP failed: etrade POST /accounts/kW8LbkuGisPCK9Ey7C8iWA/orders/preview.json -> 400: {'Error': {'code': 7, 'message': 'You did not specify a stop price. Please fill in the missing information and resubmit your order.'}}
2025-09-10 12:39:43,916 ERROR sell-guard: SWKS STOP MARKET fallback failed: etrade POST /accounts/kW8LbkuGisPCK9Ey7C8iWA/orders/place.json -> 500: {'Error': {'code': 100, 'message': 'The requested service is not currently available, please try after sometime.'}}
2025-09-10 12:39:46,932 INFO sell-guard: [SG] PCG: last=15.54 entry=14.86 pnl=+461 bps (tp=200 stop=100) hold=1386m lim=15.54 free=1 -> stop=False tp=True timeout=False
2025-09-10 12:39:46,933 DEBUG sell-guard: sell window check: start=0935 end=1555 now=1239
2025-09-10 12:39:47,850 WARNING sell-guard: PCG SELL place 500/code100 (try 1/4), backing off 2.0s
2025-09-10 12:39:50,619 WARNING sell-guard: PCG SELL place 500/code100 (try 2/4), backing off 3.2s
2025-09-10 12:39:54,747 WARNING sell-guard: PCG SELL place 500/code100 (try 3/4), backing off 5.1s
2025-09-10 12:40:00,912 WARNING sell-guard: PCG SELL place 500/code100 (try 4/4), backing off 8.2s
2025-09-10 12:40:09,107 WARNING sell-guard: E*TRADE circuit OPEN for 60s due to repeated 500/code100
2025-09-10 12:40:09,107 ERROR sell-guard: PCG SELL_TARGET -> place failed after retries: etrade POST /accounts/kW8LbkuGisPCK9Ey7C8iWA/orders/place.json -> 500: {'Error': {'code': 100, 'message': 'The requested service is not currently available, please try after sometime.'}}
2025-09-10 12:40:12,083 INFO sell-guard: [SG] NCLH: last=24.87 entry=25.25 pnl=-150 bps (tp=200 stop=100) hold=1413m lim=24.86 free=3 -> stop=True tp=False timeout=False
2025-09-10 12:40:12,085 DEBUG sell-guard: sell window check: start=0935 end=1555 now=1240
2025-09-10 12:40:12,505 ERROR sell-guard: NCLH ARM HARD STOP failed: etrade POST /accounts/kW8LbkuGisPCK9Ey7C8iWA/orders/preview.json -> 400: {'Error': {'code': 7, 'message': 'You did not specify a stop price. Please fill in the missing information and resubmit your order.'}}
2025-09-10 12:40:13,395 ERROR sell-guard: NCLH STOP MARKET fallback failed: etrade POST /accounts/kW8LbkuGisPCK9Ey7C8iWA/orders/place.json -> 500: {'Error': {'code': 100, 'message': 'The requested service is not currently available, please try after sometime.'}}
2025-09-10 12:40:16,475 INFO sell-guard: [SG] IVZ: last=22.17 entry=22.35 pnl=-81 bps (tp=200 stop=100) hold=1433m lim=22.17 free=4 -> stop=False tp=False timeout=False
2025-09-10 12:40:16,476 DEBUG sell-guard: sell window check: start=0935 end=1555 now=1240
2025-09-10 12:40:19,835 INFO sell-guard: [SG] ENPH: last=37.52 entry=39.06 pnl=-394 bps (tp=200 stop=100) hold=1427m lim=37.52 free=2 -> stop=True tp=False timeout=False
2025-09-10 12:40:19,836 DEBUG sell-guard: sell window check: start=0935 end=1555 now=1240
2025-09-10 12:40:19,969 ERROR sell-guard: ENPH ARM HARD STOP failed: etrade POST /accounts/kW8LbkuGisPCK9Ey7C8iWA/orders/preview.json -> 400: {'Error': {'code': 7, 'message': 'You did not specify a stop price. Please fill in the missing information and resubmit your order.'}}
2025-09-10 12:40:20,812 ERROR sell-guard: ENPH STOP MARKET fallback failed: etrade POST /accounts/kW8LbkuGisPCK9Ey7C8iWA/orders/place.json -> 500: {'Error': {'code': 100, 'message': 'The requested service is not currently available, please try after sometime.'}}
2025-09-10 12:40:24,072 INFO sell-guard: [SG] WBD: last=12.18 entry=12.21 pnl=-25 bps (tp=200 stop=100) hold=2674m lim=12.18 free=1 -> stop=False tp=False timeout=False
2025-09-10 12:40:24,073 DEBUG sell-guard: sell window check: start=0935 end=1555 now=1240
2025-09-10 12:40:24,075 INFO sell-guard: ⏱ heartbeat: loop alive (account=kW8LbkuGisPCK9Ey7C8iWA)
2025-09-10 12:40:24,076 INFO sell-guard: E*TRADE unstable; skipping tick (circuit open, 45s left)
2025-09-10 12:40:54,135 INFO sell-guard: ⏱ heartbeat: loop alive (account=kW8LbkuGisPCK9Ey7C8iWA)
2025-09-10 12:40:54,145 INFO sell-guard: E*TRADE unstable; skipping tick (circuit open, 14s left)
2025-09-10 12:41:24,150 INFO sell-guard: ⏱ heartbeat: loop alive (account=kW8LbkuGisPCK9Ey7C8iWA)
2025-09-10 12:41:24,750 INFO sell-guard: positions via get_positions -> 21 symbol(s)
2025-09-10 12:41:24,751 INFO sell-guard: Managing 7 symbol(s): CVS,SWKS,PCG,NCLH,IVZ,ENPH,WBD
2025-09-10 12:41:29,874 INFO sell-guard: [SG] CVS: last=72.55 entry=70.96 pnl=+224 bps (tp=200 stop=100) hold=1412m lim=72.55 free=1 -> stop=False tp=True timeout=False
2025-09-10 12:41:29,876 DEBUG sell-guard: sell window check: start=0935 end=1555 now=1241
2025-09-10 12:41:30,734 WARNING sell-guard: CVS SELL place 500/code100 (try 1/4), backing off 2.0s
2025-09-10 12:41:33,600 WARNING sell-guard: CVS SELL place 500/code100 (try 2/4), backing off 3.2s
2025-09-10 12:41:37,550 WARNING sell-guard: CVS SELL place 500/code100 (try 3/4), backing off 5.1s
2025-09-10 12:41:43,651 WARNING sell-guard: CVS SELL place 500/code100 (try 4/4), backing off 8.2s
2025-09-10 12:41:51,845 WARNING sell-guard: E*TRADE circuit OPEN for 60s due to repeated 500/code100
2025-09-10 12:41:51,846 ERROR sell-guard: CVS SELL_TARGET -> place failed after retries: etrade POST /accounts/kW8LbkuGisPCK9Ey7C8iWA/orders/place.json -> 500: {'Error': {'code': 100, 'message': 'The requested service is not currently available, please try after sometime.'}}
2025-09-10 12:41:54,828 INFO sell-guard: [SG] SWKS: last=72.43 entry=76.23 pnl=-498 bps (tp=200 stop=100) hold=1402m lim=72.41 free=1 -> stop=True tp=False timeout=False
2025-09-10 12:41:54,829 DEBUG sell-guard: sell window check: start=0935 end=1555 now=1241
2025-09-10 12:41:55,083 ERROR sell-guard: SWKS ARM HARD STOP failed: etrade POST /accounts/kW8LbkuGisPCK9Ey7C8iWA/orders/preview.json -> 400: {'Error': {'code': 7, 'message': 'You did not specify a stop price. Please fill in the missing information and resubmit your order.'}}
2025-09-10 12:41:55,951 ERROR sell-guard: SWKS STOP MARKET fallback failed: etrade POST /accounts/kW8LbkuGisPCK9Ey7C8iWA/orders/place.json -> 500: {'Error': {'code': 100, 'message': 'The requested service is not currently available, please try after sometime.'}}
2025-09-10 12:41:59,373 INFO sell-guard: [SG] PCG: last=15.56 entry=14.86 pnl=+471 bps (tp=200 stop=100) hold=1388m lim=15.56 free=1 -> stop=False tp=True timeout=False
2025-09-10 12:41:59,374 DEBUG sell-guard: sell window check: start=0935 end=1555 now=1241
2025-09-10 12:42:00,143 WARNING sell-guard: PCG SELL place 500/code100 (try 1/4), backing off 2.0s
2025-09-10 12:42:02,955 WARNING sell-guard: PCG SELL place 500/code100 (try 2/4), backing off 3.2s
2025-09-10 12:42:07,422 WARNING sell-guard: PCG SELL place 500/code100 (try 3/4), backing off 5.1s
2025-09-10 12:42:13,638 WARNING sell-guard: PCG SELL place 500/code100 (try 4/4), backing off 8.2s
2025-09-10 12:42:21,832 WARNING sell-guard: E*TRADE circuit OPEN for 60s due to repeated 500/code100
2025-09-10 12:42:21,832 ERROR sell-guard: PCG SELL_TARGET -> place failed after retries: etrade POST /accounts/kW8LbkuGisPCK9Ey7C8iWA/orders/place.json -> 500: {'Error': {'code': 100, 'message': 'The requested service is not currently available, please try after sometime.'}}
2025-09-10 12:42:25,054 INFO sell-guard: [SG] NCLH: last=24.85 entry=25.25 pnl=-157 bps (tp=200 stop=100) hold=1415m lim=24.85 free=3 -> stop=True tp=False timeout=False
2025-09-10 12:42:25,056 DEBUG sell-guard: sell window check: start=0935 end=1555 now=1242
2025-09-10 12:42:25,196 ERROR sell-guard: NCLH ARM HARD STOP failed: etrade POST /accounts/kW8LbkuGisPCK9Ey7C8iWA/orders/preview.json -> 400: {'Error': {'code': 7, 'message': 'You did not specify a stop price. Please fill in the missing information and resubmit your order.'}}
2025-09-10 12:42:26,106 ERROR sell-guard: NCLH STOP MARKET fallback failed: etrade POST /accounts/kW8LbkuGisPCK9Ey7C8iWA/orders/place.json -> 500: {'Error': {'code': 100, 'message': 'The requested service is not currently available, please try after sometime.'}}
2025-09-10 12:42:29,412 INFO sell-guard: [SG] IVZ: last=22.16 entry=22.35 pnl=-85 bps (tp=200 stop=100) hold=1436m lim=22.16 free=4 -> stop=False tp=False timeout=False
2025-09-10 12:42:29,417 DEBUG sell-guard: sell window check: start=0935 end=1555 now=1242
2025-09-10 12:42:32,649 INFO sell-guard: [SG] ENPH: last=37.49 entry=39.06 pnl=-402 bps (tp=200 stop=100) hold=1429m lim=37.49 free=2 -> stop=True tp=False timeout=False
2025-09-10 12:42:32,651 DEBUG sell-guard: sell window check: start=0935 end=1555 now=1242
2025-09-10 12:42:32,782 ERROR sell-guard: ENPH ARM HARD STOP failed: etrade POST /accounts/kW8LbkuGisPCK9Ey7C8iWA/orders/preview.json -> 400: {'Error': {'code': 7, 'message': 'You did not specify a stop price. Please fill in the missing information and resubmit your order.'}}
2025-09-10 12:42:33,553 ERROR sell-guard: ENPH STOP MARKET fallback failed: etrade POST /accounts/kW8LbkuGisPCK9Ey7C8iWA/orders/place.json -> 500: {'Error': {'code': 100, 'message': 'The requested service is not currently available, please try after sometime.'}}
2025-09-10 12:42:36,552 INFO sell-guard: [SG] WBD: last=12.16 entry=12.21 pnl=-41 bps (tp=200 stop=100) hold=2676m lim=12.16 free=1 -> stop=False tp=False timeout=False
2025-09-10 12:42:36,553 DEBUG sell-guard: sell window check: start=0935 end=1555 now=1242
2025-09-10 12:42:36,558 INFO sell-guard: ⏱ heartbeat: loop alive (account=kW8LbkuGisPCK9Ey7C8iWA)
2025-09-10 12:42:36,559 INFO sell-guard: E*TRADE unstable; skipping tick (circuit open, 45s left)
2025-09-10 12:43:06,561 INFO sell-guard: ⏱ heartbeat: loop alive (account=kW8LbkuGisPCK9Ey7C8iWA)
2025-09-10 12:43:06,561 INFO sell-guard: E*TRADE unstable; skipping tick (circuit open, 15s left)
2025-09-10 12:43:36,605 INFO sell-guard: ⏱ heartbeat: loop alive (account=kW8LbkuGisPCK9Ey7C8iWA)
2025-09-10 12:43:37,124 INFO sell-guard: positions via get_positions -> 21 symbol(s)
2025-09-10 12:43:37,125 INFO sell-guard: Managing 7 symbol(s): CVS,SWKS,PCG,NCLH,IVZ,ENPH,WBD
2025-09-10 12:43:42,469 INFO sell-guard: [SG] CVS: last=72.58 entry=70.96 pnl=+228 bps (tp=200 stop=100) hold=1414m lim=72.58 free=1 -> stop=False tp=True timeout=False
2025-09-10 12:43:42,470 DEBUG sell-guard: sell window check: start=0935 end=1555 now=1243
2025-09-10 12:43:43,645 WARNING sell-guard: CVS SELL place 500/code100 (try 1/4), backing off 2.0s
2025-09-10 12:43:46,537 WARNING sell-guard: CVS SELL place 500/code100 (try 2/4), backing off 3.2s
2025-09-10 12:43:50,479 WARNING sell-guard: CVS SELL place 500/code100 (try 3/4), backing off 5.1s
2025-09-10 12:43:56,431 WARNING sell-guard: CVS SELL place 500/code100 (try 4/4), backing off 8.2s
2025-09-10 12:44:04,626 WARNING sell-guard: E*TRADE circuit OPEN for 60s due to repeated 500/code100
2025-09-10 12:44:04,636 ERROR sell-guard: CVS SELL_TARGET -> place failed after retries: etrade POST /accounts/kW8LbkuGisPCK9Ey7C8iWA/orders/place.json -> 500: {'Error': {'code': 100, 'message': 'The requested service is not currently available, please try after sometime.'}}
2025-09-10 12:44:07,658 INFO sell-guard: [SG] SWKS: last=72.48 entry=76.23 pnl=-492 bps (tp=200 stop=100) hold=1404m lim=72.46 free=1 -> stop=True tp=False timeout=False
2025-09-10 12:44:07,661 DEBUG sell-guard: sell window check: start=0935 end=1555 now=1244
2025-09-10 12:44:07,909 ERROR sell-guard: SWKS ARM HARD STOP failed: etrade POST /accounts/kW8LbkuGisPCK9Ey7C8iWA/orders/preview.json -> 400: {'Error': {'code': 7, 'message': 'You did not specify a stop price. Please fill in the missing information and resubmit your order.'}}
2025-09-10 12:44:09,092 ERROR sell-guard: SWKS STOP MARKET fallback failed: etrade POST /accounts/kW8LbkuGisPCK9Ey7C8iWA/orders/place.json -> 500: {'Error': {'code': 100, 'message': 'The requested service is not currently available, please try after sometime.'}}
2025-09-10 12:44:12,299 INFO sell-guard: [SG] PCG: last=15.51 entry=14.86 pnl=+434 bps (tp=200 stop=100) hold=1390m lim=15.50 free=1 -> stop=False tp=True timeout=False
2025-09-10 12:44:12,300 DEBUG sell-guard: sell window check: start=0935 end=1555 now=1244
2025-09-10 12:44:13,064 WARNING sell-guard: PCG SELL place 500/code100 (try 1/4), backing off 2.0s
2025-09-10 12:44:16,075 WARNING sell-guard: PCG SELL place 500/code100 (try 2/4), backing off 3.2s
2025-09-10 12:44:20,246 WARNING sell-guard: PCG SELL place 500/code100 (try 3/4), backing off 5.1s
2025-09-10 12:44:26,305 WARNING sell-guard: PCG SELL place 500/code100 (try 4/4), backing off 8.2s
2025-09-10 12:44:34,499 WARNING sell-guard: E*TRADE circuit OPEN for 60s due to repeated 500/code100
2025-09-10 12:44:34,499 ERROR sell-guard: PCG SELL_TARGET -> place failed after retries: etrade POST /accounts/kW8LbkuGisPCK9Ey7C8iWA/orders/place.json -> 500: {'Error': {'code': 100, 'message': 'The requested service is not currently available, please try after sometime.'}}
2025-09-10 12:44:37,654 INFO sell-guard: [SG] NCLH: last=24.89 entry=25.25 pnl=-142 bps (tp=200 stop=100) hold=1417m lim=24.88 free=3 -> stop=True tp=False timeout=False
2025-09-10 12:44:37,655 DEBUG sell-guard: sell window check: start=0935 end=1555 now=1244
2025-09-10 12:44:37,797 ERROR sell-guard: NCLH ARM HARD STOP failed: etrade POST /accounts/kW8LbkuGisPCK9Ey7C8iWA/orders/preview.json -> 400: {'Error': {'code': 7, 'message': 'You did not specify a stop price. Please fill in the missing information and resubmit your order.'}}
2025-09-10 12:44:38,671 ERROR sell-guard: NCLH STOP MARKET fallback failed: etrade POST /accounts/kW8LbkuGisPCK9Ey7C8iWA/orders/place.json -> 500: {'Error': {'code': 100, 'message': 'The requested service is not currently available, please try after sometime.'}}
2025-09-10 12:44:41,800 INFO sell-guard: [SG] IVZ: last=22.16 entry=22.35 pnl=-83 bps (tp=200 stop=100) hold=1438m lim=22.16 free=4 -> stop=False tp=False timeout=False
2025-09-10 12:44:41,800 DEBUG sell-guard: sell window check: start=0935 end=1555 now=1244
2025-09-10 12:44:44,957 INFO sell-guard: [SG] ENPH: last=37.46 entry=39.06 pnl=-409 bps (tp=200 stop=100) hold=1431m lim=37.46 free=2 -> stop=True tp=False timeout=False
2025-09-10 12:44:44,957 DEBUG sell-guard: sell window check: start=0935 end=1555 now=1244
2025-09-10 12:44:45,091 ERROR sell-guard: ENPH ARM HARD STOP failed: etrade POST /accounts/kW8LbkuGisPCK9Ey7C8iWA/orders/preview.json -> 400: {'Error': {'code': 7, 'message': 'You did not specify a stop price. Please fill in the missing information and resubmit your order.'}}
2025-09-10 12:44:45,940 ERROR sell-guard: ENPH STOP MARKET fallback failed: etrade POST /accounts/kW8LbkuGisPCK9Ey7C8iWA/orders/place.json -> 500: {'Error': {'code': 100, 'message': 'The requested service is not currently available, please try after sometime.'}}
2025-09-10 12:44:48,736 INFO sell-guard: [SG] WBD: last=12.16 entry=12.21 pnl=-37 bps (tp=200 stop=100) hold=2678m lim=12.16 free=1 -> stop=False tp=False timeout=False
2025-09-10 12:44:48,736 DEBUG sell-guard: sell window check: start=0935 end=1555 now=1244
2025-09-10 12:44:48,740 INFO sell-guard: ⏱ heartbeat: loop alive (account=kW8LbkuGisPCK9Ey7C8iWA)
2025-09-10 12:44:48,740 INFO sell-guard: E*TRADE unstable; skipping tick (circuit open, 45s left)
2025-09-10 12:45:18,742 INFO sell-guard: ⏱ heartbeat: loop alive (account=kW8LbkuGisPCK9Ey7C8iWA)
2025-09-10 12:45:18,742 INFO sell-guard: E*TRADE unstable; skipping tick (circuit open, 15s left)
2025-09-10 12:45:48,748 INFO sell-guard: ⏱ heartbeat: loop alive (account=kW8LbkuGisPCK9Ey7C8iWA)
2025-09-10 12:45:49,209 INFO sell-guard: positions via get_positions -> 21 symbol(s)
2025-09-10 12:45:49,210 INFO sell-guard: Managing 7 symbol(s): CVS,SWKS,PCG,NCLH,IVZ,ENPH,WBD
2025-09-10 12:45:53,841 INFO sell-guard: [SG] CVS: last=72.50 entry=70.96 pnl=+216 bps (tp=200 stop=100) hold=1417m lim=72.48 free=1 -> stop=False tp=True timeout=False
2025-09-10 12:45:53,842 DEBUG sell-guard: sell window check: start=0935 end=1555 now=1245
2025-09-10 12:45:54,651 WARNING sell-guard: CVS SELL place 500/code100 (try 1/4), backing off 2.0s
2025-09-10 12:45:57,336 WARNING sell-guard: CVS SELL place 500/code100 (try 2/4), backing off 3.2s
2025-09-10 12:46:09,106 INFO sell-guard: config source: C:\TradeAlerts\sell_guard_settings.json
2025-09-10 12:46:09,107 INFO sell-guard: env: ETRADE_ENV=production  PYTHONPATH=None
2025-09-10 12:46:09,109 INFO sell-guard: ⏱ heartbeat: loop alive (account=?)
2025-09-10 12:46:09,109 DEBUG sell-guard: tick: polling positions & quotes…
2025-09-10 12:46:09,381 INFO sell-guard: [LIVE] Using accountIdKey=kW8LbkuGisPCK9Ey7C8iWA
2025-09-10 12:46:09,382 INFO sell-guard: [CFG] mode=live tp=200 bps stop=100 bps max_hold=100000m limit_from=bid offset=0 bps throttle=30.0s ext_hours=False fallback=SELL_STOP,TIMEOUT
2025-09-10 12:46:09,943 INFO sell-guard: positions via get_positions -> 21 symbol(s)
2025-09-10 12:46:09,944 INFO sell-guard: Managing 7 symbol(s): CVS,SWKS,PCG,NCLH,IVZ,ENPH,WBD
2025-09-10 12:46:14,727 INFO sell-guard: [SG] CVS: last=72.50 entry=70.96 pnl=+216 bps (tp=200 stop=100) hold=1417m lim=72.49 free=1 -> stop=False tp=True timeout=False
2025-09-10 12:46:14,728 DEBUG sell-guard: sell window check: start=0935 end=1555 now=1246
2025-09-10 12:46:15,613 WARNING sell-guard: CVS SELL place 500/code100 (try 1/4), backing off 2.0s
2025-09-10 12:46:18,560 WARNING sell-guard: CVS SELL place 500/code100 (try 2/4), backing off 3.2s
2025-09-10 12:46:22,558 WARNING sell-guard: CVS SELL place 500/code100 (try 3/4), backing off 5.1s
2025-09-10 12:46:28,490 WARNING sell-guard: CVS SELL place 500/code100 (try 4/4), backing off 8.2s
2025-09-10 12:46:36,685 WARNING sell-guard: E*TRADE circuit OPEN for 60s due to repeated 500/code100
2025-09-10 12:46:36,685 ERROR sell-guard: CVS SELL_TARGET -> place failed after retries: etrade POST /accounts/kW8LbkuGisPCK9Ey7C8iWA/orders/place.json -> 500: {'Error': {'code': 100, 'message': 'The requested service is not currently available, please try after sometime.'}}
2025-09-10 12:46:39,423 INFO sell-guard: [SG] SWKS: last=72.46 entry=76.23 pnl=-495 bps (tp=200 stop=100) hold=1406m lim=72.46 free=1 -> stop=True tp=False timeout=False
2025-09-10 12:46:39,425 DEBUG sell-guard: sell window check: start=0935 end=1555 now=1246
2025-09-10 12:46:39,803 ERROR sell-guard: SWKS ARM HARD STOP failed: etrade POST /accounts/kW8LbkuGisPCK9Ey7C8iWA/orders/preview.json -> 400: {'Error': {'code': 2084, 'message': 'IMPORTANT: The stop price must be at least $0.01 below the current bid price for sell orders ($0.01 below the most recent closing price if the market is closed). Please adjust the stop price and resubmit your order.'}}
2025-09-10 12:46:40,644 ERROR sell-guard: SWKS STOP MARKET fallback failed: etrade POST /accounts/kW8LbkuGisPCK9Ey7C8iWA/orders/place.json -> 500: {'Error': {'code': 100, 'message': 'The requested service is not currently available, please try after sometime.'}}
2025-09-10 12:46:43,199 INFO sell-guard: [SG] PCG: last=15.46 entry=14.86 pnl=+400 bps (tp=200 stop=100) hold=1393m lim=15.45 free=1 -> stop=False tp=True timeout=False
2025-09-10 12:46:43,200 DEBUG sell-guard: sell window check: start=0935 end=1555 now=1246
2025-09-10 12:46:44,043 WARNING sell-guard: PCG SELL place 500/code100 (try 1/4), backing off 2.0s
2025-09-10 12:46:46,893 WARNING sell-guard: PCG SELL place 500/code100 (try 2/4), backing off 3.2s
2025-09-10 12:46:50,931 WARNING sell-guard: PCG SELL place 500/code100 (try 3/4), backing off 5.1s
2025-09-10 12:46:57,039 WARNING sell-guard: PCG SELL place 500/code100 (try 4/4), backing off 8.2s
2025-09-10 12:47:05,233 WARNING sell-guard: E*TRADE circuit OPEN for 60s due to repeated 500/code100
2025-09-10 12:47:05,234 ERROR sell-guard: PCG SELL_TARGET -> place failed after retries: etrade POST /accounts/kW8LbkuGisPCK9Ey7C8iWA/orders/place.json -> 500: {'Error': {'code': 100, 'message': 'The requested service is not currently available, please try after sometime.'}}
2025-09-10 12:47:07,911 INFO sell-guard: [SG] NCLH: last=24.86 entry=25.25 pnl=-152 bps (tp=200 stop=100) hold=1420m lim=24.86 free=3 -> stop=True tp=False timeout=False
2025-09-10 12:47:07,913 DEBUG sell-guard: sell window check: start=0935 end=1555 now=1247
2025-09-10 12:47:08,163 ERROR sell-guard: NCLH ARM HARD STOP failed: etrade POST /accounts/kW8LbkuGisPCK9Ey7C8iWA/orders/preview.json -> 400: {'Error': {'code': 2084, 'message': 'IMPORTANT: The stop price must be at least $0.01 below the current bid price for sell orders ($0.01 below the most recent closing price if the market is closed). Please adjust the stop price and resubmit your order.'}}
2025-09-10 12:47:08,895 ERROR sell-guard: NCLH STOP MARKET fallback failed: etrade POST /accounts/kW8LbkuGisPCK9Ey7C8iWA/orders/place.json -> 500: {'Error': {'code': 100, 'message': 'The requested service is not currently available, please try after sometime.'}}
2025-09-10 12:47:11,576 INFO sell-guard: [SG] IVZ: last=22.14 entry=22.35 pnl=-94 bps (tp=200 stop=100) hold=1440m lim=22.14 free=4 -> stop=False tp=False timeout=False
2025-09-10 12:47:11,577 DEBUG sell-guard: sell window check: start=0935 end=1555 now=1247
2025-09-10 12:47:14,658 INFO sell-guard: [SG] ENPH: last=37.54 entry=39.06 pnl=-389 bps (tp=200 stop=100) hold=1434m lim=37.52 free=2 -> stop=True tp=False timeout=False
2025-09-10 12:47:14,659 DEBUG sell-guard: sell window check: start=0935 end=1555 now=1247
2025-09-10 12:47:15,369 ERROR sell-guard: ENPH ARM HARD STOP failed: etrade POST /accounts/kW8LbkuGisPCK9Ey7C8iWA/orders/preview.json -> 400: {'Error': {'code': 2084, 'message': 'IMPORTANT: The stop price must be at least $0.01 below the current bid price for sell orders ($0.01 below the most recent closing price if the market is closed). Please adjust the stop price and resubmit your order.'}}
2025-09-10 12:47:16,128 ERROR sell-guard: ENPH STOP MARKET fallback failed: etrade POST /accounts/kW8LbkuGisPCK9Ey7C8iWA/orders/place.json -> 500: {'Error': {'code': 100, 'message': 'The requested service is not currently available, please try after sometime.'}}
2025-09-10 12:47:18,807 INFO sell-guard: [SG] WBD: last=12.16 entry=12.21 pnl=-44 bps (tp=200 stop=100) hold=2681m lim=12.15 free=1 -> stop=False tp=False timeout=False
2025-09-10 12:47:18,808 DEBUG sell-guard: sell window check: start=0935 end=1555 now=1247
2025-09-10 12:47:18,814 INFO sell-guard: ⏱ heartbeat: loop alive (account=kW8LbkuGisPCK9Ey7C8iWA)
2025-09-10 12:47:18,816 INFO sell-guard: E*TRADE unstable; skipping tick (circuit open, 46s left)
2025-09-10 12:47:48,817 INFO sell-guard: ⏱ heartbeat: loop alive (account=kW8LbkuGisPCK9Ey7C8iWA)
2025-09-10 12:47:48,819 INFO sell-guard: E*TRADE unstable; skipping tick (circuit open, 16s left)
2025-09-10 12:48:18,824 INFO sell-guard: ⏱ heartbeat: loop alive (account=kW8LbkuGisPCK9Ey7C8iWA)
2025-09-10 12:48:19,307 INFO sell-guard: positions via get_positions -> 21 symbol(s)
2025-09-10 12:48:19,308 INFO sell-guard: Managing 7 symbol(s): CVS,SWKS,PCG,NCLH,IVZ,ENPH,WBD
2025-09-10 12:48:24,430 INFO sell-guard: [SG] CVS: last=72.70 entry=70.96 pnl=+245 bps (tp=200 stop=100) hold=1419m lim=72.69 free=1 -> stop=False tp=True timeout=False
2025-09-10 12:48:24,431 DEBUG sell-guard: sell window check: start=0935 end=1555 now=1248
2025-09-10 12:48:25,270 WARNING sell-guard: CVS SELL place 500/code100 (try 1/4), backing off 2.0s
2025-09-10 12:48:28,313 WARNING sell-guard: CVS SELL place 500/code100 (try 2/4), backing off 3.2s
2025-09-10 12:48:32,355 WARNING sell-guard: CVS SELL place 500/code100 (try 3/4), backing off 5.1s
2025-09-10 12:48:38,324 WARNING sell-guard: CVS SELL place 500/code100 (try 4/4), backing off 8.2s
2025-09-10 12:48:46,518 WARNING sell-guard: E*TRADE circuit OPEN for 60s due to repeated 500/code100
2025-09-10 12:48:46,520 ERROR sell-guard: CVS SELL_TARGET -> place failed after retries: etrade POST /accounts/kW8LbkuGisPCK9Ey7C8iWA/orders/place.json -> 500: {'Error': {'code': 100, 'message': 'The requested service is not currently available, please try after sometime.'}}
2025-09-10 12:48:49,311 INFO sell-guard: [SG] SWKS: last=72.44 entry=76.23 pnl=-497 bps (tp=200 stop=100) hold=1408m lim=72.43 free=1 -> stop=True tp=False timeout=False
2025-09-10 12:48:49,312 DEBUG sell-guard: sell window check: start=0935 end=1555 now=1248
2025-09-10 12:48:49,561 ERROR sell-guard: SWKS ARM HARD STOP failed: etrade POST /accounts/kW8LbkuGisPCK9Ey7C8iWA/orders/preview.json -> 400: {'Error': {'code': 2084, 'message': 'IMPORTANT: The stop price must be at least $0.01 below the current bid price for sell orders ($0.01 below the most recent closing price if the market is closed). Please adjust the stop price and resubmit your order.'}}
2025-09-10 12:48:50,319 ERROR sell-guard: SWKS STOP MARKET fallback failed: etrade POST /accounts/kW8LbkuGisPCK9Ey7C8iWA/orders/place.json -> 500: {'Error': {'code': 100, 'message': 'The requested service is not currently available, please try after sometime.'}}
2025-09-10 12:48:52,999 INFO sell-guard: [SG] PCG: last=15.41 entry=14.86 pnl=+373 bps (tp=200 stop=100) hold=1395m lim=15.41 free=1 -> stop=False tp=True timeout=False
2025-09-10 12:48:53,000 DEBUG sell-guard: sell window check: start=0935 end=1555 now=1248
2025-09-10 12:48:53,847 WARNING sell-guard: PCG SELL place 500/code100 (try 1/4), backing off 2.0s
2025-09-10 12:48:56,661 WARNING sell-guard: PCG SELL place 500/code100 (try 2/4), backing off 3.2s
2025-09-10 12:49:00,688 WARNING sell-guard: PCG SELL place 500/code100 (try 3/4), backing off 5.1s
2025-09-10 12:49:06,581 WARNING sell-guard: PCG SELL place 500/code100 (try 4/4), backing off 8.2s
2025-09-10 12:49:14,775 WARNING sell-guard: E*TRADE circuit OPEN for 60s due to repeated 500/code100
2025-09-10 12:49:14,778 ERROR sell-guard: PCG SELL_TARGET -> place failed after retries: etrade POST /accounts/kW8LbkuGisPCK9Ey7C8iWA/orders/place.json -> 500: {'Error': {'code': 100, 'message': 'The requested service is not currently available, please try after sometime.'}}
2025-09-10 12:49:17,468 INFO sell-guard: [SG] NCLH: last=24.87 entry=25.25 pnl=-150 bps (tp=200 stop=100) hold=1422m lim=24.87 free=3 -> stop=True tp=False timeout=False
2025-09-10 12:49:17,469 DEBUG sell-guard: sell window check: start=0935 end=1555 now=1249
2025-09-10 12:49:17,857 ERROR sell-guard: NCLH ARM HARD STOP failed: etrade POST /accounts/kW8LbkuGisPCK9Ey7C8iWA/orders/preview.json -> 400: {'Error': {'code': 2084, 'message': 'IMPORTANT: The stop price must be at least $0.01 below the current bid price for sell orders ($0.01 below the most recent closing price if the market is closed). Please adjust the stop price and resubmit your order.'}}
2025-09-10 12:49:18,742 ERROR sell-guard: NCLH STOP MARKET fallback failed: etrade POST /accounts/kW8LbkuGisPCK9Ey7C8iWA/orders/place.json -> 500: {'Error': {'code': 100, 'message': 'The requested service is not currently available, please try after sometime.'}}
2025-09-10 12:49:21,532 INFO sell-guard: [SG] IVZ: last=22.16 entry=22.35 pnl=-83 bps (tp=200 stop=100) hold=1443m lim=22.16 free=4 -> stop=False tp=False timeout=False
2025-09-10 12:49:21,532 DEBUG sell-guard: sell window check: start=0935 end=1555 now=1249
2025-09-10 12:49:24,129 INFO sell-guard: [SG] ENPH: last=37.66 entry=39.06 pnl=-358 bps (tp=200 stop=100) hold=1436m lim=37.65 free=2 -> stop=True tp=False timeout=False
2025-09-10 12:49:24,130 DEBUG sell-guard: sell window check: start=0935 end=1555 now=1249
2025-09-10 12:49:24,524 ERROR sell-guard: ENPH ARM HARD STOP failed: etrade POST /accounts/kW8LbkuGisPCK9Ey7C8iWA/orders/preview.json -> 400: {'Error': {'code': 2084, 'message': 'IMPORTANT: The stop price must be at least $0.01 below the current bid price for sell orders ($0.01 below the most recent closing price if the market is closed). Please adjust the stop price and resubmit your order.'}}
2025-09-10 12:49:25,329 ERROR sell-guard: ENPH STOP MARKET fallback failed: etrade POST /accounts/kW8LbkuGisPCK9Ey7C8iWA/orders/place.json -> 500: {'Error': {'code': 100, 'message': 'The requested service is not currently available, please try after sometime.'}}
2025-09-10 12:49:27,964 INFO sell-guard: [SG] WBD: last=12.18 entry=12.21 pnl=-25 bps (tp=200 stop=100) hold=2683m lim=12.17 free=1 -> stop=False tp=False timeout=False
2025-09-10 12:49:27,965 DEBUG sell-guard: sell window check: start=0935 end=1555 now=1249
2025-09-10 12:49:27,969 INFO sell-guard: ⏱ heartbeat: loop alive (account=kW8LbkuGisPCK9Ey7C8iWA)
2025-09-10 12:49:27,969 INFO sell-guard: E*TRADE unstable; skipping tick (circuit open, 46s left)
2025-09-10 12:49:57,971 INFO sell-guard: ⏱ heartbeat: loop alive (account=kW8LbkuGisPCK9Ey7C8iWA)
2025-09-10 12:49:57,972 INFO sell-guard: E*TRADE unstable; skipping tick (circuit open, 16s left)
2025-09-10 12:50:27,976 INFO sell-guard: ⏱ heartbeat: loop alive (account=kW8LbkuGisPCK9Ey7C8iWA)
2025-09-10 12:50:28,484 INFO sell-guard: positions via get_positions -> 21 symbol(s)
2025-09-10 12:50:28,489 INFO sell-guard: Managing 7 symbol(s): CVS,SWKS,PCG,NCLH,IVZ,ENPH,WBD
2025-09-10 12:50:33,800 INFO sell-guard: [SG] CVS: last=72.70 entry=70.96 pnl=+245 bps (tp=200 stop=100) hold=1421m lim=72.70 free=1 -> stop=False tp=True timeout=False
2025-09-10 12:50:33,803 DEBUG sell-guard: sell window check: start=0935 end=1555 now=1250
2025-09-10 12:50:34,716 WARNING sell-guard: CVS SELL place 500/code100 (try 1/4), backing off 2.0s
2025-09-10 12:50:37,932 WARNING sell-guard: CVS SELL place 500/code100 (try 2/4), backing off 3.2s
2025-09-10 12:50:42,130 WARNING sell-guard: CVS SELL place 500/code100 (try 3/4), backing off 5.1s
2025-09-10 12:50:48,044 WARNING sell-guard: CVS SELL place 500/code100 (try 4/4), backing off 8.2s
2025-09-10 12:50:56,237 WARNING sell-guard: E*TRADE circuit OPEN for 60s due to repeated 500/code100
2025-09-10 12:50:56,238 ERROR sell-guard: CVS SELL_TARGET -> place failed after retries: etrade POST /accounts/kW8LbkuGisPCK9Ey7C8iWA/orders/place.json -> 500: {'Error': {'code': 100, 'message': 'The requested service is not currently available, please try after sometime.'}}
2025-09-10 12:50:59,004 INFO sell-guard: [SG] SWKS: last=72.64 entry=76.23 pnl=-471 bps (tp=200 stop=100) hold=1411m lim=72.62 free=1 -> stop=True tp=False timeout=False
2025-09-10 12:50:59,005 DEBUG sell-guard: sell window check: start=0935 end=1555 now=1250
2025-09-10 12:50:59,270 ERROR sell-guard: SWKS ARM HARD STOP failed: etrade POST /accounts/kW8LbkuGisPCK9Ey7C8iWA/orders/preview.json -> 400: {'Error': {'code': 2084, 'message': 'IMPORTANT: The stop price must be at least $0.01 below the current bid price for sell orders ($0.01 below the most recent closing price if the market is closed). Please adjust the stop price and resubmit your order.'}}
2025-09-10 12:51:00,149 ERROR sell-guard: SWKS STOP MARKET fallback failed: etrade POST /accounts/kW8LbkuGisPCK9Ey7C8iWA/orders/place.json -> 500: {'Error': {'code': 100, 'message': 'The requested service is not currently available, please try after sometime.'}}
2025-09-10 12:51:02,796 INFO sell-guard: [SG] PCG: last=15.51 entry=14.86 pnl=+437 bps (tp=200 stop=100) hold=1397m lim=15.50 free=1 -> stop=False tp=True timeout=False
2025-09-10 12:51:02,797 DEBUG sell-guard: sell window check: start=0935 end=1555 now=1251
2025-09-10 12:51:03,654 WARNING sell-guard: PCG SELL place 500/code100 (try 1/4), backing off 2.0s
2025-09-10 12:51:06,627 WARNING sell-guard: PCG SELL place 500/code100 (try 2/4), backing off 3.2s
2025-09-10 12:51:10,656 WARNING sell-guard: PCG SELL place 500/code100 (try 3/4), backing off 5.1s
2025-09-10 12:51:16,579 WARNING sell-guard: PCG SELL place 500/code100 (try 4/4), backing off 8.2s
2025-09-10 12:51:24,773 WARNING sell-guard: E*TRADE circuit OPEN for 60s due to repeated 500/code100
2025-09-10 12:51:24,774 ERROR sell-guard: PCG SELL_TARGET -> place failed after retries: etrade POST /accounts/kW8LbkuGisPCK9Ey7C8iWA/orders/place.json -> 500: {'Error': {'code': 100, 'message': 'The requested service is not currently available, please try after sometime.'}}
2025-09-10 12:51:27,474 INFO sell-guard: [SG] NCLH: last=24.89 entry=25.25 pnl=-144 bps (tp=200 stop=100) hold=1424m lim=24.88 free=3 -> stop=True tp=False timeout=False
2025-09-10 12:51:27,483 DEBUG sell-guard: sell window check: start=0935 end=1555 now=1251
2025-09-10 12:51:27,870 ERROR sell-guard: NCLH ARM HARD STOP failed: etrade POST /accounts/kW8LbkuGisPCK9Ey7C8iWA/orders/preview.json -> 400: {'Error': {'code': 2084, 'message': 'IMPORTANT: The stop price must be at least $0.01 below the current bid price for sell orders ($0.01 below the most recent closing price if the market is closed). Please adjust the stop price and resubmit your order.'}}
2025-09-10 12:51:28,708 ERROR sell-guard: NCLH STOP MARKET fallback failed: etrade POST /accounts/kW8LbkuGisPCK9Ey7C8iWA/orders/place.json -> 500: {'Error': {'code': 100, 'message': 'The requested service is not currently available, please try after sometime.'}}
2025-09-10 12:51:31,463 INFO sell-guard: [SG] IVZ: last=22.17 entry=22.35 pnl=-81 bps (tp=200 stop=100) hold=1445m lim=22.16 free=4 -> stop=False tp=False timeout=False
2025-09-10 12:51:31,464 DEBUG sell-guard: sell window check: start=0935 end=1555 now=1251
2025-09-10 12:51:34,370 INFO sell-guard: [SG] ENPH: last=37.72 entry=39.06 pnl=-343 bps (tp=200 stop=100) hold=1438m lim=37.72 free=2 -> stop=True tp=False timeout=False
2025-09-10 12:51:34,371 DEBUG sell-guard: sell window check: start=0935 end=1555 now=1251
2025-09-10 12:51:34,647 ERROR sell-guard: ENPH ARM HARD STOP failed: etrade POST /accounts/kW8LbkuGisPCK9Ey7C8iWA/orders/preview.json -> 400: {'Error': {'code': 2084, 'message': 'IMPORTANT: The stop price must be at least $0.01 below the current bid price for sell orders ($0.01 below the most recent closing price if the market is closed). Please adjust the stop price and resubmit your order.'}}
2025-09-10 12:51:35,694 ERROR sell-guard: ENPH STOP MARKET fallback failed: etrade POST /accounts/kW8LbkuGisPCK9Ey7C8iWA/orders/place.json -> 500: {'Error': {'code': 100, 'message': 'The requested service is not currently available, please try after sometime.'}}
2025-09-10 12:51:38,447 INFO sell-guard: [SG] WBD: last=12.19 entry=12.21 pnl=-20 bps (tp=200 stop=100) hold=2685m lim=12.18 free=1 -> stop=False tp=False timeout=False
2025-09-10 12:51:38,448 DEBUG sell-guard: sell window check: start=0935 end=1555 now=1251
2025-09-10 12:51:38,451 INFO sell-guard: ⏱ heartbeat: loop alive (account=kW8LbkuGisPCK9Ey7C8iWA)
2025-09-10 12:51:38,451 INFO sell-guard: E*TRADE unstable; skipping tick (circuit open, 46s left)
2025-09-10 12:52:08,452 INFO sell-guard: ⏱ heartbeat: loop alive (account=kW8LbkuGisPCK9Ey7C8iWA)
2025-09-10 12:52:08,453 INFO sell-guard: E*TRADE unstable; skipping tick (circuit open, 16s left)
2025-09-10 12:52:38,457 INFO sell-guard: ⏱ heartbeat: loop alive (account=kW8LbkuGisPCK9Ey7C8iWA)
2025-09-10 12:52:38,894 INFO sell-guard: positions via get_positions -> 21 symbol(s)
2025-09-10 12:52:38,895 INFO sell-guard: Managing 7 symbol(s): CVS,SWKS,PCG,NCLH,IVZ,ENPH,WBD
2025-09-10 12:52:43,384 INFO sell-guard: [SG] CVS: last=72.71 entry=70.96 pnl=+247 bps (tp=200 stop=100) hold=1423m lim=72.69 free=1 -> stop=False tp=True timeout=False
2025-09-10 12:52:43,386 DEBUG sell-guard: sell window check: start=0935 end=1555 now=1252
2025-09-10 12:52:44,224 WARNING sell-guard: CVS SELL place 500/code100 (try 1/4), backing off 2.0s
2025-09-10 12:52:47,060 WARNING sell-guard: CVS SELL place 500/code100 (try 2/4), backing off 3.2s
2025-09-10 12:52:51,077 WARNING sell-guard: CVS SELL place 500/code100 (try 3/4), backing off 5.1s
2025-09-10 12:52:57,257 WARNING sell-guard: CVS SELL place 500/code100 (try 4/4), backing off 8.2s
2025-09-10 12:53:05,457 WARNING sell-guard: E*TRADE circuit OPEN for 60s due to repeated 500/code100
2025-09-10 12:53:05,458 ERROR sell-guard: CVS SELL_TARGET -> place failed after retries: etrade POST /accounts/kW8LbkuGisPCK9Ey7C8iWA/orders/place.json -> 500: {'Error': {'code': 100, 'message': 'The requested service is not currently available, please try after sometime.'}}
2025-09-10 12:53:08,705 INFO sell-guard: [SG] SWKS: last=72.69 entry=76.23 pnl=-464 bps (tp=200 stop=100) hold=1413m lim=72.68 free=1 -> stop=True tp=False timeout=False
2025-09-10 12:53:08,707 DEBUG sell-guard: sell window check: start=0935 end=1555 now=1253
2025-09-10 12:53:08,900 ERROR sell-guard: SWKS ARM HARD STOP failed: etrade POST /accounts/kW8LbkuGisPCK9Ey7C8iWA/orders/preview.json -> 400: {'Error': {'code': 2084, 'message': 'IMPORTANT: The stop price must be at least $0.01 below the current bid price for sell orders ($0.01 below the most recent closing price if the market is closed). Please adjust the stop price and resubmit your order.'}}
2025-09-10 12:53:09,789 ERROR sell-guard: SWKS STOP MARKET fallback failed: etrade POST /accounts/kW8LbkuGisPCK9Ey7C8iWA/orders/place.json -> 500: {'Error': {'code': 100, 'message': 'The requested service is not currently available, please try after sometime.'}}
2025-09-10 12:53:12,505 INFO sell-guard: [SG] PCG: last=15.48 entry=14.86 pnl=+421 bps (tp=200 stop=100) hold=1399m lim=15.48 free=1 -> stop=False tp=True timeout=False
2025-09-10 12:53:12,506 DEBUG sell-guard: sell window check: start=0935 end=1555 now=1253
2025-09-10 12:53:13,295 WARNING sell-guard: PCG SELL place 500/code100 (try 1/4), backing off 2.0s
2025-09-10 12:53:16,177 WARNING sell-guard: PCG SELL place 500/code100 (try 2/4), backing off 3.2s
2025-09-10 12:53:20,205 WARNING sell-guard: PCG SELL place 500/code100 (try 3/4), backing off 5.1s
2025-09-10 12:53:26,179 WARNING sell-guard: PCG SELL place 500/code100 (try 4/4), backing off 8.2s
2025-09-10 12:53:34,373 WARNING sell-guard: E*TRADE circuit OPEN for 60s due to repeated 500/code100
2025-09-10 12:53:34,376 ERROR sell-guard: PCG SELL_TARGET -> place failed after retries: etrade POST /accounts/kW8LbkuGisPCK9Ey7C8iWA/orders/place.json -> 500: {'Error': {'code': 100, 'message': 'The requested service is not currently available, please try after sometime.'}}
2025-09-10 12:53:37,337 INFO sell-guard: [SG] NCLH: last=24.89 entry=25.25 pnl=-140 bps (tp=200 stop=100) hold=1426m lim=24.89 free=3 -> stop=True tp=False timeout=False
2025-09-10 12:53:37,338 DEBUG sell-guard: sell window check: start=0935 end=1555 now=1253
2025-09-10 12:53:37,605 ERROR sell-guard: NCLH ARM HARD STOP failed: etrade POST /accounts/kW8LbkuGisPCK9Ey7C8iWA/orders/preview.json -> 400: {'Error': {'code': 2084, 'message': 'IMPORTANT: The stop price must be at least $0.01 below the current bid price for sell orders ($0.01 below the most recent closing price if the market is closed). Please adjust the stop price and resubmit your order.'}}
2025-09-10 12:53:38,387 ERROR sell-guard: NCLH STOP MARKET fallback failed: etrade POST /accounts/kW8LbkuGisPCK9Ey7C8iWA/orders/place.json -> 500: {'Error': {'code': 100, 'message': 'The requested service is not currently available, please try after sometime.'}}
2025-09-10 12:53:40,957 INFO sell-guard: [SG] IVZ: last=22.18 entry=22.35 pnl=-74 bps (tp=200 stop=100) hold=1447m lim=22.18 free=4 -> stop=False tp=False timeout=False
2025-09-10 12:53:40,958 DEBUG sell-guard: sell window check: start=0935 end=1555 now=1253
2025-09-10 12:53:43,646 INFO sell-guard: [SG] ENPH: last=37.72 entry=39.06 pnl=-343 bps (tp=200 stop=100) hold=1440m lim=37.72 free=2 -> stop=True tp=False timeout=False
2025-09-10 12:53:43,647 DEBUG sell-guard: sell window check: start=0935 end=1555 now=1253
2025-09-10 12:53:43,912 ERROR sell-guard: ENPH ARM HARD STOP failed: etrade POST /accounts/kW8LbkuGisPCK9Ey7C8iWA/orders/preview.json -> 400: {'Error': {'code': 2084, 'message': 'IMPORTANT: The stop price must be at least $0.01 below the current bid price for sell orders ($0.01 below the most recent closing price if the market is closed). Please adjust the stop price and resubmit your order.'}}
2025-09-10 12:53:44,779 ERROR sell-guard: ENPH STOP MARKET fallback failed: etrade POST /accounts/kW8LbkuGisPCK9Ey7C8iWA/orders/place.json -> 500: {'Error': {'code': 100, 'message': 'The requested service is not currently available, please try after sometime.'}}
2025-09-10 12:53:47,366 INFO sell-guard: [SG] WBD: last=12.20 entry=12.21 pnl=-12 bps (tp=200 stop=100) hold=2687m lim=12.19 free=1 -> stop=False tp=False timeout=False
2025-09-10 12:53:47,367 DEBUG sell-guard: sell window check: start=0935 end=1555 now=1253
2025-09-10 12:53:47,371 INFO sell-guard: ⏱ heartbeat: loop alive (account=kW8LbkuGisPCK9Ey7C8iWA)
2025-09-10 12:53:47,372 INFO sell-guard: E*TRADE unstable; skipping tick (circuit open, 47s left)
2025-09-10 12:54:17,374 INFO sell-guard: ⏱ heartbeat: loop alive (account=kW8LbkuGisPCK9Ey7C8iWA)
2025-09-10 12:54:17,374 INFO sell-guard: E*TRADE unstable; skipping tick (circuit open, 16s left)
2025-09-10 12:54:47,380 INFO sell-guard: ⏱ heartbeat: loop alive (account=kW8LbkuGisPCK9Ey7C8iWA)
2025-09-10 12:54:47,847 INFO sell-guard: positions via get_positions -> 21 symbol(s)
2025-09-10 12:54:47,847 INFO sell-guard: Managing 7 symbol(s): CVS,SWKS,PCG,NCLH,IVZ,ENPH,WBD
2025-09-10 12:54:54,867 INFO sell-guard: [SG] CVS: last=72.71 entry=70.96 pnl=+247 bps (tp=200 stop=100) hold=1426m lim=72.70 free=1 -> stop=False tp=True timeout=False
2025-09-10 12:54:54,868 DEBUG sell-guard: sell window check: start=0935 end=1555 now=1254
2025-09-10 12:54:56,145 WARNING sell-guard: CVS SELL place 500/code100 (try 1/4), backing off 2.0s
2025-09-10 12:54:59,431 WARNING sell-guard: CVS SELL place 500/code100 (try 2/4), backing off 3.2s
2025-09-10 12:55:03,966 WARNING sell-guard: CVS SELL place 500/code100 (try 3/4), backing off 5.1s
2025-09-10 12:55:10,313 WARNING sell-guard: CVS SELL place 500/code100 (try 4/4), backing off 8.2s
2025-09-10 12:55:18,507 WARNING sell-guard: E*TRADE circuit OPEN for 60s due to repeated 500/code100
2025-09-10 12:55:18,507 ERROR sell-guard: CVS SELL_TARGET -> place failed after retries: etrade POST /accounts/kW8LbkuGisPCK9Ey7C8iWA/orders/place.json -> 500: {'Error': {'code': 100, 'message': 'The requested service is not currently available, please try after sometime.'}}
2025-09-10 12:55:21,919 INFO sell-guard: [SG] SWKS: last=72.67 entry=76.23 pnl=-467 bps (tp=200 stop=100) hold=1415m lim=72.67 free=1 -> stop=True tp=False timeout=False
2025-09-10 12:55:21,920 DEBUG sell-guard: sell window check: start=0935 end=1555 now=1255
2025-09-10 12:55:22,240 ERROR sell-guard: SWKS ARM HARD STOP failed: etrade POST /accounts/kW8LbkuGisPCK9Ey7C8iWA/orders/preview.json -> 400: {'Error': {'code': 2084, 'message': 'IMPORTANT: The stop price must be at least $0.01 below the current bid price for sell orders ($0.01 below the most recent closing price if the market is closed). Please adjust the stop price and resubmit your order.'}}
2025-09-10 12:55:23,360 ERROR sell-guard: SWKS STOP MARKET fallback failed: etrade POST /accounts/kW8LbkuGisPCK9Ey7C8iWA/orders/place.json -> 500: {'Error': {'code': 100, 'message': 'The requested service is not currently available, please try after sometime.'}}
2025-09-10 12:55:26,636 INFO sell-guard: [SG] PCG: last=15.43 entry=14.86 pnl=+384 bps (tp=200 stop=100) hold=1401m lim=15.43 free=1 -> stop=False tp=True timeout=False
2025-09-10 12:55:26,637 DEBUG sell-guard: sell window check: start=0935 end=1555 now=1255
2025-09-10 12:55:27,964 WARNING sell-guard: PCG SELL place 500/code100 (try 1/4), backing off 2.0s
2025-09-10 12:55:31,337 WARNING sell-guard: PCG SELL place 500/code100 (try 2/4), backing off 3.2s
2025-09-10 12:55:35,779 WARNING sell-guard: PCG SELL place 500/code100 (try 3/4), backing off 5.1s
2025-09-10 12:55:41,591 WARNING sell-guard: PCG SELL place 500/code100 (try 4/4), backing off 8.2s
2025-09-10 12:55:49,784 WARNING sell-guard: E*TRADE circuit OPEN for 60s due to repeated 500/code100
2025-09-10 12:55:49,786 ERROR sell-guard: PCG SELL_TARGET -> place failed after retries: etrade POST /accounts/kW8LbkuGisPCK9Ey7C8iWA/orders/place.json -> 500: {'Error': {'code': 100, 'message': 'The requested service is not currently available, please try after sometime.'}}
2025-09-10 12:55:53,528 INFO sell-guard: [SG] NCLH: last=24.89 entry=25.25 pnl=-144 bps (tp=200 stop=100) hold=1428m lim=24.88 free=3 -> stop=True tp=False timeout=False
2025-09-10 12:55:53,531 DEBUG sell-guard: sell window check: start=0935 end=1555 now=1255
2025-09-10 12:55:54,012 ERROR sell-guard: NCLH ARM HARD STOP failed: etrade POST /accounts/kW8LbkuGisPCK9Ey7C8iWA/orders/preview.json -> 400: {'Error': {'code': 2084, 'message': 'IMPORTANT: The stop price must be at least $0.01 below the current bid price for sell orders ($0.01 below the most recent closing price if the market is closed). Please adjust the stop price and resubmit your order.'}}
2025-09-10 12:55:55,199 ERROR sell-guard: NCLH STOP MARKET fallback failed: etrade POST /accounts/kW8LbkuGisPCK9Ey7C8iWA/orders/place.json -> 500: {'Error': {'code': 100, 'message': 'The requested service is not currently available, please try after sometime.'}}
2025-09-10 12:55:58,671 INFO sell-guard: [SG] IVZ: last=22.20 entry=22.35 pnl=-67 bps (tp=200 stop=100) hold=1449m lim=22.19 free=4 -> stop=False tp=False timeout=False
2025-09-10 12:55:58,672 DEBUG sell-guard: sell window check: start=0935 end=1555 now=1255
2025-09-10 12:56:01,975 INFO sell-guard: [SG] ENPH: last=37.71 entry=39.06 pnl=-345 bps (tp=200 stop=100) hold=1443m lim=37.69 free=2 -> stop=True tp=False timeout=False
2025-09-10 12:56:01,976 DEBUG sell-guard: sell window check: start=0935 end=1555 now=1256
2025-09-10 12:56:02,136 ERROR sell-guard: ENPH ARM HARD STOP failed: etrade POST /accounts/kW8LbkuGisPCK9Ey7C8iWA/orders/preview.json -> 400: {'Error': {'code': 2084, 'message': 'IMPORTANT: The stop price must be at least $0.01 below the current bid price for sell orders ($0.01 below the most recent closing price if the market is closed). Please adjust the stop price and resubmit your order.'}}
2025-09-10 12:56:03,172 ERROR sell-guard: ENPH STOP MARKET fallback failed: etrade POST /accounts/kW8LbkuGisPCK9Ey7C8iWA/orders/place.json -> 500: {'Error': {'code': 100, 'message': 'The requested service is not currently available, please try after sometime.'}}
2025-09-10 12:56:06,659 INFO sell-guard: [SG] WBD: last=12.19 entry=12.21 pnl=-16 bps (tp=200 stop=100) hold=2690m lim=12.19 free=1 -> stop=False tp=False timeout=False
2025-09-10 12:56:06,659 DEBUG sell-guard: sell window check: start=0935 end=1555 now=1256
2025-09-10 12:56:06,662 INFO sell-guard: ⏱ heartbeat: loop alive (account=kW8LbkuGisPCK9Ey7C8iWA)
2025-09-10 12:56:06,662 INFO sell-guard: E*TRADE unstable; skipping tick (circuit open, 43s left)
2025-09-10 12:56:36,665 INFO sell-guard: ⏱ heartbeat: loop alive (account=kW8LbkuGisPCK9Ey7C8iWA)
2025-09-10 12:56:36,667 INFO sell-guard: E*TRADE unstable; skipping tick (circuit open, 13s left)
2025-09-10 12:57:06,676 INFO sell-guard: ⏱ heartbeat: loop alive (account=kW8LbkuGisPCK9Ey7C8iWA)
2025-09-10 12:57:07,275 INFO sell-guard: positions via get_positions -> 21 symbol(s)
2025-09-10 12:57:07,276 INFO sell-guard: Managing 7 symbol(s): CVS,SWKS,PCG,NCLH,IVZ,ENPH,WBD
2025-09-10 12:57:12,879 INFO sell-guard: [SG] CVS: last=72.74 entry=70.96 pnl=+251 bps (tp=200 stop=100) hold=1428m lim=72.72 free=1 -> stop=False tp=True timeout=False
2025-09-10 12:57:12,880 DEBUG sell-guard: sell window check: start=0935 end=1555 now=1257
2025-09-10 12:57:14,284 WARNING sell-guard: CVS SELL place 500/code100 (try 1/4), backing off 2.0s
2025-09-10 12:57:17,546 WARNING sell-guard: CVS SELL place 500/code100 (try 2/4), backing off 3.2s
2025-09-10 12:57:21,728 WARNING sell-guard: CVS SELL place 500/code100 (try 3/4), backing off 5.1s
2025-09-10 12:57:28,825 WARNING sell-guard: CVS SELL place 500/code100 (try 4/4), backing off 8.2s
2025-09-10 12:57:37,020 WARNING sell-guard: E*TRADE circuit OPEN for 60s due to repeated 500/code100
2025-09-10 12:57:37,020 ERROR sell-guard: CVS SELL_TARGET -> place failed after retries: etrade POST /accounts/kW8LbkuGisPCK9Ey7C8iWA/orders/place.json -> 500: {'Error': {'code': 100, 'message': 'The requested service is not currently available, please try after sometime.'}}
2025-09-10 12:57:40,580 INFO sell-guard: [SG] SWKS: last=72.73 entry=76.23 pnl=-459 bps (tp=200 stop=100) hold=1417m lim=72.71 free=1 -> stop=True tp=False timeout=False
2025-09-10 12:57:40,582 DEBUG sell-guard: sell window check: start=0935 end=1555 now=1257
2025-09-10 12:57:40,765 ERROR sell-guard: SWKS ARM HARD STOP failed: etrade POST /accounts/kW8LbkuGisPCK9Ey7C8iWA/orders/preview.json -> 400: {'Error': {'code': 2084, 'message': 'IMPORTANT: The stop price must be at least $0.01 below the current bid price for sell orders ($0.01 below the most recent closing price if the market is closed). Please adjust the stop price and resubmit your order.'}}
2025-09-10 12:57:42,240 ERROR sell-guard: SWKS STOP MARKET fallback failed: etrade POST /accounts/kW8LbkuGisPCK9Ey7C8iWA/orders/place.json -> 500: {'Error': {'code': 100, 'message': 'The requested service is not currently available, please try after sometime.'}}
2025-09-10 12:57:46,101 INFO sell-guard: [SG] PCG: last=15.38 entry=14.86 pnl=+353 bps (tp=200 stop=100) hold=1404m lim=15.38 free=1 -> stop=False tp=True timeout=False
2025-09-10 12:57:46,102 DEBUG sell-guard: sell window check: start=0935 end=1555 now=1257
2025-09-10 12:57:47,154 WARNING sell-guard: PCG SELL place 500/code100 (try 1/4), backing off 2.0s
2025-09-10 12:57:50,347 WARNING sell-guard: PCG SELL place 500/code100 (try 2/4), backing off 3.2s
2025-09-10 12:57:54,504 WARNING sell-guard: PCG SELL place 500/code100 (try 3/4), backing off 5.1s
2025-09-10 12:58:00,942 WARNING sell-guard: PCG SELL place 500/code100 (try 4/4), backing off 8.2s
2025-09-10 12:58:09,136 WARNING sell-guard: E*TRADE circuit OPEN for 60s due to repeated 500/code100
2025-09-10 12:58:09,136 ERROR sell-guard: PCG SELL_TARGET -> place failed after retries: etrade POST /accounts/kW8LbkuGisPCK9Ey7C8iWA/orders/place.json -> 500: {'Error': {'code': 100, 'message': 'The requested service is not currently available, please try after sometime.'}}
2025-09-10 12:58:12,862 INFO sell-guard: [SG] NCLH: last=24.91 entry=25.25 pnl=-136 bps (tp=200 stop=100) hold=1431m lim=24.90 free=3 -> stop=True tp=False timeout=False
2025-09-10 12:58:12,863 DEBUG sell-guard: sell window check: start=0935 end=1555 now=1258
2025-09-10 12:58:13,188 ERROR sell-guard: NCLH ARM HARD STOP failed: etrade POST /accounts/kW8LbkuGisPCK9Ey7C8iWA/orders/preview.json -> 400: {'Error': {'code': 2084, 'message': 'IMPORTANT: The stop price must be at least $0.01 below the current bid price for sell orders ($0.01 below the most recent closing price if the market is closed). Please adjust the stop price and resubmit your order.'}}
2025-09-10 12:58:14,307 ERROR sell-guard: NCLH STOP MARKET fallback failed: etrade POST /accounts/kW8LbkuGisPCK9Ey7C8iWA/orders/place.json -> 500: {'Error': {'code': 100, 'message': 'The requested service is not currently available, please try after sometime.'}}
2025-09-10 12:58:17,429 INFO sell-guard: [SG] IVZ: last=22.21 entry=22.35 pnl=-61 bps (tp=200 stop=100) hold=1451m lim=22.21 free=4 -> stop=False tp=False timeout=False
2025-09-10 12:58:17,441 DEBUG sell-guard: sell window check: start=0935 end=1555 now=1258
2025-09-10 12:58:20,922 INFO sell-guard: [SG] ENPH: last=37.73 entry=39.06 pnl=-341 bps (tp=200 stop=100) hold=1445m lim=37.73 free=2 -> stop=True tp=False timeout=False
2025-09-10 12:58:20,923 DEBUG sell-guard: sell window check: start=0935 end=1555 now=1258
2025-09-10 12:58:21,256 ERROR sell-guard: ENPH ARM HARD STOP failed: etrade POST /accounts/kW8LbkuGisPCK9Ey7C8iWA/orders/preview.json -> 400: {'Error': {'code': 2084, 'message': 'IMPORTANT: The stop price must be at least $0.01 below the current bid price for sell orders ($0.01 below the most recent closing price if the market is closed). Please adjust the stop price and resubmit your order.'}}
2025-09-10 12:58:22,400 ERROR sell-guard: ENPH STOP MARKET fallback failed: etrade POST /accounts/kW8LbkuGisPCK9Ey7C8iWA/orders/place.json -> 500: {'Error': {'code': 100, 'message': 'The requested service is not currently available, please try after sometime.'}}
2025-09-10 12:58:25,710 INFO sell-guard: [SG] WBD: last=12.21 entry=12.21 pnl=+4 bps (tp=200 stop=100) hold=2692m lim=12.21 free=1 -> stop=False tp=False timeout=False
2025-09-10 12:58:25,711 DEBUG sell-guard: sell window check: start=0935 end=1555 now=1258
2025-09-10 12:58:25,713 INFO sell-guard: ⏱ heartbeat: loop alive (account=kW8LbkuGisPCK9Ey7C8iWA)
2025-09-10 12:58:25,714 INFO sell-guard: E*TRADE unstable; skipping tick (circuit open, 43s left)
2025-09-10 12:58:55,716 INFO sell-guard: ⏱ heartbeat: loop alive (account=kW8LbkuGisPCK9Ey7C8iWA)
2025-09-10 12:58:55,717 INFO sell-guard: E*TRADE unstable; skipping tick (circuit open, 13s left)
2025-09-10 12:59:25,719 INFO sell-guard: ⏱ heartbeat: loop alive (account=kW8LbkuGisPCK9Ey7C8iWA)
2025-09-10 12:59:26,275 INFO sell-guard: positions via get_positions -> 21 symbol(s)
2025-09-10 12:59:26,276 INFO sell-guard: Managing 7 symbol(s): CVS,SWKS,PCG,NCLH,IVZ,ENPH,WBD
2025-09-10 12:59:32,056 INFO sell-guard: [SG] CVS: last=72.85 entry=70.96 pnl=+266 bps (tp=200 stop=100) hold=1430m lim=72.84 free=1 -> stop=False tp=True timeout=False
2025-09-10 12:59:32,057 DEBUG sell-guard: sell window check: start=0935 end=1555 now=1259
2025-09-10 12:59:33,834 WARNING sell-guard: CVS SELL place 500/code100 (try 1/4), backing off 2.0s
2025-09-10 12:59:37,020 WARNING sell-guard: CVS SELL place 500/code100 (try 2/4), backing off 3.2s
2025-09-10 12:59:41,578 WARNING sell-guard: CVS SELL place 500/code100 (try 3/4), backing off 5.1s
2025-09-10 12:59:48,307 WARNING sell-guard: CVS SELL place 500/code100 (try 4/4), backing off 8.2s
2025-09-10 12:59:56,503 WARNING sell-guard: E*TRADE circuit OPEN for 60s due to repeated 500/code100
2025-09-10 12:59:56,512 ERROR sell-guard: CVS SELL_TARGET -> place failed after retries: etrade POST /accounts/kW8LbkuGisPCK9Ey7C8iWA/orders/place.json -> 500: {'Error': {'code': 100, 'message': 'The requested service is not currently available, please try after sometime.'}}
2025-09-10 12:59:59,645 INFO sell-guard: [SG] SWKS: last=72.73 entry=76.23 pnl=-459 bps (tp=200 stop=100) hold=1420m lim=72.71 free=1 -> stop=True tp=False timeout=False
2025-09-10 12:59:59,648 DEBUG sell-guard: sell window check: start=0935 end=1555 now=1259
2025-09-10 12:59:59,817 ERROR sell-guard: SWKS ARM HARD STOP failed: etrade POST /accounts/kW8LbkuGisPCK9Ey7C8iWA/orders/preview.json -> 400: {'Error': {'code': 2084, 'message': 'IMPORTANT: The stop price must be at least $0.01 below the current bid price for sell orders ($0.01 below the most recent closing price if the market is closed). Please adjust the stop price and resubmit your order.'}}
2025-09-10 13:00:00,770 ERROR sell-guard: SWKS STOP MARKET fallback failed: etrade POST /accounts/kW8LbkuGisPCK9Ey7C8iWA/orders/place.json -> 500: {'Error': {'code': 100, 'message': 'The requested service is not currently available, please try after sometime.'}}
2025-09-10 13:00:03,958 INFO sell-guard: [SG] PCG: last=15.45 entry=14.86 pnl=+394 bps (tp=200 stop=100) hold=1406m lim=15.44 free=1 -> stop=False tp=True timeout=False
2025-09-10 13:00:03,959 DEBUG sell-guard: sell window check: start=0935 end=1555 now=1300
2025-09-10 13:00:05,199 WARNING sell-guard: PCG SELL place 500/code100 (try 1/4), backing off 2.0s
2025-09-10 13:00:08,641 WARNING sell-guard: PCG SELL place 500/code100 (try 2/4), backing off 3.2s
2025-09-10 13:00:13,126 WARNING sell-guard: PCG SELL place 500/code100 (try 3/4), backing off 5.1s
2025-09-10 13:00:19,801 WARNING sell-guard: PCG SELL place 500/code100 (try 4/4), backing off 8.2s
2025-09-10 13:00:27,994 WARNING sell-guard: E*TRADE circuit OPEN for 60s due to repeated 500/code100
2025-09-10 13:00:27,995 ERROR sell-guard: PCG SELL_TARGET -> place failed after retries: etrade POST /accounts/kW8LbkuGisPCK9Ey7C8iWA/orders/place.json -> 500: {'Error': {'code': 100, 'message': 'The requested service is not currently available, please try after sometime.'}}
2025-09-10 13:00:31,236 INFO sell-guard: [SG] NCLH: last=24.93 entry=25.25 pnl=-128 bps (tp=200 stop=100) hold=1433m lim=24.92 free=3 -> stop=True tp=False timeout=False
2025-09-10 13:00:31,238 DEBUG sell-guard: sell window check: start=0935 end=1555 now=1300
2025-09-10 13:00:31,572 ERROR sell-guard: NCLH ARM HARD STOP failed: etrade POST /accounts/kW8LbkuGisPCK9Ey7C8iWA/orders/preview.json -> 400: {'Error': {'code': 2084, 'message': 'IMPORTANT: The stop price must be at least $0.01 below the current bid price for sell orders ($0.01 below the most recent closing price if the market is closed). Please adjust the stop price and resubmit your order.'}}
2025-09-10 13:00:32,382 ERROR sell-guard: NCLH STOP MARKET fallback failed: etrade POST /accounts/kW8LbkuGisPCK9Ey7C8iWA/orders/place.json -> 500: {'Error': {'code': 100, 'message': 'The requested service is not currently available, please try after sometime.'}}
2025-09-10 13:00:35,392 INFO sell-guard: [SG] IVZ: last=22.21 entry=22.35 pnl=-63 bps (tp=200 stop=100) hold=1454m lim=22.21 free=4 -> stop=False tp=False timeout=False
2025-09-10 13:00:35,393 DEBUG sell-guard: sell window check: start=0935 end=1555 now=1300
2025-09-10 13:00:38,654 INFO sell-guard: [SG] ENPH: last=37.81 entry=39.06 pnl=-320 bps (tp=200 stop=100) hold=1447m lim=37.80 free=2 -> stop=True tp=False timeout=False
2025-09-10 13:00:38,655 DEBUG sell-guard: sell window check: start=0935 end=1555 now=1300
2025-09-10 13:00:39,143 ERROR sell-guard: ENPH ARM HARD STOP failed: etrade POST /accounts/kW8LbkuGisPCK9Ey7C8iWA/orders/preview.json -> 400: {'Error': {'code': 2084, 'message': 'IMPORTANT: The stop price must be at least $0.01 below the current bid price for sell orders ($0.01 below the most recent closing price if the market is closed). Please adjust the stop price and resubmit your order.'}}
2025-09-10 13:00:39,935 ERROR sell-guard: ENPH STOP MARKET fallback failed: etrade POST /accounts/kW8LbkuGisPCK9Ey7C8iWA/orders/place.json -> 500: {'Error': {'code': 100, 'message': 'The requested service is not currently available, please try after sometime.'}}
2025-09-10 13:00:43,059 INFO sell-guard: [SG] WBD: last=12.18 entry=12.21 pnl=-25 bps (tp=200 stop=100) hold=2694m lim=12.18 free=1 -> stop=False tp=False timeout=False
2025-09-10 13:00:43,060 DEBUG sell-guard: sell window check: start=0935 end=1555 now=1300
2025-09-10 13:00:43,063 INFO sell-guard: ⏱ heartbeat: loop alive (account=kW8LbkuGisPCK9Ey7C8iWA)
2025-09-10 13:00:43,064 INFO sell-guard: E*TRADE unstable; skipping tick (circuit open, 44s left)
2025-09-10 13:01:13,066 INFO sell-guard: ⏱ heartbeat: loop alive (account=kW8LbkuGisPCK9Ey7C8iWA)
2025-09-10 13:01:13,066 INFO sell-guard: E*TRADE unstable; skipping tick (circuit open, 14s left)
2025-09-10 13:01:43,070 INFO sell-guard: ⏱ heartbeat: loop alive (account=kW8LbkuGisPCK9Ey7C8iWA)
2025-09-10 13:01:43,584 INFO sell-guard: positions via get_positions -> 21 symbol(s)
2025-09-10 13:01:43,584 INFO sell-guard: Managing 7 symbol(s): CVS,SWKS,PCG,NCLH,IVZ,ENPH,WBD
2025-09-10 13:01:48,529 INFO sell-guard: [SG] CVS: last=72.88 entry=70.96 pnl=+271 bps (tp=200 stop=100) hold=1432m lim=72.86 free=1 -> stop=False tp=True timeout=False
2025-09-10 13:01:48,530 DEBUG sell-guard: sell window check: start=0935 end=1555 now=1301
2025-09-10 13:01:49,786 WARNING sell-guard: CVS SELL place 500/code100 (try 1/4), backing off 2.0s
2025-09-10 13:01:52,692 WARNING sell-guard: CVS SELL place 500/code100 (try 2/4), backing off 3.2s
2025-09-10 13:01:57,101 WARNING sell-guard: CVS SELL place 500/code100 (try 3/4), backing off 5.1s
2025-09-10 13:02:03,205 WARNING sell-guard: CVS SELL place 500/code100 (try 4/4), backing off 8.2s
2025-09-10 13:02:11,400 WARNING sell-guard: E*TRADE circuit OPEN for 60s due to repeated 500/code100
2025-09-10 13:02:11,401 ERROR sell-guard: CVS SELL_TARGET -> place failed after retries: etrade POST /accounts/kW8LbkuGisPCK9Ey7C8iWA/orders/place.json -> 500: {'Error': {'code': 100, 'message': 'The requested service is not currently available, please try after sometime.'}}
2025-09-10 13:02:14,485 INFO sell-guard: [SG] SWKS: last=72.81 entry=76.23 pnl=-449 bps (tp=200 stop=100) hold=1422m lim=72.78 free=1 -> stop=True tp=False timeout=False
2025-09-10 13:02:14,486 DEBUG sell-guard: sell window check: start=0935 end=1555 now=1302
2025-09-10 13:02:14,799 ERROR sell-guard: SWKS ARM HARD STOP failed: etrade POST /accounts/kW8LbkuGisPCK9Ey7C8iWA/orders/preview.json -> 400: {'Error': {'code': 2084, 'message': 'IMPORTANT: The stop price must be at least $0.01 below the current bid price for sell orders ($0.01 below the most recent closing price if the market is closed). Please adjust the stop price and resubmit your order.'}}
2025-09-10 13:02:15,833 ERROR sell-guard: SWKS STOP MARKET fallback failed: etrade POST /accounts/kW8LbkuGisPCK9Ey7C8iWA/orders/place.json -> 500: {'Error': {'code': 100, 'message': 'The requested service is not currently available, please try after sometime.'}}
2025-09-10 13:02:18,991 INFO sell-guard: [SG] PCG: last=15.43 entry=14.86 pnl=+380 bps (tp=200 stop=100) hold=1408m lim=15.41 free=1 -> stop=False tp=True timeout=False
2025-09-10 13:02:18,993 DEBUG sell-guard: sell window check: start=0935 end=1555 now=1302
2025-09-10 13:02:20,158 WARNING sell-guard: PCG SELL place 500/code100 (try 1/4), backing off 2.0s
2025-09-10 13:02:23,818 WARNING sell-guard: PCG SELL place 500/code100 (try 2/4), backing off 3.2s
2025-09-10 13:02:28,102 WARNING sell-guard: PCG SELL place 500/code100 (try 3/4), backing off 5.1s
2025-09-10 13:02:34,570 WARNING sell-guard: PCG SELL place 500/code100 (try 4/4), backing off 8.2s
2025-09-10 13:02:42,769 WARNING sell-guard: E*TRADE circuit OPEN for 60s due to repeated 500/code100
2025-09-10 13:02:42,770 ERROR sell-guard: PCG SELL_TARGET -> place failed after retries: etrade POST /accounts/kW8LbkuGisPCK9Ey7C8iWA/orders/place.json -> 500: {'Error': {'code': 100, 'message': 'The requested service is not currently available, please try after sometime.'}}
2025-09-10 13:02:46,022 INFO sell-guard: [SG] NCLH: last=24.88 entry=25.25 pnl=-144 bps (tp=200 stop=100) hold=1435m lim=24.88 free=3 -> stop=True tp=False timeout=False
2025-09-10 13:02:46,024 DEBUG sell-guard: sell window check: start=0935 end=1555 now=1302
2025-09-10 13:02:46,215 ERROR sell-guard: NCLH ARM HARD STOP failed: etrade POST /accounts/kW8LbkuGisPCK9Ey7C8iWA/orders/preview.json -> 400: {'Error': {'code': 2084, 'message': 'IMPORTANT: The stop price must be at least $0.01 below the current bid price for sell orders ($0.01 below the most recent closing price if the market is closed). Please adjust the stop price and resubmit your order.'}}
2025-09-10 13:02:47,534 ERROR sell-guard: NCLH STOP MARKET fallback failed: etrade POST /accounts/kW8LbkuGisPCK9Ey7C8iWA/orders/place.json -> 500: {'Error': {'code': 100, 'message': 'The requested service is not currently available, please try after sometime.'}}
2025-09-10 13:02:50,650 INFO sell-guard: [SG] IVZ: last=22.20 entry=22.35 pnl=-67 bps (tp=200 stop=100) hold=1456m lim=22.20 free=4 -> stop=False tp=False timeout=False
2025-09-10 13:02:50,657 DEBUG sell-guard: sell window check: start=0935 end=1555 now=1302
2025-09-10 13:02:54,143 INFO sell-guard: [SG] ENPH: last=37.79 entry=39.06 pnl=-325 bps (tp=200 stop=100) hold=1449m lim=37.79 free=2 -> stop=True tp=False timeout=False
2025-09-10 13:02:54,144 DEBUG sell-guard: sell window check: start=0935 end=1555 now=1302
2025-09-10 13:02:54,577 ERROR sell-guard: ENPH ARM HARD STOP failed: etrade POST /accounts/kW8LbkuGisPCK9Ey7C8iWA/orders/preview.json -> 400: {'Error': {'code': 2084, 'message': 'IMPORTANT: The stop price must be at least $0.01 below the current bid price for sell orders ($0.01 below the most recent closing price if the market is closed). Please adjust the stop price and resubmit your order.'}}
2025-09-10 13:02:55,667 ERROR sell-guard: ENPH STOP MARKET fallback failed: etrade POST /accounts/kW8LbkuGisPCK9Ey7C8iWA/orders/place.json -> 500: {'Error': {'code': 100, 'message': 'The requested service is not currently available, please try after sometime.'}}
2025-09-10 13:02:58,650 INFO sell-guard: [SG] WBD: last=12.19 entry=12.21 pnl=-19 bps (tp=200 stop=100) hold=2697m lim=12.18 free=1 -> stop=False tp=False timeout=False
2025-09-10 13:02:58,669 DEBUG sell-guard: sell window check: start=0935 end=1555 now=1302
2025-09-10 13:02:58,715 INFO sell-guard: ⏱ heartbeat: loop alive (account=kW8LbkuGisPCK9Ey7C8iWA)
2025-09-10 13:02:58,725 INFO sell-guard: E*TRADE unstable; skipping tick (circuit open, 44s left)
2025-09-10 13:03:28,752 INFO sell-guard: ⏱ heartbeat: loop alive (account=kW8LbkuGisPCK9Ey7C8iWA)
2025-09-10 13:03:28,754 INFO sell-guard: E*TRADE unstable; skipping tick (circuit open, 14s left)
2025-09-10 13:03:58,761 INFO sell-guard: ⏱ heartbeat: loop alive (account=kW8LbkuGisPCK9Ey7C8iWA)
2025-09-10 13:03:59,568 INFO sell-guard: positions via get_positions -> 21 symbol(s)
2025-09-10 13:03:59,570 INFO sell-guard: Managing 7 symbol(s): CVS,SWKS,PCG,NCLH,IVZ,ENPH,WBD
2025-09-10 13:04:04,668 INFO sell-guard: [SG] CVS: last=72.99 entry=70.96 pnl=+286 bps (tp=200 stop=100) hold=1435m lim=72.97 free=1 -> stop=False tp=True timeout=False
2025-09-10 13:04:04,670 DEBUG sell-guard: sell window check: start=0935 end=1555 now=1304
2025-09-10 13:04:05,529 WARNING sell-guard: CVS SELL place 500/code100 (try 1/4), backing off 2.0s
2025-09-10 13:04:08,762 WARNING sell-guard: CVS SELL place 500/code100 (try 2/4), backing off 3.2s
2025-09-10 13:04:13,136 WARNING sell-guard: CVS SELL place 500/code100 (try 3/4), backing off 5.1s
2025-09-10 13:04:19,470 WARNING sell-guard: CVS SELL place 500/code100 (try 4/4), backing off 8.2s
2025-09-10 13:04:27,663 WARNING sell-guard: E*TRADE circuit OPEN for 60s due to repeated 500/code100
2025-09-10 13:04:27,664 ERROR sell-guard: CVS SELL_TARGET -> place failed after retries: etrade POST /accounts/kW8LbkuGisPCK9Ey7C8iWA/orders/place.json -> 500: {'Error': {'code': 100, 'message': 'The requested service is not currently available, please try after sometime.'}}
2025-09-10 13:04:30,887 INFO sell-guard: [SG] SWKS: last=72.96 entry=76.23 pnl=-429 bps (tp=200 stop=100) hold=1424m lim=72.90 free=1 -> stop=True tp=False timeout=False
2025-09-10 13:04:30,889 DEBUG sell-guard: sell window check: start=0935 end=1555 now=1304
2025-09-10 13:04:31,091 ERROR sell-guard: SWKS ARM HARD STOP failed: etrade POST /accounts/kW8LbkuGisPCK9Ey7C8iWA/orders/preview.json -> 400: {'Error': {'code': 2084, 'message': 'IMPORTANT: The stop price must be at least $0.01 below the current bid price for sell orders ($0.01 below the most recent closing price if the market is closed). Please adjust the stop price and resubmit your order.'}}
2025-09-10 13:04:32,216 ERROR sell-guard: SWKS STOP MARKET fallback failed: etrade POST /accounts/kW8LbkuGisPCK9Ey7C8iWA/orders/place.json -> 500: {'Error': {'code': 100, 'message': 'The requested service is not currently available, please try after sometime.'}}
2025-09-10 13:04:35,765 INFO sell-guard: [SG] PCG: last=15.45 entry=14.86 pnl=+395 bps (tp=200 stop=100) hold=1410m lim=15.44 free=1 -> stop=False tp=True timeout=False
2025-09-10 13:04:35,767 DEBUG sell-guard: sell window check: start=0935 end=1555 now=1304
2025-09-10 13:04:36,785 WARNING sell-guard: PCG SELL place 500/code100 (try 1/4), backing off 2.0s
2025-09-10 13:04:39,769 WARNING sell-guard: PCG SELL place 500/code100 (try 2/4), backing off 3.2s
2025-09-10 13:04:44,254 WARNING sell-guard: PCG SELL place 500/code100 (try 3/4), backing off 5.1s
2025-09-10 13:04:50,374 WARNING sell-guard: PCG SELL place 500/code100 (try 4/4), backing off 8.2s
2025-09-10 13:04:58,568 WARNING sell-guard: E*TRADE circuit OPEN for 60s due to repeated 500/code100
2025-09-10 13:04:58,569 ERROR sell-guard: PCG SELL_TARGET -> place failed after retries: etrade POST /accounts/kW8LbkuGisPCK9Ey7C8iWA/orders/place.json -> 500: {'Error': {'code': 100, 'message': 'The requested service is not currently available, please try after sometime.'}}
2025-09-10 13:05:01,878 INFO sell-guard: [SG] NCLH: last=24.92 entry=25.25 pnl=-130 bps (tp=200 stop=100) hold=1437m lim=24.91 free=3 -> stop=True tp=False timeout=False
2025-09-10 13:05:01,879 DEBUG sell-guard: sell window check: start=0935 end=1555 now=1305
2025-09-10 13:05:02,048 ERROR sell-guard: NCLH ARM HARD STOP failed: etrade POST /accounts/kW8LbkuGisPCK9Ey7C8iWA/orders/preview.json -> 400: {'Error': {'code': 2084, 'message': 'IMPORTANT: The stop price must be at least $0.01 below the current bid price for sell orders ($0.01 below the most recent closing price if the market is closed). Please adjust the stop price and resubmit your order.'}}
2025-09-10 13:05:02,972 ERROR sell-guard: NCLH STOP MARKET fallback failed: etrade POST /accounts/kW8LbkuGisPCK9Ey7C8iWA/orders/place.json -> 500: {'Error': {'code': 100, 'message': 'The requested service is not currently available, please try after sometime.'}}
2025-09-10 13:05:06,237 INFO sell-guard: [SG] IVZ: last=22.25 entry=22.35 pnl=-47 bps (tp=200 stop=100) hold=1458m lim=22.25 free=4 -> stop=False tp=False timeout=False
2025-09-10 13:05:06,239 DEBUG sell-guard: sell window check: start=0935 end=1555 now=1305
2025-09-10 13:05:08,555 INFO sell-guard: [SG] ENPH: last=37.92 entry=39.06 pnl=-292 bps (tp=200 stop=100) hold=? lim=37.91 free=2 -> stop=True tp=False timeout=False
2025-09-10 13:05:08,556 DEBUG sell-guard: sell window check: start=0935 end=1555 now=1305
2025-09-10 13:05:08,807 ERROR sell-guard: ENPH ARM HARD STOP failed: etrade POST /accounts/kW8LbkuGisPCK9Ey7C8iWA/orders/preview.json -> 400: {'Error': {'code': 2084, 'message': 'IMPORTANT: The stop price must be at least $0.01 below the current bid price for sell orders ($0.01 below the most recent closing price if the market is closed). Please adjust the stop price and resubmit your order.'}}
2025-09-10 13:05:09,578 ERROR sell-guard: ENPH STOP MARKET fallback failed: etrade POST /accounts/kW8LbkuGisPCK9Ey7C8iWA/orders/place.json -> 500: {'Error': {'code': 100, 'message': 'The requested service is not currently available, please try after sometime.'}}
2025-09-10 13:21:59,368 INFO sell-guard: config source: C:\TradeAlerts\sell_guard_settings.json
2025-09-10 13:21:59,369 INFO sell-guard: env: ETRADE_ENV=production  PYTHONPATH=None
2025-09-10 13:21:59,370 INFO sell-guard: ⏱ heartbeat: loop alive (account=?)
2025-09-10 13:21:59,371 DEBUG sell-guard: tick: polling positions & quotes…
2025-09-10 13:21:59,679 INFO sell-guard: [LIVE] Using accountIdKey=kW8LbkuGisPCK9Ey7C8iWA
2025-09-10 13:21:59,680 INFO sell-guard: [CFG] mode=live tp=200 bps stop=100 bps max_hold=100000m limit_from=bid offset=0 bps throttle=30.0s ext_hours=False fallback=SELL_STOP,SELL_TARGET,TIMEOUT
2025-09-10 13:22:00,183 INFO sell-guard: positions via get_positions -> 21 symbol(s)
2025-09-10 13:22:00,184 INFO sell-guard: Managing 7 symbol(s): CVS,SWKS,PCG,NCLH,IVZ,ENPH,WBD
2025-09-10 13:22:04,991 INFO sell-guard: [SG] CVS: last=73.14 entry=70.96 pnl=+307 bps (tp=200 stop=100) hold=1453m lim=73.12 free=1 -> stop=False tp=True timeout=False
2025-09-10 13:22:04,992 DEBUG sell-guard: sell window check: start=0935 end=1555 now=1322
2025-09-10 13:22:05,749 WARNING sell-guard: CVS SELL place 500/code100 (try 1/4), backing off 2.0s
2025-09-10 13:22:08,459 WARNING sell-guard: CVS SELL place 500/code100 (try 2/4), backing off 3.2s
2025-09-10 13:22:12,499 WARNING sell-guard: CVS SELL place 500/code100 (try 3/4), backing off 5.1s
2025-09-10 13:22:18,487 WARNING sell-guard: CVS SELL place 500/code100 (try 4/4), backing off 8.2s
2025-09-10 13:22:26,680 WARNING sell-guard: E*TRADE circuit OPEN for 60s due to repeated 500/code100
2025-09-10 13:22:26,681 ERROR sell-guard: CVS SELL_TARGET -> place failed after retries: etrade POST /accounts/kW8LbkuGisPCK9Ey7C8iWA/orders/place.json -> 500: {'Error': {'code': 100, 'message': 'The requested service is not currently available, please try after sometime.'}}
2025-09-10 13:22:29,661 INFO sell-guard: [SG] SWKS: last=72.56 entry=76.23 pnl=-481 bps (tp=200 stop=100) hold=1442m lim=72.55 free=1 -> stop=True tp=False timeout=False
2025-09-10 13:22:29,665 DEBUG sell-guard: sell window check: start=0935 end=1555 now=1322
2025-09-10 13:22:29,909 ERROR sell-guard: SWKS ARM HARD STOP failed: etrade POST /accounts/kW8LbkuGisPCK9Ey7C8iWA/orders/preview.json -> 400: {'Error': {'code': 2084, 'message': 'IMPORTANT: The stop price must be at least $0.01 below the current bid price for sell orders ($0.01 below the most recent closing price if the market is closed). Please adjust the stop price and resubmit your order.'}}
2025-09-10 13:22:30,730 ERROR sell-guard: SWKS STOP MARKET fallback failed: etrade POST /accounts/kW8LbkuGisPCK9Ey7C8iWA/orders/place.json -> 500: {'Error': {'code': 100, 'message': 'The requested service is not currently available, please try after sometime.'}}
2025-09-10 13:22:33,474 INFO sell-guard: [SG] PCG: last=15.40 entry=14.86 pnl=+367 bps (tp=200 stop=100) hold=1428m lim=15.40 free=1 -> stop=False tp=True timeout=False
2025-09-10 13:22:33,475 DEBUG sell-guard: sell window check: start=0935 end=1555 now=1322
2025-09-10 13:22:34,196 WARNING sell-guard: PCG SELL place 500/code100 (try 1/4), backing off 2.0s
2025-09-10 13:22:36,898 WARNING sell-guard: PCG SELL place 500/code100 (try 2/4), backing off 3.2s
2025-09-10 13:22:40,945 WARNING sell-guard: PCG SELL place 500/code100 (try 3/4), backing off 5.1s
2025-09-10 13:22:46,744 WARNING sell-guard: PCG SELL place 500/code100 (try 4/4), backing off 8.2s
2025-09-10 13:22:54,938 WARNING sell-guard: E*TRADE circuit OPEN for 60s due to repeated 500/code100
2025-09-10 13:22:56,022 ERROR sell-guard: PCG SELL_TARGET -> place failed after retries: etrade POST /accounts/kW8LbkuGisPCK9Ey7C8iWA/orders/place.json -> 500: {'Error': {'code': 100, 'message': 'The requested service is not currently available, please try after sometime.'}}
2025-09-10 13:22:58,729 INFO sell-guard: [SG] NCLH: last=24.80 entry=25.25 pnl=-176 bps (tp=200 stop=100) hold=1455m lim=24.80 free=3 -> stop=True tp=False timeout=False
2025-09-10 13:22:58,730 DEBUG sell-guard: sell window check: start=0935 end=1555 now=1322
2025-09-10 13:22:58,919 ERROR sell-guard: NCLH ARM HARD STOP failed: etrade POST /accounts/kW8LbkuGisPCK9Ey7C8iWA/orders/preview.json -> 400: {'Error': {'code': 2084, 'message': 'IMPORTANT: The stop price must be at least $0.01 below the current bid price for sell orders ($0.01 below the most recent closing price if the market is closed). Please adjust the stop price and resubmit your order.'}}
2025-09-10 13:22:59,685 ERROR sell-guard: NCLH STOP MARKET fallback failed: etrade POST /accounts/kW8LbkuGisPCK9Ey7C8iWA/orders/place.json -> 500: {'Error': {'code': 100, 'message': 'The requested service is not currently available, please try after sometime.'}}
2025-09-10 13:23:02,338 INFO sell-guard: [SG] IVZ: last=22.15 entry=22.35 pnl=-89 bps (tp=200 stop=100) hold=1476m lim=22.15 free=4 -> stop=False tp=False timeout=False
2025-09-10 13:23:02,340 DEBUG sell-guard: sell window check: start=0935 end=1555 now=1323
2025-09-10 13:23:05,242 INFO sell-guard: [SG] ENPH: last=37.51 entry=39.06 pnl=-398 bps (tp=200 stop=100) hold=1470m lim=37.49 free=2 -> stop=True tp=False timeout=False
2025-09-10 13:23:05,243 DEBUG sell-guard: sell window check: start=0935 end=1555 now=1323
2025-09-10 13:23:05,404 ERROR sell-guard: ENPH ARM HARD STOP failed: etrade POST /accounts/kW8LbkuGisPCK9Ey7C8iWA/orders/preview.json -> 400: {'Error': {'code': 2084, 'message': 'IMPORTANT: The stop price must be at least $0.01 below the current bid price for sell orders ($0.01 below the most recent closing price if the market is closed). Please adjust the stop price and resubmit your order.'}}
2025-09-10 13:23:06,251 ERROR sell-guard: ENPH STOP MARKET fallback failed: etrade POST /accounts/kW8LbkuGisPCK9Ey7C8iWA/orders/place.json -> 500: {'Error': {'code': 100, 'message': 'The requested service is not currently available, please try after sometime.'}}
2025-09-10 13:23:09,378 INFO sell-guard: [SG] WBD: last=12.15 entry=12.21 pnl=-45 bps (tp=200 stop=100) hold=2717m lim=12.15 free=1 -> stop=False tp=False timeout=False
2025-09-10 13:23:09,549 DEBUG sell-guard: sell window check: start=0935 end=1555 now=1323
2025-09-10 13:23:09,551 INFO sell-guard: ⏱ heartbeat: loop alive (account=kW8LbkuGisPCK9Ey7C8iWA)
2025-09-10 13:23:09,566 INFO sell-guard: E*TRADE unstable; skipping tick (circuit open, 45s left)
2025-09-10 13:23:39,568 INFO sell-guard: ⏱ heartbeat: loop alive (account=kW8LbkuGisPCK9Ey7C8iWA)
2025-09-10 13:23:39,570 INFO sell-guard: E*TRADE unstable; skipping tick (circuit open, 15s left)
2025-09-10 13:24:09,574 INFO sell-guard: ⏱ heartbeat: loop alive (account=kW8LbkuGisPCK9Ey7C8iWA)
2025-09-10 13:24:10,045 INFO sell-guard: positions via get_positions -> 21 symbol(s)
2025-09-10 13:24:10,050 INFO sell-guard: Managing 7 symbol(s): CVS,SWKS,PCG,NCLH,IVZ,ENPH,WBD
2025-09-10 13:24:15,190 INFO sell-guard: [SG] CVS: last=73.11 entry=70.96 pnl=+302 bps (tp=200 stop=100) hold=1455m lim=73.10 free=1 -> stop=False tp=True timeout=False
2025-09-10 13:24:15,196 DEBUG sell-guard: sell window check: start=0935 end=1555 now=1324
2025-09-10 13:24:16,022 WARNING sell-guard: CVS SELL place 500/code100 (try 1/4), backing off 2.0s
2025-09-10 13:24:18,939 WARNING sell-guard: CVS SELL place 500/code100 (try 2/4), backing off 3.2s
2025-09-10 13:24:23,017 WARNING sell-guard: CVS SELL place 500/code100 (try 3/4), backing off 5.1s
2025-09-10 13:24:29,048 WARNING sell-guard: CVS SELL place 500/code100 (try 4/4), backing off 8.2s
2025-09-10 13:24:37,242 WARNING sell-guard: E*TRADE circuit OPEN for 60s due to repeated 500/code100
2025-09-10 13:24:37,243 ERROR sell-guard: CVS SELL_TARGET -> place failed after retries: etrade POST /accounts/kW8LbkuGisPCK9Ey7C8iWA/orders/place.json -> 500: {'Error': {'code': 100, 'message': 'The requested service is not currently available, please try after sometime.'}}
2025-09-10 13:24:40,238 INFO sell-guard: [SG] SWKS: last=72.44 entry=76.23 pnl=-497 bps (tp=200 stop=100) hold=1444m lim=72.43 free=1 -> stop=True tp=False timeout=False
2025-09-10 13:24:40,239 DEBUG sell-guard: sell window check: start=0935 end=1555 now=1324
2025-09-10 13:24:40,545 ERROR sell-guard: SWKS ARM HARD STOP failed: etrade POST /accounts/kW8LbkuGisPCK9Ey7C8iWA/orders/preview.json -> 400: {'Error': {'code': 2084, 'message': 'IMPORTANT: The stop price must be at least $0.01 below the current bid price for sell orders ($0.01 below the most recent closing price if the market is closed). Please adjust the stop price and resubmit your order.'}}
2025-09-10 13:24:41,370 ERROR sell-guard: SWKS STOP MARKET fallback failed: etrade POST /accounts/kW8LbkuGisPCK9Ey7C8iWA/orders/place.json -> 500: {'Error': {'code': 100, 'message': 'The requested service is not currently available, please try after sometime.'}}
2025-09-10 13:24:44,429 INFO sell-guard: [SG] PCG: last=15.41 entry=14.86 pnl=+373 bps (tp=200 stop=100) hold=1431m lim=15.41 free=1 -> stop=False tp=True timeout=False
2025-09-10 13:24:44,433 DEBUG sell-guard: sell window check: start=0935 end=1555 now=1324
2025-09-10 13:24:45,697 WARNING sell-guard: PCG SELL place 500/code100 (try 1/4), backing off 2.0s
2025-09-10 13:24:48,625 WARNING sell-guard: PCG SELL place 500/code100 (try 2/4), backing off 3.2s
2025-09-10 13:24:52,622 WARNING sell-guard: PCG SELL place 500/code100 (try 3/4), backing off 5.1s
2025-09-10 13:24:59,034 WARNING sell-guard: PCG SELL place 500/code100 (try 4/4), backing off 8.2s
2025-09-10 13:25:07,229 WARNING sell-guard: E*TRADE circuit OPEN for 60s due to repeated 500/code100
2025-09-10 13:25:07,231 ERROR sell-guard: PCG SELL_TARGET -> place failed after retries: etrade POST /accounts/kW8LbkuGisPCK9Ey7C8iWA/orders/place.json -> 500: {'Error': {'code': 100, 'message': 'The requested service is not currently available, please try after sometime.'}}
2025-09-10 13:25:11,149 INFO sell-guard: [SG] NCLH: last=24.80 entry=25.25 pnl=-180 bps (tp=200 stop=100) hold=1458m lim=24.79 free=3 -> stop=True tp=False timeout=False
2025-09-10 13:25:11,150 DEBUG sell-guard: sell window check: start=0935 end=1555 now=1325
2025-09-10 13:25:11,750 ERROR sell-guard: NCLH ARM HARD STOP failed: etrade POST /accounts/kW8LbkuGisPCK9Ey7C8iWA/orders/preview.json -> 400: {'Error': {'code': 2084, 'message': 'IMPORTANT: The stop price must be at least $0.01 below the current bid price for sell orders ($0.01 below the most recent closing price if the market is closed). Please adjust the stop price and resubmit your order.'}}
2025-09-10 13:25:12,492 ERROR sell-guard: NCLH STOP MARKET fallback failed: etrade POST /accounts/kW8LbkuGisPCK9Ey7C8iWA/orders/place.json -> 500: {'Error': {'code': 100, 'message': 'The requested service is not currently available, please try after sometime.'}}
2025-09-10 13:25:16,177 INFO sell-guard: [SG] IVZ: last=22.15 entry=22.35 pnl=-88 bps (tp=200 stop=100) hold=1478m lim=22.15 free=4 -> stop=False tp=False timeout=False
2025-09-10 13:25:16,178 DEBUG sell-guard: sell window check: start=0935 end=1555 now=1325
2025-09-10 13:25:19,592 INFO sell-guard: [SG] ENPH: last=37.45 entry=39.06 pnl=-412 bps (tp=200 stop=100) hold=1472m lim=37.44 free=2 -> stop=True tp=False timeout=False
2025-09-10 13:25:19,593 DEBUG sell-guard: sell window check: start=0935 end=1555 now=1325
2025-09-10 13:25:19,764 ERROR sell-guard: ENPH ARM HARD STOP failed: etrade POST /accounts/kW8LbkuGisPCK9Ey7C8iWA/orders/preview.json -> 400: {'Error': {'code': 2084, 'message': 'IMPORTANT: The stop price must be at least $0.01 below the current bid price for sell orders ($0.01 below the most recent closing price if the market is closed). Please adjust the stop price and resubmit your order.'}}
2025-09-10 13:25:20,751 ERROR sell-guard: ENPH STOP MARKET fallback failed: etrade POST /accounts/kW8LbkuGisPCK9Ey7C8iWA/orders/place.json -> 500: {'Error': {'code': 100, 'message': 'The requested service is not currently available, please try after sometime.'}}
2025-09-10 13:25:23,857 INFO sell-guard: [SG] WBD: last=12.14 entry=12.21 pnl=-53 bps (tp=200 stop=100) hold=2719m lim=12.14 free=1 -> stop=False tp=False timeout=False
2025-09-10 13:25:23,858 DEBUG sell-guard: sell window check: start=0935 end=1555 now=1325
2025-09-10 13:25:23,860 INFO sell-guard: ⏱ heartbeat: loop alive (account=kW8LbkuGisPCK9Ey7C8iWA)
2025-09-10 13:25:23,861 INFO sell-guard: E*TRADE unstable; skipping tick (circuit open, 43s left)
2025-09-10 13:25:53,862 INFO sell-guard: ⏱ heartbeat: loop alive (account=kW8LbkuGisPCK9Ey7C8iWA)
2025-09-10 13:25:53,864 INFO sell-guard: E*TRADE unstable; skipping tick (circuit open, 13s left)
2025-09-10 13:26:23,873 INFO sell-guard: ⏱ heartbeat: loop alive (account=kW8LbkuGisPCK9Ey7C8iWA)
2025-09-10 13:26:24,405 INFO sell-guard: positions via get_positions -> 21 symbol(s)
2025-09-10 13:26:24,406 INFO sell-guard: Managing 7 symbol(s): CVS,SWKS,PCG,NCLH,IVZ,ENPH,WBD
2025-09-10 13:26:29,887 INFO sell-guard: [SG] CVS: last=73.16 entry=70.96 pnl=+310 bps (tp=200 stop=100) hold=1457m lim=73.16 free=1 -> stop=False tp=True timeout=False
2025-09-10 13:26:29,888 DEBUG sell-guard: sell window check: start=0935 end=1555 now=1326
2025-09-10 13:26:31,428 WARNING sell-guard: CVS SELL place 500/code100 (try 1/4), backing off 2.0s
2025-09-10 13:26:34,273 WARNING sell-guard: CVS SELL place 500/code100 (try 2/4), backing off 3.2s
2025-09-10 13:26:38,788 WARNING sell-guard: CVS SELL place 500/code100 (try 3/4), backing off 5.1s
2025-09-10 13:26:45,377 WARNING sell-guard: CVS SELL place 500/code100 (try 4/4), backing off 8.2s
2025-09-10 13:26:53,576 WARNING sell-guard: E*TRADE circuit OPEN for 60s due to repeated 500/code100
2025-09-10 13:26:53,576 ERROR sell-guard: CVS SELL_TARGET -> place failed after retries: etrade POST /accounts/kW8LbkuGisPCK9Ey7C8iWA/orders/place.json -> 500: {'Error': {'code': 100, 'message': 'The requested service is not currently available, please try after sometime.'}}
2025-09-10 13:26:57,987 INFO sell-guard: [SG] SWKS: last=72.53 entry=76.23 pnl=-485 bps (tp=200 stop=100) hold=1627m lim=72.52 free=1 -> stop=True tp=False timeout=False
2025-09-10 13:26:57,988 DEBUG sell-guard: sell window check: start=0935 end=1555 now=1326
2025-09-10 13:26:58,135 ERROR sell-guard: SWKS ARM HARD STOP failed: etrade POST /accounts/kW8LbkuGisPCK9Ey7C8iWA/orders/preview.json -> 400: {'Error': {'code': 2084, 'message': 'IMPORTANT: The stop price must be at least $0.01 below the current bid price for sell orders ($0.01 below the most recent closing price if the market is closed). Please adjust the stop price and resubmit your order.'}}
2025-09-10 13:26:59,283 ERROR sell-guard: SWKS STOP MARKET fallback failed: etrade POST /accounts/kW8LbkuGisPCK9Ey7C8iWA/orders/place.json -> 500: {'Error': {'code': 100, 'message': 'The requested service is not currently available, please try after sometime.'}}
2025-09-10 13:27:03,363 INFO sell-guard: [SG] PCG: last=15.44 entry=14.86 pnl=+387 bps (tp=200 stop=100) hold=1433m lim=15.43 free=1 -> stop=False tp=True timeout=False
2025-09-10 13:27:03,364 DEBUG sell-guard: sell window check: start=0935 end=1555 now=1327
2025-09-10 13:27:04,471 WARNING sell-guard: PCG SELL place 500/code100 (try 1/4), backing off 2.0s
2025-09-10 13:27:07,571 WARNING sell-guard: PCG SELL place 500/code100 (try 2/4), backing off 3.2s
2025-09-10 13:27:11,622 WARNING sell-guard: PCG SELL place 500/code100 (try 3/4), backing off 5.1s
2025-09-10 13:27:17,604 WARNING sell-guard: PCG SELL place 500/code100 (try 4/4), backing off 8.2s
2025-09-10 13:27:25,797 WARNING sell-guard: E*TRADE circuit OPEN for 60s due to repeated 500/code100
2025-09-10 13:27:25,797 ERROR sell-guard: PCG SELL_TARGET -> place failed after retries: etrade POST /accounts/kW8LbkuGisPCK9Ey7C8iWA/orders/place.json -> 500: {'Error': {'code': 100, 'message': 'The requested service is not currently available, please try after sometime.'}}
2025-09-10 13:27:28,872 INFO sell-guard: [SG] NCLH: last=24.80 entry=25.25 pnl=-178 bps (tp=200 stop=100) hold=1460m lim=24.79 free=3 -> stop=True tp=False timeout=False
2025-09-10 13:27:28,873 DEBUG sell-guard: sell window check: start=0935 end=1555 now=1327
2025-09-10 13:27:29,056 ERROR sell-guard: NCLH ARM HARD STOP failed: etrade POST /accounts/kW8LbkuGisPCK9Ey7C8iWA/orders/preview.json -> 400: {'Error': {'code': 2084, 'message': 'IMPORTANT: The stop price must be at least $0.01 below the current bid price for sell orders ($0.01 below the most recent closing price if the market is closed). Please adjust the stop price and resubmit your order.'}}
2025-09-10 13:27:30,318 ERROR sell-guard: NCLH STOP MARKET fallback failed: etrade POST /accounts/kW8LbkuGisPCK9Ey7C8iWA/orders/place.json -> 500: {'Error': {'code': 100, 'message': 'The requested service is not currently available, please try after sometime.'}}
2025-09-10 13:27:33,927 INFO sell-guard: [SG] IVZ: last=22.12 entry=22.35 pnl=-104 bps (tp=200 stop=100) hold=1481m lim=22.11 free=4 -> stop=True tp=False timeout=False
2025-09-10 13:27:33,928 DEBUG sell-guard: sell window check: start=0935 end=1555 now=1327
2025-09-10 13:27:34,084 ERROR sell-guard: IVZ ARM HARD STOP failed: etrade POST /accounts/kW8LbkuGisPCK9Ey7C8iWA/orders/preview.json -> 400: {'Error': {'code': 2084, 'message': 'IMPORTANT: The stop price must be at least $0.01 below the current bid price for sell orders ($0.01 below the most recent closing price if the market is closed). Please adjust the stop price and resubmit your order.'}}
2025-09-10 13:27:35,322 ERROR sell-guard: IVZ STOP MARKET fallback failed: etrade POST /accounts/kW8LbkuGisPCK9Ey7C8iWA/orders/place.json -> 500: {'Error': {'code': 100, 'message': 'The requested service is not currently available, please try after sometime.'}}
2025-09-10 13:27:38,618 INFO sell-guard: [SG] ENPH: last=37.36 entry=39.06 pnl=-435 bps (tp=200 stop=100) hold=1474m lim=37.35 free=2 -> stop=True tp=False timeout=False
2025-09-10 13:27:38,627 DEBUG sell-guard: sell window check: start=0935 end=1555 now=1327
2025-09-10 13:27:39,158 ERROR sell-guard: ENPH ARM HARD STOP failed: etrade POST /accounts/kW8LbkuGisPCK9Ey7C8iWA/orders/preview.json -> 400: {'Error': {'code': 2084, 'message': 'IMPORTANT: The stop price must be at least $0.01 below the current bid price for sell orders ($0.01 below the most recent closing price if the market is closed). Please adjust the stop price and resubmit your order.'}}
2025-09-10 13:27:40,338 ERROR sell-guard: ENPH STOP MARKET fallback failed: etrade POST /accounts/kW8LbkuGisPCK9Ey7C8iWA/orders/place.json -> 500: {'Error': {'code': 100, 'message': 'The requested service is not currently available, please try after sometime.'}}
2025-09-10 13:27:43,813 INFO sell-guard: [SG] WBD: last=12.18 entry=12.21 pnl=-29 bps (tp=200 stop=100) hold=2721m lim=12.17 free=1 -> stop=False tp=False timeout=False
2025-09-10 13:27:43,815 DEBUG sell-guard: sell window check: start=0935 end=1555 now=1327
2025-09-10 13:27:43,818 INFO sell-guard: ⏱ heartbeat: loop alive (account=kW8LbkuGisPCK9Ey7C8iWA)
2025-09-10 13:27:43,819 INFO sell-guard: E*TRADE unstable; skipping tick (circuit open, 41s left)
2025-09-10 13:28:13,820 INFO sell-guard: ⏱ heartbeat: loop alive (account=kW8LbkuGisPCK9Ey7C8iWA)
2025-09-10 13:28:13,825 INFO sell-guard: E*TRADE unstable; skipping tick (circuit open, 11s left)
2025-09-10 13:28:43,840 INFO sell-guard: ⏱ heartbeat: loop alive (account=kW8LbkuGisPCK9Ey7C8iWA)
2025-09-10 13:28:44,510 INFO sell-guard: positions via get_positions -> 21 symbol(s)
2025-09-10 13:28:44,511 INFO sell-guard: Managing 7 symbol(s): CVS,SWKS,PCG,NCLH,IVZ,ENPH,WBD
2025-09-10 13:28:49,651 INFO sell-guard: [SG] CVS: last=73.17 entry=70.96 pnl=+311 bps (tp=200 stop=100) hold=1459m lim=73.15 free=1 -> stop=False tp=True timeout=False
2025-09-10 13:28:49,652 DEBUG sell-guard: sell window check: start=0935 end=1555 now=1328
2025-09-10 13:28:50,760 WARNING sell-guard: CVS SELL place 500/code100 (try 1/4), backing off 2.0s
2025-09-10 13:28:53,716 WARNING sell-guard: CVS SELL place 500/code100 (try 2/4), backing off 3.2s
2025-09-10 13:28:58,023 WARNING sell-guard: CVS SELL place 500/code100 (try 3/4), backing off 5.1s
2025-09-10 13:29:03,875 WARNING sell-guard: CVS SELL place 500/code100 (try 4/4), backing off 8.2s
2025-09-10 13:29:12,070 WARNING sell-guard: E*TRADE circuit OPEN for 60s due to repeated 500/code100
2025-09-10 13:29:12,070 ERROR sell-guard: CVS SELL_TARGET -> place failed after retries: etrade POST /accounts/kW8LbkuGisPCK9Ey7C8iWA/orders/place.json -> 500: {'Error': {'code': 100, 'message': 'The requested service is not currently available, please try after sometime.'}}
2025-09-10 13:29:16,060 INFO sell-guard: [SG] SWKS: last=72.53 entry=76.23 pnl=-485 bps (tp=200 stop=100) hold=1449m lim=72.53 free=1 -> stop=True tp=False timeout=False
2025-09-10 13:29:16,061 DEBUG sell-guard: sell window check: start=0935 end=1555 now=1329
2025-09-10 13:29:16,224 ERROR sell-guard: SWKS ARM HARD STOP failed: etrade POST /accounts/kW8LbkuGisPCK9Ey7C8iWA/orders/preview.json -> 400: {'Error': {'code': 2084, 'message': 'IMPORTANT: The stop price must be at least $0.01 below the current bid price for sell orders ($0.01 below the most recent closing price if the market is closed). Please adjust the stop price and resubmit your order.'}}
2025-09-10 13:29:17,364 ERROR sell-guard: SWKS STOP MARKET fallback failed: etrade POST /accounts/kW8LbkuGisPCK9Ey7C8iWA/orders/place.json -> 500: {'Error': {'code': 100, 'message': 'The requested service is not currently available, please try after sometime.'}}
2025-09-10 13:29:20,806 INFO sell-guard: [SG] PCG: last=15.46 entry=14.86 pnl=+400 bps (tp=200 stop=100) hold=1435m lim=15.45 free=1 -> stop=False tp=True timeout=False
2025-09-10 13:29:20,807 DEBUG sell-guard: sell window check: start=0935 end=1555 now=1329
2025-09-10 13:29:22,509 WARNING sell-guard: PCG SELL place 500/code100 (try 1/4), backing off 2.0s
2025-09-10 13:29:25,974 WARNING sell-guard: PCG SELL place 500/code100 (try 2/4), backing off 3.2s
2025-09-10 13:29:30,570 WARNING sell-guard: PCG SELL place 500/code100 (try 3/4), backing off 5.1s
2025-09-10 13:29:36,791 WARNING sell-guard: PCG SELL place 500/code100 (try 4/4), backing off 8.2s
2025-09-10 13:29:44,985 WARNING sell-guard: E*TRADE circuit OPEN for 60s due to repeated 500/code100
2025-09-10 13:29:44,985 ERROR sell-guard: PCG SELL_TARGET -> place failed after retries: etrade POST /accounts/kW8LbkuGisPCK9Ey7C8iWA/orders/place.json -> 500: {'Error': {'code': 100, 'message': 'The requested service is not currently available, please try after sometime.'}}
2025-09-10 13:29:48,885 INFO sell-guard: [SG] NCLH: last=24.77 entry=25.25 pnl=-187 bps (tp=200 stop=100) hold=1462m lim=24.77 free=3 -> stop=True tp=False timeout=False
2025-09-10 13:29:48,886 DEBUG sell-guard: sell window check: start=0935 end=1555 now=1329
2025-09-10 13:29:49,350 ERROR sell-guard: NCLH ARM HARD STOP failed: etrade POST /accounts/kW8LbkuGisPCK9Ey7C8iWA/orders/preview.json -> 400: {'Error': {'code': 2084, 'message': 'IMPORTANT: The stop price must be at least $0.01 below the current bid price for sell orders ($0.01 below the most recent closing price if the market is closed). Please adjust the stop price and resubmit your order.'}}
2025-09-10 13:29:50,573 ERROR sell-guard: NCLH STOP MARKET fallback failed: etrade POST /accounts/kW8LbkuGisPCK9Ey7C8iWA/orders/place.json -> 500: {'Error': {'code': 100, 'message': 'The requested service is not currently available, please try after sometime.'}}
2025-09-10 13:29:54,057 INFO sell-guard: [SG] IVZ: last=22.12 entry=22.35 pnl=-103 bps (tp=200 stop=100) hold=1483m lim=22.11 free=4 -> stop=True tp=False timeout=False
2025-09-10 13:29:54,058 DEBUG sell-guard: sell window check: start=0935 end=1555 now=1329
2025-09-10 13:29:54,509 ERROR sell-guard: IVZ ARM HARD STOP failed: etrade POST /accounts/kW8LbkuGisPCK9Ey7C8iWA/orders/preview.json -> 400: {'Error': {'code': 2084, 'message': 'IMPORTANT: The stop price must be at least $0.01 below the current bid price for sell orders ($0.01 below the most recent closing price if the market is closed). Please adjust the stop price and resubmit your order.'}}
2025-09-10 13:29:55,419 ERROR sell-guard: IVZ STOP MARKET fallback failed: etrade POST /accounts/kW8LbkuGisPCK9Ey7C8iWA/orders/place.json -> 500: {'Error': {'code': 100, 'message': 'The requested service is not currently available, please try after sometime.'}}
2025-09-10 13:29:58,103 INFO sell-guard: [SG] ENPH: last=37.34 entry=39.06 pnl=-440 bps (tp=200 stop=100) hold=1476m lim=37.33 free=2 -> stop=True tp=False timeout=False
2025-09-10 13:29:58,104 DEBUG sell-guard: sell window check: start=0935 end=1555 now=1329
2025-09-10 13:29:58,296 ERROR sell-guard: ENPH ARM HARD STOP failed: etrade POST /accounts/kW8LbkuGisPCK9Ey7C8iWA/orders/preview.json -> 400: {'Error': {'code': 2084, 'message': 'IMPORTANT: The stop price must be at least $0.01 below the current bid price for sell orders ($0.01 below the most recent closing price if the market is closed). Please adjust the stop price and resubmit your order.'}}
2025-09-10 13:29:59,233 ERROR sell-guard: ENPH STOP MARKET fallback failed: etrade POST /accounts/kW8LbkuGisPCK9Ey7C8iWA/orders/place.json -> 500: {'Error': {'code': 100, 'message': 'The requested service is not currently available, please try after sometime.'}}
2025-09-10 13:30:02,079 INFO sell-guard: [SG] WBD: last=12.15 entry=12.21 pnl=-46 bps (tp=200 stop=100) hold=2724m lim=12.15 free=1 -> stop=False tp=False timeout=False
2025-09-10 13:30:02,080 DEBUG sell-guard: sell window check: start=0935 end=1555 now=1330
2025-09-10 13:30:02,083 INFO sell-guard: ⏱ heartbeat: loop alive (account=kW8LbkuGisPCK9Ey7C8iWA)
2025-09-10 13:30:02,083 INFO sell-guard: E*TRADE unstable; skipping tick (circuit open, 42s left)
2025-09-10 13:30:32,085 INFO sell-guard: ⏱ heartbeat: loop alive (account=kW8LbkuGisPCK9Ey7C8iWA)
2025-09-10 13:30:32,086 INFO sell-guard: E*TRADE unstable; skipping tick (circuit open, 12s left)
2025-09-10 13:31:02,094 INFO sell-guard: ⏱ heartbeat: loop alive (account=kW8LbkuGisPCK9Ey7C8iWA)
2025-09-10 13:31:02,551 INFO sell-guard: positions via get_positions -> 21 symbol(s)
2025-09-10 13:31:02,552 INFO sell-guard: Managing 7 symbol(s): CVS,SWKS,PCG,NCLH,IVZ,ENPH,WBD
2025-09-10 13:31:07,846 INFO sell-guard: [SG] CVS: last=73.18 entry=70.96 pnl=+313 bps (tp=200 stop=100) hold=1462m lim=73.17 free=1 -> stop=False tp=True timeout=False
2025-09-10 13:31:07,847 DEBUG sell-guard: sell window check: start=0935 end=1555 now=1331
2025-09-10 13:31:08,689 WARNING sell-guard: CVS SELL place 500/code100 (try 1/4), backing off 2.0s
2025-09-10 13:31:11,373 WARNING sell-guard: CVS SELL place 500/code100 (try 2/4), backing off 3.2s
2025-09-10 13:31:15,367 WARNING sell-guard: CVS SELL place 500/code100 (try 3/4), backing off 5.1s
2025-09-10 13:31:21,185 WARNING sell-guard: CVS SELL place 500/code100 (try 4/4), backing off 8.2s
2025-09-10 13:31:29,379 WARNING sell-guard: E*TRADE circuit OPEN for 60s due to repeated 500/code100
2025-09-10 13:31:29,379 ERROR sell-guard: CVS SELL_TARGET -> place failed after retries: etrade POST /accounts/kW8LbkuGisPCK9Ey7C8iWA/orders/place.json -> 500: {'Error': {'code': 100, 'message': 'The requested service is not currently available, please try after sometime.'}}
2025-09-10 13:31:31,967 INFO sell-guard: [SG] SWKS: last=72.64 entry=76.23 pnl=-471 bps (tp=200 stop=100) hold=1451m lim=72.63 free=1 -> stop=True tp=False timeout=False
2025-09-10 13:31:31,969 DEBUG sell-guard: sell window check: start=0935 end=1555 now=1331
2025-09-10 13:31:32,145 ERROR sell-guard: SWKS ARM HARD STOP failed: etrade POST /accounts/kW8LbkuGisPCK9Ey7C8iWA/orders/preview.json -> 400: {'Error': {'code': 2084, 'message': 'IMPORTANT: The stop price must be at least $0.01 below the current bid price for sell orders ($0.01 below the most recent closing price if the market is closed). Please adjust the stop price and resubmit your order.'}}
2025-09-10 13:31:32,973 ERROR sell-guard: SWKS STOP MARKET fallback failed: etrade POST /accounts/kW8LbkuGisPCK9Ey7C8iWA/orders/place.json -> 500: {'Error': {'code': 100, 'message': 'The requested service is not currently available, please try after sometime.'}}
2025-09-10 13:31:35,599 INFO sell-guard: [SG] PCG: last=15.42 entry=14.86 pnl=+377 bps (tp=200 stop=100) hold=1437m lim=15.42 free=1 -> stop=False tp=True timeout=False
2025-09-10 13:31:35,600 DEBUG sell-guard: sell window check: start=0935 end=1555 now=1331
2025-09-10 13:31:36,501 WARNING sell-guard: PCG SELL place 500/code100 (try 1/4), backing off 2.0s
2025-09-10 13:31:39,392 WARNING sell-guard: PCG SELL place 500/code100 (try 2/4), backing off 3.2s
2025-09-10 13:31:43,392 WARNING sell-guard: PCG SELL place 500/code100 (try 3/4), backing off 5.1s
2025-09-10 13:31:49,602 WARNING sell-guard: PCG SELL place 500/code100 (try 4/4), backing off 8.2s
2025-09-10 13:31:57,796 WARNING sell-guard: E*TRADE circuit OPEN for 60s due to repeated 500/code100
2025-09-10 13:31:57,797 ERROR sell-guard: PCG SELL_TARGET -> place failed after retries: etrade POST /accounts/kW8LbkuGisPCK9Ey7C8iWA/orders/place.json -> 500: {'Error': {'code': 100, 'message': 'The requested service is not currently available, please try after sometime.'}}
2025-09-10 13:32:00,421 INFO sell-guard: [SG] NCLH: last=24.80 entry=25.25 pnl=-176 bps (tp=200 stop=100) hold=1464m lim=24.80 free=3 -> stop=True tp=False timeout=False
2025-09-10 13:32:00,423 DEBUG sell-guard: sell window check: start=0935 end=1555 now=1332
2025-09-10 13:32:00,599 ERROR sell-guard: NCLH ARM HARD STOP failed: etrade POST /accounts/kW8LbkuGisPCK9Ey7C8iWA/orders/preview.json -> 400: {'Error': {'code': 2084, 'message': 'IMPORTANT: The stop price must be at least $0.01 below the current bid price for sell orders ($0.01 below the most recent closing price if the market is closed). Please adjust the stop price and resubmit your order.'}}
2025-09-10 13:32:01,499 ERROR sell-guard: NCLH STOP MARKET fallback failed: etrade POST /accounts/kW8LbkuGisPCK9Ey7C8iWA/orders/place.json -> 500: {'Error': {'code': 100, 'message': 'The requested service is not currently available, please try after sometime.'}}
2025-09-10 13:32:04,254 INFO sell-guard: [SG] IVZ: last=22.11 entry=22.35 pnl=-105 bps (tp=200 stop=100) hold=1485m lim=22.11 free=4 -> stop=True tp=False timeout=False
2025-09-10 13:32:04,255 DEBUG sell-guard: sell window check: start=0935 end=1555 now=1332
2025-09-10 13:32:04,421 ERROR sell-guard: IVZ ARM HARD STOP failed: etrade POST /accounts/kW8LbkuGisPCK9Ey7C8iWA/orders/preview.json -> 400: {'Error': {'code': 2084, 'message': 'IMPORTANT: The stop price must be at least $0.01 below the current bid price for sell orders ($0.01 below the most recent closing price if the market is closed). Please adjust the stop price and resubmit your order.'}}
2025-09-10 13:32:05,519 ERROR sell-guard: IVZ STOP MARKET fallback failed: etrade POST /accounts/kW8LbkuGisPCK9Ey7C8iWA/orders/place.json -> 500: {'Error': {'code': 100, 'message': 'The requested service is not currently available, please try after sometime.'}}
2025-09-10 13:32:08,222 INFO sell-guard: [SG] ENPH: last=37.26 entry=39.06 pnl=-461 bps (tp=200 stop=100) hold=1479m lim=37.27 free=2 -> stop=True tp=False timeout=False
2025-09-10 13:32:08,224 DEBUG sell-guard: sell window check: start=0935 end=1555 now=1332
2025-09-10 13:32:08,387 ERROR sell-guard: ENPH ARM HARD STOP failed: etrade POST /accounts/kW8LbkuGisPCK9Ey7C8iWA/orders/preview.json -> 400: {'Error': {'code': 2084, 'message': 'IMPORTANT: The stop price must be at least $0.01 below the current bid price for sell orders ($0.01 below the most recent closing price if the market is closed). Please adjust the stop price and resubmit your order.'}}
2025-09-10 13:32:09,084 ERROR sell-guard: ENPH STOP MARKET fallback failed: etrade POST /accounts/kW8LbkuGisPCK9Ey7C8iWA/orders/place.json -> 500: {'Error': {'code': 100, 'message': 'The requested service is not currently available, please try after sometime.'}}
2025-09-10 13:32:11,618 INFO sell-guard: [SG] WBD: last=12.19 entry=12.21 pnl=-20 bps (tp=200 stop=100) hold=2726m lim=12.18 free=1 -> stop=False tp=False timeout=False
2025-09-10 13:32:11,620 DEBUG sell-guard: sell window check: start=0935 end=1555 now=1332
2025-09-10 13:32:11,622 INFO sell-guard: ⏱ heartbeat: loop alive (account=kW8LbkuGisPCK9Ey7C8iWA)
2025-09-10 13:32:11,623 INFO sell-guard: E*TRADE unstable; skipping tick (circuit open, 46s left)
2025-09-10 13:32:41,625 INFO sell-guard: ⏱ heartbeat: loop alive (account=kW8LbkuGisPCK9Ey7C8iWA)
2025-09-10 13:32:41,626 INFO sell-guard: E*TRADE unstable; skipping tick (circuit open, 16s left)
2025-09-10 13:33:11,633 INFO sell-guard: ⏱ heartbeat: loop alive (account=kW8LbkuGisPCK9Ey7C8iWA)
2025-09-10 13:33:12,179 INFO sell-guard: positions via get_positions -> 21 symbol(s)
2025-09-10 13:33:12,180 INFO sell-guard: Managing 7 symbol(s): CVS,SWKS,PCG,NCLH,IVZ,ENPH,WBD
2025-09-10 13:33:17,129 INFO sell-guard: [SG] CVS: last=73.22 entry=70.96 pnl=+319 bps (tp=200 stop=100) hold=1464m lim=73.21 free=1 -> stop=False tp=True timeout=False
2025-09-10 13:33:17,131 DEBUG sell-guard: sell window check: start=0935 end=1555 now=1333
2025-09-10 13:33:18,142 WARNING sell-guard: CVS SELL place 500/code100 (try 1/4), backing off 2.0s
2025-09-10 13:33:20,854 WARNING sell-guard: CVS SELL place 500/code100 (try 2/4), backing off 3.2s
2025-09-10 13:33:24,820 WARNING sell-guard: CVS SELL place 500/code100 (try 3/4), backing off 5.1s
2025-09-10 13:33:30,728 WARNING sell-guard: CVS SELL place 500/code100 (try 4/4), backing off 8.2s
2025-09-10 13:33:38,921 WARNING sell-guard: E*TRADE circuit OPEN for 60s due to repeated 500/code100
2025-09-10 13:33:38,922 ERROR sell-guard: CVS SELL_TARGET -> place failed after retries: etrade POST /accounts/kW8LbkuGisPCK9Ey7C8iWA/orders/place.json -> 500: {'Error': {'code': 100, 'message': 'The requested service is not currently available, please try after sometime.'}}
2025-09-10 13:33:41,632 INFO sell-guard: [SG] SWKS: last=72.71 entry=76.23 pnl=-462 bps (tp=200 stop=100) hold=1453m lim=72.69 free=1 -> stop=True tp=False timeout=False
2025-09-10 13:33:41,633 DEBUG sell-guard: sell window check: start=0935 end=1555 now=1333
2025-09-10 13:33:41,881 ERROR sell-guard: SWKS ARM HARD STOP failed: etrade POST /accounts/kW8LbkuGisPCK9Ey7C8iWA/orders/preview.json -> 400: {'Error': {'code': 2084, 'message': 'IMPORTANT: The stop price must be at least $0.01 below the current bid price for sell orders ($0.01 below the most recent closing price if the market is closed). Please adjust the stop price and resubmit your order.'}}
2025-09-10 13:33:42,634 ERROR sell-guard: SWKS STOP MARKET fallback failed: etrade POST /accounts/kW8LbkuGisPCK9Ey7C8iWA/orders/place.json -> 500: {'Error': {'code': 100, 'message': 'The requested service is not currently available, please try after sometime.'}}
2025-09-10 13:33:45,283 INFO sell-guard: [SG] PCG: last=15.43 entry=14.86 pnl=+380 bps (tp=200 stop=100) hold=1440m lim=15.42 free=1 -> stop=False tp=True timeout=False
2025-09-10 13:33:45,285 DEBUG sell-guard: sell window check: start=0935 end=1555 now=1333
2025-09-10 13:33:46,133 WARNING sell-guard: PCG SELL place 500/code100 (try 1/4), backing off 2.0s
2025-09-10 13:33:48,885 WARNING sell-guard: PCG SELL place 500/code100 (try 2/4), backing off 3.2s
2025-09-10 13:33:52,841 WARNING sell-guard: PCG SELL place 500/code100 (try 3/4), backing off 5.1s
2025-09-10 13:33:58,672 WARNING sell-guard: PCG SELL place 500/code100 (try 4/4), backing off 8.2s
2025-09-10 13:34:06,865 WARNING sell-guard: E*TRADE circuit OPEN for 60s due to repeated 500/code100
2025-09-10 13:34:06,867 ERROR sell-guard: PCG SELL_TARGET -> place failed after retries: etrade POST /accounts/kW8LbkuGisPCK9Ey7C8iWA/orders/place.json -> 500: {'Error': {'code': 100, 'message': 'The requested service is not currently available, please try after sometime.'}}
2025-09-10 13:34:09,664 INFO sell-guard: [SG] NCLH: last=24.82 entry=25.25 pnl=-168 bps (tp=200 stop=100) hold=1467m lim=24.82 free=3 -> stop=True tp=False timeout=False
2025-09-10 13:34:09,665 DEBUG sell-guard: sell window check: start=0935 end=1555 now=1334
2025-09-10 13:34:09,835 ERROR sell-guard: NCLH ARM HARD STOP failed: etrade POST /accounts/kW8LbkuGisPCK9Ey7C8iWA/orders/preview.json -> 400: {'Error': {'code': 2084, 'message': 'IMPORTANT: The stop price must be at least $0.01 below the current bid price for sell orders ($0.01 below the most recent closing price if the market is closed). Please adjust the stop price and resubmit your order.'}}
2025-09-10 13:34:10,667 ERROR sell-guard: NCLH STOP MARKET fallback failed: etrade POST /accounts/kW8LbkuGisPCK9Ey7C8iWA/orders/place.json -> 500: {'Error': {'code': 100, 'message': 'The requested service is not currently available, please try after sometime.'}}
2025-09-10 13:34:13,370 INFO sell-guard: [SG] IVZ: last=22.12 entry=22.35 pnl=-103 bps (tp=200 stop=100) hold=1487m lim=22.12 free=4 -> stop=True tp=False timeout=False
2025-09-10 13:34:13,372 DEBUG sell-guard: sell window check: start=0935 end=1555 now=1334
2025-09-10 13:34:13,539 ERROR sell-guard: IVZ ARM HARD STOP failed: etrade POST /accounts/kW8LbkuGisPCK9Ey7C8iWA/orders/preview.json -> 400: {'Error': {'code': 2084, 'message': 'IMPORTANT: The stop price must be at least $0.01 below the current bid price for sell orders ($0.01 below the most recent closing price if the market is closed). Please adjust the stop price and resubmit your order.'}}
2025-09-10 13:34:14,384 ERROR sell-guard: IVZ STOP MARKET fallback failed: etrade POST /accounts/kW8LbkuGisPCK9Ey7C8iWA/orders/place.json -> 500: {'Error': {'code': 100, 'message': 'The requested service is not currently available, please try after sometime.'}}
2025-09-10 13:34:17,170 INFO sell-guard: [SG] ENPH: last=37.25 entry=39.06 pnl=-463 bps (tp=200 stop=100) hold=1481m lim=37.25 free=2 -> stop=True tp=False timeout=False
2025-09-10 13:34:17,171 DEBUG sell-guard: sell window check: start=0935 end=1555 now=1334
2025-09-10 13:34:17,339 ERROR sell-guard: ENPH ARM HARD STOP failed: etrade POST /accounts/kW8LbkuGisPCK9Ey7C8iWA/orders/preview.json -> 400: {'Error': {'code': 2084, 'message': 'IMPORTANT: The stop price must be at least $0.01 below the current bid price for sell orders ($0.01 below the most recent closing price if the market is closed). Please adjust the stop price and resubmit your order.'}}
2025-09-10 13:34:18,208 ERROR sell-guard: ENPH STOP MARKET fallback failed: etrade POST /accounts/kW8LbkuGisPCK9Ey7C8iWA/orders/place.json -> 500: {'Error': {'code': 100, 'message': 'The requested service is not currently available, please try after sometime.'}}
2025-09-10 13:34:21,103 INFO sell-guard: [SG] WBD: last=12.21 entry=12.21 pnl=+4 bps (tp=200 stop=100) hold=2728m lim=12.21 free=1 -> stop=False tp=False timeout=False
2025-09-10 13:34:21,105 DEBUG sell-guard: sell window check: start=0935 end=1555 now=1334
2025-09-10 13:34:21,111 INFO sell-guard: ⏱ heartbeat: loop alive (account=kW8LbkuGisPCK9Ey7C8iWA)
2025-09-10 13:34:21,112 INFO sell-guard: E*TRADE unstable; skipping tick (circuit open, 45s left)
2025-09-10 13:34:51,439 INFO sell-guard: ⏱ heartbeat: loop alive (account=kW8LbkuGisPCK9Ey7C8iWA)
2025-09-10 13:34:51,452 INFO sell-guard: E*TRADE unstable; skipping tick (circuit open, 15s left)
2025-09-10 13:35:21,634 INFO sell-guard: ⏱ heartbeat: loop alive (account=kW8LbkuGisPCK9Ey7C8iWA)
2025-09-10 13:35:22,475 INFO sell-guard: positions via get_positions -> 21 symbol(s)
2025-09-10 13:35:22,475 INFO sell-guard: Managing 7 symbol(s): CVS,SWKS,PCG,NCLH,IVZ,ENPH,WBD
2025-09-10 13:35:28,338 INFO sell-guard: [SG] CVS: last=73.25 entry=70.96 pnl=+323 bps (tp=200 stop=100) hold=1466m lim=73.24 free=1 -> stop=False tp=True timeout=False
2025-09-10 13:35:28,347 DEBUG sell-guard: sell window check: start=0935 end=1555 now=1335
2025-09-10 13:35:29,900 WARNING sell-guard: CVS SELL place 500/code100 (try 1/4), backing off 2.0s
2025-09-10 13:35:33,602 WARNING sell-guard: CVS SELL place 500/code100 (try 2/4), backing off 3.2s
2025-09-10 13:35:38,030 WARNING sell-guard: CVS SELL place 500/code100 (try 3/4), backing off 5.1s
2025-09-10 13:35:44,192 WARNING sell-guard: CVS SELL place 500/code100 (try 4/4), backing off 8.2s
2025-09-10 13:35:58,292 INFO sell-guard: config source: C:\TradeAlerts\sell_guard_settings.json
2025-09-10 13:35:58,293 INFO sell-guard: env: ETRADE_ENV=production  PYTHONPATH=None
2025-09-10 13:35:58,294 INFO sell-guard: ⏱ heartbeat: loop alive (account=?)
2025-09-10 13:35:58,295 DEBUG sell-guard: tick: polling positions & quotes…
2025-09-10 13:35:58,697 INFO sell-guard: [LIVE] Using accountIdKey=kW8LbkuGisPCK9Ey7C8iWA
2025-09-10 13:35:58,698 INFO sell-guard: [CFG] mode=live tp=200 bps stop=100 bps max_hold=100000m limit_from=bid offset=0 bps throttle=30.0s ext_hours=False fallback=SELL_STOP,SELL_TARGET,TIMEOUT
2025-09-10 13:35:59,284 INFO sell-guard: positions via get_positions -> 21 symbol(s)
2025-09-10 13:35:59,285 INFO sell-guard: Managing 7 symbol(s): CVS,SWKS,PCG,NCLH,IVZ,ENPH,WBD
2025-09-10 13:36:04,753 INFO sell-guard: [SG] CVS: last=73.25 entry=70.96 pnl=+323 bps (tp=200 stop=100) hold=1467m lim=73.25 free=1 -> stop=False tp=True timeout=False
2025-09-10 13:36:04,758 DEBUG sell-guard: sell window check: start=0935 end=1555 now=1336
2025-09-10 13:36:05,797 WARNING sell-guard: CVS SELL place 500/code100 (try 1/4), backing off 2.0s
2025-09-10 13:36:08,896 WARNING sell-guard: CVS SELL place 500/code100 (try 2/4), backing off 3.2s
2025-09-10 13:36:13,107 WARNING sell-guard: CVS SELL place 500/code100 (try 3/4), backing off 5.1s
2025-09-10 13:36:19,400 WARNING sell-guard: CVS SELL place 500/code100 (try 4/4), backing off 8.2s
2025-09-10 13:36:27,593 WARNING sell-guard: E*TRADE circuit OPEN for 60s due to repeated 500/code100
2025-09-10 13:36:27,593 ERROR sell-guard: CVS SELL_TARGET -> place failed after retries: etrade POST /accounts/kW8LbkuGisPCK9Ey7C8iWA/orders/place.json -> 500: {'Error': {'code': 100, 'message': 'The requested service is not currently available, please try after sometime.'}}
2025-09-10 13:36:31,068 INFO sell-guard: [SG] SWKS: last=72.67 entry=76.23 pnl=-467 bps (tp=200 stop=100) hold=1456m lim=72.66 free=1 -> stop=True tp=False timeout=False
2025-09-10 13:36:31,069 DEBUG sell-guard: sell window check: start=0935 end=1555 now=1336
2025-09-10 13:36:31,282 DEBUG sell-guard: SWKS stop calc: entry=76.23 bid=72.66 last=72.67 base=75.47 -> stop=72.65
2025-09-10 13:36:31,631 ERROR sell-guard: SWKS ARM HARD STOP failed: etrade POST /accounts/kW8LbkuGisPCK9Ey7C8iWA/orders/preview.json -> 400: {'Error': {'code': 2084, 'message': 'IMPORTANT: The stop price must be at least $0.01 below the current bid price for sell orders ($0.01 below the most recent closing price if the market is closed). Please adjust the stop price and resubmit your order.'}}
2025-09-10 13:36:32,867 ERROR sell-guard: SWKS STOP MARKET fallback failed: etrade POST /accounts/kW8LbkuGisPCK9Ey7C8iWA/orders/place.json -> 500: {'Error': {'code': 100, 'message': 'The requested service is not currently available, please try after sometime.'}}
2025-09-10 13:36:36,231 INFO sell-guard: [SG] PCG: last=15.46 entry=14.86 pnl=+400 bps (tp=200 stop=100) hold=1442m lim=15.45 free=1 -> stop=False tp=True timeout=False
2025-09-10 13:36:36,232 DEBUG sell-guard: sell window check: start=0935 end=1555 now=1336
2025-09-10 13:36:37,118 WARNING sell-guard: PCG SELL place 500/code100 (try 1/4), backing off 2.0s
2025-09-10 13:36:40,082 WARNING sell-guard: PCG SELL place 500/code100 (try 2/4), backing off 3.2s
2025-09-10 13:36:44,081 WARNING sell-guard: PCG SELL place 500/code100 (try 3/4), backing off 5.1s
2025-09-10 13:36:50,235 WARNING sell-guard: PCG SELL place 500/code100 (try 4/4), backing off 8.2s
2025-09-10 13:36:58,428 WARNING sell-guard: E*TRADE circuit OPEN for 60s due to repeated 500/code100
2025-09-10 13:36:58,430 ERROR sell-guard: PCG SELL_TARGET -> place failed after retries: etrade POST /accounts/kW8LbkuGisPCK9Ey7C8iWA/orders/place.json -> 500: {'Error': {'code': 100, 'message': 'The requested service is not currently available, please try after sometime.'}}
2025-09-10 13:37:02,465 INFO sell-guard: [SG] NCLH: last=24.80 entry=25.25 pnl=-180 bps (tp=200 stop=100) hold=1469m lim=24.79 free=3 -> stop=True tp=False timeout=False
2025-09-10 13:37:02,466 DEBUG sell-guard: sell window check: start=0935 end=1555 now=1337
2025-09-10 13:37:02,731 DEBUG sell-guard: NCLH stop calc: entry=25.25 bid=24.78 last=24.78 base=25.00 -> stop=24.77
2025-09-10 13:37:03,791 ERROR sell-guard: NCLH ARM HARD STOP failed: etrade POST /accounts/kW8LbkuGisPCK9Ey7C8iWA/orders/place.json -> 500: {'Error': {'code': 100, 'message': 'The requested service is not currently available, please try after sometime.'}}
2025-09-10 13:37:04,946 ERROR sell-guard: NCLH STOP MARKET fallback failed: etrade POST /accounts/kW8LbkuGisPCK9Ey7C8iWA/orders/place.json -> 500: {'Error': {'code': 100, 'message': 'The requested service is not currently available, please try after sometime.'}}
2025-09-10 13:37:08,578 INFO sell-guard: [SG] IVZ: last=22.14 entry=22.35 pnl=-96 bps (tp=200 stop=100) hold=1490m lim=22.13 free=4 -> stop=False tp=False timeout=False
2025-09-10 13:37:08,580 DEBUG sell-guard: sell window check: start=0935 end=1555 now=1337
2025-09-10 13:37:11,879 INFO sell-guard: [SG] ENPH: last=37.25 entry=39.06 pnl=-464 bps (tp=200 stop=100) hold=1484m lim=37.24 free=2 -> stop=True tp=False timeout=False
2025-09-10 13:37:11,880 DEBUG sell-guard: sell window check: start=0935 end=1555 now=1337
2025-09-10 13:37:12,066 DEBUG sell-guard: ENPH stop calc: entry=39.06 bid=37.21 last=37.24 base=38.67 -> stop=37.20
2025-09-10 13:37:13,046 ERROR sell-guard: ENPH ARM HARD STOP failed: etrade POST /accounts/kW8LbkuGisPCK9Ey7C8iWA/orders/place.json -> 500: {'Error': {'code': 100, 'message': 'The requested service is not currently available, please try after sometime.'}}
2025-09-10 13:37:13,949 ERROR sell-guard: ENPH STOP MARKET fallback failed: etrade POST /accounts/kW8LbkuGisPCK9Ey7C8iWA/orders/place.json -> 500: {'Error': {'code': 100, 'message': 'The requested service is not currently available, please try after sometime.'}}
2025-09-10 13:37:17,393 INFO sell-guard: [SG] WBD: last=12.22 entry=12.21 pnl=+12 bps (tp=200 stop=100) hold=2731m lim=12.22 free=1 -> stop=False tp=False timeout=False
2025-09-10 13:37:17,394 DEBUG sell-guard: sell window check: start=0935 end=1555 now=1337
2025-09-10 13:37:17,399 INFO sell-guard: ⏱ heartbeat: loop alive (account=kW8LbkuGisPCK9Ey7C8iWA)
2025-09-10 13:37:17,401 INFO sell-guard: E*TRADE unstable; skipping tick (circuit open, 41s left)
2025-09-10 13:37:47,402 INFO sell-guard: ⏱ heartbeat: loop alive (account=kW8LbkuGisPCK9Ey7C8iWA)
2025-09-10 13:37:47,402 INFO sell-guard: E*TRADE unstable; skipping tick (circuit open, 11s left)
2025-09-10 13:38:17,406 INFO sell-guard: ⏱ heartbeat: loop alive (account=kW8LbkuGisPCK9Ey7C8iWA)
2025-09-10 13:38:18,267 INFO sell-guard: positions via get_positions -> 21 symbol(s)
2025-09-10 13:38:18,269 INFO sell-guard: Managing 7 symbol(s): CVS,SWKS,PCG,NCLH,IVZ,ENPH,WBD
2025-09-10 13:38:23,737 INFO sell-guard: [SG] CVS: last=73.20 entry=70.96 pnl=+316 bps (tp=200 stop=100) hold=1469m lim=73.18 free=1 -> stop=False tp=True timeout=False
2025-09-10 13:38:23,737 DEBUG sell-guard: sell window check: start=0935 end=1555 now=1338
2025-09-10 13:38:24,712 WARNING sell-guard: CVS SELL place 500/code100 (try 1/4), backing off 2.0s
2025-09-10 13:38:27,855 WARNING sell-guard: CVS SELL place 500/code100 (try 2/4), backing off 3.2s
2025-09-10 13:38:32,354 WARNING sell-guard: CVS SELL place 500/code100 (try 3/4), backing off 5.1s
2025-09-10 13:38:38,458 WARNING sell-guard: CVS SELL place 500/code100 (try 4/4), backing off 8.2s
2025-09-10 13:38:46,651 WARNING sell-guard: E*TRADE circuit OPEN for 60s due to repeated 500/code100
2025-09-10 13:38:46,653 ERROR sell-guard: CVS SELL_TARGET -> place failed after retries: etrade POST /accounts/kW8LbkuGisPCK9Ey7C8iWA/orders/place.json -> 500: {'Error': {'code': 100, 'message': 'The requested service is not currently available, please try after sometime.'}}
2025-09-10 13:38:49,779 INFO sell-guard: [SG] SWKS: last=72.68 entry=76.23 pnl=-466 bps (tp=200 stop=100) hold=1458m lim=72.66 free=1 -> stop=True tp=False timeout=False
2025-09-10 13:38:49,787 DEBUG sell-guard: sell window check: start=0935 end=1555 now=1338
2025-09-10 13:38:50,319 DEBUG sell-guard: SWKS stop calc: entry=76.23 bid=72.6 last=72.62 base=75.47 -> stop=72.59
2025-09-10 13:38:50,899 ERROR sell-guard: SWKS ARM HARD STOP failed: etrade POST /accounts/kW8LbkuGisPCK9Ey7C8iWA/orders/preview.json -> 400: {'Error': {'code': 2084, 'message': 'IMPORTANT: The stop price must be at least $0.01 below the current bid price for sell orders ($0.01 below the most recent closing price if the market is closed). Please adjust the stop price and resubmit your order.'}}
2025-09-10 13:38:51,660 ERROR sell-guard: SWKS STOP MARKET fallback failed: etrade POST /accounts/kW8LbkuGisPCK9Ey7C8iWA/orders/place.json -> 500: {'Error': {'code': 100, 'message': 'The requested service is not currently available, please try after sometime.'}}
2025-09-10 13:38:55,098 INFO sell-guard: [SG] PCG: last=15.44 entry=14.86 pnl=+387 bps (tp=200 stop=100) hold=1445m lim=15.43 free=1 -> stop=False tp=True timeout=False
2025-09-10 13:38:55,099 DEBUG sell-guard: sell window check: start=0935 end=1555 now=1338
2025-09-10 13:38:56,176 WARNING sell-guard: PCG SELL place 500/code100 (try 1/4), backing off 2.0s
2025-09-10 13:38:59,293 WARNING sell-guard: PCG SELL place 500/code100 (try 2/4), backing off 3.2s
2025-09-10 13:39:03,497 WARNING sell-guard: PCG SELL place 500/code100 (try 3/4), backing off 5.1s
2025-09-10 13:39:09,705 WARNING sell-guard: PCG SELL place 500/code100 (try 4/4), backing off 8.2s
2025-09-10 13:39:17,899 WARNING sell-guard: E*TRADE circuit OPEN for 60s due to repeated 500/code100
2025-09-10 13:39:17,899 ERROR sell-guard: PCG SELL_TARGET -> place failed after retries: etrade POST /accounts/kW8LbkuGisPCK9Ey7C8iWA/orders/place.json -> 500: {'Error': {'code': 100, 'message': 'The requested service is not currently available, please try after sometime.'}}
2025-09-10 13:39:21,336 INFO sell-guard: [SG] NCLH: last=24.77 entry=25.25 pnl=-191 bps (tp=200 stop=100) hold=1472m lim=24.76 free=3 -> stop=True tp=False timeout=False
2025-09-10 13:39:21,337 DEBUG sell-guard: sell window check: start=0935 end=1555 now=1339
2025-09-10 13:39:21,497 DEBUG sell-guard: NCLH stop calc: entry=25.25 bid=24.76 last=24.765 base=25.00 -> stop=24.75
2025-09-10 13:39:22,562 ERROR sell-guard: NCLH ARM HARD STOP failed: etrade POST /accounts/kW8LbkuGisPCK9Ey7C8iWA/orders/place.json -> 500: {'Error': {'code': 100, 'message': 'The requested service is not currently available, please try after sometime.'}}
2025-09-10 13:39:23,338 ERROR sell-guard: NCLH STOP MARKET fallback failed: etrade POST /accounts/kW8LbkuGisPCK9Ey7C8iWA/orders/place.json -> 500: {'Error': {'code': 100, 'message': 'The requested service is not currently available, please try after sometime.'}}
2025-09-10 13:39:27,690 INFO sell-guard: [SG] IVZ: last=22.15 entry=22.26 pnl=-52 bps (tp=200 stop=100) hold=1493m lim=22.14 free=4 -> stop=False tp=False timeout=False
2025-09-10 13:39:27,690 DEBUG sell-guard: sell window check: start=0935 end=1555 now=1339
2025-09-10 13:39:31,203 INFO sell-guard: [SG] ENPH: last=37.12 entry=39.06 pnl=-498 bps (tp=200 stop=100) hold=1486m lim=37.10 free=2 -> stop=True tp=False timeout=False
2025-09-10 13:39:31,204 DEBUG sell-guard: sell window check: start=0935 end=1555 now=1339
2025-09-10 13:39:31,374 DEBUG sell-guard: ENPH stop calc: entry=39.06 bid=37.08 last=37.09 base=38.67 -> stop=37.07
2025-09-10 13:39:32,348 ERROR sell-guard: ENPH ARM HARD STOP failed: etrade POST /accounts/kW8LbkuGisPCK9Ey7C8iWA/orders/place.json -> 500: {'Error': {'code': 100, 'message': 'The requested service is not currently available, please try after sometime.'}}
2025-09-10 13:39:33,540 ERROR sell-guard: ENPH STOP MARKET fallback failed: etrade POST /accounts/kW8LbkuGisPCK9Ey7C8iWA/orders/place.json -> 500: {'Error': {'code': 100, 'message': 'The requested service is not currently available, please try after sometime.'}}
2025-09-10 13:39:36,948 INFO sell-guard: [SG] WBD: last=12.23 entry=12.21 pnl=+20 bps (tp=200 stop=100) hold=2733m lim=12.23 free=1 -> stop=False tp=False timeout=False
2025-09-10 13:39:36,949 DEBUG sell-guard: sell window check: start=0935 end=1555 now=1339
2025-09-10 13:39:36,952 INFO sell-guard: ⏱ heartbeat: loop alive (account=kW8LbkuGisPCK9Ey7C8iWA)
2025-09-10 13:39:36,953 INFO sell-guard: E*TRADE unstable; skipping tick (circuit open, 40s left)
2025-09-10 13:40:06,954 INFO sell-guard: ⏱ heartbeat: loop alive (account=kW8LbkuGisPCK9Ey7C8iWA)
2025-09-10 13:40:06,955 INFO sell-guard: E*TRADE unstable; skipping tick (circuit open, 10s left)
2025-09-10 13:40:36,961 INFO sell-guard: ⏱ heartbeat: loop alive (account=kW8LbkuGisPCK9Ey7C8iWA)
2025-09-10 13:40:37,457 INFO sell-guard: positions via get_positions -> 21 symbol(s)
2025-09-10 13:40:37,458 INFO sell-guard: Managing 7 symbol(s): CVS,SWKS,PCG,NCLH,IVZ,ENPH,WBD
2025-09-10 13:40:42,148 INFO sell-guard: [SG] CVS: last=73.23 entry=70.96 pnl=+320 bps (tp=200 stop=100) hold=1471m lim=73.22 free=1 -> stop=False tp=True timeout=False
2025-09-10 13:40:42,150 DEBUG sell-guard: sell window check: start=0935 end=1555 now=1340
2025-09-10 13:40:43,262 WARNING sell-guard: CVS SELL place 500/code100 (try 1/4), backing off 2.0s
2025-09-10 13:40:46,123 WARNING sell-guard: CVS SELL place 500/code100 (try 2/4), backing off 3.2s
2025-09-10 13:40:50,173 WARNING sell-guard: CVS SELL place 500/code100 (try 3/4), backing off 5.1s
2025-09-10 13:40:56,248 WARNING sell-guard: CVS SELL place 500/code100 (try 4/4), backing off 8.2s
2025-09-10 13:41:04,441 WARNING sell-guard: E*TRADE circuit OPEN for 60s due to repeated 500/code100
2025-09-10 13:41:04,443 ERROR sell-guard: CVS SELL_TARGET -> place failed after retries: etrade POST /accounts/kW8LbkuGisPCK9Ey7C8iWA/orders/place.json -> 500: {'Error': {'code': 100, 'message': 'The requested service is not currently available, please try after sometime.'}}
2025-09-10 13:41:07,561 INFO sell-guard: [SG] SWKS: last=72.66 entry=76.23 pnl=-468 bps (tp=200 stop=100) hold=1461m lim=72.62 free=1 -> stop=True tp=False timeout=False
2025-09-10 13:41:07,562 DEBUG sell-guard: sell window check: start=0935 end=1555 now=1341
2025-09-10 13:41:07,725 DEBUG sell-guard: SWKS stop calc: entry=76.23 bid=72.64 last=72.66 base=75.47 -> stop=72.63
2025-09-10 13:41:08,049 ERROR sell-guard: SWKS ARM HARD STOP failed: etrade POST /accounts/kW8LbkuGisPCK9Ey7C8iWA/orders/preview.json -> 400: {'Error': {'code': 2084, 'message': 'IMPORTANT: The stop price must be at least $0.01 below the current bid price for sell orders ($0.01 below the most recent closing price if the market is closed). Please adjust the stop price and resubmit your order.'}}
2025-09-10 13:41:08,907 ERROR sell-guard: SWKS STOP MARKET fallback failed: etrade POST /accounts/kW8LbkuGisPCK9Ey7C8iWA/orders/place.json -> 500: {'Error': {'code': 100, 'message': 'The requested service is not currently available, please try after sometime.'}}
2025-09-10 13:41:12,161 INFO sell-guard: [SG] PCG: last=15.47 entry=14.86 pnl=+414 bps (tp=200 stop=100) hold=1447m lim=15.47 free=1 -> stop=False tp=True timeout=False
2025-09-10 13:41:12,162 DEBUG sell-guard: sell window check: start=0935 end=1555 now=1341
2025-09-10 13:41:13,004 WARNING sell-guard: PCG SELL place 500/code100 (try 1/4), backing off 2.0s
2025-09-10 13:41:16,014 WARNING sell-guard: PCG SELL place 500/code100 (try 2/4), backing off 3.2s
2025-09-10 13:41:20,344 WARNING sell-guard: PCG SELL place 500/code100 (try 3/4), backing off 5.1s
2025-09-10 13:41:26,491 WARNING sell-guard: PCG SELL place 500/code100 (try 4/4), backing off 8.2s
2025-09-10 13:41:34,686 WARNING sell-guard: E*TRADE circuit OPEN for 60s due to repeated 500/code100
2025-09-10 13:41:34,686 ERROR sell-guard: PCG SELL_TARGET -> place failed after retries: etrade POST /accounts/kW8LbkuGisPCK9Ey7C8iWA/orders/place.json -> 500: {'Error': {'code': 100, 'message': 'The requested service is not currently available, please try after sometime.'}}
2025-09-10 13:41:37,769 INFO sell-guard: [SG] NCLH: last=24.74 entry=25.25 pnl=-201 bps (tp=200 stop=100) hold=1474m lim=24.74 free=3 -> stop=True tp=False timeout=False
2025-09-10 13:41:37,770 DEBUG sell-guard: sell window check: start=0935 end=1555 now=1341
2025-09-10 13:41:37,962 DEBUG sell-guard: NCLH stop calc: entry=25.25 bid=24.75 last=24.755 base=25.00 -> stop=24.74
2025-09-10 13:41:39,038 ERROR sell-guard: NCLH ARM HARD STOP failed: etrade POST /accounts/kW8LbkuGisPCK9Ey7C8iWA/orders/place.json -> 500: {'Error': {'code': 100, 'message': 'The requested service is not currently available, please try after sometime.'}}
2025-09-10 13:41:39,879 ERROR sell-guard: NCLH STOP MARKET fallback failed: etrade POST /accounts/kW8LbkuGisPCK9Ey7C8iWA/orders/place.json -> 500: {'Error': {'code': 100, 'message': 'The requested service is not currently available, please try after sometime.'}}
2025-09-10 13:41:42,921 INFO sell-guard: [SG] IVZ: last=22.14 entry=22.35 pnl=-96 bps (tp=200 stop=100) hold=1495m lim=22.13 free=4 -> stop=False tp=False timeout=False
2025-09-10 13:41:42,922 DEBUG sell-guard: sell window check: start=0935 end=1555 now=1341
2025-09-10 13:41:45,890 INFO sell-guard: [SG] ENPH: last=37.19 entry=39.06 pnl=-479 bps (tp=200 stop=100) hold=1488m lim=37.17 free=2 -> stop=True tp=False timeout=False
2025-09-10 13:41:45,892 DEBUG sell-guard: sell window check: start=0935 end=1555 now=1341
2025-09-10 13:41:46,131 DEBUG sell-guard: ENPH stop calc: entry=39.06 bid=37.22 last=37.22 base=38.67 -> stop=37.21
2025-09-10 13:41:47,150 ERROR sell-guard: ENPH ARM HARD STOP failed: etrade POST /accounts/kW8LbkuGisPCK9Ey7C8iWA/orders/place.json -> 500: {'Error': {'code': 100, 'message': 'The requested service is not currently available, please try after sometime.'}}
2025-09-10 13:41:48,260 ERROR sell-guard: ENPH STOP MARKET fallback failed: etrade POST /accounts/kW8LbkuGisPCK9Ey7C8iWA/orders/place.json -> 500: {'Error': {'code': 100, 'message': 'The requested service is not currently available, please try after sometime.'}}
2025-09-10 13:41:51,352 INFO sell-guard: [SG] WBD: last=12.22 entry=12.21 pnl=+12 bps (tp=200 stop=100) hold=2735m lim=12.22 free=1 -> stop=False tp=False timeout=False
2025-09-10 13:41:51,353 DEBUG sell-guard: sell window check: start=0935 end=1555 now=1341
2025-09-10 13:41:51,359 INFO sell-guard: ⏱ heartbeat: loop alive (account=kW8LbkuGisPCK9Ey7C8iWA)
2025-09-10 13:41:51,360 INFO sell-guard: E*TRADE unstable; skipping tick (circuit open, 43s left)
2025-09-10 13:42:21,361 INFO sell-guard: ⏱ heartbeat: loop alive (account=kW8LbkuGisPCK9Ey7C8iWA)
2025-09-10 13:42:21,362 INFO sell-guard: E*TRADE unstable; skipping tick (circuit open, 13s left)
2025-09-10 13:42:51,366 INFO sell-guard: ⏱ heartbeat: loop alive (account=kW8LbkuGisPCK9Ey7C8iWA)
2025-09-10 13:42:51,869 INFO sell-guard: positions via get_positions -> 21 symbol(s)
2025-09-10 13:42:51,870 INFO sell-guard: Managing 7 symbol(s): CVS,SWKS,PCG,NCLH,IVZ,ENPH,WBD
2025-09-10 13:42:57,087 INFO sell-guard: [SG] CVS: last=73.19 entry=70.96 pnl=+314 bps (tp=200 stop=100) hold=1474m lim=73.19 free=1 -> stop=False tp=True timeout=False
2025-09-10 13:42:57,088 DEBUG sell-guard: sell window check: start=0935 end=1555 now=1342
2025-09-10 13:42:57,978 WARNING sell-guard: CVS SELL place 500/code100 (try 1/4), backing off 2.0s
2025-09-10 13:43:01,048 WARNING sell-guard: CVS SELL place 500/code100 (try 2/4), backing off 3.2s
2025-09-10 13:43:05,214 WARNING sell-guard: CVS SELL place 500/code100 (try 3/4), backing off 5.1s
2025-09-10 13:43:11,319 WARNING sell-guard: CVS SELL place 500/code100 (try 4/4), backing off 8.2s
2025-09-10 13:43:19,513 WARNING sell-guard: E*TRADE circuit OPEN for 60s due to repeated 500/code100
2025-09-10 13:43:19,514 ERROR sell-guard: CVS SELL_TARGET -> place failed after retries: etrade POST /accounts/kW8LbkuGisPCK9Ey7C8iWA/orders/place.json -> 500: {'Error': {'code': 100, 'message': 'The requested service is not currently available, please try after sometime.'}}
2025-09-10 13:43:22,552 INFO sell-guard: [SG] SWKS: last=72.62 entry=76.23 pnl=-474 bps (tp=200 stop=100) hold=1463m lim=72.61 free=1 -> stop=True tp=False timeout=False
2025-09-10 13:43:22,554 DEBUG sell-guard: sell window check: start=0935 end=1555 now=1343
2025-09-10 13:43:22,736 DEBUG sell-guard: SWKS stop calc: entry=76.23 bid=72.6 last=72.6 base=75.47 -> stop=72.59
2025-09-10 13:43:24,024 ERROR sell-guard: SWKS ARM HARD STOP failed: etrade POST /accounts/kW8LbkuGisPCK9Ey7C8iWA/orders/place.json -> 500: {'Error': {'code': 100, 'message': 'The requested service is not currently available, please try after sometime.'}}
2025-09-10 13:43:25,017 ERROR sell-guard: SWKS STOP MARKET fallback failed: etrade POST /accounts/kW8LbkuGisPCK9Ey7C8iWA/orders/place.json -> 500: {'Error': {'code': 100, 'message': 'The requested service is not currently available, please try after sometime.'}}
2025-09-10 13:43:28,239 INFO sell-guard: [SG] PCG: last=15.47 entry=14.86 pnl=+414 bps (tp=200 stop=100) hold=1449m lim=15.47 free=1 -> stop=False tp=True timeout=False
2025-09-10 13:43:28,240 DEBUG sell-guard: sell window check: start=0935 end=1555 now=1343
2025-09-10 13:43:29,205 WARNING sell-guard: PCG SELL place 500/code100 (try 1/4), backing off 2.0s
2025-09-10 13:43:32,305 WARNING sell-guard: PCG SELL place 500/code100 (try 2/4), backing off 3.2s
2025-09-10 13:43:36,317 WARNING sell-guard: PCG SELL place 500/code100 (try 3/4), backing off 5.1s
2025-09-10 13:43:42,341 WARNING sell-guard: PCG SELL place 500/code100 (try 4/4), backing off 8.2s
2025-09-10 13:43:50,535 WARNING sell-guard: E*TRADE circuit OPEN for 60s due to repeated 500/code100
2025-09-10 13:43:50,536 ERROR sell-guard: PCG SELL_TARGET -> place failed after retries: etrade POST /accounts/kW8LbkuGisPCK9Ey7C8iWA/orders/place.json -> 500: {'Error': {'code': 100, 'message': 'The requested service is not currently available, please try after sometime.'}}
2025-09-10 13:43:53,474 INFO sell-guard: [SG] NCLH: last=24.75 entry=25.25 pnl=-199 bps (tp=200 stop=100) hold=1476m lim=24.74 free=3 -> stop=True tp=False timeout=False
2025-09-10 13:43:53,475 DEBUG sell-guard: sell window check: start=0935 end=1555 now=1343
2025-09-10 13:43:53,643 DEBUG sell-guard: NCLH stop calc: entry=25.25 bid=24.74 last=24.7451 base=25.00 -> stop=24.73
2025-09-10 13:43:54,530 ERROR sell-guard: NCLH ARM HARD STOP failed: etrade POST /accounts/kW8LbkuGisPCK9Ey7C8iWA/orders/place.json -> 500: {'Error': {'code': 100, 'message': 'The requested service is not currently available, please try after sometime.'}}
2025-09-10 13:43:55,649 ERROR sell-guard: NCLH STOP MARKET fallback failed: etrade POST /accounts/kW8LbkuGisPCK9Ey7C8iWA/orders/place.json -> 500: {'Error': {'code': 100, 'message': 'The requested service is not currently available, please try after sometime.'}}
2025-09-10 13:43:58,656 INFO sell-guard: [SG] IVZ: last=22.14 entry=22.35 pnl=-92 bps (tp=200 stop=100) hold=1497m lim=22.14 free=4 -> stop=False tp=False timeout=False
2025-09-10 13:43:58,657 DEBUG sell-guard: sell window check: start=0935 end=1555 now=1343
2025-09-10 13:44:02,036 INFO sell-guard: [SG] ENPH: last=37.15 entry=39.06 pnl=-489 bps (tp=200 stop=100) hold=1491m lim=37.13 free=2 -> stop=True tp=False timeout=False
2025-09-10 13:44:02,038 DEBUG sell-guard: sell window check: start=0935 end=1555 now=1344
2025-09-10 13:44:02,212 DEBUG sell-guard: ENPH stop calc: entry=39.06 bid=37.06 last=37.075 base=38.67 -> stop=37.05
2025-09-10 13:44:03,076 ERROR sell-guard: ENPH ARM HARD STOP failed: etrade POST /accounts/kW8LbkuGisPCK9Ey7C8iWA/orders/place.json -> 500: {'Error': {'code': 100, 'message': 'The requested service is not currently available, please try after sometime.'}}
2025-09-10 13:44:04,236 ERROR sell-guard: ENPH STOP MARKET fallback failed: etrade POST /accounts/kW8LbkuGisPCK9Ey7C8iWA/orders/place.json -> 500: {'Error': {'code': 100, 'message': 'The requested service is not currently available, please try after sometime.'}}
2025-09-10 13:44:07,316 INFO sell-guard: [SG] WBD: last=12.24 entry=12.21 pnl=+26 bps (tp=200 stop=100) hold=2738m lim=12.24 free=1 -> stop=False tp=False timeout=False
2025-09-10 13:44:07,317 DEBUG sell-guard: sell window check: start=0935 end=1555 now=1344
2025-09-10 13:44:07,319 INFO sell-guard: ⏱ heartbeat: loop alive (account=kW8LbkuGisPCK9Ey7C8iWA)
2025-09-10 13:44:07,320 INFO sell-guard: E*TRADE unstable; skipping tick (circuit open, 43s left)
2025-09-10 13:44:37,322 INFO sell-guard: ⏱ heartbeat: loop alive (account=kW8LbkuGisPCK9Ey7C8iWA)
2025-09-10 13:44:37,323 INFO sell-guard: E*TRADE unstable; skipping tick (circuit open, 13s left)
2025-09-10 13:45:07,330 INFO sell-guard: ⏱ heartbeat: loop alive (account=kW8LbkuGisPCK9Ey7C8iWA)
2025-09-10 13:45:07,923 INFO sell-guard: positions via get_positions -> 21 symbol(s)
2025-09-10 13:45:07,927 INFO sell-guard: Managing 7 symbol(s): CVS,SWKS,PCG,NCLH,IVZ,ENPH,WBD
2025-09-10 13:45:14,641 INFO sell-guard: [SG] CVS: last=73.19 entry=70.96 pnl=+314 bps (tp=200 stop=100) hold=1476m lim=73.18 free=1 -> stop=False tp=True timeout=False
2025-09-10 13:45:14,643 DEBUG sell-guard: sell window check: start=0935 end=1555 now=1345
2025-09-10 13:45:15,575 WARNING sell-guard: CVS SELL place 500/code100 (try 1/4), backing off 2.0s
2025-09-10 13:45:18,446 WARNING sell-guard: CVS SELL place 500/code100 (try 2/4), backing off 3.2s
2025-09-10 13:45:22,504 WARNING sell-guard: CVS SELL place 500/code100 (try 3/4), backing off 5.1s
2025-09-10 13:45:28,467 WARNING sell-guard: CVS SELL place 500/code100 (try 4/4), backing off 8.2s
2025-09-10 13:45:36,661 WARNING sell-guard: E*TRADE circuit OPEN for 60s due to repeated 500/code100
2025-09-10 13:45:36,662 ERROR sell-guard: CVS SELL_TARGET -> place failed after retries: etrade POST /accounts/kW8LbkuGisPCK9Ey7C8iWA/orders/place.json -> 500: {'Error': {'code': 100, 'message': 'The requested service is not currently available, please try after sometime.'}}
2025-09-10 13:45:39,659 INFO sell-guard: [SG] SWKS: last=72.57 entry=76.23 pnl=-480 bps (tp=200 stop=100) hold=1465m lim=72.55 free=1 -> stop=True tp=False timeout=False
2025-09-10 13:45:39,660 DEBUG sell-guard: sell window check: start=0935 end=1555 now=1345
2025-09-10 13:45:39,927 DEBUG sell-guard: SWKS stop calc: entry=76.23 bid=72.62 last=72.63 base=75.47 -> stop=72.61
2025-09-10 13:45:40,170 ERROR sell-guard: SWKS ARM HARD STOP failed: etrade POST /accounts/kW8LbkuGisPCK9Ey7C8iWA/orders/preview.json -> 400: {'Error': {'code': 2084, 'message': 'IMPORTANT: The stop price must be at least $0.01 below the current bid price for sell orders ($0.01 below the most recent closing price if the market is closed). Please adjust the stop price and resubmit your order.'}}
2025-09-10 13:45:40,921 ERROR sell-guard: SWKS STOP MARKET fallback failed: etrade POST /accounts/kW8LbkuGisPCK9Ey7C8iWA/orders/place.json -> 500: {'Error': {'code': 100, 'message': 'The requested service is not currently available, please try after sometime.'}}
2025-09-10 13:45:43,938 INFO sell-guard: [SG] PCG: last=15.46 entry=14.86 pnl=+400 bps (tp=200 stop=100) hold=1452m lim=15.45 free=1 -> stop=False tp=True timeout=False
2025-09-10 13:45:43,940 DEBUG sell-guard: sell window check: start=0935 end=1555 now=1345
2025-09-10 13:45:44,836 WARNING sell-guard: PCG SELL place 500/code100 (try 1/4), backing off 2.0s
2025-09-10 13:45:47,759 WARNING sell-guard: PCG SELL place 500/code100 (try 2/4), backing off 3.2s
2025-09-10 13:45:51,832 WARNING sell-guard: PCG SELL place 500/code100 (try 3/4), backing off 5.1s
2025-09-10 13:45:57,648 WARNING sell-guard: PCG SELL place 500/code100 (try 4/4), backing off 8.2s
2025-09-10 13:46:05,842 WARNING sell-guard: E*TRADE circuit OPEN for 60s due to repeated 500/code100
2025-09-10 13:46:05,842 ERROR sell-guard: PCG SELL_TARGET -> place failed after retries: etrade POST /accounts/kW8LbkuGisPCK9Ey7C8iWA/orders/place.json -> 500: {'Error': {'code': 100, 'message': 'The requested service is not currently available, please try after sometime.'}}
2025-09-10 13:46:08,871 INFO sell-guard: [SG] NCLH: last=24.77 entry=25.25 pnl=-189 bps (tp=200 stop=100) hold=1479m lim=24.76 free=3 -> stop=True tp=False timeout=False
2025-09-10 13:46:08,873 DEBUG sell-guard: sell window check: start=0935 end=1555 now=1346
2025-09-10 13:46:09,056 DEBUG sell-guard: NCLH stop calc: entry=25.25 bid=24.75 last=24.76 base=25.00 -> stop=24.74
2025-09-10 13:46:09,917 ERROR sell-guard: NCLH ARM HARD STOP failed: etrade POST /accounts/kW8LbkuGisPCK9Ey7C8iWA/orders/place.json -> 500: {'Error': {'code': 100, 'message': 'The requested service is not currently available, please try after sometime.'}}
2025-09-10 13:46:10,730 ERROR sell-guard: NCLH STOP MARKET fallback failed: etrade POST /accounts/kW8LbkuGisPCK9Ey7C8iWA/orders/place.json -> 500: {'Error': {'code': 100, 'message': 'The requested service is not currently available, please try after sometime.'}}
2025-09-10 13:46:13,833 INFO sell-guard: [SG] IVZ: last=22.14 entry=22.35 pnl=-96 bps (tp=200 stop=100) hold=1499m lim=22.13 free=4 -> stop=False tp=False timeout=False
2025-09-10 13:46:13,834 DEBUG sell-guard: sell window check: start=0935 end=1555 now=1346
2025-09-10 13:46:17,132 INFO sell-guard: [SG] ENPH: last=37.07 entry=39.06 pnl=-509 bps (tp=200 stop=100) hold=1493m lim=37.05 free=2 -> stop=True tp=False timeout=False
2025-09-10 13:46:17,133 DEBUG sell-guard: sell window check: start=0935 end=1555 now=1346
2025-09-10 13:46:17,459 DEBUG sell-guard: ENPH stop calc: entry=39.06 bid=37.04 last=37.065 base=38.67 -> stop=37.03
2025-09-10 13:46:18,489 ERROR sell-guard: ENPH ARM HARD STOP failed: etrade POST /accounts/kW8LbkuGisPCK9Ey7C8iWA/orders/place.json -> 500: {'Error': {'code': 100, 'message': 'The requested service is not currently available, please try after sometime.'}}
2025-09-10 13:46:19,318 ERROR sell-guard: ENPH STOP MARKET fallback failed: etrade POST /accounts/kW8LbkuGisPCK9Ey7C8iWA/orders/place.json -> 500: {'Error': {'code': 100, 'message': 'The requested service is not currently available, please try after sometime.'}}
2025-09-10 13:46:22,502 INFO sell-guard: [SG] WBD: last=12.24 entry=12.21 pnl=+25 bps (tp=200 stop=100) hold=2740m lim=12.23 free=1 -> stop=False tp=False timeout=False
2025-09-10 13:46:22,503 DEBUG sell-guard: sell window check: start=0935 end=1555 now=1346
2025-09-10 13:46:22,507 INFO sell-guard: ⏱ heartbeat: loop alive (account=kW8LbkuGisPCK9Ey7C8iWA)
2025-09-10 13:46:22,509 INFO sell-guard: E*TRADE unstable; skipping tick (circuit open, 43s left)
2025-09-10 13:46:52,512 INFO sell-guard: ⏱ heartbeat: loop alive (account=kW8LbkuGisPCK9Ey7C8iWA)
2025-09-10 13:46:52,529 INFO sell-guard: E*TRADE unstable; skipping tick (circuit open, 13s left)
2025-09-10 13:47:22,577 INFO sell-guard: ⏱ heartbeat: loop alive (account=kW8LbkuGisPCK9Ey7C8iWA)
2025-09-10 13:47:23,136 INFO sell-guard: positions via get_positions -> 21 symbol(s)
2025-09-10 13:47:23,137 INFO sell-guard: Managing 7 symbol(s): CVS,SWKS,PCG,NCLH,IVZ,ENPH,WBD
2025-09-10 13:47:28,722 INFO sell-guard: [SG] CVS: last=73.23 entry=70.96 pnl=+320 bps (tp=200 stop=100) hold=1478m lim=73.22 free=1 -> stop=False tp=True timeout=False
2025-09-10 13:47:28,723 DEBUG sell-guard: sell window check: start=0935 end=1555 now=1347
2025-09-10 13:47:29,655 WARNING sell-guard: CVS SELL place 500/code100 (try 1/4), backing off 2.0s
2025-09-10 13:47:32,561 WARNING sell-guard: CVS SELL place 500/code100 (try 2/4), backing off 3.2s
2025-09-10 13:47:36,686 WARNING sell-guard: CVS SELL place 500/code100 (try 3/4), backing off 5.1s
2025-09-10 13:47:42,673 WARNING sell-guard: CVS SELL place 500/code100 (try 4/4), backing off 8.2s
2025-09-10 13:47:50,866 WARNING sell-guard: E*TRADE circuit OPEN for 60s due to repeated 500/code100
2025-09-10 13:47:50,867 ERROR sell-guard: CVS SELL_TARGET -> place failed after retries: etrade POST /accounts/kW8LbkuGisPCK9Ey7C8iWA/orders/place.json -> 500: {'Error': {'code': 100, 'message': 'The requested service is not currently available, please try after sometime.'}}
2025-09-10 13:47:53,812 INFO sell-guard: [SG] SWKS: last=72.60 entry=76.23 pnl=-476 bps (tp=200 stop=100) hold=1467m lim=72.59 free=1 -> stop=True tp=False timeout=False
2025-09-10 13:47:53,813 DEBUG sell-guard: sell window check: start=0935 end=1555 now=1347
2025-09-10 13:47:54,050 DEBUG sell-guard: SWKS stop calc: entry=76.23 bid=72.59 last=72.6 base=75.47 -> stop=72.58
2025-09-10 13:47:54,909 ERROR sell-guard: SWKS ARM HARD STOP failed: etrade POST /accounts/kW8LbkuGisPCK9Ey7C8iWA/orders/place.json -> 500: {'Error': {'code': 100, 'message': 'The requested service is not currently available, please try after sometime.'}}
2025-09-10 13:47:55,977 ERROR sell-guard: SWKS STOP MARKET fallback failed: etrade POST /accounts/kW8LbkuGisPCK9Ey7C8iWA/orders/place.json -> 500: {'Error': {'code': 100, 'message': 'The requested service is not currently available, please try after sometime.'}}
2025-09-10 13:47:59,052 INFO sell-guard: [SG] PCG: last=15.47 entry=14.86 pnl=+414 bps (tp=200 stop=100) hold=1454m lim=15.47 free=1 -> stop=False tp=True timeout=False
2025-09-10 13:47:59,054 DEBUG sell-guard: sell window check: start=0935 end=1555 now=1347
2025-09-10 13:47:59,842 WARNING sell-guard: PCG SELL place 500/code100 (try 1/4), backing off 2.0s
2025-09-10 13:48:02,650 WARNING sell-guard: PCG SELL place 500/code100 (try 2/4), backing off 3.2s
2025-09-10 13:48:06,674 WARNING sell-guard: PCG SELL place 500/code100 (try 3/4), backing off 5.1s
2025-09-10 13:48:12,789 WARNING sell-guard: PCG SELL place 500/code100 (try 4/4), backing off 8.2s
2025-09-10 13:48:20,984 WARNING sell-guard: E*TRADE circuit OPEN for 60s due to repeated 500/code100
2025-09-10 13:48:20,984 ERROR sell-guard: PCG SELL_TARGET -> place failed after retries: etrade POST /accounts/kW8LbkuGisPCK9Ey7C8iWA/orders/place.json -> 500: {'Error': {'code': 100, 'message': 'The requested service is not currently available, please try after sometime.'}}
2025-09-10 13:48:24,364 INFO sell-guard: [SG] NCLH: last=24.73 entry=25.25 pnl=-203 bps (tp=200 stop=100) hold=1481m lim=24.73 free=3 -> stop=True tp=False timeout=False
2025-09-10 13:48:24,364 DEBUG sell-guard: sell window check: start=0935 end=1555 now=1348
2025-09-10 13:48:25,055 DEBUG sell-guard: NCLH stop calc: entry=25.25 bid=24.74 last=24.745 base=25.00 -> stop=24.73
2025-09-10 13:48:25,906 ERROR sell-guard: NCLH ARM HARD STOP failed: etrade POST /accounts/kW8LbkuGisPCK9Ey7C8iWA/orders/place.json -> 500: {'Error': {'code': 100, 'message': 'The requested service is not currently available, please try after sometime.'}}
2025-09-10 13:48:26,883 ERROR sell-guard: NCLH STOP MARKET fallback failed: etrade POST /accounts/kW8LbkuGisPCK9Ey7C8iWA/orders/place.json -> 500: {'Error': {'code': 100, 'message': 'The requested service is not currently available, please try after sometime.'}}
2025-09-10 13:48:29,839 INFO sell-guard: [SG] IVZ: last=22.11 entry=22.35 pnl=-107 bps (tp=200 stop=100) hold=1502m lim=22.11 free=4 -> stop=True tp=False timeout=False
2025-09-10 13:48:29,840 DEBUG sell-guard: sell window check: start=0935 end=1555 now=1348
2025-09-10 13:48:30,033 DEBUG sell-guard: IVZ stop calc: entry=22.35 bid=22.12 last=22.125 base=22.13 -> stop=22.11
2025-09-10 13:48:30,813 ERROR sell-guard: IVZ ARM HARD STOP failed: etrade POST /accounts/kW8LbkuGisPCK9Ey7C8iWA/orders/place.json -> 500: {'Error': {'code': 100, 'message': 'The requested service is not currently available, please try after sometime.'}}
2025-09-10 13:48:31,663 ERROR sell-guard: IVZ STOP MARKET fallback failed: etrade POST /accounts/kW8LbkuGisPCK9Ey7C8iWA/orders/place.json -> 500: {'Error': {'code': 100, 'message': 'The requested service is not currently available, please try after sometime.'}}
2025-09-10 13:48:34,817 INFO sell-guard: [SG] ENPH: last=37.04 entry=39.06 pnl=-517 bps (tp=200 stop=100) hold=1495m lim=37.03 free=2 -> stop=True tp=False timeout=False
2025-09-10 13:48:34,818 DEBUG sell-guard: sell window check: start=0935 end=1555 now=1348
2025-09-10 13:48:35,051 DEBUG sell-guard: ENPH stop calc: entry=39.06 bid=37.02 last=37.0314 base=38.67 -> stop=37.01
2025-09-10 13:48:35,262 ERROR sell-guard: ENPH ARM HARD STOP failed: etrade POST /accounts/kW8LbkuGisPCK9Ey7C8iWA/orders/preview.json -> 400: {'Error': {'code': 2084, 'message': 'IMPORTANT: The stop price must be at least $0.01 below the current bid price for sell orders ($0.01 below the most recent closing price if the market is closed). Please adjust the stop price and resubmit your order.'}}
2025-09-10 13:48:36,079 ERROR sell-guard: ENPH STOP MARKET fallback failed: etrade POST /accounts/kW8LbkuGisPCK9Ey7C8iWA/orders/place.json -> 500: {'Error': {'code': 100, 'message': 'The requested service is not currently available, please try after sometime.'}}
2025-09-10 13:48:39,079 INFO sell-guard: [SG] WBD: last=12.27 entry=12.21 pnl=+45 bps (tp=200 stop=100) hold=2742m lim=12.26 free=1 -> stop=False tp=False timeout=False
2025-09-10 13:48:39,079 DEBUG sell-guard: sell window check: start=0935 end=1555 now=1348
2025-09-10 13:48:39,081 INFO sell-guard: ⏱ heartbeat: loop alive (account=kW8LbkuGisPCK9Ey7C8iWA)
2025-09-10 13:48:39,082 INFO sell-guard: E*TRADE unstable; skipping tick (circuit open, 41s left)
2025-09-10 13:49:09,083 INFO sell-guard: ⏱ heartbeat: loop alive (account=kW8LbkuGisPCK9Ey7C8iWA)
2025-09-10 13:49:09,084 INFO sell-guard: E*TRADE unstable; skipping tick (circuit open, 11s left)
2025-09-10 13:49:39,089 INFO sell-guard: ⏱ heartbeat: loop alive (account=kW8LbkuGisPCK9Ey7C8iWA)
2025-09-10 13:49:39,624 INFO sell-guard: positions via get_positions -> 21 symbol(s)
2025-09-10 13:49:39,626 INFO sell-guard: Managing 7 symbol(s): CVS,SWKS,PCG,NCLH,IVZ,ENPH,WBD
2025-09-10 13:49:45,622 INFO sell-guard: [SG] CVS: last=73.22 entry=70.96 pnl=+318 bps (tp=200 stop=100) hold=1480m lim=73.20 free=1 -> stop=False tp=True timeout=False
2025-09-10 13:49:45,623 DEBUG sell-guard: sell window check: start=0935 end=1555 now=1349
2025-09-10 13:49:46,589 WARNING sell-guard: CVS SELL place 500/code100 (try 1/4), backing off 2.0s
2025-09-10 13:49:49,574 WARNING sell-guard: CVS SELL place 500/code100 (try 2/4), backing off 3.2s
2025-09-10 13:49:53,544 WARNING sell-guard: CVS SELL place 500/code100 (try 3/4), backing off 5.1s
2025-09-10 13:49:59,668 WARNING sell-guard: CVS SELL place 500/code100 (try 4/4), backing off 8.2s
2025-09-10 13:50:07,863 WARNING sell-guard: E*TRADE circuit OPEN for 60s due to repeated 500/code100
2025-09-10 13:50:07,864 ERROR sell-guard: CVS SELL_TARGET -> place failed after retries: etrade POST /accounts/kW8LbkuGisPCK9Ey7C8iWA/orders/place.json -> 500: {'Error': {'code': 100, 'message': 'The requested service is not currently available, please try after sometime.'}}
2025-09-10 13:50:11,224 INFO sell-guard: [SG] SWKS: last=72.67 entry=76.23 pnl=-468 bps (tp=200 stop=100) hold=1470m lim=72.65 free=1 -> stop=True tp=False timeout=False
2025-09-10 13:50:11,225 DEBUG sell-guard: sell window check: start=0935 end=1555 now=1350
2025-09-10 13:50:11,505 DEBUG sell-guard: SWKS stop calc: entry=76.23 bid=72.65 last=72.665 base=75.47 -> stop=72.64
2025-09-10 13:50:12,421 ERROR sell-guard: SWKS ARM HARD STOP failed: etrade POST /accounts/kW8LbkuGisPCK9Ey7C8iWA/orders/place.json -> 500: {'Error': {'code': 100, 'message': 'The requested service is not currently available, please try after sometime.'}}
2025-09-10 13:50:13,369 ERROR sell-guard: SWKS STOP MARKET fallback failed: etrade POST /accounts/kW8LbkuGisPCK9Ey7C8iWA/orders/place.json -> 500: {'Error': {'code': 100, 'message': 'The requested service is not currently available, please try after sometime.'}}
2025-09-10 13:50:16,930 INFO sell-guard: [SG] PCG: last=15.47 entry=14.86 pnl=+414 bps (tp=200 stop=100) hold=1456m lim=15.47 free=1 -> stop=False tp=True timeout=False
2025-09-10 13:50:16,931 DEBUG sell-guard: sell window check: start=0935 end=1555 now=1350
2025-09-10 13:50:18,017 WARNING sell-guard: PCG SELL place 500/code100 (try 1/4), backing off 2.0s
2025-09-10 13:50:20,836 WARNING sell-guard: PCG SELL place 500/code100 (try 2/4), backing off 3.2s
2025-09-10 13:50:24,986 WARNING sell-guard: PCG SELL place 500/code100 (try 3/4), backing off 5.1s
2025-09-10 13:50:31,260 WARNING sell-guard: PCG SELL place 500/code100 (try 4/4), backing off 8.2s
2025-09-10 13:50:39,454 WARNING sell-guard: E*TRADE circuit OPEN for 60s due to repeated 500/code100
2025-09-10 13:50:39,455 ERROR sell-guard: PCG SELL_TARGET -> place failed after retries: etrade POST /accounts/kW8LbkuGisPCK9Ey7C8iWA/orders/place.json -> 500: {'Error': {'code': 100, 'message': 'The requested service is not currently available, please try after sometime.'}}
2025-09-10 13:50:43,060 INFO sell-guard: [SG] NCLH: last=24.75 entry=25.25 pnl=-195 bps (tp=200 stop=100) hold=1483m lim=24.75 free=3 -> stop=True tp=False timeout=False
2025-09-10 13:50:43,061 DEBUG sell-guard: sell window check: start=0935 end=1555 now=1350
2025-09-10 13:50:43,254 DEBUG sell-guard: NCLH stop calc: entry=25.25 bid=24.78 last=24.79 base=25.00 -> stop=24.77
2025-09-10 13:50:44,197 ERROR sell-guard: NCLH ARM HARD STOP failed: etrade POST /accounts/kW8LbkuGisPCK9Ey7C8iWA/orders/place.json -> 500: {'Error': {'code': 100, 'message': 'The requested service is not currently available, please try after sometime.'}}
2025-09-10 13:50:45,409 ERROR sell-guard: NCLH STOP MARKET fallback failed: etrade POST /accounts/kW8LbkuGisPCK9Ey7C8iWA/orders/place.json -> 500: {'Error': {'code': 100, 'message': 'The requested service is not currently available, please try after sometime.'}}
2025-09-10 13:50:48,598 INFO sell-guard: [SG] IVZ: last=22.15 entry=22.35 pnl=-89 bps (tp=200 stop=100) hold=1504m lim=22.14 free=4 -> stop=False tp=False timeout=False
2025-09-10 13:50:48,600 DEBUG sell-guard: sell window check: start=0935 end=1555 now=1350
2025-09-10 13:50:52,183 INFO sell-guard: [SG] ENPH: last=37.12 entry=39.06 pnl=-497 bps (tp=200 stop=100) hold=1497m lim=37.10 free=2 -> stop=True tp=False timeout=False
2025-09-10 13:50:52,184 DEBUG sell-guard: sell window check: start=0935 end=1555 now=1350
2025-09-10 13:50:52,426 DEBUG sell-guard: ENPH stop calc: entry=39.06 bid=37.13 last=37.14 base=38.67 -> stop=37.12
2025-09-10 13:50:53,500 ERROR sell-guard: ENPH ARM HARD STOP failed: etrade POST /accounts/kW8LbkuGisPCK9Ey7C8iWA/orders/place.json -> 500: {'Error': {'code': 100, 'message': 'The requested service is not currently available, please try after sometime.'}}
2025-09-10 13:50:54,596 ERROR sell-guard: ENPH STOP MARKET fallback failed: etrade POST /accounts/kW8LbkuGisPCK9Ey7C8iWA/orders/place.json -> 500: {'Error': {'code': 100, 'message': 'The requested service is not currently available, please try after sometime.'}}
2025-09-10 13:50:58,096 INFO sell-guard: [SG] WBD: last=12.29 entry=12.21 pnl=+61 bps (tp=200 stop=100) hold=2745m lim=12.28 free=1 -> stop=False tp=False timeout=False
2025-09-10 13:50:58,097 DEBUG sell-guard: sell window check: start=0935 end=1555 now=1350
2025-09-10 13:50:58,099 INFO sell-guard: ⏱ heartbeat: loop alive (account=kW8LbkuGisPCK9Ey7C8iWA)
2025-09-10 13:50:58,100 INFO sell-guard: E*TRADE unstable; skipping tick (circuit open, 41s left)
2025-09-10 13:51:28,101 INFO sell-guard: ⏱ heartbeat: loop alive (account=kW8LbkuGisPCK9Ey7C8iWA)
2025-09-10 13:51:28,103 INFO sell-guard: E*TRADE unstable; skipping tick (circuit open, 11s left)
2025-09-10 13:51:58,110 INFO sell-guard: ⏱ heartbeat: loop alive (account=kW8LbkuGisPCK9Ey7C8iWA)
2025-09-10 13:51:58,627 INFO sell-guard: positions via get_positions -> 21 symbol(s)
2025-09-10 13:51:58,630 INFO sell-guard: Managing 7 symbol(s): CVS,SWKS,PCG,NCLH,IVZ,ENPH,WBD
2025-09-10 13:52:04,209 INFO sell-guard: [SG] CVS: last=73.33 entry=70.96 pnl=+333 bps (tp=200 stop=100) hold=1483m lim=73.32 free=1 -> stop=False tp=True timeout=False
2025-09-10 13:52:04,210 DEBUG sell-guard: sell window check: start=0935 end=1555 now=1352
2025-09-10 13:52:05,210 WARNING sell-guard: CVS SELL place 500/code100 (try 1/4), backing off 2.0s
2025-09-10 13:52:08,234 WARNING sell-guard: CVS SELL place 500/code100 (try 2/4), backing off 3.2s
2025-09-10 13:52:12,364 WARNING sell-guard: CVS SELL place 500/code100 (try 3/4), backing off 5.1s
2025-09-10 13:52:18,659 WARNING sell-guard: CVS SELL place 500/code100 (try 4/4), backing off 8.2s
2025-09-10 13:52:26,853 WARNING sell-guard: E*TRADE circuit OPEN for 60s due to repeated 500/code100
2025-09-10 13:52:26,855 ERROR sell-guard: CVS SELL_TARGET -> place failed after retries: etrade POST /accounts/kW8LbkuGisPCK9Ey7C8iWA/orders/place.json -> 500: {'Error': {'code': 100, 'message': 'The requested service is not currently available, please try after sometime.'}}
2025-09-10 13:52:30,397 INFO sell-guard: [SG] SWKS: last=72.60 entry=76.23 pnl=-476 bps (tp=200 stop=100) hold=1472m lim=72.57 free=1 -> stop=True tp=False timeout=False
2025-09-10 13:52:30,397 DEBUG sell-guard: sell window check: start=0935 end=1555 now=1352
2025-09-10 13:52:30,623 DEBUG sell-guard: SWKS stop calc: entry=76.23 bid=72.54 last=72.57 base=75.47 -> stop=72.53
2025-09-10 13:52:31,666 ERROR sell-guard: SWKS ARM HARD STOP failed: etrade POST /accounts/kW8LbkuGisPCK9Ey7C8iWA/orders/place.json -> 500: {'Error': {'code': 100, 'message': 'The requested service is not currently available, please try after sometime.'}}
2025-09-10 13:52:32,977 ERROR sell-guard: SWKS STOP MARKET fallback failed: etrade POST /accounts/kW8LbkuGisPCK9Ey7C8iWA/orders/place.json -> 500: {'Error': {'code': 100, 'message': 'The requested service is not currently available, please try after sometime.'}}
2025-09-10 13:52:36,527 INFO sell-guard: [SG] PCG: last=15.51 entry=14.86 pnl=+434 bps (tp=200 stop=100) hold=1458m lim=15.50 free=1 -> stop=False tp=True timeout=False
2025-09-10 13:52:36,528 DEBUG sell-guard: sell window check: start=0935 end=1555 now=1352
2025-09-10 13:52:37,620 WARNING sell-guard: PCG SELL place 500/code100 (try 1/4), backing off 2.0s
2025-09-10 13:52:40,845 WARNING sell-guard: PCG SELL place 500/code100 (try 2/4), backing off 3.2s
2025-09-10 13:52:45,029 WARNING sell-guard: PCG SELL place 500/code100 (try 3/4), backing off 5.1s
2025-09-10 13:52:50,974 WARNING sell-guard: PCG SELL place 500/code100 (try 4/4), backing off 8.2s
2025-09-10 13:52:59,168 WARNING sell-guard: E*TRADE circuit OPEN for 60s due to repeated 500/code100
2025-09-10 13:52:59,170 ERROR sell-guard: PCG SELL_TARGET -> place failed after retries: etrade POST /accounts/kW8LbkuGisPCK9Ey7C8iWA/orders/place.json -> 500: {'Error': {'code': 100, 'message': 'The requested service is not currently available, please try after sometime.'}}
2025-09-10 13:53:02,563 INFO sell-guard: [SG] NCLH: last=24.77 entry=25.25 pnl=-189 bps (tp=200 stop=100) hold=1485m lim=24.76 free=3 -> stop=True tp=False timeout=False
2025-09-10 13:53:02,564 DEBUG sell-guard: sell window check: start=0935 end=1555 now=1353
2025-09-10 13:53:02,743 DEBUG sell-guard: NCLH stop calc: entry=25.25 bid=24.74 last=24.7476 base=25.00 -> stop=24.73
2025-09-10 13:53:03,771 ERROR sell-guard: NCLH ARM HARD STOP failed: etrade POST /accounts/kW8LbkuGisPCK9Ey7C8iWA/orders/place.json -> 500: {'Error': {'code': 100, 'message': 'The requested service is not currently available, please try after sometime.'}}
2025-09-10 13:53:04,804 ERROR sell-guard: NCLH STOP MARKET fallback failed: etrade POST /accounts/kW8LbkuGisPCK9Ey7C8iWA/orders/place.json -> 500: {'Error': {'code': 100, 'message': 'The requested service is not currently available, please try after sometime.'}}
2025-09-10 13:53:08,208 INFO sell-guard: [SG] IVZ: last=22.14 entry=22.35 pnl=-94 bps (tp=200 stop=100) hold=1506m lim=22.13 free=4 -> stop=False tp=False timeout=False
2025-09-10 13:53:08,209 DEBUG sell-guard: sell window check: start=0935 end=1555 now=1353
2025-09-10 13:53:11,912 INFO sell-guard: [SG] ENPH: last=37.14 entry=39.06 pnl=-492 bps (tp=200 stop=100) hold=1500m lim=37.11 free=2 -> stop=True tp=False timeout=False
2025-09-10 13:53:11,912 DEBUG sell-guard: sell window check: start=0935 end=1555 now=1353
2025-09-10 13:53:12,138 DEBUG sell-guard: ENPH stop calc: entry=39.06 bid=37.2 last=37.2 base=38.67 -> stop=37.19
2025-09-10 13:53:13,135 ERROR sell-guard: ENPH ARM HARD STOP failed: etrade POST /accounts/kW8LbkuGisPCK9Ey7C8iWA/orders/place.json -> 500: {'Error': {'code': 100, 'message': 'The requested service is not currently available, please try after sometime.'}}
2025-09-10 13:53:14,022 ERROR sell-guard: ENPH STOP MARKET fallback failed: etrade POST /accounts/kW8LbkuGisPCK9Ey7C8iWA/orders/place.json -> 500: {'Error': {'code': 100, 'message': 'The requested service is not currently available, please try after sometime.'}}
2025-09-10 13:53:17,402 INFO sell-guard: [SG] WBD: last=12.27 entry=12.21 pnl=+49 bps (tp=200 stop=100) hold=2747m lim=12.27 free=1 -> stop=False tp=False timeout=False
2025-09-10 13:53:17,403 DEBUG sell-guard: sell window check: start=0935 end=1555 now=1353
2025-09-10 13:53:17,406 INFO sell-guard: ⏱ heartbeat: loop alive (account=kW8LbkuGisPCK9Ey7C8iWA)
2025-09-10 13:53:17,407 INFO sell-guard: E*TRADE unstable; skipping tick (circuit open, 41s left)
2025-09-10 13:53:47,408 INFO sell-guard: ⏱ heartbeat: loop alive (account=kW8LbkuGisPCK9Ey7C8iWA)
2025-09-10 13:53:47,408 INFO sell-guard: E*TRADE unstable; skipping tick (circuit open, 11s left)
2025-09-10 13:54:17,413 INFO sell-guard: ⏱ heartbeat: loop alive (account=kW8LbkuGisPCK9Ey7C8iWA)
2025-09-10 13:54:17,961 INFO sell-guard: positions via get_positions -> 21 symbol(s)
2025-09-10 13:54:17,962 INFO sell-guard: Managing 7 symbol(s): CVS,SWKS,PCG,NCLH,IVZ,ENPH,WBD
2025-09-10 13:54:23,689 INFO sell-guard: [SG] CVS: last=73.35 entry=70.96 pnl=+337 bps (tp=200 stop=100) hold=1485m lim=73.34 free=1 -> stop=False tp=True timeout=False
2025-09-10 13:54:23,690 DEBUG sell-guard: sell window check: start=0935 end=1555 now=1354
2025-09-10 13:54:24,458 WARNING sell-guard: CVS SELL place 500/code100 (try 1/4), backing off 2.0s
2025-09-10 13:54:27,481 WARNING sell-guard: CVS SELL place 500/code100 (try 2/4), backing off 3.2s
2025-09-10 13:54:31,657 WARNING sell-guard: CVS SELL place 500/code100 (try 3/4), backing off 5.1s
2025-09-10 13:54:37,873 WARNING sell-guard: CVS SELL place 500/code100 (try 4/4), backing off 8.2s
2025-09-10 13:54:46,067 WARNING sell-guard: E*TRADE circuit OPEN for 60s due to repeated 500/code100
2025-09-10 13:54:46,069 ERROR sell-guard: CVS SELL_TARGET -> place failed after retries: etrade POST /accounts/kW8LbkuGisPCK9Ey7C8iWA/orders/place.json -> 500: {'Error': {'code': 100, 'message': 'The requested service is not currently available, please try after sometime.'}}
2025-09-10 13:54:49,650 INFO sell-guard: [SG] SWKS: last=72.46 entry=76.23 pnl=-495 bps (tp=200 stop=100) hold=1474m lim=72.44 free=1 -> stop=True tp=False timeout=False
2025-09-10 13:54:49,651 DEBUG sell-guard: sell window check: start=0935 end=1555 now=1354
2025-09-10 13:54:49,940 DEBUG sell-guard: SWKS stop calc: entry=76.23 bid=72.43 last=72.46 base=75.47 -> stop=72.42
2025-09-10 13:54:50,281 ERROR sell-guard: SWKS ARM HARD STOP failed: etrade POST /accounts/kW8LbkuGisPCK9Ey7C8iWA/orders/preview.json -> 400: {'Error': {'code': 2084, 'message': 'IMPORTANT: The stop price must be at least $0.01 below the current bid price for sell orders ($0.01 below the most recent closing price if the market is closed). Please adjust the stop price and resubmit your order.'}}
2025-09-10 13:54:51,338 ERROR sell-guard: SWKS STOP MARKET fallback failed: etrade POST /accounts/kW8LbkuGisPCK9Ey7C8iWA/orders/place.json -> 500: {'Error': {'code': 100, 'message': 'The requested service is not currently available, please try after sometime.'}}
2025-09-10 13:54:55,195 INFO sell-guard: [SG] PCG: last=15.46 entry=14.86 pnl=+404 bps (tp=200 stop=100) hold=1461m lim=15.46 free=1 -> stop=False tp=True timeout=False
2025-09-10 13:54:55,196 DEBUG sell-guard: sell window check: start=0935 end=1555 now=1354
2025-09-10 13:54:56,232 WARNING sell-guard: PCG SELL place 500/code100 (try 1/4), backing off 2.0s
2025-09-10 13:54:59,035 WARNING sell-guard: PCG SELL place 500/code100 (try 2/4), backing off 3.2s
2025-09-10 13:55:03,115 WARNING sell-guard: PCG SELL place 500/code100 (try 3/4), backing off 5.1s
2025-09-10 13:55:09,214 WARNING sell-guard: PCG SELL place 500/code100 (try 4/4), backing off 8.2s
2025-09-10 13:55:17,409 WARNING sell-guard: E*TRADE circuit OPEN for 60s due to repeated 500/code100
2025-09-10 13:55:17,409 ERROR sell-guard: PCG SELL_TARGET -> place failed after retries: etrade POST /accounts/kW8LbkuGisPCK9Ey7C8iWA/orders/place.json -> 500: {'Error': {'code': 100, 'message': 'The requested service is not currently available, please try after sometime.'}}
2025-09-10 13:55:20,434 INFO sell-guard: [SG] NCLH: last=24.73 entry=25.25 pnl=-203 bps (tp=200 stop=100) hold=1488m lim=24.73 free=3 -> stop=True tp=False timeout=False
2025-09-10 13:55:20,435 DEBUG sell-guard: sell window check: start=0935 end=1555 now=1355
2025-09-10 13:55:20,749 DEBUG sell-guard: NCLH stop calc: entry=25.25 bid=24.73 last=24.735 base=25.00 -> stop=24.72
2025-09-10 13:55:21,614 ERROR sell-guard: NCLH ARM HARD STOP failed: etrade POST /accounts/kW8LbkuGisPCK9Ey7C8iWA/orders/place.json -> 500: {'Error': {'code': 100, 'message': 'The requested service is not currently available, please try after sometime.'}}
2025-09-10 13:55:22,515 ERROR sell-guard: NCLH STOP MARKET fallback failed: etrade POST /accounts/kW8LbkuGisPCK9Ey7C8iWA/orders/place.json -> 500: {'Error': {'code': 100, 'message': 'The requested service is not currently available, please try after sometime.'}}
2025-09-10 13:55:25,556 INFO sell-guard: [SG] IVZ: last=22.10 entry=22.35 pnl=-112 bps (tp=200 stop=100) hold=1509m lim=22.10 free=4 -> stop=True tp=False timeout=False
2025-09-10 13:55:25,558 DEBUG sell-guard: sell window check: start=0935 end=1555 now=1355
2025-09-10 13:55:26,061 DEBUG sell-guard: IVZ stop calc: entry=22.35 bid=22.1 last=22.105 base=22.13 -> stop=22.09
2025-09-10 13:55:26,941 ERROR sell-guard: IVZ ARM HARD STOP failed: etrade POST /accounts/kW8LbkuGisPCK9Ey7C8iWA/orders/place.json -> 500: {'Error': {'code': 100, 'message': 'The requested service is not currently available, please try after sometime.'}}
2025-09-10 13:55:27,828 ERROR sell-guard: IVZ STOP MARKET fallback failed: etrade POST /accounts/kW8LbkuGisPCK9Ey7C8iWA/orders/place.json -> 500: {'Error': {'code': 100, 'message': 'The requested service is not currently available, please try after sometime.'}}
2025-09-10 13:55:30,732 INFO sell-guard: [SG] ENPH: last=37.15 entry=39.06 pnl=-489 bps (tp=200 stop=100) hold=1502m lim=37.13 free=2 -> stop=True tp=False timeout=False
2025-09-10 13:55:30,734 DEBUG sell-guard: sell window check: start=0935 end=1555 now=1355
2025-09-10 13:55:30,978 DEBUG sell-guard: ENPH stop calc: entry=39.06 bid=37.09 last=37.1 base=38.67 -> stop=37.08
2025-09-10 13:55:31,838 ERROR sell-guard: ENPH ARM HARD STOP failed: etrade POST /accounts/kW8LbkuGisPCK9Ey7C8iWA/orders/place.json -> 500: {'Error': {'code': 100, 'message': 'The requested service is not currently available, please try after sometime.'}}
2025-09-10 13:55:32,768 ERROR sell-guard: ENPH STOP MARKET fallback failed: etrade POST /accounts/kW8LbkuGisPCK9Ey7C8iWA/orders/place.json -> 500: {'Error': {'code': 100, 'message': 'The requested service is not currently available, please try after sometime.'}}
2025-09-10 13:55:35,892 INFO sell-guard: [SG] WBD: last=12.26 entry=12.21 pnl=+37 bps (tp=200 stop=100) hold=2749m lim=12.25 free=1 -> stop=False tp=False timeout=False
2025-09-10 13:55:35,893 DEBUG sell-guard: sell window check: start=0935 end=1555 now=1355
2025-09-10 13:55:35,896 INFO sell-guard: ⏱ heartbeat: loop alive (account=kW8LbkuGisPCK9Ey7C8iWA)
2025-09-10 13:55:35,896 INFO sell-guard: E*TRADE unstable; skipping tick (circuit open, 41s left)
2025-09-10 13:56:05,898 INFO sell-guard: ⏱ heartbeat: loop alive (account=kW8LbkuGisPCK9Ey7C8iWA)
2025-09-10 13:56:05,899 INFO sell-guard: E*TRADE unstable; skipping tick (circuit open, 11s left)
2025-09-10 13:56:35,907 INFO sell-guard: ⏱ heartbeat: loop alive (account=kW8LbkuGisPCK9Ey7C8iWA)
2025-09-10 13:56:36,719 INFO sell-guard: positions via get_positions -> 21 symbol(s)
2025-09-10 13:56:36,720 INFO sell-guard: Managing 7 symbol(s): CVS,SWKS,PCG,NCLH,IVZ,ENPH,WBD
2025-09-10 13:56:42,371 INFO sell-guard: [SG] CVS: last=73.33 entry=70.96 pnl=+335 bps (tp=200 stop=100) hold=1487m lim=73.33 free=1 -> stop=False tp=True timeout=False
2025-09-10 13:56:42,372 DEBUG sell-guard: sell window check: start=0935 end=1555 now=1356
2025-09-10 13:56:43,209 WARNING sell-guard: CVS SELL place 500/code100 (try 1/4), backing off 2.0s
2025-09-10 13:56:46,138 WARNING sell-guard: CVS SELL place 500/code100 (try 2/4), backing off 3.2s
2025-09-10 13:56:50,184 WARNING sell-guard: CVS SELL place 500/code100 (try 3/4), backing off 5.1s
2025-09-10 13:56:56,185 WARNING sell-guard: CVS SELL place 500/code100 (try 4/4), backing off 8.2s
2025-09-10 13:57:04,381 WARNING sell-guard: E*TRADE circuit OPEN for 60s due to repeated 500/code100
2025-09-10 13:57:04,382 ERROR sell-guard: CVS SELL_TARGET -> place failed after retries: etrade POST /accounts/kW8LbkuGisPCK9Ey7C8iWA/orders/place.json -> 500: {'Error': {'code': 100, 'message': 'The requested service is not currently available, please try after sometime.'}}
2025-09-10 13:57:07,407 INFO sell-guard: [SG] SWKS: last=72.43 entry=76.23 pnl=-498 bps (tp=200 stop=100) hold=1477m lim=72.43 free=1 -> stop=True tp=False timeout=False
2025-09-10 13:57:07,409 DEBUG sell-guard: sell window check: start=0935 end=1555 now=1357
2025-09-10 13:57:07,607 DEBUG sell-guard: SWKS stop calc: entry=76.23 bid=72.43 last=72.455 base=75.47 -> stop=72.42
2025-09-10 13:57:07,909 ERROR sell-guard: SWKS ARM HARD STOP failed: etrade POST /accounts/kW8LbkuGisPCK9Ey7C8iWA/orders/preview.json -> 400: {'Error': {'code': 2084, 'message': 'IMPORTANT: The stop price must be at least $0.01 below the current bid price for sell orders ($0.01 below the most recent closing price if the market is closed). Please adjust the stop price and resubmit your order.'}}
2025-09-10 13:57:08,804 ERROR sell-guard: SWKS STOP MARKET fallback failed: etrade POST /accounts/kW8LbkuGisPCK9Ey7C8iWA/orders/place.json -> 500: {'Error': {'code': 100, 'message': 'The requested service is not currently available, please try after sometime.'}}
2025-09-10 13:57:11,815 INFO sell-guard: [SG] PCG: last=15.41 entry=14.86 pnl=+373 bps (tp=200 stop=100) hold=1463m lim=15.41 free=1 -> stop=False tp=True timeout=False
2025-09-10 13:57:11,817 DEBUG sell-guard: sell window check: start=0935 end=1555 now=1357
2025-09-10 13:57:12,693 WARNING sell-guard: PCG SELL place 500/code100 (try 1/4), backing off 2.0s
2025-09-10 13:57:15,783 WARNING sell-guard: PCG SELL place 500/code100 (try 2/4), backing off 3.2s
2025-09-10 13:57:19,900 WARNING sell-guard: PCG SELL place 500/code100 (try 3/4), backing off 5.1s
2025-09-10 13:57:25,835 WARNING sell-guard: PCG SELL place 500/code100 (try 4/4), backing off 8.2s
2025-09-10 13:57:34,030 WARNING sell-guard: E*TRADE circuit OPEN for 60s due to repeated 500/code100
2025-09-10 13:57:34,033 ERROR sell-guard: PCG SELL_TARGET -> place failed after retries: etrade POST /accounts/kW8LbkuGisPCK9Ey7C8iWA/orders/place.json -> 500: {'Error': {'code': 100, 'message': 'The requested service is not currently available, please try after sometime.'}}
2025-09-10 13:57:37,115 INFO sell-guard: [SG] NCLH: last=24.71 entry=25.25 pnl=-211 bps (tp=200 stop=100) hold=1490m lim=24.71 free=3 -> stop=True tp=False timeout=False
2025-09-10 13:57:37,116 DEBUG sell-guard: sell window check: start=0935 end=1555 now=1357
2025-09-10 13:57:37,306 DEBUG sell-guard: NCLH stop calc: entry=25.25 bid=24.73 last=24.735 base=25.00 -> stop=24.72
2025-09-10 13:57:38,280 ERROR sell-guard: NCLH ARM HARD STOP failed: etrade POST /accounts/kW8LbkuGisPCK9Ey7C8iWA/orders/place.json -> 500: {'Error': {'code': 100, 'message': 'The requested service is not currently available, please try after sometime.'}}
2025-09-10 13:57:38,995 ERROR sell-guard: NCLH STOP MARKET fallback failed: etrade POST /accounts/kW8LbkuGisPCK9Ey7C8iWA/orders/place.json -> 500: {'Error': {'code': 100, 'message': 'The requested service is not currently available, please try after sometime.'}}
2025-09-10 13:57:42,056 INFO sell-guard: [SG] IVZ: last=22.08 entry=22.35 pnl=-121 bps (tp=200 stop=100) hold=1511m lim=22.08 free=4 -> stop=True tp=False timeout=False
2025-09-10 13:57:42,058 DEBUG sell-guard: sell window check: start=0935 end=1555 now=1357
2025-09-10 13:57:42,217 DEBUG sell-guard: IVZ stop calc: entry=22.35 bid=22.1 last=22.105 base=22.13 -> stop=22.09
2025-09-10 13:57:43,065 ERROR sell-guard: IVZ ARM HARD STOP failed: etrade POST /accounts/kW8LbkuGisPCK9Ey7C8iWA/orders/place.json -> 500: {'Error': {'code': 100, 'message': 'The requested service is not currently available, please try after sometime.'}}
2025-09-10 13:57:44,011 ERROR sell-guard: IVZ STOP MARKET fallback failed: etrade POST /accounts/kW8LbkuGisPCK9Ey7C8iWA/orders/place.json -> 500: {'Error': {'code': 100, 'message': 'The requested service is not currently available, please try after sometime.'}}
2025-09-10 13:57:46,792 INFO sell-guard: [SG] ENPH: last=37.09 entry=39.06 pnl=-504 bps (tp=200 stop=100) hold=1504m lim=37.07 free=2 -> stop=True tp=False timeout=False
2025-09-10 13:57:46,794 DEBUG sell-guard: sell window check: start=0935 end=1555 now=1357
2025-09-10 13:57:47,006 DEBUG sell-guard: ENPH stop calc: entry=39.06 bid=37.06 last=37.07 base=38.67 -> stop=37.05
2025-09-10 13:57:47,952 ERROR sell-guard: ENPH ARM HARD STOP failed: etrade POST /accounts/kW8LbkuGisPCK9Ey7C8iWA/orders/place.json -> 500: {'Error': {'code': 100, 'message': 'The requested service is not currently available, please try after sometime.'}}
2025-09-10 13:57:49,055 ERROR sell-guard: ENPH STOP MARKET fallback failed: etrade POST /accounts/kW8LbkuGisPCK9Ey7C8iWA/orders/place.json -> 500: {'Error': {'code': 100, 'message': 'The requested service is not currently available, please try after sometime.'}}
2025-09-10 13:57:52,089 INFO sell-guard: [SG] WBD: last=12.23 entry=12.21 pnl=+16 bps (tp=200 stop=100) hold=2751m lim=12.23 free=1 -> stop=False tp=False timeout=False
2025-09-10 13:57:52,091 DEBUG sell-guard: sell window check: start=0935 end=1555 now=1357
2025-09-10 13:57:52,095 INFO sell-guard: ⏱ heartbeat: loop alive (account=kW8LbkuGisPCK9Ey7C8iWA)
2025-09-10 13:57:52,096 INFO sell-guard: E*TRADE unstable; skipping tick (circuit open, 41s left)
2025-09-10 13:58:22,098 INFO sell-guard: ⏱ heartbeat: loop alive (account=kW8LbkuGisPCK9Ey7C8iWA)
2025-09-10 13:58:22,099 INFO sell-guard: E*TRADE unstable; skipping tick (circuit open, 11s left)
2025-09-10 13:58:52,104 INFO sell-guard: ⏱ heartbeat: loop alive (account=kW8LbkuGisPCK9Ey7C8iWA)
2025-09-10 13:58:52,756 INFO sell-guard: positions via get_positions -> 21 symbol(s)
2025-09-10 13:58:52,768 INFO sell-guard: Managing 7 symbol(s): CVS,SWKS,PCG,NCLH,IVZ,ENPH,WBD
2025-09-10 13:58:57,853 WARNING sell-guard: available_to_sell failed for CVS: 400 Client Error: 400 for url: https://api.etrade.com/v1/accounts/kW8LbkuGisPCK9Ey7C8iWA/portfolio.json?instType=BROKERAGE
2025-09-10 13:58:57,855 INFO sell-guard: Skip CVS SELL: free=0 (reserved by open sell order)
2025-09-10 13:59:00,950 INFO sell-guard: [SG] SWKS: last=72.45 entry=76.23 pnl=-496 bps (tp=200 stop=100) hold=1479m lim=72.44 free=1 -> stop=True tp=False timeout=False
2025-09-10 13:59:00,959 DEBUG sell-guard: sell window check: start=0935 end=1555 now=1359
2025-09-10 13:59:01,236 DEBUG sell-guard: SWKS stop calc: entry=76.23 bid=72.44 last=72.45 base=75.47 -> stop=72.43
2025-09-10 13:59:02,265 ERROR sell-guard: SWKS ARM HARD STOP failed: etrade POST /accounts/kW8LbkuGisPCK9Ey7C8iWA/orders/place.json -> 500: {'Error': {'code': 100, 'message': 'The requested service is not currently available, please try after sometime.'}}
2025-09-10 13:59:03,211 ERROR sell-guard: SWKS STOP MARKET fallback failed: etrade POST /accounts/kW8LbkuGisPCK9Ey7C8iWA/orders/place.json -> 500: {'Error': {'code': 100, 'message': 'The requested service is not currently available, please try after sometime.'}}
2025-09-10 13:59:06,435 INFO sell-guard: [SG] PCG: last=15.43 entry=14.86 pnl=+380 bps (tp=200 stop=100) hold=1465m lim=15.42 free=1 -> stop=False tp=True timeout=False
2025-09-10 13:59:06,437 DEBUG sell-guard: sell window check: start=0935 end=1555 now=1359
2025-09-10 13:59:07,371 WARNING sell-guard: PCG SELL place 500/code100 (try 1/4), backing off 2.0s
2025-09-10 13:59:10,196 WARNING sell-guard: PCG SELL place 500/code100 (try 2/4), backing off 3.2s
2025-09-10 13:59:14,320 WARNING sell-guard: PCG SELL place 500/code100 (try 3/4), backing off 5.1s
2025-09-10 13:59:20,367 WARNING sell-guard: PCG SELL place 500/code100 (try 4/4), backing off 8.2s
2025-09-10 13:59:28,561 WARNING sell-guard: E*TRADE circuit OPEN for 60s due to repeated 500/code100
2025-09-10 13:59:28,564 ERROR sell-guard: PCG SELL_TARGET -> place failed after retries: etrade POST /accounts/kW8LbkuGisPCK9Ey7C8iWA/orders/place.json -> 500: {'Error': {'code': 100, 'message': 'The requested service is not currently available, please try after sometime.'}}
2025-09-10 13:59:31,494 INFO sell-guard: [SG] NCLH: last=24.73 entry=25.25 pnl=-203 bps (tp=200 stop=100) hold=1492m lim=24.73 free=3 -> stop=True tp=False timeout=False
2025-09-10 13:59:31,495 DEBUG sell-guard: sell window check: start=0935 end=1555 now=1359
2025-09-10 13:59:31,705 DEBUG sell-guard: NCLH stop calc: entry=25.25 bid=24.75 last=24.7542 base=25.00 -> stop=24.74
2025-09-10 13:59:32,620 ERROR sell-guard: NCLH ARM HARD STOP failed: etrade POST /accounts/kW8LbkuGisPCK9Ey7C8iWA/orders/place.json -> 500: {'Error': {'code': 100, 'message': 'The requested service is not currently available, please try after sometime.'}}
2025-09-10 13:59:33,583 ERROR sell-guard: NCLH STOP MARKET fallback failed: etrade POST /accounts/kW8LbkuGisPCK9Ey7C8iWA/orders/place.json -> 500: {'Error': {'code': 100, 'message': 'The requested service is not currently available, please try after sometime.'}}
2025-09-10 13:59:36,716 INFO sell-guard: [SG] IVZ: last=22.12 entry=22.35 pnl=-103 bps (tp=200 stop=100) hold=1513m lim=22.11 free=4 -> stop=True tp=False timeout=False
2025-09-10 13:59:36,719 DEBUG sell-guard: sell window check: start=0935 end=1555 now=1359
2025-09-10 13:59:36,963 DEBUG sell-guard: IVZ stop calc: entry=22.35 bid=22.13 last=22.135 base=22.13 -> stop=22.12
2025-09-10 13:59:37,676 ERROR sell-guard: IVZ ARM HARD STOP failed: etrade POST /accounts/kW8LbkuGisPCK9Ey7C8iWA/orders/place.json -> 500: {'Error': {'code': 100, 'message': 'The requested service is not currently available, please try after sometime.'}}
2025-09-10 13:59:38,486 ERROR sell-guard: IVZ STOP MARKET fallback failed: etrade POST /accounts/kW8LbkuGisPCK9Ey7C8iWA/orders/place.json -> 500: {'Error': {'code': 100, 'message': 'The requested service is not currently available, please try after sometime.'}}
2025-09-10 13:59:41,450 INFO sell-guard: [SG] ENPH: last=37.11 entry=39.06 pnl=-499 bps (tp=200 stop=100) hold=1506m lim=37.10 free=2 -> stop=True tp=False timeout=False
2025-09-10 13:59:41,453 DEBUG sell-guard: sell window check: start=0935 end=1555 now=1359
2025-09-10 13:59:41,621 DEBUG sell-guard: ENPH stop calc: entry=39.06 bid=37.12 last=37.14 base=38.67 -> stop=37.11
2025-09-10 13:59:42,434 ERROR sell-guard: ENPH ARM HARD STOP failed: etrade POST /accounts/kW8LbkuGisPCK9Ey7C8iWA/orders/place.json -> 500: {'Error': {'code': 100, 'message': 'The requested service is not currently available, please try after sometime.'}}
2025-09-10 13:59:43,260 ERROR sell-guard: ENPH STOP MARKET fallback failed: etrade POST /accounts/kW8LbkuGisPCK9Ey7C8iWA/orders/place.json -> 500: {'Error': {'code': 100, 'message': 'The requested service is not currently available, please try after sometime.'}}
2025-09-10 13:59:46,334 INFO sell-guard: [SG] WBD: last=12.25 entry=12.21 pnl=+37 bps (tp=200 stop=100) hold=2753m lim=12.25 free=1 -> stop=False tp=False timeout=False
2025-09-10 13:59:46,335 DEBUG sell-guard: sell window check: start=0935 end=1555 now=1359
2025-09-10 13:59:46,339 INFO sell-guard: ⏱ heartbeat: loop alive (account=kW8LbkuGisPCK9Ey7C8iWA)
2025-09-10 13:59:46,340 INFO sell-guard: E*TRADE unstable; skipping tick (circuit open, 42s left)
2025-09-10 14:00:16,342 INFO sell-guard: ⏱ heartbeat: loop alive (account=kW8LbkuGisPCK9Ey7C8iWA)
2025-09-10 14:00:16,343 INFO sell-guard: E*TRADE unstable; skipping tick (circuit open, 12s left)
2025-09-10 14:00:46,348 INFO sell-guard: ⏱ heartbeat: loop alive (account=kW8LbkuGisPCK9Ey7C8iWA)
2025-09-10 14:00:46,880 INFO sell-guard: positions via get_positions -> 21 symbol(s)
2025-09-10 14:00:46,881 INFO sell-guard: Managing 7 symbol(s): CVS,SWKS,PCG,NCLH,IVZ,ENPH,WBD
2025-09-10 14:00:51,824 INFO sell-guard: [SG] CVS: last=73.55 entry=70.96 pnl=+365 bps (tp=200 stop=100) hold=1491m lim=73.54 free=1 -> stop=False tp=True timeout=False
2025-09-10 14:00:51,826 DEBUG sell-guard: sell window check: start=0935 end=1555 now=1400
2025-09-10 14:00:52,631 WARNING sell-guard: CVS SELL place 500/code100 (try 1/4), backing off 2.0s
2025-09-10 14:00:55,393 WARNING sell-guard: CVS SELL place 500/code100 (try 2/4), backing off 3.2s
2025-09-10 14:00:59,435 WARNING sell-guard: CVS SELL place 500/code100 (try 3/4), backing off 5.1s
2025-09-10 14:01:05,484 WARNING sell-guard: CVS SELL place 500/code100 (try 4/4), backing off 8.2s
2025-09-10 14:01:13,678 WARNING sell-guard: E*TRADE circuit OPEN for 60s due to repeated 500/code100
2025-09-10 14:01:13,682 ERROR sell-guard: CVS SELL_TARGET -> place failed after retries: etrade POST /accounts/kW8LbkuGisPCK9Ey7C8iWA/orders/place.json -> 500: {'Error': {'code': 100, 'message': 'The requested service is not currently available, please try after sometime.'}}
2025-09-10 14:01:16,573 INFO sell-guard: [SG] SWKS: last=72.43 entry=76.23 pnl=-498 bps (tp=200 stop=100) hold=1481m lim=72.43 free=1 -> stop=True tp=False timeout=False
2025-09-10 14:01:16,575 DEBUG sell-guard: sell window check: start=0935 end=1555 now=1401
2025-09-10 14:01:16,893 DEBUG sell-guard: SWKS stop calc: entry=76.23 bid=72.43 last=72.44 base=75.47 -> stop=72.42
2025-09-10 14:01:17,893 ERROR sell-guard: SWKS ARM HARD STOP failed: etrade POST /accounts/kW8LbkuGisPCK9Ey7C8iWA/orders/place.json -> 500: {'Error': {'code': 100, 'message': 'The requested service is not currently available, please try after sometime.'}}
2025-09-10 14:01:18,764 ERROR sell-guard: SWKS STOP MARKET fallback failed: etrade POST /accounts/kW8LbkuGisPCK9Ey7C8iWA/orders/place.json -> 500: {'Error': {'code': 100, 'message': 'The requested service is not currently available, please try after sometime.'}}
2025-09-10 14:01:21,404 INFO sell-guard: [SG] PCG: last=15.42 entry=14.86 pnl=+377 bps (tp=200 stop=100) hold=1467m lim=15.41 free=1 -> stop=False tp=True timeout=False
2025-09-10 14:01:21,405 DEBUG sell-guard: sell window check: start=0935 end=1555 now=1401
2025-09-10 14:01:22,253 WARNING sell-guard: PCG SELL place 500/code100 (try 1/4), backing off 2.0s
2025-09-10 14:01:25,094 WARNING sell-guard: PCG SELL place 500/code100 (try 2/4), backing off 3.2s
2025-09-10 14:01:29,055 WARNING sell-guard: PCG SELL place 500/code100 (try 3/4), backing off 5.1s
2025-09-10 14:01:34,982 WARNING sell-guard: PCG SELL place 500/code100 (try 4/4), backing off 8.2s
2025-09-10 14:01:43,177 WARNING sell-guard: E*TRADE circuit OPEN for 60s due to repeated 500/code100
2025-09-10 14:01:43,177 ERROR sell-guard: PCG SELL_TARGET -> place failed after retries: etrade POST /accounts/kW8LbkuGisPCK9Ey7C8iWA/orders/place.json -> 500: {'Error': {'code': 100, 'message': 'The requested service is not currently available, please try after sometime.'}}
2025-09-10 14:01:45,808 INFO sell-guard: [SG] NCLH: last=24.82 entry=25.25 pnl=-168 bps (tp=200 stop=100) hold=1494m lim=24.82 free=3 -> stop=True tp=False timeout=False
2025-09-10 14:01:45,809 DEBUG sell-guard: sell window check: start=0935 end=1555 now=1401
2025-09-10 14:01:46,100 DEBUG sell-guard: NCLH stop calc: entry=25.25 bid=24.84 last=24.845 base=25.00 -> stop=24.83
2025-09-10 14:01:46,950 ERROR sell-guard: NCLH ARM HARD STOP failed: etrade POST /accounts/kW8LbkuGisPCK9Ey7C8iWA/orders/place.json -> 500: {'Error': {'code': 100, 'message': 'The requested service is not currently available, please try after sometime.'}}
2025-09-10 14:01:47,691 ERROR sell-guard: NCLH STOP MARKET fallback failed: etrade POST /accounts/kW8LbkuGisPCK9Ey7C8iWA/orders/place.json -> 500: {'Error': {'code': 100, 'message': 'The requested service is not currently available, please try after sometime.'}}
2025-09-10 14:01:50,502 INFO sell-guard: [SG] IVZ: last=22.14 entry=22.35 pnl=-96 bps (tp=200 stop=100) hold=1515m lim=22.13 free=4 -> stop=False tp=False timeout=False
2025-09-10 14:01:50,503 DEBUG sell-guard: sell window check: start=0935 end=1555 now=1401
2025-09-10 14:01:53,222 INFO sell-guard: [SG] ENPH: last=37.17 entry=39.06 pnl=-484 bps (tp=200 stop=100) hold=1508m lim=37.18 free=2 -> stop=True tp=False timeout=False
2025-09-10 14:01:53,224 DEBUG sell-guard: sell window check: start=0935 end=1555 now=1401
2025-09-10 14:01:53,447 DEBUG sell-guard: ENPH stop calc: entry=39.06 bid=37.25 last=37.2793 base=38.67 -> stop=37.24
2025-09-10 14:01:54,232 ERROR sell-guard: ENPH ARM HARD STOP failed: etrade POST /accounts/kW8LbkuGisPCK9Ey7C8iWA/orders/place.json -> 500: {'Error': {'code': 100, 'message': 'The requested service is not currently available, please try after sometime.'}}
2025-09-10 14:01:55,319 ERROR sell-guard: ENPH STOP MARKET fallback failed: etrade POST /accounts/kW8LbkuGisPCK9Ey7C8iWA/orders/place.json -> 500: {'Error': {'code': 100, 'message': 'The requested service is not currently available, please try after sometime.'}}
2025-09-10 14:01:57,402 INFO sell-guard: [SG] WBD: last=12.25 entry=12.21 pnl=+36 bps (tp=200 stop=100) hold=? lim=12.25 free=1 -> stop=False tp=False timeout=False
2025-09-10 14:01:57,403 DEBUG sell-guard: sell window check: start=0935 end=1555 now=1401
2025-09-10 14:01:57,410 INFO sell-guard: ⏱ heartbeat: loop alive (account=kW8LbkuGisPCK9Ey7C8iWA)
2025-09-10 14:01:57,411 INFO sell-guard: E*TRADE unstable; skipping tick (circuit open, 45s left)
2025-09-10 14:02:27,413 INFO sell-guard: ⏱ heartbeat: loop alive (account=kW8LbkuGisPCK9Ey7C8iWA)
2025-09-10 14:02:27,413 INFO sell-guard: E*TRADE unstable; skipping tick (circuit open, 15s left)
2025-09-10 14:02:57,418 INFO sell-guard: ⏱ heartbeat: loop alive (account=kW8LbkuGisPCK9Ey7C8iWA)
2025-09-10 14:02:57,917 INFO sell-guard: positions via get_positions -> 21 symbol(s)
2025-09-10 14:02:57,918 INFO sell-guard: Managing 7 symbol(s): CVS,SWKS,PCG,NCLH,IVZ,ENPH,WBD
2025-09-10 14:03:03,339 INFO sell-guard: [SG] CVS: last=73.67 entry=70.96 pnl=+382 bps (tp=200 stop=100) hold=1494m lim=73.66 free=1 -> stop=False tp=True timeout=False
2025-09-10 14:03:03,341 DEBUG sell-guard: sell window check: start=0935 end=1555 now=1403
2025-09-10 14:03:04,114 WARNING sell-guard: CVS SELL place 500/code100 (try 1/4), backing off 2.0s
2025-09-10 14:03:06,996 WARNING sell-guard: CVS SELL place 500/code100 (try 2/4), backing off 3.2s
2025-09-10 14:03:11,220 WARNING sell-guard: CVS SELL place 500/code100 (try 3/4), backing off 5.1s
2025-09-10 14:03:17,197 WARNING sell-guard: CVS SELL place 500/code100 (try 4/4), backing off 8.2s
2025-09-10 14:03:25,391 WARNING sell-guard: E*TRADE circuit OPEN for 60s due to repeated 500/code100
2025-09-10 14:03:25,392 ERROR sell-guard: CVS SELL_TARGET -> place failed after retries: etrade POST /accounts/kW8LbkuGisPCK9Ey7C8iWA/orders/place.json -> 500: {'Error': {'code': 100, 'message': 'The requested service is not currently available, please try after sometime.'}}
2025-09-10 14:03:28,286 INFO sell-guard: [SG] SWKS: last=72.61 entry=76.23 pnl=-475 bps (tp=200 stop=100) hold=1483m lim=72.60 free=1 -> stop=True tp=False timeout=False
2025-09-10 14:03:28,287 DEBUG sell-guard: sell window check: start=0935 end=1555 now=1403
2025-09-10 14:03:28,495 DEBUG sell-guard: SWKS stop calc: entry=76.23 bid=72.58 last=72.6 base=75.47 -> stop=72.57
2025-09-10 14:03:28,722 ERROR sell-guard: SWKS ARM HARD STOP failed: etrade POST /accounts/kW8LbkuGisPCK9Ey7C8iWA/orders/preview.json -> 400: {'Error': {'code': 2084, 'message': 'IMPORTANT: The stop price must be at least $0.01 below the current bid price for sell orders ($0.01 below the most recent closing price if the market is closed). Please adjust the stop price and resubmit your order.'}}
2025-09-10 14:03:29,490 ERROR sell-guard: SWKS STOP MARKET fallback failed: etrade POST /accounts/kW8LbkuGisPCK9Ey7C8iWA/orders/place.json -> 500: {'Error': {'code': 100, 'message': 'The requested service is not currently available, please try after sometime.'}}
2025-09-10 14:03:32,012 INFO sell-guard: [SG] PCG: last=15.44 entry=14.86 pnl=+390 bps (tp=200 stop=100) hold=1469m lim=15.43 free=1 -> stop=False tp=True timeout=False
2025-09-10 14:03:32,014 DEBUG sell-guard: sell window check: start=0935 end=1555 now=1403
2025-09-10 14:03:32,795 WARNING sell-guard: PCG SELL place 500/code100 (try 1/4), backing off 2.0s
2025-09-10 14:03:35,564 WARNING sell-guard: PCG SELL place 500/code100 (try 2/4), backing off 3.2s
2025-09-10 14:03:39,499 WARNING sell-guard: PCG SELL place 500/code100 (try 3/4), backing off 5.1s
2025-09-10 14:03:45,455 WARNING sell-guard: PCG SELL place 500/code100 (try 4/4), backing off 8.2s
2025-09-10 14:03:53,649 WARNING sell-guard: E*TRADE circuit OPEN for 60s due to repeated 500/code100
2025-09-10 14:03:53,650 ERROR sell-guard: PCG SELL_TARGET -> place failed after retries: etrade POST /accounts/kW8LbkuGisPCK9Ey7C8iWA/orders/place.json -> 500: {'Error': {'code': 100, 'message': 'The requested service is not currently available, please try after sometime.'}}
2025-09-10 14:03:57,340 INFO sell-guard: [SG] NCLH: last=24.86 entry=25.25 pnl=-156 bps (tp=200 stop=100) hold=1496m lim=24.85 free=3 -> stop=True tp=False timeout=False
2025-09-10 14:03:57,341 DEBUG sell-guard: sell window check: start=0935 end=1555 now=1403
2025-09-10 14:03:57,724 DEBUG sell-guard: NCLH stop calc: entry=25.25 bid=24.88 last=24.88 base=25.00 -> stop=24.87
2025-09-10 14:03:58,490 ERROR sell-guard: NCLH ARM HARD STOP failed: etrade POST /accounts/kW8LbkuGisPCK9Ey7C8iWA/orders/place.json -> 500: {'Error': {'code': 100, 'message': 'The requested service is not currently available, please try after sometime.'}}
2025-09-10 14:03:59,413 ERROR sell-guard: NCLH STOP MARKET fallback failed: etrade POST /accounts/kW8LbkuGisPCK9Ey7C8iWA/orders/place.json -> 500: {'Error': {'code': 100, 'message': 'The requested service is not currently available, please try after sometime.'}}
2025-09-10 14:04:02,164 INFO sell-guard: [SG] IVZ: last=22.16 entry=22.35 pnl=-85 bps (tp=200 stop=100) hold=1517m lim=22.15 free=4 -> stop=False tp=False timeout=False
2025-09-10 14:04:02,165 DEBUG sell-guard: sell window check: start=0935 end=1555 now=1404
2025-09-10 14:04:04,862 INFO sell-guard: [SG] ENPH: last=37.20 entry=39.06 pnl=-475 bps (tp=200 stop=100) hold=1511m lim=37.19 free=2 -> stop=True tp=False timeout=False
2025-09-10 14:04:04,863 DEBUG sell-guard: sell window check: start=0935 end=1555 now=1404
2025-09-10 14:04:05,119 DEBUG sell-guard: ENPH stop calc: entry=39.06 bid=37.2 last=37.2262 base=38.67 -> stop=37.19
2025-09-10 14:04:05,968 ERROR sell-guard: ENPH ARM HARD STOP failed: etrade POST /accounts/kW8LbkuGisPCK9Ey7C8iWA/orders/place.json -> 500: {'Error': {'code': 100, 'message': 'The requested service is not currently available, please try after sometime.'}}
2025-09-10 14:04:06,871 ERROR sell-guard: ENPH STOP MARKET fallback failed: etrade POST /accounts/kW8LbkuGisPCK9Ey7C8iWA/orders/place.json -> 500: {'Error': {'code': 100, 'message': 'The requested service is not currently available, please try after sometime.'}}
2025-09-10 14:04:09,591 INFO sell-guard: [SG] WBD: last=12.29 entry=12.21 pnl=+70 bps (tp=200 stop=100) hold=2758m lim=12.29 free=1 -> stop=False tp=False timeout=False
2025-09-10 14:04:09,592 DEBUG sell-guard: sell window check: start=0935 end=1555 now=1404
2025-09-10 14:04:09,594 INFO sell-guard: ⏱ heartbeat: loop alive (account=kW8LbkuGisPCK9Ey7C8iWA)
2025-09-10 14:04:09,595 INFO sell-guard: E*TRADE unstable; skipping tick (circuit open, 44s left)
2025-09-10 14:04:39,597 INFO sell-guard: ⏱ heartbeat: loop alive (account=kW8LbkuGisPCK9Ey7C8iWA)
2025-09-10 14:04:39,598 INFO sell-guard: E*TRADE unstable; skipping tick (circuit open, 14s left)
2025-09-10 14:05:02,929 INFO sell-guard: config source: C:\TradeAlerts\sell_guard_settings.json
2025-09-10 14:05:02,945 INFO sell-guard: env: ETRADE_ENV=production  PYTHONPATH=None
2025-09-10 14:05:02,962 INFO sell-guard: ⏱ heartbeat: loop alive (account=?)
2025-09-10 14:05:02,976 DEBUG sell-guard: tick: polling positions & quotes…
2025-09-10 14:05:03,827 INFO sell-guard: [LIVE] Using accountIdKey=kW8LbkuGisPCK9Ey7C8iWA
2025-09-10 14:05:03,828 INFO sell-guard: [CFG] mode=live tp=200 bps stop=100 bps max_hold=100000m limit_from=bid offset=0 bps throttle=30.0s ext_hours=False fallback=SELL_STOP,SELL_TARGET,TIMEOUT
2025-09-10 14:05:04,487 INFO sell-guard: positions via get_positions -> 21 symbol(s)
2025-09-10 14:05:04,488 INFO sell-guard: Managing 7 symbol(s): CVS,SWKS,PCG,NCLH,IVZ,ENPH,WBD
2025-09-10 14:05:10,473 INFO sell-guard: [SG] CVS: last=73.78 entry=70.96 pnl=+397 bps (tp=200 stop=100) hold=1496m lim=73.78 free=1 -> stop=False tp=True timeout=False
2025-09-10 14:05:10,475 DEBUG sell-guard: sell window check: start=0935 end=1555 now=1405
2025-09-10 14:05:11,981 WARNING sell-guard: CVS SELL place 500/code100 (try 1/4), backing off 2.0s
2025-09-10 14:05:15,978 WARNING sell-guard: CVS SELL place 500/code100 (try 2/4), backing off 3.2s
2025-09-10 14:05:20,555 WARNING sell-guard: CVS SELL place 500/code100 (try 3/4), backing off 5.1s
2025-09-10 14:05:26,468 WARNING sell-guard: CVS SELL place 500/code100 (try 4/4), backing off 8.2s
2025-09-10 14:05:34,662 WARNING sell-guard: E*TRADE circuit OPEN for 60s due to repeated 500/code100
2025-09-10 14:05:35,967 ERROR sell-guard: CVS SELL_TARGET MARKET fallback failed: etrade POST /accounts/kW8LbkuGisPCK9Ey7C8iWA/orders/place.json -> 500: {'Error': {'code': 100, 'message': 'The requested service is not currently available, please try after sometime.'}}
2025-09-10 14:05:39,894 INFO sell-guard: [SG] SWKS: last=72.57 entry=76.23 pnl=-480 bps (tp=200 stop=100) hold=1485m lim=72.56 free=1 -> stop=True tp=False timeout=False
2025-09-10 14:05:39,895 DEBUG sell-guard: sell window check: start=0935 end=1555 now=1405
2025-09-10 14:05:40,153 DEBUG sell-guard: SWKS stop calc: entry=76.23 bid=72.54 last=72.55 base=75.47 -> stop=72.53
2025-09-10 14:05:41,552 ERROR sell-guard: SWKS ARM HARD STOP failed: etrade POST /accounts/kW8LbkuGisPCK9Ey7C8iWA/orders/place.json -> 500: {'Error': {'code': 100, 'message': 'The requested service is not currently available, please try after sometime.'}}
2025-09-10 14:05:42,260 ERROR sell-guard: SWKS STOP MARKET fallback failed: etrade POST /accounts/kW8LbkuGisPCK9Ey7C8iWA/orders/place.json -> 500: {'Error': {'code': 100, 'message': 'The requested service is not currently available, please try after sometime.'}}
2025-09-10 14:05:45,759 INFO sell-guard: [SG] PCG: last=15.45 entry=14.86 pnl=+397 bps (tp=200 stop=100) hold=1472m lim=15.45 free=1 -> stop=False tp=True timeout=False
2025-09-10 14:05:45,760 DEBUG sell-guard: sell window check: start=0935 end=1555 now=1405
2025-09-10 14:05:46,984 WARNING sell-guard: PCG SELL place 500/code100 (try 1/4), backing off 2.0s
2025-09-10 14:05:50,799 WARNING sell-guard: PCG SELL place 500/code100 (try 2/4), backing off 3.2s
2025-09-10 14:05:55,413 WARNING sell-guard: PCG SELL place 500/code100 (try 3/4), backing off 5.1s
2025-09-10 14:06:01,893 WARNING sell-guard: PCG SELL place 500/code100 (try 4/4), backing off 8.2s
2025-09-10 14:06:10,087 WARNING sell-guard: E*TRADE circuit OPEN for 60s due to repeated 500/code100
2025-09-10 14:06:11,267 ERROR sell-guard: PCG SELL_TARGET MARKET fallback failed: etrade POST /accounts/kW8LbkuGisPCK9Ey7C8iWA/orders/place.json -> 500: {'Error': {'code': 100, 'message': 'The requested service is not currently available, please try after sometime.'}}
2025-09-10 14:06:14,753 INFO sell-guard: [SG] NCLH: last=24.88 entry=25.25 pnl=-148 bps (tp=200 stop=100) hold=1499m lim=24.87 free=3 -> stop=True tp=False timeout=False
2025-09-10 14:06:14,755 DEBUG sell-guard: sell window check: start=0935 end=1555 now=1406
2025-09-10 14:06:14,992 DEBUG sell-guard: NCLH stop calc: entry=25.25 bid=24.89 last=24.9 base=25.00 -> stop=24.88
2025-09-10 14:06:16,432 ERROR sell-guard: NCLH ARM HARD STOP failed: etrade POST /accounts/kW8LbkuGisPCK9Ey7C8iWA/orders/place.json -> 500: {'Error': {'code': 100, 'message': 'The requested service is not currently available, please try after sometime.'}}
2025-09-10 14:06:17,652 ERROR sell-guard: NCLH STOP MARKET fallback failed: etrade POST /accounts/kW8LbkuGisPCK9Ey7C8iWA/orders/place.json -> 500: {'Error': {'code': 100, 'message': 'The requested service is not currently available, please try after sometime.'}}
2025-09-10 14:06:20,759 INFO sell-guard: [SG] IVZ: last=22.16 entry=22.35 pnl=-87 bps (tp=200 stop=100) hold=1520m lim=22.15 free=4 -> stop=False tp=False timeout=False
2025-09-10 14:06:20,759 DEBUG sell-guard: sell window check: start=0935 end=1555 now=1406
2025-09-10 14:06:24,133 INFO sell-guard: [SG] ENPH: last=37.17 entry=39.06 pnl=-484 bps (tp=200 stop=100) hold=1513m lim=37.16 free=2 -> stop=True tp=False timeout=False
2025-09-10 14:06:24,134 DEBUG sell-guard: sell window check: start=0935 end=1555 now=1406
2025-09-10 14:06:24,391 DEBUG sell-guard: ENPH stop calc: entry=39.06 bid=37.12 last=37.14 base=38.67 -> stop=37.11
2025-09-10 14:06:25,248 ERROR sell-guard: ENPH ARM HARD STOP failed: etrade POST /accounts/kW8LbkuGisPCK9Ey7C8iWA/orders/place.json -> 500: {'Error': {'code': 100, 'message': 'The requested service is not currently available, please try after sometime.'}}
2025-09-10 14:06:26,329 ERROR sell-guard: ENPH STOP MARKET fallback failed: etrade POST /accounts/kW8LbkuGisPCK9Ey7C8iWA/orders/place.json -> 500: {'Error': {'code': 100, 'message': 'The requested service is not currently available, please try after sometime.'}}
2025-09-10 14:06:29,779 INFO sell-guard: [SG] WBD: last=12.28 entry=12.21 pnl=+57 bps (tp=200 stop=100) hold=2760m lim=12.28 free=1 -> stop=False tp=False timeout=False
2025-09-10 14:06:29,780 DEBUG sell-guard: sell window check: start=0935 end=1555 now=1406
2025-09-10 14:06:29,785 INFO sell-guard: ⏱ heartbeat: loop alive (account=kW8LbkuGisPCK9Ey7C8iWA)
2025-09-10 14:06:29,786 INFO sell-guard: E*TRADE unstable; skipping tick (circuit open, 40s left)
2025-09-10 14:06:59,788 INFO sell-guard: ⏱ heartbeat: loop alive (account=kW8LbkuGisPCK9Ey7C8iWA)
2025-09-10 14:06:59,788 INFO sell-guard: E*TRADE unstable; skipping tick (circuit open, 10s left)
2025-09-10 14:07:29,792 INFO sell-guard: ⏱ heartbeat: loop alive (account=kW8LbkuGisPCK9Ey7C8iWA)
2025-09-10 14:07:30,389 INFO sell-guard: positions via get_positions -> 21 symbol(s)
2025-09-10 14:07:30,390 INFO sell-guard: Managing 7 symbol(s): CVS,SWKS,PCG,NCLH,IVZ,ENPH,WBD
2025-09-10 14:07:36,270 INFO sell-guard: [SG] CVS: last=73.57 entry=70.96 pnl=+368 bps (tp=200 stop=100) hold=1498m lim=73.54 free=1 -> stop=False tp=True timeout=False
2025-09-10 14:07:36,271 DEBUG sell-guard: sell window check: start=0935 end=1555 now=1407
2025-09-10 14:07:37,819 WARNING sell-guard: CVS SELL place 500/code100 (try 1/4), backing off 2.0s
2025-09-10 14:07:41,300 WARNING sell-guard: CVS SELL place 500/code100 (try 2/4), backing off 3.2s
2025-09-10 14:07:45,564 WARNING sell-guard: CVS SELL place 500/code100 (try 3/4), backing off 5.1s
2025-09-10 14:07:52,408 WARNING sell-guard: CVS SELL place 500/code100 (try 4/4), backing off 8.2s
2025-09-10 14:08:00,783 WARNING sell-guard: E*TRADE circuit OPEN for 60s due to repeated 500/code100
2025-09-10 14:08:02,144 ERROR sell-guard: CVS SELL_TARGET MARKET fallback failed: etrade POST /accounts/kW8LbkuGisPCK9Ey7C8iWA/orders/place.json -> 500: {'Error': {'code': 100, 'message': 'The requested service is not currently available, please try after sometime.'}}
2025-09-10 14:08:05,654 INFO sell-guard: [SG] SWKS: last=72.48 entry=76.23 pnl=-492 bps (tp=200 stop=100) hold=1488m lim=72.47 free=1 -> stop=True tp=False timeout=False
2025-09-10 14:08:05,655 DEBUG sell-guard: sell window check: start=0935 end=1555 now=1408
2025-09-10 14:08:06,071 DEBUG sell-guard: SWKS stop calc: entry=76.23 bid=72.45 last=72.465 base=75.47 -> stop=72.44
2025-09-10 14:08:06,572 ERROR sell-guard: SWKS ARM HARD STOP failed: etrade POST /accounts/kW8LbkuGisPCK9Ey7C8iWA/orders/preview.json -> 400: {'Error': {'code': 2084, 'message': 'IMPORTANT: The stop price must be at least $0.01 below the current bid price for sell orders ($0.01 below the most recent closing price if the market is closed). Please adjust the stop price and resubmit your order.'}}
2025-09-10 14:08:08,369 ERROR sell-guard: SWKS STOP MARKET fallback failed: etrade POST /accounts/kW8LbkuGisPCK9Ey7C8iWA/orders/place.json -> 500: {'Error': {'code': 100, 'message': 'The requested service is not currently available, please try after sometime.'}}
2025-09-10 14:08:11,623 INFO sell-guard: [SG] PCG: last=15.45 entry=14.86 pnl=+394 bps (tp=200 stop=100) hold=1474m lim=15.44 free=1 -> stop=False tp=True timeout=False
2025-09-10 14:08:11,625 DEBUG sell-guard: sell window check: start=0935 end=1555 now=1408
2025-09-10 14:08:12,619 WARNING sell-guard: PCG SELL place 500/code100 (try 1/4), backing off 2.0s
2025-09-10 14:08:15,444 WARNING sell-guard: PCG SELL place 500/code100 (try 2/4), backing off 3.2s
2025-09-10 14:08:19,547 WARNING sell-guard: PCG SELL place 500/code100 (try 3/4), backing off 5.1s
2025-09-10 14:08:26,012 WARNING sell-guard: PCG SELL place 500/code100 (try 4/4), backing off 8.2s
2025-09-10 14:08:34,206 WARNING sell-guard: E*TRADE circuit OPEN for 60s due to repeated 500/code100
2025-09-10 14:08:35,265 ERROR sell-guard: PCG SELL_TARGET MARKET fallback failed: etrade POST /accounts/kW8LbkuGisPCK9Ey7C8iWA/orders/place.json -> 500: {'Error': {'code': 100, 'message': 'The requested service is not currently available, please try after sometime.'}}
2025-09-10 14:08:38,619 INFO sell-guard: [SG] NCLH: last=24.88 entry=25.25 pnl=-148 bps (tp=200 stop=100) hold=1501m lim=24.87 free=3 -> stop=True tp=False timeout=False
2025-09-10 14:08:38,621 DEBUG sell-guard: sell window check: start=0935 end=1555 now=1408
2025-09-10 14:08:38,781 DEBUG sell-guard: NCLH stop calc: entry=25.25 bid=24.89 last=24.89 base=25.00 -> stop=24.88
2025-09-10 14:08:39,932 ERROR sell-guard: NCLH ARM HARD STOP failed: etrade POST /accounts/kW8LbkuGisPCK9Ey7C8iWA/orders/place.json -> 500: {'Error': {'code': 100, 'message': 'The requested service is not currently available, please try after sometime.'}}
2025-09-10 14:08:41,214 ERROR sell-guard: NCLH STOP MARKET fallback failed: etrade POST /accounts/kW8LbkuGisPCK9Ey7C8iWA/orders/place.json -> 500: {'Error': {'code': 100, 'message': 'The requested service is not currently available, please try after sometime.'}}
2025-09-10 14:08:44,675 INFO sell-guard: [SG] IVZ: last=22.14 entry=22.35 pnl=-94 bps (tp=200 stop=100) hold=1522m lim=22.14 free=4 -> stop=False tp=False timeout=False
2025-09-10 14:08:44,676 DEBUG sell-guard: sell window check: start=0935 end=1555 now=1408
2025-09-10 14:08:48,257 INFO sell-guard: [SG] ENPH: last=37.11 entry=39.06 pnl=-500 bps (tp=200 stop=100) hold=1515m lim=37.10 free=2 -> stop=True tp=False timeout=False
2025-09-10 14:08:48,258 DEBUG sell-guard: sell window check: start=0935 end=1555 now=1408
2025-09-10 14:08:48,491 DEBUG sell-guard: ENPH stop calc: entry=39.06 bid=37.13 last=37.135 base=38.67 -> stop=37.12
2025-09-10 14:08:49,820 ERROR sell-guard: ENPH ARM HARD STOP failed: etrade POST /accounts/kW8LbkuGisPCK9Ey7C8iWA/orders/place.json -> 500: {'Error': {'code': 100, 'message': 'The requested service is not currently available, please try after sometime.'}}
2025-09-10 14:08:51,318 ERROR sell-guard: ENPH STOP MARKET fallback failed: etrade POST /accounts/kW8LbkuGisPCK9Ey7C8iWA/orders/place.json -> 500: {'Error': {'code': 100, 'message': 'The requested service is not currently available, please try after sometime.'}}
2025-09-10 14:08:53,693 INFO sell-guard: [SG] WBD: last=12.28 entry=12.21 pnl=+57 bps (tp=200 stop=100) hold=? lim=12.28 free=1 -> stop=False tp=False timeout=False
2025-09-10 14:08:53,694 DEBUG sell-guard: sell window check: start=0935 end=1555 now=1408
2025-09-10 14:08:53,697 INFO sell-guard: ⏱ heartbeat: loop alive (account=kW8LbkuGisPCK9Ey7C8iWA)
2025-09-10 14:08:53,698 INFO sell-guard: E*TRADE unstable; skipping tick (circuit open, 40s left)
2025-09-10 14:09:23,700 INFO sell-guard: ⏱ heartbeat: loop alive (account=kW8LbkuGisPCK9Ey7C8iWA)
2025-09-10 14:09:23,701 INFO sell-guard: E*TRADE unstable; skipping tick (circuit open, 10s left)
2025-09-10 14:09:53,704 INFO sell-guard: ⏱ heartbeat: loop alive (account=kW8LbkuGisPCK9Ey7C8iWA)
2025-09-10 14:09:54,196 INFO sell-guard: positions via get_positions -> 21 symbol(s)
2025-09-10 14:09:54,197 INFO sell-guard: Managing 7 symbol(s): CVS,SWKS,PCG,NCLH,IVZ,ENPH,WBD
2025-09-10 14:09:59,218 INFO sell-guard: [SG] CVS: last=73.55 entry=70.96 pnl=+365 bps (tp=200 stop=100) hold=1501m lim=73.52 free=1 -> stop=False tp=True timeout=False
2025-09-10 14:09:59,228 DEBUG sell-guard: sell window check: start=0935 end=1555 now=1409
2025-09-10 14:10:00,258 WARNING sell-guard: CVS SELL place 500/code100 (try 1/4), backing off 2.0s
2025-09-10 14:10:03,139 WARNING sell-guard: CVS SELL place 500/code100 (try 2/4), backing off 3.2s
2025-09-10 14:10:07,127 WARNING sell-guard: CVS SELL place 500/code100 (try 3/4), backing off 5.1s
2025-09-10 14:10:13,114 WARNING sell-guard: CVS SELL place 500/code100 (try 4/4), backing off 8.2s
2025-09-10 14:10:21,308 WARNING sell-guard: E*TRADE circuit OPEN for 60s due to repeated 500/code100
2025-09-10 14:10:22,141 ERROR sell-guard: CVS SELL_TARGET MARKET fallback failed: etrade POST /accounts/kW8LbkuGisPCK9Ey7C8iWA/orders/place.json -> 500: {'Error': {'code': 100, 'message': 'The requested service is not currently available, please try after sometime.'}}
2025-09-10 14:10:24,895 INFO sell-guard: [SG] SWKS: last=72.53 entry=76.23 pnl=-485 bps (tp=200 stop=100) hold=1490m lim=72.53 free=1 -> stop=True tp=False timeout=False
2025-09-10 14:10:24,896 DEBUG sell-guard: sell window check: start=0935 end=1555 now=1410
2025-09-10 14:10:25,083 DEBUG sell-guard: SWKS stop calc: entry=76.23 bid=72.55 last=72.53 base=75.47 -> stop=72.54
2025-09-10 14:10:25,878 ERROR sell-guard: SWKS ARM HARD STOP failed: etrade POST /accounts/kW8LbkuGisPCK9Ey7C8iWA/orders/place.json -> 500: {'Error': {'code': 100, 'message': 'The requested service is not currently available, please try after sometime.'}}
2025-09-10 14:10:26,620 ERROR sell-guard: SWKS STOP MARKET fallback failed: etrade POST /accounts/kW8LbkuGisPCK9Ey7C8iWA/orders/place.json -> 500: {'Error': {'code': 100, 'message': 'The requested service is not currently available, please try after sometime.'}}
2025-09-10 14:10:29,601 INFO sell-guard: [SG] PCG: last=15.42 entry=14.86 pnl=+377 bps (tp=200 stop=100) hold=1476m lim=15.41 free=1 -> stop=False tp=True timeout=False
2025-09-10 14:10:29,602 DEBUG sell-guard: sell window check: start=0935 end=1555 now=1410
2025-09-10 14:10:30,387 WARNING sell-guard: PCG SELL place 500/code100 (try 1/4), backing off 2.0s
2025-09-10 14:10:33,248 WARNING sell-guard: PCG SELL place 500/code100 (try 2/4), backing off 3.2s
2025-09-10 14:10:37,150 WARNING sell-guard: PCG SELL place 500/code100 (try 3/4), backing off 5.1s
2025-09-10 14:10:42,966 WARNING sell-guard: PCG SELL place 500/code100 (try 4/4), backing off 8.2s
2025-09-10 14:10:51,160 WARNING sell-guard: E*TRADE circuit OPEN for 60s due to repeated 500/code100
2025-09-10 14:10:52,000 ERROR sell-guard: PCG SELL_TARGET MARKET fallback failed: etrade POST /accounts/kW8LbkuGisPCK9Ey7C8iWA/orders/place.json -> 500: {'Error': {'code': 100, 'message': 'The requested service is not currently available, please try after sometime.'}}
2025-09-10 14:10:54,788 INFO sell-guard: [SG] NCLH: last=24.96 entry=25.25 pnl=-112 bps (tp=200 stop=100) hold=1503m lim=24.96 free=3 -> stop=True tp=False timeout=False
2025-09-10 14:10:54,790 DEBUG sell-guard: sell window check: start=0935 end=1555 now=1410
2025-09-10 14:10:55,211 DEBUG sell-guard: NCLH stop calc: entry=25.25 bid=24.91 last=24.92 base=25.00 -> stop=24.90
2025-09-10 14:10:56,042 ERROR sell-guard: NCLH ARM HARD STOP failed: etrade POST /accounts/kW8LbkuGisPCK9Ey7C8iWA/orders/place.json -> 500: {'Error': {'code': 100, 'message': 'The requested service is not currently available, please try after sometime.'}}
2025-09-10 14:10:57,054 ERROR sell-guard: NCLH STOP MARKET fallback failed: etrade POST /accounts/kW8LbkuGisPCK9Ey7C8iWA/orders/place.json -> 500: {'Error': {'code': 100, 'message': 'The requested service is not currently available, please try after sometime.'}}
2025-09-10 14:10:59,637 INFO sell-guard: [SG] IVZ: last=22.12 entry=22.35 pnl=-103 bps (tp=200 stop=100) hold=1524m lim=22.12 free=4 -> stop=True tp=False timeout=False
2025-09-10 14:10:59,639 DEBUG sell-guard: sell window check: start=0935 end=1555 now=1410
2025-09-10 14:10:59,824 DEBUG sell-guard: IVZ stop calc: entry=22.35 bid=22.11 last=22.12 base=22.13 -> stop=22.10
2025-09-10 14:11:00,513 ERROR sell-guard: IVZ ARM HARD STOP failed: etrade POST /accounts/kW8LbkuGisPCK9Ey7C8iWA/orders/place.json -> 500: {'Error': {'code': 100, 'message': 'The requested service is not currently available, please try after sometime.'}}
2025-09-10 14:11:01,453 ERROR sell-guard: IVZ STOP MARKET fallback failed: etrade POST /accounts/kW8LbkuGisPCK9Ey7C8iWA/orders/place.json -> 500: {'Error': {'code': 100, 'message': 'The requested service is not currently available, please try after sometime.'}}
2025-09-10 14:11:04,204 INFO sell-guard: [SG] ENPH: last=37.13 entry=39.06 pnl=-494 bps (tp=200 stop=100) hold=1518m lim=37.12 free=2 -> stop=True tp=False timeout=False
2025-09-10 14:11:04,205 DEBUG sell-guard: sell window check: start=0935 end=1555 now=1411
2025-09-10 14:11:04,420 DEBUG sell-guard: ENPH stop calc: entry=39.06 bid=37.15 last=37.17 base=38.67 -> stop=37.14
2025-09-10 14:11:05,328 ERROR sell-guard: ENPH ARM HARD STOP failed: etrade POST /accounts/kW8LbkuGisPCK9Ey7C8iWA/orders/place.json -> 500: {'Error': {'code': 100, 'message': 'The requested service is not currently available, please try after sometime.'}}
2025-09-10 14:11:06,128 ERROR sell-guard: ENPH STOP MARKET fallback failed: etrade POST /accounts/kW8LbkuGisPCK9Ey7C8iWA/orders/place.json -> 500: {'Error': {'code': 100, 'message': 'The requested service is not currently available, please try after sometime.'}}
2025-09-10 14:11:08,724 INFO sell-guard: [SG] WBD: last=12.31 entry=12.21 pnl=+86 bps (tp=200 stop=100) hold=2765m lim=12.31 free=1 -> stop=False tp=False timeout=False
2025-09-10 14:11:08,725 DEBUG sell-guard: sell window check: start=0935 end=1555 now=1411
2025-09-10 14:11:08,729 INFO sell-guard: ⏱ heartbeat: loop alive (account=kW8LbkuGisPCK9Ey7C8iWA)
2025-09-10 14:11:08,730 INFO sell-guard: E*TRADE unstable; skipping tick (circuit open, 42s left)
2025-09-10 14:11:38,732 INFO sell-guard: ⏱ heartbeat: loop alive (account=kW8LbkuGisPCK9Ey7C8iWA)
2025-09-10 14:11:38,733 INFO sell-guard: E*TRADE unstable; skipping tick (circuit open, 12s left)
2025-09-10 14:12:08,738 INFO sell-guard: ⏱ heartbeat: loop alive (account=kW8LbkuGisPCK9Ey7C8iWA)
2025-09-10 14:12:09,231 INFO sell-guard: positions via get_positions -> 21 symbol(s)
2025-09-10 14:12:09,244 INFO sell-guard: Managing 7 symbol(s): CVS,SWKS,PCG,NCLH,IVZ,ENPH,WBD
2025-09-10 14:12:14,724 INFO sell-guard: [SG] CVS: last=73.56 entry=70.96 pnl=+366 bps (tp=200 stop=100) hold=1503m lim=73.55 free=1 -> stop=False tp=True timeout=False
2025-09-10 14:12:14,725 DEBUG sell-guard: sell window check: start=0935 end=1555 now=1412
2025-09-10 14:12:15,650 WARNING sell-guard: CVS SELL place 500/code100 (try 1/4), backing off 2.0s
2025-09-10 14:12:18,499 WARNING sell-guard: CVS SELL place 500/code100 (try 2/4), backing off 3.2s
2025-09-10 14:12:22,507 WARNING sell-guard: CVS SELL place 500/code100 (try 3/4), backing off 5.1s
2025-09-10 14:12:28,723 WARNING sell-guard: CVS SELL place 500/code100 (try 4/4), backing off 8.2s
2025-09-10 14:12:36,916 WARNING sell-guard: E*TRADE circuit OPEN for 60s due to repeated 500/code100
2025-09-10 14:12:37,676 ERROR sell-guard: CVS SELL_TARGET MARKET fallback failed: etrade POST /accounts/kW8LbkuGisPCK9Ey7C8iWA/orders/place.json -> 500: {'Error': {'code': 100, 'message': 'The requested service is not currently available, please try after sometime.'}}
2025-09-10 14:12:40,358 INFO sell-guard: [SG] SWKS: last=72.52 entry=76.23 pnl=-487 bps (tp=200 stop=100) hold=1492m lim=72.55 free=1 -> stop=True tp=False timeout=False
2025-09-10 14:12:40,361 DEBUG sell-guard: sell window check: start=0935 end=1555 now=1412
2025-09-10 14:12:40,540 DEBUG sell-guard: SWKS stop calc: entry=76.23 bid=72.56 last=72.55 base=75.47 -> stop=72.55
2025-09-10 14:12:40,807 ERROR sell-guard: SWKS ARM HARD STOP failed: etrade POST /accounts/kW8LbkuGisPCK9Ey7C8iWA/orders/preview.json -> 400: {'Error': {'code': 2084, 'message': 'IMPORTANT: The stop price must be at least $0.01 below the current bid price for sell orders ($0.01 below the most recent closing price if the market is closed). Please adjust the stop price and resubmit your order.'}}
2025-09-10 14:12:41,607 ERROR sell-guard: SWKS STOP MARKET fallback failed: etrade POST /accounts/kW8LbkuGisPCK9Ey7C8iWA/orders/place.json -> 500: {'Error': {'code': 100, 'message': 'The requested service is not currently available, please try after sometime.'}}
2025-09-10 14:12:44,355 INFO sell-guard: [SG] PCG: last=15.46 entry=14.86 pnl=+400 bps (tp=200 stop=100) hold=1479m lim=15.45 free=1 -> stop=False tp=True timeout=False
2025-09-10 14:12:44,356 DEBUG sell-guard: sell window check: start=0935 end=1555 now=1412
2025-09-10 14:12:45,064 WARNING sell-guard: PCG SELL place 500/code100 (try 1/4), backing off 2.0s
2025-09-10 14:12:47,856 WARNING sell-guard: PCG SELL place 500/code100 (try 2/4), backing off 3.2s
2025-09-10 14:12:51,926 WARNING sell-guard: PCG SELL place 500/code100 (try 3/4), backing off 5.1s
2025-09-10 14:12:57,875 WARNING sell-guard: PCG SELL place 500/code100 (try 4/4), backing off 8.2s
2025-09-10 14:13:06,069 WARNING sell-guard: E*TRADE circuit OPEN for 60s due to repeated 500/code100
2025-09-10 14:13:06,829 ERROR sell-guard: PCG SELL_TARGET MARKET fallback failed: etrade POST /accounts/kW8LbkuGisPCK9Ey7C8iWA/orders/place.json -> 500: {'Error': {'code': 100, 'message': 'The requested service is not currently available, please try after sometime.'}}
2025-09-10 14:13:09,650 INFO sell-guard: [SG] NCLH: last=24.93 entry=25.25 pnl=-124 bps (tp=200 stop=100) hold=1506m lim=24.93 free=3 -> stop=True tp=False timeout=False
2025-09-10 14:13:09,652 DEBUG sell-guard: sell window check: start=0935 end=1555 now=1413
2025-09-10 14:13:09,855 DEBUG sell-guard: NCLH stop calc: entry=25.25 bid=24.91 last=24.915 base=25.00 -> stop=24.90
2025-09-10 14:13:10,671 ERROR sell-guard: NCLH ARM HARD STOP failed: etrade POST /accounts/kW8LbkuGisPCK9Ey7C8iWA/orders/place.json -> 500: {'Error': {'code': 100, 'message': 'The requested service is not currently available, please try after sometime.'}}
2025-09-10 14:13:11,462 ERROR sell-guard: NCLH STOP MARKET fallback failed: etrade POST /accounts/kW8LbkuGisPCK9Ey7C8iWA/orders/place.json -> 500: {'Error': {'code': 100, 'message': 'The requested service is not currently available, please try after sometime.'}}
2025-09-10 14:13:14,292 INFO sell-guard: [SG] IVZ: last=22.11 entry=22.35 pnl=-107 bps (tp=200 stop=100) hold=1526m lim=22.11 free=4 -> stop=True tp=False timeout=False
2025-09-10 14:13:14,294 DEBUG sell-guard: sell window check: start=0935 end=1555 now=1413
2025-09-10 14:13:14,529 DEBUG sell-guard: IVZ stop calc: entry=22.35 bid=22.11 last=22.115 base=22.13 -> stop=22.10
2025-09-10 14:13:15,298 ERROR sell-guard: IVZ ARM HARD STOP failed: etrade POST /accounts/kW8LbkuGisPCK9Ey7C8iWA/orders/place.json -> 500: {'Error': {'code': 100, 'message': 'The requested service is not currently available, please try after sometime.'}}
2025-09-10 14:13:16,026 ERROR sell-guard: IVZ STOP MARKET fallback failed: etrade POST /accounts/kW8LbkuGisPCK9Ey7C8iWA/orders/place.json -> 500: {'Error': {'code': 100, 'message': 'The requested service is not currently available, please try after sometime.'}}
2025-09-10 14:13:18,734 INFO sell-guard: [SG] ENPH: last=37.16 entry=39.06 pnl=-486 bps (tp=200 stop=100) hold=1520m lim=37.15 free=2 -> stop=True tp=False timeout=False
2025-09-10 14:13:18,735 DEBUG sell-guard: sell window check: start=0935 end=1555 now=1413
2025-09-10 14:13:19,028 DEBUG sell-guard: ENPH stop calc: entry=39.06 bid=37.11 last=37.13 base=38.67 -> stop=37.10
2025-09-10 14:13:19,989 ERROR sell-guard: ENPH ARM HARD STOP failed: etrade POST /accounts/kW8LbkuGisPCK9Ey7C8iWA/orders/place.json -> 500: {'Error': {'code': 100, 'message': 'The requested service is not currently available, please try after sometime.'}}
2025-09-10 14:13:20,906 ERROR sell-guard: ENPH STOP MARKET fallback failed: etrade POST /accounts/kW8LbkuGisPCK9Ey7C8iWA/orders/place.json -> 500: {'Error': {'code': 100, 'message': 'The requested service is not currently available, please try after sometime.'}}
2025-09-10 14:13:23,698 WARNING sell-guard: available_to_sell failed for WBD: 400 Client Error: 400 for url: https://api.etrade.com/v1/accounts/kW8LbkuGisPCK9Ey7C8iWA/portfolio.json?instType=BROKERAGE
2025-09-10 14:13:23,700 INFO sell-guard: Skip WBD SELL: free=0 (reserved by open sell order)
2025-09-10 14:13:23,702 INFO sell-guard: ⏱ heartbeat: loop alive (account=kW8LbkuGisPCK9Ey7C8iWA)
2025-09-10 14:13:23,704 INFO sell-guard: E*TRADE unstable; skipping tick (circuit open, 42s left)
2025-09-10 14:13:53,707 INFO sell-guard: ⏱ heartbeat: loop alive (account=kW8LbkuGisPCK9Ey7C8iWA)
2025-09-10 14:13:53,708 INFO sell-guard: E*TRADE unstable; skipping tick (circuit open, 12s left)
2025-09-10 14:14:23,711 INFO sell-guard: ⏱ heartbeat: loop alive (account=kW8LbkuGisPCK9Ey7C8iWA)
2025-09-10 14:14:24,188 INFO sell-guard: positions via get_positions -> 21 symbol(s)
2025-09-10 14:14:24,189 INFO sell-guard: Managing 7 symbol(s): CVS,SWKS,PCG,NCLH,IVZ,ENPH,WBD
2025-09-10 14:14:28,991 INFO sell-guard: [SG] CVS: last=73.57 entry=70.96 pnl=+368 bps (tp=200 stop=100) hold=1505m lim=73.57 free=1 -> stop=False tp=True timeout=False
2025-09-10 14:14:28,992 DEBUG sell-guard: sell window check: start=0935 end=1555 now=1414
2025-09-10 14:14:29,846 WARNING sell-guard: CVS SELL place 500/code100 (try 1/4), backing off 2.0s
2025-09-10 14:14:32,609 WARNING sell-guard: CVS SELL place 500/code100 (try 2/4), backing off 3.2s
2025-09-10 14:14:36,492 WARNING sell-guard: CVS SELL place 500/code100 (try 3/4), backing off 5.1s
2025-09-10 14:14:42,420 WARNING sell-guard: CVS SELL place 500/code100 (try 4/4), backing off 8.2s
2025-09-10 14:14:50,613 WARNING sell-guard: E*TRADE circuit OPEN for 60s due to repeated 500/code100
2025-09-10 14:14:51,407 ERROR sell-guard: CVS SELL_TARGET MARKET fallback failed: etrade POST /accounts/kW8LbkuGisPCK9Ey7C8iWA/orders/place.json -> 500: {'Error': {'code': 100, 'message': 'The requested service is not currently available, please try after sometime.'}}
2025-09-10 14:14:53,826 WARNING sell-guard: available_to_sell failed for SWKS: 400 Client Error: 400 for url: https://api.etrade.com/v1/accounts/kW8LbkuGisPCK9Ey7C8iWA/portfolio.json?instType=BROKERAGE
2025-09-10 14:14:53,828 INFO sell-guard: Skip SWKS SELL: free=0 (reserved by open sell order)
2025-09-10 14:14:56,509 INFO sell-guard: [SG] PCG: last=15.39 entry=14.86 pnl=+360 bps (tp=200 stop=100) hold=1481m lim=15.39 free=1 -> stop=False tp=True timeout=False
2025-09-10 14:14:56,511 DEBUG sell-guard: sell window check: start=0935 end=1555 now=1414
2025-09-10 14:14:57,238 WARNING sell-guard: PCG SELL place 500/code100 (try 1/4), backing off 2.0s
2025-09-10 14:15:00,038 WARNING sell-guard: PCG SELL place 500/code100 (try 2/4), backing off 3.2s
2025-09-10 14:15:04,091 WARNING sell-guard: PCG SELL place 500/code100 (try 3/4), backing off 5.1s
2025-09-10 14:15:10,075 WARNING sell-guard: PCG SELL place 500/code100 (try 4/4), backing off 8.2s
2025-09-10 14:15:18,270 WARNING sell-guard: E*TRADE circuit OPEN for 60s due to repeated 500/code100
2025-09-10 14:15:19,058 ERROR sell-guard: PCG SELL_TARGET MARKET fallback failed: etrade POST /accounts/kW8LbkuGisPCK9Ey7C8iWA/orders/place.json -> 500: {'Error': {'code': 100, 'message': 'The requested service is not currently available, please try after sometime.'}}
2025-09-10 14:15:21,789 INFO sell-guard: [SG] NCLH: last=24.90 entry=25.25 pnl=-140 bps (tp=200 stop=100) hold=1508m lim=24.89 free=3 -> stop=True tp=False timeout=False
2025-09-10 14:15:21,790 DEBUG sell-guard: sell window check: start=0935 end=1555 now=1415
2025-09-10 14:15:22,054 DEBUG sell-guard: NCLH stop calc: entry=25.25 bid=24.91 last=24.9188 base=25.00 -> stop=24.90
2025-09-10 14:15:23,220 ERROR sell-guard: NCLH ARM HARD STOP failed: etrade POST /accounts/kW8LbkuGisPCK9Ey7C8iWA/orders/place.json -> 500: {'Error': {'code': 100, 'message': 'The requested service is not currently available, please try after sometime.'}}
2025-09-10 14:15:23,930 ERROR sell-guard: NCLH STOP MARKET fallback failed: etrade POST /accounts/kW8LbkuGisPCK9Ey7C8iWA/orders/place.json -> 500: {'Error': {'code': 100, 'message': 'The requested service is not currently available, please try after sometime.'}}
2025-09-10 14:15:26,648 INFO sell-guard: [SG] IVZ: last=22.11 entry=22.35 pnl=-107 bps (tp=200 stop=100) hold=1529m lim=22.11 free=4 -> stop=True tp=False timeout=False
2025-09-10 14:15:26,649 DEBUG sell-guard: sell window check: start=0935 end=1555 now=1415
2025-09-10 14:15:26,925 DEBUG sell-guard: IVZ stop calc: entry=22.35 bid=22.12 last=22.125 base=22.13 -> stop=22.11
2025-09-10 14:15:27,100 ERROR sell-guard: IVZ ARM HARD STOP failed: etrade POST /accounts/kW8LbkuGisPCK9Ey7C8iWA/orders/preview.json -> 400: {'Error': {'code': 2084, 'message': 'IMPORTANT: The stop price must be at least $0.01 below the current bid price for sell orders ($0.01 below the most recent closing price if the market is closed). Please adjust the stop price and resubmit your order.'}}
2025-09-10 14:15:27,981 ERROR sell-guard: IVZ STOP MARKET fallback failed: etrade POST /accounts/kW8LbkuGisPCK9Ey7C8iWA/orders/place.json -> 500: {'Error': {'code': 100, 'message': 'The requested service is not currently available, please try after sometime.'}}
2025-09-10 14:15:30,826 INFO sell-guard: [SG] ENPH: last=37.10 entry=39.06 pnl=-502 bps (tp=200 stop=100) hold=1522m lim=37.09 free=2 -> stop=True tp=False timeout=False
2025-09-10 14:15:30,832 DEBUG sell-guard: sell window check: start=0935 end=1555 now=1415
2025-09-10 14:15:31,417 DEBUG sell-guard: ENPH stop calc: entry=39.06 bid=37.08 last=37.09 base=38.67 -> stop=37.07
2025-09-10 14:15:32,354 ERROR sell-guard: ENPH ARM HARD STOP failed: etrade POST /accounts/kW8LbkuGisPCK9Ey7C8iWA/orders/place.json -> 500: {'Error': {'code': 100, 'message': 'The requested service is not currently available, please try after sometime.'}}
2025-09-10 14:15:33,197 ERROR sell-guard: ENPH STOP MARKET fallback failed: etrade POST /accounts/kW8LbkuGisPCK9Ey7C8iWA/orders/place.json -> 500: {'Error': {'code': 100, 'message': 'The requested service is not currently available, please try after sometime.'}}
2025-09-10 14:15:35,880 INFO sell-guard: [SG] WBD: last=12.30 entry=12.21 pnl=+78 bps (tp=200 stop=100) hold=2769m lim=12.30 free=1 -> stop=False tp=False timeout=False
2025-09-10 14:15:35,882 DEBUG sell-guard: sell window check: start=0935 end=1555 now=1415
2025-09-10 14:15:35,885 INFO sell-guard: ⏱ heartbeat: loop alive (account=kW8LbkuGisPCK9Ey7C8iWA)
2025-09-10 14:15:35,886 INFO sell-guard: E*TRADE unstable; skipping tick (circuit open, 42s left)
2025-09-10 14:16:05,887 INFO sell-guard: ⏱ heartbeat: loop alive (account=kW8LbkuGisPCK9Ey7C8iWA)
2025-09-10 14:16:05,889 INFO sell-guard: E*TRADE unstable; skipping tick (circuit open, 12s left)
2025-09-10 14:16:35,897 INFO sell-guard: ⏱ heartbeat: loop alive (account=kW8LbkuGisPCK9Ey7C8iWA)
2025-09-10 14:16:36,402 INFO sell-guard: positions via get_positions -> 21 symbol(s)
2025-09-10 14:16:36,404 INFO sell-guard: Managing 7 symbol(s): CVS,SWKS,PCG,NCLH,IVZ,ENPH,WBD
2025-09-10 14:16:41,656 INFO sell-guard: [SG] CVS: last=73.56 entry=70.96 pnl=+366 bps (tp=200 stop=100) hold=1507m lim=73.54 free=1 -> stop=False tp=True timeout=False
2025-09-10 14:16:41,658 DEBUG sell-guard: sell window check: start=0935 end=1555 now=1416
2025-09-10 14:16:42,453 WARNING sell-guard: CVS SELL place 500/code100 (try 1/4), backing off 2.0s
2025-09-10 14:16:45,195 WARNING sell-guard: CVS SELL place 500/code100 (try 2/4), backing off 3.2s
2025-09-10 14:16:49,244 WARNING sell-guard: CVS SELL place 500/code100 (try 3/4), backing off 5.1s
2025-09-10 14:16:55,095 WARNING sell-guard: CVS SELL place 500/code100 (try 4/4), backing off 8.2s
2025-09-10 14:17:03,290 WARNING sell-guard: E*TRADE circuit OPEN for 60s due to repeated 500/code100
2025-09-10 14:17:04,078 ERROR sell-guard: CVS SELL_TARGET MARKET fallback failed: etrade POST /accounts/kW8LbkuGisPCK9Ey7C8iWA/orders/place.json -> 500: {'Error': {'code': 100, 'message': 'The requested service is not currently available, please try after sometime.'}}
2025-09-10 14:17:06,733 INFO sell-guard: [SG] SWKS: last=72.66 entry=76.23 pnl=-468 bps (tp=200 stop=100) hold=1497m lim=72.66 free=1 -> stop=True tp=False timeout=False
2025-09-10 14:17:06,734 DEBUG sell-guard: sell window check: start=0935 end=1555 now=1417
2025-09-10 14:17:06,942 DEBUG sell-guard: SWKS stop calc: entry=76.23 bid=72.66 last=72.675 base=75.47 -> stop=72.65
2025-09-10 14:17:07,890 ERROR sell-guard: SWKS ARM HARD STOP failed: etrade POST /accounts/kW8LbkuGisPCK9Ey7C8iWA/orders/place.json -> 500: {'Error': {'code': 100, 'message': 'The requested service is not currently available, please try after sometime.'}}
2025-09-10 14:17:08,686 ERROR sell-guard: SWKS STOP MARKET fallback failed: etrade POST /accounts/kW8LbkuGisPCK9Ey7C8iWA/orders/place.json -> 500: {'Error': {'code': 100, 'message': 'The requested service is not currently available, please try after sometime.'}}
2025-09-10 14:17:11,246 INFO sell-guard: [SG] PCG: last=15.38 entry=14.86 pnl=+350 bps (tp=200 stop=100) hold=1483m lim=15.37 free=1 -> stop=False tp=True timeout=False
2025-09-10 14:17:11,247 DEBUG sell-guard: sell window check: start=0935 end=1555 now=1417
2025-09-10 14:17:12,239 WARNING sell-guard: PCG SELL place 500/code100 (try 1/4), backing off 2.0s
2025-09-10 14:17:15,223 WARNING sell-guard: PCG SELL place 500/code100 (try 2/4), backing off 3.2s
2025-09-10 14:17:19,263 WARNING sell-guard: PCG SELL place 500/code100 (try 3/4), backing off 5.1s
2025-09-10 14:17:25,349 WARNING sell-guard: PCG SELL place 500/code100 (try 4/4), backing off 8.2s
2025-09-10 14:17:33,542 WARNING sell-guard: E*TRADE circuit OPEN for 60s due to repeated 500/code100
2025-09-10 14:17:34,401 ERROR sell-guard: PCG SELL_TARGET MARKET fallback failed: etrade POST /accounts/kW8LbkuGisPCK9Ey7C8iWA/orders/place.json -> 500: {'Error': {'code': 100, 'message': 'The requested service is not currently available, please try after sometime.'}}
2025-09-10 14:17:37,123 INFO sell-guard: [SG] NCLH: last=24.94 entry=25.25 pnl=-122 bps (tp=200 stop=100) hold=1510m lim=24.93 free=3 -> stop=True tp=False timeout=False
2025-09-10 14:17:37,128 DEBUG sell-guard: sell window check: start=0935 end=1555 now=1417
2025-09-10 14:17:37,295 DEBUG sell-guard: NCLH stop calc: entry=25.25 bid=24.95 last=24.955 base=25.00 -> stop=24.94
2025-09-10 14:17:38,091 ERROR sell-guard: NCLH ARM HARD STOP failed: etrade POST /accounts/kW8LbkuGisPCK9Ey7C8iWA/orders/place.json -> 500: {'Error': {'code': 100, 'message': 'The requested service is not currently available, please try after sometime.'}}
2025-09-10 14:17:38,995 ERROR sell-guard: NCLH STOP MARKET fallback failed: etrade POST /accounts/kW8LbkuGisPCK9Ey7C8iWA/orders/place.json -> 500: {'Error': {'code': 100, 'message': 'The requested service is not currently available, please try after sometime.'}}
2025-09-10 14:17:41,694 INFO sell-guard: [SG] IVZ: last=22.11 entry=22.35 pnl=-107 bps (tp=200 stop=100) hold=1531m lim=22.11 free=4 -> stop=True tp=False timeout=False
2025-09-10 14:17:41,695 DEBUG sell-guard: sell window check: start=0935 end=1555 now=1417
2025-09-10 14:17:42,165 DEBUG sell-guard: IVZ stop calc: entry=22.35 bid=22.11 last=22.115 base=22.13 -> stop=22.10
2025-09-10 14:17:43,108 ERROR sell-guard: IVZ ARM HARD STOP failed: etrade POST /accounts/kW8LbkuGisPCK9Ey7C8iWA/orders/place.json -> 500: {'Error': {'code': 100, 'message': 'The requested service is not currently available, please try after sometime.'}}
2025-09-10 14:17:43,908 ERROR sell-guard: IVZ STOP MARKET fallback failed: etrade POST /accounts/kW8LbkuGisPCK9Ey7C8iWA/orders/place.json -> 500: {'Error': {'code': 100, 'message': 'The requested service is not currently available, please try after sometime.'}}
2025-09-10 14:17:46,539 INFO sell-guard: [SG] ENPH: last=37.12 entry=39.06 pnl=-497 bps (tp=200 stop=100) hold=1524m lim=37.10 free=2 -> stop=True tp=False timeout=False
2025-09-10 14:17:46,540 DEBUG sell-guard: sell window check: start=0935 end=1555 now=1417
2025-09-10 14:17:46,876 DEBUG sell-guard: ENPH stop calc: entry=39.06 bid=37.11 last=37.12 base=38.67 -> stop=37.10
2025-09-10 14:17:47,661 ERROR sell-guard: ENPH ARM HARD STOP failed: etrade POST /accounts/kW8LbkuGisPCK9Ey7C8iWA/orders/place.json -> 500: {'Error': {'code': 100, 'message': 'The requested service is not currently available, please try after sometime.'}}
2025-09-10 14:17:48,572 ERROR sell-guard: ENPH STOP MARKET fallback failed: etrade POST /accounts/kW8LbkuGisPCK9Ey7C8iWA/orders/place.json -> 500: {'Error': {'code': 100, 'message': 'The requested service is not currently available, please try after sometime.'}}
2025-09-10 14:17:51,700 INFO sell-guard: [SG] WBD: last=12.30 entry=12.21 pnl=+78 bps (tp=200 stop=100) hold=2771m lim=12.30 free=1 -> stop=False tp=False timeout=False
2025-09-10 14:17:51,702 DEBUG sell-guard: sell window check: start=0935 end=1555 now=1417
2025-09-10 14:17:51,707 INFO sell-guard: ⏱ heartbeat: loop alive (account=kW8LbkuGisPCK9Ey7C8iWA)
2025-09-10 14:17:51,709 INFO sell-guard: E*TRADE unstable; skipping tick (circuit open, 41s left)
2025-09-10 14:18:21,711 INFO sell-guard: ⏱ heartbeat: loop alive (account=kW8LbkuGisPCK9Ey7C8iWA)
2025-09-10 14:18:21,711 INFO sell-guard: E*TRADE unstable; skipping tick (circuit open, 11s left)
2025-09-10 14:18:51,718 INFO sell-guard: ⏱ heartbeat: loop alive (account=kW8LbkuGisPCK9Ey7C8iWA)
2025-09-10 14:18:52,411 INFO sell-guard: positions via get_positions -> 21 symbol(s)
2025-09-10 14:18:52,412 INFO sell-guard: Managing 7 symbol(s): CVS,SWKS,PCG,NCLH,IVZ,ENPH,WBD
2025-09-10 14:18:57,211 INFO sell-guard: [SG] CVS: last=73.56 entry=70.96 pnl=+366 bps (tp=200 stop=100) hold=1510m lim=73.53 free=1 -> stop=False tp=True timeout=False
2025-09-10 14:18:57,212 DEBUG sell-guard: sell window check: start=0935 end=1555 now=1418
2025-09-10 14:18:58,093 WARNING sell-guard: CVS SELL place 500/code100 (try 1/4), backing off 2.0s
2025-09-10 14:19:00,903 WARNING sell-guard: CVS SELL place 500/code100 (try 2/4), backing off 3.2s
2025-09-10 14:19:04,873 WARNING sell-guard: CVS SELL place 500/code100 (try 3/4), backing off 5.1s
2025-09-10 14:19:10,809 WARNING sell-guard: CVS SELL place 500/code100 (try 4/4), backing off 8.2s
2025-09-10 14:19:19,003 WARNING sell-guard: E*TRADE circuit OPEN for 60s due to repeated 500/code100
2025-09-10 14:19:19,737 ERROR sell-guard: CVS SELL_TARGET MARKET fallback failed: etrade POST /accounts/kW8LbkuGisPCK9Ey7C8iWA/orders/place.json -> 500: {'Error': {'code': 100, 'message': 'The requested service is not currently available, please try after sometime.'}}
2025-09-10 14:19:22,776 INFO sell-guard: [SG] SWKS: last=72.66 entry=76.23 pnl=-468 bps (tp=200 stop=100) hold=1499m lim=72.68 free=1 -> stop=True tp=False timeout=False
2025-09-10 14:19:22,777 DEBUG sell-guard: sell window check: start=0935 end=1555 now=1419
2025-09-10 14:19:23,000 DEBUG sell-guard: SWKS stop calc: entry=76.23 bid=72.69 last=72.71 base=75.47 -> stop=72.68
2025-09-10 14:19:23,290 ERROR sell-guard: SWKS ARM HARD STOP failed: etrade POST /accounts/kW8LbkuGisPCK9Ey7C8iWA/orders/preview.json -> 400: {'Error': {'code': 2084, 'message': 'IMPORTANT: The stop price must be at least $0.01 below the current bid price for sell orders ($0.01 below the most recent closing price if the market is closed). Please adjust the stop price and resubmit your order.'}}
2025-09-10 14:19:24,066 ERROR sell-guard: SWKS STOP MARKET fallback failed: etrade POST /accounts/kW8LbkuGisPCK9Ey7C8iWA/orders/place.json -> 500: {'Error': {'code': 100, 'message': 'The requested service is not currently available, please try after sometime.'}}
2025-09-10 14:19:26,720 INFO sell-guard: [SG] PCG: last=15.40 entry=14.86 pnl=+363 bps (tp=200 stop=100) hold=1485m lim=15.39 free=1 -> stop=False tp=True timeout=False
2025-09-10 14:19:26,721 DEBUG sell-guard: sell window check: start=0935 end=1555 now=1419
2025-09-10 14:19:27,429 WARNING sell-guard: PCG SELL place 500/code100 (try 1/4), backing off 2.0s
2025-09-10 14:19:30,263 WARNING sell-guard: PCG SELL place 500/code100 (try 2/4), backing off 3.2s
2025-09-10 14:19:34,241 WARNING sell-guard: PCG SELL place 500/code100 (try 3/4), backing off 5.1s
2025-09-10 14:19:40,316 WARNING sell-guard: PCG SELL place 500/code100 (try 4/4), backing off 8.2s
2025-09-10 14:19:48,510 WARNING sell-guard: E*TRADE circuit OPEN for 60s due to repeated 500/code100
2025-09-10 14:19:49,355 ERROR sell-guard: PCG SELL_TARGET MARKET fallback failed: etrade POST /accounts/kW8LbkuGisPCK9Ey7C8iWA/orders/place.json -> 500: {'Error': {'code': 100, 'message': 'The requested service is not currently available, please try after sometime.'}}
2025-09-10 14:19:52,349 INFO sell-guard: [SG] NCLH: last=24.95 entry=25.25 pnl=-116 bps (tp=200 stop=100) hold=1512m lim=24.95 free=3 -> stop=True tp=False timeout=False
2025-09-10 14:19:52,351 DEBUG sell-guard: sell window check: start=0935 end=1555 now=1419
2025-09-10 14:19:52,545 DEBUG sell-guard: NCLH stop calc: entry=25.25 bid=24.94 last=24.94 base=25.00 -> stop=24.93
2025-09-10 14:19:53,530 ERROR sell-guard: NCLH ARM HARD STOP failed: etrade POST /accounts/kW8LbkuGisPCK9Ey7C8iWA/orders/place.json -> 500: {'Error': {'code': 100, 'message': 'The requested service is not currently available, please try after sometime.'}}
2025-09-10 14:19:54,252 ERROR sell-guard: NCLH STOP MARKET fallback failed: etrade POST /accounts/kW8LbkuGisPCK9Ey7C8iWA/orders/place.json -> 500: {'Error': {'code': 100, 'message': 'The requested service is not currently available, please try after sometime.'}}
2025-09-10 14:19:56,938 INFO sell-guard: [SG] IVZ: last=22.11 entry=22.35 pnl=-107 bps (tp=200 stop=100) hold=1533m lim=22.11 free=4 -> stop=True tp=False timeout=False
2025-09-10 14:19:56,940 DEBUG sell-guard: sell window check: start=0935 end=1555 now=1419
2025-09-10 14:19:57,219 DEBUG sell-guard: IVZ stop calc: entry=22.35 bid=22.11 last=22.11 base=22.13 -> stop=22.10
2025-09-10 14:19:57,930 ERROR sell-guard: IVZ ARM HARD STOP failed: etrade POST /accounts/kW8LbkuGisPCK9Ey7C8iWA/orders/place.json -> 500: {'Error': {'code': 100, 'message': 'The requested service is not currently available, please try after sometime.'}}
2025-09-10 14:19:58,686 ERROR sell-guard: IVZ STOP MARKET fallback failed: etrade POST /accounts/kW8LbkuGisPCK9Ey7C8iWA/orders/place.json -> 500: {'Error': {'code': 100, 'message': 'The requested service is not currently available, please try after sometime.'}}
2025-09-10 14:20:01,539 INFO sell-guard: [SG] ENPH: last=37.08 entry=39.06 pnl=-507 bps (tp=200 stop=100) hold=1526m lim=37.08 free=2 -> stop=True tp=False timeout=False
2025-09-10 14:20:01,540 DEBUG sell-guard: sell window check: start=0935 end=1555 now=1420
2025-09-10 14:20:01,907 DEBUG sell-guard: ENPH stop calc: entry=39.06 bid=37.07 last=37.08 base=38.67 -> stop=37.06
2025-09-10 14:20:02,781 ERROR sell-guard: ENPH ARM HARD STOP failed: etrade POST /accounts/kW8LbkuGisPCK9Ey7C8iWA/orders/place.json -> 500: {'Error': {'code': 100, 'message': 'The requested service is not currently available, please try after sometime.'}}
2025-09-10 14:20:03,561 ERROR sell-guard: ENPH STOP MARKET fallback failed: etrade POST /accounts/kW8LbkuGisPCK9Ey7C8iWA/orders/place.json -> 500: {'Error': {'code': 100, 'message': 'The requested service is not currently available, please try after sometime.'}}
2025-09-10 14:20:06,595 INFO sell-guard: [SG] WBD: last=12.31 entry=12.21 pnl=+86 bps (tp=200 stop=100) hold=2774m lim=12.31 free=1 -> stop=False tp=False timeout=False
2025-09-10 14:20:06,596 DEBUG sell-guard: sell window check: start=0935 end=1555 now=1420
2025-09-10 14:20:06,599 INFO sell-guard: ⏱ heartbeat: loop alive (account=kW8LbkuGisPCK9Ey7C8iWA)
2025-09-10 14:20:06,600 INFO sell-guard: E*TRADE unstable; skipping tick (circuit open, 41s left)
2025-09-10 14:20:36,604 INFO sell-guard: ⏱ heartbeat: loop alive (account=kW8LbkuGisPCK9Ey7C8iWA)
2025-09-10 14:20:36,626 INFO sell-guard: E*TRADE unstable; skipping tick (circuit open, 11s left)
2025-09-10 14:21:06,635 INFO sell-guard: ⏱ heartbeat: loop alive (account=kW8LbkuGisPCK9Ey7C8iWA)
2025-09-10 14:21:07,275 INFO sell-guard: positions via get_positions -> 21 symbol(s)
2025-09-10 14:21:07,275 INFO sell-guard: Managing 7 symbol(s): CVS,SWKS,PCG,NCLH,IVZ,ENPH,WBD
2025-09-10 14:21:13,054 INFO sell-guard: [SG] CVS: last=73.52 entry=70.96 pnl=+361 bps (tp=200 stop=100) hold=1512m lim=73.51 free=1 -> stop=False tp=True timeout=False
2025-09-10 14:21:13,055 DEBUG sell-guard: sell window check: start=0935 end=1555 now=1421
2025-09-10 14:21:13,807 WARNING sell-guard: CVS SELL place 500/code100 (try 1/4), backing off 2.0s
2025-09-10 14:21:16,872 WARNING sell-guard: CVS SELL place 500/code100 (try 2/4), backing off 3.2s
2025-09-10 14:21:20,925 WARNING sell-guard: CVS SELL place 500/code100 (try 3/4), backing off 5.1s
2025-09-10 14:21:26,989 WARNING sell-guard: CVS SELL place 500/code100 (try 4/4), backing off 8.2s
2025-09-10 14:21:35,182 WARNING sell-guard: E*TRADE circuit OPEN for 60s due to repeated 500/code100
2025-09-10 14:21:36,071 ERROR sell-guard: CVS SELL_TARGET MARKET fallback failed: etrade POST /accounts/kW8LbkuGisPCK9Ey7C8iWA/orders/place.json -> 500: {'Error': {'code': 100, 'message': 'The requested service is not currently available, please try after sometime.'}}
2025-09-10 14:21:38,762 INFO sell-guard: [SG] SWKS: last=72.75 entry=76.23 pnl=-457 bps (tp=200 stop=100) hold=1501m lim=72.74 free=1 -> stop=True tp=False timeout=False
2025-09-10 14:21:38,763 DEBUG sell-guard: sell window check: start=0935 end=1555 now=1421
2025-09-10 14:21:39,034 DEBUG sell-guard: SWKS stop calc: entry=76.23 bid=72.75 last=72.76 base=75.47 -> stop=72.74
2025-09-10 14:21:39,913 ERROR sell-guard: SWKS ARM HARD STOP failed: etrade POST /accounts/kW8LbkuGisPCK9Ey7C8iWA/orders/place.json -> 500: {'Error': {'code': 100, 'message': 'The requested service is not currently available, please try after sometime.'}}
2025-09-10 14:21:40,750 ERROR sell-guard: SWKS STOP MARKET fallback failed: etrade POST /accounts/kW8LbkuGisPCK9Ey7C8iWA/orders/place.json -> 500: {'Error': {'code': 100, 'message': 'The requested service is not currently available, please try after sometime.'}}
2025-09-10 14:21:43,401 INFO sell-guard: [SG] PCG: last=15.38 entry=14.86 pnl=+350 bps (tp=200 stop=100) hold=1488m lim=15.37 free=1 -> stop=False tp=True timeout=False
2025-09-10 14:21:43,402 DEBUG sell-guard: sell window check: start=0935 end=1555 now=1421
2025-09-10 14:21:44,101 WARNING sell-guard: PCG SELL place 500/code100 (try 1/4), backing off 2.0s
2025-09-10 14:21:46,946 WARNING sell-guard: PCG SELL place 500/code100 (try 2/4), backing off 3.2s
2025-09-10 14:21:50,885 WARNING sell-guard: PCG SELL place 500/code100 (try 3/4), backing off 5.1s
2025-09-10 14:21:56,860 WARNING sell-guard: PCG SELL place 500/code100 (try 4/4), backing off 8.2s
2025-09-10 14:22:05,054 WARNING sell-guard: E*TRADE circuit OPEN for 60s due to repeated 500/code100
2025-09-10 14:22:05,842 ERROR sell-guard: PCG SELL_TARGET MARKET fallback failed: etrade POST /accounts/kW8LbkuGisPCK9Ey7C8iWA/orders/place.json -> 500: {'Error': {'code': 100, 'message': 'The requested service is not currently available, please try after sometime.'}}
2025-09-10 14:22:08,579 INFO sell-guard: [SG] NCLH: last=24.99 entry=25.25 pnl=-102 bps (tp=200 stop=100) hold=1515m lim=24.98 free=3 -> stop=True tp=False timeout=False
2025-09-10 14:22:08,580 DEBUG sell-guard: sell window check: start=0935 end=1555 now=1422
2025-09-10 14:22:08,800 DEBUG sell-guard: NCLH stop calc: entry=25.25 bid=25.0 last=25.005 base=25.00 -> stop=24.99
2025-09-10 14:22:09,612 ERROR sell-guard: NCLH ARM HARD STOP failed: etrade POST /accounts/kW8LbkuGisPCK9Ey7C8iWA/orders/place.json -> 500: {'Error': {'code': 100, 'message': 'The requested service is not currently available, please try after sometime.'}}
2025-09-10 14:22:10,448 ERROR sell-guard: NCLH STOP MARKET fallback failed: etrade POST /accounts/kW8LbkuGisPCK9Ey7C8iWA/orders/place.json -> 500: {'Error': {'code': 100, 'message': 'The requested service is not currently available, please try after sometime.'}}
2025-09-10 14:22:13,281 INFO sell-guard: [SG] IVZ: last=22.12 entry=22.35 pnl=-101 bps (tp=200 stop=100) hold=1535m lim=22.12 free=4 -> stop=True tp=False timeout=False
2025-09-10 14:22:13,282 DEBUG sell-guard: sell window check: start=0935 end=1555 now=1422
2025-09-10 14:22:13,509 DEBUG sell-guard: IVZ stop calc: entry=22.35 bid=22.13 last=22.14 base=22.13 -> stop=22.12
2025-09-10 14:22:14,244 ERROR sell-guard: IVZ ARM HARD STOP failed: etrade POST /accounts/kW8LbkuGisPCK9Ey7C8iWA/orders/place.json -> 500: {'Error': {'code': 100, 'message': 'The requested service is not currently available, please try after sometime.'}}
2025-09-10 14:22:15,184 ERROR sell-guard: IVZ STOP MARKET fallback failed: etrade POST /accounts/kW8LbkuGisPCK9Ey7C8iWA/orders/place.json -> 500: {'Error': {'code': 100, 'message': 'The requested service is not currently available, please try after sometime.'}}
2025-09-10 14:22:17,942 INFO sell-guard: [SG] ENPH: last=37.09 entry=39.06 pnl=-504 bps (tp=200 stop=100) hold=1529m lim=37.08 free=2 -> stop=True tp=False timeout=False
2025-09-10 14:22:17,943 DEBUG sell-guard: sell window check: start=0935 end=1555 now=1422
2025-09-10 14:22:18,196 DEBUG sell-guard: ENPH stop calc: entry=39.06 bid=37.1 last=37.115 base=38.67 -> stop=37.09
2025-09-10 14:22:18,931 ERROR sell-guard: ENPH ARM HARD STOP failed: etrade POST /accounts/kW8LbkuGisPCK9Ey7C8iWA/orders/place.json -> 500: {'Error': {'code': 100, 'message': 'The requested service is not currently available, please try after sometime.'}}
2025-09-10 14:22:19,728 ERROR sell-guard: ENPH STOP MARKET fallback failed: etrade POST /accounts/kW8LbkuGisPCK9Ey7C8iWA/orders/place.json -> 500: {'Error': {'code': 100, 'message': 'The requested service is not currently available, please try after sometime.'}}
2025-09-10 14:22:22,389 INFO sell-guard: [SG] WBD: last=12.32 entry=12.21 pnl=+90 bps (tp=200 stop=100) hold=2776m lim=12.31 free=1 -> stop=False tp=False timeout=False
2025-09-10 14:22:22,390 DEBUG sell-guard: sell window check: start=0935 end=1555 now=1422
2025-09-10 14:22:22,394 INFO sell-guard: ⏱ heartbeat: loop alive (account=kW8LbkuGisPCK9Ey7C8iWA)
2025-09-10 14:22:22,395 INFO sell-guard: E*TRADE unstable; skipping tick (circuit open, 42s left)
2025-09-10 14:22:52,397 INFO sell-guard: ⏱ heartbeat: loop alive (account=kW8LbkuGisPCK9Ey7C8iWA)
2025-09-10 14:22:52,399 INFO sell-guard: E*TRADE unstable; skipping tick (circuit open, 12s left)
2025-09-10 14:23:22,408 INFO sell-guard: ⏱ heartbeat: loop alive (account=kW8LbkuGisPCK9Ey7C8iWA)
2025-09-10 14:23:22,888 INFO sell-guard: positions via get_positions -> 21 symbol(s)
2025-09-10 14:23:22,889 INFO sell-guard: Managing 7 symbol(s): CVS,SWKS,PCG,NCLH,IVZ,ENPH,WBD
2025-09-10 14:23:28,680 INFO sell-guard: [SG] CVS: last=73.52 entry=70.96 pnl=+361 bps (tp=200 stop=100) hold=1514m lim=73.51 free=1 -> stop=False tp=True timeout=False
2025-09-10 14:23:28,681 DEBUG sell-guard: sell window check: start=0935 end=1555 now=1423
2025-09-10 14:23:29,436 WARNING sell-guard: CVS SELL place 500/code100 (try 1/4), backing off 2.0s
2025-09-10 14:23:32,234 WARNING sell-guard: CVS SELL place 500/code100 (try 2/4), backing off 3.2s
2025-09-10 14:23:36,185 WARNING sell-guard: CVS SELL place 500/code100 (try 3/4), backing off 5.1s
2025-09-10 14:23:42,066 WARNING sell-guard: CVS SELL place 500/code100 (try 4/4), backing off 8.2s
2025-09-10 14:23:50,260 WARNING sell-guard: E*TRADE circuit OPEN for 60s due to repeated 500/code100
2025-09-10 14:23:51,029 ERROR sell-guard: CVS SELL_TARGET MARKET fallback failed: etrade POST /accounts/kW8LbkuGisPCK9Ey7C8iWA/orders/place.json -> 500: {'Error': {'code': 100, 'message': 'The requested service is not currently available, please try after sometime.'}}
2025-09-10 14:23:53,705 INFO sell-guard: [SG] SWKS: last=72.84 entry=76.23 pnl=-444 bps (tp=200 stop=100) hold=1503m lim=72.83 free=1 -> stop=True tp=False timeout=False
2025-09-10 14:23:53,706 DEBUG sell-guard: sell window check: start=0935 end=1555 now=1423
2025-09-10 14:23:53,903 DEBUG sell-guard: SWKS stop calc: entry=76.23 bid=72.84 last=72.83 base=75.47 -> stop=72.83
2025-09-10 14:23:54,099 ERROR sell-guard: SWKS ARM HARD STOP failed: etrade POST /accounts/kW8LbkuGisPCK9Ey7C8iWA/orders/preview.json -> 400: {'Error': {'code': 2084, 'message': 'IMPORTANT: The stop price must be at least $0.01 below the current bid price for sell orders ($0.01 below the most recent closing price if the market is closed). Please adjust the stop price and resubmit your order.'}}
2025-09-10 14:23:54,933 ERROR sell-guard: SWKS STOP MARKET fallback failed: etrade POST /accounts/kW8LbkuGisPCK9Ey7C8iWA/orders/place.json -> 500: {'Error': {'code': 100, 'message': 'The requested service is not currently available, please try after sometime.'}}
2025-09-10 14:23:57,605 INFO sell-guard: [SG] PCG: last=15.40 entry=14.86 pnl=+362 bps (tp=200 stop=100) hold=1490m lim=15.39 free=1 -> stop=False tp=True timeout=False
2025-09-10 14:23:57,612 DEBUG sell-guard: sell window check: start=0935 end=1555 now=1423
2025-09-10 14:23:58,602 WARNING sell-guard: PCG SELL place 500/code100 (try 1/4), backing off 2.0s
2025-09-10 14:24:01,401 WARNING sell-guard: PCG SELL place 500/code100 (try 2/4), backing off 3.2s
2025-09-10 14:24:05,431 WARNING sell-guard: PCG SELL place 500/code100 (try 3/4), backing off 5.1s
2025-09-10 14:24:11,293 WARNING sell-guard: PCG SELL place 500/code100 (try 4/4), backing off 8.2s
2025-09-10 14:24:19,488 WARNING sell-guard: E*TRADE circuit OPEN for 60s due to repeated 500/code100
2025-09-10 14:24:20,410 ERROR sell-guard: PCG SELL_TARGET MARKET fallback failed: etrade POST /accounts/kW8LbkuGisPCK9Ey7C8iWA/orders/place.json -> 500: {'Error': {'code': 100, 'message': 'The requested service is not currently available, please try after sometime.'}}
2025-09-10 14:24:23,109 INFO sell-guard: [SG] NCLH: last=25.01 entry=25.25 pnl=-94 bps (tp=200 stop=100) hold=1517m lim=25.00 free=3 -> stop=False tp=False timeout=False
2025-09-10 14:24:23,110 DEBUG sell-guard: sell window check: start=0935 end=1555 now=1424
2025-09-10 14:24:25,863 INFO sell-guard: [SG] IVZ: last=22.14 entry=22.35 pnl=-92 bps (tp=200 stop=100) hold=1538m lim=22.14 free=4 -> stop=False tp=False timeout=False
2025-09-10 14:24:25,865 DEBUG sell-guard: sell window check: start=0935 end=1555 now=1424
2025-09-10 14:24:28,603 INFO sell-guard: [SG] ENPH: last=37.14 entry=39.06 pnl=-492 bps (tp=200 stop=100) hold=1531m lim=37.13 free=2 -> stop=True tp=False timeout=False
2025-09-10 14:24:28,604 DEBUG sell-guard: sell window check: start=0935 end=1555 now=1424
2025-09-10 14:24:28,761 DEBUG sell-guard: ENPH stop calc: entry=39.06 bid=37.12 last=37.13 base=38.67 -> stop=37.11
2025-09-10 14:24:29,534 ERROR sell-guard: ENPH ARM HARD STOP failed: etrade POST /accounts/kW8LbkuGisPCK9Ey7C8iWA/orders/place.json -> 500: {'Error': {'code': 100, 'message': 'The requested service is not currently available, please try after sometime.'}}
2025-09-10 14:24:30,459 ERROR sell-guard: ENPH STOP MARKET fallback failed: etrade POST /accounts/kW8LbkuGisPCK9Ey7C8iWA/orders/place.json -> 500: {'Error': {'code': 100, 'message': 'The requested service is not currently available, please try after sometime.'}}
2025-09-10 14:24:33,246 INFO sell-guard: [SG] WBD: last=12.30 entry=12.21 pnl=+74 bps (tp=200 stop=100) hold=2778m lim=12.30 free=1 -> stop=False tp=False timeout=False
2025-09-10 14:24:33,248 DEBUG sell-guard: sell window check: start=0935 end=1555 now=1424
2025-09-10 14:24:33,256 INFO sell-guard: ⏱ heartbeat: loop alive (account=kW8LbkuGisPCK9Ey7C8iWA)
2025-09-10 14:24:33,258 INFO sell-guard: E*TRADE unstable; skipping tick (circuit open, 46s left)
2025-09-10 14:25:03,344 INFO sell-guard: ⏱ heartbeat: loop alive (account=kW8LbkuGisPCK9Ey7C8iWA)
2025-09-10 14:25:03,395 INFO sell-guard: E*TRADE unstable; skipping tick (circuit open, 16s left)
2025-09-10 14:25:33,411 INFO sell-guard: ⏱ heartbeat: loop alive (account=kW8LbkuGisPCK9Ey7C8iWA)
2025-09-10 14:25:34,124 INFO sell-guard: positions via get_positions -> 21 symbol(s)
2025-09-10 14:25:34,125 INFO sell-guard: Managing 7 symbol(s): CVS,SWKS,PCG,NCLH,IVZ,ENPH,WBD
2025-09-10 14:25:39,916 INFO sell-guard: [SG] CVS: last=73.47 entry=70.96 pnl=+354 bps (tp=200 stop=100) hold=1516m lim=73.45 free=1 -> stop=False tp=True timeout=False
2025-09-10 14:25:39,916 DEBUG sell-guard: sell window check: start=0935 end=1555 now=1425
2025-09-10 14:25:41,062 WARNING sell-guard: CVS SELL place 500/code100 (try 1/4), backing off 2.0s
2025-09-10 14:25:44,213 WARNING sell-guard: CVS SELL place 500/code100 (try 2/4), backing off 3.2s
2025-09-10 14:25:48,508 WARNING sell-guard: CVS SELL place 500/code100 (try 3/4), backing off 5.1s
2025-09-10 14:25:54,392 WARNING sell-guard: CVS SELL place 500/code100 (try 4/4), backing off 8.2s
2025-09-10 14:26:02,587 WARNING sell-guard: E*TRADE circuit OPEN for 60s due to repeated 500/code100
2025-09-10 14:26:03,672 ERROR sell-guard: CVS SELL_TARGET MARKET fallback failed: etrade POST /accounts/kW8LbkuGisPCK9Ey7C8iWA/orders/place.json -> 500: {'Error': {'code': 100, 'message': 'The requested service is not currently available, please try after sometime.'}}
2025-09-10 14:26:07,147 INFO sell-guard: [SG] SWKS: last=72.81 entry=76.23 pnl=-449 bps (tp=200 stop=100) hold=1506m lim=72.80 free=1 -> stop=True tp=False timeout=False
2025-09-10 14:26:07,148 DEBUG sell-guard: sell window check: start=0935 end=1555 now=1426
2025-09-10 14:26:07,330 DEBUG sell-guard: SWKS stop calc: entry=76.23 bid=72.79 last=72.8 base=75.47 -> stop=72.78
2025-09-10 14:26:07,476 ERROR sell-guard: SWKS ARM HARD STOP failed: etrade POST /accounts/kW8LbkuGisPCK9Ey7C8iWA/orders/preview.json -> 400: {'Error': {'code': 2084, 'message': 'IMPORTANT: The stop price must be at least $0.01 below the current bid price for sell orders ($0.01 below the most recent closing price if the market is closed). Please adjust the stop price and resubmit your order.'}}
2025-09-10 14:26:08,718 ERROR sell-guard: SWKS STOP MARKET fallback failed: etrade POST /accounts/kW8LbkuGisPCK9Ey7C8iWA/orders/place.json -> 500: {'Error': {'code': 100, 'message': 'The requested service is not currently available, please try after sometime.'}}
2025-09-10 14:26:12,276 INFO sell-guard: [SG] PCG: last=15.37 entry=14.86 pnl=+343 bps (tp=200 stop=100) hold=1492m lim=15.37 free=1 -> stop=False tp=True timeout=False
2025-09-10 14:26:12,277 DEBUG sell-guard: sell window check: start=0935 end=1555 now=1426
2025-09-10 14:26:13,421 WARNING sell-guard: PCG SELL place 500/code100 (try 1/4), backing off 2.0s
2025-09-10 14:26:19,548 INFO sell-guard: config source: C:\TradeAlerts\sell_guard_settings.json
2025-09-10 14:26:19,548 INFO sell-guard: env: ETRADE_ENV=production  PYTHONPATH=None
2025-09-10 14:26:19,549 INFO sell-guard: ⏱ heartbeat: loop alive (account=?)
2025-09-10 14:26:19,550 DEBUG sell-guard: tick: polling positions & quotes…
2025-09-10 14:26:19,912 INFO sell-guard: [LIVE] Using accountIdKey=kW8LbkuGisPCK9Ey7C8iWA
2025-09-10 14:26:19,913 INFO sell-guard: [CFG] mode=live tp=200 bps stop=100 bps max_hold=100000m limit_from=bid offset=0 bps throttle=30.0s ext_hours=False fallback=SELL_STOP,SELL_TARGET,TIMEOUT
2025-09-10 14:26:20,467 INFO sell-guard: positions via get_positions -> 21 symbol(s)
2025-09-10 14:26:20,468 INFO sell-guard: Managing 7 symbol(s): CVS,SWKS,PCG,NCLH,IVZ,ENPH,WBD
2025-09-10 14:26:25,862 INFO sell-guard: [SG] CVS: last=73.46 entry=70.96 pnl=+352 bps (tp=200 stop=100) hold=1517m lim=73.45 free=1 -> stop=False tp=True timeout=False
2025-09-10 14:26:25,863 DEBUG sell-guard: sell window check: start=0935 end=1555 now=1426
2025-09-10 14:26:25,872 ERROR sell-guard: loop error for CVS: cannot access local variable 'placed' where it is not associated with a value
2025-09-10 14:26:29,333 INFO sell-guard: [SG] SWKS: last=72.84 entry=76.23 pnl=-445 bps (tp=200 stop=100) hold=1506m lim=72.83 free=1 -> stop=True tp=False timeout=False
2025-09-10 14:26:29,334 DEBUG sell-guard: sell window check: start=0935 end=1555 now=1426
2025-09-10 14:26:29,503 DEBUG sell-guard: SWKS stop calc: entry=76.23 bid=72.83 last=72.84 base=75.47 -> stop=72.82
2025-09-10 14:26:29,910 ERROR sell-guard: SWKS ARM HARD STOP failed: etrade POST /accounts/kW8LbkuGisPCK9Ey7C8iWA/orders/preview.json -> 400: {'Error': {'code': 2084, 'message': 'IMPORTANT: The stop price must be at least $0.01 below the current bid price for sell orders ($0.01 below the most recent closing price if the market is closed). Please adjust the stop price and resubmit your order.'}}
2025-09-10 14:26:31,068 ERROR sell-guard: SWKS STOP MARKET fallback failed: etrade POST /accounts/kW8LbkuGisPCK9Ey7C8iWA/orders/place.json -> 500: {'Error': {'code': 100, 'message': 'The requested service is not currently available, please try after sometime.'}}
2025-09-10 14:26:34,606 INFO sell-guard: [SG] PCG: last=15.38 entry=14.86 pnl=+350 bps (tp=200 stop=100) hold=1492m lim=15.37 free=1 -> stop=False tp=True timeout=False
2025-09-10 14:26:34,607 DEBUG sell-guard: sell window check: start=0935 end=1555 now=1426
2025-09-10 14:26:34,611 ERROR sell-guard: loop error for PCG: cannot access local variable 'placed' where it is not associated with a value
2025-09-10 14:26:38,229 INFO sell-guard: [SG] NCLH: last=25.01 entry=25.25 pnl=-94 bps (tp=200 stop=100) hold=1519m lim=25.01 free=3 -> stop=False tp=False timeout=False
2025-09-10 14:26:38,230 DEBUG sell-guard: sell window check: start=0935 end=1555 now=1426
2025-09-10 14:26:41,705 INFO sell-guard: [SG] IVZ: last=22.14 entry=22.35 pnl=-92 bps (tp=200 stop=100) hold=1540m lim=22.14 free=4 -> stop=False tp=False timeout=False
2025-09-10 14:26:41,706 DEBUG sell-guard: sell window check: start=0935 end=1555 now=1426
2025-09-10 14:26:45,227 INFO sell-guard: [SG] ENPH: last=37.10 entry=39.06 pnl=-502 bps (tp=200 stop=100) hold=1533m lim=37.09 free=2 -> stop=True tp=False timeout=False
2025-09-10 14:26:45,229 DEBUG sell-guard: sell window check: start=0935 end=1555 now=1426
2025-09-10 14:26:45,438 DEBUG sell-guard: ENPH stop calc: entry=39.06 bid=37.08 last=37.09 base=38.67 -> stop=37.07
2025-09-10 14:26:46,622 ERROR sell-guard: ENPH ARM HARD STOP failed: etrade POST /accounts/kW8LbkuGisPCK9Ey7C8iWA/orders/place.json -> 500: {'Error': {'code': 100, 'message': 'The requested service is not currently available, please try after sometime.'}}
2025-09-10 14:26:47,806 ERROR sell-guard: ENPH STOP MARKET fallback failed: etrade POST /accounts/kW8LbkuGisPCK9Ey7C8iWA/orders/place.json -> 500: {'Error': {'code': 100, 'message': 'The requested service is not currently available, please try after sometime.'}}
2025-09-10 14:26:50,768 WARNING sell-guard: available_to_sell failed for WBD: 400 Client Error: 400 for url: https://api.etrade.com/v1/accounts/kW8LbkuGisPCK9Ey7C8iWA/portfolio.json?instType=BROKERAGE
2025-09-10 14:26:50,771 INFO sell-guard: Skip WBD SELL: free=0 (reserved by open sell order)
2025-09-10 14:26:50,779 INFO sell-guard: ⏱ heartbeat: loop alive (account=kW8LbkuGisPCK9Ey7C8iWA)
2025-09-10 14:26:51,336 INFO sell-guard: positions via get_positions -> 21 symbol(s)
2025-09-10 14:26:51,336 INFO sell-guard: Managing 7 symbol(s): CVS,SWKS,PCG,NCLH,IVZ,ENPH,WBD
2025-09-10 14:26:56,757 INFO sell-guard: [SG] CVS: last=73.45 entry=70.96 pnl=+352 bps (tp=200 stop=100) hold=1518m lim=73.44 free=1 -> stop=False tp=True timeout=False
2025-09-10 14:26:56,758 DEBUG sell-guard: sell window check: start=0935 end=1555 now=1426
2025-09-10 14:26:56,763 ERROR sell-guard: loop error for CVS: cannot access local variable 'placed' where it is not associated with a value
2025-09-10 14:27:00,248 INFO sell-guard: [SG] SWKS: last=72.85 entry=76.23 pnl=-443 bps (tp=200 stop=100) hold=1507m lim=72.86 free=1 -> stop=True tp=False timeout=False
2025-09-10 14:27:00,250 DEBUG sell-guard: sell window check: start=0935 end=1555 now=1427
2025-09-10 14:27:00,439 DEBUG sell-guard: SWKS stop calc: entry=76.23 bid=72.85 last=72.86 base=75.47 -> stop=72.84
2025-09-10 14:27:01,650 ERROR sell-guard: SWKS ARM HARD STOP failed: etrade POST /accounts/kW8LbkuGisPCK9Ey7C8iWA/orders/place.json -> 500: {'Error': {'code': 100, 'message': 'The requested service is not currently available, please try after sometime.'}}
2025-09-10 14:27:02,710 ERROR sell-guard: SWKS STOP MARKET fallback failed: etrade POST /accounts/kW8LbkuGisPCK9Ey7C8iWA/orders/place.json -> 500: {'Error': {'code': 100, 'message': 'The requested service is not currently available, please try after sometime.'}}
2025-09-10 14:27:06,169 INFO sell-guard: [SG] PCG: last=15.37 entry=14.86 pnl=+340 bps (tp=200 stop=100) hold=1493m lim=15.36 free=1 -> stop=False tp=True timeout=False
2025-09-10 14:27:06,171 DEBUG sell-guard: sell window check: start=0935 end=1555 now=1427
2025-09-10 14:27:06,177 ERROR sell-guard: loop error for PCG: cannot access local variable 'placed' where it is not associated with a value
2025-09-10 14:27:09,749 INFO sell-guard: [SG] NCLH: last=25.00 entry=25.25 pnl=-96 bps (tp=200 stop=100) hold=1520m lim=25.00 free=3 -> stop=False tp=False timeout=False
2025-09-10 14:27:09,752 DEBUG sell-guard: sell window check: start=0935 end=1555 now=1427
2025-09-10 14:27:13,391 INFO sell-guard: [SG] IVZ: last=22.14 entry=22.35 pnl=-92 bps (tp=200 stop=100) hold=1540m lim=22.14 free=4 -> stop=False tp=False timeout=False
2025-09-10 14:27:13,392 DEBUG sell-guard: sell window check: start=0935 end=1555 now=1427
2025-09-10 14:27:17,173 INFO sell-guard: [SG] ENPH: last=37.09 entry=39.06 pnl=-504 bps (tp=200 stop=100) hold=1534m lim=37.08 free=2 -> stop=True tp=False timeout=False
2025-09-10 14:27:17,175 DEBUG sell-guard: sell window check: start=0935 end=1555 now=1427
2025-09-10 14:27:17,355 DEBUG sell-guard: ENPH stop calc: entry=39.06 bid=37.08 last=37.09 base=38.67 -> stop=37.07
2025-09-10 14:27:18,684 ERROR sell-guard: ENPH ARM HARD STOP failed: etrade POST /accounts/kW8LbkuGisPCK9Ey7C8iWA/orders/place.json -> 500: {'Error': {'code': 100, 'message': 'The requested service is not currently available, please try after sometime.'}}
2025-09-10 14:27:19,627 ERROR sell-guard: ENPH STOP MARKET fallback failed: etrade POST /accounts/kW8LbkuGisPCK9Ey7C8iWA/orders/place.json -> 500: {'Error': {'code': 100, 'message': 'The requested service is not currently available, please try after sometime.'}}
2025-09-10 14:27:24,074 INFO sell-guard: [SG] WBD: last=12.31 entry=12.21 pnl=+86 bps (tp=200 stop=100) hold=2781m lim=12.31 free=1 -> stop=False tp=False timeout=False
2025-09-10 14:27:24,075 DEBUG sell-guard: sell window check: start=0935 end=1555 now=1427
2025-09-10 14:27:24,076 INFO sell-guard: ⏱ heartbeat: loop alive (account=kW8LbkuGisPCK9Ey7C8iWA)
2025-09-10 14:27:24,621 INFO sell-guard: positions via get_positions -> 21 symbol(s)
2025-09-10 14:27:24,622 INFO sell-guard: Managing 7 symbol(s): CVS,SWKS,PCG,NCLH,IVZ,ENPH,WBD
2025-09-10 14:27:30,234 INFO sell-guard: [SG] CVS: last=73.46 entry=70.96 pnl=+352 bps (tp=200 stop=100) hold=1518m lim=73.45 free=1 -> stop=False tp=True timeout=False
2025-09-10 14:27:30,235 DEBUG sell-guard: sell window check: start=0935 end=1555 now=1427
2025-09-10 14:27:30,249 ERROR sell-guard: loop error for CVS: cannot access local variable 'placed' where it is not associated with a value
2025-09-10 14:27:34,149 INFO sell-guard: [SG] SWKS: last=72.81 entry=76.23 pnl=-449 bps (tp=200 stop=100) hold=1507m lim=72.79 free=1 -> stop=True tp=False timeout=False
2025-09-10 14:27:34,150 DEBUG sell-guard: sell window check: start=0935 end=1555 now=1427
2025-09-10 14:27:34,359 DEBUG sell-guard: SWKS stop calc: entry=76.23 bid=72.81 last=72.81 base=75.47 -> stop=72.80
2025-09-10 14:27:34,524 ERROR sell-guard: SWKS ARM HARD STOP failed: etrade POST /accounts/kW8LbkuGisPCK9Ey7C8iWA/orders/preview.json -> 400: {'Error': {'code': 2084, 'message': 'IMPORTANT: The stop price must be at least $0.01 below the current bid price for sell orders ($0.01 below the most recent closing price if the market is closed). Please adjust the stop price and resubmit your order.'}}
2025-09-10 14:27:35,910 ERROR sell-guard: SWKS STOP MARKET fallback failed: etrade POST /accounts/kW8LbkuGisPCK9Ey7C8iWA/orders/place.json -> 500: {'Error': {'code': 100, 'message': 'The requested service is not currently available, please try after sometime.'}}
2025-09-10 14:27:39,347 INFO sell-guard: [SG] PCG: last=15.37 entry=14.86 pnl=+343 bps (tp=200 stop=100) hold=1493m lim=15.36 free=1 -> stop=False tp=True timeout=False
2025-09-10 14:27:39,348 DEBUG sell-guard: sell window check: start=0935 end=1555 now=1427
2025-09-10 14:27:39,353 ERROR sell-guard: loop error for PCG: cannot access local variable 'placed' where it is not associated with a value
2025-09-10 14:27:42,699 INFO sell-guard: [SG] NCLH: last=25.02 entry=25.25 pnl=-92 bps (tp=200 stop=100) hold=1520m lim=25.01 free=3 -> stop=False tp=False timeout=False
2025-09-10 14:27:42,700 DEBUG sell-guard: sell window check: start=0935 end=1555 now=1427
2025-09-10 14:27:46,100 INFO sell-guard: [SG] IVZ: last=22.15 entry=22.35 pnl=-89 bps (tp=200 stop=100) hold=1541m lim=22.15 free=4 -> stop=False tp=False timeout=False
2025-09-10 14:27:46,101 DEBUG sell-guard: sell window check: start=0935 end=1555 now=1427
2025-09-10 14:27:49,449 INFO sell-guard: [SG] ENPH: last=37.08 entry=39.06 pnl=-507 bps (tp=200 stop=100) hold=1534m lim=37.06 free=2 -> stop=True tp=False timeout=False
2025-09-10 14:27:49,451 DEBUG sell-guard: sell window check: start=0935 end=1555 now=1427
2025-09-10 14:27:49,710 DEBUG sell-guard: ENPH stop calc: entry=39.06 bid=37.04 last=37.04 base=38.67 -> stop=37.03
2025-09-10 14:27:51,006 ERROR sell-guard: ENPH ARM HARD STOP failed: etrade POST /accounts/kW8LbkuGisPCK9Ey7C8iWA/orders/place.json -> 500: {'Error': {'code': 100, 'message': 'The requested service is not currently available, please try after sometime.'}}
2025-09-10 14:27:51,976 ERROR sell-guard: ENPH STOP MARKET fallback failed: etrade POST /accounts/kW8LbkuGisPCK9Ey7C8iWA/orders/place.json -> 500: {'Error': {'code': 100, 'message': 'The requested service is not currently available, please try after sometime.'}}
2025-09-10 14:27:55,395 INFO sell-guard: [SG] WBD: last=12.31 entry=12.21 pnl=+82 bps (tp=200 stop=100) hold=2782m lim=12.31 free=1 -> stop=False tp=False timeout=False
2025-09-10 14:27:55,396 DEBUG sell-guard: sell window check: start=0935 end=1555 now=1427
2025-09-10 14:27:55,398 INFO sell-guard: ⏱ heartbeat: loop alive (account=kW8LbkuGisPCK9Ey7C8iWA)
2025-09-10 14:27:56,111 INFO sell-guard: positions via get_positions -> 21 symbol(s)
2025-09-10 14:27:56,112 INFO sell-guard: Managing 7 symbol(s): CVS,SWKS,PCG,NCLH,IVZ,ENPH,WBD
2025-09-10 14:28:01,605 INFO sell-guard: [SG] CVS: last=73.46 entry=70.96 pnl=+352 bps (tp=200 stop=100) hold=1519m lim=73.46 free=1 -> stop=False tp=True timeout=False
2025-09-10 14:28:01,612 DEBUG sell-guard: sell window check: start=0935 end=1555 now=1428
2025-09-10 14:28:01,639 ERROR sell-guard: loop error for CVS: cannot access local variable 'placed' where it is not associated with a value
2025-09-10 14:28:05,300 INFO sell-guard: [SG] SWKS: last=72.81 entry=76.23 pnl=-449 bps (tp=200 stop=100) hold=1508m lim=72.84 free=1 -> stop=True tp=False timeout=False
2025-09-10 14:28:05,301 DEBUG sell-guard: sell window check: start=0935 end=1555 now=1428
2025-09-10 14:28:05,731 DEBUG sell-guard: SWKS stop calc: entry=76.23 bid=72.84 last=72.81 base=75.47 -> stop=72.83
2025-09-10 14:28:07,490 ERROR sell-guard: SWKS ARM HARD STOP failed: etrade POST /accounts/kW8LbkuGisPCK9Ey7C8iWA/orders/place.json -> 500: {'Error': {'code': 100, 'message': 'The requested service is not currently available, please try after sometime.'}}
2025-09-10 14:28:08,688 ERROR sell-guard: SWKS STOP MARKET fallback failed: etrade POST /accounts/kW8LbkuGisPCK9Ey7C8iWA/orders/place.json -> 500: {'Error': {'code': 100, 'message': 'The requested service is not currently available, please try after sometime.'}}
2025-09-10 14:28:12,255 INFO sell-guard: [SG] PCG: last=15.36 entry=14.86 pnl=+333 bps (tp=200 stop=100) hold=1494m lim=15.35 free=1 -> stop=False tp=True timeout=False
2025-09-10 14:28:12,256 DEBUG sell-guard: sell window check: start=0935 end=1555 now=1428
2025-09-10 14:28:12,261 ERROR sell-guard: loop error for PCG: cannot access local variable 'placed' where it is not associated with a value
2025-09-10 14:28:15,778 INFO sell-guard: [SG] NCLH: last=25.02 entry=25.25 pnl=-92 bps (tp=200 stop=100) hold=1521m lim=25.01 free=3 -> stop=False tp=False timeout=False
2025-09-10 14:28:15,779 DEBUG sell-guard: sell window check: start=0935 end=1555 now=1428
2025-09-10 14:28:19,468 INFO sell-guard: [SG] IVZ: last=22.16 entry=22.35 pnl=-87 bps (tp=200 stop=100) hold=1541m lim=22.15 free=4 -> stop=False tp=False timeout=False
2025-09-10 14:28:19,469 DEBUG sell-guard: sell window check: start=0935 end=1555 now=1428
2025-09-10 14:28:22,954 INFO sell-guard: [SG] ENPH: last=37.05 entry=39.06 pnl=-515 bps (tp=200 stop=100) hold=1535m lim=37.04 free=2 -> stop=True tp=False timeout=False
2025-09-10 14:28:22,955 DEBUG sell-guard: sell window check: start=0935 end=1555 now=1428
2025-09-10 14:28:23,125 DEBUG sell-guard: ENPH stop calc: entry=39.06 bid=37.07 last=37.08 base=38.67 -> stop=37.06
2025-09-10 14:28:24,292 ERROR sell-guard: ENPH ARM HARD STOP failed: etrade POST /accounts/kW8LbkuGisPCK9Ey7C8iWA/orders/place.json -> 500: {'Error': {'code': 100, 'message': 'The requested service is not currently available, please try after sometime.'}}
2025-09-10 14:28:25,191 ERROR sell-guard: ENPH STOP MARKET fallback failed: etrade POST /accounts/kW8LbkuGisPCK9Ey7C8iWA/orders/place.json -> 500: {'Error': {'code': 100, 'message': 'The requested service is not currently available, please try after sometime.'}}
2025-09-10 14:28:28,604 INFO sell-guard: [SG] WBD: last=12.32 entry=12.21 pnl=+86 bps (tp=200 stop=100) hold=2782m lim=12.31 free=1 -> stop=False tp=False timeout=False
2025-09-10 14:28:28,605 DEBUG sell-guard: sell window check: start=0935 end=1555 now=1428
2025-09-10 14:28:28,608 INFO sell-guard: ⏱ heartbeat: loop alive (account=kW8LbkuGisPCK9Ey7C8iWA)
2025-09-10 14:28:29,236 INFO sell-guard: positions via get_positions -> 21 symbol(s)
2025-09-10 14:28:29,250 INFO sell-guard: Managing 7 symbol(s): CVS,SWKS,PCG,NCLH,IVZ,ENPH,WBD
2025-09-10 14:28:34,814 INFO sell-guard: [SG] CVS: last=73.44 entry=70.96 pnl=+349 bps (tp=200 stop=100) hold=1519m lim=73.43 free=1 -> stop=False tp=True timeout=False
2025-09-10 14:28:34,815 DEBUG sell-guard: sell window check: start=0935 end=1555 now=1428
2025-09-10 14:28:34,818 ERROR sell-guard: loop error for CVS: cannot access local variable 'placed' where it is not associated with a value
2025-09-10 14:28:38,370 INFO sell-guard: [SG] SWKS: last=72.89 entry=76.23 pnl=-438 bps (tp=200 stop=100) hold=1508m lim=72.88 free=1 -> stop=True tp=False timeout=False
2025-09-10 14:28:38,372 DEBUG sell-guard: sell window check: start=0935 end=1555 now=1428
2025-09-10 14:28:38,611 DEBUG sell-guard: SWKS stop calc: entry=76.23 bid=72.88 last=72.89 base=75.47 -> stop=72.87
2025-09-10 14:28:39,080 ERROR sell-guard: SWKS ARM HARD STOP failed: etrade POST /accounts/kW8LbkuGisPCK9Ey7C8iWA/orders/preview.json -> 400: {'Error': {'code': 2084, 'message': 'IMPORTANT: The stop price must be at least $0.01 below the current bid price for sell orders ($0.01 below the most recent closing price if the market is closed). Please adjust the stop price and resubmit your order.'}}
2025-09-10 14:28:40,125 ERROR sell-guard: SWKS STOP MARKET fallback failed: etrade POST /accounts/kW8LbkuGisPCK9Ey7C8iWA/orders/place.json -> 500: {'Error': {'code': 100, 'message': 'The requested service is not currently available, please try after sometime.'}}
2025-09-10 14:28:43,688 INFO sell-guard: [SG] PCG: last=15.37 entry=14.86 pnl=+340 bps (tp=200 stop=100) hold=1495m lim=15.36 free=1 -> stop=False tp=True timeout=False
2025-09-10 14:28:43,689 DEBUG sell-guard: sell window check: start=0935 end=1555 now=1428
2025-09-10 14:28:43,692 ERROR sell-guard: loop error for PCG: cannot access local variable 'placed' where it is not associated with a value
2025-09-10 14:28:47,435 INFO sell-guard: [SG] NCLH: last=25.04 entry=25.25 pnl=-84 bps (tp=200 stop=100) hold=1521m lim=25.03 free=3 -> stop=False tp=False timeout=False
2025-09-10 14:28:47,437 DEBUG sell-guard: sell window check: start=0935 end=1555 now=1428
2025-09-10 14:28:51,725 INFO sell-guard: [SG] IVZ: last=22.16 entry=22.35 pnl=-83 bps (tp=200 stop=100) hold=1542m lim=22.16 free=4 -> stop=False tp=False timeout=False
2025-09-10 14:28:51,726 DEBUG sell-guard: sell window check: start=0935 end=1555 now=1428
2025-09-10 14:28:54,972 INFO sell-guard: [SG] ENPH: last=37.07 entry=39.06 pnl=-509 bps (tp=200 stop=100) hold=1535m lim=37.07 free=2 -> stop=True tp=False timeout=False
2025-09-10 14:28:54,973 DEBUG sell-guard: sell window check: start=0935 end=1555 now=1428
2025-09-10 14:28:55,141 DEBUG sell-guard: ENPH stop calc: entry=39.06 bid=37.07 last=37.08 base=38.67 -> stop=37.06
2025-09-10 14:28:56,434 ERROR sell-guard: ENPH ARM HARD STOP failed: etrade POST /accounts/kW8LbkuGisPCK9Ey7C8iWA/orders/place.json -> 500: {'Error': {'code': 100, 'message': 'The requested service is not currently available, please try after sometime.'}}
2025-09-10 14:28:57,568 ERROR sell-guard: ENPH STOP MARKET fallback failed: etrade POST /accounts/kW8LbkuGisPCK9Ey7C8iWA/orders/place.json -> 500: {'Error': {'code': 100, 'message': 'The requested service is not currently available, please try after sometime.'}}
2025-09-10 14:29:01,016 INFO sell-guard: [SG] WBD: last=12.32 entry=12.21 pnl=+90 bps (tp=200 stop=100) hold=2783m lim=12.31 free=1 -> stop=False tp=False timeout=False
2025-09-10 14:29:01,018 DEBUG sell-guard: sell window check: start=0935 end=1555 now=1429
2025-09-10 14:29:01,021 INFO sell-guard: ⏱ heartbeat: loop alive (account=kW8LbkuGisPCK9Ey7C8iWA)
2025-09-10 14:29:01,593 INFO sell-guard: positions via get_positions -> 21 symbol(s)
2025-09-10 14:29:01,593 INFO sell-guard: Managing 7 symbol(s): CVS,SWKS,PCG,NCLH,IVZ,ENPH,WBD
2025-09-10 14:29:08,046 INFO sell-guard: [SG] CVS: last=73.42 entry=70.96 pnl=+347 bps (tp=200 stop=100) hold=1520m lim=73.42 free=1 -> stop=False tp=True timeout=False
2025-09-10 14:29:08,047 DEBUG sell-guard: sell window check: start=0935 end=1555 now=1429
2025-09-10 14:29:08,052 ERROR sell-guard: loop error for CVS: cannot access local variable 'placed' where it is not associated with a value
2025-09-10 14:29:11,766 INFO sell-guard: [SG] SWKS: last=72.91 entry=76.23 pnl=-436 bps (tp=200 stop=100) hold=1509m lim=72.91 free=1 -> stop=True tp=False timeout=False
2025-09-10 14:29:11,769 DEBUG sell-guard: sell window check: start=0935 end=1555 now=1429
2025-09-10 14:29:12,228 DEBUG sell-guard: SWKS stop calc: entry=76.23 bid=72.92 last=72.925 base=75.47 -> stop=72.91
2025-09-10 14:29:13,088 ERROR sell-guard: SWKS ARM HARD STOP failed: etrade POST /accounts/kW8LbkuGisPCK9Ey7C8iWA/orders/preview.json -> 400: {'Error': {'code': 2084, 'message': 'IMPORTANT: The stop price must be at least $0.01 below the current bid price for sell orders ($0.01 below the most recent closing price if the market is closed). Please adjust the stop price and resubmit your order.'}}
2025-09-10 14:29:14,296 ERROR sell-guard: SWKS STOP MARKET fallback failed: etrade POST /accounts/kW8LbkuGisPCK9Ey7C8iWA/orders/place.json -> 500: {'Error': {'code': 100, 'message': 'The requested service is not currently available, please try after sometime.'}}
2025-09-10 14:29:17,683 INFO sell-guard: [SG] PCG: last=15.37 entry=14.86 pnl=+340 bps (tp=200 stop=100) hold=1495m lim=15.36 free=1 -> stop=False tp=True timeout=False
2025-09-10 14:29:17,684 DEBUG sell-guard: sell window check: start=0935 end=1555 now=1429
2025-09-10 14:29:17,690 ERROR sell-guard: loop error for PCG: cannot access local variable 'placed' where it is not associated with a value
2025-09-10 14:29:21,499 INFO sell-guard: [SG] NCLH: last=25.04 entry=25.25 pnl=-84 bps (tp=200 stop=100) hold=1522m lim=25.03 free=3 -> stop=False tp=False timeout=False
2025-09-10 14:29:21,500 DEBUG sell-guard: sell window check: start=0935 end=1555 now=1429
2025-09-10 14:29:25,110 INFO sell-guard: [SG] IVZ: last=22.17 entry=22.35 pnl=-81 bps (tp=200 stop=100) hold=1543m lim=22.17 free=4 -> stop=False tp=False timeout=False
2025-09-10 14:29:25,111 DEBUG sell-guard: sell window check: start=0935 end=1555 now=1429
2025-09-10 14:29:28,547 INFO sell-guard: [SG] ENPH: last=37.08 entry=39.06 pnl=-507 bps (tp=200 stop=100) hold=1536m lim=37.07 free=2 -> stop=True tp=False timeout=False
2025-09-10 14:29:28,549 DEBUG sell-guard: sell window check: start=0935 end=1555 now=1429
2025-09-10 14:29:28,721 DEBUG sell-guard: ENPH stop calc: entry=39.06 bid=37.1 last=37.1 base=38.67 -> stop=37.09
2025-09-10 14:29:30,517 ERROR sell-guard: ENPH ARM HARD STOP failed: etrade POST /accounts/kW8LbkuGisPCK9Ey7C8iWA/orders/place.json -> 500: {'Error': {'code': 100, 'message': 'The requested service is not currently available, please try after sometime.'}}
2025-09-10 14:29:31,887 ERROR sell-guard: ENPH STOP MARKET fallback failed: etrade POST /accounts/kW8LbkuGisPCK9Ey7C8iWA/orders/place.json -> 500: {'Error': {'code': 100, 'message': 'The requested service is not currently available, please try after sometime.'}}
2025-09-10 14:29:35,260 INFO sell-guard: [SG] WBD: last=12.34 entry=12.21 pnl=+102 bps (tp=200 stop=100) hold=2783m lim=12.33 free=1 -> stop=False tp=False timeout=False
2025-09-10 14:29:35,262 DEBUG sell-guard: sell window check: start=0935 end=1555 now=1429
2025-09-10 14:29:35,266 INFO sell-guard: ⏱ heartbeat: loop alive (account=kW8LbkuGisPCK9Ey7C8iWA)
2025-09-10 14:29:35,844 INFO sell-guard: positions via get_positions -> 21 symbol(s)
2025-09-10 14:29:35,848 INFO sell-guard: Managing 7 symbol(s): CVS,SWKS,PCG,NCLH,IVZ,ENPH,WBD
2025-09-10 14:29:40,886 WARNING sell-guard: available_to_sell failed for CVS: 400 Client Error: 400 for url: https://api.etrade.com/v1/accounts/kW8LbkuGisPCK9Ey7C8iWA/portfolio.json?instType=BROKERAGE
2025-09-10 14:29:40,886 INFO sell-guard: Skip CVS SELL: free=0 (reserved by open sell order)
2025-09-10 14:29:44,919 INFO sell-guard: [SG] SWKS: last=72.94 entry=76.23 pnl=-432 bps (tp=200 stop=100) hold=1509m lim=72.99 free=1 -> stop=True tp=False timeout=False
2025-09-10 14:29:44,920 DEBUG sell-guard: sell window check: start=0935 end=1555 now=1429
2025-09-10 14:29:45,306 DEBUG sell-guard: SWKS stop calc: entry=76.23 bid=72.97 last=72.99 base=75.47 -> stop=72.96
2025-09-10 14:29:46,702 ERROR sell-guard: SWKS ARM HARD STOP failed: etrade POST /accounts/kW8LbkuGisPCK9Ey7C8iWA/orders/place.json -> 500: {'Error': {'code': 100, 'message': 'The requested service is not currently available, please try after sometime.'}}
2025-09-10 14:29:48,005 ERROR sell-guard: SWKS STOP MARKET fallback failed: etrade POST /accounts/kW8LbkuGisPCK9Ey7C8iWA/orders/place.json -> 500: {'Error': {'code': 100, 'message': 'The requested service is not currently available, please try after sometime.'}}
2025-09-10 14:29:51,664 INFO sell-guard: [SG] PCG: last=15.37 entry=14.86 pnl=+340 bps (tp=200 stop=100) hold=1496m lim=15.36 free=1 -> stop=False tp=True timeout=False
2025-09-10 14:29:51,665 DEBUG sell-guard: sell window check: start=0935 end=1555 now=1429
2025-09-10 14:29:51,669 ERROR sell-guard: loop error for PCG: cannot access local variable 'placed' where it is not associated with a value
2025-09-10 14:29:55,257 INFO sell-guard: [SG] NCLH: last=25.04 entry=25.25 pnl=-83 bps (tp=200 stop=100) hold=1522m lim=25.04 free=3 -> stop=False tp=False timeout=False
2025-09-10 14:29:55,272 DEBUG sell-guard: sell window check: start=0935 end=1555 now=1429
2025-09-10 14:29:58,967 INFO sell-guard: [SG] IVZ: last=22.18 entry=22.35 pnl=-78 bps (tp=200 stop=100) hold=1543m lim=22.17 free=4 -> stop=False tp=False timeout=False
2025-09-10 14:29:58,968 DEBUG sell-guard: sell window check: start=0935 end=1555 now=1429
2025-09-10 14:30:02,608 INFO sell-guard: [SG] ENPH: last=37.10 entry=39.06 pnl=-502 bps (tp=200 stop=100) hold=1537m lim=37.10 free=2 -> stop=True tp=False timeout=False
2025-09-10 14:30:02,609 DEBUG sell-guard: sell window check: start=0935 end=1555 now=1430
2025-09-10 14:30:02,845 DEBUG sell-guard: ENPH stop calc: entry=39.06 bid=37.1 last=37.11 base=38.67 -> stop=37.09
2025-09-10 14:30:03,969 ERROR sell-guard: ENPH ARM HARD STOP failed: etrade POST /accounts/kW8LbkuGisPCK9Ey7C8iWA/orders/place.json -> 500: {'Error': {'code': 100, 'message': 'The requested service is not currently available, please try after sometime.'}}
2025-09-10 14:30:05,243 ERROR sell-guard: ENPH STOP MARKET fallback failed: etrade POST /accounts/kW8LbkuGisPCK9Ey7C8iWA/orders/place.json -> 500: {'Error': {'code': 100, 'message': 'The requested service is not currently available, please try after sometime.'}}
2025-09-10 14:30:08,740 INFO sell-guard: [SG] WBD: last=12.34 entry=12.21 pnl=+102 bps (tp=200 stop=100) hold=2784m lim=12.33 free=1 -> stop=False tp=False timeout=False
2025-09-10 14:30:08,741 DEBUG sell-guard: sell window check: start=0935 end=1555 now=1430
2025-09-10 14:30:08,743 INFO sell-guard: ⏱ heartbeat: loop alive (account=kW8LbkuGisPCK9Ey7C8iWA)
2025-09-10 14:30:09,358 INFO sell-guard: positions via get_positions -> 21 symbol(s)
2025-09-10 14:30:09,360 INFO sell-guard: Managing 7 symbol(s): CVS,SWKS,PCG,NCLH,IVZ,ENPH,WBD
2025-09-10 14:30:15,425 INFO sell-guard: [SG] CVS: last=73.45 entry=70.96 pnl=+351 bps (tp=200 stop=100) hold=1521m lim=73.43 free=1 -> stop=False tp=True timeout=False
2025-09-10 14:30:15,427 DEBUG sell-guard: sell window check: start=0935 end=1555 now=1430
2025-09-10 14:30:15,437 ERROR sell-guard: loop error for CVS: cannot access local variable 'placed' where it is not associated with a value
2025-09-10 14:30:18,994 INFO sell-guard: [SG] SWKS: last=72.99 entry=76.23 pnl=-425 bps (tp=200 stop=100) hold=1510m lim=72.97 free=1 -> stop=True tp=False timeout=False
2025-09-10 14:30:18,995 DEBUG sell-guard: sell window check: start=0935 end=1555 now=1430
2025-09-10 14:30:19,248 DEBUG sell-guard: SWKS stop calc: entry=76.23 bid=72.99 last=73.005 base=75.47 -> stop=72.98
2025-09-10 14:30:19,423 ERROR sell-guard: SWKS ARM HARD STOP failed: etrade POST /accounts/kW8LbkuGisPCK9Ey7C8iWA/orders/preview.json -> 400: {'Error': {'code': 2084, 'message': 'IMPORTANT: The stop price must be at least $0.01 below the current bid price for sell orders ($0.01 below the most recent closing price if the market is closed). Please adjust the stop price and resubmit your order.'}}
2025-09-10 14:30:20,667 ERROR sell-guard: SWKS STOP MARKET fallback failed: etrade POST /accounts/kW8LbkuGisPCK9Ey7C8iWA/orders/place.json -> 500: {'Error': {'code': 100, 'message': 'The requested service is not currently available, please try after sometime.'}}
2025-09-10 14:30:24,162 INFO sell-guard: [SG] PCG: last=15.36 entry=14.86 pnl=+333 bps (tp=200 stop=100) hold=1496m lim=15.35 free=1 -> stop=False tp=True timeout=False
2025-09-10 14:30:24,169 DEBUG sell-guard: sell window check: start=0935 end=1555 now=1430
2025-09-10 14:30:24,305 ERROR sell-guard: loop error for PCG: cannot access local variable 'placed' where it is not associated with a value
2025-09-10 14:30:28,142 INFO sell-guard: [SG] NCLH: last=25.05 entry=25.25 pnl=-81 bps (tp=200 stop=100) hold=1523m lim=25.04 free=3 -> stop=False tp=False timeout=False
2025-09-10 14:30:28,143 DEBUG sell-guard: sell window check: start=0935 end=1555 now=1430
2025-09-10 14:30:31,439 INFO sell-guard: [SG] IVZ: last=22.18 entry=22.35 pnl=-77 bps (tp=200 stop=100) hold=1544m lim=22.17 free=4 -> stop=False tp=False timeout=False
2025-09-10 14:30:31,440 DEBUG sell-guard: sell window check: start=0935 end=1555 now=1430
2025-09-10 14:30:35,182 INFO sell-guard: [SG] ENPH: last=37.11 entry=39.06 pnl=-499 bps (tp=200 stop=100) hold=1537m lim=37.10 free=2 -> stop=True tp=False timeout=False
2025-09-10 14:30:35,183 DEBUG sell-guard: sell window check: start=0935 end=1555 now=1430
2025-09-10 14:30:35,487 DEBUG sell-guard: ENPH stop calc: entry=39.06 bid=37.1 last=37.105 base=38.67 -> stop=37.09
2025-09-10 14:30:36,289 ERROR sell-guard: ENPH ARM HARD STOP failed: etrade POST /accounts/kW8LbkuGisPCK9Ey7C8iWA/orders/preview.json -> 400: {'Error': {'code': 2084, 'message': 'IMPORTANT: The stop price must be at least $0.01 below the current bid price for sell orders ($0.01 below the most recent closing price if the market is closed). Please adjust the stop price and resubmit your order.'}}
2025-09-10 14:30:37,345 ERROR sell-guard: ENPH STOP MARKET fallback failed: etrade POST /accounts/kW8LbkuGisPCK9Ey7C8iWA/orders/place.json -> 500: {'Error': {'code': 100, 'message': 'The requested service is not currently available, please try after sometime.'}}
2025-09-10 14:30:41,745 INFO sell-guard: [SG] WBD: last=12.33 entry=12.21 pnl=+98 bps (tp=200 stop=100) hold=2784m lim=12.33 free=1 -> stop=False tp=False timeout=False
2025-09-10 14:30:41,756 DEBUG sell-guard: sell window check: start=0935 end=1555 now=1430
2025-09-10 14:30:41,764 INFO sell-guard: ⏱ heartbeat: loop alive (account=kW8LbkuGisPCK9Ey7C8iWA)
2025-09-10 14:30:42,266 INFO sell-guard: positions via get_positions -> 21 symbol(s)
2025-09-10 14:30:42,267 INFO sell-guard: Managing 7 symbol(s): CVS,SWKS,PCG,NCLH,IVZ,ENPH,WBD
2025-09-10 14:30:47,946 INFO sell-guard: [SG] CVS: last=73.43 entry=70.96 pnl=+348 bps (tp=200 stop=100) hold=1521m lim=73.42 free=1 -> stop=False tp=True timeout=False
2025-09-10 14:30:47,947 DEBUG sell-guard: sell window check: start=0935 end=1555 now=1430
2025-09-10 14:30:47,951 ERROR sell-guard: loop error for CVS: cannot access local variable 'placed' where it is not associated with a value
2025-09-10 14:30:51,299 INFO sell-guard: [SG] SWKS: last=73.00 entry=76.23 pnl=-424 bps (tp=200 stop=100) hold=1510m lim=72.99 free=1 -> stop=True tp=False timeout=False
2025-09-10 14:30:51,300 DEBUG sell-guard: sell window check: start=0935 end=1555 now=1430
2025-09-10 14:30:51,495 DEBUG sell-guard: SWKS stop calc: entry=76.23 bid=72.99 last=73.005 base=75.47 -> stop=72.98
2025-09-10 14:30:52,274 ERROR sell-guard: SWKS ARM HARD STOP failed: etrade POST /accounts/kW8LbkuGisPCK9Ey7C8iWA/orders/place.json -> 500: {'Error': {'code': 100, 'message': 'The requested service is not currently available, please try after sometime.'}}
2025-09-10 14:30:53,317 ERROR sell-guard: SWKS STOP MARKET fallback failed: etrade POST /accounts/kW8LbkuGisPCK9Ey7C8iWA/orders/place.json -> 500: {'Error': {'code': 100, 'message': 'The requested service is not currently available, please try after sometime.'}}
2025-09-10 14:30:57,005 INFO sell-guard: [SG] PCG: last=15.35 entry=14.86 pnl=+330 bps (tp=200 stop=100) hold=1497m lim=15.34 free=1 -> stop=False tp=True timeout=False
2025-09-10 14:30:57,006 DEBUG sell-guard: sell window check: start=0935 end=1555 now=1430
2025-09-10 14:30:57,010 ERROR sell-guard: loop error for PCG: cannot access local variable 'placed' where it is not associated with a value
2025-09-10 14:31:00,110 INFO sell-guard: [SG] NCLH: last=25.04 entry=25.25 pnl=-81 bps (tp=200 stop=100) hold=1523m lim=25.04 free=3 -> stop=False tp=False timeout=False
2025-09-10 14:31:00,111 DEBUG sell-guard: sell window check: start=0935 end=1555 now=1431
2025-09-10 14:31:03,637 INFO sell-guard: [SG] IVZ: last=22.18 entry=22.35 pnl=-78 bps (tp=200 stop=100) hold=1544m lim=22.17 free=4 -> stop=False tp=False timeout=False
2025-09-10 14:31:03,638 DEBUG sell-guard: sell window check: start=0935 end=1555 now=1431
2025-09-10 14:31:07,386 INFO sell-guard: [SG] ENPH: last=37.11 entry=39.06 pnl=-499 bps (tp=200 stop=100) hold=1538m lim=37.10 free=2 -> stop=True tp=False timeout=False
2025-09-10 14:31:07,387 DEBUG sell-guard: sell window check: start=0935 end=1555 now=1431
2025-09-10 14:31:07,683 DEBUG sell-guard: ENPH stop calc: entry=39.06 bid=37.13 last=37.14 base=38.67 -> stop=37.12
2025-09-10 14:31:08,750 ERROR sell-guard: ENPH ARM HARD STOP failed: etrade POST /accounts/kW8LbkuGisPCK9Ey7C8iWA/orders/place.json -> 500: {'Error': {'code': 100, 'message': 'The requested service is not currently available, please try after sometime.'}}
2025-09-10 14:31:10,140 ERROR sell-guard: ENPH STOP MARKET fallback failed: etrade POST /accounts/kW8LbkuGisPCK9Ey7C8iWA/orders/place.json -> 500: {'Error': {'code': 100, 'message': 'The requested service is not currently available, please try after sometime.'}}
2025-09-10 14:31:13,549 INFO sell-guard: [SG] WBD: last=12.34 entry=12.21 pnl=+102 bps (tp=200 stop=100) hold=2785m lim=12.33 free=1 -> stop=False tp=False timeout=False
2025-09-10 14:31:13,550 DEBUG sell-guard: sell window check: start=0935 end=1555 now=1431
2025-09-10 14:31:13,554 INFO sell-guard: ⏱ heartbeat: loop alive (account=kW8LbkuGisPCK9Ey7C8iWA)
2025-09-10 14:31:14,111 INFO sell-guard: positions via get_positions -> 21 symbol(s)
2025-09-10 14:31:14,112 INFO sell-guard: Managing 7 symbol(s): CVS,SWKS,PCG,NCLH,IVZ,ENPH,WBD
2025-09-10 14:31:19,727 INFO sell-guard: [SG] CVS: last=73.44 entry=70.96 pnl=+350 bps (tp=200 stop=100) hold=1522m lim=73.44 free=1 -> stop=False tp=True timeout=False
2025-09-10 14:31:19,728 DEBUG sell-guard: sell window check: start=0935 end=1555 now=1431
2025-09-10 14:31:19,736 ERROR sell-guard: loop error for CVS: cannot access local variable 'placed' where it is not associated with a value
2025-09-10 14:31:23,554 INFO sell-guard: [SG] SWKS: last=73.02 entry=76.23 pnl=-421 bps (tp=200 stop=100) hold=1511m lim=73.02 free=1 -> stop=True tp=False timeout=False
2025-09-10 14:31:23,556 DEBUG sell-guard: sell window check: start=0935 end=1555 now=1431
2025-09-10 14:31:23,731 DEBUG sell-guard: SWKS stop calc: entry=76.23 bid=73.03 last=73.02 base=75.47 -> stop=73.02
2025-09-10 14:31:24,252 ERROR sell-guard: SWKS ARM HARD STOP failed: etrade POST /accounts/kW8LbkuGisPCK9Ey7C8iWA/orders/preview.json -> 400: {'Error': {'code': 2084, 'message': 'IMPORTANT: The stop price must be at least $0.01 below the current bid price for sell orders ($0.01 below the most recent closing price if the market is closed). Please adjust the stop price and resubmit your order.'}}
2025-09-10 14:31:25,937 ERROR sell-guard: SWKS STOP MARKET fallback failed: etrade POST /accounts/kW8LbkuGisPCK9Ey7C8iWA/orders/place.json -> 500: {'Error': {'code': 100, 'message': 'The requested service is not currently available, please try after sometime.'}}
2025-09-10 14:31:29,808 INFO sell-guard: [SG] PCG: last=15.34 entry=14.86 pnl=+320 bps (tp=200 stop=100) hold=1497m lim=15.33 free=1 -> stop=False tp=True timeout=False
2025-09-10 14:31:29,809 DEBUG sell-guard: sell window check: start=0935 end=1555 now=1431
2025-09-10 14:31:29,813 ERROR sell-guard: loop error for PCG: cannot access local variable 'placed' where it is not associated with a value
2025-09-10 14:31:33,092 INFO sell-guard: [SG] NCLH: last=25.04 entry=25.25 pnl=-83 bps (tp=200 stop=100) hold=1524m lim=25.04 free=3 -> stop=False tp=False timeout=False
2025-09-10 14:31:33,094 DEBUG sell-guard: sell window check: start=0935 end=1555 now=1431
2025-09-10 14:31:36,357 INFO sell-guard: [SG] IVZ: last=22.18 entry=22.35 pnl=-74 bps (tp=200 stop=100) hold=1545m lim=22.18 free=4 -> stop=False tp=False timeout=False
2025-09-10 14:31:36,358 DEBUG sell-guard: sell window check: start=0935 end=1555 now=1431
2025-09-10 14:31:39,888 INFO sell-guard: [SG] ENPH: last=37.16 entry=39.06 pnl=-486 bps (tp=200 stop=100) hold=1538m lim=37.15 free=2 -> stop=True tp=False timeout=False
2025-09-10 14:31:39,891 DEBUG sell-guard: sell window check: start=0935 end=1555 now=1431
2025-09-10 14:31:40,166 DEBUG sell-guard: ENPH stop calc: entry=39.06 bid=37.16 last=37.18 base=38.67 -> stop=37.15
2025-09-10 14:31:42,164 ERROR sell-guard: ENPH ARM HARD STOP failed: etrade POST /accounts/kW8LbkuGisPCK9Ey7C8iWA/orders/place.json -> 500: {'Error': {'code': 100, 'message': 'The requested service is not currently available, please try after sometime.'}}
2025-09-10 14:31:43,495 ERROR sell-guard: ENPH STOP MARKET fallback failed: etrade POST /accounts/kW8LbkuGisPCK9Ey7C8iWA/orders/place.json -> 500: {'Error': {'code': 100, 'message': 'The requested service is not currently available, please try after sometime.'}}
2025-09-10 14:31:46,928 INFO sell-guard: [SG] WBD: last=12.34 entry=12.21 pnl=+102 bps (tp=200 stop=100) hold=2785m lim=12.33 free=1 -> stop=False tp=False timeout=False
2025-09-10 14:31:46,930 DEBUG sell-guard: sell window check: start=0935 end=1555 now=1431
2025-09-10 14:31:46,933 INFO sell-guard: ⏱ heartbeat: loop alive (account=kW8LbkuGisPCK9Ey7C8iWA)
2025-09-10 14:31:47,543 INFO sell-guard: positions via get_positions -> 21 symbol(s)
2025-09-10 14:31:47,560 INFO sell-guard: Managing 7 symbol(s): CVS,SWKS,PCG,NCLH,IVZ,ENPH,WBD
2025-09-10 14:31:52,918 INFO sell-guard: [SG] CVS: last=73.43 entry=70.96 pnl=+348 bps (tp=200 stop=100) hold=1523m lim=73.42 free=1 -> stop=False tp=True timeout=False
2025-09-10 14:31:52,940 DEBUG sell-guard: sell window check: start=0935 end=1555 now=1431
2025-09-10 14:31:52,979 ERROR sell-guard: loop error for CVS: cannot access local variable 'placed' where it is not associated with a value
2025-09-10 14:31:56,379 INFO sell-guard: [SG] SWKS: last=73.02 entry=76.23 pnl=-421 bps (tp=200 stop=100) hold=1512m lim=73.05 free=1 -> stop=True tp=False timeout=False
2025-09-10 14:31:56,380 DEBUG sell-guard: sell window check: start=0935 end=1555 now=1431
2025-09-10 14:31:56,593 DEBUG sell-guard: SWKS stop calc: entry=76.23 bid=73.03 last=73.035 base=75.47 -> stop=73.02
2025-09-10 14:31:57,401 ERROR sell-guard: SWKS ARM HARD STOP failed: etrade POST /accounts/kW8LbkuGisPCK9Ey7C8iWA/orders/place.json -> 500: {'Error': {'code': 100, 'message': 'The requested service is not currently available, please try after sometime.'}}
2025-09-10 14:31:58,654 ERROR sell-guard: SWKS STOP MARKET fallback failed: etrade POST /accounts/kW8LbkuGisPCK9Ey7C8iWA/orders/place.json -> 500: {'Error': {'code': 100, 'message': 'The requested service is not currently available, please try after sometime.'}}
2025-09-10 14:32:02,102 INFO sell-guard: [SG] PCG: last=15.32 entry=14.86 pnl=+313 bps (tp=200 stop=100) hold=1498m lim=15.32 free=1 -> stop=False tp=True timeout=False
2025-09-10 14:32:02,103 DEBUG sell-guard: sell window check: start=0935 end=1555 now=1432
2025-09-10 14:32:02,109 ERROR sell-guard: loop error for PCG: cannot access local variable 'placed' where it is not associated with a value
2025-09-10 14:32:05,405 INFO sell-guard: [SG] NCLH: last=25.05 entry=25.25 pnl=-81 bps (tp=200 stop=100) hold=1525m lim=25.04 free=3 -> stop=False tp=False timeout=False
2025-09-10 14:32:05,406 DEBUG sell-guard: sell window check: start=0935 end=1555 now=1432
2025-09-10 14:32:09,736 INFO sell-guard: [SG] IVZ: last=22.18 entry=22.35 pnl=-74 bps (tp=200 stop=100) hold=1725m lim=22.18 free=4 -> stop=False tp=False timeout=False
2025-09-10 14:32:09,737 DEBUG sell-guard: sell window check: start=0935 end=1555 now=1432
2025-09-10 14:32:13,425 INFO sell-guard: [SG] ENPH: last=37.19 entry=39.06 pnl=-479 bps (tp=200 stop=100) hold=1539m lim=37.18 free=2 -> stop=True tp=False timeout=False
2025-09-10 14:32:13,426 DEBUG sell-guard: sell window check: start=0935 end=1555 now=1432
2025-09-10 14:32:13,589 DEBUG sell-guard: ENPH stop calc: entry=39.06 bid=37.17 last=37.18 base=38.67 -> stop=37.16
2025-09-10 14:32:15,183 ERROR sell-guard: ENPH ARM HARD STOP failed: etrade POST /accounts/kW8LbkuGisPCK9Ey7C8iWA/orders/place.json -> 500: {'Error': {'code': 100, 'message': 'The requested service is not currently available, please try after sometime.'}}
2025-09-10 14:32:16,276 ERROR sell-guard: ENPH STOP MARKET fallback failed: etrade POST /accounts/kW8LbkuGisPCK9Ey7C8iWA/orders/place.json -> 500: {'Error': {'code': 100, 'message': 'The requested service is not currently available, please try after sometime.'}}
2025-09-10 14:32:19,629 INFO sell-guard: [SG] WBD: last=12.34 entry=12.21 pnl=+102 bps (tp=200 stop=100) hold=2786m lim=12.33 free=1 -> stop=False tp=False timeout=False
2025-09-10 14:32:19,630 DEBUG sell-guard: sell window check: start=0935 end=1555 now=1432
2025-09-10 14:32:19,634 INFO sell-guard: ⏱ heartbeat: loop alive (account=kW8LbkuGisPCK9Ey7C8iWA)
2025-09-10 14:32:20,179 INFO sell-guard: positions via get_positions -> 21 symbol(s)
2025-09-10 14:32:20,181 INFO sell-guard: Managing 7 symbol(s): CVS,SWKS,PCG,NCLH,IVZ,ENPH,WBD
2025-09-10 14:32:25,705 INFO sell-guard: [SG] CVS: last=73.42 entry=70.96 pnl=+347 bps (tp=200 stop=100) hold=1523m lim=73.42 free=1 -> stop=False tp=True timeout=False
2025-09-10 14:32:25,706 DEBUG sell-guard: sell window check: start=0935 end=1555 now=1432
2025-09-10 14:32:25,710 ERROR sell-guard: loop error for CVS: cannot access local variable 'placed' where it is not associated with a value
2025-09-10 14:32:28,924 INFO sell-guard: [SG] SWKS: last=73.04 entry=76.23 pnl=-418 bps (tp=200 stop=100) hold=1512m lim=73.06 free=1 -> stop=True tp=False timeout=False
2025-09-10 14:32:28,926 DEBUG sell-guard: sell window check: start=0935 end=1555 now=1432
2025-09-10 14:32:29,265 DEBUG sell-guard: SWKS stop calc: entry=76.23 bid=73.05 last=73.04 base=75.47 -> stop=73.04
2025-09-10 14:32:29,416 ERROR sell-guard: SWKS ARM HARD STOP failed: etrade POST /accounts/kW8LbkuGisPCK9Ey7C8iWA/orders/preview.json -> 400: {'Error': {'code': 2084, 'message': 'IMPORTANT: The stop price must be at least $0.01 below the current bid price for sell orders ($0.01 below the most recent closing price if the market is closed). Please adjust the stop price and resubmit your order.'}}
2025-09-10 14:32:30,508 ERROR sell-guard: SWKS STOP MARKET fallback failed: etrade POST /accounts/kW8LbkuGisPCK9Ey7C8iWA/orders/place.json -> 500: {'Error': {'code': 100, 'message': 'The requested service is not currently available, please try after sometime.'}}
2025-09-10 14:32:34,072 INFO sell-guard: [SG] PCG: last=15.31 entry=14.86 pnl=+306 bps (tp=200 stop=100) hold=1498m lim=15.31 free=1 -> stop=False tp=True timeout=False
2025-09-10 14:32:34,073 DEBUG sell-guard: sell window check: start=0935 end=1555 now=1432
2025-09-10 14:32:34,078 ERROR sell-guard: loop error for PCG: cannot access local variable 'placed' where it is not associated with a value
2025-09-10 14:32:37,589 INFO sell-guard: [SG] NCLH: last=25.03 entry=25.25 pnl=-86 bps (tp=200 stop=100) hold=1525m lim=25.03 free=3 -> stop=False tp=False timeout=False
2025-09-10 14:32:37,590 DEBUG sell-guard: sell window check: start=0935 end=1555 now=1432
2025-09-10 14:32:40,867 INFO sell-guard: [SG] IVZ: last=22.18 entry=22.35 pnl=-74 bps (tp=200 stop=100) hold=1546m lim=22.18 free=4 -> stop=False tp=False timeout=False
2025-09-10 14:32:40,891 DEBUG sell-guard: sell window check: start=0935 end=1555 now=1432
2025-09-10 14:32:44,630 INFO sell-guard: [SG] ENPH: last=37.18 entry=39.06 pnl=-481 bps (tp=200 stop=100) hold=1539m lim=37.17 free=2 -> stop=True tp=False timeout=False
2025-09-10 14:32:44,631 DEBUG sell-guard: sell window check: start=0935 end=1555 now=1432
2025-09-10 14:32:44,812 DEBUG sell-guard: ENPH stop calc: entry=39.06 bid=37.16 last=37.17 base=38.67 -> stop=37.15
2025-09-10 14:32:45,911 ERROR sell-guard: ENPH ARM HARD STOP failed: etrade POST /accounts/kW8LbkuGisPCK9Ey7C8iWA/orders/place.json -> 500: {'Error': {'code': 100, 'message': 'The requested service is not currently available, please try after sometime.'}}
2025-09-10 14:32:46,997 ERROR sell-guard: ENPH STOP MARKET fallback failed: etrade POST /accounts/kW8LbkuGisPCK9Ey7C8iWA/orders/place.json -> 500: {'Error': {'code': 100, 'message': 'The requested service is not currently available, please try after sometime.'}}
2025-09-10 14:32:50,859 INFO sell-guard: [SG] WBD: last=12.34 entry=12.21 pnl=+102 bps (tp=200 stop=100) hold=2786m lim=12.33 free=1 -> stop=False tp=False timeout=False
2025-09-10 14:32:50,860 DEBUG sell-guard: sell window check: start=0935 end=1555 now=1432
2025-09-10 14:32:50,863 INFO sell-guard: ⏱ heartbeat: loop alive (account=kW8LbkuGisPCK9Ey7C8iWA)
2025-09-10 14:32:51,350 INFO sell-guard: positions via get_positions -> 21 symbol(s)
2025-09-10 14:32:51,351 INFO sell-guard: Managing 7 symbol(s): CVS,SWKS,PCG,NCLH,IVZ,ENPH,WBD
2025-09-10 14:32:57,362 INFO sell-guard: [SG] CVS: last=73.42 entry=70.96 pnl=+347 bps (tp=200 stop=100) hold=1524m lim=73.42 free=1 -> stop=False tp=True timeout=False
2025-09-10 14:32:57,363 DEBUG sell-guard: sell window check: start=0935 end=1555 now=1432
2025-09-10 14:32:57,373 ERROR sell-guard: loop error for CVS: cannot access local variable 'placed' where it is not associated with a value
2025-09-10 14:33:00,941 INFO sell-guard: [SG] SWKS: last=73.04 entry=76.23 pnl=-418 bps (tp=200 stop=100) hold=1513m lim=73.05 free=1 -> stop=True tp=False timeout=False
2025-09-10 14:33:00,942 DEBUG sell-guard: sell window check: start=0935 end=1555 now=1433
2025-09-10 14:33:01,379 DEBUG sell-guard: SWKS stop calc: entry=76.23 bid=73.07 last=73.08 base=75.47 -> stop=73.06
2025-09-10 14:33:02,072 ERROR sell-guard: SWKS ARM HARD STOP failed: etrade POST /accounts/kW8LbkuGisPCK9Ey7C8iWA/orders/preview.json -> 400: {'Error': {'code': 2084, 'message': 'IMPORTANT: The stop price must be at least $0.01 below the current bid price for sell orders ($0.01 below the most recent closing price if the market is closed). Please adjust the stop price and resubmit your order.'}}
2025-09-10 14:33:03,502 ERROR sell-guard: SWKS STOP MARKET fallback failed: etrade POST /accounts/kW8LbkuGisPCK9Ey7C8iWA/orders/place.json -> 500: {'Error': {'code': 100, 'message': 'The requested service is not currently available, please try after sometime.'}}
2025-09-10 14:33:07,147 INFO sell-guard: [SG] PCG: last=15.32 entry=14.86 pnl=+313 bps (tp=200 stop=100) hold=1499m lim=15.32 free=1 -> stop=False tp=True timeout=False
2025-09-10 14:33:07,148 DEBUG sell-guard: sell window check: start=0935 end=1555 now=1433
2025-09-10 14:33:07,158 ERROR sell-guard: loop error for PCG: cannot access local variable 'placed' where it is not associated with a value
2025-09-10 14:33:10,626 INFO sell-guard: [SG] NCLH: last=25.00 entry=25.25 pnl=-96 bps (tp=200 stop=100) hold=1526m lim=25.00 free=3 -> stop=False tp=False timeout=False
2025-09-10 14:33:10,631 DEBUG sell-guard: sell window check: start=0935 end=1555 now=1433
2025-09-10 14:33:13,904 INFO sell-guard: [SG] IVZ: last=22.18 entry=22.35 pnl=-74 bps (tp=200 stop=100) hold=1546m lim=22.18 free=4 -> stop=False tp=False timeout=False
2025-09-10 14:33:13,905 DEBUG sell-guard: sell window check: start=0935 end=1555 now=1433
2025-09-10 14:33:17,392 INFO sell-guard: [SG] ENPH: last=37.16 entry=39.06 pnl=-486 bps (tp=200 stop=100) hold=1540m lim=37.15 free=2 -> stop=True tp=False timeout=False
2025-09-10 14:33:17,393 DEBUG sell-guard: sell window check: start=0935 end=1555 now=1433
2025-09-10 14:33:17,593 DEBUG sell-guard: ENPH stop calc: entry=39.06 bid=37.15 last=37.16 base=38.67 -> stop=37.14
2025-09-10 14:33:18,922 ERROR sell-guard: ENPH ARM HARD STOP failed: etrade POST /accounts/kW8LbkuGisPCK9Ey7C8iWA/orders/place.json -> 500: {'Error': {'code': 100, 'message': 'The requested service is not currently available, please try after sometime.'}}
2025-09-10 14:33:20,081 ERROR sell-guard: ENPH STOP MARKET fallback failed: etrade POST /accounts/kW8LbkuGisPCK9Ey7C8iWA/orders/place.json -> 500: {'Error': {'code': 100, 'message': 'The requested service is not currently available, please try after sometime.'}}
2025-09-10 14:33:23,566 INFO sell-guard: [SG] WBD: last=12.34 entry=12.21 pnl=+102 bps (tp=200 stop=100) hold=2787m lim=12.33 free=1 -> stop=False tp=False timeout=False
2025-09-10 14:33:23,567 DEBUG sell-guard: sell window check: start=0935 end=1555 now=1433
2025-09-10 14:33:23,569 INFO sell-guard: ⏱ heartbeat: loop alive (account=kW8LbkuGisPCK9Ey7C8iWA)
2025-09-10 14:33:24,174 INFO sell-guard: positions via get_positions -> 21 symbol(s)
2025-09-10 14:33:24,175 INFO sell-guard: Managing 7 symbol(s): CVS,SWKS,PCG,NCLH,IVZ,ENPH,WBD
2025-09-10 14:33:29,608 INFO sell-guard: [SG] CVS: last=73.41 entry=70.96 pnl=+345 bps (tp=200 stop=100) hold=1524m lim=73.40 free=1 -> stop=False tp=True timeout=False
2025-09-10 14:33:29,608 DEBUG sell-guard: sell window check: start=0935 end=1555 now=1433
2025-09-10 14:33:29,613 ERROR sell-guard: loop error for CVS: cannot access local variable 'placed' where it is not associated with a value
2025-09-10 14:33:33,138 INFO sell-guard: [SG] SWKS: last=73.06 entry=76.23 pnl=-416 bps (tp=200 stop=100) hold=1513m lim=73.06 free=1 -> stop=True tp=False timeout=False
2025-09-10 14:33:33,139 DEBUG sell-guard: sell window check: start=0935 end=1555 now=1433
2025-09-10 14:33:33,332 DEBUG sell-guard: SWKS stop calc: entry=76.23 bid=73.09 last=73.0952 base=75.47 -> stop=73.08
2025-09-10 14:33:33,891 ERROR sell-guard: SWKS ARM HARD STOP failed: etrade POST /accounts/kW8LbkuGisPCK9Ey7C8iWA/orders/preview.json -> 400: {'Error': {'code': 2084, 'message': 'IMPORTANT: The stop price must be at least $0.01 below the current bid price for sell orders ($0.01 below the most recent closing price if the market is closed). Please adjust the stop price and resubmit your order.'}}
2025-09-10 14:33:34,987 ERROR sell-guard: SWKS STOP MARKET fallback failed: etrade POST /accounts/kW8LbkuGisPCK9Ey7C8iWA/orders/place.json -> 500: {'Error': {'code': 100, 'message': 'The requested service is not currently available, please try after sometime.'}}
2025-09-10 14:33:39,840 INFO sell-guard: [SG] PCG: last=15.33 entry=14.86 pnl=+316 bps (tp=200 stop=100) hold=1679m lim=15.32 free=1 -> stop=False tp=True timeout=False
2025-09-10 14:33:39,841 DEBUG sell-guard: sell window check: start=0935 end=1555 now=1433
2025-09-10 14:33:39,849 ERROR sell-guard: loop error for PCG: cannot access local variable 'placed' where it is not associated with a value
2025-09-10 14:33:43,293 INFO sell-guard: [SG] NCLH: last=25.01 entry=25.25 pnl=-94 bps (tp=200 stop=100) hold=1526m lim=25.01 free=3 -> stop=False tp=False timeout=False
2025-09-10 14:33:43,294 DEBUG sell-guard: sell window check: start=0935 end=1555 now=1433
2025-09-10 14:33:47,011 INFO sell-guard: [SG] IVZ: last=22.18 entry=22.35 pnl=-74 bps (tp=200 stop=100) hold=1547m lim=22.18 free=4 -> stop=False tp=False timeout=False
2025-09-10 14:33:47,012 DEBUG sell-guard: sell window check: start=0935 end=1555 now=1433
2025-09-10 14:33:50,575 INFO sell-guard: [SG] ENPH: last=37.18 entry=39.06 pnl=-481 bps (tp=200 stop=100) hold=1540m lim=37.17 free=2 -> stop=True tp=False timeout=False
2025-09-10 14:33:50,576 DEBUG sell-guard: sell window check: start=0935 end=1555 now=1433
2025-09-10 14:33:50,855 DEBUG sell-guard: ENPH stop calc: entry=39.06 bid=37.18 last=37.18 base=38.67 -> stop=37.17
2025-09-10 14:33:51,888 ERROR sell-guard: ENPH ARM HARD STOP failed: etrade POST /accounts/kW8LbkuGisPCK9Ey7C8iWA/orders/place.json -> 500: {'Error': {'code': 100, 'message': 'The requested service is not currently available, please try after sometime.'}}
2025-09-10 14:33:53,185 ERROR sell-guard: ENPH STOP MARKET fallback failed: etrade POST /accounts/kW8LbkuGisPCK9Ey7C8iWA/orders/place.json -> 500: {'Error': {'code': 100, 'message': 'The requested service is not currently available, please try after sometime.'}}
2025-09-10 14:33:56,527 INFO sell-guard: [SG] WBD: last=12.35 entry=12.21 pnl=+111 bps (tp=200 stop=100) hold=2788m lim=12.34 free=1 -> stop=False tp=False timeout=False
2025-09-10 14:33:56,528 DEBUG sell-guard: sell window check: start=0935 end=1555 now=1433
2025-09-10 14:33:56,532 INFO sell-guard: ⏱ heartbeat: loop alive (account=kW8LbkuGisPCK9Ey7C8iWA)
2025-09-10 14:33:57,065 INFO sell-guard: positions via get_positions -> 21 symbol(s)
2025-09-10 14:33:57,066 INFO sell-guard: Managing 7 symbol(s): CVS,SWKS,PCG,NCLH,IVZ,ENPH,WBD
2025-09-10 14:34:02,796 INFO sell-guard: [SG] CVS: last=73.41 entry=70.96 pnl=+345 bps (tp=200 stop=100) hold=1525m lim=73.39 free=1 -> stop=False tp=True timeout=False
2025-09-10 14:34:02,797 DEBUG sell-guard: sell window check: start=0935 end=1555 now=1434
2025-09-10 14:34:02,803 ERROR sell-guard: loop error for CVS: cannot access local variable 'placed' where it is not associated with a value
2025-09-10 14:34:06,154 INFO sell-guard: [SG] SWKS: last=73.11 entry=76.23 pnl=-409 bps (tp=200 stop=100) hold=1514m lim=73.07 free=1 -> stop=True tp=False timeout=False
2025-09-10 14:34:06,155 DEBUG sell-guard: sell window check: start=0935 end=1555 now=1434
2025-09-10 14:34:06,398 DEBUG sell-guard: SWKS stop calc: entry=76.23 bid=73.08 last=73.09 base=75.47 -> stop=73.07
2025-09-10 14:34:06,805 ERROR sell-guard: SWKS ARM HARD STOP failed: etrade POST /accounts/kW8LbkuGisPCK9Ey7C8iWA/orders/preview.json -> 400: {'Error': {'code': 2084, 'message': 'IMPORTANT: The stop price must be at least $0.01 below the current bid price for sell orders ($0.01 below the most recent closing price if the market is closed). Please adjust the stop price and resubmit your order.'}}
2025-09-10 14:34:08,147 ERROR sell-guard: SWKS STOP MARKET fallback failed: etrade POST /accounts/kW8LbkuGisPCK9Ey7C8iWA/orders/place.json -> 500: {'Error': {'code': 100, 'message': 'The requested service is not currently available, please try after sometime.'}}
2025-09-10 14:34:11,698 INFO sell-guard: [SG] PCG: last=15.34 entry=14.86 pnl=+320 bps (tp=200 stop=100) hold=1500m lim=15.33 free=1 -> stop=False tp=True timeout=False
2025-09-10 14:34:11,699 DEBUG sell-guard: sell window check: start=0935 end=1555 now=1434
2025-09-10 14:34:11,703 ERROR sell-guard: loop error for PCG: cannot access local variable 'placed' where it is not associated with a value
2025-09-10 14:34:15,142 INFO sell-guard: [SG] NCLH: last=25.04 entry=25.25 pnl=-84 bps (tp=200 stop=100) hold=1527m lim=25.03 free=3 -> stop=False tp=False timeout=False
2025-09-10 14:34:15,143 DEBUG sell-guard: sell window check: start=0935 end=1555 now=1434
2025-09-10 14:34:18,497 INFO sell-guard: [SG] IVZ: last=22.20 entry=22.35 pnl=-65 bps (tp=200 stop=100) hold=1547m lim=22.20 free=4 -> stop=False tp=False timeout=False
2025-09-10 14:34:18,498 DEBUG sell-guard: sell window check: start=0935 end=1555 now=1434
2025-09-10 14:34:21,664 INFO sell-guard: [SG] ENPH: last=37.18 entry=39.06 pnl=-481 bps (tp=200 stop=100) hold=1541m lim=37.18 free=2 -> stop=True tp=False timeout=False
2025-09-10 14:34:21,665 DEBUG sell-guard: sell window check: start=0935 end=1555 now=1434
2025-09-10 14:34:21,975 DEBUG sell-guard: ENPH stop calc: entry=39.06 bid=37.17 last=37.175 base=38.67 -> stop=37.16
2025-09-10 14:34:22,421 ERROR sell-guard: ENPH ARM HARD STOP failed: etrade POST /accounts/kW8LbkuGisPCK9Ey7C8iWA/orders/preview.json -> 400: {'Error': {'code': 2084, 'message': 'IMPORTANT: The stop price must be at least $0.01 below the current bid price for sell orders ($0.01 below the most recent closing price if the market is closed). Please adjust the stop price and resubmit your order.'}}
2025-09-10 14:34:23,960 ERROR sell-guard: ENPH STOP MARKET fallback failed: etrade POST /accounts/kW8LbkuGisPCK9Ey7C8iWA/orders/place.json -> 500: {'Error': {'code': 100, 'message': 'The requested service is not currently available, please try after sometime.'}}
2025-09-10 14:34:27,641 INFO sell-guard: [SG] WBD: last=12.35 entry=12.21 pnl=+118 bps (tp=200 stop=100) hold=2788m lim=12.35 free=1 -> stop=False tp=False timeout=False
2025-09-10 14:34:27,642 DEBUG sell-guard: sell window check: start=0935 end=1555 now=1434
2025-09-10 14:34:27,645 INFO sell-guard: ⏱ heartbeat: loop alive (account=kW8LbkuGisPCK9Ey7C8iWA)
2025-09-10 14:34:28,132 INFO sell-guard: positions via get_positions -> 21 symbol(s)
2025-09-10 14:34:28,133 INFO sell-guard: Managing 7 symbol(s): CVS,SWKS,PCG,NCLH,IVZ,ENPH,WBD
2025-09-10 14:34:33,713 INFO sell-guard: [SG] CVS: last=73.39 entry=70.96 pnl=+342 bps (tp=200 stop=100) hold=1525m lim=73.38 free=1 -> stop=False tp=True timeout=False
2025-09-10 14:34:33,714 DEBUG sell-guard: sell window check: start=0935 end=1555 now=1434
2025-09-10 14:34:33,719 ERROR sell-guard: loop error for CVS: cannot access local variable 'placed' where it is not associated with a value
2025-09-10 14:34:37,017 INFO sell-guard: [SG] SWKS: last=73.06 entry=76.23 pnl=-416 bps (tp=200 stop=100) hold=1514m lim=73.05 free=1 -> stop=True tp=False timeout=False
2025-09-10 14:34:37,018 DEBUG sell-guard: sell window check: start=0935 end=1555 now=1434
2025-09-10 14:34:37,253 DEBUG sell-guard: SWKS stop calc: entry=76.23 bid=73.05 last=73.06 base=75.47 -> stop=73.04
2025-09-10 14:34:37,712 ERROR sell-guard: SWKS ARM HARD STOP failed: etrade POST /accounts/kW8LbkuGisPCK9Ey7C8iWA/orders/preview.json -> 400: {'Error': {'code': 2084, 'message': 'IMPORTANT: The stop price must be at least $0.01 below the current bid price for sell orders ($0.01 below the most recent closing price if the market is closed). Please adjust the stop price and resubmit your order.'}}
2025-09-10 14:34:39,018 ERROR sell-guard: SWKS STOP MARKET fallback failed: etrade POST /accounts/kW8LbkuGisPCK9Ey7C8iWA/orders/place.json -> 500: {'Error': {'code': 100, 'message': 'The requested service is not currently available, please try after sometime.'}}
2025-09-10 14:34:42,561 INFO sell-guard: [SG] PCG: last=15.31 entry=14.86 pnl=+306 bps (tp=200 stop=100) hold=1501m lim=15.31 free=1 -> stop=False tp=True timeout=False
2025-09-10 14:34:42,562 DEBUG sell-guard: sell window check: start=0935 end=1555 now=1434
2025-09-10 14:34:42,565 ERROR sell-guard: loop error for PCG: cannot access local variable 'placed' where it is not associated with a value
2025-09-10 14:34:45,929 INFO sell-guard: [SG] NCLH: last=25.02 entry=25.25 pnl=-90 bps (tp=200 stop=100) hold=1527m lim=25.01 free=3 -> stop=False tp=False timeout=False
2025-09-10 14:34:45,930 DEBUG sell-guard: sell window check: start=0935 end=1555 now=1434
2025-09-10 14:34:49,154 INFO sell-guard: [SG] IVZ: last=22.20 entry=22.35 pnl=-65 bps (tp=200 stop=100) hold=1548m lim=22.20 free=4 -> stop=False tp=False timeout=False
2025-09-10 14:34:49,155 DEBUG sell-guard: sell window check: start=0935 end=1555 now=1434
2025-09-10 14:34:52,966 INFO sell-guard: [SG] ENPH: last=37.17 entry=39.06 pnl=-483 bps (tp=200 stop=100) hold=1541m lim=37.17 free=2 -> stop=True tp=False timeout=False
2025-09-10 14:34:52,967 DEBUG sell-guard: sell window check: start=0935 end=1555 now=1434
2025-09-10 14:34:53,169 DEBUG sell-guard: ENPH stop calc: entry=39.06 bid=37.17 last=37.18 base=38.67 -> stop=37.16
2025-09-10 14:34:54,149 ERROR sell-guard: ENPH ARM HARD STOP failed: etrade POST /accounts/kW8LbkuGisPCK9Ey7C8iWA/orders/place.json -> 500: {'Error': {'code': 100, 'message': 'The requested service is not currently available, please try after sometime.'}}
2025-09-10 14:34:55,360 ERROR sell-guard: ENPH STOP MARKET fallback failed: etrade POST /accounts/kW8LbkuGisPCK9Ey7C8iWA/orders/place.json -> 500: {'Error': {'code': 100, 'message': 'The requested service is not currently available, please try after sometime.'}}
2025-09-10 14:34:59,005 INFO sell-guard: [SG] WBD: last=12.35 entry=12.21 pnl=+118 bps (tp=200 stop=100) hold=2789m lim=12.35 free=1 -> stop=False tp=False timeout=False
2025-09-10 14:34:59,007 DEBUG sell-guard: sell window check: start=0935 end=1555 now=1434
2025-09-10 14:34:59,011 INFO sell-guard: ⏱ heartbeat: loop alive (account=kW8LbkuGisPCK9Ey7C8iWA)
2025-09-10 14:34:59,637 INFO sell-guard: positions via get_positions -> 21 symbol(s)
2025-09-10 14:34:59,638 INFO sell-guard: Managing 7 symbol(s): CVS,SWKS,PCG,NCLH,IVZ,ENPH,WBD
2025-09-10 14:35:05,250 INFO sell-guard: [SG] CVS: last=73.40 entry=70.96 pnl=+344 bps (tp=200 stop=100) hold=1526m lim=73.39 free=1 -> stop=False tp=True timeout=False
2025-09-10 14:35:05,251 DEBUG sell-guard: sell window check: start=0935 end=1555 now=1435
2025-09-10 14:35:05,257 ERROR sell-guard: loop error for CVS: cannot access local variable 'placed' where it is not associated with a value
2025-09-10 14:35:09,571 INFO sell-guard: [SG] SWKS: last=73.06 entry=76.23 pnl=-417 bps (tp=200 stop=100) hold=1695m lim=73.04 free=1 -> stop=True tp=False timeout=False
2025-09-10 14:35:09,572 DEBUG sell-guard: sell window check: start=0935 end=1555 now=1435
2025-09-10 14:35:09,750 DEBUG sell-guard: SWKS stop calc: entry=76.23 bid=73.03 last=73.045 base=75.47 -> stop=73.02
2025-09-10 14:35:10,912 ERROR sell-guard: SWKS ARM HARD STOP failed: etrade POST /accounts/kW8LbkuGisPCK9Ey7C8iWA/orders/place.json -> 500: {'Error': {'code': 100, 'message': 'The requested service is not currently available, please try after sometime.'}}
2025-09-10 14:35:12,008 ERROR sell-guard: SWKS STOP MARKET fallback failed: etrade POST /accounts/kW8LbkuGisPCK9Ey7C8iWA/orders/place.json -> 500: {'Error': {'code': 100, 'message': 'The requested service is not currently available, please try after sometime.'}}
2025-09-10 14:35:15,164 INFO sell-guard: [SG] PCG: last=15.34 entry=14.86 pnl=+320 bps (tp=200 stop=100) hold=1501m lim=15.33 free=1 -> stop=False tp=True timeout=False
2025-09-10 14:35:15,165 DEBUG sell-guard: sell window check: start=0935 end=1555 now=1435
2025-09-10 14:35:15,172 ERROR sell-guard: loop error for PCG: cannot access local variable 'placed' where it is not associated with a value
2025-09-10 14:35:18,452 INFO sell-guard: [SG] NCLH: last=25.02 entry=25.25 pnl=-90 bps (tp=200 stop=100) hold=1528m lim=25.02 free=3 -> stop=False tp=False timeout=False
2025-09-10 14:35:18,453 DEBUG sell-guard: sell window check: start=0935 end=1555 now=1435
2025-09-10 14:35:21,503 INFO sell-guard: [SG] IVZ: last=22.20 entry=22.35 pnl=-65 bps (tp=200 stop=100) hold=1549m lim=22.20 free=4 -> stop=False tp=False timeout=False
2025-09-10 14:35:21,503 DEBUG sell-guard: sell window check: start=0935 end=1555 now=1435
2025-09-10 14:35:24,603 INFO sell-guard: [SG] ENPH: last=37.19 entry=39.06 pnl=-480 bps (tp=200 stop=100) hold=1542m lim=37.17 free=2 -> stop=True tp=False timeout=False
2025-09-10 14:35:24,604 DEBUG sell-guard: sell window check: start=0935 end=1555 now=1435
2025-09-10 14:35:24,805 DEBUG sell-guard: ENPH stop calc: entry=39.06 bid=37.17 last=37.175 base=38.67 -> stop=37.16
2025-09-10 14:35:25,777 ERROR sell-guard: ENPH ARM HARD STOP failed: etrade POST /accounts/kW8LbkuGisPCK9Ey7C8iWA/orders/place.json -> 500: {'Error': {'code': 100, 'message': 'The requested service is not currently available, please try after sometime.'}}
2025-09-10 14:35:27,006 ERROR sell-guard: ENPH STOP MARKET fallback failed: etrade POST /accounts/kW8LbkuGisPCK9Ey7C8iWA/orders/place.json -> 500: {'Error': {'code': 100, 'message': 'The requested service is not currently available, please try after sometime.'}}
2025-09-10 14:35:30,331 INFO sell-guard: [SG] WBD: last=12.36 entry=12.21 pnl=+123 bps (tp=200 stop=100) hold=2789m lim=12.35 free=1 -> stop=False tp=False timeout=False
2025-09-10 14:35:30,332 DEBUG sell-guard: sell window check: start=0935 end=1555 now=1435
2025-09-10 14:35:30,335 INFO sell-guard: ⏱ heartbeat: loop alive (account=kW8LbkuGisPCK9Ey7C8iWA)
2025-09-10 14:35:31,584 INFO sell-guard: positions via get_positions -> 21 symbol(s)
2025-09-10 14:35:31,585 INFO sell-guard: Managing 7 symbol(s): CVS,SWKS,PCG,NCLH,IVZ,ENPH,WBD
2025-09-10 14:35:36,740 INFO sell-guard: [SG] CVS: last=73.38 entry=70.96 pnl=+341 bps (tp=200 stop=100) hold=1526m lim=73.38 free=1 -> stop=False tp=True timeout=False
2025-09-10 14:35:36,742 DEBUG sell-guard: sell window check: start=0935 end=1555 now=1435
2025-09-10 14:35:36,751 ERROR sell-guard: loop error for CVS: cannot access local variable 'placed' where it is not associated with a value
2025-09-10 14:35:40,022 INFO sell-guard: [SG] SWKS: last=73.08 entry=76.23 pnl=-414 bps (tp=200 stop=100) hold=1515m lim=73.09 free=1 -> stop=True tp=False timeout=False
2025-09-10 14:35:40,023 DEBUG sell-guard: sell window check: start=0935 end=1555 now=1435
2025-09-10 14:35:40,180 DEBUG sell-guard: SWKS stop calc: entry=76.23 bid=73.08 last=73.075 base=75.47 -> stop=73.07
2025-09-10 14:35:41,227 ERROR sell-guard: SWKS ARM HARD STOP failed: etrade POST /accounts/kW8LbkuGisPCK9Ey7C8iWA/orders/place.json -> 500: {'Error': {'code': 100, 'message': 'The requested service is not currently available, please try after sometime.'}}
2025-09-10 14:35:42,948 ERROR sell-guard: SWKS STOP MARKET fallback failed: etrade POST /accounts/kW8LbkuGisPCK9Ey7C8iWA/orders/place.json -> 500: {'Error': {'code': 100, 'message': 'The requested service is not currently available, please try after sometime.'}}
2025-09-10 14:35:46,231 INFO sell-guard: [SG] PCG: last=15.34 entry=14.86 pnl=+320 bps (tp=200 stop=100) hold=1502m lim=15.33 free=1 -> stop=False tp=True timeout=False
2025-09-10 14:35:46,232 DEBUG sell-guard: sell window check: start=0935 end=1555 now=1435
2025-09-10 14:35:46,241 ERROR sell-guard: loop error for PCG: cannot access local variable 'placed' where it is not associated with a value
2025-09-10 14:35:49,501 INFO sell-guard: [SG] NCLH: last=24.98 entry=25.25 pnl=-104 bps (tp=200 stop=100) hold=1528m lim=24.98 free=3 -> stop=True tp=False timeout=False
2025-09-10 14:35:49,503 DEBUG sell-guard: sell window check: start=0935 end=1555 now=1435
2025-09-10 14:35:49,704 DEBUG sell-guard: NCLH stop calc: entry=25.25 bid=24.98 last=24.985 base=25.00 -> stop=24.97
2025-09-10 14:35:51,116 ERROR sell-guard: NCLH ARM HARD STOP failed: etrade POST /accounts/kW8LbkuGisPCK9Ey7C8iWA/orders/place.json -> 500: {'Error': {'code': 100, 'message': 'The requested service is not currently available, please try after sometime.'}}
2025-09-10 14:35:52,324 ERROR sell-guard: NCLH STOP MARKET fallback failed: etrade POST /accounts/kW8LbkuGisPCK9Ey7C8iWA/orders/place.json -> 500: {'Error': {'code': 100, 'message': 'The requested service is not currently available, please try after sometime.'}}
2025-09-10 14:35:55,439 INFO sell-guard: [SG] IVZ: last=22.20 entry=22.35 pnl=-69 bps (tp=200 stop=100) hold=1549m lim=22.19 free=4 -> stop=False tp=False timeout=False
2025-09-10 14:35:55,440 DEBUG sell-guard: sell window check: start=0935 end=1555 now=1435
2025-09-10 14:35:58,666 INFO sell-guard: [SG] ENPH: last=37.18 entry=39.06 pnl=-481 bps (tp=200 stop=100) hold=1542m lim=37.18 free=2 -> stop=True tp=False timeout=False
2025-09-10 14:35:58,667 DEBUG sell-guard: sell window check: start=0935 end=1555 now=1435
2025-09-10 14:35:58,887 DEBUG sell-guard: ENPH stop calc: entry=39.06 bid=37.18 last=37.2 base=38.67 -> stop=37.17
2025-09-10 14:36:00,039 ERROR sell-guard: ENPH ARM HARD STOP failed: etrade POST /accounts/kW8LbkuGisPCK9Ey7C8iWA/orders/place.json -> 500: {'Error': {'code': 100, 'message': 'The requested service is not currently available, please try after sometime.'}}
2025-09-10 14:36:01,323 ERROR sell-guard: ENPH STOP MARKET fallback failed: etrade POST /accounts/kW8LbkuGisPCK9Ey7C8iWA/orders/place.json -> 500: {'Error': {'code': 100, 'message': 'The requested service is not currently available, please try after sometime.'}}
2025-09-10 14:36:04,473 INFO sell-guard: [SG] WBD: last=12.36 entry=12.21 pnl=+119 bps (tp=200 stop=100) hold=2790m lim=12.35 free=1 -> stop=False tp=False timeout=False
2025-09-10 14:36:04,474 DEBUG sell-guard: sell window check: start=0935 end=1555 now=1436
2025-09-10 14:36:04,475 INFO sell-guard: ⏱ heartbeat: loop alive (account=kW8LbkuGisPCK9Ey7C8iWA)
2025-09-10 14:36:05,023 INFO sell-guard: positions via get_positions -> 21 symbol(s)
2025-09-10 14:36:05,024 INFO sell-guard: Managing 7 symbol(s): CVS,SWKS,PCG,NCLH,IVZ,ENPH,WBD
2025-09-10 14:36:10,108 INFO sell-guard: [SG] CVS: last=73.39 entry=70.96 pnl=+342 bps (tp=200 stop=100) hold=1527m lim=73.39 free=1 -> stop=False tp=True timeout=False
2025-09-10 14:36:10,112 DEBUG sell-guard: sell window check: start=0935 end=1555 now=1436
2025-09-10 14:36:10,143 ERROR sell-guard: loop error for CVS: cannot access local variable 'placed' where it is not associated with a value
2025-09-10 14:36:13,379 INFO sell-guard: [SG] SWKS: last=73.08 entry=76.23 pnl=-414 bps (tp=200 stop=100) hold=1516m lim=73.07 free=1 -> stop=True tp=False timeout=False
2025-09-10 14:36:13,380 DEBUG sell-guard: sell window check: start=0935 end=1555 now=1436
2025-09-10 14:36:13,596 DEBUG sell-guard: SWKS stop calc: entry=76.23 bid=73.08 last=73.075 base=75.47 -> stop=73.07
2025-09-10 14:36:14,498 ERROR sell-guard: SWKS ARM HARD STOP failed: etrade POST /accounts/kW8LbkuGisPCK9Ey7C8iWA/orders/place.json -> 500: {'Error': {'code': 100, 'message': 'The requested service is not currently available, please try after sometime.'}}
2025-09-10 14:36:16,152 ERROR sell-guard: SWKS STOP MARKET fallback failed: etrade POST /accounts/kW8LbkuGisPCK9Ey7C8iWA/orders/place.json -> 500: {'Error': {'code': 100, 'message': 'The requested service is not currently available, please try after sometime.'}}
2025-09-10 14:36:19,543 INFO sell-guard: [SG] PCG: last=15.34 entry=14.86 pnl=+323 bps (tp=200 stop=100) hold=1502m lim=15.34 free=1 -> stop=False tp=True timeout=False
2025-09-10 14:36:19,545 DEBUG sell-guard: sell window check: start=0935 end=1555 now=1436
2025-09-10 14:36:19,552 ERROR sell-guard: loop error for PCG: cannot access local variable 'placed' where it is not associated with a value
2025-09-10 14:36:22,603 INFO sell-guard: [SG] NCLH: last=24.98 entry=25.25 pnl=-104 bps (tp=200 stop=100) hold=1529m lim=24.98 free=3 -> stop=True tp=False timeout=False
2025-09-10 14:36:22,604 DEBUG sell-guard: sell window check: start=0935 end=1555 now=1436
2025-09-10 14:36:22,816 DEBUG sell-guard: NCLH stop calc: entry=25.25 bid=24.99 last=24.995 base=25.00 -> stop=24.98
2025-09-11 10:46:11,905 INFO sell-guard: config source: C:\TradeAlerts\sell_guard_settings.json
2025-09-11 10:46:11,910 INFO sell-guard: env: ETRADE_ENV=production  PYTHONPATH=None
2025-09-11 10:46:11,915 INFO sell-guard: ⏱ heartbeat: loop alive (account=?)
2025-09-11 10:46:11,918 DEBUG sell-guard: tick: polling positions & quotes…
2025-09-11 10:46:12,322 INFO sell-guard: [LIVE] Using accountIdKey=kW8LbkuGisPCK9Ey7C8iWA
2025-09-11 10:46:12,325 INFO sell-guard: [CFG] mode=live tp=200 bps stop=100 bps max_hold=100000m limit_from=bid offset=0 bps throttle=30.0s ext_hours=False fallback=SELL_STOP,SELL_TARGET,TIMEOUT
2025-09-11 10:46:12,852 INFO sell-guard: positions via get_positions -> 21 symbol(s)
2025-09-11 10:46:12,854 INFO sell-guard: Managing 7 symbol(s): CVS,SWKS,PCG,NCLH,IVZ,ENPH,WBD
2025-09-11 10:46:18,620 INFO sell-guard: [SG] CVS: last=74.05 entry=70.96 pnl=+435 bps (tp=200 stop=100) hold=2737m lim=74.03 free=1 -> stop=False tp=True timeout=False
2025-09-11 10:46:18,621 DEBUG sell-guard: sell window check: start=0935 end=1555 now=1046
2025-09-11 10:46:19,450 WARNING sell-guard: CVS SELL place 500/code100 (try 1/4), backing off 2.0s
2025-09-11 10:46:22,297 WARNING sell-guard: CVS SELL place 500/code100 (try 2/4), backing off 3.2s
2025-09-11 10:46:26,208 WARNING sell-guard: CVS SELL place 500/code100 (try 3/4), backing off 5.1s
2025-09-11 10:46:32,022 WARNING sell-guard: CVS SELL place 500/code100 (try 4/4), backing off 8.2s
2025-09-11 10:46:40,217 WARNING sell-guard: E*TRADE circuit OPEN for 60s due to repeated 500/code100
2025-09-11 10:46:40,218 ERROR sell-guard: CVS SELL_TARGET place failed: etrade POST /accounts/kW8LbkuGisPCK9Ey7C8iWA/orders/place.json -> 500: {'Error': {'code': 100, 'message': 'The requested service is not currently available, please try after sometime.'}}
2025-09-11 10:46:41,006 ERROR sell-guard: CVS SELL_TARGET MARKET fallback failed: etrade POST /accounts/kW8LbkuGisPCK9Ey7C8iWA/orders/place.json -> 500: {'Error': {'code': 100, 'message': 'The requested service is not currently available, please try after sometime.'}}
2025-09-11 10:46:44,116 INFO sell-guard: [SG] SWKS: last=73.77 entry=76.23 pnl=-323 bps (tp=200 stop=100) hold=2726m lim=73.72 free=1 -> stop=True tp=False timeout=False
2025-09-11 10:46:44,117 DEBUG sell-guard: sell window check: start=0935 end=1555 now=1046
2025-09-11 10:46:44,322 ERROR sell-guard: SWKS ARM HARD STOP failed: etrade POST /accounts/kW8LbkuGisPCK9Ey7C8iWA/orders/preview.json -> 400: {'Error': {'code': 2084, 'message': 'IMPORTANT: The stop price must be at least $0.01 below the current bid price for sell orders ($0.01 below the most recent closing price if the market is closed). Please adjust the stop price and resubmit your order.'}}
2025-09-11 10:46:47,492 INFO sell-guard: [SG] PCG: last=15.59 entry=14.86 pnl=+488 bps (tp=200 stop=100) hold=2713m lim=15.58 free=1 -> stop=False tp=True timeout=False
2025-09-11 10:46:47,493 DEBUG sell-guard: sell window check: start=0935 end=1555 now=1046
2025-09-11 10:46:48,197 WARNING sell-guard: PCG SELL place 500/code100 (try 1/4), backing off 2.0s
2025-09-11 10:46:50,934 WARNING sell-guard: PCG SELL place 500/code100 (try 2/4), backing off 3.2s
2025-09-11 10:46:54,914 WARNING sell-guard: PCG SELL place 500/code100 (try 3/4), backing off 5.1s
2025-09-11 10:47:00,814 WARNING sell-guard: PCG SELL place 500/code100 (try 4/4), backing off 8.2s
2025-09-11 10:47:10,192 WARNING sell-guard: E*TRADE circuit OPEN for 60s due to repeated 500/code100
2025-09-11 10:47:10,192 ERROR sell-guard: PCG SELL_TARGET place failed: etrade POST /accounts/kW8LbkuGisPCK9Ey7C8iWA/orders/place.json -> 500: {'Error': {'code': 100, 'message': 'The requested service is not currently available, please try after sometime.'}}
2025-09-11 10:47:10,872 ERROR sell-guard: PCG SELL_TARGET MARKET fallback failed: etrade POST /accounts/kW8LbkuGisPCK9Ey7C8iWA/orders/place.json -> 500: {'Error': {'code': 100, 'message': 'The requested service is not currently available, please try after sometime.'}}
2025-09-11 10:47:13,887 INFO sell-guard: [SG] NCLH: last=26.18 entry=25.25 pnl=+369 bps (tp=200 stop=100) hold=2740m lim=26.18 free=3 -> stop=False tp=True timeout=False
2025-09-11 10:47:13,889 DEBUG sell-guard: sell window check: start=0935 end=1555 now=1047
2025-09-11 10:47:14,677 WARNING sell-guard: NCLH SELL place 500/code100 (try 1/4), backing off 2.0s
2025-09-11 10:47:17,500 WARNING sell-guard: NCLH SELL place 500/code100 (try 2/4), backing off 3.2s
2025-09-11 10:47:21,835 WARNING sell-guard: NCLH SELL place 500/code100 (try 3/4), backing off 5.1s
2025-09-11 10:47:27,655 WARNING sell-guard: NCLH SELL place 500/code100 (try 4/4), backing off 8.2s
2025-09-11 10:47:35,849 WARNING sell-guard: E*TRADE circuit OPEN for 60s due to repeated 500/code100
2025-09-11 10:47:35,849 ERROR sell-guard: NCLH SELL_TARGET place failed: etrade POST /accounts/kW8LbkuGisPCK9Ey7C8iWA/orders/place.json -> 500: {'Error': {'code': 100, 'message': 'The requested service is not currently available, please try after sometime.'}}
2025-09-11 10:47:36,585 ERROR sell-guard: NCLH SELL_TARGET MARKET fallback failed: etrade POST /accounts/kW8LbkuGisPCK9Ey7C8iWA/orders/place.json -> 500: {'Error': {'code': 100, 'message': 'The requested service is not currently available, please try after sometime.'}}
2025-09-11 10:47:39,818 INFO sell-guard: [SG] IVZ: last=22.76 entry=22.35 pnl=+183 bps (tp=200 stop=100) hold=2761m lim=22.76 free=4 -> stop=False tp=False timeout=False
2025-09-11 10:47:39,821 DEBUG sell-guard: sell window check: start=0935 end=1555 now=1047
2025-09-11 10:47:43,221 INFO sell-guard: [SG] ENPH: last=38.35 entry=39.06 pnl=-182 bps (tp=200 stop=100) hold=2754m lim=38.32 free=2 -> stop=True tp=False timeout=False
2025-09-11 10:47:43,222 DEBUG sell-guard: sell window check: start=0935 end=1555 now=1047
2025-09-11 10:47:43,398 ERROR sell-guard: ENPH ARM HARD STOP failed: etrade POST /accounts/kW8LbkuGisPCK9Ey7C8iWA/orders/preview.json -> 400: {'Error': {'code': 2084, 'message': 'IMPORTANT: The stop price must be at least $0.01 below the current bid price for sell orders ($0.01 below the most recent closing price if the market is closed). Please adjust the stop price and resubmit your order.'}}
2025-09-11 10:47:46,339 INFO sell-guard: [SG] WBD: last=13.14 entry=12.21 pnl=+760 bps (tp=200 stop=100) hold=4001m lim=13.13 free=1 -> stop=False tp=True timeout=False
2025-09-11 10:47:46,340 DEBUG sell-guard: sell window check: start=0935 end=1555 now=1047
2025-09-11 10:47:47,060 WARNING sell-guard: WBD SELL place 500/code100 (try 1/4), backing off 2.0s
2025-09-11 10:47:49,838 WARNING sell-guard: WBD SELL place 500/code100 (try 2/4), backing off 3.2s
2025-09-11 10:47:53,761 WARNING sell-guard: WBD SELL place 500/code100 (try 3/4), backing off 5.1s
2025-09-11 10:47:59,608 WARNING sell-guard: WBD SELL place 500/code100 (try 4/4), backing off 8.2s
2025-09-11 10:48:07,802 WARNING sell-guard: E*TRADE circuit OPEN for 60s due to repeated 500/code100
2025-09-11 10:48:07,802 ERROR sell-guard: WBD SELL_TARGET place failed: etrade POST /accounts/kW8LbkuGisPCK9Ey7C8iWA/orders/place.json -> 500: {'Error': {'code': 100, 'message': 'The requested service is not currently available, please try after sometime.'}}
2025-09-11 10:48:08,522 ERROR sell-guard: WBD SELL_TARGET MARKET fallback failed: etrade POST /accounts/kW8LbkuGisPCK9Ey7C8iWA/orders/place.json -> 500: {'Error': {'code': 100, 'message': 'The requested service is not currently available, please try after sometime.'}}
2025-09-11 10:48:08,524 INFO sell-guard: ⏱ heartbeat: loop alive (account=kW8LbkuGisPCK9Ey7C8iWA)
2025-09-11 10:48:08,527 INFO sell-guard: E*TRADE unstable; skipping tick (circuit open, 59s left)
2025-09-11 10:48:38,528 INFO sell-guard: ⏱ heartbeat: loop alive (account=kW8LbkuGisPCK9Ey7C8iWA)
2025-09-11 10:48:38,531 INFO sell-guard: E*TRADE unstable; skipping tick (circuit open, 29s left)
2025-09-11 10:49:08,536 INFO sell-guard: ⏱ heartbeat: loop alive (account=kW8LbkuGisPCK9Ey7C8iWA)
2025-09-11 10:49:09,100 INFO sell-guard: positions via get_positions -> 21 symbol(s)
2025-09-11 10:49:09,122 INFO sell-guard: Managing 7 symbol(s): CVS,SWKS,PCG,NCLH,IVZ,ENPH,WBD
2025-09-11 10:49:15,083 INFO sell-guard: [SG] CVS: last=74.03 entry=70.96 pnl=+432 bps (tp=200 stop=100) hold=2740m lim=74.03 free=1 -> stop=False tp=True timeout=False
2025-09-11 10:49:15,084 DEBUG sell-guard: sell window check: start=0935 end=1555 now=1049
2025-09-11 10:49:15,975 WARNING sell-guard: CVS SELL place 500/code100 (try 1/4), backing off 2.0s
2025-09-11 10:49:18,739 WARNING sell-guard: CVS SELL place 500/code100 (try 2/4), backing off 3.2s
2025-09-11 10:49:22,829 WARNING sell-guard: CVS SELL place 500/code100 (try 3/4), backing off 5.1s
2025-09-11 10:49:28,675 WARNING sell-guard: CVS SELL place 500/code100 (try 4/4), backing off 8.2s
2025-09-11 10:49:36,868 WARNING sell-guard: E*TRADE circuit OPEN for 60s due to repeated 500/code100
2025-09-11 10:49:36,869 ERROR sell-guard: CVS SELL_TARGET place failed: etrade POST /accounts/kW8LbkuGisPCK9Ey7C8iWA/orders/place.json -> 500: {'Error': {'code': 100, 'message': 'The requested service is not currently available, please try after sometime.'}}
2025-09-11 10:49:37,624 ERROR sell-guard: CVS SELL_TARGET MARKET fallback failed: etrade POST /accounts/kW8LbkuGisPCK9Ey7C8iWA/orders/place.json -> 500: {'Error': {'code': 100, 'message': 'The requested service is not currently available, please try after sometime.'}}
2025-09-11 10:49:40,685 INFO sell-guard: [SG] SWKS: last=73.65 entry=76.23 pnl=-338 bps (tp=200 stop=100) hold=2729m lim=73.63 free=1 -> stop=True tp=False timeout=False
2025-09-11 10:49:40,687 DEBUG sell-guard: sell window check: start=0935 end=1555 now=1049
2025-09-11 10:49:40,859 ERROR sell-guard: SWKS ARM HARD STOP failed: etrade POST /accounts/kW8LbkuGisPCK9Ey7C8iWA/orders/preview.json -> 400: {'Error': {'code': 2084, 'message': 'IMPORTANT: The stop price must be at least $0.01 below the current bid price for sell orders ($0.01 below the most recent closing price if the market is closed). Please adjust the stop price and resubmit your order.'}}
2025-09-11 10:49:43,778 INFO sell-guard: [SG] PCG: last=15.62 entry=14.86 pnl=+511 bps (tp=200 stop=100) hold=2716m lim=15.61 free=1 -> stop=False tp=True timeout=False
2025-09-11 10:49:43,779 DEBUG sell-guard: sell window check: start=0935 end=1555 now=1049
2025-09-11 10:49:44,456 WARNING sell-guard: PCG SELL place 500/code100 (try 1/4), backing off 2.0s
2025-09-11 10:49:47,199 WARNING sell-guard: PCG SELL place 500/code100 (try 2/4), backing off 3.2s
2025-09-11 10:49:51,157 WARNING sell-guard: PCG SELL place 500/code100 (try 3/4), backing off 5.1s
2025-09-11 10:49:56,944 WARNING sell-guard: PCG SELL place 500/code100 (try 4/4), backing off 8.2s
2025-09-11 10:50:05,140 WARNING sell-guard: E*TRADE circuit OPEN for 60s due to repeated 500/code100
2025-09-11 10:50:05,190 ERROR sell-guard: PCG SELL_TARGET place failed: etrade POST /accounts/kW8LbkuGisPCK9Ey7C8iWA/orders/place.json -> 500: {'Error': {'code': 100, 'message': 'The requested service is not currently available, please try after sometime.'}}
2025-09-11 10:50:05,937 ERROR sell-guard: PCG SELL_TARGET MARKET fallback failed: etrade POST /accounts/kW8LbkuGisPCK9Ey7C8iWA/orders/place.json -> 500: {'Error': {'code': 100, 'message': 'The requested service is not currently available, please try after sometime.'}}
2025-09-11 10:50:08,876 INFO sell-guard: [SG] NCLH: last=26.14 entry=25.25 pnl=+355 bps (tp=200 stop=100) hold=2743m lim=26.14 free=3 -> stop=False tp=True timeout=False
2025-09-11 10:50:08,876 DEBUG sell-guard: sell window check: start=0935 end=1555 now=1050
2025-09-11 10:50:09,599 WARNING sell-guard: NCLH SELL place 500/code100 (try 1/4), backing off 2.0s
2025-09-11 10:50:12,337 WARNING sell-guard: NCLH SELL place 500/code100 (try 2/4), backing off 3.2s
2025-09-11 10:50:16,323 WARNING sell-guard: NCLH SELL place 500/code100 (try 3/4), backing off 5.1s
2025-09-11 10:50:22,256 WARNING sell-guard: NCLH SELL place 500/code100 (try 4/4), backing off 8.2s
2025-09-11 10:50:30,451 WARNING sell-guard: E*TRADE circuit OPEN for 60s due to repeated 500/code100
2025-09-11 10:50:30,451 ERROR sell-guard: NCLH SELL_TARGET place failed: etrade POST /accounts/kW8LbkuGisPCK9Ey7C8iWA/orders/place.json -> 500: {'Error': {'code': 100, 'message': 'The requested service is not currently available, please try after sometime.'}}
2025-09-11 10:50:31,163 ERROR sell-guard: NCLH SELL_TARGET MARKET fallback failed: etrade POST /accounts/kW8LbkuGisPCK9Ey7C8iWA/orders/place.json -> 500: {'Error': {'code': 100, 'message': 'The requested service is not currently available, please try after sometime.'}}
2025-09-11 10:50:34,162 INFO sell-guard: [SG] IVZ: last=22.75 entry=22.35 pnl=+179 bps (tp=200 stop=100) hold=2764m lim=22.75 free=4 -> stop=False tp=False timeout=False
2025-09-11 10:50:34,163 DEBUG sell-guard: sell window check: start=0935 end=1555 now=1050
2025-09-11 10:50:37,316 INFO sell-guard: [SG] ENPH: last=38.34 entry=39.06 pnl=-184 bps (tp=200 stop=100) hold=2757m lim=38.33 free=2 -> stop=True tp=False timeout=False
2025-09-11 10:50:37,464 DEBUG sell-guard: sell window check: start=0935 end=1555 now=1050
2025-09-11 10:50:37,798 ERROR sell-guard: ENPH ARM HARD STOP failed: etrade POST /accounts/kW8LbkuGisPCK9Ey7C8iWA/orders/preview.json -> 400: {'Error': {'code': 2084, 'message': 'IMPORTANT: The stop price must be at least $0.01 below the current bid price for sell orders ($0.01 below the most recent closing price if the market is closed). Please adjust the stop price and resubmit your order.'}}
2025-09-11 10:50:40,965 INFO sell-guard: [SG] WBD: last=13.11 entry=12.21 pnl=+733 bps (tp=200 stop=100) hold=4004m lim=13.10 free=1 -> stop=False tp=True timeout=False
2025-09-11 10:50:40,966 DEBUG sell-guard: sell window check: start=0935 end=1555 now=1050
2025-09-11 10:50:41,708 WARNING sell-guard: WBD SELL place 500/code100 (try 1/4), backing off 2.0s
2025-09-11 10:50:44,362 WARNING sell-guard: WBD SELL place 500/code100 (try 2/4), backing off 3.2s
2025-09-11 10:50:48,331 WARNING sell-guard: WBD SELL place 500/code100 (try 3/4), backing off 5.1s
2025-09-11 10:50:54,241 WARNING sell-guard: WBD SELL place 500/code100 (try 4/4), backing off 8.2s
2025-09-11 10:51:02,434 WARNING sell-guard: E*TRADE circuit OPEN for 60s due to repeated 500/code100
2025-09-11 10:51:02,435 ERROR sell-guard: WBD SELL_TARGET place failed: etrade POST /accounts/kW8LbkuGisPCK9Ey7C8iWA/orders/place.json -> 500: {'Error': {'code': 100, 'message': 'The requested service is not currently available, please try after sometime.'}}
2025-09-11 10:51:03,219 ERROR sell-guard: WBD SELL_TARGET MARKET fallback failed: etrade POST /accounts/kW8LbkuGisPCK9Ey7C8iWA/orders/place.json -> 500: {'Error': {'code': 100, 'message': 'The requested service is not currently available, please try after sometime.'}}
2025-09-11 10:51:03,220 INFO sell-guard: ⏱ heartbeat: loop alive (account=kW8LbkuGisPCK9Ey7C8iWA)
2025-09-11 10:51:03,222 INFO sell-guard: E*TRADE unstable; skipping tick (circuit open, 59s left)
2025-09-11 10:51:33,225 INFO sell-guard: ⏱ heartbeat: loop alive (account=kW8LbkuGisPCK9Ey7C8iWA)
2025-09-11 10:51:33,227 INFO sell-guard: E*TRADE unstable; skipping tick (circuit open, 29s left)
2025-09-11 10:52:03,232 INFO sell-guard: ⏱ heartbeat: loop alive (account=kW8LbkuGisPCK9Ey7C8iWA)
2025-09-11 10:52:03,728 INFO sell-guard: positions via get_positions -> 21 symbol(s)
2025-09-11 10:52:03,729 INFO sell-guard: Managing 7 symbol(s): CVS,SWKS,PCG,NCLH,IVZ,ENPH,WBD
2025-09-11 10:52:09,008 INFO sell-guard: [SG] CVS: last=74.09 entry=70.96 pnl=+442 bps (tp=200 stop=100) hold=2743m lim=74.09 free=1 -> stop=False tp=True timeout=False
2025-09-11 10:52:09,009 DEBUG sell-guard: sell window check: start=0935 end=1555 now=1052
2025-09-11 10:52:09,781 WARNING sell-guard: CVS SELL place 500/code100 (try 1/4), backing off 2.0s
2025-09-11 10:52:12,503 WARNING sell-guard: CVS SELL place 500/code100 (try 2/4), backing off 3.2s
2025-09-11 10:52:16,452 WARNING sell-guard: CVS SELL place 500/code100 (try 3/4), backing off 5.1s
2025-09-11 10:52:22,403 WARNING sell-guard: CVS SELL place 500/code100 (try 4/4), backing off 8.2s
2025-09-11 10:52:30,597 WARNING sell-guard: E*TRADE circuit OPEN for 60s due to repeated 500/code100
2025-09-11 10:52:30,643 ERROR sell-guard: CVS SELL_TARGET place failed: etrade POST /accounts/kW8LbkuGisPCK9Ey7C8iWA/orders/place.json -> 500: {'Error': {'code': 100, 'message': 'The requested service is not currently available, please try after sometime.'}}
2025-09-11 10:52:31,482 ERROR sell-guard: CVS SELL_TARGET MARKET fallback failed: etrade POST /accounts/kW8LbkuGisPCK9Ey7C8iWA/orders/place.json -> 500: {'Error': {'code': 100, 'message': 'The requested service is not currently available, please try after sometime.'}}
2025-09-11 10:52:34,705 INFO sell-guard: [SG] SWKS: last=73.67 entry=76.23 pnl=-336 bps (tp=200 stop=100) hold=2732m lim=73.65 free=1 -> stop=True tp=False timeout=False
2025-09-11 10:52:34,706 DEBUG sell-guard: sell window check: start=0935 end=1555 now=1052
2025-09-11 10:52:34,852 ERROR sell-guard: SWKS ARM HARD STOP failed: etrade POST /accounts/kW8LbkuGisPCK9Ey7C8iWA/orders/preview.json -> 400: {'Error': {'code': 2084, 'message': 'IMPORTANT: The stop price must be at least $0.01 below the current bid price for sell orders ($0.01 below the most recent closing price if the market is closed). Please adjust the stop price and resubmit your order.'}}
2025-09-11 10:52:37,707 INFO sell-guard: [SG] PCG: last=15.60 entry=14.86 pnl=+495 bps (tp=200 stop=100) hold=2718m lim=15.59 free=1 -> stop=False tp=True timeout=False
2025-09-11 10:52:37,709 DEBUG sell-guard: sell window check: start=0935 end=1555 now=1052
2025-09-11 10:52:38,562 WARNING sell-guard: PCG SELL place 500/code100 (try 1/4), backing off 2.0s
2025-09-11 10:52:41,236 WARNING sell-guard: PCG SELL place 500/code100 (try 2/4), backing off 3.2s
2025-09-11 10:52:45,196 WARNING sell-guard: PCG SELL place 500/code100 (try 3/4), backing off 5.1s
2025-09-11 10:52:51,083 WARNING sell-guard: PCG SELL place 500/code100 (try 4/4), backing off 8.2s
2025-09-11 10:52:59,277 WARNING sell-guard: E*TRADE circuit OPEN for 60s due to repeated 500/code100
2025-09-11 10:52:59,278 ERROR sell-guard: PCG SELL_TARGET place failed: etrade POST /accounts/kW8LbkuGisPCK9Ey7C8iWA/orders/place.json -> 500: {'Error': {'code': 100, 'message': 'The requested service is not currently available, please try after sometime.'}}
2025-09-11 10:53:00,046 ERROR sell-guard: PCG SELL_TARGET MARKET fallback failed: etrade POST /accounts/kW8LbkuGisPCK9Ey7C8iWA/orders/place.json -> 500: {'Error': {'code': 100, 'message': 'The requested service is not currently available, please try after sometime.'}}
2025-09-11 10:53:03,362 INFO sell-guard: [SG] NCLH: last=26.14 entry=25.25 pnl=+353 bps (tp=200 stop=100) hold=2746m lim=26.13 free=3 -> stop=False tp=True timeout=False
2025-09-11 10:53:03,363 DEBUG sell-guard: sell window check: start=0935 end=1555 now=1053
2025-09-11 10:53:04,251 WARNING sell-guard: NCLH SELL place 500/code100 (try 1/4), backing off 2.0s
2025-09-11 10:53:06,965 WARNING sell-guard: NCLH SELL place 500/code100 (try 2/4), backing off 3.2s
2025-09-11 10:53:10,906 WARNING sell-guard: NCLH SELL place 500/code100 (try 3/4), backing off 5.1s
2025-09-11 10:53:16,728 WARNING sell-guard: NCLH SELL place 500/code100 (try 4/4), backing off 8.2s
2025-09-11 10:53:24,922 WARNING sell-guard: E*TRADE circuit OPEN for 60s due to repeated 500/code100
2025-09-11 10:53:24,922 ERROR sell-guard: NCLH SELL_TARGET place failed: etrade POST /accounts/kW8LbkuGisPCK9Ey7C8iWA/orders/place.json -> 500: {'Error': {'code': 100, 'message': 'The requested service is not currently available, please try after sometime.'}}
2025-09-11 10:53:25,634 ERROR sell-guard: NCLH SELL_TARGET MARKET fallback failed: etrade POST /accounts/kW8LbkuGisPCK9Ey7C8iWA/orders/place.json -> 500: {'Error': {'code': 100, 'message': 'The requested service is not currently available, please try after sometime.'}}
2025-09-11 10:53:28,841 INFO sell-guard: [SG] IVZ: last=22.70 entry=22.35 pnl=+157 bps (tp=200 stop=100) hold=2767m lim=22.70 free=4 -> stop=False tp=False timeout=False
2025-09-11 10:53:28,842 DEBUG sell-guard: sell window check: start=0935 end=1555 now=1053
2025-09-11 10:53:32,045 INFO sell-guard: [SG] ENPH: last=38.31 entry=39.06 pnl=-191 bps (tp=200 stop=100) hold=2760m lim=38.30 free=2 -> stop=True tp=False timeout=False
2025-09-11 10:53:32,048 DEBUG sell-guard: sell window check: start=0935 end=1555 now=1053
2025-09-11 10:53:32,224 ERROR sell-guard: ENPH ARM HARD STOP failed: etrade POST /accounts/kW8LbkuGisPCK9Ey7C8iWA/orders/preview.json -> 400: {'Error': {'code': 2084, 'message': 'IMPORTANT: The stop price must be at least $0.01 below the current bid price for sell orders ($0.01 below the most recent closing price if the market is closed). Please adjust the stop price and resubmit your order.'}}
2025-09-11 10:53:35,205 INFO sell-guard: [SG] WBD: last=13.05 entry=12.21 pnl=+688 bps (tp=200 stop=100) hold=4007m lim=13.04 free=1 -> stop=False tp=True timeout=False
2025-09-11 10:53:35,205 DEBUG sell-guard: sell window check: start=0935 end=1555 now=1053
2025-09-11 10:53:36,039 WARNING sell-guard: WBD SELL place 500/code100 (try 1/4), backing off 2.0s
2025-09-11 10:53:38,739 WARNING sell-guard: WBD SELL place 500/code100 (try 2/4), backing off 3.2s
2025-09-11 10:53:42,812 WARNING sell-guard: WBD SELL place 500/code100 (try 3/4), backing off 5.1s
2025-09-11 10:53:48,660 WARNING sell-guard: WBD SELL place 500/code100 (try 4/4), backing off 8.2s
2025-09-11 10:53:56,854 WARNING sell-guard: E*TRADE circuit OPEN for 60s due to repeated 500/code100
2025-09-11 10:53:56,854 ERROR sell-guard: WBD SELL_TARGET place failed: etrade POST /accounts/kW8LbkuGisPCK9Ey7C8iWA/orders/place.json -> 500: {'Error': {'code': 100, 'message': 'The requested service is not currently available, please try after sometime.'}}
2025-09-11 10:53:57,639 ERROR sell-guard: WBD SELL_TARGET MARKET fallback failed: etrade POST /accounts/kW8LbkuGisPCK9Ey7C8iWA/orders/place.json -> 500: {'Error': {'code': 100, 'message': 'The requested service is not currently available, please try after sometime.'}}
2025-09-11 10:53:57,640 INFO sell-guard: ⏱ heartbeat: loop alive (account=kW8LbkuGisPCK9Ey7C8iWA)
2025-09-11 10:53:57,642 INFO sell-guard: E*TRADE unstable; skipping tick (circuit open, 59s left)
2025-09-11 10:54:27,644 INFO sell-guard: ⏱ heartbeat: loop alive (account=kW8LbkuGisPCK9Ey7C8iWA)
2025-09-11 10:54:27,644 INFO sell-guard: E*TRADE unstable; skipping tick (circuit open, 29s left)
2025-09-11 10:54:57,648 INFO sell-guard: ⏱ heartbeat: loop alive (account=kW8LbkuGisPCK9Ey7C8iWA)
2025-09-11 10:54:58,196 INFO sell-guard: positions via get_positions -> 21 symbol(s)
2025-09-11 10:54:58,197 INFO sell-guard: Managing 7 symbol(s): CVS,SWKS,PCG,NCLH,IVZ,ENPH,WBD
2025-09-11 10:55:03,358 INFO sell-guard: [SG] CVS: last=74.29 entry=70.96 pnl=+469 bps (tp=200 stop=100) hold=2746m lim=74.26 free=1 -> stop=False tp=True timeout=False
2025-09-11 10:55:03,529 DEBUG sell-guard: sell window check: start=0935 end=1555 now=1055
2025-09-11 10:55:04,508 WARNING sell-guard: CVS SELL place 500/code100 (try 1/4), backing off 2.0s
2025-09-11 10:55:07,216 WARNING sell-guard: CVS SELL place 500/code100 (try 2/4), backing off 3.2s
2025-09-11 10:55:11,152 WARNING sell-guard: CVS SELL place 500/code100 (try 3/4), backing off 5.1s
2025-09-11 10:55:16,962 WARNING sell-guard: CVS SELL place 500/code100 (try 4/4), backing off 8.2s
2025-09-11 10:55:25,156 WARNING sell-guard: E*TRADE circuit OPEN for 60s due to repeated 500/code100
2025-09-11 10:55:25,157 ERROR sell-guard: CVS SELL_TARGET place failed: etrade POST /accounts/kW8LbkuGisPCK9Ey7C8iWA/orders/place.json -> 500: {'Error': {'code': 100, 'message': 'The requested service is not currently available, please try after sometime.'}}
2025-09-11 10:55:25,790 ERROR sell-guard: CVS SELL_TARGET MARKET fallback failed: etrade POST /accounts/kW8LbkuGisPCK9Ey7C8iWA/orders/place.json -> 500: {'Error': {'code': 100, 'message': 'The requested service is not currently available, please try after sometime.'}}
2025-09-11 10:55:29,096 INFO sell-guard: [SG] SWKS: last=73.53 entry=76.23 pnl=-354 bps (tp=200 stop=100) hold=2735m lim=73.50 free=1 -> stop=True tp=False timeout=False
2025-09-11 10:55:29,097 DEBUG sell-guard: sell window check: start=0935 end=1555 now=1055
2025-09-11 10:55:29,284 ERROR sell-guard: SWKS ARM HARD STOP failed: etrade POST /accounts/kW8LbkuGisPCK9Ey7C8iWA/orders/preview.json -> 400: {'Error': {'code': 2084, 'message': 'IMPORTANT: The stop price must be at least $0.01 below the current bid price for sell orders ($0.01 below the most recent closing price if the market is closed). Please adjust the stop price and resubmit your order.'}}
2025-09-11 10:55:32,271 INFO sell-guard: [SG] PCG: last=15.56 entry=14.86 pnl=+471 bps (tp=200 stop=100) hold=2721m lim=15.54 free=1 -> stop=False tp=True timeout=False
2025-09-11 10:55:32,273 DEBUG sell-guard: sell window check: start=0935 end=1555 now=1055
2025-09-11 10:55:32,963 WARNING sell-guard: PCG SELL place 500/code100 (try 1/4), backing off 2.0s
2025-09-11 10:55:35,756 WARNING sell-guard: PCG SELL place 500/code100 (try 2/4), backing off 3.2s
2025-09-11 10:55:39,673 WARNING sell-guard: PCG SELL place 500/code100 (try 3/4), backing off 5.1s
2025-09-11 10:55:45,513 WARNING sell-guard: PCG SELL place 500/code100 (try 4/4), backing off 8.2s
2025-09-11 10:55:53,707 WARNING sell-guard: E*TRADE circuit OPEN for 60s due to repeated 500/code100
2025-09-11 10:55:53,708 ERROR sell-guard: PCG SELL_TARGET place failed: etrade POST /accounts/kW8LbkuGisPCK9Ey7C8iWA/orders/place.json -> 500: {'Error': {'code': 100, 'message': 'The requested service is not currently available, please try after sometime.'}}
2025-09-11 10:55:54,357 ERROR sell-guard: PCG SELL_TARGET MARKET fallback failed: etrade POST /accounts/kW8LbkuGisPCK9Ey7C8iWA/orders/place.json -> 500: {'Error': {'code': 100, 'message': 'The requested service is not currently available, please try after sometime.'}}
2025-09-11 10:55:57,317 INFO sell-guard: [SG] NCLH: last=26.14 entry=25.25 pnl=+351 bps (tp=200 stop=100) hold=2748m lim=26.13 free=3 -> stop=False tp=True timeout=False
2025-09-11 10:55:57,319 DEBUG sell-guard: sell window check: start=0935 end=1555 now=1055
2025-09-11 10:55:58,009 WARNING sell-guard: NCLH SELL place 500/code100 (try 1/4), backing off 2.0s
2025-09-11 10:56:00,921 WARNING sell-guard: NCLH SELL place 500/code100 (try 2/4), backing off 3.2s
2025-09-11 10:56:04,964 WARNING sell-guard: NCLH SELL place 500/code100 (try 3/4), backing off 5.1s
2025-09-11 10:56:10,907 WARNING sell-guard: NCLH SELL place 500/code100 (try 4/4), backing off 8.2s
2025-09-11 10:56:19,101 WARNING sell-guard: E*TRADE circuit OPEN for 60s due to repeated 500/code100
2025-09-11 10:56:19,102 ERROR sell-guard: NCLH SELL_TARGET place failed: etrade POST /accounts/kW8LbkuGisPCK9Ey7C8iWA/orders/place.json -> 500: {'Error': {'code': 100, 'message': 'The requested service is not currently available, please try after sometime.'}}
2025-09-11 10:56:19,829 ERROR sell-guard: NCLH SELL_TARGET MARKET fallback failed: etrade POST /accounts/kW8LbkuGisPCK9Ey7C8iWA/orders/place.json -> 500: {'Error': {'code': 100, 'message': 'The requested service is not currently available, please try after sometime.'}}
2025-09-11 10:56:22,782 INFO sell-guard: [SG] IVZ: last=22.68 entry=22.35 pnl=+145 bps (tp=200 stop=100) hold=2770m lim=22.67 free=4 -> stop=False tp=False timeout=False
2025-09-11 10:56:22,783 DEBUG sell-guard: sell window check: start=0935 end=1555 now=1056
2025-09-11 10:56:25,949 INFO sell-guard: [SG] ENPH: last=38.30 entry=39.06 pnl=-195 bps (tp=200 stop=100) hold=2763m lim=38.27 free=2 -> stop=True tp=False timeout=False
2025-09-11 10:56:25,951 DEBUG sell-guard: sell window check: start=0935 end=1555 now=1056
2025-09-11 10:56:26,111 ERROR sell-guard: ENPH ARM HARD STOP failed: etrade POST /accounts/kW8LbkuGisPCK9Ey7C8iWA/orders/preview.json -> 400: {'Error': {'code': 2084, 'message': 'IMPORTANT: The stop price must be at least $0.01 below the current bid price for sell orders ($0.01 below the most recent closing price if the market is closed). Please adjust the stop price and resubmit your order.'}}
2025-09-11 10:56:29,246 INFO sell-guard: [SG] WBD: last=13.11 entry=12.21 pnl=+733 bps (tp=200 stop=100) hold=4010m lim=13.10 free=1 -> stop=False tp=True timeout=False
2025-09-11 10:56:29,247 DEBUG sell-guard: sell window check: start=0935 end=1555 now=1056
2025-09-11 10:56:29,967 WARNING sell-guard: WBD SELL place 500/code100 (try 1/4), backing off 2.0s
2025-09-11 10:56:32,618 WARNING sell-guard: WBD SELL place 500/code100 (try 2/4), backing off 3.2s
2025-09-11 10:56:36,550 WARNING sell-guard: WBD SELL place 500/code100 (try 3/4), backing off 5.1s
2025-09-11 10:56:42,419 WARNING sell-guard: WBD SELL place 500/code100 (try 4/4), backing off 8.2s
2025-09-11 10:56:50,613 WARNING sell-guard: E*TRADE circuit OPEN for 60s due to repeated 500/code100
2025-09-11 10:56:50,617 ERROR sell-guard: WBD SELL_TARGET place failed: etrade POST /accounts/kW8LbkuGisPCK9Ey7C8iWA/orders/place.json -> 500: {'Error': {'code': 100, 'message': 'The requested service is not currently available, please try after sometime.'}}
2025-09-11 10:56:51,435 ERROR sell-guard: WBD SELL_TARGET MARKET fallback failed: etrade POST /accounts/kW8LbkuGisPCK9Ey7C8iWA/orders/place.json -> 500: {'Error': {'code': 100, 'message': 'The requested service is not currently available, please try after sometime.'}}
2025-09-11 10:56:51,437 INFO sell-guard: ⏱ heartbeat: loop alive (account=kW8LbkuGisPCK9Ey7C8iWA)
2025-09-11 10:56:51,443 INFO sell-guard: E*TRADE unstable; skipping tick (circuit open, 59s left)
2025-09-11 10:57:21,457 INFO sell-guard: ⏱ heartbeat: loop alive (account=kW8LbkuGisPCK9Ey7C8iWA)
2025-09-11 10:57:21,458 INFO sell-guard: E*TRADE unstable; skipping tick (circuit open, 29s left)
2025-09-11 10:57:51,467 INFO sell-guard: ⏱ heartbeat: loop alive (account=kW8LbkuGisPCK9Ey7C8iWA)
2025-09-11 10:57:51,921 INFO sell-guard: positions via get_positions -> 21 symbol(s)
2025-09-11 10:57:51,927 INFO sell-guard: Managing 7 symbol(s): CVS,SWKS,PCG,NCLH,IVZ,ENPH,WBD
2025-09-11 10:57:57,346 INFO sell-guard: [SG] CVS: last=74.26 entry=70.96 pnl=+465 bps (tp=200 stop=100) hold=2749m lim=74.25 free=1 -> stop=False tp=True timeout=False
2025-09-11 10:57:57,348 DEBUG sell-guard: sell window check: start=0935 end=1555 now=1057
2025-09-11 10:57:58,192 WARNING sell-guard: CVS SELL place 500/code100 (try 1/4), backing off 2.0s
2025-09-11 10:58:01,053 WARNING sell-guard: CVS SELL place 500/code100 (try 2/4), backing off 3.2s
2025-09-11 10:58:04,991 WARNING sell-guard: CVS SELL place 500/code100 (try 3/4), backing off 5.1s
2025-09-11 10:58:10,871 WARNING sell-guard: CVS SELL place 500/code100 (try 4/4), backing off 8.2s
2025-09-11 10:58:19,064 WARNING sell-guard: E*TRADE circuit OPEN for 60s due to repeated 500/code100
2025-09-11 10:58:19,065 ERROR sell-guard: CVS SELL_TARGET place failed: etrade POST /accounts/kW8LbkuGisPCK9Ey7C8iWA/orders/place.json -> 500: {'Error': {'code': 100, 'message': 'The requested service is not currently available, please try after sometime.'}}
2025-09-11 10:58:19,880 ERROR sell-guard: CVS SELL_TARGET MARKET fallback failed: etrade POST /accounts/kW8LbkuGisPCK9Ey7C8iWA/orders/place.json -> 500: {'Error': {'code': 100, 'message': 'The requested service is not currently available, please try after sometime.'}}
2025-09-11 10:58:22,845 INFO sell-guard: [SG] SWKS: last=73.53 entry=76.23 pnl=-355 bps (tp=200 stop=100) hold=2738m lim=73.47 free=1 -> stop=True tp=False timeout=False
2025-09-11 10:58:22,847 DEBUG sell-guard: sell window check: start=0935 end=1555 now=1058
2025-09-11 10:58:23,011 ERROR sell-guard: SWKS ARM HARD STOP failed: etrade POST /accounts/kW8LbkuGisPCK9Ey7C8iWA/orders/preview.json -> 400: {'Error': {'code': 2084, 'message': 'IMPORTANT: The stop price must be at least $0.01 below the current bid price for sell orders ($0.01 below the most recent closing price if the market is closed). Please adjust the stop price and resubmit your order.'}}
2025-09-11 10:58:25,950 INFO sell-guard: [SG] PCG: last=15.48 entry=14.86 pnl=+421 bps (tp=200 stop=100) hold=2724m lim=15.48 free=1 -> stop=False tp=True timeout=False
2025-09-11 10:58:25,951 DEBUG sell-guard: sell window check: start=0935 end=1555 now=1058
2025-09-11 10:58:26,762 WARNING sell-guard: PCG SELL place 500/code100 (try 1/4), backing off 2.0s
2025-09-11 10:58:29,474 WARNING sell-guard: PCG SELL place 500/code100 (try 2/4), backing off 3.2s
2025-09-11 10:58:33,383 WARNING sell-guard: PCG SELL place 500/code100 (try 3/4), backing off 5.1s
2025-09-11 10:58:39,774 WARNING sell-guard: PCG SELL place 500/code100 (try 4/4), backing off 8.2s
2025-09-11 10:58:47,969 WARNING sell-guard: E*TRADE circuit OPEN for 60s due to repeated 500/code100
2025-09-11 10:58:47,969 ERROR sell-guard: PCG SELL_TARGET place failed: etrade POST /accounts/kW8LbkuGisPCK9Ey7C8iWA/orders/place.json -> 500: {'Error': {'code': 100, 'message': 'The requested service is not currently available, please try after sometime.'}}
2025-09-11 10:58:48,863 ERROR sell-guard: PCG SELL_TARGET MARKET fallback failed: etrade POST /accounts/kW8LbkuGisPCK9Ey7C8iWA/orders/place.json -> 500: {'Error': {'code': 100, 'message': 'The requested service is not currently available, please try after sometime.'}}
2025-09-11 10:58:51,857 INFO sell-guard: [SG] NCLH: last=26.11 entry=25.25 pnl=+342 bps (tp=200 stop=100) hold=2751m lim=26.11 free=3 -> stop=False tp=True timeout=False
2025-09-11 10:58:51,860 DEBUG sell-guard: sell window check: start=0935 end=1555 now=1058
2025-09-11 10:58:52,557 WARNING sell-guard: NCLH SELL place 500/code100 (try 1/4), backing off 2.0s
2025-09-11 10:58:55,310 WARNING sell-guard: NCLH SELL place 500/code100 (try 2/4), backing off 3.2s
2025-09-11 10:58:59,237 WARNING sell-guard: NCLH SELL place 500/code100 (try 3/4), backing off 5.1s
2025-09-11 10:59:05,133 WARNING sell-guard: NCLH SELL place 500/code100 (try 4/4), backing off 8.2s
2025-09-11 10:59:13,326 WARNING sell-guard: E*TRADE circuit OPEN for 60s due to repeated 500/code100
2025-09-11 10:59:13,327 ERROR sell-guard: NCLH SELL_TARGET place failed: etrade POST /accounts/kW8LbkuGisPCK9Ey7C8iWA/orders/place.json -> 500: {'Error': {'code': 100, 'message': 'The requested service is not currently available, please try after sometime.'}}
2025-09-11 10:59:14,053 ERROR sell-guard: NCLH SELL_TARGET MARKET fallback failed: etrade POST /accounts/kW8LbkuGisPCK9Ey7C8iWA/orders/place.json -> 500: {'Error': {'code': 100, 'message': 'The requested service is not currently available, please try after sometime.'}}
2025-09-11 10:59:16,860 INFO sell-guard: [SG] IVZ: last=22.63 entry=22.35 pnl=+125 bps (tp=200 stop=100) hold=2772m lim=22.63 free=4 -> stop=False tp=False timeout=False
2025-09-11 10:59:16,861 DEBUG sell-guard: sell window check: start=0935 end=1555 now=1059
2025-09-11 10:59:19,975 INFO sell-guard: [SG] ENPH: last=38.29 entry=39.06 pnl=-197 bps (tp=200 stop=100) hold=2766m lim=38.27 free=2 -> stop=True tp=False timeout=False
2025-09-11 10:59:19,976 DEBUG sell-guard: sell window check: start=0935 end=1555 now=1059
2025-09-11 10:59:20,135 ERROR sell-guard: ENPH ARM HARD STOP failed: etrade POST /accounts/kW8LbkuGisPCK9Ey7C8iWA/orders/preview.json -> 400: {'Error': {'code': 2084, 'message': 'IMPORTANT: The stop price must be at least $0.01 below the current bid price for sell orders ($0.01 below the most recent closing price if the market is closed). Please adjust the stop price and resubmit your order.'}}
2025-09-11 10:59:23,087 INFO sell-guard: [SG] WBD: last=13.13 entry=12.21 pnl=+758 bps (tp=200 stop=100) hold=4013m lim=13.13 free=1 -> stop=False tp=True timeout=False
2025-09-11 10:59:23,089 DEBUG sell-guard: sell window check: start=0935 end=1555 now=1059
2025-09-11 10:59:23,793 WARNING sell-guard: WBD SELL place 500/code100 (try 1/4), backing off 2.0s
2025-09-11 10:59:26,590 WARNING sell-guard: WBD SELL place 500/code100 (try 2/4), backing off 3.2s
2025-09-11 10:59:30,555 WARNING sell-guard: WBD SELL place 500/code100 (try 3/4), backing off 5.1s
2025-09-11 10:59:36,499 WARNING sell-guard: WBD SELL place 500/code100 (try 4/4), backing off 8.2s
2025-09-11 10:59:44,703 WARNING sell-guard: E*TRADE circuit OPEN for 60s due to repeated 500/code100
2025-09-11 10:59:44,706 ERROR sell-guard: WBD SELL_TARGET place failed: etrade POST /accounts/kW8LbkuGisPCK9Ey7C8iWA/orders/place.json -> 500: {'Error': {'code': 100, 'message': 'The requested service is not currently available, please try after sometime.'}}
2025-09-11 10:59:45,386 ERROR sell-guard: WBD SELL_TARGET MARKET fallback failed: etrade POST /accounts/kW8LbkuGisPCK9Ey7C8iWA/orders/place.json -> 500: {'Error': {'code': 100, 'message': 'The requested service is not currently available, please try after sometime.'}}
2025-09-11 10:59:45,387 INFO sell-guard: ⏱ heartbeat: loop alive (account=kW8LbkuGisPCK9Ey7C8iWA)
2025-09-11 10:59:45,390 INFO sell-guard: E*TRADE unstable; skipping tick (circuit open, 59s left)
2025-09-11 11:00:15,392 INFO sell-guard: ⏱ heartbeat: loop alive (account=kW8LbkuGisPCK9Ey7C8iWA)
2025-09-11 11:00:15,392 INFO sell-guard: E*TRADE unstable; skipping tick (circuit open, 29s left)
2025-09-11 11:00:45,397 INFO sell-guard: ⏱ heartbeat: loop alive (account=kW8LbkuGisPCK9Ey7C8iWA)
2025-09-11 11:00:45,918 INFO sell-guard: positions via get_positions -> 21 symbol(s)
2025-09-11 11:00:45,919 INFO sell-guard: Managing 7 symbol(s): CVS,SWKS,PCG,NCLH,IVZ,ENPH,WBD
2025-09-11 11:00:51,411 INFO sell-guard: [SG] CVS: last=74.27 entry=70.96 pnl=+466 bps (tp=200 stop=100) hold=2751m lim=74.26 free=1 -> stop=False tp=True timeout=False
2025-09-11 11:00:51,412 DEBUG sell-guard: sell window check: start=0935 end=1555 now=1100
2025-09-11 11:00:52,131 WARNING sell-guard: CVS SELL place 500/code100 (try 1/4), backing off 2.0s
2025-09-11 11:00:54,826 WARNING sell-guard: CVS SELL place 500/code100 (try 2/4), backing off 3.2s
2025-09-11 11:00:58,803 WARNING sell-guard: CVS SELL place 500/code100 (try 3/4), backing off 5.1s
2025-09-11 11:01:04,617 WARNING sell-guard: CVS SELL place 500/code100 (try 4/4), backing off 8.2s
2025-09-11 11:01:12,810 WARNING sell-guard: E*TRADE circuit OPEN for 60s due to repeated 500/code100
2025-09-11 11:01:12,810 ERROR sell-guard: CVS SELL_TARGET place failed: etrade POST /accounts/kW8LbkuGisPCK9Ey7C8iWA/orders/place.json -> 500: {'Error': {'code': 100, 'message': 'The requested service is not currently available, please try after sometime.'}}
2025-09-11 11:01:13,859 ERROR sell-guard: CVS SELL_TARGET MARKET fallback failed: etrade POST /accounts/kW8LbkuGisPCK9Ey7C8iWA/orders/place.json -> 500: {'Error': {'code': 100, 'message': 'The requested service is not currently available, please try after sometime.'}}
2025-09-11 11:01:16,922 INFO sell-guard: [SG] SWKS: last=73.53 entry=76.23 pnl=-354 bps (tp=200 stop=100) hold=2741m lim=73.51 free=1 -> stop=True tp=False timeout=False
2025-09-11 11:01:16,923 DEBUG sell-guard: sell window check: start=0935 end=1555 now=1101
2025-09-11 11:01:17,083 ERROR sell-guard: SWKS ARM HARD STOP failed: etrade POST /accounts/kW8LbkuGisPCK9Ey7C8iWA/orders/preview.json -> 400: {'Error': {'code': 2084, 'message': 'IMPORTANT: The stop price must be at least $0.01 below the current bid price for sell orders ($0.01 below the most recent closing price if the market is closed). Please adjust the stop price and resubmit your order.'}}
2025-09-11 11:01:20,081 INFO sell-guard: [SG] PCG: last=15.47 entry=14.86 pnl=+414 bps (tp=200 stop=100) hold=2727m lim=15.47 free=1 -> stop=False tp=True timeout=False
2025-09-11 11:01:20,082 DEBUG sell-guard: sell window check: start=0935 end=1555 now=1101
2025-09-11 11:01:20,963 WARNING sell-guard: PCG SELL place 500/code100 (try 1/4), backing off 2.0s
2025-09-11 11:01:23,817 WARNING sell-guard: PCG SELL place 500/code100 (try 2/4), backing off 3.2s
2025-09-11 11:01:27,853 WARNING sell-guard: PCG SELL place 500/code100 (try 3/4), backing off 5.1s
2025-09-11 11:01:33,703 WARNING sell-guard: PCG SELL place 500/code100 (try 4/4), backing off 8.2s
2025-09-11 11:01:41,896 WARNING sell-guard: E*TRADE circuit OPEN for 60s due to repeated 500/code100
2025-09-11 11:01:41,897 ERROR sell-guard: PCG SELL_TARGET place failed: etrade POST /accounts/kW8LbkuGisPCK9Ey7C8iWA/orders/place.json -> 500: {'Error': {'code': 100, 'message': 'The requested service is not currently available, please try after sometime.'}}
2025-09-11 11:01:42,638 ERROR sell-guard: PCG SELL_TARGET MARKET fallback failed: etrade POST /accounts/kW8LbkuGisPCK9Ey7C8iWA/orders/place.json -> 500: {'Error': {'code': 100, 'message': 'The requested service is not currently available, please try after sometime.'}}
2025-09-11 11:01:45,794 INFO sell-guard: [SG] NCLH: last=26.15 entry=25.25 pnl=+356 bps (tp=200 stop=100) hold=2754m lim=26.14 free=3 -> stop=False tp=True timeout=False
2025-09-11 11:01:45,805 DEBUG sell-guard: sell window check: start=0935 end=1555 now=1101
2025-09-11 11:01:46,574 WARNING sell-guard: NCLH SELL place 500/code100 (try 1/4), backing off 2.0s
2025-09-11 11:01:49,415 WARNING sell-guard: NCLH SELL place 500/code100 (try 2/4), backing off 3.2s
2025-09-11 11:01:53,362 WARNING sell-guard: NCLH SELL place 500/code100 (try 3/4), backing off 5.1s
2025-09-11 11:01:59,232 WARNING sell-guard: NCLH SELL place 500/code100 (try 4/4), backing off 8.2s
2025-09-11 11:02:07,426 WARNING sell-guard: E*TRADE circuit OPEN for 60s due to repeated 500/code100
2025-09-11 11:02:07,426 ERROR sell-guard: NCLH SELL_TARGET place failed: etrade POST /accounts/kW8LbkuGisPCK9Ey7C8iWA/orders/place.json -> 500: {'Error': {'code': 100, 'message': 'The requested service is not currently available, please try after sometime.'}}
2025-09-11 11:02:08,328 ERROR sell-guard: NCLH SELL_TARGET MARKET fallback failed: etrade POST /accounts/kW8LbkuGisPCK9Ey7C8iWA/orders/place.json -> 500: {'Error': {'code': 100, 'message': 'The requested service is not currently available, please try after sometime.'}}
2025-09-11 11:02:11,651 INFO sell-guard: [SG] IVZ: last=22.61 entry=22.35 pnl=+119 bps (tp=200 stop=100) hold=2775m lim=22.61 free=4 -> stop=False tp=False timeout=False
2025-09-11 11:02:11,652 DEBUG sell-guard: sell window check: start=0935 end=1555 now=1102
2025-09-11 11:02:14,714 INFO sell-guard: [SG] ENPH: last=38.23 entry=39.06 pnl=-211 bps (tp=200 stop=100) hold=2769m lim=38.22 free=2 -> stop=True tp=False timeout=False
2025-09-11 11:02:14,715 DEBUG sell-guard: sell window check: start=0935 end=1555 now=1102
2025-09-11 11:02:14,900 ERROR sell-guard: ENPH ARM HARD STOP failed: etrade POST /accounts/kW8LbkuGisPCK9Ey7C8iWA/orders/preview.json -> 400: {'Error': {'code': 2084, 'message': 'IMPORTANT: The stop price must be at least $0.01 below the current bid price for sell orders ($0.01 below the most recent closing price if the market is closed). Please adjust the stop price and resubmit your order.'}}
2025-09-11 11:02:18,219 INFO sell-guard: [SG] WBD: last=13.07 entry=12.21 pnl=+708 bps (tp=200 stop=100) hold=4016m lim=13.07 free=1 -> stop=False tp=True timeout=False
2025-09-11 11:02:18,220 DEBUG sell-guard: sell window check: start=0935 end=1555 now=1102
2025-09-11 11:02:19,043 WARNING sell-guard: WBD SELL place 500/code100 (try 1/4), backing off 2.0s
2025-09-11 11:02:21,804 WARNING sell-guard: WBD SELL place 500/code100 (try 2/4), backing off 3.2s
2025-09-11 11:02:26,039 WARNING sell-guard: WBD SELL place 500/code100 (try 3/4), backing off 5.1s
2025-09-11 11:02:31,868 WARNING sell-guard: WBD SELL place 500/code100 (try 4/4), backing off 8.2s
2025-09-11 11:02:40,061 WARNING sell-guard: E*TRADE circuit OPEN for 60s due to repeated 500/code100
2025-09-11 11:02:40,062 ERROR sell-guard: WBD SELL_TARGET place failed: etrade POST /accounts/kW8LbkuGisPCK9Ey7C8iWA/orders/place.json -> 500: {'Error': {'code': 100, 'message': 'The requested service is not currently available, please try after sometime.'}}
2025-09-11 11:02:41,068 ERROR sell-guard: WBD SELL_TARGET MARKET fallback failed: etrade POST /accounts/kW8LbkuGisPCK9Ey7C8iWA/orders/place.json -> 500: {'Error': {'code': 100, 'message': 'The requested service is not currently available, please try after sometime.'}}
2025-09-11 11:02:41,069 INFO sell-guard: ⏱ heartbeat: loop alive (account=kW8LbkuGisPCK9Ey7C8iWA)
2025-09-11 11:02:41,071 INFO sell-guard: E*TRADE unstable; skipping tick (circuit open, 58s left)
2025-09-11 11:03:11,073 INFO sell-guard: ⏱ heartbeat: loop alive (account=kW8LbkuGisPCK9Ey7C8iWA)
2025-09-11 11:03:11,074 INFO sell-guard: E*TRADE unstable; skipping tick (circuit open, 28s left)
2025-09-11 11:03:41,078 INFO sell-guard: ⏱ heartbeat: loop alive (account=kW8LbkuGisPCK9Ey7C8iWA)
2025-09-11 11:03:41,614 INFO sell-guard: positions via get_positions -> 21 symbol(s)
2025-09-11 11:03:41,615 INFO sell-guard: Managing 7 symbol(s): CVS,SWKS,PCG,NCLH,IVZ,ENPH,WBD
2025-09-11 11:03:46,703 INFO sell-guard: [SG] CVS: last=74.37 entry=70.96 pnl=+481 bps (tp=200 stop=100) hold=2754m lim=74.35 free=1 -> stop=False tp=True timeout=False
2025-09-11 11:03:46,704 DEBUG sell-guard: sell window check: start=0935 end=1555 now=1103
2025-09-11 11:03:47,459 WARNING sell-guard: CVS SELL place 500/code100 (try 1/4), backing off 2.0s
2025-09-11 11:03:50,351 WARNING sell-guard: CVS SELL place 500/code100 (try 2/4), backing off 3.2s
2025-09-11 11:03:54,453 WARNING sell-guard: CVS SELL place 500/code100 (try 3/4), backing off 5.1s
2025-09-11 11:04:00,421 WARNING sell-guard: CVS SELL place 500/code100 (try 4/4), backing off 8.2s
2025-09-11 11:04:08,615 WARNING sell-guard: E*TRADE circuit OPEN for 60s due to repeated 500/code100
2025-09-11 11:04:08,616 ERROR sell-guard: CVS SELL_TARGET place failed: etrade POST /accounts/kW8LbkuGisPCK9Ey7C8iWA/orders/place.json -> 500: {'Error': {'code': 100, 'message': 'The requested service is not currently available, please try after sometime.'}}
2025-09-11 11:04:09,442 ERROR sell-guard: CVS SELL_TARGET MARKET fallback failed: etrade POST /accounts/kW8LbkuGisPCK9Ey7C8iWA/orders/place.json -> 500: {'Error': {'code': 100, 'message': 'The requested service is not currently available, please try after sometime.'}}
2025-09-11 11:04:12,564 INFO sell-guard: [SG] SWKS: last=73.67 entry=76.23 pnl=-336 bps (tp=200 stop=100) hold=2744m lim=73.62 free=1 -> stop=True tp=False timeout=False
2025-09-11 11:04:12,565 DEBUG sell-guard: sell window check: start=0935 end=1555 now=1104
2025-09-11 11:04:12,865 ERROR sell-guard: SWKS ARM HARD STOP failed: etrade POST /accounts/kW8LbkuGisPCK9Ey7C8iWA/orders/preview.json -> 400: {'Error': {'code': 2084, 'message': 'IMPORTANT: The stop price must be at least $0.01 below the current bid price for sell orders ($0.01 below the most recent closing price if the market is closed). Please adjust the stop price and resubmit your order.'}}
2025-09-11 11:04:16,510 INFO sell-guard: [SG] PCG: last=15.48 entry=14.86 pnl=+421 bps (tp=200 stop=100) hold=2730m lim=15.48 free=1 -> stop=False tp=True timeout=False
2025-09-11 11:04:16,511 DEBUG sell-guard: sell window check: start=0935 end=1555 now=1104
2025-09-11 11:04:17,556 WARNING sell-guard: PCG SELL place 500/code100 (try 1/4), backing off 2.0s
2025-09-11 11:04:20,278 WARNING sell-guard: PCG SELL place 500/code100 (try 2/4), backing off 3.2s
2025-09-11 11:04:24,230 WARNING sell-guard: PCG SELL place 500/code100 (try 3/4), backing off 5.1s
2025-09-11 11:04:30,253 WARNING sell-guard: PCG SELL place 500/code100 (try 4/4), backing off 8.2s
2025-09-11 11:04:38,447 WARNING sell-guard: E*TRADE circuit OPEN for 60s due to repeated 500/code100
2025-09-11 11:04:38,457 ERROR sell-guard: PCG SELL_TARGET place failed: etrade POST /accounts/kW8LbkuGisPCK9Ey7C8iWA/orders/place.json -> 500: {'Error': {'code': 100, 'message': 'The requested service is not currently available, please try after sometime.'}}
2025-09-11 11:04:39,273 ERROR sell-guard: PCG SELL_TARGET MARKET fallback failed: etrade POST /accounts/kW8LbkuGisPCK9Ey7C8iWA/orders/place.json -> 500: {'Error': {'code': 100, 'message': 'The requested service is not currently available, please try after sometime.'}}
2025-09-11 11:04:42,259 INFO sell-guard: [SG] NCLH: last=26.07 entry=25.25 pnl=+325 bps (tp=200 stop=100) hold=2757m lim=26.06 free=3 -> stop=False tp=True timeout=False
2025-09-11 11:04:42,272 DEBUG sell-guard: sell window check: start=0935 end=1555 now=1104
2025-09-11 11:04:43,155 WARNING sell-guard: NCLH SELL place 500/code100 (try 1/4), backing off 2.0s
2025-09-11 11:04:45,923 WARNING sell-guard: NCLH SELL place 500/code100 (try 2/4), backing off 3.2s
2025-09-11 11:04:50,036 WARNING sell-guard: NCLH SELL place 500/code100 (try 3/4), backing off 5.1s
2025-09-11 11:04:56,095 WARNING sell-guard: NCLH SELL place 500/code100 (try 4/4), backing off 8.2s
2025-09-11 11:05:04,289 WARNING sell-guard: E*TRADE circuit OPEN for 60s due to repeated 500/code100
2025-09-11 11:05:04,289 ERROR sell-guard: NCLH SELL_TARGET place failed: etrade POST /accounts/kW8LbkuGisPCK9Ey7C8iWA/orders/place.json -> 500: {'Error': {'code': 100, 'message': 'The requested service is not currently available, please try after sometime.'}}
2025-09-11 11:05:05,091 ERROR sell-guard: NCLH SELL_TARGET MARKET fallback failed: etrade POST /accounts/kW8LbkuGisPCK9Ey7C8iWA/orders/place.json -> 500: {'Error': {'code': 100, 'message': 'The requested service is not currently available, please try after sometime.'}}
2025-09-11 11:05:08,202 INFO sell-guard: [SG] IVZ: last=22.62 entry=22.35 pnl=+119 bps (tp=200 stop=100) hold=2778m lim=22.60 free=4 -> stop=False tp=False timeout=False
2025-09-11 11:05:08,204 DEBUG sell-guard: sell window check: start=0935 end=1555 now=1105
2025-09-11 11:05:11,493 INFO sell-guard: [SG] ENPH: last=38.20 entry=39.06 pnl=-220 bps (tp=200 stop=100) hold=2772m lim=38.15 free=2 -> stop=True tp=False timeout=False
2025-09-11 11:05:11,494 DEBUG sell-guard: sell window check: start=0935 end=1555 now=1105
2025-09-11 11:05:11,661 ERROR sell-guard: ENPH ARM HARD STOP failed: etrade POST /accounts/kW8LbkuGisPCK9Ey7C8iWA/orders/preview.json -> 400: {'Error': {'code': 2084, 'message': 'IMPORTANT: The stop price must be at least $0.01 below the current bid price for sell orders ($0.01 below the most recent closing price if the market is closed). Please adjust the stop price and resubmit your order.'}}
2025-09-11 11:05:14,754 INFO sell-guard: [SG] WBD: last=13.09 entry=12.21 pnl=+725 bps (tp=200 stop=100) hold=4019m lim=13.09 free=1 -> stop=False tp=True timeout=False
2025-09-11 11:05:14,755 DEBUG sell-guard: sell window check: start=0935 end=1555 now=1105
2025-09-11 11:05:15,488 WARNING sell-guard: WBD SELL place 500/code100 (try 1/4), backing off 2.0s
2025-09-11 11:05:18,415 WARNING sell-guard: WBD SELL place 500/code100 (try 2/4), backing off 3.2s
2025-09-11 11:05:22,419 WARNING sell-guard: WBD SELL place 500/code100 (try 3/4), backing off 5.1s
2025-09-11 11:05:28,299 WARNING sell-guard: WBD SELL place 500/code100 (try 4/4), backing off 8.2s
2025-09-11 11:05:36,493 WARNING sell-guard: E*TRADE circuit OPEN for 60s due to repeated 500/code100
2025-09-11 11:05:36,494 ERROR sell-guard: WBD SELL_TARGET place failed: etrade POST /accounts/kW8LbkuGisPCK9Ey7C8iWA/orders/place.json -> 500: {'Error': {'code': 100, 'message': 'The requested service is not currently available, please try after sometime.'}}
2025-09-11 11:05:37,310 ERROR sell-guard: WBD SELL_TARGET MARKET fallback failed: etrade POST /accounts/kW8LbkuGisPCK9Ey7C8iWA/orders/place.json -> 500: {'Error': {'code': 100, 'message': 'The requested service is not currently available, please try after sometime.'}}
2025-09-11 11:05:37,311 INFO sell-guard: ⏱ heartbeat: loop alive (account=kW8LbkuGisPCK9Ey7C8iWA)
2025-09-11 11:05:37,314 INFO sell-guard: E*TRADE unstable; skipping tick (circuit open, 59s left)
2025-09-11 11:06:07,316 INFO sell-guard: ⏱ heartbeat: loop alive (account=kW8LbkuGisPCK9Ey7C8iWA)
2025-09-11 11:06:07,317 INFO sell-guard: E*TRADE unstable; skipping tick (circuit open, 29s left)
2025-09-11 11:06:37,324 INFO sell-guard: ⏱ heartbeat: loop alive (account=kW8LbkuGisPCK9Ey7C8iWA)
2025-09-11 11:06:37,869 INFO sell-guard: positions via get_positions -> 21 symbol(s)
2025-09-11 11:06:37,870 INFO sell-guard: Managing 7 symbol(s): CVS,SWKS,PCG,NCLH,IVZ,ENPH,WBD
2025-09-11 11:06:43,986 INFO sell-guard: [SG] CVS: last=74.50 entry=70.96 pnl=+499 bps (tp=200 stop=100) hold=2757m lim=74.49 free=1 -> stop=False tp=True timeout=False
2025-09-11 11:06:43,987 DEBUG sell-guard: sell window check: start=0935 end=1555 now=1106
2025-09-11 11:06:44,692 WARNING sell-guard: CVS SELL place 500/code100 (try 1/4), backing off 2.0s
2025-09-11 11:06:47,595 WARNING sell-guard: CVS SELL place 500/code100 (try 2/4), backing off 3.2s
2025-09-11 11:06:51,738 WARNING sell-guard: CVS SELL place 500/code100 (try 3/4), backing off 5.1s
2025-09-11 11:06:57,709 WARNING sell-guard: CVS SELL place 500/code100 (try 4/4), backing off 8.2s
2025-09-11 11:07:05,903 WARNING sell-guard: E*TRADE circuit OPEN for 60s due to repeated 500/code100
2025-09-11 11:07:05,904 ERROR sell-guard: CVS SELL_TARGET place failed: etrade POST /accounts/kW8LbkuGisPCK9Ey7C8iWA/orders/place.json -> 500: {'Error': {'code': 100, 'message': 'The requested service is not currently available, please try after sometime.'}}
2025-09-11 11:07:06,785 ERROR sell-guard: CVS SELL_TARGET MARKET fallback failed: etrade POST /accounts/kW8LbkuGisPCK9Ey7C8iWA/orders/place.json -> 500: {'Error': {'code': 100, 'message': 'The requested service is not currently available, please try after sometime.'}}
2025-09-11 11:07:09,861 WARNING sell-guard: available_to_sell failed for SWKS: 400 Client Error: 400 for url: https://api.etrade.com/v1/accounts/kW8LbkuGisPCK9Ey7C8iWA/portfolio.json?instType=BROKERAGE
2025-09-11 11:07:09,862 INFO sell-guard: Skip SWKS SELL: free=0 (reserved by open sell order)
2025-09-11 11:07:12,906 INFO sell-guard: [SG] PCG: last=15.46 entry=14.86 pnl=+407 bps (tp=200 stop=100) hold=2733m lim=15.46 free=1 -> stop=False tp=True timeout=False
2025-09-11 11:07:12,907 DEBUG sell-guard: sell window check: start=0935 end=1555 now=1107
2025-09-11 11:07:13,624 WARNING sell-guard: PCG SELL place 500/code100 (try 1/4), backing off 2.0s
2025-09-11 11:07:16,357 WARNING sell-guard: PCG SELL place 500/code100 (try 2/4), backing off 3.2s
2025-09-11 11:07:20,298 WARNING sell-guard: PCG SELL place 500/code100 (try 3/4), backing off 5.1s
2025-09-11 11:07:26,180 WARNING sell-guard: PCG SELL place 500/code100 (try 4/4), backing off 8.2s
2025-09-11 11:07:34,374 WARNING sell-guard: E*TRADE circuit OPEN for 60s due to repeated 500/code100
2025-09-11 11:07:34,376 ERROR sell-guard: PCG SELL_TARGET place failed: etrade POST /accounts/kW8LbkuGisPCK9Ey7C8iWA/orders/place.json -> 500: {'Error': {'code': 100, 'message': 'The requested service is not currently available, please try after sometime.'}}
2025-09-11 11:07:35,164 ERROR sell-guard: PCG SELL_TARGET MARKET fallback failed: etrade POST /accounts/kW8LbkuGisPCK9Ey7C8iWA/orders/place.json -> 500: {'Error': {'code': 100, 'message': 'The requested service is not currently available, please try after sometime.'}}
2025-09-11 11:07:38,222 INFO sell-guard: [SG] NCLH: last=26.09 entry=25.25 pnl=+335 bps (tp=200 stop=100) hold=2760m lim=26.09 free=3 -> stop=False tp=True timeout=False
2025-09-11 11:07:38,223 DEBUG sell-guard: sell window check: start=0935 end=1555 now=1107
2025-09-11 11:07:38,877 WARNING sell-guard: NCLH SELL place 500/code100 (try 1/4), backing off 2.0s
2025-09-11 11:07:41,552 WARNING sell-guard: NCLH SELL place 500/code100 (try 2/4), backing off 3.2s
2025-09-11 11:07:45,526 WARNING sell-guard: NCLH SELL place 500/code100 (try 3/4), backing off 5.1s
2025-09-11 11:07:51,407 WARNING sell-guard: NCLH SELL place 500/code100 (try 4/4), backing off 8.2s
2025-09-11 11:07:59,600 WARNING sell-guard: E*TRADE circuit OPEN for 60s due to repeated 500/code100
2025-09-11 11:07:59,601 ERROR sell-guard: NCLH SELL_TARGET place failed: etrade POST /accounts/kW8LbkuGisPCK9Ey7C8iWA/orders/place.json -> 500: {'Error': {'code': 100, 'message': 'The requested service is not currently available, please try after sometime.'}}
2025-09-11 11:08:00,306 ERROR sell-guard: NCLH SELL_TARGET MARKET fallback failed: etrade POST /accounts/kW8LbkuGisPCK9Ey7C8iWA/orders/place.json -> 500: {'Error': {'code': 100, 'message': 'The requested service is not currently available, please try after sometime.'}}
2025-09-11 11:08:03,303 INFO sell-guard: [SG] IVZ: last=22.55 entry=22.35 pnl=+92 bps (tp=200 stop=100) hold=2781m lim=22.55 free=4 -> stop=False tp=False timeout=False
2025-09-11 11:08:03,303 DEBUG sell-guard: sell window check: start=0935 end=1555 now=1108
2025-09-11 11:08:06,407 INFO sell-guard: [SG] ENPH: last=38.18 entry=39.06 pnl=-225 bps (tp=200 stop=100) hold=2775m lim=38.16 free=2 -> stop=True tp=False timeout=False
2025-09-11 11:08:06,408 DEBUG sell-guard: sell window check: start=0935 end=1555 now=1108
2025-09-11 11:08:06,575 ERROR sell-guard: ENPH ARM HARD STOP failed: etrade POST /accounts/kW8LbkuGisPCK9Ey7C8iWA/orders/preview.json -> 400: {'Error': {'code': 2084, 'message': 'IMPORTANT: The stop price must be at least $0.01 below the current bid price for sell orders ($0.01 below the most recent closing price if the market is closed). Please adjust the stop price and resubmit your order.'}}
2025-09-11 11:08:09,637 INFO sell-guard: [SG] WBD: last=13.12 entry=12.21 pnl=+741 bps (tp=200 stop=100) hold=4022m lim=13.11 free=1 -> stop=False tp=True timeout=False
2025-09-11 11:08:09,638 DEBUG sell-guard: sell window check: start=0935 end=1555 now=1108
2025-09-11 11:08:10,366 WARNING sell-guard: WBD SELL place 500/code100 (try 1/4), backing off 2.0s
2025-09-11 11:08:13,123 WARNING sell-guard: WBD SELL place 500/code100 (try 2/4), backing off 3.2s
2025-09-11 11:08:17,013 WARNING sell-guard: WBD SELL place 500/code100 (try 3/4), backing off 5.1s
2025-09-11 11:08:22,799 WARNING sell-guard: WBD SELL place 500/code100 (try 4/4), backing off 8.2s
2025-09-11 11:08:30,993 WARNING sell-guard: E*TRADE circuit OPEN for 60s due to repeated 500/code100
2025-09-11 11:08:30,994 ERROR sell-guard: WBD SELL_TARGET place failed: etrade POST /accounts/kW8LbkuGisPCK9Ey7C8iWA/orders/place.json -> 500: {'Error': {'code': 100, 'message': 'The requested service is not currently available, please try after sometime.'}}
2025-09-11 11:08:31,824 ERROR sell-guard: WBD SELL_TARGET MARKET fallback failed: etrade POST /accounts/kW8LbkuGisPCK9Ey7C8iWA/orders/place.json -> 500: {'Error': {'code': 100, 'message': 'The requested service is not currently available, please try after sometime.'}}
2025-09-11 11:08:31,828 INFO sell-guard: ⏱ heartbeat: loop alive (account=kW8LbkuGisPCK9Ey7C8iWA)
2025-09-11 11:08:31,832 INFO sell-guard: E*TRADE unstable; skipping tick (circuit open, 59s left)
2025-09-11 11:09:01,834 INFO sell-guard: ⏱ heartbeat: loop alive (account=kW8LbkuGisPCK9Ey7C8iWA)
2025-09-11 11:09:01,835 INFO sell-guard: E*TRADE unstable; skipping tick (circuit open, 29s left)
2025-09-11 11:09:31,844 INFO sell-guard: ⏱ heartbeat: loop alive (account=kW8LbkuGisPCK9Ey7C8iWA)
2025-09-11 11:09:32,332 INFO sell-guard: positions via get_positions -> 21 symbol(s)
2025-09-11 11:09:32,333 INFO sell-guard: Managing 7 symbol(s): CVS,SWKS,PCG,NCLH,IVZ,ENPH,WBD
2025-09-11 11:09:37,507 INFO sell-guard: [SG] CVS: last=74.50 entry=70.96 pnl=+498 bps (tp=200 stop=100) hold=2760m lim=74.48 free=1 -> stop=False tp=True timeout=False
2025-09-11 11:09:37,508 DEBUG sell-guard: sell window check: start=0935 end=1555 now=1109
2025-09-11 11:09:38,312 WARNING sell-guard: CVS SELL place 500/code100 (try 1/4), backing off 2.0s
2025-09-11 11:09:41,038 WARNING sell-guard: CVS SELL place 500/code100 (try 2/4), backing off 3.2s
2025-09-11 11:09:45,037 WARNING sell-guard: CVS SELL place 500/code100 (try 3/4), backing off 5.1s
2025-09-11 11:09:50,883 WARNING sell-guard: CVS SELL place 500/code100 (try 4/4), backing off 8.2s
2025-09-11 11:09:59,077 WARNING sell-guard: E*TRADE circuit OPEN for 60s due to repeated 500/code100
2025-09-11 11:09:59,079 ERROR sell-guard: CVS SELL_TARGET place failed: etrade POST /accounts/kW8LbkuGisPCK9Ey7C8iWA/orders/place.json -> 500: {'Error': {'code': 100, 'message': 'The requested service is not currently available, please try after sometime.'}}
2025-09-11 11:09:59,837 ERROR sell-guard: CVS SELL_TARGET MARKET fallback failed: etrade POST /accounts/kW8LbkuGisPCK9Ey7C8iWA/orders/place.json -> 500: {'Error': {'code': 100, 'message': 'The requested service is not currently available, please try after sometime.'}}
2025-09-11 11:10:03,024 INFO sell-guard: [SG] SWKS: last=73.52 entry=76.23 pnl=-356 bps (tp=200 stop=100) hold=2750m lim=73.47 free=1 -> stop=True tp=False timeout=False
2025-09-11 11:10:03,025 DEBUG sell-guard: sell window check: start=0935 end=1555 now=1110
2025-09-11 11:10:03,202 ERROR sell-guard: SWKS ARM HARD STOP failed: etrade POST /accounts/kW8LbkuGisPCK9Ey7C8iWA/orders/preview.json -> 400: {'Error': {'code': 2084, 'message': 'IMPORTANT: The stop price must be at least $0.01 below the current bid price for sell orders ($0.01 below the most recent closing price if the market is closed). Please adjust the stop price and resubmit your order.'}}
2025-09-11 11:10:06,324 INFO sell-guard: [SG] PCG: last=15.46 entry=14.86 pnl=+406 bps (tp=200 stop=100) hold=2736m lim=15.46 free=1 -> stop=False tp=True timeout=False
2025-09-11 11:10:06,327 DEBUG sell-guard: sell window check: start=0935 end=1555 now=1110
2025-09-11 11:10:07,144 WARNING sell-guard: PCG SELL place 500/code100 (try 1/4), backing off 2.0s
2025-09-11 11:10:09,967 WARNING sell-guard: PCG SELL place 500/code100 (try 2/4), backing off 3.2s
2025-09-11 11:10:14,040 WARNING sell-guard: PCG SELL place 500/code100 (try 3/4), backing off 5.1s
2025-09-11 11:10:19,880 WARNING sell-guard: PCG SELL place 500/code100 (try 4/4), backing off 8.2s
2025-09-11 11:10:28,073 WARNING sell-guard: E*TRADE circuit OPEN for 60s due to repeated 500/code100
2025-09-11 11:10:28,074 ERROR sell-guard: PCG SELL_TARGET place failed: etrade POST /accounts/kW8LbkuGisPCK9Ey7C8iWA/orders/place.json -> 500: {'Error': {'code': 100, 'message': 'The requested service is not currently available, please try after sometime.'}}
2025-09-11 11:10:28,908 ERROR sell-guard: PCG SELL_TARGET MARKET fallback failed: etrade POST /accounts/kW8LbkuGisPCK9Ey7C8iWA/orders/place.json -> 500: {'Error': {'code': 100, 'message': 'The requested service is not currently available, please try after sometime.'}}
2025-09-11 11:10:31,952 INFO sell-guard: [SG] NCLH: last=26.12 entry=25.25 pnl=+345 bps (tp=200 stop=100) hold=2763m lim=26.10 free=3 -> stop=False tp=True timeout=False
2025-09-11 11:10:31,954 DEBUG sell-guard: sell window check: start=0935 end=1555 now=1110
2025-09-11 11:10:32,756 WARNING sell-guard: NCLH SELL place 500/code100 (try 1/4), backing off 2.0s
2025-09-11 11:10:35,550 WARNING sell-guard: NCLH SELL place 500/code100 (try 2/4), backing off 3.2s
2025-09-11 11:10:39,502 WARNING sell-guard: NCLH SELL place 500/code100 (try 3/4), backing off 5.1s
2025-09-11 11:10:45,382 WARNING sell-guard: NCLH SELL place 500/code100 (try 4/4), backing off 8.2s
2025-09-11 11:10:53,576 WARNING sell-guard: E*TRADE circuit OPEN for 60s due to repeated 500/code100
2025-09-11 11:10:53,577 ERROR sell-guard: NCLH SELL_TARGET place failed: etrade POST /accounts/kW8LbkuGisPCK9Ey7C8iWA/orders/place.json -> 500: {'Error': {'code': 100, 'message': 'The requested service is not currently available, please try after sometime.'}}
2025-09-11 11:10:54,352 ERROR sell-guard: NCLH SELL_TARGET MARKET fallback failed: etrade POST /accounts/kW8LbkuGisPCK9Ey7C8iWA/orders/place.json -> 500: {'Error': {'code': 100, 'message': 'The requested service is not currently available, please try after sometime.'}}
2025-09-11 11:10:57,410 INFO sell-guard: [SG] IVZ: last=22.55 entry=22.35 pnl=+92 bps (tp=200 stop=100) hold=2784m lim=22.55 free=4 -> stop=False tp=False timeout=False
2025-09-11 11:10:57,411 DEBUG sell-guard: sell window check: start=0935 end=1555 now=1110
2025-09-11 11:11:00,617 INFO sell-guard: [SG] ENPH: last=38.14 entry=39.06 pnl=-236 bps (tp=200 stop=100) hold=2777m lim=38.13 free=2 -> stop=True tp=False timeout=False
2025-09-11 11:11:00,628 DEBUG sell-guard: sell window check: start=0935 end=1555 now=1111
2025-09-11 11:11:00,885 ERROR sell-guard: ENPH ARM HARD STOP failed: etrade POST /accounts/kW8LbkuGisPCK9Ey7C8iWA/orders/preview.json -> 400: {'Error': {'code': 2084, 'message': 'IMPORTANT: The stop price must be at least $0.01 below the current bid price for sell orders ($0.01 below the most recent closing price if the market is closed). Please adjust the stop price and resubmit your order.'}}
2025-09-11 11:11:03,896 INFO sell-guard: [SG] WBD: last=13.05 entry=12.21 pnl=+692 bps (tp=200 stop=100) hold=4025m lim=13.05 free=1 -> stop=False tp=True timeout=False
2025-09-11 11:11:03,899 DEBUG sell-guard: sell window check: start=0935 end=1555 now=1111
2025-09-11 11:11:04,662 WARNING sell-guard: WBD SELL place 500/code100 (try 1/4), backing off 2.0s
2025-09-11 11:11:07,367 WARNING sell-guard: WBD SELL place 500/code100 (try 2/4), backing off 3.2s
2025-09-11 11:11:11,342 WARNING sell-guard: WBD SELL place 500/code100 (try 3/4), backing off 5.1s
2025-09-11 11:11:17,245 WARNING sell-guard: WBD SELL place 500/code100 (try 4/4), backing off 8.2s
2025-09-11 11:11:25,439 WARNING sell-guard: E*TRADE circuit OPEN for 60s due to repeated 500/code100
2025-09-11 11:11:25,440 ERROR sell-guard: WBD SELL_TARGET place failed: etrade POST /accounts/kW8LbkuGisPCK9Ey7C8iWA/orders/place.json -> 500: {'Error': {'code': 100, 'message': 'The requested service is not currently available, please try after sometime.'}}
2025-09-11 11:11:26,162 ERROR sell-guard: WBD SELL_TARGET MARKET fallback failed: etrade POST /accounts/kW8LbkuGisPCK9Ey7C8iWA/orders/place.json -> 500: {'Error': {'code': 100, 'message': 'The requested service is not currently available, please try after sometime.'}}
2025-09-11 11:11:26,163 INFO sell-guard: ⏱ heartbeat: loop alive (account=kW8LbkuGisPCK9Ey7C8iWA)
2025-09-11 11:11:26,165 INFO sell-guard: E*TRADE unstable; skipping tick (circuit open, 59s left)
2025-09-11 11:11:56,167 INFO sell-guard: ⏱ heartbeat: loop alive (account=kW8LbkuGisPCK9Ey7C8iWA)
2025-09-11 11:11:56,168 INFO sell-guard: E*TRADE unstable; skipping tick (circuit open, 29s left)
2025-09-11 11:12:26,174 INFO sell-guard: ⏱ heartbeat: loop alive (account=kW8LbkuGisPCK9Ey7C8iWA)
2025-09-11 11:12:26,748 INFO sell-guard: positions via get_positions -> 21 symbol(s)
2025-09-11 11:12:26,850 INFO sell-guard: Managing 7 symbol(s): CVS,SWKS,PCG,NCLH,IVZ,ENPH,WBD
2025-09-11 11:12:32,267 INFO sell-guard: [SG] CVS: last=74.50 entry=70.96 pnl=+499 bps (tp=200 stop=100) hold=2763m lim=74.49 free=1 -> stop=False tp=True timeout=False
2025-09-11 11:12:32,268 DEBUG sell-guard: sell window check: start=0935 end=1555 now=1112
2025-09-11 11:12:33,057 WARNING sell-guard: CVS SELL place 500/code100 (try 1/4), backing off 2.0s
2025-09-11 11:12:35,749 WARNING sell-guard: CVS SELL place 500/code100 (try 2/4), backing off 3.2s
2025-09-11 11:12:39,712 WARNING sell-guard: CVS SELL place 500/code100 (try 3/4), backing off 5.1s
2025-09-11 11:12:45,602 WARNING sell-guard: CVS SELL place 500/code100 (try 4/4), backing off 8.2s
2025-09-11 11:12:53,796 WARNING sell-guard: E*TRADE circuit OPEN for 60s due to repeated 500/code100
2025-09-11 11:12:53,796 ERROR sell-guard: CVS SELL_TARGET place failed: etrade POST /accounts/kW8LbkuGisPCK9Ey7C8iWA/orders/place.json -> 500: {'Error': {'code': 100, 'message': 'The requested service is not currently available, please try after sometime.'}}
2025-09-11 11:12:54,486 ERROR sell-guard: CVS SELL_TARGET MARKET fallback failed: etrade POST /accounts/kW8LbkuGisPCK9Ey7C8iWA/orders/place.json -> 500: {'Error': {'code': 100, 'message': 'The requested service is not currently available, please try after sometime.'}}
2025-09-11 11:12:57,281 INFO sell-guard: [SG] SWKS: last=73.57 entry=76.23 pnl=-349 bps (tp=200 stop=100) hold=2753m lim=73.53 free=1 -> stop=True tp=False timeout=False
2025-09-11 11:12:57,282 DEBUG sell-guard: sell window check: start=0935 end=1555 now=1112
2025-09-11 11:12:57,456 ERROR sell-guard: SWKS ARM HARD STOP failed: etrade POST /accounts/kW8LbkuGisPCK9Ey7C8iWA/orders/preview.json -> 400: {'Error': {'code': 2084, 'message': 'IMPORTANT: The stop price must be at least $0.01 below the current bid price for sell orders ($0.01 below the most recent closing price if the market is closed). Please adjust the stop price and resubmit your order.'}}
2025-09-11 11:13:00,509 INFO sell-guard: [SG] PCG: last=15.47 entry=14.86 pnl=+411 bps (tp=200 stop=100) hold=2739m lim=15.47 free=1 -> stop=False tp=True timeout=False
2025-09-11 11:13:00,512 DEBUG sell-guard: sell window check: start=0935 end=1555 now=1113
2025-09-11 11:13:01,327 WARNING sell-guard: PCG SELL place 500/code100 (try 1/4), backing off 2.0s
2025-09-11 11:13:04,135 WARNING sell-guard: PCG SELL place 500/code100 (try 2/4), backing off 3.2s
2025-09-11 11:13:08,051 WARNING sell-guard: PCG SELL place 500/code100 (try 3/4), backing off 5.1s
2025-09-11 11:13:13,897 WARNING sell-guard: PCG SELL place 500/code100 (try 4/4), backing off 8.2s
2025-09-11 11:13:22,091 WARNING sell-guard: E*TRADE circuit OPEN for 60s due to repeated 500/code100
2025-09-11 11:13:22,091 ERROR sell-guard: PCG SELL_TARGET place failed: etrade POST /accounts/kW8LbkuGisPCK9Ey7C8iWA/orders/place.json -> 500: {'Error': {'code': 100, 'message': 'The requested service is not currently available, please try after sometime.'}}
2025-09-11 11:13:22,739 ERROR sell-guard: PCG SELL_TARGET MARKET fallback failed: etrade POST /accounts/kW8LbkuGisPCK9Ey7C8iWA/orders/place.json -> 500: {'Error': {'code': 100, 'message': 'The requested service is not currently available, please try after sometime.'}}
2025-09-11 11:13:25,740 INFO sell-guard: [SG] NCLH: last=26.24 entry=25.25 pnl=+393 bps (tp=200 stop=100) hold=2766m lim=26.23 free=3 -> stop=False tp=True timeout=False
2025-09-11 11:13:25,742 DEBUG sell-guard: sell window check: start=0935 end=1555 now=1113
2025-09-11 11:13:26,507 WARNING sell-guard: NCLH SELL place 500/code100 (try 1/4), backing off 2.0s
2025-09-11 11:13:29,191 WARNING sell-guard: NCLH SELL place 500/code100 (try 2/4), backing off 3.2s
2025-09-11 11:13:33,181 WARNING sell-guard: NCLH SELL place 500/code100 (try 3/4), backing off 5.1s
2025-09-11 11:13:39,015 WARNING sell-guard: NCLH SELL place 500/code100 (try 4/4), backing off 8.2s
2025-09-11 11:13:47,208 WARNING sell-guard: E*TRADE circuit OPEN for 60s due to repeated 500/code100
2025-09-11 11:13:47,230 ERROR sell-guard: NCLH SELL_TARGET place failed: etrade POST /accounts/kW8LbkuGisPCK9Ey7C8iWA/orders/place.json -> 500: {'Error': {'code': 100, 'message': 'The requested service is not currently available, please try after sometime.'}}
2025-09-11 11:13:47,983 ERROR sell-guard: NCLH SELL_TARGET MARKET fallback failed: etrade POST /accounts/kW8LbkuGisPCK9Ey7C8iWA/orders/place.json -> 500: {'Error': {'code': 100, 'message': 'The requested service is not currently available, please try after sometime.'}}
2025-09-11 11:13:50,974 INFO sell-guard: [SG] IVZ: last=22.57 entry=22.35 pnl=+98 bps (tp=200 stop=100) hold=2787m lim=22.57 free=4 -> stop=False tp=False timeout=False
2025-09-11 11:13:50,976 DEBUG sell-guard: sell window check: start=0935 end=1555 now=1113
2025-09-11 11:13:54,101 INFO sell-guard: [SG] ENPH: last=38.11 entry=39.06 pnl=-243 bps (tp=200 stop=100) hold=2780m lim=38.08 free=2 -> stop=True tp=False timeout=False
2025-09-11 11:13:54,102 DEBUG sell-guard: sell window check: start=0935 end=1555 now=1113
2025-09-11 11:13:54,271 ERROR sell-guard: ENPH ARM HARD STOP failed: etrade POST /accounts/kW8LbkuGisPCK9Ey7C8iWA/orders/preview.json -> 400: {'Error': {'code': 2084, 'message': 'IMPORTANT: The stop price must be at least $0.01 below the current bid price for sell orders ($0.01 below the most recent closing price if the market is closed). Please adjust the stop price and resubmit your order.'}}
2025-09-11 11:13:57,253 INFO sell-guard: [SG] WBD: last=13.02 entry=12.21 pnl=+659 bps (tp=200 stop=100) hold=4028m lim=13.01 free=1 -> stop=False tp=True timeout=False
2025-09-11 11:13:57,254 DEBUG sell-guard: sell window check: start=0935 end=1555 now=1113
2025-09-11 11:13:58,012 WARNING sell-guard: WBD SELL place 500/code100 (try 1/4), backing off 2.0s
2025-09-11 11:14:00,826 WARNING sell-guard: WBD SELL place 500/code100 (try 2/4), backing off 3.2s
2025-09-11 11:14:04,816 WARNING sell-guard: WBD SELL place 500/code100 (try 3/4), backing off 5.1s
2025-09-11 11:14:10,707 WARNING sell-guard: WBD SELL place 500/code100 (try 4/4), backing off 8.2s
2025-09-11 11:14:18,902 WARNING sell-guard: E*TRADE circuit OPEN for 60s due to repeated 500/code100
2025-09-11 11:14:18,902 ERROR sell-guard: WBD SELL_TARGET place failed: etrade POST /accounts/kW8LbkuGisPCK9Ey7C8iWA/orders/place.json -> 500: {'Error': {'code': 100, 'message': 'The requested service is not currently available, please try after sometime.'}}
2025-09-11 11:14:19,650 ERROR sell-guard: WBD SELL_TARGET MARKET fallback failed: etrade POST /accounts/kW8LbkuGisPCK9Ey7C8iWA/orders/place.json -> 500: {'Error': {'code': 100, 'message': 'The requested service is not currently available, please try after sometime.'}}
2025-09-11 11:14:19,652 INFO sell-guard: ⏱ heartbeat: loop alive (account=kW8LbkuGisPCK9Ey7C8iWA)
2025-09-11 11:14:19,655 INFO sell-guard: E*TRADE unstable; skipping tick (circuit open, 59s left)
2025-09-11 11:14:49,657 INFO sell-guard: ⏱ heartbeat: loop alive (account=kW8LbkuGisPCK9Ey7C8iWA)
2025-09-11 11:14:49,658 INFO sell-guard: E*TRADE unstable; skipping tick (circuit open, 29s left)
2025-09-11 11:15:19,666 INFO sell-guard: ⏱ heartbeat: loop alive (account=kW8LbkuGisPCK9Ey7C8iWA)
2025-09-11 11:15:20,233 INFO sell-guard: positions via get_positions -> 21 symbol(s)
2025-09-11 11:15:20,238 INFO sell-guard: Managing 7 symbol(s): CVS,SWKS,PCG,NCLH,IVZ,ENPH,WBD
2025-09-11 11:15:25,903 INFO sell-guard: [SG] CVS: last=74.47 entry=70.96 pnl=+494 bps (tp=200 stop=100) hold=2766m lim=74.45 free=1 -> stop=False tp=True timeout=False
2025-09-11 11:15:25,907 DEBUG sell-guard: sell window check: start=0935 end=1555 now=1115
2025-09-11 11:15:26,718 WARNING sell-guard: CVS SELL place 500/code100 (try 1/4), backing off 2.0s
2025-09-11 11:15:29,491 WARNING sell-guard: CVS SELL place 500/code100 (try 2/4), backing off 3.2s
2025-09-11 11:15:33,462 WARNING sell-guard: CVS SELL place 500/code100 (try 3/4), backing off 5.1s
2025-09-11 11:15:39,291 WARNING sell-guard: CVS SELL place 500/code100 (try 4/4), backing off 8.2s
2025-09-11 11:15:47,485 WARNING sell-guard: E*TRADE circuit OPEN for 60s due to repeated 500/code100
2025-09-11 11:15:47,486 ERROR sell-guard: CVS SELL_TARGET place failed: etrade POST /accounts/kW8LbkuGisPCK9Ey7C8iWA/orders/place.json -> 500: {'Error': {'code': 100, 'message': 'The requested service is not currently available, please try after sometime.'}}
2025-09-11 11:15:48,220 ERROR sell-guard: CVS SELL_TARGET MARKET fallback failed: etrade POST /accounts/kW8LbkuGisPCK9Ey7C8iWA/orders/place.json -> 500: {'Error': {'code': 100, 'message': 'The requested service is not currently available, please try after sometime.'}}
2025-09-11 11:15:51,311 INFO sell-guard: [SG] SWKS: last=73.59 entry=76.23 pnl=-346 bps (tp=200 stop=100) hold=2755m lim=73.57 free=1 -> stop=True tp=False timeout=False
2025-09-11 11:15:51,313 DEBUG sell-guard: sell window check: start=0935 end=1555 now=1115
2025-09-11 11:15:51,481 ERROR sell-guard: SWKS ARM HARD STOP failed: etrade POST /accounts/kW8LbkuGisPCK9Ey7C8iWA/orders/preview.json -> 400: {'Error': {'code': 2084, 'message': 'IMPORTANT: The stop price must be at least $0.01 below the current bid price for sell orders ($0.01 below the most recent closing price if the market is closed). Please adjust the stop price and resubmit your order.'}}
2025-09-11 11:15:54,392 INFO sell-guard: [SG] PCG: last=15.45 entry=14.86 pnl=+394 bps (tp=200 stop=100) hold=2742m lim=15.44 free=1 -> stop=False tp=True timeout=False
2025-09-11 11:15:54,393 DEBUG sell-guard: sell window check: start=0935 end=1555 now=1115
2025-09-11 11:15:55,203 WARNING sell-guard: PCG SELL place 500/code100 (try 1/4), backing off 2.0s
2025-09-11 11:15:58,020 WARNING sell-guard: PCG SELL place 500/code100 (try 2/4), backing off 3.2s
2025-09-11 11:16:01,939 WARNING sell-guard: PCG SELL place 500/code100 (try 3/4), backing off 5.1s
2025-09-11 11:16:07,797 WARNING sell-guard: PCG SELL place 500/code100 (try 4/4), backing off 8.2s
2025-09-11 11:16:15,992 WARNING sell-guard: E*TRADE circuit OPEN for 60s due to repeated 500/code100
2025-09-11 11:16:16,000 ERROR sell-guard: PCG SELL_TARGET place failed: etrade POST /accounts/kW8LbkuGisPCK9Ey7C8iWA/orders/place.json -> 500: {'Error': {'code': 100, 'message': 'The requested service is not currently available, please try after sometime.'}}
2025-09-11 11:16:16,811 ERROR sell-guard: PCG SELL_TARGET MARKET fallback failed: etrade POST /accounts/kW8LbkuGisPCK9Ey7C8iWA/orders/place.json -> 500: {'Error': {'code': 100, 'message': 'The requested service is not currently available, please try after sometime.'}}
2025-09-11 11:16:19,695 INFO sell-guard: [SG] NCLH: last=26.29 entry=25.25 pnl=+411 bps (tp=200 stop=100) hold=2769m lim=26.28 free=3 -> stop=False tp=True timeout=False
2025-09-11 11:16:19,696 DEBUG sell-guard: sell window check: start=0935 end=1555 now=1116
2025-09-11 11:16:20,479 WARNING sell-guard: NCLH SELL place 500/code100 (try 1/4), backing off 2.0s
2025-09-11 11:16:23,150 WARNING sell-guard: NCLH SELL place 500/code100 (try 2/4), backing off 3.2s
2025-09-11 11:16:27,148 WARNING sell-guard: NCLH SELL place 500/code100 (try 3/4), backing off 5.1s
2025-09-11 11:16:33,059 WARNING sell-guard: NCLH SELL place 500/code100 (try 4/4), backing off 8.2s
2025-09-11 11:16:41,254 WARNING sell-guard: E*TRADE circuit OPEN for 60s due to repeated 500/code100
2025-09-11 11:16:41,256 ERROR sell-guard: NCLH SELL_TARGET place failed: etrade POST /accounts/kW8LbkuGisPCK9Ey7C8iWA/orders/place.json -> 500: {'Error': {'code': 100, 'message': 'The requested service is not currently available, please try after sometime.'}}
2025-09-11 11:16:42,002 ERROR sell-guard: NCLH SELL_TARGET MARKET fallback failed: etrade POST /accounts/kW8LbkuGisPCK9Ey7C8iWA/orders/place.json -> 500: {'Error': {'code': 100, 'message': 'The requested service is not currently available, please try after sometime.'}}
2025-09-11 11:16:45,038 INFO sell-guard: [SG] IVZ: last=22.57 entry=22.35 pnl=+101 bps (tp=200 stop=100) hold=2790m lim=22.57 free=4 -> stop=False tp=False timeout=False
2025-09-11 11:16:45,039 DEBUG sell-guard: sell window check: start=0935 end=1555 now=1116
2025-09-11 11:16:48,143 INFO sell-guard: [SG] ENPH: last=38.08 entry=39.06 pnl=-251 bps (tp=200 stop=100) hold=2783m lim=38.07 free=2 -> stop=True tp=False timeout=False
2025-09-11 11:16:48,144 DEBUG sell-guard: sell window check: start=0935 end=1555 now=1116
2025-09-11 11:16:48,300 ERROR sell-guard: ENPH ARM HARD STOP failed: etrade POST /accounts/kW8LbkuGisPCK9Ey7C8iWA/orders/preview.json -> 400: {'Error': {'code': 2084, 'message': 'IMPORTANT: The stop price must be at least $0.01 below the current bid price for sell orders ($0.01 below the most recent closing price if the market is closed). Please adjust the stop price and resubmit your order.'}}
2025-09-11 11:16:51,457 INFO sell-guard: [SG] WBD: last=13.05 entry=12.21 pnl=+692 bps (tp=200 stop=100) hold=4030m lim=13.05 free=1 -> stop=False tp=True timeout=False
2025-09-11 11:16:51,458 DEBUG sell-guard: sell window check: start=0935 end=1555 now=1116
2025-09-11 11:16:52,308 WARNING sell-guard: WBD SELL place 500/code100 (try 1/4), backing off 2.0s
2025-09-11 11:16:55,180 WARNING sell-guard: WBD SELL place 500/code100 (try 2/4), backing off 3.2s
2025-09-11 11:16:59,076 WARNING sell-guard: WBD SELL place 500/code100 (try 3/4), backing off 5.1s
2025-09-11 11:17:04,893 WARNING sell-guard: WBD SELL place 500/code100 (try 4/4), backing off 8.2s
2025-09-11 11:17:13,087 WARNING sell-guard: E*TRADE circuit OPEN for 60s due to repeated 500/code100
2025-09-11 11:17:13,088 ERROR sell-guard: WBD SELL_TARGET place failed: etrade POST /accounts/kW8LbkuGisPCK9Ey7C8iWA/orders/place.json -> 500: {'Error': {'code': 100, 'message': 'The requested service is not currently available, please try after sometime.'}}
2025-09-11 11:17:13,874 ERROR sell-guard: WBD SELL_TARGET MARKET fallback failed: etrade POST /accounts/kW8LbkuGisPCK9Ey7C8iWA/orders/place.json -> 500: {'Error': {'code': 100, 'message': 'The requested service is not currently available, please try after sometime.'}}
2025-09-11 11:17:13,876 INFO sell-guard: ⏱ heartbeat: loop alive (account=kW8LbkuGisPCK9Ey7C8iWA)
2025-09-11 11:17:13,881 INFO sell-guard: E*TRADE unstable; skipping tick (circuit open, 59s left)
2025-09-11 11:17:43,884 INFO sell-guard: ⏱ heartbeat: loop alive (account=kW8LbkuGisPCK9Ey7C8iWA)
2025-09-11 11:17:43,884 INFO sell-guard: E*TRADE unstable; skipping tick (circuit open, 29s left)
2025-09-11 11:18:13,889 INFO sell-guard: ⏱ heartbeat: loop alive (account=kW8LbkuGisPCK9Ey7C8iWA)
2025-09-11 11:18:14,378 INFO sell-guard: positions via get_positions -> 21 symbol(s)
2025-09-11 11:18:14,378 INFO sell-guard: Managing 7 symbol(s): CVS,SWKS,PCG,NCLH,IVZ,ENPH,WBD
2025-09-11 11:18:20,104 INFO sell-guard: [SG] CVS: last=74.48 entry=70.96 pnl=+496 bps (tp=200 stop=100) hold=2769m lim=74.45 free=1 -> stop=False tp=True timeout=False
2025-09-11 11:18:20,105 DEBUG sell-guard: sell window check: start=0935 end=1555 now=1118
2025-09-11 11:18:20,991 WARNING sell-guard: CVS SELL place 500/code100 (try 1/4), backing off 2.0s
2025-09-11 11:18:23,828 WARNING sell-guard: CVS SELL place 500/code100 (try 2/4), backing off 3.2s
2025-09-11 11:18:27,751 WARNING sell-guard: CVS SELL place 500/code100 (try 3/4), backing off 5.1s
2025-09-11 11:18:40,474 INFO sell-guard: config source: C:\TradeAlerts\sell_guard_settings.json
2025-09-11 11:18:40,476 INFO sell-guard: env: ETRADE_ENV=production  PYTHONPATH=None
2025-09-11 11:18:40,477 INFO sell-guard: ⏱ heartbeat: loop alive (account=?)
2025-09-11 11:18:40,477 DEBUG sell-guard: tick: polling positions & quotes…
2025-09-11 11:18:40,788 INFO sell-guard: [LIVE] Using accountIdKey=kW8LbkuGisPCK9Ey7C8iWA
2025-09-11 11:18:40,790 INFO sell-guard: [CFG] mode=live tp=200 bps stop=100 bps max_hold=100000m limit_from=bid offset=0 bps throttle=30.0s ext_hours=False fallback=SELL_STOP,SELL_TARGET,TIMEOUT
2025-09-11 11:18:41,267 INFO sell-guard: positions via get_positions -> 21 symbol(s)
2025-09-11 11:18:41,268 INFO sell-guard: Managing 7 symbol(s): CVS,SWKS,PCG,NCLH,IVZ,ENPH,WBD
2025-09-11 11:18:45,946 INFO sell-guard: [SG] CVS: last=74.47 entry=70.96 pnl=+495 bps (tp=200 stop=100) hold=2769m lim=74.46 free=1 -> stop=False tp=True timeout=False
2025-09-11 11:18:45,948 DEBUG sell-guard: sell window check: start=0935 end=1555 now=1118
2025-09-11 11:18:46,669 WARNING sell-guard: CVS SELL place 500/code100 (try 1/4), backing off 2.0s
2025-09-11 11:18:49,359 WARNING sell-guard: CVS SELL place 500/code100 (try 2/4), backing off 3.2s
2025-09-11 11:18:53,243 WARNING sell-guard: CVS SELL place 500/code100 (try 3/4), backing off 5.1s
2025-09-11 11:18:59,079 WARNING sell-guard: CVS SELL place 500/code100 (try 4/4), backing off 8.2s
2025-09-11 11:19:07,273 WARNING sell-guard: E*TRADE circuit OPEN for 60s due to repeated 500/code100
2025-09-11 11:19:07,273 ERROR sell-guard: CVS SELL_TARGET place failed: etrade POST /accounts/kW8LbkuGisPCK9Ey7C8iWA/orders/place.json -> 500: {'Error': {'code': 100, 'message': 'The requested service is not currently available, please try after sometime.'}}
2025-09-11 11:19:07,953 ERROR sell-guard: CVS SELL_TARGET MARKET fallback failed: etrade POST /accounts/kW8LbkuGisPCK9Ey7C8iWA/orders/place.json -> 500: {'Error': {'code': 100, 'message': 'The requested service is not currently available, please try after sometime.'}}
2025-09-11 11:19:10,552 INFO sell-guard: [SG] SWKS: last=73.70 entry=76.23 pnl=-332 bps (tp=200 stop=100) hold=2759m lim=73.64 free=1 -> stop=True tp=False timeout=False
2025-09-11 11:19:10,553 DEBUG sell-guard: sell window check: start=0935 end=1555 now=1119
2025-09-11 11:19:10,711 ERROR sell-guard: SWKS ARM HARD STOP failed: etrade POST /accounts/kW8LbkuGisPCK9Ey7C8iWA/orders/preview.json -> 400: {'Error': {'code': 2084, 'message': 'IMPORTANT: The stop price must be at least $0.01 below the current bid price for sell orders ($0.01 below the most recent closing price if the market is closed). Please adjust the stop price and resubmit your order.'}}
2025-09-11 11:19:13,463 INFO sell-guard: [SG] PCG: last=15.47 entry=14.86 pnl=+413 bps (tp=200 stop=100) hold=2745m lim=15.47 free=1 -> stop=False tp=True timeout=False
2025-09-11 11:19:13,464 DEBUG sell-guard: sell window check: start=0935 end=1555 now=1119
2025-09-11 11:19:14,227 WARNING sell-guard: PCG SELL place 500/code100 (try 1/4), backing off 2.0s
2025-09-11 11:19:16,949 WARNING sell-guard: PCG SELL place 500/code100 (try 2/4), backing off 3.2s
2025-09-11 11:19:20,826 WARNING sell-guard: PCG SELL place 500/code100 (try 3/4), backing off 5.1s
2025-09-11 11:19:26,917 WARNING sell-guard: PCG SELL place 500/code100 (try 4/4), backing off 8.2s
2025-09-11 11:19:35,111 WARNING sell-guard: E*TRADE circuit OPEN for 60s due to repeated 500/code100
2025-09-11 11:19:35,112 ERROR sell-guard: PCG SELL_TARGET place failed: etrade POST /accounts/kW8LbkuGisPCK9Ey7C8iWA/orders/place.json -> 500: {'Error': {'code': 100, 'message': 'The requested service is not currently available, please try after sometime.'}}
2025-09-11 11:19:35,819 ERROR sell-guard: PCG SELL_TARGET MARKET fallback failed: etrade POST /accounts/kW8LbkuGisPCK9Ey7C8iWA/orders/place.json -> 500: {'Error': {'code': 100, 'message': 'The requested service is not currently available, please try after sometime.'}}
2025-09-11 11:19:38,462 INFO sell-guard: [SG] NCLH: last=26.43 entry=25.25 pnl=+466 bps (tp=200 stop=100) hold=2772m lim=26.42 free=3 -> stop=False tp=True timeout=False
2025-09-11 11:19:38,463 DEBUG sell-guard: sell window check: start=0935 end=1555 now=1119
2025-09-11 11:19:39,146 WARNING sell-guard: NCLH SELL place 500/code100 (try 1/4), backing off 2.0s
2025-09-11 11:19:41,963 WARNING sell-guard: NCLH SELL place 500/code100 (try 2/4), backing off 3.2s
2025-09-11 11:19:45,815 WARNING sell-guard: NCLH SELL place 500/code100 (try 3/4), backing off 5.1s
2025-09-11 11:19:53,968 WARNING sell-guard: NCLH SELL place 500/code100 (try 4/4), backing off 8.2s
2025-09-11 11:20:02,162 WARNING sell-guard: E*TRADE circuit OPEN for 60s due to repeated 500/code100
2025-09-11 11:20:02,163 ERROR sell-guard: NCLH SELL_TARGET place failed: etrade POST /accounts/kW8LbkuGisPCK9Ey7C8iWA/orders/place.json -> 500: {'Error': {'code': 100, 'message': 'The requested service is not currently available, please try after sometime.'}}
2025-09-11 11:20:02,837 ERROR sell-guard: NCLH SELL_TARGET MARKET fallback failed: etrade POST /accounts/kW8LbkuGisPCK9Ey7C8iWA/orders/place.json -> 500: {'Error': {'code': 100, 'message': 'The requested service is not currently available, please try after sometime.'}}
2025-09-11 11:20:05,614 INFO sell-guard: [SG] IVZ: last=22.61 entry=22.35 pnl=+116 bps (tp=200 stop=100) hold=2793m lim=22.60 free=4 -> stop=False tp=False timeout=False
2025-09-11 11:20:05,615 DEBUG sell-guard: sell window check: start=0935 end=1555 now=1120
2025-09-11 11:20:08,339 INFO sell-guard: [SG] ENPH: last=38.21 entry=39.06 pnl=-218 bps (tp=200 stop=100) hold=2787m lim=38.19 free=2 -> stop=True tp=False timeout=False
2025-09-11 11:20:08,340 DEBUG sell-guard: sell window check: start=0935 end=1555 now=1120
2025-09-11 11:20:08,507 ERROR sell-guard: ENPH ARM HARD STOP failed: etrade POST /accounts/kW8LbkuGisPCK9Ey7C8iWA/orders/preview.json -> 400: {'Error': {'code': 2084, 'message': 'IMPORTANT: The stop price must be at least $0.01 below the current bid price for sell orders ($0.01 below the most recent closing price if the market is closed). Please adjust the stop price and resubmit your order.'}}
2025-09-11 11:20:10,468 INFO sell-guard: [SG] WBD: last=13.11 entry=12.21 pnl=+740 bps (tp=200 stop=100) hold=? lim=13.11 free=1 -> stop=False tp=True timeout=False
2025-09-11 11:20:10,469 DEBUG sell-guard: sell window check: start=0935 end=1555 now=1120
2025-09-11 11:20:11,167 WARNING sell-guard: WBD SELL place 500/code100 (try 1/4), backing off 2.0s
2025-09-11 11:20:13,867 WARNING sell-guard: WBD SELL place 500/code100 (try 2/4), backing off 3.2s
2025-09-11 11:20:17,762 WARNING sell-guard: WBD SELL place 500/code100 (try 3/4), backing off 5.1s
2025-09-11 11:20:23,612 WARNING sell-guard: WBD SELL place 500/code100 (try 4/4), backing off 8.2s
2025-09-11 11:20:31,836 WARNING sell-guard: E*TRADE circuit OPEN for 60s due to repeated 500/code100
2025-09-11 11:20:31,856 ERROR sell-guard: WBD SELL_TARGET place failed: etrade POST /accounts/kW8LbkuGisPCK9Ey7C8iWA/orders/place.json -> 500: {'Error': {'code': 100, 'message': 'The requested service is not currently available, please try after sometime.'}}
2025-09-11 11:20:32,616 ERROR sell-guard: WBD SELL_TARGET MARKET fallback failed: etrade POST /accounts/kW8LbkuGisPCK9Ey7C8iWA/orders/place.json -> 500: {'Error': {'code': 100, 'message': 'The requested service is not currently available, please try after sometime.'}}
2025-09-11 11:20:32,616 INFO sell-guard: ⏱ heartbeat: loop alive (account=kW8LbkuGisPCK9Ey7C8iWA)
2025-09-11 11:20:32,618 INFO sell-guard: E*TRADE unstable; skipping tick (circuit open, 59s left)
2025-09-11 11:21:02,620 INFO sell-guard: ⏱ heartbeat: loop alive (account=kW8LbkuGisPCK9Ey7C8iWA)
2025-09-11 11:21:02,620 INFO sell-guard: E*TRADE unstable; skipping tick (circuit open, 29s left)
2025-09-11 11:21:32,625 INFO sell-guard: ⏱ heartbeat: loop alive (account=kW8LbkuGisPCK9Ey7C8iWA)
2025-09-11 11:21:33,160 INFO sell-guard: positions via get_positions -> 21 symbol(s)
2025-09-11 11:21:33,161 INFO sell-guard: Managing 7 symbol(s): CVS,SWKS,PCG,NCLH,IVZ,ENPH,WBD
2025-09-11 11:21:38,371 INFO sell-guard: [SG] CVS: last=74.44 entry=70.96 pnl=+491 bps (tp=200 stop=100) hold=2772m lim=74.47 free=1 -> stop=False tp=True timeout=False
2025-09-11 11:21:38,372 DEBUG sell-guard: sell window check: start=0935 end=1555 now=1121
2025-09-11 11:21:39,056 WARNING sell-guard: CVS SELL place 500/code100 (try 1/4), backing off 2.0s
2025-09-11 11:21:41,752 WARNING sell-guard: CVS SELL place 500/code100 (try 2/4), backing off 3.2s
2025-09-11 11:21:45,629 WARNING sell-guard: CVS SELL place 500/code100 (try 3/4), backing off 5.1s
2025-09-11 11:21:51,514 WARNING sell-guard: CVS SELL place 500/code100 (try 4/4), backing off 8.2s
2025-09-11 11:21:59,707 WARNING sell-guard: E*TRADE circuit OPEN for 60s due to repeated 500/code100
2025-09-11 11:21:59,708 ERROR sell-guard: CVS SELL_TARGET place failed: etrade POST /accounts/kW8LbkuGisPCK9Ey7C8iWA/orders/place.json -> 500: {'Error': {'code': 100, 'message': 'The requested service is not currently available, please try after sometime.'}}
2025-09-11 11:22:00,481 ERROR sell-guard: CVS SELL_TARGET MARKET fallback failed: etrade POST /accounts/kW8LbkuGisPCK9Ey7C8iWA/orders/place.json -> 500: {'Error': {'code': 100, 'message': 'The requested service is not currently available, please try after sometime.'}}
2025-09-11 11:22:03,238 INFO sell-guard: [SG] SWKS: last=73.52 entry=76.23 pnl=-356 bps (tp=200 stop=100) hold=2762m lim=73.49 free=1 -> stop=True tp=False timeout=False
2025-09-11 11:22:03,239 DEBUG sell-guard: sell window check: start=0935 end=1555 now=1122
2025-09-11 11:22:03,410 ERROR sell-guard: SWKS ARM HARD STOP failed: etrade POST /accounts/kW8LbkuGisPCK9Ey7C8iWA/orders/preview.json -> 400: {'Error': {'code': 2084, 'message': 'IMPORTANT: The stop price must be at least $0.01 below the current bid price for sell orders ($0.01 below the most recent closing price if the market is closed). Please adjust the stop price and resubmit your order.'}}
2025-09-11 11:22:06,006 INFO sell-guard: [SG] PCG: last=15.44 entry=14.86 pnl=+390 bps (tp=200 stop=100) hold=2748m lim=15.43 free=1 -> stop=False tp=True timeout=False
2025-09-11 11:22:06,026 DEBUG sell-guard: sell window check: start=0935 end=1555 now=1122
2025-09-11 11:22:06,861 WARNING sell-guard: PCG SELL place 500/code100 (try 1/4), backing off 2.0s
2025-09-11 11:22:09,537 WARNING sell-guard: PCG SELL place 500/code100 (try 2/4), backing off 3.2s
2025-09-11 11:22:13,486 WARNING sell-guard: PCG SELL place 500/code100 (try 3/4), backing off 5.1s
2025-09-11 11:22:19,287 WARNING sell-guard: PCG SELL place 500/code100 (try 4/4), backing off 8.2s
2025-09-11 11:22:27,481 WARNING sell-guard: E*TRADE circuit OPEN for 60s due to repeated 500/code100
2025-09-11 11:22:27,481 ERROR sell-guard: PCG SELL_TARGET place failed: etrade POST /accounts/kW8LbkuGisPCK9Ey7C8iWA/orders/place.json -> 500: {'Error': {'code': 100, 'message': 'The requested service is not currently available, please try after sometime.'}}
2025-09-11 11:22:28,222 ERROR sell-guard: PCG SELL_TARGET MARKET fallback failed: etrade POST /accounts/kW8LbkuGisPCK9Ey7C8iWA/orders/place.json -> 500: {'Error': {'code': 100, 'message': 'The requested service is not currently available, please try after sometime.'}}
2025-09-11 11:22:31,052 INFO sell-guard: [SG] NCLH: last=26.43 entry=25.25 pnl=+470 bps (tp=200 stop=100) hold=2775m lim=26.43 free=3 -> stop=False tp=True timeout=False
2025-09-11 11:22:31,053 DEBUG sell-guard: sell window check: start=0935 end=1555 now=1122
2025-09-11 11:22:31,737 WARNING sell-guard: NCLH SELL place 500/code100 (try 1/4), backing off 2.0s
2025-09-11 11:22:34,458 WARNING sell-guard: NCLH SELL place 500/code100 (try 2/4), backing off 3.2s
2025-09-11 11:22:38,421 WARNING sell-guard: NCLH SELL place 500/code100 (try 3/4), backing off 5.1s
2025-09-11 11:22:44,185 WARNING sell-guard: NCLH SELL place 500/code100 (try 4/4), backing off 8.2s
2025-09-11 11:22:52,379 WARNING sell-guard: E*TRADE circuit OPEN for 60s due to repeated 500/code100
2025-09-11 11:22:52,380 ERROR sell-guard: NCLH SELL_TARGET place failed: etrade POST /accounts/kW8LbkuGisPCK9Ey7C8iWA/orders/place.json -> 500: {'Error': {'code': 100, 'message': 'The requested service is not currently available, please try after sometime.'}}
2025-09-11 11:22:53,180 ERROR sell-guard: NCLH SELL_TARGET MARKET fallback failed: etrade POST /accounts/kW8LbkuGisPCK9Ey7C8iWA/orders/place.json -> 500: {'Error': {'code': 100, 'message': 'The requested service is not currently available, please try after sometime.'}}
2025-09-11 11:22:55,993 INFO sell-guard: [SG] IVZ: last=22.57 entry=22.35 pnl=+101 bps (tp=200 stop=100) hold=2796m lim=22.57 free=4 -> stop=False tp=False timeout=False
2025-09-11 11:22:55,994 DEBUG sell-guard: sell window check: start=0935 end=1555 now=1122
2025-09-11 11:22:58,852 INFO sell-guard: [SG] ENPH: last=38.14 entry=39.06 pnl=-236 bps (tp=200 stop=100) hold=2789m lim=38.15 free=2 -> stop=True tp=False timeout=False
2025-09-11 11:22:58,852 DEBUG sell-guard: sell window check: start=0935 end=1555 now=1122
2025-09-11 11:22:59,539 ERROR sell-guard: ENPH ARM HARD STOP failed: etrade POST /accounts/kW8LbkuGisPCK9Ey7C8iWA/orders/place.json -> 500: {'Error': {'code': 100, 'message': 'The requested service is not currently available, please try after sometime.'}}
2025-09-11 11:23:00,233 ERROR sell-guard: ENPH STOP MARKET fallback failed: etrade POST /accounts/kW8LbkuGisPCK9Ey7C8iWA/orders/place.json -> 500: {'Error': {'code': 100, 'message': 'The requested service is not currently available, please try after sometime.'}}
2025-09-11 11:23:03,091 INFO sell-guard: [SG] WBD: last=13.14 entry=12.21 pnl=+766 bps (tp=200 stop=100) hold=4037m lim=13.14 free=1 -> stop=False tp=True timeout=False
2025-09-11 11:23:03,092 DEBUG sell-guard: sell window check: start=0935 end=1555 now=1123
2025-09-11 11:23:03,836 WARNING sell-guard: WBD SELL place 500/code100 (try 1/4), backing off 2.0s
2025-09-11 11:23:06,490 WARNING sell-guard: WBD SELL place 500/code100 (try 2/4), backing off 3.2s
2025-09-11 11:23:10,423 WARNING sell-guard: WBD SELL place 500/code100 (try 3/4), backing off 5.1s
2025-09-11 11:23:16,326 WARNING sell-guard: WBD SELL place 500/code100 (try 4/4), backing off 8.2s
2025-09-11 11:23:24,520 WARNING sell-guard: E*TRADE circuit OPEN for 60s due to repeated 500/code100
2025-09-11 11:23:24,522 ERROR sell-guard: WBD SELL_TARGET place failed: etrade POST /accounts/kW8LbkuGisPCK9Ey7C8iWA/orders/place.json -> 500: {'Error': {'code': 100, 'message': 'The requested service is not currently available, please try after sometime.'}}
2025-09-11 11:23:25,217 ERROR sell-guard: WBD SELL_TARGET MARKET fallback failed: etrade POST /accounts/kW8LbkuGisPCK9Ey7C8iWA/orders/place.json -> 500: {'Error': {'code': 100, 'message': 'The requested service is not currently available, please try after sometime.'}}
2025-09-11 11:23:25,218 INFO sell-guard: ⏱ heartbeat: loop alive (account=kW8LbkuGisPCK9Ey7C8iWA)
2025-09-11 11:23:25,220 INFO sell-guard: E*TRADE unstable; skipping tick (circuit open, 59s left)
2025-09-11 11:23:55,221 INFO sell-guard: ⏱ heartbeat: loop alive (account=kW8LbkuGisPCK9Ey7C8iWA)
2025-09-11 11:23:55,221 INFO sell-guard: E*TRADE unstable; skipping tick (circuit open, 29s left)
2025-09-11 11:24:25,227 INFO sell-guard: ⏱ heartbeat: loop alive (account=kW8LbkuGisPCK9Ey7C8iWA)
2025-09-11 11:24:25,774 INFO sell-guard: positions via get_positions -> 21 symbol(s)
2025-09-11 11:24:25,774 INFO sell-guard: Managing 7 symbol(s): CVS,SWKS,PCG,NCLH,IVZ,ENPH,WBD
2025-09-11 11:24:30,629 INFO sell-guard: [SG] CVS: last=74.50 entry=70.96 pnl=+499 bps (tp=200 stop=100) hold=2775m lim=74.50 free=1 -> stop=False tp=True timeout=False
2025-09-11 11:24:30,630 DEBUG sell-guard: sell window check: start=0935 end=1555 now=1124
2025-09-11 11:24:31,336 WARNING sell-guard: CVS SELL place 500/code100 (try 1/4), backing off 2.0s
2025-09-11 11:24:34,075 WARNING sell-guard: CVS SELL place 500/code100 (try 2/4), backing off 3.2s
2025-09-11 11:24:37,950 WARNING sell-guard: CVS SELL place 500/code100 (try 3/4), backing off 5.1s
2025-09-11 11:24:43,787 WARNING sell-guard: CVS SELL place 500/code100 (try 4/4), backing off 8.2s
2025-09-11 11:24:51,980 WARNING sell-guard: E*TRADE circuit OPEN for 60s due to repeated 500/code100
2025-09-11 11:24:51,981 ERROR sell-guard: CVS SELL_TARGET place failed: etrade POST /accounts/kW8LbkuGisPCK9Ey7C8iWA/orders/place.json -> 500: {'Error': {'code': 100, 'message': 'The requested service is not currently available, please try after sometime.'}}
2025-09-11 11:24:52,666 ERROR sell-guard: CVS SELL_TARGET MARKET fallback failed: etrade POST /accounts/kW8LbkuGisPCK9Ey7C8iWA/orders/place.json -> 500: {'Error': {'code': 100, 'message': 'The requested service is not currently available, please try after sometime.'}}
2025-09-11 11:24:55,364 INFO sell-guard: [SG] SWKS: last=73.52 entry=76.23 pnl=-356 bps (tp=200 stop=100) hold=2765m lim=73.50 free=1 -> stop=True tp=False timeout=False
2025-09-11 11:24:55,366 DEBUG sell-guard: sell window check: start=0935 end=1555 now=1124
2025-09-11 11:24:55,558 ERROR sell-guard: SWKS ARM HARD STOP failed: etrade POST /accounts/kW8LbkuGisPCK9Ey7C8iWA/orders/preview.json -> 400: {'Error': {'code': 2084, 'message': 'IMPORTANT: The stop price must be at least $0.01 below the current bid price for sell orders ($0.01 below the most recent closing price if the market is closed). Please adjust the stop price and resubmit your order.'}}
2025-09-11 11:24:58,265 INFO sell-guard: [SG] PCG: last=15.38 entry=14.86 pnl=+347 bps (tp=200 stop=100) hold=2751m lim=15.37 free=1 -> stop=False tp=True timeout=False
2025-09-11 11:24:58,266 DEBUG sell-guard: sell window check: start=0935 end=1555 now=1124
2025-09-11 11:24:59,041 WARNING sell-guard: PCG SELL place 500/code100 (try 1/4), backing off 2.0s
2025-09-11 11:25:01,741 WARNING sell-guard: PCG SELL place 500/code100 (try 2/4), backing off 3.2s
2025-09-11 11:25:05,673 WARNING sell-guard: PCG SELL place 500/code100 (try 3/4), backing off 5.1s
2025-09-11 11:25:11,523 WARNING sell-guard: PCG SELL place 500/code100 (try 4/4), backing off 8.2s
2025-09-11 11:25:19,718 WARNING sell-guard: E*TRADE circuit OPEN for 60s due to repeated 500/code100
2025-09-11 11:25:19,719 ERROR sell-guard: PCG SELL_TARGET place failed: etrade POST /accounts/kW8LbkuGisPCK9Ey7C8iWA/orders/place.json -> 500: {'Error': {'code': 100, 'message': 'The requested service is not currently available, please try after sometime.'}}
2025-09-11 11:25:20,368 ERROR sell-guard: PCG SELL_TARGET MARKET fallback failed: etrade POST /accounts/kW8LbkuGisPCK9Ey7C8iWA/orders/place.json -> 500: {'Error': {'code': 100, 'message': 'The requested service is not currently available, please try after sometime.'}}
2025-09-11 11:25:23,210 INFO sell-guard: [SG] NCLH: last=26.51 entry=25.25 pnl=+500 bps (tp=200 stop=100) hold=2778m lim=26.50 free=3 -> stop=False tp=True timeout=False
2025-09-11 11:25:23,211 DEBUG sell-guard: sell window check: start=0935 end=1555 now=1125
2025-09-11 11:25:23,892 WARNING sell-guard: NCLH SELL place 500/code100 (try 1/4), backing off 2.0s
2025-09-11 11:25:26,666 WARNING sell-guard: NCLH SELL place 500/code100 (try 2/4), backing off 3.2s
2025-09-11 11:25:30,542 WARNING sell-guard: NCLH SELL place 500/code100 (try 3/4), backing off 5.1s
2025-09-11 11:25:36,293 WARNING sell-guard: NCLH SELL place 500/code100 (try 4/4), backing off 8.2s
2025-09-11 11:25:44,487 WARNING sell-guard: E*TRADE circuit OPEN for 60s due to repeated 500/code100
2025-09-11 11:25:44,490 ERROR sell-guard: NCLH SELL_TARGET place failed: etrade POST /accounts/kW8LbkuGisPCK9Ey7C8iWA/orders/place.json -> 500: {'Error': {'code': 100, 'message': 'The requested service is not currently available, please try after sometime.'}}
2025-09-11 11:25:45,128 ERROR sell-guard: NCLH SELL_TARGET MARKET fallback failed: etrade POST /accounts/kW8LbkuGisPCK9Ey7C8iWA/orders/place.json -> 500: {'Error': {'code': 100, 'message': 'The requested service is not currently available, please try after sometime.'}}
2025-09-11 11:25:48,067 INFO sell-guard: [SG] IVZ: last=22.54 entry=22.35 pnl=+85 bps (tp=200 stop=100) hold=2799m lim=22.54 free=4 -> stop=False tp=False timeout=False
2025-09-11 11:25:48,069 DEBUG sell-guard: sell window check: start=0935 end=1555 now=1125
2025-09-11 11:25:50,657 INFO sell-guard: [SG] ENPH: last=38.53 entry=39.06 pnl=-136 bps (tp=200 stop=100) hold=2792m lim=38.51 free=2 -> stop=True tp=False timeout=False
2025-09-11 11:25:50,658 DEBUG sell-guard: sell window check: start=0935 end=1555 now=1125
2025-09-11 11:25:51,339 ERROR sell-guard: ENPH ARM HARD STOP failed: etrade POST /accounts/kW8LbkuGisPCK9Ey7C8iWA/orders/place.json -> 500: {'Error': {'code': 100, 'message': 'The requested service is not currently available, please try after sometime.'}}
2025-09-11 11:25:52,004 ERROR sell-guard: ENPH STOP MARKET fallback failed: etrade POST /accounts/kW8LbkuGisPCK9Ey7C8iWA/orders/place.json -> 500: {'Error': {'code': 100, 'message': 'The requested service is not currently available, please try after sometime.'}}
2025-09-11 11:25:54,897 INFO sell-guard: [SG] WBD: last=13.13 entry=12.21 pnl=+758 bps (tp=200 stop=100) hold=4040m lim=13.13 free=1 -> stop=False tp=True timeout=False
2025-09-11 11:25:54,899 DEBUG sell-guard: sell window check: start=0935 end=1555 now=1125
2025-09-11 11:25:55,552 WARNING sell-guard: WBD SELL place 500/code100 (try 1/4), backing off 2.0s
2025-09-11 11:25:58,197 WARNING sell-guard: WBD SELL place 500/code100 (try 2/4), backing off 3.2s
2025-09-11 11:26:02,150 WARNING sell-guard: WBD SELL place 500/code100 (try 3/4), backing off 5.1s
2025-09-11 11:26:07,993 WARNING sell-guard: WBD SELL place 500/code100 (try 4/4), backing off 8.2s
2025-09-11 11:26:16,187 WARNING sell-guard: E*TRADE circuit OPEN for 60s due to repeated 500/code100
2025-09-11 11:26:16,189 ERROR sell-guard: WBD SELL_TARGET place failed: etrade POST /accounts/kW8LbkuGisPCK9Ey7C8iWA/orders/place.json -> 500: {'Error': {'code': 100, 'message': 'The requested service is not currently available, please try after sometime.'}}
2025-09-11 11:26:16,836 ERROR sell-guard: WBD SELL_TARGET MARKET fallback failed: etrade POST /accounts/kW8LbkuGisPCK9Ey7C8iWA/orders/place.json -> 500: {'Error': {'code': 100, 'message': 'The requested service is not currently available, please try after sometime.'}}
2025-09-11 11:26:16,837 INFO sell-guard: ⏱ heartbeat: loop alive (account=kW8LbkuGisPCK9Ey7C8iWA)
2025-09-11 11:26:16,839 INFO sell-guard: E*TRADE unstable; skipping tick (circuit open, 59s left)
2025-09-11 11:26:46,840 INFO sell-guard: ⏱ heartbeat: loop alive (account=kW8LbkuGisPCK9Ey7C8iWA)
2025-09-11 11:26:46,840 INFO sell-guard: E*TRADE unstable; skipping tick (circuit open, 29s left)
2025-09-11 11:27:16,844 INFO sell-guard: ⏱ heartbeat: loop alive (account=kW8LbkuGisPCK9Ey7C8iWA)
2025-09-11 11:27:17,398 INFO sell-guard: positions via get_positions -> 21 symbol(s)
2025-09-11 11:27:17,400 INFO sell-guard: Managing 7 symbol(s): CVS,SWKS,PCG,NCLH,IVZ,ENPH,WBD
2025-09-11 11:27:23,153 INFO sell-guard: [SG] CVS: last=74.47 entry=70.96 pnl=+495 bps (tp=200 stop=100) hold=2778m lim=74.46 free=1 -> stop=False tp=True timeout=False
2025-09-11 11:27:23,155 DEBUG sell-guard: sell window check: start=0935 end=1555 now=1127
2025-09-11 11:27:23,936 WARNING sell-guard: CVS SELL place 500/code100 (try 1/4), backing off 2.0s
2025-09-11 11:27:26,694 WARNING sell-guard: CVS SELL place 500/code100 (try 2/4), backing off 3.2s
2025-09-11 11:27:30,821 WARNING sell-guard: CVS SELL place 500/code100 (try 3/4), backing off 5.1s
2025-09-11 11:27:36,704 WARNING sell-guard: CVS SELL place 500/code100 (try 4/4), backing off 8.2s
2025-09-11 11:27:44,898 WARNING sell-guard: E*TRADE circuit OPEN for 60s due to repeated 500/code100
2025-09-11 11:27:44,899 ERROR sell-guard: CVS SELL_TARGET place failed: etrade POST /accounts/kW8LbkuGisPCK9Ey7C8iWA/orders/place.json -> 500: {'Error': {'code': 100, 'message': 'The requested service is not currently available, please try after sometime.'}}
2025-09-11 11:27:45,704 ERROR sell-guard: CVS SELL_TARGET MARKET fallback failed: etrade POST /accounts/kW8LbkuGisPCK9Ey7C8iWA/orders/place.json -> 500: {'Error': {'code': 100, 'message': 'The requested service is not currently available, please try after sometime.'}}
2025-09-11 11:27:48,749 INFO sell-guard: [SG] SWKS: last=73.39 entry=76.23 pnl=-372 bps (tp=200 stop=100) hold=2767m lim=73.37 free=1 -> stop=True tp=False timeout=False
2025-09-11 11:27:48,750 DEBUG sell-guard: sell window check: start=0935 end=1555 now=1127
2025-09-11 11:27:48,951 ERROR sell-guard: SWKS ARM HARD STOP failed: etrade POST /accounts/kW8LbkuGisPCK9Ey7C8iWA/orders/preview.json -> 400: {'Error': {'code': 2084, 'message': 'IMPORTANT: The stop price must be at least $0.01 below the current bid price for sell orders ($0.01 below the most recent closing price if the market is closed). Please adjust the stop price and resubmit your order.'}}
2025-09-11 11:27:51,887 INFO sell-guard: [SG] PCG: last=15.31 entry=14.86 pnl=+306 bps (tp=200 stop=100) hold=2754m lim=15.31 free=1 -> stop=False tp=True timeout=False
2025-09-11 11:27:51,895 DEBUG sell-guard: sell window check: start=0935 end=1555 now=1127
2025-09-11 11:27:52,765 WARNING sell-guard: PCG SELL place 500/code100 (try 1/4), backing off 2.0s
2025-09-11 11:27:55,450 WARNING sell-guard: PCG SELL place 500/code100 (try 2/4), backing off 3.2s
2025-09-11 11:27:59,468 WARNING sell-guard: PCG SELL place 500/code100 (try 3/4), backing off 5.1s
2025-09-11 11:28:05,548 WARNING sell-guard: PCG SELL place 500/code100 (try 4/4), backing off 8.2s
2025-09-11 11:28:13,743 WARNING sell-guard: E*TRADE circuit OPEN for 60s due to repeated 500/code100
2025-09-11 11:28:13,744 ERROR sell-guard: PCG SELL_TARGET place failed: etrade POST /accounts/kW8LbkuGisPCK9Ey7C8iWA/orders/place.json -> 500: {'Error': {'code': 100, 'message': 'The requested service is not currently available, please try after sometime.'}}
2025-09-11 11:28:14,482 ERROR sell-guard: PCG SELL_TARGET MARKET fallback failed: etrade POST /accounts/kW8LbkuGisPCK9Ey7C8iWA/orders/place.json -> 500: {'Error': {'code': 100, 'message': 'The requested service is not currently available, please try after sometime.'}}
2025-09-11 11:28:17,650 INFO sell-guard: [SG] NCLH: last=26.57 entry=25.25 pnl=+522 bps (tp=200 stop=100) hold=2781m lim=26.56 free=3 -> stop=False tp=True timeout=False
2025-09-11 11:28:17,651 DEBUG sell-guard: sell window check: start=0935 end=1555 now=1128
2025-09-11 11:28:18,399 WARNING sell-guard: NCLH SELL place 500/code100 (try 1/4), backing off 2.0s
2025-09-11 11:28:21,381 WARNING sell-guard: NCLH SELL place 500/code100 (try 2/4), backing off 3.2s
2025-09-11 11:28:25,408 WARNING sell-guard: NCLH SELL place 500/code100 (try 3/4), backing off 5.1s
2025-09-11 11:28:31,265 WARNING sell-guard: NCLH SELL place 500/code100 (try 4/4), backing off 8.2s
2025-09-11 11:28:39,459 WARNING sell-guard: E*TRADE circuit OPEN for 60s due to repeated 500/code100
2025-09-11 11:28:39,459 ERROR sell-guard: NCLH SELL_TARGET place failed: etrade POST /accounts/kW8LbkuGisPCK9Ey7C8iWA/orders/place.json -> 500: {'Error': {'code': 100, 'message': 'The requested service is not currently available, please try after sometime.'}}
2025-09-11 11:28:40,310 ERROR sell-guard: NCLH SELL_TARGET MARKET fallback failed: etrade POST /accounts/kW8LbkuGisPCK9Ey7C8iWA/orders/place.json -> 500: {'Error': {'code': 100, 'message': 'The requested service is not currently available, please try after sometime.'}}
2025-09-11 11:28:44,336 INFO sell-guard: [SG] IVZ: last=22.53 entry=22.26 pnl=+121 bps (tp=200 stop=100) hold=2802m lim=22.53 free=4 -> stop=False tp=False timeout=False
2025-09-11 11:28:44,338 DEBUG sell-guard: sell window check: start=0935 end=1555 now=1128
2025-09-11 11:28:47,241 INFO sell-guard: [SG] ENPH: last=38.62 entry=39.06 pnl=-113 bps (tp=200 stop=100) hold=2795m lim=38.61 free=2 -> stop=True tp=False timeout=False
2025-09-11 11:28:47,243 DEBUG sell-guard: sell window check: start=0935 end=1555 now=1128
2025-09-11 11:28:47,420 ERROR sell-guard: ENPH ARM HARD STOP failed: etrade POST /accounts/kW8LbkuGisPCK9Ey7C8iWA/orders/preview.json -> 400: {'Error': {'code': 2084, 'message': 'IMPORTANT: The stop price must be at least $0.01 below the current bid price for sell orders ($0.01 below the most recent closing price if the market is closed). Please adjust the stop price and resubmit your order.'}}
2025-09-11 11:28:50,567 INFO sell-guard: [SG] WBD: last=13.15 entry=12.21 pnl=+774 bps (tp=200 stop=100) hold=4042m lim=13.15 free=1 -> stop=False tp=True timeout=False
2025-09-11 11:28:50,568 DEBUG sell-guard: sell window check: start=0935 end=1555 now=1128
2025-09-11 11:28:51,326 WARNING sell-guard: WBD SELL place 500/code100 (try 1/4), backing off 2.0s
2025-09-11 11:28:54,032 WARNING sell-guard: WBD SELL place 500/code100 (try 2/4), backing off 3.2s
2025-09-11 11:28:57,970 WARNING sell-guard: WBD SELL place 500/code100 (try 3/4), backing off 5.1s
2025-09-11 11:29:03,964 WARNING sell-guard: WBD SELL place 500/code100 (try 4/4), backing off 8.2s
2025-09-11 11:29:12,158 WARNING sell-guard: E*TRADE circuit OPEN for 60s due to repeated 500/code100
2025-09-11 11:29:12,158 ERROR sell-guard: WBD SELL_TARGET place failed: etrade POST /accounts/kW8LbkuGisPCK9Ey7C8iWA/orders/place.json -> 500: {'Error': {'code': 100, 'message': 'The requested service is not currently available, please try after sometime.'}}
2025-09-11 11:29:12,880 ERROR sell-guard: WBD SELL_TARGET MARKET fallback failed: etrade POST /accounts/kW8LbkuGisPCK9Ey7C8iWA/orders/place.json -> 500: {'Error': {'code': 100, 'message': 'The requested service is not currently available, please try after sometime.'}}
2025-09-11 11:29:12,881 INFO sell-guard: ⏱ heartbeat: loop alive (account=kW8LbkuGisPCK9Ey7C8iWA)
2025-09-11 11:29:12,884 INFO sell-guard: E*TRADE unstable; skipping tick (circuit open, 59s left)
2025-09-11 11:29:42,885 INFO sell-guard: ⏱ heartbeat: loop alive (account=kW8LbkuGisPCK9Ey7C8iWA)
2025-09-11 11:29:42,887 INFO sell-guard: E*TRADE unstable; skipping tick (circuit open, 29s left)
2025-09-11 11:30:12,903 INFO sell-guard: ⏱ heartbeat: loop alive (account=kW8LbkuGisPCK9Ey7C8iWA)
2025-09-11 11:30:13,442 INFO sell-guard: positions via get_positions -> 21 symbol(s)
2025-09-11 11:30:13,442 INFO sell-guard: Managing 7 symbol(s): CVS,SWKS,PCG,NCLH,IVZ,ENPH,WBD
2025-09-11 11:30:18,815 INFO sell-guard: [SG] CVS: last=74.47 entry=70.96 pnl=+495 bps (tp=200 stop=100) hold=2781m lim=74.45 free=1 -> stop=False tp=True timeout=False
2025-09-11 11:30:18,816 DEBUG sell-guard: sell window check: start=0935 end=1555 now=1130
2025-09-11 11:30:19,823 WARNING sell-guard: CVS SELL place 500/code100 (try 1/4), backing off 2.0s
2025-09-11 11:30:22,578 WARNING sell-guard: CVS SELL place 500/code100 (try 2/4), backing off 3.2s
2025-09-11 11:30:26,505 WARNING sell-guard: CVS SELL place 500/code100 (try 3/4), backing off 5.1s
2025-09-11 11:30:32,344 WARNING sell-guard: CVS SELL place 500/code100 (try 4/4), backing off 8.2s
2025-09-11 11:30:40,550 WARNING sell-guard: E*TRADE circuit OPEN for 60s due to repeated 500/code100
2025-09-11 11:30:40,553 ERROR sell-guard: CVS SELL_TARGET place failed: etrade POST /accounts/kW8LbkuGisPCK9Ey7C8iWA/orders/place.json -> 500: {'Error': {'code': 100, 'message': 'The requested service is not currently available, please try after sometime.'}}
2025-09-11 11:30:41,436 ERROR sell-guard: CVS SELL_TARGET MARKET fallback failed: etrade POST /accounts/kW8LbkuGisPCK9Ey7C8iWA/orders/place.json -> 500: {'Error': {'code': 100, 'message': 'The requested service is not currently available, please try after sometime.'}}
2025-09-11 11:30:44,500 INFO sell-guard: [SG] SWKS: last=73.38 entry=76.23 pnl=-375 bps (tp=200 stop=100) hold=2770m lim=73.34 free=1 -> stop=True tp=False timeout=False
2025-09-11 11:30:44,502 DEBUG sell-guard: sell window check: start=0935 end=1555 now=1130
2025-09-11 11:30:45,322 ERROR sell-guard: SWKS ARM HARD STOP failed: etrade POST /accounts/kW8LbkuGisPCK9Ey7C8iWA/orders/place.json -> 500: {'Error': {'code': 100, 'message': 'The requested service is not currently available, please try after sometime.'}}
2025-09-11 11:30:46,367 ERROR sell-guard: SWKS STOP MARKET fallback failed: etrade POST /accounts/kW8LbkuGisPCK9Ey7C8iWA/orders/place.json -> 500: {'Error': {'code': 100, 'message': 'The requested service is not currently available, please try after sometime.'}}
2025-09-11 11:30:49,212 INFO sell-guard: [SG] PCG: last=15.28 entry=14.86 pnl=+279 bps (tp=200 stop=100) hold=2757m lim=15.27 free=1 -> stop=False tp=True timeout=False
2025-09-11 11:30:49,213 DEBUG sell-guard: sell window check: start=0935 end=1555 now=1130
2025-09-11 11:30:49,946 WARNING sell-guard: PCG SELL place 500/code100 (try 1/4), backing off 2.0s
2025-09-11 11:30:52,738 WARNING sell-guard: PCG SELL place 500/code100 (try 2/4), backing off 3.2s
2025-09-11 11:30:56,641 WARNING sell-guard: PCG SELL place 500/code100 (try 3/4), backing off 5.1s
2025-09-11 11:31:02,552 WARNING sell-guard: PCG SELL place 500/code100 (try 4/4), backing off 8.2s
2025-09-11 11:31:10,745 WARNING sell-guard: E*TRADE circuit OPEN for 60s due to repeated 500/code100
2025-09-11 11:31:10,745 ERROR sell-guard: PCG SELL_TARGET place failed: etrade POST /accounts/kW8LbkuGisPCK9Ey7C8iWA/orders/place.json -> 500: {'Error': {'code': 100, 'message': 'The requested service is not currently available, please try after sometime.'}}
2025-09-11 11:31:11,596 ERROR sell-guard: PCG SELL_TARGET MARKET fallback failed: etrade POST /accounts/kW8LbkuGisPCK9Ey7C8iWA/orders/place.json -> 500: {'Error': {'code': 100, 'message': 'The requested service is not currently available, please try after sometime.'}}
2025-09-11 11:31:14,916 INFO sell-guard: [SG] NCLH: last=26.59 entry=25.25 pnl=+529 bps (tp=200 stop=100) hold=2784m lim=26.59 free=3 -> stop=False tp=True timeout=False
2025-09-11 11:31:14,917 DEBUG sell-guard: sell window check: start=0935 end=1555 now=1131
2025-09-11 11:31:16,102 WARNING sell-guard: NCLH SELL place 500/code100 (try 1/4), backing off 2.0s
2025-09-11 11:31:19,008 WARNING sell-guard: NCLH SELL place 500/code100 (try 2/4), backing off 3.2s
2025-09-11 11:31:22,999 WARNING sell-guard: NCLH SELL place 500/code100 (try 3/4), backing off 5.1s
2025-09-11 11:31:28,805 WARNING sell-guard: NCLH SELL place 500/code100 (try 4/4), backing off 8.2s
2025-09-11 11:31:37,022 WARNING sell-guard: E*TRADE circuit OPEN for 60s due to repeated 500/code100
2025-09-11 11:31:37,029 ERROR sell-guard: NCLH SELL_TARGET place failed: etrade POST /accounts/kW8LbkuGisPCK9Ey7C8iWA/orders/place.json -> 500: {'Error': {'code': 100, 'message': 'The requested service is not currently available, please try after sometime.'}}
2025-09-11 11:31:37,857 ERROR sell-guard: NCLH SELL_TARGET MARKET fallback failed: etrade POST /accounts/kW8LbkuGisPCK9Ey7C8iWA/orders/place.json -> 500: {'Error': {'code': 100, 'message': 'The requested service is not currently available, please try after sometime.'}}
2025-09-11 11:31:40,581 WARNING sell-guard: available_to_sell failed for IVZ: 400 Client Error: 400 for url: https://api.etrade.com/v1/accounts/kW8LbkuGisPCK9Ey7C8iWA/portfolio.json?instType=BROKERAGE
2025-09-11 11:31:40,582 INFO sell-guard: Skip IVZ SELL: free=0 (reserved by open sell order)
2025-09-11 11:31:43,968 INFO sell-guard: [SG] ENPH: last=38.49 entry=39.06 pnl=-146 bps (tp=200 stop=100) hold=2798m lim=38.48 free=2 -> stop=True tp=False timeout=False
2025-09-11 11:31:43,969 DEBUG sell-guard: sell window check: start=0935 end=1555 now=1131
2025-09-11 11:31:44,825 ERROR sell-guard: ENPH ARM HARD STOP failed: etrade POST /accounts/kW8LbkuGisPCK9Ey7C8iWA/orders/place.json -> 500: {'Error': {'code': 100, 'message': 'The requested service is not currently available, please try after sometime.'}}
2025-09-11 11:31:45,832 ERROR sell-guard: ENPH STOP MARKET fallback failed: etrade POST /accounts/kW8LbkuGisPCK9Ey7C8iWA/orders/place.json -> 500: {'Error': {'code': 100, 'message': 'The requested service is not currently available, please try after sometime.'}}
2025-09-11 11:31:49,048 INFO sell-guard: [SG] WBD: last=13.20 entry=12.21 pnl=+808 bps (tp=200 stop=100) hold=4045m lim=13.19 free=1 -> stop=False tp=True timeout=False
2025-09-11 11:31:49,048 DEBUG sell-guard: sell window check: start=0935 end=1555 now=1131
2025-09-11 11:31:50,072 WARNING sell-guard: WBD SELL place 500/code100 (try 1/4), backing off 2.0s
2025-09-11 11:31:52,921 WARNING sell-guard: WBD SELL place 500/code100 (try 2/4), backing off 3.2s
2025-09-11 11:31:56,836 WARNING sell-guard: WBD SELL place 500/code100 (try 3/4), backing off 5.1s
2025-09-11 11:32:02,736 WARNING sell-guard: WBD SELL place 500/code100 (try 4/4), backing off 8.2s
2025-09-11 11:32:10,930 WARNING sell-guard: E*TRADE circuit OPEN for 60s due to repeated 500/code100
2025-09-11 11:32:10,932 ERROR sell-guard: WBD SELL_TARGET place failed: etrade POST /accounts/kW8LbkuGisPCK9Ey7C8iWA/orders/place.json -> 500: {'Error': {'code': 100, 'message': 'The requested service is not currently available, please try after sometime.'}}
2025-09-11 11:32:11,691 ERROR sell-guard: WBD SELL_TARGET MARKET fallback failed: etrade POST /accounts/kW8LbkuGisPCK9Ey7C8iWA/orders/place.json -> 500: {'Error': {'code': 100, 'message': 'The requested service is not currently available, please try after sometime.'}}
2025-09-11 11:32:11,692 INFO sell-guard: ⏱ heartbeat: loop alive (account=kW8LbkuGisPCK9Ey7C8iWA)
2025-09-11 11:32:11,694 INFO sell-guard: E*TRADE unstable; skipping tick (circuit open, 59s left)
2025-09-11 11:32:41,695 INFO sell-guard: ⏱ heartbeat: loop alive (account=kW8LbkuGisPCK9Ey7C8iWA)
2025-09-11 11:32:41,697 INFO sell-guard: E*TRADE unstable; skipping tick (circuit open, 29s left)
2025-09-11 11:33:11,703 INFO sell-guard: ⏱ heartbeat: loop alive (account=kW8LbkuGisPCK9Ey7C8iWA)
2025-09-11 11:33:12,178 INFO sell-guard: positions via get_positions -> 21 symbol(s)
2025-09-11 11:33:12,179 INFO sell-guard: Managing 7 symbol(s): CVS,SWKS,PCG,NCLH,IVZ,ENPH,WBD
2025-09-11 11:33:17,630 INFO sell-guard: [SG] CVS: last=74.40 entry=70.96 pnl=+485 bps (tp=200 stop=100) hold=2784m lim=74.41 free=1 -> stop=False tp=True timeout=False
2025-09-11 11:33:17,631 DEBUG sell-guard: sell window check: start=0935 end=1555 now=1133
2025-09-11 11:33:18,299 WARNING sell-guard: CVS SELL place 500/code100 (try 1/4), backing off 2.0s
2025-09-11 11:33:21,279 WARNING sell-guard: CVS SELL place 500/code100 (try 2/4), backing off 3.2s
2025-09-11 11:33:25,240 WARNING sell-guard: CVS SELL place 500/code100 (try 3/4), backing off 5.1s
2025-09-11 11:33:31,195 WARNING sell-guard: CVS SELL place 500/code100 (try 4/4), backing off 8.2s
2025-09-11 11:33:39,389 WARNING sell-guard: E*TRADE circuit OPEN for 60s due to repeated 500/code100
2025-09-11 11:33:39,390 ERROR sell-guard: CVS SELL_TARGET place failed: etrade POST /accounts/kW8LbkuGisPCK9Ey7C8iWA/orders/place.json -> 500: {'Error': {'code': 100, 'message': 'The requested service is not currently available, please try after sometime.'}}
2025-09-11 11:33:40,098 ERROR sell-guard: CVS SELL_TARGET MARKET fallback failed: etrade POST /accounts/kW8LbkuGisPCK9Ey7C8iWA/orders/place.json -> 500: {'Error': {'code': 100, 'message': 'The requested service is not currently available, please try after sometime.'}}
2025-09-11 11:33:42,863 INFO sell-guard: [SG] SWKS: last=73.30 entry=76.23 pnl=-384 bps (tp=200 stop=100) hold=2773m lim=73.28 free=1 -> stop=True tp=False timeout=False
2025-09-11 11:33:42,864 DEBUG sell-guard: sell window check: start=0935 end=1555 now=1133
2025-09-11 11:33:43,034 ERROR sell-guard: SWKS ARM HARD STOP failed: etrade POST /accounts/kW8LbkuGisPCK9Ey7C8iWA/orders/preview.json -> 400: {'Error': {'code': 2084, 'message': 'IMPORTANT: The stop price must be at least $0.01 below the current bid price for sell orders ($0.01 below the most recent closing price if the market is closed). Please adjust the stop price and resubmit your order.'}}
2025-09-11 11:33:45,993 INFO sell-guard: [SG] PCG: last=15.23 entry=14.86 pnl=+252 bps (tp=200 stop=100) hold=2760m lim=15.23 free=1 -> stop=False tp=True timeout=False
2025-09-11 11:33:45,994 DEBUG sell-guard: sell window check: start=0935 end=1555 now=1133
2025-09-11 11:33:46,695 WARNING sell-guard: PCG SELL place 500/code100 (try 1/4), backing off 2.0s
2025-09-11 11:33:49,559 WARNING sell-guard: PCG SELL place 500/code100 (try 2/4), backing off 3.2s
2025-09-11 11:33:53,431 WARNING sell-guard: PCG SELL place 500/code100 (try 3/4), backing off 5.1s
2025-09-11 11:33:59,214 WARNING sell-guard: PCG SELL place 500/code100 (try 4/4), backing off 8.2s
2025-09-11 11:34:07,408 WARNING sell-guard: E*TRADE circuit OPEN for 60s due to repeated 500/code100
2025-09-11 11:34:07,409 ERROR sell-guard: PCG SELL_TARGET place failed: etrade POST /accounts/kW8LbkuGisPCK9Ey7C8iWA/orders/place.json -> 500: {'Error': {'code': 100, 'message': 'The requested service is not currently available, please try after sometime.'}}
2025-09-11 11:34:08,788 ERROR sell-guard: PCG SELL_TARGET MARKET fallback failed: etrade POST /accounts/kW8LbkuGisPCK9Ey7C8iWA/orders/place.json -> 500: {'Error': {'code': 100, 'message': 'The requested service is not currently available, please try after sometime.'}}
2025-09-11 11:34:11,632 INFO sell-guard: [SG] NCLH: last=26.63 entry=25.25 pnl=+547 bps (tp=200 stop=100) hold=2787m lim=26.62 free=3 -> stop=False tp=True timeout=False
2025-09-11 11:34:11,633 DEBUG sell-guard: sell window check: start=0935 end=1555 now=1134
2025-09-11 11:34:12,311 WARNING sell-guard: NCLH SELL place 500/code100 (try 1/4), backing off 2.0s
2025-09-11 11:34:15,041 WARNING sell-guard: NCLH SELL place 500/code100 (try 2/4), backing off 3.2s
2025-09-11 11:34:18,977 WARNING sell-guard: NCLH SELL place 500/code100 (try 3/4), backing off 5.1s
2025-09-11 11:34:24,767 WARNING sell-guard: NCLH SELL place 500/code100 (try 4/4), backing off 8.2s
2025-09-11 11:34:32,960 WARNING sell-guard: E*TRADE circuit OPEN for 60s due to repeated 500/code100
2025-09-11 11:34:32,962 ERROR sell-guard: NCLH SELL_TARGET place failed: etrade POST /accounts/kW8LbkuGisPCK9Ey7C8iWA/orders/place.json -> 500: {'Error': {'code': 100, 'message': 'The requested service is not currently available, please try after sometime.'}}
2025-09-11 11:34:33,661 ERROR sell-guard: NCLH SELL_TARGET MARKET fallback failed: etrade POST /accounts/kW8LbkuGisPCK9Ey7C8iWA/orders/place.json -> 500: {'Error': {'code': 100, 'message': 'The requested service is not currently available, please try after sometime.'}}
2025-09-11 11:34:36,523 INFO sell-guard: [SG] IVZ: last=22.54 entry=22.35 pnl=+83 bps (tp=200 stop=100) hold=2808m lim=22.53 free=4 -> stop=False tp=False timeout=False
2025-09-11 11:34:36,524 DEBUG sell-guard: sell window check: start=0935 end=1555 now=1134
2025-09-11 11:34:39,353 INFO sell-guard: [SG] ENPH: last=38.53 entry=39.06 pnl=-134 bps (tp=200 stop=100) hold=2801m lim=38.53 free=2 -> stop=True tp=False timeout=False
2025-09-11 11:34:39,354 DEBUG sell-guard: sell window check: start=0935 end=1555 now=1134
2025-09-11 11:34:40,018 ERROR sell-guard: ENPH ARM HARD STOP failed: etrade POST /accounts/kW8LbkuGisPCK9Ey7C8iWA/orders/place.json -> 500: {'Error': {'code': 100, 'message': 'The requested service is not currently available, please try after sometime.'}}
2025-09-11 11:34:40,949 ERROR sell-guard: ENPH STOP MARKET fallback failed: etrade POST /accounts/kW8LbkuGisPCK9Ey7C8iWA/orders/place.json -> 500: {'Error': {'code': 100, 'message': 'The requested service is not currently available, please try after sometime.'}}
2025-09-11 11:34:43,561 INFO sell-guard: [SG] WBD: last=13.20 entry=12.21 pnl=+807 bps (tp=200 stop=100) hold=4048m lim=13.19 free=1 -> stop=False tp=True timeout=False
2025-09-11 11:34:43,563 DEBUG sell-guard: sell window check: start=0935 end=1555 now=1134
2025-09-11 11:34:44,285 WARNING sell-guard: WBD SELL place 500/code100 (try 1/4), backing off 2.0s
2025-09-11 11:34:47,021 WARNING sell-guard: WBD SELL place 500/code100 (try 2/4), backing off 3.2s
2025-09-11 11:34:50,920 WARNING sell-guard: WBD SELL place 500/code100 (try 3/4), backing off 5.1s
2025-09-11 11:34:56,728 WARNING sell-guard: WBD SELL place 500/code100 (try 4/4), backing off 8.2s
2025-09-11 11:35:04,921 WARNING sell-guard: E*TRADE circuit OPEN for 60s due to repeated 500/code100
2025-09-11 11:35:04,923 ERROR sell-guard: WBD SELL_TARGET place failed: etrade POST /accounts/kW8LbkuGisPCK9Ey7C8iWA/orders/place.json -> 500: {'Error': {'code': 100, 'message': 'The requested service is not currently available, please try after sometime.'}}
2025-09-11 11:35:05,643 ERROR sell-guard: WBD SELL_TARGET MARKET fallback failed: etrade POST /accounts/kW8LbkuGisPCK9Ey7C8iWA/orders/place.json -> 500: {'Error': {'code': 100, 'message': 'The requested service is not currently available, please try after sometime.'}}
2025-09-11 11:35:05,644 INFO sell-guard: ⏱ heartbeat: loop alive (account=kW8LbkuGisPCK9Ey7C8iWA)
2025-09-11 11:35:05,646 INFO sell-guard: E*TRADE unstable; skipping tick (circuit open, 59s left)
2025-09-11 11:35:35,648 INFO sell-guard: ⏱ heartbeat: loop alive (account=kW8LbkuGisPCK9Ey7C8iWA)
2025-09-11 11:35:35,648 INFO sell-guard: E*TRADE unstable; skipping tick (circuit open, 29s left)
2025-09-11 11:36:05,653 INFO sell-guard: ⏱ heartbeat: loop alive (account=kW8LbkuGisPCK9Ey7C8iWA)
2025-09-11 11:36:06,288 INFO sell-guard: positions via get_positions -> 21 symbol(s)
2025-09-11 11:36:06,290 INFO sell-guard: Managing 7 symbol(s): CVS,SWKS,PCG,NCLH,IVZ,ENPH,WBD
2025-09-11 11:36:11,355 INFO sell-guard: [SG] CVS: last=74.44 entry=70.96 pnl=+491 bps (tp=200 stop=100) hold=2787m lim=74.44 free=1 -> stop=False tp=True timeout=False
2025-09-11 11:36:11,356 DEBUG sell-guard: sell window check: start=0935 end=1555 now=1136
2025-09-11 11:36:12,144 WARNING sell-guard: CVS SELL place 500/code100 (try 1/4), backing off 2.0s
2025-09-11 11:36:14,807 WARNING sell-guard: CVS SELL place 500/code100 (try 2/4), backing off 3.2s
2025-09-11 11:36:18,761 WARNING sell-guard: CVS SELL place 500/code100 (try 3/4), backing off 5.1s
2025-09-11 11:36:24,531 WARNING sell-guard: CVS SELL place 500/code100 (try 4/4), backing off 8.2s
2025-09-11 11:36:32,726 WARNING sell-guard: E*TRADE circuit OPEN for 60s due to repeated 500/code100
2025-09-11 11:36:32,728 ERROR sell-guard: CVS SELL_TARGET place failed: etrade POST /accounts/kW8LbkuGisPCK9Ey7C8iWA/orders/place.json -> 500: {'Error': {'code': 100, 'message': 'The requested service is not currently available, please try after sometime.'}}
2025-09-11 11:36:33,385 ERROR sell-guard: CVS SELL_TARGET MARKET fallback failed: etrade POST /accounts/kW8LbkuGisPCK9Ey7C8iWA/orders/place.json -> 500: {'Error': {'code': 100, 'message': 'The requested service is not currently available, please try after sometime.'}}
2025-09-11 11:36:36,085 INFO sell-guard: [SG] SWKS: last=73.39 entry=76.23 pnl=-372 bps (tp=200 stop=100) hold=2776m lim=73.38 free=1 -> stop=True tp=False timeout=False
2025-09-11 11:36:36,086 DEBUG sell-guard: sell window check: start=0935 end=1555 now=1136
2025-09-11 11:36:36,762 ERROR sell-guard: SWKS ARM HARD STOP failed: etrade POST /accounts/kW8LbkuGisPCK9Ey7C8iWA/orders/place.json -> 500: {'Error': {'code': 100, 'message': 'The requested service is not currently available, please try after sometime.'}}
2025-09-11 11:36:37,397 ERROR sell-guard: SWKS STOP MARKET fallback failed: etrade POST /accounts/kW8LbkuGisPCK9Ey7C8iWA/orders/place.json -> 500: {'Error': {'code': 100, 'message': 'The requested service is not currently available, please try after sometime.'}}
2025-09-11 11:36:40,100 INFO sell-guard: [SG] PCG: last=15.26 entry=14.86 pnl=+266 bps (tp=200 stop=100) hold=2762m lim=15.25 free=1 -> stop=False tp=True timeout=False
2025-09-11 11:36:40,101 DEBUG sell-guard: sell window check: start=0935 end=1555 now=1136
2025-09-11 11:36:40,804 WARNING sell-guard: PCG SELL place 500/code100 (try 1/4), backing off 2.0s
2025-09-11 11:36:43,493 WARNING sell-guard: PCG SELL place 500/code100 (try 2/4), backing off 3.2s
2025-09-11 11:36:47,380 WARNING sell-guard: PCG SELL place 500/code100 (try 3/4), backing off 5.1s
2025-09-11 11:36:53,274 WARNING sell-guard: PCG SELL place 500/code100 (try 4/4), backing off 8.2s
2025-09-11 11:37:01,468 WARNING sell-guard: E*TRADE circuit OPEN for 60s due to repeated 500/code100
2025-09-11 11:37:01,469 ERROR sell-guard: PCG SELL_TARGET place failed: etrade POST /accounts/kW8LbkuGisPCK9Ey7C8iWA/orders/place.json -> 500: {'Error': {'code': 100, 'message': 'The requested service is not currently available, please try after sometime.'}}
2025-09-11 11:37:02,331 ERROR sell-guard: PCG SELL_TARGET MARKET fallback failed: etrade POST /accounts/kW8LbkuGisPCK9Ey7C8iWA/orders/place.json -> 500: {'Error': {'code': 100, 'message': 'The requested service is not currently available, please try after sometime.'}}
2025-09-11 11:37:05,069 INFO sell-guard: [SG] NCLH: last=26.66 entry=25.25 pnl=+559 bps (tp=200 stop=100) hold=2790m lim=26.65 free=3 -> stop=False tp=True timeout=False
2025-09-11 11:37:05,070 DEBUG sell-guard: sell window check: start=0935 end=1555 now=1137
2025-09-11 11:37:05,717 WARNING sell-guard: NCLH SELL place 500/code100 (try 1/4), backing off 2.0s
2025-09-11 11:37:08,372 WARNING sell-guard: NCLH SELL place 500/code100 (try 2/4), backing off 3.2s
2025-09-11 11:37:12,454 WARNING sell-guard: NCLH SELL place 500/code100 (try 3/4), backing off 5.1s
2025-09-11 11:37:18,475 WARNING sell-guard: NCLH SELL place 500/code100 (try 4/4), backing off 8.2s
2025-09-11 11:37:26,668 WARNING sell-guard: E*TRADE circuit OPEN for 60s due to repeated 500/code100
2025-09-11 11:37:26,668 ERROR sell-guard: NCLH SELL_TARGET place failed: etrade POST /accounts/kW8LbkuGisPCK9Ey7C8iWA/orders/place.json -> 500: {'Error': {'code': 100, 'message': 'The requested service is not currently available, please try after sometime.'}}
2025-09-11 11:37:27,464 ERROR sell-guard: NCLH SELL_TARGET MARKET fallback failed: etrade POST /accounts/kW8LbkuGisPCK9Ey7C8iWA/orders/place.json -> 500: {'Error': {'code': 100, 'message': 'The requested service is not currently available, please try after sometime.'}}
2025-09-11 11:37:30,749 INFO sell-guard: [SG] IVZ: last=22.52 entry=22.35 pnl=+76 bps (tp=200 stop=100) hold=2811m lim=22.52 free=4 -> stop=False tp=False timeout=False
2025-09-11 11:37:30,750 DEBUG sell-guard: sell window check: start=0935 end=1555 now=1137
2025-09-11 11:37:34,400 INFO sell-guard: [SG] ENPH: last=38.62 entry=39.06 pnl=-113 bps (tp=200 stop=100) hold=2804m lim=38.61 free=2 -> stop=True tp=False timeout=False
2025-09-11 11:37:34,401 DEBUG sell-guard: sell window check: start=0935 end=1555 now=1137
2025-09-11 11:37:34,554 ERROR sell-guard: ENPH ARM HARD STOP failed: etrade POST /accounts/kW8LbkuGisPCK9Ey7C8iWA/orders/preview.json -> 400: {'Error': {'code': 2084, 'message': 'IMPORTANT: The stop price must be at least $0.01 below the current bid price for sell orders ($0.01 below the most recent closing price if the market is closed). Please adjust the stop price and resubmit your order.'}}
2025-09-11 11:37:38,828 INFO sell-guard: [SG] WBD: last=13.22 entry=12.21 pnl=+827 bps (tp=200 stop=100) hold=4051m lim=13.21 free=1 -> stop=False tp=True timeout=False
2025-09-11 11:37:38,911 DEBUG sell-guard: sell window check: start=0935 end=1555 now=1137
2025-09-11 11:37:39,871 WARNING sell-guard: WBD SELL place 500/code100 (try 1/4), backing off 2.0s
2025-09-11 11:37:42,650 WARNING sell-guard: WBD SELL place 500/code100 (try 2/4), backing off 3.2s
2025-09-11 11:37:46,591 WARNING sell-guard: WBD SELL place 500/code100 (try 3/4), backing off 5.1s
2025-09-11 11:37:52,493 WARNING sell-guard: WBD SELL place 500/code100 (try 4/4), backing off 8.2s
2025-09-11 11:38:00,686 WARNING sell-guard: E*TRADE circuit OPEN for 60s due to repeated 500/code100
2025-09-11 11:38:00,688 ERROR sell-guard: WBD SELL_TARGET place failed: etrade POST /accounts/kW8LbkuGisPCK9Ey7C8iWA/orders/place.json -> 500: {'Error': {'code': 100, 'message': 'The requested service is not currently available, please try after sometime.'}}
2025-09-11 11:38:01,500 ERROR sell-guard: WBD SELL_TARGET MARKET fallback failed: etrade POST /accounts/kW8LbkuGisPCK9Ey7C8iWA/orders/place.json -> 500: {'Error': {'code': 100, 'message': 'The requested service is not currently available, please try after sometime.'}}
2025-09-11 11:38:01,501 INFO sell-guard: ⏱ heartbeat: loop alive (account=kW8LbkuGisPCK9Ey7C8iWA)
2025-09-11 11:38:01,503 INFO sell-guard: E*TRADE unstable; skipping tick (circuit open, 59s left)
2025-09-11 11:38:31,504 INFO sell-guard: ⏱ heartbeat: loop alive (account=kW8LbkuGisPCK9Ey7C8iWA)
2025-09-11 11:38:31,505 INFO sell-guard: E*TRADE unstable; skipping tick (circuit open, 29s left)
2025-09-11 11:39:01,513 INFO sell-guard: ⏱ heartbeat: loop alive (account=kW8LbkuGisPCK9Ey7C8iWA)
2025-09-11 11:39:02,050 INFO sell-guard: positions via get_positions -> 21 symbol(s)
2025-09-11 11:39:02,051 INFO sell-guard: Managing 7 symbol(s): CVS,SWKS,PCG,NCLH,IVZ,ENPH,WBD
2025-09-11 11:39:08,202 INFO sell-guard: [SG] CVS: last=74.23 entry=70.96 pnl=+462 bps (tp=200 stop=100) hold=2790m lim=74.23 free=1 -> stop=False tp=True timeout=False
2025-09-11 11:39:08,204 DEBUG sell-guard: sell window check: start=0935 end=1555 now=1139
2025-09-11 11:39:08,882 WARNING sell-guard: CVS SELL place 500/code100 (try 1/4), backing off 2.0s
2025-09-11 11:39:11,808 WARNING sell-guard: CVS SELL place 500/code100 (try 2/4), backing off 3.2s
2025-09-11 11:39:15,780 WARNING sell-guard: CVS SELL place 500/code100 (try 3/4), backing off 5.1s
2025-09-11 11:39:21,731 WARNING sell-guard: CVS SELL place 500/code100 (try 4/4), backing off 8.2s
2025-09-11 11:39:29,926 WARNING sell-guard: E*TRADE circuit OPEN for 60s due to repeated 500/code100
2025-09-11 11:39:29,929 ERROR sell-guard: CVS SELL_TARGET place failed: etrade POST /accounts/kW8LbkuGisPCK9Ey7C8iWA/orders/place.json -> 500: {'Error': {'code': 100, 'message': 'The requested service is not currently available, please try after sometime.'}}
2025-09-11 11:39:30,825 ERROR sell-guard: CVS SELL_TARGET MARKET fallback failed: etrade POST /accounts/kW8LbkuGisPCK9Ey7C8iWA/orders/place.json -> 500: {'Error': {'code': 100, 'message': 'The requested service is not currently available, please try after sometime.'}}
2025-09-11 11:39:35,000 INFO sell-guard: [SG] SWKS: last=73.28 entry=76.23 pnl=-388 bps (tp=200 stop=100) hold=2779m lim=73.24 free=1 -> stop=True tp=False timeout=False
2025-09-11 11:39:35,001 DEBUG sell-guard: sell window check: start=0935 end=1555 now=1139
2025-09-11 11:39:35,743 ERROR sell-guard: SWKS ARM HARD STOP failed: etrade POST /accounts/kW8LbkuGisPCK9Ey7C8iWA/orders/place.json -> 500: {'Error': {'code': 100, 'message': 'The requested service is not currently available, please try after sometime.'}}
2025-09-11 11:39:36,514 ERROR sell-guard: SWKS STOP MARKET fallback failed: etrade POST /accounts/kW8LbkuGisPCK9Ey7C8iWA/orders/place.json -> 500: {'Error': {'code': 100, 'message': 'The requested service is not currently available, please try after sometime.'}}
2025-09-11 11:39:40,058 INFO sell-guard: [SG] PCG: last=15.15 entry=14.86 pnl=+195 bps (tp=200 stop=100) hold=2765m lim=15.15 free=1 -> stop=False tp=False timeout=False
2025-09-11 11:39:40,059 DEBUG sell-guard: sell window check: start=0935 end=1555 now=1139
2025-09-11 11:39:43,248 INFO sell-guard: [SG] NCLH: last=26.52 entry=25.25 pnl=+506 bps (tp=200 stop=100) hold=2792m lim=26.52 free=3 -> stop=False tp=True timeout=False
2025-09-11 11:39:43,249 DEBUG sell-guard: sell window check: start=0935 end=1555 now=1139
2025-09-11 11:39:43,941 WARNING sell-guard: NCLH SELL place 500/code100 (try 1/4), backing off 2.0s
2025-09-11 11:39:46,797 WARNING sell-guard: NCLH SELL place 500/code100 (try 2/4), backing off 3.2s
2025-09-11 11:39:50,774 WARNING sell-guard: NCLH SELL place 500/code100 (try 3/4), backing off 5.1s
2025-09-11 11:39:56,605 WARNING sell-guard: NCLH SELL place 500/code100 (try 4/4), backing off 8.2s
2025-09-11 11:40:04,799 WARNING sell-guard: E*TRADE circuit OPEN for 60s due to repeated 500/code100
2025-09-11 11:40:04,801 ERROR sell-guard: NCLH SELL_TARGET place failed: etrade POST /accounts/kW8LbkuGisPCK9Ey7C8iWA/orders/place.json -> 500: {'Error': {'code': 100, 'message': 'The requested service is not currently available, please try after sometime.'}}
2025-09-11 11:40:05,552 ERROR sell-guard: NCLH SELL_TARGET MARKET fallback failed: etrade POST /accounts/kW8LbkuGisPCK9Ey7C8iWA/orders/place.json -> 500: {'Error': {'code': 100, 'message': 'The requested service is not currently available, please try after sometime.'}}
2025-09-11 11:40:08,957 INFO sell-guard: [SG] IVZ: last=22.51 entry=22.35 pnl=+72 bps (tp=200 stop=100) hold=2813m lim=22.51 free=4 -> stop=False tp=False timeout=False
2025-09-11 11:40:08,958 DEBUG sell-guard: sell window check: start=0935 end=1555 now=1140
2025-09-11 11:40:12,130 INFO sell-guard: [SG] ENPH: last=38.47 entry=39.06 pnl=-152 bps (tp=200 stop=100) hold=2807m lim=38.47 free=2 -> stop=True tp=False timeout=False
2025-09-11 11:40:12,130 DEBUG sell-guard: sell window check: start=0935 end=1555 now=1140
2025-09-11 11:40:12,857 ERROR sell-guard: ENPH ARM HARD STOP failed: etrade POST /accounts/kW8LbkuGisPCK9Ey7C8iWA/orders/place.json -> 500: {'Error': {'code': 100, 'message': 'The requested service is not currently available, please try after sometime.'}}
2025-09-11 11:40:13,554 ERROR sell-guard: ENPH STOP MARKET fallback failed: etrade POST /accounts/kW8LbkuGisPCK9Ey7C8iWA/orders/place.json -> 500: {'Error': {'code': 100, 'message': 'The requested service is not currently available, please try after sometime.'}}
2025-09-11 11:40:16,608 INFO sell-guard: [SG] WBD: last=13.24 entry=12.21 pnl=+848 bps (tp=200 stop=100) hold=4054m lim=13.24 free=1 -> stop=False tp=True timeout=False
2025-09-11 11:40:16,609 DEBUG sell-guard: sell window check: start=0935 end=1555 now=1140
2025-09-11 11:40:17,568 WARNING sell-guard: WBD SELL place 500/code100 (try 1/4), backing off 2.0s
2025-09-11 11:40:20,442 WARNING sell-guard: WBD SELL place 500/code100 (try 2/4), backing off 3.2s
2025-09-11 11:40:24,698 WARNING sell-guard: WBD SELL place 500/code100 (try 3/4), backing off 5.1s
2025-09-11 11:40:30,827 WARNING sell-guard: WBD SELL place 500/code100 (try 4/4), backing off 8.2s
2025-09-11 11:40:39,020 WARNING sell-guard: E*TRADE circuit OPEN for 60s due to repeated 500/code100
2025-09-11 11:40:39,021 ERROR sell-guard: WBD SELL_TARGET place failed: etrade POST /accounts/kW8LbkuGisPCK9Ey7C8iWA/orders/place.json -> 500: {'Error': {'code': 100, 'message': 'The requested service is not currently available, please try after sometime.'}}
2025-09-11 11:40:39,802 ERROR sell-guard: WBD SELL_TARGET MARKET fallback failed: etrade POST /accounts/kW8LbkuGisPCK9Ey7C8iWA/orders/place.json -> 500: {'Error': {'code': 100, 'message': 'The requested service is not currently available, please try after sometime.'}}
2025-09-11 11:40:39,803 INFO sell-guard: ⏱ heartbeat: loop alive (account=kW8LbkuGisPCK9Ey7C8iWA)
2025-09-11 11:40:39,805 INFO sell-guard: E*TRADE unstable; skipping tick (circuit open, 59s left)
2025-09-11 11:41:09,806 INFO sell-guard: ⏱ heartbeat: loop alive (account=kW8LbkuGisPCK9Ey7C8iWA)
2025-09-11 11:41:09,807 INFO sell-guard: E*TRADE unstable; skipping tick (circuit open, 29s left)
2025-09-11 11:41:39,819 INFO sell-guard: ⏱ heartbeat: loop alive (account=kW8LbkuGisPCK9Ey7C8iWA)
2025-09-11 11:41:40,789 INFO sell-guard: positions via get_positions -> 21 symbol(s)
2025-09-11 11:41:40,790 INFO sell-guard: Managing 7 symbol(s): CVS,SWKS,PCG,NCLH,IVZ,ENPH,WBD
2025-09-11 11:41:45,919 INFO sell-guard: [SG] CVS: last=74.30 entry=70.96 pnl=+470 bps (tp=200 stop=100) hold=2792m lim=74.29 free=1 -> stop=False tp=True timeout=False
2025-09-11 11:41:45,920 DEBUG sell-guard: sell window check: start=0935 end=1555 now=1141
2025-09-11 11:41:46,657 WARNING sell-guard: CVS SELL place 500/code100 (try 1/4), backing off 2.0s
2025-09-11 11:41:49,482 WARNING sell-guard: CVS SELL place 500/code100 (try 2/4), backing off 3.2s
2025-09-11 11:41:53,527 WARNING sell-guard: CVS SELL place 500/code100 (try 3/4), backing off 5.1s
2025-09-11 11:41:59,468 WARNING sell-guard: CVS SELL place 500/code100 (try 4/4), backing off 8.2s
2025-09-11 11:42:07,661 WARNING sell-guard: E*TRADE circuit OPEN for 60s due to repeated 500/code100
2025-09-11 11:42:07,661 ERROR sell-guard: CVS SELL_TARGET place failed: etrade POST /accounts/kW8LbkuGisPCK9Ey7C8iWA/orders/place.json -> 500: {'Error': {'code': 100, 'message': 'The requested service is not currently available, please try after sometime.'}}
2025-09-11 11:42:08,439 ERROR sell-guard: CVS SELL_TARGET MARKET fallback failed: etrade POST /accounts/kW8LbkuGisPCK9Ey7C8iWA/orders/place.json -> 500: {'Error': {'code': 100, 'message': 'The requested service is not currently available, please try after sometime.'}}
2025-09-11 11:42:11,895 INFO sell-guard: [SG] SWKS: last=73.29 entry=76.23 pnl=-386 bps (tp=200 stop=100) hold=2782m lim=73.25 free=1 -> stop=True tp=False timeout=False
2025-09-11 11:42:11,902 DEBUG sell-guard: sell window check: start=0935 end=1555 now=1142
2025-09-11 11:42:12,680 ERROR sell-guard: SWKS ARM HARD STOP failed: etrade POST /accounts/kW8LbkuGisPCK9Ey7C8iWA/orders/place.json -> 500: {'Error': {'code': 100, 'message': 'The requested service is not currently available, please try after sometime.'}}
2025-09-11 11:42:13,412 ERROR sell-guard: SWKS STOP MARKET fallback failed: etrade POST /accounts/kW8LbkuGisPCK9Ey7C8iWA/orders/place.json -> 500: {'Error': {'code': 100, 'message': 'The requested service is not currently available, please try after sometime.'}}
2025-09-11 11:42:16,604 INFO sell-guard: [SG] PCG: last=15.11 entry=14.86 pnl=+165 bps (tp=200 stop=100) hold=2768m lim=15.10 free=1 -> stop=False tp=False timeout=False
2025-09-11 11:42:16,605 DEBUG sell-guard: sell window check: start=0935 end=1555 now=1142
2025-09-11 11:42:19,589 INFO sell-guard: [SG] NCLH: last=26.55 entry=25.25 pnl=+518 bps (tp=200 stop=100) hold=2795m lim=26.55 free=3 -> stop=False tp=True timeout=False
2025-09-11 11:42:19,589 DEBUG sell-guard: sell window check: start=0935 end=1555 now=1142
2025-09-11 11:42:20,705 WARNING sell-guard: NCLH SELL place 500/code100 (try 1/4), backing off 2.0s
2025-09-11 11:42:23,478 WARNING sell-guard: NCLH SELL place 500/code100 (try 2/4), backing off 3.2s
2025-09-11 11:42:27,364 WARNING sell-guard: NCLH SELL place 500/code100 (try 3/4), backing off 5.1s
2025-09-11 11:42:33,246 WARNING sell-guard: NCLH SELL place 500/code100 (try 4/4), backing off 8.2s
2025-09-11 11:42:41,440 WARNING sell-guard: E*TRADE circuit OPEN for 60s due to repeated 500/code100
2025-09-11 11:42:41,440 ERROR sell-guard: NCLH SELL_TARGET place failed: etrade POST /accounts/kW8LbkuGisPCK9Ey7C8iWA/orders/place.json -> 500: {'Error': {'code': 100, 'message': 'The requested service is not currently available, please try after sometime.'}}
2025-09-11 11:42:42,169 ERROR sell-guard: NCLH SELL_TARGET MARKET fallback failed: etrade POST /accounts/kW8LbkuGisPCK9Ey7C8iWA/orders/place.json -> 500: {'Error': {'code': 100, 'message': 'The requested service is not currently available, please try after sometime.'}}
2025-09-11 11:42:45,218 INFO sell-guard: [SG] IVZ: last=22.46 entry=22.35 pnl=+51 bps (tp=200 stop=100) hold=2816m lim=22.46 free=4 -> stop=False tp=False timeout=False
2025-09-11 11:42:45,219 DEBUG sell-guard: sell window check: start=0935 end=1555 now=1142
2025-09-11 11:42:48,512 INFO sell-guard: [SG] ENPH: last=38.69 entry=39.06 pnl=-95 bps (tp=200 stop=100) hold=2809m lim=38.66 free=2 -> stop=False tp=False timeout=False
2025-09-11 11:42:48,514 DEBUG sell-guard: sell window check: start=0935 end=1555 now=1142
2025-09-11 11:42:51,958 INFO sell-guard: [SG] WBD: last=13.24 entry=12.21 pnl=+843 bps (tp=200 stop=100) hold=4056m lim=13.23 free=1 -> stop=False tp=True timeout=False
2025-09-11 11:42:51,959 DEBUG sell-guard: sell window check: start=0935 end=1555 now=1142
2025-09-11 11:42:52,660 WARNING sell-guard: WBD SELL place 500/code100 (try 1/4), backing off 2.0s
2025-09-11 11:42:55,657 WARNING sell-guard: WBD SELL place 500/code100 (try 2/4), backing off 3.2s
2025-09-11 11:42:59,535 WARNING sell-guard: WBD SELL place 500/code100 (try 3/4), backing off 5.1s
2025-09-11 11:43:05,685 WARNING sell-guard: WBD SELL place 500/code100 (try 4/4), backing off 8.2s
2025-09-11 11:43:13,879 WARNING sell-guard: E*TRADE circuit OPEN for 60s due to repeated 500/code100
2025-09-11 11:43:13,880 ERROR sell-guard: WBD SELL_TARGET place failed: etrade POST /accounts/kW8LbkuGisPCK9Ey7C8iWA/orders/place.json -> 500: {'Error': {'code': 100, 'message': 'The requested service is not currently available, please try after sometime.'}}
2025-09-11 11:43:14,639 ERROR sell-guard: WBD SELL_TARGET MARKET fallback failed: etrade POST /accounts/kW8LbkuGisPCK9Ey7C8iWA/orders/place.json -> 500: {'Error': {'code': 100, 'message': 'The requested service is not currently available, please try after sometime.'}}
2025-09-11 11:43:14,641 INFO sell-guard: ⏱ heartbeat: loop alive (account=kW8LbkuGisPCK9Ey7C8iWA)
2025-09-11 11:43:14,644 INFO sell-guard: E*TRADE unstable; skipping tick (circuit open, 59s left)
2025-09-11 11:43:44,645 INFO sell-guard: ⏱ heartbeat: loop alive (account=kW8LbkuGisPCK9Ey7C8iWA)
2025-09-11 11:43:44,646 INFO sell-guard: E*TRADE unstable; skipping tick (circuit open, 29s left)
2025-09-11 11:44:14,651 INFO sell-guard: ⏱ heartbeat: loop alive (account=kW8LbkuGisPCK9Ey7C8iWA)
2025-09-11 11:44:15,164 INFO sell-guard: positions via get_positions -> 21 symbol(s)
2025-09-11 11:44:15,166 INFO sell-guard: Managing 7 symbol(s): CVS,SWKS,PCG,NCLH,IVZ,ENPH,WBD
2025-09-11 11:44:20,858 INFO sell-guard: [SG] CVS: last=74.25 entry=70.96 pnl=+464 bps (tp=200 stop=100) hold=2795m lim=74.25 free=1 -> stop=False tp=True timeout=False
2025-09-11 11:44:20,858 DEBUG sell-guard: sell window check: start=0935 end=1555 now=1144
2025-09-11 11:44:21,592 WARNING sell-guard: CVS SELL place 500/code100 (try 1/4), backing off 2.0s
2025-09-11 11:44:24,275 WARNING sell-guard: CVS SELL place 500/code100 (try 2/4), backing off 3.2s
2025-09-11 11:44:28,205 WARNING sell-guard: CVS SELL place 500/code100 (try 3/4), backing off 5.1s
2025-09-11 11:44:34,128 WARNING sell-guard: CVS SELL place 500/code100 (try 4/4), backing off 8.2s
2025-09-11 11:44:42,322 WARNING sell-guard: E*TRADE circuit OPEN for 60s due to repeated 500/code100
2025-09-11 11:44:42,322 ERROR sell-guard: CVS SELL_TARGET place failed: etrade POST /accounts/kW8LbkuGisPCK9Ey7C8iWA/orders/place.json -> 500: {'Error': {'code': 100, 'message': 'The requested service is not currently available, please try after sometime.'}}
2025-09-11 11:44:43,075 ERROR sell-guard: CVS SELL_TARGET MARKET fallback failed: etrade POST /accounts/kW8LbkuGisPCK9Ey7C8iWA/orders/place.json -> 500: {'Error': {'code': 100, 'message': 'The requested service is not currently available, please try after sometime.'}}
2025-09-11 11:44:46,214 INFO sell-guard: [SG] SWKS: last=73.33 entry=76.23 pnl=-380 bps (tp=200 stop=100) hold=2784m lim=73.30 free=1 -> stop=True tp=False timeout=False
2025-09-11 11:44:46,215 DEBUG sell-guard: sell window check: start=0935 end=1555 now=1144
2025-09-11 11:44:46,945 ERROR sell-guard: SWKS ARM HARD STOP failed: etrade POST /accounts/kW8LbkuGisPCK9Ey7C8iWA/orders/place.json -> 500: {'Error': {'code': 100, 'message': 'The requested service is not currently available, please try after sometime.'}}
2025-09-11 11:44:47,687 ERROR sell-guard: SWKS STOP MARKET fallback failed: etrade POST /accounts/kW8LbkuGisPCK9Ey7C8iWA/orders/place.json -> 500: {'Error': {'code': 100, 'message': 'The requested service is not currently available, please try after sometime.'}}
2025-09-11 11:44:51,049 INFO sell-guard: [SG] PCG: last=15.13 entry=14.86 pnl=+185 bps (tp=200 stop=100) hold=2771m lim=15.13 free=1 -> stop=False tp=False timeout=False
2025-09-11 11:44:51,050 DEBUG sell-guard: sell window check: start=0935 end=1555 now=1144
2025-09-11 11:44:54,050 INFO sell-guard: [SG] NCLH: last=26.54 entry=25.25 pnl=+510 bps (tp=200 stop=100) hold=2797m lim=26.53 free=3 -> stop=False tp=True timeout=False
2025-09-11 11:44:54,052 DEBUG sell-guard: sell window check: start=0935 end=1555 now=1144
2025-09-11 11:44:54,745 WARNING sell-guard: NCLH SELL place 500/code100 (try 1/4), backing off 2.0s
2025-09-11 11:44:57,565 WARNING sell-guard: NCLH SELL place 500/code100 (try 2/4), backing off 3.2s
2025-09-11 11:45:01,528 WARNING sell-guard: NCLH SELL place 500/code100 (try 3/4), backing off 5.1s
2025-09-11 11:45:07,509 WARNING sell-guard: NCLH SELL place 500/code100 (try 4/4), backing off 8.2s
2025-09-11 11:45:15,703 WARNING sell-guard: E*TRADE circuit OPEN for 60s due to repeated 500/code100
2025-09-11 11:45:15,704 ERROR sell-guard: NCLH SELL_TARGET place failed: etrade POST /accounts/kW8LbkuGisPCK9Ey7C8iWA/orders/place.json -> 500: {'Error': {'code': 100, 'message': 'The requested service is not currently available, please try after sometime.'}}
2025-09-11 11:45:16,419 ERROR sell-guard: NCLH SELL_TARGET MARKET fallback failed: etrade POST /accounts/kW8LbkuGisPCK9Ey7C8iWA/orders/place.json -> 500: {'Error': {'code': 100, 'message': 'The requested service is not currently available, please try after sometime.'}}
2025-09-11 11:45:19,343 INFO sell-guard: [SG] IVZ: last=22.39 entry=22.35 pnl=+20 bps (tp=200 stop=100) hold=2818m lim=22.39 free=4 -> stop=False tp=False timeout=False
2025-09-11 11:45:19,344 DEBUG sell-guard: sell window check: start=0935 end=1555 now=1145
2025-09-11 11:45:22,792 INFO sell-guard: [SG] ENPH: last=38.69 entry=39.06 pnl=-95 bps (tp=200 stop=100) hold=2812m lim=38.68 free=2 -> stop=False tp=False timeout=False
2025-09-11 11:45:22,793 DEBUG sell-guard: sell window check: start=0935 end=1555 now=1145
2025-09-11 11:45:26,362 INFO sell-guard: [SG] WBD: last=13.23 entry=12.21 pnl=+839 bps (tp=200 stop=100) hold=4059m lim=13.23 free=1 -> stop=False tp=True timeout=False
2025-09-11 11:45:26,362 DEBUG sell-guard: sell window check: start=0935 end=1555 now=1145
2025-09-11 11:45:27,098 WARNING sell-guard: WBD SELL place 500/code100 (try 1/4), backing off 2.0s
2025-09-11 11:45:29,826 WARNING sell-guard: WBD SELL place 500/code100 (try 2/4), backing off 3.2s
2025-09-11 11:45:33,870 WARNING sell-guard: WBD SELL place 500/code100 (try 3/4), backing off 5.1s
2025-09-11 11:45:39,746 WARNING sell-guard: WBD SELL place 500/code100 (try 4/4), backing off 8.2s
2025-09-11 11:45:47,939 WARNING sell-guard: E*TRADE circuit OPEN for 60s due to repeated 500/code100
2025-09-11 11:45:47,940 ERROR sell-guard: WBD SELL_TARGET place failed: etrade POST /accounts/kW8LbkuGisPCK9Ey7C8iWA/orders/place.json -> 500: {'Error': {'code': 100, 'message': 'The requested service is not currently available, please try after sometime.'}}
2025-09-11 11:45:48,661 ERROR sell-guard: WBD SELL_TARGET MARKET fallback failed: etrade POST /accounts/kW8LbkuGisPCK9Ey7C8iWA/orders/place.json -> 500: {'Error': {'code': 100, 'message': 'The requested service is not currently available, please try after sometime.'}}
2025-09-11 11:45:48,662 INFO sell-guard: ⏱ heartbeat: loop alive (account=kW8LbkuGisPCK9Ey7C8iWA)
2025-09-11 11:45:48,664 INFO sell-guard: E*TRADE unstable; skipping tick (circuit open, 59s left)
2025-09-11 11:46:18,666 INFO sell-guard: ⏱ heartbeat: loop alive (account=kW8LbkuGisPCK9Ey7C8iWA)
2025-09-11 11:46:18,667 INFO sell-guard: E*TRADE unstable; skipping tick (circuit open, 29s left)
2025-09-11 11:46:48,672 INFO sell-guard: ⏱ heartbeat: loop alive (account=kW8LbkuGisPCK9Ey7C8iWA)
2025-09-11 11:46:49,182 INFO sell-guard: positions via get_positions -> 21 symbol(s)
2025-09-11 11:46:49,183 INFO sell-guard: Managing 7 symbol(s): CVS,SWKS,PCG,NCLH,IVZ,ENPH,WBD
2025-09-11 11:46:54,196 INFO sell-guard: [SG] CVS: last=74.22 entry=70.96 pnl=+460 bps (tp=200 stop=100) hold=2798m lim=74.22 free=1 -> stop=False tp=True timeout=False
2025-09-11 11:46:54,197 DEBUG sell-guard: sell window check: start=0935 end=1555 now=1146
2025-09-11 11:46:54,994 WARNING sell-guard: CVS SELL place 500/code100 (try 1/4), backing off 2.0s
2025-09-11 11:46:57,773 WARNING sell-guard: CVS SELL place 500/code100 (try 2/4), backing off 3.2s
2025-09-11 11:47:01,708 WARNING sell-guard: CVS SELL place 500/code100 (try 3/4), backing off 5.1s
2025-09-11 11:47:07,587 WARNING sell-guard: CVS SELL place 500/code100 (try 4/4), backing off 8.2s
2025-09-11 11:47:15,781 WARNING sell-guard: E*TRADE circuit OPEN for 60s due to repeated 500/code100
2025-09-11 11:47:15,782 ERROR sell-guard: CVS SELL_TARGET place failed: etrade POST /accounts/kW8LbkuGisPCK9Ey7C8iWA/orders/place.json -> 500: {'Error': {'code': 100, 'message': 'The requested service is not currently available, please try after sometime.'}}
2025-09-11 11:47:16,448 ERROR sell-guard: CVS SELL_TARGET MARKET fallback failed: etrade POST /accounts/kW8LbkuGisPCK9Ey7C8iWA/orders/place.json -> 500: {'Error': {'code': 100, 'message': 'The requested service is not currently available, please try after sometime.'}}
2025-09-11 11:47:19,329 INFO sell-guard: [SG] SWKS: last=73.34 entry=76.23 pnl=-379 bps (tp=200 stop=100) hold=2787m lim=73.31 free=1 -> stop=True tp=False timeout=False
2025-09-11 11:47:19,331 DEBUG sell-guard: sell window check: start=0935 end=1555 now=1147
2025-09-11 11:47:19,522 ERROR sell-guard: SWKS ARM HARD STOP failed: etrade POST /accounts/kW8LbkuGisPCK9Ey7C8iWA/orders/preview.json -> 400: {'Error': {'code': 2084, 'message': 'IMPORTANT: The stop price must be at least $0.01 below the current bid price for sell orders ($0.01 below the most recent closing price if the market is closed). Please adjust the stop price and resubmit your order.'}}
2025-09-11 11:47:22,456 INFO sell-guard: [SG] PCG: last=15.08 entry=14.86 pnl=+148 bps (tp=200 stop=100) hold=2773m lim=15.08 free=1 -> stop=False tp=False timeout=False
2025-09-11 11:47:22,457 DEBUG sell-guard: sell window check: start=0935 end=1555 now=1147
2025-09-11 11:47:25,043 INFO sell-guard: [SG] NCLH: last=26.55 entry=25.25 pnl=+518 bps (tp=200 stop=100) hold=2800m lim=26.55 free=3 -> stop=False tp=True timeout=False
2025-09-11 11:47:25,044 DEBUG sell-guard: sell window check: start=0935 end=1555 now=1147
2025-09-11 11:47:25,957 WARNING sell-guard: NCLH SELL place 500/code100 (try 1/4), backing off 2.0s
2025-09-11 11:47:28,643 WARNING sell-guard: NCLH SELL place 500/code100 (try 2/4), backing off 3.2s
2025-09-11 11:47:32,526 WARNING sell-guard: NCLH SELL place 500/code100 (try 3/4), backing off 5.1s
2025-09-11 11:47:38,329 WARNING sell-guard: NCLH SELL place 500/code100 (try 4/4), backing off 8.2s
2025-09-11 11:47:46,523 WARNING sell-guard: E*TRADE circuit OPEN for 60s due to repeated 500/code100
2025-09-11 11:47:46,523 ERROR sell-guard: NCLH SELL_TARGET place failed: etrade POST /accounts/kW8LbkuGisPCK9Ey7C8iWA/orders/place.json -> 500: {'Error': {'code': 100, 'message': 'The requested service is not currently available, please try after sometime.'}}
2025-09-11 11:47:47,171 ERROR sell-guard: NCLH SELL_TARGET MARKET fallback failed: etrade POST /accounts/kW8LbkuGisPCK9Ey7C8iWA/orders/place.json -> 500: {'Error': {'code': 100, 'message': 'The requested service is not currently available, please try after sometime.'}}
2025-09-11 11:47:49,758 INFO sell-guard: [SG] IVZ: last=22.39 entry=22.35 pnl=+18 bps (tp=200 stop=100) hold=2821m lim=22.38 free=4 -> stop=False tp=False timeout=False
2025-09-11 11:47:49,759 DEBUG sell-guard: sell window check: start=0935 end=1555 now=1147
2025-09-11 11:47:52,603 INFO sell-guard: [SG] ENPH: last=38.70 entry=39.06 pnl=-93 bps (tp=200 stop=100) hold=2814m lim=38.68 free=2 -> stop=False tp=False timeout=False
2025-09-11 11:47:52,604 DEBUG sell-guard: sell window check: start=0935 end=1555 now=1147
2025-09-11 11:47:55,219 INFO sell-guard: [SG] WBD: last=13.25 entry=12.21 pnl=+852 bps (tp=200 stop=100) hold=4062m lim=13.24 free=1 -> stop=False tp=True timeout=False
2025-09-11 11:47:55,220 DEBUG sell-guard: sell window check: start=0935 end=1555 now=1147
2025-09-11 11:47:55,888 WARNING sell-guard: WBD SELL place 500/code100 (try 1/4), backing off 2.0s
2025-09-11 11:47:58,604 WARNING sell-guard: WBD SELL place 500/code100 (try 2/4), backing off 3.2s
2025-09-11 11:48:02,793 WARNING sell-guard: WBD SELL place 500/code100 (try 3/4), backing off 5.1s
2025-09-11 11:48:08,909 WARNING sell-guard: WBD SELL place 500/code100 (try 4/4), backing off 8.2s
2025-09-11 11:48:17,103 WARNING sell-guard: E*TRADE circuit OPEN for 60s due to repeated 500/code100
2025-09-11 11:48:17,104 ERROR sell-guard: WBD SELL_TARGET place failed: etrade POST /accounts/kW8LbkuGisPCK9Ey7C8iWA/orders/place.json -> 500: {'Error': {'code': 100, 'message': 'The requested service is not currently available, please try after sometime.'}}
2025-09-11 11:48:17,810 ERROR sell-guard: WBD SELL_TARGET MARKET fallback failed: etrade POST /accounts/kW8LbkuGisPCK9Ey7C8iWA/orders/place.json -> 500: {'Error': {'code': 100, 'message': 'The requested service is not currently available, please try after sometime.'}}
2025-09-11 11:48:17,811 INFO sell-guard: ⏱ heartbeat: loop alive (account=kW8LbkuGisPCK9Ey7C8iWA)
2025-09-11 11:48:17,814 INFO sell-guard: E*TRADE unstable; skipping tick (circuit open, 59s left)
2025-09-11 11:48:47,816 INFO sell-guard: ⏱ heartbeat: loop alive (account=kW8LbkuGisPCK9Ey7C8iWA)
2025-09-11 11:48:47,817 INFO sell-guard: E*TRADE unstable; skipping tick (circuit open, 29s left)
2025-09-11 11:49:17,829 INFO sell-guard: ⏱ heartbeat: loop alive (account=kW8LbkuGisPCK9Ey7C8iWA)
2025-09-11 11:49:18,356 INFO sell-guard: positions via get_positions -> 21 symbol(s)
2025-09-11 11:49:18,623 INFO sell-guard: Managing 7 symbol(s): CVS,SWKS,PCG,NCLH,IVZ,ENPH,WBD
2025-09-11 11:49:24,029 INFO sell-guard: [SG] CVS: last=74.26 entry=70.96 pnl=+465 bps (tp=200 stop=100) hold=2800m lim=74.25 free=1 -> stop=False tp=True timeout=False
2025-09-11 11:49:24,031 DEBUG sell-guard: sell window check: start=0935 end=1555 now=1149
2025-09-11 11:49:24,722 WARNING sell-guard: CVS SELL place 500/code100 (try 1/4), backing off 2.0s
2025-09-11 11:49:27,396 WARNING sell-guard: CVS SELL place 500/code100 (try 2/4), backing off 3.2s
2025-09-11 11:49:31,314 WARNING sell-guard: CVS SELL place 500/code100 (try 3/4), backing off 5.1s
2025-09-11 11:49:37,177 WARNING sell-guard: CVS SELL place 500/code100 (try 4/4), backing off 8.2s
2025-09-11 11:49:45,370 WARNING sell-guard: E*TRADE circuit OPEN for 60s due to repeated 500/code100
2025-09-11 11:49:45,374 ERROR sell-guard: CVS SELL_TARGET place failed: etrade POST /accounts/kW8LbkuGisPCK9Ey7C8iWA/orders/place.json -> 500: {'Error': {'code': 100, 'message': 'The requested service is not currently available, please try after sometime.'}}
2025-09-11 11:49:46,211 ERROR sell-guard: CVS SELL_TARGET MARKET fallback failed: etrade POST /accounts/kW8LbkuGisPCK9Ey7C8iWA/orders/place.json -> 500: {'Error': {'code': 100, 'message': 'The requested service is not currently available, please try after sometime.'}}
2025-09-11 11:49:48,861 INFO sell-guard: [SG] SWKS: last=73.27 entry=76.23 pnl=-388 bps (tp=200 stop=100) hold=2789m lim=73.23 free=1 -> stop=True tp=False timeout=False
2025-09-11 11:49:48,862 DEBUG sell-guard: sell window check: start=0935 end=1555 now=1149
2025-09-11 11:49:49,019 ERROR sell-guard: SWKS ARM HARD STOP failed: etrade POST /accounts/kW8LbkuGisPCK9Ey7C8iWA/orders/preview.json -> 400: {'Error': {'code': 2084, 'message': 'IMPORTANT: The stop price must be at least $0.01 below the current bid price for sell orders ($0.01 below the most recent closing price if the market is closed). Please adjust the stop price and resubmit your order.'}}
2025-09-11 11:49:52,174 INFO sell-guard: [SG] PCG: last=15.16 entry=14.86 pnl=+201 bps (tp=200 stop=100) hold=2776m lim=15.15 free=1 -> stop=False tp=True timeout=False
2025-09-11 11:49:52,175 DEBUG sell-guard: sell window check: start=0935 end=1555 now=1149
2025-09-11 11:49:52,858 WARNING sell-guard: PCG SELL place 500/code100 (try 1/4), backing off 2.0s
2025-09-11 11:49:55,880 WARNING sell-guard: PCG SELL place 500/code100 (try 2/4), backing off 3.2s
2025-09-11 11:49:59,748 WARNING sell-guard: PCG SELL place 500/code100 (try 3/4), backing off 5.1s
2025-09-11 11:50:05,847 WARNING sell-guard: PCG SELL place 500/code100 (try 4/4), backing off 8.2s
2025-09-11 11:50:14,040 WARNING sell-guard: E*TRADE circuit OPEN for 60s due to repeated 500/code100
2025-09-11 11:50:14,041 ERROR sell-guard: PCG SELL_TARGET place failed: etrade POST /accounts/kW8LbkuGisPCK9Ey7C8iWA/orders/place.json -> 500: {'Error': {'code': 100, 'message': 'The requested service is not currently available, please try after sometime.'}}
2025-09-11 11:50:14,710 ERROR sell-guard: PCG SELL_TARGET MARKET fallback failed: etrade POST /accounts/kW8LbkuGisPCK9Ey7C8iWA/orders/place.json -> 500: {'Error': {'code': 100, 'message': 'The requested service is not currently available, please try after sometime.'}}
2025-09-11 11:50:17,619 INFO sell-guard: [SG] NCLH: last=26.55 entry=25.25 pnl=+518 bps (tp=200 stop=100) hold=2803m lim=26.55 free=3 -> stop=False tp=True timeout=False
2025-09-11 11:50:17,620 DEBUG sell-guard: sell window check: start=0935 end=1555 now=1150
2025-09-11 11:50:18,319 WARNING sell-guard: NCLH SELL place 500/code100 (try 1/4), backing off 2.0s
2025-09-11 11:50:21,217 WARNING sell-guard: NCLH SELL place 500/code100 (try 2/4), backing off 3.2s
2025-09-11 11:50:25,224 WARNING sell-guard: NCLH SELL place 500/code100 (try 3/4), backing off 5.1s
2025-09-11 11:50:31,338 WARNING sell-guard: NCLH SELL place 500/code100 (try 4/4), backing off 8.2s
2025-09-11 11:50:39,531 WARNING sell-guard: E*TRADE circuit OPEN for 60s due to repeated 500/code100
2025-09-11 11:50:39,532 ERROR sell-guard: NCLH SELL_TARGET place failed: etrade POST /accounts/kW8LbkuGisPCK9Ey7C8iWA/orders/place.json -> 500: {'Error': {'code': 100, 'message': 'The requested service is not currently available, please try after sometime.'}}
2025-09-11 11:50:40,201 ERROR sell-guard: NCLH SELL_TARGET MARKET fallback failed: etrade POST /accounts/kW8LbkuGisPCK9Ey7C8iWA/orders/place.json -> 500: {'Error': {'code': 100, 'message': 'The requested service is not currently available, please try after sometime.'}}
2025-09-11 11:50:43,236 INFO sell-guard: [SG] IVZ: last=22.37 entry=22.35 pnl=+9 bps (tp=200 stop=100) hold=2824m lim=22.37 free=4 -> stop=False tp=False timeout=False
2025-09-11 11:50:43,237 DEBUG sell-guard: sell window check: start=0935 end=1555 now=1150
2025-09-11 11:50:45,765 INFO sell-guard: [SG] ENPH: last=38.62 entry=39.06 pnl=-113 bps (tp=200 stop=100) hold=2817m lim=38.60 free=2 -> stop=True tp=False timeout=False
2025-09-11 11:50:45,767 DEBUG sell-guard: sell window check: start=0935 end=1555 now=1150
2025-09-11 11:50:46,407 ERROR sell-guard: ENPH ARM HARD STOP failed: etrade POST /accounts/kW8LbkuGisPCK9Ey7C8iWA/orders/place.json -> 500: {'Error': {'code': 100, 'message': 'The requested service is not currently available, please try after sometime.'}}
2025-09-11 11:50:47,055 ERROR sell-guard: ENPH STOP MARKET fallback failed: etrade POST /accounts/kW8LbkuGisPCK9Ey7C8iWA/orders/place.json -> 500: {'Error': {'code': 100, 'message': 'The requested service is not currently available, please try after sometime.'}}
2025-09-11 11:50:49,658 INFO sell-guard: [SG] WBD: last=13.26 entry=12.21 pnl=+856 bps (tp=200 stop=100) hold=4064m lim=13.25 free=1 -> stop=False tp=True timeout=False
2025-09-11 11:50:49,659 DEBUG sell-guard: sell window check: start=0935 end=1555 now=1150
2025-09-11 11:50:50,301 WARNING sell-guard: WBD SELL place 500/code100 (try 1/4), backing off 2.0s
2025-09-11 11:50:52,993 WARNING sell-guard: WBD SELL place 500/code100 (try 2/4), backing off 3.2s
2025-09-11 11:50:56,864 WARNING sell-guard: WBD SELL place 500/code100 (try 3/4), backing off 5.1s
2025-09-11 11:51:02,700 WARNING sell-guard: WBD SELL place 500/code100 (try 4/4), backing off 8.2s
2025-09-11 11:51:10,893 WARNING sell-guard: E*TRADE circuit OPEN for 60s due to repeated 500/code100
2025-09-11 11:51:10,894 ERROR sell-guard: WBD SELL_TARGET place failed: etrade POST /accounts/kW8LbkuGisPCK9Ey7C8iWA/orders/place.json -> 500: {'Error': {'code': 100, 'message': 'The requested service is not currently available, please try after sometime.'}}
2025-09-11 11:51:11,686 ERROR sell-guard: WBD SELL_TARGET MARKET fallback failed: etrade POST /accounts/kW8LbkuGisPCK9Ey7C8iWA/orders/place.json -> 500: {'Error': {'code': 100, 'message': 'The requested service is not currently available, please try after sometime.'}}
2025-09-11 11:51:11,687 INFO sell-guard: ⏱ heartbeat: loop alive (account=kW8LbkuGisPCK9Ey7C8iWA)
2025-09-11 11:51:11,689 INFO sell-guard: E*TRADE unstable; skipping tick (circuit open, 59s left)
2025-09-11 11:51:41,699 INFO sell-guard: ⏱ heartbeat: loop alive (account=kW8LbkuGisPCK9Ey7C8iWA)
2025-09-11 11:51:41,706 INFO sell-guard: E*TRADE unstable; skipping tick (circuit open, 29s left)
2025-09-11 11:52:12,167 INFO sell-guard: ⏱ heartbeat: loop alive (account=kW8LbkuGisPCK9Ey7C8iWA)
2025-09-11 11:52:12,629 INFO sell-guard: positions via get_positions -> 21 symbol(s)
2025-09-11 11:52:12,632 INFO sell-guard: Managing 7 symbol(s): CVS,SWKS,PCG,NCLH,IVZ,ENPH,WBD
2025-09-11 11:52:18,082 INFO sell-guard: [SG] CVS: last=74.24 entry=70.96 pnl=+462 bps (tp=200 stop=100) hold=2803m lim=74.23 free=1 -> stop=False tp=True timeout=False
2025-09-11 11:52:18,087 DEBUG sell-guard: sell window check: start=0935 end=1555 now=1152
2025-09-11 11:52:18,885 WARNING sell-guard: CVS SELL place 500/code100 (try 1/4), backing off 2.0s
2025-09-11 11:52:21,640 WARNING sell-guard: CVS SELL place 500/code100 (try 2/4), backing off 3.2s
2025-09-11 11:52:25,886 WARNING sell-guard: CVS SELL place 500/code100 (try 3/4), backing off 5.1s
2025-09-11 11:52:31,789 WARNING sell-guard: CVS SELL place 500/code100 (try 4/4), backing off 8.2s
2025-09-11 11:52:39,985 WARNING sell-guard: E*TRADE circuit OPEN for 60s due to repeated 500/code100
2025-09-11 11:52:39,986 ERROR sell-guard: CVS SELL_TARGET place failed: etrade POST /accounts/kW8LbkuGisPCK9Ey7C8iWA/orders/place.json -> 500: {'Error': {'code': 100, 'message': 'The requested service is not currently available, please try after sometime.'}}
2025-09-11 11:52:41,159 ERROR sell-guard: CVS SELL_TARGET MARKET fallback failed: etrade POST /accounts/kW8LbkuGisPCK9Ey7C8iWA/orders/place.json -> 500: {'Error': {'code': 100, 'message': 'The requested service is not currently available, please try after sometime.'}}
2025-09-11 11:52:44,511 INFO sell-guard: [SG] SWKS: last=73.34 entry=76.23 pnl=-379 bps (tp=200 stop=100) hold=2792m lim=73.32 free=1 -> stop=True tp=False timeout=False
2025-09-11 11:52:44,512 DEBUG sell-guard: sell window check: start=0935 end=1555 now=1152
2025-09-11 11:52:45,727 ERROR sell-guard: SWKS ARM HARD STOP failed: etrade POST /accounts/kW8LbkuGisPCK9Ey7C8iWA/orders/place.json -> 500: {'Error': {'code': 100, 'message': 'The requested service is not currently available, please try after sometime.'}}
2025-09-11 11:52:46,538 ERROR sell-guard: SWKS STOP MARKET fallback failed: etrade POST /accounts/kW8LbkuGisPCK9Ey7C8iWA/orders/place.json -> 500: {'Error': {'code': 100, 'message': 'The requested service is not currently available, please try after sometime.'}}
2025-09-11 11:52:49,777 INFO sell-guard: [SG] PCG: last=15.21 entry=14.86 pnl=+239 bps (tp=200 stop=100) hold=2779m lim=15.21 free=1 -> stop=False tp=True timeout=False
2025-09-11 11:52:49,778 DEBUG sell-guard: sell window check: start=0935 end=1555 now=1152
2025-09-11 11:52:50,821 WARNING sell-guard: PCG SELL place 500/code100 (try 1/4), backing off 2.0s
2025-09-11 11:52:53,512 WARNING sell-guard: PCG SELL place 500/code100 (try 2/4), backing off 3.2s
2025-09-11 11:52:57,530 WARNING sell-guard: PCG SELL place 500/code100 (try 3/4), backing off 5.1s
2025-09-11 11:53:03,469 WARNING sell-guard: PCG SELL place 500/code100 (try 4/4), backing off 8.2s
2025-09-11 11:53:11,663 WARNING sell-guard: E*TRADE circuit OPEN for 60s due to repeated 500/code100
2025-09-11 11:53:11,664 ERROR sell-guard: PCG SELL_TARGET place failed: etrade POST /accounts/kW8LbkuGisPCK9Ey7C8iWA/orders/place.json -> 500: {'Error': {'code': 100, 'message': 'The requested service is not currently available, please try after sometime.'}}
2025-09-11 11:53:12,462 ERROR sell-guard: PCG SELL_TARGET MARKET fallback failed: etrade POST /accounts/kW8LbkuGisPCK9Ey7C8iWA/orders/place.json -> 500: {'Error': {'code': 100, 'message': 'The requested service is not currently available, please try after sometime.'}}
2025-09-11 11:53:16,056 INFO sell-guard: [SG] NCLH: last=26.57 entry=25.25 pnl=+525 bps (tp=200 stop=100) hold=2806m lim=26.57 free=3 -> stop=False tp=True timeout=False
2025-09-11 11:53:16,056 DEBUG sell-guard: sell window check: start=0935 end=1555 now=1153
2025-09-11 11:53:16,774 WARNING sell-guard: NCLH SELL place 500/code100 (try 1/4), backing off 2.0s
2025-09-11 11:53:19,892 WARNING sell-guard: NCLH SELL place 500/code100 (try 2/4), backing off 3.2s
2025-09-11 11:53:24,007 WARNING sell-guard: NCLH SELL place 500/code100 (try 3/4), backing off 5.1s
2025-09-11 11:53:29,984 WARNING sell-guard: NCLH SELL place 500/code100 (try 4/4), backing off 8.2s
2025-09-11 11:53:38,181 WARNING sell-guard: E*TRADE circuit OPEN for 60s due to repeated 500/code100
2025-09-11 11:53:38,183 ERROR sell-guard: NCLH SELL_TARGET place failed: etrade POST /accounts/kW8LbkuGisPCK9Ey7C8iWA/orders/place.json -> 500: {'Error': {'code': 100, 'message': 'The requested service is not currently available, please try after sometime.'}}
2025-09-11 11:53:38,997 ERROR sell-guard: NCLH SELL_TARGET MARKET fallback failed: etrade POST /accounts/kW8LbkuGisPCK9Ey7C8iWA/orders/place.json -> 500: {'Error': {'code': 100, 'message': 'The requested service is not currently available, please try after sometime.'}}
2025-09-11 11:53:42,692 INFO sell-guard: [SG] IVZ: last=22.36 entry=22.35 pnl=+4 bps (tp=200 stop=100) hold=2827m lim=22.36 free=4 -> stop=False tp=False timeout=False
2025-09-11 11:53:42,693 DEBUG sell-guard: sell window check: start=0935 end=1555 now=1153
2025-09-11 11:53:46,655 INFO sell-guard: [SG] ENPH: last=38.57 entry=39.06 pnl=-125 bps (tp=200 stop=100) hold=2820m lim=38.58 free=2 -> stop=True tp=False timeout=False
2025-09-11 11:53:46,656 DEBUG sell-guard: sell window check: start=0935 end=1555 now=1153
2025-09-11 11:53:46,825 ERROR sell-guard: ENPH ARM HARD STOP failed: etrade POST /accounts/kW8LbkuGisPCK9Ey7C8iWA/orders/preview.json -> 400: {'Error': {'code': 2084, 'message': 'IMPORTANT: The stop price must be at least $0.01 below the current bid price for sell orders ($0.01 below the most recent closing price if the market is closed). Please adjust the stop price and resubmit your order.'}}
2025-09-11 11:53:49,918 INFO sell-guard: [SG] WBD: last=13.26 entry=12.21 pnl=+856 bps (tp=200 stop=100) hold=4067m lim=13.25 free=1 -> stop=False tp=True timeout=False
2025-09-11 11:53:49,919 DEBUG sell-guard: sell window check: start=0935 end=1555 now=1153
2025-09-11 11:53:51,083 WARNING sell-guard: WBD SELL place 500/code100 (try 1/4), backing off 2.0s
2025-09-11 11:53:53,857 WARNING sell-guard: WBD SELL place 500/code100 (try 2/4), backing off 3.2s
2025-09-11 11:53:57,924 WARNING sell-guard: WBD SELL place 500/code100 (try 3/4), backing off 5.1s
2025-09-11 11:54:03,854 WARNING sell-guard: WBD SELL place 500/code100 (try 4/4), backing off 8.2s
2025-09-11 11:54:12,049 WARNING sell-guard: E*TRADE circuit OPEN for 60s due to repeated 500/code100
2025-09-11 11:54:12,050 ERROR sell-guard: WBD SELL_TARGET place failed: etrade POST /accounts/kW8LbkuGisPCK9Ey7C8iWA/orders/place.json -> 500: {'Error': {'code': 100, 'message': 'The requested service is not currently available, please try after sometime.'}}
2025-09-11 11:54:12,833 ERROR sell-guard: WBD SELL_TARGET MARKET fallback failed: etrade POST /accounts/kW8LbkuGisPCK9Ey7C8iWA/orders/place.json -> 500: {'Error': {'code': 100, 'message': 'The requested service is not currently available, please try after sometime.'}}
2025-09-11 11:54:12,834 INFO sell-guard: ⏱ heartbeat: loop alive (account=kW8LbkuGisPCK9Ey7C8iWA)
2025-09-11 11:54:12,836 INFO sell-guard: E*TRADE unstable; skipping tick (circuit open, 59s left)
2025-09-11 11:54:42,839 INFO sell-guard: ⏱ heartbeat: loop alive (account=kW8LbkuGisPCK9Ey7C8iWA)
2025-09-11 11:54:42,839 INFO sell-guard: E*TRADE unstable; skipping tick (circuit open, 29s left)
2025-09-11 11:55:12,846 INFO sell-guard: ⏱ heartbeat: loop alive (account=kW8LbkuGisPCK9Ey7C8iWA)
2025-09-11 11:55:13,474 INFO sell-guard: positions via get_positions -> 21 symbol(s)
2025-09-11 11:55:13,475 INFO sell-guard: Managing 7 symbol(s): CVS,SWKS,PCG,NCLH,IVZ,ENPH,WBD
2025-09-11 11:55:18,898 INFO sell-guard: [SG] CVS: last=74.28 entry=70.96 pnl=+468 bps (tp=200 stop=100) hold=2806m lim=74.27 free=1 -> stop=False tp=True timeout=False
2025-09-11 11:55:18,899 DEBUG sell-guard: sell window check: start=0935 end=1555 now=1155
2025-09-11 11:55:19,884 WARNING sell-guard: CVS SELL place 500/code100 (try 1/4), backing off 2.0s
2025-09-11 11:55:22,746 WARNING sell-guard: CVS SELL place 500/code100 (try 2/4), backing off 3.2s
2025-09-11 11:55:26,682 WARNING sell-guard: CVS SELL place 500/code100 (try 3/4), backing off 5.1s
2025-09-11 11:55:32,488 WARNING sell-guard: CVS SELL place 500/code100 (try 4/4), backing off 8.2s
2025-09-11 11:55:40,683 WARNING sell-guard: E*TRADE circuit OPEN for 60s due to repeated 500/code100
2025-09-11 11:55:40,684 ERROR sell-guard: CVS SELL_TARGET place failed: etrade POST /accounts/kW8LbkuGisPCK9Ey7C8iWA/orders/place.json -> 500: {'Error': {'code': 100, 'message': 'The requested service is not currently available, please try after sometime.'}}
2025-09-11 11:55:41,533 ERROR sell-guard: CVS SELL_TARGET MARKET fallback failed: etrade POST /accounts/kW8LbkuGisPCK9Ey7C8iWA/orders/place.json -> 500: {'Error': {'code': 100, 'message': 'The requested service is not currently available, please try after sometime.'}}
2025-09-11 11:55:44,892 INFO sell-guard: [SG] SWKS: last=73.39 entry=76.23 pnl=-373 bps (tp=200 stop=100) hold=2795m lim=73.34 free=1 -> stop=True tp=False timeout=False
2025-09-11 11:55:44,895 DEBUG sell-guard: sell window check: start=0935 end=1555 now=1155
2025-09-11 11:55:45,047 ERROR sell-guard: SWKS ARM HARD STOP failed: etrade POST /accounts/kW8LbkuGisPCK9Ey7C8iWA/orders/preview.json -> 400: {'Error': {'code': 2084, 'message': 'IMPORTANT: The stop price must be at least $0.01 below the current bid price for sell orders ($0.01 below the most recent closing price if the market is closed). Please adjust the stop price and resubmit your order.'}}
2025-09-11 11:55:48,509 INFO sell-guard: [SG] PCG: last=15.23 entry=14.86 pnl=+252 bps (tp=200 stop=100) hold=2782m lim=15.23 free=1 -> stop=False tp=True timeout=False
2025-09-11 11:55:48,510 DEBUG sell-guard: sell window check: start=0935 end=1555 now=1155
2025-09-11 11:55:49,267 WARNING sell-guard: PCG SELL place 500/code100 (try 1/4), backing off 2.0s
2025-09-11 11:55:52,149 WARNING sell-guard: PCG SELL place 500/code100 (try 2/4), backing off 3.2s
2025-09-11 11:55:56,085 WARNING sell-guard: PCG SELL place 500/code100 (try 3/4), backing off 5.1s
2025-09-11 11:56:02,051 WARNING sell-guard: PCG SELL place 500/code100 (try 4/4), backing off 8.2s
2025-09-11 11:56:10,245 WARNING sell-guard: E*TRADE circuit OPEN for 60s due to repeated 500/code100
2025-09-11 11:56:10,247 ERROR sell-guard: PCG SELL_TARGET place failed: etrade POST /accounts/kW8LbkuGisPCK9Ey7C8iWA/orders/place.json -> 500: {'Error': {'code': 100, 'message': 'The requested service is not currently available, please try after sometime.'}}
2025-09-11 11:56:10,974 ERROR sell-guard: PCG SELL_TARGET MARKET fallback failed: etrade POST /accounts/kW8LbkuGisPCK9Ey7C8iWA/orders/place.json -> 500: {'Error': {'code': 100, 'message': 'The requested service is not currently available, please try after sometime.'}}
2025-09-11 11:56:14,566 INFO sell-guard: [SG] NCLH: last=26.61 entry=25.25 pnl=+537 bps (tp=200 stop=100) hold=2809m lim=26.60 free=3 -> stop=False tp=True timeout=False
2025-09-11 11:56:14,568 DEBUG sell-guard: sell window check: start=0935 end=1555 now=1156
2025-09-11 11:56:15,368 WARNING sell-guard: NCLH SELL place 500/code100 (try 1/4), backing off 2.0s
2025-09-11 11:56:18,106 WARNING sell-guard: NCLH SELL place 500/code100 (try 2/4), backing off 3.2s
2025-09-11 11:56:22,083 WARNING sell-guard: NCLH SELL place 500/code100 (try 3/4), backing off 5.1s
2025-09-11 11:56:28,111 WARNING sell-guard: NCLH SELL place 500/code100 (try 4/4), backing off 8.2s
2025-09-11 11:56:36,306 WARNING sell-guard: E*TRADE circuit OPEN for 60s due to repeated 500/code100
2025-09-11 11:56:36,306 ERROR sell-guard: NCLH SELL_TARGET place failed: etrade POST /accounts/kW8LbkuGisPCK9Ey7C8iWA/orders/place.json -> 500: {'Error': {'code': 100, 'message': 'The requested service is not currently available, please try after sometime.'}}
2025-09-11 11:56:37,148 ERROR sell-guard: NCLH SELL_TARGET MARKET fallback failed: etrade POST /accounts/kW8LbkuGisPCK9Ey7C8iWA/orders/place.json -> 500: {'Error': {'code': 100, 'message': 'The requested service is not currently available, please try after sometime.'}}
2025-09-11 11:56:40,567 INFO sell-guard: [SG] IVZ: last=22.43 entry=22.35 pnl=+38 bps (tp=200 stop=100) hold=2830m lim=22.43 free=4 -> stop=False tp=False timeout=False
2025-09-11 11:56:40,569 DEBUG sell-guard: sell window check: start=0935 end=1555 now=1156
2025-09-11 11:56:43,961 INFO sell-guard: [SG] ENPH: last=38.51 entry=39.06 pnl=-141 bps (tp=200 stop=100) hold=2823m lim=38.51 free=2 -> stop=True tp=False timeout=False
2025-09-11 11:56:43,963 DEBUG sell-guard: sell window check: start=0935 end=1555 now=1156
2025-09-11 11:56:44,754 ERROR sell-guard: ENPH ARM HARD STOP failed: etrade POST /accounts/kW8LbkuGisPCK9Ey7C8iWA/orders/place.json -> 500: {'Error': {'code': 100, 'message': 'The requested service is not currently available, please try after sometime.'}}
2025-09-11 11:56:45,562 ERROR sell-guard: ENPH STOP MARKET fallback failed: etrade POST /accounts/kW8LbkuGisPCK9Ey7C8iWA/orders/place.json -> 500: {'Error': {'code': 100, 'message': 'The requested service is not currently available, please try after sometime.'}}
2025-09-11 11:56:49,336 INFO sell-guard: [SG] WBD: last=13.28 entry=12.21 pnl=+872 bps (tp=200 stop=100) hold=4070m lim=13.27 free=1 -> stop=False tp=True timeout=False
2025-09-11 11:56:49,337 DEBUG sell-guard: sell window check: start=0935 end=1555 now=1156
2025-09-11 11:56:50,171 WARNING sell-guard: WBD SELL place 500/code100 (try 1/4), backing off 2.0s
2025-09-11 11:56:52,942 WARNING sell-guard: WBD SELL place 500/code100 (try 2/4), backing off 3.2s
2025-09-11 11:56:57,208 WARNING sell-guard: WBD SELL place 500/code100 (try 3/4), backing off 5.1s
2025-09-11 11:57:03,293 WARNING sell-guard: WBD SELL place 500/code100 (try 4/4), backing off 8.2s
2025-09-11 11:57:11,487 WARNING sell-guard: E*TRADE circuit OPEN for 60s due to repeated 500/code100
2025-09-11 11:57:11,487 ERROR sell-guard: WBD SELL_TARGET place failed: etrade POST /accounts/kW8LbkuGisPCK9Ey7C8iWA/orders/place.json -> 500: {'Error': {'code': 100, 'message': 'The requested service is not currently available, please try after sometime.'}}
2025-09-11 11:57:12,445 ERROR sell-guard: WBD SELL_TARGET MARKET fallback failed: etrade POST /accounts/kW8LbkuGisPCK9Ey7C8iWA/orders/place.json -> 500: {'Error': {'code': 100, 'message': 'The requested service is not currently available, please try after sometime.'}}
2025-09-11 11:57:12,446 INFO sell-guard: ⏱ heartbeat: loop alive (account=kW8LbkuGisPCK9Ey7C8iWA)
2025-09-11 11:57:12,449 INFO sell-guard: E*TRADE unstable; skipping tick (circuit open, 59s left)
2025-09-11 11:57:42,452 INFO sell-guard: ⏱ heartbeat: loop alive (account=kW8LbkuGisPCK9Ey7C8iWA)
2025-09-11 11:57:42,452 INFO sell-guard: E*TRADE unstable; skipping tick (circuit open, 29s left)
2025-09-11 11:58:12,467 INFO sell-guard: ⏱ heartbeat: loop alive (account=kW8LbkuGisPCK9Ey7C8iWA)
2025-09-11 11:58:13,008 INFO sell-guard: positions via get_positions -> 21 symbol(s)
2025-09-11 11:58:13,009 INFO sell-guard: Managing 7 symbol(s): CVS,SWKS,PCG,NCLH,IVZ,ENPH,WBD
2025-09-11 11:58:18,220 INFO sell-guard: [SG] CVS: last=74.29 entry=70.96 pnl=+469 bps (tp=200 stop=100) hold=2809m lim=74.29 free=1 -> stop=False tp=True timeout=False
2025-09-11 11:58:18,222 DEBUG sell-guard: sell window check: start=0935 end=1555 now=1158
2025-09-11 11:58:18,968 WARNING sell-guard: CVS SELL place 500/code100 (try 1/4), backing off 2.0s
2025-09-11 11:58:21,632 WARNING sell-guard: CVS SELL place 500/code100 (try 2/4), backing off 3.2s
2025-09-11 11:58:25,512 WARNING sell-guard: CVS SELL place 500/code100 (try 3/4), backing off 5.1s
2025-09-11 11:58:31,275 WARNING sell-guard: CVS SELL place 500/code100 (try 4/4), backing off 8.2s
2025-09-11 11:58:39,469 WARNING sell-guard: E*TRADE circuit OPEN for 60s due to repeated 500/code100
2025-09-11 11:58:39,470 ERROR sell-guard: CVS SELL_TARGET place failed: etrade POST /accounts/kW8LbkuGisPCK9Ey7C8iWA/orders/place.json -> 500: {'Error': {'code': 100, 'message': 'The requested service is not currently available, please try after sometime.'}}
2025-09-11 11:58:40,211 ERROR sell-guard: CVS SELL_TARGET MARKET fallback failed: etrade POST /accounts/kW8LbkuGisPCK9Ey7C8iWA/orders/place.json -> 500: {'Error': {'code': 100, 'message': 'The requested service is not currently available, please try after sometime.'}}
2025-09-11 11:58:42,929 INFO sell-guard: [SG] SWKS: last=73.25 entry=76.23 pnl=-392 bps (tp=200 stop=100) hold=2798m lim=73.22 free=1 -> stop=True tp=False timeout=False
2025-09-11 11:58:42,930 DEBUG sell-guard: sell window check: start=0935 end=1555 now=1158
2025-09-11 11:58:43,604 ERROR sell-guard: SWKS ARM HARD STOP failed: etrade POST /accounts/kW8LbkuGisPCK9Ey7C8iWA/orders/place.json -> 500: {'Error': {'code': 100, 'message': 'The requested service is not currently available, please try after sometime.'}}
2025-09-11 11:58:44,224 ERROR sell-guard: SWKS STOP MARKET fallback failed: etrade POST /accounts/kW8LbkuGisPCK9Ey7C8iWA/orders/place.json -> 500: {'Error': {'code': 100, 'message': 'The requested service is not currently available, please try after sometime.'}}
2025-09-11 11:58:46,861 INFO sell-guard: [SG] PCG: last=15.19 entry=14.86 pnl=+219 bps (tp=200 stop=100) hold=2785m lim=15.18 free=1 -> stop=False tp=True timeout=False
2025-09-11 11:58:46,862 DEBUG sell-guard: sell window check: start=0935 end=1555 now=1158
2025-09-11 11:58:47,546 WARNING sell-guard: PCG SELL place 500/code100 (try 1/4), backing off 2.0s
2025-09-11 11:58:50,220 WARNING sell-guard: PCG SELL place 500/code100 (try 2/4), backing off 3.2s
2025-09-11 11:58:54,063 WARNING sell-guard: PCG SELL place 500/code100 (try 3/4), backing off 5.1s
2025-09-11 11:58:59,919 WARNING sell-guard: PCG SELL place 500/code100 (try 4/4), backing off 8.2s
2025-09-11 11:59:08,112 WARNING sell-guard: E*TRADE circuit OPEN for 60s due to repeated 500/code100
2025-09-11 11:59:08,113 ERROR sell-guard: PCG SELL_TARGET place failed: etrade POST /accounts/kW8LbkuGisPCK9Ey7C8iWA/orders/place.json -> 500: {'Error': {'code': 100, 'message': 'The requested service is not currently available, please try after sometime.'}}
2025-09-11 11:59:08,780 ERROR sell-guard: PCG SELL_TARGET MARKET fallback failed: etrade POST /accounts/kW8LbkuGisPCK9Ey7C8iWA/orders/place.json -> 500: {'Error': {'code': 100, 'message': 'The requested service is not currently available, please try after sometime.'}}
2025-09-11 11:59:11,510 INFO sell-guard: [SG] NCLH: last=26.66 entry=25.25 pnl=+557 bps (tp=200 stop=100) hold=2812m lim=26.65 free=3 -> stop=False tp=True timeout=False
2025-09-11 11:59:11,511 DEBUG sell-guard: sell window check: start=0935 end=1555 now=1159
2025-09-11 11:59:12,155 WARNING sell-guard: NCLH SELL place 500/code100 (try 1/4), backing off 2.0s
2025-09-11 11:59:14,806 WARNING sell-guard: NCLH SELL place 500/code100 (try 2/4), backing off 3.2s
2025-09-11 11:59:18,689 WARNING sell-guard: NCLH SELL place 500/code100 (try 3/4), backing off 5.1s
2025-09-11 11:59:24,460 WARNING sell-guard: NCLH SELL place 500/code100 (try 4/4), backing off 8.2s
2025-09-11 11:59:32,653 WARNING sell-guard: E*TRADE circuit OPEN for 60s due to repeated 500/code100
2025-09-11 11:59:32,653 ERROR sell-guard: NCLH SELL_TARGET place failed: etrade POST /accounts/kW8LbkuGisPCK9Ey7C8iWA/orders/place.json -> 500: {'Error': {'code': 100, 'message': 'The requested service is not currently available, please try after sometime.'}}
2025-09-11 11:59:33,356 ERROR sell-guard: NCLH SELL_TARGET MARKET fallback failed: etrade POST /accounts/kW8LbkuGisPCK9Ey7C8iWA/orders/place.json -> 500: {'Error': {'code': 100, 'message': 'The requested service is not currently available, please try after sometime.'}}
2025-09-11 11:59:35,965 INFO sell-guard: [SG] IVZ: last=22.48 entry=22.35 pnl=+56 bps (tp=200 stop=100) hold=2833m lim=22.47 free=4 -> stop=False tp=False timeout=False
2025-09-11 11:59:35,966 DEBUG sell-guard: sell window check: start=0935 end=1555 now=1159
2025-09-11 11:59:38,590 INFO sell-guard: [SG] ENPH: last=38.53 entry=39.06 pnl=-136 bps (tp=200 stop=100) hold=2826m lim=38.52 free=2 -> stop=True tp=False timeout=False
2025-09-11 11:59:38,592 DEBUG sell-guard: sell window check: start=0935 end=1555 now=1159
2025-09-11 11:59:39,259 ERROR sell-guard: ENPH ARM HARD STOP failed: etrade POST /accounts/kW8LbkuGisPCK9Ey7C8iWA/orders/place.json -> 500: {'Error': {'code': 100, 'message': 'The requested service is not currently available, please try after sometime.'}}
2025-09-11 11:59:39,934 ERROR sell-guard: ENPH STOP MARKET fallback failed: etrade POST /accounts/kW8LbkuGisPCK9Ey7C8iWA/orders/place.json -> 500: {'Error': {'code': 100, 'message': 'The requested service is not currently available, please try after sometime.'}}
2025-09-11 11:59:42,509 INFO sell-guard: [SG] WBD: last=13.35 entry=12.21 pnl=+934 bps (tp=200 stop=100) hold=4073m lim=13.34 free=1 -> stop=False tp=True timeout=False
2025-09-11 11:59:42,510 DEBUG sell-guard: sell window check: start=0935 end=1555 now=1159
2025-09-11 11:59:43,171 WARNING sell-guard: WBD SELL place 500/code100 (try 1/4), backing off 2.0s
2025-09-11 11:59:45,901 WARNING sell-guard: WBD SELL place 500/code100 (try 2/4), backing off 3.2s
2025-09-11 11:59:49,767 WARNING sell-guard: WBD SELL place 500/code100 (try 3/4), backing off 5.1s
2025-09-11 11:59:55,523 WARNING sell-guard: WBD SELL place 500/code100 (try 4/4), backing off 8.2s
2025-09-11 12:00:03,717 WARNING sell-guard: E*TRADE circuit OPEN for 60s due to repeated 500/code100
2025-09-11 12:00:03,717 ERROR sell-guard: WBD SELL_TARGET place failed: etrade POST /accounts/kW8LbkuGisPCK9Ey7C8iWA/orders/place.json -> 500: {'Error': {'code': 100, 'message': 'The requested service is not currently available, please try after sometime.'}}
2025-09-11 12:00:04,425 ERROR sell-guard: WBD SELL_TARGET MARKET fallback failed: etrade POST /accounts/kW8LbkuGisPCK9Ey7C8iWA/orders/place.json -> 500: {'Error': {'code': 100, 'message': 'The requested service is not currently available, please try after sometime.'}}
2025-09-11 12:00:04,426 INFO sell-guard: ⏱ heartbeat: loop alive (account=kW8LbkuGisPCK9Ey7C8iWA)
2025-09-11 12:00:04,428 INFO sell-guard: E*TRADE unstable; skipping tick (circuit open, 59s left)
2025-09-11 12:00:34,438 INFO sell-guard: ⏱ heartbeat: loop alive (account=kW8LbkuGisPCK9Ey7C8iWA)
2025-09-11 12:00:34,475 INFO sell-guard: E*TRADE unstable; skipping tick (circuit open, 29s left)
2025-09-11 12:01:04,532 INFO sell-guard: ⏱ heartbeat: loop alive (account=kW8LbkuGisPCK9Ey7C8iWA)
2025-09-11 12:01:05,085 INFO sell-guard: positions via get_positions -> 21 symbol(s)
2025-09-11 12:01:05,086 INFO sell-guard: Managing 7 symbol(s): CVS,SWKS,PCG,NCLH,IVZ,ENPH,WBD
2025-09-11 12:01:10,072 INFO sell-guard: [SG] CVS: last=74.37 entry=70.96 pnl=+481 bps (tp=200 stop=100) hold=2812m lim=74.36 free=1 -> stop=False tp=True timeout=False
2025-09-11 12:01:10,073 DEBUG sell-guard: sell window check: start=0935 end=1555 now=1201
2025-09-11 12:01:10,822 WARNING sell-guard: CVS SELL place 500/code100 (try 1/4), backing off 2.0s
2025-09-11 12:01:13,587 WARNING sell-guard: CVS SELL place 500/code100 (try 2/4), backing off 3.2s
2025-09-11 12:01:17,468 WARNING sell-guard: CVS SELL place 500/code100 (try 3/4), backing off 5.1s
2025-09-11 12:01:23,423 WARNING sell-guard: CVS SELL place 500/code100 (try 4/4), backing off 8.2s
2025-09-11 12:01:31,695 WARNING sell-guard: E*TRADE circuit OPEN for 60s due to repeated 500/code100
2025-09-11 12:01:31,695 ERROR sell-guard: CVS SELL_TARGET place failed: etrade POST /accounts/kW8LbkuGisPCK9Ey7C8iWA/orders/place.json -> 500: {'Error': {'code': 100, 'message': 'The requested service is not currently available, please try after sometime.'}}
2025-09-11 12:01:32,379 ERROR sell-guard: CVS SELL_TARGET MARKET fallback failed: etrade POST /accounts/kW8LbkuGisPCK9Ey7C8iWA/orders/place.json -> 500: {'Error': {'code': 100, 'message': 'The requested service is not currently available, please try after sometime.'}}
2025-09-11 12:01:35,216 INFO sell-guard: [SG] SWKS: last=73.30 entry=76.23 pnl=-384 bps (tp=200 stop=100) hold=2801m lim=73.27 free=1 -> stop=True tp=False timeout=False
2025-09-11 12:01:35,217 DEBUG sell-guard: sell window check: start=0935 end=1555 now=1201
2025-09-11 12:01:35,374 ERROR sell-guard: SWKS ARM HARD STOP failed: etrade POST /accounts/kW8LbkuGisPCK9Ey7C8iWA/orders/preview.json -> 400: {'Error': {'code': 2084, 'message': 'IMPORTANT: The stop price must be at least $0.01 below the current bid price for sell orders ($0.01 below the most recent closing price if the market is closed). Please adjust the stop price and resubmit your order.'}}
2025-09-11 12:01:38,039 INFO sell-guard: [SG] PCG: last=15.21 entry=14.86 pnl=+239 bps (tp=200 stop=100) hold=2787m lim=15.21 free=1 -> stop=False tp=True timeout=False
2025-09-11 12:01:38,040 DEBUG sell-guard: sell window check: start=0935 end=1555 now=1201
2025-09-11 12:01:38,723 WARNING sell-guard: PCG SELL place 500/code100 (try 1/4), backing off 2.0s
2025-09-11 12:01:41,373 WARNING sell-guard: PCG SELL place 500/code100 (try 2/4), backing off 3.2s
2025-09-11 12:01:45,417 WARNING sell-guard: PCG SELL place 500/code100 (try 3/4), backing off 5.1s
2025-09-11 12:01:51,248 WARNING sell-guard: PCG SELL place 500/code100 (try 4/4), backing off 8.2s
2025-09-11 12:01:59,442 WARNING sell-guard: E*TRADE circuit OPEN for 60s due to repeated 500/code100
2025-09-11 12:01:59,447 ERROR sell-guard: PCG SELL_TARGET place failed: etrade POST /accounts/kW8LbkuGisPCK9Ey7C8iWA/orders/place.json -> 500: {'Error': {'code': 100, 'message': 'The requested service is not currently available, please try after sometime.'}}
2025-09-11 12:02:00,235 ERROR sell-guard: PCG SELL_TARGET MARKET fallback failed: etrade POST /accounts/kW8LbkuGisPCK9Ey7C8iWA/orders/place.json -> 500: {'Error': {'code': 100, 'message': 'The requested service is not currently available, please try after sometime.'}}
2025-09-11 12:02:02,961 INFO sell-guard: [SG] NCLH: last=26.53 entry=25.25 pnl=+508 bps (tp=200 stop=100) hold=2815m lim=26.52 free=3 -> stop=False tp=True timeout=False
2025-09-11 12:02:02,962 DEBUG sell-guard: sell window check: start=0935 end=1555 now=1202
2025-09-11 12:02:03,717 WARNING sell-guard: NCLH SELL place 500/code100 (try 1/4), backing off 2.0s
2025-09-11 12:02:06,348 WARNING sell-guard: NCLH SELL place 500/code100 (try 2/4), backing off 3.2s
2025-09-11 12:02:10,237 WARNING sell-guard: NCLH SELL place 500/code100 (try 3/4), backing off 5.1s
2025-09-11 12:02:16,228 WARNING sell-guard: NCLH SELL place 500/code100 (try 4/4), backing off 8.2s
2025-09-11 12:02:24,422 WARNING sell-guard: E*TRADE circuit OPEN for 60s due to repeated 500/code100
2025-09-11 12:02:24,423 ERROR sell-guard: NCLH SELL_TARGET place failed: etrade POST /accounts/kW8LbkuGisPCK9Ey7C8iWA/orders/place.json -> 500: {'Error': {'code': 100, 'message': 'The requested service is not currently available, please try after sometime.'}}
2025-09-11 12:02:25,134 ERROR sell-guard: NCLH SELL_TARGET MARKET fallback failed: etrade POST /accounts/kW8LbkuGisPCK9Ey7C8iWA/orders/place.json -> 500: {'Error': {'code': 100, 'message': 'The requested service is not currently available, please try after sometime.'}}
2025-09-11 12:02:28,063 INFO sell-guard: [SG] IVZ: last=22.46 entry=22.35 pnl=+49 bps (tp=200 stop=100) hold=2836m lim=22.46 free=4 -> stop=False tp=False timeout=False
2025-09-11 12:02:28,065 DEBUG sell-guard: sell window check: start=0935 end=1555 now=1202
2025-09-11 12:02:31,313 INFO sell-guard: [SG] ENPH: last=38.68 entry=39.06 pnl=-97 bps (tp=200 stop=100) hold=2829m lim=38.67 free=2 -> stop=False tp=False timeout=False
2025-09-11 12:02:31,314 DEBUG sell-guard: sell window check: start=0935 end=1555 now=1202
2025-09-11 12:02:34,245 INFO sell-guard: [SG] WBD: last=13.37 entry=12.21 pnl=+946 bps (tp=200 stop=100) hold=4076m lim=13.36 free=1 -> stop=False tp=True timeout=False
2025-09-11 12:02:34,246 DEBUG sell-guard: sell window check: start=0935 end=1555 now=1202
2025-09-11 12:02:35,018 WARNING sell-guard: WBD SELL place 500/code100 (try 1/4), backing off 2.0s
2025-09-11 12:02:37,708 WARNING sell-guard: WBD SELL place 500/code100 (try 2/4), backing off 3.2s
2025-09-11 12:02:41,764 WARNING sell-guard: WBD SELL place 500/code100 (try 3/4), backing off 5.1s
2025-09-11 12:02:47,662 WARNING sell-guard: WBD SELL place 500/code100 (try 4/4), backing off 8.2s
2025-09-11 12:02:55,907 WARNING sell-guard: E*TRADE circuit OPEN for 60s due to repeated 500/code100
2025-09-11 12:02:55,908 ERROR sell-guard: WBD SELL_TARGET place failed: etrade POST /accounts/kW8LbkuGisPCK9Ey7C8iWA/orders/place.json -> 500: {'Error': {'code': 100, 'message': 'The requested service is not currently available, please try after sometime.'}}
2025-09-11 12:02:56,623 ERROR sell-guard: WBD SELL_TARGET MARKET fallback failed: etrade POST /accounts/kW8LbkuGisPCK9Ey7C8iWA/orders/place.json -> 500: {'Error': {'code': 100, 'message': 'The requested service is not currently available, please try after sometime.'}}
2025-09-11 12:02:56,624 INFO sell-guard: ⏱ heartbeat: loop alive (account=kW8LbkuGisPCK9Ey7C8iWA)
2025-09-11 12:02:56,627 INFO sell-guard: E*TRADE unstable; skipping tick (circuit open, 59s left)
2025-09-11 12:03:26,628 INFO sell-guard: ⏱ heartbeat: loop alive (account=kW8LbkuGisPCK9Ey7C8iWA)
2025-09-11 12:03:26,629 INFO sell-guard: E*TRADE unstable; skipping tick (circuit open, 29s left)
2025-09-11 12:03:56,633 INFO sell-guard: ⏱ heartbeat: loop alive (account=kW8LbkuGisPCK9Ey7C8iWA)
2025-09-11 12:03:57,297 INFO sell-guard: positions via get_positions -> 21 symbol(s)
2025-09-11 12:03:57,298 INFO sell-guard: Managing 7 symbol(s): CVS,SWKS,PCG,NCLH,IVZ,ENPH,WBD
2025-09-11 12:04:02,689 INFO sell-guard: [SG] CVS: last=74.43 entry=70.96 pnl=+489 bps (tp=200 stop=100) hold=2815m lim=74.42 free=1 -> stop=False tp=True timeout=False
2025-09-11 12:04:02,691 DEBUG sell-guard: sell window check: start=0935 end=1555 now=1204
2025-09-11 12:04:03,460 WARNING sell-guard: CVS SELL place 500/code100 (try 1/4), backing off 2.0s
2025-09-11 12:04:06,208 WARNING sell-guard: CVS SELL place 500/code100 (try 2/4), backing off 3.2s
2025-09-11 12:04:10,110 WARNING sell-guard: CVS SELL place 500/code100 (try 3/4), backing off 5.1s
2025-09-11 12:04:15,982 WARNING sell-guard: CVS SELL place 500/code100 (try 4/4), backing off 8.2s
2025-09-11 12:04:24,177 WARNING sell-guard: E*TRADE circuit OPEN for 60s due to repeated 500/code100
2025-09-11 12:04:24,188 ERROR sell-guard: CVS SELL_TARGET place failed: etrade POST /accounts/kW8LbkuGisPCK9Ey7C8iWA/orders/place.json -> 500: {'Error': {'code': 100, 'message': 'The requested service is not currently available, please try after sometime.'}}
2025-09-11 12:04:24,962 ERROR sell-guard: CVS SELL_TARGET MARKET fallback failed: etrade POST /accounts/kW8LbkuGisPCK9Ey7C8iWA/orders/place.json -> 500: {'Error': {'code': 100, 'message': 'The requested service is not currently available, please try after sometime.'}}
2025-09-11 12:04:29,219 INFO sell-guard: [SG] SWKS: last=73.23 entry=76.23 pnl=-394 bps (tp=200 stop=100) hold=2804m lim=73.21 free=1 -> stop=True tp=False timeout=False
2025-09-11 12:04:29,219 DEBUG sell-guard: sell window check: start=0935 end=1555 now=1204
2025-09-11 12:04:30,032 ERROR sell-guard: SWKS ARM HARD STOP failed: etrade POST /accounts/kW8LbkuGisPCK9Ey7C8iWA/orders/place.json -> 500: {'Error': {'code': 100, 'message': 'The requested service is not currently available, please try after sometime.'}}
2025-09-11 12:04:30,766 ERROR sell-guard: SWKS STOP MARKET fallback failed: etrade POST /accounts/kW8LbkuGisPCK9Ey7C8iWA/orders/place.json -> 500: {'Error': {'code': 100, 'message': 'The requested service is not currently available, please try after sometime.'}}
2025-09-11 12:04:33,925 INFO sell-guard: [SG] PCG: last=15.20 entry=14.86 pnl=+229 bps (tp=200 stop=100) hold=2790m lim=15.20 free=1 -> stop=False tp=True timeout=False
2025-09-11 12:04:33,926 DEBUG sell-guard: sell window check: start=0935 end=1555 now=1204
2025-09-11 12:04:34,609 WARNING sell-guard: PCG SELL place 500/code100 (try 1/4), backing off 2.0s
2025-09-11 12:04:37,304 WARNING sell-guard: PCG SELL place 500/code100 (try 2/4), backing off 3.2s
2025-09-11 12:04:41,193 WARNING sell-guard: PCG SELL place 500/code100 (try 3/4), backing off 5.1s
2025-09-11 12:04:47,082 WARNING sell-guard: PCG SELL place 500/code100 (try 4/4), backing off 8.2s
2025-09-11 12:04:55,276 WARNING sell-guard: E*TRADE circuit OPEN for 60s due to repeated 500/code100
2025-09-11 12:04:55,279 ERROR sell-guard: PCG SELL_TARGET place failed: etrade POST /accounts/kW8LbkuGisPCK9Ey7C8iWA/orders/place.json -> 500: {'Error': {'code': 100, 'message': 'The requested service is not currently available, please try after sometime.'}}
2025-09-11 12:04:56,137 ERROR sell-guard: PCG SELL_TARGET MARKET fallback failed: etrade POST /accounts/kW8LbkuGisPCK9Ey7C8iWA/orders/place.json -> 500: {'Error': {'code': 100, 'message': 'The requested service is not currently available, please try after sometime.'}}
2025-09-11 12:04:59,075 INFO sell-guard: [SG] NCLH: last=26.57 entry=25.25 pnl=+523 bps (tp=200 stop=100) hold=2817m lim=26.56 free=3 -> stop=False tp=True timeout=False
2025-09-11 12:04:59,076 DEBUG sell-guard: sell window check: start=0935 end=1555 now=1204
2025-09-11 12:04:59,769 WARNING sell-guard: NCLH SELL place 500/code100 (try 1/4), backing off 2.0s
2025-09-11 12:05:02,567 WARNING sell-guard: NCLH SELL place 500/code100 (try 2/4), backing off 3.2s
2025-09-11 12:05:06,427 WARNING sell-guard: NCLH SELL place 500/code100 (try 3/4), backing off 5.1s
2025-09-11 12:05:12,339 WARNING sell-guard: NCLH SELL place 500/code100 (try 4/4), backing off 8.2s
2025-09-11 12:05:20,534 WARNING sell-guard: E*TRADE circuit OPEN for 60s due to repeated 500/code100
2025-09-11 12:05:20,535 ERROR sell-guard: NCLH SELL_TARGET place failed: etrade POST /accounts/kW8LbkuGisPCK9Ey7C8iWA/orders/place.json -> 500: {'Error': {'code': 100, 'message': 'The requested service is not currently available, please try after sometime.'}}
2025-09-11 12:05:21,424 ERROR sell-guard: NCLH SELL_TARGET MARKET fallback failed: etrade POST /accounts/kW8LbkuGisPCK9Ey7C8iWA/orders/place.json -> 500: {'Error': {'code': 100, 'message': 'The requested service is not currently available, please try after sometime.'}}
2025-09-11 12:05:25,181 INFO sell-guard: [SG] IVZ: last=22.46 entry=22.35 pnl=+51 bps (tp=200 stop=100) hold=2839m lim=22.46 free=4 -> stop=False tp=False timeout=False
2025-09-11 12:05:25,182 DEBUG sell-guard: sell window check: start=0935 end=1555 now=1205
2025-09-11 12:05:28,244 INFO sell-guard: [SG] ENPH: last=38.61 entry=39.06 pnl=-115 bps (tp=200 stop=100) hold=2832m lim=38.61 free=2 -> stop=True tp=False timeout=False
2025-09-11 12:05:28,245 DEBUG sell-guard: sell window check: start=0935 end=1555 now=1205
2025-09-11 12:05:28,999 ERROR sell-guard: ENPH ARM HARD STOP failed: etrade POST /accounts/kW8LbkuGisPCK9Ey7C8iWA/orders/place.json -> 500: {'Error': {'code': 100, 'message': 'The requested service is not currently available, please try after sometime.'}}
2025-09-11 12:05:29,668 ERROR sell-guard: ENPH STOP MARKET fallback failed: etrade POST /accounts/kW8LbkuGisPCK9Ey7C8iWA/orders/place.json -> 500: {'Error': {'code': 100, 'message': 'The requested service is not currently available, please try after sometime.'}}
2025-09-11 12:05:32,704 INFO sell-guard: [SG] WBD: last=13.41 entry=12.21 pnl=+987 bps (tp=200 stop=100) hold=4079m lim=13.41 free=1 -> stop=False tp=True timeout=False
2025-09-11 12:05:32,705 DEBUG sell-guard: sell window check: start=0935 end=1555 now=1205
2025-09-11 12:05:33,467 WARNING sell-guard: WBD SELL place 500/code100 (try 1/4), backing off 2.0s
2025-09-11 12:05:36,145 WARNING sell-guard: WBD SELL place 500/code100 (try 2/4), backing off 3.2s
2025-09-11 12:05:40,172 WARNING sell-guard: WBD SELL place 500/code100 (try 3/4), backing off 5.1s
2025-09-11 12:05:46,177 WARNING sell-guard: WBD SELL place 500/code100 (try 4/4), backing off 8.2s
2025-09-11 12:05:54,370 WARNING sell-guard: E*TRADE circuit OPEN for 60s due to repeated 500/code100
2025-09-11 12:05:54,372 ERROR sell-guard: WBD SELL_TARGET place failed: etrade POST /accounts/kW8LbkuGisPCK9Ey7C8iWA/orders/place.json -> 500: {'Error': {'code': 100, 'message': 'The requested service is not currently available, please try after sometime.'}}
2025-09-11 12:05:55,218 ERROR sell-guard: WBD SELL_TARGET MARKET fallback failed: etrade POST /accounts/kW8LbkuGisPCK9Ey7C8iWA/orders/place.json -> 500: {'Error': {'code': 100, 'message': 'The requested service is not currently available, please try after sometime.'}}
2025-09-11 12:05:55,220 INFO sell-guard: ⏱ heartbeat: loop alive (account=kW8LbkuGisPCK9Ey7C8iWA)
2025-09-11 12:05:55,222 INFO sell-guard: E*TRADE unstable; skipping tick (circuit open, 59s left)
2025-09-11 12:06:25,224 INFO sell-guard: ⏱ heartbeat: loop alive (account=kW8LbkuGisPCK9Ey7C8iWA)
2025-09-11 12:06:25,224 INFO sell-guard: E*TRADE unstable; skipping tick (circuit open, 29s left)
2025-09-11 12:06:55,229 INFO sell-guard: ⏱ heartbeat: loop alive (account=kW8LbkuGisPCK9Ey7C8iWA)
2025-09-11 12:06:55,769 INFO sell-guard: positions via get_positions -> 21 symbol(s)
2025-09-11 12:06:55,773 INFO sell-guard: Managing 7 symbol(s): CVS,SWKS,PCG,NCLH,IVZ,ENPH,WBD
2025-09-11 12:07:01,369 INFO sell-guard: [SG] CVS: last=74.42 entry=70.96 pnl=+488 bps (tp=200 stop=100) hold=2818m lim=74.38 free=1 -> stop=False tp=True timeout=False
2025-09-11 12:07:01,370 DEBUG sell-guard: sell window check: start=0935 end=1555 now=1207
2025-09-11 12:07:02,082 WARNING sell-guard: CVS SELL place 500/code100 (try 1/4), backing off 2.0s
2025-09-11 12:07:04,832 WARNING sell-guard: CVS SELL place 500/code100 (try 2/4), backing off 3.2s
2025-09-11 12:07:08,767 WARNING sell-guard: CVS SELL place 500/code100 (try 3/4), backing off 5.1s
2025-09-11 12:07:14,640 WARNING sell-guard: CVS SELL place 500/code100 (try 4/4), backing off 8.2s
2025-09-11 12:07:22,834 WARNING sell-guard: E*TRADE circuit OPEN for 60s due to repeated 500/code100
2025-09-11 12:07:22,834 ERROR sell-guard: CVS SELL_TARGET place failed: etrade POST /accounts/kW8LbkuGisPCK9Ey7C8iWA/orders/place.json -> 500: {'Error': {'code': 100, 'message': 'The requested service is not currently available, please try after sometime.'}}
2025-09-11 12:07:23,582 ERROR sell-guard: CVS SELL_TARGET MARKET fallback failed: etrade POST /accounts/kW8LbkuGisPCK9Ey7C8iWA/orders/place.json -> 500: {'Error': {'code': 100, 'message': 'The requested service is not currently available, please try after sometime.'}}
2025-09-11 12:07:27,205 INFO sell-guard: [SG] SWKS: last=73.22 entry=76.23 pnl=-396 bps (tp=200 stop=100) hold=2807m lim=73.21 free=1 -> stop=True tp=False timeout=False
2025-09-11 12:07:27,207 DEBUG sell-guard: sell window check: start=0935 end=1555 now=1207
2025-09-11 12:07:27,999 ERROR sell-guard: SWKS ARM HARD STOP failed: etrade POST /accounts/kW8LbkuGisPCK9Ey7C8iWA/orders/place.json -> 500: {'Error': {'code': 100, 'message': 'The requested service is not currently available, please try after sometime.'}}
2025-09-11 12:07:28,798 ERROR sell-guard: SWKS STOP MARKET fallback failed: etrade POST /accounts/kW8LbkuGisPCK9Ey7C8iWA/orders/place.json -> 500: {'Error': {'code': 100, 'message': 'The requested service is not currently available, please try after sometime.'}}
2025-09-11 12:07:32,322 INFO sell-guard: [SG] PCG: last=15.24 entry=14.86 pnl=+256 bps (tp=200 stop=100) hold=2793m lim=15.23 free=1 -> stop=False tp=True timeout=False
2025-09-11 12:07:32,323 DEBUG sell-guard: sell window check: start=0935 end=1555 now=1207
2025-09-11 12:07:33,192 WARNING sell-guard: PCG SELL place 500/code100 (try 1/4), backing off 2.0s
2025-09-11 12:07:35,905 WARNING sell-guard: PCG SELL place 500/code100 (try 2/4), backing off 3.2s
2025-09-11 12:07:39,911 WARNING sell-guard: PCG SELL place 500/code100 (try 3/4), backing off 5.1s
2025-09-11 12:07:45,830 WARNING sell-guard: PCG SELL place 500/code100 (try 4/4), backing off 8.2s
2025-09-11 12:07:54,025 WARNING sell-guard: E*TRADE circuit OPEN for 60s due to repeated 500/code100
2025-09-11 12:07:54,037 ERROR sell-guard: PCG SELL_TARGET place failed: etrade POST /accounts/kW8LbkuGisPCK9Ey7C8iWA/orders/place.json -> 500: {'Error': {'code': 100, 'message': 'The requested service is not currently available, please try after sometime.'}}
2025-09-11 12:07:54,983 ERROR sell-guard: PCG SELL_TARGET MARKET fallback failed: etrade POST /accounts/kW8LbkuGisPCK9Ey7C8iWA/orders/place.json -> 500: {'Error': {'code': 100, 'message': 'The requested service is not currently available, please try after sometime.'}}
2025-09-11 12:07:58,079 INFO sell-guard: [SG] NCLH: last=26.59 entry=25.25 pnl=+529 bps (tp=200 stop=100) hold=2820m lim=26.58 free=3 -> stop=False tp=True timeout=False
2025-09-11 12:07:58,080 DEBUG sell-guard: sell window check: start=0935 end=1555 now=1207
2025-09-11 12:07:58,805 WARNING sell-guard: NCLH SELL place 500/code100 (try 1/4), backing off 2.0s
2025-09-11 12:08:01,542 WARNING sell-guard: NCLH SELL place 500/code100 (try 2/4), backing off 3.2s
2025-09-11 12:08:05,618 WARNING sell-guard: NCLH SELL place 500/code100 (try 3/4), backing off 5.1s
2025-09-11 12:08:11,463 WARNING sell-guard: NCLH SELL place 500/code100 (try 4/4), backing off 8.2s
2025-09-11 12:08:19,656 WARNING sell-guard: E*TRADE circuit OPEN for 60s due to repeated 500/code100
2025-09-11 12:08:19,661 ERROR sell-guard: NCLH SELL_TARGET place failed: etrade POST /accounts/kW8LbkuGisPCK9Ey7C8iWA/orders/place.json -> 500: {'Error': {'code': 100, 'message': 'The requested service is not currently available, please try after sometime.'}}
2025-09-11 12:08:20,620 ERROR sell-guard: NCLH SELL_TARGET MARKET fallback failed: etrade POST /accounts/kW8LbkuGisPCK9Ey7C8iWA/orders/place.json -> 500: {'Error': {'code': 100, 'message': 'The requested service is not currently available, please try after sometime.'}}
2025-09-11 12:08:24,221 INFO sell-guard: [SG] IVZ: last=22.47 entry=22.35 pnl=+54 bps (tp=200 stop=100) hold=2842m lim=22.47 free=4 -> stop=False tp=False timeout=False
2025-09-11 12:08:24,223 DEBUG sell-guard: sell window check: start=0935 end=1555 now=1208
2025-09-11 12:08:27,713 INFO sell-guard: [SG] ENPH: last=38.74 entry=39.06 pnl=-82 bps (tp=200 stop=100) hold=2835m lim=38.72 free=2 -> stop=False tp=False timeout=False
2025-09-11 12:08:27,714 DEBUG sell-guard: sell window check: start=0935 end=1555 now=1208
2025-09-11 12:08:31,204 INFO sell-guard: [SG] WBD: last=13.41 entry=12.21 pnl=+983 bps (tp=200 stop=100) hold=4082m lim=13.40 free=1 -> stop=False tp=True timeout=False
2025-09-11 12:08:31,205 DEBUG sell-guard: sell window check: start=0935 end=1555 now=1208
2025-09-11 12:08:32,074 WARNING sell-guard: WBD SELL place 500/code100 (try 1/4), backing off 2.0s
2025-09-11 12:08:35,318 WARNING sell-guard: WBD SELL place 500/code100 (try 2/4), backing off 3.2s
2025-09-11 12:08:39,439 WARNING sell-guard: WBD SELL place 500/code100 (try 3/4), backing off 5.1s
2025-09-11 12:08:45,351 WARNING sell-guard: WBD SELL place 500/code100 (try 4/4), backing off 8.2s
2025-09-11 12:08:53,551 WARNING sell-guard: E*TRADE circuit OPEN for 60s due to repeated 500/code100
2025-09-11 12:08:53,556 ERROR sell-guard: WBD SELL_TARGET place failed: etrade POST /accounts/kW8LbkuGisPCK9Ey7C8iWA/orders/place.json -> 500: {'Error': {'code': 100, 'message': 'The requested service is not currently available, please try after sometime.'}}
2025-09-11 12:08:54,393 ERROR sell-guard: WBD SELL_TARGET MARKET fallback failed: etrade POST /accounts/kW8LbkuGisPCK9Ey7C8iWA/orders/place.json -> 500: {'Error': {'code': 100, 'message': 'The requested service is not currently available, please try after sometime.'}}
2025-09-11 12:08:54,394 INFO sell-guard: ⏱ heartbeat: loop alive (account=kW8LbkuGisPCK9Ey7C8iWA)
2025-09-11 12:08:54,396 INFO sell-guard: E*TRADE unstable; skipping tick (circuit open, 59s left)
2025-09-11 12:09:24,398 INFO sell-guard: ⏱ heartbeat: loop alive (account=kW8LbkuGisPCK9Ey7C8iWA)
2025-09-11 12:09:24,399 INFO sell-guard: E*TRADE unstable; skipping tick (circuit open, 29s left)
2025-09-11 12:09:54,404 INFO sell-guard: ⏱ heartbeat: loop alive (account=kW8LbkuGisPCK9Ey7C8iWA)
2025-09-11 12:09:55,004 INFO sell-guard: positions via get_positions -> 21 symbol(s)
2025-09-11 12:09:55,005 INFO sell-guard: Managing 7 symbol(s): CVS,SWKS,PCG,NCLH,IVZ,ENPH,WBD
2025-09-11 12:10:00,901 INFO sell-guard: [SG] CVS: last=74.60 entry=70.96 pnl=+513 bps (tp=200 stop=100) hold=2821m lim=74.59 free=1 -> stop=False tp=True timeout=False
2025-09-11 12:10:00,913 DEBUG sell-guard: sell window check: start=0935 end=1555 now=1210
2025-09-11 12:10:01,641 WARNING sell-guard: CVS SELL place 500/code100 (try 1/4), backing off 2.0s
2025-09-11 12:10:04,452 WARNING sell-guard: CVS SELL place 500/code100 (try 2/4), backing off 3.2s
2025-09-11 12:10:08,479 WARNING sell-guard: CVS SELL place 500/code100 (try 3/4), backing off 5.1s
2025-09-11 12:10:14,444 WARNING sell-guard: CVS SELL place 500/code100 (try 4/4), backing off 8.2s
2025-09-11 12:10:22,647 WARNING sell-guard: E*TRADE circuit OPEN for 60s due to repeated 500/code100
2025-09-11 12:10:22,648 ERROR sell-guard: CVS SELL_TARGET place failed: etrade POST /accounts/kW8LbkuGisPCK9Ey7C8iWA/orders/place.json -> 500: {'Error': {'code': 100, 'message': 'The requested service is not currently available, please try after sometime.'}}
2025-09-11 12:10:23,356 ERROR sell-guard: CVS SELL_TARGET MARKET fallback failed: etrade POST /accounts/kW8LbkuGisPCK9Ey7C8iWA/orders/place.json -> 500: {'Error': {'code': 100, 'message': 'The requested service is not currently available, please try after sometime.'}}
2025-09-11 12:10:26,742 INFO sell-guard: [SG] SWKS: last=73.15 entry=76.23 pnl=-403 bps (tp=200 stop=100) hold=2810m lim=73.12 free=1 -> stop=True tp=False timeout=False
2025-09-11 12:10:26,744 DEBUG sell-guard: sell window check: start=0935 end=1555 now=1210
2025-09-11 12:10:27,501 ERROR sell-guard: SWKS ARM HARD STOP failed: etrade POST /accounts/kW8LbkuGisPCK9Ey7C8iWA/orders/place.json -> 500: {'Error': {'code': 100, 'message': 'The requested service is not currently available, please try after sometime.'}}
2025-09-11 12:10:28,347 ERROR sell-guard: SWKS STOP MARKET fallback failed: etrade POST /accounts/kW8LbkuGisPCK9Ey7C8iWA/orders/place.json -> 500: {'Error': {'code': 100, 'message': 'The requested service is not currently available, please try after sometime.'}}
2025-09-11 12:10:31,591 INFO sell-guard: [SG] PCG: last=15.29 entry=14.86 pnl=+293 bps (tp=200 stop=100) hold=2796m lim=15.29 free=1 -> stop=False tp=True timeout=False
2025-09-11 12:10:31,592 DEBUG sell-guard: sell window check: start=0935 end=1555 now=1210
2025-09-11 12:10:32,391 WARNING sell-guard: PCG SELL place 500/code100 (try 1/4), backing off 2.0s
2025-09-11 12:10:35,132 WARNING sell-guard: PCG SELL place 500/code100 (try 2/4), backing off 3.2s
2025-09-11 12:10:39,079 WARNING sell-guard: PCG SELL place 500/code100 (try 3/4), backing off 5.1s
2025-09-11 12:10:44,989 WARNING sell-guard: PCG SELL place 500/code100 (try 4/4), backing off 8.2s
2025-09-11 12:10:53,183 WARNING sell-guard: E*TRADE circuit OPEN for 60s due to repeated 500/code100
2025-09-11 12:10:53,184 ERROR sell-guard: PCG SELL_TARGET place failed: etrade POST /accounts/kW8LbkuGisPCK9Ey7C8iWA/orders/place.json -> 500: {'Error': {'code': 100, 'message': 'The requested service is not currently available, please try after sometime.'}}
2025-09-11 12:10:53,978 ERROR sell-guard: PCG SELL_TARGET MARKET fallback failed: etrade POST /accounts/kW8LbkuGisPCK9Ey7C8iWA/orders/place.json -> 500: {'Error': {'code': 100, 'message': 'The requested service is not currently available, please try after sometime.'}}
2025-09-11 12:10:57,362 INFO sell-guard: [SG] NCLH: last=26.66 entry=25.25 pnl=+559 bps (tp=200 stop=100) hold=2823m lim=26.66 free=3 -> stop=False tp=True timeout=False
2025-09-11 12:10:57,363 DEBUG sell-guard: sell window check: start=0935 end=1555 now=1210
2025-09-11 12:10:58,093 WARNING sell-guard: NCLH SELL place 500/code100 (try 1/4), backing off 2.0s
2025-09-11 12:11:00,867 WARNING sell-guard: NCLH SELL place 500/code100 (try 2/4), backing off 3.2s
2025-09-11 12:11:05,045 WARNING sell-guard: NCLH SELL place 500/code100 (try 3/4), backing off 5.1s
2025-09-11 12:11:10,970 WARNING sell-guard: NCLH SELL place 500/code100 (try 4/4), backing off 8.2s
2025-09-11 12:11:19,164 WARNING sell-guard: E*TRADE circuit OPEN for 60s due to repeated 500/code100
2025-09-11 12:11:19,165 ERROR sell-guard: NCLH SELL_TARGET place failed: etrade POST /accounts/kW8LbkuGisPCK9Ey7C8iWA/orders/place.json -> 500: {'Error': {'code': 100, 'message': 'The requested service is not currently available, please try after sometime.'}}
2025-09-11 12:11:19,959 ERROR sell-guard: NCLH SELL_TARGET MARKET fallback failed: etrade POST /accounts/kW8LbkuGisPCK9Ey7C8iWA/orders/place.json -> 500: {'Error': {'code': 100, 'message': 'The requested service is not currently available, please try after sometime.'}}
2025-09-11 12:11:23,466 INFO sell-guard: [SG] IVZ: last=22.45 entry=22.35 pnl=+47 bps (tp=200 stop=100) hold=2845m lim=22.45 free=4 -> stop=False tp=False timeout=False
2025-09-11 12:11:23,467 DEBUG sell-guard: sell window check: start=0935 end=1555 now=1211
2025-09-11 12:11:26,699 INFO sell-guard: [SG] ENPH: last=38.71 entry=39.06 pnl=-90 bps (tp=200 stop=100) hold=2838m lim=38.69 free=2 -> stop=False tp=False timeout=False
2025-09-11 12:11:26,700 DEBUG sell-guard: sell window check: start=0935 end=1555 now=1211
2025-09-11 12:11:29,987 INFO sell-guard: [SG] WBD: last=13.44 entry=12.21 pnl=+1007 bps (tp=200 stop=100) hold=4085m lim=13.43 free=1 -> stop=False tp=True timeout=False
2025-09-11 12:11:29,989 DEBUG sell-guard: sell window check: start=0935 end=1555 now=1211
2025-09-11 12:11:30,876 WARNING sell-guard: WBD SELL place 500/code100 (try 1/4), backing off 2.0s
2025-09-11 12:11:33,766 WARNING sell-guard: WBD SELL place 500/code100 (try 2/4), backing off 3.2s
2025-09-11 12:11:37,826 WARNING sell-guard: WBD SELL place 500/code100 (try 3/4), backing off 5.1s
2025-09-11 12:11:43,807 WARNING sell-guard: WBD SELL place 500/code100 (try 4/4), backing off 8.2s
2025-09-11 12:11:52,001 WARNING sell-guard: E*TRADE circuit OPEN for 60s due to repeated 500/code100
2025-09-11 12:11:52,002 ERROR sell-guard: WBD SELL_TARGET place failed: etrade POST /accounts/kW8LbkuGisPCK9Ey7C8iWA/orders/place.json -> 500: {'Error': {'code': 100, 'message': 'The requested service is not currently available, please try after sometime.'}}
2025-09-11 12:11:52,800 ERROR sell-guard: WBD SELL_TARGET MARKET fallback failed: etrade POST /accounts/kW8LbkuGisPCK9Ey7C8iWA/orders/place.json -> 500: {'Error': {'code': 100, 'message': 'The requested service is not currently available, please try after sometime.'}}
2025-09-11 12:11:52,802 INFO sell-guard: ⏱ heartbeat: loop alive (account=kW8LbkuGisPCK9Ey7C8iWA)
2025-09-11 12:11:52,806 INFO sell-guard: E*TRADE unstable; skipping tick (circuit open, 59s left)
2025-09-11 12:12:22,810 INFO sell-guard: ⏱ heartbeat: loop alive (account=kW8LbkuGisPCK9Ey7C8iWA)
2025-09-11 12:12:22,822 INFO sell-guard: E*TRADE unstable; skipping tick (circuit open, 29s left)
2025-09-11 12:12:52,881 INFO sell-guard: ⏱ heartbeat: loop alive (account=kW8LbkuGisPCK9Ey7C8iWA)
2025-09-11 12:12:53,464 INFO sell-guard: positions via get_positions -> 21 symbol(s)
2025-09-11 12:12:53,465 INFO sell-guard: Managing 7 symbol(s): CVS,SWKS,PCG,NCLH,IVZ,ENPH,WBD
2025-09-11 12:12:58,528 INFO sell-guard: [SG] CVS: last=74.50 entry=70.96 pnl=+499 bps (tp=200 stop=100) hold=2824m lim=74.48 free=1 -> stop=False tp=True timeout=False
2025-09-11 12:12:58,529 DEBUG sell-guard: sell window check: start=0935 end=1555 now=1212
2025-09-11 12:12:59,287 WARNING sell-guard: CVS SELL place 500/code100 (try 1/4), backing off 2.0s
2025-09-11 12:13:02,081 WARNING sell-guard: CVS SELL place 500/code100 (try 2/4), backing off 3.2s
2025-09-11 12:13:06,006 WARNING sell-guard: CVS SELL place 500/code100 (try 3/4), backing off 5.1s
2025-09-11 12:13:11,813 WARNING sell-guard: CVS SELL place 500/code100 (try 4/4), backing off 8.2s
2025-09-11 12:13:20,007 WARNING sell-guard: E*TRADE circuit OPEN for 60s due to repeated 500/code100
2025-09-11 12:13:20,016 ERROR sell-guard: CVS SELL_TARGET place failed: etrade POST /accounts/kW8LbkuGisPCK9Ey7C8iWA/orders/place.json -> 500: {'Error': {'code': 100, 'message': 'The requested service is not currently available, please try after sometime.'}}
2025-09-11 12:13:20,881 ERROR sell-guard: CVS SELL_TARGET MARKET fallback failed: etrade POST /accounts/kW8LbkuGisPCK9Ey7C8iWA/orders/place.json -> 500: {'Error': {'code': 100, 'message': 'The requested service is not currently available, please try after sometime.'}}
2025-09-11 12:13:23,961 INFO sell-guard: [SG] SWKS: last=73.07 entry=76.23 pnl=-415 bps (tp=200 stop=100) hold=2813m lim=73.04 free=1 -> stop=True tp=False timeout=False
2025-09-11 12:13:23,962 DEBUG sell-guard: sell window check: start=0935 end=1555 now=1213
2025-09-11 12:13:24,146 ERROR sell-guard: SWKS ARM HARD STOP failed: etrade POST /accounts/kW8LbkuGisPCK9Ey7C8iWA/orders/preview.json -> 400: {'Error': {'code': 2084, 'message': 'IMPORTANT: The stop price must be at least $0.01 below the current bid price for sell orders ($0.01 below the most recent closing price if the market is closed). Please adjust the stop price and resubmit your order.'}}
2025-09-11 12:13:27,094 INFO sell-guard: [SG] PCG: last=15.37 entry=14.86 pnl=+340 bps (tp=200 stop=100) hold=2799m lim=15.36 free=1 -> stop=False tp=True timeout=False
2025-09-11 12:13:27,095 DEBUG sell-guard: sell window check: start=0935 end=1555 now=1213
2025-09-11 12:13:27,912 WARNING sell-guard: PCG SELL place 500/code100 (try 1/4), backing off 2.0s
2025-09-11 12:13:30,578 WARNING sell-guard: PCG SELL place 500/code100 (try 2/4), backing off 3.2s
2025-09-11 12:13:34,527 WARNING sell-guard: PCG SELL place 500/code100 (try 3/4), backing off 5.1s
2025-09-11 12:13:40,369 WARNING sell-guard: PCG SELL place 500/code100 (try 4/4), backing off 8.2s
2025-09-11 12:13:48,564 WARNING sell-guard: E*TRADE circuit OPEN for 60s due to repeated 500/code100
2025-09-11 12:13:48,565 ERROR sell-guard: PCG SELL_TARGET place failed: etrade POST /accounts/kW8LbkuGisPCK9Ey7C8iWA/orders/place.json -> 500: {'Error': {'code': 100, 'message': 'The requested service is not currently available, please try after sometime.'}}
2025-09-11 12:13:49,468 ERROR sell-guard: PCG SELL_TARGET MARKET fallback failed: etrade POST /accounts/kW8LbkuGisPCK9Ey7C8iWA/orders/place.json -> 500: {'Error': {'code': 100, 'message': 'The requested service is not currently available, please try after sometime.'}}
2025-09-11 12:13:53,262 INFO sell-guard: [SG] NCLH: last=26.73 entry=25.25 pnl=+584 bps (tp=200 stop=100) hold=2826m lim=26.72 free=3 -> stop=False tp=True timeout=False
2025-09-11 12:13:53,263 DEBUG sell-guard: sell window check: start=0935 end=1555 now=1213
2025-09-11 12:13:53,979 WARNING sell-guard: NCLH SELL place 500/code100 (try 1/4), backing off 2.0s
2025-09-11 12:13:56,719 WARNING sell-guard: NCLH SELL place 500/code100 (try 2/4), backing off 3.2s
2025-09-11 12:14:00,683 WARNING sell-guard: NCLH SELL place 500/code100 (try 3/4), backing off 5.1s
2025-09-11 12:14:06,825 WARNING sell-guard: NCLH SELL place 500/code100 (try 4/4), backing off 8.2s
2025-09-11 12:14:15,019 WARNING sell-guard: E*TRADE circuit OPEN for 60s due to repeated 500/code100
2025-09-11 12:14:15,020 ERROR sell-guard: NCLH SELL_TARGET place failed: etrade POST /accounts/kW8LbkuGisPCK9Ey7C8iWA/orders/place.json -> 500: {'Error': {'code': 100, 'message': 'The requested service is not currently available, please try after sometime.'}}
2025-09-11 12:14:15,800 ERROR sell-guard: NCLH SELL_TARGET MARKET fallback failed: etrade POST /accounts/kW8LbkuGisPCK9Ey7C8iWA/orders/place.json -> 500: {'Error': {'code': 100, 'message': 'The requested service is not currently available, please try after sometime.'}}
2025-09-11 12:14:19,121 INFO sell-guard: [SG] IVZ: last=22.44 entry=22.35 pnl=+40 bps (tp=200 stop=100) hold=2847m lim=22.43 free=4 -> stop=False tp=False timeout=False
2025-09-11 12:14:19,133 DEBUG sell-guard: sell window check: start=0935 end=1555 now=1214
2025-09-11 12:14:22,271 INFO sell-guard: [SG] ENPH: last=38.62 entry=39.06 pnl=-113 bps (tp=200 stop=100) hold=2841m lim=38.61 free=2 -> stop=True tp=False timeout=False
2025-09-11 12:14:22,272 DEBUG sell-guard: sell window check: start=0935 end=1555 now=1214
2025-09-11 12:14:23,066 ERROR sell-guard: ENPH ARM HARD STOP failed: etrade POST /accounts/kW8LbkuGisPCK9Ey7C8iWA/orders/place.json -> 500: {'Error': {'code': 100, 'message': 'The requested service is not currently available, please try after sometime.'}}
2025-09-11 12:14:23,854 ERROR sell-guard: ENPH STOP MARKET fallback failed: etrade POST /accounts/kW8LbkuGisPCK9Ey7C8iWA/orders/place.json -> 500: {'Error': {'code': 100, 'message': 'The requested service is not currently available, please try after sometime.'}}
2025-09-11 12:14:26,947 INFO sell-guard: [SG] WBD: last=13.44 entry=12.21 pnl=+1003 bps (tp=200 stop=100) hold=4088m lim=13.43 free=1 -> stop=False tp=True timeout=False
2025-09-11 12:14:26,948 DEBUG sell-guard: sell window check: start=0935 end=1555 now=1214
2025-09-11 12:14:27,733 WARNING sell-guard: WBD SELL place 500/code100 (try 1/4), backing off 2.0s
2025-09-11 12:14:30,444 WARNING sell-guard: WBD SELL place 500/code100 (try 2/4), backing off 3.2s
2025-09-11 12:14:34,348 WARNING sell-guard: WBD SELL place 500/code100 (try 3/4), backing off 5.1s
2025-09-11 12:14:40,215 WARNING sell-guard: WBD SELL place 500/code100 (try 4/4), backing off 8.2s
2025-09-11 12:14:48,408 WARNING sell-guard: E*TRADE circuit OPEN for 60s due to repeated 500/code100
2025-09-11 12:14:48,409 ERROR sell-guard: WBD SELL_TARGET place failed: etrade POST /accounts/kW8LbkuGisPCK9Ey7C8iWA/orders/place.json -> 500: {'Error': {'code': 100, 'message': 'The requested service is not currently available, please try after sometime.'}}
2025-09-11 12:14:49,271 ERROR sell-guard: WBD SELL_TARGET MARKET fallback failed: etrade POST /accounts/kW8LbkuGisPCK9Ey7C8iWA/orders/place.json -> 500: {'Error': {'code': 100, 'message': 'The requested service is not currently available, please try after sometime.'}}
2025-09-11 12:14:49,272 INFO sell-guard: ⏱ heartbeat: loop alive (account=kW8LbkuGisPCK9Ey7C8iWA)
2025-09-11 12:14:49,275 INFO sell-guard: E*TRADE unstable; skipping tick (circuit open, 59s left)
2025-09-11 12:15:19,278 INFO sell-guard: ⏱ heartbeat: loop alive (account=kW8LbkuGisPCK9Ey7C8iWA)
2025-09-11 12:15:19,279 INFO sell-guard: E*TRADE unstable; skipping tick (circuit open, 29s left)
2025-09-11 12:15:49,284 INFO sell-guard: ⏱ heartbeat: loop alive (account=kW8LbkuGisPCK9Ey7C8iWA)
2025-09-11 12:15:49,786 INFO sell-guard: positions via get_positions -> 21 symbol(s)
2025-09-11 12:15:49,787 INFO sell-guard: Managing 7 symbol(s): CVS,SWKS,PCG,NCLH,IVZ,ENPH,WBD
2025-09-11 12:15:55,016 INFO sell-guard: [SG] CVS: last=74.59 entry=70.96 pnl=+512 bps (tp=200 stop=100) hold=2827m lim=74.59 free=1 -> stop=False tp=True timeout=False
2025-09-11 12:15:55,017 DEBUG sell-guard: sell window check: start=0935 end=1555 now=1215
2025-09-11 12:15:55,848 WARNING sell-guard: CVS SELL place 500/code100 (try 1/4), backing off 2.0s
2025-09-11 12:15:58,662 WARNING sell-guard: CVS SELL place 500/code100 (try 2/4), backing off 3.2s
2025-09-11 12:16:02,578 WARNING sell-guard: CVS SELL place 500/code100 (try 3/4), backing off 5.1s
2025-09-11 12:16:08,439 WARNING sell-guard: CVS SELL place 500/code100 (try 4/4), backing off 8.2s
2025-09-11 12:16:16,632 WARNING sell-guard: E*TRADE circuit OPEN for 60s due to repeated 500/code100
2025-09-11 12:16:16,634 ERROR sell-guard: CVS SELL_TARGET place failed: etrade POST /accounts/kW8LbkuGisPCK9Ey7C8iWA/orders/place.json -> 500: {'Error': {'code': 100, 'message': 'The requested service is not currently available, please try after sometime.'}}
2025-09-11 12:16:17,437 ERROR sell-guard: CVS SELL_TARGET MARKET fallback failed: etrade POST /accounts/kW8LbkuGisPCK9Ey7C8iWA/orders/place.json -> 500: {'Error': {'code': 100, 'message': 'The requested service is not currently available, please try after sometime.'}}
2025-09-11 12:16:20,507 INFO sell-guard: [SG] SWKS: last=73.10 entry=76.23 pnl=-411 bps (tp=200 stop=100) hold=2816m lim=73.04 free=1 -> stop=True tp=False timeout=False
2025-09-11 12:16:20,508 DEBUG sell-guard: sell window check: start=0935 end=1555 now=1216
2025-09-11 12:16:21,229 ERROR sell-guard: SWKS ARM HARD STOP failed: etrade POST /accounts/kW8LbkuGisPCK9Ey7C8iWA/orders/place.json -> 500: {'Error': {'code': 100, 'message': 'The requested service is not currently available, please try after sometime.'}}
2025-09-11 12:16:21,948 ERROR sell-guard: SWKS STOP MARKET fallback failed: etrade POST /accounts/kW8LbkuGisPCK9Ey7C8iWA/orders/place.json -> 500: {'Error': {'code': 100, 'message': 'The requested service is not currently available, please try after sometime.'}}
2025-09-11 12:16:24,889 INFO sell-guard: [SG] PCG: last=15.34 entry=14.86 pnl=+320 bps (tp=200 stop=100) hold=2802m lim=15.33 free=1 -> stop=False tp=True timeout=False
2025-09-11 12:16:24,890 DEBUG sell-guard: sell window check: start=0935 end=1555 now=1216
2025-09-11 12:16:25,651 WARNING sell-guard: PCG SELL place 500/code100 (try 1/4), backing off 2.0s
2025-09-11 12:16:28,362 WARNING sell-guard: PCG SELL place 500/code100 (try 2/4), backing off 3.2s
2025-09-11 12:16:32,394 WARNING sell-guard: PCG SELL place 500/code100 (try 3/4), backing off 5.1s
2025-09-11 12:16:38,252 WARNING sell-guard: PCG SELL place 500/code100 (try 4/4), backing off 8.2s
2025-09-11 12:16:46,447 WARNING sell-guard: E*TRADE circuit OPEN for 60s due to repeated 500/code100
2025-09-11 12:16:46,448 ERROR sell-guard: PCG SELL_TARGET place failed: etrade POST /accounts/kW8LbkuGisPCK9Ey7C8iWA/orders/place.json -> 500: {'Error': {'code': 100, 'message': 'The requested service is not currently available, please try after sometime.'}}
2025-09-11 12:16:47,116 ERROR sell-guard: PCG SELL_TARGET MARKET fallback failed: etrade POST /accounts/kW8LbkuGisPCK9Ey7C8iWA/orders/place.json -> 500: {'Error': {'code': 100, 'message': 'The requested service is not currently available, please try after sometime.'}}
2025-09-11 12:16:50,216 INFO sell-guard: [SG] NCLH: last=26.73 entry=25.25 pnl=+585 bps (tp=200 stop=100) hold=2829m lim=26.72 free=3 -> stop=False tp=True timeout=False
2025-09-11 12:16:50,220 DEBUG sell-guard: sell window check: start=0935 end=1555 now=1216
2025-09-11 12:16:51,028 WARNING sell-guard: NCLH SELL place 500/code100 (try 1/4), backing off 2.0s
2025-09-11 12:16:53,723 WARNING sell-guard: NCLH SELL place 500/code100 (try 2/4), backing off 3.2s
2025-09-11 12:16:57,627 WARNING sell-guard: NCLH SELL place 500/code100 (try 3/4), backing off 5.1s
2025-09-11 12:17:03,452 WARNING sell-guard: NCLH SELL place 500/code100 (try 4/4), backing off 8.2s
2025-09-11 12:17:11,671 WARNING sell-guard: E*TRADE circuit OPEN for 60s due to repeated 500/code100
2025-09-11 12:17:11,671 ERROR sell-guard: NCLH SELL_TARGET place failed: etrade POST /accounts/kW8LbkuGisPCK9Ey7C8iWA/orders/place.json -> 500: {'Error': {'code': 100, 'message': 'The requested service is not currently available, please try after sometime.'}}
2025-09-11 12:17:12,481 ERROR sell-guard: NCLH SELL_TARGET MARKET fallback failed: etrade POST /accounts/kW8LbkuGisPCK9Ey7C8iWA/orders/place.json -> 500: {'Error': {'code': 100, 'message': 'The requested service is not currently available, please try after sometime.'}}
2025-09-11 12:17:15,383 INFO sell-guard: [SG] IVZ: last=22.42 entry=22.35 pnl=+31 bps (tp=200 stop=100) hold=2850m lim=22.42 free=4 -> stop=False tp=False timeout=False
2025-09-11 12:17:15,384 DEBUG sell-guard: sell window check: start=0935 end=1555 now=1217
2025-09-11 12:17:18,518 INFO sell-guard: [SG] ENPH: last=38.82 entry=39.06 pnl=-61 bps (tp=200 stop=100) hold=2844m lim=38.82 free=2 -> stop=False tp=False timeout=False
2025-09-11 12:17:18,519 DEBUG sell-guard: sell window check: start=0935 end=1555 now=1217
2025-09-11 12:17:21,572 INFO sell-guard: [SG] WBD: last=13.46 entry=12.21 pnl=+1028 bps (tp=200 stop=100) hold=4091m lim=13.46 free=1 -> stop=False tp=True timeout=False
2025-09-11 12:17:21,573 DEBUG sell-guard: sell window check: start=0935 end=1555 now=1217
2025-09-11 12:17:22,207 WARNING sell-guard: WBD SELL place 500/code100 (try 1/4), backing off 2.0s
2025-09-11 12:17:24,912 WARNING sell-guard: WBD SELL place 500/code100 (try 2/4), backing off 3.2s
2025-09-11 12:17:28,841 WARNING sell-guard: WBD SELL place 500/code100 (try 3/4), backing off 5.1s
2025-09-11 12:17:34,649 WARNING sell-guard: WBD SELL place 500/code100 (try 4/4), backing off 8.2s
2025-09-11 12:17:42,843 WARNING sell-guard: E*TRADE circuit OPEN for 60s due to repeated 500/code100
2025-09-11 12:17:42,843 ERROR sell-guard: WBD SELL_TARGET place failed: etrade POST /accounts/kW8LbkuGisPCK9Ey7C8iWA/orders/place.json -> 500: {'Error': {'code': 100, 'message': 'The requested service is not currently available, please try after sometime.'}}
2025-09-11 12:17:43,518 ERROR sell-guard: WBD SELL_TARGET MARKET fallback failed: etrade POST /accounts/kW8LbkuGisPCK9Ey7C8iWA/orders/place.json -> 500: {'Error': {'code': 100, 'message': 'The requested service is not currently available, please try after sometime.'}}
2025-09-11 12:17:43,519 INFO sell-guard: ⏱ heartbeat: loop alive (account=kW8LbkuGisPCK9Ey7C8iWA)
2025-09-11 12:17:43,522 INFO sell-guard: E*TRADE unstable; skipping tick (circuit open, 59s left)
2025-09-11 12:18:13,524 INFO sell-guard: ⏱ heartbeat: loop alive (account=kW8LbkuGisPCK9Ey7C8iWA)
2025-09-11 12:18:13,524 INFO sell-guard: E*TRADE unstable; skipping tick (circuit open, 29s left)
2025-09-11 12:18:43,530 INFO sell-guard: ⏱ heartbeat: loop alive (account=kW8LbkuGisPCK9Ey7C8iWA)
2025-09-11 12:18:44,118 INFO sell-guard: positions via get_positions -> 21 symbol(s)
2025-09-11 12:18:44,119 INFO sell-guard: Managing 7 symbol(s): CVS,SWKS,PCG,NCLH,IVZ,ENPH,WBD
2025-09-11 12:18:48,876 INFO sell-guard: [SG] CVS: last=74.64 entry=70.96 pnl=+519 bps (tp=200 stop=100) hold=2829m lim=74.63 free=1 -> stop=False tp=True timeout=False
2025-09-11 12:18:48,877 DEBUG sell-guard: sell window check: start=0935 end=1555 now=1218
2025-09-11 12:18:49,577 WARNING sell-guard: CVS SELL place 500/code100 (try 1/4), backing off 2.0s
2025-09-11 12:18:52,266 WARNING sell-guard: CVS SELL place 500/code100 (try 2/4), backing off 3.2s
2025-09-11 12:18:56,121 WARNING sell-guard: CVS SELL place 500/code100 (try 3/4), backing off 5.1s
2025-09-11 12:19:01,895 WARNING sell-guard: CVS SELL place 500/code100 (try 4/4), backing off 8.2s
2025-09-11 12:19:10,088 WARNING sell-guard: E*TRADE circuit OPEN for 60s due to repeated 500/code100
2025-09-11 12:19:10,089 ERROR sell-guard: CVS SELL_TARGET place failed: etrade POST /accounts/kW8LbkuGisPCK9Ey7C8iWA/orders/place.json -> 500: {'Error': {'code': 100, 'message': 'The requested service is not currently available, please try after sometime.'}}
2025-09-11 12:19:10,761 ERROR sell-guard: CVS SELL_TARGET MARKET fallback failed: etrade POST /accounts/kW8LbkuGisPCK9Ey7C8iWA/orders/place.json -> 500: {'Error': {'code': 100, 'message': 'The requested service is not currently available, please try after sometime.'}}
2025-09-11 12:19:13,396 INFO sell-guard: [SG] SWKS: last=73.14 entry=76.23 pnl=-405 bps (tp=200 stop=100) hold=2819m lim=73.12 free=1 -> stop=True tp=False timeout=False
2025-09-11 12:19:13,397 DEBUG sell-guard: sell window check: start=0935 end=1555 now=1219
2025-09-11 12:19:14,043 ERROR sell-guard: SWKS ARM HARD STOP failed: etrade POST /accounts/kW8LbkuGisPCK9Ey7C8iWA/orders/place.json -> 500: {'Error': {'code': 100, 'message': 'The requested service is not currently available, please try after sometime.'}}
2025-09-11 12:19:14,688 ERROR sell-guard: SWKS STOP MARKET fallback failed: etrade POST /accounts/kW8LbkuGisPCK9Ey7C8iWA/orders/place.json -> 500: {'Error': {'code': 100, 'message': 'The requested service is not currently available, please try after sometime.'}}
2025-09-11 12:19:17,676 INFO sell-guard: [SG] PCG: last=15.35 entry=14.86 pnl=+326 bps (tp=200 stop=100) hold=2805m lim=15.34 free=1 -> stop=False tp=True timeout=False
2025-09-11 12:19:17,677 DEBUG sell-guard: sell window check: start=0935 end=1555 now=1219
2025-09-11 12:19:18,348 WARNING sell-guard: PCG SELL place 500/code100 (try 1/4), backing off 2.0s
2025-09-11 12:19:21,021 WARNING sell-guard: PCG SELL place 500/code100 (try 2/4), backing off 3.2s
2025-09-11 12:19:24,981 WARNING sell-guard: PCG SELL place 500/code100 (try 3/4), backing off 5.1s
2025-09-11 12:19:30,797 WARNING sell-guard: PCG SELL place 500/code100 (try 4/4), backing off 8.2s
2025-09-11 12:19:38,991 WARNING sell-guard: E*TRADE circuit OPEN for 60s due to repeated 500/code100
2025-09-11 12:19:38,992 ERROR sell-guard: PCG SELL_TARGET place failed: etrade POST /accounts/kW8LbkuGisPCK9Ey7C8iWA/orders/place.json -> 500: {'Error': {'code': 100, 'message': 'The requested service is not currently available, please try after sometime.'}}
2025-09-11 12:19:39,642 ERROR sell-guard: PCG SELL_TARGET MARKET fallback failed: etrade POST /accounts/kW8LbkuGisPCK9Ey7C8iWA/orders/place.json -> 500: {'Error': {'code': 100, 'message': 'The requested service is not currently available, please try after sometime.'}}
2025-09-11 12:19:42,239 INFO sell-guard: [SG] NCLH: last=26.77 entry=25.25 pnl=+602 bps (tp=200 stop=100) hold=2832m lim=26.76 free=3 -> stop=False tp=True timeout=False
2025-09-11 12:19:42,240 DEBUG sell-guard: sell window check: start=0935 end=1555 now=1219
2025-09-11 12:19:42,904 WARNING sell-guard: NCLH SELL place 500/code100 (try 1/4), backing off 2.0s
2025-09-11 12:19:45,527 WARNING sell-guard: NCLH SELL place 500/code100 (try 2/4), backing off 3.2s
2025-09-11 12:19:49,386 WARNING sell-guard: NCLH SELL place 500/code100 (try 3/4), backing off 5.1s
2025-09-11 12:19:55,182 WARNING sell-guard: NCLH SELL place 500/code100 (try 4/4), backing off 8.2s
2025-09-11 12:20:03,376 WARNING sell-guard: E*TRADE circuit OPEN for 60s due to repeated 500/code100
2025-09-11 12:20:03,377 ERROR sell-guard: NCLH SELL_TARGET place failed: etrade POST /accounts/kW8LbkuGisPCK9Ey7C8iWA/orders/place.json -> 500: {'Error': {'code': 100, 'message': 'The requested service is not currently available, please try after sometime.'}}
2025-09-11 12:20:04,152 ERROR sell-guard: NCLH SELL_TARGET MARKET fallback failed: etrade POST /accounts/kW8LbkuGisPCK9Ey7C8iWA/orders/place.json -> 500: {'Error': {'code': 100, 'message': 'The requested service is not currently available, please try after sometime.'}}
2025-09-11 12:20:06,790 INFO sell-guard: [SG] IVZ: last=22.44 entry=22.35 pnl=+40 bps (tp=200 stop=100) hold=2853m lim=22.43 free=4 -> stop=False tp=False timeout=False
2025-09-11 12:20:06,792 DEBUG sell-guard: sell window check: start=0935 end=1555 now=1220
2025-09-11 12:20:09,483 INFO sell-guard: [SG] ENPH: last=38.96 entry=39.06 pnl=-26 bps (tp=200 stop=100) hold=2847m lim=38.95 free=2 -> stop=False tp=False timeout=False
2025-09-11 12:20:09,484 DEBUG sell-guard: sell window check: start=0935 end=1555 now=1220
2025-09-11 12:20:12,043 INFO sell-guard: [SG] WBD: last=13.45 entry=12.21 pnl=+1011 bps (tp=200 stop=100) hold=4094m lim=13.44 free=1 -> stop=False tp=True timeout=False
2025-09-11 12:20:12,046 DEBUG sell-guard: sell window check: start=0935 end=1555 now=1220
2025-09-11 12:20:12,707 WARNING sell-guard: WBD SELL place 500/code100 (try 1/4), backing off 2.0s
2025-09-11 12:20:15,359 WARNING sell-guard: WBD SELL place 500/code100 (try 2/4), backing off 3.2s
2025-09-11 12:20:19,240 WARNING sell-guard: WBD SELL place 500/code100 (try 3/4), backing off 5.1s
2025-09-11 12:20:25,129 WARNING sell-guard: WBD SELL place 500/code100 (try 4/4), backing off 8.2s
2025-09-11 12:20:33,325 WARNING sell-guard: E*TRADE circuit OPEN for 60s due to repeated 500/code100
2025-09-11 12:20:33,331 ERROR sell-guard: WBD SELL_TARGET place failed: etrade POST /accounts/kW8LbkuGisPCK9Ey7C8iWA/orders/place.json -> 500: {'Error': {'code': 100, 'message': 'The requested service is not currently available, please try after sometime.'}}
2025-09-11 12:20:34,014 ERROR sell-guard: WBD SELL_TARGET MARKET fallback failed: etrade POST /accounts/kW8LbkuGisPCK9Ey7C8iWA/orders/place.json -> 500: {'Error': {'code': 100, 'message': 'The requested service is not currently available, please try after sometime.'}}
2025-09-11 12:20:34,015 INFO sell-guard: ⏱ heartbeat: loop alive (account=kW8LbkuGisPCK9Ey7C8iWA)
2025-09-11 12:20:34,018 INFO sell-guard: E*TRADE unstable; skipping tick (circuit open, 59s left)
2025-09-11 12:21:04,019 INFO sell-guard: ⏱ heartbeat: loop alive (account=kW8LbkuGisPCK9Ey7C8iWA)
2025-09-11 12:21:04,020 INFO sell-guard: E*TRADE unstable; skipping tick (circuit open, 29s left)
2025-09-11 12:21:34,031 INFO sell-guard: ⏱ heartbeat: loop alive (account=kW8LbkuGisPCK9Ey7C8iWA)
2025-09-11 12:21:34,537 INFO sell-guard: positions via get_positions -> 21 symbol(s)
2025-09-11 12:21:34,538 INFO sell-guard: Managing 7 symbol(s): CVS,SWKS,PCG,NCLH,IVZ,ENPH,WBD
2025-09-11 12:21:39,539 INFO sell-guard: [SG] CVS: last=74.62 entry=70.96 pnl=+516 bps (tp=200 stop=100) hold=2832m lim=74.60 free=1 -> stop=False tp=True timeout=False
2025-09-11 12:21:39,540 DEBUG sell-guard: sell window check: start=0935 end=1555 now=1221
2025-09-11 12:21:40,383 WARNING sell-guard: CVS SELL place 500/code100 (try 1/4), backing off 2.0s
2025-09-11 12:21:43,037 WARNING sell-guard: CVS SELL place 500/code100 (try 2/4), backing off 3.2s
2025-09-11 12:21:46,889 WARNING sell-guard: CVS SELL place 500/code100 (try 3/4), backing off 5.1s
2025-09-11 12:21:52,716 WARNING sell-guard: CVS SELL place 500/code100 (try 4/4), backing off 8.2s
2025-09-11 12:22:00,910 WARNING sell-guard: E*TRADE circuit OPEN for 60s due to repeated 500/code100
2025-09-11 12:22:00,912 ERROR sell-guard: CVS SELL_TARGET place failed: etrade POST /accounts/kW8LbkuGisPCK9Ey7C8iWA/orders/place.json -> 500: {'Error': {'code': 100, 'message': 'The requested service is not currently available, please try after sometime.'}}
2025-09-11 12:22:01,579 ERROR sell-guard: CVS SELL_TARGET MARKET fallback failed: etrade POST /accounts/kW8LbkuGisPCK9Ey7C8iWA/orders/place.json -> 500: {'Error': {'code': 100, 'message': 'The requested service is not currently available, please try after sometime.'}}
2025-09-11 12:22:04,557 INFO sell-guard: [SG] SWKS: last=73.14 entry=76.23 pnl=-405 bps (tp=200 stop=100) hold=2822m lim=73.12 free=1 -> stop=True tp=False timeout=False
2025-09-11 12:22:04,558 DEBUG sell-guard: sell window check: start=0935 end=1555 now=1222
2025-09-11 12:22:04,711 ERROR sell-guard: SWKS ARM HARD STOP failed: etrade POST /accounts/kW8LbkuGisPCK9Ey7C8iWA/orders/preview.json -> 400: {'Error': {'code': 2084, 'message': 'IMPORTANT: The stop price must be at least $0.01 below the current bid price for sell orders ($0.01 below the most recent closing price if the market is closed). Please adjust the stop price and resubmit your order.'}}
2025-09-11 12:22:07,387 INFO sell-guard: [SG] PCG: last=15.35 entry=14.86 pnl=+326 bps (tp=200 stop=100) hold=2808m lim=15.34 free=1 -> stop=False tp=True timeout=False
2025-09-11 12:22:07,388 DEBUG sell-guard: sell window check: start=0935 end=1555 now=1222
2025-09-11 12:22:08,084 WARNING sell-guard: PCG SELL place 500/code100 (try 1/4), backing off 2.0s
2025-09-11 12:22:10,768 WARNING sell-guard: PCG SELL place 500/code100 (try 2/4), backing off 3.2s
2025-09-11 12:22:14,669 WARNING sell-guard: PCG SELL place 500/code100 (try 3/4), backing off 5.1s
2025-09-11 12:22:20,700 WARNING sell-guard: PCG SELL place 500/code100 (try 4/4), backing off 8.2s
2025-09-11 12:22:28,894 WARNING sell-guard: E*TRADE circuit OPEN for 60s due to repeated 500/code100
2025-09-11 12:22:28,894 ERROR sell-guard: PCG SELL_TARGET place failed: etrade POST /accounts/kW8LbkuGisPCK9Ey7C8iWA/orders/place.json -> 500: {'Error': {'code': 100, 'message': 'The requested service is not currently available, please try after sometime.'}}
2025-09-11 12:22:29,682 ERROR sell-guard: PCG SELL_TARGET MARKET fallback failed: etrade POST /accounts/kW8LbkuGisPCK9Ey7C8iWA/orders/place.json -> 500: {'Error': {'code': 100, 'message': 'The requested service is not currently available, please try after sometime.'}}
2025-09-11 12:22:32,835 INFO sell-guard: [SG] NCLH: last=26.80 entry=25.25 pnl=+616 bps (tp=200 stop=100) hold=2835m lim=26.80 free=3 -> stop=False tp=True timeout=False
2025-09-11 12:22:32,836 DEBUG sell-guard: sell window check: start=0935 end=1555 now=1222
2025-09-11 12:22:33,668 WARNING sell-guard: NCLH SELL place 500/code100 (try 1/4), backing off 2.0s
2025-09-11 12:22:36,426 WARNING sell-guard: NCLH SELL place 500/code100 (try 2/4), backing off 3.2s
2025-09-11 12:22:40,389 WARNING sell-guard: NCLH SELL place 500/code100 (try 3/4), backing off 5.1s
2025-09-11 12:22:46,265 WARNING sell-guard: NCLH SELL place 500/code100 (try 4/4), backing off 8.2s
2025-09-11 12:22:54,459 WARNING sell-guard: E*TRADE circuit OPEN for 60s due to repeated 500/code100
2025-09-11 12:22:54,459 ERROR sell-guard: NCLH SELL_TARGET place failed: etrade POST /accounts/kW8LbkuGisPCK9Ey7C8iWA/orders/place.json -> 500: {'Error': {'code': 100, 'message': 'The requested service is not currently available, please try after sometime.'}}
2025-09-11 12:22:55,212 ERROR sell-guard: NCLH SELL_TARGET MARKET fallback failed: etrade POST /accounts/kW8LbkuGisPCK9Ey7C8iWA/orders/place.json -> 500: {'Error': {'code': 100, 'message': 'The requested service is not currently available, please try after sometime.'}}
2025-09-11 12:22:58,308 INFO sell-guard: [SG] IVZ: last=22.45 entry=22.35 pnl=+47 bps (tp=200 stop=100) hold=2856m lim=22.45 free=4 -> stop=False tp=False timeout=False
2025-09-11 12:22:58,308 DEBUG sell-guard: sell window check: start=0935 end=1555 now=1222
2025-09-11 12:23:01,506 INFO sell-guard: [SG] ENPH: last=39.02 entry=39.06 pnl=-9 bps (tp=200 stop=100) hold=2849m lim=39.01 free=2 -> stop=False tp=False timeout=False
2025-09-11 12:23:01,507 DEBUG sell-guard: sell window check: start=0935 end=1555 now=1223
2025-09-11 12:23:04,528 INFO sell-guard: [SG] WBD: last=13.44 entry=12.21 pnl=+1007 bps (tp=200 stop=100) hold=4097m lim=13.43 free=1 -> stop=False tp=True timeout=False
2025-09-11 12:23:04,529 DEBUG sell-guard: sell window check: start=0935 end=1555 now=1223
2025-09-11 12:23:05,288 WARNING sell-guard: WBD SELL place 500/code100 (try 1/4), backing off 2.0s
2025-09-11 12:23:08,295 WARNING sell-guard: WBD SELL place 500/code100 (try 2/4), backing off 3.2s
2025-09-11 12:23:12,300 WARNING sell-guard: WBD SELL place 500/code100 (try 3/4), backing off 5.1s
2025-09-11 12:23:18,115 WARNING sell-guard: WBD SELL place 500/code100 (try 4/4), backing off 8.2s
2025-09-11 12:23:26,460 WARNING sell-guard: E*TRADE circuit OPEN for 60s due to repeated 500/code100
2025-09-11 12:23:26,461 ERROR sell-guard: WBD SELL_TARGET place failed: etrade POST /accounts/kW8LbkuGisPCK9Ey7C8iWA/orders/place.json -> 500: {'Error': {'code': 100, 'message': 'The requested service is not currently available, please try after sometime.'}}
2025-09-11 12:23:27,271 ERROR sell-guard: WBD SELL_TARGET MARKET fallback failed: etrade POST /accounts/kW8LbkuGisPCK9Ey7C8iWA/orders/place.json -> 500: {'Error': {'code': 100, 'message': 'The requested service is not currently available, please try after sometime.'}}
2025-09-11 12:23:27,273 INFO sell-guard: ⏱ heartbeat: loop alive (account=kW8LbkuGisPCK9Ey7C8iWA)
2025-09-11 12:23:27,277 INFO sell-guard: E*TRADE unstable; skipping tick (circuit open, 59s left)
2025-09-11 12:23:57,279 INFO sell-guard: ⏱ heartbeat: loop alive (account=kW8LbkuGisPCK9Ey7C8iWA)
2025-09-11 12:23:57,280 INFO sell-guard: E*TRADE unstable; skipping tick (circuit open, 29s left)
2025-09-11 12:24:27,285 INFO sell-guard: ⏱ heartbeat: loop alive (account=kW8LbkuGisPCK9Ey7C8iWA)
2025-09-11 12:24:27,814 INFO sell-guard: positions via get_positions -> 21 symbol(s)
2025-09-11 12:24:27,815 INFO sell-guard: Managing 7 symbol(s): CVS,SWKS,PCG,NCLH,IVZ,ENPH,WBD
2025-09-11 12:24:32,933 INFO sell-guard: [SG] CVS: last=74.61 entry=70.96 pnl=+514 bps (tp=200 stop=100) hold=2835m lim=74.60 free=1 -> stop=False tp=True timeout=False
2025-09-11 12:24:32,934 DEBUG sell-guard: sell window check: start=0935 end=1555 now=1224
2025-09-11 12:24:33,781 WARNING sell-guard: CVS SELL place 500/code100 (try 1/4), backing off 2.0s
2025-09-11 12:24:36,513 WARNING sell-guard: CVS SELL place 500/code100 (try 2/4), backing off 3.2s
2025-09-11 12:24:40,490 WARNING sell-guard: CVS SELL place 500/code100 (try 3/4), backing off 5.1s
2025-09-11 12:24:46,277 WARNING sell-guard: CVS SELL place 500/code100 (try 4/4), backing off 8.2s
2025-09-11 12:24:54,470 WARNING sell-guard: E*TRADE circuit OPEN for 60s due to repeated 500/code100
2025-09-11 12:24:54,470 ERROR sell-guard: CVS SELL_TARGET place failed: etrade POST /accounts/kW8LbkuGisPCK9Ey7C8iWA/orders/place.json -> 500: {'Error': {'code': 100, 'message': 'The requested service is not currently available, please try after sometime.'}}
2025-09-11 12:24:55,320 ERROR sell-guard: CVS SELL_TARGET MARKET fallback failed: etrade POST /accounts/kW8LbkuGisPCK9Ey7C8iWA/orders/place.json -> 500: {'Error': {'code': 100, 'message': 'The requested service is not currently available, please try after sometime.'}}
2025-09-11 12:24:58,304 INFO sell-guard: [SG] SWKS: last=73.09 entry=76.23 pnl=-412 bps (tp=200 stop=100) hold=2825m lim=73.07 free=1 -> stop=True tp=False timeout=False
2025-09-11 12:24:58,305 DEBUG sell-guard: sell window check: start=0935 end=1555 now=1224
2025-09-11 12:24:58,474 ERROR sell-guard: SWKS ARM HARD STOP failed: etrade POST /accounts/kW8LbkuGisPCK9Ey7C8iWA/orders/preview.json -> 400: {'Error': {'code': 2084, 'message': 'IMPORTANT: The stop price must be at least $0.01 below the current bid price for sell orders ($0.01 below the most recent closing price if the market is closed). Please adjust the stop price and resubmit your order.'}}
2025-09-11 12:25:01,632 INFO sell-guard: [SG] PCG: last=15.38 entry=14.86 pnl=+353 bps (tp=200 stop=100) hold=2811m lim=15.38 free=1 -> stop=False tp=True timeout=False
2025-09-11 12:25:01,634 DEBUG sell-guard: sell window check: start=0935 end=1555 now=1225
2025-09-11 12:25:02,440 WARNING sell-guard: PCG SELL place 500/code100 (try 1/4), backing off 2.0s
2025-09-11 12:25:05,196 WARNING sell-guard: PCG SELL place 500/code100 (try 2/4), backing off 3.2s
2025-09-11 12:25:09,137 WARNING sell-guard: PCG SELL place 500/code100 (try 3/4), backing off 5.1s
2025-09-11 12:25:15,126 WARNING sell-guard: PCG SELL place 500/code100 (try 4/4), backing off 8.2s
2025-09-11 12:25:23,319 WARNING sell-guard: E*TRADE circuit OPEN for 60s due to repeated 500/code100
2025-09-11 12:25:23,319 ERROR sell-guard: PCG SELL_TARGET place failed: etrade POST /accounts/kW8LbkuGisPCK9Ey7C8iWA/orders/place.json -> 500: {'Error': {'code': 100, 'message': 'The requested service is not currently available, please try after sometime.'}}
2025-09-11 12:25:24,043 ERROR sell-guard: PCG SELL_TARGET MARKET fallback failed: etrade POST /accounts/kW8LbkuGisPCK9Ey7C8iWA/orders/place.json -> 500: {'Error': {'code': 100, 'message': 'The requested service is not currently available, please try after sometime.'}}
2025-09-11 12:25:27,031 INFO sell-guard: [SG] NCLH: last=26.79 entry=25.25 pnl=+609 bps (tp=200 stop=100) hold=2838m lim=26.78 free=3 -> stop=False tp=True timeout=False
2025-09-11 12:25:27,032 DEBUG sell-guard: sell window check: start=0935 end=1555 now=1225
2025-09-11 12:25:27,770 WARNING sell-guard: NCLH SELL place 500/code100 (try 1/4), backing off 2.0s
2025-09-11 12:25:30,477 WARNING sell-guard: NCLH SELL place 500/code100 (try 2/4), backing off 3.2s
2025-09-11 12:25:34,742 WARNING sell-guard: NCLH SELL place 500/code100 (try 3/4), backing off 5.1s
2025-09-11 12:25:40,582 WARNING sell-guard: NCLH SELL place 500/code100 (try 4/4), backing off 8.2s
2025-09-11 12:25:48,776 WARNING sell-guard: E*TRADE circuit OPEN for 60s due to repeated 500/code100
2025-09-11 12:25:48,777 ERROR sell-guard: NCLH SELL_TARGET place failed: etrade POST /accounts/kW8LbkuGisPCK9Ey7C8iWA/orders/place.json -> 500: {'Error': {'code': 100, 'message': 'The requested service is not currently available, please try after sometime.'}}
2025-09-11 12:25:49,917 ERROR sell-guard: NCLH SELL_TARGET MARKET fallback failed: etrade POST /accounts/kW8LbkuGisPCK9Ey7C8iWA/orders/place.json -> 500: {'Error': {'code': 100, 'message': 'The requested service is not currently available, please try after sometime.'}}
2025-09-11 12:25:52,852 INFO sell-guard: [SG] IVZ: last=22.48 entry=22.35 pnl=+56 bps (tp=200 stop=100) hold=2859m lim=22.47 free=4 -> stop=False tp=False timeout=False
2025-09-11 12:25:52,853 DEBUG sell-guard: sell window check: start=0935 end=1555 now=1225
2025-09-11 12:25:55,811 INFO sell-guard: [SG] ENPH: last=38.94 entry=39.06 pnl=-31 bps (tp=200 stop=100) hold=2852m lim=38.93 free=2 -> stop=False tp=False timeout=False
2025-09-11 12:25:55,812 DEBUG sell-guard: sell window check: start=0935 end=1555 now=1225
2025-09-11 12:25:58,836 INFO sell-guard: [SG] WBD: last=13.41 entry=12.21 pnl=+987 bps (tp=200 stop=100) hold=4100m lim=13.41 free=1 -> stop=False tp=True timeout=False
2025-09-11 12:25:58,839 DEBUG sell-guard: sell window check: start=0935 end=1555 now=1225
2025-09-11 12:25:59,576 WARNING sell-guard: WBD SELL place 500/code100 (try 1/4), backing off 2.0s
2025-09-11 12:26:02,359 WARNING sell-guard: WBD SELL place 500/code100 (try 2/4), backing off 3.2s
2025-09-11 12:26:06,312 WARNING sell-guard: WBD SELL place 500/code100 (try 3/4), backing off 5.1s
2025-09-11 12:26:12,247 WARNING sell-guard: WBD SELL place 500/code100 (try 4/4), backing off 8.2s
2025-09-11 12:26:20,442 WARNING sell-guard: E*TRADE circuit OPEN for 60s due to repeated 500/code100
2025-09-11 12:26:20,445 ERROR sell-guard: WBD SELL_TARGET place failed: etrade POST /accounts/kW8LbkuGisPCK9Ey7C8iWA/orders/place.json -> 500: {'Error': {'code': 100, 'message': 'The requested service is not currently available, please try after sometime.'}}
2025-09-11 12:26:21,169 ERROR sell-guard: WBD SELL_TARGET MARKET fallback failed: etrade POST /accounts/kW8LbkuGisPCK9Ey7C8iWA/orders/place.json -> 500: {'Error': {'code': 100, 'message': 'The requested service is not currently available, please try after sometime.'}}
2025-09-11 12:26:21,170 INFO sell-guard: ⏱ heartbeat: loop alive (account=kW8LbkuGisPCK9Ey7C8iWA)
2025-09-11 12:26:21,173 INFO sell-guard: E*TRADE unstable; skipping tick (circuit open, 59s left)
2025-09-11 12:26:51,174 INFO sell-guard: ⏱ heartbeat: loop alive (account=kW8LbkuGisPCK9Ey7C8iWA)
2025-09-11 12:26:51,176 INFO sell-guard: E*TRADE unstable; skipping tick (circuit open, 29s left)
2025-09-11 12:27:21,184 INFO sell-guard: ⏱ heartbeat: loop alive (account=kW8LbkuGisPCK9Ey7C8iWA)
2025-09-11 12:27:21,710 INFO sell-guard: positions via get_positions -> 21 symbol(s)
2025-09-11 12:27:21,713 INFO sell-guard: Managing 7 symbol(s): CVS,SWKS,PCG,NCLH,IVZ,ENPH,WBD
2025-09-11 12:27:27,266 INFO sell-guard: [SG] CVS: last=74.64 entry=70.96 pnl=+519 bps (tp=200 stop=100) hold=2838m lim=74.63 free=1 -> stop=False tp=True timeout=False
2025-09-11 12:27:27,268 DEBUG sell-guard: sell window check: start=0935 end=1555 now=1227
2025-09-11 12:27:28,075 WARNING sell-guard: CVS SELL place 500/code100 (try 1/4), backing off 2.0s
2025-09-11 12:27:30,839 WARNING sell-guard: CVS SELL place 500/code100 (try 2/4), backing off 3.2s
2025-09-11 12:27:34,840 WARNING sell-guard: CVS SELL place 500/code100 (try 3/4), backing off 5.1s
2025-09-11 12:27:40,664 WARNING sell-guard: CVS SELL place 500/code100 (try 4/4), backing off 8.2s
2025-09-11 12:27:48,858 WARNING sell-guard: E*TRADE circuit OPEN for 60s due to repeated 500/code100
2025-09-11 12:27:48,859 ERROR sell-guard: CVS SELL_TARGET place failed: etrade POST /accounts/kW8LbkuGisPCK9Ey7C8iWA/orders/place.json -> 500: {'Error': {'code': 100, 'message': 'The requested service is not currently available, please try after sometime.'}}
2025-09-11 12:27:49,582 ERROR sell-guard: CVS SELL_TARGET MARKET fallback failed: etrade POST /accounts/kW8LbkuGisPCK9Ey7C8iWA/orders/place.json -> 500: {'Error': {'code': 100, 'message': 'The requested service is not currently available, please try after sometime.'}}
2025-09-11 12:27:53,446 INFO sell-guard: [SG] SWKS: last=73.04 entry=76.23 pnl=-418 bps (tp=200 stop=100) hold=2827m lim=73.04 free=1 -> stop=True tp=False timeout=False
2025-09-11 12:27:53,450 DEBUG sell-guard: sell window check: start=0935 end=1555 now=1227
2025-09-11 12:27:54,178 ERROR sell-guard: SWKS ARM HARD STOP failed: etrade POST /accounts/kW8LbkuGisPCK9Ey7C8iWA/orders/place.json -> 500: {'Error': {'code': 100, 'message': 'The requested service is not currently available, please try after sometime.'}}
2025-09-11 12:27:55,024 ERROR sell-guard: SWKS STOP MARKET fallback failed: etrade POST /accounts/kW8LbkuGisPCK9Ey7C8iWA/orders/place.json -> 500: {'Error': {'code': 100, 'message': 'The requested service is not currently available, please try after sometime.'}}
2025-09-11 12:27:58,201 INFO sell-guard: [SG] PCG: last=15.39 entry=14.86 pnl=+360 bps (tp=200 stop=100) hold=2814m lim=15.39 free=1 -> stop=False tp=True timeout=False
2025-09-11 12:27:58,203 DEBUG sell-guard: sell window check: start=0935 end=1555 now=1227
2025-09-11 12:27:58,919 WARNING sell-guard: PCG SELL place 500/code100 (try 1/4), backing off 2.0s
2025-09-11 12:28:01,663 WARNING sell-guard: PCG SELL place 500/code100 (try 2/4), backing off 3.2s
2025-09-11 12:28:05,682 WARNING sell-guard: PCG SELL place 500/code100 (try 3/4), backing off 5.1s
2025-09-11 12:28:11,535 WARNING sell-guard: PCG SELL place 500/code100 (try 4/4), backing off 8.2s
2025-09-11 12:28:19,729 WARNING sell-guard: E*TRADE circuit OPEN for 60s due to repeated 500/code100
2025-09-11 12:28:19,729 ERROR sell-guard: PCG SELL_TARGET place failed: etrade POST /accounts/kW8LbkuGisPCK9Ey7C8iWA/orders/place.json -> 500: {'Error': {'code': 100, 'message': 'The requested service is not currently available, please try after sometime.'}}
2025-09-11 12:28:20,528 ERROR sell-guard: PCG SELL_TARGET MARKET fallback failed: etrade POST /accounts/kW8LbkuGisPCK9Ey7C8iWA/orders/place.json -> 500: {'Error': {'code': 100, 'message': 'The requested service is not currently available, please try after sometime.'}}
2025-09-11 12:28:23,747 INFO sell-guard: [SG] NCLH: last=26.77 entry=25.25 pnl=+601 bps (tp=200 stop=100) hold=2841m lim=26.76 free=3 -> stop=False tp=True timeout=False
2025-09-11 12:28:23,748 DEBUG sell-guard: sell window check: start=0935 end=1555 now=1228
2025-09-11 12:28:24,539 WARNING sell-guard: NCLH SELL place 500/code100 (try 1/4), backing off 2.0s
2025-09-11 12:28:27,274 WARNING sell-guard: NCLH SELL place 500/code100 (try 2/4), backing off 3.2s
2025-09-11 12:28:31,203 WARNING sell-guard: NCLH SELL place 500/code100 (try 3/4), backing off 5.1s
2025-09-11 12:28:37,060 WARNING sell-guard: NCLH SELL place 500/code100 (try 4/4), backing off 8.2s
2025-09-11 12:28:45,253 WARNING sell-guard: E*TRADE circuit OPEN for 60s due to repeated 500/code100
2025-09-11 12:28:45,254 ERROR sell-guard: NCLH SELL_TARGET place failed: etrade POST /accounts/kW8LbkuGisPCK9Ey7C8iWA/orders/place.json -> 500: {'Error': {'code': 100, 'message': 'The requested service is not currently available, please try after sometime.'}}
2025-09-11 12:28:45,936 ERROR sell-guard: NCLH SELL_TARGET MARKET fallback failed: etrade POST /accounts/kW8LbkuGisPCK9Ey7C8iWA/orders/place.json -> 500: {'Error': {'code': 100, 'message': 'The requested service is not currently available, please try after sometime.'}}
2025-09-11 12:28:49,086 INFO sell-guard: [SG] IVZ: last=22.49 entry=22.35 pnl=+60 bps (tp=200 stop=100) hold=2862m lim=22.48 free=4 -> stop=False tp=False timeout=False
2025-09-11 12:28:49,089 DEBUG sell-guard: sell window check: start=0935 end=1555 now=1228
2025-09-11 12:28:52,085 INFO sell-guard: [SG] ENPH: last=38.78 entry=39.06 pnl=-72 bps (tp=200 stop=100) hold=2855m lim=38.76 free=2 -> stop=False tp=False timeout=False
2025-09-11 12:28:52,086 DEBUG sell-guard: sell window check: start=0935 end=1555 now=1228
2025-09-11 12:28:55,111 INFO sell-guard: [SG] WBD: last=13.43 entry=12.21 pnl=+995 bps (tp=200 stop=100) hold=4103m lim=13.42 free=1 -> stop=False tp=True timeout=False
2025-09-11 12:28:55,113 DEBUG sell-guard: sell window check: start=0935 end=1555 now=1228
2025-09-11 12:28:55,814 WARNING sell-guard: WBD SELL place 500/code100 (try 1/4), backing off 2.0s
2025-09-11 12:28:58,588 WARNING sell-guard: WBD SELL place 500/code100 (try 2/4), backing off 3.2s
2025-09-11 12:29:02,579 WARNING sell-guard: WBD SELL place 500/code100 (try 3/4), backing off 5.1s
2025-09-11 12:29:08,466 WARNING sell-guard: WBD SELL place 500/code100 (try 4/4), backing off 8.2s
2025-09-11 12:29:16,668 WARNING sell-guard: E*TRADE circuit OPEN for 60s due to repeated 500/code100
2025-09-11 12:29:16,714 ERROR sell-guard: WBD SELL_TARGET place failed: etrade POST /accounts/kW8LbkuGisPCK9Ey7C8iWA/orders/place.json -> 500: {'Error': {'code': 100, 'message': 'The requested service is not currently available, please try after sometime.'}}
2025-09-11 12:29:17,478 ERROR sell-guard: WBD SELL_TARGET MARKET fallback failed: etrade POST /accounts/kW8LbkuGisPCK9Ey7C8iWA/orders/place.json -> 500: {'Error': {'code': 100, 'message': 'The requested service is not currently available, please try after sometime.'}}
2025-09-11 12:29:17,480 INFO sell-guard: ⏱ heartbeat: loop alive (account=kW8LbkuGisPCK9Ey7C8iWA)
2025-09-11 12:29:17,485 INFO sell-guard: E*TRADE unstable; skipping tick (circuit open, 59s left)
2025-09-11 12:29:47,487 INFO sell-guard: ⏱ heartbeat: loop alive (account=kW8LbkuGisPCK9Ey7C8iWA)
2025-09-11 12:29:47,488 INFO sell-guard: E*TRADE unstable; skipping tick (circuit open, 29s left)
2025-09-11 12:30:17,497 INFO sell-guard: ⏱ heartbeat: loop alive (account=kW8LbkuGisPCK9Ey7C8iWA)
2025-09-11 12:30:18,213 INFO sell-guard: positions via get_positions -> 21 symbol(s)
2025-09-11 12:30:18,215 INFO sell-guard: Managing 7 symbol(s): CVS,SWKS,PCG,NCLH,IVZ,ENPH,WBD
2025-09-11 12:30:23,327 INFO sell-guard: [SG] CVS: last=74.70 entry=70.96 pnl=+527 bps (tp=200 stop=100) hold=2841m lim=74.69 free=1 -> stop=False tp=True timeout=False
2025-09-11 12:30:23,328 DEBUG sell-guard: sell window check: start=0935 end=1555 now=1230
2025-09-11 12:30:24,115 WARNING sell-guard: CVS SELL place 500/code100 (try 1/4), backing off 2.0s
2025-09-11 12:30:26,836 WARNING sell-guard: CVS SELL place 500/code100 (try 2/4), backing off 3.2s
2025-09-11 12:30:30,775 WARNING sell-guard: CVS SELL place 500/code100 (try 3/4), backing off 5.1s
2025-09-11 12:30:36,691 WARNING sell-guard: CVS SELL place 500/code100 (try 4/4), backing off 8.2s
2025-09-11 12:30:46,757 WARNING sell-guard: E*TRADE circuit OPEN for 60s due to repeated 500/code100
2025-09-11 12:30:46,758 ERROR sell-guard: CVS SELL_TARGET place failed: etrade POST /accounts/kW8LbkuGisPCK9Ey7C8iWA/orders/place.json -> 500: {'Error': {'code': 100, 'message': 'The requested service is not currently available, please try after sometime.'}}
2025-09-11 12:30:47,533 ERROR sell-guard: CVS SELL_TARGET MARKET fallback failed: etrade POST /accounts/kW8LbkuGisPCK9Ey7C8iWA/orders/place.json -> 500: {'Error': {'code': 100, 'message': 'The requested service is not currently available, please try after sometime.'}}
2025-09-11 12:30:50,674 INFO sell-guard: [SG] SWKS: last=73.10 entry=76.23 pnl=-411 bps (tp=200 stop=100) hold=2830m lim=73.11 free=1 -> stop=True tp=False timeout=False
2025-09-11 12:30:50,675 DEBUG sell-guard: sell window check: start=0935 end=1555 now=1230
2025-09-11 12:30:50,833 ERROR sell-guard: SWKS ARM HARD STOP failed: etrade POST /accounts/kW8LbkuGisPCK9Ey7C8iWA/orders/preview.json -> 400: {'Error': {'code': 2084, 'message': 'IMPORTANT: The stop price must be at least $0.01 below the current bid price for sell orders ($0.01 below the most recent closing price if the market is closed). Please adjust the stop price and resubmit your order.'}}
2025-09-11 12:30:53,907 INFO sell-guard: [SG] PCG: last=15.36 entry=14.86 pnl=+333 bps (tp=200 stop=100) hold=2817m lim=15.35 free=1 -> stop=False tp=True timeout=False
2025-09-11 12:30:53,912 DEBUG sell-guard: sell window check: start=0935 end=1555 now=1230
2025-09-11 12:30:54,608 WARNING sell-guard: PCG SELL place 500/code100 (try 1/4), backing off 2.0s
2025-09-11 12:30:57,369 WARNING sell-guard: PCG SELL place 500/code100 (try 2/4), backing off 3.2s
2025-09-11 12:31:01,315 WARNING sell-guard: PCG SELL place 500/code100 (try 3/4), backing off 5.1s
2025-09-11 12:31:07,220 WARNING sell-guard: PCG SELL place 500/code100 (try 4/4), backing off 8.2s
2025-09-11 12:31:15,414 WARNING sell-guard: E*TRADE circuit OPEN for 60s due to repeated 500/code100
2025-09-11 12:31:15,415 ERROR sell-guard: PCG SELL_TARGET place failed: etrade POST /accounts/kW8LbkuGisPCK9Ey7C8iWA/orders/place.json -> 500: {'Error': {'code': 100, 'message': 'The requested service is not currently available, please try after sometime.'}}
2025-09-11 12:31:16,218 ERROR sell-guard: PCG SELL_TARGET MARKET fallback failed: etrade POST /accounts/kW8LbkuGisPCK9Ey7C8iWA/orders/place.json -> 500: {'Error': {'code': 100, 'message': 'The requested service is not currently available, please try after sometime.'}}
2025-09-11 12:31:18,658 INFO sell-guard: [SG] NCLH: last=26.71 entry=25.25 pnl=+581 bps (tp=200 stop=100) hold=? lim=26.71 free=3 -> stop=False tp=True timeout=False
2025-09-11 12:31:18,660 DEBUG sell-guard: sell window check: start=0935 end=1555 now=1231
2025-09-11 12:31:19,405 WARNING sell-guard: NCLH SELL place 500/code100 (try 1/4), backing off 2.0s
2025-09-11 12:31:22,185 WARNING sell-guard: NCLH SELL place 500/code100 (try 2/4), backing off 3.2s
2025-09-11 12:31:26,618 WARNING sell-guard: NCLH SELL place 500/code100 (try 3/4), backing off 5.1s
2025-09-11 12:31:32,561 WARNING sell-guard: NCLH SELL place 500/code100 (try 4/4), backing off 8.2s
2025-09-11 12:31:40,754 WARNING sell-guard: E*TRADE circuit OPEN for 60s due to repeated 500/code100
2025-09-11 12:31:40,754 ERROR sell-guard: NCLH SELL_TARGET place failed: etrade POST /accounts/kW8LbkuGisPCK9Ey7C8iWA/orders/place.json -> 500: {'Error': {'code': 100, 'message': 'The requested service is not currently available, please try after sometime.'}}
2025-09-11 12:31:41,524 ERROR sell-guard: NCLH SELL_TARGET MARKET fallback failed: etrade POST /accounts/kW8LbkuGisPCK9Ey7C8iWA/orders/place.json -> 500: {'Error': {'code': 100, 'message': 'The requested service is not currently available, please try after sometime.'}}
2025-09-11 12:31:44,577 INFO sell-guard: [SG] IVZ: last=22.46 entry=22.35 pnl=+51 bps (tp=200 stop=100) hold=2865m lim=22.47 free=4 -> stop=False tp=False timeout=False
2025-09-11 12:31:44,578 DEBUG sell-guard: sell window check: start=0935 end=1555 now=1231
2025-09-11 12:31:47,797 INFO sell-guard: [SG] ENPH: last=38.94 entry=39.06 pnl=-31 bps (tp=200 stop=100) hold=2858m lim=38.92 free=2 -> stop=False tp=False timeout=False
2025-09-11 12:31:47,798 DEBUG sell-guard: sell window check: start=0935 end=1555 now=1231
2025-09-11 12:31:50,860 INFO sell-guard: [SG] WBD: last=13.39 entry=12.21 pnl=+971 bps (tp=200 stop=100) hold=4105m lim=13.39 free=1 -> stop=False tp=True timeout=False
2025-09-11 12:31:50,862 DEBUG sell-guard: sell window check: start=0935 end=1555 now=1231
2025-09-11 12:31:51,545 WARNING sell-guard: WBD SELL place 500/code100 (try 1/4), backing off 2.0s
2025-09-11 12:31:54,330 WARNING sell-guard: WBD SELL place 500/code100 (try 2/4), backing off 3.2s
2025-09-11 12:31:58,298 WARNING sell-guard: WBD SELL place 500/code100 (try 3/4), backing off 5.1s
2025-09-11 12:32:04,170 WARNING sell-guard: WBD SELL place 500/code100 (try 4/4), backing off 8.2s
2025-09-11 12:32:12,364 WARNING sell-guard: E*TRADE circuit OPEN for 60s due to repeated 500/code100
2025-09-11 12:32:12,364 ERROR sell-guard: WBD SELL_TARGET place failed: etrade POST /accounts/kW8LbkuGisPCK9Ey7C8iWA/orders/place.json -> 500: {'Error': {'code': 100, 'message': 'The requested service is not currently available, please try after sometime.'}}
2025-09-11 12:32:13,118 ERROR sell-guard: WBD SELL_TARGET MARKET fallback failed: etrade POST /accounts/kW8LbkuGisPCK9Ey7C8iWA/orders/place.json -> 500: {'Error': {'code': 100, 'message': 'The requested service is not currently available, please try after sometime.'}}
2025-09-11 12:32:13,120 INFO sell-guard: ⏱ heartbeat: loop alive (account=kW8LbkuGisPCK9Ey7C8iWA)
2025-09-11 12:32:13,125 INFO sell-guard: E*TRADE unstable; skipping tick (circuit open, 59s left)
2025-09-11 12:32:43,127 INFO sell-guard: ⏱ heartbeat: loop alive (account=kW8LbkuGisPCK9Ey7C8iWA)
2025-09-11 12:32:43,127 INFO sell-guard: E*TRADE unstable; skipping tick (circuit open, 29s left)
2025-09-11 12:33:13,131 INFO sell-guard: ⏱ heartbeat: loop alive (account=kW8LbkuGisPCK9Ey7C8iWA)
2025-09-11 12:33:13,667 INFO sell-guard: positions via get_positions -> 21 symbol(s)
2025-09-11 12:33:13,669 INFO sell-guard: Managing 7 symbol(s): CVS,SWKS,PCG,NCLH,IVZ,ENPH,WBD
2025-09-11 12:33:19,800 INFO sell-guard: [SG] CVS: last=74.61 entry=70.96 pnl=+514 bps (tp=200 stop=100) hold=2844m lim=74.60 free=1 -> stop=False tp=True timeout=False
2025-09-11 12:33:19,802 DEBUG sell-guard: sell window check: start=0935 end=1555 now=1233
2025-09-11 12:33:20,626 WARNING sell-guard: CVS SELL place 500/code100 (try 1/4), backing off 2.0s
2025-09-11 12:33:23,308 WARNING sell-guard: CVS SELL place 500/code100 (try 2/4), backing off 3.2s
2025-09-11 12:33:27,263 WARNING sell-guard: CVS SELL place 500/code100 (try 3/4), backing off 5.1s
2025-09-11 12:33:33,082 WARNING sell-guard: CVS SELL place 500/code100 (try 4/4), backing off 8.2s
2025-09-11 12:33:41,276 WARNING sell-guard: E*TRADE circuit OPEN for 60s due to repeated 500/code100
2025-09-11 12:33:41,276 ERROR sell-guard: CVS SELL_TARGET place failed: etrade POST /accounts/kW8LbkuGisPCK9Ey7C8iWA/orders/place.json -> 500: {'Error': {'code': 100, 'message': 'The requested service is not currently available, please try after sometime.'}}
2025-09-11 12:33:42,123 ERROR sell-guard: CVS SELL_TARGET MARKET fallback failed: etrade POST /accounts/kW8LbkuGisPCK9Ey7C8iWA/orders/place.json -> 500: {'Error': {'code': 100, 'message': 'The requested service is not currently available, please try after sometime.'}}
2025-09-11 12:33:45,337 INFO sell-guard: [SG] SWKS: last=73.06 entry=76.23 pnl=-416 bps (tp=200 stop=100) hold=2833m lim=72.99 free=1 -> stop=True tp=False timeout=False
2025-09-11 12:33:45,338 DEBUG sell-guard: sell window check: start=0935 end=1555 now=1233
2025-09-11 12:33:46,144 ERROR sell-guard: SWKS ARM HARD STOP failed: etrade POST /accounts/kW8LbkuGisPCK9Ey7C8iWA/orders/place.json -> 500: {'Error': {'code': 100, 'message': 'The requested service is not currently available, please try after sometime.'}}
2025-09-11 12:33:47,034 ERROR sell-guard: SWKS STOP MARKET fallback failed: etrade POST /accounts/kW8LbkuGisPCK9Ey7C8iWA/orders/place.json -> 500: {'Error': {'code': 100, 'message': 'The requested service is not currently available, please try after sometime.'}}
2025-09-11 12:33:49,977 INFO sell-guard: [SG] PCG: last=15.31 entry=14.86 pnl=+306 bps (tp=200 stop=100) hold=2820m lim=15.31 free=1 -> stop=False tp=True timeout=False
2025-09-11 12:33:49,979 DEBUG sell-guard: sell window check: start=0935 end=1555 now=1233
2025-09-11 12:33:50,711 WARNING sell-guard: PCG SELL place 500/code100 (try 1/4), backing off 2.0s
2025-09-11 12:33:53,492 WARNING sell-guard: PCG SELL place 500/code100 (try 2/4), backing off 3.2s
2025-09-11 12:33:57,510 WARNING sell-guard: PCG SELL place 500/code100 (try 3/4), backing off 5.1s
2025-09-11 12:34:03,352 WARNING sell-guard: PCG SELL place 500/code100 (try 4/4), backing off 8.2s
2025-09-11 12:34:11,547 WARNING sell-guard: E*TRADE circuit OPEN for 60s due to repeated 500/code100
2025-09-11 12:34:11,547 ERROR sell-guard: PCG SELL_TARGET place failed: etrade POST /accounts/kW8LbkuGisPCK9Ey7C8iWA/orders/place.json -> 500: {'Error': {'code': 100, 'message': 'The requested service is not currently available, please try after sometime.'}}
2025-09-11 12:34:12,173 ERROR sell-guard: PCG SELL_TARGET MARKET fallback failed: etrade POST /accounts/kW8LbkuGisPCK9Ey7C8iWA/orders/place.json -> 500: {'Error': {'code': 100, 'message': 'The requested service is not currently available, please try after sometime.'}}
2025-09-11 12:34:15,379 INFO sell-guard: [SG] NCLH: last=26.68 entry=25.25 pnl=+569 bps (tp=200 stop=100) hold=2847m lim=26.68 free=3 -> stop=False tp=True timeout=False
2025-09-11 12:34:15,380 DEBUG sell-guard: sell window check: start=0935 end=1555 now=1234
2025-09-11 12:34:16,147 WARNING sell-guard: NCLH SELL place 500/code100 (try 1/4), backing off 2.0s
2025-09-11 12:34:18,815 WARNING sell-guard: NCLH SELL place 500/code100 (try 2/4), backing off 3.2s
2025-09-11 12:34:22,800 WARNING sell-guard: NCLH SELL place 500/code100 (try 3/4), backing off 5.1s
2025-09-11 12:34:28,671 WARNING sell-guard: NCLH SELL place 500/code100 (try 4/4), backing off 8.2s
2025-09-11 12:34:36,871 WARNING sell-guard: E*TRADE circuit OPEN for 60s due to repeated 500/code100
2025-09-11 12:34:36,889 ERROR sell-guard: NCLH SELL_TARGET place failed: etrade POST /accounts/kW8LbkuGisPCK9Ey7C8iWA/orders/place.json -> 500: {'Error': {'code': 100, 'message': 'The requested service is not currently available, please try after sometime.'}}
2025-09-11 12:34:37,963 ERROR sell-guard: NCLH SELL_TARGET MARKET fallback failed: etrade POST /accounts/kW8LbkuGisPCK9Ey7C8iWA/orders/place.json -> 500: {'Error': {'code': 100, 'message': 'The requested service is not currently available, please try after sometime.'}}
2025-09-11 12:34:41,050 INFO sell-guard: [SG] IVZ: last=22.46 entry=22.35 pnl=+51 bps (tp=200 stop=100) hold=2868m lim=22.46 free=4 -> stop=False tp=False timeout=False
2025-09-11 12:34:41,051 DEBUG sell-guard: sell window check: start=0935 end=1555 now=1234
2025-09-11 12:34:43,982 INFO sell-guard: [SG] ENPH: last=38.77 entry=39.06 pnl=-74 bps (tp=200 stop=100) hold=2861m lim=38.77 free=2 -> stop=False tp=False timeout=False
2025-09-11 12:34:43,985 DEBUG sell-guard: sell window check: start=0935 end=1555 now=1234
2025-09-11 12:34:46,990 INFO sell-guard: [SG] WBD: last=13.37 entry=12.21 pnl=+946 bps (tp=200 stop=100) hold=4108m lim=13.36 free=1 -> stop=False tp=True timeout=False
2025-09-11 12:34:46,992 DEBUG sell-guard: sell window check: start=0935 end=1555 now=1234
2025-09-11 12:34:47,653 WARNING sell-guard: WBD SELL place 500/code100 (try 1/4), backing off 2.0s
2025-09-11 12:34:50,330 WARNING sell-guard: WBD SELL place 500/code100 (try 2/4), backing off 3.2s
2025-09-11 12:34:54,377 WARNING sell-guard: WBD SELL place 500/code100 (try 3/4), backing off 5.1s
2025-09-11 12:35:00,237 WARNING sell-guard: WBD SELL place 500/code100 (try 4/4), backing off 8.2s
2025-09-11 12:35:08,431 WARNING sell-guard: E*TRADE circuit OPEN for 60s due to repeated 500/code100
2025-09-11 12:35:08,432 ERROR sell-guard: WBD SELL_TARGET place failed: etrade POST /accounts/kW8LbkuGisPCK9Ey7C8iWA/orders/place.json -> 500: {'Error': {'code': 100, 'message': 'The requested service is not currently available, please try after sometime.'}}
2025-09-11 12:35:09,205 ERROR sell-guard: WBD SELL_TARGET MARKET fallback failed: etrade POST /accounts/kW8LbkuGisPCK9Ey7C8iWA/orders/place.json -> 500: {'Error': {'code': 100, 'message': 'The requested service is not currently available, please try after sometime.'}}
2025-09-11 12:35:09,206 INFO sell-guard: ⏱ heartbeat: loop alive (account=kW8LbkuGisPCK9Ey7C8iWA)
2025-09-11 12:35:09,208 INFO sell-guard: E*TRADE unstable; skipping tick (circuit open, 59s left)
2025-09-11 12:35:39,209 INFO sell-guard: ⏱ heartbeat: loop alive (account=kW8LbkuGisPCK9Ey7C8iWA)
2025-09-11 12:35:39,209 INFO sell-guard: E*TRADE unstable; skipping tick (circuit open, 29s left)
2025-09-11 12:36:09,213 INFO sell-guard: ⏱ heartbeat: loop alive (account=kW8LbkuGisPCK9Ey7C8iWA)
2025-09-11 12:36:09,654 INFO sell-guard: positions via get_positions -> 21 symbol(s)
2025-09-11 12:36:09,656 INFO sell-guard: Managing 7 symbol(s): CVS,SWKS,PCG,NCLH,IVZ,ENPH,WBD
2025-09-11 12:36:15,567 INFO sell-guard: [SG] CVS: last=74.60 entry=70.96 pnl=+513 bps (tp=200 stop=100) hold=2847m lim=74.60 free=1 -> stop=False tp=True timeout=False
2025-09-11 12:36:15,569 DEBUG sell-guard: sell window check: start=0935 end=1555 now=1236
2025-09-11 12:36:16,365 WARNING sell-guard: CVS SELL place 500/code100 (try 1/4), backing off 2.0s
2025-09-11 12:36:19,061 WARNING sell-guard: CVS SELL place 500/code100 (try 2/4), backing off 3.2s
2025-09-11 12:36:22,923 WARNING sell-guard: CVS SELL place 500/code100 (try 3/4), backing off 5.1s
2025-09-11 12:36:28,852 WARNING sell-guard: CVS SELL place 500/code100 (try 4/4), backing off 8.2s
2025-09-11 12:36:37,047 WARNING sell-guard: E*TRADE circuit OPEN for 60s due to repeated 500/code100
2025-09-11 12:36:37,048 ERROR sell-guard: CVS SELL_TARGET place failed: etrade POST /accounts/kW8LbkuGisPCK9Ey7C8iWA/orders/place.json -> 500: {'Error': {'code': 100, 'message': 'The requested service is not currently available, please try after sometime.'}}
2025-09-11 12:36:37,778 ERROR sell-guard: CVS SELL_TARGET MARKET fallback failed: etrade POST /accounts/kW8LbkuGisPCK9Ey7C8iWA/orders/place.json -> 500: {'Error': {'code': 100, 'message': 'The requested service is not currently available, please try after sometime.'}}
2025-09-11 12:36:40,725 INFO sell-guard: [SG] SWKS: last=73.11 entry=76.23 pnl=-409 bps (tp=200 stop=100) hold=2836m lim=73.09 free=1 -> stop=True tp=False timeout=False
2025-09-11 12:36:40,727 DEBUG sell-guard: sell window check: start=0935 end=1555 now=1236
2025-09-11 12:36:40,893 ERROR sell-guard: SWKS ARM HARD STOP failed: etrade POST /accounts/kW8LbkuGisPCK9Ey7C8iWA/orders/preview.json -> 400: {'Error': {'code': 2084, 'message': 'IMPORTANT: The stop price must be at least $0.01 below the current bid price for sell orders ($0.01 below the most recent closing price if the market is closed). Please adjust the stop price and resubmit your order.'}}
2025-09-11 12:36:43,790 INFO sell-guard: [SG] PCG: last=15.29 entry=14.86 pnl=+293 bps (tp=200 stop=100) hold=2823m lim=15.29 free=1 -> stop=False tp=True timeout=False
2025-09-11 12:36:43,792 DEBUG sell-guard: sell window check: start=0935 end=1555 now=1236
2025-09-11 12:36:44,545 WARNING sell-guard: PCG SELL place 500/code100 (try 1/4), backing off 2.0s
2025-09-11 12:36:47,341 WARNING sell-guard: PCG SELL place 500/code100 (try 2/4), backing off 3.2s
2025-09-11 12:36:51,316 WARNING sell-guard: PCG SELL place 500/code100 (try 3/4), backing off 5.1s
2025-09-11 12:36:57,226 WARNING sell-guard: PCG SELL place 500/code100 (try 4/4), backing off 8.2s
2025-09-11 12:37:05,421 WARNING sell-guard: E*TRADE circuit OPEN for 60s due to repeated 500/code100
2025-09-11 12:37:05,422 ERROR sell-guard: PCG SELL_TARGET place failed: etrade POST /accounts/kW8LbkuGisPCK9Ey7C8iWA/orders/place.json -> 500: {'Error': {'code': 100, 'message': 'The requested service is not currently available, please try after sometime.'}}
2025-09-11 12:37:06,149 ERROR sell-guard: PCG SELL_TARGET MARKET fallback failed: etrade POST /accounts/kW8LbkuGisPCK9Ey7C8iWA/orders/place.json -> 500: {'Error': {'code': 100, 'message': 'The requested service is not currently available, please try after sometime.'}}
2025-09-11 12:37:09,259 INFO sell-guard: [SG] NCLH: last=26.70 entry=25.25 pnl=+577 bps (tp=200 stop=100) hold=2850m lim=26.70 free=3 -> stop=False tp=True timeout=False
2025-09-11 12:37:09,260 DEBUG sell-guard: sell window check: start=0935 end=1555 now=1237
2025-09-11 12:37:10,075 WARNING sell-guard: NCLH SELL place 500/code100 (try 1/4), backing off 2.0s
2025-09-11 12:37:12,756 WARNING sell-guard: NCLH SELL place 500/code100 (try 2/4), backing off 3.2s
2025-09-11 12:37:16,663 WARNING sell-guard: NCLH SELL place 500/code100 (try 3/4), backing off 5.1s
2025-09-11 12:37:22,542 WARNING sell-guard: NCLH SELL place 500/code100 (try 4/4), backing off 8.2s
2025-09-11 12:37:30,737 WARNING sell-guard: E*TRADE circuit OPEN for 60s due to repeated 500/code100
2025-09-11 12:37:30,738 ERROR sell-guard: NCLH SELL_TARGET place failed: etrade POST /accounts/kW8LbkuGisPCK9Ey7C8iWA/orders/place.json -> 500: {'Error': {'code': 100, 'message': 'The requested service is not currently available, please try after sometime.'}}
2025-09-11 12:37:31,455 ERROR sell-guard: NCLH SELL_TARGET MARKET fallback failed: etrade POST /accounts/kW8LbkuGisPCK9Ey7C8iWA/orders/place.json -> 500: {'Error': {'code': 100, 'message': 'The requested service is not currently available, please try after sometime.'}}
2025-09-11 12:37:34,256 INFO sell-guard: [SG] IVZ: last=22.44 entry=22.35 pnl=+42 bps (tp=200 stop=100) hold=2871m lim=22.44 free=4 -> stop=False tp=False timeout=False
2025-09-11 12:37:34,258 DEBUG sell-guard: sell window check: start=0935 end=1555 now=1237
2025-09-11 12:37:36,911 INFO sell-guard: [SG] ENPH: last=38.84 entry=39.06 pnl=-58 bps (tp=200 stop=100) hold=2864m lim=38.82 free=2 -> stop=False tp=False timeout=False
2025-09-11 12:37:36,912 DEBUG sell-guard: sell window check: start=0935 end=1555 now=1237
2025-09-11 12:37:39,598 INFO sell-guard: [SG] WBD: last=13.45 entry=12.21 pnl=+1016 bps (tp=200 stop=100) hold=4111m lim=13.44 free=1 -> stop=False tp=True timeout=False
2025-09-11 12:37:39,600 DEBUG sell-guard: sell window check: start=0935 end=1555 now=1237
2025-09-11 12:37:40,312 WARNING sell-guard: WBD SELL place 500/code100 (try 1/4), backing off 2.0s
2025-09-11 12:37:42,976 WARNING sell-guard: WBD SELL place 500/code100 (try 2/4), backing off 3.2s
2025-09-11 12:37:46,893 WARNING sell-guard: WBD SELL place 500/code100 (try 3/4), backing off 5.1s
2025-09-11 12:37:52,703 WARNING sell-guard: WBD SELL place 500/code100 (try 4/4), backing off 8.2s
2025-09-11 12:38:00,898 WARNING sell-guard: E*TRADE circuit OPEN for 60s due to repeated 500/code100
2025-09-11 12:38:00,898 ERROR sell-guard: WBD SELL_TARGET place failed: etrade POST /accounts/kW8LbkuGisPCK9Ey7C8iWA/orders/place.json -> 500: {'Error': {'code': 100, 'message': 'The requested service is not currently available, please try after sometime.'}}
2025-09-11 12:38:01,612 ERROR sell-guard: WBD SELL_TARGET MARKET fallback failed: etrade POST /accounts/kW8LbkuGisPCK9Ey7C8iWA/orders/place.json -> 500: {'Error': {'code': 100, 'message': 'The requested service is not currently available, please try after sometime.'}}
2025-09-11 12:38:01,615 INFO sell-guard: ⏱ heartbeat: loop alive (account=kW8LbkuGisPCK9Ey7C8iWA)
2025-09-11 12:38:01,619 INFO sell-guard: E*TRADE unstable; skipping tick (circuit open, 59s left)
2025-09-11 14:38:53,497 INFO sell-guard: config source: C:\TradeAlerts\sell_guard_settings.json
2025-09-11 14:38:53,498 INFO sell-guard: env: ETRADE_ENV=production  PYTHONPATH=None
2025-09-11 14:38:53,498 INFO sell-guard: ⏱ heartbeat: loop alive (account=?)
2025-09-11 14:38:53,499 DEBUG sell-guard: tick: polling positions & quotes…
2025-09-11 14:38:53,899 INFO sell-guard: [LIVE] Using accountIdKey=kW8LbkuGisPCK9Ey7C8iWA
2025-09-11 14:38:53,904 INFO sell-guard: [CFG] mode=live tp=200 bps stop=100 bps max_hold=100000m limit_from=bid offset=0 bps throttle=30.0s ext_hours=False fallback=SELL_STOP,SELL_TARGET,TIMEOUT
2025-09-11 14:38:54,523 INFO sell-guard: positions via get_positions -> 21 symbol(s)
2025-09-11 14:38:54,525 INFO sell-guard: Managing 7 symbol(s): CVS,SWKS,PCG,NCLH,IVZ,ENPH,WBD
2025-09-11 14:39:00,114 INFO sell-guard: [SG] CVS: last=74.53 entry=70.96 pnl=+503 bps (tp=200 stop=100) hold=2970m lim=74.50 free=1 -> stop=False tp=True timeout=False
2025-09-11 14:39:00,116 DEBUG sell-guard: sell window check: start=0935 end=1555 now=1439
2025-09-11 14:39:01,031 WARNING sell-guard: CVS SELL place 500/code100 (try 1/4), backing off 2.0s
2025-09-11 14:39:03,972 WARNING sell-guard: CVS SELL place 500/code100 (try 2/4), backing off 3.2s
2025-09-11 14:39:07,991 WARNING sell-guard: CVS SELL place 500/code100 (try 3/4), backing off 5.1s
2025-09-11 14:39:14,197 WARNING sell-guard: CVS SELL place 500/code100 (try 4/4), backing off 8.2s
2025-09-11 14:39:22,391 WARNING sell-guard: E*TRADE circuit OPEN for 60s due to repeated 500/code100
2025-09-11 14:39:22,392 WARNING sell-guard: CVS SELL place 500/code100 (try 1/4), backing off 2.0s
2025-09-11 14:39:25,310 WARNING sell-guard: CVS SELL place 500/code100 (try 1/4), backing off 2.0s
2025-09-11 14:39:28,149 WARNING sell-guard: CVS SELL place 500/code100 (try 2/4), backing off 3.2s
2025-09-11 14:39:32,489 WARNING sell-guard: CVS SELL place 500/code100 (try 3/4), backing off 5.1s
2025-09-11 14:39:38,421 WARNING sell-guard: CVS SELL place 500/code100 (try 4/4), backing off 8.2s
2025-09-11 14:39:46,615 WARNING sell-guard: E*TRADE circuit OPEN for 60s due to repeated 500/code100
2025-09-11 14:39:46,616 WARNING sell-guard: CVS SELL place 500/code100 (try 2/4), backing off 3.2s
2025-09-11 14:39:50,734 WARNING sell-guard: CVS SELL place 500/code100 (try 1/4), backing off 2.0s
2025-09-11 14:39:53,530 WARNING sell-guard: CVS SELL place 500/code100 (try 2/4), backing off 3.2s
2025-09-11 14:39:57,553 WARNING sell-guard: CVS SELL place 500/code100 (try 3/4), backing off 5.1s
2025-09-11 14:40:04,104 WARNING sell-guard: CVS SELL place 500/code100 (try 4/4), backing off 8.2s
2025-09-11 14:40:12,298 WARNING sell-guard: E*TRADE circuit OPEN for 60s due to repeated 500/code100
2025-09-11 14:40:12,298 WARNING sell-guard: CVS SELL place 500/code100 (try 3/4), backing off 5.1s
2025-09-11 14:40:18,294 WARNING sell-guard: CVS SELL place 500/code100 (try 1/4), backing off 2.0s
2025-09-11 14:40:21,144 WARNING sell-guard: CVS SELL place 500/code100 (try 2/4), backing off 3.2s
2025-09-11 14:40:25,047 WARNING sell-guard: CVS SELL place 500/code100 (try 3/4), backing off 5.1s
2025-09-11 14:40:30,885 WARNING sell-guard: CVS SELL place 500/code100 (try 4/4), backing off 8.2s
2025-09-11 14:40:39,079 WARNING sell-guard: E*TRADE circuit OPEN for 60s due to repeated 500/code100
2025-09-11 14:40:39,083 WARNING sell-guard: CVS SELL place 500/code100 (try 4/4), backing off 8.2s
2025-09-11 14:40:47,278 WARNING sell-guard: E*TRADE circuit OPEN for 60s due to repeated 500/code100
2025-09-11 14:40:47,279 ERROR sell-guard: CVS SELL_TARGET place failed: etrade POST /accounts/kW8LbkuGisPCK9Ey7C8iWA/orders/place.json -> 500: {'Error': {'code': 100, 'message': 'The requested service is not currently available, please try after sometime.'}}
2025-09-11 14:40:48,257 WARNING sell-guard: E*TRADE circuit OPEN for 60s due to repeated 500/code100
2025-09-11 14:40:48,258 ERROR sell-guard: CVS TP SELL_TARGET MARKET fallback failed: etrade POST /accounts/kW8LbkuGisPCK9Ey7C8iWA/orders/place.json -> 500: {'Error': {'code': 100, 'message': 'The requested service is not currently available, please try after sometime.'}}
2025-09-11 14:40:51,532 INFO sell-guard: [SG] SWKS: last=73.70 entry=76.23 pnl=-331 bps (tp=200 stop=100) hold=2960m lim=73.70 free=1 -> stop=True tp=False timeout=False
2025-09-11 14:40:51,533 DEBUG sell-guard: sell window check: start=0935 end=1555 now=1440
2025-09-11 14:40:51,535 DEBUG sell-guard: SWKS stop calc: entry=76.23 bid=73.7 last=73.705 base=75.47 -> stop=73.68
2025-09-11 14:40:51,707 WARNING sell-guard: SWKS STOP 2084 -> adjusting stop from 73.68 to 73.67 and retrying once
2025-09-11 14:40:51,882 ERROR sell-guard: SWKS STOP retry-after-2084 failed: etrade POST /accounts/kW8LbkuGisPCK9Ey7C8iWA/orders/preview.json -> 400: {'Error': {'code': 2084, 'message': 'IMPORTANT: The stop price must be at least $0.01 below the current bid price for sell orders ($0.01 below the most recent closing price if the market is closed). Please adjust the stop price and resubmit your order.'}}
2025-09-11 14:40:51,894 WARNING sell-guard: SWKS STOP MARKET fallback
2025-09-11 14:40:52,731 WARNING sell-guard: E*TRADE circuit OPEN for 60s due to repeated 500/code100
2025-09-11 14:40:52,732 ERROR sell-guard: SWKS STOP MARKET fallback failed: etrade POST /accounts/kW8LbkuGisPCK9Ey7C8iWA/orders/place.json -> 500: {'Error': {'code': 100, 'message': 'The requested service is not currently available, please try after sometime.'}}
2025-09-11 14:40:56,162 INFO sell-guard: [SG] PCG: last=15.37 entry=14.86 pnl=+340 bps (tp=200 stop=100) hold=2947m lim=15.36 free=1 -> stop=False tp=True timeout=False
2025-09-11 14:40:56,164 DEBUG sell-guard: sell window check: start=0935 end=1555 now=1440
2025-09-11 14:40:57,057 WARNING sell-guard: PCG SELL place 500/code100 (try 1/4), backing off 2.0s
2025-09-11 14:40:59,986 WARNING sell-guard: PCG SELL place 500/code100 (try 2/4), backing off 3.2s
2025-09-11 14:41:04,108 WARNING sell-guard: PCG SELL place 500/code100 (try 3/4), backing off 5.1s
2025-09-11 14:41:10,135 WARNING sell-guard: PCG SELL place 500/code100 (try 4/4), backing off 8.2s
2025-09-11 14:41:18,329 WARNING sell-guard: E*TRADE circuit OPEN for 60s due to repeated 500/code100
2025-09-11 14:41:18,330 WARNING sell-guard: PCG SELL place 500/code100 (try 1/4), backing off 2.0s
2025-09-11 14:41:21,177 WARNING sell-guard: PCG SELL place 500/code100 (try 1/4), backing off 2.0s
2025-09-11 14:41:23,905 WARNING sell-guard: PCG SELL place 500/code100 (try 2/4), backing off 3.2s
2025-09-11 14:41:27,947 WARNING sell-guard: PCG SELL place 500/code100 (try 3/4), backing off 5.1s
2025-09-11 14:41:34,060 WARNING sell-guard: PCG SELL place 500/code100 (try 4/4), backing off 8.2s
2025-09-11 14:41:42,254 WARNING sell-guard: E*TRADE circuit OPEN for 60s due to repeated 500/code100
2025-09-11 14:41:42,255 WARNING sell-guard: PCG SELL place 500/code100 (try 2/4), backing off 3.2s
2025-09-11 14:41:46,351 WARNING sell-guard: PCG SELL place 500/code100 (try 1/4), backing off 2.0s
2025-09-11 14:41:49,063 WARNING sell-guard: PCG SELL place 500/code100 (try 2/4), backing off 3.2s
2025-09-11 14:41:53,090 WARNING sell-guard: PCG SELL place 500/code100 (try 3/4), backing off 5.1s
2025-09-11 14:41:59,010 WARNING sell-guard: PCG SELL place 500/code100 (try 4/4), backing off 8.2s
2025-09-11 14:42:07,695 WARNING sell-guard: E*TRADE circuit OPEN for 60s due to repeated 500/code100
2025-09-11 14:42:07,697 WARNING sell-guard: PCG SELL place 500/code100 (try 3/4), backing off 5.1s
2025-09-11 14:42:13,601 WARNING sell-guard: PCG SELL place 500/code100 (try 1/4), backing off 2.0s
2025-09-11 14:42:16,639 WARNING sell-guard: PCG SELL place 500/code100 (try 2/4), backing off 3.2s
2025-09-11 14:42:20,622 WARNING sell-guard: PCG SELL place 500/code100 (try 3/4), backing off 5.1s
2025-09-11 14:42:26,467 WARNING sell-guard: PCG SELL place 500/code100 (try 4/4), backing off 8.2s
2025-09-11 14:42:34,660 WARNING sell-guard: E*TRADE circuit OPEN for 60s due to repeated 500/code100
2025-09-11 14:42:34,660 WARNING sell-guard: PCG SELL place 500/code100 (try 4/4), backing off 8.2s
2025-09-11 14:42:42,856 WARNING sell-guard: E*TRADE circuit OPEN for 60s due to repeated 500/code100
2025-09-11 14:42:42,856 ERROR sell-guard: PCG SELL_TARGET place failed: etrade POST /accounts/kW8LbkuGisPCK9Ey7C8iWA/orders/place.json -> 500: {'Error': {'code': 100, 'message': 'The requested service is not currently available, please try after sometime.'}}
2025-09-11 14:42:43,668 WARNING sell-guard: E*TRADE circuit OPEN for 60s due to repeated 500/code100
2025-09-11 14:42:43,669 ERROR sell-guard: PCG TP SELL_TARGET MARKET fallback failed: etrade POST /accounts/kW8LbkuGisPCK9Ey7C8iWA/orders/place.json -> 500: {'Error': {'code': 100, 'message': 'The requested service is not currently available, please try after sometime.'}}
2025-09-11 14:42:47,120 INFO sell-guard: [SG] NCLH: last=26.48 entry=25.25 pnl=+486 bps (tp=200 stop=100) hold=2975m lim=26.47 free=3 -> stop=False tp=True timeout=False
2025-09-11 14:42:47,123 DEBUG sell-guard: sell window check: start=0935 end=1555 now=1442
2025-09-11 14:42:48,073 WARNING sell-guard: NCLH SELL place 500/code100 (try 1/4), backing off 2.0s
2025-09-11 14:42:50,943 WARNING sell-guard: NCLH SELL place 500/code100 (try 2/4), backing off 3.2s
2025-09-11 14:42:54,988 WARNING sell-guard: NCLH SELL place 500/code100 (try 3/4), backing off 5.1s
2025-09-11 14:43:01,047 WARNING sell-guard: NCLH SELL place 500/code100 (try 4/4), backing off 8.2s
2025-09-11 14:43:09,240 WARNING sell-guard: E*TRADE circuit OPEN for 60s due to repeated 500/code100
2025-09-11 14:43:09,241 WARNING sell-guard: NCLH SELL place 500/code100 (try 1/4), backing off 2.0s
2025-09-11 14:43:12,107 WARNING sell-guard: NCLH SELL place 500/code100 (try 1/4), backing off 2.0s
2025-09-11 14:43:14,828 WARNING sell-guard: NCLH SELL place 500/code100 (try 2/4), backing off 3.2s
2025-09-11 14:43:18,846 WARNING sell-guard: NCLH SELL place 500/code100 (try 3/4), backing off 5.1s
2025-09-11 14:43:24,769 WARNING sell-guard: NCLH SELL place 500/code100 (try 4/4), backing off 8.2s
2025-09-11 14:43:32,972 WARNING sell-guard: E*TRADE circuit OPEN for 60s due to repeated 500/code100
2025-09-11 14:43:32,973 WARNING sell-guard: NCLH SELL place 500/code100 (try 2/4), backing off 3.2s
2025-09-11 14:43:36,880 WARNING sell-guard: NCLH SELL place 500/code100 (try 1/4), backing off 2.0s
2025-09-11 14:43:39,587 WARNING sell-guard: NCLH SELL place 500/code100 (try 2/4), backing off 3.2s
2025-09-11 14:43:43,633 WARNING sell-guard: NCLH SELL place 500/code100 (try 3/4), backing off 5.1s
2025-09-11 14:43:49,517 WARNING sell-guard: NCLH SELL place 500/code100 (try 4/4), backing off 8.2s
2025-09-11 14:43:57,711 WARNING sell-guard: E*TRADE circuit OPEN for 60s due to repeated 500/code100
2025-09-11 14:43:57,712 WARNING sell-guard: NCLH SELL place 500/code100 (try 3/4), backing off 5.1s
2025-09-11 14:44:03,639 WARNING sell-guard: NCLH SELL place 500/code100 (try 1/4), backing off 2.0s
2025-09-11 14:44:06,322 WARNING sell-guard: NCLH SELL place 500/code100 (try 2/4), backing off 3.2s
2025-09-11 14:44:10,257 WARNING sell-guard: NCLH SELL place 500/code100 (try 3/4), backing off 5.1s
2025-09-11 14:44:16,101 WARNING sell-guard: NCLH SELL place 500/code100 (try 4/4), backing off 8.2s
2025-09-11 14:44:24,295 WARNING sell-guard: E*TRADE circuit OPEN for 60s due to repeated 500/code100
2025-09-11 14:44:24,296 WARNING sell-guard: NCLH SELL place 500/code100 (try 4/4), backing off 8.2s
2025-09-11 14:44:32,492 WARNING sell-guard: E*TRADE circuit OPEN for 60s due to repeated 500/code100
2025-09-11 14:44:32,493 ERROR sell-guard: NCLH SELL_TARGET place failed: etrade POST /accounts/kW8LbkuGisPCK9Ey7C8iWA/orders/place.json -> 500: {'Error': {'code': 100, 'message': 'The requested service is not currently available, please try after sometime.'}}
2025-09-11 14:44:33,217 WARNING sell-guard: E*TRADE circuit OPEN for 60s due to repeated 500/code100
2025-09-11 14:44:33,217 ERROR sell-guard: NCLH TP SELL_TARGET MARKET fallback failed: etrade POST /accounts/kW8LbkuGisPCK9Ey7C8iWA/orders/place.json -> 500: {'Error': {'code': 100, 'message': 'The requested service is not currently available, please try after sometime.'}}
2025-09-11 14:44:36,391 INFO sell-guard: [SG] IVZ: last=22.45 entry=22.35 pnl=+47 bps (tp=200 stop=100) hold=2998m lim=22.45 free=4 -> stop=False tp=False timeout=False
2025-09-11 14:44:36,392 DEBUG sell-guard: sell window check: start=0935 end=1555 now=1444
2025-09-11 14:44:39,552 INFO sell-guard: [SG] ENPH: last=38.70 entry=39.06 pnl=-92 bps (tp=200 stop=100) hold=2991m lim=38.69 free=2 -> stop=False tp=False timeout=False
2025-09-11 14:44:39,558 DEBUG sell-guard: sell window check: start=0935 end=1555 now=1444
2025-09-11 14:44:44,298 INFO sell-guard: [SG] WBD: last=15.89 entry=12.21 pnl=+3014 bps (tp=200 stop=100) hold=4238m lim=15.89 free=1 -> stop=False tp=True timeout=False
2025-09-11 14:44:44,299 DEBUG sell-guard: sell window check: start=0935 end=1555 now=1444
2025-09-11 14:44:45,079 WARNING sell-guard: WBD SELL place 500/code100 (try 1/4), backing off 2.0s
2025-09-11 14:44:47,855 WARNING sell-guard: WBD SELL place 500/code100 (try 2/4), backing off 3.2s
2025-09-11 14:44:51,759 WARNING sell-guard: WBD SELL place 500/code100 (try 3/4), backing off 5.1s
2025-09-11 14:44:57,656 WARNING sell-guard: WBD SELL place 500/code100 (try 4/4), backing off 8.2s
2025-09-11 14:45:05,850 WARNING sell-guard: E*TRADE circuit OPEN for 60s due to repeated 500/code100
2025-09-11 14:45:05,851 WARNING sell-guard: WBD SELL place 500/code100 (try 1/4), backing off 2.0s
2025-09-11 14:45:08,601 WARNING sell-guard: WBD SELL place 500/code100 (try 1/4), backing off 2.0s
2025-09-11 14:45:11,309 WARNING sell-guard: WBD SELL place 500/code100 (try 2/4), backing off 3.2s
2025-09-11 14:45:15,211 WARNING sell-guard: WBD SELL place 500/code100 (try 3/4), backing off 5.1s
2025-09-11 14:45:21,028 WARNING sell-guard: WBD SELL place 500/code100 (try 4/4), backing off 8.2s
2025-09-11 14:45:29,222 WARNING sell-guard: E*TRADE circuit OPEN for 60s due to repeated 500/code100
2025-09-11 14:45:29,223 WARNING sell-guard: WBD SELL place 500/code100 (try 2/4), backing off 3.2s
2025-09-11 14:45:33,145 WARNING sell-guard: WBD SELL place 500/code100 (try 1/4), backing off 2.0s
2025-09-11 14:45:35,995 WARNING sell-guard: WBD SELL place 500/code100 (try 2/4), backing off 3.2s
2025-09-11 14:45:39,987 WARNING sell-guard: WBD SELL place 500/code100 (try 3/4), backing off 5.1s
2025-09-11 14:45:45,833 WARNING sell-guard: WBD SELL place 500/code100 (try 4/4), backing off 8.2s
2025-09-11 14:45:54,026 WARNING sell-guard: E*TRADE circuit OPEN for 60s due to repeated 500/code100
2025-09-11 14:45:54,027 WARNING sell-guard: WBD SELL place 500/code100 (try 3/4), backing off 5.1s
2025-09-11 14:45:59,943 WARNING sell-guard: WBD SELL place 500/code100 (try 1/4), backing off 2.0s
2025-09-11 14:46:02,676 WARNING sell-guard: WBD SELL place 500/code100 (try 2/4), backing off 3.2s
2025-09-11 14:46:06,643 WARNING sell-guard: WBD SELL place 500/code100 (try 3/4), backing off 5.1s
2025-09-11 14:46:12,510 WARNING sell-guard: WBD SELL place 500/code100 (try 4/4), backing off 8.2s
2025-09-11 14:46:20,705 WARNING sell-guard: E*TRADE circuit OPEN for 60s due to repeated 500/code100
2025-09-11 14:46:20,708 WARNING sell-guard: WBD SELL place 500/code100 (try 4/4), backing off 8.2s
2025-09-11 14:46:28,903 WARNING sell-guard: E*TRADE circuit OPEN for 60s due to repeated 500/code100
2025-09-11 14:46:28,904 ERROR sell-guard: WBD SELL_TARGET place failed: etrade POST /accounts/kW8LbkuGisPCK9Ey7C8iWA/orders/place.json -> 500: {'Error': {'code': 100, 'message': 'The requested service is not currently available, please try after sometime.'}}
2025-09-11 14:46:29,654 WARNING sell-guard: E*TRADE circuit OPEN for 60s due to repeated 500/code100
2025-09-11 14:46:29,657 ERROR sell-guard: WBD TP SELL_TARGET MARKET fallback failed: etrade POST /accounts/kW8LbkuGisPCK9Ey7C8iWA/orders/place.json -> 500: {'Error': {'code': 100, 'message': 'The requested service is not currently available, please try after sometime.'}}
2025-09-11 14:46:29,665 INFO sell-guard: ⏱ heartbeat: loop alive (account=kW8LbkuGisPCK9Ey7C8iWA)
2025-09-11 14:46:29,666 INFO sell-guard: E*TRADE unstable; skipping tick (circuit open, 59s left)
2025-09-11 14:46:59,673 INFO sell-guard: ⏱ heartbeat: loop alive (account=kW8LbkuGisPCK9Ey7C8iWA)
2025-09-11 14:46:59,678 INFO sell-guard: E*TRADE unstable; skipping tick (circuit open, 29s left)
2025-09-11 14:47:29,684 INFO sell-guard: ⏱ heartbeat: loop alive (account=kW8LbkuGisPCK9Ey7C8iWA)
2025-09-11 14:47:30,181 INFO sell-guard: positions via get_positions -> 21 symbol(s)
2025-09-11 14:47:30,182 INFO sell-guard: Managing 7 symbol(s): CVS,SWKS,PCG,NCLH,IVZ,ENPH,WBD
2025-09-11 14:47:35,920 INFO sell-guard: [SG] CVS: last=74.67 entry=70.96 pnl=+524 bps (tp=200 stop=100) hold=2978m lim=74.67 free=1 -> stop=False tp=True timeout=False
2025-09-11 14:47:35,921 DEBUG sell-guard: sell window check: start=0935 end=1555 now=1447
2025-09-11 14:47:36,643 WARNING sell-guard: CVS SELL place 500/code100 (try 1/4), backing off 2.0s
2025-09-11 14:47:39,370 WARNING sell-guard: CVS SELL place 500/code100 (try 2/4), backing off 3.2s
2025-09-11 14:47:43,329 WARNING sell-guard: CVS SELL place 500/code100 (try 3/4), backing off 5.1s
2025-09-11 14:47:49,170 WARNING sell-guard: CVS SELL place 500/code100 (try 4/4), backing off 8.2s
2025-09-11 14:47:57,363 WARNING sell-guard: E*TRADE circuit OPEN for 60s due to repeated 500/code100
2025-09-11 14:47:57,364 WARNING sell-guard: CVS SELL place 500/code100 (try 1/4), backing off 2.0s
2025-09-11 14:48:00,098 WARNING sell-guard: CVS SELL place 500/code100 (try 1/4), backing off 2.0s
2025-09-11 14:48:02,863 WARNING sell-guard: CVS SELL place 500/code100 (try 2/4), backing off 3.2s
2025-09-11 14:48:06,744 WARNING sell-guard: CVS SELL place 500/code100 (try 3/4), backing off 5.1s
2025-09-11 14:48:12,553 WARNING sell-guard: CVS SELL place 500/code100 (try 4/4), backing off 8.2s
2025-09-11 14:48:20,747 WARNING sell-guard: E*TRADE circuit OPEN for 60s due to repeated 500/code100
2025-09-11 14:48:20,747 WARNING sell-guard: CVS SELL place 500/code100 (try 2/4), backing off 3.2s
2025-09-11 14:48:24,644 WARNING sell-guard: CVS SELL place 500/code100 (try 1/4), backing off 2.0s
2025-09-11 14:48:27,394 WARNING sell-guard: CVS SELL place 500/code100 (try 2/4), backing off 3.2s
2025-09-11 14:48:31,396 WARNING sell-guard: CVS SELL place 500/code100 (try 3/4), backing off 5.1s
2025-09-11 14:48:37,282 WARNING sell-guard: CVS SELL place 500/code100 (try 4/4), backing off 8.2s
2025-09-11 14:48:45,475 WARNING sell-guard: E*TRADE circuit OPEN for 60s due to repeated 500/code100
2025-09-11 14:48:45,475 WARNING sell-guard: CVS SELL place 500/code100 (try 3/4), backing off 5.1s
2025-09-11 14:48:51,287 WARNING sell-guard: CVS SELL place 500/code100 (try 1/4), backing off 2.0s
2025-09-11 14:48:53,999 WARNING sell-guard: CVS SELL place 500/code100 (try 2/4), backing off 3.2s
2025-09-11 14:48:57,872 WARNING sell-guard: CVS SELL place 500/code100 (try 3/4), backing off 5.1s
2025-09-11 14:49:03,740 WARNING sell-guard: CVS SELL place 500/code100 (try 4/4), backing off 8.2s
2025-09-11 14:49:11,933 WARNING sell-guard: E*TRADE circuit OPEN for 60s due to repeated 500/code100
2025-09-11 14:49:11,933 WARNING sell-guard: CVS SELL place 500/code100 (try 4/4), backing off 8.2s
2025-09-11 14:49:20,130 WARNING sell-guard: E*TRADE circuit OPEN for 60s due to repeated 500/code100
2025-09-11 14:49:20,132 ERROR sell-guard: CVS SELL_TARGET place failed: etrade POST /accounts/kW8LbkuGisPCK9Ey7C8iWA/orders/place.json -> 500: {'Error': {'code': 100, 'message': 'The requested service is not currently available, please try after sometime.'}}
2025-09-11 14:49:20,976 WARNING sell-guard: E*TRADE circuit OPEN for 60s due to repeated 500/code100
2025-09-11 14:49:21,341 ERROR sell-guard: CVS TP SELL_TARGET MARKET fallback failed: etrade POST /accounts/kW8LbkuGisPCK9Ey7C8iWA/orders/place.json -> 500: {'Error': {'code': 100, 'message': 'The requested service is not currently available, please try after sometime.'}}
2025-09-11 14:49:24,098 INFO sell-guard: [SG] SWKS: last=73.67 entry=76.23 pnl=-336 bps (tp=200 stop=100) hold=2969m lim=73.66 free=1 -> stop=True tp=False timeout=False
2025-09-11 14:49:24,112 DEBUG sell-guard: sell window check: start=0935 end=1555 now=1449
2025-09-11 14:49:24,119 DEBUG sell-guard: SWKS stop calc: entry=76.23 bid=73.66 last=73.67 base=75.47 -> stop=73.64
2025-09-11 14:49:24,826 WARNING sell-guard: SWKS STOP MARKET fallback
2025-09-11 14:49:25,492 WARNING sell-guard: E*TRADE circuit OPEN for 60s due to repeated 500/code100
2025-09-11 14:49:25,493 ERROR sell-guard: SWKS STOP MARKET fallback failed: etrade POST /accounts/kW8LbkuGisPCK9Ey7C8iWA/orders/place.json -> 500: {'Error': {'code': 100, 'message': 'The requested service is not currently available, please try after sometime.'}}
2025-09-11 14:49:28,200 INFO sell-guard: [SG] PCG: last=15.38 entry=14.86 pnl=+353 bps (tp=200 stop=100) hold=2955m lim=15.38 free=1 -> stop=False tp=True timeout=False
2025-09-11 14:49:28,201 DEBUG sell-guard: sell window check: start=0935 end=1555 now=1449
2025-09-11 14:49:28,848 WARNING sell-guard: PCG SELL place 500/code100 (try 1/4), backing off 2.0s
2025-09-11 14:49:31,690 WARNING sell-guard: PCG SELL place 500/code100 (try 2/4), backing off 3.2s
2025-09-11 14:49:35,569 WARNING sell-guard: PCG SELL place 500/code100 (try 3/4), backing off 5.1s
2025-09-11 14:49:41,361 WARNING sell-guard: PCG SELL place 500/code100 (try 4/4), backing off 8.2s
2025-09-11 14:49:49,555 WARNING sell-guard: E*TRADE circuit OPEN for 60s due to repeated 500/code100
2025-09-11 14:49:49,555 WARNING sell-guard: PCG SELL place 500/code100 (try 1/4), backing off 2.0s
2025-09-11 14:49:52,248 WARNING sell-guard: PCG SELL place 500/code100 (try 1/4), backing off 2.0s
2025-09-11 14:49:54,940 WARNING sell-guard: PCG SELL place 500/code100 (try 2/4), backing off 3.2s
2025-09-11 14:49:58,800 WARNING sell-guard: PCG SELL place 500/code100 (try 3/4), backing off 5.1s
2025-09-11 14:50:04,600 WARNING sell-guard: PCG SELL place 500/code100 (try 4/4), backing off 8.2s
2025-09-11 14:50:12,794 WARNING sell-guard: E*TRADE circuit OPEN for 60s due to repeated 500/code100
2025-09-11 14:50:12,799 WARNING sell-guard: PCG SELL place 500/code100 (try 2/4), backing off 3.2s
2025-09-11 14:50:16,653 WARNING sell-guard: PCG SELL place 500/code100 (try 1/4), backing off 2.0s
2025-09-11 14:50:19,309 WARNING sell-guard: PCG SELL place 500/code100 (try 2/4), backing off 3.2s
2025-09-11 14:50:23,170 WARNING sell-guard: PCG SELL place 500/code100 (try 3/4), backing off 5.1s
2025-09-11 14:50:29,059 WARNING sell-guard: PCG SELL place 500/code100 (try 4/4), backing off 8.2s
2025-09-11 14:50:37,253 WARNING sell-guard: E*TRADE circuit OPEN for 60s due to repeated 500/code100
2025-09-11 14:50:37,253 WARNING sell-guard: PCG SELL place 500/code100 (try 3/4), backing off 5.1s
2025-09-11 14:50:43,112 WARNING sell-guard: PCG SELL place 500/code100 (try 1/4), backing off 2.0s
2025-09-11 14:50:45,817 WARNING sell-guard: PCG SELL place 500/code100 (try 2/4), backing off 3.2s
2025-09-11 14:50:49,718 WARNING sell-guard: PCG SELL place 500/code100 (try 3/4), backing off 5.1s
2025-09-11 14:50:55,603 WARNING sell-guard: PCG SELL place 500/code100 (try 4/4), backing off 8.2s
2025-09-11 14:51:03,809 WARNING sell-guard: E*TRADE circuit OPEN for 60s due to repeated 500/code100
2025-09-11 14:51:03,810 WARNING sell-guard: PCG SELL place 500/code100 (try 4/4), backing off 8.2s
2025-09-11 14:51:12,005 WARNING sell-guard: E*TRADE circuit OPEN for 60s due to repeated 500/code100
2025-09-11 14:51:12,006 ERROR sell-guard: PCG SELL_TARGET place failed: etrade POST /accounts/kW8LbkuGisPCK9Ey7C8iWA/orders/place.json -> 500: {'Error': {'code': 100, 'message': 'The requested service is not currently available, please try after sometime.'}}
2025-09-11 14:51:12,684 WARNING sell-guard: E*TRADE circuit OPEN for 60s due to repeated 500/code100
2025-09-11 14:51:12,686 ERROR sell-guard: PCG TP SELL_TARGET MARKET fallback failed: etrade POST /accounts/kW8LbkuGisPCK9Ey7C8iWA/orders/place.json -> 500: {'Error': {'code': 100, 'message': 'The requested service is not currently available, please try after sometime.'}}
2025-09-11 14:51:15,595 INFO sell-guard: [SG] NCLH: last=26.48 entry=25.25 pnl=+486 bps (tp=200 stop=100) hold=2984m lim=26.47 free=3 -> stop=False tp=True timeout=False
2025-09-11 14:51:15,595 DEBUG sell-guard: sell window check: start=0935 end=1555 now=1451
2025-09-11 14:51:16,329 WARNING sell-guard: NCLH SELL place 500/code100 (try 1/4), backing off 2.0s
2025-09-11 14:51:19,052 WARNING sell-guard: NCLH SELL place 500/code100 (try 2/4), backing off 3.2s
2025-09-11 14:51:22,947 WARNING sell-guard: NCLH SELL place 500/code100 (try 3/4), backing off 5.1s
2025-09-11 14:51:28,691 WARNING sell-guard: NCLH SELL place 500/code100 (try 4/4), backing off 8.2s
2025-09-11 14:51:36,886 WARNING sell-guard: E*TRADE circuit OPEN for 60s due to repeated 500/code100
2025-09-11 14:51:36,886 WARNING sell-guard: NCLH SELL place 500/code100 (try 1/4), backing off 2.0s
2025-09-11 14:51:39,537 WARNING sell-guard: NCLH SELL place 500/code100 (try 1/4), backing off 2.0s
2025-09-11 14:51:42,584 WARNING sell-guard: NCLH SELL place 500/code100 (try 2/4), backing off 3.2s
2025-09-11 14:51:46,426 WARNING sell-guard: NCLH SELL place 500/code100 (try 3/4), backing off 5.1s
2025-09-11 14:51:52,196 WARNING sell-guard: NCLH SELL place 500/code100 (try 4/4), backing off 8.2s
2025-09-11 14:52:00,390 WARNING sell-guard: E*TRADE circuit OPEN for 60s due to repeated 500/code100
2025-09-11 14:52:00,390 WARNING sell-guard: NCLH SELL place 500/code100 (try 2/4), backing off 3.2s
2025-09-11 14:52:04,253 WARNING sell-guard: NCLH SELL place 500/code100 (try 1/4), backing off 2.0s
2025-09-11 14:52:06,996 WARNING sell-guard: NCLH SELL place 500/code100 (try 2/4), backing off 3.2s
2025-09-11 14:52:10,923 WARNING sell-guard: NCLH SELL place 500/code100 (try 3/4), backing off 5.1s
2025-09-11 14:52:16,699 WARNING sell-guard: NCLH SELL place 500/code100 (try 4/4), backing off 8.2s
2025-09-11 14:52:24,894 WARNING sell-guard: E*TRADE circuit OPEN for 60s due to repeated 500/code100
2025-09-11 14:52:24,894 WARNING sell-guard: NCLH SELL place 500/code100 (try 3/4), backing off 5.1s
2025-09-11 14:52:30,689 WARNING sell-guard: NCLH SELL place 500/code100 (try 1/4), backing off 2.0s
2025-09-11 14:52:33,371 WARNING sell-guard: NCLH SELL place 500/code100 (try 2/4), backing off 3.2s
2025-09-11 14:52:37,253 WARNING sell-guard: NCLH SELL place 500/code100 (try 3/4), backing off 5.1s
2025-09-11 14:52:42,979 WARNING sell-guard: NCLH SELL place 500/code100 (try 4/4), backing off 8.2s
2025-09-11 14:52:51,173 WARNING sell-guard: E*TRADE circuit OPEN for 60s due to repeated 500/code100
2025-09-11 14:52:51,174 WARNING sell-guard: NCLH SELL place 500/code100 (try 4/4), backing off 8.2s
2025-09-11 14:52:59,372 WARNING sell-guard: E*TRADE circuit OPEN for 60s due to repeated 500/code100
2025-09-11 14:52:59,381 ERROR sell-guard: NCLH SELL_TARGET place failed: etrade POST /accounts/kW8LbkuGisPCK9Ey7C8iWA/orders/place.json -> 500: {'Error': {'code': 100, 'message': 'The requested service is not currently available, please try after sometime.'}}
2025-09-11 14:53:00,087 WARNING sell-guard: E*TRADE circuit OPEN for 60s due to repeated 500/code100
2025-09-11 14:53:00,088 ERROR sell-guard: NCLH TP SELL_TARGET MARKET fallback failed: etrade POST /accounts/kW8LbkuGisPCK9Ey7C8iWA/orders/place.json -> 500: {'Error': {'code': 100, 'message': 'The requested service is not currently available, please try after sometime.'}}
2025-09-11 14:53:03,023 INFO sell-guard: [SG] IVZ: last=22.42 entry=22.35 pnl=+31 bps (tp=200 stop=100) hold=3006m lim=22.42 free=4 -> stop=False tp=False timeout=False
2025-09-11 14:53:03,024 DEBUG sell-guard: sell window check: start=0935 end=1555 now=1453
2025-09-11 14:53:05,868 INFO sell-guard: [SG] ENPH: last=38.90 entry=39.06 pnl=-41 bps (tp=200 stop=100) hold=3000m lim=38.86 free=2 -> stop=False tp=False timeout=False
2025-09-11 14:53:05,896 DEBUG sell-guard: sell window check: start=0935 end=1555 now=1453
2025-09-11 14:53:08,859 INFO sell-guard: [SG] WBD: last=15.94 entry=12.21 pnl=+3051 bps (tp=200 stop=100) hold=4247m lim=15.93 free=1 -> stop=False tp=True timeout=False
2025-09-11 14:53:08,861 DEBUG sell-guard: sell window check: start=0935 end=1555 now=1453
2025-09-11 14:53:09,525 WARNING sell-guard: WBD SELL place 500/code100 (try 1/4), backing off 2.0s
2025-09-11 14:53:12,220 WARNING sell-guard: WBD SELL place 500/code100 (try 2/4), backing off 3.2s
2025-09-11 14:53:16,157 WARNING sell-guard: WBD SELL place 500/code100 (try 3/4), backing off 5.1s
2025-09-11 14:53:21,980 WARNING sell-guard: WBD SELL place 500/code100 (try 4/4), backing off 8.2s
2025-09-11 14:53:30,178 WARNING sell-guard: E*TRADE circuit OPEN for 60s due to repeated 500/code100
2025-09-11 14:53:30,179 WARNING sell-guard: WBD SELL place 500/code100 (try 1/4), backing off 2.0s
2025-09-11 14:53:32,888 WARNING sell-guard: WBD SELL place 500/code100 (try 1/4), backing off 2.0s
2025-09-11 14:53:35,650 WARNING sell-guard: WBD SELL place 500/code100 (try 2/4), backing off 3.2s
2025-09-11 14:53:39,611 WARNING sell-guard: WBD SELL place 500/code100 (try 3/4), backing off 5.1s
2025-09-11 14:53:45,415 WARNING sell-guard: WBD SELL place 500/code100 (try 4/4), backing off 8.2s
2025-09-11 14:53:53,610 WARNING sell-guard: E*TRADE circuit OPEN for 60s due to repeated 500/code100
2025-09-11 14:53:53,611 WARNING sell-guard: WBD SELL place 500/code100 (try 2/4), backing off 3.2s
2025-09-11 14:53:57,658 WARNING sell-guard: WBD SELL place 500/code100 (try 1/4), backing off 2.0s
2025-09-11 14:54:00,506 WARNING sell-guard: WBD SELL place 500/code100 (try 2/4), backing off 3.2s
2025-09-11 14:54:04,462 WARNING sell-guard: WBD SELL place 500/code100 (try 3/4), backing off 5.1s
2025-09-11 14:54:10,428 WARNING sell-guard: WBD SELL place 500/code100 (try 4/4), backing off 8.2s
2025-09-11 14:54:18,622 WARNING sell-guard: E*TRADE circuit OPEN for 60s due to repeated 500/code100
2025-09-11 14:54:18,622 WARNING sell-guard: WBD SELL place 500/code100 (try 3/4), backing off 5.1s
2025-09-11 14:54:24,641 WARNING sell-guard: WBD SELL place 500/code100 (try 1/4), backing off 2.0s
2025-09-11 14:54:27,378 WARNING sell-guard: WBD SELL place 500/code100 (try 2/4), backing off 3.2s
2025-09-11 14:54:31,287 WARNING sell-guard: WBD SELL place 500/code100 (try 3/4), backing off 5.1s
2025-09-11 14:54:37,154 WARNING sell-guard: WBD SELL place 500/code100 (try 4/4), backing off 8.2s
2025-09-11 14:54:45,358 WARNING sell-guard: E*TRADE circuit OPEN for 60s due to repeated 500/code100
2025-09-11 14:54:45,364 WARNING sell-guard: WBD SELL place 500/code100 (try 4/4), backing off 8.2s
2025-09-11 14:54:53,559 WARNING sell-guard: E*TRADE circuit OPEN for 60s due to repeated 500/code100
2025-09-11 14:54:53,559 ERROR sell-guard: WBD SELL_TARGET place failed: etrade POST /accounts/kW8LbkuGisPCK9Ey7C8iWA/orders/place.json -> 500: {'Error': {'code': 100, 'message': 'The requested service is not currently available, please try after sometime.'}}
2025-09-11 14:54:54,332 WARNING sell-guard: E*TRADE circuit OPEN for 60s due to repeated 500/code100
2025-09-11 14:54:54,333 ERROR sell-guard: WBD TP SELL_TARGET MARKET fallback failed: etrade POST /accounts/kW8LbkuGisPCK9Ey7C8iWA/orders/place.json -> 500: {'Error': {'code': 100, 'message': 'The requested service is not currently available, please try after sometime.'}}
2025-09-11 14:54:54,337 INFO sell-guard: ⏱ heartbeat: loop alive (account=kW8LbkuGisPCK9Ey7C8iWA)
2025-09-11 14:54:54,338 INFO sell-guard: E*TRADE unstable; skipping tick (circuit open, 59s left)
2025-09-11 14:55:24,340 INFO sell-guard: ⏱ heartbeat: loop alive (account=kW8LbkuGisPCK9Ey7C8iWA)
2025-09-11 14:55:24,341 INFO sell-guard: E*TRADE unstable; skipping tick (circuit open, 29s left)
2025-09-11 14:55:54,346 INFO sell-guard: ⏱ heartbeat: loop alive (account=kW8LbkuGisPCK9Ey7C8iWA)
2025-09-11 14:55:54,921 INFO sell-guard: positions via get_positions -> 21 symbol(s)
2025-09-11 14:55:54,922 INFO sell-guard: Managing 7 symbol(s): CVS,SWKS,PCG,NCLH,IVZ,ENPH,WBD
2025-09-11 14:56:00,752 INFO sell-guard: [SG] CVS: last=74.71 entry=70.96 pnl=+528 bps (tp=200 stop=100) hold=2987m lim=74.70 free=1 -> stop=False tp=True timeout=False
2025-09-11 14:56:00,753 DEBUG sell-guard: sell window check: start=0935 end=1555 now=1456
2025-09-11 14:56:01,658 WARNING sell-guard: CVS SELL place 500/code100 (try 1/4), backing off 2.0s
2025-09-11 14:56:04,402 WARNING sell-guard: CVS SELL place 500/code100 (try 2/4), backing off 3.2s
2025-09-11 14:56:08,260 WARNING sell-guard: CVS SELL place 500/code100 (try 3/4), backing off 5.1s
2025-09-11 14:56:14,134 WARNING sell-guard: CVS SELL place 500/code100 (try 4/4), backing off 8.2s
2025-09-11 14:56:22,328 WARNING sell-guard: E*TRADE circuit OPEN for 60s due to repeated 500/code100
2025-09-11 14:56:22,329 WARNING sell-guard: CVS SELL place 500/code100 (try 1/4), backing off 2.0s
2025-09-11 14:56:25,083 WARNING sell-guard: CVS SELL place 500/code100 (try 1/4), backing off 2.0s
2025-09-11 14:56:27,925 WARNING sell-guard: CVS SELL place 500/code100 (try 2/4), backing off 3.2s
2025-09-11 14:56:31,901 WARNING sell-guard: CVS SELL place 500/code100 (try 3/4), backing off 5.1s
2025-09-11 14:56:37,846 WARNING sell-guard: CVS SELL place 500/code100 (try 4/4), backing off 8.2s
2025-09-11 14:56:46,040 WARNING sell-guard: E*TRADE circuit OPEN for 60s due to repeated 500/code100
2025-09-11 14:56:46,045 WARNING sell-guard: CVS SELL place 500/code100 (try 2/4), backing off 3.2s
2025-09-11 14:56:49,992 WARNING sell-guard: CVS SELL place 500/code100 (try 1/4), backing off 2.0s
2025-09-11 14:56:52,658 WARNING sell-guard: CVS SELL place 500/code100 (try 2/4), backing off 3.2s
2025-09-11 14:56:56,618 WARNING sell-guard: CVS SELL place 500/code100 (try 3/4), backing off 5.1s
2025-09-11 14:57:02,467 WARNING sell-guard: CVS SELL place 500/code100 (try 4/4), backing off 8.2s
2025-09-11 14:57:10,661 WARNING sell-guard: E*TRADE circuit OPEN for 60s due to repeated 500/code100
2025-09-11 14:57:10,661 WARNING sell-guard: CVS SELL place 500/code100 (try 3/4), backing off 5.1s
2025-09-11 14:57:16,552 WARNING sell-guard: CVS SELL place 500/code100 (try 1/4), backing off 2.0s
2025-09-11 14:57:19,269 WARNING sell-guard: CVS SELL place 500/code100 (try 2/4), backing off 3.2s
2025-09-11 14:57:23,281 WARNING sell-guard: CVS SELL place 500/code100 (try 3/4), backing off 5.1s
2025-09-11 14:57:29,152 WARNING sell-guard: CVS SELL place 500/code100 (try 4/4), backing off 8.2s
2025-09-11 14:57:37,346 WARNING sell-guard: E*TRADE circuit OPEN for 60s due to repeated 500/code100
2025-09-11 14:57:37,354 WARNING sell-guard: CVS SELL place 500/code100 (try 4/4), backing off 8.2s
2025-09-11 14:57:45,621 WARNING sell-guard: E*TRADE circuit OPEN for 60s due to repeated 500/code100
2025-09-11 14:57:45,638 ERROR sell-guard: CVS SELL_TARGET place failed: etrade POST /accounts/kW8LbkuGisPCK9Ey7C8iWA/orders/place.json -> 500: {'Error': {'code': 100, 'message': 'The requested service is not currently available, please try after sometime.'}}
2025-09-11 14:57:46,455 WARNING sell-guard: E*TRADE circuit OPEN for 60s due to repeated 500/code100
2025-09-11 14:57:46,456 ERROR sell-guard: CVS TP SELL_TARGET MARKET fallback failed: etrade POST /accounts/kW8LbkuGisPCK9Ey7C8iWA/orders/place.json -> 500: {'Error': {'code': 100, 'message': 'The requested service is not currently available, please try after sometime.'}}
2025-09-11 14:57:49,663 INFO sell-guard: [SG] SWKS: last=73.81 entry=76.23 pnl=-317 bps (tp=200 stop=100) hold=2977m lim=73.80 free=1 -> stop=True tp=False timeout=False
2025-09-11 14:57:49,664 DEBUG sell-guard: sell window check: start=0935 end=1555 now=1457
2025-09-11 14:57:49,666 DEBUG sell-guard: SWKS stop calc: entry=76.23 bid=73.8 last=73.81 base=75.47 -> stop=73.78
2025-09-11 14:57:50,423 WARNING sell-guard: SWKS STOP MARKET fallback
2025-09-11 14:57:51,280 WARNING sell-guard: E*TRADE circuit OPEN for 60s due to repeated 500/code100
2025-09-11 14:57:51,281 ERROR sell-guard: SWKS STOP MARKET fallback failed: etrade POST /accounts/kW8LbkuGisPCK9Ey7C8iWA/orders/place.json -> 500: {'Error': {'code': 100, 'message': 'The requested service is not currently available, please try after sometime.'}}
2025-09-11 14:57:54,481 INFO sell-guard: [SG] PCG: last=15.39 entry=14.86 pnl=+357 bps (tp=200 stop=100) hold=2964m lim=15.39 free=1 -> stop=False tp=True timeout=False
2025-09-11 14:57:54,482 DEBUG sell-guard: sell window check: start=0935 end=1555 now=1457
2025-09-11 14:57:55,361 WARNING sell-guard: PCG SELL place 500/code100 (try 1/4), backing off 2.0s
2025-09-11 14:57:58,158 WARNING sell-guard: PCG SELL place 500/code100 (try 2/4), backing off 3.2s
2025-09-11 14:58:02,075 WARNING sell-guard: PCG SELL place 500/code100 (try 3/4), backing off 5.1s
2025-09-11 14:58:08,072 WARNING sell-guard: PCG SELL place 500/code100 (try 4/4), backing off 8.2s
2025-09-11 14:58:16,268 WARNING sell-guard: E*TRADE circuit OPEN for 60s due to repeated 500/code100
2025-09-11 14:58:16,269 WARNING sell-guard: PCG SELL place 500/code100 (try 1/4), backing off 2.0s
2025-09-11 14:58:19,018 WARNING sell-guard: PCG SELL place 500/code100 (try 1/4), backing off 2.0s
2025-09-11 14:58:21,799 WARNING sell-guard: PCG SELL place 500/code100 (try 2/4), backing off 3.2s
2025-09-11 14:58:25,703 WARNING sell-guard: PCG SELL place 500/code100 (try 3/4), backing off 5.1s
2025-09-11 14:58:31,646 WARNING sell-guard: PCG SELL place 500/code100 (try 4/4), backing off 8.2s
2025-09-11 14:58:39,850 WARNING sell-guard: E*TRADE circuit OPEN for 60s due to repeated 500/code100
2025-09-11 14:58:39,852 WARNING sell-guard: PCG SELL place 500/code100 (try 2/4), backing off 3.2s
2025-09-11 14:58:43,870 WARNING sell-guard: PCG SELL place 500/code100 (try 1/4), backing off 2.0s
2025-09-11 14:58:46,522 WARNING sell-guard: PCG SELL place 500/code100 (try 2/4), backing off 3.2s
2025-09-11 14:58:50,615 WARNING sell-guard: PCG SELL place 500/code100 (try 3/4), backing off 5.1s
2025-09-11 14:58:56,447 WARNING sell-guard: PCG SELL place 500/code100 (try 4/4), backing off 8.2s
2025-09-11 14:59:04,641 WARNING sell-guard: E*TRADE circuit OPEN for 60s due to repeated 500/code100
2025-09-11 14:59:04,641 WARNING sell-guard: PCG SELL place 500/code100 (try 3/4), backing off 5.1s
2025-09-11 14:59:10,527 WARNING sell-guard: PCG SELL place 500/code100 (try 1/4), backing off 2.0s
2025-09-11 14:59:13,257 WARNING sell-guard: PCG SELL place 500/code100 (try 2/4), backing off 3.2s
2025-09-11 14:59:17,289 WARNING sell-guard: PCG SELL place 500/code100 (try 3/4), backing off 5.1s
2025-09-11 14:59:23,173 WARNING sell-guard: PCG SELL place 500/code100 (try 4/4), backing off 8.2s
2025-09-11 14:59:31,367 WARNING sell-guard: E*TRADE circuit OPEN for 60s due to repeated 500/code100
2025-09-11 14:59:31,369 WARNING sell-guard: PCG SELL place 500/code100 (try 4/4), backing off 8.2s
2025-09-11 14:59:39,591 WARNING sell-guard: E*TRADE circuit OPEN for 60s due to repeated 500/code100
2025-09-11 14:59:39,693 ERROR sell-guard: PCG SELL_TARGET place failed: etrade POST /accounts/kW8LbkuGisPCK9Ey7C8iWA/orders/place.json -> 500: {'Error': {'code': 100, 'message': 'The requested service is not currently available, please try after sometime.'}}
2025-09-11 14:59:40,471 WARNING sell-guard: E*TRADE circuit OPEN for 60s due to repeated 500/code100
2025-09-11 14:59:40,472 ERROR sell-guard: PCG TP SELL_TARGET MARKET fallback failed: etrade POST /accounts/kW8LbkuGisPCK9Ey7C8iWA/orders/place.json -> 500: {'Error': {'code': 100, 'message': 'The requested service is not currently available, please try after sometime.'}}
2025-09-11 14:59:43,512 INFO sell-guard: [SG] NCLH: last=26.52 entry=25.25 pnl=+506 bps (tp=200 stop=100) hold=2992m lim=26.53 free=3 -> stop=False tp=True timeout=False
2025-09-11 14:59:43,513 DEBUG sell-guard: sell window check: start=0935 end=1555 now=1459
2025-09-11 14:59:44,260 WARNING sell-guard: NCLH SELL place 500/code100 (try 1/4), backing off 2.0s
2025-09-11 14:59:47,413 WARNING sell-guard: NCLH SELL place 500/code100 (try 2/4), backing off 3.2s
2025-09-11 14:59:51,400 WARNING sell-guard: NCLH SELL place 500/code100 (try 3/4), backing off 5.1s
2025-09-11 14:59:57,196 WARNING sell-guard: NCLH SELL place 500/code100 (try 4/4), backing off 8.2s
2025-09-11 15:00:05,390 WARNING sell-guard: E*TRADE circuit OPEN for 60s due to repeated 500/code100
2025-09-11 15:00:05,391 WARNING sell-guard: NCLH SELL place 500/code100 (try 1/4), backing off 2.0s
2025-09-11 15:00:08,154 WARNING sell-guard: NCLH SELL place 500/code100 (try 1/4), backing off 2.0s
2025-09-11 15:00:11,052 WARNING sell-guard: NCLH SELL place 500/code100 (try 2/4), backing off 3.2s
2025-09-11 15:00:14,970 WARNING sell-guard: NCLH SELL place 500/code100 (try 3/4), backing off 5.1s
2025-09-11 15:00:20,757 WARNING sell-guard: NCLH SELL place 500/code100 (try 4/4), backing off 8.2s
2025-09-11 15:00:28,951 WARNING sell-guard: E*TRADE circuit OPEN for 60s due to repeated 500/code100
2025-09-11 15:00:28,952 WARNING sell-guard: NCLH SELL place 500/code100 (try 2/4), backing off 3.2s
2025-09-11 15:00:32,998 WARNING sell-guard: NCLH SELL place 500/code100 (try 1/4), backing off 2.0s
2025-09-11 15:00:35,888 WARNING sell-guard: NCLH SELL place 500/code100 (try 2/4), backing off 3.2s
2025-09-11 15:00:39,864 WARNING sell-guard: NCLH SELL place 500/code100 (try 3/4), backing off 5.1s
2025-09-11 15:00:45,691 WARNING sell-guard: NCLH SELL place 500/code100 (try 4/4), backing off 8.2s
2025-09-11 15:00:53,885 WARNING sell-guard: E*TRADE circuit OPEN for 60s due to repeated 500/code100
2025-09-11 15:00:53,886 WARNING sell-guard: NCLH SELL place 500/code100 (try 3/4), backing off 5.1s
2025-09-11 15:00:59,717 WARNING sell-guard: NCLH SELL place 500/code100 (try 1/4), backing off 2.0s
2025-09-11 15:01:02,486 WARNING sell-guard: NCLH SELL place 500/code100 (try 2/4), backing off 3.2s
2025-09-11 15:01:06,353 WARNING sell-guard: NCLH SELL place 500/code100 (try 3/4), backing off 5.1s
2025-09-11 15:01:12,285 WARNING sell-guard: NCLH SELL place 500/code100 (try 4/4), backing off 8.2s
2025-09-11 15:01:20,479 WARNING sell-guard: E*TRADE circuit OPEN for 60s due to repeated 500/code100
2025-09-11 15:01:20,480 WARNING sell-guard: NCLH SELL place 500/code100 (try 4/4), backing off 8.2s
2025-09-11 15:01:28,676 WARNING sell-guard: E*TRADE circuit OPEN for 60s due to repeated 500/code100
2025-09-11 15:01:28,676 ERROR sell-guard: NCLH SELL_TARGET place failed: etrade POST /accounts/kW8LbkuGisPCK9Ey7C8iWA/orders/place.json -> 500: {'Error': {'code': 100, 'message': 'The requested service is not currently available, please try after sometime.'}}
2025-09-11 15:01:29,505 WARNING sell-guard: E*TRADE circuit OPEN for 60s due to repeated 500/code100
2025-09-11 15:01:29,506 ERROR sell-guard: NCLH TP SELL_TARGET MARKET fallback failed: etrade POST /accounts/kW8LbkuGisPCK9Ey7C8iWA/orders/place.json -> 500: {'Error': {'code': 100, 'message': 'The requested service is not currently available, please try after sometime.'}}
2025-09-11 15:01:32,674 INFO sell-guard: [SG] IVZ: last=22.44 entry=22.35 pnl=+40 bps (tp=200 stop=100) hold=3015m lim=22.44 free=4 -> stop=False tp=False timeout=False
2025-09-11 15:01:32,676 DEBUG sell-guard: sell window check: start=0935 end=1555 now=1501
2025-09-11 15:01:35,598 INFO sell-guard: [SG] ENPH: last=38.72 entry=39.06 pnl=-87 bps (tp=200 stop=100) hold=3008m lim=38.71 free=2 -> stop=False tp=False timeout=False
2025-09-11 15:01:35,600 DEBUG sell-guard: sell window check: start=0935 end=1555 now=1501
2025-09-11 15:01:38,808 INFO sell-guard: [SG] WBD: last=15.97 entry=12.21 pnl=+3079 bps (tp=200 stop=100) hold=4255m lim=15.96 free=1 -> stop=False tp=True timeout=False
2025-09-11 15:01:38,814 DEBUG sell-guard: sell window check: start=0935 end=1555 now=1501
2025-09-11 15:01:39,665 WARNING sell-guard: WBD SELL place 500/code100 (try 1/4), backing off 2.0s
2025-09-11 15:01:42,391 WARNING sell-guard: WBD SELL place 500/code100 (try 2/4), backing off 3.2s
2025-09-11 15:01:46,318 WARNING sell-guard: WBD SELL place 500/code100 (try 3/4), backing off 5.1s
2025-09-11 15:01:52,226 WARNING sell-guard: WBD SELL place 500/code100 (try 4/4), backing off 8.2s
2025-09-11 15:02:00,420 WARNING sell-guard: E*TRADE circuit OPEN for 60s due to repeated 500/code100
2025-09-11 15:02:00,421 WARNING sell-guard: WBD SELL place 500/code100 (try 1/4), backing off 2.0s
2025-09-11 15:02:03,152 WARNING sell-guard: WBD SELL place 500/code100 (try 1/4), backing off 2.0s
2025-09-11 15:02:05,907 WARNING sell-guard: WBD SELL place 500/code100 (try 2/4), backing off 3.2s
2025-09-11 15:02:09,872 WARNING sell-guard: WBD SELL place 500/code100 (try 3/4), backing off 5.1s
2025-09-11 15:02:15,743 WARNING sell-guard: WBD SELL place 500/code100 (try 4/4), backing off 8.2s
2025-09-11 15:02:23,936 WARNING sell-guard: E*TRADE circuit OPEN for 60s due to repeated 500/code100
2025-09-11 15:02:23,936 WARNING sell-guard: WBD SELL place 500/code100 (try 2/4), backing off 3.2s
2025-09-11 15:02:27,953 WARNING sell-guard: WBD SELL place 500/code100 (try 1/4), backing off 2.0s
2025-09-11 15:02:30,706 WARNING sell-guard: WBD SELL place 500/code100 (try 2/4), backing off 3.2s
2025-09-11 15:02:34,704 WARNING sell-guard: WBD SELL place 500/code100 (try 3/4), backing off 5.1s
2025-09-11 15:02:40,507 WARNING sell-guard: WBD SELL place 500/code100 (try 4/4), backing off 8.2s
2025-09-11 15:02:48,700 WARNING sell-guard: E*TRADE circuit OPEN for 60s due to repeated 500/code100
2025-09-11 15:02:48,700 WARNING sell-guard: WBD SELL place 500/code100 (try 3/4), backing off 5.1s
2025-09-11 15:02:54,600 WARNING sell-guard: WBD SELL place 500/code100 (try 1/4), backing off 2.0s
2025-09-11 15:02:57,332 WARNING sell-guard: WBD SELL place 500/code100 (try 2/4), backing off 3.2s
2025-09-11 15:03:01,295 WARNING sell-guard: WBD SELL place 500/code100 (try 3/4), backing off 5.1s
2025-09-11 15:03:07,159 WARNING sell-guard: WBD SELL place 500/code100 (try 4/4), backing off 8.2s
2025-09-11 15:03:15,529 WARNING sell-guard: E*TRADE circuit OPEN for 60s due to repeated 500/code100
2025-09-11 15:03:15,545 WARNING sell-guard: WBD SELL place 500/code100 (try 4/4), backing off 8.2s
2025-09-11 15:57:46,301 INFO sell-guard: config source: C:\TradeAlerts\sell_guard_settings.json
2025-09-11 15:57:46,303 INFO sell-guard: env: ETRADE_ENV=production  PYTHONPATH=None
2025-09-11 15:57:46,304 INFO sell-guard: ⏱ heartbeat: loop alive (account=?)
2025-09-11 15:57:46,304 DEBUG sell-guard: tick: polling positions & quotes…
2025-09-11 15:57:46,588 INFO sell-guard: [LIVE] Using accountIdKey=kW8LbkuGisPCK9Ey7C8iWA
2025-09-11 15:57:46,588 INFO sell-guard: [CFG] mode=live tp=200 bps stop=100 bps max_hold=100000m limit_from=bid offset=0 bps throttle=30.0s ext_hours=False fallback=SELL_STOP,SELL_TARGET,TIMEOUT
2025-09-11 15:57:47,066 INFO sell-guard: positions via get_positions -> 21 symbol(s)
2025-09-11 15:57:47,067 INFO sell-guard: Managing 7 symbol(s): CVS,SWKS,PCG,NCLH,IVZ,ENPH,WBD
2025-09-11 15:57:52,167 INFO sell-guard: [SG] CVS: last=74.77 entry=70.96 pnl=+536 bps (tp=200 stop=100) hold=3048m lim=74.76 free=1 -> stop=False tp=True timeout=False
2025-09-11 15:57:52,172 DEBUG sell-guard: sell window check: start=0935 end=1555 now=1557
2025-09-11 15:57:52,186 INFO sell-guard: CVS outside sell window 09:35–15:55 ET; deferring any sells
2025-09-11 15:57:54,901 INFO sell-guard: [SG] SWKS: last=74.59 entry=76.23 pnl=-215 bps (tp=200 stop=100) hold=3038m lim=74.59 free=1 -> stop=True tp=False timeout=False
2025-09-11 15:57:54,903 DEBUG sell-guard: sell window check: start=0935 end=1555 now=1557
2025-09-11 15:57:54,904 INFO sell-guard: SWKS outside sell window 09:35–15:55 ET; deferring any sells
2025-09-11 15:57:57,629 INFO sell-guard: [SG] PCG: last=15.74 entry=14.86 pnl=+596 bps (tp=200 stop=100) hold=3024m lim=15.74 free=1 -> stop=False tp=True timeout=False
2025-09-11 15:57:57,630 DEBUG sell-guard: sell window check: start=0935 end=1555 now=1557
2025-09-11 15:57:57,631 INFO sell-guard: PCG outside sell window 09:35–15:55 ET; deferring any sells
2025-09-11 15:58:00,899 INFO sell-guard: [SG] NCLH: last=26.91 entry=25.25 pnl=+658 bps (tp=200 stop=100) hold=3050m lim=26.90 free=3 -> stop=False tp=True timeout=False
2025-09-11 15:58:00,901 DEBUG sell-guard: sell window check: start=0935 end=1555 now=1558
2025-09-11 15:58:00,902 INFO sell-guard: NCLH outside sell window 09:35–15:55 ET; deferring any sells
2025-09-11 15:58:03,515 INFO sell-guard: [SG] IVZ: last=22.55 entry=22.35 pnl=+87 bps (tp=200 stop=100) hold=3071m lim=22.54 free=4 -> stop=False tp=False timeout=False
2025-09-11 15:58:03,517 DEBUG sell-guard: sell window check: start=0935 end=1555 now=1558
2025-09-11 15:58:03,520 INFO sell-guard: IVZ outside sell window 09:35–15:55 ET; deferring any sells
2025-09-11 15:58:06,202 INFO sell-guard: [SG] ENPH: last=37.35 entry=39.06 pnl=-438 bps (tp=200 stop=100) hold=3065m lim=37.34 free=2 -> stop=True tp=False timeout=False
2025-09-11 15:58:06,203 DEBUG sell-guard: sell window check: start=0935 end=1555 now=1558
2025-09-11 15:58:06,204 INFO sell-guard: ENPH outside sell window 09:35–15:55 ET; deferring any sells
2025-09-11 15:58:08,916 INFO sell-guard: [SG] WBD: last=16.20 entry=12.21 pnl=+3264 bps (tp=200 stop=100) hold=4312m lim=16.19 free=1 -> stop=False tp=True timeout=False
2025-09-11 15:58:08,918 DEBUG sell-guard: sell window check: start=0935 end=1555 now=1558
2025-09-11 15:58:08,920 INFO sell-guard: WBD outside sell window 09:35–15:55 ET; deferring any sells
2025-09-11 15:58:16,591 INFO sell-guard: ⏱ heartbeat: loop alive (account=kW8LbkuGisPCK9Ey7C8iWA)
2025-09-11 15:58:17,236 INFO sell-guard: positions via get_positions -> 21 symbol(s)
2025-09-11 15:58:17,238 INFO sell-guard: Managing 7 symbol(s): CVS,SWKS,PCG,NCLH,IVZ,ENPH,WBD
2025-09-11 15:58:22,817 INFO sell-guard: [SG] CVS: last=74.71 entry=70.96 pnl=+528 bps (tp=200 stop=100) hold=3049m lim=74.71 free=1 -> stop=False tp=True timeout=False
2025-09-11 15:58:22,819 DEBUG sell-guard: sell window check: start=0935 end=1555 now=1558
2025-09-11 15:58:22,823 INFO sell-guard: CVS outside sell window 09:35–15:55 ET; deferring any sells
2025-09-11 15:58:25,640 INFO sell-guard: [SG] SWKS: last=74.63 entry=76.23 pnl=-210 bps (tp=200 stop=100) hold=3038m lim=74.62 free=1 -> stop=True tp=False timeout=False
2025-09-11 15:58:25,641 DEBUG sell-guard: sell window check: start=0935 end=1555 now=1558
2025-09-11 15:58:25,641 INFO sell-guard: SWKS outside sell window 09:35–15:55 ET; deferring any sells
2025-09-11 15:58:28,402 INFO sell-guard: [SG] PCG: last=15.75 entry=14.86 pnl=+599 bps (tp=200 stop=100) hold=3024m lim=15.75 free=1 -> stop=False tp=True timeout=False
2025-09-11 15:58:28,404 DEBUG sell-guard: sell window check: start=0935 end=1555 now=1558
2025-09-11 15:58:28,413 INFO sell-guard: PCG outside sell window 09:35–15:55 ET; deferring any sells
2025-09-11 15:58:31,395 INFO sell-guard: [SG] NCLH: last=26.90 entry=25.25 pnl=+656 bps (tp=200 stop=100) hold=3051m lim=26.90 free=3 -> stop=False tp=True timeout=False
2025-09-11 15:58:31,397 DEBUG sell-guard: sell window check: start=0935 end=1555 now=1558
2025-09-11 15:58:31,400 INFO sell-guard: NCLH outside sell window 09:35–15:55 ET; deferring any sells
2025-09-11 15:58:34,129 INFO sell-guard: [SG] IVZ: last=22.54 entry=22.35 pnl=+83 bps (tp=200 stop=100) hold=3072m lim=22.53 free=4 -> stop=False tp=False timeout=False
2025-09-11 15:58:34,130 DEBUG sell-guard: sell window check: start=0935 end=1555 now=1558
2025-09-11 15:58:34,132 INFO sell-guard: IVZ outside sell window 09:35–15:55 ET; deferring any sells
2025-09-11 15:58:37,008 INFO sell-guard: [SG] ENPH: last=37.37 entry=39.06 pnl=-434 bps (tp=200 stop=100) hold=3065m lim=37.36 free=2 -> stop=True tp=False timeout=False
2025-09-11 15:58:37,010 DEBUG sell-guard: sell window check: start=0935 end=1555 now=1558
2025-09-11 15:58:37,017 INFO sell-guard: ENPH outside sell window 09:35–15:55 ET; deferring any sells
2025-09-11 15:58:39,846 INFO sell-guard: [SG] WBD: last=16.20 entry=12.21 pnl=+3264 bps (tp=200 stop=100) hold=4312m lim=16.19 free=1 -> stop=False tp=True timeout=False
2025-09-11 15:58:39,847 DEBUG sell-guard: sell window check: start=0935 end=1555 now=1558
2025-09-11 15:58:39,850 INFO sell-guard: WBD outside sell window 09:35–15:55 ET; deferring any sells
2025-09-11 15:58:46,591 INFO sell-guard: ⏱ heartbeat: loop alive (account=kW8LbkuGisPCK9Ey7C8iWA)
2025-09-11 15:58:47,069 INFO sell-guard: positions via get_positions -> 21 symbol(s)
2025-09-11 15:58:47,070 INFO sell-guard: Managing 7 symbol(s): CVS,SWKS,PCG,NCLH,IVZ,ENPH,WBD
2025-09-11 15:58:52,900 INFO sell-guard: [SG] CVS: last=74.69 entry=70.96 pnl=+525 bps (tp=200 stop=100) hold=3050m lim=74.68 free=1 -> stop=False tp=True timeout=False
2025-09-11 15:58:52,901 DEBUG sell-guard: sell window check: start=0935 end=1555 now=1558
2025-09-11 15:58:52,904 INFO sell-guard: CVS outside sell window 09:35–15:55 ET; deferring any sells
2025-09-11 15:58:55,717 INFO sell-guard: [SG] SWKS: last=74.61 entry=76.23 pnl=-212 bps (tp=200 stop=100) hold=3039m lim=74.61 free=1 -> stop=True tp=False timeout=False
2025-09-11 15:58:55,718 DEBUG sell-guard: sell window check: start=0935 end=1555 now=1558
2025-09-11 15:58:55,720 INFO sell-guard: SWKS outside sell window 09:35–15:55 ET; deferring any sells
2025-09-11 15:58:58,680 INFO sell-guard: [SG] PCG: last=15.73 entry=14.86 pnl=+585 bps (tp=200 stop=100) hold=3025m lim=15.73 free=1 -> stop=False tp=True timeout=False
2025-09-11 15:58:58,682 DEBUG sell-guard: sell window check: start=0935 end=1555 now=1558
2025-09-11 15:58:58,688 INFO sell-guard: PCG outside sell window 09:35–15:55 ET; deferring any sells
2025-09-11 15:59:01,859 INFO sell-guard: [SG] NCLH: last=26.91 entry=25.25 pnl=+656 bps (tp=200 stop=100) hold=3051m lim=26.90 free=3 -> stop=False tp=True timeout=False
2025-09-11 15:59:01,860 DEBUG sell-guard: sell window check: start=0935 end=1555 now=1559
2025-09-11 15:59:01,861 INFO sell-guard: NCLH outside sell window 09:35–15:55 ET; deferring any sells
2025-09-11 15:59:04,974 INFO sell-guard: [SG] IVZ: last=22.56 entry=22.35 pnl=+94 bps (tp=200 stop=100) hold=3072m lim=22.56 free=4 -> stop=False tp=False timeout=False
2025-09-11 15:59:04,975 DEBUG sell-guard: sell window check: start=0935 end=1555 now=1559
2025-09-11 15:59:04,978 INFO sell-guard: IVZ outside sell window 09:35–15:55 ET; deferring any sells
2025-09-11 15:59:08,166 INFO sell-guard: [SG] ENPH: last=37.33 entry=39.06 pnl=-443 bps (tp=200 stop=100) hold=3066m lim=37.33 free=2 -> stop=True tp=False timeout=False
2025-09-11 15:59:08,167 DEBUG sell-guard: sell window check: start=0935 end=1555 now=1559
2025-09-11 15:59:08,170 INFO sell-guard: ENPH outside sell window 09:35–15:55 ET; deferring any sells
2025-09-11 15:59:11,169 INFO sell-guard: [SG] WBD: last=16.18 entry=12.21 pnl=+3247 bps (tp=200 stop=100) hold=4313m lim=16.17 free=1 -> stop=False tp=True timeout=False
2025-09-11 15:59:11,170 DEBUG sell-guard: sell window check: start=0935 end=1555 now=1559
2025-09-11 15:59:11,172 INFO sell-guard: WBD outside sell window 09:35–15:55 ET; deferring any sells
2025-09-11 15:59:16,591 INFO sell-guard: ⏱ heartbeat: loop alive (account=kW8LbkuGisPCK9Ey7C8iWA)
2025-09-11 15:59:17,144 INFO sell-guard: positions via get_positions -> 21 symbol(s)
2025-09-11 15:59:17,146 INFO sell-guard: Managing 7 symbol(s): CVS,SWKS,PCG,NCLH,IVZ,ENPH,WBD
2025-09-11 15:59:23,107 INFO sell-guard: [SG] CVS: last=74.71 entry=70.96 pnl=+528 bps (tp=200 stop=100) hold=3050m lim=74.70 free=1 -> stop=False tp=True timeout=False
2025-09-11 15:59:23,108 DEBUG sell-guard: sell window check: start=0935 end=1555 now=1559
2025-09-11 15:59:23,112 INFO sell-guard: CVS outside sell window 09:35–15:55 ET; deferring any sells
2025-09-11 15:59:26,154 INFO sell-guard: [SG] SWKS: last=74.67 entry=76.23 pnl=-205 bps (tp=200 stop=100) hold=3039m lim=74.66 free=1 -> stop=True tp=False timeout=False
2025-09-11 15:59:26,156 DEBUG sell-guard: sell window check: start=0935 end=1555 now=1559
2025-09-11 15:59:26,158 INFO sell-guard: SWKS outside sell window 09:35–15:55 ET; deferring any sells
2025-09-11 15:59:29,447 INFO sell-guard: [SG] PCG: last=15.74 entry=14.86 pnl=+596 bps (tp=200 stop=100) hold=3025m lim=15.74 free=1 -> stop=False tp=True timeout=False
2025-09-11 15:59:29,448 DEBUG sell-guard: sell window check: start=0935 end=1555 now=1559
2025-09-11 15:59:29,451 INFO sell-guard: PCG outside sell window 09:35–15:55 ET; deferring any sells
2025-09-11 15:59:32,347 INFO sell-guard: [SG] NCLH: last=26.91 entry=25.25 pnl=+656 bps (tp=200 stop=100) hold=3052m lim=26.90 free=3 -> stop=False tp=True timeout=False
2025-09-11 15:59:32,348 DEBUG sell-guard: sell window check: start=0935 end=1555 now=1559
2025-09-11 15:59:32,350 INFO sell-guard: NCLH outside sell window 09:35–15:55 ET; deferring any sells
2025-09-11 15:59:35,383 INFO sell-guard: [SG] IVZ: last=22.55 entry=22.35 pnl=+92 bps (tp=200 stop=100) hold=3073m lim=22.55 free=4 -> stop=False tp=False timeout=False
2025-09-11 15:59:35,385 DEBUG sell-guard: sell window check: start=0935 end=1555 now=1559
2025-09-11 15:59:35,392 INFO sell-guard: IVZ outside sell window 09:35–15:55 ET; deferring any sells
2025-09-11 15:59:39,127 INFO sell-guard: [SG] ENPH: last=37.36 entry=39.06 pnl=-435 bps (tp=200 stop=100) hold=3066m lim=37.36 free=2 -> stop=True tp=False timeout=False
2025-09-11 15:59:42,054 DEBUG sell-guard: sell window check: start=0935 end=1555 now=1559
2025-09-11 15:59:42,088 INFO sell-guard: ENPH outside sell window 09:35–15:55 ET; deferring any sells
2025-09-11 15:59:45,195 INFO sell-guard: [SG] WBD: last=16.18 entry=12.21 pnl=+3251 bps (tp=200 stop=100) hold=4313m lim=16.17 free=1 -> stop=False tp=True timeout=False
2025-09-11 15:59:45,196 DEBUG sell-guard: sell window check: start=0935 end=1555 now=1559
2025-09-11 15:59:45,198 INFO sell-guard: WBD outside sell window 09:35–15:55 ET; deferring any sells
2025-09-11 15:59:46,592 INFO sell-guard: ⏱ heartbeat: loop alive (account=kW8LbkuGisPCK9Ey7C8iWA)
2025-09-11 15:59:47,091 INFO sell-guard: positions via get_positions -> 21 symbol(s)
2025-09-11 15:59:47,094 INFO sell-guard: Managing 7 symbol(s): CVS,SWKS,PCG,NCLH,IVZ,ENPH,WBD
2025-09-11 15:59:52,407 INFO sell-guard: [SG] CVS: last=74.64 entry=70.96 pnl=+518 bps (tp=200 stop=100) hold=3050m lim=74.62 free=1 -> stop=False tp=True timeout=False
2025-09-11 15:59:52,409 DEBUG sell-guard: sell window check: start=0935 end=1555 now=1559
2025-09-11 15:59:52,412 INFO sell-guard: CVS outside sell window 09:35–15:55 ET; deferring any sells
2025-09-11 15:59:55,479 INFO sell-guard: [SG] SWKS: last=74.71 entry=76.23 pnl=-199 bps (tp=200 stop=100) hold=3040m lim=74.71 free=1 -> stop=True tp=False timeout=False
2025-09-11 15:59:55,482 DEBUG sell-guard: sell window check: start=0935 end=1555 now=1559
2025-09-11 15:59:55,487 INFO sell-guard: SWKS outside sell window 09:35–15:55 ET; deferring any sells
2025-09-11 15:59:58,489 INFO sell-guard: [SG] PCG: last=15.73 entry=14.86 pnl=+589 bps (tp=200 stop=100) hold=3026m lim=15.73 free=1 -> stop=False tp=True timeout=False
2025-09-11 15:59:58,490 DEBUG sell-guard: sell window check: start=0935 end=1555 now=1559
2025-09-11 15:59:58,574 INFO sell-guard: PCG outside sell window 09:35–15:55 ET; deferring any sells
2025-09-11 16:00:02,499 INFO sell-guard: [SG] NCLH: last=26.93 entry=25.25 pnl=+663 bps (tp=200 stop=100) hold=3052m lim=26.92 free=3 -> stop=False tp=True timeout=False
2025-09-11 16:00:02,500 DEBUG sell-guard: sell window check: start=0935 end=1555 now=1600
2025-09-11 16:00:02,502 INFO sell-guard: NCLH outside sell window 09:35–15:55 ET; deferring any sells
2025-09-11 16:00:05,614 INFO sell-guard: [SG] IVZ: last=22.54 entry=22.35 pnl=+85 bps (tp=200 stop=100) hold=3073m lim=22.54 free=4 -> stop=False tp=False timeout=False
2025-09-11 16:00:05,615 DEBUG sell-guard: sell window check: start=0935 end=1555 now=1600
2025-09-11 16:00:05,619 INFO sell-guard: IVZ outside sell window 09:35–15:55 ET; deferring any sells
2025-09-11 16:00:08,885 INFO sell-guard: [SG] ENPH: last=37.30 entry=39.06 pnl=-451 bps (tp=200 stop=100) hold=3067m lim=37.30 free=2 -> stop=True tp=False timeout=False
2025-09-11 16:00:08,886 DEBUG sell-guard: sell window check: start=0935 end=1555 now=1600
2025-09-11 16:00:08,888 INFO sell-guard: ENPH outside sell window 09:35–15:55 ET; deferring any sells
2025-09-11 16:00:11,932 INFO sell-guard: [SG] WBD: last=16.18 entry=12.21 pnl=+3247 bps (tp=200 stop=100) hold=4314m lim=16.17 free=1 -> stop=False tp=True timeout=False
2025-09-11 16:00:11,933 DEBUG sell-guard: sell window check: start=0935 end=1555 now=1600
2025-09-11 16:00:11,936 INFO sell-guard: WBD outside sell window 09:35–15:55 ET; deferring any sells
2025-09-11 16:00:16,592 INFO sell-guard: ⏱ heartbeat: loop alive (account=kW8LbkuGisPCK9Ey7C8iWA)
2025-09-11 16:00:17,176 INFO sell-guard: positions via get_positions -> 21 symbol(s)
2025-09-11 16:00:17,180 INFO sell-guard: Managing 7 symbol(s): CVS,SWKS,PCG,NCLH,IVZ,ENPH,WBD
2025-09-11 16:00:23,787 INFO sell-guard: [SG] CVS: last=74.67 entry=70.96 pnl=+523 bps (tp=200 stop=100) hold=3051m lim=73.98 free=1 -> stop=False tp=True timeout=False
2025-09-11 16:00:23,787 DEBUG sell-guard: sell window check: start=0935 end=1555 now=1600
2025-09-11 16:00:23,790 INFO sell-guard: CVS outside sell window 09:35–15:55 ET; deferring any sells
2025-09-11 16:00:26,974 INFO sell-guard: [SG] SWKS: last=74.68 entry=76.23 pnl=-203 bps (tp=200 stop=100) hold=3040m lim=73.28 free=1 -> stop=True tp=False timeout=False
2025-09-11 16:00:26,975 DEBUG sell-guard: sell window check: start=0935 end=1555 now=1600
2025-09-11 16:00:26,978 INFO sell-guard: SWKS outside sell window 09:35–15:55 ET; deferring any sells
2025-09-11 16:00:30,376 INFO sell-guard: [SG] PCG: last=15.75 entry=14.86 pnl=+599 bps (tp=200 stop=100) hold=3026m lim=15.30 free=1 -> stop=False tp=True timeout=False
2025-09-11 16:00:30,378 DEBUG sell-guard: sell window check: start=0935 end=1555 now=1600
2025-09-11 16:00:30,383 INFO sell-guard: PCG outside sell window 09:35–15:55 ET; deferring any sells
2025-09-11 16:00:33,421 INFO sell-guard: [SG] NCLH: last=26.93 entry=25.25 pnl=+666 bps (tp=200 stop=100) hold=3053m lim=26.00 free=3 -> stop=False tp=True timeout=False
2025-09-11 16:00:33,432 DEBUG sell-guard: sell window check: start=0935 end=1555 now=1600
2025-09-11 16:00:33,445 INFO sell-guard: NCLH outside sell window 09:35–15:55 ET; deferring any sells
2025-09-11 16:00:36,448 INFO sell-guard: [SG] IVZ: last=22.54 entry=22.35 pnl=+83 bps (tp=200 stop=100) hold=3074m lim=20.90 free=4 -> stop=False tp=False timeout=False
2025-09-11 16:00:36,449 DEBUG sell-guard: sell window check: start=0935 end=1555 now=1600
2025-09-11 16:00:36,452 INFO sell-guard: IVZ outside sell window 09:35–15:55 ET; deferring any sells
2025-09-11 16:00:39,403 INFO sell-guard: [SG] ENPH: last=37.32 entry=39.06 pnl=-445 bps (tp=200 stop=100) hold=3067m lim=37.25 free=2 -> stop=True tp=False timeout=False
2025-09-11 16:00:39,404 DEBUG sell-guard: sell window check: start=0935 end=1555 now=1600
2025-09-11 16:00:39,406 INFO sell-guard: ENPH outside sell window 09:35–15:55 ET; deferring any sells
2025-09-11 16:00:42,521 INFO sell-guard: [SG] WBD: last=16.17 entry=12.21 pnl=+3243 bps (tp=200 stop=100) hold=4314m lim=16.17 free=1 -> stop=False tp=True timeout=False
2025-09-11 16:00:42,522 DEBUG sell-guard: sell window check: start=0935 end=1555 now=1600
2025-09-11 16:00:42,525 INFO sell-guard: WBD outside sell window 09:35–15:55 ET; deferring any sells
2025-09-11 16:00:46,593 INFO sell-guard: ⏱ heartbeat: loop alive (account=kW8LbkuGisPCK9Ey7C8iWA)
2025-09-11 16:00:47,099 INFO sell-guard: positions via get_positions -> 21 symbol(s)
2025-09-11 16:00:47,102 INFO sell-guard: Managing 7 symbol(s): CVS,SWKS,PCG,NCLH,IVZ,ENPH,WBD
2025-09-11 16:00:52,496 INFO sell-guard: [SG] CVS: last=74.67 entry=70.96 pnl=+523 bps (tp=200 stop=100) hold=3051m lim=73.98 free=1 -> stop=False tp=True timeout=False
2025-09-11 16:00:52,497 DEBUG sell-guard: sell window check: start=0935 end=1555 now=1600
2025-09-11 16:00:52,502 INFO sell-guard: CVS outside sell window 09:35–15:55 ET; deferring any sells
2025-09-11 16:00:55,546 INFO sell-guard: [SG] SWKS: last=74.68 entry=76.23 pnl=-203 bps (tp=200 stop=100) hold=3041m lim=73.28 free=1 -> stop=True tp=False timeout=False
2025-09-11 16:00:55,547 DEBUG sell-guard: sell window check: start=0935 end=1555 now=1600
2025-09-11 16:00:55,549 INFO sell-guard: SWKS outside sell window 09:35–15:55 ET; deferring any sells
2025-09-11 16:00:58,632 INFO sell-guard: [SG] PCG: last=15.75 entry=14.86 pnl=+599 bps (tp=200 stop=100) hold=3027m lim=15.30 free=1 -> stop=False tp=True timeout=False
2025-09-11 16:00:58,632 DEBUG sell-guard: sell window check: start=0935 end=1555 now=1600
2025-09-11 16:00:58,635 INFO sell-guard: PCG outside sell window 09:35–15:55 ET; deferring any sells
2025-09-11 16:01:01,658 INFO sell-guard: [SG] NCLH: last=26.93 entry=25.25 pnl=+666 bps (tp=200 stop=100) hold=3053m lim=26.00 free=3 -> stop=False tp=True timeout=False
2025-09-11 16:01:01,659 DEBUG sell-guard: sell window check: start=0935 end=1555 now=1601
2025-09-11 16:01:01,662 INFO sell-guard: NCLH outside sell window 09:35–15:55 ET; deferring any sells
2025-09-11 16:01:05,764 INFO sell-guard: [SG] IVZ: last=22.54 entry=22.35 pnl=+83 bps (tp=200 stop=100) hold=3254m lim=20.90 free=4 -> stop=False tp=False timeout=False
2025-09-11 16:01:05,765 DEBUG sell-guard: sell window check: start=0935 end=1555 now=1601
2025-09-11 16:01:05,768 INFO sell-guard: IVZ outside sell window 09:35–15:55 ET; deferring any sells
2025-09-11 16:01:08,686 INFO sell-guard: [SG] ENPH: last=37.32 entry=39.06 pnl=-445 bps (tp=200 stop=100) hold=3068m lim=37.25 free=2 -> stop=True tp=False timeout=False
2025-09-11 16:01:08,687 DEBUG sell-guard: sell window check: start=0935 end=1555 now=1601
2025-09-11 16:01:08,689 INFO sell-guard: ENPH outside sell window 09:35–15:55 ET; deferring any sells
2025-09-11 16:01:11,883 INFO sell-guard: [SG] WBD: last=16.17 entry=12.21 pnl=+3243 bps (tp=200 stop=100) hold=4315m lim=16.17 free=1 -> stop=False tp=True timeout=False
2025-09-11 16:01:11,884 DEBUG sell-guard: sell window check: start=0935 end=1555 now=1601
2025-09-11 16:01:11,886 INFO sell-guard: WBD outside sell window 09:35–15:55 ET; deferring any sells
2025-09-11 16:01:16,594 INFO sell-guard: ⏱ heartbeat: loop alive (account=kW8LbkuGisPCK9Ey7C8iWA)
2025-09-11 16:01:17,113 INFO sell-guard: positions via get_positions -> 21 symbol(s)
2025-09-11 16:01:17,116 INFO sell-guard: Managing 7 symbol(s): CVS,SWKS,PCG,NCLH,IVZ,ENPH,WBD
2025-09-11 16:01:22,762 INFO sell-guard: [SG] CVS: last=74.67 entry=70.96 pnl=+523 bps (tp=200 stop=100) hold=3052m lim=73.98 free=1 -> stop=False tp=True timeout=False
2025-09-11 16:01:22,762 DEBUG sell-guard: sell window check: start=0935 end=1555 now=1601
2025-09-11 16:01:22,764 INFO sell-guard: CVS outside sell window 09:35–15:55 ET; deferring any sells
2025-09-11 16:01:25,840 INFO sell-guard: [SG] SWKS: last=74.68 entry=76.23 pnl=-203 bps (tp=200 stop=100) hold=3041m lim=73.28 free=1 -> stop=True tp=False timeout=False
2025-09-11 16:01:25,842 DEBUG sell-guard: sell window check: start=0935 end=1555 now=1601
2025-09-11 16:01:25,849 INFO sell-guard: SWKS outside sell window 09:35–15:55 ET; deferring any sells
2025-09-11 16:01:28,859 INFO sell-guard: [SG] PCG: last=15.75 entry=14.86 pnl=+599 bps (tp=200 stop=100) hold=3027m lim=15.30 free=1 -> stop=False tp=True timeout=False
2025-09-11 16:01:28,860 DEBUG sell-guard: sell window check: start=0935 end=1555 now=1601
2025-09-11 16:01:28,862 INFO sell-guard: PCG outside sell window 09:35–15:55 ET; deferring any sells
2025-09-11 16:01:31,981 INFO sell-guard: [SG] NCLH: last=26.93 entry=25.25 pnl=+666 bps (tp=200 stop=100) hold=3054m lim=26.29 free=3 -> stop=False tp=True timeout=False
2025-09-11 16:01:31,982 DEBUG sell-guard: sell window check: start=0935 end=1555 now=1601
2025-09-11 16:01:31,984 INFO sell-guard: NCLH outside sell window 09:35–15:55 ET; deferring any sells
2025-09-11 16:01:35,049 INFO sell-guard: [SG] IVZ: last=22.54 entry=22.35 pnl=+83 bps (tp=200 stop=100) hold=3075m lim=22.25 free=4 -> stop=False tp=False timeout=False
2025-09-11 16:01:35,058 DEBUG sell-guard: sell window check: start=0935 end=1555 now=1601
2025-09-11 16:01:35,124 INFO sell-guard: IVZ outside sell window 09:35–15:55 ET; deferring any sells
2025-09-11 16:01:38,250 INFO sell-guard: [SG] ENPH: last=37.32 entry=39.06 pnl=-445 bps (tp=200 stop=100) hold=3068m lim=37.25 free=2 -> stop=True tp=False timeout=False
2025-09-11 16:01:38,251 DEBUG sell-guard: sell window check: start=0935 end=1555 now=1601
2025-09-11 16:01:38,252 INFO sell-guard: ENPH outside sell window 09:35–15:55 ET; deferring any sells
2025-09-11 16:01:41,130 INFO sell-guard: [SG] WBD: last=16.17 entry=12.21 pnl=+3243 bps (tp=200 stop=100) hold=4315m lim=16.17 free=1 -> stop=False tp=True timeout=False
2025-09-11 16:01:41,131 DEBUG sell-guard: sell window check: start=0935 end=1555 now=1601
2025-09-11 16:01:41,135 INFO sell-guard: WBD outside sell window 09:35–15:55 ET; deferring any sells
2025-09-11 16:01:46,595 INFO sell-guard: ⏱ heartbeat: loop alive (account=kW8LbkuGisPCK9Ey7C8iWA)
2025-09-11 16:01:47,111 INFO sell-guard: positions via get_positions -> 21 symbol(s)
2025-09-11 16:01:47,114 INFO sell-guard: Managing 7 symbol(s): CVS,SWKS,PCG,NCLH,IVZ,ENPH,WBD
2025-09-11 16:01:52,140 INFO sell-guard: [SG] CVS: last=74.67 entry=70.96 pnl=+523 bps (tp=200 stop=100) hold=3052m lim=73.98 free=1 -> stop=False tp=True timeout=False
2025-09-11 16:01:52,142 DEBUG sell-guard: sell window check: start=0935 end=1555 now=1601
2025-09-11 16:01:52,145 INFO sell-guard: CVS outside sell window 09:35–15:55 ET; deferring any sells
2025-09-11 16:01:55,238 INFO sell-guard: [SG] SWKS: last=74.68 entry=76.23 pnl=-203 bps (tp=200 stop=100) hold=3042m lim=73.28 free=1 -> stop=True tp=False timeout=False
2025-09-11 16:01:55,239 DEBUG sell-guard: sell window check: start=0935 end=1555 now=1601
2025-09-11 16:01:55,243 INFO sell-guard: SWKS outside sell window 09:35–15:55 ET; deferring any sells
2025-09-11 16:01:58,286 INFO sell-guard: [SG] PCG: last=15.75 entry=14.86 pnl=+599 bps (tp=200 stop=100) hold=3028m lim=15.30 free=1 -> stop=False tp=True timeout=False
2025-09-11 16:01:58,286 DEBUG sell-guard: sell window check: start=0935 end=1555 now=1601
2025-09-11 16:01:58,289 INFO sell-guard: PCG outside sell window 09:35–15:55 ET; deferring any sells
2025-09-11 16:02:01,624 INFO sell-guard: [SG] NCLH: last=26.93 entry=25.25 pnl=+666 bps (tp=200 stop=100) hold=3054m lim=26.38 free=3 -> stop=False tp=True timeout=False
2025-09-11 16:02:01,636 DEBUG sell-guard: sell window check: start=0935 end=1555 now=1602
2025-09-11 16:02:01,686 INFO sell-guard: NCLH outside sell window 09:35–15:55 ET; deferring any sells
2025-09-11 16:02:05,717 INFO sell-guard: [SG] IVZ: last=22.54 entry=22.35 pnl=+83 bps (tp=200 stop=100) hold=3075m lim=22.31 free=4 -> stop=False tp=False timeout=False
2025-09-11 16:02:05,718 DEBUG sell-guard: sell window check: start=0935 end=1555 now=1602
2025-09-11 16:02:05,720 INFO sell-guard: IVZ outside sell window 09:35–15:55 ET; deferring any sells
2025-09-11 16:02:08,892 INFO sell-guard: [SG] ENPH: last=37.32 entry=39.06 pnl=-445 bps (tp=200 stop=100) hold=3069m lim=37.25 free=2 -> stop=True tp=False timeout=False
2025-09-11 16:02:08,894 DEBUG sell-guard: sell window check: start=0935 end=1555 now=1602
2025-09-11 16:02:08,897 INFO sell-guard: ENPH outside sell window 09:35–15:55 ET; deferring any sells
2025-09-11 16:02:11,979 INFO sell-guard: [SG] WBD: last=16.17 entry=12.21 pnl=+3243 bps (tp=200 stop=100) hold=4316m lim=16.17 free=1 -> stop=False tp=True timeout=False
2025-09-11 16:02:11,980 DEBUG sell-guard: sell window check: start=0935 end=1555 now=1602
2025-09-11 16:02:11,984 INFO sell-guard: WBD outside sell window 09:35–15:55 ET; deferring any sells
2025-09-11 16:02:16,596 INFO sell-guard: ⏱ heartbeat: loop alive (account=kW8LbkuGisPCK9Ey7C8iWA)
2025-09-11 16:02:17,153 INFO sell-guard: positions via get_positions -> 21 symbol(s)
2025-09-11 16:02:17,153 INFO sell-guard: Managing 7 symbol(s): CVS,SWKS,PCG,NCLH,IVZ,ENPH,WBD
2025-09-11 16:02:22,445 INFO sell-guard: [SG] CVS: last=74.67 entry=70.96 pnl=+523 bps (tp=200 stop=100) hold=3053m lim=73.98 free=1 -> stop=False tp=True timeout=False
2025-09-11 16:02:22,446 DEBUG sell-guard: sell window check: start=0935 end=1555 now=1602
2025-09-11 16:02:22,448 INFO sell-guard: CVS outside sell window 09:35–15:55 ET; deferring any sells
2025-09-11 16:02:25,568 INFO sell-guard: [SG] SWKS: last=74.68 entry=76.23 pnl=-203 bps (tp=200 stop=100) hold=3042m lim=73.28 free=1 -> stop=True tp=False timeout=False
2025-09-11 16:02:25,569 DEBUG sell-guard: sell window check: start=0935 end=1555 now=1602
2025-09-11 16:02:25,572 INFO sell-guard: SWKS outside sell window 09:35–15:55 ET; deferring any sells
2025-09-11 16:02:28,768 INFO sell-guard: [SG] PCG: last=15.75 entry=14.86 pnl=+599 bps (tp=200 stop=100) hold=3028m lim=15.30 free=1 -> stop=False tp=True timeout=False
2025-09-11 16:02:28,770 DEBUG sell-guard: sell window check: start=0935 end=1555 now=1602
2025-09-11 16:02:28,775 INFO sell-guard: PCG outside sell window 09:35–15:55 ET; deferring any sells
2025-09-11 16:02:32,166 INFO sell-guard: [SG] NCLH: last=26.93 entry=25.25 pnl=+666 bps (tp=200 stop=100) hold=3055m lim=26.38 free=3 -> stop=False tp=True timeout=False
2025-09-11 16:02:32,168 DEBUG sell-guard: sell window check: start=0935 end=1555 now=1602
2025-09-11 16:02:32,170 INFO sell-guard: NCLH outside sell window 09:35–15:55 ET; deferring any sells
2025-09-11 16:02:35,280 INFO sell-guard: [SG] IVZ: last=22.54 entry=22.35 pnl=+83 bps (tp=200 stop=100) hold=3076m lim=22.31 free=4 -> stop=False tp=False timeout=False
2025-09-11 16:02:35,281 DEBUG sell-guard: sell window check: start=0935 end=1555 now=1602
2025-09-11 16:02:35,285 INFO sell-guard: IVZ outside sell window 09:35–15:55 ET; deferring any sells
2025-09-11 16:02:38,304 INFO sell-guard: [SG] ENPH: last=37.32 entry=39.06 pnl=-445 bps (tp=200 stop=100) hold=3069m lim=37.25 free=2 -> stop=True tp=False timeout=False
2025-09-11 16:02:38,306 DEBUG sell-guard: sell window check: start=0935 end=1555 now=1602
2025-09-11 16:02:38,309 INFO sell-guard: ENPH outside sell window 09:35–15:55 ET; deferring any sells
2025-09-11 16:02:41,416 INFO sell-guard: [SG] WBD: last=16.17 entry=12.21 pnl=+3243 bps (tp=200 stop=100) hold=4316m lim=16.17 free=1 -> stop=False tp=True timeout=False
2025-09-11 16:02:41,417 DEBUG sell-guard: sell window check: start=0935 end=1555 now=1602
2025-09-11 16:02:41,419 INFO sell-guard: WBD outside sell window 09:35–15:55 ET; deferring any sells
2025-09-11 16:02:46,596 INFO sell-guard: ⏱ heartbeat: loop alive (account=kW8LbkuGisPCK9Ey7C8iWA)
2025-09-11 16:02:47,177 INFO sell-guard: positions via get_positions -> 21 symbol(s)
2025-09-11 16:02:47,178 INFO sell-guard: Managing 7 symbol(s): CVS,SWKS,PCG,NCLH,IVZ,ENPH,WBD
2025-09-11 16:02:52,491 INFO sell-guard: [SG] CVS: last=74.67 entry=70.96 pnl=+523 bps (tp=200 stop=100) hold=3053m lim=73.98 free=1 -> stop=False tp=True timeout=False
2025-09-11 16:02:52,493 DEBUG sell-guard: sell window check: start=0935 end=1555 now=1602
2025-09-11 16:02:52,500 INFO sell-guard: CVS outside sell window 09:35–15:55 ET; deferring any sells
2025-09-11 16:02:55,482 INFO sell-guard: [SG] SWKS: last=74.68 entry=76.23 pnl=-203 bps (tp=200 stop=100) hold=3043m lim=73.28 free=1 -> stop=True tp=False timeout=False
2025-09-11 16:02:55,485 DEBUG sell-guard: sell window check: start=0935 end=1555 now=1602
2025-09-11 16:02:55,499 INFO sell-guard: SWKS outside sell window 09:35–15:55 ET; deferring any sells
2025-09-11 16:02:59,219 INFO sell-guard: [SG] PCG: last=15.75 entry=14.86 pnl=+599 bps (tp=200 stop=100) hold=3029m lim=15.30 free=1 -> stop=False tp=True timeout=False
2025-09-11 16:02:59,221 DEBUG sell-guard: sell window check: start=0935 end=1555 now=1602
2025-09-11 16:02:59,227 INFO sell-guard: PCG outside sell window 09:35–15:55 ET; deferring any sells
2025-09-11 16:03:02,240 INFO sell-guard: [SG] NCLH: last=26.93 entry=25.25 pnl=+666 bps (tp=200 stop=100) hold=3055m lim=26.38 free=3 -> stop=False tp=True timeout=False
2025-09-11 16:03:02,242 DEBUG sell-guard: sell window check: start=0935 end=1555 now=1603
2025-09-11 16:03:02,245 INFO sell-guard: NCLH outside sell window 09:35–15:55 ET; deferring any sells
2025-09-11 16:03:05,484 INFO sell-guard: [SG] IVZ: last=22.54 entry=22.35 pnl=+83 bps (tp=200 stop=100) hold=3076m lim=22.31 free=4 -> stop=False tp=False timeout=False
2025-09-11 16:03:05,485 DEBUG sell-guard: sell window check: start=0935 end=1555 now=1603
2025-09-11 16:03:05,488 INFO sell-guard: IVZ outside sell window 09:35–15:55 ET; deferring any sells
2025-09-11 16:03:08,541 INFO sell-guard: [SG] ENPH: last=37.32 entry=39.06 pnl=-445 bps (tp=200 stop=100) hold=3070m lim=37.26 free=2 -> stop=True tp=False timeout=False
2025-09-11 16:03:08,542 DEBUG sell-guard: sell window check: start=0935 end=1555 now=1603
2025-09-11 16:03:08,551 INFO sell-guard: ENPH outside sell window 09:35–15:55 ET; deferring any sells
2025-09-11 16:03:11,531 INFO sell-guard: [SG] WBD: last=16.17 entry=12.21 pnl=+3243 bps (tp=200 stop=100) hold=4317m lim=16.17 free=1 -> stop=False tp=True timeout=False
2025-09-11 16:03:11,538 DEBUG sell-guard: sell window check: start=0935 end=1555 now=1603
2025-09-11 16:03:11,569 INFO sell-guard: WBD outside sell window 09:35–15:55 ET; deferring any sells
2025-09-11 16:03:16,597 INFO sell-guard: ⏱ heartbeat: loop alive (account=kW8LbkuGisPCK9Ey7C8iWA)
2025-09-11 16:03:17,124 INFO sell-guard: positions via get_positions -> 21 symbol(s)
2025-09-11 16:03:17,125 INFO sell-guard: Managing 7 symbol(s): CVS,SWKS,PCG,NCLH,IVZ,ENPH,WBD
2025-09-11 16:03:22,105 INFO sell-guard: [SG] CVS: last=74.67 entry=70.96 pnl=+523 bps (tp=200 stop=100) hold=3054m lim=73.98 free=1 -> stop=False tp=True timeout=False
2025-09-11 16:03:22,119 DEBUG sell-guard: sell window check: start=0935 end=1555 now=1603
2025-09-11 16:03:22,132 INFO sell-guard: CVS outside sell window 09:35–15:55 ET; deferring any sells
2025-09-11 16:03:25,221 INFO sell-guard: [SG] SWKS: last=74.68 entry=76.23 pnl=-203 bps (tp=200 stop=100) hold=3043m lim=73.28 free=1 -> stop=True tp=False timeout=False
2025-09-11 16:03:25,222 DEBUG sell-guard: sell window check: start=0935 end=1555 now=1603
2025-09-11 16:03:25,223 INFO sell-guard: SWKS outside sell window 09:35–15:55 ET; deferring any sells
2025-09-11 16:03:28,231 INFO sell-guard: [SG] PCG: last=15.75 entry=14.86 pnl=+599 bps (tp=200 stop=100) hold=3029m lim=15.30 free=1 -> stop=False tp=True timeout=False
2025-09-11 16:03:28,233 DEBUG sell-guard: sell window check: start=0935 end=1555 now=1603
2025-09-11 16:03:28,236 INFO sell-guard: PCG outside sell window 09:35–15:55 ET; deferring any sells
2025-09-11 16:03:31,622 INFO sell-guard: [SG] NCLH: last=26.93 entry=25.25 pnl=+666 bps (tp=200 stop=100) hold=3056m lim=26.29 free=3 -> stop=False tp=True timeout=False
2025-09-11 16:03:31,624 DEBUG sell-guard: sell window check: start=0935 end=1555 now=1603
2025-09-11 16:03:31,626 INFO sell-guard: NCLH outside sell window 09:35–15:55 ET; deferring any sells
2025-09-11 16:03:34,641 INFO sell-guard: [SG] IVZ: last=22.54 entry=22.35 pnl=+83 bps (tp=200 stop=100) hold=3077m lim=22.31 free=4 -> stop=False tp=False timeout=False
2025-09-11 16:03:34,642 DEBUG sell-guard: sell window check: start=0935 end=1555 now=1603
2025-09-11 16:03:34,647 INFO sell-guard: IVZ outside sell window 09:35–15:55 ET; deferring any sells
2025-09-11 16:03:37,646 INFO sell-guard: [SG] ENPH: last=37.32 entry=39.06 pnl=-445 bps (tp=200 stop=100) hold=3070m lim=37.25 free=2 -> stop=True tp=False timeout=False
2025-09-11 16:03:37,648 DEBUG sell-guard: sell window check: start=0935 end=1555 now=1603
2025-09-11 16:03:37,652 INFO sell-guard: ENPH outside sell window 09:35–15:55 ET; deferring any sells
2025-09-11 16:03:40,945 INFO sell-guard: [SG] WBD: last=16.17 entry=12.21 pnl=+3243 bps (tp=200 stop=100) hold=4317m lim=16.17 free=1 -> stop=False tp=True timeout=False
2025-09-11 16:03:40,946 DEBUG sell-guard: sell window check: start=0935 end=1555 now=1603
2025-09-11 16:03:40,949 INFO sell-guard: WBD outside sell window 09:35–15:55 ET; deferring any sells
2025-09-11 16:03:46,598 INFO sell-guard: ⏱ heartbeat: loop alive (account=kW8LbkuGisPCK9Ey7C8iWA)
2025-09-11 16:03:47,169 INFO sell-guard: positions via get_positions -> 21 symbol(s)
2025-09-11 16:03:47,170 INFO sell-guard: Managing 7 symbol(s): CVS,SWKS,PCG,NCLH,IVZ,ENPH,WBD
2025-09-11 16:03:52,761 INFO sell-guard: [SG] CVS: last=74.67 entry=70.96 pnl=+523 bps (tp=200 stop=100) hold=3055m lim=73.98 free=1 -> stop=False tp=True timeout=False
2025-09-11 16:03:52,762 DEBUG sell-guard: sell window check: start=0935 end=1555 now=1603
2025-09-11 16:03:52,769 INFO sell-guard: CVS outside sell window 09:35–15:55 ET; deferring any sells
2025-09-11 16:03:55,882 INFO sell-guard: [SG] SWKS: last=74.68 entry=76.23 pnl=-203 bps (tp=200 stop=100) hold=3044m lim=73.28 free=1 -> stop=True tp=False timeout=False
2025-09-11 16:03:55,884 DEBUG sell-guard: sell window check: start=0935 end=1555 now=1603
2025-09-11 16:03:55,888 INFO sell-guard: SWKS outside sell window 09:35–15:55 ET; deferring any sells
2025-09-11 16:03:58,975 INFO sell-guard: [SG] PCG: last=15.75 entry=14.86 pnl=+599 bps (tp=200 stop=100) hold=3030m lim=15.30 free=1 -> stop=False tp=True timeout=False
2025-09-11 16:03:58,977 DEBUG sell-guard: sell window check: start=0935 end=1555 now=1603
2025-09-11 16:03:58,982 INFO sell-guard: PCG outside sell window 09:35–15:55 ET; deferring any sells
2025-09-11 16:04:02,132 INFO sell-guard: [SG] NCLH: last=26.93 entry=25.25 pnl=+666 bps (tp=200 stop=100) hold=3056m lim=26.29 free=3 -> stop=False tp=True timeout=False
2025-09-11 16:04:02,134 DEBUG sell-guard: sell window check: start=0935 end=1555 now=1604
2025-09-11 16:04:02,136 INFO sell-guard: NCLH outside sell window 09:35–15:55 ET; deferring any sells
2025-09-11 16:04:05,220 INFO sell-guard: [SG] IVZ: last=22.54 entry=22.35 pnl=+83 bps (tp=200 stop=100) hold=3077m lim=22.31 free=4 -> stop=False tp=False timeout=False
2025-09-11 16:04:05,221 DEBUG sell-guard: sell window check: start=0935 end=1555 now=1604
2025-09-11 16:04:05,225 INFO sell-guard: IVZ outside sell window 09:35–15:55 ET; deferring any sells
2025-09-11 16:04:08,242 INFO sell-guard: [SG] ENPH: last=37.32 entry=39.06 pnl=-445 bps (tp=200 stop=100) hold=3071m lim=37.25 free=2 -> stop=True tp=False timeout=False
2025-09-11 16:04:08,243 DEBUG sell-guard: sell window check: start=0935 end=1555 now=1604
2025-09-11 16:04:08,246 INFO sell-guard: ENPH outside sell window 09:35–15:55 ET; deferring any sells
2025-09-11 16:04:11,311 INFO sell-guard: [SG] WBD: last=16.17 entry=12.21 pnl=+3243 bps (tp=200 stop=100) hold=4318m lim=16.17 free=1 -> stop=False tp=True timeout=False
2025-09-11 16:04:11,312 DEBUG sell-guard: sell window check: start=0935 end=1555 now=1604
2025-09-11 16:04:11,319 INFO sell-guard: WBD outside sell window 09:35–15:55 ET; deferring any sells
2025-09-11 16:04:16,599 INFO sell-guard: ⏱ heartbeat: loop alive (account=kW8LbkuGisPCK9Ey7C8iWA)
2025-09-11 16:04:17,128 INFO sell-guard: positions via get_positions -> 21 symbol(s)
2025-09-11 16:04:17,128 INFO sell-guard: Managing 7 symbol(s): CVS,SWKS,PCG,NCLH,IVZ,ENPH,WBD
2025-09-11 16:04:22,779 INFO sell-guard: [SG] CVS: last=74.67 entry=70.96 pnl=+523 bps (tp=200 stop=100) hold=3055m lim=73.98 free=1 -> stop=False tp=True timeout=False
2025-09-11 16:04:22,781 DEBUG sell-guard: sell window check: start=0935 end=1555 now=1604
2025-09-11 16:04:22,784 INFO sell-guard: CVS outside sell window 09:35–15:55 ET; deferring any sells
2025-09-11 16:04:25,801 INFO sell-guard: [SG] SWKS: last=74.68 entry=76.23 pnl=-203 bps (tp=200 stop=100) hold=3044m lim=73.28 free=1 -> stop=True tp=False timeout=False
2025-09-11 16:04:25,802 DEBUG sell-guard: sell window check: start=0935 end=1555 now=1604
2025-09-11 16:04:25,804 INFO sell-guard: SWKS outside sell window 09:35–15:55 ET; deferring any sells
2025-09-11 16:04:28,967 INFO sell-guard: [SG] PCG: last=15.75 entry=14.86 pnl=+599 bps (tp=200 stop=100) hold=3030m lim=15.30 free=1 -> stop=False tp=True timeout=False
2025-09-11 16:04:28,968 DEBUG sell-guard: sell window check: start=0935 end=1555 now=1604
2025-09-11 16:04:28,971 INFO sell-guard: PCG outside sell window 09:35–15:55 ET; deferring any sells
2025-09-11 16:04:31,950 INFO sell-guard: [SG] NCLH: last=26.93 entry=25.25 pnl=+666 bps (tp=200 stop=100) hold=3057m lim=26.29 free=3 -> stop=False tp=True timeout=False
2025-09-11 16:04:31,951 DEBUG sell-guard: sell window check: start=0935 end=1555 now=1604
2025-09-11 16:04:31,954 INFO sell-guard: NCLH outside sell window 09:35–15:55 ET; deferring any sells
2025-09-11 16:04:35,140 INFO sell-guard: [SG] IVZ: last=22.54 entry=22.35 pnl=+83 bps (tp=200 stop=100) hold=3078m lim=22.31 free=4 -> stop=False tp=False timeout=False
2025-09-11 16:04:35,140 DEBUG sell-guard: sell window check: start=0935 end=1555 now=1604
2025-09-11 16:04:35,144 INFO sell-guard: IVZ outside sell window 09:35–15:55 ET; deferring any sells
2025-09-11 16:04:38,212 INFO sell-guard: [SG] ENPH: last=37.32 entry=39.06 pnl=-445 bps (tp=200 stop=100) hold=3071m lim=37.25 free=2 -> stop=True tp=False timeout=False
2025-09-11 16:04:38,214 DEBUG sell-guard: sell window check: start=0935 end=1555 now=1604
2025-09-11 16:04:38,218 INFO sell-guard: ENPH outside sell window 09:35–15:55 ET; deferring any sells
2025-09-11 16:04:41,477 INFO sell-guard: [SG] WBD: last=16.17 entry=12.21 pnl=+3243 bps (tp=200 stop=100) hold=4318m lim=16.17 free=1 -> stop=False tp=True timeout=False
2025-09-11 16:04:41,480 DEBUG sell-guard: sell window check: start=0935 end=1555 now=1604
2025-09-11 16:04:41,484 INFO sell-guard: WBD outside sell window 09:35–15:55 ET; deferring any sells
2025-09-11 16:04:46,599 INFO sell-guard: ⏱ heartbeat: loop alive (account=kW8LbkuGisPCK9Ey7C8iWA)
2025-09-11 16:04:47,184 INFO sell-guard: positions via get_positions -> 21 symbol(s)
2025-09-11 16:04:47,185 INFO sell-guard: Managing 7 symbol(s): CVS,SWKS,PCG,NCLH,IVZ,ENPH,WBD
2025-09-11 16:04:53,090 INFO sell-guard: [SG] CVS: last=74.67 entry=70.96 pnl=+523 bps (tp=200 stop=100) hold=3056m lim=73.98 free=1 -> stop=False tp=True timeout=False
2025-09-11 16:04:53,090 DEBUG sell-guard: sell window check: start=0935 end=1555 now=1604
2025-09-11 16:04:53,093 INFO sell-guard: CVS outside sell window 09:35–15:55 ET; deferring any sells
2025-09-11 16:04:56,182 INFO sell-guard: [SG] SWKS: last=74.68 entry=76.23 pnl=-203 bps (tp=200 stop=100) hold=3045m lim=73.28 free=1 -> stop=True tp=False timeout=False
2025-09-11 16:04:56,184 DEBUG sell-guard: sell window check: start=0935 end=1555 now=1604
2025-09-11 16:04:56,187 INFO sell-guard: SWKS outside sell window 09:35–15:55 ET; deferring any sells
2025-09-11 16:04:59,123 INFO sell-guard: [SG] PCG: last=15.75 entry=14.86 pnl=+599 bps (tp=200 stop=100) hold=3031m lim=15.30 free=1 -> stop=False tp=True timeout=False
2025-09-11 16:04:59,125 DEBUG sell-guard: sell window check: start=0935 end=1555 now=1604
2025-09-11 16:04:59,131 INFO sell-guard: PCG outside sell window 09:35–15:55 ET; deferring any sells
2025-09-11 16:05:02,301 INFO sell-guard: [SG] NCLH: last=26.93 entry=25.25 pnl=+666 bps (tp=200 stop=100) hold=3057m lim=26.29 free=3 -> stop=False tp=True timeout=False
2025-09-11 16:05:02,303 DEBUG sell-guard: sell window check: start=0935 end=1555 now=1605
2025-09-11 16:05:02,308 INFO sell-guard: NCLH outside sell window 09:35–15:55 ET; deferring any sells
