timestamp,symbol,price,ADX,ATR_val,ATR_pct,SuperTracker_osc,SuperTracker_sig,signals
2025-08-07T13:30:04.619020,ADBE,344.04,53.48,0.43,0.12,18.24,18.24,ADX ≥ 20.0;MACD 🚀;RSI 📈
2025-08-07T13:30:06.200107,AMD,166.93,35.45,0.78,0.47,41.30,41.30,ADX ≥ 20.0;MACD 🚀;BB breakout;RSI 📈;Gap % ≥ 1.5;Price > SMA20
2025-08-07T13:30:07.058549,AES,13.10,26.00,0.05,0.37,62.59,62.59,ADX ≥ 20.0;MACD 🚀;BB breakout;RSI 📈;Gap % ≥ 1.5;Price > SMA20
2025-08-07T13:30:07.742076,AFL,102.25,26.21,0.20,0.19,5.48,5.48,ADX ≥ 20.0;MACD 🚀;Price > SMA20
2025-08-07T13:30:08.848073,A,114.12,47.01,0.23,0.20,45.72,45.72,ADX ≥ 20.0;MACD 🚀;BB breakout;RSI 📈;Price > SMA20
2025-08-07T13:30:11.606065,ALB,70.41,37.87,0.36,0.51,102.89,102.89,ADX ≥ 20.0;MACD 🚀;BB breakout;RSI 📈;ATR % ≥ 0.5%;Gap % ≥ 1.5;Price > SMA20
2025-08-07T13:30:18.474559,GOOGL,196.97,26.78,0.26,0.13,68.68,68.68,ADX ≥ 20.0;MACD 🚀;BB breakout;RSI 📈;Price > SMA20
2025-08-07T13:30:19.526231,GOOG,197.87,26.60,0.26,0.13,71.77,71.77,ADX ≥ 20.0;MACD 🚀;BB breakout;RSI 📈;Price > SMA20
2025-08-07T13:30:35.224475,AMCR,9.49,37.37,0.03,0.27,41.12,41.12,ADX ≥ 20.0;MACD 🚀;BB breakout;RSI 📈;Price > SMA20
2025-08-07T13:30:40.619892,AXP,297.87,37.55,0.55,0.18,72.32,72.32,ADX ≥ 20.0;MACD 🚀;BB breakout;RSI 📈;Price > SMA20
2025-08-07T13:30:45.861930,AMP,509.70,26.46,0.61,0.12,30.94,30.94,ADX ≥ 20.0;MACD 🚀;BB breakout;RSI 📈;Price > SMA20
2025-08-07T13:30:46.853965,AME,187.06,53.74,0.32,0.17,77.87,77.87,ADX ≥ 20.0;MACD 🚀;BB breakout;RSI 📈;Price > SMA20
2025-08-07T13:30:47.630685,AMGN,287.41,33.66,0.91,0.32,18.76,18.76,ADX ≥ 20.0;MACD 🚀;BB breakout;RSI 📈;Price > SMA20
2025-08-07T13:31:04.324312,APA,19.32,33.91,0.16,0.83,95.13,95.13,ADX ≥ 20.0;MACD 🚀;BB breakout;RSI 📈;ATR % ≥ 0.5%;Gap % ≥ 1.5;Price > SMA20
2025-08-07T13:31:05.551643,APO,148.80,30.31,0.48,0.32,73.56,73.56,ADX ≥ 20.0;MACD 🚀;BB breakout;RSI 📈;Gap % ≥ 1.5;Price > SMA20
2025-08-07T13:31:06.364645,AAPL,217.20,31.60,0.68,0.31,86.86,86.86,ADX ≥ 20.0;MACD 🚀;BB breakout;RSI 📈;Gap % ≥ 1.5;Price > SMA20
2025-08-07T13:31:09.246395,AMAT,185.46,41.14,0.76,0.41,123.56,123.56,ADX ≥ 20.0;MACD 🚀;BB breakout;RSI 📈;Gap % ≥ 1.5;Price > SMA20
2025-08-07T13:31:10.177244,APTV,65.62,31.34,0.12,0.18,23.35,23.35,ADX ≥ 20.0;MACD 🚀;BB breakout;RSI 📈;Price > SMA20
2025-08-07T13:32:00.033764,AVB,187.68,41.37,0.38,0.20,28.00,28.00,ADX ≥ 20.0;MACD 🚀;BB breakout;RSI 📈;Price > SMA20
2025-08-07T13:32:01.423375,AVY,167.98,26.81,0.22,0.13,11.76,11.76,ADX ≥ 20.0;MACD 🚀;BB breakout;RSI 📈;Price > SMA20
2025-08-07T13:32:06.473186,BKR,44.24,22.38,0.12,0.28,83.93,83.93,ADX ≥ 20.0;MACD 🚀;BB breakout;RSI 📈;Price > SMA20
2025-08-07T13:32:11.136015,BALL,53.14,31.41,0.18,0.35,29.76,29.76,ADX ≥ 20.0;MACD 🚀;BB breakout;RSI 📈;Price > SMA20
2025-08-07T13:32:16.210107,BAX,22.85,44.70,0.09,0.39,64.14,64.14,ADX ≥ 20.0;MACD 🚀;BB breakout;RSI 📈;Gap % ≥ 1.5;Price > SMA20
2025-08-07T13:32:17.488619,BDX,186.56,21.53,1.34,0.72,140.19,140.19,ADX ≥ 20.0;MACD 🚀;BB breakout;RSI 📈;ATR % ≥ 0.5%;Gap % ≥ 1.5;Price > SMA20
2025-08-07T13:32:24.356790,BBY,68.53,32.58,0.16,0.24,71.14,71.14,ADX ≥ 20.0;MACD 🚀;BB breakout;RSI 📈;Price > SMA20
2025-08-07T13:32:29.909544,BIIB,129.80,23.56,0.25,0.19,21.62,21.62,ADX ≥ 20.0;MACD 🚀;BB breakout;RSI 📈;Price > SMA20
2025-08-07T13:32:34.502728,BX,170.81,55.22,0.35,0.21,74.17,74.17,ADX ≥ 20.0;MACD 🚀;BB breakout;RSI 📈;Price > SMA20
2025-08-07T13:32:37.473091,BA,226.76,44.66,0.31,0.14,51.92,51.92,ADX ≥ 20.0;MACD 🚀;BB breakout;RSI 📈;Price > SMA20
2025-08-07T13:32:38.457784,BKNG,5550.00,22.50,8.30,0.15,18.06,18.06,ADX ≥ 20.0;MACD 🚀;BB breakout;RSI 📈;ATR14 ≥ 2.0;Price > SMA20
2025-08-07T13:33:10.830893,AVGO,305.74,32.30,1.00,0.33,58.88,58.88,ADX ≥ 20.0;MACD 🚀;BB breakout;RSI 📈;Price > SMA20
2025-08-07T13:33:15.255249,BF-B,0.00,39.84,0.08,inf,43.80,43.80,ADX ≥ 20.0;MACD 🚀;ATR % ≥ 0.5%
2025-08-07T13:33:28.020521,BG,82.17,41.74,0.25,0.31,47.79,47.79,ADX ≥ 20.0;MACD 🚀;BB breakout;Price > SMA20
2025-08-07T13:33:32.633567,CDNS,363.60,31.27,0.88,0.24,74.32,74.32,ADX ≥ 20.0;MACD 🚀;BB breakout;RSI 📈;Price > SMA20
2025-08-07T13:33:38.180738,CPB,33.02,33.56,0.09,0.26,66.84,66.84,ADX ≥ 20.0;MACD 🚀;BB breakout;RSI 📈;Price > SMA20
2025-08-07T13:33:38.943446,COF,214.11,23.63,0.32,0.15,65.74,65.74,ADX ≥ 20.0;MACD 🚀;BB breakout;RSI 📈;Price > SMA20
2025-08-07T13:33:49.436939,CCL,29.60,33.72,0.08,0.27,69.32,69.32,ADX ≥ 20.0;MACD 🚀;BB breakout;RSI 📈;Price > SMA20
2025-08-07T13:34:15.326029,CBOE,248.12,27.30,0.47,0.19,43.64,43.64,ADX ≥ 20.0;MACD 🚀;BB breakout;RSI 📈;Price > SMA20
2025-08-07T13:34:36.562660,CVX,154.63,23.57,0.36,0.24,49.33,49.33,ADX ≥ 20.0;MACD 🚀;BB breakout;RSI 📈;Price > SMA20
2025-08-07T13:34:37.860470,CMG,43.01,51.32,0.09,0.22,83.44,83.44,ADX ≥ 20.0;MACD 🚀;BB breakout;RSI 📈;Price > SMA20
2025-08-07T13:34:40.894559,CHD,92.82,23.99,0.14,0.15,23.76,23.76,ADX ≥ 20.0;MACD 🚀;BB breakout;RSI 📈;Price > SMA20
2025-08-07T13:34:46.960861,CINF,154.45,29.44,0.23,0.15,24.24,24.24,ADX ≥ 20.0;MACD 🚀;BB breakout;RSI 📈;Price > SMA20
2025-08-07T13:34:47.876272,CTAS,225.50,43.44,0.28,0.12,82.70,82.70,ADX ≥ 20.0;MACD 🚀;BB breakout;RSI 📈;Price > SMA20
2025-08-07T13:34:50.812302,CSCO,69.97,34.58,0.13,0.18,93.74,93.74,ADX ≥ 20.0;MACD 🚀;BB breakout;RSI 📈;Price > SMA20
2025-08-07T13:34:51.779301,C,92.83,28.07,0.19,0.20,85.32,85.32,ADX ≥ 20.0;MACD 🚀;BB breakout;RSI 📈;Price > SMA20
2025-08-07T13:34:52.599847,CFG,47.34,27.10,0.09,0.19,68.86,68.86,ADX ≥ 20.0;MACD 🚀;Price > SMA20
2025-08-07T13:34:57.733648,CTSH,71.69,27.96,0.16,0.23,65.73,65.73,ADX ≥ 20.0;MACD 🚀;BB breakout;RSI 📈;Price > SMA20
2025-08-07T13:35:02.477661,CMCSA,32.45,45.09,0.06,0.18,44.87,44.87,ADX ≥ 20.0;MACD 🚀;BB breakout;RSI 📈;Price > SMA20
2025-08-07T13:35:03.953841,CAG,19.13,21.04,0.05,0.24,45.48,45.48,ADX ≥ 20.0;MACD 🚀;BB breakout;RSI 📈;Price > SMA20
2025-08-07T13:35:07.044540,COP,94.89,28.64,0.45,0.47,82.22,82.22,ADX ≥ 20.0;MACD 🚀;BB breakout;RSI 📈;Price > SMA20
2025-08-07T13:35:09.167225,STZ,170.89,22.41,0.45,0.26,80.20,80.20,ADX ≥ 20.0;MACD 🚀;Price > SMA20
2025-08-07T13:35:11.451369,COO,69.58,30.43,0.19,0.28,87.65,87.65,ADX ≥ 20.0;MACD 🚀;BB breakout;RSI 📈;Price > SMA20
2025-08-07T13:35:12.770157,CPRT,47.37,25.53,0.07,0.15,51.72,51.72,ADX ≥ 20.0;MACD 🚀;RSI 📈;Price > SMA20
2025-08-07T13:35:13.741733,GLW,64.61,20.63,0.25,0.39,124.21,124.21,ADX ≥ 20.0;MACD 🚀;BB breakout;RSI 📈;Price > SMA20
2025-08-07T13:35:16.212045,CSGP,96.92,23.02,0.20,0.21,37.99,37.99,ADX ≥ 20.0;MACD 🚀;BB breakout;RSI 📈;Price > SMA20
2025-08-07T13:35:17.174864,COST,978.78,29.76,1.98,0.20,88.58,88.58,ADX ≥ 20.0;MACD 🚀;BB breakout;RSI 📈;Price > SMA20
2025-08-07T13:35:22.885461,CMI,385.44,25.05,0.97,0.25,70.22,70.22,ADX ≥ 20.0;MACD 🚀;BB breakout;RSI 📈;Price > SMA20
2025-08-07T13:35:24.626160,DHR,197.61,29.70,0.54,0.27,51.97,51.97,ADX ≥ 20.0;MACD 🚀;BB breakout;RSI 📈;Price > SMA20
2025-08-07T13:35:28.985939,DVA,128.56,68.24,0.70,0.55,68.65,68.65,ADX ≥ 20.0;MACD 🚀;BB breakout;RSI 📈;ATR % ≥ 0.5%;Range % ≥ 2.0;Price > SMA20
2025-08-07T13:35:29.889893,DAY,54.48,31.21,0.33,0.61,44.99,44.99,ADX ≥ 20.0;MACD 🚀;BB breakout;RSI 📈;ATR % ≥ 0.5%;Price > SMA20
2025-08-07T13:35:32.072401,DE,512.82,28.29,0.91,0.18,62.64,62.64,ADX ≥ 20.0;MACD 🚀;BB breakout;RSI 📈;Price > SMA20
2025-08-07T13:35:33.011019,DELL,131.30,33.62,0.52,0.40,93.54,93.54,ADX ≥ 20.0;MACD 🚀;BB breakout;RSI 📈;Price > SMA20
2025-08-07T13:35:34.268168,DAL,54.27,30.12,0.14,0.26,44.98,44.98,ADX ≥ 20.0;MACD 🚀;Price > SMA20
2025-08-07T13:35:35.410008,DVN,33.41,33.66,0.17,0.51,54.33,54.33,ADX ≥ 20.0;MACD 🚀;BB breakout;RSI 📈;ATR % ≥ 0.5%;Price > SMA20
2025-08-07T13:35:41.369131,FANG,147.36,46.11,0.64,0.44,47.40,47.40,ADX ≥ 20.0;MACD 🚀;BB breakout;RSI 📈;Price > SMA20
2025-08-07T13:35:42.342483,DLR,170.13,41.71,0.35,0.20,37.83,37.83,ADX ≥ 20.0;MACD 🚀;Price > SMA20
2025-08-07T13:35:46.619356,DPZ,446.79,20.36,0.91,0.20,74.46,74.46,ADX ≥ 20.0;MACD 🚀;BB breakout;RSI 📈;Price > SMA20
2025-08-07T13:35:47.517326,DASH,269.95,62.37,2.28,0.84,148.67,148.67,ADX ≥ 20.0;MACD 🚀;RSI 📈;ATR14 ≥ 2.0;ATR % ≥ 0.5%;Price > SMA20
2025-08-07T13:35:48.590581,DOV,176.36,40.52,0.34,0.19,77.24,77.24,ADX ≥ 20.0;MACD 🚀;BB breakout;RSI 📈;Price > SMA20
2025-08-07T13:35:49.752729,DOW,22.01,32.02,0.11,0.52,83.14,83.14,ADX ≥ 20.0;MACD 🚀;BB breakout;RSI 📈;ATR % ≥ 0.5%;Price > SMA20
2025-08-07T13:35:50.997664,DHI,156.94,28.15,0.51,0.33,102.63,102.63,ADX ≥ 20.0;MACD 🚀;BB breakout;RSI 📈;Price > SMA20
2025-08-07T13:35:52.339946,DTE,139.86,21.99,0.21,0.15,54.13,54.13,ADX ≥ 20.0;MACD 🚀;BB breakout;Price > SMA20
2025-08-07T13:35:54.017725,DD,71.93,30.20,0.26,0.36,66.00,66.00,ADX ≥ 20.0;MACD 🚀;BB breakout;RSI 📈;Price > SMA20
2025-08-07T13:35:56.975181,ECL,270.72,50.33,0.46,0.17,99.27,99.27,ADX ≥ 20.0;MACD 🚀;BB breakout;RSI 📈;Price > SMA20
2025-08-07T13:35:59.844337,EA,163.79,29.06,0.38,0.23,55.54,55.54,ADX ≥ 20.0;MACD 🚀;BB breakout;RSI 📈;Price > SMA20
2025-08-07T13:36:00.887175,ELV,280.00,45.69,0.60,0.21,62.31,62.31,ADX ≥ 20.0;MACD 🚀;BB breakout;RSI 📈;Price > SMA20
2025-08-07T13:36:01.761440,EMR,134.76,70.20,0.74,0.55,29.47,29.47,ADX ≥ 20.0;MACD 🚀;RSI 📈;ATR % ≥ 0.5%;Price > SMA20
2025-08-07T13:36:02.562816,ENPH,31.20,21.61,0.22,0.71,100.67,100.67,ADX ≥ 20.0;MACD 🚀;BB breakout;RSI 📈;ATR % ≥ 0.5%;Price > SMA20
2025-08-07T13:36:07.529836,EOG,118.76,36.52,0.38,0.32,49.24,49.24,ADX ≥ 20.0;MACD 🚀;BB breakout;RSI 📈;Price > SMA20
2025-08-07T13:36:08.580296,EPAM,163.25,29.84,1.45,0.89,140.43,140.43,ADX ≥ 20.0;MACD 🚀;BB breakout;RSI 📈;ATR % ≥ 0.5%;Price > SMA20
2025-08-07T13:36:09.484373,EQT,51.90,24.64,0.14,0.28,24.17,24.17,ADX ≥ 20.0;MACD 🚀;BB breakout;RSI 📈;Price > SMA20
2025-08-07T13:36:10.526030,EFX,244.13,38.63,0.63,0.26,80.16,80.16,ADX ≥ 20.0;MACD 🚀;BB breakout;RSI 📈;Price > SMA20
2025-08-07T13:36:12.232659,EQR,63.93,21.73,0.12,0.19,57.62,57.62,ADX ≥ 20.0;MACD 🚀;BB breakout;RSI 📈;Price > SMA20
2025-08-07T13:36:13.854143,ESS,258.24,33.41,0.73,0.28,63.22,63.22,ADX ≥ 20.0;MACD 🚀;BB breakout;RSI 📈;Price > SMA20
2025-08-07T13:36:15.109237,EL,90.89,30.26,0.20,0.22,65.10,65.10,ADX ≥ 20.0;MACD 🚀;BB breakout;RSI 📈;Price > SMA20
2025-08-07T13:36:16.552566,EVRG,73.80,42.40,0.15,0.21,80.55,80.55,ADX ≥ 20.0;MACD 🚀;BB breakout;RSI 📈;Price > SMA20
2025-08-07T13:36:19.637265,EXC,45.34,31.70,0.07,0.15,58.04,58.04,ADX ≥ 20.0;MACD 🚀;BB breakout;RSI 📈;Price > SMA20
2025-08-07T13:36:20.589877,EXE,102.50,20.23,0.27,0.26,29.91,29.91,ADX ≥ 20.0;MACD 🚀;BB breakout;RSI 📈;Price > SMA20
2025-08-07T13:36:22.480367,EXPE,185.58,44.78,0.59,0.32,63.61,63.61,ADX ≥ 20.0;MACD 🚀;Price > SMA20
2025-08-07T13:36:24.534758,XOM,107.84,42.92,0.29,0.27,61.13,61.13,ADX ≥ 20.0;MACD 🚀;BB breakout;RSI 📈;Price > SMA20
2025-08-07T13:36:26.201689,FDS,394.09,73.13,0.76,0.19,52.08,52.08,ADX ≥ 20.0;MACD 🚀;BB breakout;RSI 📈;Price > SMA20
2025-08-07T13:36:27.318949,FICO,1393.61,31.01,3.22,0.23,34.67,34.67,ADX ≥ 20.0;MACD 🚀;BB breakout;RSI 📈;ATR14 ≥ 2.0;Price > SMA20
2025-08-07T13:36:28.136676,FAST,47.19,45.01,0.10,0.21,73.59,73.59,ADX ≥ 20.0;MACD 🚀;BB breakout;RSI 📈;Price > SMA20
2025-08-07T13:36:29.648720,FDX,228.97,62.89,0.58,0.25,49.00,49.00,ADX ≥ 20.0;MACD 🚀;BB breakout;RSI 📈;Price > SMA20
2025-08-07T13:36:30.494272,FIS,70.61,21.86,0.24,0.34,27.04,27.04,ADX ≥ 20.0;MACD 🚀;BB breakout;RSI 📈;Price > SMA20
2025-08-07T13:36:31.522895,FITB,41.55,23.03,0.07,0.16,82.99,82.99,ADX ≥ 20.0;MACD 🚀;RSI 📈;Price > SMA20
2025-08-07T13:36:32.792563,FSLR,187.28,29.76,0.68,0.36,61.48,61.48,ADX ≥ 20.0;MACD 🚀;BB breakout;RSI 📈;Price > SMA20
2025-08-07T13:36:34.091753,FI,135.12,30.80,0.33,0.25,35.71,35.71,ADX ≥ 20.0;MACD 🚀;BB breakout;Price > SMA20
2025-08-07T13:36:35.527763,F,11.36,43.29,0.03,0.25,61.55,61.55,ADX ≥ 20.0;MACD 🚀;BB breakout;RSI 📈;Price > SMA20
2025-08-07T13:36:37.080960,FTV,47.98,30.48,0.12,0.24,86.47,86.47,ADX ≥ 20.0;MACD 🚀;RSI 📈;Price > SMA20
2025-08-07T13:36:38.145666,FOXA,54.30,44.77,0.12,0.23,36.12,36.12,ADX ≥ 20.0;MACD 🚀;Price > SMA20
2025-08-07T13:36:41.542466,FCX,40.75,24.65,0.14,0.35,90.68,90.68,ADX ≥ 20.0;MACD 🚀;BB breakout;RSI 📈;Price > SMA20
2025-08-07T13:36:42.405682,GRMN,233.43,33.29,0.46,0.20,88.72,88.72,ADX ≥ 20.0;MACD 🚀;BB breakout;RSI 📈;Price > SMA20
2025-08-07T13:36:43.697715,IT,245.39,37.28,1.30,0.53,25.40,25.40,ADX ≥ 20.0;MACD 🚀;ATR % ≥ 0.5%
2025-08-07T13:36:46.351636,GEHC,71.23,31.65,0.20,0.28,45.64,45.64,ADX ≥ 20.0;MACD 🚀;BB breakout;RSI 📈;Price > SMA20
2025-08-07T13:36:47.351771,GEV,663.78,50.16,2.18,0.33,68.68,68.68,ADX ≥ 20.0;MACD 🚀;ATR14 ≥ 2.0
2025-08-07T13:36:48.921632,GEN,28.72,38.66,0.06,0.21,98.71,98.71,ADX ≥ 20.0;MACD 🚀;Price > SMA20
2025-08-07T13:36:50.269044,GNRC,196.17,23.92,0.45,0.23,54.35,54.35,ADX ≥ 20.0;MACD 🚀;BB breakout;RSI 📈;Price > SMA20
2025-08-07T13:36:52.147554,GIS,49.73,33.33,0.10,0.21,68.11,68.11,ADX ≥ 20.0;MACD 🚀;BB breakout;RSI 📈;Price > SMA20
2025-08-07T13:36:54.048881,GPC,134.31,31.17,0.19,0.14,51.83,51.83,ADX ≥ 20.0;MACD 🚀;BB breakout;RSI 📈;Price > SMA20
2025-08-07T13:36:55.968379,GL,141.84,27.77,0.27,0.19,51.98,51.98,ADX ≥ 20.0;MACD 🚀;Price > SMA20
2025-08-07T13:36:56.865240,GDDY,155.59,42.74,0.33,0.21,75.26,75.26,ADX ≥ 20.0;MACD 🚀;Price > SMA20
2025-08-07T13:36:57.865196,GS,730.13,20.57,1.32,0.18,94.03,94.03,ADX ≥ 20.0;MACD 🚀;RSI 📈;Price > SMA20
2025-08-07T13:37:02.929279,HAL,21.75,51.49,0.10,0.45,52.50,52.50,ADX ≥ 20.0;MACD 🚀;BB breakout;RSI 📈;Price > SMA20
2025-08-07T13:37:06.473703,HCA,368.97,27.84,0.68,0.19,80.55,80.55,ADX ≥ 20.0;MACD 🚀;BB breakout;RSI 📈;Price > SMA20
2025-08-07T13:37:07.341857,DOC,17.07,38.68,0.04,0.25,57.34,57.34,ADX ≥ 20.0;MACD 🚀;BB breakout;RSI 📈;Price > SMA20
2025-08-07T13:37:08.660636,HSIC,67.25,45.44,0.30,0.45,59.55,59.55,ADX ≥ 20.0;MACD 🚀;BB breakout;RSI 📈;Price > SMA20
2025-08-07T13:37:09.720840,HSY,189.34,44.45,0.39,0.20,57.16,57.16,ADX ≥ 20.0;MACD 🚀;BB breakout;RSI 📈;Price > SMA20
2025-08-07T13:37:10.994972,HPE,20.49,33.81,0.06,0.28,93.98,93.98,ADX ≥ 20.0;MACD 🚀;BB breakout;RSI 📈;Price > SMA20
2025-08-07T13:37:11.832331,HLT,263.83,59.67,0.59,0.22,85.57,85.57,ADX ≥ 20.0;MACD 🚀;BB breakout;RSI 📈;Price > SMA20
2025-08-07T13:37:12.680746,HOLX,67.47,25.31,0.17,0.25,84.26,84.26,ADX ≥ 20.0;MACD 🚀;Price > SMA20
2025-08-07T13:37:14.485556,HD,389.85,31.08,0.72,0.19,69.49,69.49,ADX ≥ 20.0;MACD 🚀;BB breakout;RSI 📈;Price > SMA20
2025-08-07T13:37:16.220549,HON,219.69,34.03,0.28,0.13,72.56,72.56,ADX ≥ 20.0;MACD 🚀;Price > SMA20
2025-08-07T13:37:17.263219,HRL,28.46,24.58,0.05,0.18,59.76,59.76,ADX ≥ 20.0;MACD 🚀;BB breakout;RSI 📈;Price > SMA20
2025-08-07T13:37:18.149715,HST,15.45,40.77,0.04,0.26,49.07,49.07,ADX ≥ 20.0;MACD 🚀;RSI 📈;Price > SMA20
2025-08-07T13:37:19.634982,HPQ,25.45,28.28,0.07,0.28,88.36,88.36,ADX ≥ 20.0;MACD 🚀;BB breakout;RSI 📈;Price > SMA20
2025-08-07T13:37:20.497098,HUBB,425.88,31.23,0.97,0.23,73.92,73.92,ADX ≥ 20.0;MACD 🚀;BB breakout;RSI 📈;Price > SMA20
2025-08-07T13:37:22.246360,HBAN,16.15,21.05,0.04,0.22,75.92,75.92,ADX ≥ 20.0;MACD 🚀;Price > SMA20
2025-08-07T13:37:23.632775,IBM,254.02,38.13,0.38,0.15,49.36,49.36,ADX ≥ 20.0;MACD 🚀;BB breakout;RSI 📈;Price > SMA20
2025-08-07T13:37:24.477032,IEX,161.66,29.67,0.38,0.24,28.82,28.82,ADX ≥ 20.0;MACD 🚀;BB breakout;RSI 📈;Price > SMA20
2025-08-07T13:37:25.397746,IDXX,631.68,37.97,2.03,0.32,23.71,23.71,ADX ≥ 20.0;MACD 🚀;BB breakout;RSI 📈;ATR14 ≥ 2.0;Price > SMA20
2025-08-07T13:37:30.029172,ITW,259.44,33.97,0.40,0.16,54.70,54.70,ADX ≥ 20.0;MACD 🚀;BB breakout;RSI 📈;Price > SMA20
2025-08-07T13:37:31.149425,INCY,77.66,41.59,0.18,0.24,41.35,41.35,ADX ≥ 20.0;MACD 🚀;Price > SMA20
2025-08-07T13:37:33.041570,PODD,302.26,26.44,3.97,1.31,170.88,170.88,ADX ≥ 20.0;MACD 🚀;BB breakout;RSI 📈;ATR14 ≥ 2.0;ATR % ≥ 0.5%;Price > SMA20
2025-08-07T13:37:35.137082,ICE,188.25,22.31,0.24,0.13,86.12,86.12,ADX ≥ 20.0;MACD 🚀;Price > SMA20
2025-08-07T13:37:36.903501,IP,47.09,55.80,0.17,0.35,77.72,77.72,ADX ≥ 20.0;MACD 🚀;BB breakout;RSI 📈;Price > SMA20
2025-08-07T13:37:37.951011,IPG,25.11,27.03,0.05,0.19,56.82,56.82,ADX ≥ 20.0;MACD 🚀;BB breakout;RSI 📈;Price > SMA20
2025-08-07T13:37:39.181274,INTU,780.12,26.11,1.27,0.16,72.84,72.84,ADX ≥ 20.0;MACD 🚀;BB breakout;RSI 📈;Price > SMA20
2025-08-07T13:37:40.680113,ISRG,477.21,39.08,1.02,0.21,77.82,77.82,ADX ≥ 20.0;MACD 🚀;Price > SMA20
2025-08-07T13:37:41.799740,IVZ,21.21,28.69,0.06,0.26,69.63,69.63,ADX ≥ 20.0;MACD 🚀;Price > SMA20
2025-08-07T13:37:43.011277,INVH,30.40,42.84,0.06,0.20,37.33,37.33,ADX ≥ 20.0;MACD 🚀;RSI 📈;Price > SMA20
2025-08-07T13:37:43.948525,IQV,180.49,30.73,0.76,0.42,65.27,65.27,ADX ≥ 20.0;MACD 🚀;BB breakout;RSI 📈;Price > SMA20
2025-08-07T13:37:45.761276,JBHT,144.28,38.86,0.26,0.18,59.45,59.45,ADX ≥ 20.0;MACD 🚀;RSI 📈;Price > SMA20
2025-08-07T13:37:49.716398,J,148.49,31.94,0.37,0.25,82.76,82.76,ADX ≥ 20.0;MACD 🚀;BB breakout;RSI 📈;Price > SMA20
2025-08-07T13:37:58.650771,JCI,105.02,44.72,0.24,0.23,89.38,89.38,ADX ≥ 20.0;MACD 🚀;Price > SMA20
2025-08-07T13:38:04.875843,JPM,291.95,22.75,0.51,0.17,89.13,89.13,ADX ≥ 20.0;MACD 🚀;Price > SMA20
2025-08-07T13:38:24.668027,KVUE,21.83,22.27,0.10,0.45,94.35,94.35,ADX ≥ 20.0;MACD 🚀;BB breakout;RSI 📈;Price > SMA20
2025-08-07T13:38:33.818821,KEYS,162.31,23.21,0.30,0.19,90.75,90.75,ADX ≥ 20.0;MACD 🚀;BB breakout;RSI 📈;Price > SMA20
2025-08-07T13:38:35.011469,KMB,137.06,45.85,0.21,0.16,26.76,26.76,ADX ≥ 20.0;MACD 🚀;RSI 📈;Price > SMA20
2025-08-07T13:38:38.813377,KKR,145.66,20.29,0.41,0.28,87.19,87.19,ADX ≥ 20.0;MACD 🚀;BB breakout;RSI 📈;Price > SMA20
2025-08-07T13:38:42.143179,KLAC,913.05,41.35,3.14,0.34,104.14,104.14,ADX ≥ 20.0;MACD 🚀;BB breakout;RSI 📈;ATR14 ≥ 2.0;Price > SMA20
2025-08-07T13:38:51.640395,KHC,27.54,26.13,0.07,0.24,61.78,61.78,ADX ≥ 20.0;MACD 🚀;BB breakout;RSI 📈;Price > SMA20
2025-08-07T13:39:03.331664,LRCX,98.99,42.08,0.47,0.48,123.86,123.86,ADX ≥ 20.0;MACD 🚀;BB breakout;RSI 📈;Price > SMA20
2025-08-07T13:39:07.476327,LW,52.23,38.59,0.18,0.35,67.25,67.25,ADX ≥ 20.0;MACD 🚀;BB breakout;RSI 📈;Price > SMA20
2025-08-07T13:39:21.997648,LDOS,176.34,55.58,0.61,0.35,56.28,56.28,ADX ≥ 20.0;MACD 🚀;RSI 📈;Price > SMA20
2025-08-07T13:39:45.947696,LULU,196.34,25.06,0.44,0.23,60.49,60.49,ADX ≥ 20.0;MACD 🚀;Price > SMA20
2025-08-07T13:39:48.432385,LYB,51.03,37.12,0.30,0.59,66.41,66.41,ADX ≥ 20.0;MACD 🚀;BB breakout;RSI 📈;ATR % ≥ 0.5%;Price > SMA20
2025-08-07T13:40:08.385393,MKTX,189.35,20.59,0.89,0.47,46.09,46.09,ADX ≥ 20.0;MACD 🚀;Price > SMA20
2025-08-07T13:40:12.860750,MAR,265.83,57.58,0.64,0.24,83.60,83.60,ADX ≥ 20.0;MACD 🚀;BB breakout;RSI 📈;Price > SMA20
2025-08-07T13:40:28.353023,MAS,70.34,27.75,0.20,0.28,87.19,87.19,ADX ≥ 20.0;MACD 🚀;RSI 📈;Price > SMA20
2025-08-07T13:40:34.244848,MA,572.26,20.42,0.92,0.16,77.18,77.18,ADX ≥ 20.0;MACD 🚀;BB breakout;RSI 📈;Price > SMA20
2025-08-07T13:40:48.720042,MKC,69.70,23.74,0.13,0.19,47.10,47.10,ADX ≥ 20.0;MACD 🚀;RSI 📈;Price > SMA20
2025-08-07T13:41:37.372066,MCHP,67.90,49.17,0.32,0.47,102.47,102.47,ADX ≥ 20.0;MACD 🚀;RSI 📈;Price > SMA20
2025-08-07T13:41:47.479581,MSFT,526.17,35.00,0.71,0.14,86.11,86.11,ADX ≥ 20.0;MACD 🚀;BB breakout;Price > SMA20
2025-08-07T13:42:03.864656,MHK,123.27,31.67,0.41,0.33,104.99,104.99,ADX ≥ 20.0;MACD 🚀;RSI 📈;Price > SMA20
2025-08-07T13:42:24.483651,MNST,60.05,55.51,0.18,0.30,82.65,82.65,ADX ≥ 20.0;MACD 🚀;RSI 📈;Price > SMA20
2025-08-07T13:42:26.534728,MS,142.02,25.30,0.23,0.16,96.17,96.17,ADX ≥ 20.0;MACD 🚀;Price > SMA20
2025-08-07T13:42:27.346678,MOS,31.23,21.96,0.31,0.99,89.77,89.77,ADX ≥ 20.0;MACD 🚀;ATR % ≥ 0.5%;Price > SMA20
2025-08-07T13:42:32.781668,NDAQ,96.81,29.46,0.16,0.16,89.75,89.75,ADX ≥ 20.0;MACD 🚀;Price > SMA20
2025-08-07T13:42:36.722457,NTAP,104.40,31.33,0.25,0.24,67.10,67.10,ADX ≥ 20.0;MACD 🚀;BB breakout;RSI 📈;Price > SMA20
2025-08-07T13:42:46.229624,NWSA,29.63,47.34,0.12,0.39,87.55,87.55,ADX ≥ 20.0;MACD 🚀;RSI 📈;Price > SMA20
2025-08-07T13:42:48.914803,NWS,34.24,61.72,0.15,0.44,92.99,92.99,ADX ≥ 20.0;MACD 🚀;RSI 📈;Price > SMA20
2025-08-07T13:42:51.743903,NEE,72.12,28.01,0.21,0.29,91.53,91.53,ADX ≥ 20.0;MACD 🚀;BB breakout;RSI 📈;Price > SMA20
2025-08-07T13:42:53.513072,NKE,75.71,25.74,0.16,0.22,64.20,64.20,ADX ≥ 20.0;MACD 🚀;BB breakout;Price > SMA20
2025-08-07T13:43:00.599290,NDSN,213.62,28.61,0.46,0.21,65.34,65.34,ADX ≥ 20.0;MACD 🚀;BB breakout;RSI 📈;Price > SMA20
2025-08-07T13:43:02.426668,NTRS,125.90,28.58,0.27,0.21,87.55,87.55,ADX ≥ 20.0;MACD 🚀;Price > SMA20
2025-08-07T13:43:06.031530,NRG,151.58,30.10,1.27,0.84,68.39,68.39,ADX ≥ 20.0;MACD 🚀;RSI 📈;ATR % ≥ 0.5%;Price > SMA20
2025-08-07T13:43:12.370978,NVDA,183.19,45.60,0.52,0.28,75.14,75.14,ADX ≥ 20.0;MACD 🚀;BB breakout;RSI 📈;Price > SMA20
2025-08-07T13:43:25.720329,OMC,73.69,26.73,0.18,0.24,90.97,90.97,ADX ≥ 20.0;MACD 🚀;BB breakout;Price > SMA20
2025-08-07T13:43:28.342961,ON,48.60,36.77,0.27,0.55,84.90,84.90,ADX ≥ 20.0;MACD 🚀;BB breakout;RSI 📈;ATR % ≥ 0.5%;Price > SMA20
2025-08-07T13:43:40.706369,PKG,194.01,51.48,0.36,0.19,66.65,66.65,ADX ≥ 20.0;MACD 🚀;BB breakout;RSI 📈;Price > SMA20
2025-08-07T13:43:42.035693,PLTR,180.41,38.51,0.68,0.38,67.77,67.77,ADX ≥ 20.0;MACD 🚀;RSI 📈;Price > SMA20
2025-08-07T13:43:47.214107,PARA,0.00,23.11,0.04,inf,16.08,16.08,ADX ≥ 20.0;MACD 🚀;RSI 📈;ATR % ≥ 0.5%
2025-08-07T13:43:54.552213,PAYX,140.24,35.97,0.28,0.20,78.13,78.13,ADX ≥ 20.0;MACD 🚀;RSI 📈;Price > SMA20
2025-08-07T13:44:06.680621,PAYC,243.65,57.82,2.42,0.99,136.06,136.06,ADX ≥ 20.0;MACD 🚀;BB breakout;RSI 📈;ATR14 ≥ 2.0;ATR % ≥ 0.5%;Price > SMA20
2025-08-07T13:44:08.551180,PYPL,69.47,42.76,0.18,0.26,76.22,76.22,ADX ≥ 20.0;MACD 🚀;Price > SMA20
2025-08-07T13:44:13.342132,PNR,103.32,24.51,0.23,0.22,90.01,90.01,ADX ≥ 20.0;MACD 🚀;RSI 📈;Price > SMA20
2025-08-07T13:44:38.101978,PSX,121.02,31.12,0.40,0.33,64.76,64.76,ADX ≥ 20.0;MACD 🚀;RSI 📈;Price > SMA20
2025-08-07T13:44:42.850497,PNC,189.16,26.33,0.33,0.18,90.18,90.18,ADX ≥ 20.0;MACD 🚀;Price > SMA20
2025-08-07T13:44:45.919319,POOL,313.47,21.93,0.50,0.16,54.41,54.41,ADX ≥ 20.0;MACD 🚀;BB breakout;RSI 📈;Price > SMA20
2025-08-07T13:45:02.589035,PGR,248.18,48.22,0.51,0.21,28.31,28.31,ADX ≥ 20.0;MACD 🚀;BB breakout;Price > SMA20
2025-08-07T13:45:05.603436,PLD,106.83,34.13,0.30,0.28,82.13,82.13,ADX ≥ 20.0;MACD 🚀;RSI 📈;Price > SMA20
2025-08-07T13:45:33.569885,DGX,174.09,29.32,0.33,0.19,16.80,16.80,ADX ≥ 20.0;MACD 🚀;RSI 📈;Price > SMA20
2025-08-07T13:46:00.986074,RMD,282.58,26.44,0.56,0.20,64.09,64.09,ADX ≥ 20.0;MACD 🚀;BB breakout;RSI 📈;Price > SMA20
2025-08-07T13:46:04.649723,RVTY,86.61,30.73,0.35,0.41,78.26,78.26,ADX ≥ 20.0;MACD 🚀;RSI 📈;Price > SMA20
2025-08-07T13:46:13.151967,ROK,334.64,73.40,2.44,0.73,78.81,78.81,ADX ≥ 20.0;MACD 🚀;RSI 📈;ATR14 ≥ 2.0;ATR % ≥ 0.5%;Range % ≥ 2.0;Price > SMA20
2025-08-07T13:46:22.154850,RCL,314.73,74.42,0.76,0.24,77.47,77.47,ADX ≥ 20.0;MACD 🚀;Price > SMA20
2025-08-07T13:46:28.004421,SPGI,565.30,50.18,0.90,0.16,57.03,57.03,ADX ≥ 20.0;MACD 🚀;BB breakout;RSI 📈;Price > SMA20
2025-08-07T13:46:35.134862,CRM,252.94,37.63,0.60,0.24,81.93,81.93,ADX ≥ 20.0;MACD 🚀;BB breakout;RSI 📈;Price > SMA20
2025-08-07T13:46:38.339384,SLB,33.50,40.75,0.12,0.37,63.59,63.59,ADX ≥ 20.0;MACD 🚀;RSI 📈;Price > SMA20
2025-08-07T13:46:48.642671,SRE,82.42,31.91,0.22,0.27,68.86,68.86,ADX ≥ 20.0;MACD 🚀;BB breakout;RSI 📈;Price > SMA20
2025-08-07T13:47:09.356828,SHW,351.59,28.71,0.75,0.21,96.81,96.81,ADX ≥ 20.0;MACD 🚀;Price > SMA20
2025-08-07T13:47:17.867576,SWKS,69.08,37.63,0.29,0.42,81.16,81.16,ADX ≥ 20.0;MACD 🚀;RSI 📈;Price > SMA20
2025-08-07T13:47:24.590298,SW,43.42,37.99,0.17,0.40,90.81,90.81,ADX ≥ 20.0;MACD 🚀;RSI 📈;Price > SMA20
2025-08-07T13:47:34.124163,SNA,323.19,25.00,0.28,0.09,18.15,18.15,ADX ≥ 20.0;MACD 🚀;BB breakout;RSI 📈;Price > SMA20
2025-08-07T13:47:45.102604,SO,95.05,44.56,0.14,0.15,66.70,66.70,ADX ≥ 20.0;MACD 🚀;Price > SMA20
2025-08-07T13:47:50.204724,LUV,30.03,26.06,0.11,0.37,98.43,98.43,ADX ≥ 20.0;MACD 🚀;RSI 📈;Price > SMA20
2025-08-07T13:47:51.316515,SWK,69.64,24.42,0.22,0.31,94.47,94.47,ADX ≥ 20.0;MACD 🚀;RSI 📈;Price > SMA20
2025-08-07T13:47:59.522321,SBUX,90.45,26.63,0.26,0.29,88.79,88.79,ADX ≥ 20.0;MACD 🚀;RSI 📈;Price > SMA20
2025-08-07T13:48:04.110431,STLD,124.28,41.71,0.37,0.29,119.86,119.86,ADX ≥ 20.0;MACD 🚀;RSI 📈;Price > SMA20
2025-08-07T13:48:05.394536,STE,233.59,50.43,2.40,1.03,171.29,171.29,ADX ≥ 20.0;MACD 🚀;RSI 📈;ATR14 ≥ 2.0;ATR % ≥ 0.5%;Range % ≥ 2.0;Price > SMA20
2025-08-07T13:48:27.412073,TMUS,239.99,40.98,0.44,0.18,50.71,50.71,ADX ≥ 20.0;MACD 🚀;BB breakout;Price > SMA20
2025-08-07T13:48:39.936194,TROW,105.70,21.60,0.21,0.20,85.10,85.10,ADX ≥ 20.0;MACD 🚀;Price > SMA20
2025-08-07T13:48:50.549244,TGT,106.25,42.31,0.36,0.34,92.25,92.25,ADX ≥ 20.0;MACD 🚀;Price > SMA20
2025-08-07T13:48:55.229172,TER,107.14,35.35,0.48,0.45,98.39,98.39,ADX ≥ 20.0;MACD 🚀;RSI 📈;Price > SMA20
2025-08-07T13:49:06.570412,TXN,187.96,67.71,0.74,0.39,122.91,122.91,ADX ≥ 20.0;MACD 🚀;RSI 📈;Price > SMA20
2025-08-07T13:49:09.036003,TMO,454.48,33.91,1.88,0.41,100.10,100.10,ADX ≥ 20.0;MACD 🚀;RSI 📈;Price > SMA20
2025-08-07T13:49:10.114228,TJX,132.45,29.89,0.31,0.23,42.45,42.45,ADX ≥ 20.0;MACD 🚀;RSI 📈;Price > SMA20
2025-08-07T13:49:32.516798,TT,429.13,34.88,0.93,0.22,50.22,50.22,ADX ≥ 20.0;MACD 🚀;RSI 📈;Price > SMA20
2025-08-07T13:49:50.081173,TSN,56.23,33.27,0.14,0.25,78.02,78.02,ADX ≥ 20.0;MACD 🚀;Price > SMA20
2025-08-07T13:50:32.480379,UPS,87.31,25.68,0.33,0.38,106.86,106.86,ADX ≥ 20.0;MACD 🚀;RSI 📈;Price > SMA20
2025-08-07T13:50:45.389660,VTR,68.60,27.52,0.12,0.17,42.33,42.33,ADX ≥ 20.0;MACD 🚀;Price > SMA20
2025-08-07T13:50:57.751738,VRSK,266.82,32.14,0.39,0.14,38.18,38.18,ADX ≥ 20.0;MACD 🚀;BB breakout;RSI 📈;Price > SMA20
2025-08-07T13:51:07.397866,VTRS,9.12,29.05,0.08,0.89,133.24,133.24,ADX ≥ 20.0;MACD 🚀;RSI 📈;ATR % ≥ 0.5%;Price > SMA20
2025-08-07T13:51:24.327378,V,340.13,23.82,0.64,0.19,68.99,68.99,ADX ≥ 20.0;MACD 🚀;Price > SMA20
2025-08-07T13:51:40.441671,GWW,965.08,65.38,2.19,0.23,57.07,57.07,ADX ≥ 20.0;MACD 🚀;RSI 📈;ATR14 ≥ 2.0;Price > SMA20
2025-08-07T13:51:46.897318,WAB,189.16,26.05,0.32,0.17,92.18,92.18,ADX ≥ 20.0;MACD 🚀;Price > SMA20
2025-08-07T13:51:55.372331,WM,232.60,27.78,0.38,0.16,61.85,61.85,ADX ≥ 20.0;MACD 🚀;BB breakout;Price > SMA20
2025-08-07T13:52:00.572464,WAT,279.37,39.28,0.97,0.35,78.58,78.58,ADX ≥ 20.0;MACD 🚀;RSI 📈;Price > SMA20
2025-08-07T13:52:26.216448,WY,25.93,32.34,0.10,0.38,125.03,125.03,ADX ≥ 20.0;MACD 🚀;RSI 📈;Price > SMA20
2025-08-07T13:52:28.013265,WSM,203.76,32.76,1.11,0.54,146.33,146.33,ADX ≥ 20.0;MACD 🚀;ATR % ≥ 0.5%;Price > SMA20
2025-08-07T13:52:29.520852,WMB,59.08,39.08,0.15,0.26,49.24,49.24,ADX ≥ 20.0;MACD 🚀;BB breakout;RSI 📈;Price > SMA20
2025-08-07T13:52:32.977008,WTW,326.92,35.88,0.59,0.18,73.02,73.02,ADX ≥ 20.0;MACD 🚀;RSI 📈;Price > SMA20
2025-08-07T13:52:35.314235,WDAY,232.53,27.29,0.62,0.27,82.59,82.59,ADX ≥ 20.0;MACD 🚀;BB breakout;RSI 📈;Price > SMA20
2025-08-07T13:52:37.223772,WYNN,107.72,20.70,0.23,0.22,66.65,66.65,ADX ≥ 20.0;MACD 🚀;RSI 📈;Price > SMA20
2025-08-07T13:52:40.643658,XYL,144.95,32.50,0.23,0.16,71.73,71.73,ADX ≥ 20.0;MACD 🚀;BB breakout;RSI 📈;Price > SMA20
2025-08-07T13:52:49.089904,YUM,142.32,30.08,0.40,0.28,64.31,64.31,ADX ≥ 20.0;MACD 🚀;BB breakout;Price > SMA20
2025-08-07T13:52:50.480437,ZBH,100.38,30.42,1.78,1.77,177.39,177.39,ADX ≥ 20.0;MACD 🚀;RSI 📈;ATR % ≥ 0.5%;Price > SMA20
2025-08-07T14:06:56.871957,AMD,172.42,62.04,1.32,0.77,26.05,26.05,ADX ≥ 20.0;MACD 🚀;RSI 📈;ATR % ≥ 0.5%;Price > SMA20
2025-08-07T14:07:13.817027,LNT,66.19,26.02,0.15,0.23,28.15,28.15,ADX ≥ 20.0;MACD 🚀;RSI 📈;Price > SMA20
2025-08-07T14:07:16.911975,GOOGL,196.67,25.51,0.54,0.27,52.46,52.46,ADX ≥ 20.0;MACD 🚀;Price > SMA20
2025-08-07T14:07:17.901302,GOOG,197.40,25.05,0.52,0.26,50.52,50.52,ADX ≥ 20.0;MACD 🚀;Price > SMA20
2025-08-07T14:07:20.732906,AMZN,225.93,27.10,0.85,0.38,24.84,24.84,ADX ≥ 20.0;MACD 🚀;RSI 📈;Price > SMA20
2025-08-07T14:07:26.343559,AMT,210.00,44.20,0.54,0.26,22.08,22.08,ADX ≥ 20.0;MACD 🚀;RSI 📈;Price > SMA20
2025-08-07T14:07:39.266981,AON,365.60,29.47,0.81,0.22,58.04,58.04,ADX ≥ 20.0;MACD 🚀;RSI 📈;Price > SMA20
2025-08-07T14:07:47.034463,APTV,65.97,34.30,0.24,0.36,44.69,44.69,ADX ≥ 20.0;MACD 🚀;Price > SMA20
2025-08-07T14:07:49.865646,ANET,139.41,35.01,0.79,0.56,34.57,34.57,ADX ≥ 20.0;MACD 🚀;ATR % ≥ 0.5%;Price > SMA20
2025-08-07T14:07:52.835292,T,27.59,79.47,0.09,0.31,45.17,45.17,ADX ≥ 20.0;MACD 🚀;Price > SMA20
2025-08-07T14:07:57.915725,ATO,162.78,43.03,0.98,0.60,47.27,47.27,ADX ≥ 20.0;MACD 🚀;RSI 📈;ATR % ≥ 0.5%;Price > SMA20
2025-08-07T14:08:05.886173,AVY,169.07,45.38,0.42,0.25,20.14,20.14,ADX ≥ 20.0;MACD 🚀;RSI 📈;Price > SMA20
2025-08-07T14:08:06.756259,AXON,874.00,34.14,5.48,0.63,24.94,24.94,ADX ≥ 20.0;MACD 🚀;ATR14 ≥ 2.0;ATR % ≥ 0.5%;Price > SMA20
2025-08-07T14:08:13.213207,BALL,53.13,31.89,0.23,0.44,-2.62,-2.62,ADX ≥ 20.0;MACD 🚀;Price > SMA20
2025-08-07T14:08:37.586972,BA,228.45,53.19,0.89,0.39,97.79,97.79,ADX ≥ 20.0;MACD 🚀;RSI 📈;Price > SMA20
2025-08-07T14:08:38.608142,BKNG,5570.44,23.70,13.62,0.24,52.32,52.32,ADX ≥ 20.0;MACD 🚀;RSI 📈;ATR14 ≥ 2.0;Price > SMA20
2025-08-07T14:08:40.972295,AVGO,309.03,40.45,1.35,0.44,21.08,21.08,ADX ≥ 20.0;MACD 🚀;RSI 📈;Price > SMA20
2025-08-07T14:08:44.066607,BR,271.60,39.33,1.02,0.38,19.86,19.86,ADX ≥ 20.0;MACD 🚀;RSI 📈;Price > SMA20
2025-08-07T14:08:50.304046,BRO,91.97,33.75,0.21,0.23,19.61,19.61,ADX ≥ 20.0;MACD 🚀;Price > SMA20
2025-08-07T14:08:50.935863,BF-B,0.00,28.68,0.12,inf,41.34,41.34,ADX ≥ 20.0;MACD 🚀;ATR % ≥ 0.5%
2025-08-07T14:09:04.528823,CAH,153.43,52.35,0.81,0.53,86.04,86.04,ADX ≥ 20.0;MACD 🚀;ATR % ≥ 0.5%
2025-08-07T14:09:10.522526,CBOE,248.40,21.41,0.77,0.31,51.38,51.38,ADX ≥ 20.0;MACD 🚀;RSI 📈;Price > SMA20
2025-08-07T14:09:11.337799,CBRE,157.00,36.02,0.56,0.36,52.49,52.49,ADX ≥ 20.0;MACD 🚀;BB breakout;RSI 📈;Price > SMA20
2025-08-07T14:09:20.456049,CF,81.67,81.33,1.38,1.69,-0.61,-0.61,ADX ≥ 20.0;MACD 🚀;ATR % ≥ 0.5%
2025-08-07T14:09:32.026509,CB,269.88,26.80,0.56,0.21,11.02,11.02,ADX ≥ 20.0;MACD 🚀;Price > SMA20
2025-08-07T14:10:01.001576,CME,281.23,36.77,0.76,0.27,11.87,11.87,ADX ≥ 20.0;MACD 🚀;Price > SMA20
2025-08-07T14:10:02.171825,CMS,74.45,29.81,0.17,0.23,17.11,17.11,ADX ≥ 20.0;MACD 🚀;Price > SMA20
2025-08-07T14:10:24.736045,CEG,335.68,32.30,3.83,1.14,7.59,7.59,ADX ≥ 20.0;MACD 🚀;ATR14 ≥ 2.0;ATR % ≥ 0.5%
2025-08-07T14:10:27.358380,CPAY,311.23,21.89,2.61,0.84,66.09,66.09,ADX ≥ 20.0;MACD 🚀;ATR14 ≥ 2.0;ATR % ≥ 0.5%
2025-08-07T14:10:28.998789,CTVA,70.44,50.25,0.60,0.85,66.66,66.66,ADX ≥ 20.0;MACD 🚀;ATR % ≥ 0.5%
2025-08-07T14:10:29.849643,CSGP,96.99,26.82,0.24,0.25,-15.55,-15.55,ADX ≥ 20.0;MACD 🚀;Price > SMA20
2025-08-07T14:10:32.221438,COST,979.09,35.16,3.59,0.37,33.65,33.65,ADX ≥ 20.0;MACD 🚀;ATR14 ≥ 2.0;Price > SMA20
2025-08-07T14:10:39.455616,DVA,128.53,30.50,0.88,0.69,-13.76,-13.76,ADX ≥ 20.0;MACD 🚀;ATR % ≥ 0.5%;Price > SMA20
2025-08-07T14:10:56.532002,DLR,170.19,23.92,0.45,0.26,-5.41,-5.41,ADX ≥ 20.0;MACD 🚀;Price > SMA20
2025-08-07T14:11:04.702823,D,61.29,20.82,0.15,0.25,11.28,11.28,ADX ≥ 20.0;MACD 🚀;Price > SMA20
2025-08-07T14:11:30.795011,EBAY,93.08,21.61,0.31,0.33,1.53,1.53,ADX ≥ 20.0;MACD 🚀;Price > SMA20
2025-08-07T14:11:35.931847,EA,163.28,36.14,0.54,0.33,15.81,15.81,ADX ≥ 20.0;MACD 🚀;Price > SMA20
2025-08-07T14:11:37.555680,ELV,281.32,43.22,1.09,0.39,43.19,43.19,ADX ≥ 20.0;MACD 🚀;RSI 📈;Price > SMA20
2025-08-07T14:11:45.197138,EQT,52.27,38.51,0.20,0.38,26.45,26.45,ADX ≥ 20.0;MACD 🚀;RSI 📈;Price > SMA20
2025-08-07T14:11:46.506396,EQIX,777.83,20.59,1.84,0.24,6.73,6.73,ADX ≥ 20.0;MACD 🚀;Price > SMA20
2025-08-07T14:11:47.196644,EQR,63.85,28.90,0.15,0.24,-8.11,-8.11,ADX ≥ 20.0;MACD 🚀;RSI 📈;Price > SMA20
2025-08-07T14:12:01.582225,ES,66.08,20.63,0.21,0.32,-3.51,-3.51,ADX ≥ 20.0;MACD 🚀;Price > SMA20
2025-08-07T14:12:02.221365,EXC,45.59,57.18,0.09,0.19,0.83,0.83,ADX ≥ 20.0;MACD 🚀;RSI 📈;Price > SMA20
2025-08-07T14:12:13.869782,FICO,1381.88,34.61,7.43,0.54,83.91,83.91,ADX ≥ 20.0;MACD 🚀;ATR14 ≥ 2.0;ATR % ≥ 0.5%;Price > SMA20
2025-08-07T14:12:27.147694,FE,43.44,40.06,0.12,0.28,10.92,10.92,ADX ≥ 20.0;MACD 🚀;Price > SMA20
2025-08-07T14:12:28.169544,FI,134.99,29.24,0.42,0.31,13.51,13.51,ADX ≥ 20.0;MACD 🚀;Price > SMA20
2025-08-07T14:12:32.779657,FTNT,72.14,65.28,2.50,3.46,-37.66,-37.66,ADX ≥ 20.0;MACD 🚀;ATR14 ≥ 2.0;ATR % ≥ 0.5%
2025-08-07T14:13:26.965656,HCA,369.26,26.83,1.07,0.29,16.14,16.14,ADX ≥ 20.0;MACD 🚀;RSI 📈;Price > SMA20
2025-08-07T14:14:00.050849,HII,261.86,59.92,1.66,0.64,50.72,50.72,ADX ≥ 20.0;MACD 🚀;ATR % ≥ 0.5%
2025-08-07T14:14:03.907900,IDXX,633.29,43.49,2.59,0.41,10.01,10.01,ADX ≥ 20.0;MACD 🚀;ATR14 ≥ 2.0;Price > SMA20
2025-08-07T14:14:21.084451,ICE,188.26,31.77,0.38,0.20,31.96,31.96,ADX ≥ 20.0;MACD 🚀;Price > SMA20
2025-08-07T14:14:22.601743,IP,47.26,44.32,0.20,0.43,-9.96,-9.96,ADX ≥ 20.0;MACD 🚀;RSI 📈;Price > SMA20
2025-08-07T14:14:23.938593,INTU,781.17,55.43,1.83,0.23,24.22,24.22,ADX ≥ 20.0;MACD 🚀;Price > SMA20
2025-08-07T14:14:47.219931,KDP,33.69,22.60,0.09,0.28,1.46,1.46,ADX ≥ 20.0;MACD 🚀;Price > SMA20
2025-08-07T14:15:10.971951,LLY,638.96,74.10,11.79,1.85,-27.49,-27.49,ADX ≥ 20.0;MACD 🚀;ATR14 ≥ 2.0;ATR % ≥ 0.5%
2025-08-07T14:15:15.375195,LYV,150.32,31.17,0.63,0.42,-2.80,-2.80,ADX ≥ 20.0;MACD 🚀;RSI 📈;Price > SMA20
2025-08-07T14:15:36.455058,MTCH,36.65,25.74,0.37,1.01,-3.87,-3.87,ADX ≥ 20.0;MACD 🚀;ATR % ≥ 0.5%
2025-08-07T14:15:40.142107,MCK,663.17,67.90,7.90,1.19,12.00,12.00,ADX ≥ 20.0;MACD 🚀;ATR14 ≥ 2.0;ATR % ≥ 0.5%
2025-08-07T14:16:27.117226,NEE,72.11,41.83,0.30,0.41,11.02,11.02,ADX ≥ 20.0;MACD 🚀;RSI 📈;Price > SMA20
2025-08-07T14:16:43.753397,NVR,7957.84,32.89,25.62,0.32,116.46,116.46,ADX ≥ 20.0;MACD 🚀;ATR14 ≥ 2.0;Price > SMA20
2025-08-07T14:16:56.649606,PLTR,183.00,55.50,1.15,0.63,32.29,32.29,ADX ≥ 20.0;MACD 🚀;RSI 📈;ATR % ≥ 0.5%;Price > SMA20
2025-08-07T14:16:57.786083,PANW,169.71,47.54,1.04,0.61,2.04,2.04,ADX ≥ 20.0;MACD 🚀;ATR % ≥ 0.5%
2025-08-07T14:16:58.961691,PARA,0.00,22.69,0.04,inf,17.64,17.64,ADX ≥ 20.0;MACD 🚀;RSI 📈;ATR % ≥ 0.5%
2025-08-07T14:18:14.289628,REGN,558.61,27.49,2.12,0.38,8.37,8.37,ADX ≥ 20.0;MACD 🚀;RSI 📈;ATR14 ≥ 2.0;Price > SMA20
2025-08-07T14:18:41.095369,STX,147.35,32.92,0.77,0.52,-12.45,-12.45,ADX ≥ 20.0;MACD 🚀;ATR % ≥ 0.5%
2025-08-07T14:19:08.972191,TMUS,240.37,36.54,0.57,0.24,14.10,14.10,ADX ≥ 20.0;MACD 🚀;Price > SMA20
2025-08-07T14:19:31.208037,TKO,158.97,28.25,1.94,1.22,7.37,7.37,ADX ≥ 20.0;MACD 🚀;BB breakout;RSI 📈;ATR % ≥ 0.5%;Price > SMA20
2025-08-07T14:19:50.477886,UHS,165.10,22.43,0.57,0.34,-24.71,-24.71,ADX ≥ 20.0;MACD 🚀;Price > SMA20
2025-08-07T14:19:58.122116,VRSN,274.75,23.57,1.00,0.36,19.76,19.76,ADX ≥ 20.0;MACD 🚀;RSI 📈;Price > SMA20
2025-08-07T14:21:02.866654,VRSK,266.73,48.14,0.57,0.21,30.29,30.29,ADX ≥ 20.0;MACD 🚀;RSI 📈;Price > SMA20
2025-08-07T14:21:04.459627,VRTX,380.07,32.32,2.68,0.71,4.10,4.10,ADX ≥ 20.0;MACD 🚀;ATR14 ≥ 2.0;ATR % ≥ 0.5%
2025-08-07T14:21:15.963992,WBD,11.90,30.42,0.17,1.41,-9.46,-9.46,ADX ≥ 20.0;MACD 🚀;ATR % ≥ 0.5%
2025-08-07T14:22:06.676938,ABNB,121.97,59.02,1.82,1.49,-23.77,-23.77,ADX ≥ 20.0;MACD 🚀;ATR % ≥ 0.5%
2025-08-07T14:22:18.690492,GOOGL,196.56,21.49,0.58,0.30,12.63,12.63,ADX ≥ 20.0;MACD 🚀;Price > SMA20
2025-08-07T14:22:19.542864,GOOG,197.29,21.16,0.57,0.29,14.39,14.39,ADX ≥ 20.0;MACD 🚀;Price > SMA20
2025-08-07T14:22:33.973066,AMT,210.11,31.82,0.61,0.29,-1.34,-1.34,ADX ≥ 20.0;MACD 🚀;Price > SMA20
2025-08-07T14:23:03.059981,T,27.60,57.59,0.08,0.28,1.49,1.49,ADX ≥ 20.0;MACD 🚀;Price > SMA20
2025-08-07T14:23:12.909987,AXON,872.49,35.21,5.72,0.66,-14.01,-14.01,ADX ≥ 20.0;MACD 🚀;ATR14 ≥ 2.0;ATR % ≥ 0.5%;Price > SMA20
2025-08-07T14:23:33.016531,BKNG,5590.00,30.19,15.63,0.28,53.95,53.95,ADX ≥ 20.0;MACD 🚀;RSI 📈;ATR14 ≥ 2.0;Price > SMA20
2025-08-07T14:23:57.676411,CZR,24.77,21.84,0.13,0.51,-5.10,-5.10,ADX ≥ 20.0;MACD 🚀;ATR % ≥ 0.5%
2025-08-07T14:24:05.010299,CAH,153.95,67.78,0.87,0.56,-11.64,-11.64,ADX ≥ 20.0;MACD 🚀;ATR % ≥ 0.5%
2025-08-07T14:24:27.856990,CF,83.08,76.00,1.44,1.74,-23.94,-23.94,ADX ≥ 20.0;MACD 🚀;BB breakout;ATR % ≥ 0.5%
2025-08-07T14:24:53.777889,CME,281.22,41.24,0.77,0.27,-7.62,-7.62,ADX ≥ 20.0;MACD 🚀;Price > SMA20
2025-08-07T14:25:34.722868,CTVA,71.17,46.89,0.61,0.86,-6.41,-6.41,ADX ≥ 20.0;MACD 🚀;RSI 📈;ATR % ≥ 0.5%;Price > SMA20
2025-08-07T14:25:39.824003,CRWD,434.65,65.13,3.22,0.74,-9.79,-9.79,ADX ≥ 20.0;MACD 🚀;ATR14 ≥ 2.0;ATR % ≥ 0.5%
2025-08-07T14:27:30.954300,FSLR,188.92,43.45,1.49,0.79,40.94,40.94,ADX ≥ 20.0;MACD 🚀;ATR % ≥ 0.5%;Price > SMA20
2025-08-07T14:27:31.972005,FE,43.41,44.44,0.11,0.26,-13.03,-13.03,ADX ≥ 20.0;MACD 🚀;Price > SMA20
2025-08-07T14:27:37.389826,FTNT,70.87,79.92,2.66,3.75,-51.57,-51.57,ADX ≥ 20.0;MACD 🚀;ATR14 ≥ 2.0;ATR % ≥ 0.5%
2025-08-07T14:27:47.957196,IT,240.18,35.08,1.98,0.83,7.12,7.12,ADX ≥ 20.0;MACD 🚀;ATR % ≥ 0.5%
2025-08-07T14:28:04.437987,HCA,370.36,32.52,1.11,0.30,-13.77,-13.77,ADX ≥ 20.0;MACD 🚀;BB breakout;RSI 📈;Price > SMA20
2025-08-07T14:28:15.860577,HWM,179.09,45.85,0.95,0.53,21.91,21.91,ADX ≥ 20.0;MACD 🚀;ATR % ≥ 0.5%
2025-08-07T14:28:20.884455,HII,262.43,69.48,1.76,0.67,-30.37,-30.37,ADX ≥ 20.0;MACD 🚀;ATR % ≥ 0.5%
2025-08-07T14:28:26.949927,IBM,254.48,37.57,0.67,0.26,20.99,20.99,ADX ≥ 20.0;MACD 🚀;RSI 📈;Price > SMA20
2025-08-07T14:28:28.232661,IDXX,634.48,47.31,2.58,0.41,-10.32,-10.32,ADX ≥ 20.0;MACD 🚀;RSI 📈;ATR14 ≥ 2.0;Price > SMA20
2025-08-07T14:28:39.022678,ICE,188.36,31.93,0.43,0.23,15.70,15.70,ADX ≥ 20.0;MACD 🚀;Price > SMA20
2025-08-07T14:29:53.021713,LLY,639.86,83.30,12.34,1.93,-36.46,-36.46,ADX ≥ 20.0;MACD 🚀;ATR14 ≥ 2.0;ATR % ≥ 0.5%
2025-08-07T14:30:16.294126,MCK,665.57,76.81,8.43,1.27,-2.18,-2.18,ADX ≥ 20.0;MACD 🚀;ATR14 ≥ 2.0;ATR % ≥ 0.5%
2025-08-07T14:30:19.386318,MET,74.31,78.09,0.64,0.86,-10.86,-10.86,ADX ≥ 20.0;MACD 🚀;ATR % ≥ 0.5%
2025-08-07T14:30:33.451686,MPWR,796.92,23.28,7.98,1.00,8.56,8.56,ADX ≥ 20.0;MACD 🚀;ATR14 ≥ 2.0;ATR % ≥ 0.5%
2025-08-07T14:30:37.316280,MOS,30.98,34.54,0.31,1.00,-49.89,-49.89,ADX ≥ 20.0;MACD 🚀;ATR % ≥ 0.5%
2025-08-07T14:31:17.646365,PANW,168.48,51.52,1.12,0.66,-19.00,-19.00,ADX ≥ 20.0;MACD 🚀;ATR % ≥ 0.5%
2025-08-07T14:31:19.349119,PARA,0.00,22.69,0.04,inf,17.64,17.64,ADX ≥ 20.0;MACD 🚀;RSI 📈;ATR % ≥ 0.5%
2025-08-07T14:31:21.249520,PH,722.00,65.90,6.35,0.88,-9.37,-9.37,ADX ≥ 20.0;MACD 🚀;BB breakout;RSI 📈;ATR14 ≥ 2.0;ATR % ≥ 0.5%;Price > SMA20
2025-08-07T14:31:30.421086,PEP,141.78,20.55,0.40,0.28,4.57,4.57,ADX ≥ 20.0;MACD 🚀;Price > SMA20
2025-08-07T14:31:50.658762,DGX,174.04,41.39,0.38,0.22,2.50,2.50,ADX ≥ 20.0;MACD 🚀;RSI 📈;Price > SMA20
2025-08-07T14:32:00.104557,RSG,235.72,22.13,0.52,0.22,14.49,14.49,ADX ≥ 20.0;MACD 🚀;Price > SMA20
2025-08-07T14:32:00.818210,RMD,280.92,36.69,0.88,0.31,-7.57,-7.57,ADX ≥ 20.0;MACD 🚀;Price > SMA20
2025-08-07T14:32:12.555352,SBAC,220.30,38.70,0.56,0.25,18.97,18.97,ADX ≥ 20.0;MACD 🚀;Price > SMA20
2025-08-07T14:32:15.969377,STX,146.94,35.20,0.76,0.52,-25.68,-25.68,ADX ≥ 20.0;MACD 🚀;ATR % ≥ 0.5%
2025-08-07T14:32:17.822613,SRE,81.73,21.50,0.42,0.52,-1.40,-1.40,ADX ≥ 20.0;MACD 🚀;ATR % ≥ 0.5%;Price > SMA20
2025-08-07T14:32:40.196645,TPR,107.70,32.61,1.04,0.96,4.20,4.20,ADX ≥ 20.0;MACD 🚀;ATR % ≥ 0.5%
2025-08-07T14:32:55.526246,TKO,158.27,30.28,1.94,1.23,-14.58,-14.58,ADX ≥ 20.0;MACD 🚀;ATR % ≥ 0.5%;Price > SMA20
2025-08-07T14:32:56.693311,TSCO,60.42,48.93,0.18,0.30,8.72,8.72,ADX ≥ 20.0;MACD 🚀;Price > SMA20
2025-08-07T14:33:02.396691,TDG,1398.26,22.96,5.11,0.37,-15.50,-15.50,ADX ≥ 20.0;MACD 🚀;ATR14 ≥ 2.0;Price > SMA20
2025-08-07T14:33:09.666379,UDR,38.63,24.57,0.11,0.29,-5.33,-5.33,ADX ≥ 20.0;MACD 🚀;BB breakout;RSI 📈;Price > SMA20
2025-08-07T14:33:21.390148,VRSK,267.87,56.14,0.61,0.23,3.22,3.22,ADX ≥ 20.0;MACD 🚀;BB breakout;RSI 📈;Price > SMA20
2025-08-07T14:33:23.305747,VRTX,379.06,33.04,2.71,0.71,-11.42,-11.42,ADX ≥ 20.0;MACD 🚀;ATR14 ≥ 2.0;ATR % ≥ 0.5%
2025-08-07T14:33:38.973540,WBD,11.95,29.30,0.17,1.45,-27.52,-27.52,ADX ≥ 20.0;MACD 🚀;ATR % ≥ 0.5%
2025-08-07T14:34:22.967230,ABNB,121.42,64.28,1.88,1.55,-25.95,-25.95,ADX ≥ 20.0;MACD 🚀;ATR % ≥ 0.5%
2025-08-07T14:34:32.029442,MO,63.23,38.91,0.14,0.23,5.63,5.63,ADX ≥ 20.0;MACD 🚀;RSI 📈;Price > SMA20
2025-08-07T14:34:43.872108,AIG,77.48,54.72,0.44,0.57,-22.73,-22.73,ADX ≥ 20.0;MACD 🚀;ATR % ≥ 0.5%
2025-08-07T14:35:07.920145,ADP,305.24,56.91,0.84,0.28,11.90,11.90,ADX ≥ 20.0;MACD 🚀;BB breakout;RSI 📈;Price > SMA20
2025-08-07T14:35:11.975512,AXON,872.91,39.12,5.79,0.66,-18.34,-18.34,ADX ≥ 20.0;MACD 🚀;ATR14 ≥ 2.0;ATR % ≥ 0.5%;Price > SMA20
2025-08-07T14:35:31.008173,BRO,91.89,33.04,0.25,0.27,4.13,4.13,ADX ≥ 20.0;MACD 🚀;Price > SMA20
2025-08-07T14:35:46.003238,CAH,153.88,78.94,0.89,0.58,-37.92,-37.92,ADX ≥ 20.0;MACD 🚀;ATR % ≥ 0.5%
2025-08-07T14:35:51.866686,COR,278.40,65.92,1.63,0.59,-21.81,-21.81,ADX ≥ 20.0;MACD 🚀;ATR % ≥ 0.5%
2025-08-07T14:35:56.503768,CF,82.56,69.81,1.42,1.72,-49.25,-49.25,ADX ≥ 20.0;MACD 🚀;ATR % ≥ 0.5%
2025-08-07T14:36:09.501926,CME,282.02,44.06,0.83,0.30,-17.84,-17.84,ADX ≥ 20.0;MACD 🚀;RSI 📈;Price > SMA20
2025-08-07T14:36:10.330154,CMS,74.43,20.79,0.17,0.23,-20.95,-20.95,ADX ≥ 20.0;MACD 🚀;Price > SMA20
2025-08-07T14:36:24.844604,COP,92.44,20.25,0.77,0.83,-22.62,-22.62,ADX ≥ 20.0;MACD 🚀;ATR % ≥ 0.5%
2025-08-07T14:36:31.524954,CTVA,71.17,41.29,0.66,0.93,-20.07,-20.07,ADX ≥ 20.0;MACD 🚀;ATR % ≥ 0.5%;Price > SMA20
2025-08-07T14:36:39.654931,DHR,196.85,44.46,0.79,0.40,-19.60,-19.60,ADX ≥ 20.0;MACD 🚀;Price > SMA20
2025-08-07T14:36:44.143430,DECK,101.84,84.85,0.60,0.59,-11.41,-11.41,ADX ≥ 20.0;MACD 🚀;ATR % ≥ 0.5%
2025-08-07T14:36:54.135805,D,61.26,25.12,0.17,0.27,-15.06,-15.06,ADX ≥ 20.0;MACD 🚀;Price > SMA20
2025-08-07T14:37:12.734330,DUK,125.47,38.74,0.25,0.20,-22.72,-22.72,ADX ≥ 20.0;MACD 🚀;Price > SMA20
2025-08-07T14:38:03.767954,FIS,71.83,43.94,0.38,0.53,-9.37,-9.37,ADX ≥ 20.0;MACD 🚀;RSI 📈;ATR % ≥ 0.5%;Price > SMA20
2025-08-07T14:38:10.614383,FSLR,189.79,44.53,1.66,0.87,39.37,39.37,ADX ≥ 20.0;MACD 🚀;ATR % ≥ 0.5%;Price > SMA20
2025-08-07T14:38:11.436694,FE,43.41,45.18,0.11,0.26,-29.55,-29.55,ADX ≥ 20.0;MACD 🚀;Price > SMA20
2025-08-07T14:38:14.332571,FTNT,71.59,89.21,2.71,3.79,-51.12,-51.12,ADX ≥ 20.0;MACD 🚀;ATR14 ≥ 2.0;ATR % ≥ 0.5%
2025-08-07T14:38:22.111192,IT,238.89,33.52,1.99,0.83,-8.11,-8.11,ADX ≥ 20.0;MACD 🚀;ATR % ≥ 0.5%
2025-08-07T14:38:36.162842,GIS,49.49,26.41,0.16,0.33,-18.47,-18.47,ADX ≥ 20.0;MACD 🚀;Price > SMA20
2025-08-07T14:38:50.040202,HCA,370.75,34.97,1.07,0.29,-24.04,-24.04,ADX ≥ 20.0;MACD 🚀;RSI 📈;Price > SMA20
2025-08-07T14:39:06.285019,HWM,179.88,44.81,1.01,0.56,9.38,9.38,ADX ≥ 20.0;MACD 🚀;ATR % ≥ 0.5%
2025-08-07T14:39:11.916801,HII,262.59,69.69,1.77,0.67,-40.09,-40.09,ADX ≥ 20.0;MACD 🚀;ATR % ≥ 0.5%
2025-08-07T14:39:13.507756,IBM,254.65,37.90,0.69,0.27,6.22,6.22,ADX ≥ 20.0;MACD 🚀;Price > SMA20
2025-08-07T14:39:21.729064,IDXX,635.76,52.98,2.65,0.42,-16.23,-16.23,ADX ≥ 20.0;MACD 🚀;RSI 📈;ATR14 ≥ 2.0;Price > SMA20
2025-08-07T14:39:40.067109,INTC,19.86,75.52,0.16,0.82,-7.05,-7.05,ADX ≥ 20.0;MACD 🚀;ATR % ≥ 0.5%
2025-08-07T14:39:40.857736,ICE,188.63,33.22,0.43,0.23,-9.22,-9.22,ADX ≥ 20.0;MACD 🚀;Price > SMA20
2025-08-07T14:39:42.651582,IFF,65.58,43.71,0.39,0.60,3.32,3.32,ADX ≥ 20.0;MACD 🚀;ATR % ≥ 0.5%
2025-08-07T14:39:43.338835,IP,47.48,58.47,0.23,0.48,-13.78,-13.78,ADX ≥ 20.0;MACD 🚀;BB breakout;RSI 📈;Price > SMA20
2025-08-07T14:40:31.864387,LDOS,176.64,27.30,0.73,0.41,-15.45,-15.45,ADX ≥ 20.0;MACD 🚀;BB breakout;RSI 📈;Price > SMA20
2025-08-07T14:40:35.004178,LLY,637.38,90.85,6.24,0.98,-55.75,-55.75,ADX ≥ 20.0;MACD 🚀;ATR14 ≥ 2.0;ATR % ≥ 0.5%
2025-08-07T14:40:59.478219,MLM,608.56,26.18,3.45,0.57,-12.31,-12.31,ADX ≥ 20.0;MACD 🚀;ATR14 ≥ 2.0;ATR % ≥ 0.5%;Price > SMA20
2025-08-07T14:41:15.899456,MCK,662.51,85.94,8.72,1.32,-8.84,-8.84,ADX ≥ 20.0;MACD 🚀;ATR14 ≥ 2.0;ATR % ≥ 0.5%
2025-08-07T14:41:44.184673,MNST,60.34,58.23,0.19,0.32,-18.03,-18.03,ADX ≥ 20.0;MACD 🚀;BB breakout;RSI 📈;Price > SMA20
2025-08-07T14:41:54.328514,MOS,30.94,31.96,0.19,0.62,-55.99,-55.99,ADX ≥ 20.0;MACD 🚀;ATR % ≥ 0.5%
2025-08-07T14:42:00.941234,NEM,68.83,55.94,0.25,0.36,-9.68,-9.68,ADX ≥ 20.0;MACD 🚀;Price > SMA20
2025-08-07T14:42:05.111429,NEE,72.50,58.97,0.26,0.36,-18.48,-18.48,ADX ≥ 20.0;MACD 🚀;RSI 📈;Price > SMA20
2025-08-07T14:42:37.153866,PKG,193.23,29.80,0.39,0.20,-17.26,-17.26,ADX ≥ 20.0;MACD 🚀;Price > SMA20
2025-08-07T14:42:40.313456,PARA,0.00,22.69,0.04,inf,17.64,17.64,ADX ≥ 20.0;MACD 🚀;RSI 📈;ATR % ≥ 0.5%
2025-08-07T14:42:41.095978,PH,721.50,64.89,4.39,0.61,-18.77,-18.77,ADX ≥ 20.0;MACD 🚀;RSI 📈;ATR14 ≥ 2.0;ATR % ≥ 0.5%;Price > SMA20
2025-08-07T14:42:44.189525,PAYX,141.05,65.33,0.29,0.21,-15.57,-15.57,ADX ≥ 20.0;MACD 🚀;BB breakout;RSI 📈;Price > SMA20
2025-08-07T14:42:50.729568,PFE,24.07,24.76,0.07,0.30,-11.67,-11.67,ADX ≥ 20.0;MACD 🚀;Price > SMA20
2025-08-07T14:42:55.935202,PNW,94.07,24.86,0.24,0.26,-5.76,-5.76,ADX ≥ 20.0;MACD 🚀;BB breakout;RSI 📈;Price > SMA20
2025-08-07T14:43:13.336153,DGX,174.31,36.06,0.29,0.17,-6.61,-6.61,ADX ≥ 20.0;MACD 🚀;BB breakout;RSI 📈;Price > SMA20
2025-08-07T14:43:14.214207,RL,275.37,70.09,3.37,1.23,-28.86,-28.86,ADX ≥ 20.0;MACD 🚀;ATR14 ≥ 2.0;ATR % ≥ 0.5%
2025-08-07T14:43:17.516775,O,56.66,36.75,0.18,0.32,-13.90,-13.90,ADX ≥ 20.0;MACD 🚀;Price > SMA20
2025-08-07T14:43:19.298660,REGN,559.62,33.87,2.03,0.36,-11.78,-11.78,ADX ≥ 20.0;MACD 🚀;BB breakout;RSI 📈;ATR14 ≥ 2.0;Price > SMA20
2025-08-07T14:43:27.393077,RMD,280.98,33.01,0.74,0.26,-24.56,-24.56,ADX ≥ 20.0;MACD 🚀;Price > SMA20
2025-08-07T14:43:39.254353,SBAC,220.33,31.45,0.50,0.23,-4.04,-4.04,ADX ≥ 20.0;MACD 🚀;Price > SMA20
2025-08-07T14:43:52.992592,SO,95.31,21.80,0.17,0.18,-18.96,-18.96,ADX ≥ 20.0;MACD 🚀;RSI 📈;Price > SMA20
2025-08-07T14:44:06.826499,SNPS,620.11,28.08,2.48,0.40,-7.04,-7.04,ADX ≥ 20.0;MACD 🚀;ATR14 ≥ 2.0
2025-08-07T14:44:12.279743,TPR,108.11,37.49,0.92,0.85,-21.22,-21.22,ADX ≥ 20.0;MACD 🚀;ATR % ≥ 0.5%
2025-08-07T14:44:17.478716,TPL,905.00,53.76,9.97,1.10,18.97,18.97,ADX ≥ 20.0;MACD 🚀;ATR14 ≥ 2.0;ATR % ≥ 0.5%
2025-08-07T14:44:18.775122,TMO,454.71,53.08,1.49,0.33,-12.94,-12.94,ADX ≥ 20.0;MACD 🚀;Price > SMA20
2025-08-07T14:44:20.198358,TKO,160.16,35.74,1.65,1.03,-24.02,-24.02,ADX ≥ 20.0;MACD 🚀;RSI 📈;ATR % ≥ 0.5%;Price > SMA20
2025-08-07T14:44:28.875797,UDR,38.66,26.83,0.09,0.23,-12.93,-12.93,ADX ≥ 20.0;MACD 🚀;BB breakout;RSI 📈;Price > SMA20
2025-08-07T14:44:49.033335,VMC,283.46,42.60,1.03,0.36,-15.30,-15.30,ADX ≥ 20.0;MACD 🚀;Price > SMA20
2025-08-07T14:44:55.839175,WBD,11.79,33.31,0.13,1.07,-36.75,-36.75,ADX ≥ 20.0;MACD 🚀;ATR % ≥ 0.5%
2025-08-07T14:44:59.001918,WEC,110.24,28.31,0.18,0.17,-5.98,-5.98,ADX ≥ 20.0;MACD 🚀;Price > SMA20
2025-08-07T14:45:12.396620,WYNN,107.71,30.67,0.24,0.22,-27.90,-27.90,ADX ≥ 20.0;MACD 🚀;Price > SMA20
2025-08-07T14:45:14.365645,XEL,73.41,22.51,0.14,0.19,-20.72,-20.72,ADX ≥ 20.0;MACD 🚀;Price > SMA20
2025-08-07T14:45:18.119657,YUM,143.09,21.01,0.35,0.24,-46.39,-46.39,ADX ≥ 20.0;MACD 🚀;RSI 📈;Price > SMA20
2025-08-07T14:45:32.602953,ABBV,197.94,31.02,0.56,0.28,-21.62,-21.62,ADX ≥ 20.0;MACD 🚀;BB breakout;RSI 📈;Price > SMA20
2025-08-07T14:45:37.715056,A,114.10,38.77,0.33,0.29,-26.74,-26.74,ADX ≥ 20.0;MACD 🚀;Price > SMA20
2025-08-07T14:45:40.098791,ABNB,121.50,55.26,0.89,0.73,-53.47,-53.47,ADX ≥ 20.0;MACD 🚀;ATR % ≥ 0.5%
2025-08-07T14:45:42.683212,ALGN,137.21,20.79,0.70,0.51,-36.57,-36.57,ADX ≥ 20.0;MACD 🚀;ATR % ≥ 0.5%
2025-08-07T14:45:44.206216,LNT,66.00,28.27,0.11,0.17,-23.39,-23.39,ADX ≥ 20.0;MACD 🚀;Price > SMA20
2025-08-07T14:45:48.254496,MO,63.20,39.80,0.10,0.16,-21.71,-21.71,ADX ≥ 20.0;MACD 🚀;Price > SMA20
2025-08-07T14:45:51.910312,AMCR,9.51,39.84,0.02,0.25,-29.21,-29.21,ADX ≥ 20.0;MACD 🚀;RSI 📈;Price > SMA20
2025-08-07T14:46:12.518659,ANET,139.68,38.26,0.66,0.47,-19.38,-19.38,ADX ≥ 20.0;MACD 🚀;Price > SMA20
2025-08-07T14:46:22.672501,T,27.66,32.88,0.07,0.25,-11.36,-11.36,ADX ≥ 20.0;MACD 🚀;BB breakout;RSI 📈;Price > SMA20
2025-08-07T14:46:28.095559,AXON,873.64,36.66,3.74,0.43,-42.87,-42.87,ADX ≥ 20.0;MACD 🚀;RSI 📈;ATR14 ≥ 2.0;Price > SMA20
2025-08-07T14:46:29.528756,BALL,53.18,35.13,0.15,0.27,-41.89,-41.89,ADX ≥ 20.0;MACD 🚀;Price > SMA20
2025-08-07T14:46:35.023778,BAX,23.11,20.44,0.15,0.67,-39.57,-39.57,ADX ≥ 20.0;MACD 🚀;ATR % ≥ 0.5%;Price > SMA20
2025-08-07T14:46:41.759570,TECH,49.76,24.48,0.30,0.60,-17.50,-17.50,ADX ≥ 20.0;MACD 🚀;ATR % ≥ 0.5%
2025-08-07T14:46:49.141694,BSX,103.34,40.58,0.24,0.24,-29.89,-29.89,ADX ≥ 20.0;MACD 🚀;Price > SMA20
2025-08-07T14:46:50.354093,BMY,45.06,27.77,0.15,0.34,-16.02,-16.02,ADX ≥ 20.0;MACD 🚀;Price > SMA20
2025-08-07T14:46:52.514587,BRO,92.14,32.17,0.25,0.27,5.97,5.97,ADX ≥ 20.0;MACD 🚀;Price > SMA20
2025-08-07T14:47:06.060448,CAH,154.27,71.22,0.66,0.43,-44.88,-44.88,ADX ≥ 20.0;MACD 🚀;BB breakout
2025-08-07T14:47:19.784662,CF,82.82,64.54,0.74,0.90,-47.40,-47.40,ADX ≥ 20.0;MACD 🚀;ATR % ≥ 0.5%
2025-08-07T14:47:40.995768,CME,282.25,42.64,0.62,0.22,-16.83,-16.83,ADX ≥ 20.0;MACD 🚀;RSI 📈;Price > SMA20
2025-08-07T14:47:55.025757,COP,92.82,23.51,0.58,0.63,-24.47,-24.47,ADX ≥ 20.0;MACD 🚀;ATR % ≥ 0.5%;Price > SMA20
2025-08-07T14:47:55.868927,ED,104.17,36.29,0.22,0.21,-3.86,-3.86,ADX ≥ 20.0;MACD 🚀;Price > SMA20
2025-08-07T14:47:59.415731,CEG,338.97,32.58,2.90,0.86,-31.28,-31.28,ADX ≥ 20.0;MACD 🚀;BB breakout;RSI 📈;ATR14 ≥ 2.0;ATR % ≥ 0.5%;Price > SMA20
2025-08-07T14:48:04.721142,CTVA,70.96,38.74,0.49,0.69,-34.02,-34.02,ADX ≥ 20.0;MACD 🚀;ATR % ≥ 0.5%;Price > SMA20
2025-08-07T14:48:14.594951,CRWD,433.97,76.02,2.57,0.59,-16.95,-16.95,ADX ≥ 20.0;MACD 🚀;ATR14 ≥ 2.0;ATR % ≥ 0.5%
2025-08-07T14:48:23.438565,DHR,196.99,36.98,0.66,0.33,-14.18,-14.18,ADX ≥ 20.0;MACD 🚀;Price > SMA20
2025-08-07T14:48:40.112484,D,61.32,23.31,0.13,0.22,-13.19,-13.19,ADX ≥ 20.0;MACD 🚀;Price > SMA20
2025-08-07T14:48:43.314951,DASH,266.30,25.10,2.47,0.93,-32.13,-32.13,ADX ≥ 20.0;MACD 🚀;BB breakout;RSI 📈;ATR14 ≥ 2.0;ATR % ≥ 0.5%;Price > SMA20
2025-08-07T14:48:48.110414,DUK,125.54,35.88,0.23,0.18,-26.89,-26.89,ADX ≥ 20.0;MACD 🚀;Price > SMA20
2025-08-07T14:48:56.492559,EA,163.02,25.21,0.50,0.31,-10.77,-10.77,ADX ≥ 20.0;MACD 🚀;Price > SMA20
2025-08-07T14:48:57.153301,ELV,281.37,39.98,1.19,0.42,-7.84,-7.84,ADX ≥ 20.0;MACD 🚀;Price > SMA20
2025-08-07T14:49:18.176005,EQT,52.25,38.46,0.23,0.44,3.41,3.41,ADX ≥ 20.0;MACD 🚀;RSI 📈;Price > SMA20
2025-08-07T14:49:31.479076,EXE,102.21,26.33,0.36,0.35,-13.67,-13.67,ADX ≥ 20.0;MACD 🚀;Price > SMA20
2025-08-07T14:50:20.413685,FTNT,72.25,69.89,0.92,1.27,-65.96,-65.96,ADX ≥ 20.0;MACD 🚀;ATR % ≥ 0.5%
2025-08-07T14:50:36.468637,IT,238.12,40.58,1.77,0.74,-27.03,-27.03,ADX ≥ 20.0;MACD 🚀;ATR % ≥ 0.5%
2025-08-07T14:50:42.955921,GEV,658.50,29.88,2.70,0.41,-25.36,-25.36,ADX ≥ 20.0;MACD 🚀;ATR14 ≥ 2.0
2025-08-07T14:51:01.796959,HCA,371.35,38.54,0.74,0.20,-33.67,-33.67,ADX ≥ 20.0;MACD 🚀;RSI 📈;Price > SMA20
2025-08-07T14:51:17.096982,HWM,180.03,36.10,0.81,0.45,-27.91,-27.91,ADX ≥ 20.0;MACD 🚀;Price > SMA20
2025-08-07T14:51:40.339294,INTC,19.72,73.78,0.11,0.57,-25.89,-25.89,ADX ≥ 20.0;MACD 🚀;ATR % ≥ 0.5%
2025-08-07T14:51:44.622654,INTU,780.98,53.87,1.34,0.17,-31.47,-31.47,ADX ≥ 20.0;MACD 🚀;Price > SMA20
2025-08-07T14:52:22.047860,LLY,636.65,83.28,5.20,0.82,-53.87,-53.87,ADX ≥ 20.0;MACD 🚀;ATR14 ≥ 2.0;ATR % ≥ 0.5%
2025-08-07T14:52:42.429148,MCK,666.61,76.96,5.26,0.79,-43.54,-43.54,ADX ≥ 20.0;MACD 🚀;ATR14 ≥ 2.0;ATR % ≥ 0.5%
2025-08-07T14:53:03.815264,MOS,31.03,29.50,0.15,0.49,-57.98,-57.98,ADX ≥ 20.0;MACD 🚀;Price > SMA20
2025-08-07T14:53:09.040342,NFLX,1185.98,24.99,3.49,0.29,-11.30,-11.30,ADX ≥ 20.0;MACD 🚀;RSI 📈;ATR14 ≥ 2.0;Price > SMA20
2025-08-07T14:54:12.439108,PARA,0.00,22.69,0.04,inf,17.64,17.64,ADX ≥ 20.0;MACD 🚀;RSI 📈;ATR % ≥ 0.5%
2025-08-07T14:54:15.364323,PH,725.51,56.85,3.94,0.54,-19.30,-19.30,ADX ≥ 20.0;MACD 🚀;RSI 📈;ATR14 ≥ 2.0;ATR % ≥ 0.5%;Price > SMA20
2025-08-07T14:54:26.594549,PNW,93.89,27.56,0.25,0.26,-19.35,-19.35,ADX ≥ 20.0;MACD 🚀;Price > SMA20
2025-08-07T14:54:32.792316,PEG,86.96,21.53,0.22,0.25,-39.65,-39.65,ADX ≥ 20.0;MACD 🚀;Price > SMA20
2025-08-07T14:54:41.138603,PWR,391.28,28.79,1.00,0.25,-19.66,-19.66,ADX ≥ 20.0;MACD 🚀;Price > SMA20
2025-08-07T14:54:44.206990,RL,276.61,64.13,2.81,1.02,-28.53,-28.53,ADX ≥ 20.0;MACD 🚀;ATR14 ≥ 2.0;ATR % ≥ 0.5%
2025-08-07T14:54:59.490282,RMD,281.21,23.27,0.63,0.22,-30.54,-30.54,ADX ≥ 20.0;MACD 🚀;Price > SMA20
2025-08-07T14:55:13.896654,STX,147.44,26.87,0.49,0.33,-42.10,-42.10,ADX ≥ 20.0;MACD 🚀;Price > SMA20
2025-08-07T14:55:38.197153,SNPS,618.82,32.73,2.05,0.33,-33.48,-33.48,ADX ≥ 20.0;MACD 🚀;ATR14 ≥ 2.0
2025-08-07T14:55:41.353961,TMUS,240.84,21.38,0.46,0.19,-26.69,-26.69,ADX ≥ 20.0;MACD 🚀;RSI 📈;Price > SMA20
2025-08-07T14:55:45.845481,TPR,108.45,37.78,0.65,0.60,-52.51,-52.51,ADX ≥ 20.0;MACD 🚀;ATR % ≥ 0.5%
2025-08-07T14:55:52.344266,TPL,899.00,60.56,9.43,1.05,7.77,7.77,ADX ≥ 20.0;MACD 🚀;ATR14 ≥ 2.0;ATR % ≥ 0.5%
2025-08-07T14:55:59.854241,TKO,160.24,50.03,1.30,0.81,-49.01,-49.01,ADX ≥ 20.0;MACD 🚀;RSI 📈;ATR % ≥ 0.5%;Price > SMA20
2025-08-07T14:56:14.239628,ULTA,504.02,88.27,2.18,0.43,11.84,11.84,ADX ≥ 20.0;MACD 🚀;ATR14 ≥ 2.0
2025-08-07T14:56:22.474447,UHS,166.00,21.45,0.33,0.20,-42.51,-42.51,ADX ≥ 20.0;MACD 🚀;Price > SMA20
2025-08-07T14:56:30.008294,VRTX,377.06,38.03,1.89,0.50,-39.65,-39.65,ADX ≥ 20.0;MACD 🚀;ATR % ≥ 0.5%
2025-08-07T14:56:45.272175,WBD,11.87,32.36,0.09,0.79,-46.46,-46.46,ADX ≥ 20.0;MACD 🚀;ATR % ≥ 0.5%
2025-08-07T14:56:48.448130,WELL,169.46,24.46,0.31,0.18,-32.60,-32.60,ADX ≥ 20.0;MACD 🚀;Price > SMA20
2025-08-07T14:57:28.103776,ABNB,121.29,46.77,0.83,0.68,-61.38,-61.38,ADX ≥ 20.0;MACD 🚀;ATR % ≥ 0.5%
2025-08-07T14:57:39.286976,LNT,65.98,24.19,0.11,0.16,-37.03,-37.03,ADX ≥ 20.0;MACD 🚀;Price > SMA20
2025-08-07T14:57:42.665763,MO,63.16,39.77,0.10,0.16,-33.45,-33.45,ADX ≥ 20.0;MACD 🚀;Price > SMA20
2025-08-07T14:58:17.161201,AJG,286.51,21.43,0.44,0.16,-24.45,-24.45,ADX ≥ 20.0;MACD 🚀;Price > SMA20
2025-08-07T14:58:21.876755,T,27.64,30.13,0.07,0.24,-13.21,-13.21,ADX ≥ 20.0;MACD 🚀;Price > SMA20
2025-08-07T14:58:28.449257,AXON,873.86,35.81,3.57,0.41,-38.58,-38.58,ADX ≥ 20.0;MACD 🚀;ATR14 ≥ 2.0;Price > SMA20
2025-08-07T14:58:57.830226,BMY,45.12,22.24,0.15,0.34,-26.73,-26.73,ADX ≥ 20.0;MACD 🚀;Price > SMA20
2025-08-07T14:59:02.150259,BRO,92.09,27.82,0.27,0.29,11.16,11.16,ADX ≥ 20.0;MACD 🚀;Price > SMA20
2025-08-07T14:59:31.691738,CF,82.96,61.01,0.64,0.78,-57.24,-57.24,ADX ≥ 20.0;MACD 🚀;ATR % ≥ 0.5%;Price > SMA20
2025-08-07T14:59:42.152362,CHD,92.53,31.96,0.20,0.21,-21.63,-21.63,ADX ≥ 20.0;MACD 🚀;BB breakout;Price > SMA20
2025-08-07T14:59:53.939237,CLX,125.48,21.84,0.24,0.19,-22.31,-22.31,ADX ≥ 20.0;MACD 🚀;BB breakout;Price > SMA20
2025-08-07T14:59:54.709467,CME,282.32,42.83,0.57,0.20,-21.56,-21.56,ADX ≥ 20.0;MACD 🚀;RSI 📈;Price > SMA20
2025-08-07T15:00:03.188088,CL,84.66,30.06,0.16,0.19,-19.22,-19.22,ADX ≥ 20.0;MACD 🚀;BB breakout;Price > SMA20
2025-08-07T15:00:10.157969,COP,92.71,24.72,0.45,0.49,-40.10,-40.10,ADX ≥ 20.0;MACD 🚀;Price > SMA20
2025-08-07T15:00:12.162591,ED,104.34,28.89,0.20,0.19,-28.15,-28.15,ADX ≥ 20.0;MACD 🚀;Price > SMA20
2025-08-07T15:00:14.665304,CEG,343.19,33.27,2.62,0.76,-35.91,-35.91,ADX ≥ 20.0;MACD 🚀;RSI 📈;ATR14 ≥ 2.0;ATR % ≥ 0.5%;Price > SMA20
2025-08-07T15:00:31.033204,CRWD,432.44,70.73,2.22,0.51,-29.67,-29.67,ADX ≥ 20.0;MACD 🚀;ATR14 ≥ 2.0;ATR % ≥ 0.5%
2025-08-07T15:00:38.485367,CVS,63.07,34.63,0.17,0.27,-26.82,-26.82,ADX ≥ 20.0;MACD 🚀;Price > SMA20
2025-08-07T15:00:40.248036,DHR,197.13,26.04,0.57,0.29,-22.12,-22.12,ADX ≥ 20.0;MACD 🚀;Price > SMA20
2025-08-07T15:00:43.650702,DVA,128.50,20.54,0.55,0.43,-34.29,-34.29,ADX ≥ 20.0;MACD 🚀;Price > SMA20
2025-08-07T15:01:14.875388,DUK,125.39,26.30,0.19,0.15,-24.09,-24.09,ADX ≥ 20.0;MACD 🚀;Price > SMA20
2025-08-07T15:01:20.114433,ETN,357.63,30.55,0.98,0.27,-42.70,-42.70,ADX ≥ 20.0;MACD 🚀;Price > SMA20
2025-08-07T15:02:04.617306,EVRG,73.06,43.52,0.25,0.35,-32.03,-32.03,ADX ≥ 20.0;MACD 🚀;BB breakout;Price > SMA20
2025-08-07T15:02:21.446444,FE,43.36,28.89,0.08,0.18,-31.49,-31.49,ADX ≥ 20.0;MACD 🚀;Price > SMA20
2025-08-07T15:02:25.514453,FTNT,71.33,57.47,0.78,1.09,-68.45,-68.45,ADX ≥ 20.0;MACD 🚀;ATR % ≥ 0.5%
2025-08-07T15:02:31.218377,IT,237.81,43.13,1.39,0.59,-45.62,-45.62,ADX ≥ 20.0;MACD 🚀;ATR % ≥ 0.5%
2025-08-07T15:02:34.517497,GEV,657.07,33.06,2.57,0.39,-26.68,-26.68,ADX ≥ 20.0;MACD 🚀;ATR14 ≥ 2.0
2025-08-07T15:02:46.171415,HAS,76.79,22.72,0.17,0.22,-32.19,-32.19,ADX ≥ 20.0;MACD 🚀;Price > SMA20
2025-08-07T15:02:49.390021,HSY,186.68,40.56,0.53,0.28,-34.93,-34.93,ADX ≥ 20.0;MACD 🚀;Price > SMA20
2025-08-07T15:02:55.450072,HWM,179.82,28.66,0.76,0.42,-30.31,-30.31,ADX ≥ 20.0;MACD 🚀;Price > SMA20
2025-08-07T15:03:05.689143,INTC,19.75,71.11,0.11,0.53,-38.82,-38.82,ADX ≥ 20.0;MACD 🚀;ATR % ≥ 0.5%
2025-08-07T15:03:46.708975,KR,73.71,37.58,0.16,0.22,-27.76,-27.76,ADX ≥ 20.0;MACD 🚀;BB breakout;RSI 📈;Price > SMA20
2025-08-07T15:04:02.623872,LLY,637.90,73.37,4.59,0.72,-63.23,-63.23,ADX ≥ 20.0;MACD 🚀;ATR14 ≥ 2.0;ATR % ≥ 0.5%
2025-08-07T15:04:28.457182,MTCH,35.70,36.03,0.24,0.68,-31.46,-31.46,ADX ≥ 20.0;MACD 🚀;ATR % ≥ 0.5%
2025-08-07T15:04:29.256056,MKC,69.36,28.02,0.14,0.20,-22.20,-22.20,ADX ≥ 20.0;MACD 🚀;BB breakout
2025-08-07T15:04:31.080350,MCK,666.00,66.21,4.66,0.70,-50.74,-50.74,ADX ≥ 20.0;MACD 🚀;ATR14 ≥ 2.0;ATR % ≥ 0.5%
2025-08-07T15:04:32.508976,MRK,79.50,21.65,0.24,0.31,-19.56,-19.56,ADX ≥ 20.0;MACD 🚀;BB breakout;RSI 📈;Price > SMA20
2025-08-07T15:04:41.144276,MOH,155.15,22.23,0.86,0.55,-48.71,-48.71,ADX ≥ 20.0;MACD 🚀;BB breakout;ATR % ≥ 0.5%;Price > SMA20
2025-08-07T15:04:47.728543,MOS,31.17,27.57,0.14,0.44,-54.64,-54.64,ADX ≥ 20.0;MACD 🚀;BB breakout;RSI 📈;Price > SMA20
2025-08-07T15:05:08.459991,OXY,44.16,34.87,0.24,0.54,-43.88,-43.88,ADX ≥ 20.0;MACD 🚀;BB breakout;ATR % ≥ 0.5%;Price > SMA20
2025-08-07T15:05:20.022242,PARA,0.00,22.69,0.04,inf,17.64,17.64,ADX ≥ 20.0;MACD 🚀;RSI 📈;ATR % ≥ 0.5%
2025-08-07T15:05:50.429012,PEG,87.21,27.21,0.18,0.21,-49.17,-49.17,ADX ≥ 20.0;MACD 🚀;BB breakout;RSI 📈;Price > SMA20
2025-08-07T15:05:57.383989,RL,277.44,58.79,2.12,0.76,-56.92,-56.92,ADX ≥ 20.0;MACD 🚀;ATR14 ≥ 2.0;ATR % ≥ 0.5%
2025-08-07T15:05:59.790743,O,56.62,32.02,0.14,0.24,-46.36,-46.36,ADX ≥ 20.0;MACD 🚀;Price > SMA20
2025-08-07T15:06:21.670354,STX,147.72,22.74,0.46,0.31,-36.80,-36.80,ADX ≥ 20.0;MACD 🚀;Price > SMA20
2025-08-07T15:06:38.156482,SMCI,47.61,42.84,0.31,0.66,-34.35,-34.35,ADX ≥ 20.0;MACD 🚀;ATR % ≥ 0.5%
2025-08-07T15:06:46.418690,TPR,107.47,42.11,0.61,0.57,-48.67,-48.67,ADX ≥ 20.0;MACD 🚀;ATR % ≥ 0.5%
2025-08-07T15:06:59.456762,TPL,894.52,60.64,7.46,0.83,-19.22,-19.22,ADX ≥ 20.0;MACD 🚀;ATR14 ≥ 2.0;ATR % ≥ 0.5%
2025-08-07T15:07:31.424177,TYL,599.61,70.82,2.26,0.38,21.67,21.67,ADX ≥ 20.0;MACD 🚀;ATR14 ≥ 2.0
2025-08-07T15:07:37.216510,ULTA,500.87,84.72,2.27,0.45,-16.37,-16.37,ADX ≥ 20.0;MACD 🚀;ATR14 ≥ 2.0
2025-08-07T15:07:43.166219,UHS,166.20,30.03,0.33,0.20,-42.21,-42.21,ADX ≥ 20.0;MACD 🚀;Price > SMA20
2025-08-07T15:07:56.211632,VTRS,8.95,41.71,0.06,0.72,-37.96,-37.96,ADX ≥ 20.0;MACD 🚀;ATR % ≥ 0.5%
2025-08-07T15:08:09.489773,WBD,11.95,31.05,0.08,0.68,-49.61,-49.61,ADX ≥ 20.0;MACD 🚀;ATR % ≥ 0.5%
2025-08-07T15:08:15.038864,WELL,169.81,31.66,0.31,0.18,-33.00,-33.00,ADX ≥ 20.0;MACD 🚀;BB breakout;RSI 📈;Price > SMA20
2025-08-07T15:08:38.875620,ZTS,148.24,20.28,0.48,0.32,-19.52,-19.52,ADX ≥ 20.0;MACD 🚀;BB breakout;RSI 📈;Price > SMA20
2025-08-07T15:08:55.298466,ABNB,120.38,42.19,0.79,0.66,-61.64,-61.64,ADX ≥ 20.0;MACD 🚀;ATR % ≥ 0.5%
2025-08-07T15:09:04.683240,MO,63.21,40.11,0.10,0.16,-38.25,-38.25,ADX ≥ 20.0;MACD 🚀;Price > SMA20
2025-08-07T15:09:29.490992,T,27.65,29.94,0.06,0.21,-16.01,-16.01,ADX ≥ 20.0;MACD 🚀;Price > SMA20
2025-08-07T15:09:33.693988,AVB,188.04,27.48,0.38,0.20,-32.29,-32.29,ADX ≥ 20.0;MACD 🚀;Price > SMA20
2025-08-07T15:09:36.618597,BALL,53.33,29.84,0.13,0.24,-36.77,-36.77,ADX ≥ 20.0;MACD 🚀;BB breakout;RSI 📈;Price > SMA20
2025-08-07T15:09:44.147363,TECH,49.64,22.14,0.29,0.58,-28.67,-28.67,ADX ≥ 20.0;MACD 🚀;ATR % ≥ 0.5%
2025-08-07T15:10:26.622381,CNC,25.28,34.21,0.08,0.33,-31.36,-31.36,ADX ≥ 20.0;MACD 🚀;BB breakout
2025-08-07T15:10:28.331022,CF,84.11,60.44,0.55,0.65,-58.38,-58.38,ADX ≥ 20.0;MACD 🚀;BB breakout;RSI 📈;ATR % ≥ 0.5%;Price > SMA20
2025-08-07T15:10:36.150480,CI,270.60,27.02,0.64,0.24,-25.11,-25.11,ADX ≥ 20.0;MACD 🚀;Price > SMA20
2025-08-07T15:10:43.784647,CLX,125.65,20.29,0.24,0.19,-9.68,-9.68,ADX ≥ 20.0;MACD 🚀;RSI 📈;Price > SMA20
2025-08-07T15:10:54.587797,CAG,18.98,23.29,0.05,0.27,-40.18,-40.18,ADX ≥ 20.0;MACD 🚀;Price > SMA20
2025-08-07T15:10:57.046826,ED,104.39,27.39,0.21,0.20,-33.06,-33.06,ADX ≥ 20.0;MACD 🚀;Price > SMA20
2025-08-07T15:11:12.223850,CRWD,435.00,62.59,2.13,0.49,-36.84,-36.84,ADX ≥ 20.0;MACD 🚀;ATR14 ≥ 2.0
2025-08-07T15:11:15.884721,CMI,381.84,29.83,0.79,0.21,-52.19,-52.19,ADX ≥ 20.0;MACD 🚀;BB breakout
2025-08-07T15:11:16.664967,CVS,63.03,35.33,0.16,0.26,-20.36,-20.36,ADX ≥ 20.0;MACD 🚀;Price > SMA20
2025-08-07T15:11:20.549904,DHR,197.33,22.00,0.57,0.29,-21.35,-21.35,ADX ≥ 20.0;MACD 🚀;Price > SMA20
2025-08-07T15:11:23.335924,DVA,128.61,20.17,0.52,0.40,-32.77,-32.77,ADX ≥ 20.0;MACD 🚀;Price > SMA20
2025-08-07T15:11:49.749569,ETN,357.08,31.67,0.96,0.27,-44.54,-44.54,ADX ≥ 20.0;MACD 🚀;Price > SMA20
2025-08-07T15:12:03.948043,ELV,281.97,28.23,1.07,0.38,-28.88,-28.88,ADX ≥ 20.0;MACD 🚀;RSI 📈;Price > SMA20
2025-08-07T15:12:05.355873,ENPH,31.22,41.38,0.18,0.56,-55.46,-55.46,ADX ≥ 20.0;MACD 🚀;BB breakout;RSI 📈;ATR % ≥ 0.5%;Price > SMA20
2025-08-07T15:12:15.436295,ESS,255.97,30.13,0.48,0.19,-34.38,-34.38,ADX ≥ 20.0;MACD 🚀;Price > SMA20
2025-08-07T15:12:17.420399,EVRG,73.03,41.87,0.26,0.35,-15.85,-15.85,ADX ≥ 20.0;MACD 🚀;Price > SMA20
2025-08-07T15:12:37.121341,FE,43.42,26.09,0.07,0.16,-39.43,-39.43,ADX ≥ 20.0;MACD 🚀;Price > SMA20
2025-08-07T15:12:41.908799,FTNT,71.50,46.47,0.77,1.07,-71.20,-71.20,ADX ≥ 20.0;MACD 🚀;ATR % ≥ 0.5%
2025-08-07T15:13:04.833959,GL,141.13,20.67,0.35,0.25,-49.97,-49.97,ADX ≥ 20.0;MACD 🚀;Price > SMA20
2025-08-07T15:13:14.205563,HAS,76.80,21.05,0.15,0.20,-34.59,-34.59,ADX ≥ 20.0;MACD 🚀;Price > SMA20
2025-08-07T15:13:14.959743,HCA,372.47,43.97,0.68,0.18,-31.65,-31.65,ADX ≥ 20.0;MACD 🚀;BB breakout;RSI 📈;Price > SMA20
2025-08-07T15:13:20.013276,HSY,186.51,40.68,0.47,0.25,-32.44,-32.44,ADX ≥ 20.0;MACD 🚀;Price > SMA20
2025-08-07T15:13:45.382351,IR,76.50,30.73,0.16,0.21,-37.53,-37.53,ADX ≥ 20.0;MACD 🚀;BB breakout
2025-08-07T15:14:15.222790,KR,73.60,38.31,0.16,0.22,-24.33,-24.33,ADX ≥ 20.0;MACD 🚀;Price > SMA20
2025-08-07T15:14:23.339806,LLY,635.76,62.28,4.07,0.64,-62.71,-62.71,ADX ≥ 20.0;MACD 🚀;ATR14 ≥ 2.0;ATR % ≥ 0.5%
2025-08-07T15:14:47.301022,MTCH,35.84,40.15,0.22,0.62,-49.45,-49.45,ADX ≥ 20.0;MACD 🚀;ATR % ≥ 0.5%
2025-08-07T15:14:51.012699,MCK,660.57,54.20,4.27,0.65,-56.23,-56.23,ADX ≥ 20.0;MACD 🚀;ATR14 ≥ 2.0;ATR % ≥ 0.5%
2025-08-07T15:14:52.696842,MRK,79.29,20.47,0.22,0.28,-18.22,-18.22,ADX ≥ 20.0;MACD 🚀;Price > SMA20
2025-08-07T15:15:42.545430,MOS,31.14,29.31,0.11,0.36,-38.92,-38.92,ADX ≥ 20.0;MACD 🚀;Price > SMA20
2025-08-07T15:16:15.249553,ON,48.32,34.58,0.19,0.40,-20.02,-20.02,ADX ≥ 20.0;MACD 🚀;BB breakout;RSI 📈;Price > SMA20
2025-08-07T15:16:21.595719,PLTR,183.36,43.81,0.86,0.47,-27.66,-27.66,ADX ≥ 20.0;MACD 🚀;RSI 📈;Price > SMA20
2025-08-07T15:16:23.313723,PARA,0.00,22.69,0.04,inf,17.64,17.64,ADX ≥ 20.0;MACD 🚀;RSI 📈;ATR % ≥ 0.5%
2025-08-07T15:16:52.942411,RL,276.01,55.38,1.83,0.66,-58.48,-58.48,ADX ≥ 20.0;MACD 🚀;ATR % ≥ 0.5%
2025-08-07T15:16:56.695537,O,56.75,34.59,0.14,0.24,-26.65,-26.65,ADX ≥ 20.0;MACD 🚀;Price > SMA20
2025-08-07T15:17:00.297648,REGN,558.81,27.72,1.66,0.30,-21.83,-21.83,ADX ≥ 20.0;MACD 🚀;Price > SMA20
2025-08-07T15:17:35.909367,SMCI,47.47,39.16,0.30,0.64,-21.77,-21.77,ADX ≥ 20.0;MACD 🚀;ATR % ≥ 0.5%
2025-08-07T15:17:45.816081,TRGP,166.71,38.95,1.01,0.61,-3.31,-3.31,ADX ≥ 20.0;MACD 🚀;BB breakout;ATR % ≥ 0.5%;Price > SMA20
2025-08-07T15:18:17.320794,TYL,597.50,72.06,2.29,0.38,12.37,12.37,ADX ≥ 20.0;MACD 🚀;ATR14 ≥ 2.0
2025-08-07T15:18:24.693946,ULTA,500.69,79.49,2.08,0.42,-35.24,-35.24,ADX ≥ 20.0;MACD 🚀;ATR14 ≥ 2.0
2025-08-07T15:18:46.058744,VTRS,8.93,44.33,0.06,0.69,-12.75,-12.75,ADX ≥ 20.0;MACD 🚀;ATR % ≥ 0.5%
2025-08-07T15:18:56.857274,WBD,12.02,28.84,0.08,0.63,-36.83,-36.83,ADX ≥ 20.0;MACD 🚀;ATR % ≥ 0.5%;Price > SMA20
2025-08-07T15:19:10.101833,WYNN,107.78,20.72,0.26,0.24,8.88,8.88,ADX ≥ 20.0;MACD 🚀;Price > SMA20
2025-08-07T15:19:12.631765,ZBRA,311.01,28.97,1.18,0.38,-37.81,-37.81,ADX ≥ 20.0;MACD 🚀;BB breakout
2025-08-07T15:19:31.391937,AMD,174.56,62.74,0.96,0.55,-13.46,-13.46,ADX ≥ 20.0;MACD 🚀;BB breakout;RSI 📈;ATR % ≥ 0.5%;Price > SMA20
2025-08-07T15:19:37.374691,ABNB,120.45,35.51,0.67,0.55,-40.55,-40.55,ADX ≥ 20.0;MACD 🚀;ATR % ≥ 0.5%
2025-08-07T15:20:08.346703,APA,19.11,49.73,0.15,0.81,-50.73,-50.73,ADX ≥ 20.0;MACD 🚀;ATR % ≥ 0.5%
2025-08-07T15:20:10.144672,APO,139.70,67.99,0.77,0.55,-14.29,-14.29,ADX ≥ 20.0;MACD 🚀;ATR % ≥ 0.5%
2025-08-07T15:20:11.147749,AAPL,219.94,33.26,0.61,0.28,-31.81,-31.81,ADX ≥ 20.0;MACD 🚀;RSI 📈;Price > SMA20
2025-08-07T15:20:13.575140,APTV,65.74,37.69,0.18,0.27,-20.48,-20.48,ADX ≥ 20.0;MACD 🚀;BB breakout;Price > SMA20
2025-08-07T15:20:24.209414,AVB,188.14,20.67,0.39,0.21,-2.53,-2.53,ADX ≥ 20.0;MACD 🚀;Price > SMA20
2025-08-07T15:20:29.115559,BRK-B,0.00,62.80,0.94,inf,-20.46,-20.46,ADX ≥ 20.0;MACD 🚀;ATR % ≥ 0.5%
2025-08-07T15:20:47.530160,BF-B,0.00,22.99,0.09,inf,-33.74,-33.74,ADX ≥ 20.0;MACD 🚀;ATR % ≥ 0.5%
2025-08-07T15:20:48.416946,BLDR,132.68,27.20,0.52,0.39,-31.21,-31.21,ADX ≥ 20.0;MACD 🚀;Price > SMA20
2025-08-07T15:21:04.808770,CCL,29.20,39.05,0.07,0.24,-21.12,-21.12,ADX ≥ 20.0;MACD 🚀;Price > SMA20
2025-08-07T15:21:09.076305,CAT,414.13,89.47,1.48,0.36,-11.01,-11.01,ADX ≥ 20.0;MACD 🚀;BB breakout
2025-08-07T15:21:20.453704,CF,84.48,61.46,0.51,0.60,-33.34,-33.34,ADX ≥ 20.0;MACD 🚀;RSI 📈;ATR % ≥ 0.5%;Price > SMA20
2025-08-07T15:21:51.471936,COIN,314.06,26.33,1.79,0.57,-22.74,-22.74,ADX ≥ 20.0;MACD 🚀;ATR % ≥ 0.5%;Price > SMA20
2025-08-07T15:21:53.911206,CAG,18.95,23.54,0.05,0.27,-19.61,-19.61,ADX ≥ 20.0;MACD 🚀;Price > SMA20
2025-08-07T15:21:54.696926,COP,92.82,27.38,0.40,0.43,-42.80,-42.80,ADX ≥ 20.0;MACD 🚀;Price > SMA20
2025-08-07T15:22:00.741132,CTVA,71.07,36.08,0.29,0.41,-40.52,-40.52,ADX ≥ 20.0;MACD 🚀;Price > SMA20
2025-08-07T15:22:13.283685,CRWD,436.83,52.54,2.12,0.49,-21.48,-21.48,ADX ≥ 20.0;MACD 🚀;BB breakout;ATR14 ≥ 2.0;Price > SMA20
2025-08-07T15:22:18.581606,CMI,382.00,30.39,0.73,0.19,-35.38,-35.38,ADX ≥ 20.0;MACD 🚀;Price > SMA20
2025-08-07T15:22:28.789115,DAL,53.56,57.04,0.15,0.28,-17.21,-17.21,ADX ≥ 20.0;MACD 🚀;Price > SMA20
2025-08-07T15:22:44.500619,DASH,270.74,28.14,2.04,0.75,-25.45,-25.45,ADX ≥ 20.0;MACD 🚀;RSI 📈;ATR14 ≥ 2.0;ATR % ≥ 0.5%;Price > SMA20
2025-08-07T15:22:58.088308,ETN,357.29,27.49,0.86,0.24,-22.90,-22.90,ADX ≥ 20.0;MACD 🚀;Price > SMA20
2025-08-07T15:23:10.908860,ENPH,31.16,40.42,0.16,0.51,-35.35,-35.35,ADX ≥ 20.0;MACD 🚀;ATR % ≥ 0.5%;Price > SMA20
2025-08-07T15:23:13.499130,EPAM,162.43,28.26,1.66,1.02,-31.46,-31.46,ADX ≥ 20.0;MACD 🚀;BB breakout;RSI 📈;ATR % ≥ 0.5%;Price > SMA20
2025-08-07T15:23:29.466353,ESS,256.11,28.00,0.48,0.19,5.70,5.70,ADX ≥ 20.0;MACD 🚀;Price > SMA20
2025-08-07T15:23:32.174669,EL,90.12,31.85,0.28,0.31,-27.23,-27.23,ADX ≥ 20.0;MACD 🚀;Price > SMA20
2025-08-07T15:23:45.808920,FICO,1367.11,23.92,5.20,0.38,-44.66,-44.66,ADX ≥ 20.0;MACD 🚀;ATR14 ≥ 2.0
2025-08-07T15:24:04.174401,FTNT,72.80,35.74,0.73,1.00,-29.85,-29.85,ADX ≥ 20.0;MACD 🚀;BB breakout;ATR % ≥ 0.5%;Price > SMA20
2025-08-07T15:24:49.893315,GE,270.41,23.95,0.59,0.22,-35.75,-35.75,ADX ≥ 20.0;MACD 🚀;Price > SMA20
2025-08-07T15:25:14.767007,GL,141.01,21.56,0.27,0.19,-40.38,-40.38,ADX ≥ 20.0;MACD 🚀;Price > SMA20
2025-08-07T15:25:24.492050,HAS,76.88,22.97,0.13,0.17,-44.11,-44.11,ADX ≥ 20.0;MACD 🚀;RSI 📈;Price > SMA20
2025-08-07T15:25:30.876693,HSY,186.12,35.29,0.42,0.22,-34.04,-34.04,ADX ≥ 20.0;MACD 🚀;Price > SMA20
2025-08-07T15:25:50.150182,HII,262.49,40.85,0.46,0.17,-48.10,-48.10,ADX ≥ 20.0;MACD 🚀;BB breakout;Price > SMA20
2025-08-07T15:25:54.375989,IDXX,640.75,49.93,1.34,0.21,-15.63,-15.63,ADX ≥ 20.0;MACD 🚀;BB breakout;RSI 📈;Price > SMA20
2025-08-07T15:26:23.771870,IRM,90.59,21.35,0.39,0.43,-20.55,-20.55,ADX ≥ 20.0;MACD 🚀;Price > SMA20
2025-08-07T15:27:10.213289,LVS,52.86,41.97,0.09,0.18,-31.34,-31.34,ADX ≥ 20.0;MACD 🚀;Price > SMA20
2025-08-07T15:27:16.721610,LII,596.87,24.98,2.26,0.38,-14.14,-14.14,ADX ≥ 20.0;MACD 🚀;ATR14 ≥ 2.0
2025-08-07T15:27:19.624981,LLY,638.96,45.45,4.20,0.66,-20.14,-20.14,ADX ≥ 20.0;MACD 🚀;ATR14 ≥ 2.0;ATR % ≥ 0.5%;Price > SMA20
2025-08-07T15:27:39.883971,MLM,596.83,26.65,3.65,0.61,11.93,11.93,ADX ≥ 20.0;MACD 🚀;ATR14 ≥ 2.0;ATR % ≥ 0.5%
2025-08-07T15:27:42.191383,MTCH,36.05,41.64,0.20,0.56,-38.92,-38.92,ADX ≥ 20.0;MACD 🚀;ATR % ≥ 0.5%
2025-08-07T15:27:44.746480,MCD,306.88,43.38,0.57,0.18,-23.03,-23.03,ADX ≥ 20.0;MACD 🚀;Price > SMA20
2025-08-07T15:27:46.703586,MCK,659.62,40.73,3.57,0.54,-23.63,-23.63,ADX ≥ 20.0;MACD 🚀;ATR14 ≥ 2.0;ATR % ≥ 0.5%
2025-08-07T15:27:53.563363,MTD,1228.91,35.01,3.24,0.26,-32.70,-32.70,ADX ≥ 20.0;MACD 🚀;ATR14 ≥ 2.0
2025-08-07T15:28:04.989111,MOH,155.07,22.03,0.60,0.39,-35.60,-35.60,ADX ≥ 20.0;MACD 🚀;Price > SMA20
2025-08-07T15:28:13.090553,MOS,31.27,33.17,0.12,0.38,-13.64,-13.64,ADX ≥ 20.0;MACD 🚀;RSI 📈;Price > SMA20
2025-08-07T15:28:43.675270,ON,48.57,30.47,0.19,0.38,-14.43,-14.43,ADX ≥ 20.0;MACD 🚀;BB breakout;RSI 📈;Price > SMA20
2025-08-07T15:28:57.395960,PARA,0.00,22.69,0.04,inf,17.64,17.64,ADX ≥ 20.0;MACD 🚀;RSI 📈;ATR % ≥ 0.5%
2025-08-07T15:29:45.664763,RL,280.00,47.35,1.91,0.68,-38.40,-38.40,ADX ≥ 20.0;MACD 🚀;BB breakout;ATR % ≥ 0.5%;Price > SMA20
2025-08-07T15:29:49.842662,O,56.66,36.27,0.13,0.22,-19.68,-19.68,ADX ≥ 20.0;MACD 🚀;Price > SMA20
2025-08-07T15:30:13.194948,LUV,29.61,35.49,0.08,0.25,-16.56,-16.56,ADX ≥ 20.0;MACD 🚀;BB breakout;Price > SMA20
2025-08-07T15:30:25.755408,SMCI,47.33,36.33,0.28,0.58,-13.75,-13.75,ADX ≥ 20.0;MACD 🚀;ATR % ≥ 0.5%
2025-08-07T15:30:38.440707,TRGP,166.43,31.02,0.90,0.54,-3.20,-3.20,ADX ≥ 20.0;MACD 🚀;ATR % ≥ 0.5%;Price > SMA20
2025-08-07T15:30:58.113732,TYL,596.83,72.25,2.44,0.41,-25.18,-25.18,ADX ≥ 20.0;MACD 🚀;ATR14 ≥ 2.0
2025-08-07T15:31:04.023180,UBER,91.14,26.60,0.32,0.35,-6.36,-6.36,ADX ≥ 20.0;MACD 🚀;RSI 📈;Price > SMA20
2025-08-07T15:31:18.844780,UHS,166.74,43.78,0.36,0.22,12.54,12.54,ADX ≥ 20.0;MACD 🚀;Price > SMA20
2025-08-07T15:31:26.049505,VTRS,8.89,48.04,0.05,0.58,-24.10,-24.10,ADX ≥ 20.0;MACD 🚀;ATR % ≥ 0.5%
2025-08-07T15:31:35.475744,WBD,11.99,24.47,0.06,0.54,-33.30,-33.30,ADX ≥ 20.0;MACD 🚀;ATR % ≥ 0.5%;Price > SMA20
2025-08-07T15:31:40.238480,WAT,277.75,46.17,0.63,0.23,-9.64,-9.64,ADX ≥ 20.0;MACD 🚀;BB breakout;Price > SMA20
2025-08-07T15:31:47.922419,WELL,169.91,30.59,0.24,0.14,-21.33,-21.33,ADX ≥ 20.0;MACD 🚀;RSI 📈;Price > SMA20
2025-08-07T15:32:00.751251,ZBRA,310.82,25.71,1.01,0.32,-17.65,-17.65,ADX ≥ 20.0;MACD 🚀;BB breakout;Price > SMA20
2025-08-07T15:37:19.212711,ARE,73.98,42.43,0.19,0.25,-30.15,-30.15,ADX ≥ 20.0;MACD 🚀;Price > SMA20
2025-08-07T15:37:27.495433,MO,63.14,33.50,0.08,0.12,-18.28,-18.28,ADX ≥ 20.0;MACD 🚀;Price > SMA20
2025-08-07T15:37:39.197512,APA,19.23,40.54,0.14,0.72,-47.90,-47.90,ADX ≥ 20.0;MACD 🚀;ATR % ≥ 0.5%;Price > SMA20
2025-08-07T15:37:40.339180,APO,139.22,72.42,0.86,0.62,-1.44,-1.44,ADX ≥ 20.0;MACD 🚀;ATR % ≥ 0.5%
2025-08-07T15:37:42.629016,APTV,65.80,27.81,0.15,0.23,-23.53,-23.53,ADX ≥ 20.0;MACD 🚀;Price > SMA20
2025-08-07T15:37:58.415946,BALL,53.64,32.49,0.11,0.21,-14.24,-14.24,ADX ≥ 20.0;MACD 🚀;BB breakout;RSI 📈;Price > SMA20
2025-08-07T15:38:01.283030,BRK-B,0.00,72.87,0.94,inf,-5.85,-5.85,ADX ≥ 20.0;MACD 🚀;ATR % ≥ 0.5%
2025-08-07T15:38:04.129765,TECH,49.77,23.67,0.19,0.38,-36.52,-36.52,ADX ≥ 20.0;MACD 🚀;BB breakout;Price > SMA20
2025-08-07T15:38:12.604160,BMY,45.23,25.83,0.11,0.24,-26.83,-26.83,ADX ≥ 20.0;MACD 🚀;Price > SMA20
2025-08-07T15:38:20.376013,CHRW,118.02,35.41,0.21,0.18,-29.34,-29.34,ADX ≥ 20.0;MACD 🚀;Price > SMA20
2025-08-07T15:38:28.010601,CCL,29.16,42.18,0.07,0.24,-13.62,-13.62,ADX ≥ 20.0;MACD 🚀;Price > SMA20
2025-08-07T15:38:36.883240,CNP,38.94,28.14,0.06,0.16,-5.61,-5.61,ADX ≥ 20.0;MACD 🚀;Price > SMA20
2025-08-07T15:38:37.732656,CF,84.08,57.23,0.50,0.59,-17.05,-17.05,ADX ≥ 20.0;MACD 🚀;ATR % ≥ 0.5%;Price > SMA20
2025-08-07T15:38:39.596500,SCHW,95.64,67.10,0.25,0.27,-1.92,-1.92,ADX ≥ 20.0;MACD 🚀;BB breakout;Price > SMA20
2025-08-07T15:38:59.752261,COP,92.76,33.61,0.37,0.40,-28.50,-28.50,ADX ≥ 20.0;MACD 🚀;Price > SMA20
2025-08-07T15:39:08.110641,CTVA,71.27,34.42,0.25,0.35,-34.85,-34.85,ADX ≥ 20.0;MACD 🚀;BB breakout;RSI 📈;Price > SMA20
2025-08-07T15:39:16.207859,CRWD,433.68,38.52,2.05,0.47,-13.13,-13.13,ADX ≥ 20.0;MACD 🚀;ATR14 ≥ 2.0
2025-08-07T15:39:21.737465,CMI,381.33,31.43,0.72,0.19,-27.53,-27.53,ADX ≥ 20.0;MACD 🚀;Price > SMA20
2025-08-07T15:39:33.491835,DAL,53.51,57.94,0.15,0.29,-11.94,-11.94,ADX ≥ 20.0;MACD 🚀;Price > SMA20
2025-08-07T15:39:34.345748,DVN,32.79,36.84,0.13,0.41,-18.79,-18.79,ADX ≥ 20.0;MACD 🚀;Price > SMA20
2025-08-07T15:39:44.924257,DLTR,115.90,25.17,0.19,0.16,-33.20,-33.20,ADX ≥ 20.0;MACD 🚀;Price > SMA20
2025-08-07T15:40:00.982474,ETN,357.81,27.56,0.81,0.23,-12.45,-12.45,ADX ≥ 20.0;MACD 🚀;BB breakout;Price > SMA20
2025-08-07T15:40:37.716860,FICO,1363.44,24.24,5.36,0.39,-12.29,-12.29,ADX ≥ 20.0;MACD 🚀;ATR14 ≥ 2.0
2025-08-07T15:41:07.782729,GIS,49.49,21.75,0.08,0.16,-34.56,-34.56,ADX ≥ 20.0;MACD 🚀;Price > SMA20
2025-08-07T15:41:08.925143,GM,52.86,43.80,0.09,0.16,-34.89,-34.89,ADX ≥ 20.0;MACD 🚀;Price > SMA20
2025-08-07T15:41:13.306688,GILD,109.12,35.28,0.24,0.22,-8.19,-8.19,ADX ≥ 20.0;MACD 🚀;BB breakout;Price > SMA20
2025-08-07T15:41:25.233394,HAS,76.80,24.20,0.11,0.14,-40.75,-40.75,ADX ≥ 20.0;MACD 🚀;Price > SMA20
2025-08-07T15:41:26.639891,DOC,16.89,34.54,0.03,0.18,-16.84,-16.84,ADX ≥ 20.0;MACD 🚀;BB breakout;Price > SMA20
2025-08-07T15:41:28.336242,HSY,186.03,30.66,0.39,0.21,-29.45,-29.45,ADX ≥ 20.0;MACD 🚀;Price > SMA20
2025-08-07T15:41:43.722200,HII,262.76,37.75,0.47,0.18,-40.63,-40.63,ADX ≥ 20.0;MACD 🚀;BB breakout;Price > SMA20
2025-08-07T15:41:47.076837,IDXX,640.46,49.59,1.37,0.21,-4.23,-4.23,ADX ≥ 20.0;MACD 🚀;RSI 📈;Price > SMA20
2025-08-07T15:41:51.802207,IR,76.49,31.28,0.17,0.22,-4.13,-4.13,ADX ≥ 20.0;MACD 🚀;Price > SMA20
2025-08-07T15:42:02.245753,IP,47.48,22.09,0.10,0.22,-36.27,-36.27,ADX ≥ 20.0;MACD 🚀;BB breakout;RSI 📈;Price > SMA20
2025-08-07T15:42:12.464175,IRM,90.72,22.10,0.35,0.39,-21.46,-21.46,ADX ≥ 20.0;MACD 🚀;Price > SMA20
2025-08-07T15:42:14.202669,JBL,221.65,23.59,0.49,0.22,-12.20,-12.20,ADX ≥ 20.0;MACD 🚀;RSI 📈;Price > SMA20
2025-08-07T15:42:28.263888,KIM,21.04,77.03,0.05,0.22,-21.35,-21.35,ADX ≥ 20.0;MACD 🚀;BB breakout
2025-08-07T15:42:35.230632,KHC,27.26,21.20,0.05,0.19,-22.91,-22.91,ADX ≥ 20.0;MACD 🚀;Price > SMA20
2025-08-07T15:42:41.791130,LW,51.04,49.58,0.13,0.26,-4.55,-4.55,ADX ≥ 20.0;MACD 🚀;Price > SMA20
2025-08-07T15:42:43.757475,LVS,52.83,39.13,0.09,0.16,-26.64,-26.64,ADX ≥ 20.0;MACD 🚀;Price > SMA20
2025-08-07T15:42:51.345207,LLY,639.40,27.53,3.62,0.57,-11.41,-11.41,ADX ≥ 20.0;MACD 🚀;ATR14 ≥ 2.0;ATR % ≥ 0.5%;Price > SMA20
2025-08-07T15:43:05.234599,MLM,596.35,31.55,3.67,0.62,-14.49,-14.49,ADX ≥ 20.0;MACD 🚀;ATR14 ≥ 2.0;ATR % ≥ 0.5%
2025-08-07T15:43:07.213122,MTCH,36.12,36.34,0.16,0.44,-43.93,-43.93,ADX ≥ 20.0;MACD 🚀;Price > SMA20
2025-08-07T15:43:12.983700,MCD,306.78,49.02,0.54,0.18,-15.11,-15.11,ADX ≥ 20.0;MACD 🚀;Price > SMA20
2025-08-07T15:43:16.768000,MCK,656.78,30.77,3.12,0.48,-13.12,-13.12,ADX ≥ 20.0;MACD 🚀;ATR14 ≥ 2.0
2025-08-07T15:43:22.998916,MTD,1228.91,34.19,3.50,0.28,-25.01,-25.01,ADX ≥ 20.0;MACD 🚀;ATR14 ≥ 2.0
2025-08-07T15:43:28.688312,MAA,141.36,20.53,0.22,0.16,-13.12,-13.12,ADX ≥ 20.0;MACD 🚀;BB breakout;RSI 📈;Price > SMA20
2025-08-07T15:43:34.842259,MPWR,792.73,20.48,3.40,0.43,-37.28,-37.28,ADX ≥ 20.0;MACD 🚀;ATR14 ≥ 2.0
2025-08-07T15:43:37.299650,MS,141.67,42.82,0.31,0.22,-8.88,-8.88,ADX ≥ 20.0;MACD 🚀;BB breakout;RSI 📈;Price > SMA20
2025-08-07T15:43:40.226268,MOS,31.27,38.64,0.12,0.37,-6.58,-6.58,ADX ≥ 20.0;MACD 🚀;Price > SMA20
2025-08-07T15:43:55.349954,NOC,582.47,32.26,0.93,0.16,-40.78,-40.78,ADX ≥ 20.0;MACD 🚀;Price > SMA20
2025-08-07T15:44:20.082871,PKG,193.32,20.30,0.27,0.14,-23.83,-23.83,ADX ≥ 20.0;MACD 🚀;RSI 📈;Price > SMA20
2025-08-07T15:44:23.297578,PARA,0.00,22.69,0.04,inf,17.64,17.64,ADX ≥ 20.0;MACD 🚀;RSI 📈;ATR % ≥ 0.5%
2025-08-07T15:44:31.073735,PFE,24.18,20.99,0.06,0.24,-18.76,-18.76,ADX ≥ 20.0;MACD 🚀;RSI 📈;Price > SMA20
2025-08-07T15:44:35.159919,PCG,15.04,46.11,0.04,0.24,11.17,11.17,ADX ≥ 20.0;MACD 🚀;Price > SMA20
2025-08-07T15:44:52.902720,PLD,105.80,34.21,0.25,0.24,-21.27,-21.27,ADX ≥ 20.0;MACD 🚀;BB breakout;Price > SMA20
2025-08-07T15:45:03.930471,RL,278.73,38.55,1.57,0.56,-19.13,-19.13,ADX ≥ 20.0;MACD 🚀;ATR % ≥ 0.5%;Price > SMA20
2025-08-07T15:45:07.477182,RTX,154.11,27.00,0.26,0.17,-35.51,-35.51,ADX ≥ 20.0;MACD 🚀;BB breakout;Price > SMA20
2025-08-07T15:45:08.212397,O,56.76,41.18,0.11,0.20,-22.62,-22.62,ADX ≥ 20.0;MACD 🚀;Price > SMA20
2025-08-07T15:45:45.236234,SJM,109.19,20.09,0.17,0.15,-35.88,-35.88,ADX ≥ 20.0;MACD 🚀;Price > SMA20
2025-08-07T15:45:57.700728,LUV,29.54,38.47,0.07,0.24,-10.28,-10.28,ADX ≥ 20.0;MACD 🚀;Price > SMA20
2025-08-07T15:46:07.435050,SMCI,47.26,33.20,0.28,0.60,-11.32,-11.32,ADX ≥ 20.0;MACD 🚀;ATR % ≥ 0.5%
2025-08-07T15:46:16.773918,TRGP,166.36,35.30,0.75,0.45,-29.21,-29.21,ADX ≥ 20.0;MACD 🚀;Price > SMA20
2025-08-07T15:46:19.495572,TER,106.29,34.08,0.27,0.25,-25.10,-25.10,ADX ≥ 20.0;MACD 🚀;Price > SMA20
2025-08-07T15:46:21.647018,TPL,883.26,58.97,6.05,0.69,-37.96,-37.96,ADX ≥ 20.0;MACD 🚀;ATR14 ≥ 2.0;ATR % ≥ 0.5%
2025-08-07T15:46:42.693400,TYL,594.41,70.45,2.04,0.34,-40.64,-40.64,ADX ≥ 20.0;MACD 🚀;ATR14 ≥ 2.0
2025-08-07T15:46:43.528085,TSN,55.74,47.69,0.09,0.16,-29.11,-29.11,ADX ≥ 20.0;MACD 🚀;Price > SMA20
2025-08-07T15:46:55.225129,UPS,86.95,31.21,0.18,0.21,-18.42,-18.42,ADX ≥ 20.0;MACD 🚀;Price > SMA20
2025-08-07T15:46:59.367271,UNH,242.20,48.33,0.68,0.28,-29.13,-29.13,ADX ≥ 20.0;MACD 🚀;Price > SMA20
2025-08-07T15:47:07.050114,VRTX,377.31,35.43,1.54,0.41,-20.25,-20.25,ADX ≥ 20.0;MACD 🚀;Price > SMA20
2025-08-07T15:47:07.940732,VTRS,8.95,48.26,0.05,0.54,-40.45,-40.45,ADX ≥ 20.0;MACD 🚀;ATR % ≥ 0.5%;Price > SMA20
2025-08-07T15:47:12.048270,VMC,281.83,39.91,0.94,0.33,-47.71,-47.71,ADX ≥ 20.0;MACD 🚀;BB breakout;Price > SMA20
2025-08-07T15:47:21.623418,WAT,277.37,46.46,0.51,0.19,-30.52,-30.52,ADX ≥ 20.0;MACD 🚀;Price > SMA20
2025-08-07T15:47:27.508689,WDC,74.02,32.89,0.20,0.27,-5.98,-5.98,ADX ≥ 20.0;MACD 🚀;Price > SMA20
2025-08-07T15:47:29.328138,WY,25.56,61.64,0.05,0.18,-46.92,-46.92,ADX ≥ 20.0;MACD 🚀;Price > SMA20
2025-08-07T15:47:36.739969,XYL,143.75,36.07,0.24,0.16,9.43,9.43,ADX ≥ 20.0;MACD 🚀;Price > SMA20
2025-08-07T15:47:39.330249,ZBRA,311.24,26.13,0.76,0.24,-38.15,-38.15,ADX ≥ 20.0;MACD 🚀;Price > SMA20
2025-08-07T16:03:52.322275,MMM,150.55,32.78,0.28,0.19,0.06,0.06,ADX ≥ 20.0;MACD 🚀;Price > SMA20
2025-08-07T16:03:53.508405,AOS,70.84,34.89,0.09,0.12,-20.85,-20.85,ADX ≥ 20.0;MACD 🚀;Price > SMA20
2025-08-07T16:03:56.047165,ABBV,199.04,37.68,0.38,0.19,-13.21,-13.21,ADX ≥ 20.0;MACD 🚀;BB breakout;RSI 📈;Price > SMA20
2025-08-07T16:04:17.485513,ALB,71.16,61.65,0.28,0.40,-18.22,-18.22,ADX ≥ 20.0;MACD 🚀;BB breakout;RSI 📈;Price > SMA20
2025-08-07T16:04:20.344717,ARE,74.32,40.07,0.17,0.23,-20.50,-20.50,ADX ≥ 20.0;MACD 🚀;RSI 📈;Price > SMA20
2025-08-07T16:04:26.323214,ALLE,164.26,55.34,0.18,0.11,-12.80,-12.80,ADX ≥ 20.0;MACD 🚀;Price > SMA20
2025-08-07T16:04:30.495396,GOOGL,196.69,21.00,0.28,0.14,-28.88,-28.88,ADX ≥ 20.0;MACD 🚀;Price > SMA20
2025-08-07T16:04:33.794929,GOOG,197.48,20.65,0.27,0.14,-27.96,-27.96,ADX ≥ 20.0;MACD 🚀;Price > SMA20
2025-08-07T16:04:34.694926,MO,63.24,25.70,0.07,0.11,-14.97,-14.97,ADX ≥ 20.0;MACD 🚀;BB breakout;RSI 📈;Price > SMA20
2025-08-07T16:04:37.676326,AMCR,9.57,29.50,0.02,0.20,1.77,1.77,ADX ≥ 20.0;MACD 🚀;RSI 📈;Price > SMA20
2025-08-07T16:04:48.356743,AMGN,284.52,56.68,0.61,0.22,-4.80,-4.80,ADX ≥ 20.0;MACD 🚀;BB breakout;RSI 📈;Price > SMA20
2025-08-07T16:04:49.387043,APH,108.69,42.39,0.21,0.19,-16.43,-16.43,ADX ≥ 20.0;MACD 🚀;Price > SMA20
2025-08-07T16:04:50.316260,ADI,224.10,20.25,0.40,0.18,-7.67,-7.67,ADX ≥ 20.0;MACD 🚀;Price > SMA20
2025-08-07T16:04:57.122450,APA,19.66,43.28,0.15,0.76,2.10,2.10,ADX ≥ 20.0;MACD 🚀;RSI 📈;ATR % ≥ 0.5%;Price > SMA20
2025-08-07T16:04:59.869497,APO,139.47,56.91,0.74,0.53,-27.96,-27.96,ADX ≥ 20.0;MACD 🚀;ATR % ≥ 0.5%
2025-08-07T16:05:01.963182,AMAT,183.32,45.58,0.43,0.24,-11.07,-11.07,ADX ≥ 20.0;MACD 🚀;Price > SMA20
2025-08-07T16:05:02.893818,APTV,66.03,30.51,0.14,0.22,-18.36,-18.36,ADX ≥ 20.0;MACD 🚀;BB breakout;RSI 📈;Price > SMA20
2025-08-07T16:05:04.477101,ADM,57.34,22.49,0.11,0.19,-4.87,-4.87,ADX ≥ 20.0;MACD 🚀;BB breakout;RSI 📈;Price > SMA20
2025-08-07T16:05:13.548091,T,27.78,36.13,0.05,0.17,-19.32,-19.32,ADX ≥ 20.0;MACD 🚀;RSI 📈;Price > SMA20
2025-08-07T16:05:15.570629,ATO,164.18,31.66,0.43,0.26,-17.66,-17.66,ADX ≥ 20.0;MACD 🚀;RSI 📈;Price > SMA20
2025-08-07T16:05:20.296867,AVY,168.97,20.24,0.26,0.15,-29.72,-29.72,ADX ≥ 20.0;MACD 🚀;Price > SMA20
2025-08-07T16:05:23.592829,BALL,54.01,58.07,0.11,0.20,-7.50,-7.50,ADX ≥ 20.0;MACD 🚀;RSI 📈;Price > SMA20
2025-08-07T16:05:27.459874,BAC,45.14,32.18,0.07,0.15,-14.67,-14.67,ADX ≥ 20.0;MACD 🚀;Price > SMA20
2025-08-07T16:05:29.846029,BDX,186.53,40.83,0.55,0.30,-23.14,-23.14,ADX ≥ 20.0;MACD 🚀;BB breakout;RSI 📈;Price > SMA20
2025-08-07T16:05:34.882223,BRK-B,0.00,63.28,0.76,inf,-25.19,-25.19,ADX ≥ 20.0;MACD 🚀;ATR % ≥ 0.5%
2025-08-07T16:05:40.405169,TECH,49.79,21.21,0.14,0.28,-39.30,-39.30,ADX ≥ 20.0;MACD 🚀;Price > SMA20
2025-08-07T16:05:41.282954,BIIB,128.31,21.33,0.33,0.26,-33.12,-33.12,ADX ≥ 20.0;MACD 🚀;Price > SMA20
2025-08-07T16:05:46.106607,BLK,1116.08,34.74,2.08,0.19,-19.25,-19.25,ADX ≥ 20.0;MACD 🚀;ATR14 ≥ 2.0
2025-08-07T16:05:54.033021,BMY,45.51,43.03,0.11,0.24,-0.60,-0.60,ADX ≥ 20.0;MACD 🚀;BB breakout;RSI 📈;Price > SMA20
2025-08-07T16:06:08.754248,BF-B,0.00,23.14,0.06,inf,-23.22,-23.22,ADX ≥ 20.0;MACD 🚀;RSI 📈;ATR % ≥ 0.5%
2025-08-07T16:06:12.720813,BG,82.47,26.85,0.15,0.19,2.31,2.31,ADX ≥ 20.0;MACD 🚀;BB breakout;RSI 📈;Price > SMA20
2025-08-07T16:06:15.668957,BXP,65.81,25.41,0.13,0.19,-26.58,-26.58,ADX ≥ 20.0;MACD 🚀;Price > SMA20
2025-08-07T16:06:17.643085,CHRW,118.36,31.14,0.16,0.14,-21.01,-21.01,ADX ≥ 20.0;MACD 🚀;RSI 📈;Price > SMA20
2025-08-07T16:06:24.032600,CZR,24.39,67.22,0.07,0.28,-23.58,-23.58,ADX ≥ 20.0;MACD 🚀;BB breakout;Price > SMA20
2025-08-07T16:06:24.844510,CPT,106.74,24.96,0.13,0.12,-37.20,-37.20,ADX ≥ 20.0;MACD 🚀;RSI 📈;Price > SMA20
2025-08-07T16:06:36.788623,CAT,415.93,46.51,1.30,0.31,-40.04,-40.04,ADX ≥ 20.0;MACD 🚀;RSI 📈;Price > SMA20
2025-08-07T16:06:51.559750,CNP,39.07,29.73,0.05,0.14,-30.91,-30.91,ADX ≥ 20.0;MACD 🚀;RSI 📈;Price > SMA20
2025-08-07T16:06:55.777501,SCHW,95.63,39.58,0.22,0.23,-20.24,-20.24,ADX ≥ 20.0;MACD 🚀;Price > SMA20
2025-08-07T16:06:56.572605,CHTR,259.80,24.33,0.61,0.23,-8.61,-8.61,ADX ≥ 20.0;MACD 🚀;BB breakout;RSI 📈;Price > SMA20
2025-08-07T16:06:58.574485,CVX,153.31,21.46,0.24,0.16,-30.05,-30.05,ADX ≥ 20.0;MACD 🚀;Price > SMA20
2025-08-07T16:07:15.749065,CSCO,69.42,44.86,0.09,0.13,-18.25,-18.25,ADX ≥ 20.0;MACD 🚀;Price > SMA20
2025-08-07T16:07:20.489944,CFG,46.88,28.47,0.10,0.22,-16.82,-16.82,ADX ≥ 20.0;MACD 🚀;Price > SMA20
2025-08-07T16:07:27.514208,KO,70.12,23.00,0.07,0.10,-19.76,-19.76,ADX ≥ 20.0;MACD 🚀;BB breakout;RSI 📈;Price > SMA20
2025-08-07T16:07:34.132747,CL,84.32,24.24,0.11,0.14,-43.25,-43.25,ADX ≥ 20.0;MACD 🚀;BB breakout
2025-08-07T16:07:43.514502,COP,93.26,34.05,0.28,0.30,-29.12,-29.12,ADX ≥ 20.0;MACD 🚀;BB breakout;RSI 📈;Price > SMA20
2025-08-07T16:07:44.220076,ED,104.70,24.85,0.18,0.17,-29.09,-29.09,ADX ≥ 20.0;MACD 🚀;BB breakout;RSI 📈;Price > SMA20
2025-08-07T16:07:47.954979,STZ,172.50,23.02,0.24,0.14,-12.90,-12.90,ADX ≥ 20.0;MACD 🚀;BB breakout;RSI 📈;Price > SMA20
2025-08-07T16:08:00.249300,CTVA,71.26,27.23,0.20,0.29,-19.81,-19.81,ADX ≥ 20.0;MACD 🚀;RSI 📈;Price > SMA20
2025-08-07T16:08:04.200534,CTRA,24.23,41.78,0.05,0.20,-16.59,-16.59,ADX ≥ 20.0;MACD 🚀;BB breakout;Price > SMA20
2025-08-07T16:08:06.474280,CCI,104.95,40.38,0.19,0.18,-23.97,-23.97,ADX ≥ 20.0;MACD 🚀;BB breakout;RSI 📈;Price > SMA20
2025-08-07T16:08:11.326656,CMI,383.77,32.93,0.70,0.18,-13.01,-13.01,ADX ≥ 20.0;MACD 🚀;BB breakout;RSI 📈;Price > SMA20
2025-08-07T16:08:15.945717,DRI,205.54,32.07,0.28,0.13,-12.40,-12.40,ADX ≥ 20.0;MACD 🚀;BB breakout;RSI 📈;Price > SMA20
2025-08-07T16:08:23.813132,DELL,132.32,24.56,0.39,0.30,-7.72,-7.72,ADX ≥ 20.0;MACD 🚀;BB breakout;RSI 📈;Price > SMA20
2025-08-07T16:08:27.533893,DVN,33.19,32.02,0.13,0.39,-8.07,-8.07,ADX ≥ 20.0;MACD 🚀;BB breakout;RSI 📈;Price > SMA20
2025-08-07T16:08:33.657462,FANG,143.48,30.32,0.48,0.33,-10.58,-10.58,ADX ≥ 20.0;MACD 🚀;BB breakout;RSI 📈;Price > SMA20
2025-08-07T16:08:35.481053,DG,114.17,29.35,0.18,0.16,-11.43,-11.43,ADX ≥ 20.0;MACD 🚀;RSI 📈;Price > SMA20
2025-08-07T16:08:44.930729,DOV,174.33,27.30,0.23,0.13,-25.46,-25.46,ADX ≥ 20.0;MACD 🚀;Price > SMA20
2025-08-07T16:08:48.016529,DOW,21.64,37.21,0.07,0.33,2.26,2.26,ADX ≥ 20.0;MACD 🚀;BB breakout;RSI 📈;Price > SMA20
2025-08-07T16:08:48.807470,DHI,155.41,20.99,0.33,0.21,-11.39,-11.39,ADX ≥ 20.0;MACD 🚀;Price > SMA20
2025-08-07T16:08:54.180526,DD,70.72,40.06,0.15,0.21,1.00,1.00,ADX ≥ 20.0;MACD 🚀;BB breakout;RSI 📈;Price > SMA20
2025-08-07T16:08:55.714366,EMN,61.26,32.83,0.14,0.22,-20.09,-20.09,ADX ≥ 20.0;MACD 🚀;BB breakout;RSI 📈;Price > SMA20
2025-08-07T16:08:56.828857,ETN,360.21,42.96,0.90,0.25,8.41,8.41,ADX ≥ 20.0;MACD 🚀;RSI 📈;Price > SMA20
2025-08-07T16:09:00.574919,EIX,54.98,30.00,0.12,0.22,-36.84,-36.84,ADX ≥ 20.0;MACD 🚀;BB breakout;RSI 📈;Price > SMA20
2025-08-07T16:09:06.897510,EMR,132.01,49.05,0.40,0.30,-5.14,-5.14,ADX ≥ 20.0;MACD 🚀;Price > SMA20
2025-08-07T16:09:07.643821,ENPH,31.10,29.37,0.14,0.45,-25.25,-25.25,ADX ≥ 20.0;MACD 🚀;Price > SMA20
2025-08-07T16:09:12.327440,ETR,90.41,25.37,0.12,0.13,-18.58,-18.58,ADX ≥ 20.0;MACD 🚀;BB breakout;RSI 📈;Price > SMA20
2025-08-07T16:09:15.214132,EOG,116.98,31.07,0.28,0.24,-6.21,-6.21,ADX ≥ 20.0;MACD 🚀;BB breakout;RSI 📈;Price > SMA20
2025-08-07T16:09:21.742767,EL,90.35,30.44,0.22,0.24,-20.93,-20.93,ADX ≥ 20.0;MACD 🚀;BB breakout;RSI 📈;Price > SMA20
2025-08-07T16:09:25.700425,EVRG,73.17,28.36,0.21,0.28,-13.29,-13.29,ADX ≥ 20.0;MACD 🚀;BB breakout;RSI 📈;Price > SMA20
2025-08-07T16:09:27.355968,EXC,45.38,23.23,0.07,0.15,-21.95,-21.95,ADX ≥ 20.0;MACD 🚀;BB breakout;RSI 📈;Price > SMA20
2025-08-07T16:09:34.303421,EXPD,117.69,31.57,0.21,0.18,-13.55,-13.55,ADX ≥ 20.0;MACD 🚀;Price > SMA20
2025-08-07T16:09:35.244949,EXR,137.50,29.48,0.27,0.20,-19.29,-19.29,ADX ≥ 20.0;MACD 🚀;BB breakout;RSI 📈;Price > SMA20
2025-08-07T16:09:36.029635,XOM,106.73,38.94,0.20,0.19,-28.14,-28.14,ADX ≥ 20.0;MACD 🚀;BB breakout;RSI 📈;Price > SMA20
2025-08-07T16:09:42.645490,FAST,46.94,28.27,0.09,0.19,-15.44,-15.44,ADX ≥ 20.0;MACD 🚀;BB breakout;RSI 📈;Price > SMA20
2025-08-07T16:09:43.547226,FRT,92.37,40.65,0.21,0.22,-31.23,-31.23,ADX ≥ 20.0;MACD 🚀;RSI 📈;Price > SMA20
2025-08-07T16:09:47.053304,FITB,41.21,33.42,0.07,0.17,-21.29,-21.29,ADX ≥ 20.0;MACD 🚀;RSI 📈;Price > SMA20
2025-08-07T16:09:49.852087,F,11.18,46.75,0.03,0.23,2.06,2.06,ADX ≥ 20.0;MACD 🚀;RSI 📈;Price > SMA20
2025-08-07T16:09:51.544278,FTV,47.57,53.65,0.06,0.12,-11.15,-11.15,ADX ≥ 20.0;MACD 🚀;Price > SMA20
2025-08-07T16:09:58.486664,FCX,40.65,51.15,0.10,0.24,-6.34,-6.34,ADX ≥ 20.0;MACD 🚀;BB breakout;RSI 📈;Price > SMA20
2025-08-07T16:09:59.667213,GRMN,227.34,58.10,0.51,0.22,-21.84,-21.84,ADX ≥ 20.0;MACD 🚀;BB breakout;Price > SMA20
2025-08-07T16:10:08.074851,GEHC,70.47,34.47,0.12,0.16,-30.65,-30.65,ADX ≥ 20.0;MACD 🚀;BB breakout;RSI 📈;Price > SMA20
2025-08-07T16:10:13.717085,GD,311.58,32.02,0.52,0.17,-8.58,-8.58,ADX ≥ 20.0;MACD 🚀;BB breakout;RSI 📈;Price > SMA20
2025-08-07T16:10:18.183714,GIS,49.79,33.09,0.07,0.14,-14.28,-14.28,ADX ≥ 20.0;MACD 🚀;RSI 📈;Price > SMA20
2025-08-07T16:10:20.805294,GPC,132.75,38.54,0.18,0.14,-3.65,-3.65,ADX ≥ 20.0;MACD 🚀;BB breakout;RSI 📈;Price > SMA20
2025-08-07T16:10:21.802653,GILD,109.59,34.93,0.22,0.20,-23.10,-23.10,ADX ≥ 20.0;MACD 🚀;RSI 📈;Price > SMA20
2025-08-07T16:10:26.830299,HAL,21.16,41.04,0.06,0.26,-12.29,-12.29,ADX ≥ 20.0;MACD 🚀;BB breakout;RSI 📈;Price > SMA20
2025-08-07T16:10:32.184847,DOC,16.96,34.45,0.03,0.16,-18.33,-18.33,ADX ≥ 20.0;MACD 🚀;RSI 📈;Price > SMA20
2025-08-07T16:10:33.061402,HSIC,66.18,31.86,0.10,0.15,-24.82,-24.82,ADX ≥ 20.0;MACD 🚀;Price > SMA20
2025-08-07T16:10:34.987722,HSY,187.59,33.17,0.36,0.19,-3.23,-3.23,ADX ≥ 20.0;MACD 🚀;RSI 📈;Price > SMA20
2025-08-07T16:10:37.475031,HPE,20.28,32.79,0.04,0.18,-29.40,-29.40,ADX ≥ 20.0;MACD 🚀;Price > SMA20
2025-08-07T16:10:45.078988,HRL,28.14,20.13,0.04,0.13,-17.97,-17.97,ADX ≥ 20.0;MACD 🚀;RSI 📈;Price > SMA20
2025-08-07T16:10:48.222974,HST,15.27,40.15,0.03,0.18,-20.04,-20.04,ADX ≥ 20.0;MACD 🚀;BB breakout;Price > SMA20
2025-08-07T16:10:49.764956,HPQ,25.17,27.85,0.06,0.22,-31.56,-31.56,ADX ≥ 20.0;MACD 🚀;Price > SMA20
2025-08-07T16:10:53.613393,HUM,254.28,31.77,0.47,0.19,-32.62,-32.62,ADX ≥ 20.0;MACD 🚀;BB breakout;RSI 📈;Price > SMA20
2025-08-07T16:10:55.475927,HBAN,15.92,35.56,0.03,0.21,-13.30,-13.30,ADX ≥ 20.0;MACD 🚀;Price > SMA20
2025-08-07T16:10:56.366087,HII,264.34,29.68,0.46,0.18,5.01,5.01,ADX ≥ 20.0;MACD 🚀;BB breakout;RSI 📈;Price > SMA20
2025-08-07T16:11:06.802688,IEX,159.89,31.34,0.29,0.18,23.75,23.75,ADX ≥ 20.0;MACD 🚀;BB breakout;RSI 📈;Price > SMA20
2025-08-07T16:11:07.640509,IDXX,643.87,66.35,1.30,0.20,-16.74,-16.74,ADX ≥ 20.0;MACD 🚀;BB breakout;RSI 📈;Price > SMA20
2025-08-07T16:11:08.562184,ITW,257.44,38.19,0.30,0.12,-11.15,-11.15,ADX ≥ 20.0;MACD 🚀;Price > SMA20
2025-08-07T16:11:10.203386,IR,76.71,28.73,0.15,0.19,-17.12,-17.12,ADX ≥ 20.0;MACD 🚀;Price > SMA20
2025-08-07T16:11:12.317222,PODD,288.94,78.27,2.28,0.79,-23.86,-23.86,ADX ≥ 20.0;MACD 🚀;ATR14 ≥ 2.0;ATR % ≥ 0.5%
2025-08-07T16:11:13.135532,INTC,19.89,29.18,0.06,0.28,-20.87,-20.87,ADX ≥ 20.0;MACD 🚀;RSI 📈;Price > SMA20
2025-08-07T16:11:17.606076,IFF,64.79,38.68,0.15,0.23,-25.45,-25.45,ADX ≥ 20.0;MACD 🚀;BB breakout;Price > SMA20
2025-08-07T16:11:18.359356,IP,47.87,30.31,0.09,0.19,-19.92,-19.92,ADX ≥ 20.0;MACD 🚀;RSI 📈;Price > SMA20
2025-08-07T16:11:21.700671,IPG,24.81,40.56,0.05,0.20,-16.18,-16.18,ADX ≥ 20.0;MACD 🚀;Price > SMA20
2025-08-07T16:11:30.587218,IQV,178.53,29.50,0.36,0.20,-22.98,-22.98,ADX ≥ 20.0;MACD 🚀;RSI 📈;Price > SMA20
2025-08-07T16:11:35.307366,JBL,222.15,26.50,0.51,0.23,-9.85,-9.85,ADX ≥ 20.0;MACD 🚀;BB breakout;RSI 📈;Price > SMA20
2025-08-07T16:11:42.514048,JNJ,170.88,22.22,0.24,0.14,1.98,1.98,ADX ≥ 20.0;MACD 🚀;RSI 📈;Price > SMA20
2025-08-07T16:11:55.001739,KDP,33.72,25.95,0.05,0.15,-3.79,-3.79,ADX ≥ 20.0;MACD 🚀;RSI 📈;Price > SMA20
2025-08-07T16:11:59.108511,KEY,17.48,32.31,0.04,0.22,-18.53,-18.53,ADX ≥ 20.0;MACD 🚀;BB breakout;RSI 📈;Price > SMA20
2025-08-07T16:12:00.024701,KEYS,160.75,46.47,0.27,0.17,12.40,12.40,ADX ≥ 20.0;MACD 🚀;Price > SMA20
2025-08-07T16:12:02.274965,KMB,136.54,36.12,0.22,0.16,-4.36,-4.36,ADX ≥ 20.0;MACD 🚀;BB breakout;RSI 📈;Price > SMA20
2025-08-07T16:12:03.223989,KIM,21.16,52.99,0.04,0.19,-15.22,-15.22,ADX ≥ 20.0;MACD 🚀;RSI 📈;Price > SMA20
2025-08-07T16:12:14.111651,KHC,27.48,22.84,0.05,0.19,-3.14,-3.14,ADX ≥ 20.0;MACD 🚀;RSI 📈;Price > SMA20
2025-08-07T16:12:15.605759,LHX,273.50,33.10,0.49,0.18,-32.91,-32.91,ADX ≥ 20.0;MACD 🚀;BB breakout;RSI 📈;Price > SMA20
2025-08-07T16:12:17.003714,LRCX,98.81,27.13,0.20,0.21,0.63,0.63,ADX ≥ 20.0;MACD 🚀;RSI 📈;Price > SMA20
2025-08-07T16:12:18.994637,LW,51.71,39.68,0.17,0.33,21.01,21.01,ADX ≥ 20.0;MACD 🚀;RSI 📈;Price > SMA20
2025-08-07T16:12:19.939283,LVS,52.90,22.77,0.07,0.13,-35.42,-35.42,ADX ≥ 20.0;MACD 🚀;Price > SMA20
2025-08-07T16:12:21.872126,LDOS,175.95,26.13,0.36,0.20,-20.09,-20.09,ADX ≥ 20.0;MACD 🚀;BB breakout;Price > SMA20
2025-08-07T16:12:24.696561,LIN,469.62,35.37,0.56,0.12,-25.83,-25.83,ADX ≥ 20.0;MACD 🚀;BB breakout;Price > SMA20
2025-08-07T16:12:26.763402,LKQ,29.57,32.26,0.05,0.18,-17.52,-17.52,ADX ≥ 20.0;MACD 🚀;BB breakout;RSI 📈;Price > SMA20
2025-08-07T16:12:28.116835,LMT,431.58,28.31,0.87,0.20,3.90,3.90,ADX ≥ 20.0;MACD 🚀;RSI 📈;Price > SMA20
2025-08-07T16:12:34.121659,LYB,50.20,34.81,0.17,0.34,-8.62,-8.62,ADX ≥ 20.0;MACD 🚀;RSI 📈;Price > SMA20
2025-08-07T16:12:34.939058,MTB,184.44,31.86,0.28,0.15,-15.93,-15.93,ADX ≥ 20.0;MACD 🚀;BB breakout;RSI 📈;Price > SMA20
2025-08-07T16:12:36.615968,MPC,163.56,47.01,0.35,0.22,-12.02,-12.02,ADX ≥ 20.0;MACD 🚀;BB breakout;RSI 📈;Price > SMA20
2025-08-07T16:12:39.713662,MLM,599.35,38.47,2.39,0.40,-39.19,-39.19,ADX ≥ 20.0;MACD 🚀;ATR14 ≥ 2.0;Price > SMA20
2025-08-07T16:12:41.893847,MTCH,36.18,48.34,0.11,0.30,-37.80,-37.80,ADX ≥ 20.0;MACD 🚀;Price > SMA20
2025-08-07T16:12:45.411362,MCD,306.50,43.54,0.47,0.15,-33.73,-33.73,ADX ≥ 20.0;MACD 🚀;Price > SMA20
2025-08-07T16:12:46.414000,MCK,652.81,47.69,3.34,0.51,-5.91,-5.91,ADX ≥ 20.0;MACD 🚀;ATR14 ≥ 2.0;ATR % ≥ 0.5%
2025-08-07T16:12:47.283854,MDT,91.05,29.00,0.11,0.12,-13.11,-13.11,ADX ≥ 20.0;MACD 🚀;RSI 📈;Price > SMA20
2025-08-07T16:12:49.386208,MRK,79.86,24.56,0.18,0.22,-6.37,-6.37,ADX ≥ 20.0;MACD 🚀;BB breakout;RSI 📈;Price > SMA20
2025-08-07T16:12:53.752076,MTD,1230.06,23.07,3.96,0.32,31.60,31.60,ADX ≥ 20.0;MACD 🚀;ATR14 ≥ 2.0;Price > SMA20
2025-08-07T16:12:54.597681,MGM,34.52,51.70,0.07,0.22,-14.95,-14.95,ADX ≥ 20.0;MACD 🚀;Price > SMA20
2025-08-07T16:12:59.647648,MCHP,66.79,28.19,0.19,0.28,-9.73,-9.73,ADX ≥ 20.0;MACD 🚀;RSI 📈;Price > SMA20
2025-08-07T16:13:00.485370,MU,111.73,42.36,0.32,0.29,-15.18,-15.18,ADX ≥ 20.0;MACD 🚀;Price > SMA20
2025-08-07T16:13:02.601796,MRNA,26.78,25.65,0.10,0.36,-18.05,-18.05,ADX ≥ 20.0;MACD 🚀;BB breakout;RSI 📈;Price > SMA20
2025-08-07T16:13:06.733383,MOH,155.24,25.03,0.48,0.31,-17.91,-17.91,ADX ≥ 20.0;MACD 🚀;BB breakout;RSI 📈;Price > SMA20
2025-08-07T16:13:07.630174,TAP,49.85,29.60,0.11,0.21,-13.55,-13.55,ADX ≥ 20.0;MACD 🚀;RSI 📈;Price > SMA20
2025-08-07T16:13:08.949826,MPWR,796.88,21.26,3.09,0.39,-22.16,-22.16,ADX ≥ 20.0;MACD 🚀;BB breakout;ATR14 ≥ 2.0;Price > SMA20
2025-08-07T16:13:14.549823,MOS,31.44,55.24,0.11,0.34,-11.89,-11.89,ADX ≥ 20.0;MACD 🚀;RSI 📈;Price > SMA20
2025-08-07T16:13:15.478240,MSI,441.99,29.95,0.54,0.12,-22.04,-22.04,ADX ≥ 20.0;MACD 🚀;Price > SMA20
2025-08-07T16:13:18.792791,NTAP,103.38,33.29,0.25,0.24,-0.17,-0.17,ADX ≥ 20.0;MACD 🚀;BB breakout;RSI 📈;Price > SMA20
2025-08-07T16:13:20.321551,NEM,69.24,20.45,0.13,0.19,-14.02,-14.02,ADX ≥ 20.0;MACD 🚀;RSI 📈;Price > SMA20
2025-08-07T16:13:25.180403,NEE,72.30,20.34,0.11,0.16,-39.04,-39.04,ADX ≥ 20.0;MACD 🚀;BB breakout;RSI 📈;Price > SMA20
2025-08-07T16:13:28.004818,NI,41.99,22.90,0.07,0.16,4.64,4.64,ADX ≥ 20.0;MACD 🚀;BB breakout;RSI 📈;Price > SMA20
2025-08-07T16:13:28.889380,NDSN,212.14,59.64,0.25,0.12,-4.87,-4.87,ADX ≥ 20.0;MACD 🚀;BB breakout;Price > SMA20
2025-08-07T16:13:33.342487,NTRS,125.18,43.29,0.16,0.13,-10.55,-10.55,ADX ≥ 20.0;MACD 🚀;BB breakout;Price > SMA20
2025-08-07T16:13:34.234590,NOC,585.43,29.96,0.92,0.16,-0.17,-0.17,ADX ≥ 20.0;MACD 🚀;BB breakout;RSI 📈;Price > SMA20
2025-08-07T16:13:35.143753,NCLH,24.53,57.74,0.08,0.31,-3.29,-3.29,ADX ≥ 20.0;MACD 🚀;BB breakout;Price > SMA20
2025-08-07T16:13:41.631979,NUE,137.94,62.72,0.29,0.21,-20.05,-20.05,ADX ≥ 20.0;MACD 🚀;RSI 📈;Price > SMA20
2025-08-07T16:13:46.959663,NXPI,207.11,35.10,0.46,0.22,-4.67,-4.67,ADX ≥ 20.0;MACD 🚀;BB breakout;RSI 📈;Price > SMA20
2025-08-07T16:13:49.860494,ORLY,103.37,45.45,0.17,0.16,-19.23,-19.23,ADX ≥ 20.0;MACD 🚀;BB breakout
2025-08-07T16:13:51.680244,OXY,44.47,31.07,0.16,0.36,-18.40,-18.40,ADX ≥ 20.0;MACD 🚀;RSI 📈;Price > SMA20
2025-08-07T16:13:53.406099,ODFL,147.20,43.56,0.35,0.24,-13.26,-13.26,ADX ≥ 20.0;MACD 🚀;BB breakout;RSI 📈;Price > SMA20
2025-08-07T16:13:55.102041,OMC,72.77,41.20,0.16,0.22,-8.44,-8.44,ADX ≥ 20.0;MACD 🚀;BB breakout;RSI 📈;Price > SMA20
2025-08-07T16:13:58.906105,ON,48.63,34.99,0.17,0.35,3.68,3.68,ADX ≥ 20.0;MACD 🚀;RSI 📈;Price > SMA20
2025-08-07T16:14:01.114557,OKE,76.22,26.60,0.18,0.23,-10.93,-10.93,ADX ≥ 20.0;MACD 🚀;BB breakout;RSI 📈;Price > SMA20
2025-08-07T16:14:03.767576,OTIS,87.48,33.99,0.15,0.17,-11.56,-11.56,ADX ≥ 20.0;MACD 🚀;BB breakout;Price > SMA20
2025-08-07T16:14:04.758833,PCAR,97.31,42.35,0.15,0.15,-7.61,-7.61,ADX ≥ 20.0;MACD 🚀;BB breakout;RSI 📈;Price > SMA20
2025-08-07T16:14:07.117055,PKG,194.87,36.89,0.25,0.13,-4.96,-4.96,ADX ≥ 20.0;MACD 🚀;BB breakout;RSI 📈;Price > SMA20
2025-08-07T16:14:09.435703,PARA,0.00,22.69,0.04,inf,17.64,17.64,ADX ≥ 20.0;MACD 🚀;RSI 📈;ATR % ≥ 0.5%
2025-08-07T16:14:22.527311,PNR,102.48,41.26,0.13,0.13,-13.70,-13.70,ADX ≥ 20.0;MACD 🚀;BB breakout;Price > SMA20
2025-08-07T16:14:23.577796,PEP,142.51,23.77,0.17,0.12,-21.74,-21.74,ADX ≥ 20.0;MACD 🚀;RSI 📈;Price > SMA20
2025-08-07T16:14:28.382551,PCG,15.14,34.84,0.04,0.26,1.31,1.31,ADX ≥ 20.0;MACD 🚀;BB breakout;RSI 📈;Price > SMA20
2025-08-07T16:14:31.549888,PM,167.45,34.32,0.24,0.15,-1.42,-1.42,ADX ≥ 20.0;MACD 🚀;BB breakout;RSI 📈;Price > SMA20
2025-08-07T16:14:35.881120,PSX,120.19,52.15,0.26,0.22,-14.77,-14.77,ADX ≥ 20.0;MACD 🚀;RSI 📈;Price > SMA20
2025-08-07T16:14:36.724398,PNW,93.97,22.97,0.18,0.19,-20.26,-20.26,ADX ≥ 20.0;MACD 🚀;BB breakout;RSI 📈;Price > SMA20
2025-08-07T16:14:39.046562,PNC,187.78,36.34,0.31,0.17,-5.44,-5.44,ADX ≥ 20.0;MACD 🚀;BB breakout;RSI 📈;Price > SMA20
2025-08-07T16:14:41.998020,PPG,106.56,39.42,0.24,0.23,-18.07,-18.07,ADX ≥ 20.0;MACD 🚀;BB breakout;Price > SMA20
2025-08-07T16:14:43.343988,PFG,75.78,25.46,0.12,0.16,1.98,1.98,ADX ≥ 20.0;MACD 🚀;BB breakout;Price > SMA20
2025-08-07T16:14:46.534590,PG,153.12,48.65,0.17,0.11,-34.55,-34.55,ADX ≥ 20.0;MACD 🚀;BB breakout;Price > SMA20
2025-08-07T16:14:49.690937,PLD,106.53,36.08,0.22,0.21,-13.41,-13.41,ADX ≥ 20.0;MACD 🚀;BB breakout;RSI 📈;Price > SMA20
2025-08-07T16:14:52.226072,PEG,87.42,45.75,0.13,0.15,-26.58,-26.58,ADX ≥ 20.0;MACD 🚀;BB breakout;RSI 📈;Price > SMA20
2025-08-07T16:14:59.469547,QCOM,146.24,44.93,0.26,0.18,-9.60,-9.60,ADX ≥ 20.0;MACD 🚀;BB breakout;RSI 📈;Price > SMA20
2025-08-07T16:15:06.669432,RL,279.59,23.81,1.67,0.60,2.94,2.94,ADX ≥ 20.0;MACD 🚀;ATR % ≥ 0.5%;Price > SMA20
2025-08-07T16:15:11.933321,RTX,154.51,24.94,0.20,0.13,-23.80,-23.80,ADX ≥ 20.0;MACD 🚀;BB breakout;RSI 📈;Price > SMA20
2025-08-07T16:15:18.019126,O,57.09,61.30,0.09,0.16,-21.05,-21.05,ADX ≥ 20.0;MACD 🚀;BB breakout;RSI 📈;Price > SMA20
2025-08-07T16:15:21.347006,REG,72.76,24.72,0.15,0.20,-6.07,-6.07,ADX ≥ 20.0;MACD 🚀;RSI 📈;Price > SMA20
2025-08-07T16:15:24.119663,RF,24.81,44.83,0.04,0.16,-11.18,-11.18,ADX ≥ 20.0;MACD 🚀;RSI 📈;Price > SMA20
2025-08-07T16:15:31.467749,RVTY,86.36,42.31,0.13,0.16,-17.27,-17.27,ADX ≥ 20.0;MACD 🚀;BB breakout;RSI 📈;Price > SMA20
2025-08-07T16:15:33.683910,ROK,332.74,31.97,0.94,0.28,-23.24,-23.24,ADX ≥ 20.0;MACD 🚀;Price > SMA20
2025-08-07T16:15:42.018681,ROST,145.08,38.32,0.19,0.13,-11.60,-11.60,ADX ≥ 20.0;MACD 🚀;Price > SMA20
2025-08-07T16:15:43.966479,RCL,308.80,35.77,0.77,0.25,-28.45,-28.45,ADX ≥ 20.0;MACD 🚀;Price > SMA20
2025-08-07T16:15:47.712940,SBAC,220.50,21.93,0.41,0.19,23.97,23.97,ADX ≥ 20.0;MACD 🚀;RSI 📈;Price > SMA20
2025-08-07T16:15:48.629759,SLB,32.95,34.08,0.06,0.19,-15.76,-15.76,ADX ≥ 20.0;MACD 🚀;Price > SMA20
2025-08-07T16:15:50.756018,STX,147.40,22.93,0.38,0.26,-25.14,-25.14,ADX ≥ 20.0;MACD 🚀;Price > SMA20
2025-08-07T16:16:00.921626,SRE,82.77,23.92,0.25,0.30,12.08,12.08,ADX ≥ 20.0;MACD 🚀;BB breakout;RSI 📈;Price > SMA20
2025-08-07T16:16:06.707923,SHW,349.82,28.76,0.48,0.14,-10.50,-10.50,ADX ≥ 20.0;MACD 🚀;RSI 📈;Price > SMA20
2025-08-07T16:16:07.522788,SPG,167.06,33.93,0.28,0.17,-23.87,-23.87,ADX ≥ 20.0;MACD 🚀;BB breakout;RSI 📈;Price > SMA20
2025-08-07T16:16:08.879263,SWKS,68.07,42.43,0.16,0.24,-1.54,-1.54,ADX ≥ 20.0;MACD 🚀;RSI 📈;Price > SMA20
2025-08-07T16:16:11.708484,SJM,109.99,27.22,0.15,0.14,-9.52,-9.52,ADX ≥ 20.0;MACD 🚀;RSI 📈;Price > SMA20
2025-08-07T16:16:15.104226,SNA,321.61,47.02,0.53,0.16,-43.61,-43.61,ADX ≥ 20.0;MACD 🚀;Price > SMA20
2025-08-07T16:16:15.779975,SOLV,72.28,42.08,0.12,0.17,-40.93,-40.93,ADX ≥ 20.0;MACD 🚀;BB breakout;RSI 📈;Price > SMA20
2025-08-07T16:16:22.018912,SWK,68.67,45.41,0.15,0.21,-20.74,-20.74,ADX ≥ 20.0;MACD 🚀;BB breakout;RSI 📈;Price > SMA20
2025-08-07T16:16:27.044801,STT,110.10,31.31,0.15,0.14,-24.62,-24.62,ADX ≥ 20.0;MACD 🚀;BB breakout;Price > SMA20
2025-08-07T16:16:27.904455,STLD,122.30,28.87,0.20,0.16,-27.07,-27.07,ADX ≥ 20.0;MACD 🚀;RSI 📈;Price > SMA20
2025-08-07T16:16:28.767995,STE,236.14,31.50,0.91,0.39,-29.22,-29.22,ADX ≥ 20.0;MACD 🚀;BB breakout;RSI 📈;Price > SMA20
2025-08-07T16:16:38.009525,SYF,69.01,23.83,0.13,0.19,-16.24,-16.24,ADX ≥ 20.0;MACD 🚀;BB breakout;RSI 📈;Price > SMA20
2025-08-07T16:16:41.164920,SYY,80.05,23.25,0.13,0.16,-28.54,-28.54,ADX ≥ 20.0;MACD 🚀;RSI 📈;Price > SMA20
2025-08-07T16:16:43.745928,TROW,104.32,54.71,0.17,0.17,-10.55,-10.55,ADX ≥ 20.0;MACD 🚀;Price > SMA20
2025-08-07T16:16:50.158036,TRGP,168.96,28.61,0.85,0.50,-0.89,-0.89,ADX ≥ 20.0;MACD 🚀;BB breakout;RSI 📈;ATR % ≥ 0.5%;Price > SMA20
2025-08-07T16:16:53.124769,TGT,104.75,30.09,0.20,0.19,-23.40,-23.40,ADX ≥ 20.0;MACD 🚀;Price > SMA20
2025-08-07T16:16:55.422954,TER,106.25,29.51,0.24,0.23,-8.75,-8.75,ADX ≥ 20.0;MACD 🚀;Price > SMA20
2025-08-07T16:17:00.533229,TXN,186.96,23.52,0.34,0.18,-10.64,-10.64,ADX ≥ 20.0;MACD 🚀;RSI 📈;Price > SMA20
2025-08-07T16:17:04.473525,TPL,888.39,40.85,5.50,0.62,2.43,2.43,ADX ≥ 20.0;MACD 🚀;ATR14 ≥ 2.0;ATR % ≥ 0.5%;Price > SMA20
2025-08-07T16:17:06.285748,TXT,77.17,55.19,0.12,0.16,-10.00,-10.00,ADX ≥ 20.0;MACD 🚀;RSI 📈;Price > SMA20
2025-08-07T16:17:07.096351,TMO,455.74,21.82,0.89,0.19,-18.58,-18.58,ADX ≥ 20.0;MACD 🚀;BB breakout;RSI 📈;Price > SMA20
2025-08-07T16:17:09.780897,TJX,131.59,49.94,0.21,0.16,23.23,23.23,ADX ≥ 20.0;MACD 🚀;Price > SMA20
2025-08-07T16:17:16.136491,TT,429.48,31.18,0.65,0.15,-16.64,-16.64,ADX ≥ 20.0;MACD 🚀;BB breakout;RSI 📈;Price > SMA20
2025-08-07T16:17:20.966782,TDG,1401.52,23.74,3.11,0.22,-25.96,-25.96,ADX ≥ 20.0;MACD 🚀;BB breakout;RSI 📈;ATR14 ≥ 2.0;Price > SMA20
2025-08-07T16:17:23.039873,TRV,264.50,53.88,0.55,0.21,14.78,14.78,ADX ≥ 20.0;MACD 🚀;Price > SMA20
2025-08-07T16:17:26.885212,TFC,42.90,42.34,0.07,0.16,-8.80,-8.80,ADX ≥ 20.0;MACD 🚀;BB breakout;RSI 📈;Price > SMA20
2025-08-07T16:17:35.697157,TSN,56.12,33.92,0.08,0.15,-14.29,-14.29,ADX ≥ 20.0;MACD 🚀;RSI 📈;Price > SMA20
2025-08-07T16:17:37.530144,USB,44.28,52.19,0.07,0.15,-7.47,-7.47,ADX ≥ 20.0;MACD 🚀;RSI 📈;Price > SMA20
2025-08-07T16:17:40.927651,UDR,38.72,24.03,0.06,0.15,-22.52,-22.52,ADX ≥ 20.0;MACD 🚀;BB breakout;RSI 📈;Price > SMA20
2025-08-07T16:17:43.573783,UNP,223.07,40.07,0.32,0.14,-24.47,-24.47,ADX ≥ 20.0;MACD 🚀;BB breakout
2025-08-07T16:17:44.337826,UAL,87.66,22.93,0.23,0.27,-19.77,-19.77,ADX ≥ 20.0;MACD 🚀;Price > SMA20
2025-08-07T16:17:45.003607,UPS,87.32,34.16,0.16,0.18,-20.78,-20.78,ADX ≥ 20.0;MACD 🚀;RSI 📈;Price > SMA20
2025-08-07T16:17:47.389774,UNH,243.10,36.93,0.62,0.25,-15.91,-15.91,ADX ≥ 20.0;MACD 🚀;RSI 📈;Price > SMA20
2025-08-07T16:17:48.707988,UHS,167.31,31.90,0.38,0.23,14.20,14.20,ADX ≥ 20.0;MACD 🚀;BB breakout;RSI 📈;Price > SMA20
2025-08-07T16:17:49.744108,VLO,133.68,46.11,0.30,0.23,-5.54,-5.54,ADX ≥ 20.0;MACD 🚀;RSI 📈;Price > SMA20
2025-08-07T16:17:56.519870,VTR,68.97,30.06,0.11,0.16,-5.94,-5.94,ADX ≥ 20.0;MACD 🚀;RSI 📈;Price > SMA20
2025-08-07T16:18:02.441522,VZ,42.67,23.89,0.05,0.13,-0.25,-0.25,ADX ≥ 20.0;MACD 🚀;RSI 📈;Price > SMA20
2025-08-07T16:18:03.186707,VRTX,384.12,43.90,1.55,0.40,8.04,8.04,ADX ≥ 20.0;MACD 🚀;RSI 📈;Price > SMA20
2025-08-07T16:18:03.947437,VTRS,9.12,29.95,0.04,0.40,-26.08,-26.08,ADX ≥ 20.0;MACD 🚀;BB breakout;RSI 📈;Price > SMA20
2025-08-07T16:18:05.855132,VICI,33.06,26.62,0.04,0.12,-13.33,-13.33,ADX ≥ 20.0;MACD 🚀;BB breakout;RSI 📈;Price > SMA20
2025-08-07T16:18:13.558017,VMC,282.72,45.68,0.49,0.17,-49.63,-49.63,ADX ≥ 20.0;MACD 🚀;RSI 📈;Price > SMA20
2025-08-07T16:18:15.269815,GWW,951.86,40.79,0.97,0.10,-15.73,-15.73,ADX ≥ 20.0;MACD 🚀;BB breakout;Price > SMA20
2025-08-07T16:18:16.362755,WAB,188.21,46.45,0.26,0.14,-21.91,-21.91,ADX ≥ 20.0;MACD 🚀;Price > SMA20
2025-08-07T16:18:27.296921,WAT,279.08,34.27,0.55,0.20,-21.19,-21.19,ADX ≥ 20.0;MACD 🚀;BB breakout;RSI 📈;Price > SMA20
2025-08-07T16:18:30.140440,WEC,110.78,35.62,0.14,0.13,-24.70,-24.70,ADX ≥ 20.0;MACD 🚀;RSI 📈;Price > SMA20
2025-08-07T16:18:33.918191,WFC,77.44,36.09,0.12,0.16,-17.70,-17.70,ADX ≥ 20.0;MACD 🚀;BB breakout;RSI 📈;Price > SMA20
2025-08-07T16:18:34.633571,WELL,170.19,34.65,0.24,0.14,-8.67,-8.67,ADX ≥ 20.0;MACD 🚀;BB breakout;RSI 📈;Price > SMA20
2025-08-07T16:18:38.538862,WDC,74.44,36.02,0.18,0.25,-10.59,-10.59,ADX ≥ 20.0;MACD 🚀;RSI 📈;Price > SMA20
2025-08-07T16:18:39.406397,WY,25.80,49.51,0.04,0.16,-3.32,-3.32,ADX ≥ 20.0;MACD 🚀;BB breakout;RSI 📈;Price > SMA20
2025-08-07T16:18:40.256585,WSM,199.61,56.44,0.41,0.21,-21.12,-21.12,ADX ≥ 20.0;MACD 🚀;BB breakout;Price > SMA20
2025-08-07T16:18:49.692526,YUM,142.94,25.10,0.22,0.15,-8.95,-8.95,ADX ≥ 20.0;MACD 🚀;RSI 📈;Price > SMA20
2025-08-07T16:18:50.566286,ZBRA,313.09,30.26,0.64,0.21,-23.52,-23.52,ADX ≥ 20.0;MACD 🚀;RSI 📈;Price > SMA20
2025-08-07T16:33:16.014246,AOS,71.18,35.18,0.08,0.12,-18.70,-18.70,ADX ≥ 20.0;MACD 🚀;BB breakout;RSI 📈;Price > SMA20
2025-08-07T16:33:24.287380,AES,12.97,32.23,0.03,0.21,-13.51,-13.51,ADX ≥ 20.0;MACD 🚀;RSI 📈;Price > SMA20
2025-08-07T16:33:27.528867,A,113.96,34.40,0.19,0.17,-17.52,-17.52,ADX ≥ 20.0;MACD 🚀;RSI 📈;Price > SMA20
2025-08-07T16:33:29.528260,APD,289.83,45.57,0.38,0.13,6.98,6.98,ADX ≥ 20.0;MACD 🚀;RSI 📈;Price > SMA20
2025-08-07T16:33:31.381346,AKAM,73.50,38.67,0.16,0.22,-12.84,-12.84,ADX ≥ 20.0;MACD 🚀;BB breakout;RSI 📈;Price > SMA20
2025-08-07T16:33:32.152742,ALB,71.77,59.67,0.29,0.40,-6.86,-6.86,ADX ≥ 20.0;MACD 🚀;RSI 📈;Price > SMA20
2025-08-07T16:33:35.189691,ARE,75.06,52.63,0.26,0.35,42.35,42.35,ADX ≥ 20.0;MACD 🚀;BB breakout;RSI 📈;Price > SMA20
2025-08-07T16:33:36.915401,ALLE,164.60,37.53,0.16,0.10,-26.09,-26.09,ADX ≥ 20.0;MACD 🚀;BB breakout;RSI 📈;Price > SMA20
2025-08-07T16:33:38.988227,LNT,66.28,23.64,0.07,0.11,-15.56,-15.56,ADX ≥ 20.0;MACD 🚀;BB breakout;RSI 📈;Price > SMA20
2025-08-07T16:34:00.994147,AMCR,9.64,66.28,0.02,0.25,19.96,19.96,ADX ≥ 20.0;MACD 🚀;RSI 📈;Price > SMA20
2025-08-07T16:34:02.146753,AEE,102.42,25.06,0.11,0.10,4.65,4.65,ADX ≥ 20.0;MACD 🚀;BB breakout;RSI 📈;Price > SMA20
2025-08-07T16:34:02.958356,AEP,113.97,24.44,0.14,0.12,-24.96,-24.96,ADX ≥ 20.0;MACD 🚀;RSI 📈;Price > SMA20
2025-08-07T16:34:03.981584,AXP,292.47,39.57,0.51,0.17,-6.97,-6.97,ADX ≥ 20.0;MACD 🚀;BB breakout;RSI 📈;Price > SMA20
2025-08-07T16:34:05.423538,AMT,209.75,36.50,0.31,0.15,-15.44,-15.44,ADX ≥ 20.0;MACD 🚀;RSI 📈;Price > SMA20
2025-08-07T16:34:07.458165,AWK,143.95,27.42,0.21,0.14,-17.39,-17.39,ADX ≥ 20.0;MACD 🚀;RSI 📈;Price > SMA20
2025-08-07T16:34:08.685029,AMP,502.15,36.08,0.77,0.15,-24.37,-24.37,ADX ≥ 20.0;MACD 🚀;Price > SMA20
2025-08-07T16:34:11.387669,AME,183.08,42.27,0.30,0.17,-35.72,-35.72,ADX ≥ 20.0;MACD 🚀;Price > SMA20
2025-08-07T16:34:12.309692,AMGN,285.80,40.75,0.64,0.22,-15.33,-15.33,ADX ≥ 20.0;MACD 🚀;RSI 📈;Price > SMA20
2025-08-07T16:34:24.751996,APTV,66.27,43.54,0.12,0.18,-15.33,-15.33,ADX ≥ 20.0;MACD 🚀;RSI 📈;Price > SMA20
2025-08-07T16:34:25.990812,ACGL,88.11,50.25,0.17,0.19,-21.91,-21.91,ADX ≥ 20.0;MACD 🚀;Price > SMA20
2025-08-07T16:34:28.976482,ADM,57.57,41.66,0.12,0.20,-0.74,-0.74,ADX ≥ 20.0;MACD 🚀;RSI 📈;Price > SMA20
2025-08-07T16:34:37.681390,AIZ,203.29,47.39,0.51,0.25,3.76,3.76,ADX ≥ 20.0;MACD 🚀;Price > SMA20
2025-08-07T16:34:38.624780,T,27.86,55.52,0.05,0.16,-17.77,-17.77,ADX ≥ 20.0;MACD 🚀;RSI 📈;Price > SMA20
2025-08-07T16:34:41.290440,ATO,166.01,34.74,0.43,0.26,-1.90,-1.90,ADX ≥ 20.0;MACD 🚀;BB breakout;RSI 📈;Price > SMA20
2025-08-07T16:34:48.153917,ADP,303.56,43.51,0.53,0.17,-23.99,-23.99,ADX ≥ 20.0;MACD 🚀;Price > SMA20
2025-08-07T16:34:49.906983,AZO,4031.88,38.34,10.62,0.26,13.14,13.14,ADX ≥ 20.0;MACD 🚀;ATR14 ≥ 2.0
2025-08-07T16:34:51.885864,AVY,170.15,22.00,0.24,0.14,8.56,8.56,ADX ≥ 20.0;MACD 🚀;BB breakout;RSI 📈;Price > SMA20
2025-08-07T16:34:53.341381,BKR,43.33,30.00,0.08,0.18,1.06,1.06,ADX ≥ 20.0;MACD 🚀;BB breakout;RSI 📈;Price > SMA20
2025-08-07T16:34:57.307796,BALL,54.21,86.19,0.11,0.21,1.31,1.31,ADX ≥ 20.0;MACD 🚀;RSI 📈;Price > SMA20
2025-08-07T16:35:00.452215,BAC,45.27,30.85,0.06,0.14,-15.59,-15.59,ADX ≥ 20.0;MACD 🚀;RSI 📈;Price > SMA20
2025-08-07T16:35:01.254310,BAX,23.32,31.30,0.08,0.32,15.13,15.13,ADX ≥ 20.0;MACD 🚀;RSI 📈;Price > SMA20
2025-08-07T16:35:02.022113,BDX,187.03,32.42,0.55,0.30,-2.96,-2.96,ADX ≥ 20.0;MACD 🚀;RSI 📈;Price > SMA20
2025-08-07T16:35:02.817479,BRK-B,0.00,47.13,0.73,inf,-7.53,-7.53,ADX ≥ 20.0;MACD 🚀;ATR % ≥ 0.5%
2025-08-07T16:35:08.768205,BBY,67.47,47.60,0.12,0.17,-0.21,-0.21,ADX ≥ 20.0;MACD 🚀;BB breakout;RSI 📈;Price > SMA20
2025-08-07T16:35:09.630967,TECH,50.02,28.78,0.13,0.26,3.15,3.15,ADX ≥ 20.0;MACD 🚀;BB breakout;RSI 📈;Price > SMA20
2025-08-07T16:35:10.548295,BIIB,129.44,26.26,0.26,0.20,-16.68,-16.68,ADX ≥ 20.0;MACD 🚀;RSI 📈;Price > SMA20
2025-08-07T16:35:12.204393,BX,167.61,47.68,0.46,0.27,10.58,10.58,ADX ≥ 20.0;MACD 🚀;Price > SMA20
2025-08-07T16:35:14.524281,BA,225.37,45.94,0.35,0.16,-17.61,-17.61,ADX ≥ 20.0;MACD 🚀;Price > SMA20
2025-08-07T16:35:17.869699,BMY,45.75,57.46,0.11,0.24,-12.63,-12.63,ADX ≥ 20.0;MACD 🚀;RSI 📈;Price > SMA20
2025-08-07T16:35:21.693277,BR,265.19,61.62,0.63,0.24,-11.46,-11.46,ADX ≥ 20.0;MACD 🚀;Price > SMA20
2025-08-07T16:35:24.058719,BRO,92.11,27.72,0.18,0.20,-25.80,-25.80,ADX ≥ 20.0;MACD 🚀;Price > SMA20
2025-08-07T16:35:28.000420,BF-B,0.00,22.53,0.06,inf,-22.70,-22.70,ADX ≥ 20.0;MACD 🚀;RSI 📈;ATR % ≥ 0.5%
2025-08-07T16:35:32.096259,BLDR,133.75,22.51,0.38,0.28,-13.88,-13.88,ADX ≥ 20.0;MACD 🚀;RSI 📈;Price > SMA20
2025-08-07T16:35:41.858787,BXP,66.14,29.52,0.11,0.17,-8.43,-8.43,ADX ≥ 20.0;MACD 🚀;RSI 📈;Price > SMA20
2025-08-07T16:35:46.120390,CZR,24.39,45.18,0.05,0.21,-34.68,-34.68,ADX ≥ 20.0;MACD 🚀;Price > SMA20
2025-08-07T16:35:46.994873,CPT,107.09,34.92,0.13,0.12,4.98,4.98,ADX ≥ 20.0;MACD 🚀;RSI 📈;Price > SMA20
2025-08-07T16:35:47.999642,CPB,32.88,29.25,0.05,0.16,-20.85,-20.85,ADX ≥ 20.0;MACD 🚀;RSI 📈;Price > SMA20
2025-08-07T16:35:49.889519,COF,209.07,48.95,0.38,0.18,-21.05,-21.05,ADX ≥ 20.0;MACD 🚀;Price > SMA20
2025-08-07T16:35:57.928063,KMX,55.58,41.54,0.12,0.21,-8.62,-8.62,ADX ≥ 20.0;MACD 🚀;RSI 📈;Price > SMA20
2025-08-07T16:35:59.976797,CAT,417.60,45.69,0.89,0.21,-36.43,-36.43,ADX ≥ 20.0;MACD 🚀;RSI 📈;Price > SMA20
2025-08-07T16:36:00.733897,CBOE,250.44,35.08,0.26,0.11,-17.26,-17.26,ADX ≥ 20.0;MACD 🚀;BB breakout;RSI 📈;Price > SMA20
2025-08-07T16:36:01.425262,CBRE,155.63,33.39,0.19,0.12,-25.95,-25.95,ADX ≥ 20.0;MACD 🚀;RSI 📈;Price > SMA20
2025-08-07T16:36:03.734110,COR,277.00,44.04,0.62,0.22,-21.45,-21.45,ADX ≥ 20.0;MACD 🚀;BB breakout;Price > SMA20
2025-08-07T16:36:06.193401,CNP,39.20,55.81,0.04,0.10,-37.98,-37.98,ADX ≥ 20.0;MACD 🚀;RSI 📈;Price > SMA20
2025-08-07T16:36:07.039896,CF,84.58,24.98,0.30,0.36,-35.74,-35.74,ADX ≥ 20.0;MACD 🚀;RSI 📈;Price > SMA20
2025-08-07T16:36:12.705581,SCHW,95.89,27.26,0.18,0.19,-31.70,-31.70,ADX ≥ 20.0;MACD 🚀;Price > SMA20
2025-08-07T16:36:13.670872,CHTR,261.17,23.25,0.64,0.24,-3.38,-3.38,ADX ≥ 20.0;MACD 🚀;RSI 📈;Price > SMA20
2025-08-07T16:36:15.175138,CMG,43.02,26.66,0.12,0.28,41.11,41.11,ADX ≥ 20.0;MACD 🚀;RSI 📈;Price > SMA20
2025-08-07T16:36:16.852554,CHD,92.87,24.12,0.10,0.11,-22.77,-22.77,ADX ≥ 20.0;MACD 🚀;RSI 📈;Price > SMA20
2025-08-07T16:36:22.021137,CI,270.60,23.35,0.41,0.15,-6.05,-6.05,ADX ≥ 20.0;MACD 🚀;Price > SMA20
2025-08-07T16:36:25.191874,CSCO,69.67,44.85,0.08,0.12,-14.44,-14.44,ADX ≥ 20.0;MACD 🚀;RSI 📈;Price > SMA20
2025-08-07T16:36:26.687599,CFG,46.99,29.93,0.07,0.16,-37.49,-37.49,ADX ≥ 20.0;MACD 🚀;RSI 📈;Price > SMA20
2025-08-07T16:36:27.506882,CLX,125.83,21.81,0.16,0.13,-31.41,-31.41,ADX ≥ 20.0;MACD 🚀;RSI 📈;Price > SMA20
2025-08-07T16:36:28.543392,CME,282.66,24.60,0.27,0.10,-24.90,-24.90,ADX ≥ 20.0;MACD 🚀;RSI 📈;Price > SMA20
2025-08-07T16:36:30.996561,CMS,74.77,39.84,0.09,0.12,-18.79,-18.79,ADX ≥ 20.0;MACD 🚀;RSI 📈;Price > SMA20
2025-08-07T16:36:36.172540,CL,84.65,21.26,0.09,0.10,-18.69,-18.69,ADX ≥ 20.0;MACD 🚀;RSI 📈;Price > SMA20
2025-08-07T16:36:37.096439,CMCSA,31.96,41.36,0.05,0.17,-18.84,-18.84,ADX ≥ 20.0;MACD 🚀;RSI 📈;Price > SMA20
2025-08-07T16:36:37.973359,CAG,19.12,33.43,0.04,0.19,-12.97,-12.97,ADX ≥ 20.0;MACD 🚀;RSI 📈;Price > SMA20
2025-08-07T16:36:39.870971,COP,94.20,45.91,0.25,0.27,-2.25,-2.25,ADX ≥ 20.0;MACD 🚀;RSI 📈;Price > SMA20
2025-08-07T16:36:41.767336,ED,104.94,41.33,0.12,0.11,-40.98,-40.98,ADX ≥ 20.0;MACD 🚀;RSI 📈;Price > SMA20
2025-08-07T16:36:45.740141,STZ,173.03,46.51,0.26,0.15,1.70,1.70,ADX ≥ 20.0;MACD 🚀;RSI 📈;Price > SMA20
2025-08-07T16:36:50.665137,COO,68.56,53.41,0.09,0.13,-0.72,-0.72,ADX ≥ 20.0;MACD 🚀;RSI 📈;Price > SMA20
2025-08-07T16:36:52.923281,CPRT,46.38,56.88,0.09,0.19,9.21,9.21,ADX ≥ 20.0;MACD 🚀;Price > SMA20
2025-08-07T16:36:55.510124,CPAY,305.96,71.40,1.65,0.54,16.65,16.65,ADX ≥ 20.0;MACD 🚀;ATR % ≥ 0.5%
2025-08-07T16:36:58.597648,COST,974.00,48.16,1.19,0.12,-13.71,-13.71,ADX ≥ 20.0;MACD 🚀;BB breakout;Price > SMA20
2025-08-07T16:37:02.108316,CCI,105.33,45.18,0.12,0.12,-41.03,-41.03,ADX ≥ 20.0;MACD 🚀;RSI 📈;Price > SMA20
2025-08-07T16:37:04.649626,CMI,383.95,40.70,0.56,0.15,-9.71,-9.71,ADX ≥ 20.0;MACD 🚀;RSI 📈;Price > SMA20
2025-08-07T16:37:06.619393,CVS,62.96,29.12,0.10,0.15,-26.09,-26.09,ADX ≥ 20.0;MACD 🚀;BB breakout;RSI 📈;Price > SMA20
2025-08-07T16:37:07.552443,DHR,198.97,33.85,0.37,0.19,3.67,3.67,ADX ≥ 20.0;MACD 🚀;RSI 📈;Price > SMA20
2025-08-07T16:37:09.384292,DRI,205.93,36.14,0.22,0.10,-19.23,-19.23,ADX ≥ 20.0;MACD 🚀;RSI 📈;Price > SMA20
2025-08-07T16:37:12.434777,DECK,101.98,36.25,0.27,0.27,-25.85,-25.85,ADX ≥ 20.0;MACD 🚀;BB breakout;RSI 📈;Price > SMA20
2025-08-07T16:37:14.310987,DAL,53.55,21.40,0.11,0.20,-20.89,-20.89,ADX ≥ 20.0;MACD 🚀;Price > SMA20
2025-08-07T16:37:17.483567,DVN,33.37,54.49,0.11,0.32,-12.68,-12.68,ADX ≥ 20.0;MACD 🚀;RSI 📈;Price > SMA20
2025-08-07T16:37:18.098402,DXCM,76.07,39.11,0.16,0.22,-8.15,-8.15,ADX ≥ 20.0;MACD 🚀;Price > SMA20
2025-08-07T16:37:19.820898,FANG,144.47,38.87,0.39,0.27,-12.55,-12.55,ADX ≥ 20.0;MACD 🚀;RSI 📈;Price > SMA20
2025-08-07T16:37:23.835981,DG,114.62,45.77,0.17,0.15,-3.61,-3.61,ADX ≥ 20.0;MACD 🚀;RSI 📈;Price > SMA20
2025-08-07T16:37:26.929202,D,61.85,41.39,0.08,0.13,-2.73,-2.73,ADX ≥ 20.0;MACD 🚀;RSI 📈;Price > SMA20
2025-08-07T16:37:28.889486,DPZ,441.49,35.61,0.51,0.11,9.58,9.58,ADX ≥ 20.0;MACD 🚀;Price > SMA20
2025-08-07T16:37:29.922189,DASH,268.97,36.82,1.36,0.50,-15.95,-15.95,ADX ≥ 20.0;MACD 🚀;BB breakout;ATR % ≥ 0.5%
2025-08-07T16:37:32.902197,DOV,174.57,27.74,0.19,0.11,-28.47,-28.47,ADX ≥ 20.0;MACD 🚀;RSI 📈;Price > SMA20
2025-08-07T16:37:34.919506,DOW,21.69,44.04,0.07,0.31,-5.05,-5.05,ADX ≥ 20.0;MACD 🚀;RSI 📈;Price > SMA20
2025-08-07T16:37:41.595829,DTE,140.90,38.71,0.15,0.11,-11.70,-11.70,ADX ≥ 20.0;MACD 🚀;RSI 📈;Price > SMA20
2025-08-07T16:37:44.608854,DUK,126.14,37.68,0.17,0.13,-26.07,-26.07,ADX ≥ 20.0;MACD 🚀;RSI 📈;Price > SMA20
2025-08-07T16:37:45.648345,DD,70.91,36.66,0.12,0.17,-15.48,-15.48,ADX ≥ 20.0;MACD 🚀;RSI 📈;Price > SMA20
2025-08-07T16:37:46.458101,EMN,61.61,44.82,0.14,0.22,8.28,8.28,ADX ≥ 20.0;MACD 🚀;RSI 📈;Price > SMA20
2025-08-07T16:37:50.378599,EBAY,92.85,22.78,0.14,0.15,-16.40,-16.40,ADX ≥ 20.0;MACD 🚀;Price > SMA20
2025-08-07T16:37:51.132498,ECL,269.43,39.82,0.29,0.11,9.52,9.52,ADX ≥ 20.0;MACD 🚀;Price > SMA20
2025-08-07T16:37:53.289061,EIX,55.12,38.86,0.09,0.17,-5.62,-5.62,ADX ≥ 20.0;MACD 🚀;RSI 📈;Price > SMA20
2025-08-07T16:37:54.580121,EW,77.72,26.51,0.13,0.17,3.42,3.42,ADX ≥ 20.0;MACD 🚀;Price > SMA20
2025-08-07T16:37:55.449853,EA,162.78,26.69,0.26,0.16,13.85,13.85,ADX ≥ 20.0;MACD 🚀;BB breakout;RSI 📈;Price > SMA20
2025-08-07T16:37:56.257708,ELV,283.39,40.07,0.71,0.25,-13.10,-13.10,ADX ≥ 20.0;MACD 🚀;RSI 📈;Price > SMA20
2025-08-07T16:37:58.380323,EMR,132.50,30.28,0.32,0.24,-27.04,-27.04,ADX ≥ 20.0;MACD 🚀;RSI 📈;Price > SMA20
2025-08-07T16:37:59.205636,ENPH,31.88,38.10,0.19,0.59,43.28,43.28,ADX ≥ 20.0;MACD 🚀;RSI 📈;ATR % ≥ 0.5%;Price > SMA20
2025-08-07T16:38:00.027418,ETR,90.47,24.55,0.11,0.12,-16.76,-16.76,ADX ≥ 20.0;MACD 🚀;RSI 📈;Price > SMA20
2025-08-07T16:38:00.822205,EOG,117.49,32.33,0.25,0.21,-12.80,-12.80,ADX ≥ 20.0;MACD 🚀;RSI 📈;Price > SMA20
2025-08-07T16:38:01.665207,EPAM,159.64,22.51,1.47,0.92,-4.16,-4.16,ADX ≥ 20.0;MACD 🚀;BB breakout;RSI 📈;ATR % ≥ 0.5%;Price > SMA20
2025-08-07T16:38:03.158993,EFX,242.07,26.18,0.42,0.17,1.42,1.42,ADX ≥ 20.0;MACD 🚀;Price > SMA20
2025-08-07T16:38:05.658292,EQR,64.23,41.57,0.08,0.13,-3.97,-3.97,ADX ≥ 20.0;MACD 🚀;RSI 📈;Price > SMA20
2025-08-07T16:38:10.055097,EL,90.61,31.07,0.17,0.19,-27.67,-27.67,ADX ≥ 20.0;MACD 🚀;RSI 📈;Price > SMA20
2025-08-07T16:38:12.140404,EG,327.53,61.46,0.34,0.10,2.29,2.29,ADX ≥ 20.0;MACD 🚀;BB breakout;Price > SMA20
2025-08-07T16:38:15.256111,EVRG,73.41,48.01,0.13,0.17,-46.27,-46.27,ADX ≥ 20.0;MACD 🚀;RSI 📈;Price > SMA20
2025-08-07T16:38:16.131798,ES,66.19,27.06,0.07,0.11,-32.45,-32.45,ADX ≥ 20.0;MACD 🚀;RSI 📈;Price > SMA20
2025-08-07T16:38:19.214603,EXC,45.49,30.48,0.05,0.11,-25.86,-25.86,ADX ≥ 20.0;MACD 🚀;BB breakout;RSI 📈;Price > SMA20
2025-08-07T16:38:23.260338,EXPD,117.97,24.36,0.20,0.17,-0.46,-0.46,ADX ≥ 20.0;MACD 🚀;Price > SMA20
2025-08-07T16:38:24.065835,EXR,137.95,28.64,0.19,0.14,-25.72,-25.72,ADX ≥ 20.0;MACD 🚀;RSI 📈;Price > SMA20
2025-08-07T16:38:25.213270,XOM,106.72,31.16,0.15,0.14,-21.95,-21.95,ADX ≥ 20.0;MACD 🚀;Price > SMA20
2025-08-07T16:38:34.059409,FICO,1360.60,32.44,3.41,0.25,-27.96,-27.96,ADX ≥ 20.0;MACD 🚀;ATR14 ≥ 2.0
2025-08-07T16:38:34.811122,FAST,47.03,29.99,0.08,0.16,-5.97,-5.97,ADX ≥ 20.0;MACD 🚀;Price > SMA20
2025-08-07T16:38:35.796739,FRT,92.73,40.96,0.18,0.20,-11.52,-11.52,ADX ≥ 20.0;MACD 🚀;RSI 📈;Price > SMA20
2025-08-07T16:38:40.839270,FE,43.52,22.12,0.04,0.10,-42.34,-42.34,ADX ≥ 20.0;MACD 🚀;RSI 📈;Price > SMA20
2025-08-07T16:38:43.991418,F,11.23,41.08,0.02,0.22,-2.31,-2.31,ADX ≥ 20.0;MACD 🚀;RSI 📈;Price > SMA20
2025-08-07T16:38:46.679030,FTV,47.58,30.79,0.06,0.12,-3.85,-3.85,ADX ≥ 20.0;MACD 🚀;Price > SMA20
2025-08-07T16:38:58.208830,FCX,40.75,47.05,0.09,0.21,-21.17,-21.17,ADX ≥ 20.0;MACD 🚀;RSI 📈;Price > SMA20
2025-08-07T16:38:59.251218,GRMN,227.07,39.81,0.39,0.17,-24.70,-24.70,ADX ≥ 20.0;MACD 🚀;Price > SMA20
2025-08-07T16:39:04.829901,GEHC,70.75,36.73,0.11,0.16,-2.52,-2.52,ADX ≥ 20.0;MACD 🚀;RSI 📈;Price > SMA20
2025-08-07T16:39:09.173403,GD,311.69,44.23,0.44,0.14,-11.36,-11.36,ADX ≥ 20.0;MACD 🚀;Price > SMA20
2025-08-07T16:39:09.932388,GIS,49.98,52.53,0.07,0.15,-12.81,-12.81,ADX ≥ 20.0;MACD 🚀;RSI 📈;Price > SMA20
2025-08-07T16:39:12.774297,GM,53.03,32.66,0.10,0.18,36.18,36.18,ADX ≥ 20.0;MACD 🚀;Price > SMA20
2025-08-07T16:39:14.908777,GPC,133.19,36.73,0.17,0.12,-15.83,-15.83,ADX ≥ 20.0;MACD 🚀;RSI 📈;Price > SMA20
2025-08-07T16:39:15.814914,GILD,110.06,47.35,0.24,0.22,0.07,0.07,ADX ≥ 20.0;MACD 🚀;BB breakout;RSI 📈;Price > SMA20
2025-08-07T16:39:18.600888,GL,140.75,28.26,0.20,0.14,-4.22,-4.22,ADX ≥ 20.0;MACD 🚀;Price > SMA20
2025-08-07T16:39:21.024356,HAL,21.23,30.64,0.06,0.27,-12.63,-12.63,ADX ≥ 20.0;MACD 🚀;RSI 📈;Price > SMA20
2025-08-07T16:39:23.471356,HCA,372.11,22.08,0.41,0.11,-14.95,-14.95,ADX ≥ 20.0;MACD 🚀;RSI 📈;Price > SMA20
2025-08-07T16:39:24.260394,DOC,17.05,53.58,0.03,0.16,2.17,2.17,ADX ≥ 20.0;MACD 🚀;RSI 📈;Price > SMA20
2025-08-07T16:39:25.254231,HSIC,66.23,23.26,0.11,0.16,1.95,1.95,ADX ≥ 20.0;MACD 🚀;Price > SMA20
2025-08-07T16:39:26.063532,HSY,188.74,51.49,0.39,0.21,-7.78,-7.78,ADX ≥ 20.0;MACD 🚀;RSI 📈;Price > SMA20
2025-08-07T16:39:28.569187,HOLX,67.87,32.84,0.09,0.13,-14.34,-14.34,ADX ≥ 20.0;MACD 🚀;RSI 📈;Price > SMA20
2025-08-07T16:39:30.277057,HON,216.43,33.89,0.26,0.12,-11.24,-11.24,ADX ≥ 20.0;MACD 🚀;Price > SMA20
2025-08-07T16:39:31.137947,HRL,28.18,38.01,0.03,0.12,-12.64,-12.64,ADX ≥ 20.0;MACD 🚀;RSI 📈;Price > SMA20
2025-08-07T16:39:34.953654,HST,15.30,39.35,0.03,0.18,-3.35,-3.35,ADX ≥ 20.0;MACD 🚀;Price > SMA20
2025-08-07T16:39:35.785354,HWM,179.75,21.16,0.43,0.24,-15.54,-15.54,ADX ≥ 20.0;MACD 🚀;Price > SMA20
2025-08-07T16:39:39.043025,HPQ,25.27,25.75,0.05,0.18,-11.54,-11.54,ADX ≥ 20.0;MACD 🚀;Price > SMA20
2025-08-07T16:39:42.951915,HUM,255.31,26.40,0.44,0.17,-0.67,-0.67,ADX ≥ 20.0;MACD 🚀;RSI 📈;Price > SMA20
2025-08-07T16:39:45.056136,HBAN,15.97,36.72,0.03,0.21,-4.16,-4.16,ADX ≥ 20.0;MACD 🚀;RSI 📈;Price > SMA20
2025-08-07T16:39:47.125316,HII,264.33,42.33,0.42,0.16,-9.47,-9.47,ADX ≥ 20.0;MACD 🚀;RSI 📈;Price > SMA20
2025-08-07T16:39:51.317149,ITW,257.58,30.73,0.29,0.11,-5.46,-5.46,ADX ≥ 20.0;MACD 🚀;Price > SMA20
2025-08-07T16:39:54.185835,INCY,77.53,30.36,0.10,0.12,-6.77,-6.77,ADX ≥ 20.0;MACD 🚀;RSI 📈;Price > SMA20
2025-08-07T16:39:59.780104,PODD,287.08,70.33,1.93,0.67,-25.27,-25.27,ADX ≥ 20.0;MACD 🚀;ATR % ≥ 0.5%
2025-08-07T16:40:01.701588,ICE,187.85,29.94,0.19,0.10,-39.71,-39.71,ADX ≥ 20.0;MACD 🚀;Price > SMA20
2025-08-07T16:40:02.619687,IFF,65.22,36.90,0.18,0.28,16.82,16.82,ADX ≥ 20.0;MACD 🚀;RSI 📈;Price > SMA20
2025-08-07T16:40:05.305322,IPG,24.89,29.39,0.05,0.19,-12.71,-12.71,ADX ≥ 20.0;MACD 🚀;Price > SMA20
2025-08-07T16:40:15.298959,IRM,91.75,29.68,0.25,0.27,-22.02,-22.02,ADX ≥ 20.0;MACD 🚀;BB breakout;RSI 📈;Price > SMA20
2025-08-07T16:40:18.921836,JNJ,171.41,39.84,0.22,0.13,-16.42,-16.42,ADX ≥ 20.0;MACD 🚀;RSI 📈;Price > SMA20
2025-08-07T16:40:23.164866,KVUE,21.73,36.61,0.06,0.26,-17.20,-17.20,ADX ≥ 20.0;MACD 🚀;RSI 📈;Price > SMA20
2025-08-07T16:40:24.101110,KDP,33.85,47.77,0.04,0.13,-17.01,-17.01,ADX ≥ 20.0;MACD 🚀;RSI 📈;Price > SMA20
2025-08-07T16:40:31.852189,KMB,137.09,35.27,0.20,0.15,-10.23,-10.23,ADX ≥ 20.0;MACD 🚀;RSI 📈;Price > SMA20
2025-08-07T16:40:34.226364,KIM,21.24,52.38,0.03,0.15,-28.42,-28.42,ADX ≥ 20.0;MACD 🚀;RSI 📈;Price > SMA20
2025-08-07T16:40:37.032447,KMI,27.07,27.95,0.04,0.13,-27.67,-27.67,ADX ≥ 20.0;MACD 🚀;RSI 📈;Price > SMA20
2025-08-07T16:40:42.664453,KLAC,912.39,25.43,1.68,0.18,-29.67,-29.67,ADX ≥ 20.0;MACD 🚀;Price > SMA20
2025-08-07T16:40:44.944964,KHC,27.62,52.46,0.04,0.16,-13.54,-13.54,ADX ≥ 20.0;MACD 🚀;RSI 📈;Price > SMA20
2025-08-07T16:40:48.492704,LHX,273.44,48.43,0.39,0.14,-25.91,-25.91,ADX ≥ 20.0;MACD 🚀;RSI 📈;Price > SMA20
2025-08-07T16:40:53.397563,LW,51.92,48.27,0.16,0.30,-36.35,-36.35,ADX ≥ 20.0;MACD 🚀;RSI 📈;Price > SMA20
2025-08-07T16:40:56.873756,LDOS,175.90,22.28,0.33,0.19,-7.83,-7.83,ADX ≥ 20.0;MACD 🚀;Price > SMA20
2025-08-07T16:41:09.921181,LIN,470.00,31.04,0.40,0.09,-26.36,-26.36,ADX ≥ 20.0;MACD 🚀;Price > SMA20
2025-08-07T16:41:15.584708,LKQ,29.72,41.57,0.05,0.18,6.59,6.59,ADX ≥ 20.0;MACD 🚀;RSI 📈;Price > SMA20
2025-08-07T16:41:21.263005,LOW,237.79,38.92,0.36,0.15,-21.94,-21.94,ADX ≥ 20.0;MACD 🚀;Price > SMA20
2025-08-07T16:41:23.509684,LULU,191.60,35.82,0.50,0.26,-7.02,-7.02,ADX ≥ 20.0;MACD 🚀;Price > SMA20
2025-08-07T16:41:25.633792,LYB,50.44,43.37,0.15,0.29,-16.12,-16.12,ADX ≥ 20.0;MACD 🚀;BB breakout;RSI 📈;Price > SMA20
2025-08-07T16:41:27.810799,MTB,184.89,39.97,0.27,0.15,-0.33,-0.33,ADX ≥ 20.0;MACD 🚀;RSI 📈;Price > SMA20
2025-08-07T16:41:31.698015,MAR,261.47,41.17,0.40,0.15,4.43,4.43,ADX ≥ 20.0;MACD 🚀;Price > SMA20
2025-08-07T16:41:32.688384,MMC,202.70,50.03,0.27,0.13,-25.42,-25.42,ADX ≥ 20.0;MACD 🚀;Price > SMA20
2025-08-07T16:41:34.821018,MLM,600.83,36.41,1.72,0.29,-43.98,-43.98,ADX ≥ 20.0;MACD 🚀;Price > SMA20
2025-08-07T16:41:42.237849,MKC,69.92,40.12,0.09,0.12,-11.37,-11.37,ADX ≥ 20.0;MACD 🚀;BB breakout;RSI 📈;Price > SMA20
2025-08-07T16:41:43.310009,MCD,307.20,40.01,0.41,0.13,-6.65,-6.65,ADX ≥ 20.0;MACD 🚀;Price > SMA20
2025-08-07T16:41:45.274088,MCK,655.58,49.24,2.97,0.45,-21.21,-21.21,ADX ≥ 20.0;MACD 🚀;ATR14 ≥ 2.0
2025-08-07T16:41:46.079857,MDT,91.40,44.48,0.11,0.13,1.90,1.90,ADX ≥ 20.0;MACD 🚀;RSI 📈;Price > SMA20
2025-08-07T16:41:47.177630,MRK,80.73,48.80,0.19,0.24,10.83,10.83,ADX ≥ 20.0;MACD 🚀;RSI 📈;Price > SMA20
2025-08-07T16:41:51.307732,MGM,34.51,24.28,0.06,0.18,-14.50,-14.50,ADX ≥ 20.0;MACD 🚀;Price > SMA20
2025-08-07T16:41:56.914492,MOH,156.21,32.18,0.42,0.27,-17.64,-17.64,ADX ≥ 20.0;MACD 🚀;RSI 📈;Price > SMA20
2025-08-07T16:41:59.813371,TAP,49.98,41.10,0.09,0.17,-35.64,-35.64,ADX ≥ 20.0;MACD 🚀;RSI 📈;Price > SMA20
2025-08-07T16:42:01.704362,MDLZ,62.35,30.20,0.07,0.11,-9.50,-9.50,ADX ≥ 20.0;MACD 🚀;BB breakout;RSI 📈;Price > SMA20
2025-08-07T16:42:05.420167,MNST,60.56,36.79,0.08,0.13,-0.71,-0.71,ADX ≥ 20.0;MACD 🚀;RSI 📈;Price > SMA20
2025-08-07T16:42:10.449536,MSI,442.31,22.21,0.41,0.09,-38.40,-38.40,ADX ≥ 20.0;MACD 🚀;Price > SMA20
2025-08-07T16:42:22.178369,NWS,33.85,35.18,0.05,0.15,-22.97,-22.97,ADX ≥ 20.0;MACD 🚀;Price > SMA20
2025-08-07T16:42:23.252005,NEE,72.49,36.83,0.08,0.12,-27.51,-27.51,ADX ≥ 20.0;MACD 🚀;RSI 📈;Price > SMA20
2025-08-07T16:42:27.551843,NI,42.17,42.39,0.06,0.15,-8.46,-8.46,ADX ≥ 20.0;MACD 🚀;RSI 📈;Price > SMA20
2025-08-07T16:42:28.465709,NDSN,212.33,39.89,0.25,0.12,-2.42,-2.42,ADX ≥ 20.0;MACD 🚀;Price > SMA20
2025-08-07T16:42:37.889413,NUE,138.23,59.18,0.23,0.16,-46.41,-46.41,ADX ≥ 20.0;MACD 🚀;RSI 📈;Price > SMA20
2025-08-07T16:42:43.011064,ORLY,103.40,40.47,0.13,0.12,-13.97,-13.97,ADX ≥ 20.0;MACD 🚀;Price > SMA20
2025-08-07T16:42:45.523854,OMC,72.86,30.67,0.13,0.18,-17.62,-17.62,ADX ≥ 20.0;MACD 🚀;Price > SMA20
2025-08-07T16:42:48.444238,OKE,76.19,28.59,0.14,0.18,-20.47,-20.47,ADX ≥ 20.0;MACD 🚀;Price > SMA20
2025-08-07T16:42:50.074247,OTIS,87.72,48.23,0.14,0.16,-11.95,-11.95,ADX ≥ 20.0;MACD 🚀;RSI 📈;Price > SMA20
2025-08-07T16:42:56.592835,PARA,0.00,22.69,0.04,inf,17.64,17.64,ADX ≥ 20.0;MACD 🚀;RSI 📈;ATR % ≥ 0.5%
2025-08-07T16:43:04.670001,PEP,143.24,46.76,0.19,0.13,14.29,14.29,ADX ≥ 20.0;MACD 🚀;RSI 📈;Price > SMA20
2025-08-07T16:43:05.568260,PFE,24.42,63.62,0.06,0.23,-1.33,-1.33,ADX ≥ 20.0;MACD 🚀;RSI 📈;Price > SMA20
2025-08-07T16:43:06.516882,PCG,15.19,44.78,0.03,0.20,-8.66,-8.66,ADX ≥ 20.0;MACD 🚀;RSI 📈;Price > SMA20
2025-08-07T16:43:11.069579,PNW,94.23,29.82,0.14,0.14,-23.76,-23.76,ADX ≥ 20.0;MACD 🚀;RSI 📈;Price > SMA20
2025-08-07T16:43:12.661764,POOL,309.14,40.19,0.53,0.17,0.74,0.74,ADX ≥ 20.0;MACD 🚀;Price > SMA20
2025-08-07T16:43:16.322117,PPG,106.84,31.90,0.23,0.21,-5.14,-5.14,ADX ≥ 20.0;MACD 🚀;RSI 📈;Price > SMA20
2025-08-07T16:43:18.434934,PPL,36.33,28.90,0.04,0.11,-24.64,-24.64,ADX ≥ 20.0;MACD 🚀;Price > SMA20
2025-08-07T16:43:21.477727,PG,153.40,41.49,0.14,0.09,-3.34,-3.34,ADX ≥ 20.0;MACD 🚀;RSI 📈;Price > SMA20
2025-08-07T16:43:27.041500,PEG,87.50,60.02,0.10,0.12,-11.88,-11.88,ADX ≥ 20.0;MACD 🚀;Price > SMA20
2025-08-07T16:43:29.745163,PSA,283.34,24.31,0.38,0.13,-15.38,-15.38,ADX ≥ 20.0;MACD 🚀;RSI 📈;Price > SMA20
2025-08-07T16:43:36.825057,DGX,173.90,34.11,0.26,0.15,-14.38,-14.38,ADX ≥ 20.0;MACD 🚀;RSI 📈;Price > SMA20
2025-08-07T16:43:40.719241,RL,281.39,23.06,1.69,0.60,-5.44,-5.44,ADX ≥ 20.0;MACD 🚀;ATR % ≥ 0.5%;Price > SMA20
2025-08-07T16:43:44.962903,REGN,565.03,37.35,1.26,0.22,6.97,6.97,ADX ≥ 20.0;MACD 🚀;BB breakout;RSI 📈;Price > SMA20
2025-08-07T16:43:52.507028,ROST,145.09,28.99,0.24,0.16,11.38,11.38,ADX ≥ 20.0;MACD 🚀;Price > SMA20
2025-08-07T16:43:56.124139,SBAC,221.15,23.66,0.41,0.19,-9.80,-9.80,ADX ≥ 20.0;MACD 🚀;RSI 📈;Price > SMA20
2025-08-07T16:43:57.032732,SLB,33.00,25.11,0.06,0.20,-12.72,-12.72,ADX ≥ 20.0;MACD 🚀;Price > SMA20
2025-08-07T16:43:59.567153,SRE,82.78,43.22,0.32,0.39,39.84,39.84,ADX ≥ 20.0;MACD 🚀;RSI 📈;Price > SMA20
2025-08-07T16:44:00.589810,NOW,871.09,76.65,3.16,0.36,-12.97,-12.97,ADX ≥ 20.0;MACD 🚀;ATR14 ≥ 2.0
2025-08-07T16:44:02.741950,SWKS,68.22,42.47,0.16,0.23,-16.43,-16.43,ADX ≥ 20.0;MACD 🚀;RSI 📈;Price > SMA20
2025-08-07T16:44:03.514063,SJM,110.41,52.37,0.16,0.15,-1.82,-1.82,ADX ≥ 20.0;MACD 🚀;RSI 📈;Price > SMA20
2025-08-07T16:44:08.299560,SNA,321.29,38.23,0.40,0.12,-15.74,-15.74,ADX ≥ 20.0;MACD 🚀;Price > SMA20
2025-08-07T16:44:10.028653,SOLV,72.41,27.14,0.13,0.18,-15.50,-15.50,ADX ≥ 20.0;MACD 🚀;Price > SMA20
2025-08-07T16:44:11.920127,SO,95.43,38.36,0.10,0.10,-20.44,-20.44,ADX ≥ 20.0;MACD 🚀;RSI 📈;Price > SMA20
2025-08-07T16:44:17.017875,SBUX,90.77,33.24,0.19,0.21,28.21,28.21,ADX ≥ 20.0;MACD 🚀;RSI 📈;Price > SMA20
2025-08-07T16:44:26.877878,SYK,376.42,38.38,0.50,0.13,-18.71,-18.71,ADX ≥ 20.0;MACD 🚀;Price > SMA20
2025-08-07T16:44:34.526303,TMUS,240.62,26.60,0.33,0.14,-22.40,-22.40,ADX ≥ 20.0;MACD 🚀;BB breakout;RSI 📈;Price > SMA20
2025-08-07T16:44:40.934931,TGT,104.77,20.14,0.20,0.19,-7.91,-7.91,ADX ≥ 20.0;MACD 🚀;Price > SMA20
2025-08-07T16:44:49.654605,TXT,77.17,48.99,0.11,0.14,-20.42,-20.42,ADX ≥ 20.0;MACD 🚀;Price > SMA20
2025-08-07T16:44:50.389495,TMO,456.49,42.78,0.77,0.17,-12.55,-12.55,ADX ≥ 20.0;MACD 🚀;RSI 📈;Price > SMA20
2025-08-07T16:44:53.744729,TSCO,59.89,46.81,0.11,0.18,4.70,4.70,ADX ≥ 20.0;MACD 🚀;Price > SMA20
2025-08-07T16:45:08.532556,TSN,56.27,49.71,0.08,0.14,-8.90,-8.90,ADX ≥ 20.0;MACD 🚀;RSI 📈;Price > SMA20
2025-08-07T16:45:11.408051,UDR,38.80,50.52,0.05,0.13,-7.97,-7.97,ADX ≥ 20.0;MACD 🚀;RSI 📈;Price > SMA20
2025-08-07T16:45:26.566890,UHS,167.88,27.12,0.42,0.25,19.45,19.45,ADX ≥ 20.0;MACD 🚀;Price > SMA20
2025-08-07T16:45:32.139332,VZ,42.80,47.94,0.05,0.12,-16.29,-16.29,ADX ≥ 20.0;MACD 🚀;RSI 📈;Price > SMA20
2025-08-07T16:45:45.103741,VTRS,9.24,51.51,0.04,0.45,31.51,31.51,ADX ≥ 20.0;MACD 🚀;RSI 📈;Price > SMA20
2025-08-07T16:46:16.939083,WAT,279.22,28.55,0.56,0.20,22.71,22.71,ADX ≥ 20.0;MACD 🚀;Price > SMA20
2025-08-07T16:46:17.782810,WEC,111.18,64.52,0.13,0.12,-7.73,-7.73,ADX ≥ 20.0;MACD 🚀;RSI 📈;Price > SMA20
2025-08-07T16:46:36.898433,XEL,73.56,36.70,0.08,0.11,-15.85,-15.85,ADX ≥ 20.0;MACD 🚀;RSI 📈;Price > SMA20
2025-08-07T16:46:48.027098,ZBH,97.68,23.04,0.34,0.35,-5.00,-5.00,ADX ≥ 20.0;MACD 🚀;Price > SMA20
2025-08-07T16:47:35.015414,AKAM,73.33,34.08,0.15,0.20,-10.43,-10.43,ADX ≥ 20.0;MACD 🚀;Price > SMA20
2025-08-07T16:47:40.343838,LNT,66.29,42.64,0.07,0.10,-21.57,-21.57,ADX ≥ 20.0;MACD 🚀;RSI 📈;Price > SMA20
2025-08-07T16:47:46.062285,MO,63.35,37.99,0.07,0.10,-5.50,-5.50,ADX ≥ 20.0;MACD 🚀;BB breakout;RSI 📈;Price > SMA20
2025-08-07T16:47:49.087467,AEE,102.45,27.84,0.12,0.12,1.67,1.67,ADX ≥ 20.0;MACD 🚀;RSI 📈;Price > SMA20
2025-08-07T16:47:49.891098,AEP,114.03,37.97,0.13,0.12,-25.46,-25.46,ADX ≥ 20.0;MACD 🚀;RSI 📈;Price > SMA20
2025-08-07T16:47:51.741246,AMT,209.87,34.85,0.31,0.15,-12.04,-12.04,ADX ≥ 20.0;MACD 🚀;RSI 📈;Price > SMA20
2025-08-07T16:47:54.052594,AWK,144.36,48.63,0.21,0.14,-18.24,-18.24,ADX ≥ 20.0;MACD 🚀;RSI 📈;Price > SMA20
2025-08-07T16:48:20.338180,ACGL,88.12,44.71,0.15,0.17,-32.45,-32.45,ADX ≥ 20.0;MACD 🚀;Price > SMA20
2025-08-07T16:48:31.604632,T,27.93,69.43,0.05,0.17,-3.65,-3.65,ADX ≥ 20.0;MACD 🚀;RSI 📈;Price > SMA20
2025-08-07T16:48:36.197462,ATO,166.25,44.17,0.46,0.27,18.01,18.01,ADX ≥ 20.0;MACD 🚀;RSI 📈;Price > SMA20
2025-08-07T16:48:44.354771,AZO,4031.88,38.34,10.62,0.26,13.14,13.14,ADX ≥ 20.0;MACD 🚀;ATR14 ≥ 2.0
2025-08-07T16:48:57.814570,BRK-B,0.00,41.40,0.65,inf,-6.99,-6.99,ADX ≥ 20.0;MACD 🚀;ATR % ≥ 0.5%
2025-08-07T16:49:02.170943,BIIB,129.10,34.98,0.30,0.23,1.36,1.36,ADX ≥ 20.0;MACD 🚀;Price > SMA20
2025-08-07T16:49:20.857915,BMY,45.78,58.20,0.13,0.28,3.52,3.52,ADX ≥ 20.0;MACD 🚀;RSI 📈;Price > SMA20
2025-08-07T16:49:23.176362,BRO,92.14,22.79,0.18,0.20,-27.44,-27.44,ADX ≥ 20.0;MACD 🚀;Price > SMA20
2025-08-07T16:49:23.867648,BF-B,0.00,30.82,0.06,inf,-18.87,-18.87,ADX ≥ 20.0;MACD 🚀;RSI 📈;ATR % ≥ 0.5%
2025-08-07T16:49:46.198029,CPB,32.90,40.09,0.06,0.18,-7.18,-7.18,ADX ≥ 20.0;MACD 🚀;RSI 📈;Price > SMA20
2025-08-07T16:49:56.184544,COR,277.67,39.73,0.64,0.23,-15.65,-15.65,ADX ≥ 20.0;MACD 🚀;BB breakout;RSI 📈;Price > SMA20
2025-08-07T16:49:57.029681,CNC,25.50,25.47,0.07,0.28,10.31,10.31,ADX ≥ 20.0;MACD 🚀;RSI 📈;Price > SMA20
2025-08-07T16:50:00.149034,CNP,39.22,62.63,0.05,0.12,-0.25,-0.25,ADX ≥ 20.0;MACD 🚀;RSI 📈;Price > SMA20
2025-08-07T16:50:01.124655,CF,85.01,28.68,0.29,0.34,-34.43,-34.43,ADX ≥ 20.0;MACD 🚀;RSI 📈;Price > SMA20
2025-08-07T16:50:10.012393,CHD,93.14,43.93,0.11,0.12,-12.81,-12.81,ADX ≥ 20.0;MACD 🚀;RSI 📈;Price > SMA20
2025-08-07T16:50:19.890845,CLX,126.21,33.97,0.16,0.13,-16.38,-16.38,ADX ≥ 20.0;MACD 🚀;RSI 📈;Price > SMA20
2025-08-07T16:50:20.980552,CME,282.69,29.19,0.28,0.10,-15.76,-15.76,ADX ≥ 20.0;MACD 🚀;RSI 📈;Price > SMA20
2025-08-07T16:50:22.514666,KO,70.39,44.23,0.08,0.11,13.65,13.65,ADX ≥ 20.0;MACD 🚀;RSI 📈;Price > SMA20
2025-08-07T16:50:27.774786,CL,84.76,26.73,0.10,0.11,-11.73,-11.73,ADX ≥ 20.0;MACD 🚀;RSI 📈;Price > SMA20
2025-08-07T16:50:28.792494,CMCSA,31.96,39.82,0.05,0.16,-16.70,-16.70,ADX ≥ 20.0;MACD 🚀;RSI 📈;Price > SMA20
2025-08-07T16:50:29.776712,CAG,19.17,45.31,0.04,0.20,-4.90,-4.90,ADX ≥ 20.0;MACD 🚀;RSI 📈;Price > SMA20
2025-08-07T16:50:30.720879,COP,94.48,50.26,0.27,0.29,1.42,1.42,ADX ≥ 20.0;MACD 🚀;RSI 📈;Price > SMA20
2025-08-07T16:50:33.058333,ED,105.19,51.87,0.12,0.11,-22.55,-22.55,ADX ≥ 20.0;MACD 🚀;RSI 📈;Price > SMA20
2025-08-07T16:50:34.172857,STZ,173.59,59.30,0.27,0.15,-5.50,-5.50,ADX ≥ 20.0;MACD 🚀;RSI 📈;Price > SMA20
2025-08-07T16:50:35.799903,COO,68.57,55.19,0.10,0.15,11.38,11.38,ADX ≥ 20.0;MACD 🚀;Price > SMA20
2025-08-07T16:50:37.303775,CPRT,46.30,40.60,0.09,0.19,8.31,8.31,ADX ≥ 20.0;MACD 🚀;Price > SMA20
2025-08-07T16:50:39.880747,CPAY,304.83,63.41,1.77,0.58,24.56,24.56,ADX ≥ 20.0;MACD 🚀;ATR % ≥ 0.5%
2025-08-07T16:50:41.974129,COST,974.50,40.40,1.23,0.13,-17.95,-17.95,ADX ≥ 20.0;MACD 🚀;Price > SMA20
2025-08-07T16:50:45.883248,CCI,105.51,51.92,0.12,0.12,-32.47,-32.47,ADX ≥ 20.0;MACD 🚀;RSI 📈;Price > SMA20
2025-08-07T16:50:48.242057,CVS,62.96,30.76,0.09,0.14,-30.95,-30.95,ADX ≥ 20.0;MACD 🚀;RSI 📈;Price > SMA20
2025-08-07T16:50:55.606201,DECK,101.67,26.29,0.26,0.25,-19.49,-19.49,ADX ≥ 20.0;MACD 🚀;Price > SMA20
2025-08-07T16:51:01.081297,DXCM,76.02,27.85,0.15,0.20,-41.97,-41.97,ADX ≥ 20.0;MACD 🚀;Price > SMA20
2025-08-07T16:51:12.849853,DASH,269.50,29.85,1.23,0.46,-23.08,-23.08,ADX ≥ 20.0;MACD 🚀;BB breakout;Price > SMA20
2025-08-07T16:51:19.538640,EBAY,92.83,20.72,0.13,0.14,-19.37,-19.37,ADX ≥ 20.0;MACD 🚀;Price > SMA20
2025-08-07T16:51:22.959323,EA,162.78,26.35,0.26,0.16,-8.71,-8.71,ADX ≥ 20.0;MACD 🚀;RSI 📈;Price > SMA20
2025-08-07T16:51:24.882681,ENPH,31.90,53.99,0.19,0.61,49.51,49.51,ADX ≥ 20.0;MACD 🚀;RSI 📈;ATR % ≥ 0.5%;Price > SMA20
2025-08-07T16:51:25.728594,ETR,90.52,31.47,0.12,0.13,6.74,6.74,ADX ≥ 20.0;MACD 🚀;Price > SMA20
2025-08-07T16:51:26.882342,EPAM,159.41,23.71,1.32,0.83,-10.89,-10.89,ADX ≥ 20.0;MACD 🚀;ATR % ≥ 0.5%;Price > SMA20
2025-08-07T16:51:32.248203,EQR,64.28,54.33,0.09,0.14,-5.85,-5.85,ADX ≥ 20.0;MACD 🚀;RSI 📈;Price > SMA20
2025-08-07T16:51:35.867733,EG,327.25,53.80,0.32,0.10,-14.49,-14.49,ADX ≥ 20.0;MACD 🚀;Price > SMA20
2025-08-07T16:51:37.875070,EXC,45.52,44.82,0.05,0.12,-10.73,-10.73,ADX ≥ 20.0;MACD 🚀;RSI 📈;Price > SMA20
2025-08-07T16:51:44.053362,EXR,138.05,39.34,0.19,0.14,-22.76,-22.76,ADX ≥ 20.0;MACD 🚀;RSI 📈;Price > SMA20
2025-08-07T16:52:01.916598,GRMN,227.21,32.60,0.40,0.18,-5.78,-5.78,ADX ≥ 20.0;MACD 🚀;Price > SMA20
2025-08-07T16:52:15.763907,GIS,50.08,69.61,0.08,0.16,6.92,6.92,ADX ≥ 20.0;MACD 🚀;RSI 📈;Price > SMA20
2025-08-07T16:52:18.105614,GPC,133.30,48.68,0.16,0.12,-15.57,-15.57,ADX ≥ 20.0;MACD 🚀;RSI 📈;Price > SMA20
2025-08-07T16:52:25.741109,GL,140.75,28.34,0.17,0.12,-28.80,-28.80,ADX ≥ 20.0;MACD 🚀;Price > SMA20
2025-08-07T16:52:35.351592,HSY,189.10,66.42,0.41,0.22,1.57,1.57,ADX ≥ 20.0;MACD 🚀;RSI 📈;Price > SMA20
2025-08-07T16:52:45.871913,HON,216.38,27.37,0.25,0.12,-0.05,-0.05,ADX ≥ 20.0;MACD 🚀;Price > SMA20
2025-08-07T16:52:46.610653,HRL,28.31,55.21,0.04,0.14,1.71,1.71,ADX ≥ 20.0;MACD 🚀;BB breakout;RSI 📈;Price > SMA20
2025-08-07T16:52:50.253299,HWM,179.93,20.51,0.46,0.26,-15.65,-15.65,ADX ≥ 20.0;MACD 🚀;Price > SMA20
2025-08-07T16:53:02.907612,PODD,286.86,64.85,1.68,0.58,-22.70,-22.70,ADX ≥ 20.0;MACD 🚀;ATR % ≥ 0.5%
2025-08-07T16:53:04.808565,IFF,65.16,42.37,0.17,0.26,9.23,9.23,ADX ≥ 20.0;MACD 🚀;RSI 📈;Price > SMA20
2025-08-07T16:53:19.442964,JKHY,165.34,49.58,0.22,0.13,8.30,8.30,ADX ≥ 20.0;MACD 🚀;Price > SMA20
2025-08-07T16:53:23.792664,K,79.99,47.42,0.02,0.03,6.54,6.54,ADX ≥ 20.0;MACD 🚀;RSI 📈;Price > SMA20
2025-08-07T16:53:24.664163,KVUE,21.84,46.43,0.06,0.27,-25.66,-25.66,ADX ≥ 20.0;MACD 🚀;RSI 📈;Price > SMA20
2025-08-07T16:53:29.657169,KDP,33.96,58.73,0.05,0.15,-3.58,-3.58,ADX ≥ 20.0;MACD 🚀;BB breakout;RSI 📈;Price > SMA20
2025-08-07T16:53:33.938561,KMB,137.35,39.58,0.20,0.15,-20.82,-20.82,ADX ≥ 20.0;MACD 🚀;RSI 📈;Price > SMA20
2025-08-07T16:53:39.698614,KHC,27.66,65.78,0.05,0.19,4.89,4.89,ADX ≥ 20.0;MACD 🚀;RSI 📈;Price > SMA20
2025-08-07T16:53:49.632925,LW,52.05,58.06,0.15,0.28,-30.02,-30.02,ADX ≥ 20.0;MACD 🚀;RSI 📈;Price > SMA20
2025-08-07T16:53:55.181095,LIN,470.20,34.44,0.45,0.10,-14.54,-14.54,ADX ≥ 20.0;MACD 🚀;Price > SMA20
2025-08-07T16:53:56.844762,LKQ,29.82,50.29,0.06,0.19,1.73,1.73,ADX ≥ 20.0;MACD 🚀;RSI 📈;Price > SMA20
2025-08-07T16:54:03.724565,LULU,191.69,31.98,0.49,0.25,-9.56,-9.56,ADX ≥ 20.0;MACD 🚀;Price > SMA20
2025-08-07T16:54:06.962447,MAR,261.40,32.39,0.44,0.17,7.70,7.70,ADX ≥ 20.0;MACD 🚀;Price > SMA20
2025-08-07T16:54:07.640519,MMC,202.70,43.53,0.29,0.14,-7.36,-7.36,ADX ≥ 20.0;MACD 🚀;BB breakout;Price > SMA20
2025-08-07T16:54:15.026214,MKC,70.01,51.64,0.09,0.13,0.03,0.03,ADX ≥ 20.0;MACD 🚀;BB breakout;RSI 📈;Price > SMA20
2025-08-07T16:54:15.954124,MCD,307.27,32.25,0.45,0.14,-4.52,-4.52,ADX ≥ 20.0;MACD 🚀;Price > SMA20
2025-08-07T16:54:16.908538,MCK,656.54,45.19,3.00,0.46,-23.79,-23.79,ADX ≥ 20.0;MACD 🚀;ATR14 ≥ 2.0;Price > SMA20
2025-08-07T16:54:18.959498,MDT,91.42,54.65,0.12,0.13,-6.72,-6.72,ADX ≥ 20.0;MACD 🚀;RSI 📈;Price > SMA20
2025-08-07T16:54:31.042371,MOH,156.67,42.27,0.48,0.31,4.23,4.23,ADX ≥ 20.0;MACD 🚀;RSI 📈;Price > SMA20
2025-08-07T16:54:31.850601,TAP,50.06,48.68,0.09,0.18,-22.40,-22.40,ADX ≥ 20.0;MACD 🚀;BB breakout;RSI 📈;Price > SMA20
2025-08-07T16:54:32.779156,MDLZ,62.46,40.01,0.08,0.12,11.47,11.47,ADX ≥ 20.0;MACD 🚀;BB breakout;RSI 📈;Price > SMA20
2025-08-07T16:54:34.248544,MNST,60.70,48.53,0.09,0.15,18.40,18.40,ADX ≥ 20.0;MACD 🚀;RSI 📈;Price > SMA20
2025-08-07T16:54:36.727805,MOS,31.57,56.20,0.10,0.31,2.87,2.87,ADX ≥ 20.0;MACD 🚀;BB breakout;RSI 📈;Price > SMA20
2025-08-07T16:54:41.392876,NFLX,1175.48,65.79,2.22,0.19,8.22,8.22,ADX ≥ 20.0;MACD 🚀;BB breakout;ATR14 ≥ 2.0;Price > SMA20
2025-08-07T16:54:42.657482,NWSA,29.30,35.69,0.05,0.17,2.85,2.85,ADX ≥ 20.0;MACD 🚀;BB breakout;RSI 📈;Price > SMA20
2025-08-07T16:54:43.421322,NWS,33.91,28.79,0.05,0.16,-10.81,-10.81,ADX ≥ 20.0;MACD 🚀;Price > SMA20
2025-08-07T16:54:46.526583,NEE,72.56,46.93,0.08,0.11,-25.31,-25.31,ADX ≥ 20.0;MACD 🚀;BB breakout;RSI 📈;Price > SMA20
2025-08-07T16:55:11.742294,ORLY,103.43,33.47,0.13,0.13,-20.05,-20.05,ADX ≥ 20.0;MACD 🚀;Price > SMA20
2025-08-07T16:55:17.147783,ODFL,147.06,37.82,0.35,0.24,3.53,3.53,ADX ≥ 20.0;MACD 🚀;Price > SMA20
2025-08-07T16:55:19.216527,OMC,72.89,38.45,0.12,0.16,-25.74,-25.74,ADX ≥ 20.0;MACD 🚀;Price > SMA20
2025-08-07T16:55:24.822396,OTIS,87.85,64.16,0.12,0.14,-27.83,-27.83,ADX ≥ 20.0;MACD 🚀;RSI 📈;Price > SMA20
2025-08-07T16:55:28.706544,PANW,166.81,44.21,0.50,0.30,-13.45,-13.45,ADX ≥ 20.0;MACD 🚀;BB breakout;Price > SMA20
2025-08-07T16:55:30.086217,PARA,0.00,22.69,0.04,inf,17.64,17.64,ADX ≥ 20.0;MACD 🚀;RSI 📈;ATR % ≥ 0.5%
2025-08-07T16:55:33.587294,PAYX,139.94,26.82,0.20,0.14,3.44,3.44,ADX ≥ 20.0;MACD 🚀;Price > SMA20
2025-08-07T16:55:43.121291,PEP,143.36,64.54,0.18,0.12,3.81,3.81,ADX ≥ 20.0;MACD 🚀;RSI 📈;Price > SMA20
2025-08-07T16:55:48.602152,PM,167.70,36.22,0.25,0.15,-6.89,-6.89,ADX ≥ 20.0;MACD 🚀;RSI 📈;Price > SMA20
2025-08-07T16:55:50.226585,PNW,94.38,43.78,0.14,0.15,-8.80,-8.80,ADX ≥ 20.0;MACD 🚀;RSI 📈;Price > SMA20
2025-08-07T16:55:51.362678,PNC,187.86,21.22,0.30,0.16,3.21,3.21,ADX ≥ 20.0;MACD 🚀;Price > SMA20
2025-08-07T16:55:54.509039,PPG,106.81,36.20,0.21,0.20,-20.88,-20.88,ADX ≥ 20.0;MACD 🚀;Price > SMA20
2025-08-07T16:55:58.784268,PG,153.80,48.24,0.15,0.10,6.62,6.62,ADX ≥ 20.0;MACD 🚀;RSI 📈;Price > SMA20
2025-08-07T16:55:59.808610,PGR,245.70,35.85,0.34,0.14,-21.88,-21.88,ADX ≥ 20.0;MACD 🚀;Price > SMA20
2025-08-07T16:56:13.816701,DGX,174.13,34.63,0.24,0.14,-30.90,-30.90,ADX ≥ 20.0;MACD 🚀;RSI 📈;Price > SMA20
2025-08-07T16:56:14.661142,RL,283.00,20.38,1.53,0.54,-1.26,-1.26,ADX ≥ 20.0;MACD 🚀;ATR % ≥ 0.5%;Price > SMA20
2025-08-07T16:56:21.536712,REGN,564.82,45.31,1.12,0.20,5.01,5.01,ADX ≥ 20.0;MACD 🚀;RSI 📈;Price > SMA20
2025-08-07T16:56:24.126358,RSG,234.90,26.99,0.28,0.12,-9.27,-9.27,ADX ≥ 20.0;MACD 🚀;BB breakout;Price > SMA20
2025-08-07T16:56:26.566422,ROL,58.59,24.78,0.07,0.11,-0.65,-0.65,ADX ≥ 20.0;MACD 🚀;Price > SMA20
2025-08-07T16:56:27.277602,ROP,539.06,45.43,0.67,0.13,2.90,2.90,ADX ≥ 20.0;MACD 🚀;BB breakout;Price > SMA20
2025-08-07T16:56:28.031207,ROST,145.38,22.86,0.22,0.15,-2.46,-2.46,ADX ≥ 20.0;MACD 🚀;Price > SMA20
2025-08-07T16:56:33.894211,SRE,83.06,51.26,0.32,0.38,6.51,6.51,ADX ≥ 20.0;MACD 🚀;RSI 📈;Price > SMA20
2025-08-07T16:56:34.744320,NOW,878.32,74.32,2.85,0.32,-9.92,-9.92,ADX ≥ 20.0;MACD 🚀;ATR14 ≥ 2.0
2025-08-07T16:56:41.662651,SJM,110.77,69.13,0.16,0.15,-1.99,-1.99,ADX ≥ 20.0;MACD 🚀;RSI 📈;Price > SMA20
2025-08-07T16:56:44.817683,SNA,322.26,30.89,0.35,0.11,-7.04,-7.04,ADX ≥ 20.0;MACD 🚀;Price > SMA20
2025-08-07T16:56:50.069691,SBUX,90.92,50.57,0.20,0.23,17.15,17.15,ADX ≥ 20.0;MACD 🚀;RSI 📈;Price > SMA20
2025-08-07T16:56:57.652076,SYY,80.33,34.02,0.12,0.15,-5.77,-5.77,ADX ≥ 20.0;MACD 🚀;RSI 📈;Price > SMA20
2025-08-07T16:56:58.592729,TMUS,241.29,40.42,0.29,0.12,-18.57,-18.57,ADX ≥ 20.0;MACD 🚀;BB breakout;RSI 📈;Price > SMA20
2025-08-07T16:57:00.386593,TTWO,224.25,45.76,0.35,0.15,-12.64,-12.64,ADX ≥ 20.0;MACD 🚀;BB breakout;Price > SMA20
2025-08-07T16:57:01.456695,TPR,107.59,23.47,0.27,0.25,-22.25,-22.25,ADX ≥ 20.0;MACD 🚀;Price > SMA20
2025-08-07T16:57:08.249149,TGT,105.10,21.76,0.19,0.18,-5.25,-5.25,ADX ≥ 20.0;MACD 🚀;Price > SMA20
2025-08-07T16:57:22.297911,TSCO,60.10,41.42,0.11,0.18,-0.33,-0.33,ADX ≥ 20.0;MACD 🚀;RSI 📈;Price > SMA20
2025-08-07T16:57:32.834716,TRMB,82.40,40.28,0.18,0.22,18.32,18.32,ADX ≥ 20.0;MACD 🚀;Price > SMA20
2025-08-07T16:57:34.377776,TYL,594.99,53.06,1.24,0.21,-17.07,-17.07,ADX ≥ 20.0;MACD 🚀;Price > SMA20
2025-08-07T16:57:35.318857,TSN,56.36,68.31,0.07,0.13,-18.28,-18.28,ADX ≥ 20.0;MACD 🚀;RSI 📈;Price > SMA20
2025-08-07T16:57:40.827657,UNP,223.06,25.07,0.38,0.17,13.66,13.66,ADX ≥ 20.0;MACD 🚀;Price > SMA20
2025-08-07T16:57:55.725912,VLTO,107.45,63.25,0.15,0.14,1.86,1.86,ADX ≥ 20.0;MACD 🚀;Price > SMA20
2025-08-07T16:58:03.035569,VZ,42.84,59.01,0.05,0.11,-11.52,-11.52,ADX ≥ 20.0;MACD 🚀;RSI 📈;Price > SMA20
2025-08-07T16:58:11.607608,WRB,69.95,22.07,0.10,0.15,-3.10,-3.10,ADX ≥ 20.0;MACD 🚀;Price > SMA20
2025-08-07T16:58:13.673939,WBA,11.88,93.23,0.01,0.07,-6.60,-6.60,ADX ≥ 20.0;MACD 🚀;BB breakout;RSI 📈;Price > SMA20
2025-08-07T16:58:14.676632,WMT,102.50,24.81,0.14,0.13,9.75,9.75,ADX ≥ 20.0;MACD 🚀;BB breakout;Price > SMA20
2025-08-07T16:58:21.496476,WM,232.47,24.16,0.26,0.11,-30.79,-30.79,ADX ≥ 20.0;MACD 🚀;BB breakout;RSI 📈;Price > SMA20
2025-08-07T16:58:30.194395,WTW,324.98,43.76,0.53,0.16,-33.99,-33.99,ADX ≥ 20.0;MACD 🚀;BB breakout;RSI 📈;Price > SMA20
2025-08-07T16:58:41.450332,ZBRA,313.29,35.78,0.67,0.21,10.47,10.47,ADX ≥ 20.0;MACD 🚀;Price > SMA20
2025-08-07T16:58:42.396375,ZBH,97.82,22.91,0.36,0.37,-6.21,-6.21,ADX ≥ 20.0;MACD 🚀;Price > SMA20
2025-08-07T16:58:58.118777,ACN,241.66,59.30,0.66,0.27,-10.86,-10.86,ADX ≥ 20.0;MACD 🚀;BB breakout;Price > SMA20
2025-08-07T16:59:02.238183,ADBE,335.98,69.80,1.02,0.30,-20.26,-20.26,ADX ≥ 20.0;MACD 🚀;Price > SMA20
2025-08-07T16:59:06.585016,AFL,101.82,40.57,0.18,0.17,-9.45,-9.45,ADX ≥ 20.0;MACD 🚀;BB breakout;Price > SMA20
2025-08-07T16:59:11.880796,AKAM,73.61,35.14,0.16,0.21,1.28,1.28,ADX ≥ 20.0;MACD 🚀;RSI 📈;Price > SMA20
2025-08-07T16:59:19.260183,MO,63.32,43.24,0.06,0.10,0.63,0.63,ADX ≥ 20.0;MACD 🚀;Price > SMA20
2025-08-07T16:59:20.339099,AMZN,222.91,42.84,0.48,0.22,-10.07,-10.07,ADX ≥ 20.0;MACD 🚀;Price > SMA20
2025-08-07T16:59:24.760639,AXP,291.71,22.92,0.56,0.19,15.46,15.46,ADX ≥ 20.0;MACD 🚀;Price > SMA20
2025-08-07T16:59:38.478455,ACGL,88.27,35.83,0.14,0.16,-20.00,-20.00,ADX ≥ 20.0;MACD 🚀;BB breakout;RSI 📈;Price > SMA20
2025-08-07T16:59:42.475318,AIZ,202.93,33.95,0.44,0.22,-18.95,-18.95,ADX ≥ 20.0;MACD 🚀;Price > SMA20
2025-08-07T16:59:47.869972,ADP,303.23,38.96,0.43,0.14,-6.31,-6.31,ADX ≥ 20.0;MACD 🚀;Price > SMA20
2025-08-07T16:59:49.751531,AZO,4031.88,38.34,10.62,0.26,13.14,13.14,ADX ≥ 20.0;MACD 🚀;ATR14 ≥ 2.0
2025-08-07T17:00:00.506296,BRK-B,0.00,38.31,0.65,inf,-11.18,-11.18,ADX ≥ 20.0;MACD 🚀;ATR % ≥ 0.5%
2025-08-07T17:00:11.817184,BR,264.93,41.72,0.71,0.27,2.61,2.61,ADX ≥ 20.0;MACD 🚀;Price > SMA20
2025-08-07T17:00:13.660740,BRO,92.34,29.04,0.15,0.16,-25.00,-25.00,ADX ≥ 20.0;MACD 🚀;RSI 📈;Price > SMA20
2025-08-07T17:00:28.871096,KMX,55.52,28.92,0.12,0.22,-1.76,-1.76,ADX ≥ 20.0;MACD 🚀;Price > SMA20
2025-08-07T17:00:37.736444,COR,277.15,36.02,0.62,0.22,-6.32,-6.32,ADX ≥ 20.0;MACD 🚀;Price > SMA20
2025-08-07T17:00:46.298572,CB,267.77,31.65,0.41,0.15,-7.69,-7.69,ADX ≥ 20.0;MACD 🚀;Price > SMA20
2025-08-07T17:00:48.145332,CINF,151.40,33.85,0.23,0.15,-7.75,-7.75,ADX ≥ 20.0;MACD 🚀;Price > SMA20
2025-08-07T17:00:49.003257,CTAS,223.87,38.58,0.28,0.13,19.37,19.37,ADX ≥ 20.0;MACD 🚀;Price > SMA20
2025-08-07T17:00:53.972844,CLX,126.17,42.07,0.15,0.12,-12.83,-12.83,ADX ≥ 20.0;MACD 🚀;RSI 📈;Price > SMA20
2025-08-07T17:00:57.969933,KO,70.38,53.47,0.08,0.11,1.77,1.77,ADX ≥ 20.0;MACD 🚀;RSI 📈;Price > SMA20
2025-08-07T17:00:58.710341,CTSH,69.65,47.93,0.12,0.17,-16.28,-16.28,ADX ≥ 20.0;MACD 🚀;Price > SMA20
2025-08-07T17:01:01.640299,CMCSA,31.98,40.97,0.05,0.15,-7.28,-7.28,ADX ≥ 20.0;MACD 🚀;Price > SMA20
2025-08-07T17:01:09.776961,CPRT,46.43,35.56,0.10,0.21,2.20,2.20,ADX ≥ 20.0;MACD 🚀;Price > SMA20
2025-08-07T17:01:13.423449,CPAY,305.05,53.80,1.61,0.53,-11.72,-11.72,ADX ≥ 20.0;MACD 🚀;ATR % ≥ 0.5%
2025-08-07T17:01:17.733481,COST,975.78,35.32,1.24,0.13,1.28,1.28,ADX ≥ 20.0;MACD 🚀;Price > SMA20
2025-08-07T17:01:28.117042,CVS,63.01,33.51,0.08,0.13,-29.90,-29.90,ADX ≥ 20.0;MACD 🚀;RSI 📈;Price > SMA20
2025-08-07T17:01:35.418392,DECK,101.91,23.80,0.25,0.25,-12.08,-12.08,ADX ≥ 20.0;MACD 🚀;Price > SMA20
2025-08-07T17:01:43.035829,DLR,170.54,25.94,0.28,0.16,12.79,12.79,ADX ≥ 20.0;MACD 🚀;Price > SMA20
2025-08-07T17:01:46.531766,DLTR,116.48,23.83,0.16,0.13,7.71,7.71,ADX ≥ 20.0;MACD 🚀;RSI 📈;Price > SMA20
2025-08-07T17:01:50.149901,DPZ,441.58,25.33,0.68,0.15,28.84,28.84,ADX ≥ 20.0;MACD 🚀;Price > SMA20
2025-08-07T17:01:50.927123,DASH,269.96,24.07,1.16,0.43,-17.42,-17.42,ADX ≥ 20.0;MACD 🚀;Price > SMA20
2025-08-07T17:02:00.466959,ECL,269.27,24.85,0.30,0.11,4.03,4.03,ADX ≥ 20.0;MACD 🚀;Price > SMA20
2025-08-07T17:02:06.810330,EA,162.76,28.13,0.24,0.15,-27.38,-27.38,ADX ≥ 20.0;MACD 🚀;RSI 📈;Price > SMA20
2025-08-07T17:02:12.893650,EPAM,159.34,25.45,1.27,0.80,-27.72,-27.72,ADX ≥ 20.0;MACD 🚀;ATR % ≥ 0.5%;Price > SMA20
2025-08-07T17:02:23.694947,EG,327.62,44.23,0.35,0.11,-13.90,-13.90,ADX ≥ 20.0;MACD 🚀;Price > SMA20
2025-08-07T17:02:32.993976,FICO,1353.23,35.25,2.87,0.21,9.90,9.90,ADX ≥ 20.0;MACD 🚀;ATR14 ≥ 2.0
2025-08-07T17:02:51.711750,GRMN,227.62,28.04,0.38,0.17,0.20,0.20,ADX ≥ 20.0;MACD 🚀;Price > SMA20
2025-08-07T17:02:53.161701,IT,232.56,47.90,1.18,0.51,-16.05,-16.05,ADX ≥ 20.0;MACD 🚀;ATR % ≥ 0.5%
2025-08-07T17:02:55.088509,GEV,647.65,54.52,2.04,0.32,18.42,18.42,ADX ≥ 20.0;MACD 🚀;ATR14 ≥ 2.0
2025-08-07T17:02:57.970306,GEN,28.05,39.08,0.06,0.22,11.94,11.94,ADX ≥ 20.0;MACD 🚀;Price > SMA20
2025-08-07T17:03:11.002356,GL,140.70,26.87,0.24,0.17,23.84,23.84,ADX ≥ 20.0;MACD 🚀;Price > SMA20
2025-08-07T17:03:29.901777,HON,216.48,24.19,0.27,0.13,16.74,16.74,ADX ≥ 20.0;MACD 🚀;Price > SMA20
2025-08-07T17:04:00.530853,HRL,28.27,67.55,0.04,0.14,20.24,20.24,ADX ≥ 20.0;MACD 🚀;RSI 📈;Price > SMA20
2025-08-07T17:04:08.519306,IBM,252.44,50.51,0.33,0.13,-9.61,-9.61,ADX ≥ 20.0;MACD 🚀;Price > SMA20
2025-08-07T17:04:17.034200,PODD,288.39,58.93,1.63,0.56,-16.11,-16.11,ADX ≥ 20.0;MACD 🚀;ATR % ≥ 0.5%
2025-08-07T17:04:49.559075,KR,73.78,28.26,0.08,0.11,4.27,4.27,ADX ≥ 20.0;MACD 🚀;Price > SMA20
2025-08-07T17:04:57.668200,LYV,148.07,30.48,0.43,0.29,8.27,8.27,ADX ≥ 20.0;MACD 🚀;Price > SMA20
2025-08-07T17:05:09.247403,MAR,261.55,26.27,0.50,0.19,17.95,17.95,ADX ≥ 20.0;MACD 🚀;Price > SMA20
2025-08-07T17:05:17.212321,MCK,657.18,35.32,2.37,0.36,-22.13,-22.13,ADX ≥ 20.0;MACD 🚀;ATR14 ≥ 2.0;Price > SMA20
2025-08-07T17:06:27.315532,MOS,31.73,57.04,0.09,0.29,-8.74,-8.74,ADX ≥ 20.0;MACD 🚀;BB breakout;RSI 📈;Price > SMA20
2025-08-07T17:06:32.209972,NFLX,1176.49,54.03,2.15,0.18,5.66,5.66,ADX ≥ 20.0;MACD 🚀;ATR14 ≥ 2.0;Price > SMA20
2025-08-07T17:07:06.551423,PANW,167.03,42.37,0.52,0.31,-2.46,-2.46,ADX ≥ 20.0;MACD 🚀;BB breakout;Price > SMA20
2025-08-07T17:07:07.396941,PARA,0.00,22.69,0.04,inf,17.64,17.64,ADX ≥ 20.0;MACD 🚀;RSI 📈;ATR % ≥ 0.5%
2025-08-07T17:07:59.953982,RSG,234.78,24.30,0.29,0.13,0.68,0.68,ADX ≥ 20.0;MACD 🚀;Price > SMA20
2025-08-07T17:08:13.703322,NOW,879.85,66.04,3.15,0.36,5.02,5.02,ADX ≥ 20.0;MACD 🚀;BB breakout;ATR14 ≥ 2.0;Price > SMA20
2025-08-07T17:08:39.873946,TTWO,224.32,40.15,0.40,0.18,8.79,8.79,ADX ≥ 20.0;MACD 🚀;Price > SMA20
2025-08-07T17:08:40.597246,TPR,107.61,23.91,0.26,0.24,-15.94,-15.94,ADX ≥ 20.0;MACD 🚀;Price > SMA20
2025-08-07T17:08:50.090966,TKO,159.90,32.21,0.54,0.34,-3.30,-3.30,ADX ≥ 20.0;MACD 🚀;BB breakout;Price > SMA20
2025-08-07T17:08:55.393948,TRMB,82.39,35.13,0.19,0.23,32.30,32.30,ADX ≥ 20.0;MACD 🚀;Price > SMA20
2025-08-07T17:08:56.661577,TYL,594.55,46.39,1.03,0.17,-52.57,-52.57,ADX ≥ 20.0;MACD 🚀;Price > SMA20
2025-08-07T17:09:29.589378,WMT,102.67,23.74,0.14,0.14,13.88,13.88,ADX ≥ 20.0;MACD 🚀;BB breakout;RSI 📈;Price > SMA20
2025-08-07T17:09:38.289586,WTW,324.10,42.78,0.58,0.18,-16.70,-16.70,ADX ≥ 20.0;MACD 🚀;Price > SMA20
2025-08-07T17:10:26.148681,ACN,241.52,43.57,0.57,0.24,-28.21,-28.21,ADX ≥ 20.0;MACD 🚀;Price > SMA20
2025-08-07T17:10:29.757457,AMD,171.78,44.73,1.22,0.71,72.68,72.68,ADX ≥ 20.0;MACD 🚀;ATR % ≥ 0.5%
2025-08-07T17:10:34.510705,ABNB,118.87,47.31,1.15,0.97,123.08,123.08,ADX ≥ 20.0;MACD 🚀;ATR % ≥ 0.5%
2025-08-07T17:11:21.441477,ACGL,88.19,33.35,0.25,0.28,59.08,59.08,ADX ≥ 20.0;MACD 🚀;Price > SMA20
2025-08-07T17:11:37.572419,ADSK,292.00,63.29,1.65,0.57,82.86,82.86,ADX ≥ 20.0;MACD 🚀;ATR % ≥ 0.5%
2025-08-07T17:11:39.705846,AZO,4031.88,38.34,10.62,0.26,13.14,13.14,ADX ≥ 20.0;MACD 🚀;ATR14 ≥ 2.0
2025-08-07T17:11:55.640818,BRK-B,0.00,32.24,0.64,inf,-14.75,-14.75,ADX ≥ 20.0;MACD 🚀;ATR % ≥ 0.5%
2025-08-07T17:12:30.991181,BR,264.67,29.27,0.63,0.24,0.77,0.77,ADX ≥ 20.0;MACD 🚀;Price > SMA20
2025-08-07T17:13:03.422699,COR,277.24,28.36,0.59,0.21,-12.00,-12.00,ADX ≥ 20.0;MACD 🚀;Price > SMA20
2025-08-07T17:14:01.374979,CPRT,46.36,33.43,0.15,0.33,56.15,56.15,ADX ≥ 20.0;MACD 🚀;Price > SMA20
2025-08-07T17:14:11.533515,COST,976.35,33.41,1.74,0.18,46.64,46.64,ADX ≥ 20.0;MACD 🚀;RSI 📈;Price > SMA20
2025-08-07T17:14:15.977922,CRWD,427.42,65.54,3.19,0.75,78.66,78.66,ADX ≥ 20.0;MACD 🚀;ATR14 ≥ 2.0;ATR % ≥ 0.5%
2025-08-07T17:14:30.833293,DECK,101.76,21.24,0.24,0.23,-10.32,-10.32,ADX ≥ 20.0;MACD 🚀;Price > SMA20
2025-08-07T17:14:43.576703,DLTR,116.44,26.75,0.16,0.14,10.54,10.54,ADX ≥ 20.0;MACD 🚀;Price > SMA20
2025-08-07T17:14:47.832488,DASH,269.56,32.24,1.87,0.69,45.22,45.22,ADX ≥ 20.0;MACD 🚀;ATR % ≥ 0.5%;Price > SMA20
2025-08-07T17:16:09.965935,FICO,1351.33,32.08,2.94,0.22,-27.15,-27.15,ADX ≥ 20.0;MACD 🚀;ATR14 ≥ 2.0
2025-08-07T17:16:21.469632,FSLR,188.47,28.04,0.75,0.40,46.04,46.04,ADX ≥ 20.0;MACD 🚀;Price > SMA20
2025-08-07T17:16:24.201162,FTNT,71.94,27.86,2.17,3.02,136.80,136.80,ADX ≥ 20.0;MACD 🚀;ATR14 ≥ 2.0;ATR % ≥ 0.5%
2025-08-07T17:16:34.610904,GRMN,227.52,26.38,0.39,0.17,-1.26,-1.26,ADX ≥ 20.0;MACD 🚀;Price > SMA20
2025-08-07T17:17:40.524632,HON,216.34,28.84,0.47,0.22,68.93,68.93,ADX ≥ 20.0;MACD 🚀;Price > SMA20
2025-08-07T17:17:44.496859,HWM,180.67,20.82,0.40,0.22,-12.52,-12.52,ADX ≥ 20.0;MACD 🚀;RSI 📈;Price > SMA20
2025-08-07T17:18:00.091765,IBM,252.44,39.80,0.34,0.14,-0.31,-0.31,ADX ≥ 20.0;MACD 🚀;Price > SMA20
2025-08-07T17:18:03.141995,IDXX,642.13,55.63,3.61,0.56,112.37,112.37,ADX ≥ 20.0;MACD 🚀;ATR14 ≥ 2.0;ATR % ≥ 0.5%;Price > SMA20
2025-08-07T17:18:08.740903,PODD,289.95,52.37,2.16,0.75,27.38,27.38,ADX ≥ 20.0;MACD 🚀;ATR14 ≥ 2.0;ATR % ≥ 0.5%;Price > SMA20
2025-08-07T17:18:10.137928,ICE,187.89,21.07,0.21,0.11,1.98,1.98,ADX ≥ 20.0;MACD 🚀;Price > SMA20
2025-08-07T17:18:16.783491,INTU,764.31,58.05,2.38,0.31,49.87,49.87,ADX ≥ 20.0;MACD 🚀;ATR14 ≥ 2.0
2025-08-07T17:19:03.787002,KLAC,910.37,29.60,4.67,0.51,100.46,100.46,ADX ≥ 20.0;MACD 🚀;ATR14 ≥ 2.0;ATR % ≥ 0.5%;Price > SMA20
2025-08-07T17:19:07.282752,KR,73.89,39.23,0.08,0.10,11.25,11.25,ADX ≥ 20.0;MACD 🚀;RSI 📈;Price > SMA20
2025-08-07T17:19:08.139590,LHX,273.90,56.62,0.36,0.13,-2.49,-2.49,ADX ≥ 20.0;MACD 🚀;RSI 📈;Price > SMA20
2025-08-07T17:19:52.583654,MLM,601.50,28.11,1.58,0.26,-7.76,-7.76,ADX ≥ 20.0;MACD 🚀;Price > SMA20
2025-08-07T17:20:00.497873,MCK,658.01,28.54,2.23,0.34,-46.62,-46.62,ADX ≥ 20.0;MACD 🚀;ATR14 ≥ 2.0;Price > SMA20
2025-08-07T17:20:12.128609,MU,111.77,34.22,0.49,0.44,48.70,48.70,ADX ≥ 20.0;MACD 🚀;Price > SMA20
2025-08-07T17:20:26.893889,MOS,31.79,57.17,0.09,0.29,-6.74,-6.74,ADX ≥ 20.0;MACD 🚀;RSI 📈;Price > SMA20
2025-08-07T17:20:36.145383,NFLX,1175.54,42.37,2.18,0.19,3.90,3.90,ADX ≥ 20.0;MACD 🚀;ATR14 ≥ 2.0;Price > SMA20
2025-08-07T17:20:51.572698,ORLY,103.33,23.25,0.24,0.23,69.97,69.97,ADX ≥ 20.0;MACD 🚀;Price > SMA20
2025-08-07T17:21:01.492175,PANW,166.73,53.55,0.89,0.54,62.84,62.84,ADX ≥ 20.0;MACD 🚀;ATR % ≥ 0.5%;Price > SMA20
2025-08-07T17:21:03.435894,PARA,0.00,22.69,0.04,inf,17.64,17.64,ADX ≥ 20.0;MACD 🚀;RSI 📈;ATR % ≥ 0.5%
2025-08-07T17:21:18.942815,PNC,187.62,20.02,0.30,0.16,2.30,2.30,ADX ≥ 20.0;MACD 🚀;Price > SMA20
2025-08-07T17:21:27.940355,PGR,245.54,23.61,0.35,0.14,-4.17,-4.17,ADX ≥ 20.0;MACD 🚀;Price > SMA20
2025-08-07T17:21:43.259817,RTX,154.27,33.87,0.20,0.13,7.97,7.97,ADX ≥ 20.0;MACD 🚀;Price > SMA20
2025-08-07T17:21:54.332943,RSG,235.02,28.76,0.23,0.10,-14.33,-14.33,ADX ≥ 20.0;MACD 🚀;BB breakout;RSI 📈;Price > SMA20
2025-08-07T17:22:07.024260,SBAC,221.30,27.79,0.45,0.21,21.33,21.33,ADX ≥ 20.0;MACD 🚀;Price > SMA20
2025-08-07T17:22:12.567585,SHW,349.45,23.14,0.50,0.14,-0.59,-0.59,ADX ≥ 20.0;MACD 🚀;Price > SMA20
2025-08-07T17:22:42.668149,SYY,80.38,48.47,0.11,0.14,-23.40,-23.40,ADX ≥ 20.0;MACD 🚀;BB breakout;RSI 📈;Price > SMA20
2025-08-07T17:22:43.467505,TMUS,241.40,38.13,0.39,0.16,31.24,31.24,ADX ≥ 20.0;MACD 🚀;BB breakout;RSI 📈;Price > SMA20
2025-08-07T17:22:59.270678,TXT,77.24,53.38,0.11,0.14,8.07,8.07,ADX ≥ 20.0;MACD 🚀;Price > SMA20
2025-08-07T17:23:10.310418,TRMB,82.48,32.40,0.33,0.40,70.14,70.14,ADX ≥ 20.0;MACD 🚀;Price > SMA20
2025-08-07T17:23:14.554532,TYL,594.97,41.85,0.88,0.15,-61.47,-61.47,ADX ≥ 20.0;MACD 🚀;Price > SMA20
2025-08-07T17:23:15.917585,USB,44.20,23.28,0.07,0.16,13.16,13.16,ADX ≥ 20.0;MACD 🚀;Price > SMA20
2025-08-07T17:23:16.865648,UBER,90.62,32.02,0.30,0.33,-5.87,-5.87,ADX ≥ 20.0;MACD 🚀;RSI 📈;Price > SMA20
2025-08-07T17:23:24.374147,VLTO,107.40,45.16,0.16,0.15,11.83,11.83,ADX ≥ 20.0;MACD 🚀;Price > SMA20
2025-08-07T17:23:33.580516,VST,204.71,34.34,1.22,0.59,-13.60,-13.60,ADX ≥ 20.0;MACD 🚀;ATR % ≥ 0.5%
2025-08-07T17:23:34.834176,VMC,282.22,27.59,0.59,0.21,10.90,10.90,ADX ≥ 20.0;MACD 🚀;Price > SMA20
2025-08-07T17:23:40.739638,WMT,102.77,29.05,0.14,0.13,-2.43,-2.43,ADX ≥ 20.0;MACD 🚀;RSI 📈;Price > SMA20
2025-08-07T17:23:43.058086,WM,232.38,20.79,0.21,0.09,-25.40,-25.40,ADX ≥ 20.0;MACD 🚀;Price > SMA20
2025-08-07T17:23:48.784968,WDC,74.25,34.65,0.19,0.26,7.11,7.11,ADX ≥ 20.0;MACD 🚀;Price > SMA20
2025-08-07T17:23:51.587609,WTW,324.50,37.05,0.53,0.16,7.91,7.91,ADX ≥ 20.0;MACD 🚀;Price > SMA20
2025-08-07T17:24:13.642451,AMD,172.14,51.41,1.29,0.75,74.25,74.25,ADX ≥ 20.0;MACD 🚀;ATR % ≥ 0.5%
2025-08-07T17:24:16.311021,AFL,101.76,27.12,0.16,0.16,-15.40,-15.40,ADX ≥ 20.0;MACD 🚀;Price > SMA20
2025-08-07T17:24:34.247844,MO,63.31,46.14,0.06,0.10,-4.10,-4.10,ADX ≥ 20.0;MACD 🚀;Price > SMA20
2025-08-07T17:24:55.884445,AMAT,183.07,31.17,0.69,0.38,76.56,76.56,ADX ≥ 20.0;MACD 🚀;Price > SMA20
2025-08-07T17:24:57.280211,ACGL,88.19,36.42,0.24,0.27,64.05,64.05,ADX ≥ 20.0;MACD 🚀;Price > SMA20
2025-08-07T17:25:18.776261,AZO,4018.26,39.46,11.00,0.27,17.12,17.12,ADX ≥ 20.0;MACD 🚀;ATR14 ≥ 2.0
2025-08-07T17:25:31.498061,BRK-B,0.00,25.70,0.59,inf,-24.04,-24.04,ADX ≥ 20.0;MACD 🚀;ATR % ≥ 0.5%
2025-08-07T17:25:48.942391,BA,225.16,27.90,0.36,0.16,0.67,0.67,ADX ≥ 20.0;MACD 🚀;Price > SMA20
2025-08-07T17:25:55.560184,AVGO,303.85,30.22,0.93,0.30,-6.58,-6.58,ADX ≥ 20.0;MACD 🚀;Price > SMA20
2025-08-07T17:25:56.407124,BR,265.30,23.72,0.60,0.23,-0.06,-0.06,ADX ≥ 20.0;MACD 🚀;Price > SMA20
2025-08-07T17:26:23.648359,CAH,152.11,28.59,0.28,0.19,-28.83,-28.83,ADX ≥ 20.0;MACD 🚀;BB breakout;Price > SMA20
2025-08-07T17:26:33.326356,CAT,415.38,28.32,0.93,0.22,-27.89,-27.89,ADX ≥ 20.0;MACD 🚀;BB breakout
2025-08-07T17:26:41.870922,COR,277.44,25.76,0.55,0.20,-21.06,-21.06,ADX ≥ 20.0;MACD 🚀;Price > SMA20
2025-08-07T17:27:03.012747,CINF,151.34,34.83,0.39,0.26,62.68,62.68,ADX ≥ 20.0;MACD 🚀;Price > SMA20
2025-08-07T17:27:03.997864,CTAS,223.81,23.16,0.35,0.16,20.28,20.28,ADX ≥ 20.0;MACD 🚀;Price > SMA20
2025-08-07T17:27:05.807713,CSCO,69.61,26.36,0.12,0.18,3.57,3.57,ADX ≥ 20.0;MACD 🚀;Price > SMA20
2025-08-07T17:27:14.982921,CME,282.79,33.40,0.34,0.12,10.64,10.64,ADX ≥ 20.0;MACD 🚀;RSI 📈;Price > SMA20
2025-08-07T17:27:22.211418,COIN,311.18,49.07,2.06,0.66,26.94,26.94,ADX ≥ 20.0;MACD 🚀;ATR14 ≥ 2.0;ATR % ≥ 0.5%
2025-08-07T17:27:30.681611,CAG,19.23,53.70,0.04,0.21,0.08,0.08,ADX ≥ 20.0;MACD 🚀;BB breakout;RSI 📈;Price > SMA20
2025-08-07T17:27:39.211032,COO,68.46,30.57,0.13,0.19,30.65,30.65,ADX ≥ 20.0;MACD 🚀;Price > SMA20
2025-08-07T17:27:53.851951,CPAY,303.21,28.37,1.59,0.52,-34.80,-34.80,ADX ≥ 20.0;MACD 🚀;ATR % ≥ 0.5%
2025-08-07T17:27:57.364713,COST,976.81,27.06,1.64,0.17,22.76,22.76,ADX ≥ 20.0;MACD 🚀;Price > SMA20
2025-08-07T17:28:09.321315,CVS,63.01,31.15,0.08,0.13,-4.99,-4.99,ADX ≥ 20.0;MACD 🚀;Price > SMA20
2025-08-07T17:28:25.361707,DLTR,116.51,36.20,0.15,0.13,-18.90,-18.90,ADX ≥ 20.0;MACD 🚀;RSI 📈;Price > SMA20
2025-08-07T17:28:35.985106,DOW,21.65,46.67,0.07,0.31,4.96,4.96,ADX ≥ 20.0;MACD 🚀;Price > SMA20
2025-08-07T17:29:23.357032,EXC,45.45,58.54,0.08,0.17,43.51,43.51,ADX ≥ 20.0;MACD 🚀;Price > SMA20
2025-08-07T17:29:27.593189,EXPD,118.12,26.63,0.18,0.15,-20.02,-20.02,ADX ≥ 20.0;MACD 🚀;Price > SMA20
2025-08-07T17:29:40.531480,FAST,47.04,26.53,0.10,0.21,16.47,16.47,ADX ≥ 20.0;MACD 🚀;Price > SMA20
2025-08-07T17:29:53.787042,FSLR,188.25,33.51,0.72,0.38,35.69,35.69,ADX ≥ 20.0;MACD 🚀;Price > SMA20
2025-08-07T17:29:56.986358,F,11.21,42.37,0.03,0.22,10.53,10.53,ADX ≥ 20.0;MACD 🚀;Price > SMA20
2025-08-07T17:30:05.980624,GRMN,227.42,30.47,0.40,0.17,-19.76,-19.76,ADX ≥ 20.0;MACD 🚀;Price > SMA20
2025-08-07T17:30:08.450845,IT,233.34,39.95,0.88,0.38,-25.17,-25.17,ADX ≥ 20.0;MACD 🚀;Price > SMA20
2025-08-07T17:30:24.381661,GILD,110.17,63.94,0.25,0.23,3.75,3.75,ADX ≥ 20.0;MACD 🚀;RSI 📈;Price > SMA20
2025-08-07T17:30:26.673488,GL,140.88,20.25,0.23,0.16,-20.44,-20.44,ADX ≥ 20.0;MACD 🚀;Price > SMA20
2025-08-07T17:30:47.972886,HSY,189.69,85.26,0.33,0.17,-22.12,-22.12,ADX ≥ 20.0;MACD 🚀;BB breakout;RSI 📈;Price > SMA20
2025-08-07T17:30:51.707414,HOLX,67.86,56.34,0.14,0.20,50.89,50.89,ADX ≥ 20.0;MACD 🚀;RSI 📈;Price > SMA20
2025-08-07T17:30:56.776526,HON,216.47,40.55,0.46,0.21,58.75,58.75,ADX ≥ 20.0;MACD 🚀;Price > SMA20
2025-08-07T17:30:59.229605,HRL,28.35,80.21,0.04,0.14,-12.53,-12.53,ADX ≥ 20.0;MACD 🚀;RSI 📈;Price > SMA20
2025-08-07T17:31:00.911305,HWM,180.75,26.67,0.36,0.20,-24.11,-24.11,ADX ≥ 20.0;MACD 🚀;RSI 📈;Price > SMA20
2025-08-07T17:31:07.943311,HUM,254.89,23.99,0.59,0.23,-0.43,-0.43,ADX ≥ 20.0;MACD 🚀;Price > SMA20
2025-08-07T17:31:09.790593,HII,264.21,31.66,0.38,0.14,-0.14,-0.14,ADX ≥ 20.0;MACD 🚀;Price > SMA20
2025-08-07T17:31:10.972709,IBM,252.33,26.34,0.35,0.14,-10.73,-10.73,ADX ≥ 20.0;MACD 🚀;Price > SMA20
2025-08-07T17:31:13.911430,IDXX,642.94,49.81,3.72,0.58,105.30,105.30,ADX ≥ 20.0;MACD 🚀;ATR14 ≥ 2.0;ATR % ≥ 0.5%;Price > SMA20
2025-08-07T17:31:18.526478,PODD,292.55,47.40,2.29,0.78,44.03,44.03,ADX ≥ 20.0;MACD 🚀;RSI 📈;ATR14 ≥ 2.0;ATR % ≥ 0.5%;Price > SMA20
2025-08-07T17:31:21.032190,IP,47.95,31.90,0.09,0.19,1.47,1.47,ADX ≥ 20.0;MACD 🚀;Price > SMA20
2025-08-07T17:31:23.896717,ISRG,465.88,37.84,1.46,0.31,56.78,56.78,ADX ≥ 20.0;MACD 🚀;Price > SMA20
2025-08-07T17:31:40.475974,KVUE,21.89,54.29,0.07,0.33,12.21,12.21,ADX ≥ 20.0;MACD 🚀;RSI 📈;Price > SMA20
2025-08-07T17:31:44.705986,KMI,27.04,30.24,0.04,0.15,11.97,11.97,ADX ≥ 20.0;MACD 🚀;Price > SMA20
2025-08-07T17:31:46.737106,KLAC,910.46,34.17,4.57,0.50,96.37,96.37,ADX ≥ 20.0;MACD 🚀;ATR14 ≥ 2.0;ATR % ≥ 0.5%;Price > SMA20
2025-08-07T17:31:48.788135,KHC,27.65,54.84,0.07,0.26,36.87,36.87,ADX ≥ 20.0;MACD 🚀;RSI 📈;Price > SMA20
2025-08-07T17:31:49.619114,KR,74.05,49.52,0.09,0.12,-2.36,-2.36,ADX ≥ 20.0;MACD 🚀;BB breakout;RSI 📈;Price > SMA20
2025-08-07T17:31:55.866046,LHX,273.87,53.63,0.34,0.12,-6.68,-6.68,ADX ≥ 20.0;MACD 🚀;Price > SMA20
2025-08-07T17:32:21.680357,MKC,70.08,81.91,0.09,0.13,-14.80,-14.80,ADX ≥ 20.0;MACD 🚀;BB breakout;RSI 📈;Price > SMA20
2025-08-07T17:32:24.501213,MCK,661.07,22.46,2.07,0.31,-31.64,-31.64,ADX ≥ 20.0;MACD 🚀;BB breakout;RSI 📈;ATR14 ≥ 2.0;Price > SMA20
2025-08-07T17:32:27.745281,MDT,91.51,57.87,0.12,0.13,6.33,6.33,ADX ≥ 20.0;MACD 🚀;RSI 📈;Price > SMA20
2025-08-07T17:32:38.742719,MU,111.83,38.07,0.53,0.47,55.27,55.27,ADX ≥ 20.0;MACD 🚀;Price > SMA20
2025-08-07T17:32:46.867778,MDLZ,62.48,49.32,0.10,0.16,24.36,24.36,ADX ≥ 20.0;MACD 🚀;RSI 📈;Price > SMA20
2025-08-07T17:33:17.176937,NRG,152.35,21.68,0.48,0.32,-9.06,-9.06,ADX ≥ 20.0;MACD 🚀;BB breakout;RSI 📈;Price > SMA20
2025-08-07T17:33:20.786832,ORLY,103.39,25.70,0.24,0.23,54.46,54.46,ADX ≥ 20.0;MACD 🚀;Price > SMA20
2025-08-07T17:33:25.838347,OKE,76.20,27.50,0.13,0.18,11.11,11.11,ADX ≥ 20.0;MACD 🚀;Price > SMA20
2025-08-07T17:33:31.239980,PKG,194.57,31.25,0.33,0.17,0.92,0.92,ADX ≥ 20.0;MACD 🚀;Price > SMA20
2025-08-07T17:33:33.804292,PARA,0.00,22.69,0.04,inf,17.64,17.64,ADX ≥ 20.0;MACD 🚀;RSI 📈;ATR % ≥ 0.5%
2025-08-07T17:33:41.442988,PEP,143.58,63.23,0.35,0.25,73.06,73.06,ADX ≥ 20.0;MACD 🚀;RSI 📈;Price > SMA20
2025-08-07T17:33:47.663998,PM,168.16,32.38,0.23,0.14,-6.67,-6.67,ADX ≥ 20.0;MACD 🚀;BB breakout;RSI 📈;Price > SMA20
2025-08-07T17:33:51.552199,PPL,36.28,35.29,0.05,0.14,11.54,11.54,ADX ≥ 20.0;MACD 🚀;Price > SMA20
2025-08-07T17:33:54.237023,PG,153.62,39.84,0.20,0.13,16.89,16.89,ADX ≥ 20.0;MACD 🚀;Price > SMA20
2025-08-07T17:33:59.994348,PEG,87.41,40.36,0.13,0.15,14.11,14.11,ADX ≥ 20.0;MACD 🚀;Price > SMA20
2025-08-07T17:34:12.274929,RSG,235.11,32.23,0.21,0.09,-32.47,-32.47,ADX ≥ 20.0;MACD 🚀;RSI 📈;Price > SMA20
2025-08-07T17:34:29.723865,SRE,82.59,38.55,0.42,0.51,31.17,31.17,ADX ≥ 20.0;MACD 🚀;ATR % ≥ 0.5%;Price > SMA20
2025-08-07T17:34:31.991691,SHW,349.60,23.17,0.51,0.15,-15.29,-15.29,ADX ≥ 20.0;MACD 🚀;Price > SMA20
2025-08-07T17:34:56.340072,SNPS,611.73,35.54,2.47,0.40,82.84,82.84,ADX ≥ 20.0;MACD 🚀;ATR14 ≥ 2.0
2025-08-07T17:34:57.246536,SYY,80.40,48.91,0.11,0.14,-16.56,-16.56,ADX ≥ 20.0;MACD 🚀;BB breakout;RSI 📈;Price > SMA20
2025-08-07T17:35:11.479448,TPL,868.25,24.69,4.76,0.55,-33.43,-33.43,ADX ≥ 20.0;MACD 🚀;ATR14 ≥ 2.0;ATR % ≥ 0.5%
2025-08-07T17:35:26.447969,TYL,594.97,40.97,0.92,0.16,-55.54,-55.54,ADX ≥ 20.0;MACD 🚀;Price > SMA20
2025-08-07T17:35:32.755394,UBER,90.33,30.33,0.29,0.32,-18.45,-18.45,ADX ≥ 20.0;MACD 🚀;Price > SMA20
2025-08-07T17:35:39.714653,UNH,243.05,29.05,0.49,0.20,-18.03,-18.03,ADX ≥ 20.0;MACD 🚀;Price > SMA20
2025-08-07T17:35:46.691292,VZ,42.84,61.84,0.05,0.11,-17.13,-17.13,ADX ≥ 20.0;MACD 🚀;RSI 📈;Price > SMA20
2025-08-07T17:35:53.317867,VST,204.15,43.48,1.12,0.55,-24.51,-24.51,ADX ≥ 20.0;MACD 🚀;ATR % ≥ 0.5%
2025-08-07T17:36:00.345158,WMT,102.79,32.46,0.13,0.13,-8.24,-8.24,ADX ≥ 20.0;MACD 🚀;RSI 📈;Price > SMA20
2025-08-07T17:36:02.680712,WM,232.49,22.07,0.21,0.09,-36.87,-36.87,ADX ≥ 20.0;MACD 🚀;RSI 📈;Price > SMA20
2025-08-07T17:36:05.262106,WEC,110.90,40.51,0.15,0.14,-25.89,-25.89,ADX ≥ 20.0;MACD 🚀;Price > SMA20
2025-08-07T17:36:22.662894,XEL,73.53,32.70,0.09,0.13,-22.63,-22.63,ADX ≥ 20.0;MACD 🚀;Price > SMA20
2025-08-07T17:36:46.868965,AMD,171.34,64.71,1.32,0.77,69.81,69.81,ADX ≥ 20.0;MACD 🚀;ATR % ≥ 0.5%
2025-08-07T17:37:01.136892,LNT,66.16,47.20,0.10,0.16,22.65,22.65,ADX ≥ 20.0;MACD 🚀;Price > SMA20
2025-08-07T17:37:02.982480,ALL,205.12,46.55,0.33,0.16,-31.38,-31.38,ADX ≥ 20.0;MACD 🚀;Price > SMA20
2025-08-07T17:37:05.129426,MO,63.38,43.01,0.06,0.10,2.76,2.76,ADX ≥ 20.0;MACD 🚀;RSI 📈;Price > SMA20
2025-08-07T17:37:11.219836,AEE,102.22,32.26,0.15,0.14,-19.97,-19.97,ADX ≥ 20.0;MACD 🚀;Price > SMA20
2025-08-07T17:37:12.080118,AEP,113.99,40.59,0.16,0.14,-8.29,-8.29,ADX ≥ 20.0;MACD 🚀;RSI 📈;Price > SMA20
2025-08-07T17:37:17.824686,AWK,144.13,52.89,0.25,0.18,-12.23,-12.23,ADX ≥ 20.0;MACD 🚀;RSI 📈;Price > SMA20
2025-08-07T17:37:20.921533,AMGN,285.44,36.75,0.50,0.18,-7.39,-7.39,ADX ≥ 20.0;MACD 🚀;Price > SMA20
2025-08-07T17:37:26.129533,APA,19.60,62.41,0.20,1.04,66.94,66.94,ADX ≥ 20.0;MACD 🚀;ATR % ≥ 0.5%
2025-08-07T17:37:27.814047,AMAT,183.04,42.67,0.69,0.38,70.94,70.94,ADX ≥ 20.0;MACD 🚀;Price > SMA20
2025-08-07T17:37:29.104885,ACGL,88.33,42.00,0.23,0.26,56.67,56.67,ADX ≥ 20.0;MACD 🚀;RSI 📈;Price > SMA20
2025-08-07T17:37:29.851855,ADM,57.80,45.51,0.09,0.16,-7.36,-7.36,ADX ≥ 20.0;MACD 🚀;BB breakout;RSI 📈;Price > SMA20
2025-08-07T17:37:34.065268,T,27.98,77.90,0.05,0.16,-7.75,-7.75,ADX ≥ 20.0;MACD 🚀;BB breakout;RSI 📈;Price > SMA20
2025-08-07T17:37:53.139245,BRK-B,0.00,24.49,0.55,inf,-24.25,-24.25,ADX ≥ 20.0;MACD 🚀;ATR % ≥ 0.5%
2025-08-07T17:37:56.304597,BIIB,129.00,38.55,0.38,0.30,6.87,6.87,ADX ≥ 20.0;MACD 🚀;Price > SMA20
2025-08-07T17:38:01.886223,BKNG,5441.50,40.01,20.18,0.37,70.32,70.32,ADX ≥ 20.0;MACD 🚀;ATR14 ≥ 2.0
2025-08-07T17:38:06.687101,BRO,92.38,40.23,0.16,0.17,-6.87,-6.87,ADX ≥ 20.0;MACD 🚀;BB breakout;RSI 📈;Price > SMA20
2025-08-07T17:38:07.430492,BF-B,0.00,37.33,0.07,inf,-2.97,-2.97,ADX ≥ 20.0;MACD 🚀;ATR % ≥ 0.5%
2025-08-07T17:38:20.888288,CPB,32.88,44.55,0.06,0.19,4.37,4.37,ADX ≥ 20.0;MACD 🚀;RSI 📈;Price > SMA20
2025-08-07T17:38:22.822156,CAH,152.24,21.98,0.28,0.18,-27.69,-27.69,ADX ≥ 20.0;MACD 🚀;Price > SMA20
2025-08-07T17:38:29.074068,CDW,161.41,46.13,0.73,0.45,50.96,50.96,ADX ≥ 20.0;MACD 🚀;Price > SMA20
2025-08-07T17:38:31.155166,COR,277.86,23.11,0.56,0.20,-22.05,-22.05,ADX ≥ 20.0;MACD 🚀;Price > SMA20
2025-08-07T17:38:41.270711,CHTR,261.31,43.43,0.64,0.24,-8.66,-8.66,ADX ≥ 20.0;MACD 🚀;BB breakout;RSI 📈;Price > SMA20
2025-08-07T17:38:49.387059,CINF,151.46,37.97,0.41,0.27,57.02,57.02,ADX ≥ 20.0;MACD 🚀;Price > SMA20
2025-08-07T17:38:50.047462,CTAS,223.84,20.79,0.35,0.16,12.87,12.87,ADX ≥ 20.0;MACD 🚀;Price > SMA20
2025-08-07T17:38:51.023434,CSCO,69.62,20.91,0.13,0.19,-2.12,-2.12,ADX ≥ 20.0;MACD 🚀;Price > SMA20
2025-08-07T17:38:53.382023,CME,283.20,28.03,0.32,0.11,2.65,2.65,ADX ≥ 20.0;MACD 🚀;BB breakout;RSI 📈;Price > SMA20
2025-08-07T17:38:54.184106,CMS,74.72,40.74,0.11,0.14,-22.92,-22.92,ADX ≥ 20.0;MACD 🚀;Price > SMA20
2025-08-07T17:38:56.623861,KO,70.53,51.60,0.08,0.11,-10.62,-10.62,ADX ≥ 20.0;MACD 🚀;BB breakout;RSI 📈;Price > SMA20
2025-08-07T17:38:59.437643,CL,84.66,29.72,0.10,0.12,-13.93,-13.93,ADX ≥ 20.0;MACD 🚀;Price > SMA20
2025-08-07T17:39:01.169630,CAG,19.25,56.79,0.04,0.20,-12.06,-12.06,ADX ≥ 20.0;MACD 🚀;RSI 📈;Price > SMA20
2025-08-07T17:39:03.237356,ED,104.87,42.05,0.15,0.14,-12.50,-12.50,ADX ≥ 20.0;MACD 🚀;Price > SMA20
2025-08-07T17:39:07.568735,COO,68.46,29.64,0.13,0.19,-0.18,-0.18,ADX ≥ 20.0;MACD 🚀;Price > SMA20
2025-08-07T17:39:14.154992,CTVA,70.90,25.27,0.14,0.20,-20.90,-20.90,ADX ≥ 20.0;MACD 🚀;Price > SMA20
2025-08-07T17:39:16.802807,COST,977.26,25.73,1.63,0.17,29.06,29.06,ADX ≥ 20.0;MACD 🚀;BB breakout;RSI 📈;Price > SMA20
2025-08-07T17:39:19.780096,CCI,105.53,52.83,0.13,0.12,-8.99,-8.99,ADX ≥ 20.0;MACD 🚀;RSI 📈;Price > SMA20
2025-08-07T17:39:23.415295,CVS,63.07,33.49,0.08,0.13,3.56,3.56,ADX ≥ 20.0;MACD 🚀;RSI 📈;Price > SMA20
2025-08-07T17:39:25.386387,DHR,198.49,26.58,0.33,0.16,-21.00,-21.00,ADX ≥ 20.0;MACD 🚀;Price > SMA20
2025-08-07T17:39:51.448702,DOW,21.70,38.52,0.07,0.32,-6.27,-6.27,ADX ≥ 20.0;MACD 🚀;RSI 📈;Price > SMA20
2025-08-07T17:39:54.779637,DTE,140.75,35.44,0.21,0.15,-11.37,-11.37,ADX ≥ 20.0;MACD 🚀;Price > SMA20
2025-08-07T17:39:55.543278,DUK,126.00,45.75,0.19,0.15,-7.18,-7.18,ADX ≥ 20.0;MACD 🚀;RSI 📈;Price > SMA20
2025-08-07T17:39:58.586544,DD,70.81,36.85,0.13,0.18,-7.53,-7.53,ADX ≥ 20.0;MACD 🚀;Price > SMA20
2025-08-07T17:40:17.973953,ENPH,32.12,59.14,0.30,0.92,-45.07,-45.07,ADX ≥ 20.0;MACD 🚀;BB breakout;RSI 📈;ATR % ≥ 0.5%;Price > SMA20
2025-08-07T17:40:21.381986,ETR,90.36,31.33,0.13,0.14,-6.53,-6.53,ADX ≥ 20.0;MACD 🚀;Price > SMA20
2025-08-07T17:40:30.125085,EQR,64.12,37.51,0.09,0.14,-24.45,-24.45,ADX ≥ 20.0;MACD 🚀;Price > SMA20
2025-08-07T17:40:32.626938,ESS,257.51,27.84,0.41,0.16,-2.64,-2.64,ADX ≥ 20.0;MACD 🚀;Price > SMA20
2025-08-07T17:40:35.903158,EVRG,73.41,40.87,0.12,0.16,-16.33,-16.33,ADX ≥ 20.0;MACD 🚀;RSI 📈;Price > SMA20
2025-08-07T17:40:36.935655,ES,66.08,41.45,0.09,0.13,-11.34,-11.34,ADX ≥ 20.0;MACD 🚀;Price > SMA20
2025-08-07T17:40:37.701434,EXC,45.56,48.14,0.08,0.17,-31.19,-31.19,ADX ≥ 20.0;MACD 🚀;RSI 📈;Price > SMA20
2025-08-07T17:40:43.088409,EXPD,118.33,26.10,0.16,0.14,-26.79,-26.79,ADX ≥ 20.0;MACD 🚀;BB breakout;RSI 📈;Price > SMA20
2025-08-07T17:40:46.744964,FFIV,316.85,39.23,1.32,0.42,92.98,92.98,ADX ≥ 20.0;MACD 🚀;Price > SMA20
2025-08-07T17:40:53.960413,FITB,41.22,20.82,0.07,0.17,-33.43,-33.43,ADX ≥ 20.0;MACD 🚀;BB breakout
2025-08-07T17:40:55.883024,FSLR,188.39,41.70,0.66,0.35,-50.40,-50.40,ADX ≥ 20.0;MACD 🚀;Price > SMA20
2025-08-07T17:40:57.800193,FE,43.46,36.63,0.05,0.11,-16.24,-16.24,ADX ≥ 20.0;MACD 🚀;Price > SMA20
2025-08-07T17:41:01.673000,F,11.21,31.80,0.03,0.23,-22.02,-22.02,ADX ≥ 20.0;MACD 🚀;Price > SMA20
2025-08-07T17:41:10.018911,FCX,40.78,36.04,0.08,0.20,-8.67,-8.67,ADX ≥ 20.0;MACD 🚀;BB breakout;RSI 📈;Price > SMA20
2025-08-07T17:41:42.214319,GE,270.21,35.02,0.53,0.20,-16.97,-16.97,ADX ≥ 20.0;MACD 🚀;BB breakout;Price > SMA20
2025-08-07T17:42:15.912457,GEV,646.99,42.91,2.05,0.32,-12.96,-12.96,ADX ≥ 20.0;MACD 🚀;ATR14 ≥ 2.0
2025-08-07T17:42:21.550416,GNRC,193.41,32.37,0.40,0.21,-34.47,-34.47,ADX ≥ 20.0;MACD 🚀;BB breakout
2025-08-07T17:42:24.631524,GD,311.59,27.51,0.40,0.13,-6.89,-6.89,ADX ≥ 20.0;MACD 🚀;Price > SMA20
2025-08-07T17:42:26.622310,GIS,50.16,64.74,0.08,0.17,-13.92,-13.92,ADX ≥ 20.0;MACD 🚀;BB breakout;RSI 📈;Price > SMA20
2025-08-07T17:42:27.394686,GM,52.91,22.48,0.10,0.20,-40.27,-40.27,ADX ≥ 20.0;MACD 🚀;Price > SMA20
2025-08-07T17:42:31.001532,GPN,82.64,36.10,0.22,0.26,-18.34,-18.34,ADX ≥ 20.0;MACD 🚀;BB breakout;Price > SMA20
2025-08-07T17:42:39.364335,HAL,21.07,36.34,0.05,0.23,-19.59,-19.59,ADX ≥ 20.0;MACD 🚀;BB breakout
2025-08-07T17:42:44.757905,HSY,190.33,83.90,0.34,0.18,-16.46,-16.46,ADX ≥ 20.0;MACD 🚀;BB breakout;RSI 📈;Price > SMA20
2025-08-07T17:42:56.254025,HON,216.61,47.92,0.48,0.22,-37.07,-37.07,ADX ≥ 20.0;MACD 🚀;Price > SMA20
2025-08-07T17:42:57.122988,HRL,28.42,81.79,0.04,0.14,-14.40,-14.40,ADX ≥ 20.0;MACD 🚀;BB breakout;RSI 📈;Price > SMA20
2025-08-07T17:43:00.662565,HPQ,25.29,33.64,0.05,0.21,-26.50,-26.50,ADX ≥ 20.0;MACD 🚀;BB breakout;Price > SMA20
2025-08-07T17:43:12.401686,HBAN,15.95,35.73,0.04,0.26,-28.99,-28.99,ADX ≥ 20.0;MACD 🚀;Price > SMA20
2025-08-07T17:43:14.734664,IEX,159.44,29.04,0.25,0.16,-11.02,-11.02,ADX ≥ 20.0;MACD 🚀;BB breakout;RSI 📈;Price > SMA20
2025-08-07T17:43:16.063760,IDXX,642.96,48.10,3.72,0.58,21.39,21.39,ADX ≥ 20.0;MACD 🚀;ATR14 ≥ 2.0;ATR % ≥ 0.5%;Price > SMA20
2025-08-07T17:43:20.421603,INCY,77.36,30.74,0.18,0.24,8.21,8.21,ADX ≥ 20.0;MACD 🚀;Price > SMA20
2025-08-07T17:43:23.141555,PODD,293.53,45.67,2.35,0.80,-23.04,-23.04,ADX ≥ 20.0;MACD 🚀;RSI 📈;ATR14 ≥ 2.0;ATR % ≥ 0.5%;Price > SMA20
2025-08-07T17:43:25.866401,IP,48.08,20.57,0.10,0.20,-12.55,-12.55,ADX ≥ 20.0;MACD 🚀;BB breakout;RSI 📈;Price > SMA20
2025-08-07T17:43:29.274101,ISRG,466.50,42.52,1.51,0.32,-43.94,-43.94,ADX ≥ 20.0;MACD 🚀;BB breakout;Price > SMA20
2025-08-07T17:43:36.574396,IRM,91.23,24.43,0.28,0.31,-15.16,-15.16,ADX ≥ 20.0;MACD 🚀;Price > SMA20
2025-08-07T17:43:37.415068,JBHT,140.78,33.40,0.47,0.34,-53.19,-53.19,ADX ≥ 20.0;MACD 🚀;Price > SMA20
2025-08-07T17:43:46.469426,JCI,104.37,38.60,0.18,0.17,-8.41,-8.41,ADX ≥ 20.0;MACD 🚀;Price > SMA20
2025-08-07T17:43:47.357664,JPM,288.23,38.42,0.46,0.16,-11.17,-11.17,ADX ≥ 20.0;MACD 🚀;BB breakout;Price > SMA20
2025-08-07T17:43:49.681263,K,80.00,40.20,0.02,0.02,-18.55,-18.55,ADX ≥ 20.0;MACD 🚀;Price > SMA20
2025-08-07T17:43:59.752616,KMI,27.05,28.92,0.05,0.17,-5.63,-5.63,ADX ≥ 20.0;MACD 🚀;Price > SMA20
2025-08-07T17:44:00.698176,KKR,141.60,31.35,0.47,0.33,-17.00,-17.00,ADX ≥ 20.0;MACD 🚀;BB breakout;Price > SMA20
2025-08-07T17:44:03.809593,KLAC,910.16,41.50,4.49,0.49,12.67,12.67,ADX ≥ 20.0;MACD 🚀;ATR14 ≥ 2.0;Price > SMA20
2025-08-07T17:44:04.664084,KHC,27.66,46.04,0.07,0.26,-33.61,-33.61,ADX ≥ 20.0;MACD 🚀;RSI 📈;Price > SMA20
2025-08-07T17:44:07.504010,KR,74.03,59.65,0.09,0.12,9.68,9.68,ADX ≥ 20.0;MACD 🚀;RSI 📈;Price > SMA20
2025-08-07T17:44:09.518404,LHX,274.24,45.09,0.35,0.13,-5.74,-5.74,ADX ≥ 20.0;MACD 🚀;RSI 📈;Price > SMA20
2025-08-07T17:44:11.146115,LRCX,99.00,45.97,0.40,0.41,-46.49,-46.49,ADX ≥ 20.0;MACD 🚀;BB breakout;RSI 📈;Price > SMA20
2025-08-07T17:44:18.203737,LIN,470.04,53.32,0.80,0.17,15.55,15.55,ADX ≥ 20.0;MACD 🚀;Price > SMA20
2025-08-07T17:44:29.825372,MTB,184.81,32.52,0.31,0.17,-30.25,-30.25,ADX ≥ 20.0;MACD 🚀;BB breakout;Price > SMA20
2025-08-07T17:44:36.951495,MTCH,35.96,33.02,0.19,0.54,-31.96,-31.96,ADX ≥ 20.0;MACD 🚀;ATR % ≥ 0.5%
2025-08-07T17:44:39.765580,MKC,70.19,84.53,0.09,0.14,-6.42,-6.42,ADX ≥ 20.0;MACD 🚀;BB breakout;RSI 📈;Price > SMA20
2025-08-07T17:44:41.626220,MCK,662.20,26.69,1.99,0.30,-14.22,-14.22,ADX ≥ 20.0;MACD 🚀;BB breakout;RSI 📈;Price > SMA20
2025-08-07T17:44:43.704167,MDT,91.49,55.09,0.12,0.13,-4.53,-4.53,ADX ≥ 20.0;MACD 🚀;Price > SMA20
2025-08-07T17:44:48.114521,MU,112.17,42.15,0.52,0.46,-32.90,-32.90,ADX ≥ 20.0;MACD 🚀;Price > SMA20
2025-08-07T17:44:57.068572,MDLZ,62.57,44.19,0.10,0.16,-23.35,-23.35,ADX ≥ 20.0;MACD 🚀;BB breakout;RSI 📈;Price > SMA20
2025-08-07T17:45:13.940445,NEE,72.43,33.82,0.11,0.15,-14.08,-14.08,ADX ≥ 20.0;MACD 🚀;BB breakout;RSI 📈;Price > SMA20
2025-08-07T17:45:15.558716,NI,42.09,31.54,0.09,0.21,-27.29,-27.29,ADX ≥ 20.0;MACD 🚀;BB breakout;RSI 📈;Price > SMA20
2025-08-07T17:45:23.323395,NOC,584.37,41.68,0.67,0.11,-21.83,-21.83,ADX ≥ 20.0;MACD 🚀;Price > SMA20
2025-08-07T17:45:25.089464,NRG,153.37,25.47,0.49,0.32,0.75,0.75,ADX ≥ 20.0;MACD 🚀;RSI 📈;Price > SMA20
2025-08-07T17:45:27.097114,NUE,138.04,32.34,0.27,0.19,-10.80,-10.80,ADX ≥ 20.0;MACD 🚀;BB breakout;Price > SMA20
2025-08-07T17:45:30.506683,ORLY,103.50,31.14,0.23,0.22,-48.39,-48.39,ADX ≥ 20.0;MACD 🚀;RSI 📈;Price > SMA20
2025-08-07T17:45:53.912045,PKG,194.74,20.73,0.31,0.16,-8.12,-8.12,ADX ≥ 20.0;MACD 🚀;Price > SMA20
2025-08-07T17:45:55.858580,PANW,166.64,60.82,0.84,0.51,-48.86,-48.86,ADX ≥ 20.0;MACD 🚀;ATR % ≥ 0.5%;Price > SMA20
2025-08-07T17:45:56.861814,PARA,0.00,22.69,0.04,inf,17.64,17.64,ADX ≥ 20.0;MACD 🚀;RSI 📈;ATR % ≥ 0.5%
2025-08-07T17:46:03.040976,PNR,102.06,38.78,0.16,0.15,-35.60,-35.60,ADX ≥ 20.0;MACD 🚀;Price > SMA20
2025-08-07T17:46:06.387145,PM,168.25,30.75,0.22,0.13,-14.67,-14.67,ADX ≥ 20.0;MACD 🚀;RSI 📈;Price > SMA20
2025-08-07T17:46:20.001716,PPL,36.37,23.21,0.05,0.14,-20.24,-20.24,ADX ≥ 20.0;MACD 🚀;RSI 📈;Price > SMA20
2025-08-07T17:46:21.027162,PFG,75.60,35.13,0.19,0.25,-52.10,-52.10,ADX ≥ 20.0;MACD 🚀;BB breakout
2025-08-07T17:46:21.910987,PG,153.60,33.38,0.18,0.12,-20.24,-20.24,ADX ≥ 20.0;MACD 🚀;Price > SMA20
2025-08-07T17:46:24.539388,PRU,100.94,26.66,0.19,0.19,-40.36,-40.36,ADX ≥ 20.0;MACD 🚀;Price > SMA20
2025-08-07T17:46:26.670825,PEG,87.53,26.69,0.13,0.14,-21.98,-21.98,ADX ≥ 20.0;MACD 🚀;Price > SMA20
2025-08-07T17:46:27.506080,PTC,204.94,46.93,1.20,0.59,-39.95,-39.95,ADX ≥ 20.0;MACD 🚀;ATR % ≥ 0.5%
2025-08-07T17:46:40.300292,RTX,154.48,26.89,0.21,0.14,-7.71,-7.71,ADX ≥ 20.0;MACD 🚀;RSI 📈;Price > SMA20
2025-08-07T17:46:47.222597,RSG,235.41,36.31,0.20,0.08,-48.06,-48.06,ADX ≥ 20.0;MACD 🚀;BB breakout;RSI 📈;Price > SMA20
2025-08-07T17:46:51.079670,RVTY,86.15,27.69,0.17,0.20,-15.88,-15.88,ADX ≥ 20.0;MACD 🚀;BB breakout
2025-08-07T17:47:14.517449,NOW,867.08,39.48,3.39,0.39,-4.55,-4.55,ADX ≥ 20.0;MACD 🚀;ATR14 ≥ 2.0
2025-08-07T17:47:19.724022,SW,43.68,25.99,0.08,0.19,-16.86,-16.86,ADX ≥ 20.0;MACD 🚀;BB breakout;RSI 📈;Price > SMA20
2025-08-07T17:47:28.991616,SO,95.37,32.14,0.11,0.11,-19.28,-19.28,ADX ≥ 20.0;MACD 🚀;Price > SMA20
2025-08-07T17:47:33.353895,SWK,68.75,36.83,0.15,0.21,-23.03,-23.03,ADX ≥ 20.0;MACD 🚀;BB breakout;Price > SMA20
2025-08-07T17:47:35.290705,SBUX,91.03,46.82,0.29,0.32,-47.37,-47.37,ADX ≥ 20.0;MACD 🚀;BB breakout;RSI 📈;Price > SMA20
2025-08-07T17:47:44.635297,SNPS,613.09,30.10,2.47,0.40,-30.59,-30.59,ADX ≥ 20.0;MACD 🚀;ATR14 ≥ 2.0;Price > SMA20
2025-08-07T17:47:46.033595,TMUS,241.50,34.80,0.38,0.16,-18.47,-18.47,ADX ≥ 20.0;MACD 🚀;RSI 📈;Price > SMA20
2025-08-07T17:47:51.496226,TPR,107.42,21.06,0.22,0.21,-19.36,-19.36,ADX ≥ 20.0;MACD 🚀;Price > SMA20
2025-08-07T17:47:52.848567,TGT,105.28,30.50,0.18,0.17,-12.11,-12.11,ADX ≥ 20.0;MACD 🚀;BB breakout;RSI 📈;Price > SMA20
2025-08-07T17:47:53.697721,TEL,199.87,21.49,0.33,0.16,-37.80,-37.80,ADX ≥ 20.0;MACD 🚀;BB breakout
2025-08-07T17:47:54.461320,TDY,547.30,21.23,0.75,0.14,2.79,2.79,ADX ≥ 20.0;MACD 🚀;Price > SMA20
2025-08-07T17:47:55.253880,TER,105.80,41.83,0.32,0.30,-25.22,-25.22,ADX ≥ 20.0;MACD 🚀;Price > SMA20
2025-08-07T17:47:58.906161,TPL,877.71,28.16,4.63,0.53,-35.39,-35.39,ADX ≥ 20.0;MACD 🚀;BB breakout;ATR14 ≥ 2.0;ATR % ≥ 0.5%;Price > SMA20
2025-08-07T17:48:06.080956,TSCO,60.06,33.40,0.12,0.20,-27.81,-27.81,ADX ≥ 20.0;MACD 🚀;BB breakout;RSI 📈;Price > SMA20
2025-08-07T17:48:10.451008,TRV,264.74,21.78,0.43,0.16,-10.22,-10.22,ADX ≥ 20.0;MACD 🚀;Price > SMA20
2025-08-07T17:48:12.285479,TRMB,82.41,34.27,0.34,0.41,-28.05,-28.05,ADX ≥ 20.0;MACD 🚀;Price > SMA20
2025-08-07T17:48:17.763042,TSN,56.29,38.30,0.08,0.15,-18.91,-18.91,ADX ≥ 20.0;MACD 🚀;BB breakout;RSI 📈;Price > SMA20
2025-08-07T17:48:22.360995,UBER,90.77,28.72,0.30,0.33,-6.79,-6.79,ADX ≥ 20.0;MACD 🚀;BB breakout;RSI 📈;Price > SMA20
2025-08-07T17:48:23.480127,UDR,38.83,42.42,0.05,0.13,-22.78,-22.78,ADX ≥ 20.0;MACD 🚀;BB breakout;RSI 📈;Price > SMA20
2025-08-07T17:48:37.744307,VTR,69.03,34.55,0.10,0.14,1.36,1.36,ADX ≥ 20.0;MACD 🚀;BB breakout;RSI 📈;Price > SMA20
2025-08-07T17:48:43.156101,VZ,42.88,56.44,0.05,0.11,-3.75,-3.75,ADX ≥ 20.0;MACD 🚀;RSI 📈;Price > SMA20
2025-08-07T17:49:03.285834,VST,205.39,48.22,1.03,0.50,-24.66,-24.66,ADX ≥ 20.0;MACD 🚀;ATR % ≥ 0.5%
2025-08-07T17:49:40.647910,WBA,11.88,61.05,0.01,0.11,0.74,0.74,ADX ≥ 20.0;MACD 🚀;BB breakout;RSI 📈;Price > SMA20
2025-08-07T17:49:42.020118,WMT,102.97,37.60,0.14,0.14,-4.58,-4.58,ADX ≥ 20.0;MACD 🚀;RSI 📈;Price > SMA20
2025-08-07T17:49:47.656154,WBD,11.95,44.52,0.11,0.93,-54.48,-54.48,ADX ≥ 20.0;MACD 🚀;ATR % ≥ 0.5%;Price > SMA20
2025-08-07T17:49:48.645927,WM,232.92,24.62,0.22,0.10,-4.77,-4.77,ADX ≥ 20.0;MACD 🚀;BB breakout;RSI 📈;Price > SMA20
2025-08-07T17:49:53.823643,WEC,110.97,29.70,0.15,0.14,-28.95,-28.95,ADX ≥ 20.0;MACD 🚀;Price > SMA20
2025-08-07T17:50:03.373090,WDC,74.23,24.95,0.19,0.26,-20.29,-20.29,ADX ≥ 20.0;MACD 🚀;Price > SMA20
2025-08-07T17:50:05.377465,WY,25.75,33.93,0.05,0.18,-29.82,-29.82,ADX ≥ 20.0;MACD 🚀;BB breakout;Price > SMA20
2025-08-07T17:50:13.478157,XEL,73.56,20.66,0.08,0.11,-29.31,-29.31,ADX ≥ 20.0;MACD 🚀;Price > SMA20
2025-08-07T17:50:17.400021,ZBRA,312.86,36.35,0.92,0.30,-42.36,-42.36,ADX ≥ 20.0;MACD 🚀;BB breakout;Price > SMA20
2025-08-07T17:50:27.750498,MMM,151.06,21.99,0.22,0.14,-16.39,-16.39,ADX ≥ 20.0;MACD 🚀;Price > SMA20
2025-08-07T17:50:34.192882,AES,12.89,42.64,0.03,0.27,-25.81,-25.81,ADX ≥ 20.0;MACD 🚀;BB breakout
2025-08-07T17:50:40.543240,ABNB,117.66,61.38,1.15,0.97,-71.33,-71.33,ADX ≥ 20.0;MACD 🚀;ATR % ≥ 0.5%
2025-08-07T17:50:44.443604,AKAM,73.58,59.34,0.21,0.28,-50.35,-50.35,ADX ≥ 20.0;MACD 🚀;Price > SMA20
2025-08-07T17:50:49.998268,LNT,66.31,33.84,0.10,0.15,-37.60,-37.60,ADX ≥ 20.0;MACD 🚀;RSI 📈;Price > SMA20
2025-08-07T17:50:52.044693,ALL,205.10,37.93,0.29,0.14,-27.62,-27.62,ADX ≥ 20.0;MACD 🚀;Price > SMA20
2025-08-07T17:50:56.120612,MO,63.43,44.76,0.06,0.10,-14.53,-14.53,ADX ≥ 20.0;MACD 🚀;RSI 📈;Price > SMA20
2025-08-07T17:50:57.981318,AMCR,9.60,22.95,0.02,0.20,-43.13,-43.13,ADX ≥ 20.0;MACD 🚀;Price > SMA20
2025-08-07T17:50:59.940588,AEE,102.32,27.41,0.15,0.15,-11.27,-11.27,ADX ≥ 20.0;MACD 🚀;RSI 📈;Price > SMA20
2025-08-07T17:51:03.224557,AEP,114.15,27.02,0.15,0.13,-14.26,-14.26,ADX ≥ 20.0;MACD 🚀;RSI 📈;Price > SMA20
2025-08-07T17:51:05.305372,AMT,210.41,22.11,0.31,0.15,0.09,0.09,ADX ≥ 20.0;MACD 🚀;BB breakout;RSI 📈;Price > SMA20
2025-08-07T17:51:09.725083,AWK,144.38,36.55,0.24,0.17,-36.43,-36.43,ADX ≥ 20.0;MACD 🚀;RSI 📈;Price > SMA20
2025-08-07T17:51:13.571844,APH,108.51,38.58,0.22,0.21,-10.77,-10.77,ADX ≥ 20.0;MACD 🚀;Price > SMA20
2025-08-07T17:51:16.081226,AON,362.42,29.56,0.50,0.14,-22.52,-22.52,ADX ≥ 20.0;MACD 🚀;BB breakout;Price > SMA20
2025-08-07T17:51:20.145607,APA,19.61,63.78,0.19,0.98,-51.63,-51.63,ADX ≥ 20.0;MACD 🚀;ATR % ≥ 0.5%;Price > SMA20
2025-08-07T17:51:24.570228,AMAT,183.04,52.80,0.68,0.37,-47.75,-47.75,ADX ≥ 20.0;MACD 🚀;Price > SMA20
2025-08-07T17:51:25.930169,ACGL,88.45,49.52,0.23,0.25,-48.47,-48.47,ADX ≥ 20.0;MACD 🚀;BB breakout;RSI 📈;Price > SMA20
2025-08-07T17:51:28.512435,ANET,137.68,32.34,0.44,0.32,-30.30,-30.30,ADX ≥ 20.0;MACD 🚀;RSI 📈;Price > SMA20
2025-08-07T17:51:32.045843,T,28.00,72.25,0.04,0.14,-13.54,-13.54,ADX ≥ 20.0;MACD 🚀;RSI 📈;Price > SMA20
2025-08-07T17:51:35.132204,ATO,164.97,34.03,0.38,0.23,-36.34,-36.34,ADX ≥ 20.0;MACD 🚀;BB breakout
2025-08-07T17:51:38.251129,ADSK,289.96,43.47,1.51,0.52,-62.16,-62.16,ADX ≥ 20.0;MACD 🚀;ATR % ≥ 0.5%
2025-08-07T17:51:39.151613,ADP,302.52,27.69,0.45,0.15,-15.25,-15.25,ADX ≥ 20.0;MACD 🚀;BB breakout
2025-08-07T17:51:41.381479,AZO,4021.81,41.35,10.94,0.27,-12.68,-12.68,ADX ≥ 20.0;MACD 🚀;ATR14 ≥ 2.0
2025-08-07T17:51:43.454413,AVB,188.71,31.67,0.29,0.15,-31.49,-31.49,ADX ≥ 20.0;MACD 🚀;Price > SMA20
2025-08-07T17:51:47.094112,AXON,870.00,23.40,3.54,0.41,-19.94,-19.94,ADX ≥ 20.0;MACD 🚀;ATR14 ≥ 2.0;Price > SMA20
2025-08-07T17:51:49.795008,BAX,23.34,29.80,0.08,0.34,8.09,8.09,ADX ≥ 20.0;MACD 🚀;BB breakout;RSI 📈;Price > SMA20
2025-08-07T17:51:53.464786,BRK-B,0.00,21.96,0.50,inf,-23.23,-23.23,ADX ≥ 20.0;MACD 🚀;RSI 📈;ATR % ≥ 0.5%
2025-08-07T17:52:11.193463,BRO,92.54,44.93,0.14,0.15,-23.81,-23.81,ADX ≥ 20.0;MACD 🚀;BB breakout;RSI 📈;Price > SMA20
2025-08-07T17:52:14.699934,BF-B,0.00,31.26,0.07,inf,-11.00,-11.00,ADX ≥ 20.0;MACD 🚀;ATR % ≥ 0.5%
2025-08-07T17:52:24.031042,CPT,106.90,23.28,0.16,0.15,-0.81,-0.81,ADX ≥ 20.0;MACD 🚀;BB breakout;Price > SMA20
2025-08-07T17:52:27.292802,CPB,32.92,30.20,0.06,0.19,-15.72,-15.72,ADX ≥ 20.0;MACD 🚀;RSI 📈;Price > SMA20
2025-08-07T17:52:35.909639,CAT,415.89,21.84,0.65,0.16,-37.21,-37.21,ADX ≥ 20.0;MACD 🚀;BB breakout;RSI 📈;Price > SMA20
2025-08-07T17:52:41.640839,CDW,161.73,47.16,0.68,0.42,-46.51,-46.51,ADX ≥ 20.0;MACD 🚀;Price > SMA20
2025-08-07T17:52:44.234467,COR,278.05,30.82,0.45,0.16,-27.45,-27.45,ADX ≥ 20.0;MACD 🚀;Price > SMA20
2025-08-07T17:52:46.641180,CNP,39.12,27.73,0.05,0.12,-32.17,-32.17,ADX ≥ 20.0;MACD 🚀;Price > SMA20
2025-08-07T17:52:50.942523,CVX,153.49,32.01,0.22,0.14,-5.78,-5.78,ADX ≥ 20.0;MACD 🚀;BB breakout;Price > SMA20
2025-08-07T17:52:54.125210,CINF,151.67,44.81,0.38,0.25,-55.97,-55.97,ADX ≥ 20.0;MACD 🚀;BB breakout;Price > SMA20
2025-08-07T17:53:02.460537,CMS,74.75,24.89,0.09,0.13,-30.77,-30.77,ADX ≥ 20.0;MACD 🚀;Price > SMA20
2025-08-07T17:53:05.359793,KO,70.54,47.96,0.07,0.10,-13.90,-13.90,ADX ≥ 20.0;MACD 🚀;RSI 📈;Price > SMA20
2025-08-07T17:53:08.904088,COIN,310.04,66.70,2.06,0.66,-25.27,-25.27,ADX ≥ 20.0;MACD 🚀;ATR14 ≥ 2.0;ATR % ≥ 0.5%
2025-08-07T17:53:12.714998,CL,84.72,20.76,0.09,0.11,-20.32,-20.32,ADX ≥ 20.0;MACD 🚀;Price > SMA20
2025-08-07T17:53:16.353634,CAG,19.27,54.57,0.04,0.19,-6.62,-6.62,ADX ≥ 20.0;MACD 🚀;RSI 📈;Price > SMA20
2025-08-07T17:53:22.601019,ED,105.08,27.68,0.14,0.13,-28.67,-28.67,ADX ≥ 20.0;MACD 🚀;RSI 📈;Price > SMA20
2025-08-07T17:53:23.412028,STZ,173.22,32.08,0.25,0.15,-30.48,-30.48,ADX ≥ 20.0;MACD 🚀;BB breakout;RSI 📈;Price > SMA20
2025-08-07T17:53:24.800988,COO,68.58,20.60,0.12,0.18,-22.50,-22.50,ADX ≥ 20.0;MACD 🚀;BB breakout;RSI 📈;Price > SMA20
2025-08-07T17:53:38.727371,COST,978.02,23.24,1.57,0.16,-36.75,-36.75,ADX ≥ 20.0;MACD 🚀;RSI 📈;Price > SMA20
2025-08-07T17:53:42.224436,CCI,106.13,43.40,0.15,0.15,22.21,22.21,ADX ≥ 20.0;MACD 🚀;BB breakout;RSI 📈;Price > SMA20
2025-08-07T17:53:43.061062,CSX,35.45,47.50,0.08,0.24,-55.35,-55.35,ADX ≥ 20.0;MACD 🚀;BB breakout;Price > SMA20
2025-08-07T17:53:45.830832,CVS,63.11,40.33,0.10,0.15,15.75,15.75,ADX ≥ 20.0;MACD 🚀;RSI 📈;Price > SMA20
2025-08-07T17:53:47.487098,DRI,204.98,25.36,0.25,0.12,-25.45,-25.45,ADX ≥ 20.0;MACD 🚀;BB breakout
2025-08-07T17:53:52.392744,DE,503.54,33.69,0.81,0.16,-39.40,-39.40,ADX ≥ 20.0;MACD 🚀;Price > SMA20
2025-08-07T17:53:53.814297,DAL,53.42,20.71,0.12,0.22,-35.80,-35.80,ADX ≥ 20.0;MACD 🚀;Price > SMA20
2025-08-07T17:54:01.385913,DLTR,116.71,35.65,0.16,0.14,0.62,0.62,ADX ≥ 20.0;MACD 🚀;RSI 📈;Price > SMA20
2025-08-07T17:54:03.340671,D,61.93,42.45,0.08,0.13,-32.19,-32.19,ADX ≥ 20.0;MACD 🚀;RSI 📈;Price > SMA20
2025-08-07T17:54:34.438289,DASH,269.17,52.21,1.68,0.63,-40.76,-40.76,ADX ≥ 20.0;MACD 🚀;ATR % ≥ 0.5%;Price > SMA20
2025-08-07T17:54:38.167890,DOW,21.75,23.27,0.07,0.31,-5.71,-5.71,ADX ≥ 20.0;MACD 🚀;BB breakout;RSI 📈;Price > SMA20
2025-08-07T17:54:45.838474,DUK,126.19,27.09,0.18,0.14,-25.11,-25.11,ADX ≥ 20.0;MACD 🚀;RSI 📈;Price > SMA20
2025-08-07T17:54:47.703183,DD,70.98,25.71,0.13,0.18,-6.73,-6.73,ADX ≥ 20.0;MACD 🚀;BB breakout;RSI 📈;Price > SMA20
2025-08-07T17:54:50.677282,EMN,61.37,41.42,0.15,0.24,-24.73,-24.73,ADX ≥ 20.0;MACD 🚀;BB breakout
2025-08-07T17:54:54.572846,EIX,54.76,46.99,0.28,0.50,-24.33,-24.33,ADX ≥ 20.0;MACD 🚀;ATR % ≥ 0.5%;Price > SMA20
2025-08-07T17:54:57.795153,ELV,283.20,30.06,0.69,0.24,7.37,7.37,ADX ≥ 20.0;MACD 🚀;Price > SMA20
2025-08-07T17:55:00.892721,ETR,90.57,24.98,0.12,0.13,-29.59,-29.59,ADX ≥ 20.0;MACD 🚀;BB breakout;RSI 📈;Price > SMA20
2025-08-07T17:55:04.865231,EOG,117.50,38.89,0.24,0.20,-1.41,-1.41,ADX ≥ 20.0;MACD 🚀;BB breakout;RSI 📈;Price > SMA20
2025-08-07T17:55:10.339271,EFX,241.22,21.63,0.42,0.18,-29.58,-29.58,ADX ≥ 20.0;MACD 🚀;BB breakout
2025-08-07T17:55:12.996632,EQR,64.17,25.07,0.09,0.14,-23.95,-23.95,ADX ≥ 20.0;MACD 🚀;Price > SMA20
2025-08-07T17:55:16.207966,EL,90.84,20.98,0.25,0.27,-13.37,-13.37,ADX ≥ 20.0;MACD 🚀;BB breakout;RSI 📈;Price > SMA20
2025-08-07T17:55:19.721597,EVRG,73.61,22.99,0.12,0.17,-7.28,-7.28,ADX ≥ 20.0;MACD 🚀;RSI 📈;Price > SMA20
2025-08-07T17:55:20.665302,ES,66.12,28.97,0.08,0.12,-28.14,-28.14,ADX ≥ 20.0;MACD 🚀;RSI 📈;Price > SMA20
2025-08-07T17:55:21.598370,EXC,45.65,33.49,0.07,0.15,-38.27,-38.27,ADX ≥ 20.0;MACD 🚀;RSI 📈;Price > SMA20
2025-08-07T17:55:24.454975,EXPE,182.85,30.19,0.79,0.43,-42.98,-42.98,ADX ≥ 20.0;MACD 🚀;Price > SMA20
2025-08-07T17:55:25.367224,EXPD,118.25,25.70,0.14,0.12,-21.32,-21.32,ADX ≥ 20.0;MACD 🚀;Price > SMA20
2025-08-07T17:55:26.235506,EXR,137.77,33.51,0.19,0.14,-14.97,-14.97,ADX ≥ 20.0;MACD 🚀;BB breakout;RSI 📈;Price > SMA20
2025-08-07T17:55:30.600258,XOM,106.75,32.53,0.14,0.14,-3.14,-3.14,ADX ≥ 20.0;MACD 🚀;RSI 📈;Price > SMA20
2025-08-07T17:55:33.364940,FFIV,317.10,39.50,1.24,0.39,-58.70,-58.70,ADX ≥ 20.0;MACD 🚀;Price > SMA20
2025-08-07T17:55:40.187213,FICO,1348.64,33.85,3.53,0.26,18.36,18.36,ADX ≥ 20.0;MACD 🚀;ATR14 ≥ 2.0
2025-08-07T17:55:50.394503,FE,43.53,25.17,0.05,0.11,-22.17,-22.17,ADX ≥ 20.0;MACD 🚀;RSI 📈;Price > SMA20
2025-08-07T17:55:58.128050,FTNT,72.12,74.16,2.08,2.88,-78.65,-78.65,ADX ≥ 20.0;MACD 🚀;ATR14 ≥ 2.0;ATR % ≥ 0.5%;Price > SMA20
2025-08-07T17:56:01.843735,FTV,47.43,28.33,0.05,0.11,-43.90,-43.90,ADX ≥ 20.0;MACD 🚀;BB breakout
2025-08-07T17:56:04.545509,FCX,40.80,22.22,0.08,0.21,-4.30,-4.30,ADX ≥ 20.0;MACD 🚀;Price > SMA20
2025-08-07T17:56:05.260786,GRMN,227.74,24.04,0.35,0.15,-20.89,-20.89,ADX ≥ 20.0;MACD 🚀;BB breakout;Price > SMA20
2025-08-07T17:56:06.927630,GE,270.69,31.85,0.49,0.18,-30.27,-30.27,ADX ≥ 20.0;MACD 🚀;RSI 📈;Price > SMA20
2025-08-07T17:56:07.714928,GEHC,70.77,32.64,0.16,0.23,-37.16,-37.16,ADX ≥ 20.0;MACD 🚀;RSI 📈;Price > SMA20
2025-08-07T17:56:15.866339,GNRC,193.47,32.73,0.34,0.17,-33.29,-33.29,ADX ≥ 20.0;MACD 🚀;BB breakout;Price > SMA20
2025-08-07T17:56:20.279462,GM,52.93,21.62,0.09,0.18,-40.96,-40.96,ADX ≥ 20.0;MACD 🚀;Price > SMA20
2025-08-07T17:56:23.596935,GPC,133.37,32.17,0.17,0.13,-8.99,-8.99,ADX ≥ 20.0;MACD 🚀;RSI 📈;Price > SMA20
2025-08-07T17:56:25.259902,GPN,82.64,25.69,0.20,0.24,-1.16,-1.16,ADX ≥ 20.0;MACD 🚀;Price > SMA20
2025-08-07T17:56:31.592610,GDDY,148.21,63.33,0.44,0.30,2.08,2.08,ADX ≥ 20.0;MACD 🚀;Price > SMA20
2025-08-07T17:56:33.511042,GS,720.86,23.62,1.00,0.14,-30.16,-30.16,ADX ≥ 20.0;MACD 🚀;Price > SMA20
2025-08-07T17:56:38.401266,HAL,21.09,38.41,0.05,0.22,-10.11,-10.11,ADX ≥ 20.0;MACD 🚀;Price > SMA20
2025-08-07T17:56:39.769821,HAS,76.93,20.07,0.14,0.18,-31.12,-31.12,ADX ≥ 20.0;MACD 🚀;BB breakout;Price > SMA20
2025-08-07T17:56:53.440446,HPE,20.20,34.38,0.03,0.17,-20.61,-20.61,ADX ≥ 20.0;MACD 🚀;BB breakout;Price > SMA20
2025-08-07T17:57:06.856417,HON,216.84,58.02,0.47,0.22,-39.18,-39.18,ADX ≥ 20.0;MACD 🚀;RSI 📈;Price > SMA20
2025-08-07T17:57:08.605886,HRL,28.46,78.91,0.04,0.13,-17.86,-17.86,ADX ≥ 20.0;MACD 🚀;RSI 📈;Price > SMA20
2025-08-07T17:57:10.856381,HPQ,25.30,33.26,0.05,0.20,-15.45,-15.45,ADX ≥ 20.0;MACD 🚀;Price > SMA20
2025-08-07T17:57:25.981115,IEX,159.41,30.35,0.24,0.15,-5.99,-5.99,ADX ≥ 20.0;MACD 🚀;Price > SMA20
2025-08-07T17:57:26.864696,IDXX,644.71,50.71,3.62,0.56,-61.61,-61.61,ADX ≥ 20.0;MACD 🚀;ATR14 ≥ 2.0;ATR % ≥ 0.5%;Price > SMA20
2025-08-07T17:57:34.107538,PODD,295.08,35.20,2.20,0.75,-21.49,-21.49,ADX ≥ 20.0;MACD 🚀;RSI 📈;ATR14 ≥ 2.0;ATR % ≥ 0.5%;Price > SMA20
2025-08-07T17:57:42.179769,INTU,762.70,28.10,2.52,0.33,-22.70,-22.70,ADX ≥ 20.0;MACD 🚀;ATR14 ≥ 2.0
2025-08-07T17:57:54.071330,INVH,30.27,33.13,0.04,0.13,-28.66,-28.66,ADX ≥ 20.0;MACD 🚀;Price > SMA20
2025-08-07T17:57:57.841581,IQV,178.28,30.40,0.45,0.25,-29.76,-29.76,ADX ≥ 20.0;MACD 🚀;Price > SMA20
2025-08-07T17:58:13.768701,JBHT,141.07,44.55,0.43,0.30,-55.69,-55.69,ADX ≥ 20.0;MACD 🚀;BB breakout;RSI 📈;Price > SMA20
2025-08-07T17:58:16.605421,JBL,221.64,23.84,0.42,0.19,-14.14,-14.14,ADX ≥ 20.0;MACD 🚀;Price > SMA20
2025-08-07T17:58:29.773138,JCI,104.50,30.87,0.16,0.15,-10.03,-10.03,ADX ≥ 20.0;MACD 🚀;Price > SMA20
2025-08-07T17:58:30.557684,JPM,288.31,35.51,0.38,0.13,-16.72,-16.72,ADX ≥ 20.0;MACD 🚀;Price > SMA20
2025-08-07T17:58:45.253047,KMI,27.06,24.17,0.04,0.16,-14.57,-14.57,ADX ≥ 20.0;MACD 🚀;Price > SMA20
2025-08-07T17:58:49.195643,KKR,141.76,23.91,0.38,0.27,-27.65,-27.65,ADX ≥ 20.0;MACD 🚀;BB breakout;Price > SMA20
2025-08-07T17:58:50.903094,KLAC,910.48,49.78,4.16,0.46,-75.35,-75.35,ADX ≥ 20.0;MACD 🚀;ATR14 ≥ 2.0;Price > SMA20
2025-08-07T17:58:54.925725,LHX,274.34,36.06,0.36,0.13,-12.29,-12.29,ADX ≥ 20.0;MACD 🚀;BB breakout;RSI 📈;Price > SMA20
2025-08-07T17:58:57.757423,LRCX,99.08,51.84,0.38,0.38,-57.03,-57.03,ADX ≥ 20.0;MACD 🚀;RSI 📈;Price > SMA20
2025-08-07T17:59:00.130306,LW,52.13,28.73,0.12,0.23,-30.72,-30.72,ADX ≥ 20.0;MACD 🚀;BB breakout;RSI 📈;Price > SMA20
2025-08-07T17:59:10.248184,LLY,640.52,24.35,2.61,0.41,-26.77,-26.77,ADX ≥ 20.0;MACD 🚀;ATR14 ≥ 2.0
2025-08-07T17:59:17.653420,LIN,470.55,53.39,0.76,0.16,-46.29,-46.29,ADX ≥ 20.0;MACD 🚀;Price > SMA20
2025-08-07T17:59:30.812667,LYB,50.17,30.86,0.16,0.32,5.73,5.73,ADX ≥ 20.0;MACD 🚀;Price > SMA20
2025-08-07T17:59:32.412663,MTB,184.83,23.93,0.26,0.14,-35.02,-35.02,ADX ≥ 20.0;MACD 🚀;Price > SMA20
2025-08-07T17:59:49.651379,MAR,261.50,31.45,0.57,0.22,-42.51,-42.51,ADX ≥ 20.0;MACD 🚀;Price > SMA20
2025-08-07T17:59:54.709813,MAS,69.47,24.24,0.14,0.20,-18.82,-18.82,ADX ≥ 20.0;MACD 🚀;BB breakout;Price > SMA20
2025-08-07T17:59:55.712102,MA,557.46,54.19,1.07,0.19,-26.25,-26.25,ADX ≥ 20.0;MACD 🚀;BB breakout;RSI 📈;Price > SMA20
2025-08-07T17:59:56.524009,MTCH,35.95,42.09,0.19,0.53,-41.20,-41.20,ADX ≥ 20.0;MACD 🚀;ATR % ≥ 0.5%
2025-08-07T18:00:01.161148,MCK,665.02,40.25,1.68,0.25,-0.60,-0.60,ADX ≥ 20.0;MACD 🚀;RSI 📈;Price > SMA20
2025-08-07T18:00:04.253395,MDT,91.68,44.41,0.12,0.13,-4.86,-4.86,ADX ≥ 20.0;MACD 🚀;BB breakout;RSI 📈;Price > SMA20
2025-08-07T18:00:51.166451,MU,112.18,46.54,0.46,0.41,-52.83,-52.83,ADX ≥ 20.0;MACD 🚀;Price > SMA20
2025-08-07T18:01:05.141663,MPWR,794.70,25.69,3.99,0.50,-60.43,-60.43,ADX ≥ 20.0;MACD 🚀;ATR14 ≥ 2.0;ATR % ≥ 0.5%;Price > SMA20
2025-08-07T18:01:05.935602,MNST,60.85,52.79,0.16,0.26,-50.01,-50.01,ADX ≥ 20.0;MACD 🚀;BB breakout;RSI 📈;Price > SMA20
2025-08-07T18:01:06.996900,MCO,513.65,23.24,0.75,0.15,-32.15,-32.15,ADX ≥ 20.0;MACD 🚀;Price > SMA20
2025-08-07T18:01:07.856189,MS,141.21,30.92,0.20,0.14,-23.73,-23.73,ADX ≥ 20.0;MACD 🚀;BB breakout;Price > SMA20
2025-08-07T18:01:09.962762,MSCI,543.60,25.65,0.81,0.15,-16.30,-16.30,ADX ≥ 20.0;MACD 🚀;BB breakout;Price > SMA20
2025-08-07T18:01:16.206530,NEM,69.16,30.93,0.11,0.16,-25.41,-25.41,ADX ≥ 20.0;MACD 🚀;BB breakout;Price > SMA20
2025-08-07T18:01:22.085151,NKE,74.32,20.28,0.12,0.17,-25.81,-25.81,ADX ≥ 20.0;MACD 🚀;Price > SMA20
2025-08-07T18:01:25.620135,NDSN,212.17,23.90,0.35,0.16,-20.84,-20.84,ADX ≥ 20.0;MACD 🚀;BB breakout;Price > SMA20
2025-08-07T18:01:32.117601,NOC,584.19,36.08,0.64,0.11,-35.60,-35.60,ADX ≥ 20.0;MACD 🚀;Price > SMA20
2025-08-07T18:01:34.742683,NRG,153.79,36.00,0.46,0.30,-6.26,-6.26,ADX ≥ 20.0;MACD 🚀;RSI 📈;Price > SMA20
2025-08-07T18:01:42.008128,ORLY,103.54,42.51,0.21,0.20,-66.10,-66.10,ADX ≥ 20.0;MACD 🚀;RSI 📈;Price > SMA20
2025-08-07T18:01:42.818978,OXY,44.36,25.72,0.09,0.21,-21.92,-21.92,ADX ≥ 20.0;MACD 🚀;RSI 📈;Price > SMA20
2025-08-07T18:01:43.596685,ODFL,146.81,43.19,0.71,0.48,-62.55,-62.55,ADX ≥ 20.0;MACD 🚀;BB breakout;Price > SMA20
2025-08-07T18:01:52.875801,OTIS,87.76,21.54,0.13,0.15,-15.51,-15.51,ADX ≥ 20.0;MACD 🚀;BB breakout;RSI 📈;Price > SMA20
2025-08-07T18:01:58.296681,PARA,0.00,22.69,0.04,inf,17.64,17.64,ADX ≥ 20.0;MACD 🚀;RSI 📈;ATR % ≥ 0.5%
2025-08-07T18:02:03.411780,PAYX,140.06,26.33,0.20,0.14,-27.55,-27.55,ADX ≥ 20.0;MACD 🚀;RSI 📈;Price > SMA20
2025-08-07T18:02:06.062784,PYPL,68.11,46.87,0.25,0.36,-48.07,-48.07,ADX ≥ 20.0;MACD 🚀;RSI 📈;Price > SMA20
2025-08-07T18:02:07.024213,PNR,102.12,36.79,0.14,0.14,-22.54,-22.54,ADX ≥ 20.0;MACD 🚀;Price > SMA20
2025-08-07T18:02:09.201464,PCG,15.11,46.44,0.05,0.31,-19.43,-19.43,ADX ≥ 20.0;MACD 🚀;Price > SMA20
2025-08-07T18:02:21.455736,PPG,106.55,21.48,0.18,0.16,-19.33,-19.33,ADX ≥ 20.0;MACD 🚀;Price > SMA20
2025-08-07T18:02:29.447614,PLD,106.26,21.12,0.20,0.19,-19.91,-19.91,ADX ≥ 20.0;MACD 🚀;RSI 📈;Price > SMA20
2025-08-07T18:02:37.417008,PTC,205.11,46.15,1.18,0.57,-47.72,-47.72,ADX ≥ 20.0;MACD 🚀;ATR % ≥ 0.5%
2025-08-07T18:02:43.755464,RL,281.50,21.41,0.95,0.34,-36.89,-36.89,ADX ≥ 20.0;MACD 🚀;BB breakout
2025-08-07T18:02:47.488227,RTX,154.70,31.86,0.19,0.12,-12.52,-12.52,ADX ≥ 20.0;MACD 🚀;RSI 📈;Price > SMA20
2025-08-07T18:02:52.520485,RSG,235.59,52.06,0.14,0.06,-41.92,-41.92,ADX ≥ 20.0;MACD 🚀;RSI 📈;Price > SMA20
2025-08-07T18:02:58.516715,RCL,308.07,22.84,0.62,0.20,-20.78,-20.78,ADX ≥ 20.0;MACD 🚀;Price > SMA20
2025-08-07T18:02:59.425882,SPGI,557.99,24.49,0.72,0.13,-23.43,-23.43,ADX ≥ 20.0;MACD 🚀;BB breakout;Price > SMA20
2025-08-07T18:03:03.942020,SLB,32.91,33.10,0.06,0.17,-11.97,-11.97,ADX ≥ 20.0;MACD 🚀;Price > SMA20
2025-08-07T18:03:05.198637,SRE,82.66,21.85,0.33,0.40,-57.87,-57.87,ADX ≥ 20.0;MACD 🚀;Price > SMA20
2025-08-07T18:03:05.960647,NOW,868.85,30.42,3.15,0.36,-16.44,-16.44,ADX ≥ 20.0;MACD 🚀;ATR14 ≥ 2.0
2025-08-07T18:03:14.621700,SJM,111.15,57.23,0.17,0.15,-17.65,-17.65,ADX ≥ 20.0;MACD 🚀;BB breakout;RSI 📈;Price > SMA20
2025-08-07T18:03:16.513112,SW,43.79,21.88,0.08,0.18,-18.34,-18.34,ADX ≥ 20.0;MACD 🚀;RSI 📈;Price > SMA20
2025-08-07T18:03:20.588793,SWK,68.85,23.03,0.12,0.17,-33.21,-33.21,ADX ≥ 20.0;MACD 🚀;RSI 📈;Price > SMA20
2025-08-07T18:03:21.291082,SBUX,91.31,35.22,0.28,0.31,-42.69,-42.69,ADX ≥ 20.0;MACD 🚀;RSI 📈;Price > SMA20
2025-08-07T18:03:25.289814,STE,235.81,32.94,0.68,0.29,14.02,14.02,ADX ≥ 20.0;MACD 🚀;BB breakout;RSI 📈;Price > SMA20
2025-08-07T18:03:27.727585,SMCI,47.13,35.65,0.19,0.40,-23.28,-23.28,ADX ≥ 20.0;MACD 🚀;BB breakout;Price > SMA20
2025-08-07T18:03:29.954895,SNPS,614.79,30.53,2.35,0.38,-44.71,-44.71,ADX ≥ 20.0;MACD 🚀;RSI 📈;ATR14 ≥ 2.0;Price > SMA20
2025-08-07T18:03:31.760843,SYY,80.50,45.09,0.11,0.14,12.39,12.39,ADX ≥ 20.0;MACD 🚀;RSI 📈;Price > SMA20
2025-08-07T18:03:35.485950,TROW,104.28,35.24,0.26,0.25,-48.31,-48.31,ADX ≥ 20.0;MACD 🚀;BB breakout;RSI 📈;Price > SMA20
2025-08-07T18:03:38.529417,TRGP,169.02,23.57,0.40,0.24,-16.43,-16.43,ADX ≥ 20.0;MACD 🚀;RSI 📈;Price > SMA20
2025-08-07T18:03:39.560216,TGT,105.43,32.04,0.16,0.15,-14.33,-14.33,ADX ≥ 20.0;MACD 🚀;RSI 📈;Price > SMA20
2025-08-07T18:03:40.380889,TEL,200.07,24.36,0.30,0.15,-16.44,-16.44,ADX ≥ 20.0;MACD 🚀;Price > SMA20
2025-08-07T18:03:41.195214,TDY,547.40,21.74,0.73,0.13,-9.06,-9.06,ADX ≥ 20.0;MACD 🚀;Price > SMA20
2025-08-07T18:03:42.064972,TER,105.94,39.02,0.28,0.27,-24.21,-24.21,ADX ≥ 20.0;MACD 🚀;BB breakout;Price > SMA20
2025-08-07T18:03:44.117918,TPL,884.78,22.96,5.67,0.64,22.12,22.12,ADX ≥ 20.0;MACD 🚀;ATR14 ≥ 2.0;ATR % ≥ 0.5%;Price > SMA20
2025-08-07T18:03:45.185025,TMO,454.80,27.82,0.75,0.17,-38.92,-38.92,ADX ≥ 20.0;MACD 🚀;Price > SMA20
2025-08-07T18:03:47.900179,TSCO,60.09,32.41,0.12,0.19,-28.00,-28.00,ADX ≥ 20.0;MACD 🚀;Price > SMA20
2025-08-07T18:03:48.651903,TT,428.53,23.19,0.44,0.10,-15.84,-15.84,ADX ≥ 20.0;MACD 🚀;Price > SMA20
2025-08-07T18:03:50.624932,TRMB,82.50,38.95,0.31,0.37,-30.67,-30.67,ADX ≥ 20.0;MACD 🚀;Price > SMA20
2025-08-07T18:03:54.793270,TSN,56.33,20.96,0.08,0.14,-25.47,-25.47,ADX ≥ 20.0;MACD 🚀;Price > SMA20
2025-08-07T18:03:57.050017,UBER,90.81,26.98,0.25,0.28,-15.57,-15.57,ADX ≥ 20.0;MACD 🚀;Price > SMA20
2025-08-07T18:03:57.864329,UDR,38.93,31.82,0.06,0.14,-3.10,-3.10,ADX ≥ 20.0;MACD 🚀;BB breakout;RSI 📈;Price > SMA20
2025-08-07T18:03:59.844091,ULTA,499.00,55.76,3.36,0.67,-75.98,-75.98,ADX ≥ 20.0;MACD 🚀;BB breakout;ATR14 ≥ 2.0;ATR % ≥ 0.5%
2025-08-07T18:04:04.711641,UAL,88.00,36.95,0.42,0.48,-47.59,-47.59,ADX ≥ 20.0;MACD 🚀;Price > SMA20
2025-08-07T18:04:08.664294,URI,854.70,30.34,1.53,0.18,-29.60,-29.60,ADX ≥ 20.0;MACD 🚀;RSI 📈;Price > SMA20
2025-08-07T18:04:11.533382,VTR,69.03,23.81,0.10,0.14,5.40,5.40,ADX ≥ 20.0;MACD 🚀;RSI 📈;Price > SMA20
2025-08-07T18:04:12.273974,VLTO,107.52,28.45,0.12,0.11,-42.09,-42.09,ADX ≥ 20.0;MACD 🚀;BB breakout;RSI 📈;Price > SMA20
2025-08-07T18:04:22.453003,VICI,33.09,24.36,0.04,0.13,-8.09,-8.09,ADX ≥ 20.0;MACD 🚀;RSI 📈;Price > SMA20
2025-08-07T18:04:23.192988,V,330.92,55.13,0.65,0.20,-17.90,-17.90,ADX ≥ 20.0;MACD 🚀;BB breakout;RSI 📈;Price > SMA20
2025-08-07T18:04:31.990496,WAB,187.91,23.29,0.25,0.13,-26.49,-26.49,ADX ≥ 20.0;MACD 🚀;BB breakout;Price > SMA20
2025-08-07T18:04:35.015036,WBA,11.87,47.92,0.01,0.11,-9.03,-9.03,ADX ≥ 20.0;MACD 🚀;Price > SMA20
2025-08-07T18:04:35.764331,WMT,103.05,49.21,0.12,0.12,-9.63,-9.63,ADX ≥ 20.0;MACD 🚀;RSI 📈;Price > SMA20
2025-08-07T18:04:36.574581,DIS,112.37,33.42,0.19,0.17,-4.55,-4.55,ADX ≥ 20.0;MACD 🚀;Price > SMA20
2025-08-07T18:04:37.303613,WBD,11.96,57.25,0.11,0.93,-54.18,-54.18,ADX ≥ 20.0;MACD 🚀;ATR % ≥ 0.5%;Price > SMA20
2025-08-07T18:04:39.180690,WM,232.98,32.22,0.19,0.08,-10.19,-10.19,ADX ≥ 20.0;MACD 🚀;RSI 📈;Price > SMA20
2025-08-07T18:04:43.803762,WFC,77.22,23.24,0.11,0.15,-28.86,-28.86,ADX ≥ 20.0;MACD 🚀;BB breakout;Price > SMA20
2025-08-07T18:04:47.985494,WDC,74.39,23.85,0.16,0.22,-27.30,-27.30,ADX ≥ 20.0;MACD 🚀;BB breakout;RSI 📈;Price > SMA20
2025-08-07T18:04:51.495460,WTW,324.40,21.80,0.49,0.15,-32.52,-32.52,ADX ≥ 20.0;MACD 🚀;Price > SMA20
2025-08-07T18:04:52.456453,WDAY,219.63,31.61,1.18,0.54,-22.59,-22.59,ADX ≥ 20.0;MACD 🚀;ATR % ≥ 0.5%
2025-08-07T18:04:58.582010,ZBRA,313.65,37.32,0.85,0.27,-28.84,-28.84,ADX ≥ 20.0;MACD 🚀;RSI 📈;Price > SMA20
2025-08-07T18:05:07.964248,MMM,151.13,20.64,0.22,0.15,-0.84,-0.84,ADX ≥ 20.0;MACD 🚀;Price > SMA20
2025-08-07T18:05:21.212132,AMD,171.49,74.81,1.17,0.68,-56.78,-56.78,ADX ≥ 20.0;MACD 🚀;ATR % ≥ 0.5%
2025-08-07T18:05:42.376858,APD,289.72,22.85,0.36,0.13,11.56,11.56,ADX ≥ 20.0;MACD 🚀;Price > SMA20
2025-08-07T18:05:46.597991,ABNB,117.65,68.99,1.15,0.98,-66.54,-66.54,ADX ≥ 20.0;MACD 🚀;ATR % ≥ 0.5%
2025-08-07T18:05:49.776498,AKAM,73.84,59.28,0.20,0.27,-35.22,-35.22,ADX ≥ 20.0;MACD 🚀;RSI 📈;Price > SMA20
2025-08-07T18:05:55.594577,ARE,74.70,26.66,0.15,0.20,-34.95,-34.95,ADX ≥ 20.0;MACD 🚀;Price > SMA20
2025-08-07T18:06:02.724978,ALLE,164.19,30.59,0.22,0.13,-32.47,-32.47,ADX ≥ 20.0;MACD 🚀;BB breakout;RSI 📈;Price > SMA20
2025-08-07T18:06:22.036299,AXP,293.57,24.06,0.52,0.18,-3.48,-3.48,ADX ≥ 20.0;MACD 🚀;RSI 📈;Price > SMA20
2025-08-07T18:06:27.909140,AMP,500.46,37.45,0.66,0.13,-41.59,-41.59,ADX ≥ 20.0;MACD 🚀;BB breakout;RSI 📈;Price > SMA20
2025-08-07T18:06:37.590950,AON,362.89,23.29,0.44,0.12,-18.12,-18.12,ADX ≥ 20.0;MACD 🚀;RSI 📈;Price > SMA20
2025-08-07T18:06:38.551208,APA,19.61,72.56,0.19,0.95,-54.75,-54.75,ADX ≥ 20.0;MACD 🚀;ATR % ≥ 0.5%;Price > SMA20
2025-08-07T18:06:41.388282,APO,140.28,32.45,0.41,0.29,-37.46,-37.46,ADX ≥ 20.0;MACD 🚀;BB breakout;RSI 📈;Price > SMA20
2025-08-07T18:06:43.599100,AAPL,219.64,71.83,0.77,0.35,-46.08,-46.08,ADX ≥ 20.0;MACD 🚀;Price > SMA20
2025-08-07T18:06:44.980960,APTV,65.73,46.79,0.10,0.15,-28.86,-28.86,ADX ≥ 20.0;MACD 🚀;BB breakout
2025-08-07T18:06:47.836231,ACGL,88.50,62.89,0.22,0.25,-46.04,-46.04,ADX ≥ 20.0;MACD 🚀;RSI 📈;Price > SMA20
2025-08-07T18:06:52.094983,AJG,287.51,21.49,0.32,0.11,-18.83,-18.83,ADX ≥ 20.0;MACD 🚀;Price > SMA20
2025-08-07T18:06:58.406879,T,28.03,68.48,0.04,0.15,-6.84,-6.84,ADX ≥ 20.0;MACD 🚀;RSI 📈;Price > SMA20
2025-08-07T18:07:01.228992,ADSK,290.43,42.36,1.50,0.52,-60.42,-60.42,ADX ≥ 20.0;MACD 🚀;ATR % ≥ 0.5%
2025-08-07T18:07:03.088590,ADP,302.60,27.05,0.43,0.14,-34.27,-34.27,ADX ≥ 20.0;MACD 🚀;Price > SMA20
2025-08-07T18:07:05.138838,AZO,4037.43,42.66,11.08,0.27,8.86,8.86,ADX ≥ 20.0;MACD 🚀;ATR14 ≥ 2.0
2025-08-07T18:07:12.149549,AXON,867.77,24.99,3.39,0.39,-22.46,-22.46,ADX ≥ 20.0;MACD 🚀;ATR14 ≥ 2.0
2025-08-07T18:07:13.116590,BKR,43.21,23.08,0.08,0.19,-32.95,-32.95,ADX ≥ 20.0;MACD 🚀;Price > SMA20
2025-08-07T18:07:34.362213,BRK-B,0.00,20.94,0.48,inf,-20.29,-20.29,ADX ≥ 20.0;MACD 🚀;ATR % ≥ 0.5%
2025-08-07T18:07:55.519478,BLK,1113.05,33.27,1.63,0.15,-37.67,-37.67,ADX ≥ 20.0;MACD 🚀;Price > SMA20
2025-08-07T18:07:59.749328,BK,101.69,29.82,0.12,0.12,-35.15,-35.15,ADX ≥ 20.0;MACD 🚀;Price > SMA20
2025-08-07T18:08:02.852796,BA,225.88,21.30,0.33,0.15,-14.64,-14.64,ADX ≥ 20.0;MACD 🚀;RSI 📈;Price > SMA20
2025-08-07T18:08:05.674334,BKNG,5427.56,32.55,18.11,0.33,-44.70,-44.70,ADX ≥ 20.0;MACD 🚀;ATR14 ≥ 2.0
2025-08-07T18:08:06.544760,BSX,102.46,31.48,0.12,0.12,-4.09,-4.09,ADX ≥ 20.0;MACD 🚀;Price > SMA20
2025-08-07T18:08:22.241659,BXP,65.73,33.15,0.17,0.26,-13.62,-13.62,ADX ≥ 20.0;MACD 🚀;Price > SMA20
2025-08-07T18:08:35.463407,CZR,24.05,27.62,0.13,0.52,-27.05,-27.05,ADX ≥ 20.0;MACD 🚀;ATR % ≥ 0.5%
2025-08-07T18:08:38.016808,CAH,152.50,24.78,0.25,0.17,-4.35,-4.35,ADX ≥ 20.0;MACD 🚀;Price > SMA20
2025-08-07T18:08:43.821043,CARR,66.44,32.26,0.10,0.16,-14.52,-14.52,ADX ≥ 20.0;MACD 🚀;Price > SMA20
2025-08-07T18:08:44.633056,CAT,416.41,32.76,0.60,0.14,-23.91,-23.91,ADX ≥ 20.0;MACD 🚀;Price > SMA20
2025-08-07T18:08:48.049048,CDW,162.15,56.89,0.68,0.42,-47.10,-47.10,ADX ≥ 20.0;MACD 🚀;RSI 📈;Price > SMA20
2025-08-07T18:08:59.847390,CVX,153.47,26.38,0.20,0.13,-8.68,-8.68,ADX ≥ 20.0;MACD 🚀;Price > SMA20
2025-08-07T18:09:06.561347,CTAS,224.00,22.54,0.25,0.11,-60.73,-60.73,ADX ≥ 20.0;MACD 🚀;Price > SMA20
2025-08-07T18:09:14.438398,CLX,126.23,30.67,0.19,0.15,-7.58,-7.58,ADX ≥ 20.0;MACD 🚀;Price > SMA20
2025-08-07T18:09:35.578470,CEG,337.12,25.44,1.52,0.45,-22.33,-22.33,ADX ≥ 20.0;MACD 🚀;Price > SMA20
2025-08-07T18:09:40.717647,GLW,64.67,48.16,0.11,0.17,-25.42,-25.42,ADX ≥ 20.0;MACD 🚀;Price > SMA20
2025-08-07T18:09:44.043330,CPAY,303.96,24.13,1.29,0.43,4.82,4.82,ADX ≥ 20.0;MACD 🚀;Price > SMA20
2025-08-07T18:09:44.946358,CTVA,70.96,23.35,0.15,0.21,13.86,13.86,ADX ≥ 20.0;MACD 🚀;Price > SMA20
2025-08-07T18:10:00.330844,CCI,106.44,37.54,0.17,0.16,34.99,34.99,ADX ≥ 20.0;MACD 🚀;RSI 📈;Price > SMA20
2025-08-07T18:10:13.722305,DRI,205.03,25.00,0.20,0.10,-20.70,-20.70,ADX ≥ 20.0;MACD 🚀;Price > SMA20
2025-08-07T18:10:23.264970,DE,503.42,28.45,0.66,0.13,-41.22,-41.22,ADX ≥ 20.0;MACD 🚀;Price > SMA20
2025-08-07T18:10:25.994613,DAL,53.43,27.12,0.09,0.17,-30.33,-30.33,ADX ≥ 20.0;MACD 🚀;Price > SMA20
2025-08-07T18:10:33.339263,DXCM,76.32,29.49,0.17,0.22,-23.54,-23.54,ADX ≥ 20.0;MACD 🚀;RSI 📈;Price > SMA20
2025-08-07T18:10:40.232083,DASH,270.20,64.11,1.55,0.57,-46.36,-46.36,ADX ≥ 20.0;MACD 🚀;RSI 📈;ATR % ≥ 0.5%;Price > SMA20
2025-08-07T18:10:41.054776,DOV,174.24,22.19,0.20,0.11,-25.57,-25.57,ADX ≥ 20.0;MACD 🚀;Price > SMA20
2025-08-07T18:10:47.876153,EIX,54.84,45.71,0.19,0.35,-36.99,-36.99,ADX ≥ 20.0;MACD 🚀;Price > SMA20
2025-08-07T18:10:57.088378,ETR,90.61,22.19,0.09,0.10,-40.28,-40.28,ADX ≥ 20.0;MACD 🚀;RSI 📈;Price > SMA20
2025-08-07T18:10:57.881449,EOG,117.43,23.53,0.21,0.17,-3.59,-3.59,ADX ≥ 20.0;MACD 🚀;Price > SMA20
2025-08-07T18:11:09.020681,ES,66.12,24.62,0.07,0.10,-30.44,-30.44,ADX ≥ 20.0;MACD 🚀;Price > SMA20
2025-08-07T18:11:11.005052,EXC,45.65,21.43,0.06,0.13,-51.46,-51.46,ADX ≥ 20.0;MACD 🚀;RSI 📈;Price > SMA20
2025-08-07T18:11:13.066505,EXPE,182.52,44.05,0.74,0.40,-58.71,-58.71,ADX ≥ 20.0;MACD 🚀;Price > SMA20
2025-08-07T18:11:17.674100,EXR,137.92,22.28,0.16,0.12,-24.03,-24.03,ADX ≥ 20.0;MACD 🚀;BB breakout;RSI 📈;Price > SMA20
2025-08-07T18:11:18.643273,XOM,106.72,33.76,0.14,0.13,-9.77,-9.77,ADX ≥ 20.0;MACD 🚀;RSI 📈;Price > SMA20
2025-08-07T18:11:21.196151,FICO,1345.24,31.54,3.73,0.28,-1.41,-1.41,ADX ≥ 20.0;MACD 🚀;ATR14 ≥ 2.0
2025-08-07T18:11:22.717867,FRT,92.52,24.01,0.15,0.16,-21.13,-21.13,ADX ≥ 20.0;MACD 🚀;BB breakout;RSI 📈;Price > SMA20
2025-08-07T18:11:26.446563,FIS,70.33,31.96,0.13,0.19,-17.12,-17.12,ADX ≥ 20.0;MACD 🚀;Price > SMA20
2025-08-07T18:11:28.547301,FE,43.61,23.24,0.04,0.10,-14.46,-14.46,ADX ≥ 20.0;MACD 🚀;RSI 📈;Price > SMA20
2025-08-07T18:11:35.066029,BEN,24.81,23.48,0.04,0.17,-8.23,-8.23,ADX ≥ 20.0;MACD 🚀;Price > SMA20
2025-08-07T18:11:42.371178,GEHC,70.83,22.30,0.15,0.20,-26.26,-26.26,ADX ≥ 20.0;MACD 🚀;Price > SMA20
2025-08-07T18:11:50.680981,GPC,133.36,21.53,0.15,0.11,-3.48,-3.48,ADX ≥ 20.0;MACD 🚀;Price > SMA20
2025-08-07T18:11:52.741497,GILD,110.14,43.17,0.20,0.18,-38.15,-38.15,ADX ≥ 20.0;MACD 🚀;RSI 📈;Price > SMA20
2025-08-07T18:11:53.753436,GPN,83.00,22.57,0.20,0.24,-5.49,-5.49,ADX ≥ 20.0;MACD 🚀;BB breakout;RSI 📈;Price > SMA20
2025-08-07T18:11:58.483466,GDDY,148.18,45.71,0.40,0.27,-2.22,-2.22,ADX ≥ 20.0;MACD 🚀;Price > SMA20
2025-08-07T18:11:59.357591,GS,720.77,23.68,0.82,0.11,-29.51,-29.51,ADX ≥ 20.0;MACD 🚀;Price > SMA20
2025-08-07T18:12:00.163483,HAL,21.09,39.46,0.04,0.19,-9.26,-9.26,ADX ≥ 20.0;MACD 🚀;Price > SMA20
2025-08-07T18:12:35.726033,HPE,20.23,32.64,0.03,0.16,-12.06,-12.06,ADX ≥ 20.0;MACD 🚀;RSI 📈;Price > SMA20
2025-08-07T18:12:37.754586,HD,384.65,24.38,0.43,0.11,-28.42,-28.42,ADX ≥ 20.0;MACD 🚀;BB breakout;RSI 📈;Price > SMA20
2025-08-07T18:12:49.963307,IEX,159.34,29.51,0.20,0.13,-3.19,-3.19,ADX ≥ 20.0;MACD 🚀;Price > SMA20
2025-08-07T18:12:50.834964,IDXX,645.65,57.17,3.42,0.53,-66.96,-66.96,ADX ≥ 20.0;MACD 🚀;BB breakout;ATR14 ≥ 2.0;ATR % ≥ 0.5%;Price > SMA20
2025-08-07T18:12:56.642175,PODD,297.46,25.86,2.26,0.76,-40.93,-40.93,ADX ≥ 20.0;MACD 🚀;BB breakout;RSI 📈;ATR14 ≥ 2.0;ATR % ≥ 0.5%;Price > SMA20
2025-08-07T18:12:59.504658,ICE,188.37,24.43,0.16,0.09,-26.94,-26.94,ADX ≥ 20.0;MACD 🚀;RSI 📈;Price > SMA20
2025-08-07T18:13:04.898969,INVH,30.34,31.20,0.03,0.11,-17.47,-17.47,ADX ≥ 20.0;MACD 🚀;BB breakout;RSI 📈;Price > SMA20
2025-08-07T18:13:05.713869,IQV,178.59,29.55,0.40,0.22,-32.98,-32.98,ADX ≥ 20.0;MACD 🚀;BB breakout;RSI 📈;Price > SMA20
2025-08-07T18:13:11.580945,JBHT,141.04,60.64,0.38,0.27,-60.54,-60.54,ADX ≥ 20.0;MACD 🚀;Price > SMA20
2025-08-07T18:13:16.192572,JKHY,164.46,29.74,0.47,0.29,-53.17,-53.17,ADX ≥ 20.0;MACD 🚀;BB breakout
2025-08-07T18:13:18.086998,JCI,104.48,26.30,0.13,0.12,-29.17,-29.17,ADX ≥ 20.0;MACD 🚀;Price > SMA20
2025-08-07T18:13:18.933621,JPM,288.22,33.86,0.34,0.12,-21.36,-21.36,ADX ≥ 20.0;MACD 🚀;Price > SMA20
2025-08-07T18:13:22.815609,KVUE,21.82,26.15,0.07,0.33,-20.99,-20.99,ADX ≥ 20.0;MACD 🚀;Price > SMA20
2025-08-07T18:13:25.961584,KMB,137.14,31.92,0.22,0.16,-3.69,-3.69,ADX ≥ 20.0;MACD 🚀;Price > SMA20
2025-08-07T18:13:28.910581,KIM,21.16,25.94,0.03,0.13,-24.64,-24.64,ADX ≥ 20.0;MACD 🚀;BB breakout;RSI 📈;Price > SMA20
2025-08-07T18:13:30.664366,KKR,141.65,20.02,0.32,0.22,-38.78,-38.78,ADX ≥ 20.0;MACD 🚀;Price > SMA20
2025-08-07T18:13:35.097195,KHC,27.75,22.01,0.06,0.21,-45.74,-45.74,ADX ≥ 20.0;MACD 🚀;BB breakout;RSI 📈;Price > SMA20
2025-08-07T18:13:48.961115,LLY,639.28,21.11,2.23,0.35,-43.14,-43.14,ADX ≥ 20.0;MACD 🚀;ATR14 ≥ 2.0
2025-08-07T18:13:51.803537,LIN,470.64,51.50,0.78,0.17,-32.29,-32.29,ADX ≥ 20.0;MACD 🚀;Price > SMA20
2025-08-07T18:13:55.110527,LKQ,29.84,50.37,0.06,0.19,-18.63,-18.63,ADX ≥ 20.0;MACD 🚀;BB breakout;RSI 📈;Price > SMA20
2025-08-07T18:13:55.971976,LMT,430.58,29.71,0.66,0.15,-5.31,-5.31,ADX ≥ 20.0;MACD 🚀;BB breakout;RSI 📈;Price > SMA20
2025-08-07T18:13:57.153517,LOW,237.53,35.79,0.30,0.13,-27.51,-27.51,ADX ≥ 20.0;MACD 🚀;BB breakout;RSI 📈;Price > SMA20
2025-08-07T18:14:01.921168,LYB,50.33,24.35,0.15,0.30,12.91,12.91,ADX ≥ 20.0;MACD 🚀;RSI 📈;Price > SMA20
2025-08-07T18:14:03.277225,MPC,162.62,47.91,0.25,0.15,-14.08,-14.08,ADX ≥ 20.0;MACD 🚀;BB breakout;RSI 📈;Price > SMA20
2025-08-07T18:14:07.276739,MAS,69.50,23.78,0.11,0.16,-37.99,-37.99,ADX ≥ 20.0;MACD 🚀;Price > SMA20
2025-08-07T18:14:08.153525,MA,557.16,38.30,0.94,0.17,-28.16,-28.16,ADX ≥ 20.0;MACD 🚀;Price > SMA20
2025-08-07T18:14:08.970237,MTCH,35.96,51.96,0.19,0.53,-45.58,-45.58,ADX ≥ 20.0;MACD 🚀;ATR % ≥ 0.5%
2025-08-07T18:14:09.642614,MKC,70.41,80.07,0.09,0.13,4.22,4.22,ADX ≥ 20.0;MACD 🚀;BB breakout;RSI 📈;Price > SMA20
2025-08-07T18:14:29.069744,MNST,60.88,51.44,0.16,0.26,-44.63,-44.63,ADX ≥ 20.0;MACD 🚀;RSI 📈;Price > SMA20
2025-08-07T18:14:29.863611,MCO,513.88,22.14,0.61,0.12,-41.04,-41.04,ADX ≥ 20.0;MACD 🚀;Price > SMA20
2025-08-07T18:14:31.048468,MS,141.12,27.25,0.18,0.13,-26.07,-26.07,ADX ≥ 20.0;MACD 🚀;Price > SMA20
2025-08-07T18:14:38.217994,MSCI,543.48,21.15,0.62,0.11,-24.91,-24.91,ADX ≥ 20.0;MACD 🚀;Price > SMA20
2025-08-07T18:14:40.334137,NEM,69.09,29.90,0.11,0.16,-19.73,-19.73,ADX ≥ 20.0;MACD 🚀;Price > SMA20
2025-08-07T18:14:54.259342,NOC,584.66,33.47,0.60,0.10,-26.86,-26.86,ADX ≥ 20.0;MACD 🚀;Price > SMA20
2025-08-07T18:14:55.729113,NRG,154.20,44.15,0.47,0.30,-0.08,-0.08,ADX ≥ 20.0;MACD 🚀;RSI 📈;Price > SMA20
2025-08-07T18:14:59.443184,NVR,7843.80,54.77,11.17,0.14,-4.68,-4.68,ADX ≥ 20.0;MACD 🚀;ATR14 ≥ 2.0
2025-08-07T18:15:02.631913,OXY,44.37,30.76,0.08,0.18,-21.02,-21.02,ADX ≥ 20.0;MACD 🚀;Price > SMA20
2025-08-07T18:15:11.798528,PKG,195.26,24.24,0.24,0.12,-19.45,-19.45,ADX ≥ 20.0;MACD 🚀;RSI 📈;Price > SMA20
2025-08-07T18:15:17.162048,PARA,0.00,22.69,0.04,inf,17.64,17.64,ADX ≥ 20.0;MACD 🚀;RSI 📈;ATR % ≥ 0.5%
2025-08-07T18:15:18.496737,PAYX,140.33,26.34,0.16,0.12,-15.89,-15.89,ADX ≥ 20.0;MACD 🚀;RSI 📈;Price > SMA20
2025-08-07T18:15:19.949152,PYPL,68.06,52.11,0.13,0.19,-36.06,-36.06,ADX ≥ 20.0;MACD 🚀;Price > SMA20
2025-08-07T18:15:21.923274,PNR,102.22,33.85,0.12,0.11,-30.56,-30.56,ADX ≥ 20.0;MACD 🚀;Price > SMA20
2025-08-07T18:15:24.015806,PCG,15.16,45.00,0.04,0.24,-21.08,-21.08,ADX ≥ 20.0;MACD 🚀;RSI 📈;Price > SMA20
2025-08-07T18:15:25.295694,PSX,119.93,33.96,0.13,0.11,-31.67,-31.67,ADX ≥ 20.0;MACD 🚀;Price > SMA20
2025-08-07T18:15:29.687563,PPL,36.50,22.92,0.04,0.11,-20.98,-20.98,ADX ≥ 20.0;MACD 🚀;BB breakout;RSI 📈;Price > SMA20
2025-08-07T18:15:32.703194,PLD,106.42,24.87,0.15,0.14,-38.52,-38.52,ADX ≥ 20.0;MACD 🚀;RSI 📈;Price > SMA20
2025-08-07T18:15:37.914546,PTC,204.75,50.27,1.12,0.55,-53.60,-53.60,ADX ≥ 20.0;MACD 🚀;ATR % ≥ 0.5%
2025-08-07T18:15:44.188795,RTX,154.86,37.73,0.18,0.12,-22.30,-22.30,ADX ≥ 20.0;MACD 🚀;RSI 📈;Price > SMA20
2025-08-07T18:15:49.894235,RSG,235.66,60.65,0.14,0.06,-18.08,-18.08,ADX ≥ 20.0;MACD 🚀;RSI 📈;Price > SMA20
2025-08-07T18:15:56.142229,SPGI,557.37,23.86,0.61,0.11,-31.69,-31.69,ADX ≥ 20.0;MACD 🚀;Price > SMA20
2025-08-07T18:15:58.179747,SLB,32.95,36.43,0.05,0.14,-15.07,-15.07,ADX ≥ 20.0;MACD 🚀;RSI 📈;Price > SMA20
2025-08-07T18:15:59.583166,SRE,82.80,24.68,0.24,0.29,-63.71,-63.71,ADX ≥ 20.0;MACD 🚀;BB breakout;RSI 📈;Price > SMA20
2025-08-07T18:16:00.487973,NOW,864.47,35.86,2.87,0.33,-26.14,-26.14,ADX ≥ 20.0;MACD 🚀;ATR14 ≥ 2.0
2025-08-07T18:16:02.836446,SWKS,67.96,42.56,0.12,0.18,-30.84,-30.84,ADX ≥ 20.0;MACD 🚀;Price > SMA20
2025-08-07T18:16:03.719503,SJM,111.15,56.84,0.14,0.13,-18.03,-18.03,ADX ≥ 20.0;MACD 🚀;RSI 📈;Price > SMA20
2025-08-07T18:16:05.805397,SOLV,72.00,38.05,0.11,0.15,-33.60,-33.60,ADX ≥ 20.0;MACD 🚀;Price > SMA20
2025-08-07T18:16:08.887252,SWK,68.97,20.55,0.11,0.16,-24.49,-24.49,ADX ≥ 20.0;MACD 🚀;RSI 📈;Price > SMA20
2025-08-07T18:16:11.492039,STE,235.79,35.14,0.63,0.27,-0.30,-0.30,ADX ≥ 20.0;MACD 🚀;RSI 📈;Price > SMA20
2025-08-07T18:16:17.005711,SNPS,613.47,33.07,1.30,0.21,-44.49,-44.49,ADX ≥ 20.0;MACD 🚀;Price > SMA20
2025-08-07T18:16:17.921623,SYY,80.62,45.80,0.11,0.13,-13.03,-13.03,ADX ≥ 20.0;MACD 🚀;BB breakout;RSI 📈;Price > SMA20
2025-08-07T18:16:21.291258,TROW,104.15,41.97,0.14,0.13,-48.27,-48.27,ADX ≥ 20.0;MACD 🚀;Price > SMA20
2025-08-07T18:16:32.070029,TDY,547.86,21.74,0.73,0.13,-9.06,-9.06,ADX ≥ 20.0;MACD 🚀;Price > SMA20
2025-08-07T18:16:40.587276,TPL,878.35,23.39,5.98,0.68,15.70,15.70,ADX ≥ 20.0;MACD 🚀;ATR14 ≥ 2.0;ATR % ≥ 0.5%;Price > SMA20
2025-08-07T18:16:41.865331,TMO,456.16,31.30,0.64,0.14,-23.10,-23.10,ADX ≥ 20.0;MACD 🚀;BB breakout;RSI 📈;Price > SMA20
2025-08-07T18:16:52.864658,UDR,39.03,31.30,0.05,0.14,4.68,4.68,ADX ≥ 20.0;MACD 🚀;BB breakout;RSI 📈;Price > SMA20
2025-08-07T18:16:54.242330,ULTA,498.72,58.04,2.08,0.42,-69.64,-69.64,ADX ≥ 20.0;MACD 🚀;ATR14 ≥ 2.0
2025-08-07T18:16:58.328265,URI,853.96,32.34,1.14,0.13,-35.34,-35.34,ADX ≥ 20.0;MACD 🚀;Price > SMA20
2025-08-07T18:17:01.928048,UHS,167.81,31.30,0.30,0.18,-45.02,-45.02,ADX ≥ 20.0;MACD 🚀;Price > SMA20
2025-08-07T18:17:02.696861,VLO,133.31,36.15,0.18,0.14,-22.71,-22.71,ADX ≥ 20.0;MACD 🚀;RSI 📈;Price > SMA20
2025-08-07T18:17:07.858386,VTR,69.02,24.54,0.08,0.12,-18.85,-18.85,ADX ≥ 20.0;MACD 🚀;Price > SMA20
2025-08-07T18:17:12.366859,VZ,42.97,35.30,0.04,0.10,-12.75,-12.75,ADX ≥ 20.0;MACD 🚀;BB breakout;RSI 📈;Price > SMA20
2025-08-07T18:17:15.974721,VTRS,9.31,47.82,0.03,0.32,-42.90,-42.90,ADX ≥ 20.0;MACD 🚀;RSI 📈;Price > SMA20
2025-08-07T18:17:16.736286,VICI,33.12,20.68,0.04,0.11,-10.86,-10.86,ADX ≥ 20.0;MACD 🚀;RSI 📈;Price > SMA20
2025-08-07T18:17:17.817957,V,331.31,43.36,0.65,0.20,-4.57,-4.57,ADX ≥ 20.0;MACD 🚀;RSI 📈;Price > SMA20
2025-08-07T18:17:27.149639,WBA,11.88,51.93,0.01,0.08,-26.17,-26.17,ADX ≥ 20.0;MACD 🚀;RSI 📈;Price > SMA20
2025-08-07T18:17:29.918911,DIS,112.25,29.94,0.18,0.16,-4.68,-4.68,ADX ≥ 20.0;MACD 🚀;Price > SMA20
2025-08-07T18:17:31.335427,WM,233.13,34.84,0.18,0.08,-17.59,-17.59,ADX ≥ 20.0;MACD 🚀;RSI 📈;Price > SMA20
2025-08-07T18:17:38.595802,WST,240.75,33.30,0.35,0.15,-4.91,-4.91,ADX ≥ 20.0;MACD 🚀;Price > SMA20
2025-08-07T18:17:45.701777,WTW,325.07,23.73,0.41,0.13,-34.48,-34.48,ADX ≥ 20.0;MACD 🚀;RSI 📈;Price > SMA20
2025-08-07T18:17:55.076066,ZBRA,314.04,41.99,0.54,0.17,-27.38,-27.38,ADX ≥ 20.0;MACD 🚀;RSI 📈;Price > SMA20
2025-08-07T18:18:14.315360,AFL,102.04,26.41,0.12,0.12,-12.14,-12.14,ADX ≥ 20.0;MACD 🚀;RSI 📈;Price > SMA20
2025-08-07T18:18:17.506959,ABNB,117.93,72.43,0.35,0.29,-61.66,-61.66,ADX ≥ 20.0;MACD 🚀;BB breakout
2025-08-07T18:18:21.151508,ARE,74.68,26.73,0.13,0.18,-26.63,-26.63,ADX ≥ 20.0;MACD 🚀;Price > SMA20
2025-08-07T18:18:22.037162,ALGN,137.39,27.11,0.28,0.20,-24.52,-24.52,ADX ≥ 20.0;MACD 🚀;Price > SMA20
2025-08-07T18:18:22.966907,ALLE,164.02,29.57,0.20,0.12,-28.99,-28.99,ADX ≥ 20.0;MACD 🚀;Price > SMA20
2025-08-07T18:18:27.201502,MO,63.48,54.29,0.06,0.10,-5.60,-5.60,ADX ≥ 20.0;MACD 🚀;BB breakout;RSI 📈;Price > SMA20
2025-08-07T18:18:29.193069,AEE,102.47,24.38,0.11,0.11,-32.05,-32.05,ADX ≥ 20.0;MACD 🚀;RSI 📈;Price > SMA20
2025-08-07T18:18:29.970944,AEP,114.36,26.77,0.13,0.11,-18.60,-18.60,ADX ≥ 20.0;MACD 🚀;RSI 📈;Price > SMA20
2025-08-07T18:18:35.081712,AMT,210.79,25.55,0.33,0.16,12.27,12.27,ADX ≥ 20.0;MACD 🚀;RSI 📈;Price > SMA20
2025-08-07T18:18:40.887251,AMP,499.48,33.11,0.60,0.12,-16.72,-16.72,ADX ≥ 20.0;MACD 🚀;Price > SMA20
2025-08-07T18:18:47.151174,AON,363.21,29.82,0.38,0.10,-16.51,-16.51,ADX ≥ 20.0;MACD 🚀;RSI 📈;Price > SMA20
2025-08-07T18:18:55.635513,APA,19.64,73.08,0.08,0.43,-57.81,-57.81,ADX ≥ 20.0;MACD 🚀;Price > SMA20
2025-08-07T18:18:56.507601,APO,140.04,42.13,0.41,0.29,-34.49,-34.49,ADX ≥ 20.0;MACD 🚀;Price > SMA20
2025-08-07T18:19:00.545517,ACGL,88.65,69.71,0.10,0.11,-41.44,-41.44,ADX ≥ 20.0;MACD 🚀;RSI 📈;Price > SMA20
2025-08-07T18:19:03.331502,AJG,288.41,34.72,0.33,0.12,6.17,6.17,ADX ≥ 20.0;MACD 🚀;BB breakout;RSI 📈;Price > SMA20
2025-08-07T18:19:11.874645,ADP,303.10,27.81,0.37,0.12,-23.30,-23.30,ADX ≥ 20.0;MACD 🚀;RSI 📈;Price > SMA20
2025-08-07T18:19:14.114341,AZO,4037.43,43.22,10.57,0.26,-9.43,-9.43,ADX ≥ 20.0;MACD 🚀;ATR14 ≥ 2.0
2025-08-07T18:19:15.054411,AVB,189.01,32.78,0.27,0.15,-5.56,-5.56,ADX ≥ 20.0;MACD 🚀;Price > SMA20
2025-08-07T18:19:19.387738,BKR,43.23,28.45,0.06,0.13,-22.47,-22.47,ADX ≥ 20.0;MACD 🚀;Price > SMA20
2025-08-07T18:19:23.248444,BDX,186.61,34.03,0.40,0.21,0.52,0.52,ADX ≥ 20.0;MACD 🚀;BB breakout;RSI 📈;Price > SMA20
2025-08-07T18:19:23.968116,BRK-B,0.00,22.74,0.43,inf,-13.74,-13.74,ADX ≥ 20.0;MACD 🚀;ATR % ≥ 0.5%
2025-08-07T18:19:32.367372,BKNG,5411.40,24.76,17.26,0.32,-42.46,-42.46,ADX ≥ 20.0;MACD 🚀;ATR14 ≥ 2.0
2025-08-07T18:19:37.515838,BR,264.94,20.39,0.40,0.15,-16.00,-16.00,ADX ≥ 20.0;MACD 🚀;Price > SMA20
2025-08-07T18:19:38.297124,BRO,92.58,39.30,0.13,0.15,-9.15,-9.15,ADX ≥ 20.0;MACD 🚀;RSI 📈;Price > SMA20
2025-08-07T18:19:43.205822,BF-B,0.00,22.80,0.06,inf,-26.38,-26.38,ADX ≥ 20.0;MACD 🚀;ATR % ≥ 0.5%
2025-08-07T18:19:43.969448,BLDR,133.21,28.18,0.32,0.24,-14.72,-14.72,ADX ≥ 20.0;MACD 🚀;RSI 📈;Price > SMA20
2025-08-07T18:19:45.418344,BXP,65.67,35.14,0.14,0.22,-16.71,-16.71,ADX ≥ 20.0;MACD 🚀;Price > SMA20
2025-08-07T18:19:51.891036,CPT,107.17,24.47,0.14,0.13,-4.83,-4.83,ADX ≥ 20.0;MACD 🚀;RSI 📈;Price > SMA20
2025-08-07T18:19:57.889919,CARR,66.44,30.31,0.10,0.15,-12.93,-12.93,ADX ≥ 20.0;MACD 🚀;Price > SMA20
2025-08-07T18:20:01.931665,CAT,416.36,37.73,0.60,0.14,-4.76,-4.76,ADX ≥ 20.0;MACD 🚀;Price > SMA20
2025-08-07T18:20:04.680893,CDW,162.11,65.43,0.34,0.21,-44.17,-44.17,ADX ≥ 20.0;MACD 🚀;Price > SMA20
2025-08-07T18:20:06.981350,CNP,39.14,23.00,0.04,0.10,-24.30,-24.30,ADX ≥ 20.0;MACD 🚀;Price > SMA20
2025-08-07T18:20:13.258182,CRL,150.60,41.19,0.28,0.19,-14.21,-14.21,ADX ≥ 20.0;MACD 🚀;RSI 📈;Price > SMA20
2025-08-07T18:20:16.532963,CVX,153.72,31.97,0.18,0.12,-25.18,-25.18,ADX ≥ 20.0;MACD 🚀;RSI 📈;Price > SMA20
2025-08-07T18:20:30.741670,CLX,126.38,26.74,0.16,0.13,-27.31,-27.31,ADX ≥ 20.0;MACD 🚀;RSI 📈;Price > SMA20
2025-08-07T18:20:35.227668,KO,70.61,31.82,0.06,0.09,-22.24,-22.24,ADX ≥ 20.0;MACD 🚀;BB breakout;RSI 📈;Price > SMA20
2025-08-07T18:20:42.472314,CAG,19.36,58.44,0.03,0.17,-16.48,-16.48,ADX ≥ 20.0;MACD 🚀;BB breakout;RSI 📈;Price > SMA20
2025-08-07T18:20:44.110492,ED,105.18,22.79,0.11,0.11,-10.95,-10.95,ADX ≥ 20.0;MACD 🚀;Price > SMA20
2025-08-07T18:20:47.950829,COO,68.85,21.12,0.10,0.14,-17.88,-17.88,ADX ≥ 20.0;MACD 🚀;RSI 📈;Price > SMA20
2025-08-07T18:21:01.893762,CPAY,303.88,21.37,1.12,0.37,1.86,1.86,ADX ≥ 20.0;MACD 🚀;Price > SMA20
2025-08-07T18:21:06.713277,CCI,106.57,49.80,0.17,0.16,-7.95,-7.95,ADX ≥ 20.0;MACD 🚀;RSI 📈;Price > SMA20
2025-08-07T18:21:11.312199,DHR,198.63,20.92,0.29,0.14,0.77,0.77,ADX ≥ 20.0;MACD 🚀;Price > SMA20
2025-08-07T18:21:25.385676,DOW,21.77,21.55,0.06,0.29,-5.58,-5.58,ADX ≥ 20.0;MACD 🚀;Price > SMA20
2025-08-07T18:21:28.976833,EMN,61.38,36.00,0.11,0.18,-28.12,-28.12,ADX ≥ 20.0;MACD 🚀;Price > SMA20
2025-08-07T18:21:31.960023,EIX,54.76,44.65,0.17,0.30,-35.48,-35.48,ADX ≥ 20.0;MACD 🚀;Price > SMA20
2025-08-07T18:21:35.118699,EMR,131.75,30.52,0.28,0.21,-10.85,-10.85,ADX ≥ 20.0;MACD 🚀;BB breakout;Price > SMA20
2025-08-07T18:21:44.643042,EQR,64.25,20.14,0.07,0.12,-11.63,-11.63,ADX ≥ 20.0;MACD 🚀;Price > SMA20
2025-08-07T18:21:57.848634,ES,66.09,27.81,0.08,0.12,-9.91,-9.91,ADX ≥ 20.0;MACD 🚀;Price > SMA20
2025-08-07T18:22:01.009302,EXPE,182.94,44.41,0.36,0.20,-47.97,-47.97,ADX ≥ 20.0;MACD 🚀;Price > SMA20
2025-08-07T18:22:02.333787,EXR,137.98,28.16,0.18,0.13,-6.69,-6.69,ADX ≥ 20.0;MACD 🚀;RSI 📈;Price > SMA20
2025-08-07T18:22:03.221656,XOM,106.81,38.15,0.14,0.13,-16.15,-16.15,ADX ≥ 20.0;MACD 🚀;RSI 📈;Price > SMA20
2025-08-07T18:22:05.521028,FICO,1345.27,31.95,3.60,0.27,-5.95,-5.95,ADX ≥ 20.0;MACD 🚀;ATR14 ≥ 2.0
2025-08-07T18:22:06.926930,FRT,92.28,30.28,0.15,0.16,-14.81,-14.81,ADX ≥ 20.0;MACD 🚀;Price > SMA20
2025-08-07T18:22:08.496586,FIS,70.43,28.80,0.13,0.19,-15.20,-15.20,ADX ≥ 20.0;MACD 🚀;Price > SMA20
2025-08-07T18:22:14.721020,FI,131.94,20.45,0.31,0.23,4.22,4.22,ADX ≥ 20.0;MACD 🚀;Price > SMA20
2025-08-07T18:22:16.715541,FTV,47.45,29.43,0.04,0.09,-30.73,-30.73,ADX ≥ 20.0;MACD 🚀;BB breakout;Price > SMA20
2025-08-07T18:22:39.382814,GPN,82.75,25.60,0.20,0.24,-6.27,-6.27,ADX ≥ 20.0;MACD 🚀;Price > SMA20
2025-08-07T18:22:48.187346,DOC,16.96,25.58,0.03,0.15,-18.27,-18.27,ADX ≥ 20.0;MACD 🚀;Price > SMA20
2025-08-07T18:22:51.060288,HPE,20.20,29.96,0.03,0.16,-3.51,-3.51,ADX ≥ 20.0;MACD 🚀;Price > SMA20
2025-08-07T18:22:53.641183,HD,384.74,28.23,0.42,0.11,-20.74,-20.74,ADX ≥ 20.0;MACD 🚀;Price > SMA20
2025-08-07T18:23:06.118417,IEX,159.40,28.37,0.18,0.11,-45.95,-45.95,ADX ≥ 20.0;MACD 🚀;Price > SMA20
2025-08-07T18:23:19.052314,INVH,30.29,37.47,0.03,0.11,-19.75,-19.75,ADX ≥ 20.0;MACD 🚀;Price > SMA20
2025-08-07T18:23:19.943954,IQV,178.70,29.28,0.34,0.19,-32.28,-32.28,ADX ≥ 20.0;MACD 🚀;RSI 📈;Price > SMA20
2025-08-07T18:23:21.407596,JBHT,141.03,60.58,0.16,0.12,-58.83,-58.83,ADX ≥ 20.0;MACD 🚀;Price > SMA20
2025-08-07T18:23:24.048635,JKHY,164.75,27.91,0.37,0.22,-42.90,-42.90,ADX ≥ 20.0;MACD 🚀;BB breakout;Price > SMA20
2025-08-07T18:23:30.996578,KMB,136.99,27.33,0.18,0.13,-11.36,-11.36,ADX ≥ 20.0;MACD 🚀;Price > SMA20
2025-08-07T18:23:46.536065,LLY,640.34,21.14,2.13,0.33,-34.84,-34.84,ADX ≥ 20.0;MACD 🚀;ATR14 ≥ 2.0
2025-08-07T18:23:50.466620,LKQ,29.84,46.87,0.05,0.15,-11.00,-11.00,ADX ≥ 20.0;MACD 🚀;RSI 📈;Price > SMA20
2025-08-07T18:23:54.104389,LOW,237.46,32.05,0.29,0.12,-23.04,-23.04,ADX ≥ 20.0;MACD 🚀;Price > SMA20
2025-08-07T18:23:55.539294,LYB,50.38,30.92,0.15,0.29,11.07,11.07,ADX ≥ 20.0;MACD 🚀;RSI 📈;Price > SMA20
2025-08-07T18:23:58.127165,MPC,162.41,48.06,0.24,0.15,-15.40,-15.40,ADX ≥ 20.0;MACD 🚀;Price > SMA20
2025-08-07T18:24:03.302997,MAS,69.47,25.26,0.11,0.15,-30.82,-30.82,ADX ≥ 20.0;MACD 🚀;Price > SMA20
2025-08-07T18:24:04.230054,MA,557.17,32.70,0.81,0.15,-22.07,-22.07,ADX ≥ 20.0;MACD 🚀;Price > SMA20
2025-08-07T18:24:04.974087,MTCH,36.06,46.32,0.10,0.27,-44.46,-44.46,ADX ≥ 20.0;MACD 🚀;BB breakout;Price > SMA20
2025-08-07T18:24:20.089327,MAA,142.21,22.98,0.16,0.11,-3.76,-3.76,ADX ≥ 20.0;MACD 🚀;RSI 📈;Price > SMA20
2025-08-07T18:24:21.591856,MHK,120.51,25.71,0.25,0.21,-25.25,-25.25,ADX ≥ 20.0;MACD 🚀;Price > SMA20
2025-08-07T18:24:39.568940,NEE,72.50,22.09,0.09,0.13,-9.22,-9.22,ADX ≥ 20.0;MACD 🚀;Price > SMA20
2025-08-07T18:24:40.927012,NI,42.20,21.94,0.05,0.12,-31.43,-31.43,ADX ≥ 20.0;MACD 🚀;RSI 📈;Price > SMA20
2025-08-07T18:24:51.857733,NVR,7843.34,60.35,10.19,0.13,-24.93,-24.93,ADX ≥ 20.0;MACD 🚀;ATR14 ≥ 2.0
2025-08-07T18:24:55.272862,ORLY,103.57,55.31,0.09,0.09,-51.91,-51.91,ADX ≥ 20.0;MACD 🚀;Price > SMA20
2025-08-07T18:25:05.355101,PARA,0.00,22.69,0.04,inf,17.64,17.64,ADX ≥ 20.0;MACD 🚀;RSI 📈;ATR % ≥ 0.5%
2025-08-07T18:25:10.026051,PAYX,140.27,27.11,0.17,0.12,-14.14,-14.14,ADX ≥ 20.0;MACD 🚀;RSI 📈;Price > SMA20
2025-08-07T18:25:13.160088,PNR,102.24,34.09,0.12,0.11,-30.34,-30.34,ADX ≥ 20.0;MACD 🚀;Price > SMA20
2025-08-07T18:25:16.548470,PCG,15.12,44.92,0.03,0.22,-30.85,-30.85,ADX ≥ 20.0;MACD 🚀;Price > SMA20
2025-08-07T18:25:17.884034,PSX,119.81,32.24,0.14,0.12,-26.70,-26.70,ADX ≥ 20.0;MACD 🚀;Price > SMA20
2025-08-07T18:25:22.272391,PPL,36.47,32.89,0.04,0.10,-17.25,-17.25,ADX ≥ 20.0;MACD 🚀;RSI 📈;Price > SMA20
2025-08-07T18:25:28.173327,PLD,106.36,31.28,0.15,0.14,-28.19,-28.19,ADX ≥ 20.0;MACD 🚀;Price > SMA20
2025-08-07T18:25:32.018763,PHM,121.08,39.18,0.19,0.16,-21.25,-21.25,ADX ≥ 20.0;MACD 🚀;Price > SMA20
2025-08-07T18:25:53.152938,SRE,82.84,37.68,0.19,0.23,-45.43,-45.43,ADX ≥ 20.0;MACD 🚀;BB breakout;Price > SMA20
2025-08-07T18:25:53.864948,NOW,864.85,39.17,2.45,0.28,-34.03,-34.03,ADX ≥ 20.0;MACD 🚀;ATR14 ≥ 2.0
2025-08-07T18:25:55.706609,SWKS,67.94,36.78,0.12,0.17,-40.07,-40.07,ADX ≥ 20.0;MACD 🚀;Price > SMA20
2025-08-07T18:26:03.029386,SO,95.42,20.44,0.08,0.09,-9.33,-9.33,ADX ≥ 20.0;MACD 🚀;Price > SMA20
2025-08-07T18:26:06.367531,STE,235.29,35.23,0.65,0.28,-6.87,-6.87,ADX ≥ 20.0;MACD 🚀;Price > SMA20
2025-08-07T18:26:09.119513,SMCI,47.06,20.62,0.18,0.39,7.11,7.11,ADX ≥ 20.0;MACD 🚀;Price > SMA20
2025-08-07T18:26:20.860665,TPL,881.00,25.68,5.56,0.63,-5.12,-5.12,ADX ≥ 20.0;MACD 🚀;ATR14 ≥ 2.0;ATR % ≥ 0.5%;Price > SMA20
2025-08-07T18:26:23.195937,TMO,455.54,37.44,0.63,0.14,-17.09,-17.09,ADX ≥ 20.0;MACD 🚀;Price > SMA20
2025-08-07T18:26:29.158408,TRV,264.81,42.04,0.35,0.13,-27.09,-27.09,ADX ≥ 20.0;MACD 🚀;Price > SMA20
2025-08-07T18:26:35.217542,TYL,594.64,27.14,1.09,0.18,44.28,44.28,ADX ≥ 20.0;MACD 🚀;Price > SMA20
2025-08-07T18:26:51.222200,VLO,133.19,33.67,0.18,0.13,-30.11,-30.11,ADX ≥ 20.0;MACD 🚀;Price > SMA20
2025-08-07T18:27:04.432657,V,331.86,41.57,0.59,0.18,-16.70,-16.70,ADX ≥ 20.0;MACD 🚀;RSI 📈;Price > SMA20
2025-08-07T18:27:07.374467,WRB,70.22,31.03,0.08,0.11,7.80,7.80,ADX ≥ 20.0;MACD 🚀;RSI 📈;Price > SMA20
2025-08-07T18:27:10.127094,WAB,188.00,28.84,0.22,0.12,-8.13,-8.13,ADX ≥ 20.0;MACD 🚀;BB breakout;Price > SMA20
2025-08-07T18:27:15.771372,DIS,112.37,25.87,0.17,0.15,-24.38,-24.38,ADX ≥ 20.0;MACD 🚀;Price > SMA20
2025-08-07T18:27:28.570774,WY,25.80,24.69,0.03,0.13,-12.55,-12.55,ADX ≥ 20.0;MACD 🚀;BB breakout;Price > SMA20
2025-08-07T18:27:32.909435,WTW,324.95,24.08,0.30,0.09,-48.06,-48.06,ADX ≥ 20.0;MACD 🚀;RSI 📈;Price > SMA20
2025-08-07T18:27:43.296708,ZBRA,314.95,46.64,0.56,0.18,-35.90,-35.90,ADX ≥ 20.0;MACD 🚀;RSI 📈;Price > SMA20
2025-08-07T18:27:44.099804,ZBH,98.49,27.64,0.28,0.28,9.16,9.16,ADX ≥ 20.0;MACD 🚀;RSI 📈;Price > SMA20
2025-08-07T18:28:10.580058,AKAM,73.96,53.81,0.12,0.17,-34.89,-34.89,ADX ≥ 20.0;MACD 🚀;BB breakout;RSI 📈;Price > SMA20
2025-08-07T18:28:12.335069,ARE,74.72,34.25,0.14,0.18,-16.96,-16.96,ADX ≥ 20.0;MACD 🚀;Price > SMA20
2025-08-07T18:28:30.582108,AON,363.78,36.59,0.43,0.12,-7.91,-7.91,ADX ≥ 20.0;MACD 🚀;BB breakout;RSI 📈;Price > SMA20
2025-08-07T18:28:35.005227,AAPL,219.47,62.11,0.35,0.16,-45.68,-45.68,ADX ≥ 20.0;MACD 🚀;Price > SMA20
2025-08-07T18:28:40.272317,ACGL,88.73,71.51,0.10,0.12,-49.88,-49.88,ADX ≥ 20.0;MACD 🚀;RSI 📈;Price > SMA20
2025-08-07T18:28:43.465442,AJG,288.26,42.57,0.34,0.12,5.74,5.74,ADX ≥ 20.0;MACD 🚀;Price > SMA20
2025-08-07T18:28:48.086968,ADP,303.38,29.75,0.39,0.13,-20.54,-20.54,ADX ≥ 20.0;MACD 🚀;BB breakout;RSI 📈;Price > SMA20
2025-08-07T18:28:48.924456,AZO,4046.17,41.48,10.39,0.26,-12.02,-12.02,ADX ≥ 20.0;MACD 🚀;BB breakout;ATR14 ≥ 2.0;Price > SMA20
2025-08-07T18:28:53.096084,AVY,170.58,24.97,0.25,0.15,21.18,21.18,ADX ≥ 20.0;MACD 🚀;RSI 📈;Price > SMA20
2025-08-07T18:29:01.677266,BDX,186.76,34.83,0.35,0.19,-3.77,-3.77,ADX ≥ 20.0;MACD 🚀;RSI 📈;Price > SMA20
2025-08-07T18:29:02.545435,BRK-B,0.00,27.49,0.44,inf,-17.05,-17.05,ADX ≥ 20.0;MACD 🚀;ATR % ≥ 0.5%
2025-08-07T18:29:05.546058,BBY,67.11,25.26,0.10,0.14,-24.77,-24.77,ADX ≥ 20.0;MACD 🚀;Price > SMA20
2025-08-07T18:29:07.402909,TECH,49.71,22.32,0.10,0.21,-40.87,-40.87,ADX ≥ 20.0;MACD 🚀;Price > SMA20
2025-08-07T18:29:15.553481,BA,226.06,26.10,0.32,0.14,-13.84,-13.84,ADX ≥ 20.0;MACD 🚀;BB breakout;RSI 📈;Price > SMA20
2025-08-07T18:29:16.345436,BKNG,5411.40,24.76,17.26,0.32,-42.46,-42.46,ADX ≥ 20.0;MACD 🚀;ATR14 ≥ 2.0
2025-08-07T18:29:25.425447,BRO,92.67,38.47,0.12,0.13,-13.47,-13.47,ADX ≥ 20.0;MACD 🚀;RSI 📈;Price > SMA20
2025-08-07T18:29:27.628729,BLDR,133.28,38.54,0.30,0.22,-20.55,-20.55,ADX ≥ 20.0;MACD 🚀;RSI 📈;Price > SMA20
2025-08-07T18:29:29.674734,BG,82.95,23.09,0.13,0.16,-3.27,-3.27,ADX ≥ 20.0;MACD 🚀;BB breakout;RSI 📈;Price > SMA20
2025-08-07T18:29:30.509866,BXP,65.74,39.94,0.13,0.20,-18.53,-18.53,ADX ≥ 20.0;MACD 🚀;Price > SMA20
2025-08-07T18:29:35.417302,CPT,107.20,32.67,0.14,0.13,-24.43,-24.43,ADX ≥ 20.0;MACD 🚀;RSI 📈;Price > SMA20
2025-08-07T18:29:38.396941,CAH,152.69,33.64,0.22,0.15,-22.45,-22.45,ADX ≥ 20.0;MACD 🚀;Price > SMA20
2025-08-07T18:29:41.841538,CARR,66.48,30.59,0.09,0.14,-15.82,-15.82,ADX ≥ 20.0;MACD 🚀;Price > SMA20
2025-08-07T18:29:43.793862,CAT,417.06,42.91,0.60,0.14,-7.64,-7.64,ADX ≥ 20.0;MACD 🚀;RSI 📈;Price > SMA20
2025-08-07T18:29:46.174660,CDW,162.25,68.48,0.35,0.21,-48.12,-48.12,ADX ≥ 20.0;MACD 🚀;RSI 📈;Price > SMA20
2025-08-07T18:29:47.080546,COR,277.61,26.42,0.40,0.14,-6.76,-6.76,ADX ≥ 20.0;MACD 🚀;Price > SMA20
2025-08-07T18:29:49.959728,CRL,150.50,39.01,0.31,0.20,-1.25,-1.25,ADX ≥ 20.0;MACD 🚀;Price > SMA20
2025-08-07T18:29:55.210305,CVX,153.70,32.79,0.17,0.11,-28.00,-28.00,ADX ≥ 20.0;MACD 🚀;Price > SMA20
2025-08-07T18:29:58.132150,CB,267.96,26.42,0.27,0.10,-26.76,-26.76,ADX ≥ 20.0;MACD 🚀;RSI 📈;Price > SMA20
2025-08-07T18:30:00.519418,CTAS,224.18,29.51,0.17,0.08,-32.94,-32.94,ADX ≥ 20.0;MACD 🚀;BB breakout;Price > SMA20
2025-08-07T18:30:18.953072,GLW,64.61,33.77,0.09,0.15,-18.79,-18.79,ADX ≥ 20.0;MACD 🚀;Price > SMA20
2025-08-07T18:30:21.390325,CPAY,304.94,21.97,1.21,0.40,-13.60,-13.60,ADX ≥ 20.0;MACD 🚀;Price > SMA20
2025-08-07T18:30:23.750084,CTRA,24.00,33.39,0.04,0.15,-31.39,-31.39,ADX ≥ 20.0;MACD 🚀;Price > SMA20
2025-08-07T18:30:29.936757,CMI,383.78,32.07,0.42,0.11,-19.38,-19.38,ADX ≥ 20.0;MACD 🚀;RSI 📈;Price > SMA20
2025-08-07T18:30:34.386396,DRI,205.04,21.30,0.22,0.11,5.50,5.50,ADX ≥ 20.0;MACD 🚀;Price > SMA20
2025-08-07T18:30:46.155146,DAY,51.92,56.31,0.19,0.36,-24.86,-24.86,ADX ≥ 20.0;MACD 🚀;BB breakout;Price > SMA20
2025-08-07T18:30:49.734813,DE,503.78,22.48,0.62,0.12,-14.94,-14.94,ADX ≥ 20.0;MACD 🚀;Price > SMA20
2025-08-07T18:30:52.598815,DELL,132.24,22.72,0.32,0.24,-12.47,-12.47,ADX ≥ 20.0;MACD 🚀;Price > SMA20
2025-08-07T18:30:53.478409,DAL,53.44,31.07,0.09,0.17,-12.12,-12.12,ADX ≥ 20.0;MACD 🚀;Price > SMA20
2025-08-07T18:31:05.499779,DLTR,116.95,33.42,0.15,0.13,-7.89,-7.89,ADX ≥ 20.0;MACD 🚀;BB breakout;RSI 📈;Price > SMA20
2025-08-07T18:31:33.903600,EMR,131.64,31.77,0.28,0.21,-5.96,-5.96,ADX ≥ 20.0;MACD 🚀;Price > SMA20
2025-08-07T18:31:41.247635,EPAM,158.26,25.97,0.64,0.40,-26.84,-26.84,ADX ≥ 20.0;MACD 🚀;Price > SMA20
2025-08-07T18:31:56.361588,ERIE,353.84,35.39,1.49,0.42,-46.07,-46.07,ADX ≥ 20.0;MACD 🚀;Price > SMA20
2025-08-07T18:32:12.872773,EXPE,182.70,42.72,0.38,0.21,-36.61,-36.61,ADX ≥ 20.0;MACD 🚀;Price > SMA20
2025-08-07T18:32:15.917868,EXR,137.89,37.82,0.17,0.12,-10.04,-10.04,ADX ≥ 20.0;MACD 🚀;Price > SMA20
2025-08-07T18:32:18.700224,FICO,1345.73,32.58,3.28,0.24,-25.87,-25.87,ADX ≥ 20.0;MACD 🚀;ATR14 ≥ 2.0
2025-08-07T18:32:24.304529,FIS,70.37,27.02,0.14,0.19,-17.01,-17.01,ADX ≥ 20.0;MACD 🚀;Price > SMA20
2025-08-07T18:33:00.091621,FI,131.92,22.35,0.31,0.24,0.52,0.52,ADX ≥ 20.0;MACD 🚀;Price > SMA20
2025-08-07T18:33:03.112679,FTV,47.42,29.20,0.04,0.08,-16.43,-16.43,ADX ≥ 20.0;MACD 🚀;Price > SMA20
2025-08-07T18:33:19.976108,GEN,27.86,30.39,0.05,0.18,-36.14,-36.14,ADX ≥ 20.0;MACD 🚀;Price > SMA20
2025-08-07T18:33:28.668561,GDDY,147.96,22.45,0.41,0.28,-18.47,-18.47,ADX ≥ 20.0;MACD 🚀;Price > SMA20
2025-08-07T18:33:46.683181,HPE,20.20,30.92,0.03,0.17,1.56,1.56,ADX ≥ 20.0;MACD 🚀;Price > SMA20
2025-08-07T18:33:53.078137,HD,384.78,32.74,0.38,0.10,-15.37,-15.37,ADX ≥ 20.0;MACD 🚀;Price > SMA20
2025-08-07T18:34:24.031315,INCY,77.36,21.86,0.08,0.10,-37.67,-37.67,ADX ≥ 20.0;MACD 🚀;Price > SMA20
2025-08-07T18:34:33.850797,IFF,64.92,26.11,0.16,0.25,14.89,14.89,ADX ≥ 20.0;MACD 🚀;Price > SMA20
2025-08-07T18:34:37.825418,ISRG,467.08,63.31,0.65,0.14,-33.85,-33.85,ADX ≥ 20.0;MACD 🚀;RSI 📈;Price > SMA20
2025-08-07T18:34:44.062898,IQV,178.57,28.08,0.33,0.19,-19.87,-19.87,ADX ≥ 20.0;MACD 🚀;Price > SMA20
2025-08-07T18:34:46.258408,JBHT,141.49,60.44,0.17,0.12,-50.14,-50.14,ADX ≥ 20.0;MACD 🚀;BB breakout;RSI 📈;Price > SMA20
2025-08-07T18:34:48.620216,JKHY,164.74,23.86,0.18,0.11,-65.43,-65.43,ADX ≥ 20.0;MACD 🚀;Price > SMA20
2025-08-07T18:35:17.339267,KMB,137.18,26.33,0.17,0.12,-42.82,-42.82,ADX ≥ 20.0;MACD 🚀;Price > SMA20
2025-08-07T18:35:19.110685,KIM,21.14,31.48,0.03,0.12,-24.33,-24.33,ADX ≥ 20.0;MACD 🚀;Price > SMA20
2025-08-07T18:35:38.650757,LVS,52.88,32.20,0.07,0.14,0.39,0.39,ADX ≥ 20.0;MACD 🚀;Price > SMA20
2025-08-07T18:35:39.576134,LDOS,175.06,20.15,0.33,0.19,-30.00,-30.00,ADX ≥ 20.0;MACD 🚀;Price > SMA20
2025-08-07T18:35:41.945312,LLY,640.30,29.54,2.03,0.32,-17.46,-17.46,ADX ≥ 20.0;MACD 🚀;ATR14 ≥ 2.0;Price > SMA20
2025-08-07T18:35:44.858580,LMT,429.93,20.96,0.54,0.13,-21.55,-21.55,ADX ≥ 20.0;MACD 🚀;Price > SMA20
2025-08-07T18:35:47.304883,LOW,237.63,29.68,0.28,0.12,-12.04,-12.04,ADX ≥ 20.0;MACD 🚀;RSI 📈;Price > SMA20
2025-08-07T18:35:48.110019,LULU,190.57,34.92,0.33,0.18,-60.57,-60.57,ADX ≥ 20.0;MACD 🚀;Price > SMA20
2025-08-07T18:35:52.020926,MMC,202.92,28.08,0.18,0.09,-24.06,-24.06,ADX ≥ 20.0;MACD 🚀;RSI 📈;Price > SMA20
2025-08-07T18:35:53.569020,MAS,69.54,31.09,0.09,0.12,-37.17,-37.17,ADX ≥ 20.0;MACD 🚀;Price > SMA20
2025-08-07T18:35:54.374231,MA,559.08,34.27,0.76,0.14,-27.45,-27.45,ADX ≥ 20.0;MACD 🚀;BB breakout;RSI 📈;Price > SMA20
2025-08-07T18:35:59.881043,MTCH,36.11,45.38,0.08,0.23,-51.78,-51.78,ADX ≥ 20.0;MACD 🚀;RSI 📈;Price > SMA20
2025-08-07T18:36:02.473430,MCD,305.32,46.65,0.34,0.11,-13.04,-13.04,ADX ≥ 20.0;MACD 🚀;Price > SMA20
2025-08-07T18:36:03.443684,MCK,664.20,41.93,2.11,0.32,14.85,14.85,ADX ≥ 20.0;MACD 🚀;ATR14 ≥ 2.0;Price > SMA20
2025-08-07T18:36:05.121688,MRK,80.42,24.31,0.12,0.15,-20.73,-20.73,ADX ≥ 20.0;MACD 🚀;BB breakout;RSI 📈;Price > SMA20
2025-08-07T18:36:12.359112,MGM,34.47,27.39,0.06,0.18,-11.05,-11.05,ADX ≥ 20.0;MACD 🚀;BB breakout;RSI 📈;Price > SMA20
2025-08-07T18:36:13.350849,MCHP,66.27,28.21,0.14,0.21,-15.38,-15.38,ADX ≥ 20.0;MACD 🚀;BB breakout;RSI 📈;Price > SMA20
2025-08-07T18:36:19.967904,MHK,120.60,29.56,0.25,0.21,-14.75,-14.75,ADX ≥ 20.0;MACD 🚀;Price > SMA20
2025-08-07T18:36:21.781867,TAP,49.79,41.41,0.08,0.15,-13.76,-13.76,ADX ≥ 20.0;MACD 🚀;BB breakout;RSI 📈;Price > SMA20
2025-08-07T18:36:29.853206,MSI,443.61,28.70,0.44,0.10,-6.13,-6.13,ADX ≥ 20.0;MACD 🚀;BB breakout;RSI 📈;Price > SMA20
2025-08-07T18:36:38.467877,NI,42.24,33.13,0.05,0.13,-14.04,-14.04,ADX ≥ 20.0;MACD 🚀;BB breakout;RSI 📈;Price > SMA20
2025-08-07T18:36:41.222550,NOC,585.23,32.90,0.58,0.10,11.36,11.36,ADX ≥ 20.0;MACD 🚀;BB breakout;RSI 📈;Price > SMA20
2025-08-07T18:36:44.675191,NVR,7835.14,67.12,9.36,0.12,-56.68,-56.68,ADX ≥ 20.0;MACD 🚀;ATR14 ≥ 2.0
2025-08-07T18:36:52.766877,PCAR,96.78,20.56,0.11,0.11,-48.73,-48.73,ADX ≥ 20.0;MACD 🚀;Price > SMA20
2025-08-07T18:36:56.698177,PKG,195.45,46.43,0.23,0.12,-10.55,-10.55,ADX ≥ 20.0;MACD 🚀;BB breakout;RSI 📈;Price > SMA20
2025-08-07T18:36:59.156715,PARA,0.00,22.69,0.04,inf,17.64,17.64,ADX ≥ 20.0;MACD 🚀;RSI 📈;ATR % ≥ 0.5%
2025-08-07T18:37:02.681677,PAYX,140.45,33.14,0.16,0.12,-19.90,-19.90,ADX ≥ 20.0;MACD 🚀;RSI 📈;Price > SMA20
2025-08-07T18:37:03.686832,PAYC,231.79,63.98,1.18,0.51,30.64,30.64,ADX ≥ 20.0;MACD 🚀;ATR % ≥ 0.5%
2025-08-07T18:37:07.327991,PNR,102.32,36.57,0.13,0.13,-3.29,-3.29,ADX ≥ 20.0;MACD 🚀;Price > SMA20
2025-08-07T18:37:08.795742,PFE,24.29,20.46,0.04,0.16,0.30,0.30,ADX ≥ 20.0;MACD 🚀;Price > SMA20
2025-08-07T18:37:10.536052,PM,168.32,21.12,0.20,0.12,-17.51,-17.51,ADX ≥ 20.0;MACD 🚀;RSI 📈;Price > SMA20
2025-08-07T18:37:25.709037,PTC,205.31,39.08,0.45,0.22,-56.95,-56.95,ADX ≥ 20.0;MACD 🚀;Price > SMA20
2025-08-07T18:37:31.285932,PHM,121.09,35.21,0.18,0.15,-17.11,-17.11,ADX ≥ 20.0;MACD 🚀;Price > SMA20
2025-08-07T18:37:46.177074,RCL,307.96,20.54,0.54,0.18,-14.61,-14.61,ADX ≥ 20.0;MACD 🚀;Price > SMA20
2025-08-07T18:37:50.445113,NOW,866.11,37.72,2.44,0.28,-22.35,-22.35,ADX ≥ 20.0;MACD 🚀;ATR14 ≥ 2.0
2025-08-07T18:37:51.182812,SHW,350.21,26.47,0.40,0.11,1.29,1.29,ADX ≥ 20.0;MACD 🚀;Price > SMA20
2025-08-07T18:37:52.197022,SPG,165.59,37.78,0.22,0.14,-18.61,-18.61,ADX ≥ 20.0;MACD 🚀;Price > SMA20
2025-08-07T18:37:53.006641,SWKS,68.00,32.09,0.14,0.21,-14.81,-14.81,ADX ≥ 20.0;MACD 🚀;Price > SMA20
2025-08-07T18:38:12.057007,SYY,80.70,47.07,0.11,0.14,-10.32,-10.32,ADX ≥ 20.0;MACD 🚀;BB breakout;RSI 📈;Price > SMA20
2025-08-07T18:38:13.605058,TROW,104.10,33.88,0.14,0.14,-32.72,-32.72,ADX ≥ 20.0;MACD 🚀;Price > SMA20
2025-08-07T18:38:17.531561,TPR,107.44,26.09,0.19,0.18,-4.36,-4.36,ADX ≥ 20.0;MACD 🚀;Price > SMA20
2025-08-07T18:38:19.191764,TGT,105.64,35.21,0.15,0.14,-8.09,-8.09,ADX ≥ 20.0;MACD 🚀;BB breakout;RSI 📈;Price > SMA20
2025-08-07T18:38:20.140823,TEL,199.96,26.50,0.26,0.13,-15.73,-15.73,ADX ≥ 20.0;MACD 🚀;Price > SMA20
2025-08-07T18:38:21.016407,TDY,547.38,21.33,0.68,0.12,12.64,12.64,ADX ≥ 20.0;MACD 🚀;Price > SMA20
2025-08-07T18:38:21.892675,TER,105.89,22.17,0.24,0.23,-10.91,-10.91,ADX ≥ 20.0;MACD 🚀;Price > SMA20
2025-08-07T18:38:24.442308,TXN,185.41,37.79,0.33,0.18,-16.99,-16.99,ADX ≥ 20.0;MACD 🚀;Price > SMA20
2025-08-07T18:38:28.274868,TJX,131.24,24.25,0.12,0.09,-8.47,-8.47,ADX ≥ 20.0;MACD 🚀;Price > SMA20
2025-08-07T18:38:29.282701,TKO,159.53,20.40,0.39,0.24,4.68,4.68,ADX ≥ 20.0;MACD 🚀;BB breakout;RSI 📈;Price > SMA20
2025-08-07T18:38:44.514457,TRV,265.12,47.38,0.33,0.12,-23.95,-23.95,ADX ≥ 20.0;MACD 🚀;BB breakout;RSI 📈;Price > SMA20
2025-08-07T18:38:52.399304,TYL,596.09,22.96,1.16,0.19,-10.38,-10.38,ADX ≥ 20.0;MACD 🚀;BB breakout;Price > SMA20
2025-08-07T18:38:58.621259,ULTA,499.64,48.59,0.81,0.16,-63.54,-63.54,ADX ≥ 20.0;MACD 🚀;BB breakout;Price > SMA20
2025-08-07T18:39:00.027788,UAL,87.91,43.62,0.20,0.22,-44.46,-44.46,ADX ≥ 20.0;MACD 🚀;Price > SMA20
2025-08-07T18:39:03.601195,URI,855.43,39.04,1.20,0.14,-15.03,-15.03,ADX ≥ 20.0;MACD 🚀;Price > SMA20
2025-08-07T18:39:08.162382,UHS,168.00,30.32,0.32,0.19,-19.09,-19.09,ADX ≥ 20.0;MACD 🚀;BB breakout;RSI 📈;Price > SMA20
2025-08-07T18:39:10.137370,VLO,133.33,29.08,0.19,0.14,-15.23,-15.23,ADX ≥ 20.0;MACD 🚀;Price > SMA20
2025-08-07T18:39:16.394695,V,332.14,42.30,0.55,0.16,-16.33,-16.33,ADX ≥ 20.0;MACD 🚀;RSI 📈;Price > SMA20
2025-08-07T18:39:17.182939,VST,205.88,31.79,0.90,0.44,6.69,6.69,ADX ≥ 20.0;MACD 🚀;BB breakout;RSI 📈;Price > SMA20
2025-08-07T18:39:20.218003,WRB,70.30,36.03,0.08,0.11,-2.17,-2.17,ADX ≥ 20.0;MACD 🚀;RSI 📈;Price > SMA20
2025-08-07T18:39:23.195258,WAB,188.09,30.24,0.24,0.13,2.37,2.37,ADX ≥ 20.0;MACD 🚀;RSI 📈;Price > SMA20
2025-08-07T18:39:27.670181,DIS,112.57,26.26,0.16,0.14,-24.54,-24.54,ADX ≥ 20.0;MACD 🚀;BB breakout;RSI 📈;Price > SMA20
2025-08-07T18:39:28.608715,WBD,11.98,50.80,0.04,0.35,-53.10,-53.10,ADX ≥ 20.0;MACD 🚀;BB breakout;RSI 📈;Price > SMA20
2025-08-07T18:39:34.761392,WY,25.80,29.86,0.03,0.12,-10.60,-10.60,ADX ≥ 20.0;MACD 🚀;Price > SMA20
2025-08-07T18:39:37.699488,WSM,198.29,31.28,0.37,0.19,-5.23,-5.23,ADX ≥ 20.0;MACD 🚀;Price > SMA20
2025-08-07T18:39:38.650764,WMB,58.39,30.75,0.09,0.16,-2.76,-2.76,ADX ≥ 20.0;MACD 🚀;Price > SMA20
2025-08-07T18:39:39.475606,WTW,325.04,25.08,0.26,0.08,-44.80,-44.80,ADX ≥ 20.0;MACD 🚀;RSI 📈;Price > SMA20
2025-08-07T18:39:41.071862,WYNN,106.47,34.07,0.25,0.24,21.59,21.59,ADX ≥ 20.0;MACD 🚀;Price > SMA20
2025-08-07T18:39:44.748427,ZBRA,315.04,52.94,0.56,0.18,-31.95,-31.95,ADX ≥ 20.0;MACD 🚀;RSI 📈;Price > SMA20
2025-08-07T18:39:48.399941,ZTS,147.56,36.38,0.21,0.15,-15.11,-15.11,ADX ≥ 20.0;MACD 🚀;Price > SMA20
2025-08-07T18:40:08.611849,AMD,171.55,51.38,0.54,0.31,-42.77,-42.77,ADX ≥ 20.0;MACD 🚀;Price > SMA20
2025-08-07T18:40:09.346222,AES,12.87,22.66,0.02,0.18,-16.59,-16.59,ADX ≥ 20.0;MACD 🚀;Price > SMA20
2025-08-07T18:40:10.095208,AFL,102.11,35.68,0.12,0.12,-13.66,-13.66,ADX ≥ 20.0;MACD 🚀;RSI 📈;Price > SMA20
2025-08-07T18:40:12.163448,ABNB,118.39,51.87,0.33,0.28,-63.31,-63.31,ADX ≥ 20.0;MACD 🚀;BB breakout;RSI 📈;Price > SMA20
2025-08-07T18:40:16.700706,ALB,71.01,21.22,0.21,0.30,-7.87,-7.87,ADX ≥ 20.0;MACD 🚀;Price > SMA20
2025-08-07T18:40:18.667153,ALGN,137.77,40.89,0.31,0.22,-7.46,-7.46,ADX ≥ 20.0;MACD 🚀;RSI 📈;Price > SMA20
2025-08-07T18:40:19.448297,ALLE,164.06,25.77,0.16,0.10,-28.22,-28.22,ADX ≥ 20.0;MACD 🚀;Price > SMA20
2025-08-07T18:40:21.897938,ALL,204.78,20.36,0.24,0.12,-28.11,-28.11,ADX ≥ 20.0;MACD 🚀;Price > SMA20
2025-08-07T18:40:24.289613,MO,63.58,69.79,0.06,0.09,-5.32,-5.32,ADX ≥ 20.0;MACD 🚀;BB breakout;RSI 📈;Price > SMA20
2025-08-07T18:40:32.991461,AIG,75.96,35.84,0.22,0.29,-22.81,-22.81,ADX ≥ 20.0;MACD 🚀;Price > SMA20
2025-08-07T18:40:36.085248,AMP,499.57,26.04,0.64,0.13,-9.02,-9.02,ADX ≥ 20.0;MACD 🚀;Price > SMA20
2025-08-07T18:40:43.972667,AON,364.04,49.85,0.39,0.11,-9.22,-9.22,ADX ≥ 20.0;MACD 🚀;RSI 📈;Price > SMA20
2025-08-07T18:40:46.131028,AAPL,219.50,50.46,0.33,0.15,-51.28,-51.28,ADX ≥ 20.0;MACD 🚀;Price > SMA20
2025-08-07T18:40:47.504134,APTV,65.69,45.70,0.09,0.13,-16.48,-16.48,ADX ≥ 20.0;MACD 🚀;Price > SMA20
2025-08-07T18:40:48.391004,ACGL,88.88,75.03,0.10,0.11,-46.39,-46.39,ADX ≥ 20.0;MACD 🚀;RSI 📈;Price > SMA20
2025-08-07T18:40:50.328803,AJG,288.73,52.55,0.34,0.12,10.05,10.05,ADX ≥ 20.0;MACD 🚀;RSI 📈;Price > SMA20
2025-08-07T18:40:55.030305,ADP,303.42,35.32,0.30,0.10,-23.21,-23.21,ADX ≥ 20.0;MACD 🚀;RSI 📈;Price > SMA20
2025-08-07T18:40:55.754237,AZO,4046.17,41.48,10.39,0.26,-12.01,-12.01,ADX ≥ 20.0;MACD 🚀;BB breakout;ATR14 ≥ 2.0;Price > SMA20
2025-08-07T18:40:57.404429,AVY,170.40,31.66,0.33,0.19,31.47,31.47,ADX ≥ 20.0;MACD 🚀;Price > SMA20
2025-08-07T18:40:58.186071,AXON,865.84,27.12,2.04,0.24,-46.14,-46.14,ADX ≥ 20.0;MACD 🚀;ATR14 ≥ 2.0
2025-08-07T18:41:04.481485,BBY,67.11,27.86,0.09,0.13,-27.20,-27.20,ADX ≥ 20.0;MACD 🚀;Price > SMA20
2025-08-07T18:41:07.552582,BLK,1112.36,20.15,0.70,0.06,-51.72,-51.72,ADX ≥ 20.0;MACD 🚀;Price > SMA20
2025-08-07T18:41:10.767499,BA,226.46,36.01,0.32,0.14,0.76,0.76,ADX ≥ 20.0;MACD 🚀;RSI 📈;Price > SMA20
2025-08-07T18:41:17.076614,BRO,92.88,46.29,0.12,0.13,-14.36,-14.36,ADX ≥ 20.0;MACD 🚀;RSI 📈;Price > SMA20
2025-08-07T18:41:19.478367,BF-B,0.00,41.38,0.05,inf,-15.91,-15.91,ADX ≥ 20.0;MACD 🚀;ATR % ≥ 0.5%
2025-08-07T18:41:20.993984,BG,83.07,36.21,0.11,0.13,-7.67,-7.67,ADX ≥ 20.0;MACD 🚀;RSI 📈;Price > SMA20
2025-08-07T18:41:21.822803,BXP,65.76,44.51,0.11,0.17,-40.31,-40.31,ADX ≥ 20.0;MACD 🚀;Price > SMA20
2025-08-07T18:41:26.260250,CZR,24.11,32.46,0.07,0.30,-36.91,-36.91,ADX ≥ 20.0;MACD 🚀;Price > SMA20
2025-08-07T18:41:32.371967,CAH,152.86,43.99,0.23,0.15,-20.34,-20.34,ADX ≥ 20.0;MACD 🚀;RSI 📈;Price > SMA20
2025-08-07T18:41:34.278838,CCL,28.82,35.70,0.07,0.23,-3.42,-3.42,ADX ≥ 20.0;MACD 🚀;Price > SMA20
2025-08-07T18:41:36.847256,CARR,66.48,29.07,0.10,0.14,-6.90,-6.90,ADX ≥ 20.0;MACD 🚀;Price > SMA20
2025-08-07T18:41:38.301123,CBOE,250.15,22.29,0.31,0.12,-0.65,-0.65,ADX ≥ 20.0;MACD 🚀;Price > SMA20
2025-08-07T18:41:42.747895,CNP,39.16,33.41,0.04,0.10,-11.54,-11.54,ADX ≥ 20.0;MACD 🚀;Price > SMA20
2025-08-07T18:41:43.686826,CF,83.82,33.86,0.29,0.35,-1.74,-1.74,ADX ≥ 20.0;MACD 🚀;Price > SMA20
2025-08-07T18:41:49.379700,CB,268.10,34.98,0.25,0.09,-31.52,-31.52,ADX ≥ 20.0;MACD 🚀;RSI 📈;Price > SMA20
2025-08-07T18:41:56.095156,CTAS,224.11,31.45,0.14,0.06,-41.40,-41.40,ADX ≥ 20.0;MACD 🚀;Price > SMA20
2025-08-07T18:42:03.746782,KO,70.71,38.85,0.06,0.09,-2.84,-2.84,ADX ≥ 20.0;MACD 🚀;BB breakout;RSI 📈;Price > SMA20
2025-08-07T18:42:09.177657,STZ,173.32,24.88,0.19,0.11,-11.19,-11.19,ADX ≥ 20.0;MACD 🚀;BB breakout;RSI 📈;Price > SMA20
2025-08-07T18:42:09.974574,CEG,337.23,35.96,1.05,0.31,-30.25,-30.25,ADX ≥ 20.0;MACD 🚀;Price > SMA20
2025-08-07T18:42:14.755725,GLW,64.65,28.49,0.10,0.16,-8.03,-8.03,ADX ≥ 20.0;MACD 🚀;Price > SMA20
2025-08-07T18:42:17.859276,CPAY,305.43,20.85,1.32,0.43,-10.09,-10.09,ADX ≥ 20.0;MACD 🚀;Price > SMA20
2025-08-07T18:42:24.519544,CTRA,24.01,31.07,0.04,0.15,-35.82,-35.82,ADX ≥ 20.0;MACD 🚀;Price > SMA20
2025-08-07T18:42:31.221060,CMI,383.80,39.07,0.45,0.12,-19.93,-19.93,ADX ≥ 20.0;MACD 🚀;Price > SMA20
2025-08-07T18:42:32.069408,CVS,63.22,32.55,0.11,0.17,4.40,4.40,ADX ≥ 20.0;MACD 🚀;RSI 📈;Price > SMA20
2025-08-07T18:42:35.047235,DVA,127.38,43.58,0.24,0.19,-7.32,-7.32,ADX ≥ 20.0;MACD 🚀;BB breakout;RSI 📈;Price > SMA20
2025-08-07T18:42:36.858988,DAY,51.86,51.75,0.17,0.33,-15.00,-15.00,ADX ≥ 20.0;MACD 🚀;Price > SMA20
2025-08-07T18:42:40.386615,DECK,101.43,28.93,0.19,0.19,-15.12,-15.12,ADX ≥ 20.0;MACD 🚀;Price > SMA20
2025-08-07T18:42:42.767174,DELL,132.60,25.32,0.32,0.24,-13.14,-13.14,ADX ≥ 20.0;MACD 🚀;RSI 📈;Price > SMA20
2025-08-07T18:42:43.484766,DAL,53.47,34.78,0.09,0.17,-15.43,-15.43,ADX ≥ 20.0;MACD 🚀;Price > SMA20
2025-08-07T18:42:47.402294,DLTR,117.18,38.49,0.15,0.13,3.00,3.00,ADX ≥ 20.0;MACD 🚀;BB breakout;RSI 📈;Price > SMA20
2025-08-07T18:43:14.726302,EIX,54.88,36.30,0.14,0.25,-52.26,-52.26,ADX ≥ 20.0;MACD 🚀;BB breakout;RSI 📈;Price > SMA20
2025-08-07T18:43:15.544922,EW,77.47,32.66,0.10,0.13,-12.36,-12.36,ADX ≥ 20.0;MACD 🚀;BB breakout;RSI 📈;Price > SMA20
2025-08-07T18:43:19.014550,EMR,131.75,28.95,0.28,0.21,-0.61,-0.61,ADX ≥ 20.0;MACD 🚀;Price > SMA20
2025-08-07T18:43:20.339552,ETR,90.69,34.58,0.09,0.10,-15.41,-15.41,ADX ≥ 20.0;MACD 🚀;RSI 📈;Price > SMA20
2025-08-07T18:43:30.123845,ERIE,354.42,35.51,1.48,0.42,-51.11,-51.11,ADX ≥ 20.0;MACD 🚀;Price > SMA20
2025-08-07T18:43:31.678161,EL,91.14,25.13,0.18,0.19,-10.76,-10.76,ADX ≥ 20.0;MACD 🚀;Price > SMA20
2025-08-07T18:43:40.921815,EXPE,183.46,45.02,0.41,0.22,-22.18,-22.18,ADX ≥ 20.0;MACD 🚀;Price > SMA20
2025-08-07T18:43:43.336212,FFIV,316.94,35.65,0.46,0.14,-59.70,-59.70,ADX ≥ 20.0;MACD 🚀;Price > SMA20
2025-08-07T18:43:44.692554,FICO,1347.55,27.86,3.29,0.24,-21.22,-21.22,ADX ≥ 20.0;MACD 🚀;ATR14 ≥ 2.0;Price > SMA20
2025-08-07T18:43:47.348823,FIS,70.39,27.24,0.13,0.18,-15.10,-15.10,ADX ≥ 20.0;MACD 🚀;Price > SMA20
2025-08-07T18:43:51.763183,FI,132.01,24.98,0.30,0.23,0.97,0.97,ADX ≥ 20.0;MACD 🚀;Price > SMA20
2025-08-07T18:43:54.141014,FTNT,72.25,60.18,0.29,0.41,-82.72,-82.72,ADX ≥ 20.0;MACD 🚀;BB breakout;RSI 📈;Price > SMA20
2025-08-07T18:44:07.540421,GE,270.53,34.22,0.36,0.13,-13.68,-13.68,ADX ≥ 20.0;MACD 🚀;Price > SMA20
2025-08-07T18:44:12.641853,GEN,27.85,28.41,0.05,0.16,-40.95,-40.95,ADX ≥ 20.0;MACD 🚀;Price > SMA20
2025-08-07T18:44:35.862897,HPE,20.21,33.25,0.03,0.17,-3.19,-3.19,ADX ≥ 20.0;MACD 🚀;Price > SMA20
2025-08-07T18:44:39.196072,HD,384.85,38.26,0.36,0.09,-15.95,-15.95,ADX ≥ 20.0;MACD 🚀;Price > SMA20
2025-08-07T18:44:43.392542,HST,15.26,21.26,0.02,0.15,-31.01,-31.01,ADX ≥ 20.0;MACD 🚀;Price > SMA20
2025-08-07T18:44:50.502742,HUM,254.02,39.85,0.71,0.28,-11.82,-11.82,ADX ≥ 20.0;MACD 🚀;Price > SMA20
2025-08-07T18:44:57.346239,INCY,77.43,20.80,0.08,0.10,-37.91,-37.91,ADX ≥ 20.0;MACD 🚀;Price > SMA20
2025-08-07T18:45:08.529647,ISRG,466.80,57.90,0.66,0.14,-39.78,-39.78,ADX ≥ 20.0;MACD 🚀;Price > SMA20
2025-08-07T18:45:24.319382,KDP,34.00,54.68,0.03,0.09,-57.02,-57.02,ADX ≥ 20.0;MACD 🚀;BB breakout;RSI 📈;Price > SMA20
2025-08-07T18:45:27.617346,KIM,21.14,32.07,0.03,0.13,-13.15,-13.15,ADX ≥ 20.0;MACD 🚀;Price > SMA20
2025-08-07T18:45:34.327588,KR,74.23,43.47,0.08,0.11,2.58,2.58,ADX ≥ 20.0;MACD 🚀;BB breakout;RSI 📈;Price > SMA20
2025-08-07T18:45:39.266873,LVS,52.85,27.25,0.07,0.13,7.24,7.24,ADX ≥ 20.0;MACD 🚀;Price > SMA20
2025-08-07T18:45:48.594631,LMT,430.49,24.05,0.47,0.11,-36.07,-36.07,ADX ≥ 20.0;MACD 🚀;Price > SMA20
2025-08-07T18:45:50.086745,LOW,237.66,25.05,0.24,0.10,-30.23,-30.23,ADX ≥ 20.0;MACD 🚀;RSI 📈;Price > SMA20
2025-08-07T18:45:51.027876,LULU,190.61,33.86,0.32,0.17,-55.41,-55.41,ADX ≥ 20.0;MACD 🚀;Price > SMA20
2025-08-07T18:45:56.183993,MPC,162.56,38.05,0.24,0.15,-8.43,-8.43,ADX ≥ 20.0;MACD 🚀;Price > SMA20
2025-08-07T18:45:59.063662,MMC,203.14,35.01,0.18,0.09,-20.30,-20.30,ADX ≥ 20.0;MACD 🚀;RSI 📈;Price > SMA20
2025-08-07T18:46:01.881431,MA,558.69,39.50,0.75,0.13,-21.22,-21.22,ADX ≥ 20.0;MACD 🚀;RSI 📈;Price > SMA20
2025-08-07T18:46:05.183093,MCD,305.57,43.15,0.33,0.11,-15.36,-15.36,ADX ≥ 20.0;MACD 🚀;RSI 📈;Price > SMA20
2025-08-07T18:46:07.219829,MCK,664.83,38.14,2.04,0.31,9.76,9.76,ADX ≥ 20.0;MACD 🚀;RSI 📈;ATR14 ≥ 2.0;Price > SMA20
2025-08-07T18:46:19.914278,MGM,34.42,25.57,0.07,0.19,5.57,5.57,ADX ≥ 20.0;MACD 🚀;Price > SMA20
2025-08-07T18:46:20.767804,MCHP,66.13,24.68,0.13,0.20,-16.27,-16.27,ADX ≥ 20.0;MACD 🚀;Price > SMA20
2025-08-07T18:46:25.634081,MRNA,26.46,24.07,0.08,0.29,-6.45,-6.45,ADX ≥ 20.0;MACD 🚀;BB breakout;Price > SMA20
2025-08-07T18:46:31.287915,TAP,49.73,42.47,0.07,0.15,-9.44,-9.44,ADX ≥ 20.0;MACD 🚀;Price > SMA20
2025-08-07T18:46:40.993517,MSI,443.78,32.00,0.45,0.10,4.06,4.06,ADX ≥ 20.0;MACD 🚀;RSI 📈;Price > SMA20
2025-08-07T18:46:48.106224,NEE,72.56,36.43,0.09,0.12,-8.48,-8.48,ADX ≥ 20.0;MACD 🚀;Price > SMA20
2025-08-07T18:46:56.417607,NOC,584.84,31.04,0.55,0.09,-6.61,-6.61,ADX ≥ 20.0;MACD 🚀;Price > SMA20
2025-08-07T18:47:00.317909,NVR,7832.97,66.89,7.58,0.10,-61.84,-61.84,ADX ≥ 20.0;MACD 🚀;ATR14 ≥ 2.0
2025-08-07T18:47:06.302771,ORLY,103.63,48.14,0.07,0.07,-59.36,-59.36,ADX ≥ 20.0;MACD 🚀;BB breakout;RSI 📈;Price > SMA20
2025-08-07T18:47:18.871487,PCAR,96.76,22.05,0.10,0.11,-49.15,-49.15,ADX ≥ 20.0;MACD 🚀;Price > SMA20
2025-08-07T18:47:32.348030,PARA,0.00,22.69,0.04,inf,17.64,17.64,ADX ≥ 20.0;MACD 🚀;RSI 📈;ATR % ≥ 0.5%
2025-08-07T18:47:33.778239,PAYX,140.49,40.84,0.17,0.12,-18.88,-18.88,ADX ≥ 20.0;MACD 🚀;RSI 📈;Price > SMA20
2025-08-07T18:47:34.571850,PAYC,232.03,58.59,1.17,0.51,11.93,11.93,ADX ≥ 20.0;MACD 🚀;ATR % ≥ 0.5%
2025-08-07T18:47:39.796129,PCG,15.16,33.64,0.03,0.22,-16.43,-16.43,ADX ≥ 20.0;MACD 🚀;RSI 📈;Price > SMA20
2025-08-07T18:47:50.902313,PTC,205.36,36.69,0.45,0.22,-49.25,-49.25,ADX ≥ 20.0;MACD 🚀;Price > SMA20
2025-08-07T18:47:58.410273,REG,72.54,24.52,0.11,0.15,-30.42,-30.42,ADX ≥ 20.0;MACD 🚀;Price > SMA20
2025-08-07T18:48:05.040612,ROL,58.59,24.12,0.03,0.06,-23.20,-23.20,ADX ≥ 20.0;MACD 🚀;RSI 📈;Price > SMA20
2025-08-07T18:48:06.416808,ROST,144.76,24.61,0.19,0.13,-22.75,-22.75,ADX ≥ 20.0;MACD 🚀;Price > SMA20
2025-08-07T18:48:07.275653,RCL,308.01,21.04,0.57,0.18,-8.77,-8.77,ADX ≥ 20.0;MACD 🚀;Price > SMA20
2025-08-07T18:48:10.936934,SLB,33.01,35.01,0.05,0.15,-5.82,-5.82,ADX ≥ 20.0;MACD 🚀;BB breakout;RSI 📈;Price > SMA20
2025-08-07T18:48:12.275552,SRE,82.85,53.61,0.15,0.18,-29.51,-29.51,ADX ≥ 20.0;MACD 🚀;Price > SMA20
2025-08-07T18:48:13.669538,NOW,864.87,32.89,2.19,0.25,-31.35,-31.35,ADX ≥ 20.0;MACD 🚀;ATR14 ≥ 2.0
2025-08-07T18:48:16.790681,SHW,350.57,30.45,0.43,0.12,-2.15,-2.15,ADX ≥ 20.0;MACD 🚀;Price > SMA20
2025-08-07T18:48:18.149045,SPG,165.55,30.00,0.21,0.13,-19.58,-19.58,ADX ≥ 20.0;MACD 🚀;Price > SMA20
2025-08-07T18:48:29.322722,STE,236.09,26.05,0.66,0.28,-13.99,-13.99,ADX ≥ 20.0;MACD 🚀;RSI 📈;Price > SMA20
2025-08-07T18:48:33.621078,TMUS,241.77,39.37,0.21,0.09,-30.68,-30.68,ADX ≥ 20.0;MACD 🚀;RSI 📈;Price > SMA20
2025-08-07T18:48:36.798950,TTWO,223.64,36.19,0.36,0.16,-41.42,-41.42,ADX ≥ 20.0;MACD 🚀;Price > SMA20
2025-08-07T18:48:37.571714,TPR,107.57,22.73,0.20,0.19,8.89,8.89,ADX ≥ 20.0;MACD 🚀;BB breakout;RSI 📈;Price > SMA20
2025-08-07T18:48:41.047144,TEL,199.98,25.77,0.25,0.13,0.86,0.86,ADX ≥ 20.0;MACD 🚀;Price > SMA20
2025-08-07T18:48:44.139315,TXN,185.79,32.56,0.32,0.17,-4.46,-4.46,ADX ≥ 20.0;MACD 🚀;BB breakout;RSI 📈;Price > SMA20
2025-08-07T18:48:47.097577,TJX,131.34,23.01,0.12,0.09,-5.72,-5.72,ADX ≥ 20.0;MACD 🚀;Price > SMA20
2025-08-07T18:48:48.051374,TKO,160.16,25.76,0.42,0.26,7.81,7.81,ADX ≥ 20.0;MACD 🚀;BB breakout;RSI 📈;Price > SMA20
2025-08-07T18:48:50.907723,TRV,265.06,50.00,0.33,0.12,-17.90,-17.90,ADX ≥ 20.0;MACD 🚀;RSI 📈;Price > SMA20
2025-08-07T18:48:56.436148,UBER,91.03,32.35,0.20,0.22,-14.88,-14.88,ADX ≥ 20.0;MACD 🚀;BB breakout;RSI 📈;Price > SMA20
2025-08-07T18:48:58.049719,ULTA,499.56,49.20,0.69,0.14,-74.24,-74.24,ADX ≥ 20.0;MACD 🚀;Price > SMA20
2025-08-07T18:49:01.128815,URI,855.84,44.45,1.26,0.15,-4.96,-4.96,ADX ≥ 20.0;MACD 🚀;Price > SMA20
2025-08-07T18:49:02.805497,UHS,167.90,34.69,0.31,0.19,-16.84,-16.84,ADX ≥ 20.0;MACD 🚀;Price > SMA20
2025-08-07T18:49:06.688425,VRSN,271.65,24.16,0.33,0.12,-45.38,-45.38,ADX ≥ 20.0;MACD 🚀;Price > SMA20
2025-08-07T18:49:14.107803,VST,206.08,26.48,0.86,0.42,9.43,9.43,ADX ≥ 20.0;MACD 🚀;RSI 📈;Price > SMA20
2025-08-07T18:49:16.236204,WRB,70.30,39.73,0.08,0.11,-16.04,-16.04,ADX ≥ 20.0;MACD 🚀;RSI 📈;Price > SMA20
2025-08-07T18:49:17.174244,GWW,948.33,37.61,0.74,0.08,-20.08,-20.08,ADX ≥ 20.0;MACD 🚀;RSI 📈;Price > SMA20
2025-08-07T18:49:22.266888,DIS,112.56,28.03,0.16,0.14,-20.52,-20.52,ADX ≥ 20.0;MACD 🚀;RSI 📈;Price > SMA20
2025-08-07T18:49:23.116987,WBD,11.93,45.17,0.04,0.33,-52.59,-52.59,ADX ≥ 20.0;MACD 🚀;Price > SMA20
2025-08-07T18:49:30.372845,WAT,278.58,33.32,0.44,0.16,-20.30,-20.30,ADX ≥ 20.0;MACD 🚀;Price > SMA20
2025-08-07T18:49:37.811839,WTW,325.07,32.34,0.23,0.07,-62.73,-62.73,ADX ≥ 20.0;MACD 🚀;RSI 📈;Price > SMA20
2025-08-07T18:49:42.759537,WYNN,106.44,28.01,0.25,0.23,16.40,16.40,ADX ≥ 20.0;MACD 🚀;Price > SMA20
2025-08-07T18:50:16.034524,ADBE,333.94,41.41,0.52,0.16,-21.78,-21.78,ADX ≥ 20.0;MACD 🚀;BB breakout;Price > SMA20
2025-08-07T18:50:17.918593,AMD,171.39,40.96,0.54,0.32,-19.99,-19.99,ADX ≥ 20.0;MACD 🚀;Price > SMA20
2025-08-07T18:50:22.431881,ABNB,118.50,47.23,0.34,0.29,-8.98,-8.98,ADX ≥ 20.0;MACD 🚀;RSI 📈;Price > SMA20
2025-08-07T18:50:44.499442,AIG,75.97,32.33,0.19,0.25,-29.82,-29.82,ADX ≥ 20.0;MACD 🚀;Price > SMA20
2025-08-07T18:50:54.152128,ADI,222.96,43.07,0.30,0.13,-23.07,-23.07,ADX ≥ 20.0;MACD 🚀;Price > SMA20
2025-08-07T18:51:00.497858,AON,364.24,56.41,0.40,0.11,-9.65,-9.65,ADX ≥ 20.0;MACD 🚀;RSI 📈;Price > SMA20
2025-08-07T18:51:05.755694,AAPL,219.99,45.03,0.34,0.15,0.99,0.99,ADX ≥ 20.0;MACD 🚀;RSI 📈;Price > SMA20
2025-08-07T18:51:07.442203,APTV,65.69,38.28,0.08,0.13,-18.83,-18.83,ADX ≥ 20.0;MACD 🚀;Price > SMA20
2025-08-07T18:51:17.694568,AJG,289.24,61.26,0.41,0.14,18.63,18.63,ADX ≥ 20.0;MACD 🚀;RSI 📈;Price > SMA20
2025-08-07T18:51:28.041123,AZO,4046.17,41.48,10.39,0.26,-12.01,-12.01,ADX ≥ 20.0;MACD 🚀;BB breakout;ATR14 ≥ 2.0;Price > SMA20
2025-08-07T18:51:35.704049,AXON,865.07,23.75,2.06,0.24,-45.91,-45.91,ADX ≥ 20.0;MACD 🚀;ATR14 ≥ 2.0
2025-08-07T18:51:37.180865,BALL,54.21,31.41,0.09,0.16,1.06,1.06,ADX ≥ 20.0;MACD 🚀;Price > SMA20
2025-08-07T18:51:48.421713,BAX,23.41,23.53,0.07,0.28,-18.12,-18.12,ADX ≥ 20.0;MACD 🚀;Price > SMA20
2025-08-07T18:51:51.321431,BBY,67.09,24.90,0.08,0.12,-25.50,-25.50,ADX ≥ 20.0;MACD 🚀;Price > SMA20
2025-08-07T18:52:00.300604,BA,226.55,43.53,0.31,0.14,3.73,3.73,ADX ≥ 20.0;MACD 🚀;RSI 📈;Price > SMA20
2025-08-07T18:52:10.240797,BRO,93.03,52.98,0.13,0.14,0.14,0.14,ADX ≥ 20.0;MACD 🚀;RSI 📈;Price > SMA20
2025-08-07T18:52:25.300061,CZR,24.07,31.69,0.07,0.30,-2.02,-2.02,ADX ≥ 20.0;MACD 🚀;Price > SMA20
2025-08-07T18:52:30.305250,CAH,153.10,50.82,0.22,0.15,-5.26,-5.26,ADX ≥ 20.0;MACD 🚀;BB breakout;RSI 📈;Price > SMA20
2025-08-07T18:52:33.303424,KMX,55.36,23.67,0.09,0.16,-21.35,-21.35,ADX ≥ 20.0;MACD 🚀;Price > SMA20
2025-08-07T18:52:34.072821,CCL,28.90,31.58,0.07,0.23,2.50,2.50,ADX ≥ 20.0;MACD 🚀;BB breakout;RSI 📈;Price > SMA20
2025-08-07T18:52:51.983194,CDW,162.24,68.77,0.34,0.21,-5.26,-5.26,ADX ≥ 20.0;MACD 🚀;Price > SMA20
2025-08-07T18:52:57.924645,CF,83.80,35.00,0.27,0.32,-22.01,-22.01,ADX ≥ 20.0;MACD 🚀;Price > SMA20
2025-08-07T18:53:10.977433,CB,268.08,38.55,0.24,0.09,-23.11,-23.11,ADX ≥ 20.0;MACD 🚀;Price > SMA20
2025-08-07T18:53:18.443751,CINF,151.61,34.60,0.19,0.12,13.71,13.71,ADX ≥ 20.0;MACD 🚀;BB breakout;Price > SMA20
2025-08-07T18:53:20.605261,C,91.39,26.57,0.17,0.18,3.43,3.43,ADX ≥ 20.0;MACD 🚀;Price > SMA20
2025-08-07T18:53:47.547143,STZ,173.56,30.44,0.20,0.12,-1.43,-1.43,ADX ≥ 20.0;MACD 🚀;BB breakout;RSI 📈;Price > SMA20
2025-08-07T18:53:48.384140,CEG,337.37,32.64,1.08,0.32,-10.51,-10.51,ADX ≥ 20.0;MACD 🚀;Price > SMA20
2025-08-07T18:53:52.386133,GLW,64.84,25.67,0.10,0.16,4.93,4.93,ADX ≥ 20.0;MACD 🚀;BB breakout;RSI 📈;Price > SMA20
2025-08-07T18:53:57.068291,CTRA,24.02,25.11,0.04,0.15,-25.17,-25.17,ADX ≥ 20.0;MACD 🚀;Price > SMA20
2025-08-07T18:54:05.798860,CVS,63.12,28.60,0.10,0.16,3.65,3.65,ADX ≥ 20.0;MACD 🚀;Price > SMA20
2025-08-07T18:54:08.585533,DVA,127.11,37.46,0.21,0.17,0.07,0.07,ADX ≥ 20.0;MACD 🚀;Price > SMA20
2025-08-07T18:54:11.400218,DAY,52.15,49.38,0.17,0.33,-14.45,-14.45,ADX ≥ 20.0;MACD 🚀;BB breakout;RSI 📈;Price > SMA20
2025-08-07T18:54:12.972966,DECK,101.71,26.68,0.19,0.19,-11.72,-11.72,ADX ≥ 20.0;MACD 🚀;BB breakout;RSI 📈;Price > SMA20
2025-08-07T18:54:15.228362,DELL,132.88,27.89,0.31,0.23,-1.99,-1.99,ADX ≥ 20.0;MACD 🚀;BB breakout;RSI 📈;Price > SMA20
2025-08-07T18:54:25.923531,DLTR,117.34,46.71,0.14,0.12,3.88,3.88,ADX ≥ 20.0;MACD 🚀;RSI 📈;Price > SMA20
2025-08-07T18:54:28.009477,DPZ,441.09,20.19,0.54,0.12,22.43,22.43,ADX ≥ 20.0;MACD 🚀;RSI 📈;Price > SMA20
2025-08-07T18:54:42.361361,EW,77.50,31.43,0.10,0.12,-14.35,-14.35,ADX ≥ 20.0;MACD 🚀;Price > SMA20
2025-08-07T18:54:43.117020,EA,162.01,43.18,0.29,0.18,4.46,4.46,ADX ≥ 20.0;MACD 🚀;Price > SMA20
2025-08-07T18:54:45.375149,EMR,131.96,25.11,0.28,0.21,6.27,6.27,ADX ≥ 20.0;MACD 🚀;Price > SMA20
2025-08-07T18:54:51.243399,EQT,51.51,32.56,0.09,0.17,-4.99,-4.99,ADX ≥ 20.0;MACD 🚀;BB breakout
2025-08-07T18:54:57.598532,ERIE,354.32,36.27,1.44,0.41,-49.38,-49.38,ADX ≥ 20.0;MACD 🚀;Price > SMA20
2025-08-07T18:54:58.997481,EL,91.28,32.91,0.17,0.19,-4.84,-4.84,ADX ≥ 20.0;MACD 🚀;RSI 📈;Price > SMA20
2025-08-07T18:55:09.953664,EXPE,183.90,48.53,0.42,0.23,6.75,6.75,ADX ≥ 20.0;MACD 🚀;RSI 📈;Price > SMA20
2025-08-07T18:55:18.636580,FFIV,317.62,27.43,0.47,0.15,-37.67,-37.67,ADX ≥ 20.0;MACD 🚀;BB breakout;RSI 📈;Price > SMA20
2025-08-07T18:55:20.847280,FICO,1346.70,25.10,3.04,0.23,-16.07,-16.07,ADX ≥ 20.0;MACD 🚀;ATR14 ≥ 2.0;Price > SMA20
2025-08-07T18:55:22.665296,FAST,47.27,45.43,0.07,0.15,8.22,8.22,ADX ≥ 20.0;MACD 🚀;BB breakout;RSI 📈;Price > SMA20
2025-08-07T18:55:30.166349,FSLR,187.57,41.46,0.49,0.26,-20.37,-20.37,ADX ≥ 20.0;MACD 🚀;Price > SMA20
2025-08-07T18:55:41.289074,FI,132.06,27.58,0.29,0.22,-11.11,-11.11,ADX ≥ 20.0;MACD 🚀;Price > SMA20
2025-08-07T18:55:45.099221,FTNT,72.51,43.20,0.27,0.38,-14.20,-14.20,ADX ≥ 20.0;MACD 🚀;BB breakout;RSI 📈;Price > SMA20
2025-08-07T18:55:46.735674,FOXA,53.88,22.99,0.07,0.12,-18.66,-18.66,ADX ≥ 20.0;MACD 🚀;Price > SMA20
2025-08-07T18:55:47.753303,FOX,49.08,26.21,0.06,0.13,-22.71,-22.71,ADX ≥ 20.0;MACD 🚀;Price > SMA20
2025-08-07T18:55:53.612384,GE,270.98,35.98,0.33,0.12,-2.49,-2.49,ADX ≥ 20.0;MACD 🚀;Price > SMA20
2025-08-07T18:55:55.478371,GEHC,70.86,26.71,0.11,0.16,-7.67,-7.67,ADX ≥ 20.0;MACD 🚀;RSI 📈;Price > SMA20
2025-08-07T18:55:58.550495,GEN,27.89,31.37,0.04,0.16,-6.88,-6.88,ADX ≥ 20.0;MACD 🚀;Price > SMA20
2025-08-07T18:56:21.681209,HPE,20.27,36.00,0.03,0.17,-2.92,-2.92,ADX ≥ 20.0;MACD 🚀;BB breakout;RSI 📈;Price > SMA20
2025-08-07T18:56:30.842629,HWM,180.69,27.92,0.29,0.16,-11.64,-11.64,ADX ≥ 20.0;MACD 🚀;Price > SMA20
2025-08-07T18:56:32.163618,HUBB,417.29,35.82,0.57,0.14,-8.74,-8.74,ADX ≥ 20.0;MACD 🚀;Price > SMA20
2025-08-07T18:56:42.739158,INCY,77.55,24.67,0.08,0.10,-12.71,-12.71,ADX ≥ 20.0;MACD 🚀;RSI 📈;Price > SMA20
2025-08-07T18:56:45.082735,INTC,19.70,34.08,0.04,0.22,-19.87,-19.87,ADX ≥ 20.0;MACD 🚀;BB breakout;Price > SMA20
2025-08-07T18:56:47.648081,IPG,24.78,21.44,0.04,0.16,-0.36,-0.36,ADX ≥ 20.0;MACD 🚀;Price > SMA20
2025-08-07T18:56:49.162342,ISRG,467.55,47.84,0.63,0.13,-8.74,-8.74,ADX ≥ 20.0;MACD 🚀;RSI 📈;Price > SMA20
2025-08-07T18:56:58.180067,JKHY,164.70,21.28,0.18,0.11,-23.54,-23.54,ADX ≥ 20.0;MACD 🚀;Price > SMA20
2025-08-07T18:57:14.331140,KLAC,909.92,36.13,1.46,0.16,18.62,18.62,ADX ≥ 20.0;MACD 🚀;BB breakout;Price > SMA20
2025-08-07T18:57:18.799605,LRCX,98.97,31.71,0.17,0.17,1.92,1.92,ADX ≥ 20.0;MACD 🚀;BB breakout;Price > SMA20
2025-08-07T18:57:23.804213,LVS,52.98,23.75,0.08,0.14,9.64,9.64,ADX ≥ 20.0;MACD 🚀;RSI 📈;Price > SMA20
2025-08-07T18:57:32.778891,LYV,147.34,31.40,0.41,0.28,10.87,10.87,ADX ≥ 20.0;MACD 🚀;Price > SMA20
2025-08-07T18:57:35.213883,LMT,430.14,25.54,0.46,0.11,-35.44,-35.44,ADX ≥ 20.0;MACD 🚀;Price > SMA20
2025-08-07T18:57:36.494772,LOW,237.77,21.82,0.26,0.11,-15.73,-15.73,ADX ≥ 20.0;MACD 🚀;BB breakout;RSI 📈;Price > SMA20
2025-08-07T18:57:37.296811,LULU,190.99,34.45,0.33,0.17,-23.80,-23.80,ADX ≥ 20.0;MACD 🚀;RSI 📈;Price > SMA20
2025-08-07T18:57:39.389742,MPC,162.75,34.20,0.23,0.14,-6.81,-6.81,ADX ≥ 20.0;MACD 🚀;BB breakout;RSI 📈;Price > SMA20
2025-08-07T18:57:44.464341,MA,559.35,44.63,0.75,0.13,-17.14,-17.14,ADX ≥ 20.0;MACD 🚀;RSI 📈;Price > SMA20
2025-08-07T18:57:45.398828,MTCH,36.12,45.67,0.07,0.20,-31.70,-31.70,ADX ≥ 20.0;MACD 🚀;Price > SMA20
2025-08-07T18:57:46.717123,MCD,306.28,41.17,0.39,0.13,6.64,6.64,ADX ≥ 20.0;MACD 🚀;BB breakout;RSI 📈;Price > SMA20
2025-08-07T18:57:52.075173,MET,73.50,36.99,0.14,0.19,-9.90,-9.90,ADX ≥ 20.0;MACD 🚀;Price > SMA20
2025-08-07T18:57:54.262139,MGM,34.51,23.25,0.07,0.20,11.69,11.69,ADX ≥ 20.0;MACD 🚀;RSI 📈;Price > SMA20
2025-08-07T18:57:55.060144,MCHP,66.42,25.46,0.15,0.22,-0.03,-0.03,ADX ≥ 20.0;MACD 🚀;BB breakout;RSI 📈;Price > SMA20
2025-08-07T18:57:55.988810,MU,111.98,31.14,0.30,0.27,-1.92,-1.92,ADX ≥ 20.0;MACD 🚀;BB breakout;Price > SMA20
2025-08-07T18:57:56.928072,MSFT,519.25,45.91,0.69,0.13,-22.22,-22.22,ADX ≥ 20.0;MACD 🚀;BB breakout
2025-08-07T18:57:59.490399,MRNA,26.61,22.90,0.08,0.30,11.39,11.39,ADX ≥ 20.0;MACD 🚀;BB breakout;RSI 📈;Price > SMA20
2025-08-07T18:58:00.250399,MHK,120.87,31.54,0.22,0.18,-19.71,-19.71,ADX ≥ 20.0;MACD 🚀;BB breakout;RSI 📈;Price > SMA20
2025-08-07T18:58:04.544108,TAP,49.78,39.97,0.08,0.16,10.65,10.65,ADX ≥ 20.0;MACD 🚀;Price > SMA20
2025-08-07T18:58:05.954380,MPWR,793.38,32.26,1.71,0.22,-46.83,-46.83,ADX ≥ 20.0;MACD 🚀;BB breakout;Price > SMA20
2025-08-07T18:58:09.699935,MSI,444.34,33.62,0.46,0.10,-2.98,-2.98,ADX ≥ 20.0;MACD 🚀;BB breakout;RSI 📈;Price > SMA20
2025-08-07T18:58:12.458580,NFLX,1172.77,46.86,1.42,0.12,-35.06,-35.06,ADX ≥ 20.0;MACD 🚀;BB breakout;Price > SMA20
2025-08-07T18:58:15.547434,NWSA,29.12,27.55,0.04,0.15,-6.63,-6.63,ADX ≥ 20.0;MACD 🚀;RSI 📈;Price > SMA20
2025-08-07T18:58:16.256669,NWS,33.69,28.62,0.05,0.14,-8.02,-8.02,ADX ≥ 20.0;MACD 🚀;Price > SMA20
2025-08-07T18:58:17.029221,NEE,72.59,42.44,0.09,0.13,-3.91,-3.91,ADX ≥ 20.0;MACD 🚀;Price > SMA20
2025-08-07T18:58:24.978722,NOC,585.47,29.66,0.59,0.10,-20.79,-20.79,ADX ≥ 20.0;MACD 🚀;BB breakout;RSI 📈;Price > SMA20
2025-08-07T18:58:29.153088,NVDA,180.04,38.02,0.44,0.24,-3.30,-3.30,ADX ≥ 20.0;MACD 🚀;Price > SMA20
2025-08-07T18:58:30.056267,NVR,7832.97,66.89,7.58,0.10,-61.84,-61.84,ADX ≥ 20.0;MACD 🚀;ATR14 ≥ 2.0
2025-08-07T18:58:33.850145,OMC,72.58,21.97,0.11,0.16,0.24,0.24,ADX ≥ 20.0;MACD 🚀;Price > SMA20
2025-08-07T18:58:37.445680,PCAR,96.84,22.72,0.11,0.12,-13.15,-13.15,ADX ≥ 20.0;MACD 🚀;BB breakout;Price > SMA20
2025-08-07T18:58:38.984179,PLTR,179.91,52.36,0.63,0.35,6.38,6.38,ADX ≥ 20.0;MACD 🚀;BB breakout;Price > SMA20
2025-08-07T18:58:40.830898,PANW,166.34,40.68,0.39,0.23,-20.85,-20.85,ADX ≥ 20.0;MACD 🚀;BB breakout;Price > SMA20
2025-08-07T18:58:41.497471,PARA,0.00,22.69,0.04,inf,17.64,17.64,ADX ≥ 20.0;MACD 🚀;RSI 📈;ATR % ≥ 0.5%
2025-08-07T18:58:48.470620,PAYC,233.47,50.23,1.28,0.55,25.02,25.02,ADX ≥ 20.0;MACD 🚀;ATR % ≥ 0.5%
2025-08-07T18:58:53.534959,PNR,102.38,38.70,0.14,0.14,17.11,17.11,ADX ≥ 20.0;MACD 🚀;Price > SMA20
2025-08-07T18:59:00.190314,PPG,106.55,22.01,0.18,0.17,8.76,8.76,ADX ≥ 20.0;MACD 🚀;Price > SMA20
2025-08-07T18:59:07.067506,PTC,205.45,35.71,0.41,0.20,-3.58,-3.58,ADX ≥ 20.0;MACD 🚀;Price > SMA20
2025-08-07T18:59:15.158365,PWR,386.01,29.81,0.64,0.16,4.76,4.76,ADX ≥ 20.0;MACD 🚀;BB breakout;Price > SMA20
2025-08-07T18:59:29.755936,ROL,58.59,26.61,0.04,0.06,-15.13,-15.13,ADX ≥ 20.0;MACD 🚀;Price > SMA20
2025-08-07T18:59:31.264276,ROST,144.83,23.21,0.19,0.13,-3.59,-3.59,ADX ≥ 20.0;MACD 🚀;BB breakout;Price > SMA20
2025-08-07T18:59:31.971592,RCL,308.59,23.08,0.59,0.19,3.74,3.74,ADX ≥ 20.0;MACD 🚀;Price > SMA20
2025-08-07T18:59:34.704454,SLB,33.03,34.45,0.05,0.15,-0.53,-0.53,ADX ≥ 20.0;MACD 🚀;BB breakout;RSI 📈;Price > SMA20
2025-08-07T18:59:38.664762,NOW,867.27,28.67,2.15,0.25,-22.90,-22.90,ADX ≥ 20.0;MACD 🚀;BB breakout;ATR14 ≥ 2.0;Price > SMA20
2025-08-07T18:59:39.401992,SHW,350.84,36.03,0.44,0.13,-6.24,-6.24,ADX ≥ 20.0;MACD 🚀;BB breakout;RSI 📈;Price > SMA20
2025-08-07T18:59:42.652258,SPG,165.77,25.58,0.21,0.13,-16.58,-16.58,ADX ≥ 20.0;MACD 🚀;Price > SMA20
2025-08-07T18:59:44.598219,SWKS,68.19,29.77,0.14,0.20,11.91,11.91,ADX ≥ 20.0;MACD 🚀;BB breakout;RSI 📈;Price > SMA20
2025-08-07T18:59:49.269732,SO,95.53,23.57,0.09,0.10,-1.76,-1.76,ADX ≥ 20.0;MACD 🚀;BB breakout;RSI 📈;Price > SMA20
2025-08-07T18:59:58.106245,STE,235.78,21.83,0.62,0.26,-5.99,-5.99,ADX ≥ 20.0;MACD 🚀;Price > SMA20
2025-08-07T18:59:59.088756,SYK,374.75,29.51,0.48,0.13,-9.93,-9.93,ADX ≥ 20.0;MACD 🚀;Price > SMA20
2025-08-07T19:00:05.628971,SNPS,615.34,36.34,1.23,0.20,-0.76,-0.76,ADX ≥ 20.0;MACD 🚀;BB breakout;RSI 📈;Price > SMA20
2025-08-07T19:00:07.789071,TROW,104.12,23.90,0.14,0.14,-12.49,-12.49,ADX ≥ 20.0;MACD 🚀;Price > SMA20
2025-08-07T19:00:08.547785,TTWO,224.45,33.18,0.34,0.15,-22.68,-22.68,ADX ≥ 20.0;MACD 🚀;RSI 📈;Price > SMA20
2025-08-07T19:00:09.507180,TPR,107.80,21.15,0.22,0.21,12.43,12.43,ADX ≥ 20.0;MACD 🚀;BB breakout;RSI 📈;Price > SMA20
2025-08-07T19:00:11.714405,TEL,200.17,27.28,0.26,0.13,-1.27,-1.27,ADX ≥ 20.0;MACD 🚀;Price > SMA20
2025-08-07T19:00:12.691243,TDY,547.69,24.89,0.68,0.12,-18.71,-18.71,ADX ≥ 20.0;MACD 🚀;Price > SMA20
2025-08-07T19:00:19.892408,TXN,186.08,31.48,0.32,0.17,-5.83,-5.83,ADX ≥ 20.0;MACD 🚀;RSI 📈;Price > SMA20
2025-08-07T19:00:26.927612,TXT,77.16,30.07,0.09,0.12,3.19,3.19,ADX ≥ 20.0;MACD 🚀;Price > SMA20
2025-08-07T19:00:29.254203,TKO,160.33,32.07,0.37,0.23,10.35,10.35,ADX ≥ 20.0;MACD 🚀;RSI 📈;Price > SMA20
2025-08-07T19:00:33.180626,TDG,1412.08,20.56,2.49,0.18,-10.64,-10.64,ADX ≥ 20.0;MACD 🚀;RSI 📈;ATR14 ≥ 2.0;Price > SMA20
2025-08-07T19:00:33.945375,TRV,265.16,49.97,0.29,0.11,-17.43,-17.43,ADX ≥ 20.0;MACD 🚀;RSI 📈;Price > SMA20
2025-08-07T19:00:35.072848,TRMB,82.50,26.63,0.15,0.18,-26.53,-26.53,ADX ≥ 20.0;MACD 🚀;BB breakout;Price > SMA20
2025-08-07T19:00:38.682048,UBER,91.28,33.20,0.20,0.22,-13.74,-13.74,ADX ≥ 20.0;MACD 🚀;RSI 📈;Price > SMA20
2025-08-07T19:00:40.145159,ULTA,500.95,48.26,0.82,0.16,-2.81,-2.81,ADX ≥ 20.0;MACD 🚀;BB breakout;RSI 📈;Price > SMA20
2025-08-07T19:00:42.471108,UAL,88.02,34.15,0.20,0.23,-6.83,-6.83,ADX ≥ 20.0;MACD 🚀;BB breakout;Price > SMA20
2025-08-07T19:00:47.122660,URI,858.49,51.66,1.44,0.17,35.62,35.62,ADX ≥ 20.0;MACD 🚀;BB breakout;RSI 📈;Price > SMA20
2025-08-07T19:00:57.868781,VZ,42.96,45.31,0.04,0.10,4.40,4.40,ADX ≥ 20.0;MACD 🚀;RSI 📈;Price > SMA20
2025-08-07T19:01:00.753805,VRTX,377.80,29.24,1.00,0.26,13.85,13.85,ADX ≥ 20.0;MACD 🚀;Price > SMA20
2025-08-07T19:01:07.981986,VST,207.12,23.62,0.87,0.42,-8.77,-8.77,ADX ≥ 20.0;MACD 🚀;RSI 📈;Price > SMA20
2025-08-07T19:01:10.495298,GWW,949.67,30.03,0.87,0.09,22.10,22.10,ADX ≥ 20.0;MACD 🚀;BB breakout;RSI 📈;Price > SMA20
2025-08-07T19:01:14.683025,DIS,112.59,34.00,0.14,0.12,-18.07,-18.07,ADX ≥ 20.0;MACD 🚀;Price > SMA20
2025-08-07T19:01:15.455374,WBD,11.97,34.05,0.04,0.33,-8.14,-8.14,ADX ≥ 20.0;MACD 🚀;BB breakout;RSI 📈;Price > SMA20
2025-08-07T19:01:17.806879,WFC,77.08,20.41,0.10,0.13,-15.41,-15.41,ADX ≥ 20.0;MACD 🚀;Price > SMA20
2025-08-07T19:01:26.681726,WDAY,219.27,35.45,0.58,0.26,-4.98,-4.98,ADX ≥ 20.0;MACD 🚀;Price > SMA20
2025-08-07T19:01:27.721347,WYNN,106.57,22.06,0.25,0.24,-16.34,-16.34,ADX ≥ 20.0;MACD 🚀;Price > SMA20
2025-08-07T19:01:44.881551,ADBE,335.77,43.22,0.61,0.18,8.04,8.04,ADX ≥ 20.0;MACD 🚀;BB breakout;RSI 📈;Price > SMA20
2025-08-07T19:01:46.089832,AMD,171.75,33.25,0.59,0.34,-16.97,-16.97,ADX ≥ 20.0;MACD 🚀;Price > SMA20
2025-08-07T19:01:47.488932,AFL,102.16,39.67,0.12,0.11,-3.57,-3.57,ADX ≥ 20.0;MACD 🚀;Price > SMA20
2025-08-07T19:01:50.010385,ABNB,118.25,40.11,0.36,0.30,-0.30,-0.30,ADX ≥ 20.0;MACD 🚀;Price > SMA20
2025-08-07T19:01:51.067708,AKAM,74.21,58.16,0.15,0.20,15.71,15.71,ADX ≥ 20.0;MACD 🚀;RSI 📈;Price > SMA20
2025-08-07T19:01:53.170664,ALGN,137.96,55.60,0.33,0.24,-0.30,-0.30,ADX ≥ 20.0;MACD 🚀;RSI 📈;Price > SMA20
2025-08-07T19:01:54.724376,LNT,66.27,23.76,0.07,0.11,0.71,0.71,ADX ≥ 20.0;MACD 🚀;Price > SMA20
2025-08-07T19:01:58.648462,GOOGL,195.02,55.20,0.28,0.14,-3.55,-3.55,ADX ≥ 20.0;MACD 🚀;BB breakout
2025-08-07T19:02:03.697894,AXP,294.12,49.32,0.43,0.15,-17.88,-17.88,ADX ≥ 20.0;MACD 🚀;BB breakout;RSI 📈;Price > SMA20
2025-08-07T19:02:05.627924,AIG,76.13,31.72,0.19,0.24,-39.25,-39.25,ADX ≥ 20.0;MACD 🚀;RSI 📈;Price > SMA20
2025-08-07T19:02:07.031200,AWK,144.38,24.82,0.22,0.15,0.20,0.20,ADX ≥ 20.0;MACD 🚀;BB breakout;Price > SMA20
2025-08-07T19:02:11.605500,AMP,499.78,23.42,0.69,0.14,-17.11,-17.11,ADX ≥ 20.0;MACD 🚀;Price > SMA20
2025-08-07T19:02:18.860557,ADI,223.36,35.67,0.32,0.14,-6.03,-6.03,ADX ≥ 20.0;MACD 🚀;RSI 📈;Price > SMA20
2025-08-07T19:02:21.791589,AON,364.57,67.04,0.39,0.11,-18.92,-18.92,ADX ≥ 20.0;MACD 🚀;RSI 📈;Price > SMA20
2025-08-07T19:02:23.167072,APO,139.94,43.66,0.39,0.28,8.16,8.16,ADX ≥ 20.0;MACD 🚀;Price > SMA20
2025-08-07T19:02:25.511104,AAPL,220.43,42.57,0.38,0.17,11.79,11.79,ADX ≥ 20.0;MACD 🚀;RSI 📈;Price > SMA20
2025-08-07T19:02:26.320046,AMAT,182.76,49.31,0.32,0.18,-0.77,-0.77,ADX ≥ 20.0;MACD 🚀;BB breakout;Price > SMA20
2025-08-07T19:02:28.215210,APTV,65.79,35.79,0.09,0.13,-13.76,-13.76,ADX ≥ 20.0;MACD 🚀;BB breakout;Price > SMA20
2025-08-07T19:02:35.986581,ADSK,290.58,32.13,0.59,0.20,-9.73,-9.73,ADX ≥ 20.0;MACD 🚀;Price > SMA20
2025-08-07T19:02:37.320586,AZO,4046.17,41.48,10.39,0.26,-12.01,-12.01,ADX ≥ 20.0;MACD 🚀;BB breakout;ATR14 ≥ 2.0;Price > SMA20
2025-08-07T19:02:40.938923,BALL,54.20,35.05,0.09,0.16,-5.63,-5.63,ADX ≥ 20.0;MACD 🚀;Price > SMA20
2025-08-07T19:02:42.384362,BAX,23.45,26.99,0.06,0.27,-6.16,-6.16,ADX ≥ 20.0;MACD 🚀;RSI 📈;Price > SMA20
2025-08-07T19:02:44.873879,BBY,67.17,21.30,0.07,0.11,-30.32,-30.32,ADX ≥ 20.0;MACD 🚀;Price > SMA20
2025-08-07T19:02:49.450683,BA,226.68,49.59,0.32,0.14,-0.44,-0.44,ADX ≥ 20.0;MACD 🚀;RSI 📈;Price > SMA20
2025-08-07T19:02:56.298905,BF-B,0.00,44.89,0.05,inf,-10.26,-10.26,ADX ≥ 20.0;MACD 🚀;ATR % ≥ 0.5%
2025-08-07T19:03:00.126472,CDNS,351.17,28.91,0.55,0.16,-14.30,-14.30,ADX ≥ 20.0;MACD 🚀;BB breakout;Price > SMA20
2025-08-07T19:03:00.951173,CZR,24.12,34.71,0.07,0.30,11.01,11.01,ADX ≥ 20.0;MACD 🚀;Price > SMA20
2025-08-07T19:03:03.814276,CPT,107.29,50.45,0.10,0.10,-23.01,-23.01,ADX ≥ 20.0;MACD 🚀;BB breakout;RSI 📈;Price > SMA20
2025-08-07T19:03:06.065113,CAH,153.14,52.56,0.20,0.13,-5.03,-5.03,ADX ≥ 20.0;MACD 🚀;RSI 📈;Price > SMA20
2025-08-07T19:03:07.130295,KMX,55.42,21.56,0.08,0.15,-25.99,-25.99,ADX ≥ 20.0;MACD 🚀;Price > SMA20
2025-08-07T19:03:10.081148,CCL,28.99,33.17,0.07,0.26,19.10,19.10,ADX ≥ 20.0;MACD 🚀;BB breakout;RSI 📈;Price > SMA20
2025-08-07T19:03:12.250288,CARR,66.54,35.55,0.10,0.14,1.91,1.91,ADX ≥ 20.0;MACD 🚀;Price > SMA20
2025-08-07T19:03:14.328024,CBRE,154.50,25.14,0.21,0.14,-9.98,-9.98,ADX ≥ 20.0;MACD 🚀;Price > SMA20
2025-08-07T19:03:15.029837,CDW,162.33,65.06,0.31,0.19,-5.73,-5.73,ADX ≥ 20.0;MACD 🚀;Price > SMA20
2025-08-07T19:03:21.207574,CF,83.70,34.91,0.29,0.34,-14.12,-14.12,ADX ≥ 20.0;MACD 🚀;Price > SMA20
2025-08-07T19:03:22.701339,SCHW,95.73,22.77,0.13,0.13,-6.64,-6.64,ADX ≥ 20.0;MACD 🚀;BB breakout;Price > SMA20
2025-08-07T19:03:24.588538,CMG,42.54,40.11,0.07,0.16,-7.08,-7.08,ADX ≥ 20.0;MACD 🚀;BB breakout;Price > SMA20
2025-08-07T19:03:26.973573,CINF,151.66,25.86,0.17,0.11,1.53,1.53,ADX ≥ 20.0;MACD 🚀;BB breakout;Price > SMA20
2025-08-07T19:03:28.924929,C,91.45,21.84,0.16,0.18,-13.20,-13.20,ADX ≥ 20.0;MACD 🚀;Price > SMA20
2025-08-07T19:03:43.719440,STZ,173.60,37.52,0.21,0.12,8.60,8.60,ADX ≥ 20.0;MACD 🚀;BB breakout;RSI 📈;Price > SMA20
2025-08-07T19:03:44.476971,CEG,338.49,28.46,1.00,0.30,-11.28,-11.28,ADX ≥ 20.0;MACD 🚀;BB breakout;RSI 📈;Price > SMA20
2025-08-07T19:03:46.832919,COO,68.90,45.89,0.08,0.11,-26.10,-26.10,ADX ≥ 20.0;MACD 🚀;BB breakout;RSI 📈;Price > SMA20
2025-08-07T19:03:48.710774,GLW,64.75,26.74,0.10,0.16,0.71,0.71,ADX ≥ 20.0;MACD 🚀;Price > SMA20
2025-08-07T19:03:54.491981,CRWD,425.91,38.43,1.25,0.29,-0.94,-0.94,ADX ≥ 20.0;MACD 🚀;BB breakout;Price > SMA20
2025-08-07T19:03:56.499552,CMI,383.94,46.66,0.44,0.11,-9.75,-9.75,ADX ≥ 20.0;MACD 🚀;RSI 📈;Price > SMA20
2025-08-07T19:03:57.419445,CVS,63.18,22.68,0.10,0.16,7.50,7.50,ADX ≥ 20.0;MACD 🚀;Price > SMA20
2025-08-07T19:03:59.065537,DRI,205.82,21.74,0.25,0.12,5.77,5.77,ADX ≥ 20.0;MACD 🚀;RSI 📈;Price > SMA20
2025-08-07T19:04:01.001541,DVA,127.42,36.51,0.21,0.17,3.20,3.20,ADX ≥ 20.0;MACD 🚀;RSI 📈;Price > SMA20
2025-08-07T19:04:01.854549,DAY,52.24,47.46,0.16,0.30,-19.00,-19.00,ADX ≥ 20.0;MACD 🚀;BB breakout;RSI 📈;Price > SMA20
2025-08-07T19:04:04.866561,DECK,101.73,24.78,0.18,0.18,-10.76,-10.76,ADX ≥ 20.0;MACD 🚀;RSI 📈;Price > SMA20
2025-08-07T19:04:06.947617,DELL,133.07,27.98,0.31,0.24,-2.56,-2.56,ADX ≥ 20.0;MACD 🚀;RSI 📈;Price > SMA20
2025-08-07T19:04:11.946647,DLR,171.24,46.76,0.22,0.13,-25.26,-25.26,ADX ≥ 20.0;MACD 🚀;BB breakout;RSI 📈;Price > SMA20
2025-08-07T19:04:13.387251,DLTR,117.35,51.59,0.15,0.12,-5.19,-5.19,ADX ≥ 20.0;MACD 🚀;RSI 📈;Price > SMA20
2025-08-07T19:04:14.877214,DPZ,441.50,20.36,0.56,0.13,-4.59,-4.59,ADX ≥ 20.0;MACD 🚀;RSI 📈;Price > SMA20
2025-08-07T19:04:24.352636,EIX,54.80,29.33,0.12,0.22,-18.95,-18.95,ADX ≥ 20.0;MACD 🚀;Price > SMA20
2025-08-07T19:04:25.237952,EW,77.42,27.61,0.10,0.13,-0.61,-0.61,ADX ≥ 20.0;MACD 🚀;Price > SMA20
2025-08-07T19:04:25.973666,EA,162.09,42.11,0.30,0.18,-11.18,-11.18,ADX ≥ 20.0;MACD 🚀;Price > SMA20
2025-08-07T19:04:27.596097,EMR,132.24,27.75,0.30,0.23,7.99,7.99,ADX ≥ 20.0;MACD 🚀;RSI 📈;Price > SMA20
2025-08-07T19:04:35.369433,EQIX,776.00,21.22,0.78,0.10,-19.15,-19.15,ADX ≥ 20.0;MACD 🚀;BB breakout;RSI 📈;Price > SMA20
2025-08-07T19:04:37.944339,ERIE,353.95,37.22,0.97,0.27,-57.80,-57.80,ADX ≥ 20.0;MACD 🚀;Price > SMA20
2025-08-07T19:04:40.118036,ESS,258.22,27.84,0.29,0.11,-26.08,-26.08,ADX ≥ 20.0;MACD 🚀;BB breakout;RSI 📈;Price > SMA20
2025-08-07T19:04:44.680052,EVRG,73.56,25.01,0.13,0.18,3.78,3.78,ADX ≥ 20.0;MACD 🚀;BB breakout;Price > SMA20
2025-08-07T19:04:51.236354,EXPE,184.65,48.66,0.47,0.25,19.87,19.87,ADX ≥ 20.0;MACD 🚀;BB breakout;RSI 📈;Price > SMA20
2025-08-07T19:04:52.913857,EXPD,118.19,27.12,0.12,0.10,-11.28,-11.28,ADX ≥ 20.0;MACD 🚀;Price > SMA20
2025-08-07T19:04:53.687508,EXR,138.09,53.36,0.17,0.12,-8.31,-8.31,ADX ≥ 20.0;MACD 🚀;BB breakout;Price > SMA20
2025-08-07T19:04:55.142818,FFIV,317.57,25.85,0.46,0.14,-22.53,-22.53,ADX ≥ 20.0;MACD 🚀;Price > SMA20
2025-08-07T19:04:56.495991,FICO,1347.09,27.13,2.78,0.21,-6.44,-6.44,ADX ≥ 20.0;MACD 🚀;ATR14 ≥ 2.0;Price > SMA20
2025-08-07T19:04:59.388896,FAST,47.36,55.69,0.07,0.16,0.76,0.76,ADX ≥ 20.0;MACD 🚀;BB breakout;RSI 📈;Price > SMA20
2025-08-07T19:05:00.384785,FRT,92.33,22.51,0.17,0.18,9.66,9.66,ADX ≥ 20.0;MACD 🚀;Price > SMA20
2025-08-07T19:05:04.466432,FSLR,187.50,38.76,0.52,0.28,-1.03,-1.03,ADX ≥ 20.0;MACD 🚀;Price > SMA20
2025-08-07T19:05:06.044632,FI,132.28,28.09,0.30,0.23,-6.90,-6.90,ADX ≥ 20.0;MACD 🚀;BB breakout;RSI 📈;Price > SMA20
2025-08-07T19:05:07.664351,FTNT,72.30,34.58,0.27,0.37,-8.29,-8.29,ADX ≥ 20.0;MACD 🚀;Price > SMA20
2025-08-07T19:05:08.621975,FTV,47.43,20.82,0.04,0.09,6.13,6.13,ADX ≥ 20.0;MACD 🚀;Price > SMA20
2025-08-07T19:05:11.407795,FOXA,53.90,22.53,0.07,0.14,-7.61,-7.61,ADX ≥ 20.0;MACD 🚀;Price > SMA20
2025-08-07T19:05:12.317516,FOX,49.11,26.27,0.06,0.13,-8.72,-8.72,ADX ≥ 20.0;MACD 🚀;Price > SMA20
2025-08-07T19:05:17.525936,GE,270.89,31.00,0.31,0.12,-5.86,-5.86,ADX ≥ 20.0;MACD 🚀;Price > SMA20
2025-08-07T19:05:18.312417,GEHC,70.81,26.11,0.11,0.15,-2.90,-2.90,ADX ≥ 20.0;MACD 🚀;Price > SMA20
2025-08-07T19:05:20.088725,GEN,27.97,33.00,0.05,0.17,-16.92,-16.92,ADX ≥ 20.0;MACD 🚀;BB breakout;RSI 📈;Price > SMA20
2025-08-07T19:05:29.962344,HAS,77.03,24.40,0.10,0.13,-10.83,-10.83,ADX ≥ 20.0;MACD 🚀;Price > SMA20
2025-08-07T19:05:32.167023,HCA,371.60,20.24,0.45,0.12,-32.06,-32.06,ADX ≥ 20.0;MACD 🚀;BB breakout;RSI 📈;Price > SMA20
2025-08-07T19:05:37.118404,HPE,20.30,43.47,0.03,0.17,-7.24,-7.24,ADX ≥ 20.0;MACD 🚀;RSI 📈;Price > SMA20
2025-08-07T19:05:47.651145,HST,15.26,21.43,0.02,0.13,-20.89,-20.89,ADX ≥ 20.0;MACD 🚀;Price > SMA20
2025-08-07T19:05:48.589276,HWM,180.56,25.77,0.31,0.17,-6.79,-6.79,ADX ≥ 20.0;MACD 🚀;Price > SMA20
2025-08-07T19:05:51.712124,HUM,253.79,32.55,0.57,0.22,-41.59,-41.59,ADX ≥ 20.0;MACD 🚀;Price > SMA20
2025-08-07T19:05:57.145398,IDXX,644.81,25.74,1.05,0.16,-1.88,-1.88,ADX ≥ 20.0;MACD 🚀;Price > SMA20
2025-08-07T19:05:58.573043,INCY,77.59,26.53,0.08,0.10,-5.90,-5.90,ADX ≥ 20.0;MACD 🚀;RSI 📈;Price > SMA20
2025-08-07T19:06:00.509202,INTC,19.73,27.97,0.04,0.20,-23.10,-23.10,ADX ≥ 20.0;MACD 🚀;BB breakout;RSI 📈;Price > SMA20
2025-08-07T19:06:02.156949,IFF,64.82,22.25,0.16,0.25,-8.11,-8.11,ADX ≥ 20.0;MACD 🚀;Price > SMA20
2025-08-07T19:06:04.018443,IPG,24.81,21.57,0.04,0.17,0.51,0.51,ADX ≥ 20.0;MACD 🚀;Price > SMA20
2025-08-07T19:06:11.784107,JKHY,164.82,21.94,0.16,0.10,-17.76,-17.76,ADX ≥ 20.0;MACD 🚀;Price > SMA20
2025-08-07T19:06:18.205062,KVUE,21.91,24.38,0.05,0.24,-17.81,-17.81,ADX ≥ 20.0;MACD 🚀;RSI 📈;Price > SMA20
2025-08-07T19:06:23.538927,KIM,21.14,25.93,0.03,0.12,-15.15,-15.15,ADX ≥ 20.0;MACD 🚀;Price > SMA20
2025-08-07T19:06:26.068398,KLAC,909.27,28.58,1.44,0.16,-2.70,-2.70,ADX ≥ 20.0;MACD 🚀;Price > SMA20
2025-08-07T19:06:29.141435,LRCX,98.86,26.17,0.17,0.17,1.52,1.52,ADX ≥ 20.0;MACD 🚀;Price > SMA20
2025-08-07T19:06:32.991571,LVS,53.02,22.44,0.08,0.15,1.40,1.40,ADX ≥ 20.0;MACD 🚀;RSI 📈;Price > SMA20
2025-08-07T19:06:36.889564,LLY,642.54,37.41,1.84,0.29,-21.55,-21.55,ADX ≥ 20.0;MACD 🚀;BB breakout;RSI 📈;Price > SMA20
2025-08-07T19:06:38.337088,LYV,147.43,31.95,0.40,0.27,-8.55,-8.55,ADX ≥ 20.0;MACD 🚀;Price > SMA20
2025-08-07T19:06:41.351051,LOW,237.92,23.40,0.26,0.11,-14.30,-14.30,ADX ≥ 20.0;MACD 🚀;BB breakout;RSI 📈;Price > SMA20
2025-08-07T19:06:42.173315,LULU,190.97,31.06,0.31,0.16,-13.60,-13.60,ADX ≥ 20.0;MACD 🚀;Price > SMA20
2025-08-07T19:06:53.702512,MTCH,36.17,45.50,0.07,0.19,-26.85,-26.85,ADX ≥ 20.0;MACD 🚀;BB breakout;RSI 📈;Price > SMA20
2025-08-07T19:06:56.938306,MCD,306.56,42.81,0.42,0.14,16.54,16.54,ADX ≥ 20.0;MACD 🚀;RSI 📈;Price > SMA20
2025-08-07T19:07:02.278594,MET,73.55,40.79,0.14,0.18,-2.91,-2.91,ADX ≥ 20.0;MACD 🚀;Price > SMA20
2025-08-07T19:07:03.727653,MGM,34.52,25.17,0.07,0.19,-2.10,-2.10,ADX ≥ 20.0;MACD 🚀;RSI 📈;Price > SMA20
2025-08-07T19:07:04.608074,MCHP,66.39,28.34,0.15,0.22,-0.13,-0.13,ADX ≥ 20.0;MACD 🚀;RSI 📈;Price > SMA20
2025-08-07T19:07:07.246949,MAA,142.26,25.34,0.17,0.12,-0.56,-0.56,ADX ≥ 20.0;MACD 🚀;BB breakout;RSI 📈;Price > SMA20
2025-08-07T19:07:11.570406,MRNA,26.55,24.19,0.08,0.30,0.56,0.56,ADX ≥ 20.0;MACD 🚀;RSI 📈;Price > SMA20
2025-08-07T19:07:12.479349,MHK,120.93,33.32,0.22,0.18,-20.34,-20.34,ADX ≥ 20.0;MACD 🚀;BB breakout;RSI 📈;Price > SMA20
2025-08-07T19:07:16.339482,MPWR,792.58,32.15,1.68,0.21,-43.31,-43.31,ADX ≥ 20.0;MACD 🚀;Price > SMA20
2025-08-07T19:07:23.697445,NFLX,1175.00,44.92,1.43,0.12,-27.83,-27.83,ADX ≥ 20.0;MACD 🚀;BB breakout;RSI 📈;Price > SMA20
2025-08-07T19:07:26.363590,NWSA,29.11,28.19,0.04,0.14,-11.68,-11.68,ADX ≥ 20.0;MACD 🚀;Price > SMA20
2025-08-07T19:07:27.237061,NWS,33.69,27.09,0.05,0.14,-2.39,-2.39,ADX ≥ 20.0;MACD 🚀;Price > SMA20
2025-08-07T19:07:34.313770,NCLH,24.52,24.19,0.05,0.20,-2.84,-2.84,ADX ≥ 20.0;MACD 🚀;RSI 📈;Price > SMA20
2025-08-07T19:07:39.177462,NVDA,179.66,33.85,0.44,0.25,-0.24,-0.24,ADX ≥ 20.0;MACD 🚀;Price > SMA20
2025-08-07T19:07:40.292787,NVR,7832.97,66.39,8.29,0.11,-48.82,-48.82,ADX ≥ 20.0;MACD 🚀;ATR14 ≥ 2.0
2025-08-07T19:07:48.391062,ORCL,248.16,46.71,0.66,0.26,-11.09,-11.09,ADX ≥ 20.0;MACD 🚀;BB breakout;Price > SMA20
2025-08-07T19:07:49.851142,PCAR,96.86,26.14,0.11,0.11,-11.48,-11.48,ADX ≥ 20.0;MACD 🚀;Price > SMA20
2025-08-07T19:07:51.399190,PLTR,180.18,45.55,0.61,0.34,-1.68,-1.68,ADX ≥ 20.0;MACD 🚀;Price > SMA20
2025-08-07T19:07:52.371366,PANW,166.44,29.20,0.38,0.23,-18.98,-18.98,ADX ≥ 20.0;MACD 🚀;Price > SMA20
2025-08-07T19:07:53.169407,PARA,0.00,22.69,0.04,inf,17.64,17.64,ADX ≥ 20.0;MACD 🚀;RSI 📈;ATR % ≥ 0.5%
2025-08-07T19:07:55.297123,PAYC,233.87,40.36,1.25,0.54,-6.14,-6.14,ADX ≥ 20.0;MACD 🚀;ATR % ≥ 0.5%;Price > SMA20
2025-08-07T19:07:56.303404,PYPL,67.97,29.53,0.10,0.15,-24.82,-24.82,ADX ≥ 20.0;MACD 🚀;Price > SMA20
2025-08-07T19:08:05.139720,PPG,106.64,20.53,0.17,0.16,1.64,1.64,ADX ≥ 20.0;MACD 🚀;Price > SMA20
2025-08-07T19:08:06.947166,PFG,75.53,24.75,0.09,0.12,8.86,8.86,ADX ≥ 20.0;MACD 🚀;Price > SMA20
2025-08-07T19:08:10.976007,PLD,106.41,40.62,0.13,0.12,-13.73,-13.73,ADX ≥ 20.0;MACD 🚀;Price > SMA20
2025-08-07T19:08:13.096848,PEG,87.58,20.27,0.09,0.11,-11.68,-11.68,ADX ≥ 20.0;MACD 🚀;Price > SMA20
2025-08-07T19:08:13.985090,PTC,205.86,34.26,0.43,0.21,4.50,4.50,ADX ≥ 20.0;MACD 🚀;BB breakout;RSI 📈;Price > SMA20
2025-08-07T19:08:17.279790,PWR,385.20,27.66,0.63,0.16,-2.18,-2.18,ADX ≥ 20.0;MACD 🚀;Price > SMA20
2025-08-07T19:08:23.668679,RJF,162.78,28.66,0.28,0.17,7.08,7.08,ADX ≥ 20.0;MACD 🚀;Price > SMA20
2025-08-07T19:08:25.155620,O,57.04,25.77,0.07,0.12,-10.32,-10.32,ADX ≥ 20.0;MACD 🚀;Price > SMA20
2025-08-07T19:08:34.779792,RCL,309.20,26.96,0.60,0.20,15.88,15.88,ADX ≥ 20.0;MACD 🚀;RSI 📈;Price > SMA20
2025-08-07T19:08:41.369298,SLB,33.04,38.12,0.05,0.14,3.55,3.55,ADX ≥ 20.0;MACD 🚀;RSI 📈;Price > SMA20
2025-08-07T19:08:43.313624,NOW,868.99,26.53,2.09,0.24,-26.52,-26.52,ADX ≥ 20.0;MACD 🚀;BB breakout;ATR14 ≥ 2.0;Price > SMA20
2025-08-07T19:08:45.117240,SHW,350.88,37.15,0.44,0.12,-1.77,-1.77,ADX ≥ 20.0;MACD 🚀;RSI 📈;Price > SMA20
2025-08-07T19:08:48.071185,SPG,165.72,22.03,0.20,0.12,-12.51,-12.51,ADX ≥ 20.0;MACD 🚀;Price > SMA20
2025-08-07T19:08:49.254565,SWKS,68.23,29.98,0.14,0.20,-0.86,-0.86,ADX ≥ 20.0;MACD 🚀;RSI 📈;Price > SMA20
2025-08-07T19:08:52.722188,SO,95.47,22.88,0.10,0.10,1.45,1.45,ADX ≥ 20.0;MACD 🚀;Price > SMA20
2025-08-07T19:08:55.648938,SBUX,91.16,28.57,0.16,0.17,-15.00,-15.00,ADX ≥ 20.0;MACD 🚀;BB breakout;Price > SMA20
2025-08-07T19:09:01.773908,SYK,375.19,24.65,0.44,0.12,-7.64,-7.64,ADX ≥ 20.0;MACD 🚀;BB breakout;RSI 📈;Price > SMA20
2025-08-07T19:09:04.068329,SNPS,614.12,31.16,1.20,0.20,4.71,4.71,ADX ≥ 20.0;MACD 🚀;Price > SMA20
2025-08-07T19:09:05.533674,TMUS,242.26,51.53,0.23,0.10,15.45,15.45,ADX ≥ 20.0;MACD 🚀;BB breakout;RSI 📈;Price > SMA20
2025-08-07T19:09:07.052087,TROW,104.16,20.23,0.15,0.14,-7.38,-7.38,ADX ≥ 20.0;MACD 🚀;Price > SMA20
2025-08-07T19:09:07.891418,TTWO,224.63,31.84,0.37,0.17,-12.16,-12.16,ADX ≥ 20.0;MACD 🚀;RSI 📈;Price > SMA20
2025-08-07T19:09:09.920339,TPR,107.81,23.04,0.22,0.21,11.62,11.62,ADX ≥ 20.0;MACD 🚀;RSI 📈;Price > SMA20
2025-08-07T19:09:15.489649,TDY,547.75,26.06,0.64,0.12,-23.74,-23.74,ADX ≥ 20.0;MACD 🚀;Price > SMA20
2025-08-07T19:09:17.540417,TER,105.92,20.07,0.27,0.26,10.85,10.85,ADX ≥ 20.0;MACD 🚀;Price > SMA20
2025-08-07T19:09:19.144745,TXN,185.99,31.93,0.33,0.18,-0.91,-0.91,ADX ≥ 20.0;MACD 🚀;RSI 📈;Price > SMA20
2025-08-07T19:09:21.714914,TXT,77.09,29.52,0.10,0.13,6.85,6.85,ADX ≥ 20.0;MACD 🚀;Price > SMA20
2025-08-07T19:09:26.614670,TKO,160.34,34.55,0.39,0.25,-7.89,-7.89,ADX ≥ 20.0;MACD 🚀;RSI 📈;Price > SMA20
2025-08-07T19:09:33.260300,UBER,91.39,32.13,0.21,0.23,-7.12,-7.12,ADX ≥ 20.0;MACD 🚀;RSI 📈;Price > SMA20
2025-08-07T19:09:35.758223,ULTA,503.62,47.90,1.01,0.20,14.10,14.10,ADX ≥ 20.0;MACD 🚀;BB breakout;RSI 📈;Price > SMA20
2025-08-07T19:09:41.900393,URI,857.50,57.13,1.56,0.18,25.70,25.70,ADX ≥ 20.0;MACD 🚀;Price > SMA20
2025-08-07T19:09:43.813221,UHS,168.25,35.71,0.24,0.14,-18.64,-18.64,ADX ≥ 20.0;MACD 🚀;BB breakout;RSI 📈;Price > SMA20
2025-08-07T19:09:50.126011,VZ,42.98,47.85,0.04,0.10,8.97,8.97,ADX ≥ 20.0;MACD 🚀;BB breakout;RSI 📈;Price > SMA20
2025-08-07T19:09:51.137661,VRTX,377.87,29.49,1.00,0.27,15.58,15.58,ADX ≥ 20.0;MACD 🚀;Price > SMA20
2025-08-07T19:09:56.352017,VST,207.32,25.21,0.86,0.41,-14.98,-14.98,ADX ≥ 20.0;MACD 🚀;RSI 📈;Price > SMA20
2025-08-07T19:09:58.520603,GWW,949.11,28.36,0.87,0.09,20.84,20.84,ADX ≥ 20.0;MACD 🚀;RSI 📈;Price > SMA20
2025-08-07T19:09:59.424587,WAB,187.94,22.94,0.23,0.12,-8.65,-8.65,ADX ≥ 20.0;MACD 🚀;Price > SMA20
2025-08-07T19:10:01.749105,DIS,112.58,34.47,0.14,0.13,-9.68,-9.68,ADX ≥ 20.0;MACD 🚀;Price > SMA20
2025-08-07T19:10:03.661587,WBD,12.01,32.36,0.04,0.35,1.43,1.43,ADX ≥ 20.0;MACD 🚀;BB breakout;RSI 📈;Price > SMA20
2025-08-07T19:10:19.049212,WDAY,219.93,32.16,0.54,0.25,-10.80,-10.80,ADX ≥ 20.0;MACD 🚀;Price > SMA20
2025-08-07T19:10:26.599095,ZBH,98.72,45.64,0.28,0.28,-14.51,-14.51,ADX ≥ 20.0;MACD 🚀;RSI 📈;Price > SMA20
2025-08-07T19:10:38.884079,ACN,241.64,20.01,0.40,0.16,-25.08,-25.08,ADX ≥ 20.0;MACD 🚀;BB breakout;RSI 📈;Price > SMA20
2025-08-07T19:10:40.751735,ADBE,336.75,44.94,0.60,0.18,17.84,17.84,ADX ≥ 20.0;MACD 🚀;RSI 📈;Price > SMA20
2025-08-07T19:10:42.054558,AMD,171.76,24.30,0.54,0.31,-16.01,-16.01,ADX ≥ 20.0;MACD 🚀;Price > SMA20
2025-08-07T19:11:00.980761,ABNB,118.17,35.60,0.35,0.30,-7.45,-7.45,ADX ≥ 20.0;MACD 🚀;Price > SMA20
2025-08-07T19:11:03.641882,ALGN,137.94,56.56,0.30,0.22,-8.46,-8.46,ADX ≥ 20.0;MACD 🚀;RSI 📈;Price > SMA20
2025-08-07T19:11:09.360348,GOOGL,195.21,51.07,0.29,0.15,-13.72,-13.72,ADX ≥ 20.0;MACD 🚀;BB breakout;Price > SMA20
2025-08-07T19:11:10.156816,GOOG,196.05,45.01,0.28,0.14,-12.31,-12.31,ADX ≥ 20.0;MACD 🚀;BB breakout;Price > SMA20
2025-08-07T19:11:14.154347,AXP,294.29,43.53,0.41,0.14,-17.51,-17.51,ADX ≥ 20.0;MACD 🚀;RSI 📈;Price > SMA20
2025-08-07T19:11:14.828136,AIG,76.24,32.62,0.16,0.21,-37.27,-37.27,ADX ≥ 20.0;MACD 🚀;RSI 📈;Price > SMA20
2025-08-07T19:11:20.856843,ADI,223.21,29.06,0.30,0.13,-2.97,-2.97,ADX ≥ 20.0;MACD 🚀;Price > SMA20
2025-08-07T19:11:23.695611,APO,140.32,31.77,0.40,0.28,19.33,19.33,ADX ≥ 20.0;MACD 🚀;BB breakout;RSI 📈;Price > SMA20
2025-08-07T19:11:25.027153,AMAT,182.73,43.58,0.31,0.17,1.47,1.47,ADX ≥ 20.0;MACD 🚀;Price > SMA20
2025-08-07T19:11:25.935887,APTV,65.69,31.84,0.08,0.12,-16.73,-16.73,ADX ≥ 20.0;MACD 🚀;Price > SMA20
2025-08-07T19:11:34.109664,ADSK,291.01,28.14,0.61,0.21,-9.77,-9.77,ADX ≥ 20.0;MACD 🚀;Price > SMA20
2025-08-07T19:11:37.796078,AZO,4054.61,39.09,10.35,0.26,-22.14,-22.14,ADX ≥ 20.0;MACD 🚀;BB breakout;RSI 📈;ATR14 ≥ 2.0;Price > SMA20
2025-08-07T19:11:46.519312,BAX,23.50,30.86,0.06,0.26,0.03,0.03,ADX ≥ 20.0;MACD 🚀;BB breakout;RSI 📈;Price > SMA20
2025-08-07T19:11:52.720207,BK,101.77,20.76,0.10,0.10,-15.18,-15.18,ADX ≥ 20.0;MACD 🚀;Price > SMA20
2025-08-07T19:12:00.526731,AVGO,301.75,31.07,0.64,0.21,-17.41,-17.41,ADX ≥ 20.0;MACD 🚀;Price > SMA20
2025-08-07T19:12:08.103715,CZR,24.11,33.41,0.07,0.29,1.69,1.69,ADX ≥ 20.0;MACD 🚀;Price > SMA20
2025-08-07T19:12:19.091739,CCL,29.02,35.64,0.07,0.25,-1.99,-1.99,ADX ≥ 20.0;MACD 🚀;RSI 📈;Price > SMA20
2025-08-07T19:12:30.098872,SCHW,95.75,23.70,0.12,0.12,-22.64,-22.64,ADX ≥ 20.0;MACD 🚀;Price > SMA20
2025-08-07T19:12:32.151491,CMG,42.56,34.56,0.06,0.14,-20.09,-20.09,ADX ≥ 20.0;MACD 🚀;Price > SMA20
2025-08-07T19:12:33.736375,CB,268.22,43.50,0.22,0.08,-8.81,-8.81,ADX ≥ 20.0;MACD 🚀;RSI 📈;Price > SMA20
2025-08-07T19:12:40.372146,C,91.42,21.75,0.15,0.16,-16.74,-16.74,ADX ≥ 20.0;MACD 🚀;Price > SMA20
2025-08-07T19:12:44.709431,COIN,309.20,49.58,1.17,0.38,-15.17,-15.17,ADX ≥ 20.0;MACD 🚀;Price > SMA20
2025-08-07T19:12:51.669721,COO,68.95,51.41,0.07,0.10,-24.28,-24.28,ADX ≥ 20.0;MACD 🚀;RSI 📈;Price > SMA20
2025-08-07T19:12:53.098501,GLW,64.89,25.29,0.10,0.16,3.85,3.85,ADX ≥ 20.0;MACD 🚀;RSI 📈;Price > SMA20
2025-08-07T19:12:57.714187,CRWD,426.62,31.63,1.25,0.29,17.55,17.55,ADX ≥ 20.0;MACD 🚀;BB breakout;RSI 📈;Price > SMA20
2025-08-07T19:13:01.831377,DRI,205.76,24.60,0.25,0.12,-6.61,-6.61,ADX ≥ 20.0;MACD 🚀;RSI 📈;Price > SMA20
2025-08-07T19:13:03.266315,DAY,52.32,47.33,0.16,0.31,-9.70,-9.70,ADX ≥ 20.0;MACD 🚀;RSI 📈;Price > SMA20
2025-08-07T19:13:05.287598,DECK,101.66,23.89,0.17,0.17,-10.47,-10.47,ADX ≥ 20.0;MACD 🚀;Price > SMA20
2025-08-07T19:13:11.561949,DELL,133.19,26.57,0.30,0.22,-12.12,-12.12,ADX ≥ 20.0;MACD 🚀;RSI 📈;Price > SMA20
2025-08-07T19:13:20.832711,DPZ,441.09,20.57,0.60,0.14,-2.17,-2.17,ADX ≥ 20.0;MACD 🚀;Price > SMA20
2025-08-07T19:13:31.524699,DD,70.94,30.03,0.12,0.17,12.11,12.11,ADX ≥ 20.0;MACD 🚀;Price > SMA20
2025-08-07T19:13:39.789083,EA,162.06,41.19,0.30,0.18,-21.23,-21.23,ADX ≥ 20.0;MACD 🚀;Price > SMA20
2025-08-07T19:13:43.807539,EMR,132.16,32.02,0.30,0.23,6.75,6.75,ADX ≥ 20.0;MACD 🚀;Price > SMA20
2025-08-07T19:13:53.457016,EQIX,776.59,24.21,0.75,0.10,-10.39,-10.39,ADX ≥ 20.0;MACD 🚀;BB breakout;RSI 📈;Price > SMA20
2025-08-07T19:13:56.036101,ERIE,353.95,37.22,0.97,0.27,-57.80,-57.80,ADX ≥ 20.0;MACD 🚀;Price > SMA20
2025-08-07T19:13:59.320639,ESS,258.00,28.72,0.30,0.12,-3.84,-3.84,ADX ≥ 20.0;MACD 🚀;Price > SMA20
2025-08-07T19:14:01.133834,EVRG,73.55,24.51,0.12,0.17,-0.70,-0.70,ADX ≥ 20.0;MACD 🚀;Price > SMA20
2025-08-07T19:14:05.787866,EXPE,184.95,49.15,0.52,0.28,19.31,19.31,ADX ≥ 20.0;MACD 🚀;RSI 📈;Price > SMA20
2025-08-07T19:14:13.575932,FICO,1346.19,28.84,2.56,0.19,-15.12,-15.12,ADX ≥ 20.0;MACD 🚀;ATR14 ≥ 2.0;Price > SMA20
2025-08-07T19:14:14.435612,FAST,47.34,64.22,0.07,0.15,1.57,1.57,ADX ≥ 20.0;MACD 🚀;RSI 📈;Price > SMA20
2025-08-07T19:14:25.795511,FI,132.52,32.30,0.29,0.22,-13.98,-13.98,ADX ≥ 20.0;MACD 🚀;BB breakout;RSI 📈;Price > SMA20
2025-08-07T19:14:30.511655,FTNT,72.60,32.58,0.28,0.39,9.58,9.58,ADX ≥ 20.0;MACD 🚀;RSI 📈;Price > SMA20
2025-08-07T19:14:34.573636,FTV,47.48,24.93,0.05,0.10,18.83,18.83,ADX ≥ 20.0;MACD 🚀;Price > SMA20
2025-08-07T19:14:41.682449,GEV,645.66,39.95,1.99,0.31,-19.18,-19.18,ADX ≥ 20.0;MACD 🚀;BB breakout;Price > SMA20
2025-08-07T19:14:44.687169,GEN,27.98,34.10,0.05,0.18,-4.19,-4.19,ADX ≥ 20.0;MACD 🚀;RSI 📈;Price > SMA20
2025-08-07T19:14:57.620665,HCA,371.74,26.22,0.41,0.11,-40.09,-40.09,ADX ≥ 20.0;MACD 🚀;RSI 📈;Price > SMA20
2025-08-07T19:15:01.708564,HPE,20.31,46.76,0.03,0.17,-3.60,-3.60,ADX ≥ 20.0;MACD 🚀;RSI 📈;Price > SMA20
2025-08-07T19:15:11.706603,HUM,254.42,30.85,0.58,0.23,-28.91,-28.91,ADX ≥ 20.0;MACD 🚀;BB breakout;Price > SMA20
2025-08-07T19:15:17.374869,IDXX,645.90,20.87,1.06,0.16,3.32,3.32,ADX ≥ 20.0;MACD 🚀;Price > SMA20
2025-08-07T19:15:18.878651,INCY,77.69,30.20,0.08,0.10,-6.13,-6.13,ADX ≥ 20.0;MACD 🚀;RSI 📈;Price > SMA20
2025-08-07T19:15:22.909897,INTC,19.75,20.23,0.04,0.19,-21.72,-21.72,ADX ≥ 20.0;MACD 🚀;BB breakout;RSI 📈;Price > SMA20
2025-08-07T19:15:43.247140,IQV,179.02,21.16,0.30,0.17,-20.24,-20.24,ADX ≥ 20.0;MACD 🚀;BB breakout;RSI 📈;Price > SMA20
2025-08-07T19:16:15.469858,KLAC,908.93,20.57,1.29,0.14,-7.92,-7.92,ADX ≥ 20.0;MACD 🚀;Price > SMA20
2025-08-07T19:16:32.286436,LLY,645.63,44.15,2.11,0.33,-0.19,-0.19,ADX ≥ 20.0;MACD 🚀;RSI 📈;ATR14 ≥ 2.0;Price > SMA20
2025-08-07T19:16:35.062463,LYV,147.39,29.43,0.38,0.26,-16.28,-16.28,ADX ≥ 20.0;MACD 🚀;Price > SMA20
2025-08-07T19:16:42.974492,LULU,190.84,27.87,0.29,0.15,-18.10,-18.10,ADX ≥ 20.0;MACD 🚀;Price > SMA20
2025-08-07T19:16:53.506999,MTCH,36.22,45.75,0.07,0.19,-15.48,-15.48,ADX ≥ 20.0;MACD 🚀;BB breakout;RSI 📈;Price > SMA20
2025-08-07T19:16:57.298672,MCD,306.25,42.22,0.40,0.13,15.29,15.29,ADX ≥ 20.0;MACD 🚀;Price > SMA20
2025-08-07T19:17:02.749357,MET,73.44,40.96,0.13,0.18,-7.53,-7.53,ADX ≥ 20.0;MACD 🚀;Price > SMA20
2025-08-07T19:17:04.063953,MGM,34.60,27.74,0.07,0.20,-6.34,-6.34,ADX ≥ 20.0;MACD 🚀;BB breakout;RSI 📈;Price > SMA20
2025-08-07T19:17:11.742651,MRNA,26.61,28.89,0.07,0.27,-5.64,-5.64,ADX ≥ 20.0;MACD 🚀;RSI 📈;Price > SMA20
2025-08-07T19:17:32.563966,NFLX,1173.27,41.17,1.21,0.10,-14.52,-14.52,ADX ≥ 20.0;MACD 🚀;Price > SMA20
2025-08-07T19:17:49.537869,NVDA,179.78,25.44,0.42,0.23,-5.39,-5.39,ADX ≥ 20.0;MACD 🚀;Price > SMA20
2025-08-07T19:17:53.548019,NVR,7832.97,65.83,9.18,0.12,-21.01,-21.01,ADX ≥ 20.0;MACD 🚀;ATR14 ≥ 2.0
2025-08-07T19:17:58.262382,ON,47.59,34.51,0.12,0.25,-3.12,-3.12,ADX ≥ 20.0;MACD 🚀;Price > SMA20
2025-08-07T19:18:01.753661,ORCL,248.70,43.91,0.61,0.25,0.16,0.16,ADX ≥ 20.0;MACD 🚀;RSI 📈;Price > SMA20
2025-08-07T19:18:04.012907,PLTR,180.57,40.76,0.59,0.33,4.69,4.69,ADX ≥ 20.0;MACD 🚀;RSI 📈;Price > SMA20
2025-08-07T19:18:05.051428,PANW,166.61,23.57,0.34,0.20,-10.31,-10.31,ADX ≥ 20.0;MACD 🚀;RSI 📈;Price > SMA20
2025-08-07T19:18:06.804600,PARA,0.00,22.69,0.04,inf,17.64,17.64,ADX ≥ 20.0;MACD 🚀;RSI 📈;ATR % ≥ 0.5%
2025-08-07T19:18:09.730423,PAYC,234.38,32.23,1.16,0.50,-15.40,-15.40,ADX ≥ 20.0;MACD 🚀;BB breakout;Price > SMA20
2025-08-07T19:18:34.847573,PTC,205.63,31.25,0.45,0.22,4.94,4.94,ADX ≥ 20.0;MACD 🚀;Price > SMA20
2025-08-07T19:18:38.352157,PWR,385.57,27.08,0.60,0.16,0.24,0.24,ADX ≥ 20.0;MACD 🚀;Price > SMA20
2025-08-07T19:18:48.507228,O,57.03,27.19,0.06,0.11,-14.94,-14.94,ADX ≥ 20.0;MACD 🚀;Price > SMA20
2025-08-07T19:19:02.313388,RCL,308.88,31.84,0.56,0.18,-9.37,-9.37,ADX ≥ 20.0;MACD 🚀;Price > SMA20
2025-08-07T19:19:11.726978,NOW,869.05,20.64,2.03,0.23,-9.38,-9.38,ADX ≥ 20.0;MACD 🚀;ATR14 ≥ 2.0;Price > SMA20
2025-08-07T19:19:34.804918,SYK,375.51,21.70,0.42,0.11,-15.26,-15.26,ADX ≥ 20.0;MACD 🚀;BB breakout;RSI 📈;Price > SMA20
2025-08-07T19:19:38.476960,SNPS,615.13,26.28,1.21,0.20,6.10,6.10,ADX ≥ 20.0;MACD 🚀;Price > SMA20
2025-08-07T19:19:40.032094,TMUS,242.12,57.67,0.25,0.10,18.04,18.04,ADX ≥ 20.0;MACD 🚀;Price > SMA20
2025-08-07T19:19:43.753309,TTWO,224.77,33.53,0.35,0.16,-7.94,-7.94,ADX ≥ 20.0;MACD 🚀;RSI 📈;Price > SMA20
2025-08-07T19:19:44.478967,TPR,108.05,25.04,0.22,0.20,13.38,13.38,ADX ≥ 20.0;MACD 🚀;RSI 📈;Price > SMA20
2025-08-07T19:19:51.588937,TPL,878.90,25.57,3.44,0.39,-52.53,-52.53,ADX ≥ 20.0;MACD 🚀;ATR14 ≥ 2.0
2025-08-07T19:19:59.052268,TDG,1415.13,27.04,2.07,0.15,-49.59,-49.59,ADX ≥ 20.0;MACD 🚀;BB breakout;RSI 📈;ATR14 ≥ 2.0;Price > SMA20
2025-08-07T19:20:11.459206,ULTA,503.71,47.66,0.96,0.19,38.39,38.39,ADX ≥ 20.0;MACD 🚀;RSI 📈;Price > SMA20
2025-08-07T19:20:19.641951,UNH,243.29,20.97,0.36,0.15,-7.53,-7.53,ADX ≥ 20.0;MACD 🚀;RSI 📈;Price > SMA20
2025-08-07T19:20:20.526458,UHS,168.47,38.18,0.24,0.14,-28.68,-28.68,ADX ≥ 20.0;MACD 🚀;RSI 📈;Price > SMA20
2025-08-07T19:20:23.774395,VRSN,272.69,22.04,0.29,0.11,-12.10,-12.10,ADX ≥ 20.0;MACD 🚀;BB breakout;RSI 📈;Price > SMA20
2025-08-07T19:20:29.517504,VTRS,9.32,25.59,0.03,0.29,-19.91,-19.91,ADX ≥ 20.0;MACD 🚀;BB breakout;RSI 📈;Price > SMA20
2025-08-07T19:20:37.283292,VST,207.28,30.67,0.77,0.37,-26.87,-26.87,ADX ≥ 20.0;MACD 🚀;RSI 📈;Price > SMA20
2025-08-07T19:20:48.338359,WBA,11.88,52.38,0.01,0.07,-25.37,-25.37,ADX ≥ 20.0;MACD 🚀;Price > SMA20
2025-08-07T19:20:52.772279,DIS,112.80,43.70,0.13,0.11,-18.44,-18.44,ADX ≥ 20.0;MACD 🚀;BB breakout;RSI 📈;Price > SMA20
2025-08-07T19:20:54.754082,WBD,12.01,27.51,0.04,0.31,-4.49,-4.49,ADX ≥ 20.0;MACD 🚀;RSI 📈;Price > SMA20
2025-08-07T19:21:12.175834,WDAY,219.80,31.81,0.54,0.25,-13.87,-13.87,ADX ≥ 20.0;MACD 🚀;Price > SMA20
2025-08-07T19:21:18.157443,YUM,142.17,38.24,0.15,0.11,-23.83,-23.83,ADX ≥ 20.0;MACD 🚀;Price > SMA20
2025-08-07T19:21:32.885018,ACN,241.54,21.83,0.38,0.16,-32.24,-32.24,ADX ≥ 20.0;MACD 🚀;RSI 📈;Price > SMA20
2025-08-07T19:21:34.793607,ADBE,336.42,48.40,0.65,0.19,22.61,22.61,ADX ≥ 20.0;MACD 🚀;RSI 📈;Price > SMA20
2025-08-07T19:21:40.081767,ABNB,118.68,30.59,0.35,0.30,-8.79,-8.79,ADX ≥ 20.0;MACD 🚀;BB breakout;RSI 📈;Price > SMA20
2025-08-07T19:21:44.341205,ALGN,138.27,55.77,0.32,0.23,-19.47,-19.47,ADX ≥ 20.0;MACD 🚀;BB breakout;RSI 📈;Price > SMA20
2025-08-07T19:21:49.598171,GOOGL,195.41,42.71,0.26,0.13,-15.77,-15.77,ADX ≥ 20.0;MACD 🚀;RSI 📈;Price > SMA20
2025-08-07T19:21:50.604942,GOOG,196.23,37.57,0.26,0.13,-17.57,-17.57,ADX ≥ 20.0;MACD 🚀;RSI 📈;Price > SMA20
2025-08-07T19:21:53.820145,AMZN,221.49,32.51,0.28,0.12,-13.97,-13.97,ADX ≥ 20.0;MACD 🚀;Price > SMA20
2025-08-07T19:21:59.426061,AXP,294.88,39.82,0.42,0.14,-13.77,-13.77,ADX ≥ 20.0;MACD 🚀;BB breakout;RSI 📈;Price > SMA20
2025-08-07T19:22:00.310816,AIG,76.33,33.48,0.16,0.22,-9.29,-9.29,ADX ≥ 20.0;MACD 🚀;BB breakout;RSI 📈;Price > SMA20
2025-08-07T19:22:11.642303,APO,140.67,23.83,0.43,0.30,12.15,12.15,ADX ≥ 20.0;MACD 🚀;RSI 📈;Price > SMA20
2025-08-07T19:22:13.952256,AMAT,182.85,34.20,0.28,0.15,-20.67,-20.67,ADX ≥ 20.0;MACD 🚀;Price > SMA20
2025-08-07T19:22:14.706598,APTV,65.74,25.81,0.08,0.12,-16.14,-16.14,ADX ≥ 20.0;MACD 🚀;Price > SMA20
2025-08-07T19:22:22.897751,ADSK,291.01,26.80,0.56,0.19,-11.77,-11.77,ADX ≥ 20.0;MACD 🚀;Price > SMA20
2025-08-07T19:22:24.223190,AZO,4054.61,39.09,10.35,0.26,-22.14,-22.14,ADX ≥ 20.0;MACD 🚀;BB breakout;RSI 📈;ATR14 ≥ 2.0;Price > SMA20
2025-08-07T19:22:34.144029,BAX,23.55,40.70,0.06,0.26,-10.54,-10.54,ADX ≥ 20.0;MACD 🚀;BB breakout;RSI 📈;Price > SMA20
2025-08-07T19:22:35.976227,BDX,186.88,20.08,0.33,0.18,-17.77,-17.77,ADX ≥ 20.0;MACD 🚀;BB breakout;RSI 📈;Price > SMA20
2025-08-07T19:22:41.938044,TECH,49.86,23.85,0.11,0.22,9.54,9.54,ADX ≥ 20.0;MACD 🚀;BB breakout;RSI 📈;Price > SMA20
2025-08-07T19:22:44.437164,BK,102.02,22.98,0.11,0.11,1.98,1.98,ADX ≥ 20.0;MACD 🚀;BB breakout;RSI 📈;Price > SMA20
2025-08-07T19:22:52.252233,BSX,102.45,23.50,0.12,0.12,-26.65,-26.65,ADX ≥ 20.0;MACD 🚀;RSI 📈;Price > SMA20
2025-08-07T19:23:01.852990,CZR,24.16,30.92,0.07,0.28,-14.29,-14.29,ADX ≥ 20.0;MACD 🚀;Price > SMA20
2025-08-07T19:23:08.290720,CAH,153.36,55.22,0.21,0.14,-13.89,-13.89,ADX ≥ 20.0;MACD 🚀;RSI 📈;Price > SMA20
2025-08-07T19:23:09.702201,CCL,28.98,34.75,0.07,0.24,-6.37,-6.37,ADX ≥ 20.0;MACD 🚀;Price > SMA20
2025-08-07T19:23:21.125218,CVX,153.90,29.79,0.13,0.09,-0.93,-0.93,ADX ≥ 20.0;MACD 🚀;BB breakout;RSI 📈;Price > SMA20
2025-08-07T19:23:22.876896,CMG,42.56,26.72,0.06,0.14,-21.39,-21.39,ADX ≥ 20.0;MACD 🚀;Price > SMA20
2025-08-07T19:23:23.641221,CB,268.70,47.76,0.23,0.09,9.96,9.96,ADX ≥ 20.0;MACD 🚀;BB breakout;RSI 📈;Price > SMA20
2025-08-07T19:23:31.046498,C,91.45,23.72,0.15,0.17,-13.33,-13.33,ADX ≥ 20.0;MACD 🚀;Price > SMA20
2025-08-07T19:24:15.054036,ED,105.47,50.34,0.11,0.11,-2.08,-2.08,ADX ≥ 20.0;MACD 🚀;BB breakout;RSI 📈;Price > SMA20
2025-08-07T19:24:20.199632,COO,69.15,55.64,0.07,0.11,-4.91,-4.91,ADX ≥ 20.0;MACD 🚀;BB breakout;RSI 📈;Price > SMA20
2025-08-07T19:24:31.647940,CRWD,426.90,28.55,1.17,0.27,0.66,0.66,ADX ≥ 20.0;MACD 🚀;RSI 📈;Price > SMA20
2025-08-07T19:24:39.247147,DVA,127.51,35.48,0.26,0.20,12.55,12.55,ADX ≥ 20.0;MACD 🚀;Price > SMA20
2025-08-07T19:24:39.984836,DAY,52.41,47.76,0.15,0.29,-18.72,-18.72,ADX ≥ 20.0;MACD 🚀;RSI 📈;Price > SMA20
2025-08-07T19:24:41.995453,DELL,133.29,31.49,0.28,0.21,-12.40,-12.40,ADX ≥ 20.0;MACD 🚀;RSI 📈;Price > SMA20
2025-08-07T19:24:48.817048,DXCM,75.96,20.21,0.14,0.18,-9.80,-9.80,ADX ≥ 20.0;MACD 🚀;Price > SMA20
2025-08-07T19:24:59.507504,DPZ,441.65,20.96,0.63,0.14,16.31,16.31,ADX ≥ 20.0;MACD 🚀;Price > SMA20
2025-08-07T19:25:14.599167,DD,71.09,26.04,0.11,0.16,8.79,8.79,ADX ≥ 20.0;MACD 🚀;BB breakout;RSI 📈;Price > SMA20
2025-08-07T19:25:17.968963,EBAY,92.60,29.10,0.12,0.13,-1.17,-1.17,ADX ≥ 20.0;MACD 🚀;Price > SMA20
2025-08-07T19:25:23.752348,EW,77.55,23.60,0.09,0.12,0.75,0.75,ADX ≥ 20.0;MACD 🚀;RSI 📈;Price > SMA20
2025-08-07T19:25:26.046883,EA,162.29,36.31,0.23,0.14,-27.76,-27.76,ADX ≥ 20.0;MACD 🚀;BB breakout;Price > SMA20
2025-08-07T19:25:26.920577,ELV,283.68,25.86,0.41,0.15,-17.54,-17.54,ADX ≥ 20.0;MACD 🚀;RSI 📈;Price > SMA20
2025-08-07T19:25:29.042135,EMR,132.66,41.28,0.30,0.23,3.70,3.70,ADX ≥ 20.0;MACD 🚀;RSI 📈;Price > SMA20
2025-08-07T19:25:35.228553,EFX,240.76,22.23,0.24,0.10,-44.52,-44.52,ADX ≥ 20.0;MACD 🚀;BB breakout;Price > SMA20
2025-08-07T19:25:38.485702,EQIX,776.10,24.12,0.73,0.09,0.28,0.28,ADX ≥ 20.0;MACD 🚀;RSI 📈;Price > SMA20
2025-08-07T19:25:57.018799,EXPE,185.70,54.50,0.51,0.28,9.93,9.93,ADX ≥ 20.0;MACD 🚀;RSI 📈;Price > SMA20
2025-08-07T19:26:05.311731,FICO,1348.41,30.82,2.24,0.17,-43.45,-43.45,ADX ≥ 20.0;MACD 🚀;ATR14 ≥ 2.0;Price > SMA20
2025-08-07T19:26:07.315619,FAST,47.39,73.11,0.07,0.14,-13.12,-13.12,ADX ≥ 20.0;MACD 🚀;RSI 📈;Price > SMA20
2025-08-07T19:26:14.203861,F,11.20,61.98,0.02,0.17,7.69,7.69,ADX ≥ 20.0;MACD 🚀;Price > SMA20
2025-08-07T19:26:16.021333,FTNT,73.68,33.74,0.34,0.46,22.85,22.85,ADX ≥ 20.0;MACD 🚀;BB breakout;RSI 📈;Price > SMA20
2025-08-07T19:26:16.788558,FTV,47.51,31.20,0.05,0.10,13.92,13.92,ADX ≥ 20.0;MACD 🚀;Price > SMA20
2025-08-07T19:26:20.966544,FCX,40.71,23.06,0.07,0.16,-2.97,-2.97,ADX ≥ 20.0;MACD 🚀;Price > SMA20
2025-08-07T19:26:21.879949,GRMN,227.17,28.12,0.26,0.11,-31.07,-31.07,ADX ≥ 20.0;MACD 🚀;Price > SMA20
2025-08-07T19:26:25.098544,GEV,645.64,35.54,1.70,0.26,-32.45,-32.45,ADX ≥ 20.0;MACD 🚀;Price > SMA20
2025-08-07T19:26:25.975321,GEN,28.04,39.69,0.05,0.19,10.29,10.29,ADX ≥ 20.0;MACD 🚀;RSI 📈;Price > SMA20
2025-08-07T19:26:45.851556,HAS,77.00,24.81,0.09,0.12,-4.85,-4.85,ADX ≥ 20.0;MACD 🚀;Price > SMA20
2025-08-07T19:26:50.016727,HCA,371.75,34.87,0.34,0.09,-26.27,-26.27,ADX ≥ 20.0;MACD 🚀;RSI 📈;Price > SMA20
2025-08-07T19:26:57.750978,HPE,20.35,57.62,0.03,0.15,-23.90,-23.90,ADX ≥ 20.0;MACD 🚀;RSI 📈;Price > SMA20
2025-08-07T19:27:00.988740,HLT,260.23,27.13,0.26,0.10,-30.38,-30.38,ADX ≥ 20.0;MACD 🚀;Price > SMA20
2025-08-07T19:27:02.946083,HOLX,67.77,38.39,0.05,0.08,-3.15,-3.15,ADX ≥ 20.0;MACD 🚀;BB breakout;Price > SMA20
2025-08-07T19:27:13.560375,HUM,254.76,33.13,0.44,0.17,-26.14,-26.14,ADX ≥ 20.0;MACD 🚀;BB breakout;RSI 📈;Price > SMA20
2025-08-07T19:27:58.249905,IPG,24.79,22.90,0.04,0.15,-17.00,-17.00,ADX ≥ 20.0;MACD 🚀;Price > SMA20
2025-08-07T19:27:59.144082,INTU,759.21,51.22,1.74,0.23,-18.06,-18.06,ADX ≥ 20.0;MACD 🚀;Price > SMA20
2025-08-07T19:28:15.015328,ISRG,467.69,27.50,0.66,0.14,5.88,5.88,ADX ≥ 20.0;MACD 🚀;Price > SMA20
2025-08-07T19:28:22.354426,IRM,91.66,20.86,0.21,0.23,-14.87,-14.87,ADX ≥ 20.0;MACD 🚀;BB breakout;Price > SMA20
2025-08-07T19:28:57.449355,LLY,644.05,50.17,2.40,0.37,26.04,26.04,ADX ≥ 20.0;MACD 🚀;ATR14 ≥ 2.0;Price > SMA20
2025-08-07T19:28:58.980087,LYV,147.53,23.61,0.35,0.23,-33.81,-33.81,ADX ≥ 20.0;MACD 🚀;Price > SMA20
2025-08-07T19:28:59.778558,LKQ,29.82,25.24,0.04,0.12,-12.41,-12.41,ADX ≥ 20.0;MACD 🚀;Price > SMA20
2025-08-07T19:29:02.900006,LYB,50.33,27.46,0.12,0.25,-22.97,-22.97,ADX ≥ 20.0;MACD 🚀;Price > SMA20
2025-08-07T19:29:04.306535,MPC,162.93,31.26,0.23,0.14,0.37,0.37,ADX ≥ 20.0;MACD 🚀;BB breakout;RSI 📈;Price > SMA20
2025-08-07T19:29:05.856714,MAR,260.55,37.54,0.34,0.13,-20.19,-20.19,ADX ≥ 20.0;MACD 🚀;Price > SMA20
2025-08-07T19:29:15.063382,MCD,306.83,45.64,0.43,0.14,20.10,20.10,ADX ≥ 20.0;MACD 🚀;RSI 📈;Price > SMA20
2025-08-07T19:29:17.671365,META,762.57,38.48,1.21,0.16,-25.68,-25.68,ADX ≥ 20.0;MACD 🚀;Price > SMA20
2025-08-07T19:29:21.488268,MGM,34.59,32.17,0.07,0.20,-7.99,-7.99,ADX ≥ 20.0;MACD 🚀;RSI 📈;Price > SMA20
2025-08-07T19:29:27.346025,MSFT,519.38,50.08,0.55,0.11,-24.94,-24.94,ADX ≥ 20.0;MACD 🚀;BB breakout;Price > SMA20
2025-08-07T19:29:28.060108,MAA,142.14,20.20,0.17,0.12,5.98,5.98,ADX ≥ 20.0;MACD 🚀;Price > SMA20
2025-08-07T19:29:39.744455,NFLX,1175.00,38.65,1.20,0.10,-4.45,-4.45,ADX ≥ 20.0;MACD 🚀;RSI 📈;Price > SMA20
2025-08-07T19:29:50.354984,NDSN,211.95,21.02,0.22,0.11,-19.95,-19.95,ADX ≥ 20.0;MACD 🚀;Price > SMA20
2025-08-07T19:29:53.772967,NOC,586.20,31.31,0.58,0.10,4.38,4.38,ADX ≥ 20.0;MACD 🚀;BB breakout;RSI 📈;Price > SMA20
2025-08-07T19:30:06.100179,ON,47.59,28.44,0.11,0.24,-21.78,-21.78,ADX ≥ 20.0;MACD 🚀;Price > SMA20
2025-08-07T19:30:07.942666,ORCL,249.19,44.23,0.53,0.21,-25.66,-25.66,ADX ≥ 20.0;MACD 🚀;RSI 📈;Price > SMA20
2025-08-07T19:30:11.619958,PLTR,180.15,35.71,0.56,0.31,-21.83,-21.83,ADX ≥ 20.0;MACD 🚀;Price > SMA20
2025-08-07T19:30:12.380568,PANW,166.72,27.07,0.30,0.18,-17.96,-17.96,ADX ≥ 20.0;MACD 🚀;RSI 📈;Price > SMA20
2025-08-07T19:30:13.516168,PARA,0.00,22.69,0.04,inf,17.64,17.64,ADX ≥ 20.0;MACD 🚀;RSI 📈;ATR % ≥ 0.5%
2025-08-07T19:30:16.025386,PAYC,233.62,23.64,1.10,0.47,-33.12,-33.12,ADX ≥ 20.0;MACD 🚀;Price > SMA20
2025-08-07T19:30:17.101747,PYPL,68.02,20.42,0.08,0.12,-27.34,-27.34,ADX ≥ 20.0;MACD 🚀;Price > SMA20
2025-08-07T19:30:34.927035,PTC,205.98,31.66,0.45,0.22,-0.25,-0.25,ADX ≥ 20.0;MACD 🚀;Price > SMA20
2025-08-07T19:30:42.610101,PWR,385.70,21.32,0.59,0.15,-11.41,-11.41,ADX ≥ 20.0;MACD 🚀;Price > SMA20
2025-08-07T19:30:46.947942,O,57.17,26.00,0.06,0.11,2.31,2.31,ADX ≥ 20.0;MACD 🚀;RSI 📈;Price > SMA20
2025-08-07T19:30:56.575713,ROK,331.10,43.22,0.49,0.15,-20.62,-20.62,ADX ≥ 20.0;MACD 🚀;BB breakout;RSI 📈;Price > SMA20
2025-08-07T19:31:00.813247,ROP,536.56,28.54,0.47,0.09,-14.70,-14.70,ADX ≥ 20.0;MACD 🚀;Price > SMA20
2025-08-07T19:31:08.755979,SLB,33.12,46.85,0.05,0.15,-4.15,-4.15,ADX ≥ 20.0;MACD 🚀;RSI 📈;Price > SMA20
2025-08-07T19:31:14.012937,SRE,83.06,36.67,0.17,0.21,6.18,6.18,ADX ≥ 20.0;MACD 🚀;Price > SMA20
2025-08-07T19:31:14.835832,NOW,871.82,21.62,1.99,0.23,-4.61,-4.61,ADX ≥ 20.0;MACD 🚀;BB breakout;RSI 📈;Price > SMA20
2025-08-07T19:31:40.034576,SYK,375.67,24.93,0.40,0.11,-22.39,-22.39,ADX ≥ 20.0;MACD 🚀;RSI 📈;Price > SMA20
2025-08-07T19:31:42.254760,SYF,68.52,38.88,0.10,0.15,-4.43,-4.43,ADX ≥ 20.0;MACD 🚀;BB breakout;Price > SMA20
2025-08-07T19:31:42.964024,SNPS,617.11,23.98,1.19,0.19,-7.48,-7.48,ADX ≥ 20.0;MACD 🚀;BB breakout;RSI 📈;Price > SMA20
2025-08-07T19:31:44.604033,TMUS,242.40,58.79,0.28,0.11,23.70,23.70,ADX ≥ 20.0;MACD 🚀;RSI 📈;Price > SMA20
2025-08-07T19:31:49.410081,TTWO,225.08,38.29,0.33,0.15,-13.84,-13.84,ADX ≥ 20.0;MACD 🚀;RSI 📈;Price > SMA20
2025-08-07T19:31:51.251758,TPR,108.15,31.02,0.22,0.21,-7.12,-7.12,ADX ≥ 20.0;MACD 🚀;BB breakout;RSI 📈;Price > SMA20
2025-08-07T19:31:56.542363,TSLA,319.33,22.39,0.68,0.21,-20.32,-20.32,ADX ≥ 20.0;MACD 🚀;BB breakout;RSI 📈;Price > SMA20
2025-08-07T19:31:59.176197,TPL,876.74,26.93,3.54,0.40,-35.01,-35.01,ADX ≥ 20.0;MACD 🚀;ATR14 ≥ 2.0
2025-08-07T19:32:01.578053,TXT,77.19,26.16,0.10,0.13,-6.66,-6.66,ADX ≥ 20.0;MACD 🚀;BB breakout;Price > SMA20
2025-08-07T19:32:06.920393,TJX,131.55,20.00,0.11,0.09,-8.51,-8.51,ADX ≥ 20.0;MACD 🚀;BB breakout;RSI 📈;Price > SMA20
2025-08-07T19:32:09.190220,TKO,160.82,44.42,0.43,0.26,6.87,6.87,ADX ≥ 20.0;MACD 🚀;BB breakout;RSI 📈;Price > SMA20
2025-08-07T19:32:11.399759,TT,428.64,24.23,0.53,0.12,16.34,16.34,ADX ≥ 20.0;MACD 🚀;Price > SMA20
2025-08-07T19:32:13.188299,TDG,1419.86,35.85,1.84,0.13,-30.06,-30.06,ADX ≥ 20.0;MACD 🚀;BB breakout;RSI 📈;Price > SMA20
2025-08-07T19:32:14.303798,TRV,265.19,38.66,0.30,0.11,-4.63,-4.63,ADX ≥ 20.0;MACD 🚀;Price > SMA20
2025-08-07T19:32:32.231279,UBER,91.77,35.44,0.21,0.23,-4.12,-4.12,ADX ≥ 20.0;MACD 🚀;BB breakout;RSI 📈;Price > SMA20
2025-08-07T19:32:35.900430,ULTA,504.24,51.76,1.11,0.22,42.80,42.80,ADX ≥ 20.0;MACD 🚀;RSI 📈;Price > SMA20
2025-08-07T19:32:44.238861,UNH,243.59,29.06,0.33,0.13,-9.14,-9.14,ADX ≥ 20.0;MACD 🚀;RSI 📈;Price > SMA20
2025-08-07T19:32:46.853000,UHS,168.93,44.58,0.23,0.14,2.75,2.75,ADX ≥ 20.0;MACD 🚀;RSI 📈;Price > SMA20
2025-08-07T19:32:52.773625,VTR,68.94,27.40,0.08,0.11,22.35,22.35,ADX ≥ 20.0;MACD 🚀;Price > SMA20
2025-08-07T19:32:59.573978,VRSN,273.43,32.73,0.30,0.11,12.69,12.69,ADX ≥ 20.0;MACD 🚀;BB breakout;RSI 📈;Price > SMA20
2025-08-07T19:33:05.512744,V,332.50,41.65,0.45,0.14,-22.24,-22.24,ADX ≥ 20.0;MACD 🚀;BB breakout;RSI 📈;Price > SMA20
2025-08-07T19:33:08.698503,VST,208.36,36.47,0.80,0.38,-15.22,-15.22,ADX ≥ 20.0;MACD 🚀;BB breakout;RSI 📈;Price > SMA20
2025-08-07T19:33:09.720692,VMC,281.78,23.64,0.38,0.13,-14.56,-14.56,ADX ≥ 20.0;MACD 🚀;BB breakout;RSI 📈;Price > SMA20
2025-08-07T19:33:13.454692,GWW,949.98,29.09,1.08,0.11,19.40,19.40,ADX ≥ 20.0;MACD 🚀;RSI 📈;Price > SMA20
2025-08-07T19:33:15.320275,WBA,11.88,66.44,0.01,0.07,-11.91,-11.91,ADX ≥ 20.0;MACD 🚀;Price > SMA20
2025-08-07T19:33:18.025401,DIS,112.88,48.76,0.15,0.13,3.26,3.26,ADX ≥ 20.0;MACD 🚀;BB breakout;RSI 📈;Price > SMA20
2025-08-07T19:33:26.584761,WM,233.00,29.54,0.20,0.08,2.00,2.00,ADX ≥ 20.0;MACD 🚀;Price > SMA20
2025-08-07T19:33:29.649217,WFC,77.12,22.11,0.08,0.11,-11.96,-11.96,ADX ≥ 20.0;MACD 🚀;BB breakout;RSI 📈;Price > SMA20
2025-08-07T19:33:42.402019,WTW,325.13,42.63,0.23,0.07,28.87,28.87,ADX ≥ 20.0;MACD 🚀;Price > SMA20
2025-08-07T19:33:44.958166,WDAY,220.72,26.59,0.57,0.26,-17.31,-17.31,ADX ≥ 20.0;MACD 🚀;RSI 📈;Price > SMA20
2025-08-07T19:33:53.734284,YUM,142.32,32.95,0.15,0.11,-8.96,-8.96,ADX ≥ 20.0;MACD 🚀;BB breakout;RSI 📈;Price > SMA20
2025-08-07T19:34:14.821325,ACN,241.68,24.65,0.38,0.16,-27.78,-27.78,ADX ≥ 20.0;MACD 🚀;RSI 📈;Price > SMA20
2025-08-07T19:34:27.274404,ABNB,119.05,30.58,0.35,0.29,-10.54,-10.54,ADX ≥ 20.0;MACD 🚀;BB breakout;RSI 📈;Price > SMA20
2025-08-07T19:34:28.205469,AKAM,74.46,57.57,0.16,0.22,-3.40,-3.40,ADX ≥ 20.0;MACD 🚀;BB breakout;RSI 📈;Price > SMA20
2025-08-07T19:34:35.368754,ALGN,138.36,59.54,0.32,0.23,-18.96,-18.96,ADX ≥ 20.0;MACD 🚀;BB breakout;RSI 📈;Price > SMA20
2025-08-07T19:34:41.532732,GOOGL,195.61,38.78,0.26,0.13,-17.22,-17.22,ADX ≥ 20.0;MACD 🚀;BB breakout;RSI 📈;Price > SMA20
2025-08-07T19:34:42.774488,GOOG,196.41,33.97,0.25,0.13,-21.13,-21.13,ADX ≥ 20.0;MACD 🚀;BB breakout;RSI 📈;Price > SMA20
2025-08-07T19:34:45.672047,AMZN,221.59,27.17,0.27,0.12,-17.05,-17.05,ADX ≥ 20.0;MACD 🚀;BB breakout;Price > SMA20
2025-08-07T19:34:47.154538,AEE,102.53,23.30,0.10,0.09,0.83,0.83,ADX ≥ 20.0;MACD 🚀;Price > SMA20
2025-08-07T19:34:52.379377,AIG,76.33,37.21,0.17,0.22,5.14,5.14,ADX ≥ 20.0;MACD 🚀;RSI 📈;Price > SMA20
2025-08-07T19:35:02.536615,AMAT,182.77,30.22,0.27,0.15,-26.27,-26.27,ADX ≥ 20.0;MACD 🚀;Price > SMA20
2025-08-07T19:35:05.465810,APTV,65.77,26.45,0.07,0.11,-23.85,-23.85,ADX ≥ 20.0;MACD 🚀;BB breakout;Price > SMA20
2025-08-07T19:35:15.424350,T,28.04,23.81,0.04,0.13,-23.23,-23.23,ADX ≥ 20.0;MACD 🚀;Price > SMA20
2025-08-07T19:35:50.165972,ADSK,291.59,26.20,0.53,0.18,-12.65,-12.65,ADX ≥ 20.0;MACD 🚀;RSI 📈;Price > SMA20
2025-08-07T19:36:03.914722,AZO,4046.34,35.38,8.62,0.21,-20.12,-20.12,ADX ≥ 20.0;MACD 🚀;ATR14 ≥ 2.0;Price > SMA20
2025-08-07T19:36:07.894747,AXON,866.40,26.42,1.47,0.17,-8.97,-8.97,ADX ≥ 20.0;MACD 🚀;BB breakout;Price > SMA20
2025-08-07T19:36:15.484774,BDX,187.85,22.64,0.37,0.19,1.35,1.35,ADX ≥ 20.0;MACD 🚀;BB breakout;RSI 📈;Price > SMA20
2025-08-07T19:36:17.157772,BRK-B,0.00,42.32,0.49,inf,18.87,18.87,ADX ≥ 20.0;MACD 🚀;ATR % ≥ 0.5%
2025-08-07T19:36:18.017721,BBY,67.42,24.49,0.08,0.11,8.07,8.07,ADX ≥ 20.0;MACD 🚀;BB breakout;RSI 📈;Price > SMA20
2025-08-07T19:36:30.315619,BK,102.12,35.69,0.10,0.10,-9.33,-9.33,ADX ≥ 20.0;MACD 🚀;BB breakout;RSI 📈;Price > SMA20
2025-08-07T19:36:36.558475,BA,227.20,58.57,0.30,0.13,-12.96,-12.96,ADX ≥ 20.0;MACD 🚀;BB breakout;RSI 📈;Price > SMA20
2025-08-07T19:36:38.079344,BSX,102.58,29.02,0.11,0.11,-24.39,-24.39,ADX ≥ 20.0;MACD 🚀;RSI 📈;Price > SMA20
2025-08-07T19:36:40.258890,AVGO,301.96,25.69,0.55,0.18,-20.66,-20.66,ADX ≥ 20.0;MACD 🚀;Price > SMA20
2025-08-07T19:36:49.596177,BF-B,0.00,36.87,0.05,inf,-3.96,-3.96,ADX ≥ 20.0;MACD 🚀;ATR % ≥ 0.5%
2025-08-07T19:36:50.879452,BG,82.97,28.66,0.11,0.14,5.52,5.52,ADX ≥ 20.0;MACD 🚀;Price > SMA20
2025-08-07T19:36:54.628912,CDNS,352.30,20.75,0.50,0.14,-5.40,-5.40,ADX ≥ 20.0;MACD 🚀;BB breakout;RSI 📈;Price > SMA20
2025-08-07T19:36:55.431139,CZR,24.23,25.67,0.09,0.36,14.21,14.21,ADX ≥ 20.0;MACD 🚀;BB breakout;Price > SMA20
2025-08-07T19:36:56.281294,CPT,107.16,36.21,0.11,0.11,8.81,8.81,ADX ≥ 20.0;MACD 🚀;Price > SMA20
2025-08-07T19:37:00.123189,COF,207.77,35.45,0.33,0.16,-3.72,-3.72,ADX ≥ 20.0;MACD 🚀;BB breakout;Price > SMA20
2025-08-07T19:37:02.180444,CCL,29.00,32.95,0.07,0.24,-25.88,-25.88,ADX ≥ 20.0;MACD 🚀;RSI 📈;Price > SMA20
2025-08-07T19:37:03.088932,CARR,66.50,31.19,0.09,0.14,-12.28,-12.28,ADX ≥ 20.0;MACD 🚀;Price > SMA20
2025-08-07T19:37:05.520514,CAT,416.58,34.63,0.59,0.14,1.81,1.81,ADX ≥ 20.0;MACD 🚀;Price > SMA20
2025-08-07T19:37:10.753767,CNC,25.18,21.01,0.05,0.21,-13.51,-13.51,ADX ≥ 20.0;MACD 🚀;BB breakout;Price > SMA20
2025-08-07T19:37:21.433924,SCHW,95.81,27.23,0.11,0.12,-13.48,-13.48,ADX ≥ 20.0;MACD 🚀;BB breakout;Price > SMA20
2025-08-07T19:37:23.718817,CMG,42.54,24.37,0.06,0.13,-23.24,-23.24,ADX ≥ 20.0;MACD 🚀;Price > SMA20
2025-08-07T19:37:24.502701,CB,268.79,47.49,0.24,0.09,4.81,4.81,ADX ≥ 20.0;MACD 🚀;RSI 📈;Price > SMA20
2025-08-07T19:37:26.576117,CI,270.20,27.57,0.55,0.20,-37.59,-37.59,ADX ≥ 20.0;MACD 🚀;RSI 📈;Price > SMA20
2025-08-07T19:37:46.473849,C,91.49,20.79,0.13,0.14,-22.09,-22.09,ADX ≥ 20.0;MACD 🚀;BB breakout;Price > SMA20
2025-08-07T19:37:56.989348,COIN,309.88,33.11,0.97,0.31,-24.47,-24.47,ADX ≥ 20.0;MACD 🚀;BB breakout;RSI 📈;Price > SMA20
2025-08-07T19:38:09.469369,ED,105.49,53.63,0.11,0.10,-7.29,-7.29,ADX ≥ 20.0;MACD 🚀;RSI 📈;Price > SMA20
2025-08-07T19:38:15.003526,STZ,173.48,36.00,0.21,0.12,-4.44,-4.44,ADX ≥ 20.0;MACD 🚀;Price > SMA20
2025-08-07T19:38:45.284888,COO,69.13,54.92,0.08,0.11,8.90,8.90,ADX ≥ 20.0;MACD 🚀;RSI 📈;Price > SMA20
2025-08-07T19:38:55.932158,CPAY,304.00,20.95,1.06,0.35,-21.83,-21.83,ADX ≥ 20.0;MACD 🚀;Price > SMA20
2025-08-07T19:39:11.259145,CRWD,427.66,28.48,1.10,0.26,-19.94,-19.94,ADX ≥ 20.0;MACD 🚀;RSI 📈;Price > SMA20
2025-08-07T19:39:14.387252,CMI,384.51,38.22,0.43,0.11,1.84,1.84,ADX ≥ 20.0;MACD 🚀;BB breakout;RSI 📈;Price > SMA20
2025-08-07T19:39:15.183212,CVS,63.32,26.00,0.10,0.15,-16.85,-16.85,ADX ≥ 20.0;MACD 🚀;RSI 📈;Price > SMA20
2025-08-07T19:39:16.939626,DRI,206.12,37.55,0.22,0.11,-18.60,-18.60,ADX ≥ 20.0;MACD 🚀;BB breakout;RSI 📈;Price > SMA20
2025-08-07T19:39:24.070565,DAY,52.52,50.95,0.15,0.28,-14.15,-14.15,ADX ≥ 20.0;MACD 🚀;RSI 📈;Price > SMA20
2025-08-07T19:39:26.691668,DELL,133.55,44.21,0.29,0.22,-10.95,-10.95,ADX ≥ 20.0;MACD 🚀;RSI 📈;Price > SMA20
2025-08-07T19:39:39.823372,DASH,269.16,27.65,0.94,0.35,-25.83,-25.83,ADX ≥ 20.0;MACD 🚀;BB breakout;RSI 📈;Price > SMA20
2025-08-07T19:39:55.124301,EBAY,92.64,29.97,0.12,0.13,-10.61,-10.61,ADX ≥ 20.0;MACD 🚀;RSI 📈;Price > SMA20
2025-08-07T19:39:58.161670,EA,162.59,36.77,0.22,0.14,-22.64,-22.64,ADX ≥ 20.0;MACD 🚀;BB breakout;RSI 📈;Price > SMA20
2025-08-07T19:40:00.682267,EMR,132.83,49.56,0.32,0.24,3.91,3.91,ADX ≥ 20.0;MACD 🚀;RSI 📈;Price > SMA20
2025-08-07T19:40:02.229936,ETR,90.58,24.43,0.09,0.10,2.14,2.14,ADX ≥ 20.0;MACD 🚀;Price > SMA20
2025-08-07T19:40:08.026989,EPAM,157.30,20.15,0.53,0.34,-11.98,-11.98,ADX ≥ 20.0;MACD 🚀;BB breakout;Price > SMA20
2025-08-07T19:40:09.568252,EFX,240.97,30.05,0.31,0.13,-8.40,-8.40,ADX ≥ 20.0;MACD 🚀;Price > SMA20
2025-08-07T19:40:14.077564,EQIX,777.11,29.27,0.70,0.09,-31.26,-31.26,ADX ≥ 20.0;MACD 🚀;RSI 📈;Price > SMA20
2025-08-07T19:40:22.803808,EXC,45.62,25.55,0.05,0.12,3.53,3.53,ADX ≥ 20.0;MACD 🚀;RSI 📈;Price > SMA20
2025-08-07T19:40:29.314202,EXPE,186.54,68.34,0.51,0.27,-3.48,-3.48,ADX ≥ 20.0;MACD 🚀;RSI 📈;Price > SMA20
2025-08-07T19:40:59.087494,FI,132.51,38.44,0.26,0.20,-8.84,-8.84,ADX ≥ 20.0;MACD 🚀;RSI 📈;Price > SMA20
2025-08-07T19:41:01.004725,F,11.22,62.08,0.02,0.17,7.74,7.74,ADX ≥ 20.0;MACD 🚀;Price > SMA20
2025-08-07T19:41:01.827232,FTNT,73.89,47.92,0.36,0.49,27.19,27.19,ADX ≥ 20.0;MACD 🚀;RSI 📈;Price > SMA20
2025-08-07T19:41:02.781565,FTV,47.52,32.55,0.05,0.10,-2.00,-2.00,ADX ≥ 20.0;MACD 🚀;Price > SMA20
2025-08-07T19:41:12.629836,FCX,40.81,34.34,0.06,0.16,0.20,0.20,ADX ≥ 20.0;MACD 🚀;RSI 📈;Price > SMA20
2025-08-07T19:41:13.927706,GRMN,227.56,33.17,0.21,0.09,-33.64,-33.64,ADX ≥ 20.0;MACD 🚀;RSI 📈;Price > SMA20
2025-08-07T19:41:15.519021,GE,271.29,30.04,0.32,0.12,-5.85,-5.85,ADX ≥ 20.0;MACD 🚀;BB breakout;RSI 📈;Price > SMA20
2025-08-07T19:41:16.513230,GEHC,71.07,25.60,0.11,0.16,-5.21,-5.21,ADX ≥ 20.0;MACD 🚀;BB breakout;RSI 📈;Price > SMA20
2025-08-07T19:41:17.453378,GEV,647.09,32.36,1.45,0.22,-37.16,-37.16,ADX ≥ 20.0;MACD 🚀;RSI 📈;Price > SMA20
2025-08-07T19:41:18.464972,GEN,28.11,52.75,0.05,0.18,5.46,5.46,ADX ≥ 20.0;MACD 🚀;RSI 📈;Price > SMA20
2025-08-07T19:41:19.579107,GNRC,193.01,27.35,0.30,0.15,-28.58,-28.58,ADX ≥ 20.0;MACD 🚀;BB breakout;Price > SMA20
2025-08-07T19:41:40.532308,HCA,372.64,48.31,0.39,0.11,-8.73,-8.73,ADX ≥ 20.0;MACD 🚀;RSI 📈;Price > SMA20
2025-08-07T19:41:44.180938,DOC,16.95,34.00,0.03,0.16,-17.24,-17.24,ADX ≥ 20.0;MACD 🚀;Price > SMA20
2025-08-07T19:41:51.643294,HPE,20.50,68.08,0.04,0.18,12.75,12.75,ADX ≥ 20.0;MACD 🚀;BB breakout;RSI 📈;Price > SMA20
2025-08-07T19:41:52.542702,HLT,260.69,40.68,0.26,0.10,-16.52,-16.52,ADX ≥ 20.0;MACD 🚀;RSI 📈;Price > SMA20
2025-08-07T19:41:55.834915,HOLX,67.74,34.55,0.05,0.08,7.02,7.02,ADX ≥ 20.0;MACD 🚀;Price > SMA20
2025-08-07T19:41:56.919282,HD,385.17,58.31,0.42,0.11,18.82,18.82,ADX ≥ 20.0;MACD 🚀;Price > SMA20
2025-08-07T19:41:57.783954,HON,216.23,39.48,0.23,0.11,-3.72,-3.72,ADX ≥ 20.0;MACD 🚀;Price > SMA20
2025-08-07T19:41:58.601234,HRL,28.46,37.24,0.03,0.10,-6.47,-6.47,ADX ≥ 20.0;MACD 🚀;Price > SMA20
2025-08-07T19:42:00.041202,HST,15.26,20.12,0.02,0.14,3.58,3.58,ADX ≥ 20.0;MACD 🚀;Price > SMA20
2025-08-07T19:42:01.980279,HWM,180.81,20.84,0.28,0.15,-2.91,-2.91,ADX ≥ 20.0;MACD 🚀;BB breakout;Price > SMA20
2025-08-07T19:42:03.089763,HPQ,25.36,20.27,0.03,0.12,-12.32,-12.32,ADX ≥ 20.0;MACD 🚀;BB breakout;RSI 📈;Price > SMA20
2025-08-07T19:42:06.669650,HUM,255.47,37.97,0.44,0.17,-16.35,-16.35,ADX ≥ 20.0;MACD 🚀;RSI 📈;Price > SMA20
2025-08-07T19:42:08.402782,HII,265.15,22.59,0.25,0.09,12.91,12.91,ADX ≥ 20.0;MACD 🚀;RSI 📈;Price > SMA20
2025-08-07T19:42:17.444002,PODD,299.33,31.35,1.26,0.42,5.98,5.98,ADX ≥ 20.0;MACD 🚀;Price > SMA20
2025-08-07T19:42:21.141784,IP,48.12,34.77,0.09,0.18,-14.34,-14.34,ADX ≥ 20.0;MACD 🚀;BB breakout;RSI 📈;Price > SMA20
2025-08-07T19:42:24.113839,IPG,24.82,20.81,0.03,0.14,-24.08,-24.08,ADX ≥ 20.0;MACD 🚀;BB breakout;Price > SMA20
2025-08-07T19:42:25.274405,INTU,759.29,42.03,1.38,0.18,-32.78,-32.78,ADX ≥ 20.0;MACD 🚀;Price > SMA20
2025-08-07T19:42:27.408542,ISRG,468.33,31.48,0.62,0.13,-6.97,-6.97,ADX ≥ 20.0;MACD 🚀;RSI 📈;Price > SMA20
2025-08-07T19:42:39.159292,JBL,220.63,42.61,0.44,0.20,-12.71,-12.71,ADX ≥ 20.0;MACD 🚀;RSI 📈;Price > SMA20
2025-08-07T19:42:44.417350,K,80.05,34.57,0.02,0.02,22.82,22.82,ADX ≥ 20.0;MACD 🚀;BB breakout;RSI 📈;Price > SMA20
2025-08-07T19:42:45.207371,KVUE,21.93,42.59,0.05,0.23,-17.03,-17.03,ADX ≥ 20.0;MACD 🚀;RSI 📈;Price > SMA20
2025-08-07T19:42:46.086150,KDP,33.98,33.24,0.04,0.13,20.60,20.60,ADX ≥ 20.0;MACD 🚀;Price > SMA20
2025-08-07T19:42:47.379672,KEYS,161.09,21.93,0.15,0.10,-3.64,-3.64,ADX ≥ 20.0;MACD 🚀;BB breakout;RSI 📈;Price > SMA20
2025-08-07T19:43:15.763162,LYV,148.05,20.67,0.32,0.22,-20.66,-20.66,ADX ≥ 20.0;MACD 🚀;BB breakout;RSI 📈;Price > SMA20
2025-08-07T19:43:18.014983,LMT,430.75,27.66,0.43,0.10,9.93,9.93,ADX ≥ 20.0;MACD 🚀;BB breakout;RSI 📈;Price > SMA20
2025-08-07T19:43:53.055529,LULU,190.83,22.26,0.34,0.18,11.70,11.70,ADX ≥ 20.0;MACD 🚀;Price > SMA20
2025-08-07T19:43:57.919752,MAR,261.41,33.53,0.39,0.15,-2.96,-2.96,ADX ≥ 20.0;MACD 🚀;BB breakout;RSI 📈;Price > SMA20
2025-08-07T19:43:58.953572,MMC,202.94,33.14,0.17,0.08,6.14,6.14,ADX ≥ 20.0;MACD 🚀;Price > SMA20
2025-08-07T19:44:08.011754,MKC,70.38,30.50,0.10,0.14,11.27,11.27,ADX ≥ 20.0;MACD 🚀;BB breakout;Price > SMA20
2025-08-07T19:44:09.006277,MCD,307.67,59.41,0.46,0.15,-3.76,-3.76,ADX ≥ 20.0;MACD 🚀;BB breakout;RSI 📈;Price > SMA20
2025-08-07T19:44:10.935303,MDT,91.44,44.39,0.09,0.10,-0.58,-0.58,ADX ≥ 20.0;MACD 🚀;BB breakout;RSI 📈;Price > SMA20
2025-08-07T19:44:11.805156,MRK,80.22,25.43,0.12,0.14,-0.88,-0.88,ADX ≥ 20.0;MACD 🚀;BB breakout;Price > SMA20
2025-08-07T19:44:12.573953,META,763.47,30.72,1.12,0.15,-26.24,-26.24,ADX ≥ 20.0;MACD 🚀;RSI 📈;Price > SMA20
2025-08-07T19:44:13.980876,MET,73.60,38.60,0.14,0.19,-1.57,-1.57,ADX ≥ 20.0;MACD 🚀;BB breakout;RSI 📈;Price > SMA20
2025-08-07T19:44:15.966453,MTD,1233.40,31.53,2.36,0.19,-7.95,-7.95,ADX ≥ 20.0;MACD 🚀;RSI 📈;ATR14 ≥ 2.0;Price > SMA20
2025-08-07T19:44:17.424134,MCHP,66.25,20.95,0.17,0.26,21.22,21.22,ADX ≥ 20.0;MACD 🚀;Price > SMA20
2025-08-07T19:44:18.879255,MSFT,519.10,40.77,0.47,0.09,-29.18,-29.18,ADX ≥ 20.0;MACD 🚀;Price > SMA20
2025-08-07T19:44:28.932516,MPWR,793.55,24.34,1.72,0.22,5.98,5.98,ADX ≥ 20.0;MACD 🚀;Price > SMA20
2025-08-07T19:44:29.627829,MNST,60.90,25.82,0.08,0.13,8.36,8.36,ADX ≥ 20.0;MACD 🚀;RSI 📈;Price > SMA20
2025-08-07T19:44:34.539001,NTAP,103.55,29.87,0.11,0.11,-15.20,-15.20,ADX ≥ 20.0;MACD 🚀;BB breakout;RSI 📈;Price > SMA20
2025-08-07T19:44:36.730625,NFLX,1175.81,39.94,1.23,0.10,-10.66,-10.66,ADX ≥ 20.0;MACD 🚀;RSI 📈;Price > SMA20
2025-08-07T19:44:39.387992,NWS,33.64,24.53,0.05,0.15,7.88,7.88,ADX ≥ 20.0;MACD 🚀;Price > SMA20
2025-08-07T19:44:40.446808,NEE,72.54,40.86,0.09,0.12,-17.12,-17.12,ADX ≥ 20.0;MACD 🚀;Price > SMA20
2025-08-07T19:44:42.269449,NI,42.28,25.69,0.05,0.11,-10.79,-10.79,ADX ≥ 20.0;MACD 🚀;BB breakout;RSI 📈;Price > SMA20
2025-08-07T19:44:45.510079,NOC,587.12,32.72,0.54,0.09,14.11,14.11,ADX ≥ 20.0;MACD 🚀;BB breakout;RSI 📈;Price > SMA20
2025-08-07T19:44:48.945727,NUE,137.94,37.57,0.17,0.12,-26.73,-26.73,ADX ≥ 20.0;MACD 🚀;BB breakout;RSI 📈;Price > SMA20
2025-08-07T19:44:50.559130,NVR,7828.61,37.11,8.07,0.10,-6.11,-6.11,ADX ≥ 20.0;MACD 🚀;ATR14 ≥ 2.0
2025-08-07T19:44:51.674638,NXPI,205.50,22.69,0.39,0.19,8.99,8.99,ADX ≥ 20.0;MACD 🚀;Price > SMA20
2025-08-07T19:44:56.357367,ON,47.66,26.77,0.12,0.24,-16.31,-16.31,ADX ≥ 20.0;MACD 🚀;BB breakout;Price > SMA20
2025-08-07T19:44:59.622149,ORCL,249.09,44.78,0.54,0.22,-29.53,-29.53,ADX ≥ 20.0;MACD 🚀;Price > SMA20
2025-08-07T19:45:04.957103,PKG,195.62,23.41,0.26,0.13,11.72,11.72,ADX ≥ 20.0;MACD 🚀;BB breakout;RSI 📈;Price > SMA20
2025-08-07T19:45:05.916610,PLTR,180.94,38.67,0.54,0.30,-19.19,-19.19,ADX ≥ 20.0;MACD 🚀;RSI 📈;Price > SMA20
2025-08-07T19:45:07.756778,PANW,167.01,37.10,0.34,0.20,-4.49,-4.49,ADX ≥ 20.0;MACD 🚀;RSI 📈;Price > SMA20
2025-08-07T19:45:08.673386,PARA,0.00,22.69,0.04,inf,17.64,17.64,ADX ≥ 20.0;MACD 🚀;RSI 📈;ATR % ≥ 0.5%
2025-08-07T19:45:11.607991,PAYX,140.39,41.37,0.14,0.10,8.64,8.64,ADX ≥ 20.0;MACD 🚀;Price > SMA20
2025-08-07T19:45:12.993245,PYPL,68.30,25.06,0.10,0.14,9.84,9.84,ADX ≥ 20.0;MACD 🚀;BB breakout;RSI 📈;Price > SMA20
2025-08-07T19:45:15.018613,PEP,143.97,36.27,0.18,0.13,-8.03,-8.03,ADX ≥ 20.0;MACD 🚀;Price > SMA20
2025-08-07T19:45:21.736653,PNW,93.97,36.50,0.11,0.12,-30.22,-30.22,ADX ≥ 20.0;MACD 🚀;Price > SMA20
2025-08-07T19:45:32.083897,PG,153.57,33.59,0.15,0.10,-2.80,-2.80,ADX ≥ 20.0;MACD 🚀;BB breakout;RSI 📈;Price > SMA20
2025-08-07T19:45:42.236977,PTC,206.09,34.31,0.40,0.20,-20.41,-20.41,ADX ≥ 20.0;MACD 🚀;Price > SMA20
2025-08-07T19:45:44.101706,PSA,283.65,29.29,0.23,0.08,-24.20,-24.20,ADX ≥ 20.0;MACD 🚀;BB breakout;RSI 📈;Price > SMA20
2025-08-07T19:45:50.395128,RTX,155.32,68.62,0.14,0.09,-0.92,-0.92,ADX ≥ 20.0;MACD 🚀;RSI 📈;Price > SMA20
2025-08-07T19:45:53.782183,REG,72.46,23.63,0.10,0.14,-17.36,-17.36,ADX ≥ 20.0;MACD 🚀;Price > SMA20
2025-08-07T19:45:58.706413,RSG,235.50,20.21,0.16,0.07,-23.56,-23.56,ADX ≥ 20.0;MACD 🚀;Price > SMA20
2025-08-07T19:45:59.616442,RMD,279.32,27.22,0.33,0.12,7.33,7.33,ADX ≥ 20.0;MACD 🚀;RSI 📈;Price > SMA20
2025-08-07T19:46:01.129586,ROK,331.90,41.38,0.49,0.15,-9.93,-9.93,ADX ≥ 20.0;MACD 🚀;RSI 📈;Price > SMA20
2025-08-07T19:46:04.020923,ROP,536.67,27.44,0.49,0.09,-17.08,-17.08,ADX ≥ 20.0;MACD 🚀;Price > SMA20
2025-08-07T19:46:09.182975,STX,147.49,27.05,0.23,0.16,-4.21,-4.21,ADX ≥ 20.0;MACD 🚀;Price > SMA20
2025-08-07T19:46:10.355578,SRE,83.14,22.87,0.16,0.19,-7.24,-7.24,ADX ≥ 20.0;MACD 🚀;RSI 📈;Price > SMA20
2025-08-07T19:46:15.407522,NOW,872.60,29.15,2.02,0.23,-2.18,-2.18,ADX ≥ 20.0;MACD 🚀;RSI 📈;ATR14 ≥ 2.0;Price > SMA20
2025-08-07T19:46:16.746220,SHW,350.92,27.82,0.39,0.11,-14.83,-14.83,ADX ≥ 20.0;MACD 🚀;Price > SMA20
2025-08-07T19:46:18.729091,SPG,165.81,27.85,0.21,0.13,1.41,1.41,ADX ≥ 20.0;MACD 🚀;Price > SMA20
2025-08-07T19:46:19.635568,SWKS,68.29,34.14,0.14,0.20,2.35,2.35,ADX ≥ 20.0;MACD 🚀;RSI 📈;Price > SMA20
2025-08-07T19:46:25.705881,SOLV,72.14,24.81,0.11,0.15,-7.06,-7.06,ADX ≥ 20.0;MACD 🚀;RSI 📈;Price > SMA20
2025-08-07T19:46:32.552537,SYK,376.75,36.15,0.42,0.11,-2.93,-2.93,ADX ≥ 20.0;MACD 🚀;BB breakout;RSI 📈;Price > SMA20
2025-08-07T19:46:34.900073,SYF,68.55,35.45,0.11,0.16,6.09,6.09,ADX ≥ 20.0;MACD 🚀;Price > SMA20
2025-08-07T19:46:39.367922,TMUS,243.11,61.47,0.31,0.13,24.16,24.16,ADX ≥ 20.0;MACD 🚀;BB breakout;RSI 📈;Price > SMA20
2025-08-07T19:46:43.324424,TTWO,225.65,49.66,0.32,0.14,-6.79,-6.79,ADX ≥ 20.0;MACD 🚀;BB breakout;RSI 📈;Price > SMA20
2025-08-07T19:46:45.904286,TGT,105.49,30.17,0.15,0.14,4.20,4.20,ADX ≥ 20.0;MACD 🚀;Price > SMA20
2025-08-07T19:46:47.896750,TDY,548.57,31.20,0.42,0.08,-45.84,-45.84,ADX ≥ 20.0;MACD 🚀;BB breakout;RSI 📈;Price > SMA20
2025-08-07T19:46:48.977773,TER,106.06,31.42,0.24,0.22,-6.22,-6.22,ADX ≥ 20.0;MACD 🚀;Price > SMA20
2025-08-07T19:46:52.169020,TSLA,320.57,31.28,0.67,0.21,-10.58,-10.58,ADX ≥ 20.0;MACD 🚀;BB breakout;RSI 📈;Price > SMA20
2025-08-07T19:46:54.314623,TXN,186.00,35.00,0.28,0.15,-13.10,-13.10,ADX ≥ 20.0;MACD 🚀;RSI 📈;Price > SMA20
2025-08-07T19:46:56.008567,TXT,77.27,24.89,0.10,0.12,-8.24,-8.24,ADX ≥ 20.0;MACD 🚀;BB breakout;RSI 📈;Price > SMA20
2025-08-07T19:46:57.961077,TMO,455.32,22.74,0.56,0.12,7.17,7.17,ADX ≥ 20.0;MACD 🚀;Price > SMA20
2025-08-07T19:47:00.257275,TJX,131.57,31.12,0.11,0.08,-3.12,-3.12,ADX ≥ 20.0;MACD 🚀;RSI 📈;Price > SMA20
2025-08-07T19:47:03.383396,TKO,161.50,53.01,0.37,0.23,-6.42,-6.42,ADX ≥ 20.0;MACD 🚀;BB breakout;RSI 📈;Price > SMA20
2025-08-07T19:47:09.555396,TT,428.44,21.86,0.49,0.11,-2.43,-2.43,ADX ≥ 20.0;MACD 🚀;Price > SMA20
2025-08-07T19:47:10.494612,TDG,1422.47,44.15,1.63,0.11,-2.19,-2.19,ADX ≥ 20.0;MACD 🚀;RSI 📈;Price > SMA20
2025-08-07T19:47:14.559809,TRV,265.44,32.42,0.29,0.11,-14.43,-14.43,ADX ≥ 20.0;MACD 🚀;BB breakout;RSI 📈;Price > SMA20
2025-08-07T19:47:16.595404,TFC,42.80,22.30,0.05,0.12,6.67,6.67,ADX ≥ 20.0;MACD 🚀;Price > SMA20
2025-08-07T19:47:17.590873,TYL,599.50,26.21,0.86,0.14,-12.61,-12.61,ADX ≥ 20.0;MACD 🚀;BB breakout;RSI 📈;Price > SMA20
2025-08-07T19:47:18.566950,TSN,56.28,34.72,0.06,0.11,12.93,12.93,ADX ≥ 20.0;MACD 🚀;BB breakout;RSI 📈;Price > SMA20
2025-08-07T19:47:21.030110,UBER,92.36,46.49,0.23,0.25,16.29,16.29,ADX ≥ 20.0;MACD 🚀;RSI 📈;Price > SMA20
2025-08-07T19:47:32.142279,UNH,243.73,37.45,0.40,0.16,6.66,6.66,ADX ≥ 20.0;MACD 🚀;Price > SMA20
2025-08-07T19:47:32.924522,UHS,169.00,52.80,0.27,0.16,13.96,13.96,ADX ≥ 20.0;MACD 🚀;RSI 📈;Price > SMA20
2025-08-07T19:47:34.485426,VTR,68.92,20.52,0.09,0.13,19.83,19.83,ADX ≥ 20.0;MACD 🚀;Price > SMA20
2025-08-07T19:47:37.593935,VRSN,273.75,51.56,0.29,0.11,5.00,5.00,ADX ≥ 20.0;MACD 🚀;RSI 📈;Price > SMA20
2025-08-07T19:47:40.452604,VZ,43.01,42.58,0.04,0.09,-17.91,-17.91,ADX ≥ 20.0;MACD 🚀;BB breakout;RSI 📈;Price > SMA20
2025-08-07T19:47:44.956855,VMC,281.77,26.03,0.41,0.15,2.62,2.62,ADX ≥ 20.0;MACD 🚀;Price > SMA20
2025-08-07T19:47:51.903985,WMT,102.95,23.54,0.08,0.08,-1.71,-1.71,ADX ≥ 20.0;MACD 🚀;BB breakout;RSI 📈;Price > SMA20
2025-08-07T19:47:52.600065,DIS,112.91,51.44,0.16,0.14,15.26,15.26,ADX ≥ 20.0;MACD 🚀;RSI 📈;Price > SMA20
2025-08-07T19:47:53.932317,WM,233.16,23.51,0.20,0.08,-1.23,-1.23,ADX ≥ 20.0;MACD 🚀;RSI 📈;Price > SMA20
2025-08-07T19:48:05.874092,WFC,77.11,21.05,0.08,0.11,0.41,0.41,ADX ≥ 20.0;MACD 🚀;Price > SMA20
2025-08-07T19:48:08.613029,WST,240.35,26.49,0.46,0.19,-4.87,-4.87,ADX ≥ 20.0;MACD 🚀;BB breakout;RSI 📈;Price > SMA20
2025-08-07T19:48:17.663003,WTW,325.61,38.96,0.27,0.08,29.31,29.31,ADX ≥ 20.0;MACD 🚀;RSI 📈;Price > SMA20
2025-08-07T19:48:18.637793,WDAY,221.41,25.17,0.53,0.24,-8.71,-8.71,ADX ≥ 20.0;MACD 🚀;BB breakout;RSI 📈;Price > SMA20
2025-08-07T19:48:23.746438,XYL,143.26,40.67,0.18,0.13,2.70,2.70,ADX ≥ 20.0;MACD 🚀;BB breakout;Price > SMA20
2025-08-07T19:48:24.607789,YUM,142.28,26.51,0.15,0.11,3.75,3.75,ADX ≥ 20.0;MACD 🚀;Price > SMA20
2025-08-07T19:48:39.016704,MMM,151.59,32.74,0.20,0.13,-0.74,-0.74,ADX ≥ 20.0;MACD 🚀;Price > SMA20
2025-08-07T19:48:46.275708,ABBV,198.78,31.90,0.28,0.14,1.54,1.54,ADX ≥ 20.0;MACD 🚀;Price > SMA20
2025-08-07T19:48:47.066157,ACN,241.82,29.83,0.37,0.15,-6.42,-6.42,ADX ≥ 20.0;MACD 🚀;BB breakout;RSI 📈;Price > SMA20
2025-08-07T19:48:51.533793,ADBE,337.26,65.66,0.73,0.22,3.70,3.70,ADX ≥ 20.0;MACD 🚀;BB breakout;RSI 📈;Price > SMA20
2025-08-07T19:48:55.776488,AMD,172.03,26.15,0.50,0.29,-10.48,-10.48,ADX ≥ 20.0;MACD 🚀;Price > SMA20
2025-08-07T19:48:57.168123,AFL,102.07,21.39,0.13,0.12,10.18,10.18,ADX ≥ 20.0;MACD 🚀;Price > SMA20
2025-08-07T19:49:00.091241,ABNB,119.47,39.23,0.36,0.30,1.41,1.41,ADX ≥ 20.0;MACD 🚀;BB breakout;RSI 📈;Price > SMA20
2025-08-07T19:49:00.985199,AKAM,74.77,56.95,0.18,0.24,9.12,9.12,ADX ≥ 20.0;MACD 🚀;BB breakout;RSI 📈;Price > SMA20
2025-08-07T19:49:03.539981,ALGN,138.40,62.91,0.31,0.23,7.34,7.34,ADX ≥ 20.0;MACD 🚀;Price > SMA20
2025-08-07T19:49:06.835314,GOOGL,195.87,39.95,0.25,0.13,-5.64,-5.64,ADX ≥ 20.0;MACD 🚀;RSI 📈;Price > SMA20
2025-08-07T19:49:07.724739,GOOG,196.64,36.05,0.25,0.12,-6.92,-6.92,ADX ≥ 20.0;MACD 🚀;RSI 📈;Price > SMA20
2025-08-07T19:49:09.570870,AMZN,221.77,23.23,0.27,0.12,-17.90,-17.90,ADX ≥ 20.0;MACD 🚀;BB breakout;RSI 📈;Price > SMA20
2025-08-07T19:49:10.429120,AMCR,9.65,31.80,0.01,0.14,-5.08,-5.08,ADX ≥ 20.0;MACD 🚀;RSI 📈;Price > SMA20
2025-08-07T19:49:11.335506,AEE,102.60,20.73,0.09,0.09,-10.30,-10.30,ADX ≥ 20.0;MACD 🚀;RSI 📈;Price > SMA20
2025-08-07T19:49:12.946787,AXP,294.86,39.60,0.41,0.14,-2.79,-2.79,ADX ≥ 20.0;MACD 🚀;BB breakout;RSI 📈;Price > SMA20
2025-08-07T19:49:18.104663,APH,108.57,28.66,0.15,0.14,4.30,4.30,ADX ≥ 20.0;MACD 🚀;Price > SMA20
2025-08-07T19:49:22.104029,AON,364.55,52.27,0.37,0.10,-0.28,-0.28,ADX ≥ 20.0;MACD 🚀;BB breakout;RSI 📈;Price > SMA20
2025-08-07T19:49:29.499023,AAPL,220.00,26.36,0.41,0.19,-2.60,-2.60,ADX ≥ 20.0;MACD 🚀;Price > SMA20
2025-08-07T19:49:30.440563,AMAT,182.87,29.09,0.30,0.16,-4.60,-4.60,ADX ≥ 20.0;MACD 🚀;Price > SMA20
2025-08-07T19:49:31.363407,APTV,65.86,33.53,0.08,0.11,-1.80,-1.80,ADX ≥ 20.0;MACD 🚀;BB breakout;RSI 📈;Price > SMA20
2025-08-07T19:49:32.254068,ACGL,88.87,46.68,0.09,0.10,12.84,12.84,ADX ≥ 20.0;MACD 🚀;Price > SMA20
2025-08-07T19:49:35.973625,AJG,289.90,44.76,0.43,0.15,4.37,4.37,ADX ≥ 20.0;MACD 🚀;BB breakout;RSI 📈;Price > SMA20
2025-08-07T19:49:36.871311,AIZ,201.94,33.90,0.30,0.15,-1.28,-1.28,ADX ≥ 20.0;MACD 🚀;BB breakout;RSI 📈;Price > SMA20
2025-08-07T19:49:39.236784,ADSK,292.57,30.90,0.56,0.19,-10.13,-10.13,ADX ≥ 20.0;MACD 🚀;BB breakout;RSI 📈;Price > SMA20
2025-08-07T19:49:40.154179,ADP,303.48,27.70,0.29,0.10,8.75,8.75,ADX ≥ 20.0;MACD 🚀;BB breakout;RSI 📈;Price > SMA20
2025-08-07T19:49:41.078179,AZO,4051.61,32.23,8.85,0.22,-14.71,-14.71,ADX ≥ 20.0;MACD 🚀;ATR14 ≥ 2.0;Price > SMA20
2025-08-07T19:49:42.714900,AVY,170.72,38.39,0.20,0.11,-23.02,-23.02,ADX ≥ 20.0;MACD 🚀;BB breakout;RSI 📈;Price > SMA20
2025-08-07T19:49:43.626392,AXON,867.87,31.44,1.78,0.21,22.09,22.09,ADX ≥ 20.0;MACD 🚀;Price > SMA20
2025-08-07T19:49:51.311644,BDX,187.41,26.72,0.39,0.21,15.60,15.60,ADX ≥ 20.0;MACD 🚀;Price > SMA20
2025-08-07T19:49:52.101224,BRK-B,0.00,39.81,0.54,inf,13.62,13.62,ADX ≥ 20.0;MACD 🚀;ATR % ≥ 0.5%
2025-08-07T19:49:53.112740,BBY,67.55,32.76,0.09,0.13,23.86,23.86,ADX ≥ 20.0;MACD 🚀;RSI 📈;Price > SMA20
2025-08-07T19:49:57.423995,BK,102.19,45.43,0.11,0.11,9.56,9.56,ADX ≥ 20.0;MACD 🚀;RSI 📈;Price > SMA20
2025-08-07T19:49:59.702997,BSX,102.61,34.67,0.13,0.12,-2.03,-2.03,ADX ≥ 20.0;MACD 🚀;RSI 📈;Price > SMA20
2025-08-07T19:50:01.020887,AVGO,302.82,25.14,0.59,0.20,-4.06,-4.06,ADX ≥ 20.0;MACD 🚀;BB breakout;RSI 📈;Price > SMA20
2025-08-07T19:50:03.659349,BRO,93.03,46.87,0.15,0.16,14.16,14.16,ADX ≥ 20.0;MACD 🚀;RSI 📈;Price > SMA20
2025-08-07T19:50:04.442853,BF-B,0.00,27.12,0.05,inf,-7.71,-7.71,ADX ≥ 20.0;MACD 🚀;ATR % ≥ 0.5%
2025-08-07T19:50:08.384515,BXP,65.74,41.55,0.10,0.15,-15.25,-15.25,ADX ≥ 20.0;MACD 🚀;Price > SMA20
2025-08-07T19:50:09.895404,CDNS,353.24,26.81,0.58,0.16,12.76,12.76,ADX ≥ 20.0;MACD 🚀;BB breakout;RSI 📈;Price > SMA20
2025-08-07T19:50:10.716138,CZR,24.20,24.27,0.07,0.31,12.76,12.76,ADX ≥ 20.0;MACD 🚀;Price > SMA20
2025-08-07T19:50:14.840592,CPB,32.92,28.68,0.05,0.15,11.06,11.06,ADX ≥ 20.0;MACD 🚀;Price > SMA20
2025-08-07T19:50:15.629810,COF,207.97,35.07,0.32,0.15,-1.71,-1.71,ADX ≥ 20.0;MACD 🚀;RSI 📈;Price > SMA20
2025-08-07T19:50:17.183022,KMX,55.33,20.47,0.07,0.13,-1.81,-1.81,ADX ≥ 20.0;MACD 🚀;Price > SMA20
2025-08-07T19:50:18.699845,CARR,66.58,26.83,0.08,0.12,-16.20,-16.20,ADX ≥ 20.0;MACD 🚀;Price > SMA20
2025-08-07T19:50:23.156229,CDW,162.18,23.09,0.31,0.19,15.25,15.25,ADX ≥ 20.0;MACD 🚀;Price > SMA20
2025-08-07T19:50:32.453595,CRL,150.20,20.95,0.34,0.22,-7.12,-7.12,ADX ≥ 20.0;MACD 🚀;Price > SMA20
2025-08-07T19:50:33.413225,SCHW,95.83,31.96,0.11,0.11,-8.42,-8.42,ADX ≥ 20.0;MACD 🚀;Price > SMA20
2025-08-07T19:50:36.923079,CMG,42.62,29.76,0.05,0.13,-4.21,-4.21,ADX ≥ 20.0;MACD 🚀;BB breakout;Price > SMA20
2025-08-07T19:50:40.316158,CI,270.15,25.64,0.55,0.20,-29.95,-29.95,ADX ≥ 20.0;MACD 🚀;Price > SMA20
2025-08-07T19:50:42.771593,CSCO,69.81,22.52,0.07,0.10,0.00,0.00,ADX ≥ 20.0;MACD 🚀;BB breakout;RSI 📈;Price > SMA20
2025-08-07T19:50:47.301618,KO,70.53,24.70,0.07,0.10,-19.31,-19.31,ADX ≥ 20.0;MACD 🚀;BB breakout;RSI 📈;Price > SMA20
2025-08-07T19:50:52.027376,COIN,310.76,30.76,0.95,0.30,-6.52,-6.52,ADX ≥ 20.0;MACD 🚀;BB breakout;RSI 📈;Price > SMA20
2025-08-07T19:50:52.864259,CL,84.69,30.58,0.10,0.12,-18.40,-18.40,ADX ≥ 20.0;MACD 🚀;Price > SMA20
2025-08-07T19:50:57.940670,STZ,173.50,34.06,0.21,0.12,-13.12,-13.12,ADX ≥ 20.0;MACD 🚀;Price > SMA20
2025-08-07T19:51:07.572205,COST,977.31,50.03,0.96,0.10,26.64,26.64,ADX ≥ 20.0;MACD 🚀;BB breakout;Price > SMA20
2025-08-07T19:51:08.969317,CRWD,429.53,38.01,1.14,0.27,-16.12,-16.12,ADX ≥ 20.0;MACD 🚀;BB breakout;RSI 📈;Price > SMA20
2025-08-07T19:51:11.985847,CVS,63.44,31.50,0.09,0.15,-12.97,-12.97,ADX ≥ 20.0;MACD 🚀;RSI 📈;Price > SMA20
2025-08-07T19:51:12.764501,DHR,198.33,21.63,0.35,0.18,11.65,11.65,ADX ≥ 20.0;MACD 🚀;Price > SMA20
2025-08-07T19:51:16.273835,DAY,52.73,62.24,0.15,0.29,-11.03,-11.03,ADX ≥ 20.0;MACD 🚀;BB breakout;RSI 📈;Price > SMA20
2025-08-07T19:51:17.090709,DECK,101.83,30.25,0.17,0.17,7.14,7.14,ADX ≥ 20.0;MACD 🚀;BB breakout;RSI 📈;Price > SMA20
2025-08-07T19:51:22.647415,DXCM,76.23,21.26,0.14,0.19,14.20,14.20,ADX ≥ 20.0;MACD 🚀;BB breakout;RSI 📈;Price > SMA20
2025-08-07T19:51:24.819297,DG,115.33,38.94,0.12,0.10,-6.02,-6.02,ADX ≥ 20.0;MACD 🚀;RSI 📈;Price > SMA20
2025-08-07T19:51:28.239786,DASH,271.88,32.19,0.89,0.33,-6.64,-6.64,ADX ≥ 20.0;MACD 🚀;BB breakout;RSI 📈;Price > SMA20
2025-08-07T19:51:37.773556,EBAY,92.81,34.57,0.12,0.13,-2.39,-2.39,ADX ≥ 20.0;MACD 🚀;RSI 📈;Price > SMA20
2025-08-07T19:51:42.162774,EA,162.57,42.06,0.20,0.13,-17.23,-17.23,ADX ≥ 20.0;MACD 🚀;RSI 📈;Price > SMA20
2025-08-07T19:51:43.035666,ELV,284.07,38.32,0.51,0.18,23.57,23.57,ADX ≥ 20.0;MACD 🚀;RSI 📈;Price > SMA20
2025-08-07T19:51:47.727821,EPAM,158.60,25.77,0.69,0.44,30.38,30.38,ADX ≥ 20.0;MACD 🚀;RSI 📈;Price > SMA20
2025-08-07T19:51:49.518952,EFX,241.05,41.79,0.31,0.13,22.24,22.24,ADX ≥ 20.0;MACD 🚀;Price > SMA20
2025-08-07T19:51:55.967965,EXC,45.55,26.46,0.06,0.14,16.84,16.84,ADX ≥ 20.0;MACD 🚀;Price > SMA20
2025-08-07T19:51:58.399610,EXPE,187.23,75.46,0.54,0.29,2.28,2.28,ADX ≥ 20.0;MACD 🚀;RSI 📈;Price > SMA20
2025-08-07T19:52:02.830404,FDS,385.85,40.67,0.43,0.11,-26.34,-26.34,ADX ≥ 20.0;MACD 🚀;Price > SMA20
2025-08-07T19:52:10.967052,F,11.27,60.67,0.02,0.19,24.43,24.43,ADX ≥ 20.0;MACD 🚀;RSI 📈;Price > SMA20
2025-08-07T19:52:11.715709,FTNT,74.46,57.58,0.41,0.55,14.67,14.67,ADX ≥ 20.0;MACD 🚀;RSI 📈;ATR % ≥ 0.5%;Price > SMA20
2025-08-07T19:52:17.510396,GRMN,228.49,39.62,0.24,0.11,-5.72,-5.72,ADX ≥ 20.0;MACD 🚀;BB breakout;RSI 📈;Price > SMA20
2025-08-07T19:52:19.587753,GE,271.67,29.10,0.32,0.12,2.81,2.81,ADX ≥ 20.0;MACD 🚀;BB breakout;RSI 📈;Price > SMA20
2025-08-07T19:52:20.311874,GEHC,71.14,30.79,0.12,0.17,9.84,9.84,ADX ≥ 20.0;MACD 🚀;RSI 📈;Price > SMA20
2025-08-07T19:52:22.780056,GEN,28.25,63.18,0.06,0.20,8.96,8.96,ADX ≥ 20.0;MACD 🚀;BB breakout;RSI 📈;Price > SMA20
2025-08-07T19:52:27.067555,GPC,133.81,44.81,0.14,0.10,2.43,2.43,ADX ≥ 20.0;MACD 🚀;BB breakout;RSI 📈;Price > SMA20
2025-08-07T19:52:29.083538,GILD,110.11,25.59,0.17,0.16,17.26,17.26,ADX ≥ 20.0;MACD 🚀;Price > SMA20
2025-08-07T19:52:32.308525,GDDY,149.98,24.36,0.43,0.29,23.06,23.06,ADX ≥ 20.0;MACD 🚀;BB breakout;RSI 📈;Price > SMA20
2025-08-07T19:52:35.910410,HCA,372.65,53.93,0.38,0.10,0.48,0.48,ADX ≥ 20.0;MACD 🚀;RSI 📈;Price > SMA20
2025-08-07T19:52:39.369805,HPE,20.44,71.32,0.04,0.22,39.66,39.66,ADX ≥ 20.0;MACD 🚀;Price > SMA20
2025-08-07T19:52:40.166141,HLT,261.11,46.23,0.28,0.11,5.21,5.21,ADX ≥ 20.0;MACD 🚀;RSI 📈;Price > SMA20
2025-08-07T19:52:43.048934,HD,385.25,49.12,0.44,0.12,24.35,24.35,ADX ≥ 20.0;MACD 🚀;BB breakout;Price > SMA20
2025-08-07T19:52:46.246830,HON,216.31,38.47,0.23,0.11,5.72,5.72,ADX ≥ 20.0;MACD 🚀;Price > SMA20
2025-08-07T19:52:50.176038,HWM,181.26,23.46,0.28,0.15,3.12,3.12,ADX ≥ 20.0;MACD 🚀;BB breakout;RSI 📈;Price > SMA20
2025-08-07T19:52:53.414652,HUM,255.32,40.63,0.50,0.19,0.89,0.89,ADX ≥ 20.0;MACD 🚀;RSI 📈;Price > SMA20
2025-08-07T19:52:55.282640,HII,265.56,30.51,0.27,0.10,6.06,6.06,ADX ≥ 20.0;MACD 🚀;RSI 📈;Price > SMA20
2025-08-07T19:53:00.036817,IDXX,648.13,20.38,1.11,0.17,-4.70,-4.70,ADX ≥ 20.0;MACD 🚀;RSI 📈;Price > SMA20
2025-08-07T19:53:03.331927,INCY,77.99,54.06,0.10,0.13,16.83,16.83,ADX ≥ 20.0;MACD 🚀;BB breakout;RSI 📈;Price > SMA20
2025-08-07T19:53:05.178924,PODD,303.10,34.39,1.41,0.47,27.37,27.37,ADX ≥ 20.0;MACD 🚀;BB breakout;RSI 📈;Price > SMA20
2025-08-07T19:53:07.893084,IP,48.09,34.40,0.09,0.18,0.71,0.71,ADX ≥ 20.0;MACD 🚀;Price > SMA20
2025-08-07T19:53:09.431030,INTU,761.98,41.44,1.35,0.18,-36.97,-36.97,ADX ≥ 20.0;MACD 🚀;BB breakout;RSI 📈;Price > SMA20
2025-08-07T19:53:10.541338,ISRG,468.38,33.61,0.62,0.13,-6.24,-6.24,ADX ≥ 20.0;MACD 🚀;RSI 📈;Price > SMA20
2025-08-07T19:53:16.765774,JBL,220.33,42.84,0.46,0.21,4.58,4.58,ADX ≥ 20.0;MACD 🚀;Price > SMA20
2025-08-07T19:53:19.247558,JNJ,171.09,20.57,0.23,0.13,23.93,23.93,ADX ≥ 20.0;MACD 🚀;Price > SMA20
2025-08-07T19:53:22.021848,K,80.03,34.45,0.02,0.02,18.06,18.06,ADX ≥ 20.0;MACD 🚀;Price > SMA20
2025-08-07T19:53:25.356456,KEYS,161.04,28.52,0.18,0.11,19.59,19.59,ADX ≥ 20.0;MACD 🚀;Price > SMA20
2025-08-07T19:53:45.998175,LYV,148.41,24.21,0.32,0.21,-20.22,-20.22,ADX ≥ 20.0;MACD 🚀;BB breakout;RSI 📈;Price > SMA20
2025-08-07T19:53:47.258859,LMT,430.44,25.00,0.43,0.10,25.80,25.80,ADX ≥ 20.0;MACD 🚀;Price > SMA20
2025-08-07T19:53:54.323333,MKTX,184.85,21.02,0.46,0.25,21.91,21.91,ADX ≥ 20.0;MACD 🚀;BB breakout;RSI 📈;Price > SMA20
2025-08-07T19:53:55.016573,MAR,261.47,34.79,0.37,0.14,-4.56,-4.56,ADX ≥ 20.0;MACD 🚀;RSI 📈;Price > SMA20
2025-08-07T19:53:57.914610,MLM,599.59,23.27,1.71,0.29,16.73,16.73,ADX ≥ 20.0;MACD 🚀;Price > SMA20
2025-08-07T19:54:02.175402,MTCH,36.44,44.49,0.08,0.21,18.87,18.87,ADX ≥ 20.0;MACD 🚀;BB breakout;RSI 📈;Price > SMA20
2025-08-07T19:54:03.669718,MCD,307.29,67.87,0.46,0.15,5.80,5.80,ADX ≥ 20.0;MACD 🚀;RSI 📈;Price > SMA20
2025-08-07T19:54:06.284765,META,762.65,29.89,1.08,0.14,-15.58,-15.58,ADX ≥ 20.0;MACD 🚀;Price > SMA20
2025-08-07T19:54:07.097047,MET,73.58,39.87,0.13,0.17,-11.95,-11.95,ADX ≥ 20.0;MACD 🚀;Price > SMA20
2025-08-07T19:54:10.668818,MTD,1232.89,37.57,2.50,0.20,-14.41,-14.41,ADX ≥ 20.0;MACD 🚀;ATR14 ≥ 2.0;Price > SMA20
2025-08-07T19:54:11.481611,MGM,34.66,49.97,0.06,0.19,-5.48,-5.48,ADX ≥ 20.0;MACD 🚀;BB breakout;RSI 📈;Price > SMA20
2025-08-07T19:54:13.455608,MSFT,519.74,35.40,0.50,0.10,-21.46,-21.46,ADX ≥ 20.0;MACD 🚀;BB breakout;Price > SMA20
2025-08-07T19:54:17.744051,MPWR,793.32,23.77,2.02,0.26,9.60,9.60,ADX ≥ 20.0;MACD 🚀;ATR14 ≥ 2.0;Price > SMA20
2025-08-07T19:54:18.650702,MNST,60.86,24.43,0.08,0.14,-1.90,-1.90,ADX ≥ 20.0;MACD 🚀;Price > SMA20
2025-08-07T19:54:25.308763,NFLX,1180.00,44.95,1.40,0.12,11.49,11.49,ADX ≥ 20.0;MACD 🚀;BB breakout;RSI 📈;Price > SMA20
2025-08-07T19:54:30.603608,NWS,33.65,25.21,0.05,0.16,0.95,0.95,ADX ≥ 20.0;MACD 🚀;Price > SMA20
2025-08-07T19:54:37.019252,NOC,587.09,32.98,0.57,0.10,7.04,7.04,ADX ≥ 20.0;MACD 🚀;RSI 📈;Price > SMA20
2025-08-07T19:54:40.725940,NVR,7827.28,28.42,7.35,0.09,0.84,0.84,ADX ≥ 20.0;MACD 🚀;ATR14 ≥ 2.0
2025-08-07T19:54:42.236408,ORLY,103.52,37.51,0.14,0.13,56.36,56.36,ADX ≥ 20.0;MACD 🚀;Price > SMA20
2025-08-07T19:54:54.650250,PLTR,181.79,40.48,0.60,0.33,-1.46,-1.46,ADX ≥ 20.0;MACD 🚀;BB breakout;RSI 📈;Price > SMA20
2025-08-07T19:54:55.516430,PANW,167.94,42.73,0.41,0.24,22.37,22.37,ADX ≥ 20.0;MACD 🚀;BB breakout;RSI 📈;Price > SMA20
2025-08-07T19:54:56.475956,PARA,0.00,22.69,0.04,inf,17.64,17.64,ADX ≥ 20.0;MACD 🚀;RSI 📈;ATR % ≥ 0.5%
2025-08-07T19:54:57.850371,PAYX,140.51,30.41,0.15,0.11,5.87,5.87,ADX ≥ 20.0;MACD 🚀;Price > SMA20
2025-08-07T19:55:00.472314,PYPL,68.07,25.55,0.12,0.17,38.84,38.84,ADX ≥ 20.0;MACD 🚀;Price > SMA20
2025-08-07T19:55:21.801737,PWR,387.13,21.73,0.58,0.15,-7.80,-7.80,ADX ≥ 20.0;MACD 🚀;RSI 📈;Price > SMA20
2025-08-07T19:55:23.998724,RL,284.87,26.36,0.93,0.33,13.07,13.07,ADX ≥ 20.0;MACD 🚀;BB breakout;RSI 📈;Price > SMA20
