timestamp,symbol,price,ADX,ATR_val,ATR_pct,SuperTracker_osc,SuperTracker_sig,ADX_req,MACD_up,Super_up,VWAP_plus,BB_breakout,RSI_overbought,Vol_spike,ATR_ge,ATRpct_ge,Range_ge,Gap_ge,Price_gt_SMA,signals
2025-08-11T13:30:02.338892,AOS,70.79,28.98,0.08,0.11,2.18,2.18,1,1,0,0,0,1,0,0,0,0,0,1,ADX>=thresh;MACD_cross_up;RSI_overbought;Price>SMA20
2025-08-11T13:37:19.958349,MMM,154.12,40.40,0.28,0.18,60.16,60.16,1,1,0,0,0,1,0,0,0,0,0,1,ADX>=thresh;MACD_cross_up;RSI_overbought;Price>SMA20
2025-08-11T13:37:20.798128,AOS,71.08,30.55,0.09,0.13,27.11,27.11,1,1,0,0,1,1,0,0,0,0,0,1,ADX>=thresh;MACD_cross_up;BB_breakout;RSI_overbought;Price>SMA20
2025-08-11T13:37:21.904216,ABBV,199.15,27.08,0.36,0.18,59.10,59.10,1,1,0,0,1,1,0,0,0,0,0,1,ADX>=thresh;MACD_cross_up;BB_breakout;RSI_overbought;Price>SMA20
2025-08-11T13:37:24.524545,AFL,104.14,30.25,0.13,0.12,55.55,55.55,1,1,0,0,1,1,0,0,0,0,0,1,ADX>=thresh;MACD_cross_up;BB_breakout;RSI_overbought;Price>SMA20
2025-08-11T13:37:25.218805,A,115.33,39.49,0.20,0.17,53.34,53.34,1,1,0,0,1,1,0,0,0,0,0,1,ADX>=thresh;MACD_cross_up;BB_breakout;RSI_overbought;Price>SMA20
2025-08-11T13:37:26.991649,AKAM,72.31,24.52,0.46,0.63,41.55,41.55,1,1,0,0,1,1,0,0,1,0,0,1,ADX>=thresh;MACD_cross_up;BB_breakout;RSI_overbought;ATR>=pct;Price>SMA20
2025-08-11T13:37:27.630738,ALB,83.22,46.43,1.14,1.37,135.51,135.51,1,1,0,0,1,1,0,0,1,0,0,1,ADX>=thresh;MACD_cross_up;BB_breakout;RSI_overbought;ATR>=pct;Price>SMA20
2025-08-11T13:37:28.883479,ALGN,141.70,34.11,0.53,0.37,99.17,99.17,1,1,0,0,1,1,0,0,0,0,0,1,ADX>=thresh;MACD_cross_up;BB_breakout;RSI_overbought;Price>SMA20
2025-08-11T13:37:32.237915,MO,65.09,20.99,0.12,0.18,97.75,97.75,1,1,0,0,1,1,0,0,0,0,0,1,ADX>=thresh;MACD_cross_up;BB_breakout;RSI_overbought;Price>SMA20
2025-08-11T13:37:33.412139,AMCR,9.75,40.52,0.02,0.20,50.00,50.00,1,1,0,0,1,1,0,0,0,0,0,1,ADX>=thresh;MACD_cross_up;BB_breakout;RSI_overbought;Price>SMA20
2025-08-11T13:37:36.122090,AMT,207.65,45.35,0.37,0.18,78.73,78.73,1,1,0,0,1,1,0,0,0,0,0,1,ADX>=thresh;MACD_cross_up;BB_breakout;RSI_overbought;Price>SMA20
2025-08-11T13:37:36.772056,AWK,146.05,26.02,0.23,0.16,61.92,61.92,1,1,0,0,1,1,0,0,0,0,0,1,ADX>=thresh;MACD_cross_up;BB_breakout;RSI_overbought;Price>SMA20
2025-08-11T13:37:39.588630,AMGN,291.27,25.18,0.62,0.21,76.20,76.20,1,1,0,0,1,1,0,0,0,0,0,1,ADX>=thresh;MACD_cross_up;BB_breakout;RSI_overbought;Price>SMA20
2025-08-11T13:37:40.684579,ADI,226.87,24.54,0.51,0.23,90.69,90.69,1,1,0,0,1,1,0,0,0,0,0,1,ADX>=thresh;MACD_cross_up;BB_breakout;RSI_overbought;Price>SMA20
2025-08-11T13:37:41.767115,AON,367.76,30.54,0.53,0.14,67.80,67.80,1,1,0,0,1,1,0,0,0,0,0,1,ADX>=thresh;MACD_cross_up;BB_breakout;RSI_overbought;Price>SMA20
2025-08-11T13:37:42.539056,APA,20.48,20.09,0.11,0.54,77.08,77.08,1,1,0,0,1,1,0,0,1,0,0,1,ADX>=thresh;MACD_cross_up;BB_breakout;RSI_overbought;ATR>=pct;Price>SMA20
2025-08-11T13:37:43.139583,APO,142.82,60.19,0.33,0.23,46.78,46.78,1,1,0,0,1,1,0,0,0,0,0,1,ADX>=thresh;MACD_cross_up;BB_breakout;RSI_overbought;Price>SMA20
2025-08-11T13:37:44.156275,AMAT,188.70,20.98,0.48,0.26,118.94,118.94,1,1,0,0,1,1,0,0,0,0,0,1,ADX>=thresh;MACD_cross_up;BB_breakout;RSI_overbought;Price>SMA20
2025-08-11T13:37:44.820236,APTV,67.82,32.75,0.20,0.29,95.21,95.21,1,1,0,0,1,1,0,0,0,0,0,1,ADX>=thresh;MACD_cross_up;BB_breakout;RSI_overbought;Price>SMA20
2025-08-11T13:37:45.399153,ACGL,89.12,25.01,0.10,0.11,32.77,32.77,1,1,0,0,1,1,0,0,0,0,0,1,ADX>=thresh;MACD_cross_up;BB_breakout;RSI_overbought;Price>SMA20
2025-08-11T13:37:46.054737,ADM,58.33,22.47,0.15,0.25,81.08,81.08,1,1,0,0,1,1,0,0,0,0,0,1,ADX>=thresh;MACD_cross_up;BB_breakout;RSI_overbought;Price>SMA20
2025-08-11T13:37:46.862581,ANET,139.53,50.51,0.37,0.26,75.10,75.10,1,1,0,0,1,1,0,0,0,0,0,1,ADX>=thresh;MACD_cross_up;BB_breakout;RSI_overbought;Price>SMA20
2025-08-11T13:37:48.736680,T,28.25,23.92,0.04,0.15,52.00,52.00,1,1,0,0,1,1,0,0,0,0,0,1,ADX>=thresh;MACD_cross_up;BB_breakout;RSI_overbought;Price>SMA20
2025-08-11T13:37:50.517793,ADP,306.85,22.79,0.39,0.13,90.98,90.98,1,1,0,0,1,1,0,0,0,0,0,1,ADX>=thresh;MACD_cross_up;BB_breakout;RSI_overbought;Price>SMA20
2025-08-11T13:37:51.251293,AZO,4055.63,25.02,7.03,0.17,38.83,38.83,1,1,0,0,1,0,0,1,0,0,0,1,ADX>=thresh;MACD_cross_up;BB_breakout;ATR>=abs;Price>SMA20
2025-08-11T13:37:53.204539,AVY,171.55,35.11,0.21,0.12,21.18,21.18,1,1,0,0,1,1,0,0,0,0,0,1,ADX>=thresh;MACD_cross_up;BB_breakout;RSI_overbought;Price>SMA20
2025-08-11T13:37:55.303346,BALL,54.40,32.00,0.09,0.16,80.91,80.91,1,1,0,0,1,1,0,0,0,0,0,1,ADX>=thresh;MACD_cross_up;BB_breakout;RSI_overbought;Price>SMA20
2025-08-11T13:37:56.687815,BAX,23.82,25.93,0.09,0.40,37.86,37.86,1,1,0,0,0,1,0,0,0,0,0,1,ADX>=thresh;MACD_cross_up;RSI_overbought;Price>SMA20
2025-08-11T13:37:57.449545,BDX,194.21,60.72,0.36,0.19,55.22,55.22,1,1,0,0,1,1,0,0,0,0,0,1,ADX>=thresh;MACD_cross_up;BB_breakout;RSI_overbought;Price>SMA20
2025-08-11T13:37:58.138640,BRK-B,0.00,20.37,0.68,inf,79.94,79.94,1,1,0,0,0,1,0,0,1,0,0,0,ADX>=thresh;MACD_cross_up;RSI_overbought;ATR>=pct
2025-08-11T13:37:59.276446,BBY,69.92,35.94,0.20,0.29,82.57,82.57,1,1,0,0,1,1,0,0,0,0,0,1,ADX>=thresh;MACD_cross_up;BB_breakout;RSI_overbought;Price>SMA20
2025-08-11T13:38:00.317039,TECH,50.73,66.87,0.28,0.55,98.20,98.20,1,1,0,0,0,0,0,0,1,0,0,1,ADX>=thresh;MACD_cross_up;ATR>=pct;Price>SMA20
2025-08-11T13:38:00.960205,BIIB,133.17,50.86,0.58,0.44,81.93,81.93,1,1,0,0,1,1,0,0,0,0,0,1,ADX>=thresh;MACD_cross_up;BB_breakout;RSI_overbought;Price>SMA20
2025-08-11T13:38:01.635285,BLK,1127.48,29.30,1.56,0.14,51.00,51.00,1,1,0,0,1,1,0,0,0,0,0,1,ADX>=thresh;MACD_cross_up;BB_breakout;RSI_overbought;Price>SMA20
2025-08-11T13:38:02.347470,BX,170.33,55.53,0.36,0.21,60.10,60.10,1,1,0,0,1,1,0,0,0,0,0,1,ADX>=thresh;MACD_cross_up;BB_breakout;RSI_overbought;Price>SMA20
2025-08-11T13:38:05.196180,BMY,46.23,33.89,0.11,0.23,57.15,57.15,1,1,0,0,1,1,0,0,0,0,0,1,ADX>=thresh;MACD_cross_up;BB_breakout;RSI_overbought;Price>SMA20
2025-08-11T13:38:08.296720,BRO,94.19,28.19,0.18,0.19,61.46,61.46,1,1,0,0,1,1,0,0,0,0,0,1,ADX>=thresh;MACD_cross_up;BB_breakout;RSI_overbought;Price>SMA20
2025-08-11T13:38:09.451073,BF-B,0.00,23.57,0.08,inf,76.02,76.02,1,1,0,0,0,1,0,0,1,0,0,0,ADX>=thresh;MACD_cross_up;RSI_overbought;ATR>=pct
2025-08-11T13:38:10.167088,BLDR,133.33,42.10,0.36,0.27,50.35,50.35,1,1,0,0,0,1,0,0,0,0,0,1,ADX>=thresh;MACD_cross_up;RSI_overbought;Price>SMA20
2025-08-11T13:38:10.833554,BG,83.48,27.93,0.16,0.20,59.09,59.09,1,1,0,0,0,1,0,0,0,0,0,1,ADX>=thresh;MACD_cross_up;RSI_overbought;Price>SMA20
2025-08-11T13:38:16.147612,CAH,157.68,24.80,0.27,0.17,80.86,80.86,1,1,0,0,1,1,0,0,0,0,0,1,ADX>=thresh;MACD_cross_up;BB_breakout;RSI_overbought;Price>SMA20
2025-08-11T13:38:16.987123,KMX,56.05,24.69,0.18,0.31,72.18,72.18,1,1,0,0,1,1,0,0,0,0,0,1,ADX>=thresh;MACD_cross_up;BB_breakout;RSI_overbought;Price>SMA20
2025-08-11T13:38:19.174869,CBOE,253.10,29.62,0.45,0.18,52.37,52.37,1,1,0,0,1,1,0,0,0,0,0,1,ADX>=thresh;MACD_cross_up;BB_breakout;RSI_overbought;Price>SMA20
2025-08-11T13:38:20.333611,CDW,164.53,22.16,0.37,0.22,51.61,51.61,1,1,0,0,1,1,0,0,0,0,0,1,ADX>=thresh;MACD_cross_up;BB_breakout;RSI_overbought;Price>SMA20
2025-08-11T13:38:21.442955,CNC,26.00,44.84,0.11,0.42,77.34,77.34,1,1,0,0,1,1,0,0,0,0,0,1,ADX>=thresh;MACD_cross_up;BB_breakout;RSI_overbought;Price>SMA20
2025-08-11T13:38:22.734685,CF,82.84,22.57,0.35,0.42,84.35,84.35,1,1,0,0,1,1,0,0,0,0,0,1,ADX>=thresh;MACD_cross_up;BB_breakout;RSI_overbought;Price>SMA20
2025-08-11T13:38:23.461840,CRL,150.60,28.00,0.42,0.28,84.88,84.88,1,1,0,0,0,1,0,0,0,0,0,1,ADX>=thresh;MACD_cross_up;RSI_overbought;Price>SMA20
2025-08-11T13:38:24.176242,SCHW,97.23,20.94,0.12,0.12,75.10,75.10,1,1,0,0,1,1,0,0,0,0,0,1,ADX>=thresh;MACD_cross_up;BB_breakout;RSI_overbought;Price>SMA20
2025-08-11T13:38:24.786601,CHTR,262.53,52.04,0.80,0.30,77.46,77.46,1,1,0,0,1,1,0,0,0,0,0,1,ADX>=thresh;MACD_cross_up;BB_breakout;RSI_overbought;Price>SMA20
2025-08-11T13:38:25.503451,CVX,155.62,28.42,0.25,0.16,50.12,50.12,1,1,0,0,1,1,0,0,0,0,0,1,ADX>=thresh;MACD_cross_up;BB_breakout;RSI_overbought;Price>SMA20
2025-08-11T13:38:27.760277,CB,272.26,20.85,0.36,0.13,56.18,56.18,1,1,0,0,0,1,0,0,0,0,0,1,ADX>=thresh;MACD_cross_up;RSI_overbought;Price>SMA20
2025-08-11T13:38:29.088902,CI,279.17,27.31,0.65,0.23,87.29,87.29,1,1,0,0,1,1,0,0,0,0,0,1,ADX>=thresh;MACD_cross_up;BB_breakout;RSI_overbought;Price>SMA20
2025-08-11T13:38:30.063960,CINF,150.76,41.80,0.25,0.17,81.10,81.10,1,1,0,0,1,1,0,0,0,0,0,1,ADX>=thresh;MACD_cross_up;BB_breakout;RSI_overbought;Price>SMA20
2025-08-11T13:38:32.201803,C,93.09,23.86,0.19,0.20,51.20,51.20,1,1,0,0,1,0,0,0,0,0,0,1,ADX>=thresh;MACD_cross_up;BB_breakout;Price>SMA20
2025-08-11T13:38:33.813829,CME,283.58,36.48,0.46,0.16,66.90,66.90,1,1,0,0,1,1,0,0,0,0,0,1,ADX>=thresh;MACD_cross_up;BB_breakout;RSI_overbought;Price>SMA20
2025-08-11T13:38:35.799240,CTSH,70.44,25.96,0.15,0.22,78.99,78.99,1,1,0,0,1,1,0,0,0,0,0,1,ADX>=thresh;MACD_cross_up;BB_breakout;RSI_overbought;Price>SMA20
2025-08-11T13:38:36.354814,COIN,323.08,42.66,2.19,0.68,90.76,90.76,1,1,0,0,1,1,0,1,1,0,0,1,ADX>=thresh;MACD_cross_up;BB_breakout;RSI_overbought;ATR>=abs;ATR>=pct;Price>SMA20
2025-08-11T13:38:37.595891,CMCSA,32.07,36.05,0.07,0.21,79.23,79.23,1,1,0,0,1,1,0,0,0,0,0,1,ADX>=thresh;MACD_cross_up;BB_breakout;RSI_overbought;Price>SMA20
2025-08-11T13:38:38.366545,CAG,19.40,23.97,0.05,0.26,77.55,77.55,1,1,0,0,0,1,0,0,0,0,0,1,ADX>=thresh;MACD_cross_up;RSI_overbought;Price>SMA20
2025-08-11T13:38:39.048521,COP,95.36,24.14,0.32,0.33,68.07,68.07,1,1,0,0,1,1,0,0,0,0,0,1,ADX>=thresh;MACD_cross_up;BB_breakout;RSI_overbought;Price>SMA20
2025-08-11T13:38:41.472472,CPRT,46.37,35.52,0.08,0.17,47.45,47.45,1,1,0,0,1,1,0,0,0,0,0,1,ADX>=thresh;MACD_cross_up;BB_breakout;RSI_overbought;Price>SMA20
2025-08-11T13:38:44.732763,CTRA,24.18,26.65,0.05,0.20,47.32,47.32,1,1,0,0,1,1,0,0,0,0,0,1,ADX>=thresh;MACD_cross_up;BB_breakout;RSI_overbought;Price>SMA20
2025-08-11T13:38:45.377668,CRWD,428.69,23.47,1.44,0.33,77.73,77.73,1,1,0,0,1,1,0,0,0,0,0,1,ADX>=thresh;MACD_cross_up;BB_breakout;RSI_overbought;Price>SMA20
2025-08-11T13:38:46.975227,CMI,392.40,22.08,0.89,0.23,102.02,102.02,1,1,0,0,1,1,0,0,0,0,0,1,ADX>=thresh;MACD_cross_up;BB_breakout;RSI_overbought;Price>SMA20
2025-08-11T13:38:47.601456,CVS,66.03,25.79,0.17,0.26,73.49,73.49,1,1,0,0,1,1,0,0,0,0,0,1,ADX>=thresh;MACD_cross_up;BB_breakout;RSI_overbought;Price>SMA20
2025-08-11T13:38:49.866078,DHR,201.85,68.42,0.36,0.18,49.71,49.71,1,1,0,0,1,1,0,0,0,0,0,1,ADX>=thresh;MACD_cross_up;BB_breakout;RSI_overbought;Price>SMA20
2025-08-11T13:38:51.390635,DAY,51.63,21.79,0.14,0.28,27.27,27.27,1,1,0,0,1,1,0,0,0,0,0,1,ADX>=thresh;MACD_cross_up;BB_breakout;RSI_overbought;Price>SMA20
2025-08-11T13:38:52.037326,DECK,101.81,51.73,0.26,0.25,65.27,65.27,1,1,0,0,0,1,0,0,0,0,0,1,ADX>=thresh;MACD_cross_up;RSI_overbought;Price>SMA20
2025-08-11T13:38:52.827006,DE,514.54,24.46,1.02,0.20,71.82,71.82,1,1,0,0,1,1,0,0,0,0,0,1,ADX>=thresh;MACD_cross_up;BB_breakout;RSI_overbought;Price>SMA20
2025-08-11T13:38:53.536111,DELL,138.18,25.50,0.39,0.28,60.02,60.02,1,1,0,0,1,1,0,0,0,0,0,1,ADX>=thresh;MACD_cross_up;BB_breakout;RSI_overbought;Price>SMA20
2025-08-11T13:38:54.891909,DVN,33.49,27.34,0.09,0.26,70.46,70.46,1,1,0,0,1,1,0,0,0,0,0,1,ADX>=thresh;MACD_cross_up;BB_breakout;RSI_overbought;Price>SMA20
2025-08-11T13:38:59.450292,DOV,174.75,42.91,0.26,0.15,82.72,82.72,1,1,0,0,1,1,0,0,0,0,0,1,ADX>=thresh;MACD_cross_up;BB_breakout;RSI_overbought;Price>SMA20
2025-08-11T13:39:00.749050,DHI,157.49,22.47,0.40,0.26,90.86,90.86,1,1,0,0,1,1,0,0,0,0,0,1,ADX>=thresh;MACD_cross_up;BB_breakout;RSI_overbought;Price>SMA20
2025-08-11T13:39:03.040223,EMN,62.20,22.57,0.16,0.26,78.88,78.88,1,1,0,0,0,1,0,0,0,0,0,1,ADX>=thresh;MACD_cross_up;RSI_overbought;Price>SMA20
2025-08-11T13:39:04.102461,EBAY,94.91,22.56,0.25,0.26,126.84,126.84,1,1,0,0,1,1,0,0,0,0,0,1,ADX>=thresh;MACD_cross_up;BB_breakout;RSI_overbought;Price>SMA20
2025-08-11T13:39:04.744734,ECL,273.67,54.33,0.38,0.14,74.96,74.96,1,1,0,0,1,1,0,0,0,0,0,1,ADX>=thresh;MACD_cross_up;BB_breakout;RSI_overbought;Price>SMA20
2025-08-11T13:39:06.149567,EIX,55.00,42.16,0.22,0.40,75.22,75.22,1,1,0,0,1,1,0,0,0,0,0,1,ADX>=thresh;MACD_cross_up;BB_breakout;RSI_overbought;Price>SMA20
2025-08-11T13:39:07.180001,EA,174.31,45.01,0.97,0.56,111.45,111.45,1,1,0,0,1,1,0,0,1,0,0,1,ADX>=thresh;MACD_cross_up;BB_breakout;RSI_overbought;ATR>=pct;Price>SMA20
2025-08-11T13:39:07.815599,ELV,297.07,23.77,0.97,0.33,72.80,72.80,1,1,0,0,0,1,0,0,0,0,0,1,ADX>=thresh;MACD_cross_up;RSI_overbought;Price>SMA20
2025-08-11T13:39:09.835007,EMR,133.22,22.69,0.23,0.17,41.68,41.68,1,1,0,0,1,0,0,0,0,0,0,1,ADX>=thresh;MACD_cross_up;BB_breakout;Price>SMA20
2025-08-11T13:39:10.433743,ENPH,33.78,32.34,0.24,0.72,103.66,103.66,1,1,0,0,1,1,0,0,1,0,0,1,ADX>=thresh;MACD_cross_up;BB_breakout;RSI_overbought;ATR>=pct;Price>SMA20
2025-08-11T13:39:11.765503,EOG,117.76,26.41,0.34,0.29,81.98,81.98,1,1,0,0,1,1,0,0,0,0,0,1,ADX>=thresh;MACD_cross_up;BB_breakout;RSI_overbought;Price>SMA20
2025-08-11T13:39:12.384709,EPAM,164.09,27.67,0.85,0.52,79.05,79.05,1,1,0,0,1,1,0,0,1,0,0,1,ADX>=thresh;MACD_cross_up;BB_breakout;RSI_overbought;ATR>=pct;Price>SMA20
2025-08-11T13:39:13.110329,EQT,51.38,49.22,0.10,0.20,54.44,54.44,1,1,0,0,0,1,0,0,0,0,0,1,ADX>=thresh;MACD_cross_up;RSI_overbought;Price>SMA20
2025-08-11T13:39:16.542993,EL,91.58,30.05,0.26,0.28,56.59,56.59,1,1,0,0,1,1,0,0,0,0,0,1,ADX>=thresh;MACD_cross_up;BB_breakout;RSI_overbought;Price>SMA20
2025-08-11T13:39:18.151487,ES,65.56,32.22,0.13,0.20,84.59,84.59,1,1,0,0,1,1,0,0,0,0,0,1,ADX>=thresh;MACD_cross_up;BB_breakout;RSI_overbought;Price>SMA20
2025-08-11T13:39:19.317477,EXE,99.34,40.11,0.21,0.21,60.36,60.36,1,1,0,0,1,1,0,0,0,0,0,1,ADX>=thresh;MACD_cross_up;BB_breakout;RSI_overbought;Price>SMA20
2025-08-11T13:39:19.923275,EXPE,197.38,31.89,0.97,0.49,53.56,53.56,1,1,0,0,1,1,0,0,0,0,0,1,ADX>=thresh;MACD_cross_up;BB_breakout;RSI_overbought;Price>SMA20
2025-08-11T13:39:21.837885,XOM,107.22,39.65,0.18,0.16,59.17,59.17,1,1,0,0,0,1,0,0,0,0,0,1,ADX>=thresh;MACD_cross_up;RSI_overbought;Price>SMA20
2025-08-11T13:39:23.130951,FDS,384.24,59.15,0.66,0.17,58.71,58.71,1,1,0,0,1,1,0,0,0,0,0,1,ADX>=thresh;MACD_cross_up;BB_breakout;RSI_overbought;Price>SMA20
2025-08-11T13:39:25.321098,FDX,230.71,21.79,0.57,0.25,96.77,96.77,1,1,0,0,1,1,0,0,0,0,0,1,ADX>=thresh;MACD_cross_up;BB_breakout;RSI_overbought;Price>SMA20
2025-08-11T13:39:26.007788,FIS,71.69,46.51,0.19,0.27,71.04,71.04,1,1,0,0,1,1,0,0,0,0,0,1,ADX>=thresh;MACD_cross_up;BB_breakout;RSI_overbought;Price>SMA20
2025-08-11T13:39:27.132756,FSLR,186.40,26.75,0.70,0.38,66.45,66.45,1,1,0,0,1,1,0,0,0,0,0,1,ADX>=thresh;MACD_cross_up;BB_breakout;RSI_overbought;Price>SMA20
2025-08-11T13:39:28.432724,FI,134.83,45.33,0.35,0.26,98.91,98.91,1,1,0,0,1,1,0,0,0,0,0,1,ADX>=thresh;MACD_cross_up;BB_breakout;RSI_overbought;Price>SMA20
2025-08-11T13:39:29.017756,F,11.52,30.62,0.03,0.26,93.07,93.07,1,1,0,0,1,1,0,0,0,0,0,1,ADX>=thresh;MACD_cross_up;BB_breakout;RSI_overbought;Price>SMA20
2025-08-11T13:39:29.656412,FTNT,75.78,38.01,0.39,0.52,83.28,83.28,1,1,0,0,1,1,0,0,1,0,0,1,ADX>=thresh;MACD_cross_up;BB_breakout;RSI_overbought;ATR>=pct;Price>SMA20
2025-08-11T13:39:30.651436,FOXA,54.50,55.93,0.13,0.25,71.82,71.82,1,1,0,0,1,1,0,0,0,0,0,1,ADX>=thresh;MACD_cross_up;BB_breakout;RSI_overbought;Price>SMA20
2025-08-11T13:39:31.294316,FOX,49.69,57.09,0.11,0.23,62.50,62.50,1,1,0,0,1,1,0,0,0,0,0,1,ADX>=thresh;MACD_cross_up;BB_breakout;RSI_overbought;Price>SMA20
2025-08-11T13:39:31.891769,BEN,25.15,37.30,0.04,0.15,64.76,64.76,1,1,0,0,1,1,0,0,0,0,0,1,ADX>=thresh;MACD_cross_up;BB_breakout;RSI_overbought;Price>SMA20
2025-08-11T13:39:32.577094,FCX,41.98,51.90,0.10,0.25,84.81,84.81,1,1,0,0,1,0,0,0,0,0,0,1,ADX>=thresh;MACD_cross_up;BB_breakout;Price>SMA20
2025-08-11T13:39:34.483283,IT,230.92,25.52,0.88,0.38,73.98,73.98,1,1,0,0,1,1,0,0,0,0,0,1,ADX>=thresh;MACD_cross_up;BB_breakout;RSI_overbought;Price>SMA20
2025-08-11T13:39:35.604555,GEHC,72.58,29.04,0.15,0.21,68.86,68.86,1,1,0,0,1,1,0,0,0,0,0,1,ADX>=thresh;MACD_cross_up;BB_breakout;RSI_overbought;Price>SMA20
2025-08-11T13:39:37.100388,GEN,30.84,69.24,0.13,0.43,61.74,61.74,1,1,0,0,1,1,0,0,0,0,0,1,ADX>=thresh;MACD_cross_up;BB_breakout;RSI_overbought;Price>SMA20
2025-08-11T13:39:37.761280,GNRC,199.66,36.00,0.51,0.25,111.40,111.40,1,1,0,0,1,1,0,0,0,0,0,1,ADX>=thresh;MACD_cross_up;BB_breakout;RSI_overbought;Price>SMA20
2025-08-11T13:39:39.592718,GM,54.70,31.89,0.15,0.27,106.65,106.65,1,1,0,0,1,1,0,0,0,0,0,1,ADX>=thresh;MACD_cross_up;BB_breakout;RSI_overbought;Price>SMA20
2025-08-11T13:39:41.297522,GPN,82.31,48.02,0.26,0.32,64.88,64.88,1,1,0,0,1,1,0,0,0,0,0,1,ADX>=thresh;MACD_cross_up;BB_breakout;RSI_overbought;Price>SMA20
2025-08-11T13:39:44.821020,HCA,384.01,22.25,0.90,0.23,111.09,111.09,1,1,0,0,1,1,0,0,0,0,0,1,ADX>=thresh;MACD_cross_up;BB_breakout;RSI_overbought;Price>SMA20
2025-08-11T13:39:45.485712,DOC,17.05,20.64,0.03,0.17,45.99,45.99,1,1,0,0,1,1,0,0,0,0,0,1,ADX>=thresh;MACD_cross_up;BB_breakout;RSI_overbought;Price>SMA20
2025-08-11T13:39:46.161449,HSIC,66.16,24.17,0.17,0.26,49.12,49.12,1,1,0,0,1,1,0,0,0,0,0,1,ADX>=thresh;MACD_cross_up;BB_breakout;RSI_overbought;Price>SMA20
2025-08-11T13:39:47.569244,HPE,21.00,30.48,0.06,0.26,95.89,95.89,1,1,0,0,1,1,0,0,0,0,0,1,ADX>=thresh;MACD_cross_up;BB_breakout;RSI_overbought;Price>SMA20
2025-08-11T13:39:48.603673,HOLX,68.42,53.67,0.14,0.21,75.02,75.02,1,1,0,0,1,1,0,0,0,0,0,1,ADX>=thresh;MACD_cross_up;BB_breakout;RSI_overbought;Price>SMA20
2025-08-11T13:39:49.233552,HD,390.28,21.46,0.63,0.16,69.97,69.97,1,1,0,0,1,1,0,0,0,0,0,1,ADX>=thresh;MACD_cross_up;BB_breakout;RSI_overbought;Price>SMA20
2025-08-11T13:39:51.809810,HPQ,26.29,39.25,0.07,0.27,75.74,75.74,1,1,0,0,1,1,0,0,0,0,0,1,ADX>=thresh;MACD_cross_up;BB_breakout;RSI_overbought;Price>SMA20
2025-08-11T13:39:52.910349,HUM,269.86,61.91,1.05,0.39,40.31,40.31,1,1,0,0,1,1,0,0,0,0,0,1,ADX>=thresh;MACD_cross_up;BB_breakout;RSI_overbought;Price>SMA20
2025-08-11T13:39:54.208837,HII,268.52,34.11,0.85,0.32,82.50,82.50,1,1,0,0,1,1,0,0,0,0,0,1,ADX>=thresh;MACD_cross_up;BB_breakout;RSI_overbought;Price>SMA20
2025-08-11T13:39:55.490169,IEX,159.31,31.97,0.28,0.18,74.74,74.74,1,1,0,0,1,1,0,0,0,0,0,1,ADX>=thresh;MACD_cross_up;BB_breakout;RSI_overbought;Price>SMA20
2025-08-11T13:39:56.076622,IDXX,662.52,47.12,1.47,0.22,71.23,71.23,1,1,0,0,1,1,0,0,0,0,0,1,ADX>=thresh;MACD_cross_up;BB_breakout;RSI_overbought;Price>SMA20
2025-08-11T13:39:59.000404,INTC,20.93,48.33,0.13,0.62,123.77,123.77,1,1,0,0,1,1,0,0,1,0,0,1,ADX>=thresh;MACD_cross_up;BB_breakout;RSI_overbought;ATR>=pct;Price>SMA20
2025-08-11T13:40:01.037715,IPG,25.33,35.55,0.07,0.28,73.88,73.88,1,1,0,0,1,1,0,0,0,0,0,1,ADX>=thresh;MACD_cross_up;BB_breakout;RSI_overbought;Price>SMA20
2025-08-11T13:40:03.640514,IQV,181.57,55.06,0.40,0.22,80.50,80.50,1,1,0,0,1,1,0,0,0,0,0,1,ADX>=thresh;MACD_cross_up;BB_breakout;RSI_overbought;Price>SMA20
2025-08-11T13:40:05.433003,JBL,226.20,31.32,0.62,0.27,72.39,72.39,1,1,0,0,1,1,0,0,0,0,0,1,ADX>=thresh;MACD_cross_up;BB_breakout;RSI_overbought;Price>SMA20
2025-08-11T13:40:06.737633,J,148.98,31.41,0.25,0.17,66.23,66.23,1,1,0,0,1,1,0,0,0,0,0,1,ADX>=thresh;MACD_cross_up;BB_breakout;RSI_overbought;Price>SMA20
2025-08-11T13:40:07.951493,JCI,105.59,28.59,0.16,0.15,82.73,82.73,1,1,0,0,1,1,0,0,0,0,0,1,ADX>=thresh;MACD_cross_up;BB_breakout;RSI_overbought;Price>SMA20
2025-08-11T13:40:08.663259,JPM,290.17,51.36,0.43,0.15,70.22,70.22,1,1,0,0,1,1,0,0,0,0,0,1,ADX>=thresh;MACD_cross_up;BB_breakout;RSI_overbought;Price>SMA20
2025-08-11T13:40:14.484925,KLAC,928.50,33.17,2.55,0.27,106.01,106.01,1,1,0,0,1,1,0,1,0,0,0,1,ADX>=thresh;MACD_cross_up;BB_breakout;RSI_overbought;ATR>=abs;Price>SMA20
2025-08-11T13:40:16.958108,LH,267.88,24.20,0.48,0.18,60.31,60.31,1,1,0,0,0,1,0,0,0,0,0,1,ADX>=thresh;MACD_cross_up;RSI_overbought;Price>SMA20
2025-08-11T13:40:17.562612,LRCX,103.58,31.33,0.34,0.33,108.65,108.65,1,1,0,0,1,1,0,0,0,0,0,1,ADX>=thresh;MACD_cross_up;BB_breakout;RSI_overbought;Price>SMA20
2025-08-11T13:40:18.170584,LW,52.15,44.12,0.16,0.30,61.59,61.59,1,1,0,0,1,1,0,0,0,0,0,1,ADX>=thresh;MACD_cross_up;BB_breakout;RSI_overbought;Price>SMA20
2025-08-11T13:40:19.755522,LDOS,177.69,22.03,0.40,0.23,83.07,83.07,1,1,0,0,1,1,0,0,0,0,0,1,ADX>=thresh;MACD_cross_up;BB_breakout;RSI_overbought;Price>SMA20
2025-08-11T13:40:20.489042,LEN,122.62,30.08,0.34,0.28,95.41,95.41,1,1,0,0,1,1,0,0,0,0,0,1,ADX>=thresh;MACD_cross_up;BB_breakout;RSI_overbought;Price>SMA20
2025-08-11T13:40:21.689674,LLY,638.18,28.73,2.72,0.43,69.63,69.63,1,1,0,0,1,1,0,1,0,0,0,1,ADX>=thresh;MACD_cross_up;BB_breakout;RSI_overbought;ATR>=abs;Price>SMA20
2025-08-11T13:40:22.841286,LYV,154.37,33.01,0.53,0.34,30.84,30.84,1,1,0,0,1,0,0,0,0,0,0,1,ADX>=thresh;MACD_cross_up;BB_breakout;Price>SMA20
2025-08-11T13:40:25.364220,LOW,242.90,20.67,0.45,0.18,73.10,73.10,1,1,0,0,1,1,0,0,0,0,0,1,ADX>=thresh;MACD_cross_up;BB_breakout;RSI_overbought;Price>SMA20
2025-08-11T13:40:26.300957,LULU,191.81,43.66,0.56,0.29,61.31,61.31,1,1,0,0,1,1,0,0,0,0,0,1,ADX>=thresh;MACD_cross_up;BB_breakout;RSI_overbought;Price>SMA20
2025-08-11T13:40:31.326119,MAS,69.72,40.37,0.13,0.19,80.54,80.54,1,1,0,0,0,1,0,0,0,0,0,1,ADX>=thresh;MACD_cross_up;RSI_overbought;Price>SMA20
2025-08-11T13:40:32.137752,MA,576.27,28.54,0.80,0.14,55.40,55.40,1,1,0,0,0,1,0,0,0,0,0,1,ADX>=thresh;MACD_cross_up;RSI_overbought;Price>SMA20
2025-08-11T13:40:34.437410,MCK,672.08,21.87,1.83,0.27,57.10,57.10,1,1,0,0,0,1,0,0,0,0,0,1,ADX>=thresh;MACD_cross_up;RSI_overbought;Price>SMA20
2025-08-11T13:40:36.392804,META,771.24,23.85,1.21,0.16,68.97,68.97,1,1,0,0,1,1,0,0,0,0,0,1,ADX>=thresh;MACD_cross_up;BB_breakout;RSI_overbought;Price>SMA20
2025-08-11T13:40:38.068152,MTD,1264.80,20.19,2.62,0.21,53.39,53.39,1,1,0,0,1,1,0,1,0,0,0,1,ADX>=thresh;MACD_cross_up;BB_breakout;RSI_overbought;ATR>=abs;Price>SMA20
2025-08-11T13:40:39.192141,MCHP,62.59,33.11,0.30,0.48,39.75,39.75,1,1,0,0,1,0,0,0,0,0,0,1,ADX>=thresh;MACD_cross_up;BB_breakout;Price>SMA20
2025-08-11T13:40:39.815411,MU,123.89,39.67,0.99,0.80,137.88,137.88,1,1,0,0,0,1,0,0,1,0,0,1,ADX>=thresh;MACD_cross_up;RSI_overbought;ATR>=pct;Price>SMA20
2025-08-11T13:40:41.519166,MRNA,26.38,29.30,0.10,0.38,62.23,62.23,1,1,0,0,0,1,0,0,0,0,0,1,ADX>=thresh;MACD_cross_up;RSI_overbought;Price>SMA20
2025-08-11T13:40:44.216198,MPWR,808.04,28.40,2.94,0.36,80.98,80.98,1,1,0,0,0,0,0,1,0,0,0,1,ADX>=thresh;MACD_cross_up;ATR>=abs;Price>SMA20
2025-08-11T13:40:45.338787,MCO,517.73,39.88,0.60,0.12,95.83,95.83,1,1,0,0,1,1,0,0,0,0,0,1,ADX>=thresh;MACD_cross_up;BB_breakout;RSI_overbought;Price>SMA20
2025-08-11T13:40:48.169528,NDAQ,97.30,35.39,0.12,0.12,46.15,46.15,1,1,0,0,1,1,0,0,0,0,0,1,ADX>=thresh;MACD_cross_up;BB_breakout;RSI_overbought;Price>SMA20
2025-08-11T13:40:48.815067,NTAP,106.70,25.95,0.25,0.23,87.92,87.92,1,1,0,0,0,1,0,0,0,0,0,1,ADX>=thresh;MACD_cross_up;RSI_overbought;Price>SMA20
2025-08-11T13:40:50.247218,NWSA,28.77,71.83,0.06,0.20,49.81,49.81,1,1,0,0,0,1,0,0,0,0,0,1,ADX>=thresh;MACD_cross_up;RSI_overbought;Price>SMA20
2025-08-11T13:40:50.809099,NWS,33.38,66.44,0.08,0.24,67.93,67.93,1,1,0,0,0,1,0,0,0,0,0,1,ADX>=thresh;MACD_cross_up;RSI_overbought;Price>SMA20
2025-08-11T13:40:52.621810,NI,42.33,44.85,0.08,0.19,61.23,61.23,1,1,0,0,0,1,0,0,0,0,0,1,ADX>=thresh;MACD_cross_up;RSI_overbought;Price>SMA20
2025-08-11T13:40:58.909932,NXPI,210.17,27.90,0.64,0.31,91.86,91.86,1,1,0,0,1,1,0,0,0,0,0,1,ADX>=thresh;MACD_cross_up;BB_breakout;RSI_overbought;Price>SMA20
2025-08-11T13:41:00.465383,ODFL,145.55,45.87,0.34,0.23,37.06,37.06,1,1,0,0,0,1,0,0,0,0,0,1,ADX>=thresh;MACD_cross_up;RSI_overbought;Price>SMA20
2025-08-11T13:41:01.087986,OMC,73.77,34.18,0.26,0.36,105.06,105.06,1,1,0,0,1,0,0,0,0,0,0,1,ADX>=thresh;MACD_cross_up;BB_breakout;Price>SMA20
2025-08-11T13:41:01.794777,ON,48.80,23.98,0.20,0.42,95.25,95.25,1,1,0,0,1,1,0,0,0,0,0,1,ADX>=thresh;MACD_cross_up;BB_breakout;RSI_overbought;Price>SMA20
2025-08-11T13:41:04.612291,PKG,197.50,24.21,0.41,0.21,82.74,82.74,1,1,0,0,1,0,0,0,0,0,0,1,ADX>=thresh;MACD_cross_up;BB_breakout;Price>SMA20
2025-08-11T13:41:05.694858,PANW,169.71,47.01,0.54,0.32,74.09,74.09,1,1,0,0,1,1,0,0,0,0,0,1,ADX>=thresh;MACD_cross_up;BB_breakout;RSI_overbought;Price>SMA20
2025-08-11T13:41:06.303741,PARA,0.00,23.11,0.04,inf,16.08,16.08,1,1,0,0,0,1,0,0,1,0,0,0,ADX>=thresh;MACD_cross_up;RSI_overbought;ATR>=pct
2025-08-11T13:41:08.496588,PYPL,68.28,24.22,0.16,0.23,104.65,104.65,1,1,0,0,0,1,0,0,0,0,0,1,ADX>=thresh;MACD_cross_up;RSI_overbought;Price>SMA20
2025-08-11T13:41:10.604714,PFE,24.86,46.11,0.06,0.24,77.48,77.48,1,1,0,0,0,1,0,0,0,0,0,1,ADX>=thresh;MACD_cross_up;RSI_overbought;Price>SMA20
2025-08-11T13:41:11.297481,PCG,15.14,27.93,0.05,0.32,99.05,99.05,1,1,0,0,0,1,0,0,0,0,0,1,ADX>=thresh;MACD_cross_up;RSI_overbought;Price>SMA20
2025-08-11T13:41:19.450673,PRU,104.28,21.34,0.21,0.20,66.52,66.52,1,1,0,0,1,1,0,0,0,0,0,1,ADX>=thresh;MACD_cross_up;BB_breakout;RSI_overbought;Price>SMA20
2025-08-11T13:41:20.615151,PTC,207.12,54.29,0.42,0.20,80.71,80.71,1,1,0,0,1,1,0,0,0,0,0,1,ADX>=thresh;MACD_cross_up;BB_breakout;RSI_overbought;Price>SMA20
2025-08-11T13:41:22.841823,QCOM,150.57,32.94,0.41,0.27,122.72,122.72,1,1,0,0,0,1,0,0,0,0,0,1,ADX>=thresh;MACD_cross_up;RSI_overbought;Price>SMA20
2025-08-11T13:41:23.478179,DGX,178.12,24.54,0.34,0.19,73.66,73.66,1,1,0,0,0,1,0,0,0,0,0,1,ADX>=thresh;MACD_cross_up;RSI_overbought;Price>SMA20
2025-08-11T13:41:27.799981,RF,25.03,20.38,0.05,0.18,63.56,63.56,1,1,0,0,0,1,0,0,0,0,0,1,ADX>=thresh;MACD_cross_up;RSI_overbought;Price>SMA20
2025-08-11T13:41:29.492494,RVTY,88.08,33.53,0.23,0.26,99.35,99.35,1,1,0,0,0,1,0,0,0,0,0,1,ADX>=thresh;MACD_cross_up;RSI_overbought;Price>SMA20
2025-08-11T13:41:31.602869,ROST,146.11,28.34,0.31,0.21,79.15,79.15,1,1,0,0,0,1,0,0,0,0,0,1,ADX>=thresh;MACD_cross_up;RSI_overbought;Price>SMA20
2025-08-11T13:41:32.882289,SPGI,558.26,50.00,0.77,0.14,98.55,98.55,1,1,0,0,1,0,0,0,0,0,0,1,ADX>=thresh;MACD_cross_up;BB_breakout;Price>SMA20
2025-08-11T13:41:35.723410,STX,153.24,36.86,0.43,0.28,105.20,105.20,1,1,0,0,1,1,0,0,0,0,0,1,ADX>=thresh;MACD_cross_up;BB_breakout;RSI_overbought;Price>SMA20
2025-08-11T13:41:37.032052,NOW,878.54,24.22,3.00,0.34,80.56,80.56,1,1,0,0,1,1,0,1,0,0,0,1,ADX>=thresh;MACD_cross_up;BB_breakout;RSI_overbought;ATR>=abs;Price>SMA20
2025-08-11T13:41:40.597928,SNA,322.59,23.39,0.37,0.11,45.47,45.47,1,1,0,0,1,1,0,0,0,0,0,1,ADX>=thresh;MACD_cross_up;BB_breakout;RSI_overbought;Price>SMA20
2025-08-11T13:41:42.461211,LUV,29.83,48.44,0.08,0.28,73.97,73.97,1,1,0,0,1,0,0,0,0,0,0,1,ADX>=thresh;MACD_cross_up;BB_breakout;Price>SMA20
2025-08-11T13:41:43.132211,SWK,69.92,27.05,0.17,0.25,77.33,77.33,1,1,0,0,0,1,0,0,0,0,0,1,ADX>=thresh;MACD_cross_up;RSI_overbought;Price>SMA20
2025-08-11T13:41:46.133158,SMCI,45.41,20.67,0.23,0.50,52.26,52.26,1,1,0,0,1,1,0,0,0,0,0,1,ADX>=thresh;MACD_cross_up;BB_breakout;RSI_overbought;Price>SMA20
2025-08-11T13:41:46.879066,SYF,69.72,34.88,0.11,0.16,51.56,51.56,1,1,0,0,0,1,0,0,0,0,0,1,ADX>=thresh;MACD_cross_up;RSI_overbought;Price>SMA20
2025-08-11T13:41:49.915569,TTWO,224.26,35.89,1.34,0.60,63.63,63.63,1,1,0,0,1,1,0,0,1,0,0,1,ADX>=thresh;MACD_cross_up;BB_breakout;RSI_overbought;ATR>=pct;Price>SMA20
2025-08-11T13:41:50.516757,TPR,109.45,39.01,0.36,0.33,100.43,100.43,1,1,0,0,1,1,0,0,0,0,0,1,ADX>=thresh;MACD_cross_up;BB_breakout;RSI_overbought;Price>SMA20
2025-08-11T13:41:51.214936,TRGP,167.81,26.54,0.79,0.47,103.95,103.95,1,1,0,0,1,1,0,0,0,0,0,1,ADX>=thresh;MACD_cross_up;BB_breakout;RSI_overbought;Price>SMA20
2025-08-11T13:41:53.291132,TER,108.40,36.16,0.35,0.33,59.76,59.76,1,1,0,0,0,1,0,0,0,0,0,1,ADX>=thresh;MACD_cross_up;RSI_overbought;Price>SMA20
2025-08-11T13:41:53.912233,TSLA,338.77,33.96,1.87,0.55,106.16,106.16,1,1,0,0,0,1,0,0,1,0,0,1,ADX>=thresh;MACD_cross_up;RSI_overbought;ATR>=pct;Price>SMA20
2025-08-11T13:41:55.534625,TXT,77.51,26.39,0.12,0.16,79.25,79.25,1,1,0,0,1,1,0,0,0,0,0,1,ADX>=thresh;MACD_cross_up;BB_breakout;RSI_overbought;Price>SMA20
2025-08-11T13:41:56.199907,TMO,467.16,48.24,1.10,0.24,83.34,83.34,1,1,0,0,1,1,0,0,0,0,0,1,ADX>=thresh;MACD_cross_up;BB_breakout;RSI_overbought;Price>SMA20
2025-08-11T13:41:57.355490,TKO,169.58,21.33,1.46,0.86,146.16,146.16,1,1,0,0,1,1,0,0,1,1,0,1,ADX>=thresh;MACD_cross_up;BB_breakout;RSI_overbought;ATR>=pct;Range>=pct;Price>SMA20
2025-08-11T13:41:59.231200,TDG,1401.41,21.26,5.46,0.39,54.34,54.34,1,1,0,0,0,0,0,1,0,0,0,1,ADX>=thresh;MACD_cross_up;ATR>=abs;Price>SMA20
2025-08-11T13:42:01.069406,TFC,43.30,31.87,0.08,0.19,89.97,89.97,1,1,0,0,0,1,0,0,0,0,0,1,ADX>=thresh;MACD_cross_up;RSI_overbought;Price>SMA20
2025-08-11T13:42:01.784224,TYL,596.58,48.03,0.89,0.15,65.12,65.12,1,1,0,0,0,1,0,0,0,0,0,1,ADX>=thresh;MACD_cross_up;RSI_overbought;Price>SMA20
2025-08-11T13:42:03.080675,USB,45.00,23.38,0.07,0.16,64.21,64.21,1,1,0,0,0,1,0,0,0,0,0,1,ADX>=thresh;MACD_cross_up;RSI_overbought;Price>SMA20
2025-08-11T13:42:06.105193,UAL,90.74,33.37,0.31,0.34,46.76,46.76,1,1,0,0,1,1,0,0,0,0,0,1,ADX>=thresh;MACD_cross_up;BB_breakout;RSI_overbought;Price>SMA20
2025-08-11T13:42:06.820955,UPS,87.74,26.74,0.31,0.36,114.71,114.71,1,1,0,0,0,1,0,0,0,0,0,1,ADX>=thresh;MACD_cross_up;RSI_overbought;Price>SMA20
2025-08-11T13:42:08.429210,UHS,173.63,37.25,0.43,0.25,73.73,73.73,1,1,0,0,0,1,0,0,0,0,0,1,ADX>=thresh;MACD_cross_up;RSI_overbought;Price>SMA20
2025-08-11T13:42:10.514493,VRSN,273.26,24.70,0.44,0.16,68.81,68.81,1,1,0,0,1,1,0,0,0,0,0,1,ADX>=thresh;MACD_cross_up;BB_breakout;RSI_overbought;Price>SMA20
2025-08-11T13:42:11.172390,VRSK,266.48,35.08,0.42,0.16,94.41,94.41,1,1,0,0,1,1,0,0,0,0,0,1,ADX>=thresh;MACD_cross_up;BB_breakout;RSI_overbought;Price>SMA20
2025-08-11T13:42:12.622611,VRTX,371.67,30.77,1.59,0.43,95.61,95.61,1,1,0,0,0,1,0,0,0,0,0,1,ADX>=thresh;MACD_cross_up;RSI_overbought;Price>SMA20
2025-08-11T13:42:13.330039,VTRS,9.99,44.58,0.06,0.63,66.92,66.92,1,1,0,0,0,1,0,0,1,0,0,1,ADX>=thresh;MACD_cross_up;RSI_overbought;ATR>=pct;Price>SMA20
2025-08-11T13:42:14.967860,VST,205.33,45.70,1.02,0.49,74.23,74.23,1,1,0,0,1,1,0,0,0,0,0,1,ADX>=thresh;MACD_cross_up;BB_breakout;RSI_overbought;Price>SMA20
2025-08-11T13:42:17.092825,WAB,192.80,39.44,0.33,0.17,80.66,80.66,1,1,0,0,0,1,0,0,0,0,0,1,ADX>=thresh;MACD_cross_up;RSI_overbought;Price>SMA20
2025-08-11T13:42:17.994857,WBA,11.96,49.21,0.01,0.12,44.75,44.75,1,1,0,0,0,1,0,0,0,0,0,1,ADX>=thresh;MACD_cross_up;RSI_overbought;Price>SMA20
2025-08-11T13:42:19.289217,DIS,112.83,58.79,0.21,0.19,75.18,75.18,1,1,0,0,0,1,0,0,0,0,0,1,ADX>=thresh;MACD_cross_up;RSI_overbought;Price>SMA20
2025-08-11T13:42:21.211376,WAT,282.50,35.89,0.54,0.19,72.36,72.36,1,1,0,0,1,0,0,0,0,0,0,1,ADX>=thresh;MACD_cross_up;BB_breakout;Price>SMA20
2025-08-11T13:42:23.591697,WST,243.38,33.39,0.79,0.32,99.52,99.52,1,1,0,0,0,1,0,0,0,0,0,1,ADX>=thresh;MACD_cross_up;RSI_overbought;Price>SMA20
2025-08-11T13:42:24.247773,WDC,76.24,29.64,0.24,0.32,91.59,91.59,1,1,0,0,0,1,0,0,0,0,0,1,ADX>=thresh;MACD_cross_up;RSI_overbought;Price>SMA20
2025-08-11T13:42:26.383125,WMB,58.33,33.75,0.13,0.22,86.91,86.91,1,1,0,0,1,1,0,0,0,0,0,1,ADX>=thresh;MACD_cross_up;BB_breakout;RSI_overbought;Price>SMA20
2025-08-11T13:42:28.283789,WYNN,107.19,31.91,0.44,0.41,34.24,34.24,1,1,0,0,0,1,0,0,0,0,0,1,ADX>=thresh;MACD_cross_up;RSI_overbought;Price>SMA20
2025-08-11T13:42:37.335207,MMM,154.27,39.98,0.28,0.18,53.46,53.46,1,1,0,0,0,1,0,0,0,0,0,1,ADX>=thresh;MACD_cross_up;RSI_overbought;Price>SMA20
2025-08-11T13:42:38.811551,ABBV,199.31,24.93,0.36,0.18,55.73,55.73,1,1,0,0,1,1,0,0,0,0,0,1,ADX>=thresh;MACD_cross_up;BB_breakout;RSI_overbought;Price>SMA20
2025-08-11T13:42:41.408169,AFL,104.08,29.96,0.13,0.13,65.60,65.60,1,1,0,0,0,1,0,0,0,0,0,1,ADX>=thresh;MACD_cross_up;RSI_overbought;Price>SMA20
2025-08-11T13:42:41.989331,A,115.46,37.30,0.26,0.23,85.02,85.02,1,1,0,0,1,0,0,0,0,0,0,1,ADX>=thresh;MACD_cross_up;BB_breakout;Price>SMA20
2025-08-11T13:42:43.700008,AKAM,72.20,26.69,0.44,0.61,38.12,38.12,1,1,0,0,1,1,0,0,1,0,0,1,ADX>=thresh;MACD_cross_up;BB_breakout;RSI_overbought;ATR>=pct;Price>SMA20
2025-08-11T13:42:44.343247,ALB,82.53,41.77,1.67,2.02,153.84,153.84,1,1,0,0,0,1,0,0,1,1,0,1,ADX>=thresh;MACD_cross_up;RSI_overbought;ATR>=pct;Range>=pct;Price>SMA20
2025-08-11T13:42:45.528311,ALGN,141.15,38.29,0.55,0.39,89.27,89.27,1,1,0,0,0,1,0,0,0,0,0,1,ADX>=thresh;MACD_cross_up;RSI_overbought;Price>SMA20
2025-08-11T13:42:48.792403,MO,64.89,21.20,0.17,0.26,126.69,126.69,1,1,0,0,0,1,0,0,0,0,0,1,ADX>=thresh;MACD_cross_up;RSI_overbought;Price>SMA20
2025-08-11T13:42:51.843284,AIG,78.75,32.59,0.16,0.20,70.50,70.50,1,1,0,0,0,1,0,0,0,0,0,1,ADX>=thresh;MACD_cross_up;RSI_overbought;Price>SMA20
2025-08-11T13:42:54.613120,AMGN,290.93,29.21,0.61,0.21,76.90,76.90,1,1,0,0,0,1,0,0,0,0,0,1,ADX>=thresh;MACD_cross_up;RSI_overbought;Price>SMA20
2025-08-11T13:42:57.349707,ADI,226.43,27.74,0.52,0.23,90.74,90.74,1,1,0,0,0,1,0,0,0,0,0,1,ADX>=thresh;MACD_cross_up;RSI_overbought;Price>SMA20
2025-08-11T13:42:59.084225,APA,20.20,23.24,0.12,0.60,87.23,87.23,1,1,0,0,0,0,0,0,1,0,0,1,ADX>=thresh;MACD_cross_up;ATR>=pct;Price>SMA20
2025-08-11T13:43:00.156635,APO,143.27,57.63,0.36,0.25,66.09,66.09,1,1,0,0,1,1,0,0,0,0,0,1,ADX>=thresh;MACD_cross_up;BB_breakout;RSI_overbought;Price>SMA20
2025-08-11T13:43:01.237215,AMAT,188.86,25.25,0.53,0.28,123.99,123.99,1,1,0,0,1,1,0,0,0,0,0,1,ADX>=thresh;MACD_cross_up;BB_breakout;RSI_overbought;Price>SMA20
2025-08-11T13:43:01.898212,APTV,67.83,30.74,0.27,0.40,121.24,121.24,1,1,0,0,0,1,0,0,0,0,0,1,ADX>=thresh;MACD_cross_up;RSI_overbought;Price>SMA20
2025-08-11T13:43:10.376204,ACGL,89.26,29.02,0.12,0.13,51.84,51.84,1,1,0,0,1,1,0,0,0,0,0,1,ADX>=thresh;MACD_cross_up;BB_breakout;RSI_overbought;Price>SMA20
2025-08-11T13:43:10.923315,ADM,58.34,22.86,0.18,0.31,96.25,96.25,1,1,0,0,1,1,0,0,0,0,0,1,ADX>=thresh;MACD_cross_up;BB_breakout;RSI_overbought;Price>SMA20
2025-08-11T13:43:11.643339,ANET,140.60,50.08,0.47,0.33,92.24,92.24,1,1,0,0,1,1,0,0,0,0,0,1,ADX>=thresh;MACD_cross_up;BB_breakout;RSI_overbought;Price>SMA20
2025-08-11T13:43:12.753954,AIZ,204.64,34.21,0.45,0.22,76.45,76.45,1,1,0,0,1,0,0,0,0,0,0,1,ADX>=thresh;MACD_cross_up;BB_breakout;Price>SMA20
2025-08-11T13:43:15.927020,ADP,306.75,22.32,0.42,0.14,95.46,95.46,1,1,0,0,0,1,0,0,0,0,0,1,ADX>=thresh;MACD_cross_up;RSI_overbought;Price>SMA20
2025-08-11T13:43:22.486249,BAC,46.16,56.26,0.09,0.19,65.95,65.95,1,1,0,0,1,1,0,0,0,0,0,1,ADX>=thresh;MACD_cross_up;BB_breakout;RSI_overbought;Price>SMA20
2025-08-11T13:43:24.118569,BRK-B,0.00,21.09,0.82,inf,97.99,97.99,1,1,0,0,0,1,0,0,1,0,0,0,ADX>=thresh;MACD_cross_up;RSI_overbought;ATR>=pct
2025-08-11T13:43:25.359066,TECH,50.66,62.66,0.28,0.56,95.86,95.86,1,1,0,0,0,0,0,0,1,0,0,1,ADX>=thresh;MACD_cross_up;ATR>=pct;Price>SMA20
2025-08-11T13:43:27.275242,BX,170.26,52.90,0.45,0.26,87.97,87.97,1,1,0,0,0,1,0,0,0,0,0,1,ADX>=thresh;MACD_cross_up;RSI_overbought;Price>SMA20
2025-08-11T13:43:30.625497,AVGO,306.45,41.78,0.98,0.32,99.26,99.26,1,1,0,0,1,1,0,0,0,0,0,1,ADX>=thresh;MACD_cross_up;BB_breakout;RSI_overbought;Price>SMA20
2025-08-11T13:43:31.582157,BRO,94.22,31.40,0.19,0.20,72.70,72.70,1,1,0,0,0,1,0,0,0,0,0,1,ADX>=thresh;MACD_cross_up;RSI_overbought;Price>SMA20
2025-08-11T13:43:32.258923,BF-B,0.00,22.68,0.11,inf,102.71,102.71,1,1,0,0,0,1,0,0,1,0,0,0,ADX>=thresh;MACD_cross_up;RSI_overbought;ATR>=pct
2025-08-11T13:43:39.404218,CAH,157.66,22.38,0.35,0.22,100.00,100.00,1,1,0,0,1,1,0,0,0,0,0,1,ADX>=thresh;MACD_cross_up;BB_breakout;RSI_overbought;Price>SMA20
2025-08-11T13:43:39.989657,KMX,55.65,23.88,0.24,0.43,105.97,105.97,1,1,0,0,0,1,0,0,0,0,0,1,ADX>=thresh;MACD_cross_up;RSI_overbought;Price>SMA20
2025-08-11T13:43:42.152295,CBOE,253.43,28.08,0.45,0.18,45.40,45.40,1,1,0,0,1,1,0,0,0,0,0,1,ADX>=thresh;MACD_cross_up;BB_breakout;RSI_overbought;Price>SMA20
2025-08-11T13:43:43.116510,CDW,164.40,24.84,0.40,0.24,60.79,60.79,1,1,0,0,0,1,0,0,0,0,0,1,ADX>=thresh;MACD_cross_up;RSI_overbought;Price>SMA20
2025-08-11T13:43:43.720754,COR,288.48,48.67,0.66,0.23,94.81,94.81,1,1,0,0,1,1,0,0,0,0,0,1,ADX>=thresh;MACD_cross_up;BB_breakout;RSI_overbought;Price>SMA20
2025-08-11T13:43:44.408874,CNC,25.88,45.43,0.13,0.51,96.37,96.37,1,1,0,0,0,0,0,0,1,0,0,1,ADX>=thresh;MACD_cross_up;ATR>=pct;Price>SMA20
2025-08-11T13:43:49.883604,CI,278.52,28.02,0.89,0.32,112.82,112.82,1,1,0,0,0,1,0,0,0,0,0,1,ADX>=thresh;MACD_cross_up;RSI_overbought;Price>SMA20
2025-08-11T13:43:50.469363,CINF,150.68,42.37,0.27,0.18,89.24,89.24,1,1,0,0,0,1,0,0,0,0,0,1,ADX>=thresh;MACD_cross_up;RSI_overbought;Price>SMA20
2025-08-11T13:43:51.886486,C,93.11,23.88,0.20,0.22,63.98,63.98,1,1,0,0,1,1,0,0,0,0,0,1,ADX>=thresh;MACD_cross_up;BB_breakout;RSI_overbought;Price>SMA20
2025-08-11T13:43:53.496237,CME,283.20,36.68,0.47,0.17,66.63,66.63,1,1,0,0,1,1,0,0,0,0,0,1,ADX>=thresh;MACD_cross_up;BB_breakout;RSI_overbought;Price>SMA20
2025-08-11T13:43:55.514681,COIN,326.04,46.97,2.28,0.70,90.85,90.85,1,1,0,0,1,1,0,1,1,0,0,1,ADX>=thresh;MACD_cross_up;BB_breakout;RSI_overbought;ATR>=abs;ATR>=pct;Price>SMA20
2025-08-11T13:43:58.035109,COP,94.84,25.73,0.41,0.43,90.27,90.27,1,1,0,0,0,1,0,0,0,0,0,1,ADX>=thresh;MACD_cross_up;RSI_overbought;Price>SMA20
2025-08-11T13:44:04.230775,CRWD,427.51,24.86,1.64,0.38,85.28,85.28,1,1,0,0,0,1,0,0,0,0,0,1,ADX>=thresh;MACD_cross_up;RSI_overbought;Price>SMA20
2025-08-11T13:44:07.364630,CVS,66.00,24.88,0.20,0.30,88.10,88.10,1,1,0,0,0,1,0,0,0,0,0,1,ADX>=thresh;MACD_cross_up;RSI_overbought;Price>SMA20
2025-08-11T13:44:11.071876,DELL,138.56,27.54,0.47,0.34,80.02,80.02,1,1,0,0,1,1,0,0,0,0,0,1,ADX>=thresh;MACD_cross_up;BB_breakout;RSI_overbought;Price>SMA20
2025-08-11T13:44:11.747093,DAL,54.22,39.85,0.19,0.36,95.33,95.33,1,1,0,0,1,1,0,0,0,0,0,1,ADX>=thresh;MACD_cross_up;BB_breakout;RSI_overbought;Price>SMA20
2025-08-11T13:44:27.743604,EIX,54.69,42.50,0.29,0.54,103.72,103.72,1,1,0,0,0,1,0,0,1,1,0,1,ADX>=thresh;MACD_cross_up;RSI_overbought;ATR>=pct;Range>=pct;Price>SMA20
2025-08-11T13:44:28.866724,EA,173.85,44.22,1.05,0.61,116.69,116.69,1,1,0,0,0,1,0,0,1,0,0,1,ADX>=thresh;MACD_cross_up;RSI_overbought;ATR>=pct;Price>SMA20
2025-08-11T13:44:29.540475,ELV,297.39,23.40,1.19,0.40,91.25,91.25,1,1,0,0,0,1,0,0,0,0,0,1,ADX>=thresh;MACD_cross_up;RSI_overbought;Price>SMA20
2025-08-11T13:44:30.914772,ENPH,33.57,35.19,0.26,0.77,106.58,106.58,1,1,0,0,0,1,0,0,1,0,0,1,ADX>=thresh;MACD_cross_up;RSI_overbought;ATR>=pct;Price>SMA20
2025-08-11T13:44:32.102565,EOG,117.26,26.40,0.42,0.36,94.62,94.62,1,1,0,0,0,1,0,0,0,0,0,1,ADX>=thresh;MACD_cross_up;RSI_overbought;Price>SMA20
2025-08-11T13:44:32.817068,EPAM,162.24,27.59,1.31,0.81,114.38,114.38,1,1,0,0,0,1,0,0,1,1,0,1,ADX>=thresh;MACD_cross_up;RSI_overbought;ATR>=pct;Range>=pct;Price>SMA20
2025-08-11T13:44:33.485382,EQT,51.59,48.17,0.12,0.23,69.41,69.41,1,1,0,0,1,1,0,0,0,0,0,1,ADX>=thresh;MACD_cross_up;BB_breakout;RSI_overbought;Price>SMA20
2025-08-11T13:44:36.692095,EL,91.49,28.38,0.31,0.34,77.09,77.09,1,1,0,0,1,1,0,0,0,0,0,1,ADX>=thresh;MACD_cross_up;BB_breakout;RSI_overbought;Price>SMA20
2025-08-11T13:44:40.233763,EXPE,196.42,27.46,1.04,0.53,60.77,60.77,1,1,0,0,0,0,0,0,1,0,0,1,ADX>=thresh;MACD_cross_up;ATR>=pct;Price>SMA20
2025-08-11T13:44:50.421966,FI,135.04,46.76,0.49,0.36,120.09,120.09,1,1,0,0,1,1,0,0,0,0,0,1,ADX>=thresh;MACD_cross_up;BB_breakout;RSI_overbought;Price>SMA20
2025-08-11T13:44:51.287820,F,11.53,24.84,0.05,0.42,128.48,128.48,1,1,0,0,0,1,0,0,0,1,0,1,ADX>=thresh;MACD_cross_up;RSI_overbought;Range>=pct;Price>SMA20
2025-08-11T13:44:52.123884,FTNT,75.33,40.07,0.45,0.59,94.19,94.19,1,1,0,0,0,1,0,0,1,0,0,1,ADX>=thresh;MACD_cross_up;RSI_overbought;ATR>=pct;Price>SMA20
2025-08-11T13:44:53.330162,FOXA,54.41,53.37,0.14,0.26,77.88,77.88,1,1,0,0,0,1,0,0,0,0,0,1,ADX>=thresh;MACD_cross_up;RSI_overbought;Price>SMA20
2025-08-11T13:44:54.643581,BEN,25.19,35.88,0.05,0.20,96.93,96.93,1,1,0,0,1,1,0,0,0,0,0,1,ADX>=thresh;MACD_cross_up;BB_breakout;RSI_overbought;Price>SMA20
2025-08-11T13:44:59.713994,IT,230.57,26.08,1.12,0.49,86.26,86.26,1,1,0,0,0,1,0,0,0,0,0,1,ADX>=thresh;MACD_cross_up;RSI_overbought;Price>SMA20
2025-08-11T13:45:01.000296,GEHC,72.64,32.43,0.15,0.21,73.63,73.63,1,1,0,0,0,1,0,0,0,0,0,1,ADX>=thresh;MACD_cross_up;RSI_overbought;Price>SMA20
2025-08-11T13:45:03.498491,GEN,31.02,66.23,0.13,0.43,64.53,64.53,1,1,0,0,1,1,0,0,0,0,0,1,ADX>=thresh;MACD_cross_up;BB_breakout;RSI_overbought;Price>SMA20
2025-08-11T13:45:04.290661,GNRC,199.60,37.76,0.78,0.39,136.84,136.84,1,1,0,0,1,1,0,0,0,1,0,1,ADX>=thresh;MACD_cross_up;BB_breakout;RSI_overbought;Range>=pct;Price>SMA20
2025-08-11T13:45:06.387915,GM,54.62,31.66,0.23,0.42,132.81,132.81,1,1,0,0,0,1,0,0,0,0,0,1,ADX>=thresh;MACD_cross_up;RSI_overbought;Price>SMA20
2025-08-11T13:45:08.593790,GPN,82.06,48.51,0.27,0.33,71.27,71.27,1,1,0,0,0,1,0,0,0,0,0,1,ADX>=thresh;MACD_cross_up;RSI_overbought;Price>SMA20
2025-08-11T13:45:14.123740,HSIC,66.23,26.38,0.20,0.30,55.08,55.08,1,1,0,0,0,1,0,0,0,0,0,1,ADX>=thresh;MACD_cross_up;RSI_overbought;Price>SMA20
2025-08-11T13:45:15.765987,HPE,21.01,30.17,0.07,0.33,103.41,103.41,1,1,0,0,0,1,0,0,0,0,0,1,ADX>=thresh;MACD_cross_up;RSI_overbought;Price>SMA20
2025-08-11T13:45:22.451908,HUM,270.55,56.45,1.37,0.51,75.91,75.91,1,1,0,0,0,1,0,0,1,0,0,1,ADX>=thresh;MACD_cross_up;RSI_overbought;ATR>=pct;Price>SMA20
2025-08-11T13:45:23.558279,HII,267.90,30.46,1.07,0.40,105.02,105.02,1,1,0,0,0,1,0,0,0,0,0,1,ADX>=thresh;MACD_cross_up;RSI_overbought;Price>SMA20
2025-08-11T13:45:28.227400,INTC,20.85,52.42,0.14,0.65,125.89,125.89,1,1,0,0,0,1,0,0,1,0,0,1,ADX>=thresh;MACD_cross_up;RSI_overbought;ATR>=pct;Price>SMA20
2025-08-11T13:45:30.360583,IPG,25.16,30.76,0.09,0.37,101.89,101.89,1,1,0,0,0,1,0,0,0,0,0,1,ADX>=thresh;MACD_cross_up;RSI_overbought;Price>SMA20
2025-08-11T13:45:32.427288,IVZ,20.80,52.71,0.04,0.19,68.00,68.00,1,1,0,0,1,1,0,0,0,0,0,1,ADX>=thresh;MACD_cross_up;BB_breakout;RSI_overbought;Price>SMA20
2025-08-11T13:45:33.825386,IQV,181.21,55.96,0.42,0.23,78.09,78.09,1,1,0,0,0,1,0,0,0,0,0,1,ADX>=thresh;MACD_cross_up;RSI_overbought;Price>SMA20
2025-08-11T13:45:35.654167,JBL,226.63,30.90,0.73,0.32,75.16,75.16,1,1,0,0,1,1,0,0,0,0,0,1,ADX>=thresh;MACD_cross_up;BB_breakout;RSI_overbought;Price>SMA20
2025-08-11T13:45:36.776834,J,149.07,29.35,0.30,0.20,77.36,77.36,1,1,0,0,1,1,0,0,0,0,0,1,ADX>=thresh;MACD_cross_up;BB_breakout;RSI_overbought;Price>SMA20
2025-08-11T13:45:37.921186,JCI,105.70,26.93,0.18,0.17,86.71,86.71,1,1,0,0,1,1,0,0,0,0,0,1,ADX>=thresh;MACD_cross_up;BB_breakout;RSI_overbought;Price>SMA20
2025-08-11T13:45:38.610782,JPM,290.00,49.83,0.55,0.19,90.68,90.68,1,1,0,0,0,1,0,0,0,0,0,1,ADX>=thresh;MACD_cross_up;RSI_overbought;Price>SMA20
2025-08-11T13:45:44.560365,KLAC,929.52,37.37,2.67,0.29,109.41,109.41,1,1,0,0,0,1,0,1,0,0,0,1,ADX>=thresh;MACD_cross_up;RSI_overbought;ATR>=abs;Price>SMA20
2025-08-11T13:45:47.234700,LRCX,103.93,33.31,0.37,0.36,109.11,109.11,1,1,0,0,0,1,0,0,0,0,0,1,ADX>=thresh;MACD_cross_up;RSI_overbought;Price>SMA20
2025-08-11T13:45:47.919031,LW,51.85,43.79,0.18,0.35,74.50,74.50,1,1,0,0,0,1,0,0,0,0,0,1,ADX>=thresh;MACD_cross_up;RSI_overbought;Price>SMA20
2025-08-11T13:45:49.147144,LDOS,177.93,21.82,0.56,0.31,108.53,108.53,1,1,0,0,0,1,0,0,0,0,0,1,ADX>=thresh;MACD_cross_up;RSI_overbought;Price>SMA20
2025-08-11T13:45:51.203234,LLY,635.45,21.09,3.42,0.54,91.71,91.71,1,1,0,0,0,1,0,1,1,0,0,1,ADX>=thresh;MACD_cross_up;RSI_overbought;ATR>=abs;ATR>=pct;Price>SMA20
2025-08-11T13:46:03.136824,MCK,670.32,24.94,2.65,0.39,89.34,89.34,1,1,0,0,0,0,0,1,0,0,0,1,ADX>=thresh;MACD_cross_up;ATR>=abs;Price>SMA20
2025-08-11T13:46:05.041665,META,771.37,25.96,1.33,0.17,72.54,72.54,1,1,0,0,0,1,0,0,0,0,0,1,ADX>=thresh;MACD_cross_up;RSI_overbought;Price>SMA20
2025-08-11T13:46:08.066886,MTD,1264.80,20.65,3.15,0.25,57.38,57.38,1,1,0,0,1,0,0,1,0,0,0,1,ADX>=thresh;MACD_cross_up;BB_breakout;ATR>=abs;Price>SMA20
2025-08-11T13:46:10.480791,MU,124.29,40.30,1.07,0.86,142.75,142.75,1,1,0,0,0,1,0,0,1,0,0,1,ADX>=thresh;MACD_cross_up;RSI_overbought;ATR>=pct;Price>SMA20
2025-08-11T13:46:12.272772,MRNA,26.45,34.22,0.11,0.42,71.70,71.70,1,1,0,0,0,1,0,0,0,0,0,1,ADX>=thresh;MACD_cross_up;RSI_overbought;Price>SMA20
2025-08-11T13:46:15.338719,MPWR,808.04,28.40,2.94,0.36,80.98,80.98,1,1,0,0,0,0,0,1,0,0,0,1,ADX>=thresh;MACD_cross_up;ATR>=abs;Price>SMA20
2025-08-11T13:46:16.718697,MCO,517.86,33.85,0.76,0.15,99.66,99.66,1,1,0,0,0,1,0,0,0,0,0,1,ADX>=thresh;MACD_cross_up;RSI_overbought;Price>SMA20
2025-08-11T13:46:18.401237,MOS,32.39,22.11,0.12,0.38,92.35,92.35,1,1,0,0,0,1,0,0,0,0,0,1,ADX>=thresh;MACD_cross_up;RSI_overbought;Price>SMA20
2025-08-11T13:46:23.710397,NWS,33.34,63.62,0.08,0.23,63.80,63.80,1,1,0,0,0,1,0,0,0,0,0,1,ADX>=thresh;MACD_cross_up;RSI_overbought;Price>SMA20
2025-08-11T13:46:25.543883,NI,42.40,47.66,0.09,0.20,69.44,69.44,1,1,0,0,0,1,0,0,0,0,0,1,ADX>=thresh;MACD_cross_up;RSI_overbought;Price>SMA20
2025-08-11T13:46:29.622266,NRG,153.97,41.88,0.60,0.39,96.11,96.11,1,1,0,0,0,1,0,0,0,0,0,1,ADX>=thresh;MACD_cross_up;RSI_overbought;Price>SMA20
2025-08-11T13:46:34.673128,OMC,73.56,32.94,0.26,0.35,105.21,105.21,1,1,0,0,0,1,0,0,0,0,0,1,ADX>=thresh;MACD_cross_up;RSI_overbought;Price>SMA20
2025-08-11T13:46:35.452628,ON,48.74,26.20,0.21,0.44,88.68,88.68,1,1,0,0,0,1,0,0,0,0,0,1,ADX>=thresh;MACD_cross_up;RSI_overbought;Price>SMA20
2025-08-11T13:46:39.530606,PANW,169.09,47.06,0.58,0.34,77.17,77.17,1,1,0,0,0,1,0,0,0,0,0,1,ADX>=thresh;MACD_cross_up;RSI_overbought;Price>SMA20
2025-08-11T13:46:40.152031,PARA,0.00,23.11,0.04,inf,16.08,16.08,1,1,0,0,0,1,0,0,1,0,0,0,ADX>=thresh;MACD_cross_up;RSI_overbought;ATR>=pct
2025-08-11T13:46:44.090538,PFE,24.89,47.94,0.07,0.27,87.93,87.93,1,1,0,0,0,1,0,0,0,0,0,1,ADX>=thresh;MACD_cross_up;RSI_overbought;Price>SMA20
2025-08-11T13:46:50.054554,PG,154.21,32.97,0.25,0.16,85.55,85.55,1,1,0,0,1,1,0,0,0,0,0,1,ADX>=thresh;MACD_cross_up;BB_breakout;RSI_overbought;Price>SMA20
2025-08-11T13:46:52.682480,PTC,207.21,53.93,0.42,0.20,81.61,81.61,1,1,0,0,0,1,0,0,0,0,0,1,ADX>=thresh;MACD_cross_up;RSI_overbought;Price>SMA20
2025-08-11T13:46:54.924961,QCOM,150.65,36.57,0.43,0.29,121.17,121.17,1,1,0,0,0,1,0,0,0,0,0,1,ADX>=thresh;MACD_cross_up;RSI_overbought;Price>SMA20
2025-08-11T13:46:55.684935,DGX,178.19,22.29,0.43,0.24,101.79,101.79,1,1,0,0,0,1,0,0,0,0,0,1,ADX>=thresh;MACD_cross_up;RSI_overbought;Price>SMA20
2025-08-11T13:46:59.675148,REGN,565.50,20.07,2.04,0.36,86.77,86.77,1,1,0,0,0,0,0,1,0,0,0,1,ADX>=thresh;MACD_cross_up;ATR>=abs;Price>SMA20
2025-08-11T13:47:05.884778,SPGI,558.54,47.96,0.88,0.16,97.29,97.29,1,1,0,0,0,1,0,0,0,0,0,1,ADX>=thresh;MACD_cross_up;RSI_overbought;Price>SMA20
2025-08-11T13:47:08.433088,STX,154.15,41.23,0.49,0.31,105.63,105.63,1,1,0,0,1,1,0,0,0,0,0,1,ADX>=thresh;MACD_cross_up;BB_breakout;RSI_overbought;Price>SMA20
2025-08-11T13:47:09.854749,NOW,874.89,21.70,3.47,0.40,92.52,92.52,1,1,0,0,0,0,0,1,0,0,0,1,ADX>=thresh;MACD_cross_up;ATR>=abs;Price>SMA20
2025-08-11T13:47:15.188647,LUV,29.80,48.82,0.10,0.32,78.39,78.39,1,1,0,0,0,1,0,0,0,0,0,1,ADX>=thresh;MACD_cross_up;RSI_overbought;Price>SMA20
2025-08-11T13:47:19.634751,SMCI,45.97,24.73,0.26,0.58,73.64,73.64,1,1,0,0,1,1,0,0,1,0,0,1,ADX>=thresh;MACD_cross_up;BB_breakout;RSI_overbought;ATR>=pct;Price>SMA20
2025-08-11T13:47:20.468689,SYF,69.74,31.41,0.13,0.18,64.30,64.30,1,1,0,0,0,1,0,0,0,0,0,1,ADX>=thresh;MACD_cross_up;RSI_overbought;Price>SMA20
2025-08-11T13:47:24.406489,TTWO,223.11,38.01,1.42,0.64,67.50,67.50,1,1,0,0,0,1,0,0,1,0,0,1,ADX>=thresh;MACD_cross_up;RSI_overbought;ATR>=pct;Price>SMA20
2025-08-11T13:47:29.667055,TSLA,342.85,38.16,2.08,0.61,112.07,112.07,1,1,0,0,0,1,0,1,1,0,0,1,ADX>=thresh;MACD_cross_up;RSI_overbought;ATR>=abs;ATR>=pct;Price>SMA20
2025-08-11T13:47:33.777303,TKO,170.48,22.19,1.60,0.94,150.39,150.39,1,1,0,0,0,1,0,0,1,0,0,1,ADX>=thresh;MACD_cross_up;RSI_overbought;ATR>=pct;Price>SMA20
2025-08-11T13:47:35.574004,TDG,1401.41,21.26,5.46,0.39,54.34,54.34,1,1,0,0,0,0,0,1,0,0,0,1,ADX>=thresh;MACD_cross_up;ATR>=abs;Price>SMA20
2025-08-11T13:47:42.787205,UAL,90.70,35.44,0.35,0.39,69.08,69.08,1,1,0,0,0,1,0,0,0,0,0,1,ADX>=thresh;MACD_cross_up;RSI_overbought;Price>SMA20
2025-08-11T13:47:43.628986,UPS,88.00,24.83,0.31,0.36,116.17,116.17,1,1,0,0,0,1,0,0,0,0,0,1,ADX>=thresh;MACD_cross_up;RSI_overbought;Price>SMA20
2025-08-11T13:47:51.245327,VRTX,373.43,30.73,1.70,0.46,111.11,111.11,1,1,0,0,0,1,0,0,0,0,0,1,ADX>=thresh;MACD_cross_up;RSI_overbought;Price>SMA20
2025-08-11T13:47:52.001655,VTRS,10.02,44.39,0.07,0.65,68.80,68.80,1,1,0,0,0,1,0,0,1,0,0,1,ADX>=thresh;MACD_cross_up;RSI_overbought;ATR>=pct;Price>SMA20
2025-08-11T13:47:54.036009,VST,205.48,46.05,1.23,0.60,94.96,94.96,1,1,0,0,1,1,0,0,1,0,0,1,ADX>=thresh;MACD_cross_up;BB_breakout;RSI_overbought;ATR>=pct;Price>SMA20
2025-08-11T13:47:58.453816,DIS,113.09,55.18,0.24,0.21,77.33,77.33,1,1,0,0,1,1,0,0,0,0,0,1,ADX>=thresh;MACD_cross_up;BB_breakout;RSI_overbought;Price>SMA20
2025-08-11T13:48:00.359784,WAT,282.85,33.82,0.54,0.19,75.39,75.39,1,1,0,0,0,1,0,0,0,0,0,1,ADX>=thresh;MACD_cross_up;RSI_overbought;Price>SMA20
2025-08-11T13:48:02.275281,WELL,168.94,46.41,0.38,0.22,106.23,106.23,1,1,0,0,1,0,0,0,0,0,0,1,ADX>=thresh;MACD_cross_up;BB_breakout;Price>SMA20
2025-08-11T13:48:03.956751,WDC,76.42,33.75,0.25,0.33,87.96,87.96,1,1,0,0,0,1,0,0,0,0,0,1,ADX>=thresh;MACD_cross_up;RSI_overbought;Price>SMA20
2025-08-11T13:48:05.904957,WMB,58.24,36.24,0.15,0.25,97.00,97.00,1,1,0,0,0,1,0,0,0,0,0,1,ADX>=thresh;MACD_cross_up;RSI_overbought;Price>SMA20
2025-08-11T13:48:08.035960,WYNN,107.39,29.43,0.44,0.41,37.52,37.52,1,1,0,0,0,1,0,0,0,0,0,1,ADX>=thresh;MACD_cross_up;RSI_overbought;Price>SMA20
2025-08-11T13:48:10.789012,ZBRA,319.03,20.60,1.12,0.35,47.01,47.01,1,1,0,0,0,1,0,0,0,0,0,1,ADX>=thresh;MACD_cross_up;RSI_overbought;Price>SMA20
2025-08-11T13:48:12.218925,ZTS,149.72,20.00,0.55,0.37,96.03,96.03,1,1,0,0,0,1,0,0,0,0,0,1,ADX>=thresh;MACD_cross_up;RSI_overbought;Price>SMA20
2025-08-11T13:48:18.123050,MMM,154.21,33.47,0.33,0.21,70.47,70.47,1,1,0,0,0,1,0,0,0,0,0,1,ADX>=thresh;MACD_cross_up;RSI_overbought;Price>SMA20
2025-08-11T13:48:21.673341,AMD,173.51,27.97,0.87,0.50,95.69,95.69,1,1,0,0,0,1,0,0,1,0,0,1,ADX>=thresh;MACD_cross_up;RSI_overbought;ATR>=pct;Price>SMA20
2025-08-11T13:48:22.992867,AFL,104.14,29.60,0.15,0.14,70.71,70.71,1,1,0,0,0,1,0,0,0,0,0,1,ADX>=thresh;MACD_cross_up;RSI_overbought;Price>SMA20
2025-08-11T13:48:23.832195,A,115.46,33.90,0.26,0.22,82.77,82.77,1,1,0,0,0,1,0,0,0,0,0,1,ADX>=thresh;MACD_cross_up;RSI_overbought;Price>SMA20
2025-08-11T13:48:25.807398,AKAM,72.06,28.71,0.44,0.61,38.84,38.84,1,1,0,0,0,1,0,0,1,0,0,1,ADX>=thresh;MACD_cross_up;RSI_overbought;ATR>=pct;Price>SMA20
2025-08-11T13:48:26.650682,ALB,81.47,39.16,1.81,2.22,154.81,154.81,1,1,0,0,0,1,0,0,1,0,0,1,ADX>=thresh;MACD_cross_up;RSI_overbought;ATR>=pct;Price>SMA20
2025-08-11T13:48:31.527470,MO,64.78,20.38,0.18,0.28,130.48,130.48,1,1,0,0,0,1,0,0,0,0,0,1,ADX>=thresh;MACD_cross_up;RSI_overbought;Price>SMA20
2025-08-11T13:48:38.947619,AMGN,290.40,31.77,0.62,0.21,78.31,78.31,1,1,0,0,0,1,0,0,0,0,0,1,ADX>=thresh;MACD_cross_up;RSI_overbought;Price>SMA20
2025-08-11T13:48:39.739154,APH,110.41,30.74,0.29,0.26,80.52,80.52,1,1,0,0,1,0,0,0,0,0,0,1,ADX>=thresh;MACD_cross_up;BB_breakout;Price>SMA20
2025-08-11T13:48:40.572068,ADI,226.77,29.85,0.57,0.25,84.84,84.84,1,1,0,0,0,1,0,0,0,0,0,1,ADX>=thresh;MACD_cross_up;RSI_overbought;Price>SMA20
2025-08-11T13:48:43.179726,APA,20.23,25.06,0.13,0.66,94.28,94.28,1,1,0,0,0,0,0,0,1,0,0,1,ADX>=thresh;MACD_cross_up;ATR>=pct;Price>SMA20
2025-08-11T13:48:43.907748,APO,144.14,54.89,0.47,0.33,80.78,80.78,1,1,0,0,1,1,0,0,0,0,0,1,ADX>=thresh;MACD_cross_up;BB_breakout;RSI_overbought;Price>SMA20
2025-08-11T13:48:45.123246,AMAT,189.48,29.86,0.57,0.30,123.57,123.57,1,1,0,0,0,1,0,0,0,0,0,1,ADX>=thresh;MACD_cross_up;RSI_overbought;Price>SMA20
2025-08-11T13:48:47.673577,ADM,58.09,22.71,0.19,0.33,92.40,92.40,1,1,0,0,0,1,0,0,0,0,0,1,ADX>=thresh;MACD_cross_up;RSI_overbought;Price>SMA20
2025-08-11T13:48:48.422313,ANET,141.35,46.26,0.53,0.38,94.59,94.59,1,1,0,0,1,1,0,0,0,0,0,1,ADX>=thresh;MACD_cross_up;BB_breakout;RSI_overbought;Price>SMA20
2025-08-11T13:48:56.185008,BAC,46.15,58.55,0.09,0.20,63.92,63.92,1,1,0,0,1,1,0,0,0,0,0,1,ADX>=thresh;MACD_cross_up;BB_breakout;RSI_overbought;Price>SMA20
2025-08-11T13:49:00.732879,BLK,1125.82,29.43,1.79,0.16,55.73,55.73,1,1,0,0,0,1,0,0,0,0,0,1,ADX>=thresh;MACD_cross_up;RSI_overbought;Price>SMA20
2025-08-11T13:49:04.679948,BX,170.68,50.41,0.45,0.26,84.18,84.18,1,1,0,0,1,1,0,0,0,0,0,1,ADX>=thresh;MACD_cross_up;BB_breakout;RSI_overbought;Price>SMA20
2025-08-11T13:49:07.592999,BSX,103.66,48.60,0.25,0.24,93.36,93.36,1,1,0,0,1,1,0,0,0,0,0,1,ADX>=thresh;MACD_cross_up;BB_breakout;RSI_overbought;Price>SMA20
2025-08-11T13:49:08.793965,AVGO,307.11,37.19,1.06,0.35,104.75,104.75,1,1,0,0,1,1,0,0,0,0,0,1,ADX>=thresh;MACD_cross_up;BB_breakout;RSI_overbought;Price>SMA20
2025-08-11T13:49:10.047283,BRO,94.03,34.34,0.19,0.21,79.80,79.80,1,1,0,0,0,1,0,0,0,0,0,1,ADX>=thresh;MACD_cross_up;RSI_overbought;Price>SMA20
2025-08-11T13:49:20.974905,CBOE,254.09,26.57,0.57,0.22,71.80,71.80,1,1,0,0,1,1,0,0,0,0,0,1,ADX>=thresh;MACD_cross_up;BB_breakout;RSI_overbought;Price>SMA20
2025-08-11T13:49:22.431150,CDW,164.44,27.38,0.40,0.24,61.59,61.59,1,1,0,0,0,1,0,0,0,0,0,1,ADX>=thresh;MACD_cross_up;RSI_overbought;Price>SMA20
2025-08-11T13:49:23.213254,COR,288.29,51.75,0.73,0.25,99.51,99.51,1,1,0,0,1,1,0,0,0,0,0,1,ADX>=thresh;MACD_cross_up;BB_breakout;RSI_overbought;Price>SMA20
2025-08-11T13:49:24.448657,CNC,25.82,39.32,0.15,0.56,102.86,102.86,1,1,0,0,0,0,0,0,1,0,0,1,ADX>=thresh;MACD_cross_up;ATR>=pct;Price>SMA20
2025-08-11T13:49:26.658984,SCHW,97.35,20.84,0.14,0.14,84.53,84.53,1,1,0,0,1,1,0,0,0,0,0,1,ADX>=thresh;MACD_cross_up;BB_breakout;RSI_overbought;Price>SMA20
2025-08-11T13:49:30.603833,CI,279.19,28.11,0.96,0.34,120.91,120.91,1,1,0,0,0,1,0,0,0,0,0,1,ADX>=thresh;MACD_cross_up;RSI_overbought;Price>SMA20
2025-08-11T13:49:35.008739,CME,283.68,36.89,0.48,0.17,71.77,71.77,1,1,0,0,1,1,0,0,0,0,0,1,ADX>=thresh;MACD_cross_up;BB_breakout;RSI_overbought;Price>SMA20
2025-08-11T13:49:40.925933,COIN,327.82,51.65,2.42,0.74,99.89,99.89,1,1,0,0,0,1,0,1,1,0,0,1,ADX>=thresh;MACD_cross_up;RSI_overbought;ATR>=abs;ATR>=pct;Price>SMA20
2025-08-11T13:49:46.581776,CPRT,46.40,27.83,0.09,0.20,70.76,70.76,1,1,0,0,1,1,0,0,0,0,0,1,ADX>=thresh;MACD_cross_up;BB_breakout;RSI_overbought;Price>SMA20
2025-08-11T13:49:52.979055,CVS,65.94,25.71,0.20,0.31,89.99,89.99,1,1,0,0,0,1,0,0,0,0,0,1,ADX>=thresh;MACD_cross_up;RSI_overbought;Price>SMA20
2025-08-11T13:49:57.239235,DELL,138.76,26.03,0.53,0.38,91.11,91.11,1,1,0,0,1,1,0,0,0,0,0,1,ADX>=thresh;MACD_cross_up;BB_breakout;RSI_overbought;Price>SMA20
2025-08-11T13:49:57.948367,DAL,54.34,39.98,0.21,0.39,100.56,100.56,1,1,0,0,1,1,0,0,0,0,0,1,ADX>=thresh;MACD_cross_up;BB_breakout;RSI_overbought;Price>SMA20
2025-08-11T13:50:09.016731,EIX,54.66,43.47,0.30,0.54,108.26,108.26,1,1,0,0,0,1,0,0,1,0,0,1,ADX>=thresh;MACD_cross_up;RSI_overbought;ATR>=pct;Price>SMA20
2025-08-11T13:50:10.353761,EA,172.95,40.80,1.12,0.65,114.43,114.43,1,1,0,0,0,1,0,0,1,0,0,1,ADX>=thresh;MACD_cross_up;RSI_overbought;ATR>=pct;Price>SMA20
2025-08-11T13:50:11.122704,ELV,297.42,22.79,1.16,0.39,89.81,89.81,1,1,0,0,0,1,0,0,0,0,0,1,ADX>=thresh;MACD_cross_up;RSI_overbought;Price>SMA20
2025-08-11T13:50:14.340375,EPAM,161.12,27.08,1.35,0.84,110.77,110.77,1,1,0,0,0,0,0,0,1,0,0,1,ADX>=thresh;MACD_cross_up;ATR>=pct;Price>SMA20
2025-08-11T13:50:15.091996,EQT,51.48,47.85,0.12,0.24,60.34,60.34,1,1,0,0,0,1,0,0,0,0,0,1,ADX>=thresh;MACD_cross_up;RSI_overbought;Price>SMA20
2025-08-11T13:50:24.072777,FDS,383.90,58.55,0.86,0.22,75.47,75.47,1,1,0,0,1,0,0,0,0,0,0,1,ADX>=thresh;MACD_cross_up;BB_breakout;Price>SMA20
2025-08-11T13:50:59.092579,FI,134.62,42.02,0.51,0.38,115.87,115.87,1,1,0,0,0,1,0,0,0,0,0,1,ADX>=thresh;MACD_cross_up;RSI_overbought;Price>SMA20
2025-08-11T13:51:00.332190,FTNT,75.56,46.86,0.45,0.60,98.38,98.38,1,1,0,0,0,1,0,0,1,0,0,1,ADX>=thresh;MACD_cross_up;RSI_overbought;ATR>=pct;Price>SMA20
2025-08-11T13:51:02.843201,BEN,25.20,33.44,0.06,0.25,102.80,102.80,1,1,0,0,0,1,0,0,0,0,0,1,ADX>=thresh;MACD_cross_up;RSI_overbought;Price>SMA20
2025-08-11T13:51:04.632125,IT,231.28,23.11,1.22,0.53,86.22,86.22,1,1,0,0,0,1,0,0,1,0,0,1,ADX>=thresh;MACD_cross_up;RSI_overbought;ATR>=pct;Price>SMA20
2025-08-11T13:51:06.190346,GEHC,72.45,32.71,0.17,0.23,79.15,79.15,1,1,0,0,0,1,0,0,0,0,0,1,ADX>=thresh;MACD_cross_up;RSI_overbought;Price>SMA20
2025-08-11T13:51:06.940012,GEV,648.80,30.13,2.65,0.41,120.32,120.32,1,1,0,0,0,0,0,1,0,0,0,1,ADX>=thresh;MACD_cross_up;ATR>=abs;Price>SMA20
2025-08-11T13:51:07.794479,GEN,31.07,62.32,0.14,0.45,66.61,66.61,1,1,0,0,0,1,0,0,0,0,0,1,ADX>=thresh;MACD_cross_up;RSI_overbought;Price>SMA20
2025-08-11T13:51:10.238116,GM,54.41,31.06,0.25,0.46,138.77,138.77,1,1,0,0,0,1,0,0,0,0,0,1,ADX>=thresh;MACD_cross_up;RSI_overbought;Price>SMA20
2025-08-11T13:51:12.082824,GPN,82.15,49.96,0.27,0.32,68.00,68.00,1,1,0,0,0,1,0,0,0,0,0,1,ADX>=thresh;MACD_cross_up;RSI_overbought;Price>SMA20
2025-08-11T13:51:17.744108,HSIC,66.22,27.22,0.20,0.30,51.08,51.08,1,1,0,0,0,1,0,0,0,0,0,1,ADX>=thresh;MACD_cross_up;RSI_overbought;Price>SMA20
2025-08-11T13:51:19.532474,HPE,20.98,27.92,0.07,0.35,97.32,97.32,1,1,0,0,0,1,0,0,0,0,0,1,ADX>=thresh;MACD_cross_up;RSI_overbought;Price>SMA20
2025-08-11T13:51:25.233406,HUM,270.57,53.40,1.43,0.53,77.65,77.65,1,1,0,0,0,1,0,0,1,0,0,1,ADX>=thresh;MACD_cross_up;RSI_overbought;ATR>=pct;Price>SMA20
2025-08-11T13:51:31.344442,INTC,20.84,53.46,0.15,0.71,130.96,130.96,1,1,0,0,0,1,0,0,1,0,0,1,ADX>=thresh;MACD_cross_up;RSI_overbought;ATR>=pct;Price>SMA20
2025-08-11T13:51:36.294359,INVH,30.05,47.20,0.06,0.19,88.70,88.70,1,1,0,0,1,0,0,0,0,0,0,1,ADX>=thresh;MACD_cross_up;BB_breakout;Price>SMA20
2025-08-11T13:51:38.542297,JBL,226.64,32.83,0.88,0.39,92.02,92.02,1,1,0,0,0,1,0,0,0,0,0,1,ADX>=thresh;MACD_cross_up;RSI_overbought;Price>SMA20
2025-08-11T13:51:41.095874,JCI,105.64,26.31,0.20,0.19,96.51,96.51,1,1,0,0,0,1,0,0,0,0,0,1,ADX>=thresh;MACD_cross_up;RSI_overbought;Price>SMA20
2025-08-11T13:51:41.886466,JPM,289.61,48.15,0.58,0.20,88.82,88.82,1,1,0,0,0,1,0,0,0,0,0,1,ADX>=thresh;MACD_cross_up;RSI_overbought;Price>SMA20
2025-08-11T13:51:44.764721,KEYS,165.64,20.82,0.37,0.22,75.84,75.84,1,1,0,0,1,1,0,0,0,0,0,1,ADX>=thresh;MACD_cross_up;BB_breakout;RSI_overbought;Price>SMA20
2025-08-11T13:51:48.438182,KLAC,931.57,42.15,2.96,0.32,120.40,120.40,1,1,0,0,0,1,0,1,0,0,0,1,ADX>=thresh;MACD_cross_up;RSI_overbought;ATR>=abs;Price>SMA20
2025-08-11T13:51:51.750039,LRCX,103.55,36.70,0.40,0.39,115.53,115.53,1,1,0,0,0,1,0,0,0,0,0,1,ADX>=thresh;MACD_cross_up;RSI_overbought;Price>SMA20
2025-08-11T13:51:56.132141,LYV,154.15,33.43,0.63,0.41,48.67,48.67,1,1,0,0,0,1,0,0,0,0,0,1,ADX>=thresh;MACD_cross_up;RSI_overbought;Price>SMA20
2025-08-11T13:52:05.682339,MCK,675.66,27.30,2.80,0.41,83.06,83.06,1,1,0,0,0,1,0,1,0,0,0,1,ADX>=thresh;MACD_cross_up;RSI_overbought;ATR>=abs;Price>SMA20
2025-08-11T13:52:08.656150,MTD,1264.80,21.36,3.41,0.27,66.23,66.23,1,1,0,0,1,0,0,1,0,0,0,1,ADX>=thresh;MACD_cross_up;BB_breakout;ATR>=abs;Price>SMA20
2025-08-11T13:52:09.757000,MCHP,62.43,32.50,0.34,0.54,38.83,38.83,1,1,0,0,0,0,0,0,1,0,0,1,ADX>=thresh;MACD_cross_up;ATR>=pct;Price>SMA20
2025-08-11T13:52:10.397849,MU,123.64,40.08,1.12,0.90,145.56,145.56,1,1,0,0,0,1,0,0,1,0,0,1,ADX>=thresh;MACD_cross_up;RSI_overbought;ATR>=pct;Price>SMA20
2025-08-11T13:52:12.330174,MRNA,26.50,38.98,0.12,0.45,78.34,78.34,1,1,0,0,0,1,0,0,0,0,0,1,ADX>=thresh;MACD_cross_up;RSI_overbought;Price>SMA20
2025-08-11T13:52:14.813940,MPWR,809.88,32.70,2.83,0.35,64.41,64.41,1,1,0,0,0,0,0,1,0,0,0,1,ADX>=thresh;MACD_cross_up;ATR>=abs;Price>SMA20
2025-08-11T13:52:16.039401,MCO,518.29,27.89,0.94,0.18,110.40,110.40,1,1,0,0,1,0,0,0,0,0,0,1,ADX>=thresh;MACD_cross_up;BB_breakout;Price>SMA20
2025-08-11T13:52:23.627797,NI,42.49,50.54,0.10,0.23,71.44,71.44,1,1,0,0,0,1,0,0,0,0,0,1,ADX>=thresh;MACD_cross_up;RSI_overbought;Price>SMA20
2025-08-11T13:52:27.207698,NRG,154.00,41.82,0.71,0.46,101.13,101.13,1,1,0,0,0,1,0,0,0,0,0,1,ADX>=thresh;MACD_cross_up;RSI_overbought;Price>SMA20
2025-08-11T13:52:35.638460,PANW,170.10,45.57,0.61,0.36,78.67,78.67,1,1,0,0,0,1,0,0,0,0,0,1,ADX>=thresh;MACD_cross_up;RSI_overbought;Price>SMA20
2025-08-11T13:52:36.346784,PARA,0.00,23.11,0.04,inf,16.08,16.08,1,1,0,0,0,1,0,0,1,0,0,0,ADX>=thresh;MACD_cross_up;RSI_overbought;ATR>=pct
2025-08-11T13:52:36.985099,PH,730.66,22.83,1.44,0.20,53.91,53.91,1,1,0,0,0,1,0,0,0,0,0,1,ADX>=thresh;MACD_cross_up;RSI_overbought;Price>SMA20
2025-08-11T13:52:41.769978,PFE,24.86,50.41,0.07,0.27,87.36,87.36,1,1,0,0,0,1,0,0,0,0,0,1,ADX>=thresh;MACD_cross_up;RSI_overbought;Price>SMA20
2025-08-11T13:52:42.553614,PCG,15.20,26.36,0.06,0.42,113.67,113.67,1,1,0,0,0,1,0,0,0,0,0,1,ADX>=thresh;MACD_cross_up;RSI_overbought;Price>SMA20
2025-08-11T13:52:47.322928,PG,154.12,35.43,0.25,0.16,86.05,86.05,1,1,0,0,0,1,0,0,0,0,0,1,ADX>=thresh;MACD_cross_up;RSI_overbought;Price>SMA20
2025-08-11T13:52:49.733456,PTC,208.04,53.46,0.46,0.22,90.44,90.44,1,1,0,0,1,1,0,0,0,0,0,1,ADX>=thresh;MACD_cross_up;BB_breakout;RSI_overbought;Price>SMA20
2025-08-11T13:52:51.719105,QCOM,150.53,40.82,0.47,0.31,126.87,126.87,1,1,0,0,0,1,0,0,0,0,0,1,ADX>=thresh;MACD_cross_up;RSI_overbought;Price>SMA20
2025-08-11T13:52:52.365890,DGX,177.87,25.33,0.45,0.25,103.00,103.00,1,1,0,0,0,1,0,0,0,0,0,1,ADX>=thresh;MACD_cross_up;RSI_overbought;Price>SMA20
2025-08-11T13:53:03.828609,STX,154.56,46.64,0.57,0.37,120.83,120.83,1,1,0,0,0,1,0,0,0,0,0,1,ADX>=thresh;MACD_cross_up;RSI_overbought;Price>SMA20
2025-08-11T13:53:04.930673,NOW,876.18,20.74,3.94,0.45,107.69,107.69,1,1,0,0,0,0,0,1,0,0,0,1,ADX>=thresh;MACD_cross_up;ATR>=abs;Price>SMA20
2025-08-11T13:53:08.873833,SO,94.95,31.18,0.20,0.21,89.29,89.29,1,1,0,0,1,1,0,0,0,0,0,1,ADX>=thresh;MACD_cross_up;BB_breakout;RSI_overbought;Price>SMA20
2025-08-11T13:53:12.374255,SYK,378.98,34.91,0.76,0.20,74.71,74.71,1,1,0,0,1,1,0,0,0,0,0,1,ADX>=thresh;MACD_cross_up;BB_breakout;RSI_overbought;Price>SMA20
2025-08-11T13:53:15.502757,SMCI,45.83,28.73,0.28,0.60,77.01,77.01,1,1,0,0,0,1,0,0,1,0,0,1,ADX>=thresh;MACD_cross_up;RSI_overbought;ATR>=pct;Price>SMA20
2025-08-11T13:53:16.581186,SNPS,622.23,21.17,1.74,0.28,96.49,96.49,1,1,0,0,1,1,0,0,0,0,0,1,ADX>=thresh;MACD_cross_up;BB_breakout;RSI_overbought;Price>SMA20
2025-08-11T13:53:19.382943,TTWO,223.07,39.25,1.53,0.68,70.53,70.53,1,1,0,0,0,1,0,0,1,0,0,1,ADX>=thresh;MACD_cross_up;RSI_overbought;ATR>=pct;Price>SMA20
2025-08-11T13:53:23.327707,TSLA,341.50,42.44,2.11,0.62,111.14,111.14,1,1,0,0,0,1,0,1,1,0,0,1,ADX>=thresh;MACD_cross_up;RSI_overbought;ATR>=abs;ATR>=pct;Price>SMA20
2025-08-11T13:53:29.991244,TKO,171.03,23.27,1.62,0.94,151.82,151.82,1,1,0,0,0,1,0,0,1,0,0,1,ADX>=thresh;MACD_cross_up;RSI_overbought;ATR>=pct;Price>SMA20
2025-08-11T13:53:37.811683,UPS,87.67,22.57,0.33,0.38,120.87,120.87,1,1,0,0,0,1,0,0,0,0,0,1,ADX>=thresh;MACD_cross_up;RSI_overbought;Price>SMA20
2025-08-11T13:53:38.939730,UNH,255.55,20.67,1.56,0.61,125.55,125.55,1,1,0,0,0,1,0,0,1,0,0,1,ADX>=thresh;MACD_cross_up;RSI_overbought;ATR>=pct;Price>SMA20
2025-08-11T13:53:39.690520,UHS,172.75,34.43,0.62,0.36,100.50,100.50,1,1,0,0,0,1,0,0,0,0,0,1,ADX>=thresh;MACD_cross_up;RSI_overbought;Price>SMA20
2025-08-11T13:53:45.362780,VRSK,266.40,33.33,0.53,0.20,96.84,96.84,1,1,0,0,0,1,0,0,0,0,0,1,ADX>=thresh;MACD_cross_up;RSI_overbought;Price>SMA20
2025-08-11T13:53:46.803130,VRTX,372.44,32.23,1.80,0.48,120.31,120.31,1,1,0,0,0,1,0,0,0,0,0,1,ADX>=thresh;MACD_cross_up;RSI_overbought;Price>SMA20
2025-08-11T13:53:47.481319,VTRS,9.99,46.40,0.07,0.69,79.97,79.97,1,1,0,0,0,1,0,0,1,0,0,1,ADX>=thresh;MACD_cross_up;RSI_overbought;ATR>=pct;Price>SMA20
2025-08-11T13:53:49.254331,VST,203.51,45.84,1.33,0.65,96.77,96.77,1,1,0,0,0,0,0,0,1,0,0,1,ADX>=thresh;MACD_cross_up;ATR>=pct;Price>SMA20
2025-08-11T13:53:54.229767,WAT,282.74,30.89,0.62,0.22,84.34,84.34,1,1,0,0,0,1,0,0,0,0,0,1,ADX>=thresh;MACD_cross_up;RSI_overbought;Price>SMA20
2025-08-11T13:53:55.879469,WELL,168.94,48.22,0.39,0.23,103.81,103.81,1,1,0,0,0,1,0,0,0,0,0,1,ADX>=thresh;MACD_cross_up;RSI_overbought;Price>SMA20
2025-08-11T13:53:56.493408,WST,242.64,30.60,0.90,0.37,103.85,103.85,1,1,0,0,0,1,0,0,0,0,0,1,ADX>=thresh;MACD_cross_up;RSI_overbought;Price>SMA20
2025-08-11T13:53:57.161083,WDC,76.25,39.07,0.27,0.35,95.37,95.37,1,1,0,0,0,1,0,0,0,0,0,1,ADX>=thresh;MACD_cross_up;RSI_overbought;Price>SMA20
2025-08-11T13:54:11.310523,ADBE,342.06,27.45,1.67,0.49,101.16,101.16,1,1,0,0,1,0,0,0,0,0,0,1,ADX>=thresh;MACD_cross_up;BB_breakout;Price>SMA20
2025-08-11T13:54:11.939795,AMD,172.74,26.89,0.89,0.52,99.06,99.06,1,1,0,0,0,1,0,0,1,0,0,1,ADX>=thresh;MACD_cross_up;RSI_overbought;ATR>=pct;Price>SMA20
2025-08-11T13:54:14.355255,A,115.33,30.23,0.26,0.23,86.14,86.14,1,1,0,0,0,1,0,0,0,0,0,1,ADX>=thresh;MACD_cross_up;RSI_overbought;Price>SMA20
2025-08-11T13:54:15.911271,AKAM,72.84,30.72,0.46,0.64,47.82,47.82,1,1,0,0,0,1,0,0,1,0,0,1,ADX>=thresh;MACD_cross_up;RSI_overbought;ATR>=pct;Price>SMA20
2025-08-11T13:54:16.539103,ALB,81.39,35.47,1.97,2.43,156.66,156.66,1,1,0,0,0,1,0,0,1,1,0,1,ADX>=thresh;MACD_cross_up;RSI_overbought;ATR>=pct;Range>=pct;Price>SMA20
2025-08-11T13:54:17.107020,AMD,172.78,26.89,0.89,0.52,99.06,99.06,1,1,0,0,0,1,0,0,1,0,0,1,ADX>=thresh;MACD_cross_up;RSI_overbought;ATR>=pct;Price>SMA20
2025-08-11T13:54:18.769116,A,115.33,30.23,0.26,0.23,86.14,86.14,1,1,0,0,0,1,0,0,0,0,0,1,ADX>=thresh;MACD_cross_up;RSI_overbought;Price>SMA20
2025-08-11T13:54:20.143277,MO,64.90,21.75,0.21,0.32,138.37,138.37,1,1,0,0,0,1,0,0,0,0,0,1,ADX>=thresh;MACD_cross_up;RSI_overbought;Price>SMA20
2025-08-11T13:54:20.318840,AKAM,72.78,30.72,0.46,0.64,47.82,47.82,1,1,0,0,0,1,0,0,1,0,0,1,ADX>=thresh;MACD_cross_up;RSI_overbought;ATR>=pct;Price>SMA20
2025-08-11T13:54:21.206364,ALB,81.39,35.63,1.98,2.43,156.20,156.20,1,1,0,0,0,1,0,0,1,1,0,1,ADX>=thresh;MACD_cross_up;RSI_overbought;ATR>=pct;Range>=pct;Price>SMA20
2025-08-11T13:54:25.569212,MO,64.91,21.75,0.21,0.32,138.37,138.37,1,1,0,0,0,1,0,0,0,0,0,1,ADX>=thresh;MACD_cross_up;RSI_overbought;Price>SMA20
2025-08-11T13:54:33.628256,ADI,226.69,33.44,0.59,0.26,87.09,87.09,1,1,0,0,0,1,0,0,0,0,0,1,ADX>=thresh;MACD_cross_up;RSI_overbought;Price>SMA20
2025-08-11T13:54:34.680861,AON,367.11,29.09,0.71,0.19,74.31,74.31,1,1,0,0,0,1,0,0,0,0,0,1,ADX>=thresh;MACD_cross_up;RSI_overbought;Price>SMA20
2025-08-11T13:54:37.284776,AMAT,189.07,34.83,0.64,0.34,129.30,129.30,1,1,0,0,0,1,0,0,0,0,0,1,ADX>=thresh;MACD_cross_up;RSI_overbought;Price>SMA20
2025-08-11T13:54:40.258028,ANET,140.91,46.53,0.57,0.40,99.95,99.95,1,1,0,0,0,1,0,0,0,0,0,1,ADX>=thresh;MACD_cross_up;RSI_overbought;Price>SMA20
2025-08-11T13:54:51.191663,BBY,68.56,36.24,0.37,0.54,124.38,124.38,1,1,0,0,0,1,0,0,1,0,0,0,ADX>=thresh;MACD_cross_up;RSI_overbought;ATR>=pct
2025-08-11T13:54:57.840148,BSX,103.59,47.06,0.29,0.28,100.23,100.23,1,1,0,0,0,1,0,0,0,0,0,1,ADX>=thresh;MACD_cross_up;RSI_overbought;Price>SMA20
2025-08-11T13:55:10.805238,KMX,55.64,25.78,0.28,0.51,123.94,123.94,1,1,0,0,0,0,0,0,1,0,0,1,ADX>=thresh;MACD_cross_up;ATR>=pct;Price>SMA20
2025-08-11T13:55:14.952907,CDW,164.56,29.86,0.40,0.24,63.43,63.43,1,1,0,0,0,1,0,0,0,0,0,1,ADX>=thresh;MACD_cross_up;RSI_overbought;Price>SMA20
2025-08-11T13:55:15.693477,COR,288.75,51.83,0.81,0.28,93.01,93.01,1,1,0,0,0,1,0,0,0,0,0,1,ADX>=thresh;MACD_cross_up;RSI_overbought;Price>SMA20
2025-08-11T13:55:22.618863,CI,278.92,26.23,0.98,0.35,117.88,117.88,1,1,0,0,0,1,0,0,0,0,0,1,ADX>=thresh;MACD_cross_up;RSI_overbought;Price>SMA20
2025-08-11T13:55:27.001496,CME,283.25,35.61,0.48,0.17,65.80,65.80,1,1,0,0,0,1,0,0,0,0,0,1,ADX>=thresh;MACD_cross_up;RSI_overbought;Price>SMA20
2025-08-11T13:55:29.822818,COIN,323.67,58.83,2.74,0.85,103.36,103.36,1,1,0,0,0,1,0,1,1,0,0,1,ADX>=thresh;MACD_cross_up;RSI_overbought;ATR>=abs;ATR>=pct;Price>SMA20
2025-08-11T13:55:35.906928,CPRT,46.51,23.10,0.10,0.23,68.15,68.15,1,1,0,0,0,1,0,0,0,0,0,1,ADX>=thresh;MACD_cross_up;RSI_overbought;Price>SMA20
2025-08-11T13:55:40.128171,CRWD,428.90,25.34,1.94,0.45,98.42,98.42,1,1,0,0,0,1,0,0,0,0,0,1,ADX>=thresh;MACD_cross_up;RSI_overbought;Price>SMA20
2025-08-11T13:55:58.298113,EIX,54.79,43.66,0.31,0.56,97.97,97.97,1,1,0,0,0,1,0,0,1,0,0,1,ADX>=thresh;MACD_cross_up;RSI_overbought;ATR>=pct;Price>SMA20
2025-08-11T13:56:16.299348,FI,134.68,42.02,0.53,0.39,117.71,117.71,1,1,0,0,0,1,0,0,0,0,0,1,ADX>=thresh;MACD_cross_up;RSI_overbought;Price>SMA20
2025-08-11T13:56:17.935956,FTNT,76.62,50.45,0.53,0.70,106.50,106.50,1,1,0,0,0,1,0,0,1,0,0,1,ADX>=thresh;MACD_cross_up;RSI_overbought;ATR>=pct;Price>SMA20
2025-08-11T13:56:20.708169,BEN,25.25,33.23,0.06,0.25,104.19,104.19,1,1,0,0,0,1,0,0,0,0,0,1,ADX>=thresh;MACD_cross_up;RSI_overbought;Price>SMA20
2025-08-11T13:56:22.507272,IT,232.32,24.02,1.35,0.58,95.08,95.08,1,1,0,0,0,1,0,0,1,0,0,1,ADX>=thresh;MACD_cross_up;RSI_overbought;ATR>=pct;Price>SMA20
2025-08-11T13:56:29.319278,GPN,82.36,52.87,0.29,0.35,72.16,72.16,1,1,0,0,0,1,0,0,0,0,0,1,ADX>=thresh;MACD_cross_up;RSI_overbought;Price>SMA20
2025-08-11T13:56:37.326533,HPE,20.98,25.83,0.08,0.38,96.95,96.95,1,1,0,0,0,1,0,0,0,0,0,1,ADX>=thresh;MACD_cross_up;RSI_overbought;Price>SMA20
2025-08-11T13:56:45.054670,HII,267.02,23.42,1.38,0.52,108.72,108.72,1,1,0,0,0,0,0,0,1,0,0,1,ADX>=thresh;MACD_cross_up;ATR>=pct;Price>SMA20
2025-08-11T13:56:48.469862,INCY,78.96,26.20,0.23,0.29,95.51,95.51,1,1,0,0,1,1,0,0,0,0,0,1,ADX>=thresh;MACD_cross_up;BB_breakout;RSI_overbought;Price>SMA20
2025-08-11T13:56:50.572826,INTC,20.77,55.69,0.16,0.76,134.58,134.58,1,1,0,0,0,1,0,0,1,0,0,1,ADX>=thresh;MACD_cross_up;RSI_overbought;ATR>=pct;Price>SMA20
2025-08-11T13:57:03.225104,JCI,105.85,25.80,0.25,0.23,92.34,92.34,1,1,0,0,0,1,0,0,0,0,0,1,ADX>=thresh;MACD_cross_up;RSI_overbought;Price>SMA20
2025-08-11T13:57:03.953940,JPM,290.17,45.38,0.63,0.22,80.79,80.79,1,1,0,0,0,1,0,0,0,0,0,1,ADX>=thresh;MACD_cross_up;RSI_overbought;Price>SMA20
2025-08-11T13:57:06.957907,KEYS,165.77,22.59,0.44,0.27,80.26,80.26,1,1,0,0,1,1,0,0,0,0,0,1,ADX>=thresh;MACD_cross_up;BB_breakout;RSI_overbought;Price>SMA20
2025-08-11T13:57:10.756119,KLAC,932.40,48.06,3.07,0.33,109.56,109.56,1,1,0,0,0,1,0,1,0,0,0,1,ADX>=thresh;MACD_cross_up;RSI_overbought;ATR>=abs;Price>SMA20
2025-08-11T13:57:44.073888,LRCX,103.69,39.89,0.43,0.41,108.52,108.52,1,1,0,0,0,1,0,0,0,0,0,1,ADX>=thresh;MACD_cross_up;RSI_overbought;Price>SMA20
2025-08-11T13:57:46.313590,LDOS,177.77,24.51,0.63,0.35,115.78,115.78,1,1,0,0,0,1,0,0,0,0,0,1,ADX>=thresh;MACD_cross_up;RSI_overbought;Price>SMA20
2025-08-11T13:57:47.799637,LII,581.75,37.87,2.60,0.45,128.55,128.55,1,1,0,0,0,0,0,1,0,0,0,1,ADX>=thresh;MACD_cross_up;ATR>=abs;Price>SMA20
2025-08-11T13:57:48.659546,LLY,641.70,32.05,3.13,0.49,75.32,75.32,1,1,0,0,0,1,0,1,0,0,0,1,ADX>=thresh;MACD_cross_up;RSI_overbought;ATR>=abs;Price>SMA20
2025-08-11T13:57:50.082310,LYV,154.86,29.75,0.60,0.39,43.84,43.84,1,1,0,0,1,1,0,0,0,0,0,1,ADX>=thresh;MACD_cross_up;BB_breakout;RSI_overbought;Price>SMA20
2025-08-11T13:58:17.205136,MCK,673.84,29.76,3.07,0.45,85.89,85.89,1,1,0,0,0,1,0,1,0,0,0,1,ADX>=thresh;MACD_cross_up;RSI_overbought;ATR>=abs;Price>SMA20
2025-08-11T13:58:20.320212,MTD,1264.80,25.67,2.88,0.23,46.44,46.44,1,1,0,0,0,1,0,1,0,0,0,1,ADX>=thresh;MACD_cross_up;RSI_overbought;ATR>=abs;Price>SMA20
2025-08-11T13:58:21.494482,MCHP,62.75,31.63,0.35,0.55,30.84,30.84,1,1,0,0,0,0,0,0,1,0,0,1,ADX>=thresh;MACD_cross_up;ATR>=pct;Price>SMA20
2025-08-11T13:58:22.411003,MU,123.73,41.89,1.17,0.94,145.60,145.60,1,1,0,0,0,1,0,0,1,0,0,1,ADX>=thresh;MACD_cross_up;RSI_overbought;ATR>=pct;Price>SMA20
2025-08-11T13:58:23.414431,MSFT,523.52,31.52,0.98,0.19,93.17,93.17,1,1,0,0,1,1,0,0,0,0,0,1,ADX>=thresh;MACD_cross_up;BB_breakout;RSI_overbought;Price>SMA20
2025-08-11T13:58:25.722493,MRNA,26.63,44.80,0.13,0.49,87.27,87.27,1,1,0,0,0,1,0,0,0,0,0,1,ADX>=thresh;MACD_cross_up;RSI_overbought;Price>SMA20
2025-08-11T13:58:28.774632,MPWR,809.99,35.38,2.94,0.36,61.09,61.09,1,1,0,0,0,0,0,1,0,0,0,1,ADX>=thresh;MACD_cross_up;ATR>=abs;Price>SMA20
2025-08-11T13:58:29.952755,MCO,517.43,25.68,0.93,0.18,83.65,83.65,1,1,0,0,0,1,0,0,0,0,0,1,ADX>=thresh;MACD_cross_up;RSI_overbought;Price>SMA20
2025-08-11T13:58:31.060445,MS,143.56,37.08,0.35,0.24,70.04,70.04,1,1,0,0,1,0,0,0,0,0,0,1,ADX>=thresh;MACD_cross_up;BB_breakout;Price>SMA20
2025-08-11T13:58:32.130083,MOS,32.57,27.16,0.13,0.38,71.43,71.43,1,1,0,0,0,1,0,0,0,0,0,1,ADX>=thresh;MACD_cross_up;RSI_overbought;Price>SMA20
2025-08-11T13:58:32.878394,MSI,461.75,31.26,2.04,0.44,95.06,95.06,1,1,0,0,0,0,0,1,0,0,0,1,ADX>=thresh;MACD_cross_up;ATR>=abs;Price>SMA20
2025-08-11T13:58:34.561464,NDAQ,97.40,35.88,0.14,0.15,48.12,48.12,1,1,0,0,1,1,0,0,0,0,0,1,ADX>=thresh;MACD_cross_up;BB_breakout;RSI_overbought;Price>SMA20
2025-08-11T13:58:38.000640,NWSA,28.82,58.18,0.07,0.24,58.71,58.71,1,1,0,0,0,1,0,0,0,0,0,1,ADX>=thresh;MACD_cross_up;RSI_overbought;Price>SMA20
2025-08-11T13:58:41.106764,NI,42.44,53.33,0.10,0.23,46.35,46.35,1,1,0,0,0,1,0,0,0,0,0,1,ADX>=thresh;MACD_cross_up;RSI_overbought;Price>SMA20
2025-08-11T13:58:45.116209,NRG,153.76,39.46,0.77,0.50,103.49,103.49,1,1,0,0,0,0,0,0,1,0,0,1,ADX>=thresh;MACD_cross_up;ATR>=pct;Price>SMA20
2025-08-11T13:58:50.521717,ON,48.94,30.71,0.24,0.49,91.17,91.17,1,1,0,0,0,1,0,0,0,0,0,1,ADX>=thresh;MACD_cross_up;RSI_overbought;Price>SMA20
2025-08-11T13:58:55.463441,PANW,170.36,45.57,0.63,0.37,79.18,79.18,1,1,0,0,0,1,0,0,0,0,0,1,ADX>=thresh;MACD_cross_up;RSI_overbought;Price>SMA20
2025-08-11T13:58:56.308846,PARA,0.00,23.11,0.04,inf,16.08,16.08,1,1,0,0,0,1,0,0,1,0,0,0,ADX>=thresh;MACD_cross_up;RSI_overbought;ATR>=pct
2025-08-11T13:58:57.124835,PH,732.45,21.06,1.97,0.27,81.47,81.47,1,1,0,0,1,1,0,0,0,0,0,1,ADX>=thresh;MACD_cross_up;BB_breakout;RSI_overbought;Price>SMA20
2025-08-11T13:59:01.410389,PFE,24.84,54.85,0.07,0.29,86.57,86.57,1,1,0,0,0,1,0,0,0,0,0,1,ADX>=thresh;MACD_cross_up;RSI_overbought;Price>SMA20
2025-08-11T13:59:02.214492,PCG,15.22,35.83,0.06,0.41,106.83,106.83,1,1,0,0,0,1,0,0,0,0,0,1,ADX>=thresh;MACD_cross_up;RSI_overbought;Price>SMA20
2025-08-11T13:59:08.214647,PG,154.26,36.94,0.26,0.17,82.71,82.71,1,1,0,0,0,1,0,0,0,0,0,1,ADX>=thresh;MACD_cross_up;RSI_overbought;Price>SMA20
2025-08-11T13:59:10.476952,PRU,104.21,28.77,0.24,0.23,70.66,70.66,1,1,0,0,0,1,0,0,0,0,0,1,ADX>=thresh;MACD_cross_up;RSI_overbought;Price>SMA20
2025-08-11T13:59:11.943286,PTC,208.26,53.98,0.50,0.24,86.73,86.73,1,1,0,0,0,1,0,0,0,0,0,1,ADX>=thresh;MACD_cross_up;RSI_overbought;Price>SMA20
2025-08-11T13:59:14.468470,QCOM,150.56,44.13,0.50,0.33,121.72,121.72,1,1,0,0,0,1,0,0,0,0,0,1,ADX>=thresh;MACD_cross_up;RSI_overbought;Price>SMA20
2025-08-11T13:59:16.075575,RL,291.44,33.72,1.08,0.37,57.11,57.11,1,1,0,0,1,1,0,0,0,0,0,1,ADX>=thresh;MACD_cross_up;BB_breakout;RSI_overbought;Price>SMA20
2025-08-11T13:59:21.849772,RMD,285.01,21.12,0.62,0.22,104.71,104.71,1,1,0,0,0,1,0,0,0,0,0,1,ADX>=thresh;MACD_cross_up;RSI_overbought;Price>SMA20
2025-08-11T13:59:24.672761,ROP,536.34,22.45,1.11,0.21,88.25,88.25,1,1,0,0,0,1,0,0,0,0,0,1,ADX>=thresh;MACD_cross_up;RSI_overbought;Price>SMA20
2025-08-11T13:59:25.598565,ROST,146.15,28.21,0.42,0.29,98.88,98.88,1,1,0,0,0,1,0,0,0,0,0,1,ADX>=thresh;MACD_cross_up;RSI_overbought;Price>SMA20
2025-08-11T13:59:30.426849,STX,155.45,51.46,0.63,0.40,117.27,117.27,1,1,0,0,0,1,0,0,0,0,0,1,ADX>=thresh;MACD_cross_up;RSI_overbought;Price>SMA20
2025-08-11T13:59:41.556539,SMCI,45.95,31.37,0.31,0.66,80.15,80.15,1,1,0,0,0,1,0,0,1,0,0,1,ADX>=thresh;MACD_cross_up;RSI_overbought;ATR>=pct;Price>SMA20
2025-08-11T13:59:45.621656,TROW,105.91,21.31,0.19,0.18,55.29,55.29,1,1,0,0,1,1,0,0,0,0,0,1,ADX>=thresh;MACD_cross_up;BB_breakout;RSI_overbought;Price>SMA20
2025-08-11T13:59:46.278462,TTWO,224.45,40.43,1.58,0.71,73.55,73.55,1,1,0,0,0,1,0,0,1,0,0,1,ADX>=thresh;MACD_cross_up;RSI_overbought;ATR>=pct;Price>SMA20
2025-08-11T13:59:50.996049,TSLA,340.07,46.20,2.27,0.67,109.93,109.93,1,1,0,0,0,1,0,1,1,0,0,1,ADX>=thresh;MACD_cross_up;RSI_overbought;ATR>=abs;ATR>=pct;Price>SMA20
2025-08-11T13:59:54.559249,TKO,171.41,42.24,1.26,0.74,128.19,128.19,1,1,0,0,0,1,0,0,1,0,0,1,ADX>=thresh;MACD_cross_up;RSI_overbought;ATR>=pct;Price>SMA20
2025-08-11T14:00:04.133184,UPS,87.67,31.75,0.28,0.32,105.92,105.92,1,1,0,0,0,1,0,0,0,0,0,1,ADX>=thresh;MACD_cross_up;RSI_overbought;Price>SMA20
2025-08-11T14:00:08.095565,VRSK,266.86,31.44,0.58,0.22,78.36,78.36,1,1,0,0,1,1,0,0,0,0,0,1,ADX>=thresh;MACD_cross_up;BB_breakout;RSI_overbought;Price>SMA20
2025-08-11T14:00:09.499236,VRTX,373.35,31.69,1.85,0.50,109.21,109.21,1,1,0,0,0,1,0,0,0,0,0,1,ADX>=thresh;MACD_cross_up;RSI_overbought;Price>SMA20
2025-08-11T14:00:10.355291,VTRS,10.02,47.16,0.07,0.69,75.07,75.07,1,1,0,0,0,1,0,0,1,0,0,1,ADX>=thresh;MACD_cross_up;RSI_overbought;ATR>=pct;Price>SMA20
2025-08-11T14:00:19.208961,WAT,282.46,27.60,0.64,0.23,71.80,71.80,1,1,0,0,0,1,0,0,0,0,0,1,ADX>=thresh;MACD_cross_up;RSI_overbought;Price>SMA20
2025-08-11T14:00:21.208352,WELL,168.97,50.26,0.41,0.24,82.76,82.76,1,1,0,0,0,1,0,0,0,0,0,1,ADX>=thresh;MACD_cross_up;RSI_overbought;Price>SMA20
2025-08-11T14:00:21.819052,WST,242.64,34.75,0.83,0.34,96.61,96.61,1,1,0,0,0,1,0,0,0,0,0,1,ADX>=thresh;MACD_cross_up;RSI_overbought;Price>SMA20
2025-08-11T14:00:22.600688,WDC,76.44,48.64,0.28,0.36,84.86,84.86,1,1,0,0,0,1,0,0,0,0,0,1,ADX>=thresh;MACD_cross_up;RSI_overbought;Price>SMA20
2025-08-11T14:00:26.012225,WYNN,107.64,22.97,0.48,0.45,41.82,41.82,1,1,0,0,0,1,0,0,0,0,0,1,ADX>=thresh;MACD_cross_up;RSI_overbought;Price>SMA20
2025-08-11T14:00:39.346105,ADBE,342.89,24.63,1.64,0.48,97.00,97.00,1,1,0,0,0,1,0,0,0,0,0,1,ADX>=thresh;MACD_cross_up;RSI_overbought;Price>SMA20
2025-08-11T14:00:40.409601,AMD,173.71,22.77,1.05,0.60,100.47,100.47,1,1,0,0,0,0,0,0,1,0,0,1,ADX>=thresh;MACD_cross_up;ATR>=pct;Price>SMA20
2025-08-11T14:00:43.565037,AKAM,72.71,36.03,0.47,0.64,36.50,36.50,1,1,0,0,0,1,0,0,1,0,0,1,ADX>=thresh;MACD_cross_up;RSI_overbought;ATR>=pct;Price>SMA20
2025-08-11T14:00:54.953307,AMP,507.88,21.58,1.11,0.22,116.39,116.39,1,1,0,0,1,1,0,0,0,0,0,1,ADX>=thresh;MACD_cross_up;BB_breakout;RSI_overbought;Price>SMA20
2025-08-11T14:00:57.595289,ADI,227.19,41.38,0.62,0.27,69.84,69.84,1,1,0,0,0,1,0,0,0,0,0,1,ADX>=thresh;MACD_cross_up;RSI_overbought;Price>SMA20
2025-08-11T14:01:00.289044,APO,143.91,44.74,0.53,0.37,77.10,77.10,1,1,0,0,0,1,0,0,0,0,0,1,ADX>=thresh;MACD_cross_up;RSI_overbought;Price>SMA20
2025-08-11T14:01:01.624153,AMAT,189.12,45.41,0.66,0.35,121.06,121.06,1,1,0,0,0,1,0,0,0,0,0,1,ADX>=thresh;MACD_cross_up;RSI_overbought;Price>SMA20
2025-08-11T14:01:04.374698,ANET,141.41,46.68,0.66,0.47,92.62,92.62,1,1,0,0,0,1,0,0,0,0,0,1,ADX>=thresh;MACD_cross_up;RSI_overbought;Price>SMA20
2025-08-11T14:01:21.795475,BLK,1127.50,24.65,1.99,0.18,40.22,40.22,1,1,0,0,0,1,0,0,0,0,0,1,ADX>=thresh;MACD_cross_up;RSI_overbought;Price>SMA20
2025-08-11T14:01:41.906643,CBRE,156.12,25.39,0.44,0.28,66.57,66.57,1,1,0,0,1,0,0,0,0,0,0,1,ADX>=thresh;MACD_cross_up;BB_breakout;Price>SMA20
2025-08-11T14:01:42.611411,CDW,164.76,36.35,0.44,0.27,59.15,59.15,1,1,0,0,0,1,0,0,0,0,0,1,ADX>=thresh;MACD_cross_up;RSI_overbought;Price>SMA20
2025-08-11T14:01:43.575634,COR,288.60,52.32,0.94,0.32,78.49,78.49,1,1,0,0,0,1,0,0,0,0,0,1,ADX>=thresh;MACD_cross_up;RSI_overbought;Price>SMA20
2025-08-11T14:01:45.145723,CF,83.56,30.00,0.48,0.58,92.74,92.74,1,1,0,0,0,1,0,0,1,0,0,1,ADX>=thresh;MACD_cross_up;RSI_overbought;ATR>=pct;Price>SMA20
2025-08-11T14:01:46.366700,SCHW,97.60,21.06,0.18,0.18,81.50,81.50,1,1,0,0,1,1,0,0,0,0,0,1,ADX>=thresh;MACD_cross_up;BB_breakout;RSI_overbought;Price>SMA20
2025-08-11T14:01:49.504472,CHD,91.36,25.21,0.17,0.18,46.67,46.67,1,1,0,0,0,1,0,0,0,0,0,1,ADX>=thresh;MACD_cross_up;RSI_overbought;Price>SMA20
2025-08-11T14:01:51.886309,CSCO,72.16,30.73,0.22,0.31,68.68,68.68,1,1,0,0,1,1,0,0,0,0,0,1,ADX>=thresh;MACD_cross_up;BB_breakout;RSI_overbought;Price>SMA20
2025-08-11T14:01:54.691621,CME,284.31,36.48,0.59,0.21,73.91,73.91,1,1,0,0,1,1,0,0,0,0,0,1,ADX>=thresh;MACD_cross_up;BB_breakout;RSI_overbought;Price>SMA20
2025-08-11T14:02:03.570230,CPRT,46.65,20.45,0.12,0.25,75.40,75.40,1,1,0,0,1,1,0,0,0,0,0,1,ADX>=thresh;MACD_cross_up;BB_breakout;RSI_overbought;Price>SMA20
2025-08-11T14:02:06.392392,CTVA,71.97,31.65,0.22,0.30,92.66,92.66,1,1,0,0,0,1,0,0,0,0,0,1,ADX>=thresh;MACD_cross_up;RSI_overbought;Price>SMA20
2025-08-11T14:02:08.268799,COST,983.24,27.57,1.56,0.16,66.41,66.41,1,1,0,0,1,1,0,0,0,0,0,1,ADX>=thresh;MACD_cross_up;BB_breakout;RSI_overbought;Price>SMA20
2025-08-11T14:02:09.685293,CRWD,430.34,27.93,2.07,0.48,88.97,88.97,1,1,0,0,0,1,0,1,0,0,0,1,ADX>=thresh;MACD_cross_up;RSI_overbought;ATR>=abs;Price>SMA20
2025-08-11T14:02:11.956997,CMI,391.37,25.36,1.27,0.32,93.90,93.90,1,1,0,0,0,1,0,0,0,0,0,1,ADX>=thresh;MACD_cross_up;RSI_overbought;Price>SMA20
2025-08-11T14:02:42.830404,ADBE,342.85,24.56,1.71,0.50,100.20,100.20,1,1,0,0,0,1,0,0,0,0,0,1,ADX>=thresh;MACD_cross_up;RSI_overbought;Price>SMA20
2025-08-11T14:02:43.717244,AMD,173.54,22.59,1.06,0.61,101.77,101.77,1,1,0,0,0,0,0,0,1,0,0,1,ADX>=thresh;MACD_cross_up;ATR>=pct;Price>SMA20
2025-08-11T14:02:47.614473,AKAM,72.68,36.76,0.47,0.65,38.25,38.25,1,1,0,0,0,1,0,0,1,0,0,1,ADX>=thresh;MACD_cross_up;RSI_overbought;ATR>=pct;Price>SMA20
2025-08-11T14:02:52.605237,MO,64.86,43.83,0.18,0.27,117.08,117.08,1,1,0,0,0,1,0,0,0,0,0,1,ADX>=thresh;MACD_cross_up;RSI_overbought;Price>SMA20
2025-08-11T14:02:57.874975,AMP,507.73,23.62,1.10,0.22,92.41,92.41,1,1,0,0,1,1,0,0,0,0,0,1,ADX>=thresh;MACD_cross_up;BB_breakout;RSI_overbought;Price>SMA20
2025-08-11T14:03:00.077903,ADI,227.43,41.38,0.65,0.29,74.55,74.55,1,1,0,0,0,1,0,0,0,0,0,1,ADX>=thresh;MACD_cross_up;RSI_overbought;Price>SMA20
2025-08-11T14:03:02.115541,APO,143.91,44.07,0.55,0.38,80.00,80.00,1,1,0,0,0,1,0,0,0,0,0,1,ADX>=thresh;MACD_cross_up;RSI_overbought;Price>SMA20
2025-08-11T14:03:03.607605,AMAT,189.01,44.96,0.69,0.36,123.41,123.41,1,1,0,0,0,1,0,0,0,0,0,1,ADX>=thresh;MACD_cross_up;RSI_overbought;Price>SMA20
2025-08-11T14:03:05.957627,ANET,141.31,46.68,0.68,0.48,94.73,94.73,1,1,0,0,0,1,0,0,0,0,0,1,ADX>=thresh;MACD_cross_up;RSI_overbought;Price>SMA20
2025-08-11T14:03:21.016328,BLK,1129.17,24.78,2.11,0.19,47.32,47.32,1,1,0,0,1,1,0,1,0,0,0,1,ADX>=thresh;MACD_cross_up;BB_breakout;RSI_overbought;ATR>=abs;Price>SMA20
2025-08-11T14:03:27.979382,AVGO,307.21,29.50,1.22,0.40,108.33,108.33,1,1,0,0,0,1,0,0,0,0,0,1,ADX>=thresh;MACD_cross_up;RSI_overbought;Price>SMA20
2025-08-11T14:03:37.158108,KMX,55.72,34.00,0.25,0.46,110.27,110.27,1,1,0,0,0,1,0,0,0,0,0,1,ADX>=thresh;MACD_cross_up;RSI_overbought;Price>SMA20
2025-08-11T14:03:41.879730,CDW,164.76,36.35,0.44,0.27,59.15,59.15,1,1,0,0,0,1,0,0,0,0,0,1,ADX>=thresh;MACD_cross_up;RSI_overbought;Price>SMA20
2025-08-11T14:03:44.607331,CF,83.31,30.99,0.51,0.61,96.82,96.82,1,1,0,0,0,1,0,0,1,0,0,1,ADX>=thresh;MACD_cross_up;RSI_overbought;ATR>=pct;Price>SMA20
2025-08-11T14:03:52.085587,CHD,91.27,25.21,0.17,0.18,47.68,47.68,1,1,0,0,0,1,0,0,0,0,0,1,ADX>=thresh;MACD_cross_up;RSI_overbought;Price>SMA20
2025-08-11T14:03:54.144627,CSCO,72.18,30.83,0.22,0.31,70.62,70.62,1,1,0,0,1,1,0,0,0,0,0,1,ADX>=thresh;MACD_cross_up;BB_breakout;RSI_overbought;Price>SMA20
2025-08-11T14:03:56.871957,CME,284.23,36.39,0.58,0.20,71.49,71.49,1,1,0,0,0,1,0,0,0,0,0,1,ADX>=thresh;MACD_cross_up;RSI_overbought;Price>SMA20
2025-08-11T14:03:59.063917,COIN,326.30,62.27,3.06,0.94,111.36,111.36,1,1,0,0,0,1,0,1,1,0,0,1,ADX>=thresh;MACD_cross_up;RSI_overbought;ATR>=abs;ATR>=pct;Price>SMA20
2025-08-11T14:03:59.645928,CL,84.93,23.01,0.15,0.18,53.98,53.98,1,1,0,0,0,1,0,0,0,0,0,1,ADX>=thresh;MACD_cross_up;RSI_overbought;Price>SMA20
2025-08-11T14:04:04.251573,CPRT,46.67,20.82,0.12,0.26,78.93,78.93,1,1,0,0,1,1,0,0,0,0,0,1,ADX>=thresh;MACD_cross_up;BB_breakout;RSI_overbought;Price>SMA20
2025-08-11T14:04:06.109942,CTVA,72.06,31.90,0.22,0.31,95.68,95.68,1,1,0,0,0,1,0,0,0,0,0,1,ADX>=thresh;MACD_cross_up;RSI_overbought;Price>SMA20
2025-08-11T14:04:08.489523,CRWD,430.00,28.03,2.08,0.48,91.27,91.27,1,1,0,0,0,1,0,1,0,0,0,1,ADX>=thresh;MACD_cross_up;RSI_overbought;ATR>=abs;Price>SMA20
2025-08-11T14:04:14.127073,DELL,139.85,30.40,0.65,0.47,96.14,96.14,1,1,0,0,1,1,0,0,0,0,0,1,ADX>=thresh;MACD_cross_up;BB_breakout;RSI_overbought;Price>SMA20
2025-08-11T14:04:26.070049,EBAY,94.59,35.55,0.39,0.42,144.06,144.06,1,1,0,0,0,1,0,0,0,0,0,1,ADX>=thresh;MACD_cross_up;RSI_overbought;Price>SMA20
2025-08-11T14:04:27.674002,EIX,54.92,57.83,0.28,0.50,89.16,89.16,1,1,0,0,0,1,0,0,1,0,0,1,ADX>=thresh;MACD_cross_up;RSI_overbought;ATR>=pct;Price>SMA20
2025-08-11T14:04:35.932459,EQIX,776.93,23.76,1.71,0.22,79.38,79.38,1,1,0,0,1,0,0,0,0,0,0,1,ADX>=thresh;MACD_cross_up;BB_breakout;Price>SMA20
2025-08-11T14:04:39.442146,ES,65.45,39.95,0.16,0.25,74.91,74.91,1,1,0,0,0,1,0,0,0,0,0,1,ADX>=thresh;MACD_cross_up;RSI_overbought;Price>SMA20
2025-08-11T14:04:45.171632,FRT,91.67,38.32,0.21,0.23,45.33,45.33,1,1,0,0,1,1,0,0,0,0,0,1,ADX>=thresh;MACD_cross_up;BB_breakout;RSI_overbought;Price>SMA20
2025-08-11T14:04:49.472856,FTNT,76.67,53.60,0.57,0.74,98.67,98.67,1,1,0,0,0,1,0,0,1,0,0,1,ADX>=thresh;MACD_cross_up;RSI_overbought;ATR>=pct;Price>SMA20
2025-08-11T14:04:52.133825,BEN,25.36,47.53,0.07,0.27,100.35,100.35,1,1,0,0,0,1,0,0,0,0,0,1,ADX>=thresh;MACD_cross_up;RSI_overbought;Price>SMA20
2025-08-11T14:04:53.970013,IT,232.89,31.46,1.36,0.58,87.26,87.26,1,1,0,0,0,1,0,0,1,0,0,1,ADX>=thresh;MACD_cross_up;RSI_overbought;ATR>=pct;Price>SMA20
2025-08-11T14:04:58.221247,GEV,646.90,28.36,3.18,0.49,118.29,118.29,1,1,0,0,0,0,0,1,0,0,0,1,ADX>=thresh;MACD_cross_up;ATR>=abs;Price>SMA20
2025-08-11T14:04:59.014389,GEN,30.96,53.66,0.17,0.54,74.50,74.50,1,1,0,0,0,0,0,0,1,0,0,1,ADX>=thresh;MACD_cross_up;ATR>=pct;Price>SMA20
2025-08-11T14:05:03.481100,GPN,82.68,55.71,0.29,0.36,71.15,71.15,1,1,0,0,0,1,0,0,0,0,0,1,ADX>=thresh;MACD_cross_up;RSI_overbought;Price>SMA20
2025-08-11T14:05:07.394345,HIG,128.89,25.85,0.20,0.16,74.62,74.62,1,1,0,0,0,1,0,0,0,0,0,1,ADX>=thresh;MACD_cross_up;RSI_overbought;Price>SMA20
2025-08-11T14:05:10.435030,HSIC,66.39,24.93,0.24,0.36,61.68,61.68,1,1,0,0,0,1,0,0,0,0,0,1,ADX>=thresh;MACD_cross_up;RSI_overbought;Price>SMA20
2025-08-11T14:05:12.511077,HPE,21.00,43.03,0.07,0.33,11.99,11.99,1,1,0,0,0,1,0,0,0,0,0,1,ADX>=thresh;MACD_cross_up;RSI_overbought;Price>SMA20
2025-08-11T14:05:26.533591,INCY,79.03,32.86,0.24,0.31,52.05,52.05,1,1,0,0,0,1,0,0,0,0,0,1,ADX>=thresh;MACD_cross_up;RSI_overbought;Price>SMA20
2025-08-11T14:05:33.998441,INVH,30.09,41.82,0.06,0.21,46.47,46.47,1,1,0,0,0,1,0,0,0,0,0,1,ADX>=thresh;MACD_cross_up;RSI_overbought;Price>SMA20
2025-08-11T14:05:39.223552,JCI,105.84,23.26,0.25,0.24,51.58,51.58,1,1,0,0,0,1,0,0,0,0,0,1,ADX>=thresh;MACD_cross_up;RSI_overbought;Price>SMA20
2025-08-11T14:05:40.072126,JPM,290.52,44.75,0.62,0.21,49.50,49.50,1,1,0,0,0,1,0,0,0,0,0,1,ADX>=thresh;MACD_cross_up;RSI_overbought;Price>SMA20
2025-08-11T14:05:44.791259,KIM,20.92,47.94,0.05,0.23,12.04,12.04,1,1,0,0,1,1,0,0,0,0,0,1,ADX>=thresh;MACD_cross_up;BB_breakout;RSI_overbought;Price>SMA20
2025-08-11T14:05:51.239115,LW,51.95,37.63,0.20,0.38,28.79,28.79,1,1,0,0,0,1,0,0,0,0,0,1,ADX>=thresh;MACD_cross_up;RSI_overbought;Price>SMA20
2025-08-11T14:05:52.708228,LDOS,178.28,30.49,0.56,0.32,48.05,48.05,1,1,0,0,0,1,0,0,0,0,0,1,ADX>=thresh;MACD_cross_up;RSI_overbought;Price>SMA20
2025-08-11T14:05:54.111551,LII,581.54,37.73,2.75,0.47,136.43,136.43,1,1,0,0,0,0,0,1,0,0,0,1,ADX>=thresh;MACD_cross_up;ATR>=abs;Price>SMA20
2025-08-11T14:05:54.856662,LLY,643.84,37.66,3.36,0.52,16.81,16.81,1,1,0,0,0,1,0,1,1,0,0,1,ADX>=thresh;MACD_cross_up;RSI_overbought;ATR>=abs;ATR>=pct;Price>SMA20
2025-08-11T14:05:56.562447,LYV,155.03,25.84,0.65,0.42,44.99,44.99,1,1,0,0,0,1,0,0,0,0,0,1,ADX>=thresh;MACD_cross_up;RSI_overbought;Price>SMA20
2025-08-11T14:06:03.281305,MMC,204.53,30.41,0.38,0.19,31.63,31.63,1,1,0,0,0,1,0,0,0,0,0,1,ADX>=thresh;MACD_cross_up;RSI_overbought;Price>SMA20
2025-08-11T14:06:07.141802,MCD,306.53,24.31,0.72,0.24,73.75,73.75,1,1,0,0,0,1,0,0,0,0,0,1,ADX>=thresh;MACD_cross_up;RSI_overbought;Price>SMA20
2025-08-11T14:06:07.874671,MCK,677.17,22.88,3.14,0.46,63.42,63.42,1,1,0,0,0,1,0,1,0,0,0,1,ADX>=thresh;MACD_cross_up;RSI_overbought;ATR>=abs;Price>SMA20
2025-08-11T14:06:10.776674,MTD,1258.62,23.55,4.07,0.32,77.59,77.59,1,1,0,0,0,0,0,1,0,0,0,1,ADX>=thresh;MACD_cross_up;ATR>=abs;Price>SMA20
2025-08-11T14:06:11.906914,MCHP,62.35,28.31,0.36,0.58,8.20,8.20,1,1,0,0,0,0,0,0,1,0,0,1,ADX>=thresh;MACD_cross_up;ATR>=pct;Price>SMA20
2025-08-11T14:06:13.091218,MSFT,524.98,31.97,1.09,0.21,52.30,52.30,1,1,0,0,1,1,0,0,0,0,0,1,ADX>=thresh;MACD_cross_up;BB_breakout;RSI_overbought;Price>SMA20
2025-08-11T14:06:14.307997,MRNA,26.59,52.09,0.13,0.51,52.27,52.27,1,1,0,0,0,1,0,0,1,0,0,1,ADX>=thresh;MACD_cross_up;RSI_overbought;ATR>=pct;Price>SMA20
2025-08-11T14:06:17.217223,MPWR,809.20,36.85,3.01,0.37,56.88,56.88,1,1,0,0,0,0,0,1,0,0,0,1,ADX>=thresh;MACD_cross_up;ATR>=abs;Price>SMA20
2025-08-11T14:06:21.588166,NDAQ,97.39,38.66,0.14,0.15,9.72,9.72,1,1,0,0,0,1,0,0,0,0,0,1,ADX>=thresh;MACD_cross_up;RSI_overbought;Price>SMA20
2025-08-11T14:06:34.616266,ON,48.87,37.93,0.26,0.52,19.38,19.38,1,1,0,0,0,1,0,0,1,0,0,1,ADX>=thresh;MACD_cross_up;RSI_overbought;ATR>=pct;Price>SMA20
2025-08-11T14:06:35.707904,ORCL,252.19,21.17,1.48,0.59,71.41,71.41,1,1,0,0,0,0,0,0,1,0,0,1,ADX>=thresh;MACD_cross_up;ATR>=pct;Price>SMA20
2025-08-11T14:06:38.342036,PANW,170.61,46.06,0.68,0.40,15.88,15.88,1,1,0,0,0,1,0,0,0,0,0,1,ADX>=thresh;MACD_cross_up;RSI_overbought;Price>SMA20
2025-08-11T14:06:39.029692,PARA,0.00,23.11,0.04,inf,16.08,16.08,1,1,0,0,0,1,0,0,1,0,0,0,ADX>=thresh;MACD_cross_up;RSI_overbought;ATR>=pct
2025-08-11T14:06:42.267898,PNR,103.33,30.29,0.19,0.18,28.95,28.95,1,1,0,0,0,1,0,0,0,0,0,1,ADX>=thresh;MACD_cross_up;RSI_overbought;Price>SMA20
2025-08-11T14:06:44.072152,PCG,15.23,40.36,0.07,0.45,29.32,29.32,1,1,0,0,0,1,0,0,0,0,0,1,ADX>=thresh;MACD_cross_up;RSI_overbought;Price>SMA20
2025-08-11T14:06:49.807730,PG,154.33,32.26,0.26,0.17,39.51,39.51,1,1,0,0,0,1,0,0,0,0,0,1,ADX>=thresh;MACD_cross_up;RSI_overbought;Price>SMA20
2025-08-11T14:06:51.263455,PRU,104.29,32.11,0.27,0.26,28.23,28.23,1,1,0,0,0,1,0,0,0,0,0,1,ADX>=thresh;MACD_cross_up;RSI_overbought;Price>SMA20
2025-08-11T14:06:52.503899,PTC,208.02,54.03,0.52,0.25,22.68,22.68,1,1,0,0,0,1,0,0,0,0,0,1,ADX>=thresh;MACD_cross_up;RSI_overbought;Price>SMA20
2025-08-11T14:06:56.732991,RJF,165.89,28.16,0.37,0.22,35.77,35.77,1,1,0,0,0,1,0,0,0,0,0,1,ADX>=thresh;MACD_cross_up;RSI_overbought;Price>SMA20
2025-08-11T14:06:58.019419,O,57.69,48.96,0.10,0.18,7.05,7.05,1,1,0,0,1,0,0,0,0,0,0,1,ADX>=thresh;MACD_cross_up;BB_breakout;Price>SMA20
2025-08-11T14:07:03.537442,ROST,146.73,29.22,0.46,0.32,74.92,74.92,1,1,0,0,1,1,0,0,0,0,0,1,ADX>=thresh;MACD_cross_up;BB_breakout;RSI_overbought;Price>SMA20
2025-08-11T14:07:07.255871,STX,155.96,59.75,0.67,0.43,64.25,64.25,1,1,0,0,0,1,0,0,0,0,0,1,ADX>=thresh;MACD_cross_up;RSI_overbought;Price>SMA20
2025-08-11T14:07:10.796766,SJM,111.26,34.39,0.35,0.31,44.26,44.26,1,1,0,0,0,1,0,0,0,0,0,1,ADX>=thresh;MACD_cross_up;RSI_overbought;Price>SMA20
2025-08-11T14:07:19.011771,SMCI,45.87,39.28,0.33,0.72,45.20,45.20,1,1,0,0,0,1,0,0,1,0,0,1,ADX>=thresh;MACD_cross_up;RSI_overbought;ATR>=pct;Price>SMA20
2025-08-11T14:07:21.124025,TMUS,247.09,30.19,0.59,0.24,26.72,26.72,1,1,0,0,0,1,0,0,0,0,0,1,ADX>=thresh;MACD_cross_up;RSI_overbought;Price>SMA20
2025-08-11T14:07:22.673081,TTWO,225.51,43.75,1.58,0.70,10.00,10.00,1,1,0,0,0,1,0,0,1,0,0,1,ADX>=thresh;MACD_cross_up;RSI_overbought;ATR>=pct;Price>SMA20
2025-08-11T14:07:30.035270,TKO,172.92,51.39,1.52,0.88,50.20,50.20,1,1,0,0,0,1,0,0,1,0,0,1,ADX>=thresh;MACD_cross_up;RSI_overbought;ATR>=pct;Price>SMA20
2025-08-11T14:07:33.036370,TRMB,84.44,39.99,0.24,0.29,30.31,30.31,1,1,0,0,0,1,0,0,0,0,0,1,ADX>=thresh;MACD_cross_up;RSI_overbought;Price>SMA20
2025-08-11T14:07:34.220521,TYL,597.00,39.86,1.00,0.17,58.45,58.45,1,1,0,0,0,1,0,0,0,0,0,1,ADX>=thresh;MACD_cross_up;RSI_overbought;Price>SMA20
2025-08-11T14:07:42.696705,VRSK,266.78,32.25,0.58,0.22,49.23,49.23,1,1,0,0,0,1,0,0,0,0,0,1,ADX>=thresh;MACD_cross_up;RSI_overbought;Price>SMA20
2025-08-11T14:07:44.337255,VRTX,375.10,33.53,2.10,0.56,39.95,39.95,1,1,0,0,0,1,0,1,1,0,0,1,ADX>=thresh;MACD_cross_up;RSI_overbought;ATR>=abs;ATR>=pct;Price>SMA20
2025-08-11T14:07:45.119517,VTRS,10.05,51.20,0.07,0.72,16.59,16.59,1,1,0,0,0,1,0,0,1,0,0,1,ADX>=thresh;MACD_cross_up;RSI_overbought;ATR>=pct;Price>SMA20
2025-08-11T14:07:45.775530,VICI,32.98,36.08,0.06,0.18,34.44,34.44,1,1,0,0,1,1,0,0,0,0,0,1,ADX>=thresh;MACD_cross_up;BB_breakout;RSI_overbought;Price>SMA20
2025-08-11T14:07:54.083747,WFC,77.96,24.97,0.19,0.25,34.96,34.96,1,1,0,0,0,1,0,0,0,0,0,1,ADX>=thresh;MACD_cross_up;RSI_overbought;Price>SMA20
2025-08-11T14:07:56.327971,WDC,76.42,53.44,0.30,0.39,15.08,15.08,1,1,0,0,0,1,0,0,0,0,0,1,ADX>=thresh;MACD_cross_up;RSI_overbought;Price>SMA20
2025-08-11T14:08:13.093319,AMD,174.52,20.85,1.14,0.65,62.47,62.47,1,1,0,0,0,1,0,0,1,0,0,1,ADX>=thresh;MACD_cross_up;RSI_overbought;ATR>=pct;Price>SMA20
2025-08-11T14:08:14.732785,A,115.49,28.39,0.27,0.23,34.23,34.23,1,1,0,0,0,1,0,0,0,0,0,1,ADX>=thresh;MACD_cross_up;RSI_overbought;Price>SMA20
2025-08-11T14:08:16.636515,AKAM,72.73,40.34,0.47,0.65,3.20,3.20,1,1,0,0,0,1,0,0,1,0,0,1,ADX>=thresh;MACD_cross_up;RSI_overbought;ATR>=pct;Price>SMA20
2025-08-11T14:08:21.679542,MO,65.02,47.93,0.17,0.27,50.07,50.07,1,1,0,0,0,1,0,0,0,0,0,1,ADX>=thresh;MACD_cross_up;RSI_overbought;Price>SMA20
2025-08-11T14:08:31.159249,ADI,227.16,45.14,0.67,0.29,6.68,6.68,1,1,0,0,0,1,0,0,0,0,0,1,ADX>=thresh;MACD_cross_up;RSI_overbought;Price>SMA20
2025-08-11T14:08:32.486639,AON,368.17,27.23,0.88,0.24,28.31,28.31,1,1,0,0,0,1,0,0,0,0,0,1,ADX>=thresh;MACD_cross_up;RSI_overbought;Price>SMA20
2025-08-11T14:08:36.999891,ADM,58.59,26.72,0.26,0.44,65.64,65.64,1,1,0,0,1,1,0,0,0,0,0,1,ADX>=thresh;MACD_cross_up;BB_breakout;RSI_overbought;Price>SMA20
2025-08-11T14:08:54.282519,BAC,46.21,53.65,0.10,0.22,16.50,16.50,1,1,0,0,1,1,0,0,0,0,0,1,ADX>=thresh;MACD_cross_up;BB_breakout;RSI_overbought;Price>SMA20
2025-08-11T14:08:58.742701,BLK,1129.10,27.01,2.26,0.20,35.51,35.51,1,1,0,0,0,1,0,1,0,0,0,1,ADX>=thresh;MACD_cross_up;RSI_overbought;ATR>=abs;Price>SMA20
2025-08-11T14:09:01.283557,BKNG,5423.73,22.50,10.81,0.20,34.76,34.76,1,1,0,0,1,1,0,1,0,0,0,1,ADX>=thresh;MACD_cross_up;BB_breakout;RSI_overbought;ATR>=abs;Price>SMA20
2025-08-11T14:09:02.842326,AVGO,307.66,29.99,1.29,0.42,51.46,51.46,1,1,0,0,0,1,0,0,0,0,0,1,ADX>=thresh;MACD_cross_up;RSI_overbought;Price>SMA20
2025-08-11T14:09:10.999197,KMX,55.99,34.09,0.23,0.42,35.75,35.75,1,1,0,0,0,1,0,0,0,0,0,1,ADX>=thresh;MACD_cross_up;RSI_overbought;Price>SMA20
2025-08-11T14:09:16.175083,COR,288.93,49.81,1.04,0.36,71.08,71.08,1,1,0,0,0,1,0,0,0,0,0,1,ADX>=thresh;MACD_cross_up;RSI_overbought;Price>SMA20
2025-08-11T14:09:17.938229,CF,83.16,36.14,0.49,0.58,19.76,19.76,1,1,0,0,0,1,0,0,1,0,0,1,ADX>=thresh;MACD_cross_up;RSI_overbought;ATR>=pct;Price>SMA20
2025-08-11T14:09:18.947334,SCHW,97.59,29.19,0.18,0.18,48.33,48.33,1,1,0,0,0,1,0,0,0,0,0,1,ADX>=thresh;MACD_cross_up;RSI_overbought;Price>SMA20
2025-08-11T14:09:24.585515,CSCO,72.06,31.86,0.23,0.32,15.29,15.29,1,1,0,0,0,1,0,0,0,0,0,1,ADX>=thresh;MACD_cross_up;RSI_overbought;Price>SMA20
2025-08-11T14:09:26.995272,CME,284.09,38.07,0.63,0.22,60.60,60.60,1,1,0,0,0,1,0,0,0,0,0,1,ADX>=thresh;MACD_cross_up;RSI_overbought;Price>SMA20
2025-08-11T14:09:28.423491,KO,70.42,30.68,0.12,0.17,36.32,36.32,1,1,0,0,1,1,0,0,0,0,0,1,ADX>=thresh;MACD_cross_up;BB_breakout;RSI_overbought;Price>SMA20
2025-08-11T14:09:35.305230,CPAY,304.50,20.50,1.06,0.35,30.01,30.01,1,1,0,0,1,0,0,0,0,0,0,1,ADX>=thresh;MACD_cross_up;BB_breakout;Price>SMA20
2025-08-11T14:09:38.163359,CTRA,24.12,28.43,0.07,0.30,50.41,50.41,1,1,0,0,0,1,0,0,0,0,0,1,ADX>=thresh;MACD_cross_up;RSI_overbought;Price>SMA20
2025-08-11T14:09:38.989622,CRWD,429.75,28.10,2.20,0.51,37.28,37.28,1,1,0,0,0,1,0,1,1,0,0,1,ADX>=thresh;MACD_cross_up;RSI_overbought;ATR>=abs;ATR>=pct;Price>SMA20
2025-08-11T14:09:45.346231,DELL,140.32,32.03,0.68,0.49,46.91,46.91,1,1,0,0,1,1,0,0,0,0,0,1,ADX>=thresh;MACD_cross_up;BB_breakout;RSI_overbought;Price>SMA20
2025-08-11T14:10:12.000449,FRT,91.70,29.11,0.22,0.24,10.51,10.51,1,1,0,0,1,1,0,0,0,0,0,1,ADX>=thresh;MACD_cross_up;BB_breakout;RSI_overbought;Price>SMA20
2025-08-11T14:10:16.737332,FTNT,76.34,62.40,0.58,0.76,22.80,22.80,1,1,0,0,0,1,0,0,1,0,0,1,ADX>=thresh;MACD_cross_up;RSI_overbought;ATR>=pct;Price>SMA20
2025-08-11T14:10:19.129792,BEN,25.39,52.95,0.07,0.27,53.29,53.29,1,1,0,0,0,1,0,0,0,0,0,1,ADX>=thresh;MACD_cross_up;RSI_overbought;Price>SMA20
2025-08-11T14:10:20.955988,IT,234.10,37.17,1.47,0.63,28.20,28.20,1,1,0,0,0,1,0,0,1,0,0,1,ADX>=thresh;MACD_cross_up;RSI_overbought;ATR>=pct;Price>SMA20
2025-08-11T14:10:22.679027,GEV,646.88,22.82,3.10,0.48,24.95,24.95,1,1,0,0,0,0,0,1,0,0,0,1,ADX>=thresh;MACD_cross_up;ATR>=abs;Price>SMA20
2025-08-11T14:10:23.575742,GEN,31.05,45.49,0.17,0.55,17.68,17.68,1,1,0,0,0,1,0,0,1,0,0,1,ADX>=thresh;MACD_cross_up;RSI_overbought;ATR>=pct;Price>SMA20
2025-08-11T14:10:28.693445,GPN,82.66,60.02,0.29,0.35,-12.63,-12.63,1,1,0,0,0,1,0,0,0,0,0,1,ADX>=thresh;MACD_cross_up;RSI_overbought;Price>SMA20
2025-08-11T14:10:32.243717,HIG,128.93,28.44,0.20,0.16,9.18,9.18,1,1,0,0,0,1,0,0,0,0,0,1,ADX>=thresh;MACD_cross_up;RSI_overbought;Price>SMA20
2025-08-11T14:10:32.955365,HAS,77.81,30.08,0.19,0.25,9.68,9.68,1,1,0,0,1,0,0,0,0,0,0,1,ADX>=thresh;MACD_cross_up;BB_breakout;Price>SMA20
2025-08-11T14:10:47.687375,INCY,79.19,35.15,0.26,0.33,33.71,33.71,1,1,0,0,0,1,0,0,0,0,0,1,ADX>=thresh;MACD_cross_up;RSI_overbought;Price>SMA20
2025-08-11T14:10:59.918819,JPM,290.69,44.35,0.65,0.22,22.46,22.46,1,1,0,0,0,1,0,0,0,0,0,1,ADX>=thresh;MACD_cross_up;RSI_overbought;Price>SMA20
2025-08-11T14:11:03.756653,KIM,20.91,45.06,0.05,0.23,0.52,0.52,1,1,0,0,0,1,0,0,0,0,0,1,ADX>=thresh;MACD_cross_up;RSI_overbought;Price>SMA20
2025-08-11T14:11:08.443593,LW,52.05,35.82,0.21,0.40,20.43,20.43,1,1,0,0,0,1,0,0,0,0,0,1,ADX>=thresh;MACD_cross_up;RSI_overbought;Price>SMA20
2025-08-11T14:11:11.496642,LII,580.95,36.72,2.42,0.42,56.19,56.19,1,1,0,0,0,0,0,1,0,0,0,1,ADX>=thresh;MACD_cross_up;ATR>=abs;Price>SMA20
2025-08-11T14:11:12.571528,LLY,644.50,41.23,3.41,0.53,12.98,12.98,1,1,0,0,0,1,0,1,1,0,0,1,ADX>=thresh;MACD_cross_up;RSI_overbought;ATR>=abs;ATR>=pct;Price>SMA20
2025-08-11T14:11:13.964844,LYV,155.34,25.48,0.63,0.41,19.61,19.61,1,1,0,0,1,1,0,0,0,0,0,1,ADX>=thresh;MACD_cross_up;BB_breakout;RSI_overbought;Price>SMA20
2025-08-11T14:11:20.997051,MMC,204.48,33.53,0.40,0.20,18.78,18.78,1,1,0,0,0,1,0,0,0,0,0,1,ADX>=thresh;MACD_cross_up;RSI_overbought;Price>SMA20
2025-08-11T14:11:24.288593,MCD,306.62,22.90,0.67,0.22,38.19,38.19,1,1,0,0,0,1,0,0,0,0,0,1,ADX>=thresh;MACD_cross_up;RSI_overbought;Price>SMA20
2025-08-11T14:11:25.218041,MCK,677.47,34.60,3.12,0.46,62.78,62.78,1,1,0,0,0,1,0,1,0,0,0,1,ADX>=thresh;MACD_cross_up;RSI_overbought;ATR>=abs;Price>SMA20
2025-08-11T14:11:30.546620,MSFT,524.13,31.15,1.09,0.21,32.24,32.24,1,1,0,0,0,1,0,0,0,0,0,1,ADX>=thresh;MACD_cross_up;RSI_overbought;Price>SMA20
2025-08-11T14:11:31.786488,MRNA,26.67,58.47,0.14,0.51,26.86,26.86,1,1,0,0,0,1,0,0,1,0,0,1,ADX>=thresh;MACD_cross_up;RSI_overbought;ATR>=pct;Price>SMA20
2025-08-11T14:11:34.782919,MPWR,812.96,38.86,3.39,0.42,69.91,69.91,1,1,0,0,0,1,0,1,0,0,0,1,ADX>=thresh;MACD_cross_up;RSI_overbought;ATR>=abs;Price>SMA20
2025-08-11T14:11:36.317133,MS,143.69,30.75,0.35,0.25,10.96,10.96,1,1,0,0,0,1,0,0,0,0,0,1,ADX>=thresh;MACD_cross_up;RSI_overbought;Price>SMA20
2025-08-11T14:11:37.816010,MSCI,552.35,20.79,1.21,0.22,36.22,36.22,1,1,0,0,0,1,0,0,0,0,0,1,ADX>=thresh;MACD_cross_up;RSI_overbought;Price>SMA20
2025-08-11T14:11:38.654441,NDAQ,97.44,38.81,0.14,0.15,-2.79,-2.79,1,1,0,0,0,1,0,0,0,0,0,1,ADX>=thresh;MACD_cross_up;RSI_overbought;Price>SMA20
2025-08-11T14:11:50.483598,ON,48.89,41.22,0.26,0.53,-1.31,-1.31,1,1,0,0,0,1,0,0,1,0,0,1,ADX>=thresh;MACD_cross_up;RSI_overbought;ATR>=pct;Price>SMA20
2025-08-11T14:11:54.534221,PLTR,186.54,44.99,1.20,0.64,7.34,7.34,1,1,0,0,0,0,0,0,1,0,0,1,ADX>=thresh;MACD_cross_up;ATR>=pct;Price>SMA20
2025-08-11T14:11:55.257466,PANW,170.24,45.43,0.69,0.40,-1.39,-1.39,1,1,0,0,0,1,0,0,0,0,0,1,ADX>=thresh;MACD_cross_up;RSI_overbought;Price>SMA20
2025-08-11T14:11:55.942264,PARA,0.00,23.11,0.04,inf,16.08,16.08,1,1,0,0,0,1,0,0,1,0,0,0,ADX>=thresh;MACD_cross_up;RSI_overbought;ATR>=pct
2025-08-11T14:12:05.945114,PFG,77.20,25.14,0.21,0.28,10.16,10.16,1,1,0,0,0,1,0,0,0,0,0,1,ADX>=thresh;MACD_cross_up;RSI_overbought;Price>SMA20
2025-08-11T14:12:07.119377,PG,154.29,36.09,0.28,0.18,17.71,17.71,1,1,0,0,0,1,0,0,0,0,0,1,ADX>=thresh;MACD_cross_up;RSI_overbought;Price>SMA20
2025-08-11T14:12:09.806358,PRU,104.35,34.75,0.27,0.26,20.80,20.80,1,1,0,0,0,1,0,0,0,0,0,1,ADX>=thresh;MACD_cross_up;RSI_overbought;Price>SMA20
2025-08-11T14:12:16.090446,RJF,165.82,29.94,0.37,0.22,7.21,7.21,1,1,0,0,0,1,0,0,0,0,0,1,ADX>=thresh;MACD_cross_up;RSI_overbought;Price>SMA20
2025-08-11T14:12:36.159664,RMD,285.88,20.27,0.74,0.26,34.72,34.72,1,1,0,0,1,1,0,0,0,0,0,1,ADX>=thresh;MACD_cross_up;BB_breakout;RSI_overbought;Price>SMA20
2025-08-11T14:12:56.138937,SPGI,559.26,37.35,0.96,0.17,-9.82,-9.82,1,1,0,0,0,1,0,0,0,0,0,1,ADX>=thresh;MACD_cross_up;RSI_overbought;Price>SMA20
2025-08-11T14:12:58.871129,STX,155.72,63.14,0.69,0.45,39.98,39.98,1,1,0,0,0,1,0,0,0,0,0,1,ADX>=thresh;MACD_cross_up;RSI_overbought;Price>SMA20
2025-08-11T14:13:11.120415,SMCI,46.13,44.79,0.35,0.75,38.91,38.91,1,1,0,0,0,1,0,0,1,0,0,1,ADX>=thresh;MACD_cross_up;RSI_overbought;ATR>=pct;Price>SMA20
2025-08-11T14:13:13.417083,TMUS,247.36,31.08,0.59,0.24,9.15,9.15,1,1,0,0,0,1,0,0,0,0,0,1,ADX>=thresh;MACD_cross_up;RSI_overbought;Price>SMA20
2025-08-11T14:13:15.141437,TTWO,226.23,45.78,1.65,0.73,3.63,3.63,1,1,0,0,0,1,0,0,1,0,0,1,ADX>=thresh;MACD_cross_up;RSI_overbought;ATR>=pct;Price>SMA20
2025-08-11T14:13:20.951783,TXT,77.70,28.46,0.18,0.24,38.60,38.60,1,1,0,0,0,1,0,0,0,0,0,1,ADX>=thresh;MACD_cross_up;RSI_overbought;Price>SMA20
2025-08-11T14:13:23.136733,TKO,174.76,55.97,1.54,0.88,30.26,30.26,1,1,0,0,0,1,0,0,1,0,0,1,ADX>=thresh;MACD_cross_up;RSI_overbought;ATR>=pct;Price>SMA20
2025-08-11T14:13:31.599832,UAL,90.68,37.98,0.44,0.48,32.12,32.12,1,1,0,0,0,1,0,0,0,0,0,1,ADX>=thresh;MACD_cross_up;RSI_overbought;Price>SMA20
2025-08-11T14:13:39.452894,VRTX,375.72,35.85,2.17,0.58,14.25,14.25,1,1,0,0,0,1,0,1,1,0,0,1,ADX>=thresh;MACD_cross_up;RSI_overbought;ATR>=abs;ATR>=pct;Price>SMA20
2025-08-11T14:13:52.526442,WELL,169.16,47.04,0.44,0.26,7.16,7.16,1,1,0,0,0,1,0,0,0,0,0,1,ADX>=thresh;MACD_cross_up;RSI_overbought;Price>SMA20
2025-08-11T14:13:59.109714,YUM,142.35,23.33,0.39,0.27,34.08,34.08,1,1,0,0,0,1,0,0,0,0,0,1,ADX>=thresh;MACD_cross_up;RSI_overbought;Price>SMA20
2025-08-11T14:14:09.996625,AMD,175.12,20.50,1.19,0.68,52.30,52.30,1,1,0,0,0,1,0,0,1,0,0,1,ADX>=thresh;MACD_cross_up;RSI_overbought;ATR>=pct;Price>SMA20
2025-08-11T14:14:19.175291,MO,64.99,52.41,0.18,0.27,21.37,21.37,1,1,0,0,0,1,0,0,0,0,0,1,ADX>=thresh;MACD_cross_up;RSI_overbought;Price>SMA20
2025-08-11T14:14:22.610834,AIG,78.92,36.96,0.20,0.25,2.96,2.96,1,1,0,0,0,1,0,0,0,0,0,1,ADX>=thresh;MACD_cross_up;RSI_overbought;Price>SMA20
2025-08-11T14:14:24.165163,AMP,507.72,33.32,1.25,0.25,72.83,72.83,1,1,0,0,0,1,0,0,0,0,0,1,ADX>=thresh;MACD_cross_up;RSI_overbought;Price>SMA20
2025-08-11T14:14:27.550353,AON,368.81,28.36,0.83,0.23,26.99,26.99,1,1,0,0,1,1,0,0,0,0,0,1,ADX>=thresh;MACD_cross_up;BB_breakout;RSI_overbought;Price>SMA20
2025-08-11T14:14:35.138088,T,28.25,26.66,0.06,0.21,26.10,26.10,1,1,0,0,0,1,0,0,0,0,0,1,ADX>=thresh;MACD_cross_up;RSI_overbought;Price>SMA20
2025-08-11T14:14:38.647256,AXON,831.75,41.09,4.60,0.55,-6.39,-6.39,1,1,0,0,0,0,0,1,1,0,0,0,ADX>=thresh;MACD_cross_up;ATR>=abs;ATR>=pct
2025-08-11T14:14:45.547328,BLK,1130.00,22.39,2.36,0.21,40.71,40.71,1,1,0,0,0,1,0,1,0,0,0,1,ADX>=thresh;MACD_cross_up;RSI_overbought;ATR>=abs;Price>SMA20
2025-08-11T14:14:48.012955,BKNG,5431.48,20.78,11.33,0.21,33.69,33.69,1,1,0,0,1,1,0,1,0,0,0,1,ADX>=thresh;MACD_cross_up;BB_breakout;RSI_overbought;ATR>=abs;Price>SMA20
2025-08-11T14:14:50.021620,AVGO,307.82,29.35,1.34,0.44,16.94,16.94,1,1,0,0,0,1,0,0,0,0,0,1,ADX>=thresh;MACD_cross_up;RSI_overbought;Price>SMA20
2025-08-11T14:14:57.498760,KMX,55.91,37.85,0.25,0.44,18.73,18.73,1,1,0,0,0,1,0,0,0,0,0,1,ADX>=thresh;MACD_cross_up;RSI_overbought;Price>SMA20
2025-08-11T14:15:01.897355,COR,289.14,49.87,1.05,0.36,74.44,74.44,1,1,0,0,0,1,0,0,0,0,0,1,ADX>=thresh;MACD_cross_up;RSI_overbought;Price>SMA20
2025-08-11T14:15:03.470443,CF,83.64,38.25,0.49,0.59,16.92,16.92,1,1,0,0,0,1,0,0,1,0,0,1,ADX>=thresh;MACD_cross_up;RSI_overbought;ATR>=pct;Price>SMA20
2025-08-11T14:15:04.586141,SCHW,97.65,36.85,0.18,0.19,19.79,19.79,1,1,0,0,0,1,0,0,0,0,0,1,ADX>=thresh;MACD_cross_up;RSI_overbought;Price>SMA20
2025-08-11T14:15:13.780502,CME,284.46,40.42,0.61,0.22,9.26,9.26,1,1,0,0,0,1,0,0,0,0,0,1,ADX>=thresh;MACD_cross_up;RSI_overbought;Price>SMA20
2025-08-11T14:15:15.097153,KO,70.39,28.64,0.13,0.18,27.57,27.57,1,1,0,0,0,1,0,0,0,0,0,1,ADX>=thresh;MACD_cross_up;RSI_overbought;Price>SMA20
2025-08-11T14:15:23.284468,CTVA,71.98,39.29,0.25,0.34,39.30,39.30,1,1,0,0,0,1,0,0,0,0,0,1,ADX>=thresh;MACD_cross_up;RSI_overbought;Price>SMA20
2025-08-11T14:15:25.888373,CRWD,430.97,28.37,2.32,0.54,28.88,28.88,1,1,0,0,0,1,0,1,1,0,0,1,ADX>=thresh;MACD_cross_up;RSI_overbought;ATR>=abs;ATR>=pct;Price>SMA20
2025-08-11T14:15:32.591959,DELL,140.15,41.66,0.68,0.48,21.94,21.94,1,1,0,0,0,1,0,0,0,0,0,1,ADX>=thresh;MACD_cross_up;RSI_overbought;Price>SMA20
2025-08-11T14:15:45.674601,EA,174.16,49.45,1.32,0.76,-9.67,-9.67,1,1,0,0,0,1,0,0,1,0,0,1,ADX>=thresh;MACD_cross_up;RSI_overbought;ATR>=pct;Price>SMA20
2025-08-11T14:15:50.878635,EQIX,777.30,21.80,2.00,0.26,43.36,43.36,1,1,0,0,0,0,0,1,0,0,0,1,ADX>=thresh;MACD_cross_up;ATR>=abs;Price>SMA20
2025-08-11T14:16:07.622796,IT,234.13,39.91,1.50,0.64,14.36,14.36,1,1,0,0,0,1,0,0,1,0,0,1,ADX>=thresh;MACD_cross_up;RSI_overbought;ATR>=pct;Price>SMA20
2025-08-11T14:16:09.511015,GEV,650.16,20.85,3.34,0.51,14.61,14.61,1,1,0,0,0,0,0,1,1,0,0,1,ADX>=thresh;MACD_cross_up;ATR>=abs;ATR>=pct;Price>SMA20
2025-08-11T14:16:10.162729,GEN,30.96,41.32,0.17,0.56,1.13,1.13,1,1,0,0,0,0,0,0,1,0,0,1,ADX>=thresh;MACD_cross_up;ATR>=pct;Price>SMA20
2025-08-11T14:16:17.722974,HIG,129.01,31.17,0.21,0.16,2.67,2.67,1,1,0,0,0,1,0,0,0,0,0,1,ADX>=thresh;MACD_cross_up;RSI_overbought;Price>SMA20
2025-08-11T14:16:19.904024,HSIC,66.58,25.28,0.26,0.40,17.56,17.56,1,1,0,0,1,1,0,0,0,0,0,1,ADX>=thresh;MACD_cross_up;BB_breakout;RSI_overbought;Price>SMA20
2025-08-11T14:16:52.297275,LDOS,178.16,32.55,0.63,0.35,37.67,37.67,1,1,0,0,0,1,0,0,0,0,0,1,ADX>=thresh;MACD_cross_up;RSI_overbought;Price>SMA20
2025-08-11T14:16:53.778792,LLY,644.85,45.31,3.48,0.54,0.70,0.70,1,1,0,0,0,1,0,1,1,0,0,1,ADX>=thresh;MACD_cross_up;RSI_overbought;ATR>=abs;ATR>=pct;Price>SMA20
2025-08-11T14:16:55.654298,LYV,155.21,26.43,0.65,0.42,13.48,13.48,1,1,0,0,0,1,0,0,0,0,0,1,ADX>=thresh;MACD_cross_up;RSI_overbought;Price>SMA20
2025-08-11T14:17:02.481482,MMC,204.46,34.24,0.41,0.20,16.57,16.57,1,1,0,0,0,1,0,0,0,0,0,1,ADX>=thresh;MACD_cross_up;RSI_overbought;Price>SMA20
2025-08-11T14:17:11.954089,MSFT,523.99,30.24,1.09,0.21,15.38,15.38,1,1,0,0,0,1,0,0,0,0,0,1,ADX>=thresh;MACD_cross_up;RSI_overbought;Price>SMA20
2025-08-11T14:17:20.007607,MSCI,552.92,33.89,1.11,0.20,-21.24,-21.24,1,1,0,0,0,1,0,0,0,0,0,1,ADX>=thresh;MACD_cross_up;RSI_overbought;Price>SMA20
2025-08-11T14:17:27.530158,NOC,583.00,41.70,1.65,0.28,15.55,15.55,1,1,0,0,1,0,0,0,0,0,0,1,ADX>=thresh;MACD_cross_up;BB_breakout;Price>SMA20
2025-08-11T14:17:37.585679,PLTR,186.94,45.43,1.24,0.66,2.90,2.90,1,1,0,0,1,0,0,0,1,0,0,1,ADX>=thresh;MACD_cross_up;BB_breakout;ATR>=pct;Price>SMA20
2025-08-11T14:17:39.083135,PARA,0.00,22.69,0.04,inf,17.64,17.64,1,1,0,0,0,1,0,0,1,0,0,0,ADX>=thresh;MACD_cross_up;RSI_overbought;ATR>=pct
2025-08-11T14:17:59.125681,RMD,286.17,21.36,0.76,0.27,18.86,18.86,1,1,0,0,0,1,0,0,0,0,0,1,ADX>=thresh;MACD_cross_up;RSI_overbought;Price>SMA20
2025-08-11T14:18:15.859404,SMCI,46.15,48.99,0.35,0.75,13.90,13.90,1,1,0,0,0,1,0,0,1,0,0,1,ADX>=thresh;MACD_cross_up;RSI_overbought;ATR>=pct;Price>SMA20
2025-08-11T14:18:18.307740,TMUS,247.30,31.30,0.59,0.24,-13.58,-13.58,1,1,0,0,0,1,0,0,0,0,0,1,ADX>=thresh;MACD_cross_up;RSI_overbought;Price>SMA20
2025-08-11T14:18:19.674887,TTWO,225.62,48.50,1.61,0.71,-2.18,-2.18,1,1,0,0,0,1,0,0,1,0,0,1,ADX>=thresh;MACD_cross_up;RSI_overbought;ATR>=pct;Price>SMA20
2025-08-11T14:18:25.705128,TXT,77.64,27.83,0.20,0.25,43.43,43.43,1,1,0,0,0,1,0,0,0,0,0,1,ADX>=thresh;MACD_cross_up;RSI_overbought;Price>SMA20
2025-08-11T14:18:27.519170,TKO,174.40,61.97,1.61,0.92,8.06,8.06,1,1,0,0,0,1,0,0,1,0,0,1,ADX>=thresh;MACD_cross_up;RSI_overbought;ATR>=pct;Price>SMA20
2025-08-11T14:18:38.768305,UAL,90.80,39.04,0.46,0.50,25.01,25.01,1,1,0,0,0,1,0,0,1,0,0,1,ADX>=thresh;MACD_cross_up;RSI_overbought;ATR>=pct;Price>SMA20
2025-08-11T14:18:41.296534,UHS,173.50,39.59,0.61,0.35,-2.71,-2.71,1,1,0,0,0,1,0,0,0,0,0,1,ADX>=thresh;MACD_cross_up;RSI_overbought;Price>SMA20
2025-08-11T14:18:45.826658,VRTX,375.69,34.92,2.27,0.60,0.54,0.54,1,1,0,0,0,1,0,1,1,0,0,1,ADX>=thresh;MACD_cross_up;RSI_overbought;ATR>=abs;ATR>=pct;Price>SMA20
2025-08-11T14:18:50.934523,WRB,70.82,21.93,0.12,0.18,30.82,30.82,1,1,0,0,1,1,0,0,0,0,0,1,ADX>=thresh;MACD_cross_up;BB_breakout;RSI_overbought;Price>SMA20
2025-08-11T14:19:04.994714,YUM,142.36,25.56,0.42,0.29,6.79,6.79,1,1,0,0,0,1,0,0,0,0,0,1,ADX>=thresh;MACD_cross_up;RSI_overbought;Price>SMA20
2025-08-11T14:19:22.455614,ALL,207.74,34.61,0.41,0.20,-14.95,-14.95,1,1,0,0,0,1,0,0,0,0,0,1,ADX>=thresh;MACD_cross_up;RSI_overbought;Price>SMA20
2025-08-11T14:19:28.768567,AIG,78.95,37.96,0.20,0.25,2.74,2.74,1,1,0,0,1,1,0,0,0,0,0,1,ADX>=thresh;MACD_cross_up;BB_breakout;RSI_overbought;Price>SMA20
2025-08-11T14:19:34.854635,AON,370.08,27.19,0.90,0.24,28.79,28.79,1,1,0,0,1,1,0,0,0,0,0,1,ADX>=thresh;MACD_cross_up;BB_breakout;RSI_overbought;Price>SMA20
2025-08-11T14:19:38.385283,ACGL,89.32,40.31,0.15,0.17,13.85,13.85,1,1,0,0,1,1,0,0,0,0,0,1,ADX>=thresh;MACD_cross_up;BB_breakout;RSI_overbought;Price>SMA20
2025-08-11T14:19:40.400156,AJG,291.59,20.02,0.96,0.33,31.24,31.24,1,1,0,0,0,1,0,0,0,0,0,1,ADX>=thresh;MACD_cross_up;RSI_overbought;Price>SMA20
2025-08-11T14:19:46.321970,AXON,832.22,45.65,4.79,0.58,-14.52,-14.52,1,1,0,0,0,0,0,1,1,0,0,0,ADX>=thresh;MACD_cross_up;ATR>=abs;ATR>=pct
2025-08-11T14:19:48.159988,BAC,46.23,43.29,0.11,0.24,9.12,9.12,1,1,0,0,0,1,0,0,0,0,0,1,ADX>=thresh;MACD_cross_up;RSI_overbought;Price>SMA20
2025-08-11T14:19:51.791131,BLK,1128.26,20.41,2.55,0.23,38.60,38.60,1,1,0,0,0,0,0,1,0,0,0,1,ADX>=thresh;MACD_cross_up;ATR>=abs;Price>SMA20
2025-08-11T14:19:54.447605,BKNG,5431.48,20.78,11.33,0.21,33.69,33.69,1,1,0,0,1,1,0,1,0,0,0,1,ADX>=thresh;MACD_cross_up;BB_breakout;RSI_overbought;ATR>=abs;Price>SMA20
2025-08-11T14:19:56.576675,AVGO,307.76,25.44,1.37,0.44,7.27,7.27,1,1,0,0,0,1,0,0,0,0,0,1,ADX>=thresh;MACD_cross_up;RSI_overbought;Price>SMA20
2025-08-11T14:19:58.347989,BRO,94.41,46.03,0.24,0.25,8.56,8.56,1,1,0,0,1,1,0,0,0,0,0,1,ADX>=thresh;MACD_cross_up;BB_breakout;RSI_overbought;Price>SMA20
2025-08-11T14:20:13.571090,SCHW,97.63,32.27,0.19,0.20,7.02,7.02,1,1,0,0,0,1,0,0,0,0,0,1,ADX>=thresh;MACD_cross_up;RSI_overbought;Price>SMA20
2025-08-11T14:20:21.303585,CME,285.21,40.74,0.67,0.23,22.46,22.46,1,1,0,0,1,1,0,0,0,0,0,1,ADX>=thresh;MACD_cross_up;BB_breakout;RSI_overbought;Price>SMA20
2025-08-11T14:20:28.622274,CPRT,46.80,21.23,0.13,0.28,14.89,14.89,1,1,0,0,0,1,0,0,0,0,0,1,ADX>=thresh;MACD_cross_up;RSI_overbought;Price>SMA20
2025-08-11T14:20:32.208653,CRWD,430.44,28.54,2.30,0.54,13.07,13.07,1,1,0,0,0,1,0,1,1,0,0,1,ADX>=thresh;MACD_cross_up;RSI_overbought;ATR>=abs;ATR>=pct;Price>SMA20
2025-08-11T14:20:37.557686,DELL,139.70,43.82,0.66,0.47,10.16,10.16,1,1,0,0,0,1,0,0,0,0,0,1,ADX>=thresh;MACD_cross_up;RSI_overbought;Price>SMA20
2025-08-11T14:20:56.462230,ERIE,361.24,21.92,1.89,0.52,9.25,9.25,1,1,0,0,1,1,0,0,1,0,0,1,ADX>=thresh;MACD_cross_up;BB_breakout;RSI_overbought;ATR>=pct;Price>SMA20
2025-08-11T14:21:12.557355,IT,234.40,42.15,1.50,0.64,4.59,4.59,1,1,0,0,0,1,0,0,1,0,0,1,ADX>=thresh;MACD_cross_up;RSI_overbought;ATR>=pct;Price>SMA20
2025-08-11T14:21:14.405774,GEV,649.60,20.54,3.45,0.53,7.87,7.87,1,1,0,0,0,0,0,1,1,0,0,1,ADX>=thresh;MACD_cross_up;ATR>=abs;ATR>=pct;Price>SMA20
2025-08-11T14:21:15.253393,GEN,31.02,38.09,0.17,0.55,-0.02,-0.02,1,1,0,0,0,0,0,0,1,0,0,1,ADX>=thresh;MACD_cross_up;ATR>=pct;Price>SMA20
2025-08-11T14:21:21.738822,HIG,129.12,33.48,0.21,0.17,-5.80,-5.80,1,1,0,0,0,1,0,0,0,0,0,1,ADX>=thresh;MACD_cross_up;RSI_overbought;Price>SMA20
2025-08-11T14:21:23.867224,HSIC,66.69,27.44,0.27,0.40,14.83,14.83,1,1,0,0,1,1,0,0,0,0,0,1,ADX>=thresh;MACD_cross_up;BB_breakout;RSI_overbought;Price>SMA20
2025-08-11T14:21:33.388906,INCY,79.28,40.72,0.28,0.36,4.23,4.23,1,1,0,0,0,1,0,0,0,0,0,1,ADX>=thresh;MACD_cross_up;RSI_overbought;Price>SMA20
2025-08-11T14:21:50.354672,KR,74.53,25.56,0.19,0.25,11.69,11.69,1,1,0,0,1,1,0,0,0,0,0,1,ADX>=thresh;MACD_cross_up;BB_breakout;RSI_overbought;Price>SMA20
2025-08-11T14:21:53.641448,LDOS,178.45,39.62,0.65,0.36,1.74,1.74,1,1,0,0,0,1,0,0,0,0,0,1,ADX>=thresh;MACD_cross_up;RSI_overbought;Price>SMA20
2025-08-11T14:21:54.975114,LLY,646.08,49.60,3.52,0.54,-1.96,-1.96,1,1,0,0,0,1,0,1,1,0,0,1,ADX>=thresh;MACD_cross_up;RSI_overbought;ATR>=abs;ATR>=pct;Price>SMA20
2025-08-11T14:21:56.046231,LYV,155.50,28.04,0.68,0.44,16.34,16.34,1,1,0,0,0,1,0,0,0,0,0,1,ADX>=thresh;MACD_cross_up;RSI_overbought;Price>SMA20
2025-08-11T14:22:13.313637,MOH,157.87,22.02,1.03,0.65,3.44,3.44,1,1,0,0,0,0,0,0,1,0,0,1,ADX>=thresh;MACD_cross_up;ATR>=pct;Price>SMA20
2025-08-11T14:22:18.845884,MSCI,554.00,36.96,1.10,0.20,-14.19,-14.19,1,1,0,0,1,1,0,0,0,0,0,1,ADX>=thresh;MACD_cross_up;BB_breakout;RSI_overbought;Price>SMA20
2025-08-11T14:22:19.576033,NDAQ,97.46,39.98,0.14,0.15,-6.75,-6.75,1,1,0,0,0,1,0,0,0,0,0,1,ADX>=thresh;MACD_cross_up;RSI_overbought;Price>SMA20
2025-08-11T14:22:37.079249,PLTR,186.90,46.15,1.26,0.67,-2.37,-2.37,1,1,0,0,1,0,0,0,1,0,0,1,ADX>=thresh;MACD_cross_up;BB_breakout;ATR>=pct;Price>SMA20
2025-08-11T14:22:38.267673,PARA,0.00,23.11,0.04,inf,16.08,16.08,1,1,0,0,0,1,0,0,1,0,0,0,ADX>=thresh;MACD_cross_up;RSI_overbought;ATR>=pct
2025-08-11T14:23:02.444956,ROST,146.38,35.51,0.50,0.34,12.96,12.96,1,1,0,0,0,1,0,0,0,0,0,1,ADX>=thresh;MACD_cross_up;RSI_overbought;Price>SMA20
2025-08-11T14:23:19.593983,TMUS,247.55,29.73,0.58,0.23,-19.79,-19.79,1,1,0,0,0,1,0,0,0,0,0,1,ADX>=thresh;MACD_cross_up;RSI_overbought;Price>SMA20
2025-08-11T14:23:24.300757,TSLA,342.87,61.74,2.58,0.75,-9.76,-9.76,1,1,0,0,1,1,0,1,1,0,0,1,ADX>=thresh;MACD_cross_up;BB_breakout;RSI_overbought;ATR>=abs;ATR>=pct;Price>SMA20
2025-08-11T14:23:25.962280,TXT,77.63,26.07,0.20,0.26,38.81,38.81,1,1,0,0,0,1,0,0,0,0,0,1,ADX>=thresh;MACD_cross_up;RSI_overbought;Price>SMA20
2025-08-11T14:23:27.058465,TJX,132.13,26.66,0.33,0.25,11.22,11.22,1,1,0,0,0,1,0,0,0,0,0,1,ADX>=thresh;MACD_cross_up;RSI_overbought;Price>SMA20
2025-08-11T14:23:27.960655,TKO,175.36,68.08,1.73,0.99,1.73,1.73,1,1,0,0,0,1,0,0,1,0,0,1,ADX>=thresh;MACD_cross_up;RSI_overbought;ATR>=pct;Price>SMA20
2025-08-11T14:23:36.213467,ULTA,503.05,21.37,2.19,0.43,10.45,10.45,1,1,0,0,0,1,0,1,0,0,0,1,ADX>=thresh;MACD_cross_up;RSI_overbought;ATR>=abs;Price>SMA20
2025-08-11T14:23:37.329068,UAL,90.75,37.30,0.47,0.51,11.78,11.78,1,1,0,0,0,0,0,0,1,0,0,1,ADX>=thresh;MACD_cross_up;ATR>=pct;Price>SMA20
2025-08-11T14:23:43.790302,VZ,43.34,35.26,0.09,0.22,-23.32,-23.32,1,1,0,0,0,1,0,0,0,0,0,1,ADX>=thresh;MACD_cross_up;RSI_overbought;Price>SMA20
2025-08-11T14:23:44.363922,VRTX,376.09,36.35,2.37,0.63,1.26,1.26,1,1,0,0,0,1,0,1,1,0,0,1,ADX>=thresh;MACD_cross_up;RSI_overbought;ATR>=abs;ATR>=pct;Price>SMA20
2025-08-11T14:23:53.780432,WELL,169.08,45.64,0.45,0.27,-16.85,-16.85,1,1,0,0,0,1,0,0,0,0,0,1,ADX>=thresh;MACD_cross_up;RSI_overbought;Price>SMA20
2025-08-11T14:24:01.957935,YUM,142.43,26.24,0.43,0.30,0.40,0.40,1,1,0,0,0,1,0,0,0,0,0,1,ADX>=thresh;MACD_cross_up;RSI_overbought;Price>SMA20
2025-08-11T14:24:12.175437,ADBE,341.82,23.17,1.83,0.54,1.63,1.63,1,1,0,0,0,0,0,0,1,0,0,1,ADX>=thresh;MACD_cross_up;ATR>=pct;Price>SMA20
2025-08-11T14:24:12.890200,AMD,175.87,20.99,1.35,0.77,28.21,28.21,1,1,0,0,0,1,0,0,1,0,0,1,ADX>=thresh;MACD_cross_up;RSI_overbought;ATR>=pct;Price>SMA20
2025-08-11T14:24:24.197451,AIG,78.91,38.88,0.20,0.25,-2.20,-2.20,1,1,0,0,0,1,0,0,0,0,0,1,ADX>=thresh;MACD_cross_up;RSI_overbought;Price>SMA20
2025-08-11T14:24:29.362063,AON,370.05,26.18,0.87,0.24,15.84,15.84,1,1,0,0,1,1,0,0,0,0,0,1,ADX>=thresh;MACD_cross_up;BB_breakout;RSI_overbought;Price>SMA20
2025-08-11T14:24:32.226095,ACGL,89.30,37.84,0.16,0.18,1.27,1.27,1,1,0,0,0,1,0,0,0,0,0,1,ADX>=thresh;MACD_cross_up;RSI_overbought;Price>SMA20
2025-08-11T14:24:32.777787,ADM,58.49,32.17,0.27,0.46,21.76,21.76,1,1,0,0,0,1,0,0,0,0,0,1,ADX>=thresh;MACD_cross_up;RSI_overbought;Price>SMA20
2025-08-11T14:24:35.058243,T,28.25,28.02,0.06,0.21,-0.28,-0.28,1,1,0,0,0,1,0,0,0,0,0,1,ADX>=thresh;MACD_cross_up;RSI_overbought;Price>SMA20
2025-08-11T14:24:38.233743,AXON,831.65,48.85,4.59,0.55,-25.55,-25.55,1,1,0,0,0,0,0,1,1,0,0,0,ADX>=thresh;MACD_cross_up;ATR>=abs;ATR>=pct
2025-08-11T14:24:45.397017,BKNG,5416.23,20.38,11.64,0.21,41.60,41.60,1,1,0,0,0,0,0,1,0,0,0,1,ADX>=thresh;MACD_cross_up;ATR>=abs;Price>SMA20
2025-08-11T14:24:48.355890,BRO,94.29,47.92,0.25,0.26,2.40,2.40,1,1,0,0,0,1,0,0,0,0,0,1,ADX>=thresh;MACD_cross_up;RSI_overbought;Price>SMA20
2025-08-11T14:25:07.725552,CME,285.49,44.71,0.69,0.24,16.15,16.15,1,1,0,0,0,1,0,0,0,0,0,1,ADX>=thresh;MACD_cross_up;RSI_overbought;Price>SMA20
2025-08-11T14:25:15.967758,CPRT,46.73,24.68,0.13,0.28,-1.60,-1.60,1,1,0,0,0,1,0,0,0,0,0,1,ADX>=thresh;MACD_cross_up;RSI_overbought;Price>SMA20
2025-08-11T14:25:19.031778,CRWD,431.20,28.60,2.27,0.53,-20.99,-20.99,1,1,0,0,0,1,0,1,1,0,0,1,ADX>=thresh;MACD_cross_up;RSI_overbought;ATR>=abs;ATR>=pct;Price>SMA20
2025-08-11T14:25:32.503958,DPZ,439.89,24.88,2.00,0.46,4.82,4.82,1,1,0,0,0,0,0,1,0,0,0,1,ADX>=thresh;MACD_cross_up;ATR>=abs;Price>SMA20
2025-08-11T14:26:10.393959,HIG,129.15,35.79,0.22,0.17,-11.72,-11.72,1,1,0,0,0,1,0,0,0,0,0,1,ADX>=thresh;MACD_cross_up;RSI_overbought;Price>SMA20
2025-08-11T14:26:22.323591,INCY,79.32,44.65,0.29,0.36,-6.61,-6.61,1,1,0,0,0,1,0,0,0,0,0,1,ADX>=thresh;MACD_cross_up;RSI_overbought;Price>SMA20
2025-08-11T14:26:42.994400,LLY,650.90,54.92,3.74,0.57,-6.25,-6.25,1,1,0,0,1,1,0,1,1,0,0,1,ADX>=thresh;MACD_cross_up;BB_breakout;RSI_overbought;ATR>=abs;ATR>=pct;Price>SMA20
2025-08-11T14:26:55.370557,META,771.58,21.18,2.14,0.28,2.63,2.63,1,1,0,0,0,1,0,1,0,0,0,1,ADX>=thresh;MACD_cross_up;RSI_overbought;ATR>=abs;Price>SMA20
2025-08-11T14:27:05.463815,MSCI,553.91,39.72,1.08,0.20,-8.49,-8.49,1,1,0,0,0,1,0,0,0,0,0,1,ADX>=thresh;MACD_cross_up;RSI_overbought;Price>SMA20
2025-08-11T14:27:06.324658,NDAQ,97.45,39.92,0.14,0.15,-12.97,-12.97,1,1,0,0,0,1,0,0,0,0,0,1,ADX>=thresh;MACD_cross_up;RSI_overbought;Price>SMA20
2025-08-11T14:27:22.232295,PLTR,187.07,46.04,1.26,0.67,-12.41,-12.41,1,1,0,0,0,0,0,0,1,0,0,1,ADX>=thresh;MACD_cross_up;ATR>=pct;Price>SMA20
2025-08-11T14:27:23.597272,PARA,0.00,22.69,0.04,inf,17.64,17.64,1,1,0,0,0,1,0,0,1,0,0,0,ADX>=thresh;MACD_cross_up;RSI_overbought;ATR>=pct
2025-08-11T14:28:04.676615,TMUS,247.43,28.15,0.58,0.24,-26.73,-26.73,1,1,0,0,0,1,0,0,0,0,0,1,ADX>=thresh;MACD_cross_up;RSI_overbought;Price>SMA20
2025-08-11T14:28:20.431074,ULTA,503.38,22.87,2.25,0.45,3.88,3.88,1,1,0,0,0,1,0,1,0,0,0,1,ADX>=thresh;MACD_cross_up;RSI_overbought;ATR>=abs;Price>SMA20
2025-08-11T14:28:28.173186,VRTX,377.24,39.21,2.49,0.66,2.77,2.77,1,1,0,0,1,1,0,1,1,0,0,1,ADX>=thresh;MACD_cross_up;BB_breakout;RSI_overbought;ATR>=abs;ATR>=pct;Price>SMA20
2025-08-11T14:28:58.169200,AMD,177.43,22.57,1.44,0.81,22.12,22.12,1,1,0,0,1,1,0,0,1,0,0,1,ADX>=thresh;MACD_cross_up;BB_breakout;RSI_overbought;ATR>=pct;Price>SMA20
2025-08-11T14:29:22.108564,ADM,58.50,37.25,0.27,0.47,3.80,3.80,1,1,0,0,0,1,0,0,0,0,0,1,ADX>=thresh;MACD_cross_up;RSI_overbought;Price>SMA20
2025-08-11T14:29:27.947617,AXON,831.00,53.02,4.70,0.57,-40.96,-40.96,1,1,0,0,0,0,0,1,1,0,0,0,ADX>=thresh;MACD_cross_up;ATR>=abs;ATR>=pct
2025-08-11T14:29:36.946161,BKNG,5416.23,20.34,11.61,0.21,41.86,41.86,1,1,0,0,0,0,0,1,0,0,0,1,ADX>=thresh;MACD_cross_up;ATR>=abs;Price>SMA20
2025-08-11T14:29:48.976240,CBOE,254.34,21.55,0.71,0.28,-19.39,-19.39,1,1,0,0,0,1,0,0,0,0,0,1,ADX>=thresh;MACD_cross_up;RSI_overbought;Price>SMA20
2025-08-11T14:30:00.977795,CME,285.59,44.69,0.72,0.25,26.60,26.60,1,1,0,0,0,1,0,0,0,0,0,1,ADX>=thresh;MACD_cross_up;RSI_overbought;Price>SMA20
2025-08-11T14:30:35.509767,EQT,51.50,25.65,0.18,0.35,-4.78,-4.78,1,1,0,0,0,1,0,0,0,0,0,1,ADX>=thresh;MACD_cross_up;RSI_overbought;Price>SMA20
2025-08-11T14:30:36.959574,EQIX,779.73,20.23,1.97,0.25,16.06,16.06,1,1,0,0,0,1,0,0,0,0,0,1,ADX>=thresh;MACD_cross_up;RSI_overbought;Price>SMA20
2025-08-11T14:30:38.092598,ERIE,362.99,20.57,1.67,0.46,7.07,7.07,1,1,0,0,1,1,0,0,0,0,0,1,ADX>=thresh;MACD_cross_up;BB_breakout;RSI_overbought;Price>SMA20
2025-08-11T14:30:50.574765,F,11.38,25.93,0.07,0.59,-3.43,-3.43,1,1,0,0,0,0,0,0,1,0,0,1,ADX>=thresh;MACD_cross_up;ATR>=pct;Price>SMA20
2025-08-11T14:31:17.978809,INCY,79.53,49.09,0.29,0.36,-12.60,-12.60,1,1,0,0,1,1,0,0,0,0,0,1,ADX>=thresh;MACD_cross_up;BB_breakout;RSI_overbought;Price>SMA20
2025-08-11T14:31:31.199602,K,80.11,21.18,0.03,0.04,-14.62,-14.62,1,1,0,0,0,1,0,0,0,0,0,1,ADX>=thresh;MACD_cross_up;RSI_overbought;Price>SMA20
2025-08-11T14:31:45.029623,LLY,650.66,60.65,3.67,0.56,-11.40,-11.40,1,1,0,0,0,1,0,1,1,0,0,1,ADX>=thresh;MACD_cross_up;RSI_overbought;ATR>=abs;ATR>=pct;Price>SMA20
2025-08-11T14:31:58.886231,META,771.00,20.40,2.19,0.28,6.45,6.45,1,1,0,0,0,0,0,1,0,0,0,1,ADX>=thresh;MACD_cross_up;ATR>=abs;Price>SMA20
2025-08-11T14:32:11.026605,MSCI,553.89,40.02,1.14,0.21,-9.56,-9.56,1,1,0,0,0,1,0,0,0,0,0,1,ADX>=thresh;MACD_cross_up;RSI_overbought;Price>SMA20
2025-08-11T14:32:11.714775,NDAQ,97.59,39.58,0.15,0.15,-18.16,-18.16,1,1,0,0,0,1,0,0,0,0,0,1,ADX>=thresh;MACD_cross_up;RSI_overbought;Price>SMA20
2025-08-11T14:32:32.231790,PLTR,186.12,46.97,1.30,0.70,-11.14,-11.14,1,1,0,0,0,0,0,0,1,0,0,1,ADX>=thresh;MACD_cross_up;ATR>=pct;Price>SMA20
2025-08-11T14:32:33.572623,PARA,0.00,22.69,0.04,inf,17.64,17.64,1,1,0,0,0,1,0,0,1,0,0,0,ADX>=thresh;MACD_cross_up;RSI_overbought;ATR>=pct
2025-08-11T14:32:54.582654,RMD,286.01,26.53,0.84,0.29,7.48,7.48,1,1,0,0,0,1,0,0,0,0,0,1,ADX>=thresh;MACD_cross_up;RSI_overbought;Price>SMA20
2025-08-11T14:32:58.263072,RCL,304.51,32.28,1.53,0.50,-15.37,-15.37,1,1,0,0,0,1,0,0,1,0,0,1,ADX>=thresh;MACD_cross_up;RSI_overbought;ATR>=pct;Price>SMA20
2025-08-11T14:33:08.527259,SBUX,91.78,26.06,0.37,0.41,-2.16,-2.16,1,1,0,0,1,0,0,0,0,0,0,1,ADX>=thresh;MACD_cross_up;BB_breakout;Price>SMA20
2025-08-11T14:33:29.874767,ULTA,502.25,24.91,2.14,0.43,-7.80,-7.80,1,1,0,0,0,0,0,1,0,0,0,1,ADX>=thresh;MACD_cross_up;ATR>=abs;Price>SMA20
2025-08-11T14:34:04.507528,ADBE,341.92,22.19,1.89,0.55,-23.69,-23.69,1,1,0,0,0,0,0,0,1,0,0,1,ADX>=thresh;MACD_cross_up;ATR>=pct;Price>SMA20
2025-08-11T14:34:05.371636,AMD,177.77,22.87,1.49,0.84,17.60,17.60,1,1,0,0,0,1,0,0,1,0,0,1,ADX>=thresh;MACD_cross_up;RSI_overbought;ATR>=pct;Price>SMA20
2025-08-11T14:34:32.048627,ADM,58.63,40.81,0.27,0.46,-11.61,-11.61,1,1,0,0,1,1,0,0,0,0,0,1,ADX>=thresh;MACD_cross_up;BB_breakout;RSI_overbought;Price>SMA20
2025-08-11T14:34:39.021126,AXON,833.06,56.51,4.72,0.57,-43.99,-43.99,1,1,0,0,0,0,0,1,1,0,0,0,ADX>=thresh;MACD_cross_up;ATR>=abs;ATR>=pct
2025-08-11T14:35:01.201135,CCL,28.64,36.22,0.12,0.43,-17.58,-17.58,1,1,0,0,1,1,0,0,0,0,0,1,ADX>=thresh;MACD_cross_up;BB_breakout;RSI_overbought;Price>SMA20
2025-08-11T14:35:10.856210,CMG,41.55,42.24,0.14,0.34,-12.95,-12.95,1,1,0,0,1,1,0,0,0,0,0,1,ADX>=thresh;MACD_cross_up;BB_breakout;RSI_overbought;Price>SMA20
2025-08-11T14:35:17.552149,CME,285.44,46.50,0.72,0.25,-2.87,-2.87,1,1,0,0,0,1,0,0,0,0,0,1,ADX>=thresh;MACD_cross_up;RSI_overbought;Price>SMA20
2025-08-11T14:35:55.924699,D,62.04,20.95,0.16,0.27,-19.11,-19.11,1,1,0,0,0,1,0,0,0,0,0,1,ADX>=thresh;MACD_cross_up;RSI_overbought;Price>SMA20
2025-08-11T14:36:27.147863,ERIE,365.67,25.61,1.78,0.49,9.03,9.03,1,1,0,0,1,1,0,0,0,0,0,1,ADX>=thresh;MACD_cross_up;BB_breakout;RSI_overbought;Price>SMA20
2025-08-11T14:36:47.983110,GEHC,72.51,36.56,0.20,0.28,-26.54,-26.54,1,1,0,0,1,1,0,0,0,0,0,1,ADX>=thresh;MACD_cross_up;BB_breakout;RSI_overbought;Price>SMA20
2025-08-11T14:37:10.549835,INCY,79.62,52.75,0.29,0.37,-19.24,-19.24,1,1,0,0,0,1,0,0,0,0,0,1,ADX>=thresh;MACD_cross_up;RSI_overbought;Price>SMA20
2025-08-11T14:37:16.719301,ISRG,472.80,23.27,1.16,0.25,-8.17,-8.17,1,1,0,0,0,1,0,0,0,0,0,1,ADX>=thresh;MACD_cross_up;RSI_overbought;Price>SMA20
2025-08-11T14:37:18.676204,IQV,181.15,34.57,0.67,0.37,-8.32,-8.32,1,1,0,0,0,1,0,0,0,0,0,1,ADX>=thresh;MACD_cross_up;RSI_overbought;Price>SMA20
2025-08-11T14:37:25.808259,K,80.11,22.68,0.03,0.04,-23.26,-23.26,1,1,0,0,0,1,0,0,0,0,0,1,ADX>=thresh;MACD_cross_up;RSI_overbought;Price>SMA20
2025-08-11T14:37:36.275937,LW,52.16,37.48,0.23,0.45,-9.85,-9.85,1,1,0,0,1,1,0,0,0,0,0,1,ADX>=thresh;MACD_cross_up;BB_breakout;RSI_overbought;Price>SMA20
2025-08-11T14:37:38.474178,LII,579.35,36.03,3.18,0.55,-7.28,-7.28,1,1,0,0,0,0,0,1,1,0,0,0,ADX>=thresh;MACD_cross_up;ATR>=abs;ATR>=pct
2025-08-11T14:38:30.859686,PARA,0.00,23.11,0.04,inf,16.08,16.08,1,1,0,0,0,1,0,0,1,0,0,0,ADX>=thresh;MACD_cross_up;RSI_overbought;ATR>=pct
2025-08-11T14:38:55.796907,RCL,303.94,26.88,1.55,0.51,-27.07,-27.07,1,1,0,0,0,0,0,0,1,0,0,1,ADX>=thresh;MACD_cross_up;ATR>=pct;Price>SMA20
2025-08-11T14:39:11.395864,TMUS,247.53,25.85,0.56,0.23,-32.72,-32.72,1,1,0,0,0,1,0,0,0,0,0,1,ADX>=thresh;MACD_cross_up;RSI_overbought;Price>SMA20
2025-08-11T14:39:17.592776,TXT,77.78,25.27,0.22,0.28,24.80,24.80,1,1,0,0,0,1,0,0,0,0,0,1,ADX>=thresh;MACD_cross_up;RSI_overbought;Price>SMA20
2025-08-11T14:39:26.397904,ULTA,502.07,24.91,2.15,0.43,-6.63,-6.63,1,1,0,0,0,0,0,1,0,0,0,1,ADX>=thresh;MACD_cross_up;ATR>=abs;Price>SMA20
2025-08-11T14:39:49.230538,WMB,58.35,30.86,0.22,0.38,-21.33,-21.33,1,1,0,0,1,1,0,0,0,0,0,1,ADX>=thresh;MACD_cross_up;BB_breakout;RSI_overbought;Price>SMA20
2025-08-11T14:40:00.628447,AOS,70.44,32.51,0.26,0.37,-25.18,-25.18,1,1,0,0,1,0,0,0,0,0,0,1,ADX>=thresh;MACD_cross_up;BB_breakout;Price>SMA20
2025-08-11T14:40:04.141850,AMD,177.71,27.60,1.31,0.74,1.79,1.79,1,1,0,0,0,1,0,0,1,0,0,1,ADX>=thresh;MACD_cross_up;RSI_overbought;ATR>=pct;Price>SMA20
2025-08-11T14:40:24.639999,AAPL,227.76,45.29,0.75,0.33,-30.47,-30.47,1,1,0,0,1,0,0,0,0,0,0,1,ADX>=thresh;MACD_cross_up;BB_breakout;Price>SMA20
2025-08-11T14:40:27.436044,ADM,58.74,44.91,0.23,0.39,-42.96,-42.96,1,1,0,0,0,1,0,0,0,0,0,1,ADX>=thresh;MACD_cross_up;RSI_overbought;Price>SMA20
2025-08-11T14:41:04.450948,CMG,41.62,32.21,0.13,0.30,-13.04,-13.04,1,1,0,0,1,1,0,0,0,0,0,1,ADX>=thresh;MACD_cross_up;BB_breakout;RSI_overbought;Price>SMA20
2025-08-11T14:41:15.602994,CEG,330.50,55.44,2.56,0.77,-13.69,-13.69,1,1,0,0,0,0,0,1,1,0,0,0,ADX>=thresh;MACD_cross_up;ATR>=abs;ATR>=pct
2025-08-11T14:41:51.582013,ENPH,32.81,35.19,0.28,0.86,-23.39,-23.39,1,1,0,0,0,0,0,0,1,0,0,1,ADX>=thresh;MACD_cross_up;ATR>=pct;Price>SMA20
2025-08-11T14:41:57.353100,ERIE,366.08,25.67,1.81,0.49,11.09,11.09,1,1,0,0,1,1,0,0,0,0,0,1,ADX>=thresh;MACD_cross_up;BB_breakout;RSI_overbought;Price>SMA20
2025-08-11T14:42:20.654012,GEHC,72.70,32.73,0.16,0.22,-14.65,-14.65,1,1,0,0,1,1,0,0,0,0,0,1,ADX>=thresh;MACD_cross_up;BB_breakout;RSI_overbought;Price>SMA20
2025-08-11T14:42:43.476751,INCY,79.50,55.33,0.26,0.33,-25.52,-25.52,1,1,0,0,0,1,0,0,0,0,0,1,ADX>=thresh;MACD_cross_up;RSI_overbought;Price>SMA20
2025-08-11T14:42:49.299410,ISRG,473.77,28.11,1.08,0.23,-10.69,-10.69,1,1,0,0,1,1,0,0,0,0,0,1,ADX>=thresh;MACD_cross_up;BB_breakout;RSI_overbought;Price>SMA20
2025-08-11T14:43:03.905357,KR,74.65,24.03,0.18,0.24,-1.91,-1.91,1,1,0,0,0,1,0,0,0,0,0,1,ADX>=thresh;MACD_cross_up;RSI_overbought;Price>SMA20
2025-08-11T14:43:06.761448,LW,52.13,36.68,0.20,0.39,-14.23,-14.23,1,1,0,0,0,1,0,0,0,0,0,1,ADX>=thresh;MACD_cross_up;RSI_overbought;Price>SMA20
2025-08-11T14:43:09.341599,LII,579.22,34.42,3.26,0.56,-13.36,-13.36,1,1,0,0,0,0,0,1,1,0,0,0,ADX>=thresh;MACD_cross_up;ATR>=abs;ATR>=pct
2025-08-11T14:43:24.317542,MTD,1259.38,21.51,3.40,0.27,-32.93,-32.93,1,1,0,0,0,0,0,1,0,0,0,1,ADX>=thresh;MACD_cross_up;ATR>=abs;Price>SMA20
2025-08-11T14:43:54.980844,PARA,0.00,23.11,0.04,inf,16.08,16.08,1,1,0,0,0,1,0,0,1,0,0,0,ADX>=thresh;MACD_cross_up;RSI_overbought;ATR>=pct
2025-08-11T14:44:19.406448,RCL,304.76,23.86,1.38,0.45,-27.45,-27.45,1,1,0,0,1,0,0,0,0,0,0,1,ADX>=thresh;MACD_cross_up;BB_breakout;Price>SMA20
2025-08-11T14:44:35.785693,TMUS,247.51,28.83,0.47,0.19,-30.13,-30.13,1,1,0,0,0,1,0,0,0,0,0,1,ADX>=thresh;MACD_cross_up;RSI_overbought;Price>SMA20
2025-08-11T14:44:42.847127,TXT,77.91,27.09,0.22,0.28,0.74,0.74,1,1,0,0,1,1,0,0,0,0,0,1,ADX>=thresh;MACD_cross_up;BB_breakout;RSI_overbought;Price>SMA20
2025-08-11T14:44:53.995048,URI,858.30,20.64,2.19,0.26,42.32,42.32,1,1,0,0,0,0,0,1,0,0,0,1,ADX>=thresh;MACD_cross_up;ATR>=abs;Price>SMA20
2025-08-11T14:44:59.702691,VRTX,378.36,46.58,1.95,0.51,-19.32,-19.32,1,1,0,0,1,1,0,0,1,0,0,1,ADX>=thresh;MACD_cross_up;BB_breakout;RSI_overbought;ATR>=pct;Price>SMA20
2025-08-11T14:45:23.565655,AMD,177.58,31.83,1.28,0.72,-0.75,-0.75,1,1,0,0,0,1,0,0,1,0,0,1,ADX>=thresh;MACD_cross_up;RSI_overbought;ATR>=pct;Price>SMA20
2025-08-11T14:45:33.184140,GOOGL,200.77,47.67,0.52,0.26,-31.02,-31.02,1,1,0,0,1,1,0,0,0,0,0,1,ADX>=thresh;MACD_cross_up;BB_breakout;RSI_overbought;Price>SMA20
2025-08-11T14:45:33.944832,GOOG,201.47,52.42,0.50,0.25,-33.29,-33.29,1,1,0,0,1,1,0,0,0,0,0,1,ADX>=thresh;MACD_cross_up;BB_breakout;RSI_overbought;Price>SMA20
2025-08-11T14:45:45.494398,ACGL,89.39,37.79,0.12,0.14,-22.90,-22.90,1,1,0,0,0,1,0,0,0,0,0,1,ADX>=thresh;MACD_cross_up;RSI_overbought;Price>SMA20
2025-08-11T14:46:13.523979,CCL,28.71,31.89,0.10,0.34,-21.41,-21.41,1,1,0,0,1,1,0,0,0,0,0,1,ADX>=thresh;MACD_cross_up;BB_breakout;RSI_overbought;Price>SMA20
2025-08-11T14:46:17.581275,COR,290.53,65.67,1.04,0.36,-26.96,-26.96,1,1,0,0,0,1,0,0,0,0,0,1,ADX>=thresh;MACD_cross_up;RSI_overbought;Price>SMA20
2025-08-11T14:46:21.639949,CMG,41.74,33.97,0.12,0.29,-13.52,-13.52,1,1,0,0,1,1,0,0,0,0,0,1,ADX>=thresh;MACD_cross_up;BB_breakout;RSI_overbought;Price>SMA20
2025-08-11T14:46:26.989149,CME,286.04,55.62,0.59,0.21,-8.11,-8.11,1,1,0,0,0,1,0,0,0,0,0,1,ADX>=thresh;MACD_cross_up;RSI_overbought;Price>SMA20
2025-08-11T14:46:29.625544,COIN,333.43,73.64,2.76,0.83,-24.73,-24.73,1,1,0,0,1,1,0,1,1,0,0,1,ADX>=thresh;MACD_cross_up;BB_breakout;RSI_overbought;ATR>=abs;ATR>=pct;Price>SMA20
2025-08-11T14:46:33.679549,CEG,331.56,52.84,2.38,0.72,-22.95,-22.95,1,1,0,0,0,0,0,1,1,0,0,0,ADX>=thresh;MACD_cross_up;ATR>=abs;ATR>=pct
2025-08-11T14:46:47.814519,DG,117.20,38.14,0.37,0.32,-38.22,-38.22,1,1,0,0,0,1,0,0,0,0,0,1,ADX>=thresh;MACD_cross_up;RSI_overbought;Price>SMA20
2025-08-11T14:47:01.511765,EQIX,781.22,26.45,1.57,0.20,-44.00,-44.00,1,1,0,0,1,1,0,0,0,0,0,1,ADX>=thresh;MACD_cross_up;BB_breakout;RSI_overbought;Price>SMA20
2025-08-11T14:47:02.707774,ERIE,368.15,26.70,1.86,0.51,8.68,8.68,1,1,0,0,1,1,0,0,1,0,0,1,ADX>=thresh;MACD_cross_up;BB_breakout;RSI_overbought;ATR>=pct;Price>SMA20
2025-08-11T14:47:23.209628,GEHC,72.76,29.57,0.16,0.22,-17.87,-17.87,1,1,0,0,1,1,0,0,0,0,0,1,ADX>=thresh;MACD_cross_up;BB_breakout;RSI_overbought;Price>SMA20
2025-08-11T14:47:49.695850,ISRG,473.60,32.60,1.05,0.22,-19.38,-19.38,1,1,0,0,0,1,0,0,0,0,0,1,ADX>=thresh;MACD_cross_up;RSI_overbought;Price>SMA20
2025-08-11T14:48:03.095130,KR,74.74,20.83,0.17,0.22,-11.19,-11.19,1,1,0,0,1,1,0,0,0,0,0,1,ADX>=thresh;MACD_cross_up;BB_breakout;RSI_overbought;Price>SMA20
2025-08-11T14:48:08.259472,LII,580.26,29.44,2.72,0.47,-24.67,-24.67,1,1,0,0,0,0,0,1,0,0,0,1,ADX>=thresh;MACD_cross_up;ATR>=abs;Price>SMA20
2025-08-11T14:48:14.071312,LKQ,29.57,25.82,0.10,0.34,-32.05,-32.05,1,1,0,0,1,0,0,0,0,0,0,1,ADX>=thresh;MACD_cross_up;BB_breakout;Price>SMA20
2025-08-11T14:48:14.806927,LMT,425.99,35.29,0.84,0.20,-13.39,-13.39,1,1,0,0,1,0,0,0,0,0,0,1,ADX>=thresh;MACD_cross_up;BB_breakout;Price>SMA20
2025-08-11T14:48:55.942420,PARA,0.00,22.69,0.04,inf,17.64,17.64,1,1,0,0,0,1,0,0,1,0,0,0,ADX>=thresh;MACD_cross_up;RSI_overbought;ATR>=pct
2025-08-11T14:49:22.018540,RCL,304.83,22.82,1.12,0.37,-32.97,-32.97,1,1,0,0,0,1,0,0,0,0,0,1,ADX>=thresh;MACD_cross_up;RSI_overbought;Price>SMA20
2025-08-11T14:49:39.716892,TMUS,247.57,30.37,0.42,0.17,-35.64,-35.64,1,1,0,0,0,1,0,0,0,0,0,1,ADX>=thresh;MACD_cross_up;RSI_overbought;Price>SMA20
2025-08-11T14:50:05.355790,VICI,32.97,21.30,0.06,0.19,-12.45,-12.45,1,1,0,0,1,0,0,0,0,0,0,1,ADX>=thresh;MACD_cross_up;BB_breakout;Price>SMA20
2025-08-11T14:50:12.404072,WBD,10.96,30.56,0.04,0.40,-26.88,-26.88,1,1,0,0,0,1,0,0,0,0,0,1,ADX>=thresh;MACD_cross_up;RSI_overbought;Price>SMA20
2025-08-11T14:50:18.573891,WMB,58.34,26.11,0.19,0.32,-42.40,-42.40,1,1,0,0,0,1,0,0,0,0,0,1,ADX>=thresh;MACD_cross_up;RSI_overbought;Price>SMA20
2025-08-11T14:50:59.472804,ACGL,89.36,34.28,0.12,0.13,-29.37,-29.37,1,1,0,0,0,1,0,0,0,0,0,1,ADX>=thresh;MACD_cross_up;RSI_overbought;Price>SMA20
2025-08-11T14:51:03.210263,T,28.25,23.78,0.05,0.16,-19.51,-19.51,1,1,0,0,0,1,0,0,0,0,0,1,ADX>=thresh;MACD_cross_up;RSI_overbought;Price>SMA20
2025-08-11T14:51:29.977152,CCL,28.72,32.47,0.09,0.30,-25.90,-25.90,1,1,0,0,0,1,0,0,0,0,0,1,ADX>=thresh;MACD_cross_up;RSI_overbought;Price>SMA20
2025-08-11T14:51:39.583945,CMG,41.72,37.14,0.11,0.26,-14.69,-14.69,1,1,0,0,0,1,0,0,0,0,0,1,ADX>=thresh;MACD_cross_up;RSI_overbought;Price>SMA20
2025-08-11T14:51:47.600438,CME,286.41,59.75,0.62,0.22,-13.52,-13.52,1,1,0,0,0,1,0,0,0,0,0,1,ADX>=thresh;MACD_cross_up;RSI_overbought;Price>SMA20
2025-08-11T14:51:55.437693,CEG,332.06,52.34,2.27,0.68,-21.52,-21.52,1,1,0,0,0,0,0,1,1,0,0,0,ADX>=thresh;MACD_cross_up;ATR>=abs;ATR>=pct
2025-08-11T14:52:14.205743,DLTR,115.43,43.43,0.33,0.28,-40.73,-40.73,1,1,0,0,1,0,0,0,0,0,0,1,ADX>=thresh;MACD_cross_up;BB_breakout;Price>SMA20
2025-08-11T14:52:15.455426,D,62.15,25.41,0.12,0.20,-30.12,-30.12,1,1,0,0,1,1,0,0,0,0,0,1,ADX>=thresh;MACD_cross_up;BB_breakout;RSI_overbought;Price>SMA20
2025-08-11T14:52:34.462682,EQIX,781.37,28.25,1.65,0.21,-34.39,-34.39,1,1,0,0,1,1,0,0,0,0,0,1,ADX>=thresh;MACD_cross_up;BB_breakout;RSI_overbought;Price>SMA20
2025-08-11T14:52:36.349657,ERIE,366.55,34.44,1.75,0.48,-1.85,-1.85,1,1,0,0,0,1,0,0,0,0,0,1,ADX>=thresh;MACD_cross_up;RSI_overbought;Price>SMA20
2025-08-11T14:52:39.729052,ES,65.46,26.25,0.14,0.22,-20.37,-20.37,1,1,0,0,1,0,0,0,0,0,0,1,ADX>=thresh;MACD_cross_up;BB_breakout;Price>SMA20
2025-08-11T14:52:59.623275,GEV,650.68,24.63,2.52,0.39,-37.36,-37.36,1,1,0,0,1,1,0,1,0,0,0,1,ADX>=thresh;MACD_cross_up;BB_breakout;RSI_overbought;ATR>=abs;Price>SMA20
2025-08-11T14:53:20.318356,HII,269.61,20.55,0.73,0.27,-19.89,-19.89,1,1,0,0,1,1,0,0,0,0,0,1,ADX>=thresh;MACD_cross_up;BB_breakout;RSI_overbought;Price>SMA20
2025-08-11T14:53:28.048221,ISRG,474.69,37.99,1.05,0.22,-19.01,-19.01,1,1,0,0,1,1,0,0,0,0,0,1,ADX>=thresh;MACD_cross_up;BB_breakout;RSI_overbought;Price>SMA20
2025-08-11T14:53:36.863141,KVUE,21.21,43.16,0.07,0.34,-37.19,-37.19,1,1,0,0,1,0,0,0,0,0,0,1,ADX>=thresh;MACD_cross_up;BB_breakout;Price>SMA20
2025-08-11T14:53:43.247715,KR,74.83,22.49,0.17,0.22,-18.73,-18.73,1,1,0,0,0,1,0,0,0,0,0,1,ADX>=thresh;MACD_cross_up;RSI_overbought;Price>SMA20
2025-08-11T14:53:49.628452,LYV,155.77,33.94,0.64,0.41,-16.47,-16.47,1,1,0,0,0,1,0,0,0,0,0,1,ADX>=thresh;MACD_cross_up;RSI_overbought;Price>SMA20
2025-08-11T14:53:51.190782,LMT,426.19,32.33,0.80,0.19,-17.53,-17.53,1,1,0,0,1,0,0,0,0,0,0,1,ADX>=thresh;MACD_cross_up;BB_breakout;Price>SMA20
2025-08-11T14:54:00.251219,MCK,680.18,56.65,2.43,0.36,-36.61,-36.61,1,1,0,0,1,1,0,1,0,0,0,1,ADX>=thresh;MACD_cross_up;BB_breakout;RSI_overbought;ATR>=abs;Price>SMA20
2025-08-11T14:54:06.788504,MSFT,524.86,35.31,0.89,0.17,-25.22,-25.22,1,1,0,0,1,1,0,0,0,0,0,1,ADX>=thresh;MACD_cross_up;BB_breakout;RSI_overbought;Price>SMA20
2025-08-11T14:54:34.764193,PARA,0.00,22.69,0.04,inf,17.64,17.64,1,1,0,0,0,1,0,0,1,0,0,0,ADX>=thresh;MACD_cross_up;RSI_overbought;ATR>=pct
2025-08-11T14:54:52.309209,RTX,155.53,30.85,0.28,0.18,-23.78,-23.78,1,1,0,0,0,1,0,0,0,0,0,1,ADX>=thresh;MACD_cross_up;RSI_overbought;Price>SMA20
2025-08-11T14:54:59.060689,RCL,305.75,22.46,1.09,0.36,-26.37,-26.37,1,1,0,0,1,1,0,0,0,0,0,1,ADX>=thresh;MACD_cross_up;BB_breakout;RSI_overbought;Price>SMA20
2025-08-11T14:55:19.193969,TRGP,166.21,22.13,0.62,0.38,-44.62,-44.62,1,1,0,0,1,0,0,0,0,0,0,1,ADX>=thresh;MACD_cross_up;BB_breakout;Price>SMA20
2025-08-11T14:55:32.544543,UBER,91.08,24.22,0.44,0.49,-0.82,-0.82,1,1,0,0,0,1,0,0,0,0,0,1,ADX>=thresh;MACD_cross_up;RSI_overbought;Price>SMA20
2025-08-11T14:55:43.155521,VLTO,108.05,25.43,0.19,0.18,-23.87,-23.87,1,1,0,0,1,0,0,0,0,0,0,1,ADX>=thresh;MACD_cross_up;BB_breakout;Price>SMA20
2025-08-11T14:55:47.521274,VICI,32.98,20.25,0.06,0.17,-19.54,-19.54,1,1,0,0,1,1,0,0,0,0,0,1,ADX>=thresh;MACD_cross_up;BB_breakout;RSI_overbought;Price>SMA20
2025-08-11T14:56:23.126438,ALB,83.08,41.15,0.67,0.80,-54.43,-54.43,1,1,0,0,1,1,0,0,1,0,0,1,ADX>=thresh;MACD_cross_up;BB_breakout;RSI_overbought;ATR>=pct;Price>SMA20
2025-08-11T14:56:27.874493,GOOGL,200.81,44.79,0.45,0.22,-32.68,-32.68,1,1,0,0,0,1,0,0,0,0,0,1,ADX>=thresh;MACD_cross_up;RSI_overbought;Price>SMA20
2025-08-11T14:56:28.813835,GOOG,201.53,48.77,0.44,0.22,-34.61,-34.61,1,1,0,0,0,1,0,0,0,0,0,1,ADX>=thresh;MACD_cross_up;RSI_overbought;Price>SMA20
2025-08-11T14:57:20.166223,AXON,836.74,45.10,2.10,0.25,-63.48,-63.48,1,1,0,0,1,1,0,1,0,0,0,1,ADX>=thresh;MACD_cross_up;BB_breakout;RSI_overbought;ATR>=abs;Price>SMA20
2025-08-11T14:57:41.098458,CCL,28.82,34.54,0.09,0.31,-19.26,-19.26,1,1,0,0,1,1,0,0,0,0,0,1,ADX>=thresh;MACD_cross_up;BB_breakout;RSI_overbought;Price>SMA20
2025-08-11T14:57:43.447145,CBOE,254.68,27.12,0.45,0.18,-40.49,-40.49,1,1,0,0,1,1,0,0,0,0,0,1,ADX>=thresh;MACD_cross_up;BB_breakout;RSI_overbought;Price>SMA20
2025-08-11T14:57:45.747837,COR,291.20,62.08,0.87,0.30,-20.71,-20.71,1,1,0,0,0,1,0,0,0,0,0,1,ADX>=thresh;MACD_cross_up;RSI_overbought;Price>SMA20
2025-08-11T14:57:50.402274,CMG,41.78,45.60,0.11,0.26,-12.47,-12.47,1,1,0,0,0,1,0,0,0,0,0,1,ADX>=thresh;MACD_cross_up;RSI_overbought;Price>SMA20
2025-08-11T14:57:57.262738,CME,287.18,63.56,0.63,0.22,-11.94,-11.94,1,1,0,0,1,1,0,0,0,0,0,1,ADX>=thresh;MACD_cross_up;BB_breakout;RSI_overbought;Price>SMA20
2025-08-11T14:58:04.342038,CEG,331.87,50.47,2.34,0.70,-33.83,-33.83,1,1,0,0,0,0,0,1,1,0,0,0,ADX>=thresh;MACD_cross_up;ATR>=abs;ATR>=pct
2025-08-11T14:58:23.593817,DASH,257.31,52.44,1.01,0.39,-25.12,-25.12,1,1,0,0,1,0,0,0,0,0,0,1,ADX>=thresh;MACD_cross_up;BB_breakout;Price>SMA20
2025-08-11T14:58:29.283412,EIX,54.83,43.82,0.18,0.33,-38.24,-38.24,1,1,0,0,1,1,0,0,0,0,0,1,ADX>=thresh;MACD_cross_up;BB_breakout;RSI_overbought;Price>SMA20
2025-08-11T14:58:36.010879,EQIX,781.38,30.79,1.52,0.19,-39.12,-39.12,1,1,0,0,0,1,0,0,0,0,0,1,ADX>=thresh;MACD_cross_up;RSI_overbought;Price>SMA20
2025-08-11T14:58:37.411570,ERIE,366.37,37.68,1.73,0.47,2.31,2.31,1,1,0,0,0,1,0,0,0,0,0,1,ADX>=thresh;MACD_cross_up;RSI_overbought;Price>SMA20
2025-08-11T14:59:05.951689,GE,276.12,21.81,0.58,0.21,-36.77,-36.77,1,1,0,0,1,1,0,0,0,0,0,1,ADX>=thresh;MACD_cross_up;BB_breakout;RSI_overbought;Price>SMA20
2025-08-11T14:59:07.002423,GEV,650.73,20.81,2.46,0.38,-40.85,-40.85,1,1,0,0,0,1,0,1,0,0,0,1,ADX>=thresh;MACD_cross_up;RSI_overbought;ATR>=abs;Price>SMA20
2025-08-11T14:59:25.343796,HII,269.99,20.31,0.72,0.27,-26.42,-26.42,1,1,0,0,1,1,0,0,0,0,0,1,ADX>=thresh;MACD_cross_up;BB_breakout;RSI_overbought;Price>SMA20
2025-08-11T14:59:32.014536,INTU,724.66,59.57,4.22,0.58,46.77,46.77,1,1,0,0,0,0,0,1,1,0,0,0,ADX>=thresh;MACD_cross_up;ATR>=abs;ATR>=pct
2025-08-11T14:59:33.022729,ISRG,474.24,43.06,1.02,0.22,-22.34,-22.34,1,1,0,0,0,1,0,0,0,0,0,1,ADX>=thresh;MACD_cross_up;RSI_overbought;Price>SMA20
2025-08-11T14:59:41.881181,KVUE,21.23,41.52,0.07,0.32,-38.21,-38.21,1,1,0,0,1,1,0,0,0,0,0,1,ADX>=thresh;MACD_cross_up;BB_breakout;RSI_overbought;Price>SMA20
2025-08-11T14:59:47.098323,KR,74.77,24.71,0.17,0.23,-8.03,-8.03,1,1,0,0,0,1,0,0,0,0,0,1,ADX>=thresh;MACD_cross_up;RSI_overbought;Price>SMA20
2025-08-11T15:00:05.478549,MCK,680.52,34.55,2.17,0.32,-26.13,-26.13,1,1,0,0,1,1,0,1,0,0,0,1,ADX>=thresh;MACD_cross_up;BB_breakout;RSI_overbought;ATR>=abs;Price>SMA20
2025-08-11T15:00:11.065524,MSFT,525.19,42.96,0.78,0.15,-33.73,-33.73,1,1,0,0,0,1,0,0,0,0,0,1,ADX>=thresh;MACD_cross_up;RSI_overbought;Price>SMA20
2025-08-11T15:00:21.780435,NFLX,1213.73,22.82,3.10,0.26,-45.17,-45.17,1,1,0,0,0,0,0,1,0,0,0,1,ADX>=thresh;MACD_cross_up;ATR>=abs;Price>SMA20
2025-08-11T15:00:38.099923,PARA,0.00,23.11,0.04,inf,16.08,16.08,1,1,0,0,0,1,0,0,1,0,0,0,ADX>=thresh;MACD_cross_up;RSI_overbought;ATR>=pct
2025-08-11T15:01:01.184165,RCL,305.36,23.03,0.97,0.32,-38.46,-38.46,1,1,0,0,0,1,0,0,0,0,0,1,ADX>=thresh;MACD_cross_up;RSI_overbought;Price>SMA20
2025-08-11T15:01:31.332268,UBER,91.22,29.31,0.41,0.45,-19.02,-19.02,1,1,0,0,0,1,0,0,0,0,0,1,ADX>=thresh;MACD_cross_up;RSI_overbought;Price>SMA20
2025-08-11T15:01:43.351466,VST,201.56,31.43,1.25,0.62,-32.21,-32.21,1,1,0,0,1,0,0,0,1,0,0,1,ADX>=thresh;MACD_cross_up;BB_breakout;ATR>=pct;Price>SMA20
2025-08-11T15:01:51.472391,WM,236.29,24.06,0.36,0.15,-35.79,-35.79,1,1,0,0,1,1,0,0,0,0,0,1,ADX>=thresh;MACD_cross_up;BB_breakout;RSI_overbought;Price>SMA20
2025-08-11T15:02:00.158187,XYL,142.55,26.96,0.27,0.19,-47.79,-47.79,1,1,0,0,1,1,0,0,0,0,0,1,ADX>=thresh;MACD_cross_up;BB_breakout;RSI_overbought;Price>SMA20
2025-08-11T15:02:17.847979,ALB,82.89,40.58,0.65,0.79,-57.78,-57.78,1,1,0,0,0,1,0,0,1,0,0,1,ADX>=thresh;MACD_cross_up;RSI_overbought;ATR>=pct;Price>SMA20
2025-08-11T15:02:23.245219,MO,64.97,41.09,0.15,0.23,-16.20,-16.20,1,1,0,0,0,1,0,0,0,0,0,1,ADX>=thresh;MACD_cross_up;RSI_overbought;Price>SMA20
2025-08-11T15:02:25.938530,AEP,112.19,28.23,0.17,0.15,-4.20,-4.20,1,1,0,0,1,1,0,0,0,0,0,1,ADX>=thresh;MACD_cross_up;BB_breakout;RSI_overbought;Price>SMA20
2025-08-11T15:02:36.089535,ACGL,89.50,27.83,0.11,0.13,-23.65,-23.65,1,1,0,0,1,1,0,0,0,0,0,1,ADX>=thresh;MACD_cross_up;BB_breakout;RSI_overbought;Price>SMA20
2025-08-11T15:02:43.744330,AXON,836.29,42.16,1.72,0.21,-59.82,-59.82,1,1,0,0,0,1,0,0,0,0,0,1,ADX>=thresh;MACD_cross_up;RSI_overbought;Price>SMA20
2025-08-11T15:02:59.043800,CZR,24.00,24.83,0.10,0.41,-26.36,-26.36,1,1,0,0,1,0,0,0,0,0,0,1,ADX>=thresh;MACD_cross_up;BB_breakout;Price>SMA20
2025-08-11T15:03:05.418652,CBOE,255.27,30.68,0.43,0.17,-37.67,-37.67,1,1,0,0,1,1,0,0,0,0,0,1,ADX>=thresh;MACD_cross_up;BB_breakout;RSI_overbought;Price>SMA20
2025-08-11T15:03:07.559512,COR,291.33,59.28,0.83,0.28,-20.54,-20.54,1,1,0,0,0,1,0,0,0,0,0,1,ADX>=thresh;MACD_cross_up;RSI_overbought;Price>SMA20
2025-08-11T15:03:19.257424,CME,287.67,67.31,0.65,0.23,-13.39,-13.39,1,1,0,0,1,1,0,0,0,0,0,1,ADX>=thresh;MACD_cross_up;BB_breakout;RSI_overbought;Price>SMA20
2025-08-11T15:03:25.958390,CEG,331.60,50.47,2.13,0.64,-34.55,-34.55,1,1,0,0,0,0,0,1,1,0,0,0,ADX>=thresh;MACD_cross_up;ATR>=abs;ATR>=pct
2025-08-11T15:03:50.465547,EIX,54.89,41.35,0.17,0.31,-36.55,-36.55,1,1,0,0,0,1,0,0,0,0,0,1,ADX>=thresh;MACD_cross_up;RSI_overbought;Price>SMA20
2025-08-11T15:03:57.794167,EQIX,781.55,33.54,1.37,0.17,-47.13,-47.13,1,1,0,0,0,1,0,0,0,0,0,1,ADX>=thresh;MACD_cross_up;RSI_overbought;Price>SMA20
2025-08-11T15:04:19.415473,GEV,650.33,22.55,2.29,0.35,-38.98,-38.98,1,1,0,0,0,0,0,1,0,0,0,1,ADX>=thresh;MACD_cross_up;ATR>=abs;Price>SMA20
2025-08-11T15:04:20.101537,GEN,31.09,25.30,0.12,0.38,-38.95,-38.95,1,1,0,0,1,1,0,0,0,0,0,1,ADX>=thresh;MACD_cross_up;BB_breakout;RSI_overbought;Price>SMA20
2025-08-11T15:04:25.649168,GDDY,136.26,33.97,0.73,0.53,-34.13,-34.13,1,1,0,0,0,0,0,0,1,0,0,1,ADX>=thresh;MACD_cross_up;ATR>=pct;Price>SMA20
2025-08-11T15:04:37.897513,HII,269.52,20.92,0.69,0.26,-29.56,-29.56,1,1,0,0,0,1,0,0,0,0,0,1,ADX>=thresh;MACD_cross_up;RSI_overbought;Price>SMA20
2025-08-11T15:04:42.767780,INTC,21.03,55.51,0.10,0.50,-31.77,-31.77,1,1,0,0,1,1,0,0,0,0,0,1,ADX>=thresh;MACD_cross_up;BB_breakout;RSI_overbought;Price>SMA20
2025-08-11T15:04:45.484723,INTU,726.20,62.38,4.14,0.57,42.54,42.54,1,1,0,0,0,0,0,1,1,0,0,0,ADX>=thresh;MACD_cross_up;ATR>=abs;ATR>=pct
2025-08-11T15:04:46.192787,ISRG,474.58,48.44,0.94,0.20,-25.22,-25.22,1,1,0,0,0,1,0,0,0,0,0,1,ADX>=thresh;MACD_cross_up;RSI_overbought;Price>SMA20
2025-08-11T15:04:53.457580,KVUE,21.28,41.26,0.07,0.32,-33.51,-33.51,1,1,0,0,1,1,0,0,0,0,0,1,ADX>=thresh;MACD_cross_up;BB_breakout;RSI_overbought;Price>SMA20
2025-08-11T15:05:15.501183,MCK,680.22,35.99,2.13,0.31,-24.12,-24.12,1,1,0,0,0,1,0,1,0,0,0,1,ADX>=thresh;MACD_cross_up;RSI_overbought;ATR>=abs;Price>SMA20
2025-08-11T15:05:21.652026,MSFT,525.08,46.30,0.74,0.14,-28.04,-28.04,1,1,0,0,0,1,0,0,0,0,0,1,ADX>=thresh;MACD_cross_up;RSI_overbought;Price>SMA20
2025-08-11T15:05:33.523603,NFLX,1215.41,22.90,3.27,0.27,-38.17,-38.17,1,1,0,0,1,1,0,1,0,0,0,1,ADX>=thresh;MACD_cross_up;BB_breakout;RSI_overbought;ATR>=abs;Price>SMA20
2025-08-11T15:05:52.468949,PARA,0.00,23.11,0.04,inf,16.08,16.08,1,1,0,0,0,1,0,0,1,0,0,0,ADX>=thresh;MACD_cross_up;RSI_overbought;ATR>=pct
2025-08-11T15:06:07.245193,PSA,279.90,69.29,0.54,0.19,-20.23,-20.23,1,1,0,0,1,0,0,0,0,0,0,1,ADX>=thresh;MACD_cross_up;BB_breakout;Price>SMA20
2025-08-11T15:06:12.382763,O,57.63,22.29,0.09,0.16,-12.43,-12.43,1,1,0,0,1,0,0,0,0,0,0,1,ADX>=thresh;MACD_cross_up;BB_breakout;Price>SMA20
2025-08-11T15:06:42.903410,REG,72.32,21.31,0.16,0.22,-9.99,-9.99,1,1,0,0,1,1,0,0,0,0,0,1,ADX>=thresh;MACD_cross_up;BB_breakout;RSI_overbought;Price>SMA20
2025-08-11T15:06:47.939024,ROST,146.71,45.52,0.28,0.19,-44.21,-44.21,1,1,0,0,1,1,0,0,0,0,0,1,ADX>=thresh;MACD_cross_up;BB_breakout;RSI_overbought;Price>SMA20
2025-08-11T15:06:50.619645,SBAC,220.19,33.31,0.33,0.15,-19.07,-19.07,1,1,0,0,1,0,0,0,0,0,0,1,ADX>=thresh;MACD_cross_up;BB_breakout;Price>SMA20
2025-08-11T15:06:54.157207,SPG,164.31,56.43,0.26,0.16,-15.77,-15.77,1,1,0,0,1,1,0,0,0,0,0,1,ADX>=thresh;MACD_cross_up;BB_breakout;RSI_overbought;Price>SMA20
2025-08-11T15:07:16.782668,UBER,91.24,32.51,0.40,0.44,-21.89,-21.89,1,1,0,0,0,1,0,0,0,0,0,1,ADX>=thresh;MACD_cross_up;RSI_overbought;Price>SMA20
2025-08-11T15:07:27.737300,VST,201.67,30.68,1.14,0.56,-40.40,-40.40,1,1,0,0,1,0,0,0,1,0,0,1,ADX>=thresh;MACD_cross_up;BB_breakout;ATR>=pct;Price>SMA20
2025-08-11T15:07:34.426598,WM,236.50,26.65,0.36,0.15,-35.82,-35.82,1,1,0,0,1,1,0,0,0,0,0,1,ADX>=thresh;MACD_cross_up;BB_breakout;RSI_overbought;Price>SMA20
2025-08-11T15:07:36.372794,WELL,169.07,20.32,0.25,0.15,-48.23,-48.23,1,1,0,0,0,1,0,0,0,0,0,1,ADX>=thresh;MACD_cross_up;RSI_overbought;Price>SMA20
2025-08-11T15:07:38.950794,WMB,58.47,22.53,0.12,0.20,-44.45,-44.45,1,1,0,0,1,1,0,0,0,0,0,1,ADX>=thresh;MACD_cross_up;BB_breakout;RSI_overbought;Price>SMA20
2025-08-11T15:07:41.657947,XYL,142.57,25.39,0.25,0.18,-45.30,-45.30,1,1,0,0,0,1,0,0,0,0,0,1,ADX>=thresh;MACD_cross_up;RSI_overbought;Price>SMA20
2025-08-11T15:07:55.037330,AKAM,71.93,37.27,0.34,0.47,-36.08,-36.08,1,1,0,0,1,0,0,0,0,0,0,1,ADX>=thresh;MACD_cross_up;BB_breakout;Price>SMA20
2025-08-11T15:08:00.114060,MO,64.97,35.99,0.14,0.22,-18.97,-18.97,1,1,0,0,0,1,0,0,0,0,0,1,ADX>=thresh;MACD_cross_up;RSI_overbought;Price>SMA20
2025-08-11T15:08:07.085892,ADI,227.55,36.83,0.40,0.18,-43.04,-43.04,1,1,0,0,1,1,0,0,0,0,0,1,ADX>=thresh;MACD_cross_up;BB_breakout;RSI_overbought;Price>SMA20
2025-08-11T15:08:12.251289,ACGL,89.77,32.83,0.13,0.14,-12.85,-12.85,1,1,0,0,1,1,0,0,0,0,0,1,ADX>=thresh;MACD_cross_up;BB_breakout;RSI_overbought;Price>SMA20
2025-08-11T15:08:27.683593,BMY,46.10,20.84,0.11,0.25,-44.66,-44.66,1,1,0,0,1,1,0,0,0,0,0,1,ADX>=thresh;MACD_cross_up;BB_breakout;RSI_overbought;Price>SMA20
2025-08-11T15:08:33.545422,CZR,24.06,25.55,0.10,0.42,-23.22,-23.22,1,1,0,0,1,1,0,0,0,0,0,1,ADX>=thresh;MACD_cross_up;BB_breakout;RSI_overbought;Price>SMA20
2025-08-11T15:08:35.512190,COF,209.02,22.86,0.45,0.22,-19.78,-19.78,1,1,0,0,0,1,0,0,0,0,0,1,ADX>=thresh;MACD_cross_up;RSI_overbought;Price>SMA20
2025-08-11T15:08:37.085819,CCL,28.75,38.30,0.08,0.29,-27.55,-27.55,1,1,0,0,0,1,0,0,0,0,0,1,ADX>=thresh;MACD_cross_up;RSI_overbought;Price>SMA20
2025-08-11T15:08:43.835839,CHTR,259.55,27.65,0.94,0.36,-35.01,-35.01,1,1,0,0,1,1,0,0,0,0,0,1,ADX>=thresh;MACD_cross_up;BB_breakout;RSI_overbought;Price>SMA20
2025-08-11T15:08:45.105012,CMG,41.82,40.30,0.12,0.29,-11.14,-11.14,1,1,0,0,0,1,0,0,0,0,0,1,ADX>=thresh;MACD_cross_up;RSI_overbought;Price>SMA20
2025-08-11T15:08:46.172348,CHD,91.31,46.80,0.19,0.20,-26.87,-26.87,1,1,0,0,1,0,0,0,0,0,0,1,ADX>=thresh;MACD_cross_up;BB_breakout;Price>SMA20
2025-08-11T15:08:51.923729,CME,287.50,71.08,0.66,0.23,-10.78,-10.78,1,1,0,0,0,1,0,0,0,0,0,1,ADX>=thresh;MACD_cross_up;RSI_overbought;Price>SMA20
2025-08-11T15:08:58.759326,CEG,332.52,47.67,1.94,0.58,-38.23,-38.23,1,1,0,0,0,0,0,0,1,0,0,1,ADX>=thresh;MACD_cross_up;ATR>=pct;Price>SMA20
2025-08-11T15:09:03.307438,CRWD,433.88,35.40,1.51,0.35,-29.46,-29.46,1,1,0,0,1,1,0,0,0,0,0,1,ADX>=thresh;MACD_cross_up;BB_breakout;RSI_overbought;Price>SMA20
2025-08-11T15:09:14.825474,DASH,257.76,47.73,0.96,0.37,-33.00,-33.00,1,1,0,0,1,0,0,0,0,0,0,1,ADX>=thresh;MACD_cross_up;BB_breakout;Price>SMA20
2025-08-11T15:09:21.380205,EIX,54.88,39.75,0.16,0.29,-37.92,-37.92,1,1,0,0,0,1,0,0,0,0,0,1,ADX>=thresh;MACD_cross_up;RSI_overbought;Price>SMA20
2025-08-11T15:09:27.546265,EQIX,781.91,33.58,1.39,0.18,-44.52,-44.52,1,1,0,0,0,1,0,0,0,0,0,1,ADX>=thresh;MACD_cross_up;RSI_overbought;Price>SMA20
2025-08-11T15:09:28.628000,ERIE,367.27,39.06,1.77,0.48,-5.63,-5.63,1,1,0,0,0,1,0,0,0,0,0,1,ADX>=thresh;MACD_cross_up;RSI_overbought;Price>SMA20
2025-08-11T15:09:30.277032,EG,329.87,25.25,0.25,0.08,-49.99,-49.99,1,1,0,0,1,0,0,0,0,0,0,1,ADX>=thresh;MACD_cross_up;BB_breakout;Price>SMA20
2025-08-11T15:09:47.531951,GEV,650.86,24.54,2.18,0.34,-38.43,-38.43,1,1,0,0,0,0,0,1,0,0,0,1,ADX>=thresh;MACD_cross_up;ATR>=abs;Price>SMA20
2025-08-11T15:09:48.237958,GEN,31.07,24.57,0.10,0.34,-41.53,-41.53,1,1,0,0,1,1,0,0,0,0,0,1,ADX>=thresh;MACD_cross_up;BB_breakout;RSI_overbought;Price>SMA20
2025-08-11T15:09:53.137198,GDDY,136.34,32.07,0.69,0.50,-39.58,-39.58,1,1,0,0,0,0,0,0,1,0,0,1,ADX>=thresh;MACD_cross_up;ATR>=pct;Price>SMA20
2025-08-11T15:10:11.641505,INTC,21.02,51.16,0.09,0.44,-39.75,-39.75,1,1,0,0,0,1,0,0,0,0,0,1,ADX>=thresh;MACD_cross_up;RSI_overbought;Price>SMA20
2025-08-11T15:10:14.414043,INTU,726.14,66.25,4.08,0.56,-16.79,-16.79,1,1,0,0,0,0,0,1,1,0,0,0,ADX>=thresh;MACD_cross_up;ATR>=abs;ATR>=pct
2025-08-11T15:10:22.084969,KVUE,21.27,41.70,0.05,0.24,-37.46,-37.46,1,1,0,0,0,1,0,0,0,0,0,1,ADX>=thresh;MACD_cross_up;RSI_overbought;Price>SMA20
2025-08-11T15:10:46.689812,MSFT,525.88,47.79,0.74,0.14,-24.47,-24.47,1,1,0,0,0,1,0,0,0,0,0,1,ADX>=thresh;MACD_cross_up;RSI_overbought;Price>SMA20
2025-08-11T15:10:56.399869,NFLX,1214.98,29.47,2.88,0.24,-43.22,-43.22,1,1,0,0,0,0,0,1,0,0,0,1,ADX>=thresh;MACD_cross_up;ATR>=abs;Price>SMA20
2025-08-11T15:10:59.495867,NKE,73.49,30.78,0.14,0.19,-41.48,-41.48,1,1,0,0,1,0,0,0,0,0,0,1,ADX>=thresh;MACD_cross_up;BB_breakout;Price>SMA20
2025-08-11T15:11:11.809375,PARA,0.00,23.11,0.04,inf,16.08,16.08,1,1,0,0,0,1,0,0,1,0,0,0,ADX>=thresh;MACD_cross_up;RSI_overbought;ATR>=pct
2025-08-11T15:11:24.444331,PSA,280.01,62.97,0.55,0.19,-26.94,-26.94,1,1,0,0,1,0,0,0,0,0,0,1,ADX>=thresh;MACD_cross_up;BB_breakout;Price>SMA20
2025-08-11T15:11:48.936101,SMCI,45.87,41.88,0.30,0.65,-30.10,-30.10,1,1,0,0,1,0,0,0,1,0,0,1,ADX>=thresh;MACD_cross_up;BB_breakout;ATR>=pct;Price>SMA20
2025-08-11T15:12:00.457379,TRV,264.88,31.30,0.34,0.13,-48.46,-48.46,1,1,0,0,1,0,0,0,0,0,0,1,ADX>=thresh;MACD_cross_up;BB_breakout;Price>SMA20
2025-08-11T15:12:13.363395,VST,201.84,29.98,1.04,0.51,-42.00,-42.00,1,1,0,0,0,0,0,0,1,0,0,1,ADX>=thresh;MACD_cross_up;ATR>=pct;Price>SMA20
2025-08-11T15:12:18.571527,WM,236.41,29.65,0.33,0.14,-46.38,-46.38,1,1,0,0,0,1,0,0,0,0,0,1,ADX>=thresh;MACD_cross_up;RSI_overbought;Price>SMA20
2025-08-11T15:12:22.803070,WMB,58.47,24.25,0.12,0.20,-47.40,-47.40,1,1,0,0,0,1,0,0,0,0,0,1,ADX>=thresh;MACD_cross_up;RSI_overbought;Price>SMA20
2025-08-11T15:12:44.067374,GOOG,201.52,43.61,0.41,0.20,-33.29,-33.29,1,1,0,0,0,1,0,0,0,0,0,1,ADX>=thresh;MACD_cross_up;RSI_overbought;Price>SMA20
2025-08-11T15:12:52.049006,ADI,227.85,32.84,0.40,0.18,-36.48,-36.48,1,1,0,0,1,1,0,0,0,0,0,1,ADX>=thresh;MACD_cross_up;BB_breakout;RSI_overbought;Price>SMA20
2025-08-11T15:12:56.648684,ACGL,89.78,35.14,0.12,0.14,-12.55,-12.55,1,1,0,0,1,1,0,0,0,0,0,1,ADX>=thresh;MACD_cross_up;BB_breakout;RSI_overbought;Price>SMA20
2025-08-11T15:13:22.690635,COF,209.66,21.98,0.47,0.22,-11.20,-11.20,1,1,0,0,1,1,0,0,0,0,0,1,ADX>=thresh;MACD_cross_up;BB_breakout;RSI_overbought;Price>SMA20
2025-08-11T15:13:28.845237,COR,291.99,58.34,0.76,0.26,-20.06,-20.06,1,1,0,0,0,1,0,0,0,0,0,1,ADX>=thresh;MACD_cross_up;RSI_overbought;Price>SMA20
2025-08-11T15:13:32.148380,SCHW,97.64,36.86,0.13,0.14,-24.67,-24.67,1,1,0,0,1,1,0,0,0,0,0,1,ADX>=thresh;MACD_cross_up;BB_breakout;RSI_overbought;Price>SMA20
2025-08-11T15:13:35.550653,CHD,91.43,48.45,0.18,0.19,-25.68,-25.68,1,1,0,0,1,1,0,0,0,0,0,1,ADX>=thresh;MACD_cross_up;BB_breakout;RSI_overbought;Price>SMA20
2025-08-11T15:13:42.164898,CME,288.28,73.71,0.61,0.21,-15.75,-15.75,1,1,0,0,0,1,0,0,0,0,0,1,ADX>=thresh;MACD_cross_up;RSI_overbought;Price>SMA20
2025-08-11T15:14:41.156582,GE,276.27,26.85,0.51,0.19,-22.06,-22.06,1,1,0,0,1,1,0,0,0,0,0,1,ADX>=thresh;MACD_cross_up;BB_breakout;RSI_overbought;Price>SMA20
2025-08-11T15:14:42.266915,GEV,652.15,26.99,2.10,0.32,-39.77,-39.77,1,1,0,0,1,1,0,1,0,0,0,1,ADX>=thresh;MACD_cross_up;BB_breakout;RSI_overbought;ATR>=abs;Price>SMA20
2025-08-11T15:14:42.931742,GEN,31.10,23.88,0.10,0.31,-37.09,-37.09,1,1,0,0,1,1,0,0,0,0,0,1,ADX>=thresh;MACD_cross_up;BB_breakout;RSI_overbought;Price>SMA20
2025-08-11T15:14:44.142132,GD,314.58,21.64,0.32,0.10,-27.80,-27.80,1,1,0,0,1,1,0,0,0,0,0,1,ADX>=thresh;MACD_cross_up;BB_breakout;RSI_overbought;Price>SMA20
2025-08-11T15:14:58.224026,HWM,180.38,41.20,0.49,0.27,-37.55,-37.55,1,1,0,0,1,0,0,0,0,0,0,1,ADX>=thresh;MACD_cross_up;BB_breakout;Price>SMA20
2025-08-11T15:15:01.114213,HII,269.95,23.18,0.68,0.25,-38.85,-38.85,1,1,0,0,0,1,0,0,0,0,0,1,ADX>=thresh;MACD_cross_up;RSI_overbought;Price>SMA20
2025-08-11T15:15:05.446409,INTC,21.44,52.46,0.12,0.58,19.74,19.74,1,1,0,0,1,1,0,0,1,0,0,1,ADX>=thresh;MACD_cross_up;BB_breakout;RSI_overbought;ATR>=pct;Price>SMA20
2025-08-11T15:15:06.476121,ICE,187.08,35.84,0.23,0.12,-38.60,-38.60,1,1,0,0,0,1,0,0,0,0,0,1,ADX>=thresh;MACD_cross_up;RSI_overbought;Price>SMA20
2025-08-11T15:15:08.792411,INTU,724.27,66.36,4.20,0.58,-12.22,-12.22,1,1,0,0,0,0,0,1,1,0,0,0,ADX>=thresh;MACD_cross_up;ATR>=abs;ATR>=pct
2025-08-11T15:15:09.402808,ISRG,475.12,61.86,0.77,0.16,-35.97,-35.97,1,1,0,0,0,1,0,0,0,0,0,1,ADX>=thresh;MACD_cross_up;RSI_overbought;Price>SMA20
2025-08-11T15:15:16.582086,KVUE,21.27,40.49,0.05,0.23,-35.12,-35.12,1,1,0,0,0,1,0,0,0,0,0,1,ADX>=thresh;MACD_cross_up;RSI_overbought;Price>SMA20
2025-08-11T15:15:25.518095,LDOS,178.69,44.01,0.37,0.21,-56.19,-56.19,1,1,0,0,1,1,0,0,0,0,0,1,ADX>=thresh;MACD_cross_up;BB_breakout;RSI_overbought;Price>SMA20
2025-08-11T15:15:29.120634,LMT,426.61,20.79,0.68,0.16,-17.53,-17.53,1,1,0,0,1,1,0,0,0,0,0,1,ADX>=thresh;MACD_cross_up;BB_breakout;RSI_overbought;Price>SMA20
2025-08-11T15:15:43.831096,MSFT,526.59,49.21,0.72,0.14,-16.28,-16.28,1,1,0,0,0,1,0,0,0,0,0,1,ADX>=thresh;MACD_cross_up;RSI_overbought;Price>SMA20
2025-08-11T15:15:50.801546,MPWR,811.40,37.93,2.21,0.27,-30.40,-30.40,1,1,0,0,1,0,0,1,0,0,0,1,ADX>=thresh;MACD_cross_up;BB_breakout;ATR>=abs;Price>SMA20
2025-08-11T15:15:56.031913,NFLX,1217.25,33.68,2.83,0.23,-37.15,-37.15,1,1,0,0,1,1,0,1,0,0,0,1,ADX>=thresh;MACD_cross_up;BB_breakout;RSI_overbought;ATR>=abs;Price>SMA20
2025-08-11T15:16:13.371359,PARA,0.00,23.11,0.04,inf,16.08,16.08,1,1,0,0,0,1,0,0,1,0,0,0,ADX>=thresh;MACD_cross_up;RSI_overbought;ATR>=pct
2025-08-11T15:16:28.048816,PSA,280.02,62.97,0.55,0.19,-26.94,-26.94,1,1,0,0,1,0,0,0,0,0,0,1,ADX>=thresh;MACD_cross_up;BB_breakout;Price>SMA20
2025-08-11T15:16:51.196582,SMCI,45.97,39.24,0.29,0.63,-26.69,-26.69,1,1,0,0,1,1,0,0,1,0,0,1,ADX>=thresh;MACD_cross_up;BB_breakout;RSI_overbought;ATR>=pct;Price>SMA20
2025-08-11T15:17:03.257076,TDG,1413.04,25.00,5.06,0.36,-32.92,-32.92,1,1,0,0,1,0,0,1,0,0,0,1,ADX>=thresh;MACD_cross_up;BB_breakout;ATR>=abs;Price>SMA20
2025-08-11T15:17:15.927699,VRTX,379.89,47.52,1.46,0.39,-20.10,-20.10,1,1,0,0,1,1,0,0,0,0,0,1,ADX>=thresh;MACD_cross_up;BB_breakout;RSI_overbought;Price>SMA20
2025-08-11T15:17:18.052125,VST,202.04,30.35,0.97,0.48,-42.66,-42.66,1,1,0,0,0,1,0,0,0,0,0,1,ADX>=thresh;MACD_cross_up;RSI_overbought;Price>SMA20
2025-08-11T15:17:22.920276,WM,236.56,32.11,0.30,0.13,-34.60,-34.60,1,1,0,0,0,1,0,0,0,0,0,1,ADX>=thresh;MACD_cross_up;RSI_overbought;Price>SMA20
2025-08-11T15:17:28.263449,WMB,58.55,27.56,0.11,0.18,-45.10,-45.10,1,1,0,0,1,1,0,0,0,0,0,1,ADX>=thresh;MACD_cross_up;BB_breakout;RSI_overbought;Price>SMA20
2025-08-11T15:17:49.632319,GOOGL,201.00,41.01,0.39,0.20,-30.26,-30.26,1,1,0,0,0,1,0,0,0,0,0,1,ADX>=thresh;MACD_cross_up;RSI_overbought;Price>SMA20
2025-08-11T15:17:50.447782,GOOG,201.67,42.87,0.38,0.19,-31.28,-31.28,1,1,0,0,0,1,0,0,0,0,0,1,ADX>=thresh;MACD_cross_up;RSI_overbought;Price>SMA20
2025-08-11T15:17:59.037242,ADI,228.21,29.95,0.42,0.18,-11.22,-11.22,1,1,0,0,1,1,0,0,0,0,0,1,ADX>=thresh;MACD_cross_up;BB_breakout;RSI_overbought;Price>SMA20
2025-08-11T15:18:04.544047,ACGL,89.67,36.55,0.13,0.14,-1.03,-1.03,1,1,0,0,0,1,0,0,0,0,0,1,ADX>=thresh;MACD_cross_up;RSI_overbought;Price>SMA20
2025-08-11T15:18:32.344024,COF,209.73,20.01,0.46,0.22,-8.05,-8.05,1,1,0,0,1,1,0,0,0,0,0,1,ADX>=thresh;MACD_cross_up;BB_breakout;RSI_overbought;Price>SMA20
2025-08-11T15:18:38.755386,COR,292.45,60.05,0.73,0.25,-23.04,-23.04,1,1,0,0,0,1,0,0,0,0,0,1,ADX>=thresh;MACD_cross_up;RSI_overbought;Price>SMA20
2025-08-11T15:18:42.280560,SCHW,97.64,34.21,0.13,0.13,-16.98,-16.98,1,1,0,0,0,1,0,0,0,0,0,1,ADX>=thresh;MACD_cross_up;RSI_overbought;Price>SMA20
2025-08-11T15:18:44.547589,CMG,41.81,43.63,0.12,0.28,-7.68,-7.68,1,1,0,0,0,1,0,0,0,0,0,1,ADX>=thresh;MACD_cross_up;RSI_overbought;Price>SMA20
2025-08-11T15:18:45.808409,CHD,91.42,51.28,0.17,0.19,-18.50,-18.50,1,1,0,0,0,1,0,0,0,0,0,1,ADX>=thresh;MACD_cross_up;RSI_overbought;Price>SMA20
2025-08-11T15:18:50.985578,CME,288.05,76.81,0.58,0.20,-18.98,-18.98,1,1,0,0,0,1,0,0,0,0,0,1,ADX>=thresh;MACD_cross_up;RSI_overbought;Price>SMA20
2025-08-11T15:19:27.170657,EQT,51.67,20.43,0.14,0.27,-21.20,-21.20,1,1,0,0,0,1,0,0,0,0,0,1,ADX>=thresh;MACD_cross_up;RSI_overbought;Price>SMA20
2025-08-11T15:19:31.098163,EG,330.33,27.18,0.27,0.08,-40.17,-40.17,1,1,0,0,1,1,0,0,0,0,0,1,ADX>=thresh;MACD_cross_up;BB_breakout;RSI_overbought;Price>SMA20
2025-08-11T15:19:49.723553,GEV,651.00,28.83,2.12,0.33,-27.99,-27.99,1,1,0,0,0,0,0,1,0,0,0,1,ADX>=thresh;MACD_cross_up;ATR>=abs;Price>SMA20
2025-08-11T15:19:50.997433,GEN,31.09,22.56,0.09,0.29,-27.49,-27.49,1,1,0,0,0,1,0,0,0,0,0,1,ADX>=thresh;MACD_cross_up;RSI_overbought;Price>SMA20
2025-08-11T15:20:10.319004,HII,269.95,22.68,0.68,0.25,-39.14,-39.14,1,1,0,0,0,1,0,0,0,0,0,1,ADX>=thresh;MACD_cross_up;RSI_overbought;Price>SMA20
2025-08-11T15:20:14.968245,INTC,21.18,51.33,0.14,0.67,42.09,42.09,1,1,0,0,0,0,0,0,1,0,0,1,ADX>=thresh;MACD_cross_up;ATR>=pct;Price>SMA20
2025-08-11T15:20:18.401828,INTU,719.85,67.72,3.97,0.55,-21.20,-21.20,1,1,0,0,0,0,0,1,1,0,0,0,ADX>=thresh;MACD_cross_up;ATR>=abs;ATR>=pct
2025-08-11T15:20:19.221853,ISRG,475.33,62.47,0.83,0.18,-25.94,-25.94,1,1,0,0,1,1,0,0,0,0,0,1,ADX>=thresh;MACD_cross_up;BB_breakout;RSI_overbought;Price>SMA20
2025-08-11T15:20:28.279964,KVUE,21.28,40.28,0.05,0.21,-38.24,-38.24,1,1,0,0,0,1,0,0,0,0,0,1,ADX>=thresh;MACD_cross_up;RSI_overbought;Price>SMA20
2025-08-11T15:21:00.992942,MSFT,526.11,50.04,0.72,0.14,-15.39,-15.39,1,1,0,0,0,1,0,0,0,0,0,1,ADX>=thresh;MACD_cross_up;RSI_overbought;Price>SMA20
2025-08-11T15:21:06.514828,MPWR,810.92,35.01,2.12,0.26,-37.40,-37.40,1,1,0,0,0,0,0,1,0,0,0,1,ADX>=thresh;MACD_cross_up;ATR>=abs;Price>SMA20
2025-08-11T15:21:08.856933,MS,143.43,24.10,0.22,0.16,-16.92,-16.92,1,1,0,0,1,1,0,0,0,0,0,1,ADX>=thresh;MACD_cross_up;BB_breakout;RSI_overbought;Price>SMA20
2025-08-11T15:21:12.448520,NFLX,1216.65,37.06,2.72,0.22,-28.42,-28.42,1,1,0,0,0,0,0,1,0,0,0,1,ADX>=thresh;MACD_cross_up;ATR>=abs;Price>SMA20
2025-08-11T15:21:27.548996,OKE,74.23,45.90,0.11,0.15,-39.53,-39.53,1,1,0,0,1,0,0,0,0,0,0,1,ADX>=thresh;MACD_cross_up;BB_breakout;Price>SMA20
2025-08-11T15:21:34.853009,PARA,0.00,23.11,0.04,inf,16.08,16.08,1,1,0,0,0,1,0,0,1,0,0,0,ADX>=thresh;MACD_cross_up;RSI_overbought;ATR>=pct
2025-08-11T15:22:02.787902,ROST,147.01,45.73,0.27,0.19,-26.37,-26.37,1,1,0,0,1,1,0,0,0,0,0,1,ADX>=thresh;MACD_cross_up;BB_breakout;RSI_overbought;Price>SMA20
2025-08-11T15:22:19.010035,SMCI,45.85,34.58,0.29,0.63,-26.54,-26.54,1,1,0,0,0,0,0,0,1,0,0,1,ADX>=thresh;MACD_cross_up;ATR>=pct;Price>SMA20
2025-08-11T15:22:30.864130,TJX,131.98,20.99,0.21,0.16,-20.57,-20.57,1,1,0,0,1,0,0,0,0,0,0,1,ADX>=thresh;MACD_cross_up;BB_breakout;Price>SMA20
2025-08-11T15:22:49.727042,VST,202.49,30.03,0.97,0.48,-33.29,-33.29,1,1,0,0,0,1,0,0,0,0,0,1,ADX>=thresh;MACD_cross_up;RSI_overbought;Price>SMA20
2025-08-11T15:22:56.732292,WFC,77.67,25.97,0.14,0.19,-20.55,-20.55,1,1,0,0,1,0,0,0,0,0,0,1,ADX>=thresh;MACD_cross_up;BB_breakout;Price>SMA20
2025-08-11T15:23:00.126703,WMB,58.56,32.82,0.10,0.18,-36.84,-36.84,1,1,0,0,0,1,0,0,0,0,0,1,ADX>=thresh;MACD_cross_up;RSI_overbought;Price>SMA20
2025-08-11T15:23:21.737852,GOOGL,201.04,41.79,0.38,0.19,-29.46,-29.46,1,1,0,0,0,1,0,0,0,0,0,1,ADX>=thresh;MACD_cross_up;RSI_overbought;Price>SMA20
2025-08-11T15:23:22.493280,GOOG,201.70,43.12,0.36,0.18,-29.75,-29.75,1,1,0,0,0,1,0,0,0,0,0,1,ADX>=thresh;MACD_cross_up;RSI_overbought;Price>SMA20
2025-08-11T15:23:23.131160,MO,65.00,21.73,0.13,0.20,-26.83,-26.83,1,1,0,0,0,1,0,0,0,0,0,1,ADX>=thresh;MACD_cross_up;RSI_overbought;Price>SMA20
2025-08-11T15:23:30.113408,ADI,227.94,27.00,0.41,0.18,-13.95,-13.95,1,1,0,0,0,1,0,0,0,0,0,1,ADX>=thresh;MACD_cross_up;RSI_overbought;Price>SMA20
2025-08-11T15:23:31.984726,APA,19.99,27.72,0.08,0.40,-21.60,-21.60,1,1,0,0,1,0,0,0,0,0,0,1,ADX>=thresh;MACD_cross_up;BB_breakout;Price>SMA20
2025-08-11T15:23:47.112567,BX,170.01,27.59,0.37,0.22,-34.32,-34.32,1,1,0,0,1,0,0,0,0,0,0,1,ADX>=thresh;MACD_cross_up;BB_breakout;Price>SMA20
2025-08-11T15:23:47.792391,BK,103.30,30.52,0.15,0.15,-15.15,-15.15,1,1,0,0,1,0,0,0,0,0,0,1,ADX>=thresh;MACD_cross_up;BB_breakout;Price>SMA20
2025-08-11T15:23:57.529820,COF,210.10,20.92,0.48,0.23,-2.48,-2.48,1,1,0,0,0,1,0,0,0,0,0,1,ADX>=thresh;MACD_cross_up;RSI_overbought;Price>SMA20
2025-08-11T15:24:04.932799,SCHW,97.78,30.23,0.13,0.13,-13.94,-13.94,1,1,0,0,1,1,0,0,0,0,0,1,ADX>=thresh;MACD_cross_up;BB_breakout;RSI_overbought;Price>SMA20
2025-08-11T15:24:24.548219,GLW,65.44,25.85,0.12,0.19,-24.43,-24.43,1,1,0,0,1,0,0,0,0,0,0,1,ADX>=thresh;MACD_cross_up;BB_breakout;Price>SMA20
2025-08-11T15:24:34.285253,DVN,32.94,47.61,0.12,0.35,-23.76,-23.76,1,1,0,0,1,1,0,0,0,0,0,1,ADX>=thresh;MACD_cross_up;BB_breakout;RSI_overbought;Price>SMA20
2025-08-11T15:24:38.435483,DASH,258.01,47.00,0.88,0.34,-34.10,-34.10,1,1,0,0,0,1,0,0,0,0,0,1,ADX>=thresh;MACD_cross_up;RSI_overbought;Price>SMA20
2025-08-11T15:24:49.453947,EOG,116.19,36.23,0.32,0.28,-22.85,-22.85,1,1,0,0,1,1,0,0,0,0,0,1,ADX>=thresh;MACD_cross_up;BB_breakout;RSI_overbought;Price>SMA20
2025-08-11T15:24:50.595293,EQT,51.68,22.46,0.13,0.26,-26.14,-26.14,1,1,0,0,0,1,0,0,0,0,0,1,ADX>=thresh;MACD_cross_up;RSI_overbought;Price>SMA20
2025-08-11T15:25:13.240835,GEHC,72.73,21.73,0.16,0.23,-4.04,-4.04,1,1,0,0,0,1,0,0,0,0,0,1,ADX>=thresh;MACD_cross_up;RSI_overbought;Price>SMA20
2025-08-11T15:25:13.934269,GEV,653.20,31.16,1.99,0.30,-20.49,-20.49,1,1,0,0,1,1,0,0,0,0,0,1,ADX>=thresh;MACD_cross_up;BB_breakout;RSI_overbought;Price>SMA20
2025-08-11T15:25:20.859882,GS,719.98,39.54,1.13,0.16,-25.41,-25.41,1,1,0,0,1,1,0,0,0,0,0,1,ADX>=thresh;MACD_cross_up;BB_breakout;RSI_overbought;Price>SMA20
2025-08-11T15:25:41.411589,INTU,720.43,67.35,4.07,0.57,-33.36,-33.36,1,1,0,0,0,0,0,1,1,0,0,0,ADX>=thresh;MACD_cross_up;ATR>=abs;ATR>=pct
2025-08-11T15:25:45.362606,JBL,225.78,31.00,0.52,0.23,-33.93,-33.93,1,1,0,0,1,0,0,0,0,0,0,1,ADX>=thresh;MACD_cross_up;BB_breakout;Price>SMA20
2025-08-11T15:25:48.247274,JPM,290.43,30.39,0.42,0.14,-26.14,-26.14,1,1,0,0,0,1,0,0,0,0,0,1,ADX>=thresh;MACD_cross_up;RSI_overbought;Price>SMA20
2025-08-11T15:25:49.470923,KVUE,21.31,40.96,0.05,0.22,-34.48,-34.48,1,1,0,0,0,1,0,0,0,0,0,1,ADX>=thresh;MACD_cross_up;RSI_overbought;Price>SMA20
2025-08-11T15:25:53.037718,KMI,27.00,27.32,0.04,0.14,-47.31,-47.31,1,1,0,0,0,1,0,0,0,0,0,1,ADX>=thresh;MACD_cross_up;RSI_overbought;Price>SMA20
2025-08-11T15:26:26.442020,MS,143.46,24.99,0.22,0.15,-12.96,-12.96,1,1,0,0,1,1,0,0,0,0,0,1,ADX>=thresh;MACD_cross_up;BB_breakout;RSI_overbought;Price>SMA20
2025-08-11T15:26:29.454939,NFLX,1216.40,39.93,2.70,0.22,-34.92,-34.92,1,1,0,0,0,0,0,1,0,0,0,1,ADX>=thresh;MACD_cross_up;ATR>=abs;Price>SMA20
2025-08-11T15:26:31.857681,NEE,71.95,43.42,0.18,0.25,-41.48,-41.48,1,1,0,0,0,1,0,0,0,0,0,1,ADX>=thresh;MACD_cross_up;RSI_overbought;Price>SMA20
2025-08-11T15:26:43.910933,OKE,74.25,44.66,0.11,0.15,-39.23,-39.23,1,1,0,0,1,0,0,0,0,0,0,1,ADX>=thresh;MACD_cross_up;BB_breakout;Price>SMA20
2025-08-11T15:26:48.874323,PARA,0.00,23.11,0.04,inf,16.08,16.08,1,1,0,0,0,1,0,0,1,0,0,0,ADX>=thresh;MACD_cross_up;RSI_overbought;ATR>=pct
2025-08-11T15:27:15.089902,ROST,146.87,47.70,0.27,0.18,-20.43,-20.43,1,1,0,0,1,1,0,0,0,0,0,1,ADX>=thresh;MACD_cross_up;BB_breakout;RSI_overbought;Price>SMA20
2025-08-11T15:27:18.559391,SRE,81.11,30.53,0.16,0.20,-27.70,-27.70,1,1,0,0,0,1,0,0,0,0,0,1,ADX>=thresh;MACD_cross_up;RSI_overbought;Price>SMA20
2025-08-11T15:27:28.321178,SMCI,45.86,29.88,0.28,0.60,-24.44,-24.44,1,1,0,0,0,0,0,0,1,0,0,1,ADX>=thresh;MACD_cross_up;ATR>=pct;Price>SMA20
2025-08-11T15:27:29.007355,SYF,69.47,28.68,0.13,0.18,-15.65,-15.65,1,1,0,0,1,0,0,0,0,0,0,1,ADX>=thresh;MACD_cross_up;BB_breakout;Price>SMA20
2025-08-11T15:27:33.487092,TRGP,167.21,22.72,0.38,0.22,-44.77,-44.77,1,1,0,0,0,1,0,0,0,0,0,1,ADX>=thresh;MACD_cross_up;RSI_overbought;Price>SMA20
2025-08-11T15:27:37.399117,TPL,870.25,27.79,3.85,0.44,-16.93,-16.93,1,1,0,0,1,0,0,1,0,0,0,1,ADX>=thresh;MACD_cross_up;BB_breakout;ATR>=abs;Price>SMA20
2025-08-11T15:27:41.359995,TDG,1412.31,22.88,4.26,0.30,-21.41,-21.41,1,1,0,0,1,0,0,1,0,0,0,1,ADX>=thresh;MACD_cross_up;BB_breakout;ATR>=abs;Price>SMA20
2025-08-11T15:28:05.052011,WMB,58.55,35.68,0.09,0.16,-37.05,-37.05,1,1,0,0,0,1,0,0,0,0,0,1,ADX>=thresh;MACD_cross_up;RSI_overbought;Price>SMA20
2025-08-11T15:28:40.652321,APA,20.02,26.97,0.08,0.38,-8.59,-8.59,1,1,0,0,1,1,0,0,0,0,0,1,ADX>=thresh;MACD_cross_up;BB_breakout;RSI_overbought;Price>SMA20
2025-08-11T15:28:41.962606,AAPL,227.56,29.37,0.56,0.25,-22.68,-22.68,1,1,0,0,1,0,0,0,0,0,0,1,ADX>=thresh;MACD_cross_up;BB_breakout;Price>SMA20
2025-08-11T15:28:48.741140,AVY,170.24,47.15,0.31,0.18,8.05,8.05,1,1,0,0,0,1,0,0,0,0,0,1,ADX>=thresh;MACD_cross_up;RSI_overbought;Price>SMA20
2025-08-11T15:29:04.820501,COF,210.13,21.16,0.47,0.22,1.61,1.61,1,1,0,0,0,1,0,0,0,0,0,1,ADX>=thresh;MACD_cross_up;RSI_overbought;Price>SMA20
2025-08-11T15:29:05.586765,CAH,158.88,23.02,0.30,0.19,-19.98,-19.98,1,1,0,0,0,1,0,0,0,0,0,1,ADX>=thresh;MACD_cross_up;RSI_overbought;Price>SMA20
2025-08-11T15:29:13.230348,SCHW,97.79,26.09,0.13,0.13,-14.96,-14.96,1,1,0,0,0,1,0,0,0,0,0,1,ADX>=thresh;MACD_cross_up;RSI_overbought;Price>SMA20
2025-08-11T15:29:14.344608,CVX,154.21,41.07,0.26,0.17,-26.72,-26.72,1,1,0,0,1,0,0,0,0,0,0,1,ADX>=thresh;MACD_cross_up;BB_breakout;Price>SMA20
2025-08-11T15:29:42.180771,DVN,33.02,46.93,0.11,0.33,-15.38,-15.38,1,1,0,0,1,1,0,0,0,0,0,1,ADX>=thresh;MACD_cross_up;BB_breakout;RSI_overbought;Price>SMA20
2025-08-11T15:29:47.052637,DOV,174.74,23.14,0.30,0.17,-6.33,-6.33,1,1,0,0,1,1,0,0,0,0,0,1,ADX>=thresh;MACD_cross_up;BB_breakout;RSI_overbought;Price>SMA20
2025-08-11T15:29:54.193077,EIX,55.03,28.14,0.14,0.26,-25.46,-25.46,1,1,0,0,0,1,0,0,0,0,0,1,ADX>=thresh;MACD_cross_up;RSI_overbought;Price>SMA20
2025-08-11T15:29:58.144632,EOG,116.23,36.28,0.30,0.26,-24.16,-24.16,1,1,0,0,1,1,0,0,0,0,0,1,ADX>=thresh;MACD_cross_up;BB_breakout;RSI_overbought;Price>SMA20
2025-08-11T15:29:59.444457,EQT,51.75,24.37,0.13,0.25,-22.98,-22.98,1,1,0,0,0,1,0,0,0,0,0,1,ADX>=thresh;MACD_cross_up;RSI_overbought;Price>SMA20
