[2025-07-20 00:32:05,338] sim INFO: [SIM] Scanning 503 symbols every minute…
[2025-07-20 00:32:05,403] sim INFO: [SIM] seed cash: $1000.00
[2025-07-20 00:32:06,015] sim ERROR: [SIM] Error analyzing MMM: 'Close'
[2025-07-20 00:32:06,368] sim ERROR: [SIM] Error analyzing AOS: 'Close'
[2025-07-20 00:32:06,751] sim ERROR: [SIM] Error analyzing ABT: 'Close'
[2025-07-20 00:32:07,119] sim ERROR: [SIM] Error analyzing ABBV: 'Close'
[2025-07-20 00:32:07,527] sim ERROR: [SIM] Error analyzing ACN: 'Close'
[2025-07-20 00:32:07,895] sim ERROR: [SIM] Error analyzing ADBE: 'Close'
[2025-07-20 00:32:08,265] sim ERROR: [SIM] Error analyzing AMD: 'Close'
[2025-07-20 00:32:08,643] sim ERROR: [SIM] Error analyzing AES: 'Close'
[2025-07-20 00:32:09,010] sim ERROR: [SIM] Error analyzing AFL: 'Close'
[2025-07-20 00:32:09,345] sim ERROR: [SIM] Error analyzing A: 'Close'
[2025-07-20 00:32:09,678] sim ERROR: [SIM] Error analyzing APD: 'Close'
[2025-07-20 00:32:09,988] sim ERROR: [SIM] Error analyzing ABNB: 'Close'
[2025-07-20 00:32:10,447] sim ERROR: [SIM] Error analyzing AKAM: 'Close'
[2025-07-20 00:32:10,776] sim ERROR: [SIM] Error analyzing ALB: 'Close'
[2025-07-20 00:32:11,130] sim ERROR: [SIM] Error analyzing ARE: 'Close'
[2025-07-20 00:32:11,386] sim ERROR: [SIM] Error analyzing ALGN: 'Close'
[2025-07-20 00:48:38,470] sim INFO: [SIM] Scanning 503 symbols every minute…
[2025-07-20 00:48:38,505] sim INFO: [SIM] seed cash: $1000.00
[2025-07-20 00:48:38,982] sim ERROR: [SIM] Error analyzing MMM: 'Close'
[2025-07-20 00:48:39,327] sim ERROR: [SIM] Error analyzing AOS: 'Close'
[2025-07-20 00:48:39,660] sim ERROR: [SIM] Error analyzing ABT: 'Close'
[2025-07-20 00:48:40,007] sim ERROR: [SIM] Error analyzing ABBV: 'Close'
[2025-07-20 00:48:40,353] sim ERROR: [SIM] Error analyzing ACN: 'Close'
[2025-07-20 00:48:40,679] sim ERROR: [SIM] Error analyzing ADBE: 'Close'
[2025-07-20 00:48:40,992] sim ERROR: [SIM] Error analyzing AMD: 'Close'
[2025-07-20 00:48:41,309] sim ERROR: [SIM] Error analyzing AES: 'Close'
[2025-07-20 00:48:41,649] sim ERROR: [SIM] Error analyzing AFL: 'Close'
[2025-07-20 00:48:41,927] sim ERROR: [SIM] Error analyzing A: 'Close'
[2025-07-20 00:59:23,083] sim INFO: [SIM] Scanning 503 symbols every minute…
[2025-07-20 00:59:23,114] sim INFO: [SIM] seed cash: $1000.00
[2025-07-20 00:59:23,648] sim ERROR: [SIM] Error analyzing MMM: too many values to unpack (expected 2)
[2025-07-20 00:59:23,981] sim ERROR: [SIM] Error analyzing AOS: too many values to unpack (expected 2)
[2025-07-20 00:59:24,339] sim ERROR: [SIM] Error analyzing ABT: too many values to unpack (expected 2)
[2025-07-20 00:59:24,694] sim ERROR: [SIM] Error analyzing ABBV: too many values to unpack (expected 2)
[2025-07-20 00:59:25,022] sim ERROR: [SIM] Error analyzing ACN: too many values to unpack (expected 2)
[2025-07-20 00:59:25,352] sim ERROR: [SIM] Error analyzing ADBE: too many values to unpack (expected 2)
[2025-07-20 00:59:25,685] sim ERROR: [SIM] Error analyzing AMD: too many values to unpack (expected 2)
[2025-07-20 00:59:26,069] sim ERROR: [SIM] Error analyzing AES: too many values to unpack (expected 2)
[2025-07-20 00:59:26,345] sim ERROR: [SIM] Error analyzing AFL: too many values to unpack (expected 2)
[2025-07-20 00:59:26,684] sim ERROR: [SIM] Error analyzing A: too many values to unpack (expected 2)
[2025-07-20 00:59:27,066] sim ERROR: [SIM] Error analyzing APD: too many values to unpack (expected 2)
[2025-07-20 01:36:24,646] sim INFO: [SIM] Scanning 503 symbols every minute…
[2025-07-20 01:44:12,340] sim INFO: [SIM] Scanning 503 symbols every minute…
[2025-07-20 01:44:12,397] sim INFO: [SIM] seed cash: $1000.00
[2025-07-20 01:44:12,965] sim ERROR: [SIM] Error analyzing MMM
Traceback (most recent call last):
  File "C:\Users\bmccall\AppData\Local\Programs\Python\Python311\Lib\site-packages\pandas\core\indexes\datetimes.py", line 603, in get_loc
    parsed, reso = self._parse_with_reso(key)
                   ^^^^^^^^^^^^^^^^^^^^^^^^^^
  File "C:\Users\bmccall\AppData\Local\Programs\Python\Python311\Lib\site-packages\pandas\core\indexes\datetimes.py", line 559, in _parse_with_reso
    parsed, reso = super()._parse_with_reso(label)
                   ^^^^^^^^^^^^^^^^^^^^^^^^^^^^^^^
  File "C:\Users\bmccall\AppData\Local\Programs\Python\Python311\Lib\site-packages\pandas\core\indexes\datetimelike.py", line 293, in _parse_with_reso
    parsed, reso_str = parsing.parse_datetime_string_with_reso(label, freqstr)
                       ^^^^^^^^^^^^^^^^^^^^^^^^^^^^^^^^^^^^^^^^^^^^^^^^^^^^^^^
  File "parsing.pyx", line 442, in pandas._libs.tslibs.parsing.parse_datetime_string_with_reso
  File "parsing.pyx", line 666, in pandas._libs.tslibs.parsing.dateutil_parse
pandas._libs.tslibs.parsing.DateParseError: Unknown datetime string format, unable to parse: Close

The above exception was the direct cause of the following exception:

Traceback (most recent call last):
  File "C:\TradeAlerts\services\simulation_service.py", line 360, in run_simulation_loop
    result = analyze_symbol(sym, settings)
             ^^^^^^^^^^^^^^^^^^^^^^^^^^^^^
  File "C:\TradeAlerts\services\simulation_service.py", line 101, in analyze_symbol
    macd_line, signal = compute_macd(
                        ^^^^^^^^^^^^^
  File "C:\TradeAlerts\services\indicators.py", line 250, in compute_macd
    exp1 = df['Close'].ewm(span=fast, adjust=False).mean()
           ~~^^^^^^^^^
  File "C:\Users\bmccall\AppData\Local\Programs\Python\Python311\Lib\site-packages\pandas\core\series.py", line 1121, in __getitem__
    return self._get_value(key)
           ^^^^^^^^^^^^^^^^^^^^
  File "C:\Users\bmccall\AppData\Local\Programs\Python\Python311\Lib\site-packages\pandas\core\series.py", line 1237, in _get_value
    loc = self.index.get_loc(label)
          ^^^^^^^^^^^^^^^^^^^^^^^^^
  File "C:\Users\bmccall\AppData\Local\Programs\Python\Python311\Lib\site-packages\pandas\core\indexes\datetimes.py", line 605, in get_loc
    raise KeyError(key) from err
KeyError: 'Close'
[2025-07-20 01:44:13,295] sim ERROR: [SIM] Error analyzing AOS
Traceback (most recent call last):
  File "C:\Users\bmccall\AppData\Local\Programs\Python\Python311\Lib\site-packages\pandas\core\indexes\datetimes.py", line 603, in get_loc
    parsed, reso = self._parse_with_reso(key)
                   ^^^^^^^^^^^^^^^^^^^^^^^^^^
  File "C:\Users\bmccall\AppData\Local\Programs\Python\Python311\Lib\site-packages\pandas\core\indexes\datetimes.py", line 559, in _parse_with_reso
    parsed, reso = super()._parse_with_reso(label)
                   ^^^^^^^^^^^^^^^^^^^^^^^^^^^^^^^
  File "C:\Users\bmccall\AppData\Local\Programs\Python\Python311\Lib\site-packages\pandas\core\indexes\datetimelike.py", line 293, in _parse_with_reso
    parsed, reso_str = parsing.parse_datetime_string_with_reso(label, freqstr)
                       ^^^^^^^^^^^^^^^^^^^^^^^^^^^^^^^^^^^^^^^^^^^^^^^^^^^^^^^
  File "parsing.pyx", line 442, in pandas._libs.tslibs.parsing.parse_datetime_string_with_reso
  File "parsing.pyx", line 666, in pandas._libs.tslibs.parsing.dateutil_parse
pandas._libs.tslibs.parsing.DateParseError: Unknown datetime string format, unable to parse: Close

The above exception was the direct cause of the following exception:

Traceback (most recent call last):
  File "C:\TradeAlerts\services\simulation_service.py", line 360, in run_simulation_loop
    result = analyze_symbol(sym, settings)
             ^^^^^^^^^^^^^^^^^^^^^^^^^^^^^
  File "C:\TradeAlerts\services\simulation_service.py", line 101, in analyze_symbol
    macd_line, signal = compute_macd(
                        ^^^^^^^^^^^^^
  File "C:\TradeAlerts\services\indicators.py", line 250, in compute_macd
    exp1 = df['Close'].ewm(span=fast, adjust=False).mean()
           ~~^^^^^^^^^
  File "C:\Users\bmccall\AppData\Local\Programs\Python\Python311\Lib\site-packages\pandas\core\series.py", line 1121, in __getitem__
    return self._get_value(key)
           ^^^^^^^^^^^^^^^^^^^^
  File "C:\Users\bmccall\AppData\Local\Programs\Python\Python311\Lib\site-packages\pandas\core\series.py", line 1237, in _get_value
    loc = self.index.get_loc(label)
          ^^^^^^^^^^^^^^^^^^^^^^^^^
  File "C:\Users\bmccall\AppData\Local\Programs\Python\Python311\Lib\site-packages\pandas\core\indexes\datetimes.py", line 605, in get_loc
    raise KeyError(key) from err
KeyError: 'Close'
[2025-07-20 01:44:13,600] sim ERROR: [SIM] Error analyzing ABT
Traceback (most recent call last):
  File "C:\Users\bmccall\AppData\Local\Programs\Python\Python311\Lib\site-packages\pandas\core\indexes\datetimes.py", line 603, in get_loc
    parsed, reso = self._parse_with_reso(key)
                   ^^^^^^^^^^^^^^^^^^^^^^^^^^
  File "C:\Users\bmccall\AppData\Local\Programs\Python\Python311\Lib\site-packages\pandas\core\indexes\datetimes.py", line 559, in _parse_with_reso
    parsed, reso = super()._parse_with_reso(label)
                   ^^^^^^^^^^^^^^^^^^^^^^^^^^^^^^^
  File "C:\Users\bmccall\AppData\Local\Programs\Python\Python311\Lib\site-packages\pandas\core\indexes\datetimelike.py", line 293, in _parse_with_reso
    parsed, reso_str = parsing.parse_datetime_string_with_reso(label, freqstr)
                       ^^^^^^^^^^^^^^^^^^^^^^^^^^^^^^^^^^^^^^^^^^^^^^^^^^^^^^^
  File "parsing.pyx", line 442, in pandas._libs.tslibs.parsing.parse_datetime_string_with_reso
  File "parsing.pyx", line 666, in pandas._libs.tslibs.parsing.dateutil_parse
pandas._libs.tslibs.parsing.DateParseError: Unknown datetime string format, unable to parse: Close

The above exception was the direct cause of the following exception:

Traceback (most recent call last):
  File "C:\TradeAlerts\services\simulation_service.py", line 360, in run_simulation_loop
    result = analyze_symbol(sym, settings)
             ^^^^^^^^^^^^^^^^^^^^^^^^^^^^^
  File "C:\TradeAlerts\services\simulation_service.py", line 101, in analyze_symbol
    macd_line, signal = compute_macd(
                        ^^^^^^^^^^^^^
  File "C:\TradeAlerts\services\indicators.py", line 250, in compute_macd
    exp1 = df['Close'].ewm(span=fast, adjust=False).mean()
           ~~^^^^^^^^^
  File "C:\Users\bmccall\AppData\Local\Programs\Python\Python311\Lib\site-packages\pandas\core\series.py", line 1121, in __getitem__
    return self._get_value(key)
           ^^^^^^^^^^^^^^^^^^^^
  File "C:\Users\bmccall\AppData\Local\Programs\Python\Python311\Lib\site-packages\pandas\core\series.py", line 1237, in _get_value
    loc = self.index.get_loc(label)
          ^^^^^^^^^^^^^^^^^^^^^^^^^
  File "C:\Users\bmccall\AppData\Local\Programs\Python\Python311\Lib\site-packages\pandas\core\indexes\datetimes.py", line 605, in get_loc
    raise KeyError(key) from err
KeyError: 'Close'
[2025-07-20 01:44:13,940] sim ERROR: [SIM] Error analyzing ABBV
Traceback (most recent call last):
  File "C:\Users\bmccall\AppData\Local\Programs\Python\Python311\Lib\site-packages\pandas\core\indexes\datetimes.py", line 603, in get_loc
    parsed, reso = self._parse_with_reso(key)
                   ^^^^^^^^^^^^^^^^^^^^^^^^^^
  File "C:\Users\bmccall\AppData\Local\Programs\Python\Python311\Lib\site-packages\pandas\core\indexes\datetimes.py", line 559, in _parse_with_reso
    parsed, reso = super()._parse_with_reso(label)
                   ^^^^^^^^^^^^^^^^^^^^^^^^^^^^^^^
  File "C:\Users\bmccall\AppData\Local\Programs\Python\Python311\Lib\site-packages\pandas\core\indexes\datetimelike.py", line 293, in _parse_with_reso
    parsed, reso_str = parsing.parse_datetime_string_with_reso(label, freqstr)
                       ^^^^^^^^^^^^^^^^^^^^^^^^^^^^^^^^^^^^^^^^^^^^^^^^^^^^^^^
  File "parsing.pyx", line 442, in pandas._libs.tslibs.parsing.parse_datetime_string_with_reso
  File "parsing.pyx", line 666, in pandas._libs.tslibs.parsing.dateutil_parse
pandas._libs.tslibs.parsing.DateParseError: Unknown datetime string format, unable to parse: Close

The above exception was the direct cause of the following exception:

Traceback (most recent call last):
  File "C:\TradeAlerts\services\simulation_service.py", line 360, in run_simulation_loop
    result = analyze_symbol(sym, settings)
             ^^^^^^^^^^^^^^^^^^^^^^^^^^^^^
  File "C:\TradeAlerts\services\simulation_service.py", line 101, in analyze_symbol
    macd_line, signal = compute_macd(
                        ^^^^^^^^^^^^^
  File "C:\TradeAlerts\services\indicators.py", line 250, in compute_macd
    exp1 = df['Close'].ewm(span=fast, adjust=False).mean()
           ~~^^^^^^^^^
  File "C:\Users\bmccall\AppData\Local\Programs\Python\Python311\Lib\site-packages\pandas\core\series.py", line 1121, in __getitem__
    return self._get_value(key)
           ^^^^^^^^^^^^^^^^^^^^
  File "C:\Users\bmccall\AppData\Local\Programs\Python\Python311\Lib\site-packages\pandas\core\series.py", line 1237, in _get_value
    loc = self.index.get_loc(label)
          ^^^^^^^^^^^^^^^^^^^^^^^^^
  File "C:\Users\bmccall\AppData\Local\Programs\Python\Python311\Lib\site-packages\pandas\core\indexes\datetimes.py", line 605, in get_loc
    raise KeyError(key) from err
KeyError: 'Close'
[2025-07-20 01:44:14,254] sim ERROR: [SIM] Error analyzing ACN
Traceback (most recent call last):
  File "C:\Users\bmccall\AppData\Local\Programs\Python\Python311\Lib\site-packages\pandas\core\indexes\datetimes.py", line 603, in get_loc
    parsed, reso = self._parse_with_reso(key)
                   ^^^^^^^^^^^^^^^^^^^^^^^^^^
  File "C:\Users\bmccall\AppData\Local\Programs\Python\Python311\Lib\site-packages\pandas\core\indexes\datetimes.py", line 559, in _parse_with_reso
    parsed, reso = super()._parse_with_reso(label)
                   ^^^^^^^^^^^^^^^^^^^^^^^^^^^^^^^
  File "C:\Users\bmccall\AppData\Local\Programs\Python\Python311\Lib\site-packages\pandas\core\indexes\datetimelike.py", line 293, in _parse_with_reso
    parsed, reso_str = parsing.parse_datetime_string_with_reso(label, freqstr)
                       ^^^^^^^^^^^^^^^^^^^^^^^^^^^^^^^^^^^^^^^^^^^^^^^^^^^^^^^
  File "parsing.pyx", line 442, in pandas._libs.tslibs.parsing.parse_datetime_string_with_reso
  File "parsing.pyx", line 666, in pandas._libs.tslibs.parsing.dateutil_parse
pandas._libs.tslibs.parsing.DateParseError: Unknown datetime string format, unable to parse: Close

The above exception was the direct cause of the following exception:

Traceback (most recent call last):
  File "C:\TradeAlerts\services\simulation_service.py", line 360, in run_simulation_loop
    result = analyze_symbol(sym, settings)
             ^^^^^^^^^^^^^^^^^^^^^^^^^^^^^
  File "C:\TradeAlerts\services\simulation_service.py", line 101, in analyze_symbol
    macd_line, signal = compute_macd(
                        ^^^^^^^^^^^^^
  File "C:\TradeAlerts\services\indicators.py", line 250, in compute_macd
    exp1 = df['Close'].ewm(span=fast, adjust=False).mean()
           ~~^^^^^^^^^
  File "C:\Users\bmccall\AppData\Local\Programs\Python\Python311\Lib\site-packages\pandas\core\series.py", line 1121, in __getitem__
    return self._get_value(key)
           ^^^^^^^^^^^^^^^^^^^^
  File "C:\Users\bmccall\AppData\Local\Programs\Python\Python311\Lib\site-packages\pandas\core\series.py", line 1237, in _get_value
    loc = self.index.get_loc(label)
          ^^^^^^^^^^^^^^^^^^^^^^^^^
  File "C:\Users\bmccall\AppData\Local\Programs\Python\Python311\Lib\site-packages\pandas\core\indexes\datetimes.py", line 605, in get_loc
    raise KeyError(key) from err
KeyError: 'Close'
[2025-07-20 01:44:14,554] sim ERROR: [SIM] Error analyzing ADBE
Traceback (most recent call last):
  File "C:\Users\bmccall\AppData\Local\Programs\Python\Python311\Lib\site-packages\pandas\core\indexes\datetimes.py", line 603, in get_loc
    parsed, reso = self._parse_with_reso(key)
                   ^^^^^^^^^^^^^^^^^^^^^^^^^^
  File "C:\Users\bmccall\AppData\Local\Programs\Python\Python311\Lib\site-packages\pandas\core\indexes\datetimes.py", line 559, in _parse_with_reso
    parsed, reso = super()._parse_with_reso(label)
                   ^^^^^^^^^^^^^^^^^^^^^^^^^^^^^^^
  File "C:\Users\bmccall\AppData\Local\Programs\Python\Python311\Lib\site-packages\pandas\core\indexes\datetimelike.py", line 293, in _parse_with_reso
    parsed, reso_str = parsing.parse_datetime_string_with_reso(label, freqstr)
                       ^^^^^^^^^^^^^^^^^^^^^^^^^^^^^^^^^^^^^^^^^^^^^^^^^^^^^^^
  File "parsing.pyx", line 442, in pandas._libs.tslibs.parsing.parse_datetime_string_with_reso
  File "parsing.pyx", line 666, in pandas._libs.tslibs.parsing.dateutil_parse
pandas._libs.tslibs.parsing.DateParseError: Unknown datetime string format, unable to parse: Close

The above exception was the direct cause of the following exception:

Traceback (most recent call last):
  File "C:\TradeAlerts\services\simulation_service.py", line 360, in run_simulation_loop
    result = analyze_symbol(sym, settings)
             ^^^^^^^^^^^^^^^^^^^^^^^^^^^^^
  File "C:\TradeAlerts\services\simulation_service.py", line 101, in analyze_symbol
    macd_line, signal = compute_macd(
                        ^^^^^^^^^^^^^
  File "C:\TradeAlerts\services\indicators.py", line 250, in compute_macd
    exp1 = df['Close'].ewm(span=fast, adjust=False).mean()
           ~~^^^^^^^^^
  File "C:\Users\bmccall\AppData\Local\Programs\Python\Python311\Lib\site-packages\pandas\core\series.py", line 1121, in __getitem__
    return self._get_value(key)
           ^^^^^^^^^^^^^^^^^^^^
  File "C:\Users\bmccall\AppData\Local\Programs\Python\Python311\Lib\site-packages\pandas\core\series.py", line 1237, in _get_value
    loc = self.index.get_loc(label)
          ^^^^^^^^^^^^^^^^^^^^^^^^^
  File "C:\Users\bmccall\AppData\Local\Programs\Python\Python311\Lib\site-packages\pandas\core\indexes\datetimes.py", line 605, in get_loc
    raise KeyError(key) from err
KeyError: 'Close'
[2025-07-20 01:44:14,865] sim ERROR: [SIM] Error analyzing AMD
Traceback (most recent call last):
  File "C:\Users\bmccall\AppData\Local\Programs\Python\Python311\Lib\site-packages\pandas\core\indexes\datetimes.py", line 603, in get_loc
    parsed, reso = self._parse_with_reso(key)
                   ^^^^^^^^^^^^^^^^^^^^^^^^^^
  File "C:\Users\bmccall\AppData\Local\Programs\Python\Python311\Lib\site-packages\pandas\core\indexes\datetimes.py", line 559, in _parse_with_reso
    parsed, reso = super()._parse_with_reso(label)
                   ^^^^^^^^^^^^^^^^^^^^^^^^^^^^^^^
  File "C:\Users\bmccall\AppData\Local\Programs\Python\Python311\Lib\site-packages\pandas\core\indexes\datetimelike.py", line 293, in _parse_with_reso
    parsed, reso_str = parsing.parse_datetime_string_with_reso(label, freqstr)
                       ^^^^^^^^^^^^^^^^^^^^^^^^^^^^^^^^^^^^^^^^^^^^^^^^^^^^^^^
  File "parsing.pyx", line 442, in pandas._libs.tslibs.parsing.parse_datetime_string_with_reso
  File "parsing.pyx", line 666, in pandas._libs.tslibs.parsing.dateutil_parse
pandas._libs.tslibs.parsing.DateParseError: Unknown datetime string format, unable to parse: Close

The above exception was the direct cause of the following exception:

Traceback (most recent call last):
  File "C:\TradeAlerts\services\simulation_service.py", line 360, in run_simulation_loop
    result = analyze_symbol(sym, settings)
             ^^^^^^^^^^^^^^^^^^^^^^^^^^^^^
  File "C:\TradeAlerts\services\simulation_service.py", line 101, in analyze_symbol
    macd_line, signal = compute_macd(
                        ^^^^^^^^^^^^^
  File "C:\TradeAlerts\services\indicators.py", line 250, in compute_macd
    exp1 = df['Close'].ewm(span=fast, adjust=False).mean()
           ~~^^^^^^^^^
  File "C:\Users\bmccall\AppData\Local\Programs\Python\Python311\Lib\site-packages\pandas\core\series.py", line 1121, in __getitem__
    return self._get_value(key)
           ^^^^^^^^^^^^^^^^^^^^
  File "C:\Users\bmccall\AppData\Local\Programs\Python\Python311\Lib\site-packages\pandas\core\series.py", line 1237, in _get_value
    loc = self.index.get_loc(label)
          ^^^^^^^^^^^^^^^^^^^^^^^^^
  File "C:\Users\bmccall\AppData\Local\Programs\Python\Python311\Lib\site-packages\pandas\core\indexes\datetimes.py", line 605, in get_loc
    raise KeyError(key) from err
KeyError: 'Close'
[2025-07-20 01:44:15,220] sim ERROR: [SIM] Error analyzing AES
Traceback (most recent call last):
  File "C:\Users\bmccall\AppData\Local\Programs\Python\Python311\Lib\site-packages\pandas\core\indexes\datetimes.py", line 603, in get_loc
    parsed, reso = self._parse_with_reso(key)
                   ^^^^^^^^^^^^^^^^^^^^^^^^^^
  File "C:\Users\bmccall\AppData\Local\Programs\Python\Python311\Lib\site-packages\pandas\core\indexes\datetimes.py", line 559, in _parse_with_reso
    parsed, reso = super()._parse_with_reso(label)
                   ^^^^^^^^^^^^^^^^^^^^^^^^^^^^^^^
  File "C:\Users\bmccall\AppData\Local\Programs\Python\Python311\Lib\site-packages\pandas\core\indexes\datetimelike.py", line 293, in _parse_with_reso
    parsed, reso_str = parsing.parse_datetime_string_with_reso(label, freqstr)
                       ^^^^^^^^^^^^^^^^^^^^^^^^^^^^^^^^^^^^^^^^^^^^^^^^^^^^^^^
  File "parsing.pyx", line 442, in pandas._libs.tslibs.parsing.parse_datetime_string_with_reso
  File "parsing.pyx", line 666, in pandas._libs.tslibs.parsing.dateutil_parse
pandas._libs.tslibs.parsing.DateParseError: Unknown datetime string format, unable to parse: Close

The above exception was the direct cause of the following exception:

Traceback (most recent call last):
  File "C:\TradeAlerts\services\simulation_service.py", line 360, in run_simulation_loop
    result = analyze_symbol(sym, settings)
             ^^^^^^^^^^^^^^^^^^^^^^^^^^^^^
  File "C:\TradeAlerts\services\simulation_service.py", line 101, in analyze_symbol
    macd_line, signal = compute_macd(
                        ^^^^^^^^^^^^^
  File "C:\TradeAlerts\services\indicators.py", line 250, in compute_macd
    exp1 = df['Close'].ewm(span=fast, adjust=False).mean()
           ~~^^^^^^^^^
  File "C:\Users\bmccall\AppData\Local\Programs\Python\Python311\Lib\site-packages\pandas\core\series.py", line 1121, in __getitem__
    return self._get_value(key)
           ^^^^^^^^^^^^^^^^^^^^
  File "C:\Users\bmccall\AppData\Local\Programs\Python\Python311\Lib\site-packages\pandas\core\series.py", line 1237, in _get_value
    loc = self.index.get_loc(label)
          ^^^^^^^^^^^^^^^^^^^^^^^^^
  File "C:\Users\bmccall\AppData\Local\Programs\Python\Python311\Lib\site-packages\pandas\core\indexes\datetimes.py", line 605, in get_loc
    raise KeyError(key) from err
KeyError: 'Close'
[2025-07-20 01:44:15,517] sim ERROR: [SIM] Error analyzing AFL
Traceback (most recent call last):
  File "C:\Users\bmccall\AppData\Local\Programs\Python\Python311\Lib\site-packages\pandas\core\indexes\datetimes.py", line 603, in get_loc
    parsed, reso = self._parse_with_reso(key)
                   ^^^^^^^^^^^^^^^^^^^^^^^^^^
  File "C:\Users\bmccall\AppData\Local\Programs\Python\Python311\Lib\site-packages\pandas\core\indexes\datetimes.py", line 559, in _parse_with_reso
    parsed, reso = super()._parse_with_reso(label)
                   ^^^^^^^^^^^^^^^^^^^^^^^^^^^^^^^
  File "C:\Users\bmccall\AppData\Local\Programs\Python\Python311\Lib\site-packages\pandas\core\indexes\datetimelike.py", line 293, in _parse_with_reso
    parsed, reso_str = parsing.parse_datetime_string_with_reso(label, freqstr)
                       ^^^^^^^^^^^^^^^^^^^^^^^^^^^^^^^^^^^^^^^^^^^^^^^^^^^^^^^
  File "parsing.pyx", line 442, in pandas._libs.tslibs.parsing.parse_datetime_string_with_reso
  File "parsing.pyx", line 666, in pandas._libs.tslibs.parsing.dateutil_parse
pandas._libs.tslibs.parsing.DateParseError: Unknown datetime string format, unable to parse: Close

The above exception was the direct cause of the following exception:

Traceback (most recent call last):
  File "C:\TradeAlerts\services\simulation_service.py", line 360, in run_simulation_loop
    result = analyze_symbol(sym, settings)
             ^^^^^^^^^^^^^^^^^^^^^^^^^^^^^
  File "C:\TradeAlerts\services\simulation_service.py", line 101, in analyze_symbol
    macd_line, signal = compute_macd(
                        ^^^^^^^^^^^^^
  File "C:\TradeAlerts\services\indicators.py", line 250, in compute_macd
    exp1 = df['Close'].ewm(span=fast, adjust=False).mean()
           ~~^^^^^^^^^
  File "C:\Users\bmccall\AppData\Local\Programs\Python\Python311\Lib\site-packages\pandas\core\series.py", line 1121, in __getitem__
    return self._get_value(key)
           ^^^^^^^^^^^^^^^^^^^^
  File "C:\Users\bmccall\AppData\Local\Programs\Python\Python311\Lib\site-packages\pandas\core\series.py", line 1237, in _get_value
    loc = self.index.get_loc(label)
          ^^^^^^^^^^^^^^^^^^^^^^^^^
  File "C:\Users\bmccall\AppData\Local\Programs\Python\Python311\Lib\site-packages\pandas\core\indexes\datetimes.py", line 605, in get_loc
    raise KeyError(key) from err
KeyError: 'Close'
[2025-07-20 01:44:15,855] sim ERROR: [SIM] Error analyzing A
Traceback (most recent call last):
  File "C:\Users\bmccall\AppData\Local\Programs\Python\Python311\Lib\site-packages\pandas\core\indexes\datetimes.py", line 603, in get_loc
    parsed, reso = self._parse_with_reso(key)
                   ^^^^^^^^^^^^^^^^^^^^^^^^^^
  File "C:\Users\bmccall\AppData\Local\Programs\Python\Python311\Lib\site-packages\pandas\core\indexes\datetimes.py", line 559, in _parse_with_reso
    parsed, reso = super()._parse_with_reso(label)
                   ^^^^^^^^^^^^^^^^^^^^^^^^^^^^^^^
  File "C:\Users\bmccall\AppData\Local\Programs\Python\Python311\Lib\site-packages\pandas\core\indexes\datetimelike.py", line 293, in _parse_with_reso
    parsed, reso_str = parsing.parse_datetime_string_with_reso(label, freqstr)
                       ^^^^^^^^^^^^^^^^^^^^^^^^^^^^^^^^^^^^^^^^^^^^^^^^^^^^^^^
  File "parsing.pyx", line 442, in pandas._libs.tslibs.parsing.parse_datetime_string_with_reso
  File "parsing.pyx", line 666, in pandas._libs.tslibs.parsing.dateutil_parse
pandas._libs.tslibs.parsing.DateParseError: Unknown datetime string format, unable to parse: Close

The above exception was the direct cause of the following exception:

Traceback (most recent call last):
  File "C:\TradeAlerts\services\simulation_service.py", line 360, in run_simulation_loop
    result = analyze_symbol(sym, settings)
             ^^^^^^^^^^^^^^^^^^^^^^^^^^^^^
  File "C:\TradeAlerts\services\simulation_service.py", line 101, in analyze_symbol
    macd_line, signal = compute_macd(
                        ^^^^^^^^^^^^^
  File "C:\TradeAlerts\services\indicators.py", line 250, in compute_macd
    exp1 = df['Close'].ewm(span=fast, adjust=False).mean()
           ~~^^^^^^^^^
  File "C:\Users\bmccall\AppData\Local\Programs\Python\Python311\Lib\site-packages\pandas\core\series.py", line 1121, in __getitem__
    return self._get_value(key)
           ^^^^^^^^^^^^^^^^^^^^
  File "C:\Users\bmccall\AppData\Local\Programs\Python\Python311\Lib\site-packages\pandas\core\series.py", line 1237, in _get_value
    loc = self.index.get_loc(label)
          ^^^^^^^^^^^^^^^^^^^^^^^^^
  File "C:\Users\bmccall\AppData\Local\Programs\Python\Python311\Lib\site-packages\pandas\core\indexes\datetimes.py", line 605, in get_loc
    raise KeyError(key) from err
KeyError: 'Close'
[2025-07-20 01:44:16,265] sim ERROR: [SIM] Error analyzing APD
Traceback (most recent call last):
  File "C:\Users\bmccall\AppData\Local\Programs\Python\Python311\Lib\site-packages\pandas\core\indexes\datetimes.py", line 603, in get_loc
    parsed, reso = self._parse_with_reso(key)
                   ^^^^^^^^^^^^^^^^^^^^^^^^^^
  File "C:\Users\bmccall\AppData\Local\Programs\Python\Python311\Lib\site-packages\pandas\core\indexes\datetimes.py", line 559, in _parse_with_reso
    parsed, reso = super()._parse_with_reso(label)
                   ^^^^^^^^^^^^^^^^^^^^^^^^^^^^^^^
  File "C:\Users\bmccall\AppData\Local\Programs\Python\Python311\Lib\site-packages\pandas\core\indexes\datetimelike.py", line 293, in _parse_with_reso
    parsed, reso_str = parsing.parse_datetime_string_with_reso(label, freqstr)
                       ^^^^^^^^^^^^^^^^^^^^^^^^^^^^^^^^^^^^^^^^^^^^^^^^^^^^^^^
  File "parsing.pyx", line 442, in pandas._libs.tslibs.parsing.parse_datetime_string_with_reso
  File "parsing.pyx", line 666, in pandas._libs.tslibs.parsing.dateutil_parse
pandas._libs.tslibs.parsing.DateParseError: Unknown datetime string format, unable to parse: Close

The above exception was the direct cause of the following exception:

Traceback (most recent call last):
  File "C:\TradeAlerts\services\simulation_service.py", line 360, in run_simulation_loop
    result = analyze_symbol(sym, settings)
             ^^^^^^^^^^^^^^^^^^^^^^^^^^^^^
  File "C:\TradeAlerts\services\simulation_service.py", line 101, in analyze_symbol
    macd_line, signal = compute_macd(
                        ^^^^^^^^^^^^^
  File "C:\TradeAlerts\services\indicators.py", line 250, in compute_macd
    exp1 = df['Close'].ewm(span=fast, adjust=False).mean()
           ~~^^^^^^^^^
  File "C:\Users\bmccall\AppData\Local\Programs\Python\Python311\Lib\site-packages\pandas\core\series.py", line 1121, in __getitem__
    return self._get_value(key)
           ^^^^^^^^^^^^^^^^^^^^
  File "C:\Users\bmccall\AppData\Local\Programs\Python\Python311\Lib\site-packages\pandas\core\series.py", line 1237, in _get_value
    loc = self.index.get_loc(label)
          ^^^^^^^^^^^^^^^^^^^^^^^^^
  File "C:\Users\bmccall\AppData\Local\Programs\Python\Python311\Lib\site-packages\pandas\core\indexes\datetimes.py", line 605, in get_loc
    raise KeyError(key) from err
KeyError: 'Close'
[2025-07-20 01:44:16,586] sim ERROR: [SIM] Error analyzing ABNB
Traceback (most recent call last):
  File "C:\Users\bmccall\AppData\Local\Programs\Python\Python311\Lib\site-packages\pandas\core\indexes\datetimes.py", line 603, in get_loc
    parsed, reso = self._parse_with_reso(key)
                   ^^^^^^^^^^^^^^^^^^^^^^^^^^
  File "C:\Users\bmccall\AppData\Local\Programs\Python\Python311\Lib\site-packages\pandas\core\indexes\datetimes.py", line 559, in _parse_with_reso
    parsed, reso = super()._parse_with_reso(label)
                   ^^^^^^^^^^^^^^^^^^^^^^^^^^^^^^^
  File "C:\Users\bmccall\AppData\Local\Programs\Python\Python311\Lib\site-packages\pandas\core\indexes\datetimelike.py", line 293, in _parse_with_reso
    parsed, reso_str = parsing.parse_datetime_string_with_reso(label, freqstr)
                       ^^^^^^^^^^^^^^^^^^^^^^^^^^^^^^^^^^^^^^^^^^^^^^^^^^^^^^^
  File "parsing.pyx", line 442, in pandas._libs.tslibs.parsing.parse_datetime_string_with_reso
  File "parsing.pyx", line 666, in pandas._libs.tslibs.parsing.dateutil_parse
pandas._libs.tslibs.parsing.DateParseError: Unknown datetime string format, unable to parse: Close

The above exception was the direct cause of the following exception:

Traceback (most recent call last):
  File "C:\TradeAlerts\services\simulation_service.py", line 360, in run_simulation_loop
    result = analyze_symbol(sym, settings)
             ^^^^^^^^^^^^^^^^^^^^^^^^^^^^^
  File "C:\TradeAlerts\services\simulation_service.py", line 101, in analyze_symbol
    macd_line, signal = compute_macd(
                        ^^^^^^^^^^^^^
  File "C:\TradeAlerts\services\indicators.py", line 250, in compute_macd
    exp1 = df['Close'].ewm(span=fast, adjust=False).mean()
           ~~^^^^^^^^^
  File "C:\Users\bmccall\AppData\Local\Programs\Python\Python311\Lib\site-packages\pandas\core\series.py", line 1121, in __getitem__
    return self._get_value(key)
           ^^^^^^^^^^^^^^^^^^^^
  File "C:\Users\bmccall\AppData\Local\Programs\Python\Python311\Lib\site-packages\pandas\core\series.py", line 1237, in _get_value
    loc = self.index.get_loc(label)
          ^^^^^^^^^^^^^^^^^^^^^^^^^
  File "C:\Users\bmccall\AppData\Local\Programs\Python\Python311\Lib\site-packages\pandas\core\indexes\datetimes.py", line 605, in get_loc
    raise KeyError(key) from err
KeyError: 'Close'
[2025-07-20 01:44:16,912] sim ERROR: [SIM] Error analyzing AKAM
Traceback (most recent call last):
  File "C:\Users\bmccall\AppData\Local\Programs\Python\Python311\Lib\site-packages\pandas\core\indexes\datetimes.py", line 603, in get_loc
    parsed, reso = self._parse_with_reso(key)
                   ^^^^^^^^^^^^^^^^^^^^^^^^^^
  File "C:\Users\bmccall\AppData\Local\Programs\Python\Python311\Lib\site-packages\pandas\core\indexes\datetimes.py", line 559, in _parse_with_reso
    parsed, reso = super()._parse_with_reso(label)
                   ^^^^^^^^^^^^^^^^^^^^^^^^^^^^^^^
  File "C:\Users\bmccall\AppData\Local\Programs\Python\Python311\Lib\site-packages\pandas\core\indexes\datetimelike.py", line 293, in _parse_with_reso
    parsed, reso_str = parsing.parse_datetime_string_with_reso(label, freqstr)
                       ^^^^^^^^^^^^^^^^^^^^^^^^^^^^^^^^^^^^^^^^^^^^^^^^^^^^^^^
  File "parsing.pyx", line 442, in pandas._libs.tslibs.parsing.parse_datetime_string_with_reso
  File "parsing.pyx", line 666, in pandas._libs.tslibs.parsing.dateutil_parse
pandas._libs.tslibs.parsing.DateParseError: Unknown datetime string format, unable to parse: Close

The above exception was the direct cause of the following exception:

Traceback (most recent call last):
  File "C:\TradeAlerts\services\simulation_service.py", line 360, in run_simulation_loop
    result = analyze_symbol(sym, settings)
             ^^^^^^^^^^^^^^^^^^^^^^^^^^^^^
  File "C:\TradeAlerts\services\simulation_service.py", line 101, in analyze_symbol
    macd_line, signal = compute_macd(
                        ^^^^^^^^^^^^^
  File "C:\TradeAlerts\services\indicators.py", line 250, in compute_macd
    exp1 = df['Close'].ewm(span=fast, adjust=False).mean()
           ~~^^^^^^^^^
  File "C:\Users\bmccall\AppData\Local\Programs\Python\Python311\Lib\site-packages\pandas\core\series.py", line 1121, in __getitem__
    return self._get_value(key)
           ^^^^^^^^^^^^^^^^^^^^
  File "C:\Users\bmccall\AppData\Local\Programs\Python\Python311\Lib\site-packages\pandas\core\series.py", line 1237, in _get_value
    loc = self.index.get_loc(label)
          ^^^^^^^^^^^^^^^^^^^^^^^^^
  File "C:\Users\bmccall\AppData\Local\Programs\Python\Python311\Lib\site-packages\pandas\core\indexes\datetimes.py", line 605, in get_loc
    raise KeyError(key) from err
KeyError: 'Close'
[2025-07-20 01:56:49,380] sim INFO: [SIM] Scanning 503 symbols every minute…
[2025-07-20 01:57:33,822] sim INFO: [SIM] Scanning 503 symbols every minute…
[2025-07-20 01:58:55,762] sim INFO: [SIM] Scanning 503 symbols every minute…
[2025-07-20 01:58:55,803] sim INFO: [SIM] seed cash: $1000.00
[2025-07-20 01:58:56,246] sim ERROR: [SIM] Error analyzing MMM
Traceback (most recent call last):
  File "C:\Users\bmccall\AppData\Local\Programs\Python\Python311\Lib\site-packages\pandas\core\indexes\base.py", line 3805, in get_loc
    return self._engine.get_loc(casted_key)
           ^^^^^^^^^^^^^^^^^^^^^^^^^^^^^^^^
  File "index.pyx", line 167, in pandas._libs.index.IndexEngine.get_loc
  File "index.pyx", line 196, in pandas._libs.index.IndexEngine.get_loc
  File "pandas\\_libs\\hashtable_class_helper.pxi", line 7081, in pandas._libs.hashtable.PyObjectHashTable.get_item
  File "pandas\\_libs\\hashtable_class_helper.pxi", line 7089, in pandas._libs.hashtable.PyObjectHashTable.get_item
KeyError: 'close'

The above exception was the direct cause of the following exception:

Traceback (most recent call last):
  File "C:\TradeAlerts\services\simulation_service.py", line 355, in run_simulation_loop
    result = analyze_symbol(sym, settings)
             ^^^^^^^^^^^^^^^^^^^^^^^^^^^^^
  File "C:\TradeAlerts\services\simulation_service.py", line 90, in analyze_symbol
    history['close'], settings.bb_length, settings.bb_std
    ~~~~~~~^^^^^^^^^
  File "C:\Users\bmccall\AppData\Local\Programs\Python\Python311\Lib\site-packages\pandas\core\frame.py", line 4102, in __getitem__
    indexer = self.columns.get_loc(key)
              ^^^^^^^^^^^^^^^^^^^^^^^^^
  File "C:\Users\bmccall\AppData\Local\Programs\Python\Python311\Lib\site-packages\pandas\core\indexes\base.py", line 3812, in get_loc
    raise KeyError(key) from err
KeyError: 'close'
[2025-07-20 01:58:56,492] sim ERROR: [SIM] Error analyzing AOS
Traceback (most recent call last):
  File "C:\Users\bmccall\AppData\Local\Programs\Python\Python311\Lib\site-packages\pandas\core\indexes\base.py", line 3805, in get_loc
    return self._engine.get_loc(casted_key)
           ^^^^^^^^^^^^^^^^^^^^^^^^^^^^^^^^
  File "index.pyx", line 167, in pandas._libs.index.IndexEngine.get_loc
  File "index.pyx", line 196, in pandas._libs.index.IndexEngine.get_loc
  File "pandas\\_libs\\hashtable_class_helper.pxi", line 7081, in pandas._libs.hashtable.PyObjectHashTable.get_item
  File "pandas\\_libs\\hashtable_class_helper.pxi", line 7089, in pandas._libs.hashtable.PyObjectHashTable.get_item
KeyError: 'close'

The above exception was the direct cause of the following exception:

Traceback (most recent call last):
  File "C:\TradeAlerts\services\simulation_service.py", line 355, in run_simulation_loop
    result = analyze_symbol(sym, settings)
             ^^^^^^^^^^^^^^^^^^^^^^^^^^^^^
  File "C:\TradeAlerts\services\simulation_service.py", line 90, in analyze_symbol
    history['close'], settings.bb_length, settings.bb_std
    ~~~~~~~^^^^^^^^^
  File "C:\Users\bmccall\AppData\Local\Programs\Python\Python311\Lib\site-packages\pandas\core\frame.py", line 4102, in __getitem__
    indexer = self.columns.get_loc(key)
              ^^^^^^^^^^^^^^^^^^^^^^^^^
  File "C:\Users\bmccall\AppData\Local\Programs\Python\Python311\Lib\site-packages\pandas\core\indexes\base.py", line 3812, in get_loc
    raise KeyError(key) from err
KeyError: 'close'
[2025-07-20 01:58:56,786] sim ERROR: [SIM] Error analyzing ABT
Traceback (most recent call last):
  File "C:\Users\bmccall\AppData\Local\Programs\Python\Python311\Lib\site-packages\pandas\core\indexes\base.py", line 3805, in get_loc
    return self._engine.get_loc(casted_key)
           ^^^^^^^^^^^^^^^^^^^^^^^^^^^^^^^^
  File "index.pyx", line 167, in pandas._libs.index.IndexEngine.get_loc
  File "index.pyx", line 196, in pandas._libs.index.IndexEngine.get_loc
  File "pandas\\_libs\\hashtable_class_helper.pxi", line 7081, in pandas._libs.hashtable.PyObjectHashTable.get_item
  File "pandas\\_libs\\hashtable_class_helper.pxi", line 7089, in pandas._libs.hashtable.PyObjectHashTable.get_item
KeyError: 'close'

The above exception was the direct cause of the following exception:

Traceback (most recent call last):
  File "C:\TradeAlerts\services\simulation_service.py", line 355, in run_simulation_loop
    result = analyze_symbol(sym, settings)
             ^^^^^^^^^^^^^^^^^^^^^^^^^^^^^
  File "C:\TradeAlerts\services\simulation_service.py", line 90, in analyze_symbol
    history['close'], settings.bb_length, settings.bb_std
    ~~~~~~~^^^^^^^^^
  File "C:\Users\bmccall\AppData\Local\Programs\Python\Python311\Lib\site-packages\pandas\core\frame.py", line 4102, in __getitem__
    indexer = self.columns.get_loc(key)
              ^^^^^^^^^^^^^^^^^^^^^^^^^
  File "C:\Users\bmccall\AppData\Local\Programs\Python\Python311\Lib\site-packages\pandas\core\indexes\base.py", line 3812, in get_loc
    raise KeyError(key) from err
KeyError: 'close'
[2025-07-20 01:58:57,073] sim ERROR: [SIM] Error analyzing ABBV
Traceback (most recent call last):
  File "C:\Users\bmccall\AppData\Local\Programs\Python\Python311\Lib\site-packages\pandas\core\indexes\base.py", line 3805, in get_loc
    return self._engine.get_loc(casted_key)
           ^^^^^^^^^^^^^^^^^^^^^^^^^^^^^^^^
  File "index.pyx", line 167, in pandas._libs.index.IndexEngine.get_loc
  File "index.pyx", line 196, in pandas._libs.index.IndexEngine.get_loc
  File "pandas\\_libs\\hashtable_class_helper.pxi", line 7081, in pandas._libs.hashtable.PyObjectHashTable.get_item
  File "pandas\\_libs\\hashtable_class_helper.pxi", line 7089, in pandas._libs.hashtable.PyObjectHashTable.get_item
KeyError: 'close'

The above exception was the direct cause of the following exception:

Traceback (most recent call last):
  File "C:\TradeAlerts\services\simulation_service.py", line 355, in run_simulation_loop
    result = analyze_symbol(sym, settings)
             ^^^^^^^^^^^^^^^^^^^^^^^^^^^^^
  File "C:\TradeAlerts\services\simulation_service.py", line 90, in analyze_symbol
    history['close'], settings.bb_length, settings.bb_std
    ~~~~~~~^^^^^^^^^
  File "C:\Users\bmccall\AppData\Local\Programs\Python\Python311\Lib\site-packages\pandas\core\frame.py", line 4102, in __getitem__
    indexer = self.columns.get_loc(key)
              ^^^^^^^^^^^^^^^^^^^^^^^^^
  File "C:\Users\bmccall\AppData\Local\Programs\Python\Python311\Lib\site-packages\pandas\core\indexes\base.py", line 3812, in get_loc
    raise KeyError(key) from err
KeyError: 'close'
[2025-07-20 01:58:57,364] sim ERROR: [SIM] Error analyzing ACN
Traceback (most recent call last):
  File "C:\Users\bmccall\AppData\Local\Programs\Python\Python311\Lib\site-packages\pandas\core\indexes\base.py", line 3805, in get_loc
    return self._engine.get_loc(casted_key)
           ^^^^^^^^^^^^^^^^^^^^^^^^^^^^^^^^
  File "index.pyx", line 167, in pandas._libs.index.IndexEngine.get_loc
  File "index.pyx", line 196, in pandas._libs.index.IndexEngine.get_loc
  File "pandas\\_libs\\hashtable_class_helper.pxi", line 7081, in pandas._libs.hashtable.PyObjectHashTable.get_item
  File "pandas\\_libs\\hashtable_class_helper.pxi", line 7089, in pandas._libs.hashtable.PyObjectHashTable.get_item
KeyError: 'close'

The above exception was the direct cause of the following exception:

Traceback (most recent call last):
  File "C:\TradeAlerts\services\simulation_service.py", line 355, in run_simulation_loop
    result = analyze_symbol(sym, settings)
             ^^^^^^^^^^^^^^^^^^^^^^^^^^^^^
  File "C:\TradeAlerts\services\simulation_service.py", line 90, in analyze_symbol
    history['close'], settings.bb_length, settings.bb_std
    ~~~~~~~^^^^^^^^^
  File "C:\Users\bmccall\AppData\Local\Programs\Python\Python311\Lib\site-packages\pandas\core\frame.py", line 4102, in __getitem__
    indexer = self.columns.get_loc(key)
              ^^^^^^^^^^^^^^^^^^^^^^^^^
  File "C:\Users\bmccall\AppData\Local\Programs\Python\Python311\Lib\site-packages\pandas\core\indexes\base.py", line 3812, in get_loc
    raise KeyError(key) from err
KeyError: 'close'
[2025-07-20 01:58:57,614] sim ERROR: [SIM] Error analyzing ADBE
Traceback (most recent call last):
  File "C:\Users\bmccall\AppData\Local\Programs\Python\Python311\Lib\site-packages\pandas\core\indexes\base.py", line 3805, in get_loc
    return self._engine.get_loc(casted_key)
           ^^^^^^^^^^^^^^^^^^^^^^^^^^^^^^^^
  File "index.pyx", line 167, in pandas._libs.index.IndexEngine.get_loc
  File "index.pyx", line 196, in pandas._libs.index.IndexEngine.get_loc
  File "pandas\\_libs\\hashtable_class_helper.pxi", line 7081, in pandas._libs.hashtable.PyObjectHashTable.get_item
  File "pandas\\_libs\\hashtable_class_helper.pxi", line 7089, in pandas._libs.hashtable.PyObjectHashTable.get_item
KeyError: 'close'

The above exception was the direct cause of the following exception:

Traceback (most recent call last):
  File "C:\TradeAlerts\services\simulation_service.py", line 355, in run_simulation_loop
    result = analyze_symbol(sym, settings)
             ^^^^^^^^^^^^^^^^^^^^^^^^^^^^^
  File "C:\TradeAlerts\services\simulation_service.py", line 90, in analyze_symbol
    history['close'], settings.bb_length, settings.bb_std
    ~~~~~~~^^^^^^^^^
  File "C:\Users\bmccall\AppData\Local\Programs\Python\Python311\Lib\site-packages\pandas\core\frame.py", line 4102, in __getitem__
    indexer = self.columns.get_loc(key)
              ^^^^^^^^^^^^^^^^^^^^^^^^^
  File "C:\Users\bmccall\AppData\Local\Programs\Python\Python311\Lib\site-packages\pandas\core\indexes\base.py", line 3812, in get_loc
    raise KeyError(key) from err
KeyError: 'close'
[2025-07-20 01:58:57,950] sim ERROR: [SIM] Error analyzing AMD
Traceback (most recent call last):
  File "C:\Users\bmccall\AppData\Local\Programs\Python\Python311\Lib\site-packages\pandas\core\indexes\base.py", line 3805, in get_loc
    return self._engine.get_loc(casted_key)
           ^^^^^^^^^^^^^^^^^^^^^^^^^^^^^^^^
  File "index.pyx", line 167, in pandas._libs.index.IndexEngine.get_loc
  File "index.pyx", line 196, in pandas._libs.index.IndexEngine.get_loc
  File "pandas\\_libs\\hashtable_class_helper.pxi", line 7081, in pandas._libs.hashtable.PyObjectHashTable.get_item
  File "pandas\\_libs\\hashtable_class_helper.pxi", line 7089, in pandas._libs.hashtable.PyObjectHashTable.get_item
KeyError: 'close'

The above exception was the direct cause of the following exception:

Traceback (most recent call last):
  File "C:\TradeAlerts\services\simulation_service.py", line 355, in run_simulation_loop
    result = analyze_symbol(sym, settings)
             ^^^^^^^^^^^^^^^^^^^^^^^^^^^^^
  File "C:\TradeAlerts\services\simulation_service.py", line 90, in analyze_symbol
    history['close'], settings.bb_length, settings.bb_std
    ~~~~~~~^^^^^^^^^
  File "C:\Users\bmccall\AppData\Local\Programs\Python\Python311\Lib\site-packages\pandas\core\frame.py", line 4102, in __getitem__
    indexer = self.columns.get_loc(key)
              ^^^^^^^^^^^^^^^^^^^^^^^^^
  File "C:\Users\bmccall\AppData\Local\Programs\Python\Python311\Lib\site-packages\pandas\core\indexes\base.py", line 3812, in get_loc
    raise KeyError(key) from err
KeyError: 'close'
[2025-07-20 01:58:58,233] sim ERROR: [SIM] Error analyzing AES
Traceback (most recent call last):
  File "C:\Users\bmccall\AppData\Local\Programs\Python\Python311\Lib\site-packages\pandas\core\indexes\base.py", line 3805, in get_loc
    return self._engine.get_loc(casted_key)
           ^^^^^^^^^^^^^^^^^^^^^^^^^^^^^^^^
  File "index.pyx", line 167, in pandas._libs.index.IndexEngine.get_loc
  File "index.pyx", line 196, in pandas._libs.index.IndexEngine.get_loc
  File "pandas\\_libs\\hashtable_class_helper.pxi", line 7081, in pandas._libs.hashtable.PyObjectHashTable.get_item
  File "pandas\\_libs\\hashtable_class_helper.pxi", line 7089, in pandas._libs.hashtable.PyObjectHashTable.get_item
KeyError: 'close'

The above exception was the direct cause of the following exception:

Traceback (most recent call last):
  File "C:\TradeAlerts\services\simulation_service.py", line 355, in run_simulation_loop
    result = analyze_symbol(sym, settings)
             ^^^^^^^^^^^^^^^^^^^^^^^^^^^^^
  File "C:\TradeAlerts\services\simulation_service.py", line 90, in analyze_symbol
    history['close'], settings.bb_length, settings.bb_std
    ~~~~~~~^^^^^^^^^
  File "C:\Users\bmccall\AppData\Local\Programs\Python\Python311\Lib\site-packages\pandas\core\frame.py", line 4102, in __getitem__
    indexer = self.columns.get_loc(key)
              ^^^^^^^^^^^^^^^^^^^^^^^^^
  File "C:\Users\bmccall\AppData\Local\Programs\Python\Python311\Lib\site-packages\pandas\core\indexes\base.py", line 3812, in get_loc
    raise KeyError(key) from err
KeyError: 'close'
[2025-07-20 01:58:58,500] sim ERROR: [SIM] Error analyzing AFL
Traceback (most recent call last):
  File "C:\Users\bmccall\AppData\Local\Programs\Python\Python311\Lib\site-packages\pandas\core\indexes\base.py", line 3805, in get_loc
    return self._engine.get_loc(casted_key)
           ^^^^^^^^^^^^^^^^^^^^^^^^^^^^^^^^
  File "index.pyx", line 167, in pandas._libs.index.IndexEngine.get_loc
  File "index.pyx", line 196, in pandas._libs.index.IndexEngine.get_loc
  File "pandas\\_libs\\hashtable_class_helper.pxi", line 7081, in pandas._libs.hashtable.PyObjectHashTable.get_item
  File "pandas\\_libs\\hashtable_class_helper.pxi", line 7089, in pandas._libs.hashtable.PyObjectHashTable.get_item
KeyError: 'close'

The above exception was the direct cause of the following exception:

Traceback (most recent call last):
  File "C:\TradeAlerts\services\simulation_service.py", line 355, in run_simulation_loop
    result = analyze_symbol(sym, settings)
             ^^^^^^^^^^^^^^^^^^^^^^^^^^^^^
  File "C:\TradeAlerts\services\simulation_service.py", line 90, in analyze_symbol
    history['close'], settings.bb_length, settings.bb_std
    ~~~~~~~^^^^^^^^^
  File "C:\Users\bmccall\AppData\Local\Programs\Python\Python311\Lib\site-packages\pandas\core\frame.py", line 4102, in __getitem__
    indexer = self.columns.get_loc(key)
              ^^^^^^^^^^^^^^^^^^^^^^^^^
  File "C:\Users\bmccall\AppData\Local\Programs\Python\Python311\Lib\site-packages\pandas\core\indexes\base.py", line 3812, in get_loc
    raise KeyError(key) from err
KeyError: 'close'
[2025-07-20 01:58:58,800] sim ERROR: [SIM] Error analyzing A
Traceback (most recent call last):
  File "C:\Users\bmccall\AppData\Local\Programs\Python\Python311\Lib\site-packages\pandas\core\indexes\base.py", line 3805, in get_loc
    return self._engine.get_loc(casted_key)
           ^^^^^^^^^^^^^^^^^^^^^^^^^^^^^^^^
  File "index.pyx", line 167, in pandas._libs.index.IndexEngine.get_loc
  File "index.pyx", line 196, in pandas._libs.index.IndexEngine.get_loc
  File "pandas\\_libs\\hashtable_class_helper.pxi", line 7081, in pandas._libs.hashtable.PyObjectHashTable.get_item
  File "pandas\\_libs\\hashtable_class_helper.pxi", line 7089, in pandas._libs.hashtable.PyObjectHashTable.get_item
KeyError: 'close'

The above exception was the direct cause of the following exception:

Traceback (most recent call last):
  File "C:\TradeAlerts\services\simulation_service.py", line 355, in run_simulation_loop
    result = analyze_symbol(sym, settings)
             ^^^^^^^^^^^^^^^^^^^^^^^^^^^^^
  File "C:\TradeAlerts\services\simulation_service.py", line 90, in analyze_symbol
    history['close'], settings.bb_length, settings.bb_std
    ~~~~~~~^^^^^^^^^
  File "C:\Users\bmccall\AppData\Local\Programs\Python\Python311\Lib\site-packages\pandas\core\frame.py", line 4102, in __getitem__
    indexer = self.columns.get_loc(key)
              ^^^^^^^^^^^^^^^^^^^^^^^^^
  File "C:\Users\bmccall\AppData\Local\Programs\Python\Python311\Lib\site-packages\pandas\core\indexes\base.py", line 3812, in get_loc
    raise KeyError(key) from err
KeyError: 'close'
[2025-07-20 01:58:59,139] sim ERROR: [SIM] Error analyzing APD
Traceback (most recent call last):
  File "C:\Users\bmccall\AppData\Local\Programs\Python\Python311\Lib\site-packages\pandas\core\indexes\base.py", line 3805, in get_loc
    return self._engine.get_loc(casted_key)
           ^^^^^^^^^^^^^^^^^^^^^^^^^^^^^^^^
  File "index.pyx", line 167, in pandas._libs.index.IndexEngine.get_loc
  File "index.pyx", line 196, in pandas._libs.index.IndexEngine.get_loc
  File "pandas\\_libs\\hashtable_class_helper.pxi", line 7081, in pandas._libs.hashtable.PyObjectHashTable.get_item
  File "pandas\\_libs\\hashtable_class_helper.pxi", line 7089, in pandas._libs.hashtable.PyObjectHashTable.get_item
KeyError: 'close'

The above exception was the direct cause of the following exception:

Traceback (most recent call last):
  File "C:\TradeAlerts\services\simulation_service.py", line 355, in run_simulation_loop
    result = analyze_symbol(sym, settings)
             ^^^^^^^^^^^^^^^^^^^^^^^^^^^^^
  File "C:\TradeAlerts\services\simulation_service.py", line 90, in analyze_symbol
    history['close'], settings.bb_length, settings.bb_std
    ~~~~~~~^^^^^^^^^
  File "C:\Users\bmccall\AppData\Local\Programs\Python\Python311\Lib\site-packages\pandas\core\frame.py", line 4102, in __getitem__
    indexer = self.columns.get_loc(key)
              ^^^^^^^^^^^^^^^^^^^^^^^^^
  File "C:\Users\bmccall\AppData\Local\Programs\Python\Python311\Lib\site-packages\pandas\core\indexes\base.py", line 3812, in get_loc
    raise KeyError(key) from err
KeyError: 'close'
[2025-07-20 01:58:59,423] sim ERROR: [SIM] Error analyzing ABNB
Traceback (most recent call last):
  File "C:\Users\bmccall\AppData\Local\Programs\Python\Python311\Lib\site-packages\pandas\core\indexes\base.py", line 3805, in get_loc
    return self._engine.get_loc(casted_key)
           ^^^^^^^^^^^^^^^^^^^^^^^^^^^^^^^^
  File "index.pyx", line 167, in pandas._libs.index.IndexEngine.get_loc
  File "index.pyx", line 196, in pandas._libs.index.IndexEngine.get_loc
  File "pandas\\_libs\\hashtable_class_helper.pxi", line 7081, in pandas._libs.hashtable.PyObjectHashTable.get_item
  File "pandas\\_libs\\hashtable_class_helper.pxi", line 7089, in pandas._libs.hashtable.PyObjectHashTable.get_item
KeyError: 'close'

The above exception was the direct cause of the following exception:

Traceback (most recent call last):
  File "C:\TradeAlerts\services\simulation_service.py", line 355, in run_simulation_loop
    result = analyze_symbol(sym, settings)
             ^^^^^^^^^^^^^^^^^^^^^^^^^^^^^
  File "C:\TradeAlerts\services\simulation_service.py", line 90, in analyze_symbol
    history['close'], settings.bb_length, settings.bb_std
    ~~~~~~~^^^^^^^^^
  File "C:\Users\bmccall\AppData\Local\Programs\Python\Python311\Lib\site-packages\pandas\core\frame.py", line 4102, in __getitem__
    indexer = self.columns.get_loc(key)
              ^^^^^^^^^^^^^^^^^^^^^^^^^
  File "C:\Users\bmccall\AppData\Local\Programs\Python\Python311\Lib\site-packages\pandas\core\indexes\base.py", line 3812, in get_loc
    raise KeyError(key) from err
KeyError: 'close'
[2025-07-20 01:58:59,648] sim ERROR: [SIM] Error analyzing AKAM
Traceback (most recent call last):
  File "C:\Users\bmccall\AppData\Local\Programs\Python\Python311\Lib\site-packages\pandas\core\indexes\base.py", line 3805, in get_loc
    return self._engine.get_loc(casted_key)
           ^^^^^^^^^^^^^^^^^^^^^^^^^^^^^^^^
  File "index.pyx", line 167, in pandas._libs.index.IndexEngine.get_loc
  File "index.pyx", line 196, in pandas._libs.index.IndexEngine.get_loc
  File "pandas\\_libs\\hashtable_class_helper.pxi", line 7081, in pandas._libs.hashtable.PyObjectHashTable.get_item
  File "pandas\\_libs\\hashtable_class_helper.pxi", line 7089, in pandas._libs.hashtable.PyObjectHashTable.get_item
KeyError: 'close'

The above exception was the direct cause of the following exception:

Traceback (most recent call last):
  File "C:\TradeAlerts\services\simulation_service.py", line 355, in run_simulation_loop
    result = analyze_symbol(sym, settings)
             ^^^^^^^^^^^^^^^^^^^^^^^^^^^^^
  File "C:\TradeAlerts\services\simulation_service.py", line 90, in analyze_symbol
    history['close'], settings.bb_length, settings.bb_std
    ~~~~~~~^^^^^^^^^
  File "C:\Users\bmccall\AppData\Local\Programs\Python\Python311\Lib\site-packages\pandas\core\frame.py", line 4102, in __getitem__
    indexer = self.columns.get_loc(key)
              ^^^^^^^^^^^^^^^^^^^^^^^^^
  File "C:\Users\bmccall\AppData\Local\Programs\Python\Python311\Lib\site-packages\pandas\core\indexes\base.py", line 3812, in get_loc
    raise KeyError(key) from err
KeyError: 'close'
[2025-07-20 01:58:59,947] sim ERROR: [SIM] Error analyzing ALB
Traceback (most recent call last):
  File "C:\Users\bmccall\AppData\Local\Programs\Python\Python311\Lib\site-packages\pandas\core\indexes\base.py", line 3805, in get_loc
    return self._engine.get_loc(casted_key)
           ^^^^^^^^^^^^^^^^^^^^^^^^^^^^^^^^
  File "index.pyx", line 167, in pandas._libs.index.IndexEngine.get_loc
  File "index.pyx", line 196, in pandas._libs.index.IndexEngine.get_loc
  File "pandas\\_libs\\hashtable_class_helper.pxi", line 7081, in pandas._libs.hashtable.PyObjectHashTable.get_item
  File "pandas\\_libs\\hashtable_class_helper.pxi", line 7089, in pandas._libs.hashtable.PyObjectHashTable.get_item
KeyError: 'close'

The above exception was the direct cause of the following exception:

Traceback (most recent call last):
  File "C:\TradeAlerts\services\simulation_service.py", line 355, in run_simulation_loop
    result = analyze_symbol(sym, settings)
             ^^^^^^^^^^^^^^^^^^^^^^^^^^^^^
  File "C:\TradeAlerts\services\simulation_service.py", line 90, in analyze_symbol
    history['close'], settings.bb_length, settings.bb_std
    ~~~~~~~^^^^^^^^^
  File "C:\Users\bmccall\AppData\Local\Programs\Python\Python311\Lib\site-packages\pandas\core\frame.py", line 4102, in __getitem__
    indexer = self.columns.get_loc(key)
              ^^^^^^^^^^^^^^^^^^^^^^^^^
  File "C:\Users\bmccall\AppData\Local\Programs\Python\Python311\Lib\site-packages\pandas\core\indexes\base.py", line 3812, in get_loc
    raise KeyError(key) from err
KeyError: 'close'
[2025-07-20 01:59:00,265] sim ERROR: [SIM] Error analyzing ARE
Traceback (most recent call last):
  File "C:\Users\bmccall\AppData\Local\Programs\Python\Python311\Lib\site-packages\pandas\core\indexes\base.py", line 3805, in get_loc
    return self._engine.get_loc(casted_key)
           ^^^^^^^^^^^^^^^^^^^^^^^^^^^^^^^^
  File "index.pyx", line 167, in pandas._libs.index.IndexEngine.get_loc
  File "index.pyx", line 196, in pandas._libs.index.IndexEngine.get_loc
  File "pandas\\_libs\\hashtable_class_helper.pxi", line 7081, in pandas._libs.hashtable.PyObjectHashTable.get_item
  File "pandas\\_libs\\hashtable_class_helper.pxi", line 7089, in pandas._libs.hashtable.PyObjectHashTable.get_item
KeyError: 'close'

The above exception was the direct cause of the following exception:

Traceback (most recent call last):
  File "C:\TradeAlerts\services\simulation_service.py", line 355, in run_simulation_loop
    result = analyze_symbol(sym, settings)
             ^^^^^^^^^^^^^^^^^^^^^^^^^^^^^
  File "C:\TradeAlerts\services\simulation_service.py", line 90, in analyze_symbol
    history['close'], settings.bb_length, settings.bb_std
    ~~~~~~~^^^^^^^^^
  File "C:\Users\bmccall\AppData\Local\Programs\Python\Python311\Lib\site-packages\pandas\core\frame.py", line 4102, in __getitem__
    indexer = self.columns.get_loc(key)
              ^^^^^^^^^^^^^^^^^^^^^^^^^
  File "C:\Users\bmccall\AppData\Local\Programs\Python\Python311\Lib\site-packages\pandas\core\indexes\base.py", line 3812, in get_loc
    raise KeyError(key) from err
KeyError: 'close'
[2025-07-20 01:59:00,563] sim ERROR: [SIM] Error analyzing ALGN
Traceback (most recent call last):
  File "C:\Users\bmccall\AppData\Local\Programs\Python\Python311\Lib\site-packages\pandas\core\indexes\base.py", line 3805, in get_loc
    return self._engine.get_loc(casted_key)
           ^^^^^^^^^^^^^^^^^^^^^^^^^^^^^^^^
  File "index.pyx", line 167, in pandas._libs.index.IndexEngine.get_loc
  File "index.pyx", line 196, in pandas._libs.index.IndexEngine.get_loc
  File "pandas\\_libs\\hashtable_class_helper.pxi", line 7081, in pandas._libs.hashtable.PyObjectHashTable.get_item
  File "pandas\\_libs\\hashtable_class_helper.pxi", line 7089, in pandas._libs.hashtable.PyObjectHashTable.get_item
KeyError: 'close'

The above exception was the direct cause of the following exception:

Traceback (most recent call last):
  File "C:\TradeAlerts\services\simulation_service.py", line 355, in run_simulation_loop
    result = analyze_symbol(sym, settings)
             ^^^^^^^^^^^^^^^^^^^^^^^^^^^^^
  File "C:\TradeAlerts\services\simulation_service.py", line 90, in analyze_symbol
    history['close'], settings.bb_length, settings.bb_std
    ~~~~~~~^^^^^^^^^
  File "C:\Users\bmccall\AppData\Local\Programs\Python\Python311\Lib\site-packages\pandas\core\frame.py", line 4102, in __getitem__
    indexer = self.columns.get_loc(key)
              ^^^^^^^^^^^^^^^^^^^^^^^^^
  File "C:\Users\bmccall\AppData\Local\Programs\Python\Python311\Lib\site-packages\pandas\core\indexes\base.py", line 3812, in get_loc
    raise KeyError(key) from err
KeyError: 'close'
[2025-07-20 01:59:00,850] sim ERROR: [SIM] Error analyzing ALLE
Traceback (most recent call last):
  File "C:\Users\bmccall\AppData\Local\Programs\Python\Python311\Lib\site-packages\pandas\core\indexes\base.py", line 3805, in get_loc
    return self._engine.get_loc(casted_key)
           ^^^^^^^^^^^^^^^^^^^^^^^^^^^^^^^^
  File "index.pyx", line 167, in pandas._libs.index.IndexEngine.get_loc
  File "index.pyx", line 196, in pandas._libs.index.IndexEngine.get_loc
  File "pandas\\_libs\\hashtable_class_helper.pxi", line 7081, in pandas._libs.hashtable.PyObjectHashTable.get_item
  File "pandas\\_libs\\hashtable_class_helper.pxi", line 7089, in pandas._libs.hashtable.PyObjectHashTable.get_item
KeyError: 'close'

The above exception was the direct cause of the following exception:

Traceback (most recent call last):
  File "C:\TradeAlerts\services\simulation_service.py", line 355, in run_simulation_loop
    result = analyze_symbol(sym, settings)
             ^^^^^^^^^^^^^^^^^^^^^^^^^^^^^
  File "C:\TradeAlerts\services\simulation_service.py", line 90, in analyze_symbol
    history['close'], settings.bb_length, settings.bb_std
    ~~~~~~~^^^^^^^^^
  File "C:\Users\bmccall\AppData\Local\Programs\Python\Python311\Lib\site-packages\pandas\core\frame.py", line 4102, in __getitem__
    indexer = self.columns.get_loc(key)
              ^^^^^^^^^^^^^^^^^^^^^^^^^
  File "C:\Users\bmccall\AppData\Local\Programs\Python\Python311\Lib\site-packages\pandas\core\indexes\base.py", line 3812, in get_loc
    raise KeyError(key) from err
KeyError: 'close'
[2025-07-20 01:59:01,129] sim ERROR: [SIM] Error analyzing LNT
Traceback (most recent call last):
  File "C:\Users\bmccall\AppData\Local\Programs\Python\Python311\Lib\site-packages\pandas\core\indexes\base.py", line 3805, in get_loc
    return self._engine.get_loc(casted_key)
           ^^^^^^^^^^^^^^^^^^^^^^^^^^^^^^^^
  File "index.pyx", line 167, in pandas._libs.index.IndexEngine.get_loc
  File "index.pyx", line 196, in pandas._libs.index.IndexEngine.get_loc
  File "pandas\\_libs\\hashtable_class_helper.pxi", line 7081, in pandas._libs.hashtable.PyObjectHashTable.get_item
  File "pandas\\_libs\\hashtable_class_helper.pxi", line 7089, in pandas._libs.hashtable.PyObjectHashTable.get_item
KeyError: 'close'

The above exception was the direct cause of the following exception:

Traceback (most recent call last):
  File "C:\TradeAlerts\services\simulation_service.py", line 355, in run_simulation_loop
    result = analyze_symbol(sym, settings)
             ^^^^^^^^^^^^^^^^^^^^^^^^^^^^^
  File "C:\TradeAlerts\services\simulation_service.py", line 90, in analyze_symbol
    history['close'], settings.bb_length, settings.bb_std
    ~~~~~~~^^^^^^^^^
  File "C:\Users\bmccall\AppData\Local\Programs\Python\Python311\Lib\site-packages\pandas\core\frame.py", line 4102, in __getitem__
    indexer = self.columns.get_loc(key)
              ^^^^^^^^^^^^^^^^^^^^^^^^^
  File "C:\Users\bmccall\AppData\Local\Programs\Python\Python311\Lib\site-packages\pandas\core\indexes\base.py", line 3812, in get_loc
    raise KeyError(key) from err
KeyError: 'close'
[2025-07-20 01:59:01,442] sim ERROR: [SIM] Error analyzing ALL
Traceback (most recent call last):
  File "C:\Users\bmccall\AppData\Local\Programs\Python\Python311\Lib\site-packages\pandas\core\indexes\base.py", line 3805, in get_loc
    return self._engine.get_loc(casted_key)
           ^^^^^^^^^^^^^^^^^^^^^^^^^^^^^^^^
  File "index.pyx", line 167, in pandas._libs.index.IndexEngine.get_loc
  File "index.pyx", line 196, in pandas._libs.index.IndexEngine.get_loc
  File "pandas\\_libs\\hashtable_class_helper.pxi", line 7081, in pandas._libs.hashtable.PyObjectHashTable.get_item
  File "pandas\\_libs\\hashtable_class_helper.pxi", line 7089, in pandas._libs.hashtable.PyObjectHashTable.get_item
KeyError: 'close'

The above exception was the direct cause of the following exception:

Traceback (most recent call last):
  File "C:\TradeAlerts\services\simulation_service.py", line 355, in run_simulation_loop
    result = analyze_symbol(sym, settings)
             ^^^^^^^^^^^^^^^^^^^^^^^^^^^^^
  File "C:\TradeAlerts\services\simulation_service.py", line 90, in analyze_symbol
    history['close'], settings.bb_length, settings.bb_std
    ~~~~~~~^^^^^^^^^
  File "C:\Users\bmccall\AppData\Local\Programs\Python\Python311\Lib\site-packages\pandas\core\frame.py", line 4102, in __getitem__
    indexer = self.columns.get_loc(key)
              ^^^^^^^^^^^^^^^^^^^^^^^^^
  File "C:\Users\bmccall\AppData\Local\Programs\Python\Python311\Lib\site-packages\pandas\core\indexes\base.py", line 3812, in get_loc
    raise KeyError(key) from err
KeyError: 'close'
[2025-07-20 01:59:01,756] sim ERROR: [SIM] Error analyzing GOOGL
Traceback (most recent call last):
  File "C:\Users\bmccall\AppData\Local\Programs\Python\Python311\Lib\site-packages\pandas\core\indexes\base.py", line 3805, in get_loc
    return self._engine.get_loc(casted_key)
           ^^^^^^^^^^^^^^^^^^^^^^^^^^^^^^^^
  File "index.pyx", line 167, in pandas._libs.index.IndexEngine.get_loc
  File "index.pyx", line 196, in pandas._libs.index.IndexEngine.get_loc
  File "pandas\\_libs\\hashtable_class_helper.pxi", line 7081, in pandas._libs.hashtable.PyObjectHashTable.get_item
  File "pandas\\_libs\\hashtable_class_helper.pxi", line 7089, in pandas._libs.hashtable.PyObjectHashTable.get_item
KeyError: 'close'

The above exception was the direct cause of the following exception:

Traceback (most recent call last):
  File "C:\TradeAlerts\services\simulation_service.py", line 355, in run_simulation_loop
    result = analyze_symbol(sym, settings)
             ^^^^^^^^^^^^^^^^^^^^^^^^^^^^^
  File "C:\TradeAlerts\services\simulation_service.py", line 90, in analyze_symbol
    history['close'], settings.bb_length, settings.bb_std
    ~~~~~~~^^^^^^^^^
  File "C:\Users\bmccall\AppData\Local\Programs\Python\Python311\Lib\site-packages\pandas\core\frame.py", line 4102, in __getitem__
    indexer = self.columns.get_loc(key)
              ^^^^^^^^^^^^^^^^^^^^^^^^^
  File "C:\Users\bmccall\AppData\Local\Programs\Python\Python311\Lib\site-packages\pandas\core\indexes\base.py", line 3812, in get_loc
    raise KeyError(key) from err
KeyError: 'close'
[2025-07-20 01:59:02,085] sim ERROR: [SIM] Error analyzing GOOG
Traceback (most recent call last):
  File "C:\Users\bmccall\AppData\Local\Programs\Python\Python311\Lib\site-packages\pandas\core\indexes\base.py", line 3805, in get_loc
    return self._engine.get_loc(casted_key)
           ^^^^^^^^^^^^^^^^^^^^^^^^^^^^^^^^
  File "index.pyx", line 167, in pandas._libs.index.IndexEngine.get_loc
  File "index.pyx", line 196, in pandas._libs.index.IndexEngine.get_loc
  File "pandas\\_libs\\hashtable_class_helper.pxi", line 7081, in pandas._libs.hashtable.PyObjectHashTable.get_item
  File "pandas\\_libs\\hashtable_class_helper.pxi", line 7089, in pandas._libs.hashtable.PyObjectHashTable.get_item
KeyError: 'close'

The above exception was the direct cause of the following exception:

Traceback (most recent call last):
  File "C:\TradeAlerts\services\simulation_service.py", line 355, in run_simulation_loop
    result = analyze_symbol(sym, settings)
             ^^^^^^^^^^^^^^^^^^^^^^^^^^^^^
  File "C:\TradeAlerts\services\simulation_service.py", line 90, in analyze_symbol
    history['close'], settings.bb_length, settings.bb_std
    ~~~~~~~^^^^^^^^^
  File "C:\Users\bmccall\AppData\Local\Programs\Python\Python311\Lib\site-packages\pandas\core\frame.py", line 4102, in __getitem__
    indexer = self.columns.get_loc(key)
              ^^^^^^^^^^^^^^^^^^^^^^^^^
  File "C:\Users\bmccall\AppData\Local\Programs\Python\Python311\Lib\site-packages\pandas\core\indexes\base.py", line 3812, in get_loc
    raise KeyError(key) from err
KeyError: 'close'
[2025-07-20 01:59:02,395] sim ERROR: [SIM] Error analyzing MO
Traceback (most recent call last):
  File "C:\Users\bmccall\AppData\Local\Programs\Python\Python311\Lib\site-packages\pandas\core\indexes\base.py", line 3805, in get_loc
    return self._engine.get_loc(casted_key)
           ^^^^^^^^^^^^^^^^^^^^^^^^^^^^^^^^
  File "index.pyx", line 167, in pandas._libs.index.IndexEngine.get_loc
  File "index.pyx", line 196, in pandas._libs.index.IndexEngine.get_loc
  File "pandas\\_libs\\hashtable_class_helper.pxi", line 7081, in pandas._libs.hashtable.PyObjectHashTable.get_item
  File "pandas\\_libs\\hashtable_class_helper.pxi", line 7089, in pandas._libs.hashtable.PyObjectHashTable.get_item
KeyError: 'close'

The above exception was the direct cause of the following exception:

Traceback (most recent call last):
  File "C:\TradeAlerts\services\simulation_service.py", line 355, in run_simulation_loop
    result = analyze_symbol(sym, settings)
             ^^^^^^^^^^^^^^^^^^^^^^^^^^^^^
  File "C:\TradeAlerts\services\simulation_service.py", line 90, in analyze_symbol
    history['close'], settings.bb_length, settings.bb_std
    ~~~~~~~^^^^^^^^^
  File "C:\Users\bmccall\AppData\Local\Programs\Python\Python311\Lib\site-packages\pandas\core\frame.py", line 4102, in __getitem__
    indexer = self.columns.get_loc(key)
              ^^^^^^^^^^^^^^^^^^^^^^^^^
  File "C:\Users\bmccall\AppData\Local\Programs\Python\Python311\Lib\site-packages\pandas\core\indexes\base.py", line 3812, in get_loc
    raise KeyError(key) from err
KeyError: 'close'
[2025-07-20 01:59:02,649] sim ERROR: [SIM] Error analyzing AMZN
Traceback (most recent call last):
  File "C:\Users\bmccall\AppData\Local\Programs\Python\Python311\Lib\site-packages\pandas\core\indexes\base.py", line 3805, in get_loc
    return self._engine.get_loc(casted_key)
           ^^^^^^^^^^^^^^^^^^^^^^^^^^^^^^^^
  File "index.pyx", line 167, in pandas._libs.index.IndexEngine.get_loc
  File "index.pyx", line 196, in pandas._libs.index.IndexEngine.get_loc
  File "pandas\\_libs\\hashtable_class_helper.pxi", line 7081, in pandas._libs.hashtable.PyObjectHashTable.get_item
  File "pandas\\_libs\\hashtable_class_helper.pxi", line 7089, in pandas._libs.hashtable.PyObjectHashTable.get_item
KeyError: 'close'

The above exception was the direct cause of the following exception:

Traceback (most recent call last):
  File "C:\TradeAlerts\services\simulation_service.py", line 355, in run_simulation_loop
    result = analyze_symbol(sym, settings)
             ^^^^^^^^^^^^^^^^^^^^^^^^^^^^^
  File "C:\TradeAlerts\services\simulation_service.py", line 90, in analyze_symbol
    history['close'], settings.bb_length, settings.bb_std
    ~~~~~~~^^^^^^^^^
  File "C:\Users\bmccall\AppData\Local\Programs\Python\Python311\Lib\site-packages\pandas\core\frame.py", line 4102, in __getitem__
    indexer = self.columns.get_loc(key)
              ^^^^^^^^^^^^^^^^^^^^^^^^^
  File "C:\Users\bmccall\AppData\Local\Programs\Python\Python311\Lib\site-packages\pandas\core\indexes\base.py", line 3812, in get_loc
    raise KeyError(key) from err
KeyError: 'close'
[2025-07-20 01:59:02,969] sim ERROR: [SIM] Error analyzing AMCR
Traceback (most recent call last):
  File "C:\Users\bmccall\AppData\Local\Programs\Python\Python311\Lib\site-packages\pandas\core\indexes\base.py", line 3805, in get_loc
    return self._engine.get_loc(casted_key)
           ^^^^^^^^^^^^^^^^^^^^^^^^^^^^^^^^
  File "index.pyx", line 167, in pandas._libs.index.IndexEngine.get_loc
  File "index.pyx", line 196, in pandas._libs.index.IndexEngine.get_loc
  File "pandas\\_libs\\hashtable_class_helper.pxi", line 7081, in pandas._libs.hashtable.PyObjectHashTable.get_item
  File "pandas\\_libs\\hashtable_class_helper.pxi", line 7089, in pandas._libs.hashtable.PyObjectHashTable.get_item
KeyError: 'close'

The above exception was the direct cause of the following exception:

Traceback (most recent call last):
  File "C:\TradeAlerts\services\simulation_service.py", line 355, in run_simulation_loop
    result = analyze_symbol(sym, settings)
             ^^^^^^^^^^^^^^^^^^^^^^^^^^^^^
  File "C:\TradeAlerts\services\simulation_service.py", line 90, in analyze_symbol
    history['close'], settings.bb_length, settings.bb_std
    ~~~~~~~^^^^^^^^^
  File "C:\Users\bmccall\AppData\Local\Programs\Python\Python311\Lib\site-packages\pandas\core\frame.py", line 4102, in __getitem__
    indexer = self.columns.get_loc(key)
              ^^^^^^^^^^^^^^^^^^^^^^^^^
  File "C:\Users\bmccall\AppData\Local\Programs\Python\Python311\Lib\site-packages\pandas\core\indexes\base.py", line 3812, in get_loc
    raise KeyError(key) from err
KeyError: 'close'
[2025-07-20 01:59:03,247] sim ERROR: [SIM] Error analyzing AEE
Traceback (most recent call last):
  File "C:\Users\bmccall\AppData\Local\Programs\Python\Python311\Lib\site-packages\pandas\core\indexes\base.py", line 3805, in get_loc
    return self._engine.get_loc(casted_key)
           ^^^^^^^^^^^^^^^^^^^^^^^^^^^^^^^^
  File "index.pyx", line 167, in pandas._libs.index.IndexEngine.get_loc
  File "index.pyx", line 196, in pandas._libs.index.IndexEngine.get_loc
  File "pandas\\_libs\\hashtable_class_helper.pxi", line 7081, in pandas._libs.hashtable.PyObjectHashTable.get_item
  File "pandas\\_libs\\hashtable_class_helper.pxi", line 7089, in pandas._libs.hashtable.PyObjectHashTable.get_item
KeyError: 'close'

The above exception was the direct cause of the following exception:

Traceback (most recent call last):
  File "C:\TradeAlerts\services\simulation_service.py", line 355, in run_simulation_loop
    result = analyze_symbol(sym, settings)
             ^^^^^^^^^^^^^^^^^^^^^^^^^^^^^
  File "C:\TradeAlerts\services\simulation_service.py", line 90, in analyze_symbol
    history['close'], settings.bb_length, settings.bb_std
    ~~~~~~~^^^^^^^^^
  File "C:\Users\bmccall\AppData\Local\Programs\Python\Python311\Lib\site-packages\pandas\core\frame.py", line 4102, in __getitem__
    indexer = self.columns.get_loc(key)
              ^^^^^^^^^^^^^^^^^^^^^^^^^
  File "C:\Users\bmccall\AppData\Local\Programs\Python\Python311\Lib\site-packages\pandas\core\indexes\base.py", line 3812, in get_loc
    raise KeyError(key) from err
KeyError: 'close'
[2025-07-20 01:59:03,499] sim ERROR: [SIM] Error analyzing AEP
Traceback (most recent call last):
  File "C:\Users\bmccall\AppData\Local\Programs\Python\Python311\Lib\site-packages\pandas\core\indexes\base.py", line 3805, in get_loc
    return self._engine.get_loc(casted_key)
           ^^^^^^^^^^^^^^^^^^^^^^^^^^^^^^^^
  File "index.pyx", line 167, in pandas._libs.index.IndexEngine.get_loc
  File "index.pyx", line 196, in pandas._libs.index.IndexEngine.get_loc
  File "pandas\\_libs\\hashtable_class_helper.pxi", line 7081, in pandas._libs.hashtable.PyObjectHashTable.get_item
  File "pandas\\_libs\\hashtable_class_helper.pxi", line 7089, in pandas._libs.hashtable.PyObjectHashTable.get_item
KeyError: 'close'

The above exception was the direct cause of the following exception:

Traceback (most recent call last):
  File "C:\TradeAlerts\services\simulation_service.py", line 355, in run_simulation_loop
    result = analyze_symbol(sym, settings)
             ^^^^^^^^^^^^^^^^^^^^^^^^^^^^^
  File "C:\TradeAlerts\services\simulation_service.py", line 90, in analyze_symbol
    history['close'], settings.bb_length, settings.bb_std
    ~~~~~~~^^^^^^^^^
  File "C:\Users\bmccall\AppData\Local\Programs\Python\Python311\Lib\site-packages\pandas\core\frame.py", line 4102, in __getitem__
    indexer = self.columns.get_loc(key)
              ^^^^^^^^^^^^^^^^^^^^^^^^^
  File "C:\Users\bmccall\AppData\Local\Programs\Python\Python311\Lib\site-packages\pandas\core\indexes\base.py", line 3812, in get_loc
    raise KeyError(key) from err
KeyError: 'close'
[2025-07-20 01:59:03,787] sim ERROR: [SIM] Error analyzing AXP
Traceback (most recent call last):
  File "C:\Users\bmccall\AppData\Local\Programs\Python\Python311\Lib\site-packages\pandas\core\indexes\base.py", line 3805, in get_loc
    return self._engine.get_loc(casted_key)
           ^^^^^^^^^^^^^^^^^^^^^^^^^^^^^^^^
  File "index.pyx", line 167, in pandas._libs.index.IndexEngine.get_loc
  File "index.pyx", line 196, in pandas._libs.index.IndexEngine.get_loc
  File "pandas\\_libs\\hashtable_class_helper.pxi", line 7081, in pandas._libs.hashtable.PyObjectHashTable.get_item
  File "pandas\\_libs\\hashtable_class_helper.pxi", line 7089, in pandas._libs.hashtable.PyObjectHashTable.get_item
KeyError: 'close'

The above exception was the direct cause of the following exception:

Traceback (most recent call last):
  File "C:\TradeAlerts\services\simulation_service.py", line 355, in run_simulation_loop
    result = analyze_symbol(sym, settings)
             ^^^^^^^^^^^^^^^^^^^^^^^^^^^^^
  File "C:\TradeAlerts\services\simulation_service.py", line 90, in analyze_symbol
    history['close'], settings.bb_length, settings.bb_std
    ~~~~~~~^^^^^^^^^
  File "C:\Users\bmccall\AppData\Local\Programs\Python\Python311\Lib\site-packages\pandas\core\frame.py", line 4102, in __getitem__
    indexer = self.columns.get_loc(key)
              ^^^^^^^^^^^^^^^^^^^^^^^^^
  File "C:\Users\bmccall\AppData\Local\Programs\Python\Python311\Lib\site-packages\pandas\core\indexes\base.py", line 3812, in get_loc
    raise KeyError(key) from err
KeyError: 'close'
[2025-07-20 01:59:04,081] sim ERROR: [SIM] Error analyzing AIG
Traceback (most recent call last):
  File "C:\Users\bmccall\AppData\Local\Programs\Python\Python311\Lib\site-packages\pandas\core\indexes\base.py", line 3805, in get_loc
    return self._engine.get_loc(casted_key)
           ^^^^^^^^^^^^^^^^^^^^^^^^^^^^^^^^
  File "index.pyx", line 167, in pandas._libs.index.IndexEngine.get_loc
  File "index.pyx", line 196, in pandas._libs.index.IndexEngine.get_loc
  File "pandas\\_libs\\hashtable_class_helper.pxi", line 7081, in pandas._libs.hashtable.PyObjectHashTable.get_item
  File "pandas\\_libs\\hashtable_class_helper.pxi", line 7089, in pandas._libs.hashtable.PyObjectHashTable.get_item
KeyError: 'close'

The above exception was the direct cause of the following exception:

Traceback (most recent call last):
  File "C:\TradeAlerts\services\simulation_service.py", line 355, in run_simulation_loop
    result = analyze_symbol(sym, settings)
             ^^^^^^^^^^^^^^^^^^^^^^^^^^^^^
  File "C:\TradeAlerts\services\simulation_service.py", line 90, in analyze_symbol
    history['close'], settings.bb_length, settings.bb_std
    ~~~~~~~^^^^^^^^^
  File "C:\Users\bmccall\AppData\Local\Programs\Python\Python311\Lib\site-packages\pandas\core\frame.py", line 4102, in __getitem__
    indexer = self.columns.get_loc(key)
              ^^^^^^^^^^^^^^^^^^^^^^^^^
  File "C:\Users\bmccall\AppData\Local\Programs\Python\Python311\Lib\site-packages\pandas\core\indexes\base.py", line 3812, in get_loc
    raise KeyError(key) from err
KeyError: 'close'
[2025-07-20 01:59:04,393] sim ERROR: [SIM] Error analyzing AMT
Traceback (most recent call last):
  File "C:\Users\bmccall\AppData\Local\Programs\Python\Python311\Lib\site-packages\pandas\core\indexes\base.py", line 3805, in get_loc
    return self._engine.get_loc(casted_key)
           ^^^^^^^^^^^^^^^^^^^^^^^^^^^^^^^^
  File "index.pyx", line 167, in pandas._libs.index.IndexEngine.get_loc
  File "index.pyx", line 196, in pandas._libs.index.IndexEngine.get_loc
  File "pandas\\_libs\\hashtable_class_helper.pxi", line 7081, in pandas._libs.hashtable.PyObjectHashTable.get_item
  File "pandas\\_libs\\hashtable_class_helper.pxi", line 7089, in pandas._libs.hashtable.PyObjectHashTable.get_item
KeyError: 'close'

The above exception was the direct cause of the following exception:

Traceback (most recent call last):
  File "C:\TradeAlerts\services\simulation_service.py", line 355, in run_simulation_loop
    result = analyze_symbol(sym, settings)
             ^^^^^^^^^^^^^^^^^^^^^^^^^^^^^
  File "C:\TradeAlerts\services\simulation_service.py", line 90, in analyze_symbol
    history['close'], settings.bb_length, settings.bb_std
    ~~~~~~~^^^^^^^^^
  File "C:\Users\bmccall\AppData\Local\Programs\Python\Python311\Lib\site-packages\pandas\core\frame.py", line 4102, in __getitem__
    indexer = self.columns.get_loc(key)
              ^^^^^^^^^^^^^^^^^^^^^^^^^
  File "C:\Users\bmccall\AppData\Local\Programs\Python\Python311\Lib\site-packages\pandas\core\indexes\base.py", line 3812, in get_loc
    raise KeyError(key) from err
KeyError: 'close'
[2025-07-20 01:59:04,684] sim ERROR: [SIM] Error analyzing AWK
Traceback (most recent call last):
  File "C:\Users\bmccall\AppData\Local\Programs\Python\Python311\Lib\site-packages\pandas\core\indexes\base.py", line 3805, in get_loc
    return self._engine.get_loc(casted_key)
           ^^^^^^^^^^^^^^^^^^^^^^^^^^^^^^^^
  File "index.pyx", line 167, in pandas._libs.index.IndexEngine.get_loc
  File "index.pyx", line 196, in pandas._libs.index.IndexEngine.get_loc
  File "pandas\\_libs\\hashtable_class_helper.pxi", line 7081, in pandas._libs.hashtable.PyObjectHashTable.get_item
  File "pandas\\_libs\\hashtable_class_helper.pxi", line 7089, in pandas._libs.hashtable.PyObjectHashTable.get_item
KeyError: 'close'

The above exception was the direct cause of the following exception:

Traceback (most recent call last):
  File "C:\TradeAlerts\services\simulation_service.py", line 355, in run_simulation_loop
    result = analyze_symbol(sym, settings)
             ^^^^^^^^^^^^^^^^^^^^^^^^^^^^^
  File "C:\TradeAlerts\services\simulation_service.py", line 90, in analyze_symbol
    history['close'], settings.bb_length, settings.bb_std
    ~~~~~~~^^^^^^^^^
  File "C:\Users\bmccall\AppData\Local\Programs\Python\Python311\Lib\site-packages\pandas\core\frame.py", line 4102, in __getitem__
    indexer = self.columns.get_loc(key)
              ^^^^^^^^^^^^^^^^^^^^^^^^^
  File "C:\Users\bmccall\AppData\Local\Programs\Python\Python311\Lib\site-packages\pandas\core\indexes\base.py", line 3812, in get_loc
    raise KeyError(key) from err
KeyError: 'close'
[2025-07-20 01:59:04,938] sim ERROR: [SIM] Error analyzing AMP
Traceback (most recent call last):
  File "C:\Users\bmccall\AppData\Local\Programs\Python\Python311\Lib\site-packages\pandas\core\indexes\base.py", line 3805, in get_loc
    return self._engine.get_loc(casted_key)
           ^^^^^^^^^^^^^^^^^^^^^^^^^^^^^^^^
  File "index.pyx", line 167, in pandas._libs.index.IndexEngine.get_loc
  File "index.pyx", line 196, in pandas._libs.index.IndexEngine.get_loc
  File "pandas\\_libs\\hashtable_class_helper.pxi", line 7081, in pandas._libs.hashtable.PyObjectHashTable.get_item
  File "pandas\\_libs\\hashtable_class_helper.pxi", line 7089, in pandas._libs.hashtable.PyObjectHashTable.get_item
KeyError: 'close'

The above exception was the direct cause of the following exception:

Traceback (most recent call last):
  File "C:\TradeAlerts\services\simulation_service.py", line 355, in run_simulation_loop
    result = analyze_symbol(sym, settings)
             ^^^^^^^^^^^^^^^^^^^^^^^^^^^^^
  File "C:\TradeAlerts\services\simulation_service.py", line 90, in analyze_symbol
    history['close'], settings.bb_length, settings.bb_std
    ~~~~~~~^^^^^^^^^
  File "C:\Users\bmccall\AppData\Local\Programs\Python\Python311\Lib\site-packages\pandas\core\frame.py", line 4102, in __getitem__
    indexer = self.columns.get_loc(key)
              ^^^^^^^^^^^^^^^^^^^^^^^^^
  File "C:\Users\bmccall\AppData\Local\Programs\Python\Python311\Lib\site-packages\pandas\core\indexes\base.py", line 3812, in get_loc
    raise KeyError(key) from err
KeyError: 'close'
[2025-07-20 01:59:05,169] sim ERROR: [SIM] Error analyzing AME
Traceback (most recent call last):
  File "C:\Users\bmccall\AppData\Local\Programs\Python\Python311\Lib\site-packages\pandas\core\indexes\base.py", line 3805, in get_loc
    return self._engine.get_loc(casted_key)
           ^^^^^^^^^^^^^^^^^^^^^^^^^^^^^^^^
  File "index.pyx", line 167, in pandas._libs.index.IndexEngine.get_loc
  File "index.pyx", line 196, in pandas._libs.index.IndexEngine.get_loc
  File "pandas\\_libs\\hashtable_class_helper.pxi", line 7081, in pandas._libs.hashtable.PyObjectHashTable.get_item
  File "pandas\\_libs\\hashtable_class_helper.pxi", line 7089, in pandas._libs.hashtable.PyObjectHashTable.get_item
KeyError: 'close'

The above exception was the direct cause of the following exception:

Traceback (most recent call last):
  File "C:\TradeAlerts\services\simulation_service.py", line 355, in run_simulation_loop
    result = analyze_symbol(sym, settings)
             ^^^^^^^^^^^^^^^^^^^^^^^^^^^^^
  File "C:\TradeAlerts\services\simulation_service.py", line 90, in analyze_symbol
    history['close'], settings.bb_length, settings.bb_std
    ~~~~~~~^^^^^^^^^
  File "C:\Users\bmccall\AppData\Local\Programs\Python\Python311\Lib\site-packages\pandas\core\frame.py", line 4102, in __getitem__
    indexer = self.columns.get_loc(key)
              ^^^^^^^^^^^^^^^^^^^^^^^^^
  File "C:\Users\bmccall\AppData\Local\Programs\Python\Python311\Lib\site-packages\pandas\core\indexes\base.py", line 3812, in get_loc
    raise KeyError(key) from err
KeyError: 'close'
[2025-07-20 01:59:05,472] sim ERROR: [SIM] Error analyzing AMGN
Traceback (most recent call last):
  File "C:\Users\bmccall\AppData\Local\Programs\Python\Python311\Lib\site-packages\pandas\core\indexes\base.py", line 3805, in get_loc
    return self._engine.get_loc(casted_key)
           ^^^^^^^^^^^^^^^^^^^^^^^^^^^^^^^^
  File "index.pyx", line 167, in pandas._libs.index.IndexEngine.get_loc
  File "index.pyx", line 196, in pandas._libs.index.IndexEngine.get_loc
  File "pandas\\_libs\\hashtable_class_helper.pxi", line 7081, in pandas._libs.hashtable.PyObjectHashTable.get_item
  File "pandas\\_libs\\hashtable_class_helper.pxi", line 7089, in pandas._libs.hashtable.PyObjectHashTable.get_item
KeyError: 'close'

The above exception was the direct cause of the following exception:

Traceback (most recent call last):
  File "C:\TradeAlerts\services\simulation_service.py", line 355, in run_simulation_loop
    result = analyze_symbol(sym, settings)
             ^^^^^^^^^^^^^^^^^^^^^^^^^^^^^
  File "C:\TradeAlerts\services\simulation_service.py", line 90, in analyze_symbol
    history['close'], settings.bb_length, settings.bb_std
    ~~~~~~~^^^^^^^^^
  File "C:\Users\bmccall\AppData\Local\Programs\Python\Python311\Lib\site-packages\pandas\core\frame.py", line 4102, in __getitem__
    indexer = self.columns.get_loc(key)
              ^^^^^^^^^^^^^^^^^^^^^^^^^
  File "C:\Users\bmccall\AppData\Local\Programs\Python\Python311\Lib\site-packages\pandas\core\indexes\base.py", line 3812, in get_loc
    raise KeyError(key) from err
KeyError: 'close'
[2025-07-20 01:59:05,738] sim ERROR: [SIM] Error analyzing APH
Traceback (most recent call last):
  File "C:\Users\bmccall\AppData\Local\Programs\Python\Python311\Lib\site-packages\pandas\core\indexes\base.py", line 3805, in get_loc
    return self._engine.get_loc(casted_key)
           ^^^^^^^^^^^^^^^^^^^^^^^^^^^^^^^^
  File "index.pyx", line 167, in pandas._libs.index.IndexEngine.get_loc
  File "index.pyx", line 196, in pandas._libs.index.IndexEngine.get_loc
  File "pandas\\_libs\\hashtable_class_helper.pxi", line 7081, in pandas._libs.hashtable.PyObjectHashTable.get_item
  File "pandas\\_libs\\hashtable_class_helper.pxi", line 7089, in pandas._libs.hashtable.PyObjectHashTable.get_item
KeyError: 'close'

The above exception was the direct cause of the following exception:

Traceback (most recent call last):
  File "C:\TradeAlerts\services\simulation_service.py", line 355, in run_simulation_loop
    result = analyze_symbol(sym, settings)
             ^^^^^^^^^^^^^^^^^^^^^^^^^^^^^
  File "C:\TradeAlerts\services\simulation_service.py", line 90, in analyze_symbol
    history['close'], settings.bb_length, settings.bb_std
    ~~~~~~~^^^^^^^^^
  File "C:\Users\bmccall\AppData\Local\Programs\Python\Python311\Lib\site-packages\pandas\core\frame.py", line 4102, in __getitem__
    indexer = self.columns.get_loc(key)
              ^^^^^^^^^^^^^^^^^^^^^^^^^
  File "C:\Users\bmccall\AppData\Local\Programs\Python\Python311\Lib\site-packages\pandas\core\indexes\base.py", line 3812, in get_loc
    raise KeyError(key) from err
KeyError: 'close'
[2025-07-20 01:59:05,993] sim ERROR: [SIM] Error analyzing ADI
Traceback (most recent call last):
  File "C:\Users\bmccall\AppData\Local\Programs\Python\Python311\Lib\site-packages\pandas\core\indexes\base.py", line 3805, in get_loc
    return self._engine.get_loc(casted_key)
           ^^^^^^^^^^^^^^^^^^^^^^^^^^^^^^^^
  File "index.pyx", line 167, in pandas._libs.index.IndexEngine.get_loc
  File "index.pyx", line 196, in pandas._libs.index.IndexEngine.get_loc
  File "pandas\\_libs\\hashtable_class_helper.pxi", line 7081, in pandas._libs.hashtable.PyObjectHashTable.get_item
  File "pandas\\_libs\\hashtable_class_helper.pxi", line 7089, in pandas._libs.hashtable.PyObjectHashTable.get_item
KeyError: 'close'

The above exception was the direct cause of the following exception:

Traceback (most recent call last):
  File "C:\TradeAlerts\services\simulation_service.py", line 355, in run_simulation_loop
    result = analyze_symbol(sym, settings)
             ^^^^^^^^^^^^^^^^^^^^^^^^^^^^^
  File "C:\TradeAlerts\services\simulation_service.py", line 90, in analyze_symbol
    history['close'], settings.bb_length, settings.bb_std
    ~~~~~~~^^^^^^^^^
  File "C:\Users\bmccall\AppData\Local\Programs\Python\Python311\Lib\site-packages\pandas\core\frame.py", line 4102, in __getitem__
    indexer = self.columns.get_loc(key)
              ^^^^^^^^^^^^^^^^^^^^^^^^^
  File "C:\Users\bmccall\AppData\Local\Programs\Python\Python311\Lib\site-packages\pandas\core\indexes\base.py", line 3812, in get_loc
    raise KeyError(key) from err
KeyError: 'close'
[2025-07-20 01:59:06,279] sim ERROR: [SIM] Error analyzing ANSS
Traceback (most recent call last):
  File "C:\Users\bmccall\AppData\Local\Programs\Python\Python311\Lib\site-packages\pandas\core\indexes\base.py", line 3805, in get_loc
    return self._engine.get_loc(casted_key)
           ^^^^^^^^^^^^^^^^^^^^^^^^^^^^^^^^
  File "index.pyx", line 167, in pandas._libs.index.IndexEngine.get_loc
  File "index.pyx", line 196, in pandas._libs.index.IndexEngine.get_loc
  File "pandas\\_libs\\hashtable_class_helper.pxi", line 7081, in pandas._libs.hashtable.PyObjectHashTable.get_item
  File "pandas\\_libs\\hashtable_class_helper.pxi", line 7089, in pandas._libs.hashtable.PyObjectHashTable.get_item
KeyError: 'close'

The above exception was the direct cause of the following exception:

Traceback (most recent call last):
  File "C:\TradeAlerts\services\simulation_service.py", line 355, in run_simulation_loop
    result = analyze_symbol(sym, settings)
             ^^^^^^^^^^^^^^^^^^^^^^^^^^^^^
  File "C:\TradeAlerts\services\simulation_service.py", line 90, in analyze_symbol
    history['close'], settings.bb_length, settings.bb_std
    ~~~~~~~^^^^^^^^^
  File "C:\Users\bmccall\AppData\Local\Programs\Python\Python311\Lib\site-packages\pandas\core\frame.py", line 4102, in __getitem__
    indexer = self.columns.get_loc(key)
              ^^^^^^^^^^^^^^^^^^^^^^^^^
  File "C:\Users\bmccall\AppData\Local\Programs\Python\Python311\Lib\site-packages\pandas\core\indexes\base.py", line 3812, in get_loc
    raise KeyError(key) from err
KeyError: 'close'
[2025-07-20 01:59:06,583] sim ERROR: [SIM] Error analyzing AON
Traceback (most recent call last):
  File "C:\Users\bmccall\AppData\Local\Programs\Python\Python311\Lib\site-packages\pandas\core\indexes\base.py", line 3805, in get_loc
    return self._engine.get_loc(casted_key)
           ^^^^^^^^^^^^^^^^^^^^^^^^^^^^^^^^
  File "index.pyx", line 167, in pandas._libs.index.IndexEngine.get_loc
  File "index.pyx", line 196, in pandas._libs.index.IndexEngine.get_loc
  File "pandas\\_libs\\hashtable_class_helper.pxi", line 7081, in pandas._libs.hashtable.PyObjectHashTable.get_item
  File "pandas\\_libs\\hashtable_class_helper.pxi", line 7089, in pandas._libs.hashtable.PyObjectHashTable.get_item
KeyError: 'close'

The above exception was the direct cause of the following exception:

Traceback (most recent call last):
  File "C:\TradeAlerts\services\simulation_service.py", line 355, in run_simulation_loop
    result = analyze_symbol(sym, settings)
             ^^^^^^^^^^^^^^^^^^^^^^^^^^^^^
  File "C:\TradeAlerts\services\simulation_service.py", line 90, in analyze_symbol
    history['close'], settings.bb_length, settings.bb_std
    ~~~~~~~^^^^^^^^^
  File "C:\Users\bmccall\AppData\Local\Programs\Python\Python311\Lib\site-packages\pandas\core\frame.py", line 4102, in __getitem__
    indexer = self.columns.get_loc(key)
              ^^^^^^^^^^^^^^^^^^^^^^^^^
  File "C:\Users\bmccall\AppData\Local\Programs\Python\Python311\Lib\site-packages\pandas\core\indexes\base.py", line 3812, in get_loc
    raise KeyError(key) from err
KeyError: 'close'
[2025-07-20 01:59:06,868] sim ERROR: [SIM] Error analyzing APA
Traceback (most recent call last):
  File "C:\Users\bmccall\AppData\Local\Programs\Python\Python311\Lib\site-packages\pandas\core\indexes\base.py", line 3805, in get_loc
    return self._engine.get_loc(casted_key)
           ^^^^^^^^^^^^^^^^^^^^^^^^^^^^^^^^
  File "index.pyx", line 167, in pandas._libs.index.IndexEngine.get_loc
  File "index.pyx", line 196, in pandas._libs.index.IndexEngine.get_loc
  File "pandas\\_libs\\hashtable_class_helper.pxi", line 7081, in pandas._libs.hashtable.PyObjectHashTable.get_item
  File "pandas\\_libs\\hashtable_class_helper.pxi", line 7089, in pandas._libs.hashtable.PyObjectHashTable.get_item
KeyError: 'close'

The above exception was the direct cause of the following exception:

Traceback (most recent call last):
  File "C:\TradeAlerts\services\simulation_service.py", line 355, in run_simulation_loop
    result = analyze_symbol(sym, settings)
             ^^^^^^^^^^^^^^^^^^^^^^^^^^^^^
  File "C:\TradeAlerts\services\simulation_service.py", line 90, in analyze_symbol
    history['close'], settings.bb_length, settings.bb_std
    ~~~~~~~^^^^^^^^^
  File "C:\Users\bmccall\AppData\Local\Programs\Python\Python311\Lib\site-packages\pandas\core\frame.py", line 4102, in __getitem__
    indexer = self.columns.get_loc(key)
              ^^^^^^^^^^^^^^^^^^^^^^^^^
  File "C:\Users\bmccall\AppData\Local\Programs\Python\Python311\Lib\site-packages\pandas\core\indexes\base.py", line 3812, in get_loc
    raise KeyError(key) from err
KeyError: 'close'
[2025-07-20 01:59:07,201] sim ERROR: [SIM] Error analyzing APO
Traceback (most recent call last):
  File "C:\Users\bmccall\AppData\Local\Programs\Python\Python311\Lib\site-packages\pandas\core\indexes\base.py", line 3805, in get_loc
    return self._engine.get_loc(casted_key)
           ^^^^^^^^^^^^^^^^^^^^^^^^^^^^^^^^
  File "index.pyx", line 167, in pandas._libs.index.IndexEngine.get_loc
  File "index.pyx", line 196, in pandas._libs.index.IndexEngine.get_loc
  File "pandas\\_libs\\hashtable_class_helper.pxi", line 7081, in pandas._libs.hashtable.PyObjectHashTable.get_item
  File "pandas\\_libs\\hashtable_class_helper.pxi", line 7089, in pandas._libs.hashtable.PyObjectHashTable.get_item
KeyError: 'close'

The above exception was the direct cause of the following exception:

Traceback (most recent call last):
  File "C:\TradeAlerts\services\simulation_service.py", line 355, in run_simulation_loop
    result = analyze_symbol(sym, settings)
             ^^^^^^^^^^^^^^^^^^^^^^^^^^^^^
  File "C:\TradeAlerts\services\simulation_service.py", line 90, in analyze_symbol
    history['close'], settings.bb_length, settings.bb_std
    ~~~~~~~^^^^^^^^^
  File "C:\Users\bmccall\AppData\Local\Programs\Python\Python311\Lib\site-packages\pandas\core\frame.py", line 4102, in __getitem__
    indexer = self.columns.get_loc(key)
              ^^^^^^^^^^^^^^^^^^^^^^^^^
  File "C:\Users\bmccall\AppData\Local\Programs\Python\Python311\Lib\site-packages\pandas\core\indexes\base.py", line 3812, in get_loc
    raise KeyError(key) from err
KeyError: 'close'
[2025-07-20 01:59:07,502] sim ERROR: [SIM] Error analyzing AAPL
Traceback (most recent call last):
  File "C:\Users\bmccall\AppData\Local\Programs\Python\Python311\Lib\site-packages\pandas\core\indexes\base.py", line 3805, in get_loc
    return self._engine.get_loc(casted_key)
           ^^^^^^^^^^^^^^^^^^^^^^^^^^^^^^^^
  File "index.pyx", line 167, in pandas._libs.index.IndexEngine.get_loc
  File "index.pyx", line 196, in pandas._libs.index.IndexEngine.get_loc
  File "pandas\\_libs\\hashtable_class_helper.pxi", line 7081, in pandas._libs.hashtable.PyObjectHashTable.get_item
  File "pandas\\_libs\\hashtable_class_helper.pxi", line 7089, in pandas._libs.hashtable.PyObjectHashTable.get_item
KeyError: 'close'

The above exception was the direct cause of the following exception:

Traceback (most recent call last):
  File "C:\TradeAlerts\services\simulation_service.py", line 355, in run_simulation_loop
    result = analyze_symbol(sym, settings)
             ^^^^^^^^^^^^^^^^^^^^^^^^^^^^^
  File "C:\TradeAlerts\services\simulation_service.py", line 90, in analyze_symbol
    history['close'], settings.bb_length, settings.bb_std
    ~~~~~~~^^^^^^^^^
  File "C:\Users\bmccall\AppData\Local\Programs\Python\Python311\Lib\site-packages\pandas\core\frame.py", line 4102, in __getitem__
    indexer = self.columns.get_loc(key)
              ^^^^^^^^^^^^^^^^^^^^^^^^^
  File "C:\Users\bmccall\AppData\Local\Programs\Python\Python311\Lib\site-packages\pandas\core\indexes\base.py", line 3812, in get_loc
    raise KeyError(key) from err
KeyError: 'close'
[2025-07-20 01:59:07,897] sim ERROR: [SIM] Error analyzing AMAT
Traceback (most recent call last):
  File "C:\Users\bmccall\AppData\Local\Programs\Python\Python311\Lib\site-packages\pandas\core\indexes\base.py", line 3805, in get_loc
    return self._engine.get_loc(casted_key)
           ^^^^^^^^^^^^^^^^^^^^^^^^^^^^^^^^
  File "index.pyx", line 167, in pandas._libs.index.IndexEngine.get_loc
  File "index.pyx", line 196, in pandas._libs.index.IndexEngine.get_loc
  File "pandas\\_libs\\hashtable_class_helper.pxi", line 7081, in pandas._libs.hashtable.PyObjectHashTable.get_item
  File "pandas\\_libs\\hashtable_class_helper.pxi", line 7089, in pandas._libs.hashtable.PyObjectHashTable.get_item
KeyError: 'close'

The above exception was the direct cause of the following exception:

Traceback (most recent call last):
  File "C:\TradeAlerts\services\simulation_service.py", line 355, in run_simulation_loop
    result = analyze_symbol(sym, settings)
             ^^^^^^^^^^^^^^^^^^^^^^^^^^^^^
  File "C:\TradeAlerts\services\simulation_service.py", line 90, in analyze_symbol
    history['close'], settings.bb_length, settings.bb_std
    ~~~~~~~^^^^^^^^^
  File "C:\Users\bmccall\AppData\Local\Programs\Python\Python311\Lib\site-packages\pandas\core\frame.py", line 4102, in __getitem__
    indexer = self.columns.get_loc(key)
              ^^^^^^^^^^^^^^^^^^^^^^^^^
  File "C:\Users\bmccall\AppData\Local\Programs\Python\Python311\Lib\site-packages\pandas\core\indexes\base.py", line 3812, in get_loc
    raise KeyError(key) from err
KeyError: 'close'
[2025-07-20 01:59:08,184] sim ERROR: [SIM] Error analyzing APTV
Traceback (most recent call last):
  File "C:\Users\bmccall\AppData\Local\Programs\Python\Python311\Lib\site-packages\pandas\core\indexes\base.py", line 3805, in get_loc
    return self._engine.get_loc(casted_key)
           ^^^^^^^^^^^^^^^^^^^^^^^^^^^^^^^^
  File "index.pyx", line 167, in pandas._libs.index.IndexEngine.get_loc
  File "index.pyx", line 196, in pandas._libs.index.IndexEngine.get_loc
  File "pandas\\_libs\\hashtable_class_helper.pxi", line 7081, in pandas._libs.hashtable.PyObjectHashTable.get_item
  File "pandas\\_libs\\hashtable_class_helper.pxi", line 7089, in pandas._libs.hashtable.PyObjectHashTable.get_item
KeyError: 'close'

The above exception was the direct cause of the following exception:

Traceback (most recent call last):
  File "C:\TradeAlerts\services\simulation_service.py", line 355, in run_simulation_loop
    result = analyze_symbol(sym, settings)
             ^^^^^^^^^^^^^^^^^^^^^^^^^^^^^
  File "C:\TradeAlerts\services\simulation_service.py", line 90, in analyze_symbol
    history['close'], settings.bb_length, settings.bb_std
    ~~~~~~~^^^^^^^^^
  File "C:\Users\bmccall\AppData\Local\Programs\Python\Python311\Lib\site-packages\pandas\core\frame.py", line 4102, in __getitem__
    indexer = self.columns.get_loc(key)
              ^^^^^^^^^^^^^^^^^^^^^^^^^
  File "C:\Users\bmccall\AppData\Local\Programs\Python\Python311\Lib\site-packages\pandas\core\indexes\base.py", line 3812, in get_loc
    raise KeyError(key) from err
KeyError: 'close'
[2025-07-20 01:59:08,488] sim ERROR: [SIM] Error analyzing ACGL
Traceback (most recent call last):
  File "C:\Users\bmccall\AppData\Local\Programs\Python\Python311\Lib\site-packages\pandas\core\indexes\base.py", line 3805, in get_loc
    return self._engine.get_loc(casted_key)
           ^^^^^^^^^^^^^^^^^^^^^^^^^^^^^^^^
  File "index.pyx", line 167, in pandas._libs.index.IndexEngine.get_loc
  File "index.pyx", line 196, in pandas._libs.index.IndexEngine.get_loc
  File "pandas\\_libs\\hashtable_class_helper.pxi", line 7081, in pandas._libs.hashtable.PyObjectHashTable.get_item
  File "pandas\\_libs\\hashtable_class_helper.pxi", line 7089, in pandas._libs.hashtable.PyObjectHashTable.get_item
KeyError: 'close'

The above exception was the direct cause of the following exception:

Traceback (most recent call last):
  File "C:\TradeAlerts\services\simulation_service.py", line 355, in run_simulation_loop
    result = analyze_symbol(sym, settings)
             ^^^^^^^^^^^^^^^^^^^^^^^^^^^^^
  File "C:\TradeAlerts\services\simulation_service.py", line 90, in analyze_symbol
    history['close'], settings.bb_length, settings.bb_std
    ~~~~~~~^^^^^^^^^
  File "C:\Users\bmccall\AppData\Local\Programs\Python\Python311\Lib\site-packages\pandas\core\frame.py", line 4102, in __getitem__
    indexer = self.columns.get_loc(key)
              ^^^^^^^^^^^^^^^^^^^^^^^^^
  File "C:\Users\bmccall\AppData\Local\Programs\Python\Python311\Lib\site-packages\pandas\core\indexes\base.py", line 3812, in get_loc
    raise KeyError(key) from err
KeyError: 'close'
[2025-07-20 01:59:08,778] sim ERROR: [SIM] Error analyzing ADM
Traceback (most recent call last):
  File "C:\Users\bmccall\AppData\Local\Programs\Python\Python311\Lib\site-packages\pandas\core\indexes\base.py", line 3805, in get_loc
    return self._engine.get_loc(casted_key)
           ^^^^^^^^^^^^^^^^^^^^^^^^^^^^^^^^
  File "index.pyx", line 167, in pandas._libs.index.IndexEngine.get_loc
  File "index.pyx", line 196, in pandas._libs.index.IndexEngine.get_loc
  File "pandas\\_libs\\hashtable_class_helper.pxi", line 7081, in pandas._libs.hashtable.PyObjectHashTable.get_item
  File "pandas\\_libs\\hashtable_class_helper.pxi", line 7089, in pandas._libs.hashtable.PyObjectHashTable.get_item
KeyError: 'close'

The above exception was the direct cause of the following exception:

Traceback (most recent call last):
  File "C:\TradeAlerts\services\simulation_service.py", line 355, in run_simulation_loop
    result = analyze_symbol(sym, settings)
             ^^^^^^^^^^^^^^^^^^^^^^^^^^^^^
  File "C:\TradeAlerts\services\simulation_service.py", line 90, in analyze_symbol
    history['close'], settings.bb_length, settings.bb_std
    ~~~~~~~^^^^^^^^^
  File "C:\Users\bmccall\AppData\Local\Programs\Python\Python311\Lib\site-packages\pandas\core\frame.py", line 4102, in __getitem__
    indexer = self.columns.get_loc(key)
              ^^^^^^^^^^^^^^^^^^^^^^^^^
  File "C:\Users\bmccall\AppData\Local\Programs\Python\Python311\Lib\site-packages\pandas\core\indexes\base.py", line 3812, in get_loc
    raise KeyError(key) from err
KeyError: 'close'
[2025-07-20 01:59:09,024] sim ERROR: [SIM] Error analyzing ANET
Traceback (most recent call last):
  File "C:\Users\bmccall\AppData\Local\Programs\Python\Python311\Lib\site-packages\pandas\core\indexes\base.py", line 3805, in get_loc
    return self._engine.get_loc(casted_key)
           ^^^^^^^^^^^^^^^^^^^^^^^^^^^^^^^^
  File "index.pyx", line 167, in pandas._libs.index.IndexEngine.get_loc
  File "index.pyx", line 196, in pandas._libs.index.IndexEngine.get_loc
  File "pandas\\_libs\\hashtable_class_helper.pxi", line 7081, in pandas._libs.hashtable.PyObjectHashTable.get_item
  File "pandas\\_libs\\hashtable_class_helper.pxi", line 7089, in pandas._libs.hashtable.PyObjectHashTable.get_item
KeyError: 'close'

The above exception was the direct cause of the following exception:

Traceback (most recent call last):
  File "C:\TradeAlerts\services\simulation_service.py", line 355, in run_simulation_loop
    result = analyze_symbol(sym, settings)
             ^^^^^^^^^^^^^^^^^^^^^^^^^^^^^
  File "C:\TradeAlerts\services\simulation_service.py", line 90, in analyze_symbol
    history['close'], settings.bb_length, settings.bb_std
    ~~~~~~~^^^^^^^^^
  File "C:\Users\bmccall\AppData\Local\Programs\Python\Python311\Lib\site-packages\pandas\core\frame.py", line 4102, in __getitem__
    indexer = self.columns.get_loc(key)
              ^^^^^^^^^^^^^^^^^^^^^^^^^
  File "C:\Users\bmccall\AppData\Local\Programs\Python\Python311\Lib\site-packages\pandas\core\indexes\base.py", line 3812, in get_loc
    raise KeyError(key) from err
KeyError: 'close'
[2025-07-20 01:59:09,322] sim ERROR: [SIM] Error analyzing AJG
Traceback (most recent call last):
  File "C:\Users\bmccall\AppData\Local\Programs\Python\Python311\Lib\site-packages\pandas\core\indexes\base.py", line 3805, in get_loc
    return self._engine.get_loc(casted_key)
           ^^^^^^^^^^^^^^^^^^^^^^^^^^^^^^^^
  File "index.pyx", line 167, in pandas._libs.index.IndexEngine.get_loc
  File "index.pyx", line 196, in pandas._libs.index.IndexEngine.get_loc
  File "pandas\\_libs\\hashtable_class_helper.pxi", line 7081, in pandas._libs.hashtable.PyObjectHashTable.get_item
  File "pandas\\_libs\\hashtable_class_helper.pxi", line 7089, in pandas._libs.hashtable.PyObjectHashTable.get_item
KeyError: 'close'

The above exception was the direct cause of the following exception:

Traceback (most recent call last):
  File "C:\TradeAlerts\services\simulation_service.py", line 355, in run_simulation_loop
    result = analyze_symbol(sym, settings)
             ^^^^^^^^^^^^^^^^^^^^^^^^^^^^^
  File "C:\TradeAlerts\services\simulation_service.py", line 90, in analyze_symbol
    history['close'], settings.bb_length, settings.bb_std
    ~~~~~~~^^^^^^^^^
  File "C:\Users\bmccall\AppData\Local\Programs\Python\Python311\Lib\site-packages\pandas\core\frame.py", line 4102, in __getitem__
    indexer = self.columns.get_loc(key)
              ^^^^^^^^^^^^^^^^^^^^^^^^^
  File "C:\Users\bmccall\AppData\Local\Programs\Python\Python311\Lib\site-packages\pandas\core\indexes\base.py", line 3812, in get_loc
    raise KeyError(key) from err
KeyError: 'close'
[2025-07-20 01:59:09,594] sim ERROR: [SIM] Error analyzing AIZ
Traceback (most recent call last):
  File "C:\Users\bmccall\AppData\Local\Programs\Python\Python311\Lib\site-packages\pandas\core\indexes\base.py", line 3805, in get_loc
    return self._engine.get_loc(casted_key)
           ^^^^^^^^^^^^^^^^^^^^^^^^^^^^^^^^
  File "index.pyx", line 167, in pandas._libs.index.IndexEngine.get_loc
  File "index.pyx", line 196, in pandas._libs.index.IndexEngine.get_loc
  File "pandas\\_libs\\hashtable_class_helper.pxi", line 7081, in pandas._libs.hashtable.PyObjectHashTable.get_item
  File "pandas\\_libs\\hashtable_class_helper.pxi", line 7089, in pandas._libs.hashtable.PyObjectHashTable.get_item
KeyError: 'close'

The above exception was the direct cause of the following exception:

Traceback (most recent call last):
  File "C:\TradeAlerts\services\simulation_service.py", line 355, in run_simulation_loop
    result = analyze_symbol(sym, settings)
             ^^^^^^^^^^^^^^^^^^^^^^^^^^^^^
  File "C:\TradeAlerts\services\simulation_service.py", line 90, in analyze_symbol
    history['close'], settings.bb_length, settings.bb_std
    ~~~~~~~^^^^^^^^^
  File "C:\Users\bmccall\AppData\Local\Programs\Python\Python311\Lib\site-packages\pandas\core\frame.py", line 4102, in __getitem__
    indexer = self.columns.get_loc(key)
              ^^^^^^^^^^^^^^^^^^^^^^^^^
  File "C:\Users\bmccall\AppData\Local\Programs\Python\Python311\Lib\site-packages\pandas\core\indexes\base.py", line 3812, in get_loc
    raise KeyError(key) from err
KeyError: 'close'
[2025-07-20 01:59:09,868] sim ERROR: [SIM] Error analyzing T
Traceback (most recent call last):
  File "C:\Users\bmccall\AppData\Local\Programs\Python\Python311\Lib\site-packages\pandas\core\indexes\base.py", line 3805, in get_loc
    return self._engine.get_loc(casted_key)
           ^^^^^^^^^^^^^^^^^^^^^^^^^^^^^^^^
  File "index.pyx", line 167, in pandas._libs.index.IndexEngine.get_loc
  File "index.pyx", line 196, in pandas._libs.index.IndexEngine.get_loc
  File "pandas\\_libs\\hashtable_class_helper.pxi", line 7081, in pandas._libs.hashtable.PyObjectHashTable.get_item
  File "pandas\\_libs\\hashtable_class_helper.pxi", line 7089, in pandas._libs.hashtable.PyObjectHashTable.get_item
KeyError: 'close'

The above exception was the direct cause of the following exception:

Traceback (most recent call last):
  File "C:\TradeAlerts\services\simulation_service.py", line 355, in run_simulation_loop
    result = analyze_symbol(sym, settings)
             ^^^^^^^^^^^^^^^^^^^^^^^^^^^^^
  File "C:\TradeAlerts\services\simulation_service.py", line 90, in analyze_symbol
    history['close'], settings.bb_length, settings.bb_std
    ~~~~~~~^^^^^^^^^
  File "C:\Users\bmccall\AppData\Local\Programs\Python\Python311\Lib\site-packages\pandas\core\frame.py", line 4102, in __getitem__
    indexer = self.columns.get_loc(key)
              ^^^^^^^^^^^^^^^^^^^^^^^^^
  File "C:\Users\bmccall\AppData\Local\Programs\Python\Python311\Lib\site-packages\pandas\core\indexes\base.py", line 3812, in get_loc
    raise KeyError(key) from err
KeyError: 'close'
[2025-07-20 01:59:10,183] sim ERROR: [SIM] Error analyzing ATO
Traceback (most recent call last):
  File "C:\Users\bmccall\AppData\Local\Programs\Python\Python311\Lib\site-packages\pandas\core\indexes\base.py", line 3805, in get_loc
    return self._engine.get_loc(casted_key)
           ^^^^^^^^^^^^^^^^^^^^^^^^^^^^^^^^
  File "index.pyx", line 167, in pandas._libs.index.IndexEngine.get_loc
  File "index.pyx", line 196, in pandas._libs.index.IndexEngine.get_loc
  File "pandas\\_libs\\hashtable_class_helper.pxi", line 7081, in pandas._libs.hashtable.PyObjectHashTable.get_item
  File "pandas\\_libs\\hashtable_class_helper.pxi", line 7089, in pandas._libs.hashtable.PyObjectHashTable.get_item
KeyError: 'close'

The above exception was the direct cause of the following exception:

Traceback (most recent call last):
  File "C:\TradeAlerts\services\simulation_service.py", line 355, in run_simulation_loop
    result = analyze_symbol(sym, settings)
             ^^^^^^^^^^^^^^^^^^^^^^^^^^^^^
  File "C:\TradeAlerts\services\simulation_service.py", line 90, in analyze_symbol
    history['close'], settings.bb_length, settings.bb_std
    ~~~~~~~^^^^^^^^^
  File "C:\Users\bmccall\AppData\Local\Programs\Python\Python311\Lib\site-packages\pandas\core\frame.py", line 4102, in __getitem__
    indexer = self.columns.get_loc(key)
              ^^^^^^^^^^^^^^^^^^^^^^^^^
  File "C:\Users\bmccall\AppData\Local\Programs\Python\Python311\Lib\site-packages\pandas\core\indexes\base.py", line 3812, in get_loc
    raise KeyError(key) from err
KeyError: 'close'
[2025-07-20 01:59:10,476] sim ERROR: [SIM] Error analyzing ADSK
Traceback (most recent call last):
  File "C:\Users\bmccall\AppData\Local\Programs\Python\Python311\Lib\site-packages\pandas\core\indexes\base.py", line 3805, in get_loc
    return self._engine.get_loc(casted_key)
           ^^^^^^^^^^^^^^^^^^^^^^^^^^^^^^^^
  File "index.pyx", line 167, in pandas._libs.index.IndexEngine.get_loc
  File "index.pyx", line 196, in pandas._libs.index.IndexEngine.get_loc
  File "pandas\\_libs\\hashtable_class_helper.pxi", line 7081, in pandas._libs.hashtable.PyObjectHashTable.get_item
  File "pandas\\_libs\\hashtable_class_helper.pxi", line 7089, in pandas._libs.hashtable.PyObjectHashTable.get_item
KeyError: 'close'

The above exception was the direct cause of the following exception:

Traceback (most recent call last):
  File "C:\TradeAlerts\services\simulation_service.py", line 355, in run_simulation_loop
    result = analyze_symbol(sym, settings)
             ^^^^^^^^^^^^^^^^^^^^^^^^^^^^^
  File "C:\TradeAlerts\services\simulation_service.py", line 90, in analyze_symbol
    history['close'], settings.bb_length, settings.bb_std
    ~~~~~~~^^^^^^^^^
  File "C:\Users\bmccall\AppData\Local\Programs\Python\Python311\Lib\site-packages\pandas\core\frame.py", line 4102, in __getitem__
    indexer = self.columns.get_loc(key)
              ^^^^^^^^^^^^^^^^^^^^^^^^^
  File "C:\Users\bmccall\AppData\Local\Programs\Python\Python311\Lib\site-packages\pandas\core\indexes\base.py", line 3812, in get_loc
    raise KeyError(key) from err
KeyError: 'close'
[2025-07-20 01:59:10,762] sim ERROR: [SIM] Error analyzing ADP
Traceback (most recent call last):
  File "C:\Users\bmccall\AppData\Local\Programs\Python\Python311\Lib\site-packages\pandas\core\indexes\base.py", line 3805, in get_loc
    return self._engine.get_loc(casted_key)
           ^^^^^^^^^^^^^^^^^^^^^^^^^^^^^^^^
  File "index.pyx", line 167, in pandas._libs.index.IndexEngine.get_loc
  File "index.pyx", line 196, in pandas._libs.index.IndexEngine.get_loc
  File "pandas\\_libs\\hashtable_class_helper.pxi", line 7081, in pandas._libs.hashtable.PyObjectHashTable.get_item
  File "pandas\\_libs\\hashtable_class_helper.pxi", line 7089, in pandas._libs.hashtable.PyObjectHashTable.get_item
KeyError: 'close'

The above exception was the direct cause of the following exception:

Traceback (most recent call last):
  File "C:\TradeAlerts\services\simulation_service.py", line 355, in run_simulation_loop
    result = analyze_symbol(sym, settings)
             ^^^^^^^^^^^^^^^^^^^^^^^^^^^^^
  File "C:\TradeAlerts\services\simulation_service.py", line 90, in analyze_symbol
    history['close'], settings.bb_length, settings.bb_std
    ~~~~~~~^^^^^^^^^
  File "C:\Users\bmccall\AppData\Local\Programs\Python\Python311\Lib\site-packages\pandas\core\frame.py", line 4102, in __getitem__
    indexer = self.columns.get_loc(key)
              ^^^^^^^^^^^^^^^^^^^^^^^^^
  File "C:\Users\bmccall\AppData\Local\Programs\Python\Python311\Lib\site-packages\pandas\core\indexes\base.py", line 3812, in get_loc
    raise KeyError(key) from err
KeyError: 'close'
[2025-07-20 01:59:11,029] sim ERROR: [SIM] Error analyzing AZO
Traceback (most recent call last):
  File "C:\Users\bmccall\AppData\Local\Programs\Python\Python311\Lib\site-packages\pandas\core\indexes\base.py", line 3805, in get_loc
    return self._engine.get_loc(casted_key)
           ^^^^^^^^^^^^^^^^^^^^^^^^^^^^^^^^
  File "index.pyx", line 167, in pandas._libs.index.IndexEngine.get_loc
  File "index.pyx", line 196, in pandas._libs.index.IndexEngine.get_loc
  File "pandas\\_libs\\hashtable_class_helper.pxi", line 7081, in pandas._libs.hashtable.PyObjectHashTable.get_item
  File "pandas\\_libs\\hashtable_class_helper.pxi", line 7089, in pandas._libs.hashtable.PyObjectHashTable.get_item
KeyError: 'close'

The above exception was the direct cause of the following exception:

Traceback (most recent call last):
  File "C:\TradeAlerts\services\simulation_service.py", line 355, in run_simulation_loop
    result = analyze_symbol(sym, settings)
             ^^^^^^^^^^^^^^^^^^^^^^^^^^^^^
  File "C:\TradeAlerts\services\simulation_service.py", line 90, in analyze_symbol
    history['close'], settings.bb_length, settings.bb_std
    ~~~~~~~^^^^^^^^^
  File "C:\Users\bmccall\AppData\Local\Programs\Python\Python311\Lib\site-packages\pandas\core\frame.py", line 4102, in __getitem__
    indexer = self.columns.get_loc(key)
              ^^^^^^^^^^^^^^^^^^^^^^^^^
  File "C:\Users\bmccall\AppData\Local\Programs\Python\Python311\Lib\site-packages\pandas\core\indexes\base.py", line 3812, in get_loc
    raise KeyError(key) from err
KeyError: 'close'
[2025-07-20 01:59:11,294] sim ERROR: [SIM] Error analyzing AVB
Traceback (most recent call last):
  File "C:\Users\bmccall\AppData\Local\Programs\Python\Python311\Lib\site-packages\pandas\core\indexes\base.py", line 3805, in get_loc
    return self._engine.get_loc(casted_key)
           ^^^^^^^^^^^^^^^^^^^^^^^^^^^^^^^^
  File "index.pyx", line 167, in pandas._libs.index.IndexEngine.get_loc
  File "index.pyx", line 196, in pandas._libs.index.IndexEngine.get_loc
  File "pandas\\_libs\\hashtable_class_helper.pxi", line 7081, in pandas._libs.hashtable.PyObjectHashTable.get_item
  File "pandas\\_libs\\hashtable_class_helper.pxi", line 7089, in pandas._libs.hashtable.PyObjectHashTable.get_item
KeyError: 'close'

The above exception was the direct cause of the following exception:

Traceback (most recent call last):
  File "C:\TradeAlerts\services\simulation_service.py", line 355, in run_simulation_loop
    result = analyze_symbol(sym, settings)
             ^^^^^^^^^^^^^^^^^^^^^^^^^^^^^
  File "C:\TradeAlerts\services\simulation_service.py", line 90, in analyze_symbol
    history['close'], settings.bb_length, settings.bb_std
    ~~~~~~~^^^^^^^^^
  File "C:\Users\bmccall\AppData\Local\Programs\Python\Python311\Lib\site-packages\pandas\core\frame.py", line 4102, in __getitem__
    indexer = self.columns.get_loc(key)
              ^^^^^^^^^^^^^^^^^^^^^^^^^
  File "C:\Users\bmccall\AppData\Local\Programs\Python\Python311\Lib\site-packages\pandas\core\indexes\base.py", line 3812, in get_loc
    raise KeyError(key) from err
KeyError: 'close'
[2025-07-20 01:59:11,589] sim ERROR: [SIM] Error analyzing AVY
Traceback (most recent call last):
  File "C:\Users\bmccall\AppData\Local\Programs\Python\Python311\Lib\site-packages\pandas\core\indexes\base.py", line 3805, in get_loc
    return self._engine.get_loc(casted_key)
           ^^^^^^^^^^^^^^^^^^^^^^^^^^^^^^^^
  File "index.pyx", line 167, in pandas._libs.index.IndexEngine.get_loc
  File "index.pyx", line 196, in pandas._libs.index.IndexEngine.get_loc
  File "pandas\\_libs\\hashtable_class_helper.pxi", line 7081, in pandas._libs.hashtable.PyObjectHashTable.get_item
  File "pandas\\_libs\\hashtable_class_helper.pxi", line 7089, in pandas._libs.hashtable.PyObjectHashTable.get_item
KeyError: 'close'

The above exception was the direct cause of the following exception:

Traceback (most recent call last):
  File "C:\TradeAlerts\services\simulation_service.py", line 355, in run_simulation_loop
    result = analyze_symbol(sym, settings)
             ^^^^^^^^^^^^^^^^^^^^^^^^^^^^^
  File "C:\TradeAlerts\services\simulation_service.py", line 90, in analyze_symbol
    history['close'], settings.bb_length, settings.bb_std
    ~~~~~~~^^^^^^^^^
  File "C:\Users\bmccall\AppData\Local\Programs\Python\Python311\Lib\site-packages\pandas\core\frame.py", line 4102, in __getitem__
    indexer = self.columns.get_loc(key)
              ^^^^^^^^^^^^^^^^^^^^^^^^^
  File "C:\Users\bmccall\AppData\Local\Programs\Python\Python311\Lib\site-packages\pandas\core\indexes\base.py", line 3812, in get_loc
    raise KeyError(key) from err
KeyError: 'close'
[2025-07-20 01:59:11,870] sim ERROR: [SIM] Error analyzing AXON
Traceback (most recent call last):
  File "C:\Users\bmccall\AppData\Local\Programs\Python\Python311\Lib\site-packages\pandas\core\indexes\base.py", line 3805, in get_loc
    return self._engine.get_loc(casted_key)
           ^^^^^^^^^^^^^^^^^^^^^^^^^^^^^^^^
  File "index.pyx", line 167, in pandas._libs.index.IndexEngine.get_loc
  File "index.pyx", line 196, in pandas._libs.index.IndexEngine.get_loc
  File "pandas\\_libs\\hashtable_class_helper.pxi", line 7081, in pandas._libs.hashtable.PyObjectHashTable.get_item
  File "pandas\\_libs\\hashtable_class_helper.pxi", line 7089, in pandas._libs.hashtable.PyObjectHashTable.get_item
KeyError: 'close'

The above exception was the direct cause of the following exception:

Traceback (most recent call last):
  File "C:\TradeAlerts\services\simulation_service.py", line 355, in run_simulation_loop
    result = analyze_symbol(sym, settings)
             ^^^^^^^^^^^^^^^^^^^^^^^^^^^^^
  File "C:\TradeAlerts\services\simulation_service.py", line 90, in analyze_symbol
    history['close'], settings.bb_length, settings.bb_std
    ~~~~~~~^^^^^^^^^
  File "C:\Users\bmccall\AppData\Local\Programs\Python\Python311\Lib\site-packages\pandas\core\frame.py", line 4102, in __getitem__
    indexer = self.columns.get_loc(key)
              ^^^^^^^^^^^^^^^^^^^^^^^^^
  File "C:\Users\bmccall\AppData\Local\Programs\Python\Python311\Lib\site-packages\pandas\core\indexes\base.py", line 3812, in get_loc
    raise KeyError(key) from err
KeyError: 'close'
[2025-07-20 01:59:12,139] sim ERROR: [SIM] Error analyzing BKR
Traceback (most recent call last):
  File "C:\Users\bmccall\AppData\Local\Programs\Python\Python311\Lib\site-packages\pandas\core\indexes\base.py", line 3805, in get_loc
    return self._engine.get_loc(casted_key)
           ^^^^^^^^^^^^^^^^^^^^^^^^^^^^^^^^
  File "index.pyx", line 167, in pandas._libs.index.IndexEngine.get_loc
  File "index.pyx", line 196, in pandas._libs.index.IndexEngine.get_loc
  File "pandas\\_libs\\hashtable_class_helper.pxi", line 7081, in pandas._libs.hashtable.PyObjectHashTable.get_item
  File "pandas\\_libs\\hashtable_class_helper.pxi", line 7089, in pandas._libs.hashtable.PyObjectHashTable.get_item
KeyError: 'close'

The above exception was the direct cause of the following exception:

Traceback (most recent call last):
  File "C:\TradeAlerts\services\simulation_service.py", line 355, in run_simulation_loop
    result = analyze_symbol(sym, settings)
             ^^^^^^^^^^^^^^^^^^^^^^^^^^^^^
  File "C:\TradeAlerts\services\simulation_service.py", line 90, in analyze_symbol
    history['close'], settings.bb_length, settings.bb_std
    ~~~~~~~^^^^^^^^^
  File "C:\Users\bmccall\AppData\Local\Programs\Python\Python311\Lib\site-packages\pandas\core\frame.py", line 4102, in __getitem__
    indexer = self.columns.get_loc(key)
              ^^^^^^^^^^^^^^^^^^^^^^^^^
  File "C:\Users\bmccall\AppData\Local\Programs\Python\Python311\Lib\site-packages\pandas\core\indexes\base.py", line 3812, in get_loc
    raise KeyError(key) from err
KeyError: 'close'
[2025-07-20 01:59:12,459] sim ERROR: [SIM] Error analyzing BALL
Traceback (most recent call last):
  File "C:\Users\bmccall\AppData\Local\Programs\Python\Python311\Lib\site-packages\pandas\core\indexes\base.py", line 3805, in get_loc
    return self._engine.get_loc(casted_key)
           ^^^^^^^^^^^^^^^^^^^^^^^^^^^^^^^^
  File "index.pyx", line 167, in pandas._libs.index.IndexEngine.get_loc
  File "index.pyx", line 196, in pandas._libs.index.IndexEngine.get_loc
  File "pandas\\_libs\\hashtable_class_helper.pxi", line 7081, in pandas._libs.hashtable.PyObjectHashTable.get_item
  File "pandas\\_libs\\hashtable_class_helper.pxi", line 7089, in pandas._libs.hashtable.PyObjectHashTable.get_item
KeyError: 'close'

The above exception was the direct cause of the following exception:

Traceback (most recent call last):
  File "C:\TradeAlerts\services\simulation_service.py", line 355, in run_simulation_loop
    result = analyze_symbol(sym, settings)
             ^^^^^^^^^^^^^^^^^^^^^^^^^^^^^
  File "C:\TradeAlerts\services\simulation_service.py", line 90, in analyze_symbol
    history['close'], settings.bb_length, settings.bb_std
    ~~~~~~~^^^^^^^^^
  File "C:\Users\bmccall\AppData\Local\Programs\Python\Python311\Lib\site-packages\pandas\core\frame.py", line 4102, in __getitem__
    indexer = self.columns.get_loc(key)
              ^^^^^^^^^^^^^^^^^^^^^^^^^
  File "C:\Users\bmccall\AppData\Local\Programs\Python\Python311\Lib\site-packages\pandas\core\indexes\base.py", line 3812, in get_loc
    raise KeyError(key) from err
KeyError: 'close'
[2025-07-20 01:59:12,828] sim ERROR: [SIM] Error analyzing BAC
Traceback (most recent call last):
  File "C:\Users\bmccall\AppData\Local\Programs\Python\Python311\Lib\site-packages\pandas\core\indexes\base.py", line 3805, in get_loc
    return self._engine.get_loc(casted_key)
           ^^^^^^^^^^^^^^^^^^^^^^^^^^^^^^^^
  File "index.pyx", line 167, in pandas._libs.index.IndexEngine.get_loc
  File "index.pyx", line 196, in pandas._libs.index.IndexEngine.get_loc
  File "pandas\\_libs\\hashtable_class_helper.pxi", line 7081, in pandas._libs.hashtable.PyObjectHashTable.get_item
  File "pandas\\_libs\\hashtable_class_helper.pxi", line 7089, in pandas._libs.hashtable.PyObjectHashTable.get_item
KeyError: 'close'

The above exception was the direct cause of the following exception:

Traceback (most recent call last):
  File "C:\TradeAlerts\services\simulation_service.py", line 355, in run_simulation_loop
    result = analyze_symbol(sym, settings)
             ^^^^^^^^^^^^^^^^^^^^^^^^^^^^^
  File "C:\TradeAlerts\services\simulation_service.py", line 90, in analyze_symbol
    history['close'], settings.bb_length, settings.bb_std
    ~~~~~~~^^^^^^^^^
  File "C:\Users\bmccall\AppData\Local\Programs\Python\Python311\Lib\site-packages\pandas\core\frame.py", line 4102, in __getitem__
    indexer = self.columns.get_loc(key)
              ^^^^^^^^^^^^^^^^^^^^^^^^^
  File "C:\Users\bmccall\AppData\Local\Programs\Python\Python311\Lib\site-packages\pandas\core\indexes\base.py", line 3812, in get_loc
    raise KeyError(key) from err
KeyError: 'close'
[2025-07-20 01:59:13,130] sim ERROR: [SIM] Error analyzing BAX
Traceback (most recent call last):
  File "C:\Users\bmccall\AppData\Local\Programs\Python\Python311\Lib\site-packages\pandas\core\indexes\base.py", line 3805, in get_loc
    return self._engine.get_loc(casted_key)
           ^^^^^^^^^^^^^^^^^^^^^^^^^^^^^^^^
  File "index.pyx", line 167, in pandas._libs.index.IndexEngine.get_loc
  File "index.pyx", line 196, in pandas._libs.index.IndexEngine.get_loc
  File "pandas\\_libs\\hashtable_class_helper.pxi", line 7081, in pandas._libs.hashtable.PyObjectHashTable.get_item
  File "pandas\\_libs\\hashtable_class_helper.pxi", line 7089, in pandas._libs.hashtable.PyObjectHashTable.get_item
KeyError: 'close'

The above exception was the direct cause of the following exception:

Traceback (most recent call last):
  File "C:\TradeAlerts\services\simulation_service.py", line 355, in run_simulation_loop
    result = analyze_symbol(sym, settings)
             ^^^^^^^^^^^^^^^^^^^^^^^^^^^^^
  File "C:\TradeAlerts\services\simulation_service.py", line 90, in analyze_symbol
    history['close'], settings.bb_length, settings.bb_std
    ~~~~~~~^^^^^^^^^
  File "C:\Users\bmccall\AppData\Local\Programs\Python\Python311\Lib\site-packages\pandas\core\frame.py", line 4102, in __getitem__
    indexer = self.columns.get_loc(key)
              ^^^^^^^^^^^^^^^^^^^^^^^^^
  File "C:\Users\bmccall\AppData\Local\Programs\Python\Python311\Lib\site-packages\pandas\core\indexes\base.py", line 3812, in get_loc
    raise KeyError(key) from err
KeyError: 'close'
[2025-07-20 01:59:13,400] sim ERROR: [SIM] Error analyzing BDX
Traceback (most recent call last):
  File "C:\Users\bmccall\AppData\Local\Programs\Python\Python311\Lib\site-packages\pandas\core\indexes\base.py", line 3805, in get_loc
    return self._engine.get_loc(casted_key)
           ^^^^^^^^^^^^^^^^^^^^^^^^^^^^^^^^
  File "index.pyx", line 167, in pandas._libs.index.IndexEngine.get_loc
  File "index.pyx", line 196, in pandas._libs.index.IndexEngine.get_loc
  File "pandas\\_libs\\hashtable_class_helper.pxi", line 7081, in pandas._libs.hashtable.PyObjectHashTable.get_item
  File "pandas\\_libs\\hashtable_class_helper.pxi", line 7089, in pandas._libs.hashtable.PyObjectHashTable.get_item
KeyError: 'close'

The above exception was the direct cause of the following exception:

Traceback (most recent call last):
  File "C:\TradeAlerts\services\simulation_service.py", line 355, in run_simulation_loop
    result = analyze_symbol(sym, settings)
             ^^^^^^^^^^^^^^^^^^^^^^^^^^^^^
  File "C:\TradeAlerts\services\simulation_service.py", line 90, in analyze_symbol
    history['close'], settings.bb_length, settings.bb_std
    ~~~~~~~^^^^^^^^^
  File "C:\Users\bmccall\AppData\Local\Programs\Python\Python311\Lib\site-packages\pandas\core\frame.py", line 4102, in __getitem__
    indexer = self.columns.get_loc(key)
              ^^^^^^^^^^^^^^^^^^^^^^^^^
  File "C:\Users\bmccall\AppData\Local\Programs\Python\Python311\Lib\site-packages\pandas\core\indexes\base.py", line 3812, in get_loc
    raise KeyError(key) from err
KeyError: 'close'
[2025-07-20 01:59:13,724] sim ERROR: [SIM] Error analyzing BRK-B
Traceback (most recent call last):
  File "C:\Users\bmccall\AppData\Local\Programs\Python\Python311\Lib\site-packages\pandas\core\indexes\base.py", line 3805, in get_loc
    return self._engine.get_loc(casted_key)
           ^^^^^^^^^^^^^^^^^^^^^^^^^^^^^^^^
  File "index.pyx", line 167, in pandas._libs.index.IndexEngine.get_loc
  File "index.pyx", line 196, in pandas._libs.index.IndexEngine.get_loc
  File "pandas\\_libs\\hashtable_class_helper.pxi", line 7081, in pandas._libs.hashtable.PyObjectHashTable.get_item
  File "pandas\\_libs\\hashtable_class_helper.pxi", line 7089, in pandas._libs.hashtable.PyObjectHashTable.get_item
KeyError: 'close'

The above exception was the direct cause of the following exception:

Traceback (most recent call last):
  File "C:\TradeAlerts\services\simulation_service.py", line 355, in run_simulation_loop
    result = analyze_symbol(sym, settings)
             ^^^^^^^^^^^^^^^^^^^^^^^^^^^^^
  File "C:\TradeAlerts\services\simulation_service.py", line 90, in analyze_symbol
    history['close'], settings.bb_length, settings.bb_std
    ~~~~~~~^^^^^^^^^
  File "C:\Users\bmccall\AppData\Local\Programs\Python\Python311\Lib\site-packages\pandas\core\frame.py", line 4102, in __getitem__
    indexer = self.columns.get_loc(key)
              ^^^^^^^^^^^^^^^^^^^^^^^^^
  File "C:\Users\bmccall\AppData\Local\Programs\Python\Python311\Lib\site-packages\pandas\core\indexes\base.py", line 3812, in get_loc
    raise KeyError(key) from err
KeyError: 'close'
[2025-07-20 01:59:14,038] sim ERROR: [SIM] Error analyzing BBY
Traceback (most recent call last):
  File "C:\Users\bmccall\AppData\Local\Programs\Python\Python311\Lib\site-packages\pandas\core\indexes\base.py", line 3805, in get_loc
    return self._engine.get_loc(casted_key)
           ^^^^^^^^^^^^^^^^^^^^^^^^^^^^^^^^
  File "index.pyx", line 167, in pandas._libs.index.IndexEngine.get_loc
  File "index.pyx", line 196, in pandas._libs.index.IndexEngine.get_loc
  File "pandas\\_libs\\hashtable_class_helper.pxi", line 7081, in pandas._libs.hashtable.PyObjectHashTable.get_item
  File "pandas\\_libs\\hashtable_class_helper.pxi", line 7089, in pandas._libs.hashtable.PyObjectHashTable.get_item
KeyError: 'close'

The above exception was the direct cause of the following exception:

Traceback (most recent call last):
  File "C:\TradeAlerts\services\simulation_service.py", line 355, in run_simulation_loop
    result = analyze_symbol(sym, settings)
             ^^^^^^^^^^^^^^^^^^^^^^^^^^^^^
  File "C:\TradeAlerts\services\simulation_service.py", line 90, in analyze_symbol
    history['close'], settings.bb_length, settings.bb_std
    ~~~~~~~^^^^^^^^^
  File "C:\Users\bmccall\AppData\Local\Programs\Python\Python311\Lib\site-packages\pandas\core\frame.py", line 4102, in __getitem__
    indexer = self.columns.get_loc(key)
              ^^^^^^^^^^^^^^^^^^^^^^^^^
  File "C:\Users\bmccall\AppData\Local\Programs\Python\Python311\Lib\site-packages\pandas\core\indexes\base.py", line 3812, in get_loc
    raise KeyError(key) from err
KeyError: 'close'
[2025-07-20 01:59:14,341] sim ERROR: [SIM] Error analyzing TECH
Traceback (most recent call last):
  File "C:\Users\bmccall\AppData\Local\Programs\Python\Python311\Lib\site-packages\pandas\core\indexes\base.py", line 3805, in get_loc
    return self._engine.get_loc(casted_key)
           ^^^^^^^^^^^^^^^^^^^^^^^^^^^^^^^^
  File "index.pyx", line 167, in pandas._libs.index.IndexEngine.get_loc
  File "index.pyx", line 196, in pandas._libs.index.IndexEngine.get_loc
  File "pandas\\_libs\\hashtable_class_helper.pxi", line 7081, in pandas._libs.hashtable.PyObjectHashTable.get_item
  File "pandas\\_libs\\hashtable_class_helper.pxi", line 7089, in pandas._libs.hashtable.PyObjectHashTable.get_item
KeyError: 'close'

The above exception was the direct cause of the following exception:

Traceback (most recent call last):
  File "C:\TradeAlerts\services\simulation_service.py", line 355, in run_simulation_loop
    result = analyze_symbol(sym, settings)
             ^^^^^^^^^^^^^^^^^^^^^^^^^^^^^
  File "C:\TradeAlerts\services\simulation_service.py", line 90, in analyze_symbol
    history['close'], settings.bb_length, settings.bb_std
    ~~~~~~~^^^^^^^^^
  File "C:\Users\bmccall\AppData\Local\Programs\Python\Python311\Lib\site-packages\pandas\core\frame.py", line 4102, in __getitem__
    indexer = self.columns.get_loc(key)
              ^^^^^^^^^^^^^^^^^^^^^^^^^
  File "C:\Users\bmccall\AppData\Local\Programs\Python\Python311\Lib\site-packages\pandas\core\indexes\base.py", line 3812, in get_loc
    raise KeyError(key) from err
KeyError: 'close'
[2025-07-20 01:59:14,581] sim ERROR: [SIM] Error analyzing BIIB
Traceback (most recent call last):
  File "C:\Users\bmccall\AppData\Local\Programs\Python\Python311\Lib\site-packages\pandas\core\indexes\base.py", line 3805, in get_loc
    return self._engine.get_loc(casted_key)
           ^^^^^^^^^^^^^^^^^^^^^^^^^^^^^^^^
  File "index.pyx", line 167, in pandas._libs.index.IndexEngine.get_loc
  File "index.pyx", line 196, in pandas._libs.index.IndexEngine.get_loc
  File "pandas\\_libs\\hashtable_class_helper.pxi", line 7081, in pandas._libs.hashtable.PyObjectHashTable.get_item
  File "pandas\\_libs\\hashtable_class_helper.pxi", line 7089, in pandas._libs.hashtable.PyObjectHashTable.get_item
KeyError: 'close'

The above exception was the direct cause of the following exception:

Traceback (most recent call last):
  File "C:\TradeAlerts\services\simulation_service.py", line 355, in run_simulation_loop
    result = analyze_symbol(sym, settings)
             ^^^^^^^^^^^^^^^^^^^^^^^^^^^^^
  File "C:\TradeAlerts\services\simulation_service.py", line 90, in analyze_symbol
    history['close'], settings.bb_length, settings.bb_std
    ~~~~~~~^^^^^^^^^
  File "C:\Users\bmccall\AppData\Local\Programs\Python\Python311\Lib\site-packages\pandas\core\frame.py", line 4102, in __getitem__
    indexer = self.columns.get_loc(key)
              ^^^^^^^^^^^^^^^^^^^^^^^^^
  File "C:\Users\bmccall\AppData\Local\Programs\Python\Python311\Lib\site-packages\pandas\core\indexes\base.py", line 3812, in get_loc
    raise KeyError(key) from err
KeyError: 'close'
[2025-07-20 01:59:14,891] sim ERROR: [SIM] Error analyzing BLK
Traceback (most recent call last):
  File "C:\Users\bmccall\AppData\Local\Programs\Python\Python311\Lib\site-packages\pandas\core\indexes\base.py", line 3805, in get_loc
    return self._engine.get_loc(casted_key)
           ^^^^^^^^^^^^^^^^^^^^^^^^^^^^^^^^
  File "index.pyx", line 167, in pandas._libs.index.IndexEngine.get_loc
  File "index.pyx", line 196, in pandas._libs.index.IndexEngine.get_loc
  File "pandas\\_libs\\hashtable_class_helper.pxi", line 7081, in pandas._libs.hashtable.PyObjectHashTable.get_item
  File "pandas\\_libs\\hashtable_class_helper.pxi", line 7089, in pandas._libs.hashtable.PyObjectHashTable.get_item
KeyError: 'close'

The above exception was the direct cause of the following exception:

Traceback (most recent call last):
  File "C:\TradeAlerts\services\simulation_service.py", line 355, in run_simulation_loop
    result = analyze_symbol(sym, settings)
             ^^^^^^^^^^^^^^^^^^^^^^^^^^^^^
  File "C:\TradeAlerts\services\simulation_service.py", line 90, in analyze_symbol
    history['close'], settings.bb_length, settings.bb_std
    ~~~~~~~^^^^^^^^^
  File "C:\Users\bmccall\AppData\Local\Programs\Python\Python311\Lib\site-packages\pandas\core\frame.py", line 4102, in __getitem__
    indexer = self.columns.get_loc(key)
              ^^^^^^^^^^^^^^^^^^^^^^^^^
  File "C:\Users\bmccall\AppData\Local\Programs\Python\Python311\Lib\site-packages\pandas\core\indexes\base.py", line 3812, in get_loc
    raise KeyError(key) from err
KeyError: 'close'
[2025-07-20 01:59:15,193] sim ERROR: [SIM] Error analyzing BX
Traceback (most recent call last):
  File "C:\Users\bmccall\AppData\Local\Programs\Python\Python311\Lib\site-packages\pandas\core\indexes\base.py", line 3805, in get_loc
    return self._engine.get_loc(casted_key)
           ^^^^^^^^^^^^^^^^^^^^^^^^^^^^^^^^
  File "index.pyx", line 167, in pandas._libs.index.IndexEngine.get_loc
  File "index.pyx", line 196, in pandas._libs.index.IndexEngine.get_loc
  File "pandas\\_libs\\hashtable_class_helper.pxi", line 7081, in pandas._libs.hashtable.PyObjectHashTable.get_item
  File "pandas\\_libs\\hashtable_class_helper.pxi", line 7089, in pandas._libs.hashtable.PyObjectHashTable.get_item
KeyError: 'close'

The above exception was the direct cause of the following exception:

Traceback (most recent call last):
  File "C:\TradeAlerts\services\simulation_service.py", line 355, in run_simulation_loop
    result = analyze_symbol(sym, settings)
             ^^^^^^^^^^^^^^^^^^^^^^^^^^^^^
  File "C:\TradeAlerts\services\simulation_service.py", line 90, in analyze_symbol
    history['close'], settings.bb_length, settings.bb_std
    ~~~~~~~^^^^^^^^^
  File "C:\Users\bmccall\AppData\Local\Programs\Python\Python311\Lib\site-packages\pandas\core\frame.py", line 4102, in __getitem__
    indexer = self.columns.get_loc(key)
              ^^^^^^^^^^^^^^^^^^^^^^^^^
  File "C:\Users\bmccall\AppData\Local\Programs\Python\Python311\Lib\site-packages\pandas\core\indexes\base.py", line 3812, in get_loc
    raise KeyError(key) from err
KeyError: 'close'
[2025-07-20 01:59:15,481] sim ERROR: [SIM] Error analyzing BK
Traceback (most recent call last):
  File "C:\Users\bmccall\AppData\Local\Programs\Python\Python311\Lib\site-packages\pandas\core\indexes\base.py", line 3805, in get_loc
    return self._engine.get_loc(casted_key)
           ^^^^^^^^^^^^^^^^^^^^^^^^^^^^^^^^
  File "index.pyx", line 167, in pandas._libs.index.IndexEngine.get_loc
  File "index.pyx", line 196, in pandas._libs.index.IndexEngine.get_loc
  File "pandas\\_libs\\hashtable_class_helper.pxi", line 7081, in pandas._libs.hashtable.PyObjectHashTable.get_item
  File "pandas\\_libs\\hashtable_class_helper.pxi", line 7089, in pandas._libs.hashtable.PyObjectHashTable.get_item
KeyError: 'close'

The above exception was the direct cause of the following exception:

Traceback (most recent call last):
  File "C:\TradeAlerts\services\simulation_service.py", line 355, in run_simulation_loop
    result = analyze_symbol(sym, settings)
             ^^^^^^^^^^^^^^^^^^^^^^^^^^^^^
  File "C:\TradeAlerts\services\simulation_service.py", line 90, in analyze_symbol
    history['close'], settings.bb_length, settings.bb_std
    ~~~~~~~^^^^^^^^^
  File "C:\Users\bmccall\AppData\Local\Programs\Python\Python311\Lib\site-packages\pandas\core\frame.py", line 4102, in __getitem__
    indexer = self.columns.get_loc(key)
              ^^^^^^^^^^^^^^^^^^^^^^^^^
  File "C:\Users\bmccall\AppData\Local\Programs\Python\Python311\Lib\site-packages\pandas\core\indexes\base.py", line 3812, in get_loc
    raise KeyError(key) from err
KeyError: 'close'
[2025-07-20 01:59:15,791] sim ERROR: [SIM] Error analyzing BA
Traceback (most recent call last):
  File "C:\Users\bmccall\AppData\Local\Programs\Python\Python311\Lib\site-packages\pandas\core\indexes\base.py", line 3805, in get_loc
    return self._engine.get_loc(casted_key)
           ^^^^^^^^^^^^^^^^^^^^^^^^^^^^^^^^
  File "index.pyx", line 167, in pandas._libs.index.IndexEngine.get_loc
  File "index.pyx", line 196, in pandas._libs.index.IndexEngine.get_loc
  File "pandas\\_libs\\hashtable_class_helper.pxi", line 7081, in pandas._libs.hashtable.PyObjectHashTable.get_item
  File "pandas\\_libs\\hashtable_class_helper.pxi", line 7089, in pandas._libs.hashtable.PyObjectHashTable.get_item
KeyError: 'close'

The above exception was the direct cause of the following exception:

Traceback (most recent call last):
  File "C:\TradeAlerts\services\simulation_service.py", line 355, in run_simulation_loop
    result = analyze_symbol(sym, settings)
             ^^^^^^^^^^^^^^^^^^^^^^^^^^^^^
  File "C:\TradeAlerts\services\simulation_service.py", line 90, in analyze_symbol
    history['close'], settings.bb_length, settings.bb_std
    ~~~~~~~^^^^^^^^^
  File "C:\Users\bmccall\AppData\Local\Programs\Python\Python311\Lib\site-packages\pandas\core\frame.py", line 4102, in __getitem__
    indexer = self.columns.get_loc(key)
              ^^^^^^^^^^^^^^^^^^^^^^^^^
  File "C:\Users\bmccall\AppData\Local\Programs\Python\Python311\Lib\site-packages\pandas\core\indexes\base.py", line 3812, in get_loc
    raise KeyError(key) from err
KeyError: 'close'
[2025-07-20 01:59:16,057] sim ERROR: [SIM] Error analyzing BKNG
Traceback (most recent call last):
  File "C:\Users\bmccall\AppData\Local\Programs\Python\Python311\Lib\site-packages\pandas\core\indexes\base.py", line 3805, in get_loc
    return self._engine.get_loc(casted_key)
           ^^^^^^^^^^^^^^^^^^^^^^^^^^^^^^^^
  File "index.pyx", line 167, in pandas._libs.index.IndexEngine.get_loc
  File "index.pyx", line 196, in pandas._libs.index.IndexEngine.get_loc
  File "pandas\\_libs\\hashtable_class_helper.pxi", line 7081, in pandas._libs.hashtable.PyObjectHashTable.get_item
  File "pandas\\_libs\\hashtable_class_helper.pxi", line 7089, in pandas._libs.hashtable.PyObjectHashTable.get_item
KeyError: 'close'

The above exception was the direct cause of the following exception:

Traceback (most recent call last):
  File "C:\TradeAlerts\services\simulation_service.py", line 355, in run_simulation_loop
    result = analyze_symbol(sym, settings)
             ^^^^^^^^^^^^^^^^^^^^^^^^^^^^^
  File "C:\TradeAlerts\services\simulation_service.py", line 90, in analyze_symbol
    history['close'], settings.bb_length, settings.bb_std
    ~~~~~~~^^^^^^^^^
  File "C:\Users\bmccall\AppData\Local\Programs\Python\Python311\Lib\site-packages\pandas\core\frame.py", line 4102, in __getitem__
    indexer = self.columns.get_loc(key)
              ^^^^^^^^^^^^^^^^^^^^^^^^^
  File "C:\Users\bmccall\AppData\Local\Programs\Python\Python311\Lib\site-packages\pandas\core\indexes\base.py", line 3812, in get_loc
    raise KeyError(key) from err
KeyError: 'close'
[2025-07-20 01:59:16,425] sim ERROR: [SIM] Error analyzing BSX
Traceback (most recent call last):
  File "C:\Users\bmccall\AppData\Local\Programs\Python\Python311\Lib\site-packages\pandas\core\indexes\base.py", line 3805, in get_loc
    return self._engine.get_loc(casted_key)
           ^^^^^^^^^^^^^^^^^^^^^^^^^^^^^^^^
  File "index.pyx", line 167, in pandas._libs.index.IndexEngine.get_loc
  File "index.pyx", line 196, in pandas._libs.index.IndexEngine.get_loc
  File "pandas\\_libs\\hashtable_class_helper.pxi", line 7081, in pandas._libs.hashtable.PyObjectHashTable.get_item
  File "pandas\\_libs\\hashtable_class_helper.pxi", line 7089, in pandas._libs.hashtable.PyObjectHashTable.get_item
KeyError: 'close'

The above exception was the direct cause of the following exception:

Traceback (most recent call last):
  File "C:\TradeAlerts\services\simulation_service.py", line 355, in run_simulation_loop
    result = analyze_symbol(sym, settings)
             ^^^^^^^^^^^^^^^^^^^^^^^^^^^^^
  File "C:\TradeAlerts\services\simulation_service.py", line 90, in analyze_symbol
    history['close'], settings.bb_length, settings.bb_std
    ~~~~~~~^^^^^^^^^
  File "C:\Users\bmccall\AppData\Local\Programs\Python\Python311\Lib\site-packages\pandas\core\frame.py", line 4102, in __getitem__
    indexer = self.columns.get_loc(key)
              ^^^^^^^^^^^^^^^^^^^^^^^^^
  File "C:\Users\bmccall\AppData\Local\Programs\Python\Python311\Lib\site-packages\pandas\core\indexes\base.py", line 3812, in get_loc
    raise KeyError(key) from err
KeyError: 'close'
[2025-07-20 01:59:16,753] sim ERROR: [SIM] Error analyzing BMY
Traceback (most recent call last):
  File "C:\Users\bmccall\AppData\Local\Programs\Python\Python311\Lib\site-packages\pandas\core\indexes\base.py", line 3805, in get_loc
    return self._engine.get_loc(casted_key)
           ^^^^^^^^^^^^^^^^^^^^^^^^^^^^^^^^
  File "index.pyx", line 167, in pandas._libs.index.IndexEngine.get_loc
  File "index.pyx", line 196, in pandas._libs.index.IndexEngine.get_loc
  File "pandas\\_libs\\hashtable_class_helper.pxi", line 7081, in pandas._libs.hashtable.PyObjectHashTable.get_item
  File "pandas\\_libs\\hashtable_class_helper.pxi", line 7089, in pandas._libs.hashtable.PyObjectHashTable.get_item
KeyError: 'close'

The above exception was the direct cause of the following exception:

Traceback (most recent call last):
  File "C:\TradeAlerts\services\simulation_service.py", line 355, in run_simulation_loop
    result = analyze_symbol(sym, settings)
             ^^^^^^^^^^^^^^^^^^^^^^^^^^^^^
  File "C:\TradeAlerts\services\simulation_service.py", line 90, in analyze_symbol
    history['close'], settings.bb_length, settings.bb_std
    ~~~~~~~^^^^^^^^^
  File "C:\Users\bmccall\AppData\Local\Programs\Python\Python311\Lib\site-packages\pandas\core\frame.py", line 4102, in __getitem__
    indexer = self.columns.get_loc(key)
              ^^^^^^^^^^^^^^^^^^^^^^^^^
  File "C:\Users\bmccall\AppData\Local\Programs\Python\Python311\Lib\site-packages\pandas\core\indexes\base.py", line 3812, in get_loc
    raise KeyError(key) from err
KeyError: 'close'
[2025-07-20 01:59:17,012] sim ERROR: [SIM] Error analyzing AVGO
Traceback (most recent call last):
  File "C:\Users\bmccall\AppData\Local\Programs\Python\Python311\Lib\site-packages\pandas\core\indexes\base.py", line 3805, in get_loc
    return self._engine.get_loc(casted_key)
           ^^^^^^^^^^^^^^^^^^^^^^^^^^^^^^^^
  File "index.pyx", line 167, in pandas._libs.index.IndexEngine.get_loc
  File "index.pyx", line 196, in pandas._libs.index.IndexEngine.get_loc
  File "pandas\\_libs\\hashtable_class_helper.pxi", line 7081, in pandas._libs.hashtable.PyObjectHashTable.get_item
  File "pandas\\_libs\\hashtable_class_helper.pxi", line 7089, in pandas._libs.hashtable.PyObjectHashTable.get_item
KeyError: 'close'

The above exception was the direct cause of the following exception:

Traceback (most recent call last):
  File "C:\TradeAlerts\services\simulation_service.py", line 355, in run_simulation_loop
    result = analyze_symbol(sym, settings)
             ^^^^^^^^^^^^^^^^^^^^^^^^^^^^^
  File "C:\TradeAlerts\services\simulation_service.py", line 90, in analyze_symbol
    history['close'], settings.bb_length, settings.bb_std
    ~~~~~~~^^^^^^^^^
  File "C:\Users\bmccall\AppData\Local\Programs\Python\Python311\Lib\site-packages\pandas\core\frame.py", line 4102, in __getitem__
    indexer = self.columns.get_loc(key)
              ^^^^^^^^^^^^^^^^^^^^^^^^^
  File "C:\Users\bmccall\AppData\Local\Programs\Python\Python311\Lib\site-packages\pandas\core\indexes\base.py", line 3812, in get_loc
    raise KeyError(key) from err
KeyError: 'close'
[2025-07-20 02:10:36,268] sim INFO: [SIM] Scanning 503 symbols every minute…
[2025-07-20 02:11:28,886] sim INFO: [SIM] Scanning 503 symbols every minute…
[2025-07-20 02:12:00,412] sim INFO: [SIM] Scanning 503 symbols every minute…
[2025-07-20 02:12:00,446] sim INFO: [SIM] seed cash: $1000.00
[2025-07-20 02:12:00,921] sim ERROR: [SIM] Error analyzing MMM
Traceback (most recent call last):
  File "C:\Users\bmccall\AppData\Local\Programs\Python\Python311\Lib\site-packages\pandas\core\indexes\datetimes.py", line 603, in get_loc
    parsed, reso = self._parse_with_reso(key)
                   ^^^^^^^^^^^^^^^^^^^^^^^^^^
  File "C:\Users\bmccall\AppData\Local\Programs\Python\Python311\Lib\site-packages\pandas\core\indexes\datetimes.py", line 559, in _parse_with_reso
    parsed, reso = super()._parse_with_reso(label)
                   ^^^^^^^^^^^^^^^^^^^^^^^^^^^^^^^
  File "C:\Users\bmccall\AppData\Local\Programs\Python\Python311\Lib\site-packages\pandas\core\indexes\datetimelike.py", line 293, in _parse_with_reso
    parsed, reso_str = parsing.parse_datetime_string_with_reso(label, freqstr)
                       ^^^^^^^^^^^^^^^^^^^^^^^^^^^^^^^^^^^^^^^^^^^^^^^^^^^^^^^
  File "parsing.pyx", line 442, in pandas._libs.tslibs.parsing.parse_datetime_string_with_reso
  File "parsing.pyx", line 666, in pandas._libs.tslibs.parsing.dateutil_parse
pandas._libs.tslibs.parsing.DateParseError: Unknown datetime string format, unable to parse: Close

The above exception was the direct cause of the following exception:

Traceback (most recent call last):
  File "C:\TradeAlerts\services\simulation_service.py", line 370, in run_simulation_loop
    result = analyze_symbol(sym, settings)
             ^^^^^^^^^^^^^^^^^^^^^^^^^^^^^
  File "C:\TradeAlerts\services\simulation_service.py", line 121, in analyze_symbol
    rsi = compute_rsi(history['close'], settings.rsi_len)
          ^^^^^^^^^^^^^^^^^^^^^^^^^^^^^^^^^^^^^^^^^^^^^^^
  File "C:\TradeAlerts\services\indicators.py", line 277, in compute_rsi
    delta = df['Close'].diff()
            ~~^^^^^^^^^
  File "C:\Users\bmccall\AppData\Local\Programs\Python\Python311\Lib\site-packages\pandas\core\series.py", line 1121, in __getitem__
    return self._get_value(key)
           ^^^^^^^^^^^^^^^^^^^^
  File "C:\Users\bmccall\AppData\Local\Programs\Python\Python311\Lib\site-packages\pandas\core\series.py", line 1237, in _get_value
    loc = self.index.get_loc(label)
          ^^^^^^^^^^^^^^^^^^^^^^^^^
  File "C:\Users\bmccall\AppData\Local\Programs\Python\Python311\Lib\site-packages\pandas\core\indexes\datetimes.py", line 605, in get_loc
    raise KeyError(key) from err
KeyError: 'Close'
[2025-07-20 02:12:01,277] sim ERROR: [SIM] Error analyzing AOS
Traceback (most recent call last):
  File "C:\Users\bmccall\AppData\Local\Programs\Python\Python311\Lib\site-packages\pandas\core\indexes\datetimes.py", line 603, in get_loc
    parsed, reso = self._parse_with_reso(key)
                   ^^^^^^^^^^^^^^^^^^^^^^^^^^
  File "C:\Users\bmccall\AppData\Local\Programs\Python\Python311\Lib\site-packages\pandas\core\indexes\datetimes.py", line 559, in _parse_with_reso
    parsed, reso = super()._parse_with_reso(label)
                   ^^^^^^^^^^^^^^^^^^^^^^^^^^^^^^^
  File "C:\Users\bmccall\AppData\Local\Programs\Python\Python311\Lib\site-packages\pandas\core\indexes\datetimelike.py", line 293, in _parse_with_reso
    parsed, reso_str = parsing.parse_datetime_string_with_reso(label, freqstr)
                       ^^^^^^^^^^^^^^^^^^^^^^^^^^^^^^^^^^^^^^^^^^^^^^^^^^^^^^^
  File "parsing.pyx", line 442, in pandas._libs.tslibs.parsing.parse_datetime_string_with_reso
  File "parsing.pyx", line 666, in pandas._libs.tslibs.parsing.dateutil_parse
pandas._libs.tslibs.parsing.DateParseError: Unknown datetime string format, unable to parse: Close

The above exception was the direct cause of the following exception:

Traceback (most recent call last):
  File "C:\TradeAlerts\services\simulation_service.py", line 370, in run_simulation_loop
    result = analyze_symbol(sym, settings)
             ^^^^^^^^^^^^^^^^^^^^^^^^^^^^^
  File "C:\TradeAlerts\services\simulation_service.py", line 121, in analyze_symbol
    rsi = compute_rsi(history['close'], settings.rsi_len)
          ^^^^^^^^^^^^^^^^^^^^^^^^^^^^^^^^^^^^^^^^^^^^^^^
  File "C:\TradeAlerts\services\indicators.py", line 277, in compute_rsi
    delta = df['Close'].diff()
            ~~^^^^^^^^^
  File "C:\Users\bmccall\AppData\Local\Programs\Python\Python311\Lib\site-packages\pandas\core\series.py", line 1121, in __getitem__
    return self._get_value(key)
           ^^^^^^^^^^^^^^^^^^^^
  File "C:\Users\bmccall\AppData\Local\Programs\Python\Python311\Lib\site-packages\pandas\core\series.py", line 1237, in _get_value
    loc = self.index.get_loc(label)
          ^^^^^^^^^^^^^^^^^^^^^^^^^
  File "C:\Users\bmccall\AppData\Local\Programs\Python\Python311\Lib\site-packages\pandas\core\indexes\datetimes.py", line 605, in get_loc
    raise KeyError(key) from err
KeyError: 'Close'
[2025-07-20 02:12:01,536] sim ERROR: [SIM] Error analyzing ABT
Traceback (most recent call last):
  File "C:\Users\bmccall\AppData\Local\Programs\Python\Python311\Lib\site-packages\pandas\core\indexes\datetimes.py", line 603, in get_loc
    parsed, reso = self._parse_with_reso(key)
                   ^^^^^^^^^^^^^^^^^^^^^^^^^^
  File "C:\Users\bmccall\AppData\Local\Programs\Python\Python311\Lib\site-packages\pandas\core\indexes\datetimes.py", line 559, in _parse_with_reso
    parsed, reso = super()._parse_with_reso(label)
                   ^^^^^^^^^^^^^^^^^^^^^^^^^^^^^^^
  File "C:\Users\bmccall\AppData\Local\Programs\Python\Python311\Lib\site-packages\pandas\core\indexes\datetimelike.py", line 293, in _parse_with_reso
    parsed, reso_str = parsing.parse_datetime_string_with_reso(label, freqstr)
                       ^^^^^^^^^^^^^^^^^^^^^^^^^^^^^^^^^^^^^^^^^^^^^^^^^^^^^^^
  File "parsing.pyx", line 442, in pandas._libs.tslibs.parsing.parse_datetime_string_with_reso
  File "parsing.pyx", line 666, in pandas._libs.tslibs.parsing.dateutil_parse
pandas._libs.tslibs.parsing.DateParseError: Unknown datetime string format, unable to parse: Close

The above exception was the direct cause of the following exception:

Traceback (most recent call last):
  File "C:\TradeAlerts\services\simulation_service.py", line 370, in run_simulation_loop
    result = analyze_symbol(sym, settings)
             ^^^^^^^^^^^^^^^^^^^^^^^^^^^^^
  File "C:\TradeAlerts\services\simulation_service.py", line 121, in analyze_symbol
    rsi = compute_rsi(history['close'], settings.rsi_len)
          ^^^^^^^^^^^^^^^^^^^^^^^^^^^^^^^^^^^^^^^^^^^^^^^
  File "C:\TradeAlerts\services\indicators.py", line 277, in compute_rsi
    delta = df['Close'].diff()
            ~~^^^^^^^^^
  File "C:\Users\bmccall\AppData\Local\Programs\Python\Python311\Lib\site-packages\pandas\core\series.py", line 1121, in __getitem__
    return self._get_value(key)
           ^^^^^^^^^^^^^^^^^^^^
  File "C:\Users\bmccall\AppData\Local\Programs\Python\Python311\Lib\site-packages\pandas\core\series.py", line 1237, in _get_value
    loc = self.index.get_loc(label)
          ^^^^^^^^^^^^^^^^^^^^^^^^^
  File "C:\Users\bmccall\AppData\Local\Programs\Python\Python311\Lib\site-packages\pandas\core\indexes\datetimes.py", line 605, in get_loc
    raise KeyError(key) from err
KeyError: 'Close'
[2025-07-20 02:12:01,866] sim ERROR: [SIM] Error analyzing ABBV
Traceback (most recent call last):
  File "C:\Users\bmccall\AppData\Local\Programs\Python\Python311\Lib\site-packages\pandas\core\indexes\datetimes.py", line 603, in get_loc
    parsed, reso = self._parse_with_reso(key)
                   ^^^^^^^^^^^^^^^^^^^^^^^^^^
  File "C:\Users\bmccall\AppData\Local\Programs\Python\Python311\Lib\site-packages\pandas\core\indexes\datetimes.py", line 559, in _parse_with_reso
    parsed, reso = super()._parse_with_reso(label)
                   ^^^^^^^^^^^^^^^^^^^^^^^^^^^^^^^
  File "C:\Users\bmccall\AppData\Local\Programs\Python\Python311\Lib\site-packages\pandas\core\indexes\datetimelike.py", line 293, in _parse_with_reso
    parsed, reso_str = parsing.parse_datetime_string_with_reso(label, freqstr)
                       ^^^^^^^^^^^^^^^^^^^^^^^^^^^^^^^^^^^^^^^^^^^^^^^^^^^^^^^
  File "parsing.pyx", line 442, in pandas._libs.tslibs.parsing.parse_datetime_string_with_reso
  File "parsing.pyx", line 666, in pandas._libs.tslibs.parsing.dateutil_parse
pandas._libs.tslibs.parsing.DateParseError: Unknown datetime string format, unable to parse: Close

The above exception was the direct cause of the following exception:

Traceback (most recent call last):
  File "C:\TradeAlerts\services\simulation_service.py", line 370, in run_simulation_loop
    result = analyze_symbol(sym, settings)
             ^^^^^^^^^^^^^^^^^^^^^^^^^^^^^
  File "C:\TradeAlerts\services\simulation_service.py", line 121, in analyze_symbol
    rsi = compute_rsi(history['close'], settings.rsi_len)
          ^^^^^^^^^^^^^^^^^^^^^^^^^^^^^^^^^^^^^^^^^^^^^^^
  File "C:\TradeAlerts\services\indicators.py", line 277, in compute_rsi
    delta = df['Close'].diff()
            ~~^^^^^^^^^
  File "C:\Users\bmccall\AppData\Local\Programs\Python\Python311\Lib\site-packages\pandas\core\series.py", line 1121, in __getitem__
    return self._get_value(key)
           ^^^^^^^^^^^^^^^^^^^^
  File "C:\Users\bmccall\AppData\Local\Programs\Python\Python311\Lib\site-packages\pandas\core\series.py", line 1237, in _get_value
    loc = self.index.get_loc(label)
          ^^^^^^^^^^^^^^^^^^^^^^^^^
  File "C:\Users\bmccall\AppData\Local\Programs\Python\Python311\Lib\site-packages\pandas\core\indexes\datetimes.py", line 605, in get_loc
    raise KeyError(key) from err
KeyError: 'Close'
[2025-07-20 02:12:02,170] sim ERROR: [SIM] Error analyzing ACN
Traceback (most recent call last):
  File "C:\Users\bmccall\AppData\Local\Programs\Python\Python311\Lib\site-packages\pandas\core\indexes\datetimes.py", line 603, in get_loc
    parsed, reso = self._parse_with_reso(key)
                   ^^^^^^^^^^^^^^^^^^^^^^^^^^
  File "C:\Users\bmccall\AppData\Local\Programs\Python\Python311\Lib\site-packages\pandas\core\indexes\datetimes.py", line 559, in _parse_with_reso
    parsed, reso = super()._parse_with_reso(label)
                   ^^^^^^^^^^^^^^^^^^^^^^^^^^^^^^^
  File "C:\Users\bmccall\AppData\Local\Programs\Python\Python311\Lib\site-packages\pandas\core\indexes\datetimelike.py", line 293, in _parse_with_reso
    parsed, reso_str = parsing.parse_datetime_string_with_reso(label, freqstr)
                       ^^^^^^^^^^^^^^^^^^^^^^^^^^^^^^^^^^^^^^^^^^^^^^^^^^^^^^^
  File "parsing.pyx", line 442, in pandas._libs.tslibs.parsing.parse_datetime_string_with_reso
  File "parsing.pyx", line 666, in pandas._libs.tslibs.parsing.dateutil_parse
pandas._libs.tslibs.parsing.DateParseError: Unknown datetime string format, unable to parse: Close

The above exception was the direct cause of the following exception:

Traceback (most recent call last):
  File "C:\TradeAlerts\services\simulation_service.py", line 370, in run_simulation_loop
    result = analyze_symbol(sym, settings)
             ^^^^^^^^^^^^^^^^^^^^^^^^^^^^^
  File "C:\TradeAlerts\services\simulation_service.py", line 121, in analyze_symbol
    rsi = compute_rsi(history['close'], settings.rsi_len)
          ^^^^^^^^^^^^^^^^^^^^^^^^^^^^^^^^^^^^^^^^^^^^^^^
  File "C:\TradeAlerts\services\indicators.py", line 277, in compute_rsi
    delta = df['Close'].diff()
            ~~^^^^^^^^^
  File "C:\Users\bmccall\AppData\Local\Programs\Python\Python311\Lib\site-packages\pandas\core\series.py", line 1121, in __getitem__
    return self._get_value(key)
           ^^^^^^^^^^^^^^^^^^^^
  File "C:\Users\bmccall\AppData\Local\Programs\Python\Python311\Lib\site-packages\pandas\core\series.py", line 1237, in _get_value
    loc = self.index.get_loc(label)
          ^^^^^^^^^^^^^^^^^^^^^^^^^
  File "C:\Users\bmccall\AppData\Local\Programs\Python\Python311\Lib\site-packages\pandas\core\indexes\datetimes.py", line 605, in get_loc
    raise KeyError(key) from err
KeyError: 'Close'
[2025-07-20 02:12:02,861] sim ERROR: [SIM] Error analyzing ADBE
Traceback (most recent call last):
  File "C:\Users\bmccall\AppData\Local\Programs\Python\Python311\Lib\site-packages\pandas\core\indexes\datetimes.py", line 603, in get_loc
    parsed, reso = self._parse_with_reso(key)
                   ^^^^^^^^^^^^^^^^^^^^^^^^^^
  File "C:\Users\bmccall\AppData\Local\Programs\Python\Python311\Lib\site-packages\pandas\core\indexes\datetimes.py", line 559, in _parse_with_reso
    parsed, reso = super()._parse_with_reso(label)
                   ^^^^^^^^^^^^^^^^^^^^^^^^^^^^^^^
  File "C:\Users\bmccall\AppData\Local\Programs\Python\Python311\Lib\site-packages\pandas\core\indexes\datetimelike.py", line 293, in _parse_with_reso
    parsed, reso_str = parsing.parse_datetime_string_with_reso(label, freqstr)
                       ^^^^^^^^^^^^^^^^^^^^^^^^^^^^^^^^^^^^^^^^^^^^^^^^^^^^^^^
  File "parsing.pyx", line 442, in pandas._libs.tslibs.parsing.parse_datetime_string_with_reso
  File "parsing.pyx", line 666, in pandas._libs.tslibs.parsing.dateutil_parse
pandas._libs.tslibs.parsing.DateParseError: Unknown datetime string format, unable to parse: Close

The above exception was the direct cause of the following exception:

Traceback (most recent call last):
  File "C:\TradeAlerts\services\simulation_service.py", line 370, in run_simulation_loop
    result = analyze_symbol(sym, settings)
             ^^^^^^^^^^^^^^^^^^^^^^^^^^^^^
  File "C:\TradeAlerts\services\simulation_service.py", line 121, in analyze_symbol
    rsi = compute_rsi(history['close'], settings.rsi_len)
          ^^^^^^^^^^^^^^^^^^^^^^^^^^^^^^^^^^^^^^^^^^^^^^^
  File "C:\TradeAlerts\services\indicators.py", line 277, in compute_rsi
    delta = df['Close'].diff()
            ~~^^^^^^^^^
  File "C:\Users\bmccall\AppData\Local\Programs\Python\Python311\Lib\site-packages\pandas\core\series.py", line 1121, in __getitem__
    return self._get_value(key)
           ^^^^^^^^^^^^^^^^^^^^
  File "C:\Users\bmccall\AppData\Local\Programs\Python\Python311\Lib\site-packages\pandas\core\series.py", line 1237, in _get_value
    loc = self.index.get_loc(label)
          ^^^^^^^^^^^^^^^^^^^^^^^^^
  File "C:\Users\bmccall\AppData\Local\Programs\Python\Python311\Lib\site-packages\pandas\core\indexes\datetimes.py", line 605, in get_loc
    raise KeyError(key) from err
KeyError: 'Close'
[2025-07-20 02:12:03,135] sim ERROR: [SIM] Error analyzing AMD
Traceback (most recent call last):
  File "C:\Users\bmccall\AppData\Local\Programs\Python\Python311\Lib\site-packages\pandas\core\indexes\datetimes.py", line 603, in get_loc
    parsed, reso = self._parse_with_reso(key)
                   ^^^^^^^^^^^^^^^^^^^^^^^^^^
  File "C:\Users\bmccall\AppData\Local\Programs\Python\Python311\Lib\site-packages\pandas\core\indexes\datetimes.py", line 559, in _parse_with_reso
    parsed, reso = super()._parse_with_reso(label)
                   ^^^^^^^^^^^^^^^^^^^^^^^^^^^^^^^
  File "C:\Users\bmccall\AppData\Local\Programs\Python\Python311\Lib\site-packages\pandas\core\indexes\datetimelike.py", line 293, in _parse_with_reso
    parsed, reso_str = parsing.parse_datetime_string_with_reso(label, freqstr)
                       ^^^^^^^^^^^^^^^^^^^^^^^^^^^^^^^^^^^^^^^^^^^^^^^^^^^^^^^
  File "parsing.pyx", line 442, in pandas._libs.tslibs.parsing.parse_datetime_string_with_reso
  File "parsing.pyx", line 666, in pandas._libs.tslibs.parsing.dateutil_parse
pandas._libs.tslibs.parsing.DateParseError: Unknown datetime string format, unable to parse: Close

The above exception was the direct cause of the following exception:

Traceback (most recent call last):
  File "C:\TradeAlerts\services\simulation_service.py", line 370, in run_simulation_loop
    result = analyze_symbol(sym, settings)
             ^^^^^^^^^^^^^^^^^^^^^^^^^^^^^
  File "C:\TradeAlerts\services\simulation_service.py", line 121, in analyze_symbol
    rsi = compute_rsi(history['close'], settings.rsi_len)
          ^^^^^^^^^^^^^^^^^^^^^^^^^^^^^^^^^^^^^^^^^^^^^^^
  File "C:\TradeAlerts\services\indicators.py", line 277, in compute_rsi
    delta = df['Close'].diff()
            ~~^^^^^^^^^
  File "C:\Users\bmccall\AppData\Local\Programs\Python\Python311\Lib\site-packages\pandas\core\series.py", line 1121, in __getitem__
    return self._get_value(key)
           ^^^^^^^^^^^^^^^^^^^^
  File "C:\Users\bmccall\AppData\Local\Programs\Python\Python311\Lib\site-packages\pandas\core\series.py", line 1237, in _get_value
    loc = self.index.get_loc(label)
          ^^^^^^^^^^^^^^^^^^^^^^^^^
  File "C:\Users\bmccall\AppData\Local\Programs\Python\Python311\Lib\site-packages\pandas\core\indexes\datetimes.py", line 605, in get_loc
    raise KeyError(key) from err
KeyError: 'Close'
[2025-07-20 02:12:03,441] sim ERROR: [SIM] Error analyzing AES
Traceback (most recent call last):
  File "C:\Users\bmccall\AppData\Local\Programs\Python\Python311\Lib\site-packages\pandas\core\indexes\datetimes.py", line 603, in get_loc
    parsed, reso = self._parse_with_reso(key)
                   ^^^^^^^^^^^^^^^^^^^^^^^^^^
  File "C:\Users\bmccall\AppData\Local\Programs\Python\Python311\Lib\site-packages\pandas\core\indexes\datetimes.py", line 559, in _parse_with_reso
    parsed, reso = super()._parse_with_reso(label)
                   ^^^^^^^^^^^^^^^^^^^^^^^^^^^^^^^
  File "C:\Users\bmccall\AppData\Local\Programs\Python\Python311\Lib\site-packages\pandas\core\indexes\datetimelike.py", line 293, in _parse_with_reso
    parsed, reso_str = parsing.parse_datetime_string_with_reso(label, freqstr)
                       ^^^^^^^^^^^^^^^^^^^^^^^^^^^^^^^^^^^^^^^^^^^^^^^^^^^^^^^
  File "parsing.pyx", line 442, in pandas._libs.tslibs.parsing.parse_datetime_string_with_reso
  File "parsing.pyx", line 666, in pandas._libs.tslibs.parsing.dateutil_parse
pandas._libs.tslibs.parsing.DateParseError: Unknown datetime string format, unable to parse: Close

The above exception was the direct cause of the following exception:

Traceback (most recent call last):
  File "C:\TradeAlerts\services\simulation_service.py", line 370, in run_simulation_loop
    result = analyze_symbol(sym, settings)
             ^^^^^^^^^^^^^^^^^^^^^^^^^^^^^
  File "C:\TradeAlerts\services\simulation_service.py", line 121, in analyze_symbol
    rsi = compute_rsi(history['close'], settings.rsi_len)
          ^^^^^^^^^^^^^^^^^^^^^^^^^^^^^^^^^^^^^^^^^^^^^^^
  File "C:\TradeAlerts\services\indicators.py", line 277, in compute_rsi
    delta = df['Close'].diff()
            ~~^^^^^^^^^
  File "C:\Users\bmccall\AppData\Local\Programs\Python\Python311\Lib\site-packages\pandas\core\series.py", line 1121, in __getitem__
    return self._get_value(key)
           ^^^^^^^^^^^^^^^^^^^^
  File "C:\Users\bmccall\AppData\Local\Programs\Python\Python311\Lib\site-packages\pandas\core\series.py", line 1237, in _get_value
    loc = self.index.get_loc(label)
          ^^^^^^^^^^^^^^^^^^^^^^^^^
  File "C:\Users\bmccall\AppData\Local\Programs\Python\Python311\Lib\site-packages\pandas\core\indexes\datetimes.py", line 605, in get_loc
    raise KeyError(key) from err
KeyError: 'Close'
[2025-07-20 02:12:03,737] sim ERROR: [SIM] Error analyzing AFL
Traceback (most recent call last):
  File "C:\Users\bmccall\AppData\Local\Programs\Python\Python311\Lib\site-packages\pandas\core\indexes\datetimes.py", line 603, in get_loc
    parsed, reso = self._parse_with_reso(key)
                   ^^^^^^^^^^^^^^^^^^^^^^^^^^
  File "C:\Users\bmccall\AppData\Local\Programs\Python\Python311\Lib\site-packages\pandas\core\indexes\datetimes.py", line 559, in _parse_with_reso
    parsed, reso = super()._parse_with_reso(label)
                   ^^^^^^^^^^^^^^^^^^^^^^^^^^^^^^^
  File "C:\Users\bmccall\AppData\Local\Programs\Python\Python311\Lib\site-packages\pandas\core\indexes\datetimelike.py", line 293, in _parse_with_reso
    parsed, reso_str = parsing.parse_datetime_string_with_reso(label, freqstr)
                       ^^^^^^^^^^^^^^^^^^^^^^^^^^^^^^^^^^^^^^^^^^^^^^^^^^^^^^^
  File "parsing.pyx", line 442, in pandas._libs.tslibs.parsing.parse_datetime_string_with_reso
  File "parsing.pyx", line 666, in pandas._libs.tslibs.parsing.dateutil_parse
pandas._libs.tslibs.parsing.DateParseError: Unknown datetime string format, unable to parse: Close

The above exception was the direct cause of the following exception:

Traceback (most recent call last):
  File "C:\TradeAlerts\services\simulation_service.py", line 370, in run_simulation_loop
    result = analyze_symbol(sym, settings)
             ^^^^^^^^^^^^^^^^^^^^^^^^^^^^^
  File "C:\TradeAlerts\services\simulation_service.py", line 121, in analyze_symbol
    rsi = compute_rsi(history['close'], settings.rsi_len)
          ^^^^^^^^^^^^^^^^^^^^^^^^^^^^^^^^^^^^^^^^^^^^^^^
  File "C:\TradeAlerts\services\indicators.py", line 277, in compute_rsi
    delta = df['Close'].diff()
            ~~^^^^^^^^^
  File "C:\Users\bmccall\AppData\Local\Programs\Python\Python311\Lib\site-packages\pandas\core\series.py", line 1121, in __getitem__
    return self._get_value(key)
           ^^^^^^^^^^^^^^^^^^^^
  File "C:\Users\bmccall\AppData\Local\Programs\Python\Python311\Lib\site-packages\pandas\core\series.py", line 1237, in _get_value
    loc = self.index.get_loc(label)
          ^^^^^^^^^^^^^^^^^^^^^^^^^
  File "C:\Users\bmccall\AppData\Local\Programs\Python\Python311\Lib\site-packages\pandas\core\indexes\datetimes.py", line 605, in get_loc
    raise KeyError(key) from err
KeyError: 'Close'
[2025-07-20 02:12:04,023] sim ERROR: [SIM] Error analyzing A
Traceback (most recent call last):
  File "C:\Users\bmccall\AppData\Local\Programs\Python\Python311\Lib\site-packages\pandas\core\indexes\datetimes.py", line 603, in get_loc
    parsed, reso = self._parse_with_reso(key)
                   ^^^^^^^^^^^^^^^^^^^^^^^^^^
  File "C:\Users\bmccall\AppData\Local\Programs\Python\Python311\Lib\site-packages\pandas\core\indexes\datetimes.py", line 559, in _parse_with_reso
    parsed, reso = super()._parse_with_reso(label)
                   ^^^^^^^^^^^^^^^^^^^^^^^^^^^^^^^
  File "C:\Users\bmccall\AppData\Local\Programs\Python\Python311\Lib\site-packages\pandas\core\indexes\datetimelike.py", line 293, in _parse_with_reso
    parsed, reso_str = parsing.parse_datetime_string_with_reso(label, freqstr)
                       ^^^^^^^^^^^^^^^^^^^^^^^^^^^^^^^^^^^^^^^^^^^^^^^^^^^^^^^
  File "parsing.pyx", line 442, in pandas._libs.tslibs.parsing.parse_datetime_string_with_reso
  File "parsing.pyx", line 666, in pandas._libs.tslibs.parsing.dateutil_parse
pandas._libs.tslibs.parsing.DateParseError: Unknown datetime string format, unable to parse: Close

The above exception was the direct cause of the following exception:

Traceback (most recent call last):
  File "C:\TradeAlerts\services\simulation_service.py", line 370, in run_simulation_loop
    result = analyze_symbol(sym, settings)
             ^^^^^^^^^^^^^^^^^^^^^^^^^^^^^
  File "C:\TradeAlerts\services\simulation_service.py", line 121, in analyze_symbol
    rsi = compute_rsi(history['close'], settings.rsi_len)
          ^^^^^^^^^^^^^^^^^^^^^^^^^^^^^^^^^^^^^^^^^^^^^^^
  File "C:\TradeAlerts\services\indicators.py", line 277, in compute_rsi
    delta = df['Close'].diff()
            ~~^^^^^^^^^
  File "C:\Users\bmccall\AppData\Local\Programs\Python\Python311\Lib\site-packages\pandas\core\series.py", line 1121, in __getitem__
    return self._get_value(key)
           ^^^^^^^^^^^^^^^^^^^^
  File "C:\Users\bmccall\AppData\Local\Programs\Python\Python311\Lib\site-packages\pandas\core\series.py", line 1237, in _get_value
    loc = self.index.get_loc(label)
          ^^^^^^^^^^^^^^^^^^^^^^^^^
  File "C:\Users\bmccall\AppData\Local\Programs\Python\Python311\Lib\site-packages\pandas\core\indexes\datetimes.py", line 605, in get_loc
    raise KeyError(key) from err
KeyError: 'Close'
[2025-07-20 02:12:04,472] sim ERROR: [SIM] Error analyzing APD
Traceback (most recent call last):
  File "C:\Users\bmccall\AppData\Local\Programs\Python\Python311\Lib\site-packages\pandas\core\indexes\datetimes.py", line 603, in get_loc
    parsed, reso = self._parse_with_reso(key)
                   ^^^^^^^^^^^^^^^^^^^^^^^^^^
  File "C:\Users\bmccall\AppData\Local\Programs\Python\Python311\Lib\site-packages\pandas\core\indexes\datetimes.py", line 559, in _parse_with_reso
    parsed, reso = super()._parse_with_reso(label)
                   ^^^^^^^^^^^^^^^^^^^^^^^^^^^^^^^
  File "C:\Users\bmccall\AppData\Local\Programs\Python\Python311\Lib\site-packages\pandas\core\indexes\datetimelike.py", line 293, in _parse_with_reso
    parsed, reso_str = parsing.parse_datetime_string_with_reso(label, freqstr)
                       ^^^^^^^^^^^^^^^^^^^^^^^^^^^^^^^^^^^^^^^^^^^^^^^^^^^^^^^
  File "parsing.pyx", line 442, in pandas._libs.tslibs.parsing.parse_datetime_string_with_reso
  File "parsing.pyx", line 666, in pandas._libs.tslibs.parsing.dateutil_parse
pandas._libs.tslibs.parsing.DateParseError: Unknown datetime string format, unable to parse: Close

The above exception was the direct cause of the following exception:

Traceback (most recent call last):
  File "C:\TradeAlerts\services\simulation_service.py", line 370, in run_simulation_loop
    result = analyze_symbol(sym, settings)
             ^^^^^^^^^^^^^^^^^^^^^^^^^^^^^
  File "C:\TradeAlerts\services\simulation_service.py", line 121, in analyze_symbol
    rsi = compute_rsi(history['close'], settings.rsi_len)
          ^^^^^^^^^^^^^^^^^^^^^^^^^^^^^^^^^^^^^^^^^^^^^^^
  File "C:\TradeAlerts\services\indicators.py", line 277, in compute_rsi
    delta = df['Close'].diff()
            ~~^^^^^^^^^
  File "C:\Users\bmccall\AppData\Local\Programs\Python\Python311\Lib\site-packages\pandas\core\series.py", line 1121, in __getitem__
    return self._get_value(key)
           ^^^^^^^^^^^^^^^^^^^^
  File "C:\Users\bmccall\AppData\Local\Programs\Python\Python311\Lib\site-packages\pandas\core\series.py", line 1237, in _get_value
    loc = self.index.get_loc(label)
          ^^^^^^^^^^^^^^^^^^^^^^^^^
  File "C:\Users\bmccall\AppData\Local\Programs\Python\Python311\Lib\site-packages\pandas\core\indexes\datetimes.py", line 605, in get_loc
    raise KeyError(key) from err
KeyError: 'Close'
[2025-07-20 02:24:50,040] sim INFO: [SIM] Scanning 503 symbols every minute…
[2025-07-20 02:28:16,695] sim INFO: [SIM] Scanning 503 symbols every minute…
[2025-07-20 02:28:16,749] sim INFO: [SIM] seed cash: $1000.00
[2025-07-20 02:28:17,223] sim ERROR: MMM: 'close' still missing; columns=['Adj Close', 'Close', 'High', 'Low', 'Open', 'Volume']
[2025-07-20 02:40:10,372] sim INFO: [SIM] Scanning 503 symbols every minute…
[2025-07-20 02:40:10,407] sim INFO: [SIM] seed cash: $1000.00
[2025-07-20 02:40:10,933] sim ERROR: MMM: 'close' still missing; columns=['Adj Close', 'Close', 'High', 'Low', 'Open', 'Volume']
[2025-07-20 02:40:11,287] sim ERROR: MMM: 'close' still missing; columns=['Adj Close', 'Close', 'High', 'Low', 'Open', 'Volume']
[2025-07-20 02:47:25,592] sim INFO: [SIM] Scanning 503 symbols every minute…
[2025-07-20 02:47:25,655] sim INFO: [SIM] seed cash: $1000.00
[2025-07-20 02:47:26,114] sim ERROR: MMM: 'close' still missing; columns=['Adj Close', 'Close', 'High', 'Low', 'Open', 'Volume']
[2025-07-20 02:47:26,398] sim ERROR: MMM: 'close' still missing; columns=['Adj Close', 'Close', 'High', 'Low', 'Open', 'Volume']
[2025-07-20 02:47:26,718] sim ERROR: MMM: 'close' still missing; columns=['Adj Close', 'Close', 'High', 'Low', 'Open', 'Volume']
[2025-07-20 02:57:52,110] sim INFO: [SIM] Scanning 503 symbols every minute…
[2025-07-20 02:57:52,145] sim INFO: [SIM] seed cash: $1000.00
[2025-07-20 17:15:17,811] sim INFO: [SIM] Scanning 503 symbols every minute…
[2025-07-20 17:18:18,037] sim INFO: [SIM] Scanning 503 symbols every minute…
[2025-07-20 17:24:19,114] sim INFO: [SIM] Scanning 503 symbols every minute…
[2025-07-20 17:31:57,946] sim INFO: [SIM] Scanning 503 symbols every minute…
[2025-07-20 17:31:57,983] sim INFO: [SIM] seed cash: $1000.00
[2025-07-20 17:52:06,221] sim INFO: [SIM] Scanning 503 symbols every minute…
[2025-07-20 18:03:47,846] sim INFO: [SIM] Scanning 503 symbols every minute…
[2025-07-20 18:03:47,901] sim INFO: [SIM] seed cash: $1000.00
[2025-07-20 18:03:52,538] sim INFO: [SIM] Scanning 503 symbols every minute…
[2025-07-20 18:03:52,576] sim INFO: [SIM] seed cash: $1000.00
[2025-07-20 19:38:33,210] sim INFO: [SIM] Scanning 503 symbols every minute…
[2025-07-20 19:41:32,486] sim INFO: [SIM] Scanning 503 symbols every minute…
[2025-07-20 19:46:26,723] sim INFO: [SIM] Scanning 503 symbols every minute…
[2025-07-20 19:46:26,777] sim INFO: [SIM] seed cash: $1000.00
[2025-07-20 19:47:56,165] sim INFO: [SIM] Scanning 503 symbols every minute…
[2025-07-20 19:47:56,193] sim INFO: [SIM] seed cash: $1000.00
[2025-07-20 20:37:12,656] sim INFO: [SIM] Scanning 503 symbols every minute…
[2025-07-20 20:37:12,697] sim INFO: [SIM] seed cash: $1000.00
[2025-07-20 20:47:43,464] sim INFO: [SIM] Scanning 503 symbols every minute…
[2025-07-20 20:54:31,857] sim INFO: [SIM] Scanning 503 symbols every minute…
[2025-07-20 20:54:31,897] sim INFO: [SIM] seed cash: $1000.00
[2025-07-20 20:54:32,633] sim ERROR: MMM: E*TRADE quote failed ('float' object is not subscriptable), using history Close
[2025-07-20 21:02:54,630] sim INFO: [SIM] Scanning 503 symbols every minute…
[2025-07-20 21:02:54,660] sim INFO: [SIM] seed cash: $1000.00
[2025-07-20 21:02:55,402] sim ERROR: MMM: E*TRADE quote failed ('float' object is not subscriptable), using history Close
[2025-07-20 21:04:50,963] sim INFO: [SIM] Scanning 503 symbols every minute…
[2025-07-20 21:04:50,993] sim INFO: [SIM] seed cash: $1000.00
[2025-07-20 21:04:51,647] sim ERROR: MMM: E*TRADE quote failed ('float' object is not subscriptable), using history Close
[2025-07-20 21:08:28,621] sim INFO: [SIM] Scanning 503 symbols every minute…
[2025-07-20 21:08:28,661] sim INFO: [SIM] seed cash: $1000.00
[2025-07-20 21:08:28,663] sim INFO: Starting scan loop iteration
[2025-07-20 21:08:29,556] sim ERROR: MMM: E*TRADE quote failed ('float' object is not subscriptable), using history Close
[2025-07-20 21:32:59,722] sim INFO: [SIM] seed cash: $1000.00
[2025-07-20 21:32:59,724] sim INFO: Starting scan loop iteration
[2025-07-20 21:33:00,635] sim ERROR: MMM: failed to fetch E*TRADE quote ('float' object is not subscriptable), using history Close
[2025-07-20 21:41:48,766] sim INFO: [SIM] seed cash: $1000.00
[2025-07-20 21:41:48,768] sim INFO: Starting scan loop iteration
[2025-07-20 21:41:49,545] sim ERROR: MMM: failed to fetch E*TRADE quote ('float' object is not subscriptable), using history Close
[2025-07-20 21:46:04,474] sim INFO: [SIM] seed cash: $1000.00
[2025-07-20 21:46:04,477] sim INFO: Starting scan loop iteration
[2025-07-20 21:46:25,860] sim INFO: Simulation interrupted, stopping...
[2025-07-20 21:58:14,245] sim INFO: [SIM] seed cash: $1000.00
[2025-07-20 21:58:14,247] sim INFO: Starting scan loop iteration
[2025-07-20 21:58:14,754] sim ERROR: MMM: missing expected columns; got ['adj close_mmm', 'close_mmm', 'high_mmm', 'low_mmm', 'open_mmm', 'volume_mmm']
[2025-07-20 21:58:14,992] sim ERROR: AOS: missing expected columns; got ['adj close_aos', 'close_aos', 'high_aos', 'low_aos', 'open_aos', 'volume_aos']
[2025-07-20 21:58:15,323] sim ERROR: ABT: missing expected columns; got ['adj close_abt', 'close_abt', 'high_abt', 'low_abt', 'open_abt', 'volume_abt']
[2025-07-20 21:58:15,603] sim ERROR: ABBV: missing expected columns; got ['adj close_abbv', 'close_abbv', 'high_abbv', 'low_abbv', 'open_abbv', 'volume_abbv']
[2025-07-20 21:58:15,977] sim ERROR: ACN: missing expected columns; got ['adj close_acn', 'close_acn', 'high_acn', 'low_acn', 'open_acn', 'volume_acn']
[2025-07-20 21:58:16,318] sim ERROR: ADBE: missing expected columns; got ['adj close_adbe', 'close_adbe', 'high_adbe', 'low_adbe', 'open_adbe', 'volume_adbe']
[2025-07-20 21:58:16,619] sim ERROR: AMD: missing expected columns; got ['adj close_amd', 'close_amd', 'high_amd', 'low_amd', 'open_amd', 'volume_amd']
[2025-07-20 21:58:16,898] sim ERROR: AES: missing expected columns; got ['adj close_aes', 'close_aes', 'high_aes', 'low_aes', 'open_aes', 'volume_aes']
[2025-07-20 21:58:17,172] sim ERROR: AFL: missing expected columns; got ['adj close_afl', 'close_afl', 'high_afl', 'low_afl', 'open_afl', 'volume_afl']
[2025-07-20 21:58:17,409] sim ERROR: A: missing expected columns; got ['adj close_a', 'close_a', 'high_a', 'low_a', 'open_a', 'volume_a']
[2025-07-20 21:58:17,729] sim ERROR: APD: missing expected columns; got ['adj close_apd', 'close_apd', 'high_apd', 'low_apd', 'open_apd', 'volume_apd']
[2025-07-20 21:58:18,025] sim ERROR: ABNB: missing expected columns; got ['adj close_abnb', 'close_abnb', 'high_abnb', 'low_abnb', 'open_abnb', 'volume_abnb']
[2025-07-20 21:58:18,666] sim ERROR: AKAM: missing expected columns; got ['adj close_akam', 'close_akam', 'high_akam', 'low_akam', 'open_akam', 'volume_akam']
[2025-07-20 21:58:18,988] sim ERROR: ALB: missing expected columns; got ['adj close_alb', 'close_alb', 'high_alb', 'low_alb', 'open_alb', 'volume_alb']
[2025-07-20 21:58:19,285] sim ERROR: ARE: missing expected columns; got ['adj close_are', 'close_are', 'high_are', 'low_are', 'open_are', 'volume_are']
[2025-07-20 21:58:19,579] sim ERROR: ALGN: missing expected columns; got ['adj close_algn', 'close_algn', 'high_algn', 'low_algn', 'open_algn', 'volume_algn']
[2025-07-20 21:58:19,928] sim ERROR: ALLE: missing expected columns; got ['adj close_alle', 'close_alle', 'high_alle', 'low_alle', 'open_alle', 'volume_alle']
[2025-07-20 21:58:20,276] sim ERROR: LNT: missing expected columns; got ['adj close_lnt', 'close_lnt', 'high_lnt', 'low_lnt', 'open_lnt', 'volume_lnt']
[2025-07-20 21:58:20,587] sim ERROR: ALL: missing expected columns; got ['adj close_all', 'close_all', 'high_all', 'low_all', 'open_all', 'volume_all']
[2025-07-20 21:58:20,977] sim ERROR: GOOGL: missing expected columns; got ['adj close_googl', 'close_googl', 'high_googl', 'low_googl', 'open_googl', 'volume_googl']
[2025-07-20 21:58:21,371] sim ERROR: GOOG: missing expected columns; got ['adj close_goog', 'close_goog', 'high_goog', 'low_goog', 'open_goog', 'volume_goog']
[2025-07-20 21:58:21,729] sim ERROR: MO: missing expected columns; got ['adj close_mo', 'close_mo', 'high_mo', 'low_mo', 'open_mo', 'volume_mo']
[2025-07-20 21:58:22,048] sim ERROR: AMZN: missing expected columns; got ['adj close_amzn', 'close_amzn', 'high_amzn', 'low_amzn', 'open_amzn', 'volume_amzn']
[2025-07-20 21:58:22,432] sim ERROR: AMCR: missing expected columns; got ['adj close_amcr', 'close_amcr', 'high_amcr', 'low_amcr', 'open_amcr', 'volume_amcr']
[2025-07-20 21:58:22,783] sim ERROR: AEE: missing expected columns; got ['adj close_aee', 'close_aee', 'high_aee', 'low_aee', 'open_aee', 'volume_aee']
[2025-07-20 21:58:23,115] sim ERROR: AEP: missing expected columns; got ['adj close_aep', 'close_aep', 'high_aep', 'low_aep', 'open_aep', 'volume_aep']
[2025-07-20 21:58:23,454] sim ERROR: AXP: missing expected columns; got ['adj close_axp', 'close_axp', 'high_axp', 'low_axp', 'open_axp', 'volume_axp']
[2025-07-20 21:58:23,889] sim ERROR: AIG: missing expected columns; got ['adj close_aig', 'close_aig', 'high_aig', 'low_aig', 'open_aig', 'volume_aig']
[2025-07-20 21:58:24,228] sim ERROR: AMT: missing expected columns; got ['adj close_amt', 'close_amt', 'high_amt', 'low_amt', 'open_amt', 'volume_amt']
[2025-07-20 21:58:24,586] sim ERROR: AWK: missing expected columns; got ['adj close_awk', 'close_awk', 'high_awk', 'low_awk', 'open_awk', 'volume_awk']
[2025-07-20 21:58:24,914] sim ERROR: AMP: missing expected columns; got ['adj close_amp', 'close_amp', 'high_amp', 'low_amp', 'open_amp', 'volume_amp']
[2025-07-20 21:58:25,264] sim ERROR: AME: missing expected columns; got ['adj close_ame', 'close_ame', 'high_ame', 'low_ame', 'open_ame', 'volume_ame']
[2025-07-20 21:58:25,589] sim ERROR: AMGN: missing expected columns; got ['adj close_amgn', 'close_amgn', 'high_amgn', 'low_amgn', 'open_amgn', 'volume_amgn']
[2025-07-20 21:58:25,879] sim ERROR: APH: missing expected columns; got ['adj close_aph', 'close_aph', 'high_aph', 'low_aph', 'open_aph', 'volume_aph']
[2025-07-20 21:58:26,190] sim ERROR: ADI: missing expected columns; got ['adj close_adi', 'close_adi', 'high_adi', 'low_adi', 'open_adi', 'volume_adi']
[2025-07-20 21:58:26,514] sim ERROR: ANSS: missing expected columns; got ['adj close_anss', 'close_anss', 'high_anss', 'low_anss', 'open_anss', 'volume_anss']
[2025-07-20 21:58:26,852] sim ERROR: AON: missing expected columns; got ['adj close_aon', 'close_aon', 'high_aon', 'low_aon', 'open_aon', 'volume_aon']
[2025-07-20 21:58:27,187] sim ERROR: APA: missing expected columns; got ['adj close_apa', 'close_apa', 'high_apa', 'low_apa', 'open_apa', 'volume_apa']
[2025-07-20 21:58:27,562] sim ERROR: APO: missing expected columns; got ['adj close_apo', 'close_apo', 'high_apo', 'low_apo', 'open_apo', 'volume_apo']
[2025-07-20 21:58:27,901] sim ERROR: AAPL: missing expected columns; got ['adj close_aapl', 'close_aapl', 'high_aapl', 'low_aapl', 'open_aapl', 'volume_aapl']
[2025-07-20 21:58:28,244] sim ERROR: AMAT: missing expected columns; got ['adj close_amat', 'close_amat', 'high_amat', 'low_amat', 'open_amat', 'volume_amat']
[2025-07-20 21:58:28,560] sim ERROR: APTV: missing expected columns; got ['adj close_aptv', 'close_aptv', 'high_aptv', 'low_aptv', 'open_aptv', 'volume_aptv']
[2025-07-20 21:58:28,873] sim ERROR: ACGL: missing expected columns; got ['adj close_acgl', 'close_acgl', 'high_acgl', 'low_acgl', 'open_acgl', 'volume_acgl']
[2025-07-20 21:58:29,221] sim ERROR: ADM: missing expected columns; got ['adj close_adm', 'close_adm', 'high_adm', 'low_adm', 'open_adm', 'volume_adm']
[2025-07-20 21:58:29,576] sim ERROR: ANET: missing expected columns; got ['adj close_anet', 'close_anet', 'high_anet', 'low_anet', 'open_anet', 'volume_anet']
[2025-07-20 21:58:29,914] sim ERROR: AJG: missing expected columns; got ['adj close_ajg', 'close_ajg', 'high_ajg', 'low_ajg', 'open_ajg', 'volume_ajg']
[2025-07-20 21:58:30,223] sim ERROR: AIZ: missing expected columns; got ['adj close_aiz', 'close_aiz', 'high_aiz', 'low_aiz', 'open_aiz', 'volume_aiz']
[2025-07-20 21:58:30,530] sim ERROR: T: missing expected columns; got ['adj close_t', 'close_t', 'high_t', 'low_t', 'open_t', 'volume_t']
[2025-07-20 21:58:30,843] sim ERROR: ATO: missing expected columns; got ['adj close_ato', 'close_ato', 'high_ato', 'low_ato', 'open_ato', 'volume_ato']
[2025-07-20 21:58:31,153] sim ERROR: ADSK: missing expected columns; got ['adj close_adsk', 'close_adsk', 'high_adsk', 'low_adsk', 'open_adsk', 'volume_adsk']
[2025-07-20 21:58:31,522] sim ERROR: ADP: missing expected columns; got ['adj close_adp', 'close_adp', 'high_adp', 'low_adp', 'open_adp', 'volume_adp']
[2025-07-20 21:58:31,832] sim ERROR: AZO: missing expected columns; got ['adj close_azo', 'close_azo', 'high_azo', 'low_azo', 'open_azo', 'volume_azo']
[2025-07-20 21:58:32,155] sim ERROR: AVB: missing expected columns; got ['adj close_avb', 'close_avb', 'high_avb', 'low_avb', 'open_avb', 'volume_avb']
[2025-07-20 21:58:32,473] sim ERROR: AVY: missing expected columns; got ['adj close_avy', 'close_avy', 'high_avy', 'low_avy', 'open_avy', 'volume_avy']
[2025-07-20 21:58:32,840] sim ERROR: AXON: missing expected columns; got ['adj close_axon', 'close_axon', 'high_axon', 'low_axon', 'open_axon', 'volume_axon']
[2025-07-20 21:58:33,120] sim ERROR: BKR: missing expected columns; got ['adj close_bkr', 'close_bkr', 'high_bkr', 'low_bkr', 'open_bkr', 'volume_bkr']
[2025-07-20 21:58:33,612] sim INFO: Simulation interrupted, stopping...
[2025-07-20 22:30:13,400] sim INFO: [SIM] seed cash: $1000.00
[2025-07-20 22:30:13,402] sim INFO: Starting scan loop iteration
[2025-07-20 22:30:14,513] sim ERROR: MMM: failed to fetch E*TRADE quote ('float' object is not subscriptable), using history Close
[2025-07-20 22:39:09,360] sim INFO: [SIM] seed cash: $1000.00
[2025-07-20 22:39:09,361] sim INFO: Starting scan loop iteration
[2025-07-20 22:47:26,710] sim INFO: [SIM] seed cash: $1000.00
[2025-07-20 22:47:26,711] sim INFO: Starting scan loop iteration
[2025-07-20 22:48:41,692] sim INFO: [SIM] seed cash: $1000.00
[2025-07-20 22:48:41,693] sim INFO: Starting scan loop iteration
[2025-07-20 22:48:42,481] sim INFO: [SIM] ALERT MMM (0/1) required
[2025-07-20 22:48:43,070] sim INFO: [SIM] ALERT AOS (0/1) required
[2025-07-20 22:48:43,706] sim INFO: [SIM] ALERT ABT (0/1) required
[2025-07-20 22:48:44,304] sim INFO: [SIM] ALERT ABBV (0/1) required
[2025-07-20 22:48:44,934] sim INFO: [SIM] ALERT ACN (0/1) required
[2025-07-20 22:48:45,580] sim INFO: [SIM] ALERT ADBE (0/1) required
[2025-07-20 22:48:46,201] sim INFO: [SIM] ALERT AMD (0/1) required
[2025-07-20 22:48:46,795] sim INFO: [SIM] ALERT AES (0/1) required
[2025-07-20 22:48:47,354] sim INFO: [SIM] ALERT AFL (0/1) required
[2025-07-20 22:48:47,916] sim INFO: [SIM] ALERT A (0/1) required
[2025-07-20 22:48:48,602] sim INFO: [SIM] ALERT APD (0/1) required
[2025-07-20 22:48:49,124] sim INFO: [SIM] ALERT ABNB (0/1) required
[2025-07-20 22:48:49,712] sim INFO: [SIM] ALERT AKAM (0/1) required
[2025-07-20 22:48:50,284] sim INFO: [SIM] ALERT ALB (0/1) required
[2025-07-20 22:48:50,900] sim INFO: [SIM] ALERT ARE (0/1) required
[2025-07-20 22:48:51,464] sim INFO: [SIM] ALERT ALGN (0/1) required
[2025-07-20 22:48:51,999] sim INFO: [SIM] ALERT ALLE (0/1) required
[2025-07-20 22:48:52,583] sim INFO: [SIM] ALERT LNT (0/1) required
[2025-07-20 22:48:53,178] sim INFO: [SIM] ALERT ALL (0/1) required
[2025-07-20 22:48:53,799] sim INFO: [SIM] ALERT GOOGL (0/1) required
[2025-07-20 22:48:54,394] sim INFO: [SIM] ALERT GOOG (0/1) required
[2025-07-20 22:48:54,979] sim INFO: [SIM] ALERT MO (0/1) required
[2025-07-20 22:48:55,616] sim INFO: [SIM] ALERT AMZN (0/1) required
[2025-07-20 22:48:56,198] sim INFO: [SIM] ALERT AMCR (0/1) required
[2025-07-20 22:48:56,727] sim INFO: [SIM] ALERT AEE (0/1) required
[2025-07-20 22:48:57,254] sim INFO: [SIM] ALERT AEP (0/1) required
[2025-07-20 22:48:57,805] sim INFO: [SIM] ALERT AXP (0/1) required
[2025-07-20 22:48:58,394] sim INFO: [SIM] ALERT AIG (0/1) required
[2025-07-20 22:48:58,970] sim INFO: [SIM] ALERT AMT (0/1) required
[2025-07-20 22:48:59,492] sim INFO: [SIM] ALERT AWK (0/1) required
[2025-07-20 22:49:00,035] sim INFO: [SIM] ALERT AMP (0/1) required
[2025-07-20 22:49:00,584] sim INFO: [SIM] ALERT AME (0/1) required
[2025-07-20 22:49:01,101] sim INFO: [SIM] ALERT AMGN (0/1) required
[2025-07-20 22:49:01,648] sim INFO: [SIM] ALERT APH (0/1) required
[2025-07-20 22:49:02,204] sim INFO: [SIM] ALERT ADI (0/1) required
[2025-07-20 22:49:02,783] sim INFO: [SIM] ALERT ANSS (0/1) required
[2025-07-20 22:49:03,321] sim INFO: [SIM] ALERT AON (0/1) required
[2025-07-20 22:49:03,912] sim INFO: [SIM] ALERT APA (0/1) required
[2025-07-20 22:49:04,486] sim INFO: [SIM] ALERT APO (0/1) required
[2025-07-20 22:49:05,121] sim INFO: [SIM] ALERT AAPL (0/1) required
[2025-07-20 22:49:05,644] sim INFO: [SIM] ALERT AMAT (0/1) required
[2025-07-20 22:49:06,190] sim INFO: [SIM] ALERT APTV (0/1) required
[2025-07-20 22:49:06,740] sim INFO: [SIM] ALERT ACGL (0/1) required
[2025-07-20 22:49:07,299] sim INFO: [SIM] ALERT ADM (0/1) required
[2025-07-20 22:49:07,831] sim INFO: [SIM] ALERT ANET (0/1) required
[2025-07-20 22:49:08,401] sim INFO: [SIM] ALERT AJG (0/1) required
[2025-07-20 22:49:08,939] sim INFO: [SIM] ALERT AIZ (0/1) required
[2025-07-20 22:49:09,476] sim INFO: [SIM] ALERT T (0/1) required
[2025-07-20 22:49:10,051] sim INFO: [SIM] ALERT ATO (0/1) required
[2025-07-20 22:49:10,576] sim INFO: [SIM] ALERT ADSK (0/1) required
[2025-07-20 22:49:11,150] sim INFO: [SIM] ALERT ADP (0/1) required
[2025-07-20 22:49:11,754] sim INFO: [SIM] ALERT AZO (0/1) required
[2025-07-20 22:49:12,288] sim INFO: [SIM] ALERT AVB (0/1) required
[2025-07-20 22:49:12,811] sim INFO: [SIM] ALERT AVY (0/1) required
[2025-07-20 22:49:13,301] sim INFO: [SIM] ALERT AXON (0/1) required
[2025-07-20 22:49:13,920] sim INFO: [SIM] ALERT BKR (0/1) required
[2025-07-20 22:49:14,475] sim INFO: [SIM] ALERT BALL (0/1) required
[2025-07-20 22:49:15,122] sim INFO: [SIM] ALERT BAC (0/1) required
[2025-07-20 22:49:15,649] sim INFO: [SIM] ALERT BAX (0/1) required
[2025-07-20 22:49:16,198] sim INFO: [SIM] ALERT BDX (0/1) required
[2025-07-20 22:49:16,772] sim INFO: [SIM] ALERT BRK-B (0/1) required
[2025-07-20 22:49:17,323] sim INFO: [SIM] ALERT BBY (0/1) required
[2025-07-20 22:49:17,836] sim INFO: [SIM] ALERT TECH (0/1) required
[2025-07-20 22:49:18,354] sim INFO: [SIM] ALERT BIIB (0/1) required
[2025-07-20 22:49:18,928] sim INFO: [SIM] ALERT BLK (0/1) required
[2025-07-20 22:49:19,485] sim INFO: [SIM] ALERT BX (0/1) required
[2025-07-20 22:49:20,068] sim INFO: [SIM] ALERT BK (0/1) required
[2025-07-20 22:49:20,604] sim INFO: [SIM] ALERT BA (0/1) required
[2025-07-20 22:49:21,180] sim INFO: [SIM] ALERT BKNG (0/1) required
[2025-07-20 22:49:21,717] sim INFO: [SIM] ALERT BSX (0/1) required
[2025-07-20 22:49:22,274] sim INFO: [SIM] ALERT BMY (0/1) required
[2025-07-20 22:49:22,839] sim INFO: [SIM] ALERT AVGO (0/1) required
[2025-07-20 22:49:23,429] sim INFO: [SIM] ALERT BR (0/1) required
[2025-07-20 22:49:24,006] sim INFO: [SIM] ALERT BRO (0/1) required
[2025-07-20 22:49:24,586] sim INFO: [SIM] ALERT BF-B (0/1) required
[2025-07-20 22:49:25,135] sim INFO: [SIM] ALERT BLDR (0/1) required
[2025-07-20 22:49:25,689] sim INFO: [SIM] ALERT BG (0/1) required
[2025-07-20 22:49:26,229] sim INFO: [SIM] ALERT BXP (0/1) required
[2025-07-20 22:49:26,766] sim INFO: [SIM] ALERT CHRW (0/1) required
[2025-07-20 22:49:27,280] sim INFO: [SIM] ALERT CDNS (0/1) required
[2025-07-20 22:49:27,785] sim INFO: [SIM] ALERT CZR (0/1) required
[2025-07-20 22:49:28,340] sim INFO: [SIM] ALERT CPT (0/1) required
[2025-07-20 22:49:28,892] sim INFO: [SIM] ALERT CPB (0/1) required
[2025-07-20 22:49:29,424] sim INFO: [SIM] ALERT COF (0/1) required
[2025-07-20 22:49:29,986] sim INFO: [SIM] ALERT CAH (0/1) required
[2025-07-20 22:49:30,501] sim INFO: [SIM] ALERT KMX (0/1) required
[2025-07-20 22:49:31,067] sim INFO: [SIM] ALERT CCL (0/1) required
[2025-07-20 22:49:31,586] sim INFO: [SIM] ALERT CARR (0/1) required
[2025-07-20 22:49:32,138] sim INFO: [SIM] ALERT CAT (0/1) required
[2025-07-20 22:49:32,658] sim INFO: [SIM] ALERT CBOE (0/1) required
[2025-07-20 22:49:33,245] sim INFO: [SIM] ALERT CBRE (0/1) required
[2025-07-20 22:49:33,785] sim INFO: [SIM] ALERT CDW (0/1) required
[2025-07-20 22:49:34,329] sim INFO: [SIM] ALERT COR (0/1) required
[2025-07-20 22:49:34,919] sim INFO: [SIM] ALERT CNC (0/1) required
[2025-07-20 22:49:35,419] sim INFO: [SIM] ALERT CNP (0/1) required
[2025-07-20 22:49:35,963] sim INFO: [SIM] ALERT CF (0/1) required
[2025-07-20 22:49:36,501] sim INFO: [SIM] ALERT CRL (0/1) required
[2025-07-20 22:49:37,039] sim INFO: [SIM] ALERT SCHW (0/1) required
[2025-07-20 22:49:37,569] sim INFO: [SIM] ALERT CHTR (0/1) required
[2025-07-20 22:49:38,135] sim INFO: [SIM] ALERT CVX (0/1) required
[2025-07-20 22:49:38,649] sim INFO: [SIM] ALERT CMG (0/1) required
[2025-07-20 22:49:39,179] sim INFO: [SIM] ALERT CB (0/1) required
[2025-07-20 22:49:39,706] sim INFO: [SIM] ALERT CHD (0/1) required
[2025-07-20 22:49:40,260] sim INFO: [SIM] ALERT CI (0/1) required
[2025-07-20 22:49:40,802] sim INFO: [SIM] ALERT CINF (0/1) required
[2025-07-20 22:49:41,327] sim INFO: [SIM] ALERT CTAS (0/1) required
[2025-07-20 22:49:41,885] sim INFO: [SIM] ALERT CSCO (0/1) required
[2025-07-20 22:49:42,430] sim INFO: [SIM] ALERT C (0/1) required
[2025-07-20 22:49:43,113] sim INFO: [SIM] ALERT CFG (0/1) required
[2025-07-20 22:49:43,663] sim INFO: [SIM] ALERT CLX (0/1) required
[2025-07-20 22:49:44,235] sim INFO: [SIM] ALERT CME (0/1) required
[2025-07-20 22:49:44,796] sim INFO: [SIM] ALERT CMS (0/1) required
[2025-07-20 22:49:45,342] sim INFO: [SIM] ALERT KO (0/1) required
[2025-07-20 22:49:45,884] sim INFO: [SIM] ALERT CTSH (0/1) required
[2025-07-20 22:49:46,459] sim INFO: [SIM] ALERT COIN (0/1) required
[2025-07-20 22:49:47,020] sim INFO: [SIM] ALERT CL (0/1) required
[2025-07-20 22:49:47,590] sim INFO: [SIM] ALERT CMCSA (0/1) required
[2025-07-20 22:49:48,138] sim INFO: [SIM] ALERT CAG (0/1) required
[2025-07-20 22:49:48,760] sim INFO: [SIM] ALERT COP (0/1) required
[2025-07-20 22:49:49,310] sim INFO: [SIM] ALERT ED (0/1) required
[2025-07-20 22:49:49,871] sim INFO: [SIM] ALERT STZ (0/1) required
[2025-07-20 22:49:50,434] sim INFO: [SIM] ALERT CEG (0/1) required
[2025-07-20 22:49:50,974] sim INFO: [SIM] ALERT COO (0/1) required
[2025-07-20 22:49:51,513] sim INFO: [SIM] ALERT CPRT (0/1) required
[2025-07-20 22:49:52,077] sim INFO: [SIM] ALERT GLW (0/1) required
[2025-07-20 22:49:52,715] sim INFO: [SIM] ALERT CPAY (0/1) required
[2025-07-20 22:49:53,293] sim INFO: [SIM] ALERT CTVA (0/1) required
[2025-07-20 22:49:53,823] sim INFO: [SIM] ALERT CSGP (0/1) required
[2025-07-20 22:49:54,399] sim INFO: [SIM] ALERT COST (0/1) required
[2025-07-20 22:49:54,947] sim INFO: [SIM] ALERT CTRA (0/1) required
[2025-07-20 22:49:55,485] sim INFO: [SIM] ALERT CRWD (0/1) required
[2025-07-20 22:49:56,082] sim INFO: [SIM] ALERT CCI (0/1) required
[2025-07-20 22:49:56,660] sim INFO: [SIM] ALERT CSX (0/1) required
[2025-07-20 22:49:57,202] sim INFO: [SIM] ALERT CMI (0/1) required
[2025-07-20 22:49:57,801] sim INFO: [SIM] ALERT CVS (0/1) required
[2025-07-20 22:49:58,339] sim INFO: [SIM] ALERT DHR (0/1) required
[2025-07-20 22:49:58,920] sim INFO: [SIM] ALERT DRI (0/1) required
[2025-07-20 22:49:59,445] sim INFO: [SIM] ALERT DVA (0/1) required
[2025-07-20 22:50:00,043] sim INFO: [SIM] ALERT DAY (0/1) required
[2025-07-20 22:50:00,594] sim INFO: [SIM] ALERT DECK (0/1) required
[2025-07-20 22:50:01,137] sim INFO: [SIM] ALERT DE (0/1) required
[2025-07-20 22:50:01,679] sim INFO: [SIM] ALERT DELL (0/1) required
[2025-07-20 22:50:02,217] sim INFO: [SIM] ALERT DAL (0/1) required
[2025-07-20 22:50:02,786] sim INFO: [SIM] ALERT DVN (0/1) required
[2025-07-20 22:50:03,335] sim INFO: [SIM] ALERT DXCM (0/1) required
[2025-07-20 22:50:03,998] sim INFO: [SIM] ALERT FANG (0/1) required
[2025-07-20 22:50:04,577] sim INFO: [SIM] ALERT DLR (0/1) required
[2025-07-20 22:50:05,100] sim INFO: [SIM] ALERT DG (0/1) required
[2025-07-20 22:50:05,643] sim INFO: [SIM] ALERT DLTR (0/1) required
[2025-07-20 22:50:06,173] sim INFO: [SIM] ALERT D (0/1) required
[2025-07-20 22:50:06,740] sim INFO: [SIM] ALERT DPZ (0/1) required
[2025-07-20 22:50:07,309] sim INFO: [SIM] ALERT DASH (0/1) required
[2025-07-20 22:50:07,856] sim INFO: [SIM] ALERT DOV (0/1) required
[2025-07-20 22:50:08,508] sim INFO: [SIM] ALERT DOW (0/1) required
[2025-07-20 22:50:09,064] sim INFO: [SIM] ALERT DHI (0/1) required
[2025-07-20 22:50:09,616] sim INFO: [SIM] ALERT DTE (0/1) required
[2025-07-20 22:50:10,191] sim INFO: [SIM] ALERT DUK (0/1) required
[2025-07-20 22:50:10,767] sim INFO: [SIM] ALERT DD (0/1) required
[2025-07-20 22:50:11,328] sim INFO: [SIM] ALERT EMN (0/1) required
[2025-07-20 22:50:11,875] sim INFO: [SIM] ALERT ETN (0/1) required
[2025-07-20 22:50:12,428] sim INFO: [SIM] ALERT EBAY (0/1) required
[2025-07-20 22:50:12,965] sim INFO: [SIM] ALERT ECL (0/1) required
[2025-07-20 22:50:13,548] sim INFO: [SIM] ALERT EIX (0/1) required
[2025-07-20 22:50:14,073] sim INFO: [SIM] ALERT EW (0/1) required
[2025-07-20 22:50:14,630] sim INFO: [SIM] ALERT EA (0/1) required
[2025-07-20 22:50:15,187] sim INFO: [SIM] ALERT ELV (0/1) required
[2025-07-20 22:50:15,717] sim INFO: [SIM] ALERT EMR (0/1) required
[2025-07-20 22:50:16,272] sim INFO: [SIM] ALERT ENPH (0/1) required
[2025-07-20 22:50:16,864] sim INFO: [SIM] ALERT ETR (0/1) required
[2025-07-20 22:50:17,430] sim INFO: [SIM] ALERT EOG (0/1) required
[2025-07-20 22:50:17,974] sim INFO: [SIM] ALERT EPAM (0/1) required
[2025-07-20 22:50:18,639] sim INFO: [SIM] ALERT EQT (0/1) required
[2025-07-20 22:50:19,248] sim INFO: [SIM] ALERT EFX (0/1) required
[2025-07-20 22:50:19,815] sim INFO: [SIM] ALERT EQIX (0/1) required
[2025-07-20 22:50:20,408] sim INFO: [SIM] ALERT EQR (0/1) required
[2025-07-20 22:50:20,940] sim INFO: [SIM] ALERT ERIE (0/1) required
[2025-07-20 22:50:21,512] sim INFO: [SIM] ALERT ESS (0/1) required
[2025-07-20 22:50:22,102] sim INFO: [SIM] ALERT EL (0/1) required
[2025-07-20 22:50:22,649] sim INFO: [SIM] ALERT EG (0/1) required
[2025-07-20 22:50:23,293] sim INFO: [SIM] ALERT EVRG (0/1) required
[2025-07-20 22:50:23,857] sim INFO: [SIM] ALERT ES (0/1) required
[2025-07-20 22:50:24,456] sim INFO: [SIM] ALERT EXC (0/1) required
[2025-07-20 22:50:25,028] sim INFO: [SIM] ALERT EXE (0/1) required
[2025-07-20 22:50:25,581] sim INFO: [SIM] ALERT EXPE (0/1) required
[2025-07-20 22:50:26,160] sim INFO: [SIM] ALERT EXPD (0/1) required
[2025-07-20 22:50:26,721] sim INFO: [SIM] ALERT EXR (0/1) required
[2025-07-20 22:50:27,276] sim INFO: [SIM] ALERT XOM (0/1) required
[2025-07-20 22:50:27,812] sim INFO: [SIM] ALERT FFIV (0/1) required
[2025-07-20 22:50:28,354] sim INFO: [SIM] ALERT FDS (0/1) required
[2025-07-20 22:50:28,930] sim INFO: [SIM] ALERT FICO (0/1) required
[2025-07-20 22:50:29,495] sim INFO: [SIM] ALERT FAST (0/1) required
[2025-07-20 22:50:30,053] sim INFO: [SIM] ALERT FRT (0/1) required
[2025-07-20 22:50:30,607] sim INFO: [SIM] ALERT FDX (0/1) required
[2025-07-20 22:50:31,180] sim INFO: [SIM] ALERT FIS (0/1) required
[2025-07-20 22:50:31,723] sim INFO: [SIM] ALERT FITB (0/1) required
[2025-07-20 22:50:32,258] sim INFO: [SIM] ALERT FSLR (0/1) required
[2025-07-20 22:50:32,820] sim INFO: [SIM] ALERT FE (0/1) required
[2025-07-20 22:50:33,384] sim INFO: [SIM] ALERT FI (0/1) required
[2025-07-20 22:50:33,931] sim INFO: [SIM] ALERT F (0/1) required
[2025-07-20 22:50:34,481] sim INFO: [SIM] ALERT FTNT (0/1) required
[2025-07-20 22:50:35,164] sim INFO: [SIM] ALERT FTV (0/1) required
[2025-07-20 22:50:35,707] sim INFO: [SIM] ALERT FOXA (0/1) required
[2025-07-20 22:50:36,248] sim INFO: [SIM] ALERT FOX (0/1) required
[2025-07-20 22:50:36,780] sim INFO: [SIM] ALERT BEN (0/1) required
[2025-07-20 22:50:37,357] sim INFO: [SIM] ALERT FCX (0/1) required
[2025-07-20 22:50:37,897] sim INFO: [SIM] ALERT GRMN (0/1) required
[2025-07-20 22:50:38,439] sim INFO: [SIM] ALERT IT (0/1) required
[2025-07-20 22:50:38,984] sim INFO: [SIM] ALERT GE (0/1) required
[2025-07-20 22:50:39,534] sim INFO: [SIM] ALERT GEHC (0/1) required
[2025-07-20 22:50:40,118] sim INFO: [SIM] ALERT GEV (0/1) required
[2025-07-20 22:50:40,683] sim INFO: [SIM] ALERT GEN (0/1) required
[2025-07-20 22:50:41,242] sim INFO: [SIM] ALERT GNRC (0/1) required
[2025-07-20 22:50:41,790] sim INFO: [SIM] ALERT GD (0/1) required
[2025-07-20 22:50:42,416] sim INFO: [SIM] ALERT GIS (0/1) required
[2025-07-20 22:50:42,933] sim INFO: [SIM] ALERT GM (0/1) required
[2025-07-20 22:50:43,519] sim INFO: [SIM] ALERT GPC (0/1) required
[2025-07-20 22:50:44,083] sim INFO: [SIM] ALERT GILD (0/1) required
[2025-07-20 22:50:44,670] sim INFO: [SIM] ALERT GPN (0/1) required
[2025-07-20 22:50:45,214] sim INFO: [SIM] ALERT GL (0/1) required
[2025-07-20 22:50:45,853] sim INFO: [SIM] ALERT GDDY (0/1) required
[2025-07-20 22:50:46,384] sim INFO: [SIM] ALERT GS (0/1) required
[2025-07-20 22:50:46,929] sim INFO: [SIM] ALERT HAL (0/1) required
[2025-07-20 22:50:47,539] sim INFO: [SIM] ALERT HIG (0/1) required
[2025-07-20 22:50:48,072] sim INFO: [SIM] ALERT HAS (0/1) required
[2025-07-20 22:50:48,651] sim INFO: [SIM] ALERT HCA (0/1) required
[2025-07-20 22:50:49,239] sim INFO: [SIM] ALERT DOC (0/1) required
[2025-07-20 22:50:49,781] sim INFO: [SIM] ALERT HSIC (0/1) required
[2025-07-20 22:50:50,313] sim INFO: [SIM] ALERT HSY (0/1) required
[2025-07-20 22:50:50,872] sim INFO: [SIM] ALERT HES (0/1) required
[2025-07-20 22:50:51,429] sim INFO: [SIM] ALERT HPE (0/1) required
[2025-07-20 22:50:51,967] sim INFO: [SIM] ALERT HLT (0/1) required
[2025-07-20 22:50:52,502] sim INFO: [SIM] ALERT HOLX (0/1) required
[2025-07-20 22:50:53,091] sim INFO: [SIM] ALERT HD (0/1) required
[2025-07-20 22:50:53,649] sim INFO: [SIM] ALERT HON (0/1) required
[2025-07-20 22:50:54,246] sim INFO: [SIM] ALERT HRL (0/1) required
[2025-07-20 22:50:54,787] sim INFO: [SIM] ALERT HST (0/1) required
[2025-07-20 22:50:55,327] sim INFO: [SIM] ALERT HWM (0/1) required
[2025-07-20 22:50:55,866] sim INFO: [SIM] ALERT HPQ (0/1) required
[2025-07-20 22:50:56,407] sim INFO: [SIM] ALERT HUBB (0/1) required
[2025-07-20 22:50:57,037] sim INFO: [SIM] ALERT HUM (0/1) required
[2025-07-20 22:50:57,630] sim INFO: [SIM] ALERT HBAN (0/1) required
[2025-07-20 22:50:58,199] sim INFO: [SIM] ALERT HII (0/1) required
[2025-07-20 22:50:58,751] sim INFO: [SIM] ALERT IBM (0/1) required
[2025-07-20 22:50:59,300] sim INFO: [SIM] ALERT IEX (0/1) required
[2025-07-20 22:50:59,841] sim INFO: [SIM] ALERT IDXX (0/1) required
[2025-07-20 22:51:00,384] sim INFO: [SIM] ALERT ITW (0/1) required
[2025-07-20 22:51:00,977] sim INFO: [SIM] ALERT INCY (0/1) required
[2025-07-20 22:51:01,576] sim INFO: [SIM] ALERT IR (0/1) required
[2025-07-20 22:51:02,149] sim INFO: [SIM] ALERT PODD (0/1) required
[2025-07-20 22:51:02,676] sim INFO: [SIM] ALERT INTC (0/1) required
[2025-07-20 22:51:03,248] sim INFO: [SIM] ALERT ICE (0/1) required
[2025-07-20 22:51:03,853] sim INFO: [SIM] ALERT IFF (0/1) required
[2025-07-20 22:51:04,469] sim INFO: [SIM] ALERT IP (0/1) required
[2025-07-20 22:51:05,033] sim INFO: [SIM] ALERT IPG (0/1) required
[2025-07-20 22:51:05,634] sim INFO: [SIM] ALERT INTU (0/1) required
[2025-07-20 22:51:06,180] sim INFO: [SIM] ALERT ISRG (0/1) required
[2025-07-20 22:51:06,744] sim INFO: [SIM] ALERT IVZ (0/1) required
[2025-07-20 22:51:07,344] sim INFO: [SIM] ALERT INVH (0/1) required
[2025-07-20 22:51:07,910] sim INFO: [SIM] ALERT IQV (0/1) required
[2025-07-20 22:51:08,483] sim INFO: [SIM] ALERT IRM (0/1) required
[2025-07-20 22:51:09,086] sim INFO: [SIM] ALERT JBHT (0/1) required
[2025-07-20 22:51:09,664] sim INFO: [SIM] ALERT JBL (0/1) required
[2025-07-20 22:51:10,203] sim INFO: [SIM] ALERT JKHY (0/1) required
[2025-07-20 22:51:10,796] sim INFO: [SIM] ALERT J (0/1) required
[2025-07-20 22:51:11,398] sim INFO: [SIM] ALERT JNJ (0/1) required
[2025-07-20 22:51:12,010] sim INFO: [SIM] ALERT JCI (0/1) required
[2025-07-20 22:51:12,608] sim INFO: [SIM] ALERT JPM (0/1) required
[2025-07-20 22:51:13,135] sim INFO: [SIM] ALERT JNPR (0/1) required
[2025-07-20 22:51:13,652] sim INFO: [SIM] ALERT K (0/1) required
[2025-07-20 22:51:14,228] sim INFO: [SIM] ALERT KVUE (0/1) required
[2025-07-20 22:51:14,810] sim INFO: [SIM] ALERT KDP (0/1) required
[2025-07-20 22:51:15,377] sim INFO: [SIM] ALERT KEY (0/1) required
[2025-07-20 22:51:15,925] sim INFO: [SIM] ALERT KEYS (0/1) required
[2025-07-20 22:51:16,474] sim INFO: [SIM] ALERT KMB (0/1) required
[2025-07-20 22:51:17,046] sim INFO: [SIM] ALERT KIM (0/1) required
[2025-07-20 22:51:17,626] sim INFO: [SIM] ALERT KMI (0/1) required
[2025-07-20 22:51:18,166] sim INFO: [SIM] ALERT KKR (0/1) required
[2025-07-20 22:51:18,741] sim INFO: [SIM] ALERT KLAC (0/1) required
[2025-07-20 22:51:19,307] sim INFO: [SIM] ALERT KHC (0/1) required
[2025-07-20 22:51:19,831] sim INFO: [SIM] ALERT KR (0/1) required
[2025-07-20 22:51:20,388] sim INFO: [SIM] ALERT LHX (0/1) required
[2025-07-20 22:51:20,992] sim INFO: [SIM] ALERT LH (0/1) required
[2025-07-20 22:51:21,571] sim INFO: [SIM] ALERT LRCX (0/1) required
[2025-07-20 22:51:22,147] sim INFO: [SIM] ALERT LW (0/1) required
[2025-07-20 22:51:22,710] sim INFO: [SIM] ALERT LVS (0/1) required
[2025-07-20 22:51:23,328] sim INFO: [SIM] ALERT LDOS (0/1) required
[2025-07-20 22:51:23,841] sim INFO: [SIM] ALERT LEN (0/1) required
[2025-07-20 22:51:24,492] sim INFO: [SIM] ALERT LII (0/1) required
[2025-07-20 22:51:25,072] sim INFO: [SIM] ALERT LLY (0/1) required
[2025-07-20 22:51:25,581] sim INFO: [SIM] ALERT LIN (0/1) required
[2025-07-20 22:51:26,147] sim INFO: [SIM] ALERT LYV (0/1) required
[2025-07-20 22:51:26,752] sim INFO: [SIM] ALERT LKQ (0/1) required
[2025-07-20 22:51:27,354] sim INFO: [SIM] ALERT LMT (0/1) required
[2025-07-20 22:51:27,886] sim INFO: [SIM] ALERT L (0/1) required
[2025-07-20 22:51:28,456] sim INFO: [SIM] ALERT LOW (0/1) required
[2025-07-20 22:51:29,029] sim INFO: [SIM] ALERT LULU (0/1) required
[2025-07-20 22:51:29,649] sim INFO: [SIM] ALERT LYB (0/1) required
[2025-07-20 22:51:30,223] sim INFO: [SIM] ALERT MTB (0/1) required
[2025-07-20 22:51:30,782] sim INFO: [SIM] ALERT MPC (0/1) required
[2025-07-20 22:51:31,361] sim INFO: [SIM] ALERT MKTX (0/1) required
[2025-07-20 22:51:32,093] sim INFO: [SIM] ALERT MAR (0/1) required
[2025-07-20 22:51:32,648] sim INFO: [SIM] ALERT MMC (0/1) required
[2025-07-20 22:51:33,223] sim INFO: [SIM] ALERT MLM (0/1) required
[2025-07-20 22:51:33,784] sim INFO: [SIM] ALERT MAS (0/1) required
[2025-07-20 22:51:34,321] sim INFO: [SIM] ALERT MA (0/1) required
[2025-07-20 22:51:34,947] sim INFO: [SIM] ALERT MTCH (0/1) required
[2025-07-20 22:51:35,531] sim INFO: [SIM] ALERT MKC (0/1) required
[2025-07-20 22:51:36,165] sim INFO: [SIM] ALERT MCD (0/1) required
[2025-07-20 22:51:36,733] sim INFO: [SIM] ALERT MCK (0/1) required
[2025-07-20 22:51:37,323] sim INFO: [SIM] ALERT MDT (0/1) required
[2025-07-20 22:51:37,926] sim INFO: [SIM] ALERT MRK (0/1) required
[2025-07-20 22:51:38,498] sim INFO: [SIM] ALERT META (0/1) required
[2025-07-20 22:51:39,087] sim INFO: [SIM] ALERT MET (0/1) required
[2025-07-20 22:51:39,673] sim INFO: [SIM] ALERT MTD (0/1) required
[2025-07-20 22:51:40,247] sim INFO: [SIM] ALERT MGM (0/1) required
[2025-07-20 22:51:40,771] sim INFO: [SIM] ALERT MCHP (0/1) required
[2025-07-20 22:51:41,353] sim INFO: [SIM] ALERT MU (0/1) required
[2025-07-20 22:51:41,951] sim INFO: [SIM] ALERT MSFT (0/1) required
[2025-07-20 22:51:42,508] sim INFO: [SIM] ALERT MAA (0/1) required
[2025-07-20 22:51:43,131] sim INFO: [SIM] ALERT MRNA (0/1) required
[2025-07-20 22:51:43,763] sim INFO: [SIM] ALERT MHK (0/1) required
[2025-07-20 22:51:44,341] sim INFO: [SIM] ALERT MOH (0/1) required
[2025-07-20 22:51:44,841] sim INFO: [SIM] ALERT TAP (0/1) required
[2025-07-20 22:51:45,327] sim INFO: [SIM] ALERT MDLZ (0/1) required
[2025-07-20 22:51:45,872] sim INFO: [SIM] ALERT MPWR (0/1) required
[2025-07-20 22:51:46,413] sim INFO: [SIM] ALERT MNST (0/1) required
[2025-07-20 22:51:46,955] sim INFO: [SIM] ALERT MCO (0/1) required
[2025-07-20 22:51:47,508] sim INFO: [SIM] ALERT MS (0/1) required
[2025-07-20 22:51:48,006] sim INFO: [SIM] ALERT MOS (0/1) required
[2025-07-20 22:51:48,522] sim INFO: [SIM] ALERT MSI (0/1) required
[2025-07-20 22:51:48,977] sim INFO: [SIM] ALERT MSCI (0/1) required
[2025-07-20 22:51:49,487] sim INFO: [SIM] ALERT NDAQ (0/1) required
[2025-07-20 22:51:49,982] sim INFO: [SIM] ALERT NTAP (0/1) required
[2025-07-20 22:51:50,481] sim INFO: [SIM] ALERT NFLX (0/1) required
[2025-07-20 22:51:50,923] sim INFO: [SIM] ALERT NEM (0/1) required
[2025-07-20 22:51:51,408] sim INFO: [SIM] ALERT NWSA (0/1) required
[2025-07-20 22:51:52,018] sim INFO: [SIM] ALERT NWS (0/1) required
[2025-07-20 22:51:52,517] sim INFO: [SIM] ALERT NEE (0/1) required
[2025-07-20 22:51:53,494] sim INFO: [SIM] ALERT NKE (0/1) required
[2025-07-20 22:51:54,040] sim INFO: [SIM] ALERT NI (0/1) required
[2025-07-20 22:51:54,553] sim INFO: [SIM] ALERT NDSN (0/1) required
[2025-07-20 22:51:55,072] sim INFO: [SIM] ALERT NSC (0/1) required
[2025-07-20 22:51:55,637] sim INFO: [SIM] ALERT NTRS (0/1) required
[2025-07-20 22:51:56,171] sim INFO: [SIM] ALERT NOC (0/1) required
[2025-07-20 22:51:56,734] sim INFO: [SIM] ALERT NCLH (0/1) required
[2025-07-20 22:51:57,329] sim INFO: [SIM] ALERT NRG (0/1) required
[2025-07-20 22:51:57,870] sim INFO: [SIM] ALERT NUE (0/1) required
[2025-07-20 22:51:58,504] sim INFO: [SIM] ALERT NVDA (0/1) required
[2025-07-20 22:51:59,005] sim INFO: [SIM] ALERT NVR (0/1) required
[2025-07-20 22:51:59,500] sim INFO: [SIM] ALERT NXPI (0/1) required
[2025-07-20 22:52:00,024] sim INFO: [SIM] ALERT ORLY (0/1) required
[2025-07-20 22:52:00,581] sim INFO: [SIM] ALERT OXY (0/1) required
[2025-07-20 22:52:01,212] sim INFO: [SIM] ALERT ODFL (0/1) required
[2025-07-20 22:52:01,703] sim INFO: [SIM] ALERT OMC (0/1) required
[2025-07-20 22:52:02,163] sim INFO: [SIM] ALERT ON (0/1) required
[2025-07-20 22:52:02,708] sim INFO: [SIM] ALERT OKE (0/1) required
[2025-07-20 22:52:03,205] sim INFO: [SIM] ALERT ORCL (0/1) required
[2025-07-20 22:52:03,710] sim INFO: [SIM] ALERT OTIS (0/1) required
[2025-07-20 22:52:04,226] sim INFO: [SIM] ALERT PCAR (0/1) required
[2025-07-20 22:52:04,791] sim INFO: [SIM] ALERT PKG (0/1) required
[2025-07-20 22:52:05,289] sim INFO: [SIM] ALERT PLTR (0/1) required
[2025-07-20 22:52:05,823] sim INFO: [SIM] ALERT PANW (0/1) required
[2025-07-20 22:52:06,392] sim INFO: [SIM] ALERT PARA (0/1) required
[2025-07-20 22:52:06,977] sim INFO: [SIM] ALERT PH (0/1) required
[2025-07-20 22:52:07,558] sim INFO: [SIM] ALERT PAYX (0/1) required
[2025-07-20 22:52:08,124] sim INFO: [SIM] ALERT PAYC (0/1) required
[2025-07-20 22:52:08,679] sim INFO: [SIM] ALERT PYPL (0/1) required
[2025-07-20 22:52:09,147] sim INFO: [SIM] ALERT PNR (0/1) required
[2025-07-20 22:52:09,659] sim INFO: [SIM] ALERT PEP (0/1) required
[2025-07-20 22:52:10,141] sim INFO: [SIM] ALERT PFE (0/1) required
[2025-07-20 22:52:10,441] sim INFO: Simulation interrupted, stopping...
[2025-07-20 22:52:30,771] sim INFO: [SIM] seed cash: $1000.00
[2025-07-20 22:52:30,774] sim INFO: Starting scan loop iteration
[2025-07-20 22:52:31,501] sim INFO: [SIM] ALERT MMM (0/1) required
[2025-07-20 22:52:32,046] sim INFO: [SIM] ALERT AOS (0/1) required
[2025-07-20 22:52:32,509] sim INFO: [SIM] ALERT ABT (0/10) -> []
[2025-07-20 22:52:32,509] sim INFO: [SIM] ALERT ABT (0/1) required
[2025-07-20 22:52:33,178] sim INFO: [SIM] ALERT ABBV (0/10) -> []
[2025-07-20 22:52:33,179] sim INFO: [SIM] ALERT ABBV (0/1) required
[2025-07-20 22:52:33,886] sim INFO: [SIM] ALERT ACN (0/1) required
[2025-07-20 22:52:34,551] sim INFO: [SIM] ALERT ADBE (1/10) -> ['Price > SMA50']
[2025-07-20 22:52:34,552] sim INFO: [SIM] ALERT ADBE (0/1) required
[2025-07-20 22:52:35,207] sim INFO: [SIM] ALERT AMD (0/10) -> []
[2025-07-20 22:52:35,208] sim INFO: [SIM] ALERT AMD (0/1) required
[2025-07-20 22:52:35,751] sim INFO: [SIM] ALERT AES (1/10) -> ['Price > SMA50']
[2025-07-20 22:52:35,752] sim INFO: [SIM] ALERT AES (0/1) required
[2025-07-20 22:52:36,284] sim INFO: [SIM] ALERT AFL (0/1) required
[2025-07-20 22:52:36,833] sim INFO: [SIM] ALERT A (0/1) required
[2025-07-20 22:52:37,538] sim INFO: [SIM] ALERT APD (0/1) required
[2025-07-20 22:52:38,077] sim INFO: [SIM] ALERT ABNB (0/10) -> []
[2025-07-20 22:52:38,077] sim INFO: [SIM] ALERT ABNB (0/1) required
[2025-07-20 22:52:38,664] sim INFO: [SIM] ALERT AKAM (0/1) required
[2025-07-20 22:52:39,243] sim INFO: [SIM] ALERT ALB (0/1) required
[2025-07-20 22:52:39,767] sim INFO: [SIM] ALERT ARE (0/1) required
[2025-07-20 22:52:40,281] sim INFO: [SIM] ALERT ALGN (0/1) required
[2025-07-20 22:52:40,823] sim INFO: [SIM] ALERT ALLE (0/1) required
[2025-07-20 22:52:41,491] sim INFO: [SIM] ALERT LNT (0/10) -> []
[2025-07-20 22:52:41,492] sim INFO: [SIM] ALERT LNT (0/1) required
[2025-07-20 22:52:42,104] sim INFO: [SIM] ALERT ALL (0/10) -> []
[2025-07-20 22:52:42,105] sim INFO: [SIM] ALERT ALL (0/1) required
[2025-07-20 22:52:42,679] sim INFO: [SIM] ALERT GOOGL (0/1) required
[2025-07-20 22:52:43,275] sim INFO: [SIM] ALERT GOOG (0/1) required
[2025-07-20 22:52:43,783] sim INFO: [SIM] ALERT MO (1/10) -> ['Price > SMA50']
[2025-07-20 22:52:43,784] sim INFO: [SIM] ALERT MO (0/1) required
[2025-07-20 22:52:44,369] sim INFO: [SIM] ALERT AMZN (0/1) required
[2025-07-20 22:52:44,914] sim INFO: [SIM] ALERT AMCR (0/1) required
[2025-07-20 22:52:45,415] sim INFO: [SIM] ALERT AEE (0/1) required
[2025-07-20 22:52:45,993] sim INFO: [SIM] ALERT AEP (0/10) -> []
[2025-07-20 22:52:45,993] sim INFO: [SIM] ALERT AEP (0/1) required
[2025-07-20 22:52:46,589] sim INFO: [SIM] ALERT AXP (1/10) -> ['Price > SMA50']
[2025-07-20 22:52:46,590] sim INFO: [SIM] ALERT AXP (0/1) required
[2025-07-20 22:52:47,224] sim INFO: [SIM] ALERT AIG (1/10) -> ['Price > SMA50']
[2025-07-20 22:52:47,225] sim INFO: [SIM] ALERT AIG (0/1) required
[2025-07-20 22:52:47,753] sim INFO: [SIM] ALERT AMT (0/1) required
[2025-07-20 22:52:48,401] sim INFO: [SIM] ALERT AWK (0/1) required
[2025-07-20 22:52:48,975] sim INFO: [SIM] ALERT AMP (0/1) required
[2025-07-20 22:52:49,561] sim INFO: [SIM] ALERT AME (0/1) required
[2025-07-20 22:52:50,137] sim INFO: [SIM] ALERT AMGN (0/1) required
[2025-07-20 22:52:50,664] sim INFO: [SIM] ALERT APH (0/1) required
[2025-07-20 22:52:51,195] sim INFO: [SIM] ALERT ADI (0/1) required
[2025-07-20 22:52:51,757] sim INFO: [SIM] ALERT ANSS (0/1) required
[2025-07-20 22:52:52,295] sim INFO: [SIM] ALERT AON (0/10) -> []
[2025-07-20 22:52:52,295] sim INFO: [SIM] ALERT AON (0/1) required
[2025-07-20 22:52:52,926] sim INFO: [SIM] ALERT APA (1/10) -> ['Price > SMA50']
[2025-07-20 22:52:52,927] sim INFO: [SIM] ALERT APA (0/1) required
[2025-07-20 22:52:53,462] sim INFO: [SIM] ALERT APO (0/1) required
[2025-07-20 22:52:54,012] sim INFO: [SIM] ALERT AAPL (0/1) required
[2025-07-20 22:52:54,551] sim INFO: [SIM] ALERT AMAT (0/1) required
[2025-07-20 22:52:55,129] sim INFO: [SIM] ALERT APTV (0/1) required
[2025-07-20 22:52:55,681] sim INFO: [SIM] ALERT ACGL (0/1) required
[2025-07-20 22:52:56,269] sim INFO: [SIM] ALERT ADM (0/1) required
[2025-07-20 22:52:56,942] sim INFO: [SIM] ALERT ANET (0/10) -> []
[2025-07-20 22:52:56,943] sim INFO: [SIM] ALERT ANET (0/1) required
[2025-07-20 22:52:57,439] sim INFO: [SIM] ALERT AJG (0/1) required
[2025-07-20 22:52:57,984] sim INFO: [SIM] ALERT AIZ (0/1) required
[2025-07-20 22:52:58,484] sim INFO: [SIM] ALERT T (0/1) required
[2025-07-20 22:52:59,092] sim INFO: [SIM] ALERT ATO (0/1) required
[2025-07-20 22:52:59,617] sim INFO: [SIM] ALERT ADSK (0/1) required
[2025-07-20 22:53:00,171] sim INFO: [SIM] ALERT ADP (0/1) required
[2025-07-20 22:53:00,728] sim INFO: [SIM] ALERT AZO (0/1) required
[2025-07-20 22:53:01,271] sim INFO: [SIM] ALERT AVB (0/10) -> []
[2025-07-20 22:53:01,272] sim INFO: [SIM] ALERT AVB (0/1) required
[2025-07-20 22:53:01,775] sim INFO: [SIM] ALERT AVY (0/1) required
[2025-07-20 22:53:02,397] sim INFO: [SIM] ALERT AXON (0/1) required
[2025-07-20 22:53:02,983] sim INFO: [SIM] ALERT BKR (0/1) required
[2025-07-20 22:53:03,511] sim INFO: [SIM] ALERT BALL (0/10) -> []
[2025-07-20 22:53:03,512] sim INFO: [SIM] ALERT BALL (0/1) required
[2025-07-20 22:53:04,115] sim INFO: [SIM] ALERT BAC (1/10) -> ['Price > SMA50']
[2025-07-20 22:53:04,115] sim INFO: [SIM] ALERT BAC (0/1) required
[2025-07-20 22:53:04,680] sim INFO: [SIM] ALERT BAX (0/10) -> []
[2025-07-20 22:53:04,680] sim INFO: [SIM] ALERT BAX (0/1) required
[2025-07-20 22:53:05,238] sim INFO: [SIM] ALERT BDX (0/1) required
[2025-07-20 22:53:05,764] sim INFO: [SIM] ALERT BRK-B (0/1) required
[2025-07-20 22:53:06,371] sim INFO: [SIM] ALERT BBY (1/10) -> ['Price > SMA50']
[2025-07-20 22:53:06,371] sim INFO: [SIM] ALERT BBY (0/1) required
[2025-07-20 22:53:06,858] sim INFO: [SIM] ALERT TECH (0/10) -> []
[2025-07-20 22:53:06,858] sim INFO: [SIM] ALERT TECH (0/1) required
[2025-07-20 22:53:07,390] sim INFO: [SIM] ALERT BIIB (0/1) required
[2025-07-20 22:53:07,953] sim INFO: [SIM] ALERT BLK (0/1) required
[2025-07-20 22:53:08,560] sim INFO: [SIM] ALERT BX (0/1) required
[2025-07-20 22:53:09,148] sim INFO: [SIM] ALERT BK (0/1) required
[2025-07-20 22:53:09,754] sim INFO: [SIM] ALERT BA (1/10) -> ['Price > SMA50']
[2025-07-20 22:53:09,755] sim INFO: [SIM] ALERT BA (0/1) required
[2025-07-20 22:53:10,318] sim INFO: [SIM] ALERT BKNG (0/1) required
[2025-07-20 22:53:10,853] sim INFO: [SIM] ALERT BSX (0/1) required
[2025-07-20 22:53:11,399] sim INFO: [SIM] ALERT BMY (0/1) required
[2025-07-20 22:53:11,997] sim INFO: [SIM] ALERT AVGO (0/1) required
[2025-07-20 22:53:12,555] sim INFO: [SIM] ALERT BR (0/1) required
[2025-07-20 22:53:13,032] sim INFO: [SIM] ALERT BRO (0/1) required
[2025-07-20 22:53:13,533] sim INFO: [SIM] ALERT BF-B (0/1) required
[2025-07-20 22:53:14,094] sim INFO: [SIM] ALERT BLDR (0/1) required
[2025-07-20 22:53:14,690] sim INFO: [SIM] ALERT BG (1/10) -> ['Price > SMA50']
[2025-07-20 22:53:14,690] sim INFO: [SIM] ALERT BG (0/1) required
[2025-07-20 22:53:15,330] sim INFO: [SIM] ALERT BXP (0/10) -> []
[2025-07-20 22:53:15,331] sim INFO: [SIM] ALERT BXP (0/1) required
[2025-07-20 22:53:15,902] sim INFO: [SIM] ALERT CHRW (0/1) required
[2025-07-20 22:53:16,459] sim INFO: [SIM] ALERT CDNS (0/10) -> []
[2025-07-20 22:53:16,459] sim INFO: [SIM] ALERT CDNS (0/1) required
[2025-07-20 22:53:17,004] sim INFO: [SIM] ALERT CZR (0/10) -> []
[2025-07-20 22:53:17,005] sim INFO: [SIM] ALERT CZR (0/1) required
[2025-07-20 22:53:17,558] sim INFO: [SIM] ALERT CPT (0/10) -> []
[2025-07-20 22:53:17,559] sim INFO: [SIM] ALERT CPT (0/1) required
[2025-07-20 22:53:18,135] sim INFO: [SIM] ALERT CPB (0/10) -> []
[2025-07-20 22:53:18,136] sim INFO: [SIM] ALERT CPB (0/1) required
[2025-07-20 22:53:18,676] sim INFO: [SIM] ALERT COF (0/1) required
[2025-07-20 22:53:19,306] sim INFO: [SIM] ALERT CAH (0/1) required
[2025-07-20 22:53:19,926] sim INFO: [SIM] ALERT KMX (0/1) required
[2025-07-20 22:53:20,536] sim INFO: [SIM] ALERT CCL (1/10) -> ['Price > SMA50']
[2025-07-20 22:53:20,536] sim INFO: [SIM] ALERT CCL (0/1) required
[2025-07-20 22:53:21,096] sim INFO: [SIM] ALERT CARR (0/10) -> []
[2025-07-20 22:53:21,097] sim INFO: [SIM] ALERT CARR (0/1) required
[2025-07-20 22:53:21,712] sim INFO: [SIM] ALERT CAT (0/1) required
[2025-07-20 22:53:22,206] sim INFO: [SIM] ALERT CBOE (0/1) required
[2025-07-20 22:53:22,779] sim INFO: [SIM] ALERT CBRE (0/1) required
[2025-07-20 22:53:23,367] sim INFO: [SIM] ALERT CDW (0/1) required
[2025-07-20 22:53:23,917] sim INFO: [SIM] ALERT COR (0/10) -> []
[2025-07-20 22:53:23,918] sim INFO: [SIM] ALERT COR (0/1) required
[2025-07-20 22:53:24,557] sim INFO: [SIM] ALERT CNC (0/10) -> []
[2025-07-20 22:53:24,558] sim INFO: [SIM] ALERT CNC (0/1) required
[2025-07-20 22:53:25,137] sim INFO: [SIM] ALERT CNP (0/1) required
[2025-07-20 22:53:25,747] sim INFO: [SIM] ALERT CF (0/1) required
[2025-07-20 22:53:26,327] sim INFO: [SIM] ALERT CRL (0/10) -> []
[2025-07-20 22:53:26,327] sim INFO: [SIM] ALERT CRL (0/1) required
[2025-07-20 22:53:26,837] sim INFO: [SIM] ALERT SCHW (0/1) required
[2025-07-20 22:53:27,385] sim INFO: [SIM] ALERT CHTR (0/1) required
[2025-07-20 22:53:27,914] sim INFO: [SIM] ALERT CVX (0/1) required
[2025-07-20 22:53:28,463] sim INFO: [SIM] ALERT CMG (0/1) required
[2025-07-20 22:53:29,045] sim INFO: [SIM] ALERT CB (0/1) required
[2025-07-20 22:53:29,778] sim INFO: [SIM] ALERT CHD (0/1) required
[2025-07-20 22:53:30,333] sim INFO: [SIM] ALERT CI (1/10) -> ['Price > SMA50']
[2025-07-20 22:53:30,334] sim INFO: [SIM] ALERT CI (0/1) required
[2025-07-20 22:53:30,882] sim INFO: [SIM] ALERT CINF (0/1) required
[2025-07-20 22:53:31,414] sim INFO: [SIM] ALERT CTAS (0/1) required
[2025-07-20 22:53:31,974] sim INFO: [SIM] ALERT CSCO (0/1) required
[2025-07-20 22:53:32,486] sim INFO: [SIM] ALERT C (0/1) required
[2025-07-20 22:53:33,142] sim INFO: [SIM] ALERT CFG (0/1) required
[2025-07-20 22:53:33,693] sim INFO: [SIM] ALERT CLX (0/1) required
[2025-07-20 22:53:34,243] sim INFO: [SIM] ALERT CME (0/1) required
[2025-07-20 22:53:34,766] sim INFO: [SIM] ALERT CMS (0/1) required
[2025-07-20 22:53:35,328] sim INFO: [SIM] ALERT KO (0/10) -> []
[2025-07-20 22:53:35,328] sim INFO: [SIM] ALERT KO (0/1) required
[2025-07-20 22:53:35,980] sim INFO: [SIM] ALERT CTSH (1/10) -> ['Price > SMA50']
[2025-07-20 22:53:35,981] sim INFO: [SIM] ALERT CTSH (0/1) required
[2025-07-20 22:53:36,591] sim INFO: [SIM] ALERT COIN (0/1) required
[2025-07-20 22:53:37,168] sim INFO: [SIM] ALERT CL (0/10) -> []
[2025-07-20 22:53:37,169] sim INFO: [SIM] ALERT CL (0/1) required
[2025-07-20 22:53:37,761] sim INFO: [SIM] ALERT CMCSA (0/1) required
[2025-07-20 22:53:38,305] sim INFO: [SIM] ALERT CAG (1/10) -> ['Price > SMA50']
[2025-07-20 22:53:38,306] sim INFO: [SIM] ALERT CAG (0/1) required
[2025-07-20 22:53:38,926] sim INFO: [SIM] ALERT COP (0/1) required
[2025-07-20 22:53:39,426] sim INFO: [SIM] ALERT ED (1/10) -> ['Price > SMA50']
[2025-07-20 22:53:39,426] sim INFO: [SIM] ALERT ED (0/1) required
[2025-07-20 22:53:39,932] sim INFO: [SIM] ALERT STZ (0/1) required
[2025-07-20 22:53:40,561] sim INFO: [SIM] ALERT CEG (0/10) -> []
[2025-07-20 22:53:40,562] sim INFO: [SIM] ALERT CEG (0/1) required
[2025-07-20 22:53:41,320] sim INFO: [SIM] ALERT COO (1/10) -> ['Price > SMA50']
[2025-07-20 22:53:41,321] sim INFO: [SIM] ALERT COO (0/1) required
[2025-07-20 22:53:41,922] sim INFO: [SIM] ALERT CPRT (0/1) required
[2025-07-20 22:53:42,459] sim INFO: [SIM] ALERT GLW (0/1) required
[2025-07-20 22:53:43,075] sim INFO: [SIM] ALERT CPAY (0/10) -> []
[2025-07-20 22:53:43,076] sim INFO: [SIM] ALERT CPAY (0/1) required
[2025-07-20 22:53:43,698] sim INFO: [SIM] ALERT CTVA (1/10) -> ['Price > SMA50']
[2025-07-20 22:53:43,698] sim INFO: [SIM] ALERT CTVA (0/1) required
[2025-07-20 22:53:44,303] sim INFO: [SIM] ALERT CSGP (0/1) required
[2025-07-20 22:53:44,883] sim INFO: [SIM] ALERT COST (0/1) required
[2025-07-20 22:53:45,391] sim INFO: [SIM] ALERT CTRA (0/10) -> []
[2025-07-20 22:53:45,392] sim INFO: [SIM] ALERT CTRA (0/1) required
[2025-07-20 22:53:45,978] sim INFO: [SIM] ALERT CRWD (0/1) required
[2025-07-20 22:53:46,610] sim INFO: [SIM] ALERT CCI (0/1) required
[2025-07-20 22:53:47,145] sim INFO: [SIM] ALERT CSX (0/1) required
[2025-07-20 22:53:47,692] sim INFO: [SIM] ALERT CMI (0/1) required
[2025-07-20 22:53:48,222] sim INFO: [SIM] ALERT CVS (0/10) -> []
[2025-07-20 22:53:48,222] sim INFO: [SIM] ALERT CVS (0/1) required
[2025-07-20 22:53:48,764] sim INFO: [SIM] ALERT DHR (0/1) required
[2025-07-20 22:53:49,319] sim INFO: [SIM] ALERT DRI (1/10) -> ['Price > SMA50']
[2025-07-20 22:53:49,319] sim INFO: [SIM] ALERT DRI (0/1) required
[2025-07-20 22:53:49,927] sim INFO: [SIM] ALERT DVA (0/10) -> []
[2025-07-20 22:53:49,928] sim INFO: [SIM] ALERT DVA (0/1) required
[2025-07-20 22:53:50,452] sim INFO: [SIM] ALERT DAY (0/1) required
[2025-07-20 22:53:51,032] sim INFO: [SIM] ALERT DECK (0/10) -> []
[2025-07-20 22:53:51,033] sim INFO: [SIM] ALERT DECK (0/1) required
[2025-07-20 22:53:51,595] sim INFO: [SIM] ALERT DE (0/1) required
[2025-07-20 22:53:52,175] sim INFO: [SIM] ALERT DELL (0/10) -> []
[2025-07-20 22:53:52,175] sim INFO: [SIM] ALERT DELL (0/1) required
[2025-07-20 22:53:52,698] sim INFO: [SIM] ALERT DAL (1/10) -> ['Price > SMA50']
[2025-07-20 22:53:52,700] sim INFO: [SIM] ALERT DAL (0/1) required
[2025-07-20 22:53:53,313] sim INFO: [SIM] ALERT DVN (0/10) -> []
[2025-07-20 22:53:53,314] sim INFO: [SIM] ALERT DVN (0/1) required
[2025-07-20 22:53:53,881] sim INFO: [SIM] ALERT DXCM (0/1) required
[2025-07-20 22:53:54,507] sim INFO: [SIM] ALERT FANG (0/10) -> []
[2025-07-20 22:53:54,508] sim INFO: [SIM] ALERT FANG (0/1) required
[2025-07-20 22:53:55,065] sim INFO: [SIM] ALERT DLR (0/1) required
[2025-07-20 22:53:55,645] sim INFO: [SIM] ALERT DG (0/1) required
[2025-07-20 22:53:56,245] sim INFO: [SIM] ALERT DLTR (1/10) -> ['Price > SMA50']
[2025-07-20 22:53:56,246] sim INFO: [SIM] ALERT DLTR (0/1) required
[2025-07-20 22:53:56,846] sim INFO: [SIM] ALERT D (0/1) required
[2025-07-20 22:53:57,429] sim INFO: [SIM] ALERT DPZ (0/10) -> []
[2025-07-20 22:53:57,430] sim INFO: [SIM] ALERT DPZ (0/1) required
[2025-07-20 22:53:57,998] sim INFO: [SIM] ALERT DASH (0/1) required
[2025-07-20 22:53:58,578] sim INFO: [SIM] ALERT DOV (0/1) required
[2025-07-20 22:53:59,161] sim INFO: [SIM] ALERT DOW (0/1) required
[2025-07-20 22:53:59,663] sim INFO: [SIM] ALERT DHI (0/1) required
[2025-07-20 22:54:00,309] sim INFO: [SIM] ALERT DTE (0/1) required
[2025-07-20 22:54:00,846] sim INFO: [SIM] ALERT DUK (0/10) -> []
[2025-07-20 22:54:00,847] sim INFO: [SIM] ALERT DUK (0/1) required
[2025-07-20 22:54:01,386] sim INFO: [SIM] ALERT DD (1/10) -> ['Price > SMA50']
[2025-07-20 22:54:01,386] sim INFO: [SIM] ALERT DD (0/1) required
[2025-07-20 22:54:01,934] sim INFO: [SIM] ALERT EMN (0/1) required
[2025-07-20 22:54:02,485] sim INFO: [SIM] ALERT ETN (0/10) -> []
[2025-07-20 22:54:02,486] sim INFO: [SIM] ALERT ETN (0/1) required
[2025-07-20 22:54:03,139] sim INFO: [SIM] ALERT EBAY (0/1) required
[2025-07-20 22:54:03,751] sim INFO: [SIM] ALERT ECL (0/1) required
[2025-07-20 22:54:04,069] sim INFO: Simulation interrupted, stopping...
[2025-07-20 23:01:12,111] sim INFO: [SIM] seed cash: $1000.00
[2025-07-20 23:01:12,114] sim INFO: Starting scan loop iteration
[2025-07-20 23:01:13,005] sim INFO: [SIM] ALERT MMM (0/1) required
[2025-07-20 23:01:13,647] sim INFO: [SIM] ALERT AOS (0/1) required
[2025-07-20 23:01:14,199] sim INFO: [SIM] ALERT ABT (0/10) -> []
[2025-07-20 23:01:14,200] sim INFO: [SIM] ALERT ABT (0/1) required
[2025-07-20 23:01:14,854] sim INFO: [SIM] ALERT ABBV (0/10) -> []
[2025-07-20 23:01:14,854] sim INFO: [SIM] ALERT ABBV (0/1) required
[2025-07-20 23:01:15,493] sim INFO: [SIM] ALERT ACN (0/1) required
[2025-07-20 23:01:16,232] sim INFO: [SIM] ALERT ADBE (1/10) -> ['Price > SMA50']
[2025-07-20 23:01:16,233] sim INFO: [SIM] ALERT ADBE (0/1) required
[2025-07-20 23:01:16,819] sim INFO: [SIM] ALERT AMD (0/10) -> []
[2025-07-20 23:01:16,820] sim INFO: [SIM] ALERT AMD (0/1) required
[2025-07-20 23:01:17,478] sim INFO: [SIM] ALERT AES (1/10) -> ['Price > SMA50']
[2025-07-20 23:01:17,479] sim INFO: [SIM] ALERT AES (0/1) required
[2025-07-20 23:01:18,030] sim INFO: [SIM] ALERT AFL (0/1) required
[2025-07-20 23:01:18,689] sim INFO: [SIM] ALERT A (0/1) required
[2025-07-20 23:01:19,273] sim INFO: [SIM] ALERT APD (0/1) required
[2025-07-20 23:01:19,891] sim INFO: [SIM] ALERT ABNB (0/10) -> []
[2025-07-20 23:01:19,892] sim INFO: [SIM] ALERT ABNB (0/1) required
[2025-07-20 23:01:20,533] sim INFO: [SIM] ALERT AKAM (0/1) required
[2025-07-20 23:01:21,097] sim INFO: [SIM] ALERT ALB (0/1) required
[2025-07-20 23:01:21,680] sim INFO: [SIM] ALERT ARE (0/1) required
[2025-07-20 23:01:22,203] sim INFO: [SIM] ALERT ALGN (0/1) required
[2025-07-20 23:01:22,817] sim INFO: [SIM] ALERT ALLE (0/1) required
[2025-07-20 23:01:23,468] sim INFO: [SIM] ALERT LNT (0/10) -> []
[2025-07-20 23:01:23,469] sim INFO: [SIM] ALERT LNT (0/1) required
[2025-07-20 23:01:24,049] sim INFO: [SIM] ALERT ALL (0/10) -> []
[2025-07-20 23:01:24,050] sim INFO: [SIM] ALERT ALL (0/1) required
[2025-07-20 23:01:24,713] sim INFO: [SIM] ALERT GOOGL (0/1) required
[2025-07-20 23:01:25,317] sim INFO: [SIM] ALERT GOOG (0/1) required
[2025-07-20 23:01:25,908] sim INFO: [SIM] ALERT MO (1/10) -> ['Price > SMA50']
[2025-07-20 23:01:25,908] sim INFO: [SIM] ALERT MO (0/1) required
[2025-07-20 23:01:26,479] sim INFO: [SIM] ALERT AMZN (0/1) required
[2025-07-20 23:01:27,002] sim INFO: [SIM] ALERT AMCR (0/1) required
[2025-07-20 23:01:27,645] sim INFO: [SIM] ALERT AEE (0/1) required
[2025-07-20 23:01:28,340] sim INFO: [SIM] ALERT AEP (0/10) -> []
[2025-07-20 23:01:28,340] sim INFO: [SIM] ALERT AEP (0/1) required
[2025-07-20 23:01:28,929] sim INFO: [SIM] ALERT AXP (1/10) -> ['Price > SMA50']
[2025-07-20 23:01:28,929] sim INFO: [SIM] ALERT AXP (0/1) required
[2025-07-20 23:01:29,528] sim INFO: [SIM] ALERT AIG (1/10) -> ['Price > SMA50']
[2025-07-20 23:01:29,529] sim INFO: [SIM] ALERT AIG (0/1) required
[2025-07-20 23:01:30,100] sim INFO: [SIM] ALERT AMT (0/1) required
[2025-07-20 23:01:30,720] sim INFO: [SIM] ALERT AWK (0/1) required
[2025-07-20 23:01:31,299] sim INFO: [SIM] ALERT AMP (0/1) required
[2025-07-20 23:01:31,920] sim INFO: [SIM] ALERT AME (0/1) required
[2025-07-20 23:01:32,522] sim INFO: [SIM] ALERT AMGN (0/1) required
[2025-07-20 23:01:33,141] sim INFO: [SIM] ALERT APH (0/1) required
[2025-07-20 23:01:33,721] sim INFO: [SIM] ALERT ADI (0/1) required
[2025-07-20 23:01:34,216] sim INFO: [SIM] ALERT ANSS (0/1) required
[2025-07-20 23:01:34,815] sim INFO: [SIM] ALERT AON (0/10) -> []
[2025-07-20 23:01:34,816] sim INFO: [SIM] ALERT AON (0/1) required
[2025-07-20 23:01:35,396] sim INFO: [SIM] ALERT APA (1/10) -> ['Price > SMA50']
[2025-07-20 23:01:35,397] sim INFO: [SIM] ALERT APA (0/1) required
[2025-07-20 23:01:36,028] sim INFO: [SIM] ALERT APO (0/1) required
[2025-07-20 23:01:36,553] sim INFO: [SIM] ALERT AAPL (0/1) required
[2025-07-20 23:01:37,090] sim INFO: [SIM] ALERT AMAT (0/1) required
[2025-07-20 23:01:37,627] sim INFO: [SIM] ALERT APTV (0/1) required
[2025-07-20 23:01:38,232] sim INFO: [SIM] ALERT ACGL (0/1) required
[2025-07-20 23:01:38,576] sim INFO: Simulation interrupted, stopping...
