[2025-07-29 09:25:03,663] sim INFO: [SIM] seed cash: $1000.00
[2025-07-29 09:25:04,172] sim INFO: [SIM] Market closed — sleeping 296.1s
[2025-07-29 09:27:44,463] sim INFO: [SIM] seed cash: $1000.00
[2025-07-29 09:27:44,956] sim INFO: [SIM] Market closed — sleeping 135.3s
[2025-07-29 09:30:00,305] sim INFO: 🔁 Starting scan loop iteration
[2025-07-29 09:30:03,913] sim INFO: [SIM] ALERT ACN: 4/4 → ['BB breakout', 'MACD 🚀', 'RSI 📈', 'Price > SMA50']
[2025-07-29 09:30:04,155] sim INFO: [SIM] insufficient cash for ACN: need $0.00, have $1000.00
[2025-07-29 09:30:06,726] sim INFO: [SIM] ALERT AMD: 4/4 → ['BB breakout', 'MACD 🚀', 'RSI 📈', 'Price > SMA50']
[2025-07-29 09:30:07,032] sim INFO: ✅ BUY AMD x1 @ $175.00 (cash → $825.00)
[2025-07-29 09:30:07,038] sim INFO: [SIM] Current holdings:
[2025-07-29 09:30:07,038] sim INFO:     • AMD: 1 shares @ $175.00 (last price: $175.00)
[2025-07-29 09:30:15,532] sim INFO: [SIM] ALERT GOOGL: 4/4 → ['BB breakout', 'MACD 🚀', 'RSI 📈', 'Price > SMA50']
[2025-07-29 09:30:15,758] sim INFO: ✅ BUY GOOGL x1 @ $193.21 (cash → $631.79)
[2025-07-29 09:30:15,760] sim INFO: [SIM] Current holdings:
[2025-07-29 09:30:15,760] sim INFO:     • AMD: 1 shares @ $175.00 (last price: $175.00)
[2025-07-29 09:30:15,761] sim INFO:     • GOOGL: 1 shares @ $193.21 (last price: $193.21)
[2025-07-29 09:30:16,425] sim INFO: [SIM] ALERT GOOG: 4/4 → ['BB breakout', 'MACD 🚀', 'RSI 📈', 'Price > SMA50']
[2025-07-29 09:30:16,680] sim INFO: ✅ BUY GOOG x1 @ $194.06 (cash → $437.73)
[2025-07-29 09:30:16,683] sim INFO: [SIM] Current holdings:
[2025-07-29 09:30:16,683] sim INFO:     • AMD: 1 shares @ $175.00 (last price: $175.00)
[2025-07-29 09:30:16,684] sim INFO:     • GOOGL: 1 shares @ $193.21 (last price: $193.21)
[2025-07-29 09:30:16,684] sim INFO:     • GOOG: 1 shares @ $194.06 (last price: $194.06)
[2025-07-29 09:30:18,079] sim INFO: [SIM] ALERT AMZN: 4/4 → ['BB breakout', 'MACD 🚀', 'RSI 📈', 'Price > SMA50']
[2025-07-29 09:30:18,261] sim INFO: [SIM] insufficient cash for AMZN: need $0.00, have $437.73
[2025-07-29 09:30:20,846] sim INFO: [SIM] ALERT AXP: 4/4 → ['BB breakout', 'MACD 🚀', 'RSI 📈', 'Price > SMA50']
[2025-07-29 09:30:21,043] sim INFO: [SIM] insufficient cash for AXP: need $0.00, have $437.73
[2025-07-29 09:30:21,597] sim INFO: [SIM] ALERT AIG: 4/4 → ['BB breakout', 'MACD 🚀', 'RSI 📈', 'Price > SMA50']
[2025-07-29 09:30:21,833] sim INFO: ✅ BUY AIG x2 @ $79.59 (cash → $278.54)
[2025-07-29 09:30:21,835] sim INFO: [SIM] Current holdings:
[2025-07-29 09:30:21,836] sim INFO:     • AMD: 1 shares @ $175.00 (last price: $175.00)
[2025-07-29 09:30:21,836] sim INFO:     • GOOGL: 1 shares @ $193.21 (last price: $193.21)
[2025-07-29 09:30:21,836] sim INFO:     • GOOG: 1 shares @ $194.06 (last price: $194.06)
[2025-07-29 09:30:21,836] sim INFO:     • AIG: 2 shares @ $79.59 (last price: $79.59)
[2025-07-29 09:30:25,537] sim INFO: [SIM] ALERT APH: 5/4 → ['BB breakout', 'MACD 🚀', 'RSI 📈', 'Gap % ≥ 1.0', 'Price > SMA50']
[2025-07-29 09:30:25,798] sim INFO: ✅ BUY APH x1 @ $108.09 (cash → $170.45)
[2025-07-29 09:30:25,801] sim INFO: [SIM] Current holdings:
[2025-07-29 09:30:25,801] sim INFO:     • AMD: 1 shares @ $175.00 (last price: $175.00)
[2025-07-29 09:30:25,802] sim INFO:     • GOOGL: 1 shares @ $193.21 (last price: $193.21)
[2025-07-29 09:30:25,802] sim INFO:     • GOOG: 1 shares @ $194.06 (last price: $194.06)
[2025-07-29 09:30:25,802] sim INFO:     • AIG: 2 shares @ $79.59 (last price: $79.59)
[2025-07-29 09:30:25,803] sim INFO:     • APH: 1 shares @ $108.09 (last price: $108.09)
[2025-07-29 09:30:30,610] sim INFO: [SIM] ALERT AMAT: 4/4 → ['BB breakout', 'MACD 🚀', 'RSI 📈', 'Price > SMA50']
[2025-07-29 09:30:30,789] sim INFO: [SIM] insufficient cash for AMAT: need $0.00, have $170.45
[2025-07-29 09:30:33,206] sim INFO: [SIM] ALERT ANET: 4/4 → ['BB breakout', 'MACD 🚀', 'RSI 📈', 'Price > SMA50']
[2025-07-29 09:30:33,449] sim INFO: ✅ BUY ANET x1 @ $118.51 (cash → $51.94)
[2025-07-29 09:30:33,453] sim INFO: [SIM] Current holdings:
[2025-07-29 09:30:33,453] sim INFO:     • AMD: 1 shares @ $175.00 (last price: $175.00)
[2025-07-29 09:30:33,453] sim INFO:     • GOOGL: 1 shares @ $193.21 (last price: $193.21)
[2025-07-29 09:30:33,454] sim INFO:     • GOOG: 1 shares @ $194.06 (last price: $194.06)
[2025-07-29 09:30:33,454] sim INFO:     • AIG: 2 shares @ $79.59 (last price: $79.59)
[2025-07-29 09:30:33,454] sim INFO:     • APH: 1 shares @ $108.09 (last price: $108.09)
[2025-07-29 09:30:33,455] sim INFO:     • ANET: 1 shares @ $118.51 (last price: $118.51)
[2025-07-29 09:30:37,191] sim INFO: [SIM] ALERT ADSK: 4/4 → ['BB breakout', 'MACD 🚀', 'RSI 📈', 'Price > SMA50']
[2025-07-29 09:30:37,371] sim INFO: [SIM] insufficient cash for ADSK: need $0.00, have $51.94
[2025-07-29 09:30:40,273] sim INFO: [SIM] ALERT AXON: 4/4 → ['BB breakout', 'MACD 🚀', 'RSI 📈', 'Price > SMA50']
[2025-07-29 09:30:40,473] sim INFO: [SIM] insufficient cash for AXON: need $0.00, have $51.94
[2025-07-29 09:30:42,132] sim INFO: [SIM] ALERT BAC: 4/4 → ['BB breakout', 'MACD 🚀', 'RSI 📈', 'Price > SMA50']
[2025-07-29 09:30:42,368] sim INFO: ✅ BUY BAC x1 @ $48.47 (cash → $3.47)
[2025-07-29 09:30:42,372] sim INFO: [SIM] Current holdings:
[2025-07-29 09:30:42,372] sim INFO:     • AMD: 1 shares @ $175.00 (last price: $175.00)
[2025-07-29 09:30:42,373] sim INFO:     • GOOGL: 1 shares @ $193.21 (last price: $193.21)
[2025-07-29 09:30:42,373] sim INFO:     • GOOG: 1 shares @ $194.06 (last price: $194.06)
[2025-07-29 09:30:42,373] sim INFO:     • AIG: 2 shares @ $79.59 (last price: $79.59)
[2025-07-29 09:30:42,374] sim INFO:     • APH: 1 shares @ $108.09 (last price: $108.09)
[2025-07-29 09:30:42,374] sim INFO:     • ANET: 1 shares @ $118.51 (last price: $118.51)
[2025-07-29 09:30:42,374] sim INFO:     • BAC: 1 shares @ $48.47 (last price: $48.47)
[2025-07-29 09:30:47,015] sim INFO: [SIM] ALERT BLK: 4/4 → ['BB breakout', 'MACD 🚀', 'RSI 📈', 'Price > SMA50']
[2025-07-29 09:30:47,250] sim INFO: [SIM] insufficient cash for BLK: need $0.00, have $3.47
[2025-07-29 09:30:48,853] sim INFO: [SIM] ALERT BK: 4/4 → ['BB breakout', 'MACD 🚀', 'RSI 📈', 'Price > SMA50']
[2025-07-29 09:30:49,060] sim INFO: [SIM] insufficient cash for BK: need $0.00, have $3.47
[2025-07-29 09:30:49,767] sim INFO: [SIM] ALERT BA: 5/4 → ['BB breakout', 'MACD 🚀', 'RSI 📈', 'Gap % ≥ 1.0', 'Price > SMA50']
[2025-07-29 09:30:50,006] sim INFO: [SIM] insufficient cash for BA: need $0.00, have $3.47
[2025-07-29 09:30:50,536] sim INFO: [SIM] ALERT BKNG: 4/4 → ['MACD 🚀', 'RSI 📈', 'ATR14 ≥ 2.0', 'Price > SMA50']
[2025-07-29 09:30:50,742] sim INFO: [SIM] insufficient cash for BKNG: need $0.00, have $3.47
[2025-07-29 09:30:51,337] sim INFO: [SIM] ALERT BSX: 4/4 → ['BB breakout', 'MACD 🚀', 'RSI 📈', 'Price > SMA50']
[2025-07-29 09:30:51,593] sim INFO: [SIM] insufficient cash for BSX: need $0.00, have $3.47
[2025-07-29 09:30:52,709] sim INFO: [SIM] ALERT AVGO: 5/4 → ['BB breakout', 'MACD 🚀', 'RSI 📈', 'Gap % ≥ 1.0', 'Price > SMA50']
[2025-07-29 09:30:53,022] sim INFO: [SIM] insufficient cash for AVGO: need $0.00, have $3.47
[2025-07-29 09:30:57,863] sim INFO: [SIM] ALERT CDNS: 7/4 → ['BB breakout', 'MACD 🚀', 'RSI 📈', 'ATR14 ≥ 2.0', 'ATR % ≥ 0.7%', 'Gap % ≥ 1.0', 'Price > SMA50']
[2025-07-29 09:30:58,062] sim INFO: [SIM] insufficient cash for CDNS: need $0.00, have $3.47
[2025-07-29 09:31:00,321] sim INFO: [SIM] ALERT COF: 4/4 → ['BB breakout', 'MACD 🚀', 'RSI 📈', 'Price > SMA50']
[2025-07-29 09:31:00,566] sim INFO: [SIM] insufficient cash for COF: need $0.00, have $3.47
[2025-07-29 09:31:01,077] sim INFO: [SIM] ALERT CAH: 4/4 → ['BB breakout', 'MACD 🚀', 'RSI 📈', 'Price > SMA50']
[2025-07-29 09:31:01,267] sim INFO: [SIM] insufficient cash for CAH: need $0.00, have $3.47
[2025-07-29 09:31:05,337] sim INFO: [SIM] ALERT CBRE: 6/4 → ['BB breakout', 'MACD 🚀', 'RSI 📈', 'Range % ≥ 1.5', 'Gap % ≥ 1.0', 'Price > SMA50']
[2025-07-29 09:31:05,589] sim INFO: [SIM] insufficient cash for CBRE: need $0.00, have $3.47
[2025-07-29 09:31:08,785] sim INFO: [SIM] ALERT CF: 4/4 → ['BB breakout', 'MACD 🚀', 'RSI 📈', 'Price > SMA50']
[2025-07-29 09:31:08,979] sim INFO: [SIM] insufficient cash for CF: need $0.00, have $3.47
[2025-07-29 09:31:10,037] sim INFO: [SIM] ALERT SCHW: 5/4 → ['BB breakout', 'MACD 🚀', 'RSI 📈', 'Gap % ≥ 1.0', 'Price > SMA50']
[2025-07-29 09:31:10,232] sim INFO: [SIM] insufficient cash for SCHW: need $0.00, have $3.47
[2025-07-29 09:31:12,536] sim INFO: [SIM] ALERT CB: 4/4 → ['BB breakout', 'MACD 🚀', 'RSI 📈', 'Price > SMA50']
[2025-07-29 09:31:12,758] sim INFO: [SIM] insufficient cash for CB: need $0.00, have $3.47
[2025-07-29 09:31:14,476] sim INFO: [SIM] ALERT CINF: 6/4 → ['BB breakout', 'MACD 🚀', 'RSI 📈', 'Range % ≥ 1.5', 'Gap % ≥ 1.0', 'Price > SMA50']
[2025-07-29 09:31:14,690] sim INFO: [SIM] insufficient cash for CINF: need $0.00, have $3.47
[2025-07-29 09:31:15,151] sim INFO: [SIM] ALERT CTAS: 4/4 → ['BB breakout', 'MACD 🚀', 'RSI 📈', 'Price > SMA50']
[2025-07-29 09:31:15,337] sim INFO: [SIM] insufficient cash for CTAS: need $0.00, have $3.47
[2025-07-29 09:31:15,793] sim INFO: [SIM] ALERT CSCO: 4/4 → ['BB breakout', 'MACD 🚀', 'RSI 📈', 'Price > SMA50']
[2025-07-29 09:31:16,010] sim INFO: [SIM] insufficient cash for CSCO: need $0.00, have $3.47
[2025-07-29 09:31:17,104] sim INFO: [SIM] ALERT CFG: 4/4 → ['BB breakout', 'MACD 🚀', 'RSI 📈', 'Price > SMA50']
[2025-07-29 09:31:17,345] sim INFO: [SIM] insufficient cash for CFG: need $0.00, have $3.47
[2025-07-29 09:31:20,782] sim INFO: [SIM] ALERT COIN: 5/4 → ['BB breakout', 'MACD 🚀', 'RSI 📈', 'Gap % ≥ 1.0', 'Price > SMA50']
[2025-07-29 09:31:21,002] sim INFO: [SIM] insufficient cash for COIN: need $0.00, have $3.47
[2025-07-29 09:31:23,151] sim INFO: [SIM] ALERT COP: 4/4 → ['BB breakout', 'MACD 🚀', 'RSI 📈', 'Price > SMA50']
[2025-07-29 09:31:23,345] sim INFO: [SIM] insufficient cash for COP: need $0.00, have $3.47
[2025-07-29 09:31:25,027] sim INFO: [SIM] ALERT CEG: 4/4 → ['BB breakout', 'MACD 🚀', 'RSI 📈', 'Price > SMA50']
[2025-07-29 09:31:25,277] sim INFO: [SIM] insufficient cash for CEG: need $0.00, have $3.47
[2025-07-29 09:31:26,917] sim INFO: [SIM] ALERT GLW: 5/4 → ['BB breakout', 'MACD 🚀', 'RSI 📈', 'Gap % ≥ 1.0', 'Price > SMA50']
[2025-07-29 09:31:27,115] sim INFO: [SIM] insufficient cash for GLW: need $0.00, have $3.47
[2025-07-29 09:31:28,324] sim INFO: [SIM] ALERT CTVA: 4/4 → ['BB breakout', 'MACD 🚀', 'RSI 📈', 'Price > SMA50']
[2025-07-29 09:31:28,532] sim INFO: [SIM] insufficient cash for CTVA: need $0.00, have $3.47
[2025-07-29 09:31:29,193] sim INFO: [SIM] ALERT CSGP: 4/4 → ['BB breakout', 'MACD 🚀', 'RSI 📈', 'Price > SMA50']
[2025-07-29 09:31:29,385] sim INFO: [SIM] insufficient cash for CSGP: need $0.00, have $3.47
[2025-07-29 09:31:30,593] sim INFO: [SIM] ALERT CTRA: 4/4 → ['BB breakout', 'MACD 🚀', 'RSI 📈', 'Price > SMA50']
[2025-07-29 09:31:30,856] sim INFO: [SIM] insufficient cash for CTRA: need $0.00, have $3.47
[2025-07-29 09:31:31,529] sim INFO: [SIM] ALERT CRWD: 4/4 → ['BB breakout', 'MACD 🚀', 'RSI 📈', 'Price > SMA50']
[2025-07-29 09:31:31,727] sim INFO: [SIM] insufficient cash for CRWD: need $0.00, have $3.47
[2025-07-29 09:31:39,381] sim INFO: [SIM] ALERT DELL: 4/4 → ['BB breakout', 'MACD 🚀', 'RSI 📈', 'Price > SMA50']
[2025-07-29 09:31:39,577] sim INFO: [SIM] insufficient cash for DELL: need $0.00, have $3.47
[2025-07-29 09:31:40,247] sim INFO: [SIM] ALERT DAL: 4/4 → ['BB breakout', 'MACD 🚀', 'RSI 📈', 'Price > SMA50']
[2025-07-29 09:31:40,444] sim INFO: [SIM] insufficient cash for DAL: need $0.00, have $3.47
[2025-07-29 09:31:42,378] sim INFO: [SIM] ALERT FANG: 4/4 → ['BB breakout', 'MACD 🚀', 'RSI 📈', 'Price > SMA50']
[2025-07-29 09:31:42,562] sim INFO: [SIM] insufficient cash for FANG: need $0.00, have $3.47
[2025-07-29 09:31:46,433] sim INFO: [SIM] ALERT DASH: 4/4 → ['BB breakout', 'MACD 🚀', 'RSI 📈', 'Price > SMA50']
[2025-07-29 09:31:46,715] sim INFO: [SIM] insufficient cash for DASH: need $0.00, have $3.47
[2025-07-29 09:31:51,995] sim INFO: [SIM] ALERT ETN: 4/4 → ['BB breakout', 'MACD 🚀', 'RSI 📈', 'Price > SMA50']
[2025-07-29 09:31:52,216] sim INFO: [SIM] insufficient cash for ETN: need $0.00, have $3.47
[2025-07-29 09:31:54,816] sim INFO: [SIM] ALERT EW: 5/4 → ['BB breakout', 'MACD 🚀', 'RSI 📈', 'Gap % ≥ 1.0', 'Price > SMA50']
[2025-07-29 09:31:54,996] sim INFO: [SIM] insufficient cash for EW: need $0.00, have $3.47
[2025-07-29 09:31:57,027] sim INFO: [SIM] ALERT EMR: 4/4 → ['BB breakout', 'MACD 🚀', 'RSI 📈', 'Price > SMA50']
[2025-07-29 09:31:57,260] sim INFO: [SIM] insufficient cash for EMR: need $0.00, have $3.47
[2025-07-29 09:31:58,927] sim INFO: [SIM] ALERT EOG: 4/4 → ['BB breakout', 'MACD 🚀', 'RSI 📈', 'Price > SMA50']
[2025-07-29 09:31:59,115] sim INFO: [SIM] insufficient cash for EOG: need $0.00, have $3.47
[2025-07-29 09:32:00,391] sim INFO: [SIM] ALERT EQT: 4/4 → ['BB breakout', 'MACD 🚀', 'RSI 📈', 'Price > SMA50']
[2025-07-29 09:32:00,579] sim INFO: [SIM] insufficient cash for EQT: need $0.00, have $3.47
[2025-07-29 09:32:06,726] sim INFO: [SIM] ALERT EXE: 4/4 → ['BB breakout', 'MACD 🚀', 'RSI 📈', 'Price > SMA50']
[2025-07-29 09:32:06,914] sim INFO: [SIM] insufficient cash for EXE: need $0.00, have $3.47
[2025-07-29 09:32:09,194] sim INFO: [SIM] ALERT XOM: 4/4 → ['BB breakout', 'MACD 🚀', 'RSI 📈', 'Price > SMA50']
[2025-07-29 09:32:09,391] sim INFO: [SIM] insufficient cash for XOM: need $0.00, have $3.47
[2025-07-29 09:32:10,151] sim INFO: [SIM] ALERT FFIV: 4/4 → ['BB breakout', 'MACD 🚀', 'RSI 📈', 'Price > SMA50']
[2025-07-29 09:32:10,353] sim INFO: [SIM] insufficient cash for FFIV: need $0.00, have $3.47
[2025-07-29 09:32:11,453] sim INFO: [SIM] ALERT FICO: 4/4 → ['BB breakout', 'MACD 🚀', 'ATR14 ≥ 2.0', 'Price > SMA50']
[2025-07-29 09:32:11,674] sim INFO: [SIM] insufficient cash for FICO: need $0.00, have $3.47
[2025-07-29 09:32:14,353] sim INFO: [SIM] ALERT FITB: 4/4 → ['BB breakout', 'MACD 🚀', 'RSI 📈', 'Price > SMA50']
[2025-07-29 09:32:14,540] sim INFO: [SIM] insufficient cash for FITB: need $0.00, have $3.47
[2025-07-29 09:32:17,591] sim INFO: [SIM] ALERT FTNT: 4/4 → ['BB breakout', 'MACD 🚀', 'RSI 📈', 'Price > SMA50']
[2025-07-29 09:32:17,776] sim INFO: [SIM] insufficient cash for FTNT: need $0.00, have $3.47
[2025-07-29 09:32:21,317] sim INFO: [SIM] ALERT GRMN: 4/4 → ['BB breakout', 'MACD 🚀', 'RSI 📈', 'Price > SMA50']
[2025-07-29 09:32:21,512] sim INFO: [SIM] insufficient cash for GRMN: need $0.00, have $3.47
[2025-07-29 09:32:22,813] sim INFO: [SIM] ALERT GE: 4/4 → ['BB breakout', 'MACD 🚀', 'RSI 📈', 'Price > SMA50']
[2025-07-29 09:32:22,988] sim INFO: [SIM] insufficient cash for GE: need $0.00, have $3.47
[2025-07-29 09:32:24,273] sim INFO: [SIM] ALERT GEV: 4/4 → ['BB breakout', 'MACD 🚀', 'RSI 📈', 'Price > SMA50']
[2025-07-29 09:32:24,454] sim INFO: [SIM] insufficient cash for GEV: need $0.00, have $3.47
[2025-07-29 09:32:26,103] sim INFO: [SIM] ALERT GD: 4/4 → ['BB breakout', 'MACD 🚀', 'RSI 📈', 'Price > SMA50']
[2025-07-29 09:32:26,413] sim INFO: [SIM] insufficient cash for GD: need $0.00, have $3.47
[2025-07-29 09:32:30,198] sim INFO: [SIM] ALERT GL: 6/4 → ['BB breakout', 'MACD 🚀', 'RSI 📈', 'Range % ≥ 1.5', 'Gap % ≥ 1.0', 'Price > SMA50']
[2025-07-29 09:32:30,384] sim INFO: [SIM] insufficient cash for GL: need $0.00, have $3.47
[2025-07-29 09:32:40,305] sim INFO: [SIM] ALERT HWM: 4/4 → ['BB breakout', 'MACD 🚀', 'RSI 📈', 'Price > SMA50']
[2025-07-29 09:32:40,497] sim INFO: [SIM] insufficient cash for HWM: need $0.00, have $3.47
[2025-07-29 09:32:42,697] sim INFO: [SIM] ALERT HBAN: 4/4 → ['BB breakout', 'MACD 🚀', 'RSI 📈', 'Price > SMA50']
[2025-07-29 09:32:42,918] sim INFO: [SIM] insufficient cash for HBAN: need $0.00, have $3.47
[2025-07-29 09:32:44,227] sim INFO: [SIM] ALERT IBM: 4/4 → ['BB breakout', 'MACD 🚀', 'RSI 📈', 'Price > SMA50']
[2025-07-29 09:32:44,440] sim INFO: [SIM] insufficient cash for IBM: need $0.00, have $3.47
[2025-07-29 09:32:44,905] sim INFO: [SIM] ALERT IEX: 4/4 → ['BB breakout', 'MACD 🚀', 'Gap % ≥ 1.0', 'Price > SMA50']
[2025-07-29 09:32:45,087] sim INFO: [SIM] insufficient cash for IEX: need $0.00, have $3.47
[2025-07-29 09:32:46,736] sim INFO: [SIM] ALERT INCY: 6/4 → ['BB breakout', 'MACD 🚀', 'RSI 📈', 'Range % ≥ 1.5', 'Gap % ≥ 1.0', 'Price > SMA50']
[2025-07-29 09:32:46,916] sim INFO: [SIM] insufficient cash for INCY: need $0.00, have $3.47
[2025-07-29 09:32:51,470] sim INFO: [SIM] ALERT INTU: 4/4 → ['BB breakout', 'MACD 🚀', 'RSI 📈', 'Price > SMA50']
[2025-07-29 09:32:51,687] sim INFO: [SIM] insufficient cash for INTU: need $0.00, have $3.47
[2025-07-29 09:32:52,180] sim INFO: [SIM] ALERT ISRG: 4/4 → ['BB breakout', 'MACD 🚀', 'RSI 📈', 'Price > SMA50']
[2025-07-29 09:32:52,379] sim INFO: [SIM] insufficient cash for ISRG: need $0.00, have $3.47
[2025-07-29 09:32:55,697] sim INFO: [SIM] ALERT JBL: 5/4 → ['BB breakout', 'MACD 🚀', 'RSI 📈', 'Gap % ≥ 1.0', 'Price > SMA50']
[2025-07-29 09:32:55,892] sim INFO: [SIM] insufficient cash for JBL: need $0.00, have $3.47
[2025-07-29 09:32:58,839] sim INFO: [SIM] ALERT JPM: 4/4 → ['BB breakout', 'MACD 🚀', 'RSI 📈', 'Price > SMA50']
[2025-07-29 09:32:59,115] sim INFO: [SIM] insufficient cash for JPM: need $0.00, have $3.47
[2025-07-29 09:33:00,142] sim INFO: [SIM] ALERT K: 4/4 → ['BB breakout', 'MACD 🚀', 'RSI 📈', 'Price > SMA50']
[2025-07-29 09:33:00,391] sim INFO: [SIM] insufficient cash for K: need $0.00, have $3.47
[2025-07-29 09:33:02,256] sim INFO: [SIM] ALERT KEY: 5/4 → ['BB breakout', 'MACD 🚀', 'RSI 📈', 'Gap % ≥ 1.0', 'Price > SMA50']
[2025-07-29 09:33:02,492] sim INFO: [SIM] insufficient cash for KEY: need $0.00, have $3.47
[2025-07-29 09:33:03,151] sim INFO: [SIM] ALERT KEYS: 4/4 → ['BB breakout', 'MACD 🚀', 'RSI 📈', 'Price > SMA50']
[2025-07-29 09:33:03,348] sim INFO: [SIM] insufficient cash for KEYS: need $0.00, have $3.47
[2025-07-29 09:33:04,246] sim INFO: [SIM] ALERT KMB: 4/4 → ['BB breakout', 'MACD 🚀', 'RSI 📈', 'Price > SMA50']
[2025-07-29 09:33:04,419] sim INFO: [SIM] insufficient cash for KMB: need $0.00, have $3.47
[2025-07-29 09:33:05,315] sim INFO: [SIM] ALERT KIM: 4/4 → ['BB breakout', 'MACD 🚀', 'RSI 📈', 'Price > SMA50']
[2025-07-29 09:33:05,493] sim INFO: [SIM] insufficient cash for KIM: need $0.00, have $3.47
[2025-07-29 09:33:09,105] sim INFO: [SIM] ALERT LHX: 4/4 → ['BB breakout', 'MACD 🚀', 'RSI 📈', 'Price > SMA50']
[2025-07-29 09:33:09,305] sim INFO: [SIM] insufficient cash for LHX: need $0.00, have $3.47
[2025-07-29 09:33:10,582] sim INFO: [SIM] ALERT LRCX: 4/4 → ['BB breakout', 'MACD 🚀', 'RSI 📈', 'Price > SMA50']
[2025-07-29 09:33:10,902] sim INFO: [SIM] insufficient cash for LRCX: need $0.00, have $3.47
[2025-07-29 09:33:16,315] sim INFO: [SIM] ALERT LYV: 4/4 → ['BB breakout', 'MACD 🚀', 'RSI 📈', 'Price > SMA50']
[2025-07-29 09:33:16,494] sim INFO: [SIM] insufficient cash for LYV: need $0.00, have $3.47
[2025-07-29 09:33:18,504] sim INFO: [SIM] ALERT L: 4/4 → ['BB breakout', 'MACD 🚀', 'RSI 📈', 'Price > SMA50']
[2025-07-29 09:33:18,696] sim INFO: [SIM] insufficient cash for L: need $0.00, have $3.47
[2025-07-29 09:33:21,174] sim INFO: [SIM] ALERT MTB: 4/4 → ['BB breakout', 'MACD 🚀', 'RSI 📈', 'Price > SMA50']
[2025-07-29 09:33:21,405] sim INFO: [SIM] insufficient cash for MTB: need $0.00, have $3.47
[2025-07-29 09:33:21,992] sim INFO: [SIM] ALERT MPC: 4/4 → ['BB breakout', 'MACD 🚀', 'RSI 📈', 'Price > SMA50']
[2025-07-29 09:33:22,194] sim INFO: [SIM] insufficient cash for MPC: need $0.00, have $3.47
[2025-07-29 09:33:27,713] sim INFO: [SIM] ALERT MCD: 4/4 → ['BB breakout', 'MACD 🚀', 'RSI 📈', 'Price > SMA50']
[2025-07-29 09:33:27,904] sim INFO: [SIM] insufficient cash for MCD: need $0.00, have $3.47
[2025-07-29 09:33:30,979] sim INFO: [SIM] ALERT MET: 4/4 → ['BB breakout', 'MACD 🚀', 'RSI 📈', 'Price > SMA50']
[2025-07-29 09:33:31,149] sim INFO: [SIM] insufficient cash for MET: need $0.00, have $3.47
[2025-07-29 09:33:33,503] sim INFO: [SIM] ALERT MU: 4/4 → ['BB breakout', 'MACD 🚀', 'RSI 📈', 'Price > SMA50']
[2025-07-29 09:33:33,682] sim INFO: [SIM] insufficient cash for MU: need $0.00, have $3.47
[2025-07-29 09:33:34,265] sim INFO: [SIM] ALERT MSFT: 4/4 → ['BB breakout', 'MACD 🚀', 'RSI 📈', 'Price > SMA50']
[2025-07-29 09:33:34,443] sim INFO: [SIM] insufficient cash for MSFT: need $0.00, have $3.47
[2025-07-29 09:33:38,539] sim INFO: [SIM] ALERT MPWR: 5/4 → ['BB breakout', 'MACD 🚀', 'RSI 📈', 'ATR14 ≥ 2.0', 'Price > SMA50']
[2025-07-29 09:33:38,769] sim INFO: [SIM] insufficient cash for MPWR: need $0.00, have $3.47
[2025-07-29 09:33:39,324] sim INFO: [SIM] ALERT MNST: 4/4 → ['BB breakout', 'MACD 🚀', 'RSI 📈', 'Price > SMA50']
[2025-07-29 09:33:39,517] sim INFO: [SIM] insufficient cash for MNST: need $0.00, have $3.47
[2025-07-29 09:33:40,673] sim INFO: [SIM] ALERT MS: 4/4 → ['BB breakout', 'MACD 🚀', 'RSI 📈', 'Price > SMA50']
[2025-07-29 09:33:40,866] sim INFO: [SIM] insufficient cash for MS: need $0.00, have $3.47
[2025-07-29 09:33:41,557] sim INFO: [SIM] ALERT MOS: 4/4 → ['BB breakout', 'MACD 🚀', 'RSI 📈', 'Price > SMA50']
[2025-07-29 09:33:41,740] sim INFO: [SIM] insufficient cash for MOS: need $0.00, have $3.47
[2025-07-29 09:33:42,305] sim INFO: [SIM] ALERT MSI: 4/4 → ['BB breakout', 'MACD 🚀', 'RSI 📈', 'Price > SMA50']
[2025-07-29 09:33:42,491] sim INFO: [SIM] insufficient cash for MSI: need $0.00, have $3.47
[2025-07-29 09:33:43,355] sim INFO: [SIM] ALERT MSCI: 4/4 → ['BB breakout', 'MACD 🚀', 'RSI 📈', 'Price > SMA50']
[2025-07-29 09:33:43,563] sim INFO: [SIM] insufficient cash for MSCI: need $0.00, have $3.47
[2025-07-29 09:33:44,800] sim INFO: [SIM] ALERT NTAP: 4/4 → ['BB breakout', 'MACD 🚀', 'RSI 📈', 'Price > SMA50']
[2025-07-29 09:33:45,006] sim INFO: [SIM] insufficient cash for NTAP: need $0.00, have $3.47
[2025-07-29 09:33:51,414] sim INFO: [SIM] ALERT NTRS: 4/4 → ['BB breakout', 'MACD 🚀', 'RSI 📈', 'Price > SMA50']
[2025-07-29 09:33:51,594] sim INFO: [SIM] insufficient cash for NTRS: need $0.00, have $3.47
[2025-07-29 09:33:52,077] sim INFO: [SIM] ALERT NOC: 4/4 → ['BB breakout', 'MACD 🚀', 'RSI 📈', 'Price > SMA50']
[2025-07-29 09:33:52,265] sim INFO: [SIM] insufficient cash for NOC: need $0.00, have $3.47
[2025-07-29 09:33:53,219] sim INFO: [SIM] ALERT NRG: 4/4 → ['BB breakout', 'MACD 🚀', 'RSI 📈', 'Price > SMA50']
[2025-07-29 09:33:53,427] sim INFO: [SIM] insufficient cash for NRG: need $0.00, have $3.47
[2025-07-29 09:33:54,521] sim INFO: [SIM] ALERT NVDA: 4/4 → ['BB breakout', 'MACD 🚀', 'RSI 📈', 'Price > SMA50']
[2025-07-29 09:33:54,755] sim INFO: [SIM] insufficient cash for NVDA: need $0.00, have $3.47
[2025-07-29 09:33:55,856] sim INFO: [SIM] ALERT NXPI: 4/4 → ['BB breakout', 'MACD 🚀', 'RSI 📈', 'Price > SMA50']
[2025-07-29 09:33:56,085] sim INFO: [SIM] insufficient cash for NXPI: need $0.00, have $3.47
[2025-07-29 09:33:58,919] sim INFO: [SIM] ALERT ON: 6/4 → ['BB breakout', 'MACD 🚀', 'RSI 📈', 'Range % ≥ 1.5', 'Gap % ≥ 1.0', 'Price > SMA50']
[2025-07-29 09:33:59,102] sim INFO: [SIM] insufficient cash for ON: need $0.00, have $3.47
[2025-07-29 09:33:59,659] sim INFO: [SIM] ALERT OKE: 4/4 → ['BB breakout', 'MACD 🚀', 'RSI 📈', 'Price > SMA50']
[2025-07-29 09:33:59,829] sim INFO: [SIM] insufficient cash for OKE: need $0.00, have $3.47
[2025-07-29 09:34:00,342] sim INFO: [SIM] ALERT ORCL: 4/4 → ['BB breakout', 'MACD 🚀', 'RSI 📈', 'Price > SMA50']
[2025-07-29 09:34:00,532] sim INFO: [SIM] insufficient cash for ORCL: need $0.00, have $3.47
[2025-07-29 09:34:02,737] sim INFO: [SIM] ALERT PLTR: 4/4 → ['BB breakout', 'MACD 🚀', 'RSI 📈', 'Price > SMA50']
[2025-07-29 09:34:02,920] sim INFO: [SIM] insufficient cash for PLTR: need $0.00, have $3.47
[2025-07-29 09:34:04,301] sim INFO: [SIM] ALERT PANW: 5/4 → ['BB breakout', 'MACD 🚀', 'RSI 📈', 'Range % ≥ 1.5', 'Price > SMA50']
[2025-07-29 09:34:04,481] sim INFO: [SIM] insufficient cash for PANW: need $0.00, have $3.47
[2025-07-29 09:34:05,559] sim INFO: [SIM] ALERT PH: 4/4 → ['BB breakout', 'MACD 🚀', 'RSI 📈', 'Price > SMA50']
[2025-07-29 09:34:05,740] sim INFO: [SIM] insufficient cash for PH: need $0.00, have $3.47
[2025-07-29 09:34:10,264] sim INFO: [SIM] ALERT PM: 4/4 → ['BB breakout', 'MACD 🚀', 'RSI 📈', 'Price > SMA50']
[2025-07-29 09:34:10,490] sim INFO: [SIM] insufficient cash for PM: need $0.00, have $3.47
[2025-07-29 09:34:14,923] sim INFO: [SIM] ALERT PFG: 6/4 → ['BB breakout', 'MACD 🚀', 'RSI 📈', 'Range % ≥ 1.5', 'Gap % ≥ 1.0', 'Price > SMA50']
[2025-07-29 09:34:15,106] sim INFO: [SIM] insufficient cash for PFG: need $0.00, have $3.47
[2025-07-29 09:34:18,073] sim INFO: [SIM] ALERT PRU: 4/4 → ['BB breakout', 'MACD 🚀', 'RSI 📈', 'Price > SMA50']
[2025-07-29 09:34:18,356] sim INFO: [SIM] insufficient cash for PRU: need $0.00, have $3.47
[2025-07-29 09:34:18,953] sim INFO: [SIM] ALERT PEG: 4/4 → ['BB breakout', 'MACD 🚀', 'RSI 📈', 'Price > SMA50']
[2025-07-29 09:34:19,172] sim INFO: [SIM] insufficient cash for PEG: need $0.00, have $3.47
[2025-07-29 09:34:19,756] sim INFO: [SIM] ALERT PTC: 4/4 → ['BB breakout', 'MACD 🚀', 'RSI 📈', 'Price > SMA50']
[2025-07-29 09:34:19,986] sim INFO: [SIM] insufficient cash for PTC: need $0.00, have $3.47
[2025-07-29 09:34:22,453] sim INFO: [SIM] ALERT QCOM: 4/4 → ['BB breakout', 'MACD 🚀', 'RSI 📈', 'Price > SMA50']
[2025-07-29 09:34:22,671] sim INFO: [SIM] insufficient cash for QCOM: need $0.00, have $3.47
[2025-07-29 09:34:24,557] sim INFO: [SIM] ALERT RJF: 4/4 → ['BB breakout', 'MACD 🚀', 'RSI 📈', 'Price > SMA50']
[2025-07-29 09:34:24,747] sim INFO: [SIM] insufficient cash for RJF: need $0.00, have $3.47
[2025-07-29 09:34:25,433] sim INFO: [SIM] ALERT RTX: 4/4 → ['BB breakout', 'MACD 🚀', 'RSI 📈', 'Price > SMA50']
[2025-07-29 09:34:25,643] sim INFO: [SIM] insufficient cash for RTX: need $0.00, have $3.47
[2025-07-29 09:34:28,718] sim INFO: [SIM] ALERT RSG: 4/4 → ['BB breakout', 'MACD 🚀', 'RSI 📈', 'Price > SMA50']
[2025-07-29 09:34:28,894] sim INFO: [SIM] insufficient cash for RSG: need $0.00, have $3.47
[2025-07-29 09:34:35,218] sim INFO: [SIM] ALERT CRM: 4/4 → ['BB breakout', 'MACD 🚀', 'RSI 📈', 'Price > SMA50']
[2025-07-29 09:34:35,439] sim INFO: [SIM] insufficient cash for CRM: need $0.00, have $3.47
[2025-07-29 09:34:37,226] sim INFO: [SIM] ALERT STX: 4/4 → ['BB breakout', 'MACD 🚀', 'RSI 📈', 'Price > SMA50']
[2025-07-29 09:34:37,422] sim INFO: [SIM] insufficient cash for STX: need $0.00, have $3.47
[2025-07-29 09:34:37,945] sim INFO: [SIM] ALERT SRE: 4/4 → ['BB breakout', 'MACD 🚀', 'RSI 📈', 'Price > SMA50']
[2025-07-29 09:34:38,226] sim INFO: [SIM] insufficient cash for SRE: need $0.00, have $3.47
[2025-07-29 09:34:38,873] sim INFO: [SIM] ALERT NOW: 6/4 → ['BB breakout', 'MACD 🚀', 'RSI 📈', 'ATR14 ≥ 2.0', 'Gap % ≥ 1.0', 'Price > SMA50']
[2025-07-29 09:34:39,053] sim INFO: [SIM] insufficient cash for NOW: need $0.00, have $3.47
[2025-07-29 09:34:40,254] sim INFO: [SIM] ALERT SPG: 4/4 → ['BB breakout', 'MACD 🚀', 'RSI 📈', 'Price > SMA50']
[2025-07-29 09:34:40,435] sim INFO: [SIM] insufficient cash for SPG: need $0.00, have $3.47
[2025-07-29 09:34:41,704] sim INFO: [SIM] ALERT SJM: 4/4 → ['BB breakout', 'MACD 🚀', 'RSI 📈', 'Price > SMA50']
[2025-07-29 09:34:41,891] sim INFO: [SIM] insufficient cash for SJM: need $0.00, have $3.47
[2025-07-29 09:34:44,388] sim INFO: [SIM] ALERT SO: 4/4 → ['BB breakout', 'MACD 🚀', 'RSI 📈', 'Price > SMA50']
[2025-07-29 09:34:44,578] sim INFO: [SIM] insufficient cash for SO: need $0.00, have $3.47
[2025-07-29 09:34:45,141] sim INFO: [SIM] ALERT LUV: 4/4 → ['BB breakout', 'MACD 🚀', 'RSI 📈', 'Price > SMA50']
[2025-07-29 09:34:45,326] sim INFO: [SIM] insufficient cash for LUV: need $0.00, have $3.47
[2025-07-29 09:34:46,915] sim INFO: [SIM] ALERT STT: 4/4 → ['BB breakout', 'MACD 🚀', 'RSI 📈', 'Price > SMA50']
[2025-07-29 09:34:47,078] sim INFO: [SIM] insufficient cash for STT: need $0.00, have $3.47
[2025-07-29 09:34:49,508] sim INFO: [SIM] ALERT SMCI: 4/4 → ['MACD 🚀', 'RSI 📈', 'Range % ≥ 1.5', 'Price > SMA50']
[2025-07-29 09:34:49,686] sim INFO: [SIM] insufficient cash for SMCI: need $0.00, have $3.47
[2025-07-29 09:34:50,236] sim INFO: [SIM] ALERT SYF: 4/4 → ['BB breakout', 'MACD 🚀', 'RSI 📈', 'Price > SMA50']
[2025-07-29 09:34:50,442] sim INFO: [SIM] insufficient cash for SYF: need $0.00, have $3.47
[2025-07-29 09:34:50,965] sim INFO: [SIM] ALERT SNPS: 7/4 → ['BB breakout', 'MACD 🚀', 'RSI 📈', 'ATR14 ≥ 2.0', 'Range % ≥ 1.5', 'Gap % ≥ 1.0', 'Price > SMA50']
[2025-07-29 09:34:51,164] sim INFO: [SIM] insufficient cash for SNPS: need $0.00, have $3.47
[2025-07-29 09:34:53,517] sim INFO: [SIM] ALERT TTWO: 4/4 → ['BB breakout', 'MACD 🚀', 'RSI 📈', 'Price > SMA50']
[2025-07-29 09:34:53,731] sim INFO: [SIM] insufficient cash for TTWO: need $0.00, have $3.47
[2025-07-29 09:34:55,015] sim INFO: [SIM] ALERT TRGP: 4/4 → ['BB breakout', 'MACD 🚀', 'RSI 📈', 'Price > SMA50']
[2025-07-29 09:34:55,194] sim INFO: [SIM] insufficient cash for TRGP: need $0.00, have $3.47
[2025-07-29 09:34:56,684] sim INFO: [SIM] ALERT TEL: 4/4 → ['BB breakout', 'MACD 🚀', 'RSI 📈', 'Price > SMA50']
[2025-07-29 09:34:56,857] sim INFO: [SIM] insufficient cash for TEL: need $0.00, have $3.47
[2025-07-29 09:34:59,775] sim INFO: [SIM] ALERT TPL: 4/4 → ['BB breakout', 'MACD 🚀', 'ATR14 ≥ 2.0', 'Price > SMA50']
[2025-07-29 09:34:59,965] sim INFO: [SIM] insufficient cash for TPL: need $0.00, have $3.47
[2025-07-29 09:35:00,693] sim INFO: [SIM] ALERT TXT: 4/4 → ['BB breakout', 'MACD 🚀', 'Gap % ≥ 1.0', 'Price > SMA50']
[2025-07-29 09:35:00,881] sim INFO: [SIM] insufficient cash for TXT: need $0.00, have $3.47
[2025-07-29 09:35:18,770] sim INFO: [SIM] ALERT USB: 4/4 → ['BB breakout', 'MACD 🚀', 'RSI 📈', 'Price > SMA50']
[2025-07-29 09:35:18,933] sim INFO: [SIM] insufficient cash for USB: need $0.00, have $3.47
[2025-07-29 09:35:22,476] sim INFO: [SIM] ALERT UAL: 4/4 → ['BB breakout', 'MACD 🚀', 'RSI 📈', 'Price > SMA50']
[2025-07-29 09:35:22,643] sim INFO: [SIM] insufficient cash for UAL: need $0.00, have $3.47
[2025-07-29 09:35:24,004] sim INFO: [SIM] ALERT URI: 4/4 → ['BB breakout', 'MACD 🚀', 'RSI 📈', 'Price > SMA50']
[2025-07-29 09:35:24,326] sim INFO: [SIM] insufficient cash for URI: need $0.00, have $3.47
[2025-07-29 09:35:26,923] sim INFO: [SIM] ALERT VTR: 4/4 → ['BB breakout', 'MACD 🚀', 'RSI 📈', 'Price > SMA50']
[2025-07-29 09:35:27,104] sim INFO: [SIM] insufficient cash for VTR: need $0.00, have $3.47
[2025-07-29 09:35:27,961] sim INFO: [SIM] ALERT VLTO: 4/4 → ['BB breakout', 'MACD 🚀', 'RSI 📈', 'Price > SMA50']
[2025-07-29 09:35:28,124] sim INFO: [SIM] insufficient cash for VLTO: need $0.00, have $3.47
[2025-07-29 09:35:33,148] sim INFO: [SIM] ALERT VST: 4/4 → ['BB breakout', 'MACD 🚀', 'RSI 📈', 'Price > SMA50']
[2025-07-29 09:35:33,327] sim INFO: [SIM] insufficient cash for VST: need $0.00, have $3.47
[2025-07-29 09:35:33,941] sim INFO: [SIM] ALERT VMC: 4/4 → ['BB breakout', 'MACD 🚀', 'RSI 📈', 'Price > SMA50']
[2025-07-29 09:35:34,131] sim INFO: [SIM] insufficient cash for VMC: need $0.00, have $3.47
[2025-07-29 09:35:39,110] sim INFO: [SIM] ALERT WM: 4/4 → ['BB breakout', 'MACD 🚀', 'RSI 📈', 'Price > SMA50']
[2025-07-29 09:35:39,281] sim INFO: [SIM] insufficient cash for WM: need $0.00, have $3.47
[2025-07-29 09:35:41,670] sim INFO: [SIM] ALERT WELL: 4/4 → ['BB breakout', 'MACD 🚀', 'RSI 📈', 'Price > SMA50']
[2025-07-29 09:35:41,897] sim INFO: [SIM] insufficient cash for WELL: need $0.00, have $3.47
[2025-07-29 09:35:43,014] sim INFO: [SIM] ALERT WDC: 4/4 → ['BB breakout', 'MACD 🚀', 'RSI 📈', 'Price > SMA50']
[2025-07-29 09:35:43,244] sim INFO: [SIM] insufficient cash for WDC: need $0.00, have $3.47
[2025-07-29 09:35:45,093] sim INFO: [SIM] ALERT WMB: 4/4 → ['BB breakout', 'MACD 🚀', 'RSI 📈', 'Price > SMA50']
[2025-07-29 09:35:45,287] sim INFO: [SIM] insufficient cash for WMB: need $0.00, have $3.47
[2025-07-29 09:35:46,407] sim INFO: [SIM] ALERT WDAY: 4/4 → ['BB breakout', 'MACD 🚀', 'RSI 📈', 'Price > SMA50']
[2025-07-29 09:35:46,677] sim INFO: [SIM] insufficient cash for WDAY: need $0.00, have $3.47
[2025-07-29 09:35:48,321] sim INFO: [SIM] ALERT XYL: 4/4 → ['BB breakout', 'MACD 🚀', 'RSI 📈', 'Price > SMA50']
[2025-07-29 09:35:48,590] sim INFO: [SIM] insufficient cash for XYL: need $0.00, have $3.47
[2025-07-29 09:35:51,071] sim INFO: 🔁 Starting scan loop iteration
[2025-07-29 09:35:54,534] sim INFO: [SIM] ALERT ADBE: 4/4 → ['BB breakout', 'MACD 🚀', 'RSI 📈', 'Price > SMA50']
[2025-07-29 09:35:54,700] sim INFO: [SIM] insufficient cash for ADBE: need $0.00, have $3.47
[2025-07-29 09:35:55,260] sim INFO: [SIM] ALERT AMD: 4/4 → ['BB breakout', 'MACD 🚀', 'RSI 📈', 'Price > SMA50']
[2025-07-29 09:35:55,500] sim INFO: [SIM] insufficient cash for AMD: need $0.00, have $3.47
[2025-07-29 09:36:03,568] sim INFO: [SIM] ALERT GOOGL: 4/4 → ['BB breakout', 'MACD 🚀', 'RSI 📈', 'Price > SMA50']
[2025-07-29 09:36:03,764] sim INFO: [SIM] insufficient cash for GOOGL: need $0.00, have $3.47
[2025-07-29 09:36:04,369] sim INFO: [SIM] ALERT GOOG: 4/4 → ['BB breakout', 'MACD 🚀', 'RSI 📈', 'Price > SMA50']
[2025-07-29 09:36:04,559] sim INFO: [SIM] insufficient cash for GOOG: need $0.00, have $3.47
[2025-07-29 09:36:08,105] sim INFO: [SIM] ALERT AXP: 4/4 → ['BB breakout', 'MACD 🚀', 'RSI 📈', 'Price > SMA50']
[2025-07-29 09:36:08,264] sim INFO: [SIM] insufficient cash for AXP: need $0.00, have $3.47
[2025-07-29 09:36:08,840] sim INFO: [SIM] ALERT AIG: 4/4 → ['BB breakout', 'MACD 🚀', 'RSI 📈', 'Price > SMA50']
[2025-07-29 09:36:09,025] sim INFO: [SIM] insufficient cash for AIG: need $0.00, have $3.47
[2025-07-29 09:36:12,790] sim INFO: [SIM] ALERT APH: 4/4 → ['BB breakout', 'MACD 🚀', 'RSI 📈', 'Price > SMA50']
[2025-07-29 09:36:12,998] sim INFO: [SIM] insufficient cash for APH: need $0.00, have $3.47
[2025-07-29 09:36:16,644] sim INFO: [SIM] ALERT AAPL: 4/4 → ['BB breakout', 'MACD 🚀', 'RSI 📈', 'Price > SMA50']
[2025-07-29 09:36:16,807] sim INFO: [SIM] insufficient cash for AAPL: need $0.00, have $3.47
[2025-07-29 09:36:17,326] sim INFO: [SIM] ALERT AMAT: 4/4 → ['BB breakout', 'MACD 🚀', 'RSI 📈', 'Price > SMA50']
[2025-07-29 09:36:17,499] sim INFO: [SIM] insufficient cash for AMAT: need $0.00, have $3.47
[2025-07-29 09:36:19,813] sim INFO: [SIM] ALERT ANET: 4/4 → ['BB breakout', 'MACD 🚀', 'RSI 📈', 'Price > SMA50']
[2025-07-29 09:36:20,017] sim INFO: [SIM] insufficient cash for ANET: need $0.00, have $3.47
[2025-07-29 09:36:22,942] sim INFO: [SIM] ALERT ADSK: 4/4 → ['BB breakout', 'MACD 🚀', 'RSI 📈', 'Price > SMA50']
[2025-07-29 09:36:23,136] sim INFO: [SIM] insufficient cash for ADSK: need $0.00, have $3.47
[2025-07-29 09:36:24,292] sim INFO: [SIM] ALERT AZO: 4/4 → ['BB breakout', 'MACD 🚀', 'ATR14 ≥ 2.0', 'Price > SMA50']
[2025-07-29 09:36:24,480] sim INFO: [SIM] insufficient cash for AZO: need $0.00, have $3.47
[2025-07-29 09:36:26,351] sim INFO: [SIM] ALERT AXON: 4/4 → ['BB breakout', 'MACD 🚀', 'RSI 📈', 'Price > SMA50']
[2025-07-29 09:36:26,535] sim INFO: [SIM] insufficient cash for AXON: need $0.00, have $3.47
[2025-07-29 09:36:28,249] sim INFO: [SIM] ALERT BAC: 4/4 → ['BB breakout', 'MACD 🚀', 'RSI 📈', 'Price > SMA50']
[2025-07-29 09:36:28,458] sim INFO: [SIM] insufficient cash for BAC: need $0.00, have $3.47
[2025-07-29 09:36:32,596] sim INFO: [SIM] ALERT BLK: 4/4 → ['BB breakout', 'MACD 🚀', 'RSI 📈', 'Price > SMA50']
[2025-07-29 09:36:32,780] sim INFO: [SIM] insufficient cash for BLK: need $0.00, have $3.47
[2025-07-29 09:36:33,994] sim INFO: [SIM] ALERT BK: 4/4 → ['BB breakout', 'MACD 🚀', 'RSI 📈', 'Price > SMA50']
[2025-07-29 09:36:34,157] sim INFO: [SIM] insufficient cash for BK: need $0.00, have $3.47
[2025-07-29 09:36:35,880] sim INFO: [SIM] ALERT BSX: 4/4 → ['BB breakout', 'MACD 🚀', 'RSI 📈', 'Price > SMA50']
[2025-07-29 09:36:36,099] sim INFO: [SIM] insufficient cash for BSX: need $0.00, have $3.47
[2025-07-29 09:36:37,210] sim INFO: [SIM] ALERT AVGO: 4/4 → ['BB breakout', 'MACD 🚀', 'RSI 📈', 'Price > SMA50']
[2025-07-29 09:36:37,385] sim INFO: [SIM] insufficient cash for AVGO: need $0.00, have $3.47
[2025-07-29 09:36:41,902] sim INFO: [SIM] ALERT CDNS: 6/4 → ['BB breakout', 'MACD 🚀', 'RSI 📈', 'ATR14 ≥ 2.0', 'ATR % ≥ 0.7%', 'Price > SMA50']
[2025-07-29 09:36:42,073] sim INFO: [SIM] insufficient cash for CDNS: need $0.00, have $3.47
[2025-07-29 09:36:43,667] sim INFO: [SIM] ALERT CPB: 4/4 → ['BB breakout', 'MACD 🚀', 'RSI 📈', 'Price > SMA50']
[2025-07-29 09:36:43,840] sim INFO: [SIM] insufficient cash for CPB: need $0.00, have $3.47
[2025-07-29 09:36:44,320] sim INFO: [SIM] ALERT COF: 4/4 → ['BB breakout', 'MACD 🚀', 'RSI 📈', 'Price > SMA50']
[2025-07-29 09:36:44,487] sim INFO: [SIM] insufficient cash for COF: need $0.00, have $3.47
[2025-07-29 09:36:45,052] sim INFO: [SIM] ALERT CAH: 4/4 → ['BB breakout', 'MACD 🚀', 'RSI 📈', 'Price > SMA50']
[2025-07-29 09:36:45,223] sim INFO: [SIM] insufficient cash for CAH: need $0.00, have $3.47
[2025-07-29 09:36:48,737] sim INFO: [SIM] ALERT CBRE: 6/4 → ['BB breakout', 'MACD 🚀', 'RSI 📈', 'ATR % ≥ 0.7%', 'Range % ≥ 1.5', 'Price > SMA50']
[2025-07-29 09:36:48,899] sim INFO: [SIM] insufficient cash for CBRE: need $0.00, have $3.47
[2025-07-29 09:36:49,440] sim INFO: [SIM] ALERT CDW: 4/4 → ['BB breakout', 'MACD 🚀', 'RSI 📈', 'Price > SMA50']
[2025-07-29 09:36:49,618] sim INFO: [SIM] insufficient cash for CDW: need $0.00, have $3.47
[2025-07-29 09:36:52,108] sim INFO: [SIM] ALERT CF: 4/4 → ['BB breakout', 'MACD 🚀', 'RSI 📈', 'Price > SMA50']
[2025-07-29 09:36:52,287] sim INFO: [SIM] insufficient cash for CF: need $0.00, have $3.47
[2025-07-29 09:36:53,416] sim INFO: [SIM] ALERT SCHW: 4/4 → ['BB breakout', 'MACD 🚀', 'RSI 📈', 'Price > SMA50']
[2025-07-29 09:36:53,592] sim INFO: [SIM] insufficient cash for SCHW: need $0.00, have $3.47
[2025-07-29 09:36:56,409] sim INFO: [SIM] ALERT CB: 4/4 → ['BB breakout', 'MACD 🚀', 'RSI 📈', 'Price > SMA50']
[2025-07-29 09:36:56,595] sim INFO: [SIM] insufficient cash for CB: need $0.00, have $3.47
[2025-07-29 09:36:58,291] sim INFO: [SIM] ALERT CINF: 4/4 → ['BB breakout', 'MACD 🚀', 'RSI 📈', 'Price > SMA50']
[2025-07-29 09:36:58,464] sim INFO: [SIM] insufficient cash for CINF: need $0.00, have $3.47
[2025-07-29 09:36:59,930] sim INFO: [SIM] ALERT CSCO: 4/4 → ['BB breakout', 'MACD 🚀', 'RSI 📈', 'Price > SMA50']
[2025-07-29 09:37:00,089] sim INFO: [SIM] insufficient cash for CSCO: need $0.00, have $3.47
[2025-07-29 09:37:00,594] sim INFO: [SIM] ALERT C: 4/4 → ['BB breakout', 'MACD 🚀', 'RSI 📈', 'Price > SMA50']
[2025-07-29 09:37:00,764] sim INFO: [SIM] insufficient cash for C: need $0.00, have $3.47
[2025-07-29 09:37:01,678] sim INFO: [SIM] ALERT CFG: 4/4 → ['BB breakout', 'MACD 🚀', 'RSI 📈', 'Price > SMA50']
[2025-07-29 09:37:01,863] sim INFO: [SIM] insufficient cash for CFG: need $0.00, have $3.47
[2025-07-29 09:37:09,324] sim INFO: [SIM] ALERT CEG: 4/4 → ['BB breakout', 'MACD 🚀', 'RSI 📈', 'Price > SMA50']
[2025-07-29 09:37:09,510] sim INFO: [SIM] insufficient cash for CEG: need $0.00, have $3.47
[2025-07-29 09:37:11,249] sim INFO: [SIM] ALERT GLW: 5/4 → ['BB breakout', 'MACD 🚀', 'RSI 📈', 'Range % ≥ 1.5', 'Price > SMA50']
[2025-07-29 09:37:11,426] sim INFO: [SIM] insufficient cash for GLW: need $0.00, have $3.47
[2025-07-29 09:37:13,133] sim INFO: [SIM] ALERT CSGP: 4/4 → ['BB breakout', 'MACD 🚀', 'RSI 📈', 'Price > SMA50']
[2025-07-29 09:37:13,327] sim INFO: [SIM] insufficient cash for CSGP: need $0.00, have $3.47
[2025-07-29 09:37:14,551] sim INFO: [SIM] ALERT CTRA: 4/4 → ['BB breakout', 'MACD 🚀', 'RSI 📈', 'Price > SMA50']
[2025-07-29 09:37:14,759] sim INFO: [SIM] insufficient cash for CTRA: need $0.00, have $3.47
[2025-07-29 09:37:15,424] sim INFO: [SIM] ALERT CRWD: 4/4 → ['BB breakout', 'MACD 🚀', 'RSI 📈', 'Price > SMA50']
[2025-07-29 09:37:15,578] sim INFO: [SIM] insufficient cash for CRWD: need $0.00, have $3.47
[2025-07-29 09:37:22,601] sim INFO: [SIM] ALERT DELL: 4/4 → ['BB breakout', 'MACD 🚀', 'RSI 📈', 'Price > SMA50']
[2025-07-29 09:37:22,775] sim INFO: [SIM] insufficient cash for DELL: need $0.00, have $3.47
[2025-07-29 09:37:31,784] sim INFO: [SIM] ALERT DHI: 4/4 → ['BB breakout', 'MACD 🚀', 'RSI 📈', 'Price > SMA50']
[2025-07-29 09:37:31,938] sim INFO: [SIM] insufficient cash for DHI: need $0.00, have $3.47
[2025-07-29 09:37:34,672] sim INFO: [SIM] ALERT ETN: 4/4 → ['BB breakout', 'MACD 🚀', 'RSI 📈', 'Price > SMA50']
[2025-07-29 09:37:34,882] sim INFO: [SIM] insufficient cash for ETN: need $0.00, have $3.47
[2025-07-29 09:37:38,146] sim INFO: [SIM] ALERT ELV: 4/4 → ['BB breakout', 'MACD 🚀', 'RSI 📈', 'Price > SMA50']
[2025-07-29 09:37:38,314] sim INFO: [SIM] insufficient cash for ELV: need $0.00, have $3.47
[2025-07-29 09:37:38,789] sim INFO: [SIM] ALERT EMR: 4/4 → ['BB breakout', 'MACD 🚀', 'RSI 📈', 'Price > SMA50']
[2025-07-29 09:37:38,948] sim INFO: [SIM] insufficient cash for EMR: need $0.00, have $3.47
[2025-07-29 09:37:41,733] sim INFO: [SIM] ALERT EQT: 4/4 → ['BB breakout', 'MACD 🚀', 'RSI 📈', 'Price > SMA50']
[2025-07-29 09:37:41,947] sim INFO: [SIM] insufficient cash for EQT: need $0.00, have $3.47
[2025-07-29 09:37:46,220] sim INFO: [SIM] ALERT EG: 5/4 → ['BB breakout', 'MACD 🚀', 'RSI 📈', 'Gap % ≥ 1.0', 'Price > SMA50']
[2025-07-29 09:37:46,391] sim INFO: [SIM] insufficient cash for EG: need $0.00, have $3.47
[2025-07-29 09:37:48,728] sim INFO: [SIM] ALERT EXE: 4/4 → ['BB breakout', 'MACD 🚀', 'RSI 📈', 'Price > SMA50']
[2025-07-29 09:37:48,895] sim INFO: [SIM] insufficient cash for EXE: need $0.00, have $3.47
[2025-07-29 09:37:52,874] sim INFO: [SIM] ALERT FICO: 4/4 → ['BB breakout', 'MACD 🚀', 'ATR14 ≥ 2.0', 'Price > SMA50']
[2025-07-29 09:37:53,051] sim INFO: [SIM] insufficient cash for FICO: need $0.00, have $3.47
[2025-07-29 09:37:55,941] sim INFO: [SIM] ALERT FITB: 4/4 → ['BB breakout', 'MACD 🚀', 'RSI 📈', 'Price > SMA50']
[2025-07-29 09:37:56,117] sim INFO: [SIM] insufficient cash for FITB: need $0.00, have $3.47
[2025-07-29 09:37:56,558] sim INFO: [SIM] ALERT FSLR: 4/4 → ['BB breakout', 'MACD 🚀', 'RSI 📈', 'Price > SMA50']
[2025-07-29 09:37:56,723] sim INFO: [SIM] insufficient cash for FSLR: need $0.00, have $3.47
[2025-07-29 09:37:58,678] sim INFO: [SIM] ALERT FTNT: 4/4 → ['BB breakout', 'MACD 🚀', 'RSI 📈', 'Price > SMA50']
[2025-07-29 09:37:58,893] sim INFO: [SIM] insufficient cash for FTNT: need $0.00, have $3.47
[2025-07-29 09:38:02,464] sim INFO: [SIM] ALERT GRMN: 4/4 → ['BB breakout', 'MACD 🚀', 'RSI 📈', 'Price > SMA50']
[2025-07-29 09:38:02,640] sim INFO: [SIM] insufficient cash for GRMN: need $0.00, have $3.47
[2025-07-29 09:38:03,708] sim INFO: [SIM] ALERT GE: 4/4 → ['BB breakout', 'MACD 🚀', 'RSI 📈', 'Price > SMA50']
[2025-07-29 09:38:03,885] sim INFO: [SIM] insufficient cash for GE: need $0.00, have $3.47
[2025-07-29 09:38:04,908] sim INFO: [SIM] ALERT GEV: 5/4 → ['BB breakout', 'MACD 🚀', 'RSI 📈', 'ATR14 ≥ 2.0', 'Price > SMA50']
[2025-07-29 09:38:05,113] sim INFO: [SIM] insufficient cash for GEV: need $0.00, have $3.47
[2025-07-29 09:38:06,729] sim INFO: [SIM] ALERT GD: 4/4 → ['BB breakout', 'MACD 🚀', 'RSI 📈', 'Price > SMA50']
[2025-07-29 09:38:06,892] sim INFO: [SIM] insufficient cash for GD: need $0.00, have $3.47
[2025-07-29 09:38:10,875] sim INFO: [SIM] ALERT GL: 4/4 → ['BB breakout', 'MACD 🚀', 'RSI 📈', 'Price > SMA50']
[2025-07-29 09:38:11,112] sim INFO: [SIM] insufficient cash for GL: need $0.00, have $3.47
[2025-07-29 09:38:13,420] sim INFO: [SIM] ALERT HIG: 4/4 → ['BB breakout', 'MACD 🚀', 'RSI 📈', 'Price > SMA50']
[2025-07-29 09:38:13,592] sim INFO: [SIM] insufficient cash for HIG: need $0.00, have $3.47
[2025-07-29 09:38:14,665] sim INFO: [SIM] ALERT HCA: 4/4 → ['BB breakout', 'MACD 🚀', 'RSI 📈', 'Price > SMA50']
[2025-07-29 09:38:14,869] sim INFO: [SIM] insufficient cash for HCA: need $0.00, have $3.47
[2025-07-29 09:38:21,264] sim INFO: [SIM] ALERT HWM: 4/4 → ['BB breakout', 'MACD 🚀', 'RSI 📈', 'Price > SMA50']
[2025-07-29 09:38:21,463] sim INFO: [SIM] insufficient cash for HWM: need $0.00, have $3.47
[2025-07-29 09:38:24,004] sim INFO: [SIM] ALERT HII: 4/4 → ['BB breakout', 'MACD 🚀', 'RSI 📈', 'Price > SMA50']
[2025-07-29 09:38:24,167] sim INFO: [SIM] insufficient cash for HII: need $0.00, have $3.47
[2025-07-29 09:38:24,669] sim INFO: [SIM] ALERT IBM: 4/4 → ['BB breakout', 'MACD 🚀', 'RSI 📈', 'Price > SMA50']
[2025-07-29 09:38:24,879] sim INFO: [SIM] insufficient cash for IBM: need $0.00, have $3.47
[2025-07-29 09:38:27,053] sim INFO: [SIM] ALERT INCY: 6/4 → ['BB breakout', 'MACD 🚀', 'RSI 📈', 'ATR % ≥ 0.7%', 'Range % ≥ 1.5', 'Price > SMA50']
[2025-07-29 09:38:27,225] sim INFO: [SIM] insufficient cash for INCY: need $0.00, have $3.47
[2025-07-29 09:38:31,973] sim INFO: [SIM] ALERT ISRG: 4/4 → ['BB breakout', 'MACD 🚀', 'RSI 📈', 'Price > SMA50']
[2025-07-29 09:38:32,157] sim INFO: [SIM] insufficient cash for ISRG: need $0.00, have $3.47
[2025-07-29 09:38:35,090] sim INFO: [SIM] ALERT JBL: 4/4 → ['BB breakout', 'MACD 🚀', 'RSI 📈', 'Price > SMA50']
[2025-07-29 09:38:35,289] sim INFO: [SIM] insufficient cash for JBL: need $0.00, have $3.47
[2025-07-29 09:38:36,375] sim INFO: [SIM] ALERT J: 4/4 → ['BB breakout', 'MACD 🚀', 'RSI 📈', 'Price > SMA50']
[2025-07-29 09:38:36,586] sim INFO: [SIM] insufficient cash for J: need $0.00, have $3.47
[2025-07-29 09:38:38,111] sim INFO: [SIM] ALERT JPM: 4/4 → ['BB breakout', 'MACD 🚀', 'RSI 📈', 'Price > SMA50']
[2025-07-29 09:38:38,282] sim INFO: [SIM] insufficient cash for JPM: need $0.00, have $3.47
[2025-07-29 09:38:39,087] sim INFO: [SIM] ALERT K: 4/4 → ['BB breakout', 'MACD 🚀', 'RSI 📈', 'Price > SMA50']
[2025-07-29 09:38:39,276] sim INFO: [SIM] insufficient cash for K: need $0.00, have $3.47
[2025-07-29 09:38:41,355] sim INFO: [SIM] ALERT KEYS: 4/4 → ['BB breakout', 'MACD 🚀', 'RSI 📈', 'Price > SMA50']
[2025-07-29 09:38:41,554] sim INFO: [SIM] insufficient cash for KEYS: need $0.00, have $3.47
[2025-07-29 09:38:42,475] sim INFO: [SIM] ALERT KIM: 4/4 → ['BB breakout', 'MACD 🚀', 'RSI 📈', 'Price > SMA50']
[2025-07-29 09:38:42,663] sim INFO: [SIM] insufficient cash for KIM: need $0.00, have $3.47
[2025-07-29 09:38:43,672] sim INFO: [SIM] ALERT KKR: 4/4 → ['BB breakout', 'MACD 🚀', 'RSI 📈', 'Price > SMA50']
[2025-07-29 09:38:43,842] sim INFO: [SIM] insufficient cash for KKR: need $0.00, have $3.47
[2025-07-29 09:38:45,830] sim INFO: [SIM] ALERT LHX: 4/4 → ['BB breakout', 'MACD 🚀', 'RSI 📈', 'Price > SMA50']
[2025-07-29 09:38:46,031] sim INFO: [SIM] insufficient cash for LHX: need $0.00, have $3.47
[2025-07-29 09:38:47,048] sim INFO: [SIM] ALERT LRCX: 4/4 → ['BB breakout', 'MACD 🚀', 'RSI 📈', 'Price > SMA50']
[2025-07-29 09:38:47,219] sim INFO: [SIM] insufficient cash for LRCX: need $0.00, have $3.47
[2025-07-29 09:38:53,073] sim INFO: [SIM] ALERT L: 4/4 → ['BB breakout', 'MACD 🚀', 'RSI 📈', 'Price > SMA50']
[2025-07-29 09:38:53,263] sim INFO: [SIM] insufficient cash for L: need $0.00, have $3.47
[2025-07-29 09:38:55,889] sim INFO: [SIM] ALERT MTB: 4/4 → ['BB breakout', 'MACD 🚀', 'RSI 📈', 'Price > SMA50']
[2025-07-29 09:38:56,079] sim INFO: [SIM] insufficient cash for MTB: need $0.00, have $3.47
[2025-07-29 09:39:03,102] sim INFO: [SIM] ALERT META: 4/4 → ['BB breakout', 'MACD 🚀', 'RSI 📈', 'Price > SMA50']
[2025-07-29 09:39:03,268] sim INFO: [SIM] insufficient cash for META: need $0.00, have $3.47
[2025-07-29 09:39:04,705] sim INFO: [SIM] ALERT MET: 4/4 → ['BB breakout', 'MACD 🚀', 'RSI 📈', 'Price > SMA50']
[2025-07-29 09:39:04,915] sim INFO: [SIM] insufficient cash for MET: need $0.00, have $3.47
[2025-07-29 09:39:06,791] sim INFO: [SIM] ALERT MCHP: 4/4 → ['BB breakout', 'MACD 🚀', 'RSI 📈', 'Price > SMA50']
[2025-07-29 09:39:06,990] sim INFO: [SIM] insufficient cash for MCHP: need $0.00, have $3.47
[2025-07-29 09:39:08,146] sim INFO: [SIM] ALERT MSFT: 4/4 → ['BB breakout', 'MACD 🚀', 'RSI 📈', 'Price > SMA50']
[2025-07-29 09:39:08,318] sim INFO: [SIM] insufficient cash for MSFT: need $0.00, have $3.47
[2025-07-29 09:39:12,196] sim INFO: [SIM] ALERT MPWR: 5/4 → ['BB breakout', 'MACD 🚀', 'RSI 📈', 'ATR14 ≥ 2.0', 'Price > SMA50']
[2025-07-29 09:39:12,362] sim INFO: [SIM] insufficient cash for MPWR: need $0.00, have $3.47
[2025-07-29 09:39:14,115] sim INFO: [SIM] ALERT MS: 4/4 → ['BB breakout', 'MACD 🚀', 'RSI 📈', 'Price > SMA50']
[2025-07-29 09:39:14,281] sim INFO: [SIM] insufficient cash for MS: need $0.00, have $3.47
[2025-07-29 09:39:15,620] sim INFO: [SIM] ALERT MSI: 4/4 → ['BB breakout', 'MACD 🚀', 'RSI 📈', 'Price > SMA50']
[2025-07-29 09:39:15,796] sim INFO: [SIM] insufficient cash for MSI: need $0.00, have $3.47
[2025-07-29 09:39:20,625] sim INFO: [SIM] ALERT NEE: 4/4 → ['BB breakout', 'MACD 🚀', 'RSI 📈', 'Price > SMA50']
[2025-07-29 09:39:20,797] sim INFO: [SIM] insufficient cash for NEE: need $0.00, have $3.47
[2025-07-29 09:39:23,220] sim INFO: [SIM] ALERT NTRS: 4/4 → ['BB breakout', 'MACD 🚀', 'RSI 📈', 'Price > SMA50']
[2025-07-29 09:39:23,397] sim INFO: [SIM] insufficient cash for NTRS: need $0.00, have $3.47
[2025-07-29 09:39:23,883] sim INFO: [SIM] ALERT NOC: 4/4 → ['BB breakout', 'MACD 🚀', 'RSI 📈', 'Price > SMA50']
[2025-07-29 09:39:24,050] sim INFO: [SIM] insufficient cash for NOC: need $0.00, have $3.47
[2025-07-29 09:39:25,060] sim INFO: [SIM] ALERT NRG: 4/4 → ['BB breakout', 'MACD 🚀', 'RSI 📈', 'Price > SMA50']
[2025-07-29 09:39:25,224] sim INFO: [SIM] insufficient cash for NRG: need $0.00, have $3.47
[2025-07-29 09:39:26,219] sim INFO: [SIM] ALERT NVDA: 4/4 → ['BB breakout', 'MACD 🚀', 'RSI 📈', 'Price > SMA50']
[2025-07-29 09:39:26,376] sim INFO: [SIM] insufficient cash for NVDA: need $0.00, have $3.47
[2025-07-29 09:39:27,321] sim INFO: [SIM] ALERT NXPI: 4/4 → ['BB breakout', 'MACD 🚀', 'RSI 📈', 'Price > SMA50']
[2025-07-29 09:39:27,487] sim INFO: [SIM] insufficient cash for NXPI: need $0.00, have $3.47
[2025-07-29 09:39:30,108] sim INFO: [SIM] ALERT ON: 4/4 → ['BB breakout', 'MACD 🚀', 'RSI 📈', 'Price > SMA50']
[2025-07-29 09:39:30,307] sim INFO: [SIM] insufficient cash for ON: need $0.00, have $3.47
[2025-07-29 09:39:30,755] sim INFO: [SIM] ALERT OKE: 4/4 → ['BB breakout', 'MACD 🚀', 'RSI 📈', 'Price > SMA50']
[2025-07-29 09:39:30,931] sim INFO: [SIM] insufficient cash for OKE: need $0.00, have $3.47
[2025-07-29 09:39:31,472] sim INFO: [SIM] ALERT ORCL: 4/4 → ['BB breakout', 'MACD 🚀', 'RSI 📈', 'Price > SMA50']
[2025-07-29 09:39:31,650] sim INFO: [SIM] insufficient cash for ORCL: need $0.00, have $3.47
[2025-07-29 09:39:33,484] sim INFO: [SIM] ALERT PLTR: 4/4 → ['BB breakout', 'MACD 🚀', 'RSI 📈', 'Price > SMA50']
[2025-07-29 09:39:33,689] sim INFO: [SIM] insufficient cash for PLTR: need $0.00, have $3.47
[2025-07-29 09:39:34,170] sim INFO: [SIM] ALERT PANW: 4/4 → ['BB breakout', 'MACD 🚀', 'RSI 📈', 'Price > SMA50']
[2025-07-29 09:39:34,431] sim INFO: [SIM] insufficient cash for PANW: need $0.00, have $3.47
[2025-07-29 09:39:35,651] sim INFO: [SIM] ALERT PH: 4/4 → ['BB breakout', 'MACD 🚀', 'RSI 📈', 'Price > SMA50']
[2025-07-29 09:39:35,828] sim INFO: [SIM] insufficient cash for PH: need $0.00, have $3.47
[2025-07-29 09:39:39,971] sim INFO: [SIM] ALERT PM: 4/4 → ['BB breakout', 'MACD 🚀', 'RSI 📈', 'Price > SMA50']
[2025-07-29 09:39:40,162] sim INFO: [SIM] insufficient cash for PM: need $0.00, have $3.47
[2025-07-29 09:39:44,166] sim INFO: [SIM] ALERT PFG: 4/4 → ['BB breakout', 'MACD 🚀', 'RSI 📈', 'Price > SMA50']
[2025-07-29 09:39:44,340] sim INFO: [SIM] insufficient cash for PFG: need $0.00, have $3.47
[2025-07-29 09:39:46,717] sim INFO: [SIM] ALERT PRU: 4/4 → ['BB breakout', 'MACD 🚀', 'RSI 📈', 'Price > SMA50']
[2025-07-29 09:39:46,863] sim INFO: [SIM] insufficient cash for PRU: need $0.00, have $3.47
[2025-07-29 09:39:47,360] sim INFO: [SIM] ALERT PEG: 4/4 → ['BB breakout', 'MACD 🚀', 'RSI 📈', 'Price > SMA50']
[2025-07-29 09:39:47,515] sim INFO: [SIM] insufficient cash for PEG: need $0.00, have $3.47
[2025-07-29 09:39:52,104] sim INFO: [SIM] ALERT QCOM: 4/4 → ['BB breakout', 'MACD 🚀', 'RSI 📈', 'Price > SMA50']
[2025-07-29 09:39:52,278] sim INFO: [SIM] insufficient cash for QCOM: need $0.00, have $3.47
[2025-07-29 09:39:53,749] sim INFO: [SIM] ALERT RJF: 4/4 → ['BB breakout', 'MACD 🚀', 'RSI 📈', 'Price > SMA50']
[2025-07-29 09:39:53,928] sim INFO: [SIM] insufficient cash for RJF: need $0.00, have $3.47
[2025-07-29 09:39:54,432] sim INFO: [SIM] ALERT RTX: 4/4 → ['BB breakout', 'MACD 🚀', 'RSI 📈', 'Price > SMA50']
[2025-07-29 09:39:54,601] sim INFO: [SIM] insufficient cash for RTX: need $0.00, have $3.47
[2025-07-29 09:39:56,496] sim INFO: [SIM] ALERT RF: 4/4 → ['BB breakout', 'MACD 🚀', 'RSI 📈', 'Price > SMA50']
[2025-07-29 09:39:56,660] sim INFO: [SIM] insufficient cash for RF: need $0.00, have $3.47
[2025-07-29 09:39:57,268] sim INFO: [SIM] ALERT RSG: 4/4 → ['BB breakout', 'MACD 🚀', 'RSI 📈', 'Price > SMA50']
[2025-07-29 09:39:57,446] sim INFO: [SIM] insufficient cash for RSG: need $0.00, have $3.47
[2025-07-29 09:40:02,546] sim INFO: [SIM] ALERT CRM: 4/4 → ['BB breakout', 'MACD 🚀', 'RSI 📈', 'Price > SMA50']
[2025-07-29 09:40:02,814] sim INFO: [SIM] insufficient cash for CRM: need $0.00, have $3.47
[2025-07-29 09:40:04,777] sim INFO: [SIM] ALERT STX: 4/4 → ['BB breakout', 'MACD 🚀', 'RSI 📈', 'Price > SMA50']
[2025-07-29 09:40:04,956] sim INFO: [SIM] insufficient cash for STX: need $0.00, have $3.47
[2025-07-29 09:40:05,591] sim INFO: [SIM] ALERT SRE: 4/4 → ['BB breakout', 'MACD 🚀', 'RSI 📈', 'Price > SMA50']
[2025-07-29 09:40:05,807] sim INFO: [SIM] insufficient cash for SRE: need $0.00, have $3.47
[2025-07-29 09:40:06,515] sim INFO: [SIM] ALERT NOW: 5/4 → ['BB breakout', 'MACD 🚀', 'RSI 📈', 'ATR14 ≥ 2.0', 'Price > SMA50']
[2025-07-29 09:40:06,701] sim INFO: [SIM] insufficient cash for NOW: need $0.00, have $3.47
[2025-07-29 09:40:09,120] sim INFO: [SIM] ALERT SJM: 4/4 → ['BB breakout', 'MACD 🚀', 'RSI 📈', 'Price > SMA50']
[2025-07-29 09:40:09,285] sim INFO: [SIM] insufficient cash for SJM: need $0.00, have $3.47
[2025-07-29 09:40:11,735] sim INFO: [SIM] ALERT SO: 4/4 → ['BB breakout', 'MACD 🚀', 'RSI 📈', 'Price > SMA50']
[2025-07-29 09:40:11,981] sim INFO: [SIM] insufficient cash for SO: need $0.00, have $3.47
[2025-07-29 09:40:12,599] sim INFO: [SIM] ALERT LUV: 4/4 → ['BB breakout', 'MACD 🚀', 'RSI 📈', 'Price > SMA50']
[2025-07-29 09:40:12,747] sim INFO: [SIM] insufficient cash for LUV: need $0.00, have $3.47
[2025-07-29 09:40:15,072] sim INFO: [SIM] ALERT STT: 4/4 → ['BB breakout', 'MACD 🚀', 'RSI 📈', 'Price > SMA50']
[2025-07-29 09:40:15,263] sim INFO: [SIM] insufficient cash for STT: need $0.00, have $3.47
[2025-07-29 09:40:18,297] sim INFO: [SIM] ALERT SYF: 4/4 → ['BB breakout', 'MACD 🚀', 'RSI 📈', 'Price > SMA50']
[2025-07-29 09:40:18,467] sim INFO: [SIM] insufficient cash for SYF: need $0.00, have $3.47
[2025-07-29 09:40:19,040] sim INFO: [SIM] ALERT SNPS: 6/4 → ['BB breakout', 'MACD 🚀', 'RSI 📈', 'ATR14 ≥ 2.0', 'ATR % ≥ 0.7%', 'Price > SMA50']
[2025-07-29 09:40:19,236] sim INFO: [SIM] insufficient cash for SNPS: need $0.00, have $3.47
[2025-07-29 09:40:32,023] sim INFO: [SIM] ALERT TDG: 5/4 → ['BB breakout', 'MACD 🚀', 'RSI 📈', 'ATR14 ≥ 2.0', 'Price > SMA50']
[2025-07-29 09:40:32,224] sim INFO: [SIM] insufficient cash for TDG: need $0.00, have $3.47
[2025-07-29 09:40:42,921] sim INFO: [SIM] ALERT VLTO: 4/4 → ['BB breakout', 'MACD 🚀', 'RSI 📈', 'Price > SMA50']
[2025-07-29 09:40:43,107] sim INFO: [SIM] insufficient cash for VLTO: need $0.00, have $3.47
[2025-07-29 09:40:48,192] sim INFO: [SIM] ALERT VMC: 4/4 → ['BB breakout', 'MACD 🚀', 'RSI 📈', 'Price > SMA50']
[2025-07-29 09:40:48,339] sim INFO: [SIM] insufficient cash for VMC: need $0.00, have $3.47
[2025-07-29 09:40:53,058] sim INFO: [SIM] ALERT WM: 4/4 → ['BB breakout', 'MACD 🚀', 'RSI 📈', 'Price > SMA50']
[2025-07-29 09:40:53,194] sim INFO: [SIM] insufficient cash for WM: need $0.00, have $3.47
[2025-07-29 09:40:55,422] sim INFO: [SIM] ALERT WELL: 4/4 → ['BB breakout', 'MACD 🚀', 'RSI 📈', 'Price > SMA50']
[2025-07-29 09:40:55,590] sim INFO: [SIM] insufficient cash for WELL: need $0.00, have $3.47
[2025-07-29 09:40:56,778] sim INFO: [SIM] ALERT WDC: 4/4 → ['BB breakout', 'MACD 🚀', 'RSI 📈', 'Price > SMA50']
[2025-07-29 09:40:56,940] sim INFO: [SIM] insufficient cash for WDC: need $0.00, have $3.47
[2025-07-29 09:40:58,538] sim INFO: [SIM] ALERT WMB: 4/4 → ['BB breakout', 'MACD 🚀', 'RSI 📈', 'Price > SMA50']
[2025-07-29 09:40:58,691] sim INFO: [SIM] insufficient cash for WMB: need $0.00, have $3.47
[2025-07-29 09:40:59,766] sim INFO: [SIM] ALERT WDAY: 4/4 → ['BB breakout', 'MACD 🚀', 'RSI 📈', 'Price > SMA50']
[2025-07-29 09:40:59,929] sim INFO: [SIM] insufficient cash for WDAY: need $0.00, have $3.47
[2025-07-29 09:41:03,952] sim INFO: 🔁 Starting scan loop iteration
[2025-07-29 09:41:04,548] sim INFO: [SIM] ALERT MMM: 4/4 → ['BB breakout', 'MACD 🚀', 'RSI 📈', 'Price > SMA50']
[2025-07-29 09:41:04,734] sim INFO: [SIM] insufficient cash for MMM: need $0.00, have $3.47
[2025-07-29 09:41:06,947] sim INFO: [SIM] ALERT ACN: 4/4 → ['BB breakout', 'MACD 🚀', 'RSI 📈', 'Price > SMA50']
[2025-07-29 09:41:07,125] sim INFO: [SIM] insufficient cash for ACN: need $0.00, have $3.47
[2025-07-29 09:41:08,210] sim INFO: [SIM] ALERT AMD: 4/4 → ['BB breakout', 'MACD 🚀', 'RSI 📈', 'Price > SMA50']
[2025-07-29 09:41:08,496] sim INFO: [SIM] insufficient cash for AMD: need $0.00, have $3.47
[2025-07-29 09:41:15,573] sim INFO: [SIM] ALERT GOOGL: 4/4 → ['BB breakout', 'MACD 🚀', 'RSI 📈', 'Price > SMA50']
[2025-07-29 09:41:15,769] sim INFO: [SIM] insufficient cash for GOOGL: need $0.00, have $3.47
[2025-07-29 09:41:16,321] sim INFO: [SIM] ALERT GOOG: 4/4 → ['BB breakout', 'MACD 🚀', 'RSI 📈', 'Price > SMA50']
[2025-07-29 09:41:16,512] sim INFO: [SIM] insufficient cash for GOOG: need $0.00, have $3.47
[2025-07-29 09:41:20,045] sim INFO: [SIM] ALERT AXP: 4/4 → ['BB breakout', 'MACD 🚀', 'RSI 📈', 'Price > SMA50']
[2025-07-29 09:41:20,215] sim INFO: [SIM] insufficient cash for AXP: need $0.00, have $3.47
[2025-07-29 09:41:20,746] sim INFO: [SIM] ALERT AIG: 4/4 → ['BB breakout', 'MACD 🚀', 'RSI 📈', 'Price > SMA50']
[2025-07-29 09:41:20,956] sim INFO: [SIM] insufficient cash for AIG: need $0.00, have $3.47
[2025-07-29 09:41:24,401] sim INFO: [SIM] ALERT APH: 4/4 → ['BB breakout', 'MACD 🚀', 'RSI 📈', 'Price > SMA50']
[2025-07-29 09:41:24,581] sim INFO: [SIM] insufficient cash for APH: need $0.00, have $3.47
[2025-07-29 09:41:25,155] sim INFO: [SIM] ALERT ADI: 4/4 → ['BB breakout', 'MACD 🚀', 'RSI 📈', 'Price > SMA50']
[2025-07-29 09:41:25,312] sim INFO: [SIM] insufficient cash for ADI: need $0.00, have $3.47
[2025-07-29 09:41:28,406] sim INFO: [SIM] ALERT AMAT: 4/4 → ['BB breakout', 'MACD 🚀', 'RSI 📈', 'Price > SMA50']
[2025-07-29 09:41:28,581] sim INFO: [SIM] insufficient cash for AMAT: need $0.00, have $3.47
[2025-07-29 09:41:30,764] sim INFO: [SIM] ALERT ANET: 4/4 → ['BB breakout', 'MACD 🚀', 'RSI 📈', 'Price > SMA50']
[2025-07-29 09:41:30,961] sim INFO: [SIM] insufficient cash for ANET: need $0.00, have $3.47
[2025-07-29 09:41:36,389] sim INFO: [SIM] ALERT AXON: 4/4 → ['BB breakout', 'MACD 🚀', 'RSI 📈', 'Price > SMA50']
[2025-07-29 09:41:36,546] sim INFO: [SIM] insufficient cash for AXON: need $0.00, have $3.47
[2025-07-29 09:41:41,869] sim INFO: [SIM] ALERT BLK: 4/4 → ['BB breakout', 'MACD 🚀', 'RSI 📈', 'Price > SMA50']
[2025-07-29 09:41:42,059] sim INFO: [SIM] insufficient cash for BLK: need $0.00, have $3.47
[2025-07-29 09:41:43,449] sim INFO: [SIM] ALERT BK: 4/4 → ['BB breakout', 'MACD 🚀', 'RSI 📈', 'Price > SMA50']
[2025-07-29 09:41:43,695] sim INFO: [SIM] insufficient cash for BK: need $0.00, have $3.47
[2025-07-29 09:41:45,430] sim INFO: [SIM] ALERT BSX: 4/4 → ['BB breakout', 'MACD 🚀', 'RSI 📈', 'Price > SMA50']
[2025-07-29 09:41:45,636] sim INFO: [SIM] insufficient cash for BSX: need $0.00, have $3.47
[2025-07-29 09:41:46,637] sim INFO: [SIM] ALERT AVGO: 4/4 → ['BB breakout', 'MACD 🚀', 'RSI 📈', 'Price > SMA50']
[2025-07-29 09:41:46,807] sim INFO: [SIM] insufficient cash for AVGO: need $0.00, have $3.47
[2025-07-29 09:41:51,462] sim INFO: [SIM] ALERT CDNS: 6/4 → ['BB breakout', 'MACD 🚀', 'RSI 📈', 'ATR14 ≥ 2.0', 'ATR % ≥ 0.7%', 'Price > SMA50']
[2025-07-29 09:41:51,677] sim INFO: [SIM] insufficient cash for CDNS: need $0.00, have $3.47
[2025-07-29 09:41:53,729] sim INFO: [SIM] ALERT COF: 4/4 → ['BB breakout', 'MACD 🚀', 'RSI 📈', 'Price > SMA50']
[2025-07-29 09:41:53,903] sim INFO: [SIM] insufficient cash for COF: need $0.00, have $3.47
[2025-07-29 09:41:57,724] sim INFO: [SIM] ALERT CBRE: 5/4 → ['BB breakout', 'MACD 🚀', 'RSI 📈', 'ATR % ≥ 0.7%', 'Price > SMA50']
[2025-07-29 09:41:57,896] sim INFO: [SIM] insufficient cash for CBRE: need $0.00, have $3.47
[2025-07-29 09:42:03,401] sim INFO: [SIM] ALERT SCHW: 4/4 → ['BB breakout', 'MACD 🚀', 'RSI 📈', 'Price > SMA50']
[2025-07-29 09:42:03,546] sim INFO: [SIM] insufficient cash for SCHW: need $0.00, have $3.47
[2025-07-29 09:42:05,704] sim INFO: [SIM] ALERT CB: 4/4 → ['BB breakout', 'MACD 🚀', 'RSI 📈', 'Price > SMA50']
[2025-07-29 09:42:05,873] sim INFO: [SIM] insufficient cash for CB: need $0.00, have $3.47
[2025-07-29 09:42:07,519] sim INFO: [SIM] ALERT CINF: 4/4 → ['BB breakout', 'MACD 🚀', 'RSI 📈', 'Price > SMA50']
[2025-07-29 09:42:07,681] sim INFO: [SIM] insufficient cash for CINF: need $0.00, have $3.47
[2025-07-29 09:42:08,793] sim INFO: [SIM] ALERT CSCO: 4/4 → ['BB breakout', 'MACD 🚀', 'RSI 📈', 'Price > SMA50']
[2025-07-29 09:42:08,952] sim INFO: [SIM] insufficient cash for CSCO: need $0.00, have $3.47
[2025-07-29 09:42:09,398] sim INFO: [SIM] ALERT C: 4/4 → ['BB breakout', 'MACD 🚀', 'RSI 📈', 'Price > SMA50']
[2025-07-29 09:42:09,603] sim INFO: [SIM] insufficient cash for C: need $0.00, have $3.47
[2025-07-29 09:42:16,894] sim INFO: [SIM] ALERT CEG: 4/4 → ['BB breakout', 'MACD 🚀', 'RSI 📈', 'Price > SMA50']
[2025-07-29 09:42:17,078] sim INFO: [SIM] insufficient cash for CEG: need $0.00, have $3.47
[2025-07-29 09:42:18,502] sim INFO: [SIM] ALERT GLW: 5/4 → ['BB breakout', 'MACD 🚀', 'RSI 📈', 'ATR % ≥ 0.7%', 'Price > SMA50']
[2025-07-29 09:42:18,671] sim INFO: [SIM] insufficient cash for GLW: need $0.00, have $3.47
[2025-07-29 09:42:23,670] sim INFO: [SIM] ALERT CVS: 4/4 → ['BB breakout', 'MACD 🚀', 'RSI 📈', 'Price > SMA50']
[2025-07-29 09:42:23,842] sim INFO: [SIM] insufficient cash for CVS: need $0.00, have $3.47
[2025-07-29 09:42:27,710] sim INFO: [SIM] ALERT DELL: 4/4 → ['BB breakout', 'MACD 🚀', 'RSI 📈', 'Price > SMA50']
[2025-07-29 09:42:27,892] sim INFO: [SIM] insufficient cash for DELL: need $0.00, have $3.47
[2025-07-29 09:42:34,916] sim INFO: [SIM] ALERT DHI: 4/4 → ['BB breakout', 'MACD 🚀', 'RSI 📈', 'Price > SMA50']
[2025-07-29 09:42:35,098] sim INFO: [SIM] insufficient cash for DHI: need $0.00, have $3.47
[2025-07-29 09:42:37,783] sim INFO: [SIM] ALERT ETN: 4/4 → ['BB breakout', 'MACD 🚀', 'RSI 📈', 'Price > SMA50']
[2025-07-29 09:42:37,997] sim INFO: [SIM] insufficient cash for ETN: need $0.00, have $3.47
[2025-07-29 09:42:41,899] sim INFO: [SIM] ALERT ELV: 4/4 → ['BB breakout', 'MACD 🚀', 'RSI 📈', 'Price > SMA50']
[2025-07-29 09:42:42,090] sim INFO: [SIM] insufficient cash for ELV: need $0.00, have $3.47
[2025-07-29 09:42:42,608] sim INFO: [SIM] ALERT EMR: 4/4 → ['BB breakout', 'MACD 🚀', 'RSI 📈', 'Price > SMA50']
[2025-07-29 09:42:42,797] sim INFO: [SIM] insufficient cash for EMR: need $0.00, have $3.47
[2025-07-29 09:42:54,591] sim INFO: [SIM] ALERT FFIV: 4/4 → ['BB breakout', 'MACD 🚀', 'RSI 📈', 'Price > SMA50']
[2025-07-29 09:42:54,793] sim INFO: [SIM] insufficient cash for FFIV: need $0.00, have $3.47
[2025-07-29 09:42:55,774] sim INFO: [SIM] ALERT FICO: 4/4 → ['BB breakout', 'MACD 🚀', 'ATR14 ≥ 2.0', 'Price > SMA50']
[2025-07-29 09:42:55,973] sim INFO: [SIM] insufficient cash for FICO: need $0.00, have $3.47
[2025-07-29 09:43:06,173] sim INFO: [SIM] ALERT GE: 4/4 → ['BB breakout', 'MACD 🚀', 'RSI 📈', 'Price > SMA50']
[2025-07-29 09:43:06,345] sim INFO: [SIM] insufficient cash for GE: need $0.00, have $3.47
[2025-07-29 09:43:09,285] sim INFO: [SIM] ALERT GD: 4/4 → ['BB breakout', 'MACD 🚀', 'RSI 📈', 'Price > SMA50']
[2025-07-29 09:43:09,447] sim INFO: [SIM] insufficient cash for GD: need $0.00, have $3.47
[2025-07-29 09:43:14,459] sim INFO: [SIM] ALERT GL: 6/4 → ['BB breakout', 'MACD 🚀', 'RSI 📈', 'ATR % ≥ 0.7%', 'Range % ≥ 1.5', 'Price > SMA50']
[2025-07-29 09:43:14,633] sim INFO: [SIM] insufficient cash for GL: need $0.00, have $3.47
[2025-07-29 09:43:16,942] sim INFO: [SIM] ALERT HIG: 5/4 → ['BB breakout', 'MACD 🚀', 'RSI 📈', 'Range % ≥ 1.5', 'Price > SMA50']
[2025-07-29 09:43:17,112] sim INFO: [SIM] insufficient cash for HIG: need $0.00, have $3.47
[2025-07-29 09:43:24,230] sim INFO: [SIM] ALERT HWM: 4/4 → ['BB breakout', 'MACD 🚀', 'RSI 📈', 'Price > SMA50']
[2025-07-29 09:43:24,407] sim INFO: [SIM] insufficient cash for HWM: need $0.00, have $3.47
[2025-07-29 09:43:26,977] sim INFO: [SIM] ALERT HII: 4/4 → ['BB breakout', 'MACD 🚀', 'RSI 📈', 'Price > SMA50']
[2025-07-29 09:43:27,144] sim INFO: [SIM] insufficient cash for HII: need $0.00, have $3.47
[2025-07-29 09:43:29,655] sim INFO: [SIM] ALERT INCY: 6/4 → ['BB breakout', 'MACD 🚀', 'RSI 📈', 'ATR % ≥ 0.7%', 'Range % ≥ 1.5', 'Price > SMA50']
[2025-07-29 09:43:29,822] sim INFO: [SIM] insufficient cash for INCY: need $0.00, have $3.47
[2025-07-29 09:43:34,570] sim INFO: [SIM] ALERT ISRG: 4/4 → ['BB breakout', 'MACD 🚀', 'RSI 📈', 'Price > SMA50']
[2025-07-29 09:43:34,748] sim INFO: [SIM] insufficient cash for ISRG: need $0.00, have $3.47
[2025-07-29 09:43:37,903] sim INFO: [SIM] ALERT JBL: 4/4 → ['MACD 🚀', 'RSI 📈', 'Range % ≥ 1.5', 'Price > SMA50']
[2025-07-29 09:43:38,073] sim INFO: [SIM] insufficient cash for JBL: need $0.00, have $3.47
[2025-07-29 09:43:40,516] sim INFO: [SIM] ALERT JPM: 4/4 → ['BB breakout', 'MACD 🚀', 'RSI 📈', 'Price > SMA50']
[2025-07-29 09:43:40,687] sim INFO: [SIM] insufficient cash for JPM: need $0.00, have $3.47
[2025-07-29 09:43:43,959] sim INFO: [SIM] ALERT KEYS: 4/4 → ['BB breakout', 'MACD 🚀', 'RSI 📈', 'Price > SMA50']
[2025-07-29 09:43:44,127] sim INFO: [SIM] insufficient cash for KEYS: need $0.00, have $3.47
[2025-07-29 09:43:46,587] sim INFO: [SIM] ALERT KLAC: 4/4 → ['BB breakout', 'MACD 🚀', 'ATR14 ≥ 2.0', 'Price > SMA50']
[2025-07-29 09:43:46,741] sim INFO: [SIM] insufficient cash for KLAC: need $0.00, have $3.47
[2025-07-29 09:43:49,404] sim INFO: [SIM] ALERT LRCX: 4/4 → ['BB breakout', 'MACD 🚀', 'RSI 📈', 'Price > SMA50']
[2025-07-29 09:43:49,574] sim INFO: [SIM] insufficient cash for LRCX: need $0.00, have $3.47
[2025-07-29 09:43:55,330] sim INFO: [SIM] ALERT L: 4/4 → ['BB breakout', 'MACD 🚀', 'RSI 📈', 'Price > SMA50']
[2025-07-29 09:43:55,499] sim INFO: [SIM] insufficient cash for L: need $0.00, have $3.47
[2025-07-29 09:43:57,445] sim INFO: [SIM] ALERT MTB: 4/4 → ['BB breakout', 'MACD 🚀', 'RSI 📈', 'Price > SMA50']
[2025-07-29 09:43:57,607] sim INFO: [SIM] insufficient cash for MTB: need $0.00, have $3.47
[2025-07-29 09:44:05,099] sim INFO: [SIM] ALERT MET: 4/4 → ['BB breakout', 'MACD 🚀', 'RSI 📈', 'Price > SMA50']
[2025-07-29 09:44:05,327] sim INFO: [SIM] insufficient cash for MET: need $0.00, have $3.47
[2025-07-29 09:44:07,730] sim INFO: [SIM] ALERT MSFT: 4/4 → ['BB breakout', 'MACD 🚀', 'RSI 📈', 'Price > SMA50']
[2025-07-29 09:44:07,898] sim INFO: [SIM] insufficient cash for MSFT: need $0.00, have $3.47
[2025-07-29 09:44:12,881] sim INFO: [SIM] ALERT MS: 4/4 → ['BB breakout', 'MACD 🚀', 'RSI 📈', 'Price > SMA50']
[2025-07-29 09:44:13,085] sim INFO: [SIM] insufficient cash for MS: need $0.00, have $3.47
[2025-07-29 09:44:15,169] sim INFO: [SIM] ALERT MSI: 4/4 → ['BB breakout', 'MACD 🚀', 'RSI 📈', 'Price > SMA50']
[2025-07-29 09:44:15,397] sim INFO: [SIM] insufficient cash for MSI: need $0.00, have $3.47
[2025-07-29 09:44:15,854] sim INFO: [SIM] ALERT MSCI: 5/4 → ['BB breakout', 'MACD 🚀', 'RSI 📈', 'ATR14 ≥ 2.0', 'Price > SMA50']
[2025-07-29 09:44:16,043] sim INFO: [SIM] insufficient cash for MSCI: need $0.00, have $3.47
[2025-07-29 09:44:19,657] sim INFO: [SIM] ALERT NEE: 4/4 → ['BB breakout', 'MACD 🚀', 'RSI 📈', 'Price > SMA50']
[2025-07-29 09:44:19,842] sim INFO: [SIM] insufficient cash for NEE: need $0.00, have $3.47
[2025-07-29 09:44:22,146] sim INFO: [SIM] ALERT NTRS: 4/4 → ['BB breakout', 'MACD 🚀', 'RSI 📈', 'Price > SMA50']
[2025-07-29 09:44:22,329] sim INFO: [SIM] insufficient cash for NTRS: need $0.00, have $3.47
[2025-07-29 09:44:24,933] sim INFO: [SIM] ALERT NVDA: 4/4 → ['BB breakout', 'MACD 🚀', 'RSI 📈', 'Price > SMA50']
[2025-07-29 09:44:25,122] sim INFO: [SIM] insufficient cash for NVDA: need $0.00, have $3.47
[2025-07-29 09:44:26,160] sim INFO: [SIM] ALERT NXPI: 4/4 → ['BB breakout', 'MACD 🚀', 'RSI 📈', 'Price > SMA50']
[2025-07-29 09:44:26,349] sim INFO: [SIM] insufficient cash for NXPI: need $0.00, have $3.47
[2025-07-29 09:44:26,960] sim INFO: [SIM] ALERT ORLY: 4/4 → ['BB breakout', 'MACD 🚀', 'RSI 📈', 'Price > SMA50']
[2025-07-29 09:44:27,138] sim INFO: [SIM] insufficient cash for ORLY: need $0.00, have $3.47
[2025-07-29 09:44:30,188] sim INFO: [SIM] ALERT ORCL: 4/4 → ['MACD 🚀', 'RSI 📈', 'Range % ≥ 1.5', 'Price > SMA50']
[2025-07-29 09:44:30,357] sim INFO: [SIM] insufficient cash for ORCL: need $0.00, have $3.47
[2025-07-29 09:44:32,842] sim INFO: [SIM] ALERT PANW: 4/4 → ['BB breakout', 'MACD 🚀', 'RSI 📈', 'Price > SMA50']
[2025-07-29 09:44:33,034] sim INFO: [SIM] insufficient cash for PANW: need $0.00, have $3.47
[2025-07-29 09:44:34,032] sim INFO: [SIM] ALERT PH: 4/4 → ['BB breakout', 'MACD 🚀', 'RSI 📈', 'Price > SMA50']
[2025-07-29 09:44:34,187] sim INFO: [SIM] insufficient cash for PH: need $0.00, have $3.47
[2025-07-29 09:44:38,542] sim INFO: [SIM] ALERT PM: 4/4 → ['BB breakout', 'MACD 🚀', 'RSI 📈', 'Price > SMA50']
[2025-07-29 09:44:38,735] sim INFO: [SIM] insufficient cash for PM: need $0.00, have $3.47
[2025-07-29 09:44:42,631] sim INFO: [SIM] ALERT PFG: 4/4 → ['BB breakout', 'MACD 🚀', 'RSI 📈', 'Price > SMA50']
[2025-07-29 09:44:42,790] sim INFO: [SIM] insufficient cash for PFG: need $0.00, have $3.47
[2025-07-29 09:44:45,020] sim INFO: [SIM] ALERT PRU: 4/4 → ['BB breakout', 'MACD 🚀', 'RSI 📈', 'Price > SMA50']
[2025-07-29 09:44:45,193] sim INFO: [SIM] insufficient cash for PRU: need $0.00, have $3.47
[2025-07-29 09:44:45,801] sim INFO: [SIM] ALERT PEG: 4/4 → ['BB breakout', 'MACD 🚀', 'RSI 📈', 'Price > SMA50']
[2025-07-29 09:44:45,950] sim INFO: [SIM] insufficient cash for PEG: need $0.00, have $3.47
[2025-07-29 09:44:50,315] sim INFO: [SIM] ALERT RJF: 4/4 → ['BB breakout', 'MACD 🚀', 'RSI 📈', 'Price > SMA50']
[2025-07-29 09:44:50,500] sim INFO: [SIM] insufficient cash for RJF: need $0.00, have $3.47
[2025-07-29 09:44:53,959] sim INFO: [SIM] ALERT RSG: 5/4 → ['BB breakout', 'MACD 🚀', 'RSI 📈', 'Range % ≥ 1.5', 'Price > SMA50']
[2025-07-29 09:44:54,375] sim INFO: [SIM] insufficient cash for RSG: need $0.00, have $3.47
[2025-07-29 09:45:01,331] sim INFO: [SIM] ALERT STX: 4/4 → ['BB breakout', 'MACD 🚀', 'RSI 📈', 'Price > SMA50']
[2025-07-29 09:45:01,492] sim INFO: [SIM] insufficient cash for STX: need $0.00, have $3.47
[2025-07-29 09:45:02,603] sim INFO: [SIM] ALERT NOW: 4/4 → ['MACD 🚀', 'ATR14 ≥ 2.0', 'Range % ≥ 1.5', 'Price > SMA50']
[2025-07-29 09:45:02,781] sim INFO: [SIM] insufficient cash for NOW: need $0.00, have $3.47
[2025-07-29 09:45:05,389] sim INFO: [SIM] ALERT SJM: 4/4 → ['BB breakout', 'MACD 🚀', 'RSI 📈', 'Price > SMA50']
[2025-07-29 09:45:05,554] sim INFO: [SIM] insufficient cash for SJM: need $0.00, have $3.47
[2025-07-29 09:45:14,099] sim INFO: [SIM] ALERT SNPS: 6/4 → ['BB breakout', 'MACD 🚀', 'RSI 📈', 'ATR14 ≥ 2.0', 'ATR % ≥ 0.7%', 'Price > SMA50']
[2025-07-29 09:45:14,310] sim INFO: [SIM] insufficient cash for SNPS: need $0.00, have $3.47
[2025-07-29 09:45:17,848] sim INFO: [SIM] ALERT TRGP: 4/4 → ['BB breakout', 'MACD 🚀', 'RSI 📈', 'Price > SMA50']
[2025-07-29 09:45:18,005] sim INFO: [SIM] insufficient cash for TRGP: need $0.00, have $3.47
[2025-07-29 09:45:25,944] sim INFO: [SIM] ALERT TDG: 4/4 → ['BB breakout', 'MACD 🚀', 'ATR14 ≥ 2.0', 'Price > SMA50']
[2025-07-29 09:45:26,129] sim INFO: [SIM] insufficient cash for TDG: need $0.00, have $3.47
[2025-07-29 09:45:26,765] sim INFO: [SIM] ALERT TRV: 4/4 → ['BB breakout', 'MACD 🚀', 'RSI 📈', 'Price > SMA50']
[2025-07-29 09:45:26,930] sim INFO: [SIM] insufficient cash for TRV: need $0.00, have $3.47
[2025-07-29 09:45:45,350] sim INFO: [SIM] ALERT WRB: 4/4 → ['BB breakout', 'MACD 🚀', 'RSI 📈', 'Price > SMA50']
[2025-07-29 09:45:45,510] sim INFO: [SIM] insufficient cash for WRB: need $0.00, have $3.47
[2025-07-29 09:45:47,608] sim INFO: [SIM] ALERT WMT: 4/4 → ['BB breakout', 'MACD 🚀', 'RSI 📈', 'Price > SMA50']
[2025-07-29 09:45:47,787] sim INFO: [SIM] insufficient cash for WMT: need $0.00, have $3.47
[2025-07-29 09:45:49,581] sim INFO: [SIM] ALERT WM: 5/4 → ['BB breakout', 'MACD 🚀', 'RSI 📈', 'ATR % ≥ 0.7%', 'Price > SMA50']
[2025-07-29 09:45:49,748] sim INFO: [SIM] insufficient cash for WM: need $0.00, have $3.47
[2025-07-29 09:45:54,783] sim INFO: [SIM] ALERT WMB: 4/4 → ['BB breakout', 'MACD 🚀', 'RSI 📈', 'Price > SMA50']
[2025-07-29 09:45:55,000] sim INFO: [SIM] insufficient cash for WMB: need $0.00, have $3.47
[2025-07-29 09:45:56,018] sim INFO: [SIM] ALERT WDAY: 4/4 → ['BB breakout', 'MACD 🚀', 'RSI 📈', 'Price > SMA50']
[2025-07-29 09:45:56,170] sim INFO: [SIM] insufficient cash for WDAY: need $0.00, have $3.47
[2025-07-29 09:45:59,726] sim INFO: 🔁 Starting scan loop iteration
[2025-07-29 09:46:00,212] sim INFO: [SIM] ALERT MMM: 4/4 → ['BB breakout', 'MACD 🚀', 'RSI 📈', 'Price > SMA50']
[2025-07-29 09:46:00,352] sim INFO: [SIM] insufficient cash for MMM: need $0.00, have $3.47
[2025-07-29 09:46:03,376] sim INFO: [SIM] ALERT AMD: 4/4 → ['BB breakout', 'MACD 🚀', 'RSI 📈', 'Price > SMA50']
[2025-07-29 09:46:03,557] sim INFO: [SIM] insufficient cash for AMD: need $0.00, have $3.47
[2025-07-29 09:46:14,183] sim INFO: [SIM] ALERT AXP: 4/4 → ['BB breakout', 'MACD 🚀', 'RSI 📈', 'Price > SMA50']
[2025-07-29 09:46:14,356] sim INFO: [SIM] insufficient cash for AXP: need $0.00, have $3.47
[2025-07-29 09:46:14,910] sim INFO: [SIM] ALERT AIG: 4/4 → ['BB breakout', 'MACD 🚀', 'RSI 📈', 'Price > SMA50']
[2025-07-29 09:46:15,114] sim INFO: [SIM] insufficient cash for AIG: need $0.00, have $3.47
[2025-07-29 09:46:18,226] sim INFO: [SIM] ALERT APH: 4/4 → ['BB breakout', 'MACD 🚀', 'RSI 📈', 'Price > SMA50']
[2025-07-29 09:46:18,413] sim INFO: [SIM] insufficient cash for APH: need $0.00, have $3.47
[2025-07-29 09:46:22,039] sim INFO: [SIM] ALERT AMAT: 4/4 → ['BB breakout', 'MACD 🚀', 'RSI 📈', 'Price > SMA50']
[2025-07-29 09:46:22,205] sim INFO: [SIM] insufficient cash for AMAT: need $0.00, have $3.47
[2025-07-29 09:46:27,685] sim INFO: [SIM] ALERT AZO: 5/4 → ['BB breakout', 'MACD 🚀', 'RSI 📈', 'ATR14 ≥ 2.0', 'Price > SMA50']
[2025-07-29 09:46:27,850] sim INFO: [SIM] insufficient cash for AZO: need $0.00, have $3.47
[2025-07-29 09:46:29,374] sim INFO: [SIM] ALERT AXON: 4/4 → ['BB breakout', 'MACD 🚀', 'RSI 📈', 'Price > SMA50']
[2025-07-29 09:46:29,535] sim INFO: [SIM] insufficient cash for AXON: need $0.00, have $3.47
[2025-07-29 09:46:31,108] sim INFO: [SIM] ALERT BAC: 4/4 → ['BB breakout', 'MACD 🚀', 'RSI 📈', 'Price > SMA50']
[2025-07-29 09:46:31,332] sim INFO: [SIM] insufficient cash for BAC: need $0.00, have $3.47
[2025-07-29 09:46:34,948] sim INFO: [SIM] ALERT BLK: 5/4 → ['BB breakout', 'MACD 🚀', 'RSI 📈', 'ATR14 ≥ 2.0', 'Price > SMA50']
[2025-07-29 09:46:35,136] sim INFO: [SIM] insufficient cash for BLK: need $0.00, have $3.47
[2025-07-29 09:46:36,365] sim INFO: [SIM] ALERT BK: 4/4 → ['BB breakout', 'MACD 🚀', 'RSI 📈', 'Price > SMA50']
[2025-07-29 09:46:36,541] sim INFO: [SIM] insufficient cash for BK: need $0.00, have $3.47
[2025-07-29 09:46:38,090] sim INFO: [SIM] ALERT BSX: 4/4 → ['BB breakout', 'MACD 🚀', 'RSI 📈', 'Price > SMA50']
[2025-07-29 09:46:38,254] sim INFO: [SIM] insufficient cash for BSX: need $0.00, have $3.47
[2025-07-29 09:46:43,416] sim INFO: [SIM] ALERT CDNS: 5/4 → ['MACD 🚀', 'RSI 📈', 'ATR14 ≥ 2.0', 'ATR % ≥ 0.7%', 'Price > SMA50']
[2025-07-29 09:46:43,603] sim INFO: [SIM] insufficient cash for CDNS: need $0.00, have $3.47
[2025-07-29 09:46:45,842] sim INFO: [SIM] ALERT COF: 4/4 → ['BB breakout', 'MACD 🚀', 'RSI 📈', 'Price > SMA50']
[2025-07-29 09:46:46,079] sim INFO: [SIM] insufficient cash for COF: need $0.00, have $3.47
[2025-07-29 09:46:49,734] sim INFO: [SIM] ALERT CBRE: 6/4 → ['BB breakout', 'MACD 🚀', 'RSI 📈', 'ATR14 ≥ 2.0', 'ATR % ≥ 0.7%', 'Price > SMA50']
[2025-07-29 09:46:49,894] sim INFO: [SIM] insufficient cash for CBRE: need $0.00, have $3.47
[2025-07-29 09:47:09,452] sim INFO: [SIM] ALERT CEG: 4/4 → ['BB breakout', 'MACD 🚀', 'RSI 📈', 'Price > SMA50']
[2025-07-29 09:47:09,621] sim INFO: [SIM] insufficient cash for CEG: need $0.00, have $3.47
[2025-07-29 09:47:11,584] sim INFO: [SIM] ALERT GLW: 5/4 → ['BB breakout', 'MACD 🚀', 'RSI 📈', 'ATR % ≥ 0.7%', 'Price > SMA50']
[2025-07-29 09:47:11,774] sim INFO: [SIM] insufficient cash for GLW: need $0.00, have $3.47
[2025-07-29 09:47:18,043] sim INFO: [SIM] ALERT CVS: 4/4 → ['BB breakout', 'MACD 🚀', 'RSI 📈', 'Price > SMA50']
[2025-07-29 09:47:18,218] sim INFO: [SIM] insufficient cash for CVS: need $0.00, have $3.47
[2025-07-29 09:47:27,005] sim INFO: [SIM] ALERT D: 4/4 → ['BB breakout', 'MACD 🚀', 'RSI 📈', 'Price > SMA50']
[2025-07-29 09:47:27,177] sim INFO: [SIM] insufficient cash for D: need $0.00, have $3.47
[2025-07-29 09:47:48,474] sim INFO: [SIM] ALERT FFIV: 4/4 → ['BB breakout', 'MACD 🚀', 'RSI 📈', 'Price > SMA50']
[2025-07-29 09:47:48,645] sim INFO: [SIM] insufficient cash for FFIV: need $0.00, have $3.47
[2025-07-29 09:48:03,111] sim INFO: [SIM] ALERT GD: 4/4 → ['BB breakout', 'MACD 🚀', 'RSI 📈', 'Price > SMA50']
[2025-07-29 09:48:03,275] sim INFO: [SIM] insufficient cash for GD: need $0.00, have $3.47
[2025-07-29 09:48:06,817] sim INFO: [SIM] ALERT GL: 5/4 → ['BB breakout', 'MACD 🚀', 'RSI 📈', 'ATR % ≥ 0.7%', 'Price > SMA50']
[2025-07-29 09:48:06,970] sim INFO: [SIM] insufficient cash for GL: need $0.00, have $3.47
[2025-07-29 09:48:09,378] sim INFO: [SIM] ALERT HIG: 4/4 → ['BB breakout', 'MACD 🚀', 'RSI 📈', 'Price > SMA50']
[2025-07-29 09:48:09,562] sim INFO: [SIM] insufficient cash for HIG: need $0.00, have $3.47
[2025-07-29 09:48:17,393] sim INFO: [SIM] ALERT HWM: 4/4 → ['BB breakout', 'MACD 🚀', 'RSI 📈', 'Price > SMA50']
[2025-07-29 09:48:17,586] sim INFO: [SIM] insufficient cash for HWM: need $0.00, have $3.47
[2025-07-29 09:48:20,628] sim INFO: [SIM] ALERT HII: 4/4 → ['BB breakout', 'MACD 🚀', 'RSI 📈', 'Price > SMA50']
[2025-07-29 09:48:20,793] sim INFO: [SIM] insufficient cash for HII: need $0.00, have $3.47
[2025-07-29 09:48:23,659] sim INFO: [SIM] ALERT INCY: 4/4 → ['MACD 🚀', 'RSI 📈', 'ATR % ≥ 0.7%', 'Price > SMA50']
[2025-07-29 09:48:23,819] sim INFO: [SIM] insufficient cash for INCY: need $0.00, have $3.47
[2025-07-29 09:48:27,391] sim INFO: [SIM] ALERT IP: 4/4 → ['BB breakout', 'MACD 🚀', 'RSI 📈', 'Price > SMA50']
[2025-07-29 09:48:27,592] sim INFO: [SIM] insufficient cash for IP: need $0.00, have $3.47
[2025-07-29 09:48:34,596] sim INFO: [SIM] ALERT JNJ: 4/4 → ['BB breakout', 'MACD 🚀', 'RSI 📈', 'Price > SMA50']
[2025-07-29 09:48:34,767] sim INFO: [SIM] insufficient cash for JNJ: need $0.00, have $3.47
[2025-07-29 09:48:35,844] sim INFO: [SIM] ALERT JPM: 4/4 → ['BB breakout', 'MACD 🚀', 'RSI 📈', 'Price > SMA50']
[2025-07-29 09:48:36,071] sim INFO: [SIM] insufficient cash for JPM: need $0.00, have $3.47
[2025-07-29 09:48:36,995] sim INFO: [SIM] ALERT K: 4/4 → ['BB breakout', 'MACD 🚀', 'RSI 📈', 'Price > SMA50']
[2025-07-29 09:48:37,182] sim INFO: [SIM] insufficient cash for K: need $0.00, have $3.47
[2025-07-29 09:48:39,472] sim INFO: [SIM] ALERT KEYS: 4/4 → ['BB breakout', 'MACD 🚀', 'RSI 📈', 'Price > SMA50']
[2025-07-29 09:48:39,650] sim INFO: [SIM] insufficient cash for KEYS: need $0.00, have $3.47
[2025-07-29 09:48:40,197] sim INFO: [SIM] ALERT KMB: 4/4 → ['BB breakout', 'MACD 🚀', 'RSI 📈', 'Price > SMA50']
[2025-07-29 09:48:40,374] sim INFO: [SIM] insufficient cash for KMB: need $0.00, have $3.47
[2025-07-29 09:48:44,226] sim INFO: [SIM] ALERT LHX: 4/4 → ['BB breakout', 'MACD 🚀', 'RSI 📈', 'Price > SMA50']
[2025-07-29 09:48:44,450] sim INFO: [SIM] insufficient cash for LHX: need $0.00, have $3.47
[2025-07-29 09:48:45,787] sim INFO: [SIM] ALERT LRCX: 4/4 → ['BB breakout', 'MACD 🚀', 'RSI 📈', 'Price > SMA50']
[2025-07-29 09:48:46,027] sim INFO: [SIM] insufficient cash for LRCX: need $0.00, have $3.47
[2025-07-29 09:48:51,924] sim INFO: [SIM] ALERT L: 4/4 → ['BB breakout', 'MACD 🚀', 'RSI 📈', 'Price > SMA50']
[2025-07-29 09:48:52,123] sim INFO: [SIM] insufficient cash for L: need $0.00, have $3.47
[2025-07-29 09:49:02,333] sim INFO: [SIM] ALERT MET: 4/4 → ['BB breakout', 'MACD 🚀', 'RSI 📈', 'Price > SMA50']
[2025-07-29 09:49:02,540] sim INFO: [SIM] insufficient cash for MET: need $0.00, have $3.47
[2025-07-29 09:49:04,304] sim INFO: [SIM] ALERT MCHP: 4/4 → ['BB breakout', 'MACD 🚀', 'RSI 📈', 'Price > SMA50']
[2025-07-29 09:49:04,469] sim INFO: [SIM] insufficient cash for MCHP: need $0.00, have $3.47
[2025-07-29 09:49:13,251] sim INFO: [SIM] ALERT MSI: 4/4 → ['BB breakout', 'MACD 🚀', 'RSI 📈', 'Price > SMA50']
[2025-07-29 09:49:13,405] sim INFO: [SIM] insufficient cash for MSI: need $0.00, have $3.47
[2025-07-29 09:49:14,135] sim INFO: [SIM] ALERT MSCI: 5/4 → ['BB breakout', 'MACD 🚀', 'RSI 📈', 'ATR14 ≥ 2.0', 'Price > SMA50']
[2025-07-29 09:49:14,305] sim INFO: [SIM] insufficient cash for MSCI: need $0.00, have $3.47
[2025-07-29 09:49:17,645] sim INFO: [SIM] ALERT NWS: 4/4 → ['BB breakout', 'MACD 🚀', 'RSI 📈', 'Price > SMA50']
[2025-07-29 09:49:17,821] sim INFO: [SIM] insufficient cash for NWS: need $0.00, have $3.47
[2025-07-29 09:49:18,376] sim INFO: [SIM] ALERT NEE: 4/4 → ['BB breakout', 'MACD 🚀', 'RSI 📈', 'Price > SMA50']
[2025-07-29 09:49:18,594] sim INFO: [SIM] insufficient cash for NEE: need $0.00, have $3.47
[2025-07-29 09:49:19,898] sim INFO: [SIM] ALERT NI: 4/4 → ['BB breakout', 'MACD 🚀', 'RSI 📈', 'Price > SMA50']
[2025-07-29 09:49:20,071] sim INFO: [SIM] insufficient cash for NI: need $0.00, have $3.47
[2025-07-29 09:49:23,564] sim INFO: [SIM] ALERT NRG: 4/4 → ['BB breakout', 'MACD 🚀', 'RSI 📈', 'Price > SMA50']
[2025-07-29 09:49:23,747] sim INFO: [SIM] insufficient cash for NRG: need $0.00, have $3.47
[2025-07-29 09:49:26,552] sim INFO: [SIM] ALERT ORLY: 4/4 → ['BB breakout', 'MACD 🚀', 'RSI 📈', 'Price > SMA50']
[2025-07-29 09:49:26,752] sim INFO: [SIM] insufficient cash for ORLY: need $0.00, have $3.47
[2025-07-29 09:49:29,369] sim INFO: [SIM] ALERT OKE: 4/4 → ['BB breakout', 'MACD 🚀', 'RSI 📈', 'Price > SMA50']
[2025-07-29 09:49:29,525] sim INFO: [SIM] insufficient cash for OKE: need $0.00, have $3.47
[2025-07-29 09:49:31,380] sim INFO: [SIM] ALERT PCAR: 4/4 → ['BB breakout', 'MACD 🚀', 'RSI 📈', 'Price > SMA50']
[2025-07-29 09:49:31,581] sim INFO: [SIM] insufficient cash for PCAR: need $0.00, have $3.47
[2025-07-29 09:49:34,340] sim INFO: [SIM] ALERT PH: 4/4 → ['BB breakout', 'MACD 🚀', 'RSI 📈', 'Price > SMA50']
[2025-07-29 09:49:34,506] sim INFO: [SIM] insufficient cash for PH: need $0.00, have $3.47
[2025-07-29 09:49:43,303] sim INFO: [SIM] ALERT PFG: 4/4 → ['BB breakout', 'MACD 🚀', 'RSI 📈', 'Price > SMA50']
[2025-07-29 09:49:43,464] sim INFO: [SIM] insufficient cash for PFG: need $0.00, have $3.47
[2025-07-29 09:49:45,789] sim INFO: [SIM] ALERT PRU: 4/4 → ['BB breakout', 'MACD 🚀', 'RSI 📈', 'Price > SMA50']
[2025-07-29 09:49:45,946] sim INFO: [SIM] insufficient cash for PRU: need $0.00, have $3.47
[2025-07-29 09:49:46,570] sim INFO: [SIM] ALERT PEG: 4/4 → ['BB breakout', 'MACD 🚀', 'RSI 📈', 'Price > SMA50']
[2025-07-29 09:49:46,726] sim INFO: [SIM] insufficient cash for PEG: need $0.00, have $3.47
[2025-07-29 09:49:51,381] sim INFO: [SIM] ALERT RJF: 4/4 → ['BB breakout', 'MACD 🚀', 'RSI 📈', 'Price > SMA50']
[2025-07-29 09:49:51,566] sim INFO: [SIM] insufficient cash for RJF: need $0.00, have $3.47
[2025-07-29 09:49:55,200] sim INFO: [SIM] ALERT RSG: 4/4 → ['BB breakout', 'MACD 🚀', 'RSI 📈', 'Price > SMA50']
[2025-07-29 09:49:55,353] sim INFO: [SIM] insufficient cash for RSG: need $0.00, have $3.47
[2025-07-29 09:49:55,921] sim INFO: [SIM] ALERT RMD: 4/4 → ['BB breakout', 'MACD 🚀', 'RSI 📈', 'Price > SMA50']
[2025-07-29 09:49:56,085] sim INFO: [SIM] insufficient cash for RMD: need $0.00, have $3.47
[2025-07-29 09:50:00,199] sim INFO: [SIM] ALERT SPGI: 4/4 → ['BB breakout', 'MACD 🚀', 'RSI 📈', 'Price > SMA50']
[2025-07-29 09:50:00,360] sim INFO: [SIM] insufficient cash for SPGI: need $0.00, have $3.47
[2025-07-29 09:50:03,406] sim INFO: [SIM] ALERT SRE: 4/4 → ['BB breakout', 'MACD 🚀', 'RSI 📈', 'Price > SMA50']
[2025-07-29 09:50:03,580] sim INFO: [SIM] insufficient cash for SRE: need $0.00, have $3.47
[2025-07-29 09:50:07,117] sim INFO: [SIM] ALERT SJM: 4/4 → ['BB breakout', 'MACD 🚀', 'RSI 📈', 'Price > SMA50']
[2025-07-29 09:50:07,280] sim INFO: [SIM] insufficient cash for SJM: need $0.00, have $3.47
[2025-07-29 09:50:07,888] sim INFO: [SIM] ALERT SW: 4/4 → ['BB breakout', 'MACD 🚀', 'RSI 📈', 'Price > SMA50']
[2025-07-29 09:50:08,117] sim INFO: [SIM] insufficient cash for SW: need $0.00, have $3.47
[2025-07-29 09:50:15,564] sim INFO: [SIM] ALERT SNPS: 5/4 → ['MACD 🚀', 'RSI 📈', 'ATR14 ≥ 2.0', 'ATR % ≥ 0.7%', 'Price > SMA50']
[2025-07-29 09:50:15,697] sim INFO: [SIM] insufficient cash for SNPS: need $0.00, have $3.47
[2025-07-29 09:50:19,315] sim INFO: [SIM] ALERT TRGP: 4/4 → ['BB breakout', 'MACD 🚀', 'RSI 📈', 'Price > SMA50']
[2025-07-29 09:50:19,482] sim INFO: [SIM] insufficient cash for TRGP: need $0.00, have $3.47
[2025-07-29 09:50:28,514] sim INFO: [SIM] ALERT TRV: 4/4 → ['BB breakout', 'MACD 🚀', 'RSI 📈', 'Price > SMA50']
[2025-07-29 09:50:28,720] sim INFO: [SIM] insufficient cash for TRV: need $0.00, have $3.47
[2025-07-29 09:50:43,272] sim INFO: [SIM] ALERT VST: 4/4 → ['BB breakout', 'MACD 🚀', 'RSI 📈', 'Price > SMA50']
[2025-07-29 09:50:43,463] sim INFO: [SIM] insufficient cash for VST: need $0.00, have $3.47
[2025-07-29 09:50:44,819] sim INFO: [SIM] ALERT WRB: 4/4 → ['BB breakout', 'MACD 🚀', 'RSI 📈', 'Price > SMA50']
[2025-07-29 09:50:45,031] sim INFO: [SIM] insufficient cash for WRB: need $0.00, have $3.47
[2025-07-29 09:50:47,932] sim INFO: [SIM] ALERT WMT: 4/4 → ['BB breakout', 'MACD 🚀', 'RSI 📈', 'Price > SMA50']
[2025-07-29 09:50:48,138] sim INFO: [SIM] insufficient cash for WMT: need $0.00, have $3.47
[2025-07-29 09:50:49,941] sim INFO: [SIM] ALERT WM: 4/4 → ['MACD 🚀', 'RSI 📈', 'ATR % ≥ 0.7%', 'Price > SMA50']
[2025-07-29 09:50:50,138] sim INFO: [SIM] insufficient cash for WM: need $0.00, have $3.47
[2025-07-29 09:50:51,262] sim INFO: [SIM] ALERT WEC: 4/4 → ['BB breakout', 'MACD 🚀', 'RSI 📈', 'Price > SMA50']
[2025-07-29 09:50:51,416] sim INFO: [SIM] insufficient cash for WEC: need $0.00, have $3.47
[2025-07-29 09:50:55,559] sim INFO: [SIM] ALERT WMB: 4/4 → ['BB breakout', 'MACD 🚀', 'RSI 📈', 'Price > SMA50']
[2025-07-29 09:50:55,728] sim INFO: [SIM] insufficient cash for WMB: need $0.00, have $3.47
[2025-07-29 09:50:57,160] sim INFO: [SIM] ALERT WDAY: 4/4 → ['BB breakout', 'MACD 🚀', 'RSI 📈', 'Price > SMA50']
[2025-07-29 09:50:57,313] sim INFO: [SIM] insufficient cash for WDAY: need $0.00, have $3.47
[2025-07-29 09:51:01,437] sim INFO: 🔁 Starting scan loop iteration
[2025-07-29 09:51:11,767] sim INFO: [SIM] ALERT ALL: 4/4 → ['BB breakout', 'MACD 🚀', 'RSI 📈', 'Price > SMA50']
[2025-07-29 09:51:11,919] sim INFO: [SIM] insufficient cash for ALL: need $0.00, have $3.47
[2025-07-29 09:51:30,311] sim INFO: [SIM] ALERT AZO: 5/4 → ['BB breakout', 'MACD 🚀', 'RSI 📈', 'ATR14 ≥ 2.0', 'Price > SMA50']
[2025-07-29 09:51:30,485] sim INFO: [SIM] insufficient cash for AZO: need $0.00, have $3.47
[2025-07-29 09:51:40,721] sim INFO: [SIM] ALERT BSX: 4/4 → ['BB breakout', 'MACD 🚀', 'RSI 📈', 'Price > SMA50']
[2025-07-29 09:51:40,888] sim INFO: [SIM] insufficient cash for BSX: need $0.00, have $3.47
[2025-07-29 09:51:46,212] sim INFO: [SIM] ALERT CDNS: 5/4 → ['MACD 🚀', 'RSI 📈', 'ATR14 ≥ 2.0', 'ATR % ≥ 0.7%', 'Price > SMA50']
[2025-07-29 09:51:46,386] sim INFO: [SIM] insufficient cash for CDNS: need $0.00, have $3.47
[2025-07-29 09:51:48,041] sim INFO: [SIM] ALERT CPB: 4/4 → ['BB breakout', 'MACD 🚀', 'RSI 📈', 'Price > SMA50']
[2025-07-29 09:51:48,201] sim INFO: [SIM] insufficient cash for CPB: need $0.00, have $3.47
[2025-07-29 09:51:52,273] sim INFO: [SIM] ALERT CBRE: 5/4 → ['MACD 🚀', 'RSI 📈', 'ATR14 ≥ 2.0', 'ATR % ≥ 0.7%', 'Price > SMA50']
[2025-07-29 09:51:52,482] sim INFO: [SIM] insufficient cash for CBRE: need $0.00, have $3.47
[2025-07-29 09:52:00,238] sim INFO: [SIM] ALERT CINF: 4/4 → ['MACD 🚀', 'RSI 📈', 'ATR % ≥ 0.7%', 'Price > SMA50']
[2025-07-29 09:52:00,499] sim INFO: [SIM] insufficient cash for CINF: need $0.00, have $3.47
[2025-07-29 09:52:11,728] sim INFO: [SIM] ALERT GLW: 5/4 → ['BB breakout', 'MACD 🚀', 'RSI 📈', 'ATR % ≥ 0.7%', 'Price > SMA50']
[2025-07-29 09:52:11,883] sim INFO: [SIM] insufficient cash for GLW: need $0.00, have $3.47
[2025-07-29 09:52:13,330] sim INFO: [SIM] ALERT CSGP: 4/4 → ['BB breakout', 'MACD 🚀', 'RSI 📈', 'Price > SMA50']
[2025-07-29 09:52:13,490] sim INFO: [SIM] insufficient cash for CSGP: need $0.00, have $3.47
[2025-07-29 09:52:37,513] sim INFO: [SIM] ALERT EQT: 4/4 → ['BB breakout', 'MACD 🚀', 'RSI 📈', 'Price > SMA50']
[2025-07-29 09:52:37,693] sim INFO: [SIM] insufficient cash for EQT: need $0.00, have $3.47
[2025-07-29 09:52:44,562] sim INFO: [SIM] ALERT EXE: 4/4 → ['BB breakout', 'MACD 🚀', 'RSI 📈', 'Price > SMA50']
[2025-07-29 09:52:44,752] sim INFO: [SIM] insufficient cash for EXE: need $0.00, have $3.47
[2025-07-29 09:52:47,551] sim INFO: [SIM] ALERT FFIV: 4/4 → ['BB breakout', 'MACD 🚀', 'RSI 📈', 'Price > SMA50']
[2025-07-29 09:52:47,740] sim INFO: [SIM] insufficient cash for FFIV: need $0.00, have $3.47
[2025-07-29 09:53:05,889] sim INFO: [SIM] ALERT GL: 4/4 → ['MACD 🚀', 'RSI 📈', 'ATR % ≥ 0.7%', 'Price > SMA50']
[2025-07-29 09:53:06,073] sim INFO: [SIM] insufficient cash for GL: need $0.00, have $3.47
[2025-07-29 09:53:08,353] sim INFO: [SIM] ALERT HIG: 5/4 → ['BB breakout', 'MACD 🚀', 'RSI 📈', 'ATR % ≥ 0.7%', 'Price > SMA50']
[2025-07-29 09:53:08,549] sim INFO: [SIM] insufficient cash for HIG: need $0.00, have $3.47
[2025-07-29 09:53:33,818] sim INFO: [SIM] ALERT JNJ: 4/4 → ['BB breakout', 'MACD 🚀', 'RSI 📈', 'Price > SMA50']
[2025-07-29 09:53:33,998] sim INFO: [SIM] insufficient cash for JNJ: need $0.00, have $3.47
[2025-07-29 09:53:36,018] sim INFO: [SIM] ALERT K: 4/4 → ['BB breakout', 'MACD 🚀', 'RSI 📈', 'Price > SMA50']
[2025-07-29 09:53:36,202] sim INFO: [SIM] insufficient cash for K: need $0.00, have $3.47
[2025-07-29 09:53:37,240] sim INFO: [SIM] ALERT KDP: 4/4 → ['BB breakout', 'MACD 🚀', 'RSI 📈', 'Price > SMA50']
[2025-07-29 09:53:37,430] sim INFO: [SIM] insufficient cash for KDP: need $0.00, have $3.47
[2025-07-29 09:53:39,285] sim INFO: [SIM] ALERT KMB: 4/4 → ['BB breakout', 'MACD 🚀', 'RSI 📈', 'Price > SMA50']
[2025-07-29 09:53:39,466] sim INFO: [SIM] insufficient cash for KMB: need $0.00, have $3.47
[2025-07-29 09:53:40,489] sim INFO: [SIM] ALERT KMI: 4/4 → ['BB breakout', 'MACD 🚀', 'RSI 📈', 'Price > SMA50']
[2025-07-29 09:53:40,681] sim INFO: [SIM] insufficient cash for KMI: need $0.00, have $3.47
[2025-07-29 09:53:43,416] sim INFO: [SIM] ALERT LHX: 4/4 → ['BB breakout', 'MACD 🚀', 'RSI 📈', 'Price > SMA50']
[2025-07-29 09:53:43,590] sim INFO: [SIM] insufficient cash for LHX: need $0.00, have $3.47
[2025-07-29 09:53:48,736] sim INFO: [SIM] ALERT LIN: 4/4 → ['BB breakout', 'MACD 🚀', 'RSI 📈', 'Price > SMA50']
[2025-07-29 09:53:48,927] sim INFO: [SIM] insufficient cash for LIN: need $0.00, have $3.47
[2025-07-29 09:53:51,270] sim INFO: [SIM] ALERT L: 4/4 → ['BB breakout', 'MACD 🚀', 'RSI 📈', 'Price > SMA50']
[2025-07-29 09:53:51,448] sim INFO: [SIM] insufficient cash for L: need $0.00, have $3.47
[2025-07-29 09:54:11,310] sim INFO: [SIM] ALERT MSI: 4/4 → ['BB breakout', 'MACD 🚀', 'RSI 📈', 'Price > SMA50']
[2025-07-29 09:54:11,539] sim INFO: [SIM] insufficient cash for MSI: need $0.00, have $3.47
[2025-07-29 09:54:15,826] sim INFO: [SIM] ALERT NEE: 4/4 → ['BB breakout', 'MACD 🚀', 'RSI 📈', 'Price > SMA50']
[2025-07-29 09:54:16,008] sim INFO: [SIM] insufficient cash for NEE: need $0.00, have $3.47
[2025-07-29 09:54:16,962] sim INFO: [SIM] ALERT NI: 4/4 → ['BB breakout', 'MACD 🚀', 'RSI 📈', 'Price > SMA50']
[2025-07-29 09:54:17,140] sim INFO: [SIM] insufficient cash for NI: need $0.00, have $3.47
[2025-07-29 09:54:20,431] sim INFO: [SIM] ALERT NRG: 4/4 → ['BB breakout', 'MACD 🚀', 'RSI 📈', 'Price > SMA50']
[2025-07-29 09:54:20,650] sim INFO: [SIM] insufficient cash for NRG: need $0.00, have $3.47
[2025-07-29 09:54:23,524] sim INFO: [SIM] ALERT ORLY: 4/4 → ['BB breakout', 'MACD 🚀', 'RSI 📈', 'Price > SMA50']
[2025-07-29 09:54:23,705] sim INFO: [SIM] insufficient cash for ORLY: need $0.00, have $3.47
[2025-07-29 09:54:26,464] sim INFO: [SIM] ALERT OKE: 4/4 → ['BB breakout', 'MACD 🚀', 'RSI 📈', 'Price > SMA50']
[2025-07-29 09:54:26,657] sim INFO: [SIM] insufficient cash for OKE: need $0.00, have $3.47
[2025-07-29 09:54:27,235] sim INFO: [SIM] ALERT ORCL: 4/4 → ['BB breakout', 'MACD 🚀', 'RSI 📈', 'Price > SMA50']
[2025-07-29 09:54:27,424] sim INFO: [SIM] insufficient cash for ORCL: need $0.00, have $3.47
[2025-07-29 09:54:35,472] sim INFO: [SIM] ALERT PM: 4/4 → ['BB breakout', 'MACD 🚀', 'RSI 📈', 'Price > SMA50']
[2025-07-29 09:54:35,656] sim INFO: [SIM] insufficient cash for PM: need $0.00, have $3.47
[2025-07-29 09:54:42,044] sim INFO: [SIM] ALERT PRU: 4/4 → ['BB breakout', 'MACD 🚀', 'RSI 📈', 'Price > SMA50']
[2025-07-29 09:54:42,230] sim INFO: [SIM] insufficient cash for PRU: need $0.00, have $3.47
[2025-07-29 09:54:42,827] sim INFO: [SIM] ALERT PEG: 4/4 → ['BB breakout', 'MACD 🚀', 'RSI 📈', 'Price > SMA50']
[2025-07-29 09:54:43,000] sim INFO: [SIM] insufficient cash for PEG: need $0.00, have $3.47
[2025-07-29 09:54:47,172] sim INFO: [SIM] ALERT RJF: 4/4 → ['BB breakout', 'MACD 🚀', 'RSI 📈', 'Price > SMA50']
[2025-07-29 09:54:47,336] sim INFO: [SIM] insufficient cash for RJF: need $0.00, have $3.47
[2025-07-29 09:54:50,652] sim INFO: [SIM] ALERT RSG: 4/4 → ['BB breakout', 'MACD 🚀', 'RSI 📈', 'Price > SMA50']
[2025-07-29 09:54:50,833] sim INFO: [SIM] insufficient cash for RSG: need $0.00, have $3.47
[2025-07-29 09:54:55,130] sim INFO: [SIM] ALERT SPGI: 4/4 → ['BB breakout', 'MACD 🚀', 'RSI 📈', 'Price > SMA50']
[2025-07-29 09:54:55,304] sim INFO: [SIM] insufficient cash for SPGI: need $0.00, have $3.47
[2025-07-29 09:54:57,952] sim INFO: [SIM] ALERT SRE: 4/4 → ['BB breakout', 'MACD 🚀', 'RSI 📈', 'Price > SMA50']
[2025-07-29 09:54:58,136] sim INFO: [SIM] insufficient cash for SRE: need $0.00, have $3.47
[2025-07-29 09:54:58,656] sim INFO: [SIM] ALERT NOW: 4/4 → ['MACD 🚀', 'RSI 📈', 'ATR14 ≥ 2.0', 'Price > SMA50']
[2025-07-29 09:54:58,831] sim INFO: [SIM] insufficient cash for NOW: need $0.00, have $3.47
[2025-07-29 09:55:12,571] sim INFO: [SIM] ALERT SNPS: 5/4 → ['MACD 🚀', 'RSI 📈', 'ATR14 ≥ 2.0', 'ATR % ≥ 0.7%', 'Price > SMA50']
[2025-07-29 09:55:12,744] sim INFO: [SIM] insufficient cash for SNPS: need $0.00, have $3.47
[2025-07-29 09:55:16,524] sim INFO: [SIM] ALERT TRGP: 4/4 → ['BB breakout', 'MACD 🚀', 'RSI 📈', 'Price > SMA50']
[2025-07-29 09:55:16,769] sim INFO: [SIM] insufficient cash for TRGP: need $0.00, have $3.47
[2025-07-29 09:55:20,721] sim INFO: [SIM] ALERT TPL: 4/4 → ['BB breakout', 'MACD 🚀', 'ATR14 ≥ 2.0', 'Price > SMA50']
[2025-07-29 09:55:20,883] sim INFO: [SIM] insufficient cash for TPL: need $0.00, have $3.47
[2025-07-29 09:55:40,453] sim INFO: [SIM] ALERT VST: 4/4 → ['BB breakout', 'MACD 🚀', 'RSI 📈', 'Price > SMA50']
[2025-07-29 09:55:40,624] sim INFO: [SIM] insufficient cash for VST: need $0.00, have $3.47
[2025-07-29 09:55:41,736] sim INFO: [SIM] ALERT WRB: 4/4 → ['BB breakout', 'MACD 🚀', 'RSI 📈', 'Price > SMA50']
[2025-07-29 09:55:41,920] sim INFO: [SIM] insufficient cash for WRB: need $0.00, have $3.47
[2025-07-29 09:55:44,138] sim INFO: [SIM] ALERT WMT: 4/4 → ['BB breakout', 'MACD 🚀', 'RSI 📈', 'Price > SMA50']
[2025-07-29 09:55:44,333] sim INFO: [SIM] insufficient cash for WMT: need $0.00, have $3.47
[2025-07-29 09:55:45,990] sim INFO: [SIM] ALERT WM: 5/4 → ['MACD 🚀', 'RSI 📈', 'ATR14 ≥ 2.0', 'ATR % ≥ 0.7%', 'Price > SMA50']
[2025-07-29 09:55:46,212] sim INFO: [SIM] insufficient cash for WM: need $0.00, have $3.47
[2025-07-29 09:55:48,537] sim INFO: [SIM] ALERT WELL: 4/4 → ['MACD 🚀', 'RSI 📈', 'ATR % ≥ 0.7%', 'Price > SMA50']
[2025-07-29 09:55:48,697] sim INFO: [SIM] insufficient cash for WELL: need $0.00, have $3.47
[2025-07-29 09:55:51,792] sim INFO: [SIM] ALERT WMB: 4/4 → ['BB breakout', 'MACD 🚀', 'RSI 📈', 'Price > SMA50']
[2025-07-29 09:55:52,060] sim INFO: [SIM] insufficient cash for WMB: need $0.00, have $3.47
[2025-07-29 09:55:57,580] sim INFO: 🔁 Starting scan loop iteration
[2025-07-29 09:56:48,267] sim INFO: [SIM] ALERT CDNS: 5/4 → ['MACD 🚀', 'RSI 📈', 'ATR14 ≥ 2.0', 'ATR % ≥ 0.7%', 'Price > SMA50']
[2025-07-29 09:56:48,458] sim INFO: [SIM] insufficient cash for CDNS: need $0.00, have $3.47
[2025-07-29 09:56:56,032] sim INFO: [SIM] ALERT CBRE: 5/4 → ['MACD 🚀', 'RSI 📈', 'ATR14 ≥ 2.0', 'ATR % ≥ 0.7%', 'Price > SMA50']
[2025-07-29 09:56:56,314] sim INFO: [SIM] insufficient cash for CBRE: need $0.00, have $3.47
[2025-07-29 09:57:08,464] sim INFO: [SIM] ALERT KO: 4/4 → ['BB breakout', 'MACD 🚀', 'RSI 📈', 'Price > SMA50']
[2025-07-29 09:57:08,654] sim INFO: [SIM] insufficient cash for KO: need $0.00, have $3.47
[2025-07-29 09:57:15,467] sim INFO: [SIM] ALERT GLW: 4/4 → ['MACD 🚀', 'RSI 📈', 'ATR % ≥ 0.7%', 'Price > SMA50']
[2025-07-29 09:57:15,687] sim INFO: [SIM] insufficient cash for GLW: need $0.00, have $3.47
[2025-07-29 09:57:40,561] sim INFO: [SIM] ALERT ELV: 4/4 → ['BB breakout', 'MACD 🚀', 'RSI 📈', 'Price > SMA50']
[2025-07-29 09:57:40,744] sim INFO: [SIM] insufficient cash for ELV: need $0.00, have $3.47
[2025-07-29 09:57:42,843] sim INFO: [SIM] ALERT EOG: 4/4 → ['BB breakout', 'MACD 🚀', 'RSI 📈', 'Price > SMA50']
[2025-07-29 09:57:43,066] sim INFO: [SIM] insufficient cash for EOG: need $0.00, have $3.47
[2025-07-29 09:57:50,264] sim INFO: [SIM] ALERT EXC: 4/4 → ['BB breakout', 'MACD 🚀', 'RSI 📈', 'Price > SMA50']
[2025-07-29 09:57:50,445] sim INFO: [SIM] insufficient cash for EXC: need $0.00, have $3.47
[2025-07-29 09:58:12,955] sim INFO: [SIM] ALERT GL: 4/4 → ['MACD 🚀', 'RSI 📈', 'ATR % ≥ 0.7%', 'Price > SMA50']
[2025-07-29 09:58:13,143] sim INFO: [SIM] insufficient cash for GL: need $0.00, have $3.47
[2025-07-29 09:58:25,835] sim INFO: [SIM] ALERT HBAN: 4/4 → ['BB breakout', 'MACD 🚀', 'RSI 📈', 'Price > SMA50']
[2025-07-29 09:58:26,041] sim INFO: [SIM] insufficient cash for HBAN: need $0.00, have $3.47
[2025-07-29 09:58:26,735] sim INFO: [SIM] ALERT HII: 4/4 → ['BB breakout', 'MACD 🚀', 'RSI 📈', 'Price > SMA50']
[2025-07-29 09:58:26,930] sim INFO: [SIM] insufficient cash for HII: need $0.00, have $3.47
[2025-07-29 09:58:43,814] sim INFO: [SIM] ALERT K: 4/4 → ['BB breakout', 'MACD 🚀', 'RSI 📈', 'Price > SMA50']
[2025-07-29 09:58:44,035] sim INFO: [SIM] insufficient cash for K: need $0.00, have $3.47
[2025-07-29 09:58:46,958] sim INFO: [SIM] ALERT KMB: 4/4 → ['BB breakout', 'MACD 🚀', 'RSI 📈', 'Price > SMA50']
[2025-07-29 09:58:47,160] sim INFO: [SIM] insufficient cash for KMB: need $0.00, have $3.47
[2025-07-29 09:58:48,224] sim INFO: [SIM] ALERT KMI: 4/4 → ['BB breakout', 'MACD 🚀', 'RSI 📈', 'Price > SMA50']
[2025-07-29 09:58:48,403] sim INFO: [SIM] insufficient cash for KMI: need $0.00, have $3.47
[2025-07-29 09:59:09,104] sim INFO: [SIM] ALERT MCK: 4/4 → ['BB breakout', 'MACD 🚀', 'RSI 📈', 'Price > SMA50']
[2025-07-29 09:59:09,296] sim INFO: [SIM] insufficient cash for MCK: need $0.00, have $3.47
[2025-07-29 09:59:20,102] sim INFO: [SIM] ALERT MOH: 4/4 → ['BB breakout', 'MACD 🚀', 'ATR % ≥ 0.7%', 'Price > SMA50']
[2025-07-29 09:59:20,301] sim INFO: [SIM] insufficient cash for MOH: need $0.00, have $3.47
[2025-07-29 09:59:31,473] sim INFO: [SIM] ALERT NI: 4/4 → ['BB breakout', 'MACD 🚀', 'RSI 📈', 'Price > SMA50']
[2025-07-29 09:59:31,644] sim INFO: [SIM] insufficient cash for NI: need $0.00, have $3.47
[2025-07-29 09:59:41,650] sim INFO: [SIM] ALERT OKE: 4/4 → ['BB breakout', 'MACD 🚀', 'RSI 📈', 'Price > SMA50']
[2025-07-29 09:59:41,840] sim INFO: [SIM] insufficient cash for OKE: need $0.00, have $3.47
[2025-07-29 10:00:00,532] sim INFO: [SIM] ALERT PEG: 4/4 → ['BB breakout', 'MACD 🚀', 'RSI 📈', 'Price > SMA50']
[2025-07-29 10:00:00,706] sim INFO: [SIM] insufficient cash for PEG: need $0.00, have $3.47
[2025-07-29 10:00:28,351] sim INFO: [SIM] ALERT SMCI: 4/4 → ['MACD 🚀', 'RSI 📈', 'ATR % ≥ 0.7%', 'Price > SMA50']
[2025-07-29 10:00:28,539] sim INFO: [SIM] insufficient cash for SMCI: need $0.00, have $3.47
[2025-07-29 10:00:29,835] sim INFO: [SIM] ALERT SNPS: 5/4 → ['MACD 🚀', 'RSI 📈', 'ATR14 ≥ 2.0', 'ATR % ≥ 0.7%', 'Price > SMA50']
[2025-07-29 10:00:30,120] sim INFO: [SIM] insufficient cash for SNPS: need $0.00, have $3.47
[2025-07-29 10:00:38,429] sim INFO: [SIM] ALERT TPL: 4/4 → ['BB breakout', 'MACD 🚀', 'ATR14 ≥ 2.0', 'Price > SMA50']
[2025-07-29 10:00:38,599] sim INFO: [SIM] insufficient cash for TPL: need $0.00, have $3.47
[2025-07-29 10:00:40,236] sim INFO: [SIM] ALERT TJX: 4/4 → ['BB breakout', 'MACD 🚀', 'RSI 📈', 'Price > SMA50']
[2025-07-29 10:00:40,425] sim INFO: [SIM] insufficient cash for TJX: need $0.00, have $3.47
[2025-07-29 10:01:12,223] sim INFO: 🔁 Starting scan loop iteration
[2025-07-29 10:01:54,393] sim INFO: [SIM] ALERT BLK: 4/4 → ['MACD 🚀', 'RSI 📈', 'ATR14 ≥ 2.0', 'Price > SMA50']
[2025-07-29 10:01:54,594] sim INFO: [SIM] insufficient cash for BLK: need $0.00, have $3.47
[2025-07-29 10:02:03,510] sim INFO: [SIM] ALERT CDNS: 5/4 → ['MACD 🚀', 'RSI 📈', 'ATR14 ≥ 2.0', 'ATR % ≥ 0.7%', 'Price > SMA50']
[2025-07-29 10:02:03,709] sim INFO: [SIM] insufficient cash for CDNS: need $0.00, have $3.47
[2025-07-29 10:02:10,023] sim INFO: [SIM] ALERT CBRE: 4/4 → ['MACD 🚀', 'RSI 📈', 'ATR % ≥ 0.7%', 'Price > SMA50']
[2025-07-29 10:02:10,195] sim INFO: [SIM] insufficient cash for CBRE: need $0.00, have $3.47
[2025-07-29 10:02:20,981] sim INFO: [SIM] ALERT CINF: 4/4 → ['MACD 🚀', 'RSI 📈', 'ATR % ≥ 0.7%', 'Price > SMA50']
[2025-07-29 10:02:21,211] sim INFO: [SIM] insufficient cash for CINF: need $0.00, have $3.47
[2025-07-29 10:02:24,730] sim INFO: [SIM] ALERT CME: 4/4 → ['BB breakout', 'MACD 🚀', 'RSI 📈', 'Price > SMA50']
[2025-07-29 10:02:24,926] sim INFO: [SIM] insufficient cash for CME: need $0.00, have $3.47
[2025-07-29 10:02:26,192] sim INFO: [SIM] ALERT KO: 4/4 → ['BB breakout', 'MACD 🚀', 'RSI 📈', 'Price > SMA50']
[2025-07-29 10:02:26,424] sim INFO: [SIM] insufficient cash for KO: need $0.00, have $3.47
[2025-07-29 10:02:34,027] sim INFO: [SIM] ALERT GLW: 4/4 → ['MACD 🚀', 'RSI 📈', 'ATR % ≥ 0.7%', 'Price > SMA50']
[2025-07-29 10:02:34,233] sim INFO: [SIM] insufficient cash for GLW: need $0.00, have $3.47
[2025-07-29 10:02:41,508] sim INFO: [SIM] ALERT DHR: 4/4 → ['BB breakout', 'MACD 🚀', 'RSI 📈', 'Price > SMA50']
[2025-07-29 10:02:41,701] sim INFO: [SIM] insufficient cash for DHR: need $0.00, have $3.47
[2025-07-29 10:02:58,705] sim INFO: [SIM] ALERT EW: 4/4 → ['BB breakout', 'MACD 🚀', 'RSI 📈', 'Price > SMA50']
[2025-07-29 10:02:58,923] sim INFO: [SIM] insufficient cash for EW: need $0.00, have $3.47
[2025-07-29 10:03:03,757] sim INFO: [SIM] ALERT EQT: 4/4 → ['BB breakout', 'MACD 🚀', 'RSI 📈', 'Price > SMA50']
[2025-07-29 10:03:03,949] sim INFO: [SIM] insufficient cash for EQT: need $0.00, have $3.47
[2025-07-29 10:03:10,352] sim INFO: [SIM] ALERT EXC: 4/4 → ['BB breakout', 'MACD 🚀', 'RSI 📈', 'Price > SMA50']
[2025-07-29 10:03:10,545] sim INFO: [SIM] insufficient cash for EXC: need $0.00, have $3.47
[2025-07-29 10:03:11,263] sim INFO: [SIM] ALERT EXE: 4/4 → ['BB breakout', 'MACD 🚀', 'RSI 📈', 'Price > SMA50']
[2025-07-29 10:03:11,449] sim INFO: [SIM] insufficient cash for EXE: need $0.00, have $3.47
[2025-07-29 10:03:37,611] sim INFO: [SIM] ALERT GL: 4/4 → ['MACD 🚀', 'RSI 📈', 'ATR % ≥ 0.7%', 'Price > SMA50']
[2025-07-29 10:03:37,832] sim INFO: [SIM] insufficient cash for GL: need $0.00, have $3.47
[2025-07-29 10:04:06,786] sim INFO: [SIM] ALERT K: 4/4 → ['BB breakout', 'MACD 🚀', 'RSI 📈', 'Price > SMA50']
[2025-07-29 10:04:06,995] sim INFO: [SIM] insufficient cash for K: need $0.00, have $3.47
[2025-07-29 10:04:08,133] sim INFO: [SIM] ALERT KDP: 4/4 → ['BB breakout', 'MACD 🚀', 'RSI 📈', 'Price > SMA50']
[2025-07-29 10:04:08,402] sim INFO: [SIM] insufficient cash for KDP: need $0.00, have $3.47
[2025-07-29 10:04:10,023] sim INFO: [SIM] ALERT KMB: 4/4 → ['BB breakout', 'MACD 🚀', 'RSI 📈', 'Price > SMA50']
[2025-07-29 10:04:10,246] sim INFO: [SIM] insufficient cash for KMB: need $0.00, have $3.47
[2025-07-29 10:04:11,310] sim INFO: [SIM] ALERT KMI: 4/4 → ['BB breakout', 'MACD 🚀', 'RSI 📈', 'Price > SMA50']
[2025-07-29 10:04:11,546] sim INFO: [SIM] insufficient cash for KMI: need $0.00, have $3.47
[2025-07-29 10:04:19,384] sim INFO: [SIM] ALERT LIN: 4/4 → ['BB breakout', 'MACD 🚀', 'RSI 📈', 'Price > SMA50']
[2025-07-29 10:04:19,571] sim INFO: [SIM] insufficient cash for LIN: need $0.00, have $3.47
[2025-07-29 10:04:41,302] sim INFO: [SIM] ALERT MOH: 6/4 → ['BB breakout', 'MACD 🚀', 'RSI 📈', 'ATR % ≥ 0.7%', 'Range % ≥ 1.5', 'Price > SMA50']
[2025-07-29 10:04:41,476] sim INFO: [SIM] insufficient cash for MOH: need $0.00, have $3.47
[2025-07-29 10:04:43,553] sim INFO: [SIM] ALERT MNST: 4/4 → ['BB breakout', 'MACD 🚀', 'RSI 📈', 'Price > SMA50']
[2025-07-29 10:04:43,727] sim INFO: [SIM] insufficient cash for MNST: need $0.00, have $3.47
[2025-07-29 10:04:49,989] sim INFO: [SIM] ALERT NEE: 4/4 → ['BB breakout', 'MACD 🚀', 'RSI 📈', 'Price > SMA50']
[2025-07-29 10:04:50,234] sim INFO: [SIM] insufficient cash for NEE: need $0.00, have $3.47
[2025-07-29 10:04:51,250] sim INFO: [SIM] ALERT NI: 4/4 → ['BB breakout', 'MACD 🚀', 'RSI 📈', 'Price > SMA50']
[2025-07-29 10:04:51,427] sim INFO: [SIM] insufficient cash for NI: need $0.00, have $3.47
[2025-07-29 10:04:57,422] sim INFO: [SIM] ALERT ORLY: 4/4 → ['BB breakout', 'MACD 🚀', 'RSI 📈', 'Price > SMA50']
[2025-07-29 10:04:57,601] sim INFO: [SIM] insufficient cash for ORLY: need $0.00, have $3.47
[2025-07-29 10:05:00,266] sim INFO: [SIM] ALERT OKE: 4/4 → ['BB breakout', 'MACD 🚀', 'RSI 📈', 'Price > SMA50']
[2025-07-29 10:05:00,496] sim INFO: [SIM] insufficient cash for OKE: need $0.00, have $3.47
[2025-07-29 10:05:07,628] sim INFO: [SIM] ALERT PEP: 4/4 → ['BB breakout', 'MACD 🚀', 'RSI 📈', 'Price > SMA50']
[2025-07-29 10:05:07,895] sim INFO: [SIM] insufficient cash for PEP: need $0.00, have $3.47
[2025-07-29 10:05:39,115] sim INFO: [SIM] ALERT SYK: 4/4 → ['BB breakout', 'MACD 🚀', 'RSI 📈', 'Price > SMA50']
[2025-07-29 10:05:39,322] sim INFO: [SIM] insufficient cash for SYK: need $0.00, have $3.47
[2025-07-29 10:05:40,874] sim INFO: [SIM] ALERT SNPS: 5/4 → ['MACD 🚀', 'RSI 📈', 'ATR14 ≥ 2.0', 'ATR % ≥ 0.7%', 'Price > SMA50']
[2025-07-29 10:05:41,052] sim INFO: [SIM] insufficient cash for SNPS: need $0.00, have $3.47
[2025-07-29 10:05:44,495] sim INFO: [SIM] ALERT TRGP: 4/4 → ['BB breakout', 'MACD 🚀', 'RSI 📈', 'Price > SMA50']
[2025-07-29 10:05:44,720] sim INFO: [SIM] insufficient cash for TRGP: need $0.00, have $3.47
[2025-07-29 10:05:47,947] sim INFO: [SIM] ALERT TXN: 4/4 → ['BB breakout', 'MACD 🚀', 'RSI 📈', 'Price > SMA50']
[2025-07-29 10:05:48,172] sim INFO: [SIM] insufficient cash for TXN: need $0.00, have $3.47
[2025-07-29 10:05:51,513] sim INFO: [SIM] ALERT TSCO: 4/4 → ['BB breakout', 'MACD 🚀', 'RSI 📈', 'Price > SMA50']
[2025-07-29 10:05:51,716] sim INFO: [SIM] insufficient cash for TSCO: need $0.00, have $3.47
[2025-07-29 10:05:52,748] sim INFO: [SIM] ALERT TDG: 4/4 → ['MACD 🚀', 'RSI 📈', 'ATR14 ≥ 2.0', 'Price > SMA50']
[2025-07-29 10:05:52,937] sim INFO: [SIM] insufficient cash for TDG: need $0.00, have $3.47
[2025-07-29 10:06:22,077] sim INFO: 🔁 Starting scan loop iteration
[2025-07-29 10:06:24,346] sim INFO: [SIM] ALERT ABBV: 4/4 → ['BB breakout', 'MACD 🚀', 'RSI 📈', 'Price > SMA50']
[2025-07-29 10:06:24,531] sim INFO: [SIM] insufficient cash for ABBV: need $0.00, have $3.47
[2025-07-29 10:06:57,054] sim INFO: [SIM] ALERT BLK: 4/4 → ['MACD 🚀', 'RSI 📈', 'ATR14 ≥ 2.0', 'Price > SMA50']
[2025-07-29 10:06:57,259] sim INFO: [SIM] insufficient cash for BLK: need $0.00, have $3.47
[2025-07-29 10:07:04,966] sim INFO: [SIM] ALERT CDNS: 5/4 → ['MACD 🚀', 'RSI 📈', 'ATR14 ≥ 2.0', 'ATR % ≥ 0.7%', 'Price > SMA50']
[2025-07-29 10:07:05,177] sim INFO: [SIM] insufficient cash for CDNS: need $0.00, have $3.47
[2025-07-29 10:07:08,530] sim INFO: [SIM] ALERT CPB: 4/4 → ['BB breakout', 'MACD 🚀', 'RSI 📈', 'Price > SMA50']
[2025-07-29 10:07:08,716] sim INFO: [SIM] insufficient cash for CPB: need $0.00, have $3.47
[2025-07-29 10:07:13,050] sim INFO: [SIM] ALERT CBRE: 4/4 → ['MACD 🚀', 'RSI 📈', 'ATR % ≥ 0.7%', 'Price > SMA50']
[2025-07-29 10:07:13,258] sim INFO: [SIM] insufficient cash for CBRE: need $0.00, have $3.47
[2025-07-29 10:07:15,330] sim INFO: [SIM] ALERT CNP: 4/4 → ['BB breakout', 'MACD 🚀', 'RSI 📈', 'Price > SMA50']
[2025-07-29 10:07:15,504] sim INFO: [SIM] insufficient cash for CNP: need $0.00, have $3.47
[2025-07-29 10:07:25,622] sim INFO: [SIM] ALERT CME: 4/4 → ['BB breakout', 'MACD 🚀', 'RSI 📈', 'Price > SMA50']
[2025-07-29 10:07:25,803] sim INFO: [SIM] insufficient cash for CME: need $0.00, have $3.47
[2025-07-29 10:07:26,848] sim INFO: [SIM] ALERT KO: 4/4 → ['BB breakout', 'MACD 🚀', 'RSI 📈', 'Price > SMA50']
[2025-07-29 10:07:27,029] sim INFO: [SIM] insufficient cash for KO: need $0.00, have $3.47
[2025-07-29 10:07:34,265] sim INFO: [SIM] ALERT GLW: 4/4 → ['MACD 🚀', 'RSI 📈', 'ATR % ≥ 0.7%', 'Price > SMA50']
[2025-07-29 10:07:34,456] sim INFO: [SIM] insufficient cash for GLW: need $0.00, have $3.47
[2025-07-29 10:07:40,872] sim INFO: [SIM] ALERT CVS: 4/4 → ['BB breakout', 'MACD 🚀', 'RSI 📈', 'Price > SMA50']
[2025-07-29 10:07:41,057] sim INFO: [SIM] insufficient cash for CVS: need $0.00, have $3.47
[2025-07-29 10:07:41,593] sim INFO: [SIM] ALERT DHR: 4/4 → ['BB breakout', 'MACD 🚀', 'RSI 📈', 'Price > SMA50']
[2025-07-29 10:07:41,802] sim INFO: [SIM] insufficient cash for DHR: need $0.00, have $3.47
[2025-07-29 10:07:47,938] sim INFO: [SIM] ALERT DLR: 4/4 → ['BB breakout', 'MACD 🚀', 'RSI 📈', 'Price > SMA50']
[2025-07-29 10:07:48,121] sim INFO: [SIM] insufficient cash for DLR: need $0.00, have $3.47
[2025-07-29 10:07:57,964] sim INFO: [SIM] ALERT EW: 4/4 → ['BB breakout', 'MACD 🚀', 'RSI 📈', 'Price > SMA50']
[2025-07-29 10:07:58,217] sim INFO: [SIM] insufficient cash for EW: need $0.00, have $3.47
[2025-07-29 10:08:03,925] sim INFO: [SIM] ALERT EQIX: 5/4 → ['BB breakout', 'MACD 🚀', 'RSI 📈', 'ATR14 ≥ 2.0', 'Price > SMA50']
[2025-07-29 10:08:04,124] sim INFO: [SIM] insufficient cash for EQIX: need $0.00, have $3.47
[2025-07-29 10:08:09,070] sim INFO: [SIM] ALERT EXC: 4/4 → ['BB breakout', 'MACD 🚀', 'RSI 📈', 'Price > SMA50']
[2025-07-29 10:08:09,260] sim INFO: [SIM] insufficient cash for EXC: need $0.00, have $3.47
[2025-07-29 10:08:30,403] sim INFO: [SIM] ALERT GL: 4/4 → ['MACD 🚀', 'RSI 📈', 'ATR % ≥ 0.7%', 'Price > SMA50']
[2025-07-29 10:08:30,631] sim INFO: [SIM] insufficient cash for GL: need $0.00, have $3.47
[2025-07-29 10:08:32,952] sim INFO: [SIM] ALERT HIG: 4/4 → ['MACD 🚀', 'RSI 📈', 'ATR % ≥ 0.7%', 'Price > SMA50']
[2025-07-29 10:08:33,135] sim INFO: [SIM] insufficient cash for HIG: need $0.00, have $3.47
[2025-07-29 10:09:02,754] sim INFO: [SIM] ALERT KDP: 4/4 → ['BB breakout', 'MACD 🚀', 'RSI 📈', 'Price > SMA50']
[2025-07-29 10:09:02,924] sim INFO: [SIM] insufficient cash for KDP: need $0.00, have $3.47
[2025-07-29 10:09:05,821] sim INFO: [SIM] ALERT KMI: 4/4 → ['BB breakout', 'MACD 🚀', 'RSI 📈', 'Price > SMA50']
[2025-07-29 10:09:06,045] sim INFO: [SIM] insufficient cash for KMI: need $0.00, have $3.47
[2025-07-29 10:09:29,666] sim INFO: [SIM] ALERT MCK: 4/4 → ['BB breakout', 'MACD 🚀', 'ATR14 ≥ 2.0', 'Price > SMA50']
[2025-07-29 10:09:29,834] sim INFO: [SIM] insufficient cash for MCK: need $0.00, have $3.47
[2025-07-29 10:09:36,986] sim INFO: [SIM] ALERT MOH: 5/4 → ['BB breakout', 'MACD 🚀', 'RSI 📈', 'ATR % ≥ 0.7%', 'Price > SMA50']
[2025-07-29 10:09:37,221] sim INFO: [SIM] insufficient cash for MOH: need $0.00, have $3.47
[2025-07-29 10:09:45,608] sim INFO: [SIM] ALERT NEE: 4/4 → ['BB breakout', 'MACD 🚀', 'RSI 📈', 'Price > SMA50']
[2025-07-29 10:09:45,789] sim INFO: [SIM] insufficient cash for NEE: need $0.00, have $3.47
[2025-07-29 10:09:52,807] sim INFO: [SIM] ALERT ORLY: 4/4 → ['BB breakout', 'MACD 🚀', 'RSI 📈', 'Price > SMA50']
[2025-07-29 10:09:52,963] sim INFO: [SIM] insufficient cash for ORLY: need $0.00, have $3.47
[2025-07-29 10:10:38,709] sim INFO: [SIM] ALERT SNPS: 5/4 → ['MACD 🚀', 'RSI 📈', 'ATR14 ≥ 2.0', 'ATR % ≥ 0.7%', 'Price > SMA50']
[2025-07-29 10:10:38,899] sim INFO: [SIM] insufficient cash for SNPS: need $0.00, have $3.47
[2025-07-29 10:10:45,362] sim INFO: [SIM] ALERT TXN: 4/4 → ['BB breakout', 'MACD 🚀', 'RSI 📈', 'Price > SMA50']
[2025-07-29 10:10:45,566] sim INFO: [SIM] insufficient cash for TXN: need $0.00, have $3.47
[2025-07-29 10:10:48,864] sim INFO: [SIM] ALERT TSCO: 4/4 → ['BB breakout', 'MACD 🚀', 'RSI 📈', 'Price > SMA50']
[2025-07-29 10:10:49,061] sim INFO: [SIM] insufficient cash for TSCO: need $0.00, have $3.47
[2025-07-29 10:10:58,098] sim INFO: [SIM] ALERT UHS: 4/4 → ['BB breakout', 'MACD 🚀', 'RSI 📈', 'Price > SMA50']
[2025-07-29 10:10:58,304] sim INFO: [SIM] insufficient cash for UHS: need $0.00, have $3.47
[2025-07-29 10:11:22,052] sim INFO: 🔁 Starting scan loop iteration
[2025-07-29 10:12:09,381] sim INFO: [SIM] ALERT CDNS: 5/4 → ['MACD 🚀', 'RSI 📈', 'ATR14 ≥ 2.0', 'ATR % ≥ 0.7%', 'Price > SMA50']
[2025-07-29 10:12:09,605] sim INFO: [SIM] insufficient cash for CDNS: need $0.00, have $3.47
[2025-07-29 10:12:19,578] sim INFO: [SIM] ALERT CBRE: 4/4 → ['MACD 🚀', 'RSI 📈', 'ATR % ≥ 0.7%', 'Price > SMA50']
[2025-07-29 10:12:19,751] sim INFO: [SIM] insufficient cash for CBRE: need $0.00, have $3.47
[2025-07-29 10:12:38,628] sim INFO: [SIM] ALERT GLW: 4/4 → ['MACD 🚀', 'RSI 📈', 'ATR % ≥ 0.7%', 'Price > SMA50']
[2025-07-29 10:12:38,796] sim INFO: [SIM] insufficient cash for GLW: need $0.00, have $3.47
[2025-07-29 10:12:44,464] sim INFO: [SIM] ALERT CVS: 4/4 → ['BB breakout', 'MACD 🚀', 'RSI 📈', 'Price > SMA50']
[2025-07-29 10:12:44,635] sim INFO: [SIM] insufficient cash for CVS: need $0.00, have $3.47
[2025-07-29 10:12:45,142] sim INFO: [SIM] ALERT DHR: 4/4 → ['BB breakout', 'MACD 🚀', 'RSI 📈', 'Price > SMA50']
[2025-07-29 10:12:45,305] sim INFO: [SIM] insufficient cash for DHR: need $0.00, have $3.47
[2025-07-29 10:12:51,252] sim INFO: [SIM] ALERT DLR: 4/4 → ['BB breakout', 'MACD 🚀', 'RSI 📈', 'Price > SMA50']
[2025-07-29 10:12:51,472] sim INFO: [SIM] insufficient cash for DLR: need $0.00, have $3.47
[2025-07-29 10:13:06,085] sim INFO: [SIM] ALERT EQIX: 4/4 → ['BB breakout', 'MACD 🚀', 'ATR14 ≥ 2.0', 'Price > SMA50']
[2025-07-29 10:13:06,293] sim INFO: [SIM] insufficient cash for EQIX: need $0.00, have $3.47
[2025-07-29 10:13:37,645] sim INFO: [SIM] ALERT GL: 4/4 → ['MACD 🚀', 'RSI 📈', 'ATR % ≥ 0.7%', 'Price > SMA50']
[2025-07-29 10:13:37,806] sim INFO: [SIM] insufficient cash for GL: need $0.00, have $3.47
[2025-07-29 10:13:39,869] sim INFO: [SIM] ALERT HIG: 4/4 → ['MACD 🚀', 'RSI 📈', 'ATR % ≥ 0.7%', 'Price > SMA50']
[2025-07-29 10:13:40,165] sim INFO: [SIM] insufficient cash for HIG: need $0.00, have $3.47
[2025-07-29 10:13:44,290] sim INFO: [SIM] ALERT HPE: 4/4 → ['BB breakout', 'MACD 🚀', 'RSI 📈', 'Price > SMA50']
[2025-07-29 10:13:44,509] sim INFO: [SIM] insufficient cash for HPE: need $0.00, have $3.47
[2025-07-29 10:14:08,297] sim INFO: [SIM] ALERT KDP: 4/4 → ['BB breakout', 'MACD 🚀', 'RSI 📈', 'Price > SMA50']
[2025-07-29 10:14:08,514] sim INFO: [SIM] insufficient cash for KDP: need $0.00, have $3.47
[2025-07-29 10:14:36,134] sim INFO: [SIM] ALERT MOH: 4/4 → ['MACD 🚀', 'RSI 📈', 'ATR % ≥ 0.7%', 'Price > SMA50']
[2025-07-29 10:14:36,346] sim INFO: [SIM] insufficient cash for MOH: need $0.00, have $3.47
[2025-07-29 10:15:37,469] sim INFO: [SIM] ALERT SNPS: 5/4 → ['MACD 🚀', 'RSI 📈', 'ATR14 ≥ 2.0', 'ATR % ≥ 0.7%', 'Price > SMA50']
[2025-07-29 10:15:37,643] sim INFO: [SIM] insufficient cash for SNPS: need $0.00, have $3.47
[2025-07-29 10:15:48,630] sim INFO: [SIM] ALERT TSCO: 4/4 → ['BB breakout', 'MACD 🚀', 'RSI 📈', 'Price > SMA50']
[2025-07-29 10:15:48,824] sim INFO: [SIM] insufficient cash for TSCO: need $0.00, have $3.47
[2025-07-29 10:15:58,411] sim INFO: [SIM] ALERT UHS: 4/4 → ['BB breakout', 'MACD 🚀', 'RSI 📈', 'Price > SMA50']
[2025-07-29 10:15:58,592] sim INFO: [SIM] insufficient cash for UHS: need $0.00, have $3.47
[2025-07-29 10:16:47,172] sim WARNING: No data for XYL; skipping
[2025-07-29 10:16:49,938] sim INFO: 🔁 Starting scan loop iteration
[2025-07-29 10:17:34,623] sim INFO: [SIM] ALERT CDNS: 5/4 → ['MACD 🚀', 'RSI 📈', 'ATR14 ≥ 2.0', 'ATR % ≥ 0.7%', 'Price > SMA50']
[2025-07-29 10:17:34,825] sim INFO: [SIM] insufficient cash for CDNS: need $0.00, have $3.47
[2025-07-29 10:17:40,481] sim INFO: [SIM] ALERT CBRE: 4/4 → ['MACD 🚀', 'RSI 📈', 'ATR % ≥ 0.7%', 'Price > SMA50']
[2025-07-29 10:17:40,667] sim INFO: [SIM] insufficient cash for CBRE: need $0.00, have $3.47
[2025-07-29 10:17:58,140] sim INFO: [SIM] ALERT GLW: 4/4 → ['MACD 🚀', 'RSI 📈', 'ATR % ≥ 0.7%', 'Price > SMA50']
[2025-07-29 10:17:58,348] sim INFO: [SIM] insufficient cash for GLW: need $0.00, have $3.47
[2025-07-29 10:18:04,135] sim INFO: [SIM] ALERT CVS: 4/4 → ['BB breakout', 'MACD 🚀', 'RSI 📈', 'Price > SMA50']
[2025-07-29 10:18:04,320] sim INFO: [SIM] insufficient cash for CVS: need $0.00, have $3.47
[2025-07-29 10:18:25,836] sim INFO: [SIM] ALERT EQIX: 5/4 → ['BB breakout', 'MACD 🚀', 'RSI 📈', 'ATR14 ≥ 2.0', 'Price > SMA50']
[2025-07-29 10:18:26,074] sim INFO: [SIM] insufficient cash for EQIX: need $0.00, have $3.47
[2025-07-29 10:18:52,389] sim INFO: [SIM] ALERT GL: 4/4 → ['MACD 🚀', 'RSI 📈', 'ATR % ≥ 0.7%', 'Price > SMA50']
[2025-07-29 10:18:52,640] sim INFO: [SIM] insufficient cash for GL: need $0.00, have $3.47
[2025-07-29 10:18:55,004] sim INFO: [SIM] ALERT HIG: 4/4 → ['MACD 🚀', 'RSI 📈', 'ATR % ≥ 0.7%', 'Price > SMA50']
[2025-07-29 10:18:55,219] sim INFO: [SIM] insufficient cash for HIG: need $0.00, have $3.47
[2025-07-29 10:19:08,718] sim INFO: [SIM] ALERT INCY: 4/4 → ['MACD 🚀', 'RSI 📈', 'ATR % ≥ 0.7%', 'Price > SMA50']
[2025-07-29 10:19:08,945] sim INFO: [SIM] insufficient cash for INCY: need $0.00, have $3.47
[2025-07-29 10:19:22,920] sim INFO: [SIM] ALERT KDP: 4/4 → ['BB breakout', 'MACD 🚀', 'RSI 📈', 'Price > SMA50']
[2025-07-29 10:19:23,111] sim INFO: [SIM] insufficient cash for KDP: need $0.00, have $3.47
[2025-07-29 10:19:45,546] sim INFO: [SIM] ALERT MCK: 5/4 → ['BB breakout', 'MACD 🚀', 'RSI 📈', 'ATR14 ≥ 2.0', 'Price > SMA50']
[2025-07-29 10:19:45,796] sim INFO: [SIM] insufficient cash for MCK: need $0.00, have $3.47
[2025-07-29 10:19:53,612] sim INFO: [SIM] ALERT MOH: 4/4 → ['MACD 🚀', 'RSI 📈', 'ATR % ≥ 0.7%', 'Price > SMA50']
[2025-07-29 10:19:53,779] sim INFO: [SIM] insufficient cash for MOH: need $0.00, have $3.47
[2025-07-29 10:20:53,791] sim INFO: [SIM] ALERT SNPS: 5/4 → ['MACD 🚀', 'RSI 📈', 'ATR14 ≥ 2.0', 'ATR % ≥ 0.7%', 'Price > SMA50']
[2025-07-29 10:20:53,998] sim INFO: [SIM] insufficient cash for SNPS: need $0.00, have $3.47
[2025-07-29 10:21:13,034] sim INFO: [SIM] ALERT UHS: 5/4 → ['BB breakout', 'MACD 🚀', 'RSI 📈', 'ATR % ≥ 0.7%', 'Price > SMA50']
[2025-07-29 10:21:13,281] sim INFO: [SIM] insufficient cash for UHS: need $0.00, have $3.47
[2025-07-29 10:21:36,469] sim INFO: 🔁 Starting scan loop iteration
[2025-07-29 10:21:48,555] sim INFO: [SIM] ALERT MO: 4/4 → ['BB breakout', 'MACD 🚀', 'RSI 📈', 'Price > SMA50']
[2025-07-29 10:21:48,734] sim INFO: [SIM] insufficient cash for MO: need $0.00, have $3.47
[2025-07-29 10:22:21,549] sim INFO: [SIM] ALERT CDNS: 5/4 → ['MACD 🚀', 'RSI 📈', 'ATR14 ≥ 2.0', 'ATR % ≥ 0.7%', 'Price > SMA50']
[2025-07-29 10:22:21,745] sim INFO: [SIM] insufficient cash for CDNS: need $0.00, have $3.47
[2025-07-29 10:22:27,711] sim INFO: [SIM] ALERT CBRE: 4/4 → ['MACD 🚀', 'RSI 📈', 'ATR % ≥ 0.7%', 'Price > SMA50']
[2025-07-29 10:22:27,923] sim INFO: [SIM] insufficient cash for CBRE: need $0.00, have $3.47
[2025-07-29 10:22:35,210] sim INFO: [SIM] ALERT CINF: 4/4 → ['MACD 🚀', 'RSI 📈', 'ATR % ≥ 0.7%', 'Price > SMA50']
[2025-07-29 10:22:35,444] sim INFO: [SIM] insufficient cash for CINF: need $0.00, have $3.47
[2025-07-29 10:22:47,089] sim INFO: [SIM] ALERT GLW: 4/4 → ['MACD 🚀', 'RSI 📈', 'ATR % ≥ 0.7%', 'Price > SMA50']
[2025-07-29 10:22:47,284] sim INFO: [SIM] insufficient cash for GLW: need $0.00, have $3.47
[2025-07-29 10:22:52,751] sim INFO: [SIM] ALERT CVS: 4/4 → ['BB breakout', 'MACD 🚀', 'RSI 📈', 'Price > SMA50']
[2025-07-29 10:22:52,952] sim INFO: [SIM] insufficient cash for CVS: need $0.00, have $3.47
[2025-07-29 10:23:18,981] sim INFO: [SIM] ALERT EVRG: 4/4 → ['BB breakout', 'MACD 🚀', 'RSI 📈', 'Price > SMA50']
[2025-07-29 10:23:19,173] sim INFO: [SIM] insufficient cash for EVRG: need $0.00, have $3.47
[2025-07-29 10:23:46,341] sim INFO: [SIM] ALERT HIG: 4/4 → ['MACD 🚀', 'RSI 📈', 'ATR % ≥ 0.7%', 'Price > SMA50']
[2025-07-29 10:23:46,589] sim INFO: [SIM] insufficient cash for HIG: need $0.00, have $3.47
[2025-07-29 10:24:00,469] sim INFO: [SIM] ALERT INCY: 4/4 → ['MACD 🚀', 'RSI 📈', 'ATR % ≥ 0.7%', 'Price > SMA50']
[2025-07-29 10:24:00,661] sim INFO: [SIM] insufficient cash for INCY: need $0.00, have $3.47
[2025-07-29 10:24:36,653] sim INFO: [SIM] ALERT MCK: 4/4 → ['BB breakout', 'MACD 🚀', 'ATR14 ≥ 2.0', 'Price > SMA50']
[2025-07-29 10:24:36,829] sim INFO: [SIM] insufficient cash for MCK: need $0.00, have $3.47
[2025-07-29 10:25:22,978] sim INFO: [SIM] ALERT PSA: 4/4 → ['BB breakout', 'MACD 🚀', 'RSI 📈', 'Price > SMA50']
[2025-07-29 10:25:23,161] sim INFO: [SIM] insufficient cash for PSA: need $0.00, have $3.47
[2025-07-29 10:25:25,671] sim INFO: [SIM] ALERT DGX: 4/4 → ['BB breakout', 'MACD 🚀', 'RSI 📈', 'Price > SMA50']
[2025-07-29 10:25:25,914] sim INFO: [SIM] insufficient cash for DGX: need $0.00, have $3.47
[2025-07-29 10:25:50,330] sim INFO: [SIM] ALERT SNPS: 5/4 → ['MACD 🚀', 'RSI 📈', 'ATR14 ≥ 2.0', 'ATR % ≥ 0.7%', 'Price > SMA50']
[2025-07-29 10:25:50,502] sim INFO: [SIM] insufficient cash for SNPS: need $0.00, have $3.47
[2025-07-29 10:26:14,417] sim INFO: [SIM] ALERT UHS: 5/4 → ['BB breakout', 'MACD 🚀', 'RSI 📈', 'ATR % ≥ 0.7%', 'Price > SMA50']
[2025-07-29 10:26:14,623] sim INFO: [SIM] insufficient cash for UHS: need $0.00, have $3.47
[2025-07-29 10:26:35,405] sim INFO: 🔁 Starting scan loop iteration
[2025-07-29 10:27:20,630] sim INFO: [SIM] ALERT CDNS: 5/4 → ['MACD 🚀', 'RSI 📈', 'ATR14 ≥ 2.0', 'ATR % ≥ 0.7%', 'Price > SMA50']
[2025-07-29 10:27:20,795] sim INFO: [SIM] insufficient cash for CDNS: need $0.00, have $3.47
[2025-07-29 10:27:27,975] sim INFO: [SIM] ALERT CBRE: 4/4 → ['MACD 🚀', 'RSI 📈', 'ATR % ≥ 0.7%', 'Price > SMA50']
[2025-07-29 10:27:28,190] sim INFO: [SIM] insufficient cash for CBRE: need $0.00, have $3.47
[2025-07-29 10:27:35,632] sim INFO: [SIM] ALERT CINF: 4/4 → ['MACD 🚀', 'RSI 📈', 'ATR % ≥ 0.7%', 'Price > SMA50']
[2025-07-29 10:27:35,809] sim INFO: [SIM] insufficient cash for CINF: need $0.00, have $3.47
[2025-07-29 10:27:49,667] sim INFO: [SIM] ALERT GLW: 4/4 → ['MACD 🚀', 'RSI 📈', 'ATR % ≥ 0.7%', 'Price > SMA50']
[2025-07-29 10:27:49,858] sim INFO: [SIM] insufficient cash for GLW: need $0.00, have $3.47
[2025-07-29 10:27:55,971] sim INFO: [SIM] ALERT DRI: 4/4 → ['BB breakout', 'MACD 🚀', 'RSI 📈', 'Price > SMA50']
[2025-07-29 10:27:56,157] sim INFO: [SIM] insufficient cash for DRI: need $0.00, have $3.47
[2025-07-29 10:27:57,605] sim INFO: [SIM] ALERT DECK: 4/4 → ['BB breakout', 'MACD 🚀', 'RSI 📈', 'Price > SMA50']
[2025-07-29 10:27:57,777] sim INFO: [SIM] insufficient cash for DECK: need $0.00, have $3.47
[2025-07-29 10:28:13,438] sim INFO: [SIM] ALERT ELV: 4/4 → ['MACD 🚀', 'RSI 📈', 'ATR14 ≥ 2.0', 'Price > SMA50']
[2025-07-29 10:28:13,740] sim INFO: [SIM] insufficient cash for ELV: need $0.00, have $3.47
[2025-07-29 10:28:17,734] sim INFO: [SIM] ALERT EQIX: 4/4 → ['MACD 🚀', 'RSI 📈', 'ATR14 ≥ 2.0', 'Price > SMA50']
[2025-07-29 10:28:17,911] sim INFO: [SIM] insufficient cash for EQIX: need $0.00, have $3.47
[2025-07-29 10:28:21,222] sim INFO: [SIM] ALERT EVRG: 4/4 → ['BB breakout', 'MACD 🚀', 'RSI 📈', 'Price > SMA50']
[2025-07-29 10:28:21,442] sim INFO: [SIM] insufficient cash for EVRG: need $0.00, have $3.47
[2025-07-29 10:28:46,878] sim INFO: [SIM] ALERT HIG: 4/4 → ['MACD 🚀', 'RSI 📈', 'ATR % ≥ 0.7%', 'Price > SMA50']
[2025-07-29 10:28:47,102] sim INFO: [SIM] insufficient cash for HIG: need $0.00, have $3.47
[2025-07-29 10:29:01,636] sim INFO: [SIM] ALERT INCY: 4/4 → ['MACD 🚀', 'RSI 📈', 'ATR % ≥ 0.7%', 'Price > SMA50']
[2025-07-29 10:29:01,964] sim INFO: [SIM] insufficient cash for INCY: need $0.00, have $3.47
[2025-07-29 10:30:20,553] sim INFO: [SIM] seed cash: $1000.00
[2025-07-29 10:30:20,808] sim INFO: 🔁 Starting scan loop iteration
[2025-07-29 10:35:08,381] sim INFO: 🔁 Starting scan loop iteration
[2025-07-29 10:39:55,625] sim INFO: 🔁 Starting scan loop iteration
[2025-07-29 10:44:21,942] sim INFO: [SIM] seed cash: $1000.00
[2025-07-29 10:44:22,165] sim INFO: 🔁 Starting scan loop iteration
[2025-07-29 10:44:50,836] sim INFO: [SIM] ALERT AZO: 4/4 → ['MACD 🚀', 'RSI 📈', 'ATR14 ≥ 2.0', 'Price > SMA50']
[2025-07-29 10:44:51,047] sim INFO: [SIM] insufficient cash for AZO: need $0.00, have $1000.00
[2025-07-29 10:46:41,335] sim INFO: [SIM] ALERT INCY: 4/4 → ['MACD 🚀', 'RSI 📈', 'ATR % ≥ 0.7%', 'Price > SMA50']
[2025-07-29 10:46:41,549] sim INFO: ✅ BUY INCY x2 @ $75.59 (cash → $848.81)
[2025-07-29 10:46:41,552] sim INFO: [SIM] Current holdings:
[2025-07-29 10:46:41,552] sim INFO:     • INCY: 2 shares @ $75.59 (last price: $75.59)
[2025-07-29 10:47:18,547] sim INFO: [SIM] ALERT MTD: 4/4 → ['BB breakout', 'MACD 🚀', 'ATR14 ≥ 2.0', 'Price > SMA50']
[2025-07-29 10:47:18,748] sim INFO: [SIM] insufficient cash for MTD: need $0.00, have $848.81
[2025-07-29 10:48:51,249] sim INFO: [SIM] ALERT UHS: 4/4 → ['MACD 🚀', 'RSI 📈', 'ATR % ≥ 0.7%', 'Price > SMA50']
[2025-07-29 10:48:51,605] sim INFO: ✅ BUY UHS x1 @ $161.16 (cash → $687.65)
[2025-07-29 10:48:51,610] sim INFO: [SIM] Current holdings:
[2025-07-29 10:48:51,611] sim INFO:     • INCY: 2 shares @ $75.59 (last price: $75.59)
[2025-07-29 10:48:51,611] sim INFO:     • UHS: 1 shares @ $161.16 (last price: $161.16)
[2025-07-29 10:49:14,120] sim INFO: 🔁 Starting scan loop iteration
[2025-07-29 10:49:45,420] sim INFO: [SIM] ALERT AZO: 4/4 → ['MACD 🚀', 'RSI 📈', 'ATR14 ≥ 2.0', 'Price > SMA50']
[2025-07-29 10:49:45,671] sim INFO: [SIM] insufficient cash for AZO: need $0.00, have $687.65
[2025-07-29 10:50:30,278] sim INFO: [SIM] ALERT DVA: 4/4 → ['BB breakout', 'MACD 🚀', 'RSI 📈', 'Price > SMA50']
[2025-07-29 10:50:30,499] sim INFO: ✅ BUY DVA x1 @ $147.00 (cash → $540.65)
[2025-07-29 10:50:30,501] sim INFO: [SIM] Current holdings:
[2025-07-29 10:50:30,501] sim INFO:     • INCY: 2 shares @ $75.59 (last price: $75.59)
[2025-07-29 10:50:30,501] sim INFO:     • UHS: 1 shares @ $161.16 (last price: $161.16)
[2025-07-29 10:50:30,502] sim INFO:     • DVA: 1 shares @ $147.00 (last price: $147.00)
[2025-07-29 10:51:20,970] sim INFO: [SIM] ALERT HAS: 4/4 → ['BB breakout', 'MACD 🚀', 'RSI 📈', 'Price > SMA50']
[2025-07-29 10:51:21,268] sim INFO: ✅ BUY HAS x2 @ $76.88 (cash → $386.89)
[2025-07-29 10:51:21,272] sim INFO: [SIM] Current holdings:
[2025-07-29 10:51:21,272] sim INFO:     • INCY: 2 shares @ $75.59 (last price: $75.59)
[2025-07-29 10:51:21,272] sim INFO:     • UHS: 1 shares @ $161.16 (last price: $161.16)
[2025-07-29 10:51:21,273] sim INFO:     • DVA: 1 shares @ $147.00 (last price: $147.00)
[2025-07-29 10:51:21,273] sim INFO:     • HAS: 2 shares @ $76.88 (last price: $76.88)
[2025-07-29 10:51:34,408] sim INFO: [SIM] ALERT INCY: 4/4 → ['MACD 🚀', 'RSI 📈', 'ATR % ≥ 0.7%', 'Price > SMA50']
[2025-07-29 10:51:34,674] sim INFO: ✅ BUY INCY x2 @ $75.78 (cash → $235.32)
[2025-07-29 10:51:34,677] sim INFO: [SIM] Current holdings:
[2025-07-29 10:51:34,678] sim INFO:     • INCY: 4 shares @ $75.69 (last price: $75.78)
[2025-07-29 10:51:34,678] sim INFO:     • UHS: 1 shares @ $161.16 (last price: $161.16)
[2025-07-29 10:51:34,678] sim INFO:     • DVA: 1 shares @ $147.00 (last price: $147.00)
[2025-07-29 10:51:34,679] sim INFO:     • HAS: 2 shares @ $76.88 (last price: $76.88)
[2025-07-29 10:52:13,841] sim INFO: [SIM] ALERT MTD: 4/4 → ['BB breakout', 'MACD 🚀', 'ATR14 ≥ 2.0', 'Price > SMA50']
[2025-07-29 10:52:14,023] sim INFO: [SIM] insufficient cash for MTD: need $0.00, have $235.32
[2025-07-29 10:52:48,544] sim INFO: [SIM] ALERT PM: 4/4 → ['BB breakout', 'MACD 🚀', 'RSI 📈', 'Price > SMA50']
[2025-07-29 10:52:48,781] sim INFO: ✅ BUY PM x1 @ $160.59 (cash → $74.74)
[2025-07-29 10:52:48,782] sim INFO: [SIM] Current holdings:
[2025-07-29 10:52:48,783] sim INFO:     • INCY: 4 shares @ $75.69 (last price: $75.78)
[2025-07-29 10:52:48,783] sim INFO:     • UHS: 1 shares @ $161.16 (last price: $161.16)
[2025-07-29 10:52:48,783] sim INFO:     • DVA: 1 shares @ $147.00 (last price: $147.00)
[2025-07-29 10:52:48,784] sim INFO:     • HAS: 2 shares @ $76.88 (last price: $76.88)
[2025-07-29 10:52:48,784] sim INFO:     • PM: 1 shares @ $160.59 (last price: $160.59)
[2025-07-29 10:53:38,638] sim INFO: [SIM] ALERT UHS: 4/4 → ['MACD 🚀', 'RSI 📈', 'ATR % ≥ 0.7%', 'Price > SMA50']
[2025-07-29 10:53:38,888] sim INFO: [SIM] insufficient cash for UHS: need $0.00, have $74.74
[2025-07-29 10:53:59,693] sim INFO: 🔁 Starting scan loop iteration
[2025-07-29 10:54:27,738] sim INFO: [SIM] ALERT AZO: 4/4 → ['MACD 🚀', 'RSI 📈', 'ATR14 ≥ 2.0', 'Price > SMA50']
[2025-07-29 10:54:27,964] sim INFO: [SIM] insufficient cash for AZO: need $0.00, have $74.74
[2025-07-29 10:55:03,522] sim INFO: [SIM] ALERT ED: 4/4 → ['BB breakout', 'MACD 🚀', 'RSI 📈', 'Price > SMA50']
[2025-07-29 10:55:03,698] sim INFO: [SIM] insufficient cash for ED: need $0.00, have $74.74
[2025-07-29 10:56:58,153] sim INFO: [SIM] ALERT MTD: 4/4 → ['BB breakout', 'MACD 🚀', 'ATR14 ≥ 2.0', 'Price > SMA50']
[2025-07-29 10:56:58,378] sim INFO: [SIM] insufficient cash for MTD: need $0.00, have $74.74
[2025-07-29 10:58:29,663] sim INFO: [SIM] ALERT UHS: 4/4 → ['MACD 🚀', 'RSI 📈', 'ATR % ≥ 0.7%', 'Price > SMA50']
[2025-07-29 10:58:29,839] sim INFO: [SIM] insufficient cash for UHS: need $0.00, have $74.74
[2025-07-29 10:58:51,785] sim INFO: 🔁 Starting scan loop iteration
[2025-07-29 10:59:23,871] sim INFO: [SIM] ALERT AZO: 4/4 → ['MACD 🚀', 'RSI 📈', 'ATR14 ≥ 2.0', 'Price > SMA50']
[2025-07-29 10:59:24,047] sim INFO: [SIM] insufficient cash for AZO: need $0.00, have $74.74
[2025-07-29 11:00:00,801] sim INFO: [SIM] ALERT CTAS: 4/4 → ['BB breakout', 'MACD 🚀', 'RSI 📈', 'Price > SMA50']
[2025-07-29 11:00:01,029] sim INFO: [SIM] insufficient cash for CTAS: need $0.00, have $74.74
[2025-07-29 11:03:46,656] sim INFO: [SIM] ALERT UHS: 4/4 → ['MACD 🚀', 'RSI 📈', 'ATR % ≥ 0.7%', 'Price > SMA50']
[2025-07-29 11:03:46,909] sim INFO: [SIM] insufficient cash for UHS: need $0.00, have $74.74
[2025-07-29 11:04:11,085] sim INFO: 🔁 Starting scan loop iteration
[2025-07-29 11:04:27,066] sim INFO: [SIM] ALERT AEP: 4/4 → ['BB breakout', 'MACD 🚀', 'RSI 📈', 'Price > SMA50']
[2025-07-29 11:04:27,283] sim INFO: [SIM] insufficient cash for AEP: need $0.00, have $74.74
[2025-07-29 11:05:16,862] sim INFO: [SIM] ALERT CTAS: 4/4 → ['BB breakout', 'MACD 🚀', 'RSI 📈', 'Price > SMA50']
[2025-07-29 11:05:17,070] sim INFO: [SIM] insufficient cash for CTAS: need $0.00, have $74.74
[2025-07-29 11:05:25,700] sim INFO: [SIM] ALERT ED: 4/4 → ['BB breakout', 'MACD 🚀', 'RSI 📈', 'Price > SMA50']
[2025-07-29 11:05:25,933] sim INFO: [SIM] insufficient cash for ED: need $0.00, have $74.74
[2025-07-29 11:05:47,902] sim INFO: [SIM] ALERT DUK: 4/4 → ['BB breakout', 'MACD 🚀', 'RSI 📈', 'Price > SMA50']
[2025-07-29 11:05:48,094] sim INFO: [SIM] insufficient cash for DUK: need $0.00, have $74.74
[2025-07-29 11:08:53,237] sim INFO: [SIM] ALERT UHS: 4/4 → ['MACD 🚀', 'RSI 📈', 'ATR % ≥ 0.7%', 'Price > SMA50']
[2025-07-29 11:08:53,539] sim INFO: [SIM] insufficient cash for UHS: need $0.00, have $74.74
[2025-07-29 11:09:15,720] sim INFO: 🔁 Starting scan loop iteration
[2025-07-29 11:09:31,236] sim INFO: [SIM] ALERT AEP: 4/4 → ['BB breakout', 'MACD 🚀', 'RSI 📈', 'Price > SMA50']
[2025-07-29 11:09:31,447] sim INFO: [SIM] insufficient cash for AEP: need $0.00, have $74.74
[2025-07-29 11:13:03,084] sim INFO: [SIM] ALERT PGR: 4/4 → ['BB breakout', 'MACD 🚀', 'RSI 📈', 'Price > SMA50']
[2025-07-29 11:13:03,292] sim INFO: [SIM] insufficient cash for PGR: need $0.00, have $74.74
[2025-07-29 11:13:30,995] sim INFO: [SIM] ALERT TMUS: 4/4 → ['BB breakout', 'MACD 🚀', 'RSI 📈', 'Price > SMA50']
[2025-07-29 11:13:31,199] sim INFO: [SIM] insufficient cash for TMUS: need $0.00, have $74.74
[2025-07-29 11:13:53,194] sim INFO: [SIM] ALERT VZ: 4/4 → ['BB breakout', 'MACD 🚀', 'RSI 📈', 'Price > SMA50']
[2025-07-29 11:13:53,535] sim INFO: ✅ BUY VZ x1 @ $42.84 (cash → $31.90)
[2025-07-29 11:13:53,539] sim INFO: [SIM] Current holdings:
[2025-07-29 11:13:53,539] sim INFO:     • INCY: 4 shares @ $75.69 (last price: $75.78)
[2025-07-29 11:13:53,540] sim INFO:     • UHS: 1 shares @ $161.16 (last price: $161.95)
[2025-07-29 11:13:53,540] sim INFO:     • DVA: 1 shares @ $147.00 (last price: $147.00)
[2025-07-29 11:13:53,541] sim INFO:     • HAS: 2 shares @ $76.88 (last price: $76.88)
[2025-07-29 11:13:53,541] sim INFO:     • PM: 1 shares @ $160.59 (last price: $160.59)
[2025-07-29 11:13:53,541] sim INFO:     • VZ: 1 shares @ $42.84 (last price: $42.84)
[2025-07-29 11:14:11,641] sim INFO: 🔁 Starting scan loop iteration
[2025-07-29 11:15:38,623] sim INFO: [SIM] ALERT DG: 4/4 → ['BB breakout', 'MACD 🚀', 'RSI 📈', 'Price > SMA50']
[2025-07-29 11:15:38,809] sim INFO: [SIM] insufficient cash for DG: need $0.00, have $31.90
[2025-07-29 11:18:20,629] sim INFO: [SIM] ALERT TMUS: 4/4 → ['BB breakout', 'MACD 🚀', 'RSI 📈', 'Price > SMA50']
[2025-07-29 11:18:20,826] sim INFO: [SIM] insufficient cash for TMUS: need $0.00, have $31.90
[2025-07-29 11:18:44,577] sim INFO: [SIM] ALERT VZ: 4/4 → ['BB breakout', 'MACD 🚀', 'RSI 📈', 'Price > SMA50']
[2025-07-29 11:18:44,766] sim INFO: [SIM] insufficient cash for VZ: need $0.00, have $31.90
[2025-07-29 11:19:03,575] sim INFO: 🔁 Starting scan loop iteration
[2025-07-29 11:21:41,871] sim INFO: [SIM] ALERT K: 4/4 → ['BB breakout', 'MACD 🚀', 'RSI 📈', 'Price > SMA50']
[2025-07-29 11:21:42,063] sim INFO: [SIM] insufficient cash for K: need $0.00, have $31.90
[2025-07-29 11:24:01,556] sim INFO: 🔁 Starting scan loop iteration
[2025-07-29 11:26:30,781] sim INFO: [SIM] ALERT K: 4/4 → ['BB breakout', 'MACD 🚀', 'RSI 📈', 'Price > SMA50']
[2025-07-29 11:26:31,007] sim INFO: [SIM] insufficient cash for K: need $0.00, have $31.90
[2025-07-29 11:27:26,232] sim INFO: [SIM] ALERT PEP: 4/4 → ['BB breakout', 'MACD 🚀', 'RSI 📈', 'Price > SMA50']
[2025-07-29 11:27:26,467] sim INFO: [SIM] insufficient cash for PEP: need $0.00, have $31.90
[2025-07-29 11:28:00,418] sim INFO: [SIM] ALERT TMUS: 4/4 → ['BB breakout', 'MACD 🚀', 'RSI 📈', 'Price > SMA50']
[2025-07-29 11:28:00,730] sim INFO: [SIM] insufficient cash for TMUS: need $0.00, have $31.90
[2025-07-29 11:28:13,157] sim INFO: [SIM] ALERT TSN: 4/4 → ['BB breakout', 'MACD 🚀', 'RSI 📈', 'Price > SMA50']
[2025-07-29 11:28:13,348] sim INFO: [SIM] insufficient cash for TSN: need $0.00, have $31.90
[2025-07-29 11:28:22,122] sim INFO: [SIM] ALERT VZ: 4/4 → ['BB breakout', 'MACD 🚀', 'RSI 📈', 'Price > SMA50']
[2025-07-29 11:28:22,489] sim INFO: [SIM] insufficient cash for VZ: need $0.00, have $31.90
[2025-07-29 11:28:28,388] sim INFO: [SIM] ALERT WMT: 4/4 → ['BB breakout', 'MACD 🚀', 'RSI 📈', 'Price > SMA50']
[2025-07-29 11:28:28,563] sim INFO: [SIM] insufficient cash for WMT: need $0.00, have $31.90
[2025-07-29 11:28:40,792] sim INFO: 🔁 Starting scan loop iteration
[2025-07-29 11:29:47,247] sim INFO: [SIM] ALERT KO: 4/4 → ['BB breakout', 'MACD 🚀', 'RSI 📈', 'Price > SMA50']
[2025-07-29 11:29:47,446] sim INFO: [SIM] insufficient cash for KO: need $0.00, have $31.90
[2025-07-29 11:29:55,979] sim INFO: [SIM] ALERT COST: 4/4 → ['BB breakout', 'MACD 🚀', 'RSI 📈', 'Price > SMA50']
[2025-07-29 11:29:56,183] sim INFO: [SIM] insufficient cash for COST: need $0.00, have $31.90
[2025-07-29 11:30:46,312] sim INFO: [SIM] ALERT GD: 4/4 → ['BB breakout', 'MACD 🚀', 'RSI 📈', 'Price > SMA50']
[2025-07-29 11:30:46,542] sim INFO: [SIM] insufficient cash for GD: need $0.00, have $31.90
[2025-07-29 11:31:21,183] sim INFO: [SIM] ALERT K: 4/4 → ['BB breakout', 'MACD 🚀', 'RSI 📈', 'Price > SMA50']
[2025-07-29 11:31:21,400] sim INFO: [SIM] insufficient cash for K: need $0.00, have $31.90
[2025-07-29 11:32:16,810] sim INFO: [SIM] ALERT PEP: 4/4 → ['BB breakout', 'MACD 🚀', 'RSI 📈', 'Price > SMA50']
[2025-07-29 11:32:16,992] sim INFO: [SIM] insufficient cash for PEP: need $0.00, have $31.90
[2025-07-29 11:33:24,626] sim INFO: [SIM] ALERT WMT: 4/4 → ['BB breakout', 'MACD 🚀', 'RSI 📈', 'Price > SMA50']
[2025-07-29 11:33:24,802] sim INFO: [SIM] insufficient cash for WMT: need $0.00, have $31.90
[2025-07-29 11:33:36,927] sim INFO: 🔁 Starting scan loop iteration
[2025-07-29 11:36:04,429] sim INFO: [SIM] ALERT INVH: 4/4 → ['BB breakout', 'MACD 🚀', 'RSI 📈', 'Price > SMA50']
[2025-07-29 11:36:04,686] sim INFO: ✅ BUY INVH x1 @ $31.62 (cash → $0.27)
[2025-07-29 11:36:04,690] sim INFO: [SIM] Current holdings:
[2025-07-29 11:36:04,690] sim INFO:     • INCY: 4 shares @ $75.69 (last price: $75.78)
[2025-07-29 11:36:04,691] sim INFO:     • UHS: 1 shares @ $161.16 (last price: $161.95)
[2025-07-29 11:36:04,691] sim INFO:     • DVA: 1 shares @ $147.00 (last price: $147.00)
[2025-07-29 11:36:04,692] sim INFO:     • HAS: 2 shares @ $76.88 (last price: $76.88)
[2025-07-29 11:36:04,692] sim INFO:     • PM: 1 shares @ $160.59 (last price: $160.59)
[2025-07-29 11:36:04,693] sim INFO:     • VZ: 1 shares @ $42.84 (last price: $42.95)
[2025-07-29 11:36:04,693] sim INFO:     • INVH: 1 shares @ $31.62 (last price: $31.62)
[2025-07-29 11:38:35,315] sim INFO: 🔁 Starting scan loop iteration
[2025-07-29 11:43:27,000] sim INFO: 🔁 Starting scan loop iteration
[2025-07-29 11:44:14,505] sim INFO: [SIM] ALERT CPT: 4/4 → ['BB breakout', 'MACD 🚀', 'RSI 📈', 'Price > SMA50']
[2025-07-29 11:44:14,674] sim INFO: [SIM] insufficient cash for CPT: need $0.00, have $0.27
[2025-07-29 11:48:27,127] sim INFO: 🔁 Starting scan loop iteration
[2025-07-29 11:52:11,607] sim INFO: [SIM] ALERT PLD: 4/4 → ['BB breakout', 'MACD 🚀', 'RSI 📈', 'Price > SMA50']
[2025-07-29 11:52:11,797] sim INFO: [SIM] insufficient cash for PLD: need $0.00, have $0.27
[2025-07-29 11:53:27,159] sim INFO: 🔁 Starting scan loop iteration
[2025-07-29 11:53:38,344] sim INFO: [SIM] ALERT GOOGL: 4/4 → ['BB breakout', 'MACD 🚀', 'RSI 📈', 'Price > SMA50']
[2025-07-29 11:53:38,560] sim INFO: [SIM] insufficient cash for GOOGL: need $0.00, have $0.27
[2025-07-29 11:53:39,022] sim INFO: [SIM] ALERT GOOG: 4/4 → ['BB breakout', 'MACD 🚀', 'RSI 📈', 'Price > SMA50']
[2025-07-29 11:53:39,210] sim INFO: [SIM] insufficient cash for GOOG: need $0.00, have $0.27
[2025-07-29 11:58:16,208] sim INFO: 🔁 Starting scan loop iteration
[2025-07-29 11:58:27,616] sim INFO: [SIM] ALERT GOOGL: 4/4 → ['BB breakout', 'MACD 🚀', 'RSI 📈', 'Price > SMA50']
[2025-07-29 11:58:27,812] sim INFO: [SIM] insufficient cash for GOOGL: need $0.00, have $0.27
[2025-07-29 11:58:28,362] sim INFO: [SIM] ALERT GOOG: 4/4 → ['BB breakout', 'MACD 🚀', 'RSI 📈', 'Price > SMA50']
[2025-07-29 11:58:28,544] sim INFO: [SIM] insufficient cash for GOOG: need $0.00, have $0.27
[2025-07-29 12:03:13,298] sim INFO: 🔁 Starting scan loop iteration
[2025-07-29 12:03:26,360] sim INFO: [SIM] ALERT GOOGL: 4/4 → ['BB breakout', 'MACD 🚀', 'RSI 📈', 'Price > SMA50']
[2025-07-29 12:03:26,564] sim INFO: [SIM] insufficient cash for GOOGL: need $0.00, have $0.27
[2025-07-29 12:03:27,194] sim INFO: [SIM] ALERT GOOG: 4/4 → ['BB breakout', 'MACD 🚀', 'RSI 📈', 'Price > SMA50']
[2025-07-29 12:03:27,439] sim INFO: [SIM] insufficient cash for GOOG: need $0.00, have $0.27
[2025-07-29 12:08:26,860] sim INFO: 🔁 Starting scan loop iteration
[2025-07-29 12:13:19,808] sim INFO: [SIM] ALERT VRTX: 4/4 → ['BB breakout', 'MACD 🚀', 'RSI 📈', 'Price > SMA50']
[2025-07-29 12:13:19,995] sim INFO: [SIM] insufficient cash for VRTX: need $0.00, have $0.27
[2025-07-29 12:13:37,688] sim INFO: 🔁 Starting scan loop iteration
[2025-07-29 12:18:35,844] sim INFO: 🔁 Starting scan loop iteration
[2025-07-29 12:23:36,374] sim INFO: 🔁 Starting scan loop iteration
[2025-07-29 12:28:37,307] sim INFO: 🔁 Starting scan loop iteration
[2025-07-29 12:33:36,376] sim INFO: 🔁 Starting scan loop iteration
[2025-07-29 12:37:04,105] sim INFO: [SIM] ALERT NI: 4/4 → ['BB breakout', 'MACD 🚀', 'RSI 📈', 'Price > SMA50']
[2025-07-29 12:37:04,303] sim INFO: [SIM] insufficient cash for NI: need $0.00, have $0.27
[2025-07-29 12:38:40,778] sim INFO: 🔁 Starting scan loop iteration
[2025-07-29 12:40:19,385] sim INFO: [SIM] ALERT ESS: 4/4 → ['BB breakout', 'MACD 🚀', 'RSI 📈', 'Price > SMA50']
[2025-07-29 12:40:19,683] sim INFO: [SIM] insufficient cash for ESS: need $0.00, have $0.27
[2025-07-29 12:41:44,916] sim INFO: [SIM] ALERT MAA: 4/4 → ['BB breakout', 'MACD 🚀', 'RSI 📈', 'Price > SMA50']
[2025-07-29 12:41:45,163] sim INFO: [SIM] insufficient cash for MAA: need $0.00, have $0.27
[2025-07-29 12:43:14,832] sim INFO: [SIM] ALERT VTR: 4/4 → ['BB breakout', 'MACD 🚀', 'RSI 📈', 'Price > SMA50']
[2025-07-29 12:43:15,006] sim INFO: [SIM] insufficient cash for VTR: need $0.00, have $0.27
[2025-07-29 12:43:28,723] sim INFO: [SIM] ALERT WELL: 4/4 → ['BB breakout', 'MACD 🚀', 'RSI 📈', 'Price > SMA50']
[2025-07-29 12:43:28,909] sim INFO: [SIM] insufficient cash for WELL: need $0.00, have $0.27
[2025-07-29 12:43:37,867] sim INFO: 🔁 Starting scan loop iteration
[2025-07-29 12:43:41,633] sim INFO: [SIM] ALERT ADBE: 4/4 → ['BB breakout', 'MACD 🚀', 'RSI 📈', 'Price > SMA50']
[2025-07-29 12:43:41,827] sim INFO: [SIM] insufficient cash for ADBE: need $0.00, have $0.27
[2025-07-29 12:43:53,750] sim INFO: [SIM] ALERT AEE: 4/4 → ['BB breakout', 'MACD 🚀', 'RSI 📈', 'Price > SMA50']
[2025-07-29 12:43:53,962] sim INFO: [SIM] insufficient cash for AEE: need $0.00, have $0.27
[2025-07-29 12:48:31,843] sim INFO: 🔁 Starting scan loop iteration
[2025-07-29 12:53:27,091] sim INFO: 🔁 Starting scan loop iteration
[2025-07-29 12:58:08,931] sim INFO: 🔁 Starting scan loop iteration
[2025-07-29 13:02:43,424] sim INFO: [SIM] ALERT WMT: 4/4 → ['BB breakout', 'MACD 🚀', 'RSI 📈', 'Price > SMA50']
[2025-07-29 13:02:43,626] sim INFO: [SIM] insufficient cash for WMT: need $0.00, have $0.27
[2025-07-29 13:02:56,317] sim INFO: 🔁 Starting scan loop iteration
[2025-07-29 13:03:08,466] sim INFO: [SIM] ALERT AMCR: 4/4 → ['BB breakout', 'MACD 🚀', 'RSI 📈', 'Price > SMA50']
[2025-07-29 13:03:08,680] sim INFO: [SIM] insufficient cash for AMCR: need $0.00, have $0.27
[2025-07-29 13:03:35,207] sim INFO: [SIM] ALERT BK: 4/4 → ['BB breakout', 'MACD 🚀', 'RSI 📈', 'Price > SMA50']
[2025-07-29 13:03:35,396] sim INFO: [SIM] insufficient cash for BK: need $0.00, have $0.27
[2025-07-29 13:03:45,888] sim INFO: [SIM] ALERT CAH: 4/4 → ['BB breakout', 'MACD 🚀', 'RSI 📈', 'Price > SMA50']
[2025-07-29 13:03:46,081] sim INFO: [SIM] insufficient cash for CAH: need $0.00, have $0.27
[2025-07-29 13:04:07,187] sim INFO: [SIM] ALERT STZ: 4/4 → ['BB breakout', 'MACD 🚀', 'RSI 📈', 'Price > SMA50']
[2025-07-29 13:04:07,387] sim INFO: [SIM] insufficient cash for STZ: need $0.00, have $0.27
[2025-07-29 13:05:02,699] sim INFO: [SIM] ALERT GD: 4/4 → ['BB breakout', 'MACD 🚀', 'RSI 📈', 'Price > SMA50']
[2025-07-29 13:05:02,881] sim INFO: [SIM] insufficient cash for GD: need $0.00, have $0.27
[2025-07-29 13:06:14,405] sim INFO: [SIM] ALERT MSI: 4/4 → ['BB breakout', 'MACD 🚀', 'RSI 📈', 'Price > SMA50']
[2025-07-29 13:06:14,591] sim INFO: [SIM] insufficient cash for MSI: need $0.00, have $0.27
[2025-07-29 13:07:53,533] sim INFO: 🔁 Starting scan loop iteration
[2025-07-29 13:08:07,043] sim INFO: [SIM] ALERT AMCR: 4/4 → ['BB breakout', 'MACD 🚀', 'RSI 📈', 'Price > SMA50']
[2025-07-29 13:08:07,276] sim INFO: [SIM] insufficient cash for AMCR: need $0.00, have $0.27
[2025-07-29 13:08:33,048] sim INFO: [SIM] ALERT BK: 4/4 → ['BB breakout', 'MACD 🚀', 'RSI 📈', 'Price > SMA50']
[2025-07-29 13:08:33,299] sim INFO: [SIM] insufficient cash for BK: need $0.00, have $0.27
[2025-07-29 13:09:36,174] sim INFO: [SIM] ALERT EFX: 4/4 → ['BB breakout', 'MACD 🚀', 'RSI 📈', 'Price > SMA50']
[2025-07-29 13:09:36,382] sim INFO: [SIM] insufficient cash for EFX: need $0.00, have $0.27
[2025-07-29 13:11:08,714] sim INFO: [SIM] ALERT MSI: 4/4 → ['BB breakout', 'MACD 🚀', 'RSI 📈', 'Price > SMA50']
[2025-07-29 13:11:08,891] sim INFO: [SIM] insufficient cash for MSI: need $0.00, have $0.27
[2025-07-29 13:12:48,213] sim INFO: 🔁 Starting scan loop iteration
[2025-07-29 13:15:47,847] sim INFO: [SIM] ALERT MSI: 4/4 → ['BB breakout', 'MACD 🚀', 'RSI 📈', 'Price > SMA50']
[2025-07-29 13:15:48,018] sim INFO: [SIM] insufficient cash for MSI: need $0.00, have $0.27
[2025-07-29 13:16:34,493] sim INFO: [SIM] ALERT SPG: 4/4 → ['BB breakout', 'MACD 🚀', 'RSI 📈', 'Price > SMA50']
[2025-07-29 13:16:34,667] sim INFO: [SIM] insufficient cash for SPG: need $0.00, have $0.27
[2025-07-29 13:17:25,897] sim INFO: 🔁 Starting scan loop iteration
[2025-07-29 13:19:24,164] sim INFO: [SIM] ALERT FITB: 4/4 → ['BB breakout', 'MACD 🚀', 'RSI 📈', 'Price > SMA50']
[2025-07-29 13:19:24,351] sim INFO: [SIM] insufficient cash for FITB: need $0.00, have $0.27
[2025-07-29 13:20:48,948] sim INFO: [SIM] ALERT MSI: 4/4 → ['BB breakout', 'MACD 🚀', 'RSI 📈', 'Price > SMA50']
[2025-07-29 13:20:49,148] sim INFO: [SIM] insufficient cash for MSI: need $0.00, have $0.27
[2025-07-29 13:22:30,851] sim INFO: 🔁 Starting scan loop iteration
[2025-07-29 13:27:37,771] sim INFO: 🔁 Starting scan loop iteration
[2025-07-29 13:30:07,187] sim INFO: [SIM] ALERT JBL: 4/4 → ['BB breakout', 'MACD 🚀', 'RSI 📈', 'Price > SMA50']
[2025-07-29 13:30:07,343] sim INFO: [SIM] insufficient cash for JBL: need $0.00, have $0.27
[2025-07-29 13:32:31,549] sim INFO: 🔁 Starting scan loop iteration
[2025-07-29 13:34:05,750] sim INFO: [SIM] ALERT EW: 4/4 → ['BB breakout', 'MACD 🚀', 'RSI 📈', 'Price > SMA50']
[2025-07-29 13:34:05,907] sim INFO: [SIM] insufficient cash for EW: need $0.00, have $0.27
[2025-07-29 13:37:25,434] sim INFO: 🔁 Starting scan loop iteration
[2025-07-29 13:42:32,682] sim INFO: 🔁 Starting scan loop iteration
[2025-07-29 13:45:57,461] sim INFO: [SIM] ALERT OXY: 4/4 → ['BB breakout', 'MACD 🚀', 'RSI 📈', 'Price > SMA50']
[2025-07-29 13:45:57,630] sim INFO: [SIM] insufficient cash for OXY: need $0.00, have $0.27
[2025-07-29 13:47:27,229] sim INFO: 🔁 Starting scan loop iteration
[2025-07-29 13:47:48,060] sim INFO: [SIM] ALERT APA: 4/4 → ['BB breakout', 'MACD 🚀', 'RSI 📈', 'Price > SMA50']
[2025-07-29 13:47:48,228] sim INFO: [SIM] insufficient cash for APA: need $0.00, have $0.27
[2025-07-29 13:50:51,190] sim INFO: [SIM] ALERT OXY: 4/4 → ['BB breakout', 'MACD 🚀', 'RSI 📈', 'Price > SMA50']
[2025-07-29 13:50:51,493] sim INFO: [SIM] insufficient cash for OXY: need $0.00, have $0.27
[2025-07-29 13:52:20,017] sim INFO: 🔁 Starting scan loop iteration
[2025-07-29 13:57:11,960] sim INFO: 🔁 Starting scan loop iteration
[2025-07-29 13:58:24,179] sim INFO: [SIM] ALERT COP: 4/4 → ['BB breakout', 'MACD 🚀', 'RSI 📈', 'Price > SMA50']
[2025-07-29 13:58:24,418] sim INFO: [SIM] insufficient cash for COP: need $0.00, have $0.27
[2025-07-29 13:58:42,679] sim INFO: [SIM] ALERT FANG: 4/4 → ['BB breakout', 'MACD 🚀', 'RSI 📈', 'Price > SMA50']
[2025-07-29 13:58:42,984] sim INFO: [SIM] insufficient cash for FANG: need $0.00, have $0.27
[2025-07-29 14:02:18,916] sim INFO: 🔁 Starting scan loop iteration
[2025-07-29 14:03:09,897] sim INFO: [SIM] ALERT CF: 4/4 → ['BB breakout', 'MACD 🚀', 'RSI 📈', 'Price > SMA50']
[2025-07-29 14:03:10,082] sim INFO: [SIM] insufficient cash for CF: need $0.00, have $0.27
[2025-07-29 14:03:36,233] sim INFO: [SIM] ALERT DVN: 4/4 → ['BB breakout', 'MACD 🚀', 'RSI 📈', 'Price > SMA50']
[2025-07-29 14:03:36,450] sim INFO: [SIM] insufficient cash for DVN: need $0.00, have $0.27
[2025-07-29 14:03:51,547] sim INFO: [SIM] ALERT EOG: 4/4 → ['BB breakout', 'MACD 🚀', 'RSI 📈', 'Price > SMA50']
[2025-07-29 14:03:51,757] sim INFO: [SIM] insufficient cash for EOG: need $0.00, have $0.27
[2025-07-29 14:07:11,833] sim INFO: 🔁 Starting scan loop iteration
[2025-07-29 14:08:12,536] sim INFO: [SIM] ALERT CF: 4/4 → ['BB breakout', 'MACD 🚀', 'RSI 📈', 'Price > SMA50']
[2025-07-29 14:08:12,796] sim INFO: [SIM] insufficient cash for CF: need $0.00, have $0.27
[2025-07-29 14:12:16,464] sim INFO: 🔁 Starting scan loop iteration
[2025-07-29 14:13:12,883] sim INFO: [SIM] ALERT CF: 4/4 → ['BB breakout', 'MACD 🚀', 'RSI 📈', 'Price > SMA50']
[2025-07-29 14:13:13,053] sim INFO: [SIM] insufficient cash for CF: need $0.00, have $0.27
[2025-07-29 14:17:19,675] sim INFO: 🔁 Starting scan loop iteration
[2025-07-29 14:19:44,120] sim INFO: [SIM] ALERT INCY: 4/4 → ['BB breakout', 'MACD 🚀', 'RSI 📈', 'Price > SMA50']
[2025-07-29 14:19:44,322] sim INFO: [SIM] insufficient cash for INCY: need $0.00, have $0.27
[2025-07-29 14:20:21,472] sim INFO: [SIM] ALERT MRK: 4/4 → ['BB breakout', 'MACD 🚀', 'RSI 📈', 'Price > SMA50']
[2025-07-29 14:20:21,677] sim INFO: [SIM] insufficient cash for MRK: need $0.00, have $0.27
[2025-07-29 14:22:18,580] sim INFO: 🔁 Starting scan loop iteration
[2025-07-29 14:27:09,566] sim INFO: 🔁 Starting scan loop iteration
[2025-07-29 14:31:59,283] sim INFO: 🔁 Starting scan loop iteration
[2025-07-29 14:32:53,491] sim INFO: [SIM] ALERT CF: 4/4 → ['BB breakout', 'MACD 🚀', 'RSI 📈', 'Price > SMA50']
[2025-07-29 14:32:53,802] sim INFO: [SIM] insufficient cash for CF: need $0.00, have $0.27
[2025-07-29 14:34:07,976] sim INFO: [SIM] ALERT HAL: 4/4 → ['BB breakout', 'MACD 🚀', 'RSI 📈', 'Price > SMA50']
[2025-07-29 14:34:08,205] sim INFO: [SIM] insufficient cash for HAL: need $0.00, have $0.27
[2025-07-29 14:34:58,064] sim INFO: [SIM] ALERT MTD: 4/4 → ['BB breakout', 'MACD 🚀', 'ATR14 ≥ 2.0', 'Price > SMA50']
[2025-07-29 14:34:58,287] sim INFO: [SIM] insufficient cash for MTD: need $0.00, have $0.27
[2025-07-29 14:36:24,821] sim INFO: [SIM] ALERT TRMB: 4/4 → ['BB breakout', 'MACD 🚀', 'RSI 📈', 'Price > SMA50']
[2025-07-29 14:36:25,031] sim INFO: [SIM] insufficient cash for TRMB: need $0.00, have $0.27
[2025-07-29 14:36:56,626] sim INFO: 🔁 Starting scan loop iteration
[2025-07-29 14:37:54,181] sim INFO: [SIM] ALERT CF: 4/4 → ['BB breakout', 'MACD 🚀', 'RSI 📈', 'Price > SMA50']
[2025-07-29 14:37:54,376] sim INFO: [SIM] insufficient cash for CF: need $0.00, have $0.27
[2025-07-29 14:40:13,604] sim INFO: [SIM] ALERT MOS: 4/4 → ['BB breakout', 'MACD 🚀', 'RSI 📈', 'Price > SMA50']
[2025-07-29 14:40:13,818] sim INFO: [SIM] insufficient cash for MOS: need $0.00, have $0.27
[2025-07-29 14:41:30,672] sim INFO: [SIM] ALERT TRMB: 4/4 → ['BB breakout', 'MACD 🚀', 'RSI 📈', 'Price > SMA50']
[2025-07-29 14:41:30,852] sim INFO: [SIM] insufficient cash for TRMB: need $0.00, have $0.27
[2025-07-29 14:42:01,339] sim INFO: 🔁 Starting scan loop iteration
[2025-07-29 14:44:35,142] sim INFO: [SIM] ALERT INVH: 4/4 → ['BB breakout', 'MACD 🚀', 'RSI 📈', 'Price > SMA50']
[2025-07-29 14:44:35,354] sim INFO: [SIM] insufficient cash for INVH: need $0.00, have $0.27
[2025-07-29 14:45:14,817] sim INFO: [SIM] ALERT MOS: 4/4 → ['BB breakout', 'MACD 🚀', 'RSI 📈', 'Price > SMA50']
[2025-07-29 14:45:15,000] sim INFO: [SIM] insufficient cash for MOS: need $0.00, have $0.27
[2025-07-29 14:46:24,977] sim INFO: [SIM] ALERT TRMB: 4/4 → ['BB breakout', 'MACD 🚀', 'RSI 📈', 'Price > SMA50']
[2025-07-29 14:46:25,158] sim INFO: [SIM] insufficient cash for TRMB: need $0.00, have $0.27
[2025-07-29 14:46:55,182] sim INFO: 🔁 Starting scan loop iteration
[2025-07-29 14:48:21,298] sim INFO: [SIM] ALERT DLTR: 4/4 → ['BB breakout', 'MACD 🚀', 'RSI 📈', 'Price > SMA50']
[2025-07-29 14:48:21,526] sim INFO: [SIM] insufficient cash for DLTR: need $0.00, have $0.27
[2025-07-29 14:49:23,531] sim INFO: [SIM] ALERT INVH: 4/4 → ['BB breakout', 'MACD 🚀', 'RSI 📈', 'Price > SMA50']
[2025-07-29 14:49:23,738] sim INFO: [SIM] insufficient cash for INVH: need $0.00, have $0.27
[2025-07-29 14:50:00,663] sim INFO: [SIM] ALERT MOS: 4/4 → ['BB breakout', 'MACD 🚀', 'RSI 📈', 'Price > SMA50']
[2025-07-29 14:50:00,841] sim INFO: [SIM] insufficient cash for MOS: need $0.00, have $0.27
[2025-07-29 14:50:36,705] sim INFO: [SIM] ALERT QCOM: 4/4 → ['BB breakout', 'MACD 🚀', 'RSI 📈', 'Price > SMA50']
[2025-07-29 14:50:36,938] sim INFO: [SIM] insufficient cash for QCOM: need $0.00, have $0.27
[2025-07-29 14:51:47,548] sim INFO: 🔁 Starting scan loop iteration
[2025-07-29 14:55:37,843] sim INFO: [SIM] ALERT QCOM: 4/4 → ['BB breakout', 'MACD 🚀', 'RSI 📈', 'Price > SMA50']
[2025-07-29 14:55:38,046] sim INFO: [SIM] insufficient cash for QCOM: need $0.00, have $0.27
[2025-07-29 14:56:45,537] sim INFO: 🔁 Starting scan loop iteration
[2025-07-29 15:01:20,376] sim INFO: [SIM] ALERT UDR: 4/4 → ['BB breakout', 'MACD 🚀', 'RSI 📈', 'Price > SMA50']
[2025-07-29 15:01:20,576] sim INFO: [SIM] insufficient cash for UDR: need $0.00, have $0.27
[2025-07-29 15:01:46,713] sim INFO: 🔁 Starting scan loop iteration
[2025-07-29 15:01:52,536] sim INFO: [SIM] ALERT A: 4/4 → ['BB breakout', 'MACD 🚀', 'RSI 📈', 'Price > SMA50']
[2025-07-29 15:01:52,802] sim INFO: [SIM] insufficient cash for A: need $0.00, have $0.27
[2025-07-29 15:02:22,716] sim INFO: [SIM] ALERT TECH: 4/4 → ['BB breakout', 'MACD 🚀', 'RSI 📈', 'Price > SMA50']
[2025-07-29 15:02:22,876] sim INFO: [SIM] insufficient cash for TECH: need $0.00, have $0.27
[2025-07-29 15:02:32,708] sim INFO: [SIM] ALERT CZR: 4/4 → ['BB breakout', 'MACD 🚀', 'RSI 📈', 'Price > SMA50']
[2025-07-29 15:02:32,919] sim INFO: [SIM] insufficient cash for CZR: need $0.00, have $0.27
[2025-07-29 15:03:11,919] sim INFO: [SIM] ALERT DLTR: 4/4 → ['BB breakout', 'MACD 🚀', 'RSI 📈', 'Price > SMA50']
[2025-07-29 15:03:12,130] sim INFO: [SIM] insufficient cash for DLTR: need $0.00, have $0.27
[2025-07-29 15:03:26,792] sim INFO: [SIM] ALERT EQR: 4/4 → ['BB breakout', 'MACD 🚀', 'RSI 📈', 'Price > SMA50']
[2025-07-29 15:03:26,967] sim INFO: [SIM] insufficient cash for EQR: need $0.00, have $0.27
[2025-07-29 15:03:28,078] sim INFO: [SIM] ALERT ESS: 4/4 → ['BB breakout', 'MACD 🚀', 'RSI 📈', 'Price > SMA50']
[2025-07-29 15:03:28,253] sim INFO: [SIM] insufficient cash for ESS: need $0.00, have $0.27
[2025-07-29 15:03:33,386] sim INFO: [SIM] ALERT EXR: 4/4 → ['BB breakout', 'MACD 🚀', 'RSI 📈', 'Price > SMA50']
[2025-07-29 15:03:33,603] sim INFO: [SIM] insufficient cash for EXR: need $0.00, have $0.27
[2025-07-29 15:04:55,171] sim INFO: [SIM] ALERT MAA: 4/4 → ['BB breakout', 'MACD 🚀', 'RSI 📈', 'Price > SMA50']
[2025-07-29 15:04:55,368] sim INFO: [SIM] insufficient cash for MAA: need $0.00, have $0.27
[2025-07-29 15:06:17,108] sim INFO: [SIM] ALERT UDR: 4/4 → ['BB breakout', 'MACD 🚀', 'RSI 📈', 'Price > SMA50']
[2025-07-29 15:06:17,361] sim INFO: [SIM] insufficient cash for UDR: need $0.00, have $0.27
[2025-07-29 15:06:44,066] sim INFO: 🔁 Starting scan loop iteration
[2025-07-29 15:07:31,886] sim INFO: [SIM] ALERT CZR: 4/4 → ['BB breakout', 'MACD 🚀', 'RSI 📈', 'Price > SMA50']
[2025-07-29 15:07:32,112] sim INFO: [SIM] insufficient cash for CZR: need $0.00, have $0.27
[2025-07-29 15:08:08,077] sim INFO: [SIM] ALERT DLR: 4/4 → ['BB breakout', 'MACD 🚀', 'RSI 📈', 'Price > SMA50']
[2025-07-29 15:08:08,243] sim INFO: [SIM] insufficient cash for DLR: need $0.00, have $0.27
[2025-07-29 15:08:23,092] sim INFO: [SIM] ALERT EQR: 4/4 → ['BB breakout', 'MACD 🚀', 'RSI 📈', 'Price > SMA50']
[2025-07-29 15:08:23,284] sim INFO: [SIM] insufficient cash for EQR: need $0.00, have $0.27
[2025-07-29 15:08:24,411] sim INFO: [SIM] ALERT ESS: 4/4 → ['BB breakout', 'MACD 🚀', 'RSI 📈', 'Price > SMA50']
[2025-07-29 15:08:24,622] sim INFO: [SIM] insufficient cash for ESS: need $0.00, have $0.27
[2025-07-29 15:11:36,602] sim INFO: 🔁 Starting scan loop iteration
[2025-07-29 15:13:17,532] sim INFO: [SIM] ALERT EQR: 4/4 → ['BB breakout', 'MACD 🚀', 'RSI 📈', 'Price > SMA50']
[2025-07-29 15:13:17,729] sim INFO: [SIM] insufficient cash for EQR: need $0.00, have $0.27
[2025-07-29 15:13:18,731] sim INFO: [SIM] ALERT ESS: 4/4 → ['BB breakout', 'MACD 🚀', 'RSI 📈', 'Price > SMA50']
[2025-07-29 15:13:18,920] sim INFO: [SIM] insufficient cash for ESS: need $0.00, have $0.27
[2025-07-29 15:16:33,024] sim INFO: 🔁 Starting scan loop iteration
[2025-07-29 15:18:11,789] sim INFO: [SIM] ALERT EQR: 4/4 → ['BB breakout', 'MACD 🚀', 'RSI 📈', 'Price > SMA50']
[2025-07-29 15:18:12,015] sim INFO: [SIM] insufficient cash for EQR: need $0.00, have $0.27
[2025-07-29 15:18:35,257] sim INFO: [SIM] ALERT GL: 4/4 → ['BB breakout', 'MACD 🚀', 'RSI 📈', 'Price > SMA50']
[2025-07-29 15:18:35,427] sim INFO: [SIM] insufficient cash for GL: need $0.00, have $0.27
[2025-07-29 15:21:24,210] sim INFO: 🔁 Starting scan loop iteration
[2025-07-29 15:23:11,115] sim INFO: [SIM] ALERT EQR: 4/4 → ['BB breakout', 'MACD 🚀', 'RSI 📈', 'Price > SMA50']
[2025-07-29 15:23:11,307] sim INFO: [SIM] insufficient cash for EQR: need $0.00, have $0.27
[2025-07-29 15:25:30,829] sim INFO: [SIM] ALERT ROP: 4/4 → ['BB breakout', 'MACD 🚀', 'RSI 📈', 'Price > SMA50']
[2025-07-29 15:25:31,025] sim INFO: [SIM] insufficient cash for ROP: need $0.00, have $0.27
[2025-07-29 15:26:31,364] sim INFO: 🔁 Starting scan loop iteration
[2025-07-29 15:26:32,401] sim INFO: [SIM] ALERT AOS: 4/4 → ['BB breakout', 'MACD 🚀', 'RSI 📈', 'Price > SMA50']
[2025-07-29 15:26:32,601] sim INFO: [SIM] insufficient cash for AOS: need $0.00, have $0.27
[2025-07-29 15:28:42,216] sim INFO: [SIM] ALERT GL: 4/4 → ['BB breakout', 'MACD 🚀', 'RSI 📈', 'Price > SMA50']
[2025-07-29 15:28:42,482] sim INFO: [SIM] insufficient cash for GL: need $0.00, have $0.27
[2025-07-29 15:29:40,890] sim INFO: [SIM] ALERT MAA: 4/4 → ['BB breakout', 'MACD 🚀', 'RSI 📈', 'Price > SMA50']
[2025-07-29 15:29:41,074] sim INFO: [SIM] insufficient cash for MAA: need $0.00, have $0.27
[2025-07-29 15:29:55,314] sim INFO: [SIM] ALERT NOC: 4/4 → ['BB breakout', 'MACD 🚀', 'RSI 📈', 'Price > SMA50']
[2025-07-29 15:29:55,517] sim INFO: [SIM] insufficient cash for NOC: need $0.00, have $0.27
[2025-07-29 15:31:26,333] sim INFO: [SIM] ALERT WELL: 4/4 → ['BB breakout', 'MACD 🚀', 'RSI 📈', 'Price > SMA50']
[2025-07-29 15:31:26,606] sim INFO: [SIM] insufficient cash for WELL: need $0.00, have $0.27
[2025-07-29 15:31:34,972] sim INFO: 🔁 Starting scan loop iteration
[2025-07-29 15:31:36,098] sim INFO: [SIM] ALERT AOS: 4/4 → ['BB breakout', 'MACD 🚀', 'RSI 📈', 'Price > SMA50']
[2025-07-29 15:31:36,320] sim INFO: [SIM] insufficient cash for AOS: need $0.00, have $0.27
[2025-07-29 15:32:07,018] sim INFO: [SIM] ALERT AZO: 4/4 → ['BB breakout', 'MACD 🚀', 'ATR14 ≥ 2.0', 'Price > SMA50']
[2025-07-29 15:32:07,330] sim INFO: [SIM] insufficient cash for AZO: need $0.00, have $0.27
[2025-07-29 15:32:26,263] sim INFO: [SIM] ALERT CPT: 4/4 → ['BB breakout', 'MACD 🚀', 'RSI 📈', 'Price > SMA50']
[2025-07-29 15:32:26,608] sim INFO: [SIM] insufficient cash for CPT: need $0.00, have $0.27
[2025-07-29 15:34:00,697] sim INFO: [SIM] ALERT ITW: 4/4 → ['BB breakout', 'MACD 🚀', 'RSI 📈', 'Price > SMA50']
[2025-07-29 15:34:00,948] sim INFO: [SIM] insufficient cash for ITW: need $0.00, have $0.27
[2025-07-29 15:34:44,068] sim INFO: [SIM] ALERT MAA: 4/4 → ['BB breakout', 'MACD 🚀', 'RSI 📈', 'Price > SMA50']
[2025-07-29 15:34:44,307] sim INFO: [SIM] insufficient cash for MAA: need $0.00, have $0.27
[2025-07-29 15:35:00,601] sim INFO: [SIM] ALERT NUE: 4/4 → ['BB breakout', 'MACD 🚀', 'RSI 📈', 'Price > SMA50']
[2025-07-29 15:35:00,825] sim INFO: [SIM] insufficient cash for NUE: need $0.00, have $0.27
[2025-07-29 15:36:26,993] sim INFO: [SIM] ALERT WELL: 4/4 → ['BB breakout', 'MACD 🚀', 'RSI 📈', 'Price > SMA50']
[2025-07-29 15:36:27,168] sim INFO: [SIM] insufficient cash for WELL: need $0.00, have $0.27
[2025-07-29 15:36:35,222] sim INFO: 🔁 Starting scan loop iteration
[2025-07-29 15:38:53,998] sim INFO: [SIM] ALERT GILD: 4/4 → ['BB breakout', 'MACD 🚀', 'RSI 📈', 'Price > SMA50']
[2025-07-29 15:38:54,231] sim INFO: [SIM] insufficient cash for GILD: need $0.00, have $0.27
[2025-07-29 15:39:49,285] sim INFO: [SIM] ALERT MRK: 4/4 → ['BB breakout', 'MACD 🚀', 'RSI 📈', 'Price > SMA50']
[2025-07-29 15:39:49,472] sim INFO: [SIM] insufficient cash for MRK: need $0.00, have $0.27
[2025-07-29 15:41:44,221] sim INFO: 🔁 Starting scan loop iteration
[2025-07-29 15:46:56,282] sim INFO: 🔁 Starting scan loop iteration
[2025-07-29 15:49:05,683] sim INFO: [SIM] ALERT GRMN: 4/4 → ['BB breakout', 'MACD 🚀', 'RSI 📈', 'Price > SMA50']
[2025-07-29 15:49:05,877] sim INFO: [SIM] insufficient cash for GRMN: need $0.00, have $0.27
[2025-07-29 15:50:31,686] sim INFO: [SIM] ALERT NOC: 4/4 → ['BB breakout', 'MACD 🚀', 'RSI 📈', 'Price > SMA50']
[2025-07-29 15:50:31,899] sim INFO: [SIM] insufficient cash for NOC: need $0.00, have $0.27
[2025-07-29 15:50:48,273] sim INFO: [SIM] ALERT PM: 4/4 → ['BB breakout', 'MACD 🚀', 'RSI 📈', 'Price > SMA50']
[2025-07-29 15:50:48,495] sim INFO: [SIM] insufficient cash for PM: need $0.00, have $0.27
[2025-07-29 15:52:06,800] sim INFO: [SIM] ALERT YUM: 4/4 → ['BB breakout', 'MACD 🚀', 'RSI 📈', 'Price > SMA50']
[2025-07-29 15:52:07,018] sim INFO: [SIM] insufficient cash for YUM: need $0.00, have $0.27
[2025-07-29 15:52:08,964] sim INFO: 🔁 Starting scan loop iteration
[2025-07-29 15:52:24,446] sim INFO: [SIM] ALERT AEE: 4/4 → ['BB breakout', 'MACD 🚀', 'RSI 📈', 'Price > SMA50']
[2025-07-29 15:52:24,635] sim INFO: [SIM] insufficient cash for AEE: need $0.00, have $0.27
[2025-07-29 15:52:27,956] sim INFO: [SIM] ALERT AWK: 4/4 → ['BB breakout', 'MACD 🚀', 'RSI 📈', 'Price > SMA50']
[2025-07-29 15:52:28,143] sim INFO: [SIM] insufficient cash for AWK: need $0.00, have $0.27
[2025-07-29 15:52:41,689] sim INFO: [SIM] ALERT AZO: 4/4 → ['BB breakout', 'MACD 🚀', 'ATR14 ≥ 2.0', 'Price > SMA50']
[2025-07-29 15:52:41,885] sim INFO: [SIM] insufficient cash for AZO: need $0.00, have $0.27
[2025-07-29 15:53:20,349] sim INFO: [SIM] ALERT KO: 4/4 → ['BB breakout', 'MACD 🚀', 'RSI 📈', 'Price > SMA50']
[2025-07-29 15:53:20,559] sim INFO: [SIM] insufficient cash for KO: need $0.00, have $0.27
[2025-07-29 15:53:29,926] sim INFO: [SIM] ALERT CSGP: 4/4 → ['BB breakout', 'MACD 🚀', 'RSI 📈', 'Price > SMA50']
[2025-07-29 15:53:30,131] sim INFO: [SIM] insufficient cash for CSGP: need $0.00, have $0.27
[2025-07-29 15:53:43,152] sim INFO: [SIM] ALERT D: 4/4 → ['BB breakout', 'MACD 🚀', 'RSI 📈', 'Price > SMA50']
[2025-07-29 15:53:43,343] sim INFO: [SIM] insufficient cash for D: need $0.00, have $0.27
[2025-07-29 15:54:00,803] sim INFO: [SIM] ALERT EVRG: 4/4 → ['BB breakout', 'MACD 🚀', 'RSI 📈', 'Price > SMA50']
[2025-07-29 15:54:01,003] sim INFO: [SIM] insufficient cash for EVRG: need $0.00, have $0.27
[2025-07-29 15:54:10,673] sim INFO: [SIM] ALERT FE: 4/4 → ['BB breakout', 'MACD 🚀', 'RSI 📈', 'Price > SMA50']
[2025-07-29 15:54:10,860] sim INFO: [SIM] insufficient cash for FE: need $0.00, have $0.27
[2025-07-29 15:54:17,446] sim INFO: [SIM] ALERT GRMN: 4/4 → ['BB breakout', 'MACD 🚀', 'RSI 📈', 'Price > SMA50']
[2025-07-29 15:54:17,664] sim INFO: [SIM] insufficient cash for GRMN: need $0.00, have $0.27
[2025-07-29 15:54:40,562] sim INFO: [SIM] ALERT ITW: 4/4 → ['BB breakout', 'MACD 🚀', 'RSI 📈', 'Price > SMA50']
[2025-07-29 15:54:40,775] sim INFO: [SIM] insufficient cash for ITW: need $0.00, have $0.27
[2025-07-29 15:54:49,553] sim INFO: [SIM] ALERT INTU: 4/4 → ['BB breakout', 'MACD 🚀', 'RSI 📈', 'Price > SMA50']
[2025-07-29 15:54:49,782] sim INFO: [SIM] insufficient cash for INTU: need $0.00, have $0.27
[2025-07-29 15:54:57,918] sim INFO: [SIM] ALERT K: 4/4 → ['BB breakout', 'MACD 🚀', 'RSI 📈', 'Price > SMA50']
[2025-07-29 15:54:58,174] sim INFO: [SIM] insufficient cash for K: need $0.00, have $0.27
[2025-07-29 15:54:59,340] sim INFO: [SIM] ALERT KDP: 4/4 → ['BB breakout', 'MACD 🚀', 'RSI 📈', 'Price > SMA50']
[2025-07-29 15:54:59,544] sim INFO: [SIM] insufficient cash for KDP: need $0.00, have $0.27
[2025-07-29 15:55:21,136] sim INFO: [SIM] ALERT MCD: 4/4 → ['BB breakout', 'MACD 🚀', 'RSI 📈', 'Price > SMA50']
[2025-07-29 15:55:21,333] sim INFO: [SIM] insufficient cash for MCD: need $0.00, have $0.27
[2025-07-29 15:55:28,569] sim INFO: [SIM] ALERT MRNA: 4/4 → ['BB breakout', 'MACD 🚀', 'RSI 📈', 'Price > SMA50']
[2025-07-29 15:55:28,762] sim INFO: [SIM] insufficient cash for MRNA: need $0.00, have $0.27
[2025-07-29 15:55:32,564] sim INFO: [SIM] ALERT MNST: 4/4 → ['BB breakout', 'MACD 🚀', 'RSI 📈', 'Price > SMA50']
[2025-07-29 15:55:32,907] sim INFO: [SIM] insufficient cash for MNST: need $0.00, have $0.27
[2025-07-29 15:55:41,519] sim INFO: [SIM] ALERT NI: 4/4 → ['BB breakout', 'MACD 🚀', 'RSI 📈', 'Price > SMA50']
[2025-07-29 15:55:41,694] sim INFO: [SIM] insufficient cash for NI: need $0.00, have $0.27
[2025-07-29 15:55:59,737] sim INFO: [SIM] ALERT PEP: 4/4 → ['BB breakout', 'MACD 🚀', 'RSI 📈', 'Price > SMA50']
[2025-07-29 15:55:59,965] sim INFO: [SIM] insufficient cash for PEP: need $0.00, have $0.27
[2025-07-29 15:56:03,112] sim INFO: [SIM] ALERT PNW: 4/4 → ['BB breakout', 'MACD 🚀', 'RSI 📈', 'Price > SMA50']
[2025-07-29 15:56:03,381] sim INFO: [SIM] insufficient cash for PNW: need $0.00, have $0.27
[2025-07-29 15:56:26,919] sim INFO: [SIM] ALERT SRE: 4/4 → ['BB breakout', 'MACD 🚀', 'RSI 📈', 'Price > SMA50']
[2025-07-29 15:56:27,171] sim INFO: [SIM] insufficient cash for SRE: need $0.00, have $0.27
[2025-07-29 15:57:17,102] sim INFO: [SIM] ALERT WEC: 4/4 → ['BB breakout', 'MACD 🚀', 'RSI 📈', 'Price > SMA50']
[2025-07-29 15:57:17,346] sim INFO: [SIM] insufficient cash for WEC: need $0.00, have $0.27
[2025-07-29 15:57:23,819] sim INFO: [SIM] ALERT XEL: 4/4 → ['BB breakout', 'MACD 🚀', 'RSI 📈', 'Price > SMA50']
[2025-07-29 15:57:24,093] sim INFO: [SIM] insufficient cash for XEL: need $0.00, have $0.27
[2025-07-29 15:57:25,284] sim INFO: [SIM] ALERT YUM: 4/4 → ['BB breakout', 'MACD 🚀', 'RSI 📈', 'Price > SMA50']
[2025-07-29 15:57:25,511] sim INFO: [SIM] insufficient cash for YUM: need $0.00, have $0.27
[2025-07-29 15:57:27,633] sim INFO: 🔁 Starting scan loop iteration
[2025-07-29 15:57:29,561] sim INFO: [SIM] ALERT ABT: 4/4 → ['BB breakout', 'MACD 🚀', 'RSI 📈', 'Price > SMA50']
[2025-07-29 15:57:29,788] sim INFO: [SIM] insufficient cash for ABT: need $0.00, have $0.27
[2025-07-29 15:57:42,600] sim INFO: [SIM] ALERT AEE: 4/4 → ['BB breakout', 'MACD 🚀', 'RSI 📈', 'Price > SMA50']
[2025-07-29 15:57:42,790] sim INFO: [SIM] insufficient cash for AEE: need $0.00, have $0.27
[2025-07-29 15:57:45,467] sim INFO: [SIM] ALERT AWK: 4/4 → ['BB breakout', 'MACD 🚀', 'RSI 📈', 'Price > SMA50']
[2025-07-29 15:57:45,659] sim INFO: [SIM] insufficient cash for AWK: need $0.00, have $0.27
[2025-07-29 15:58:21,478] sim INFO: [SIM] ALERT BG: 4/4 → ['BB breakout', 'MACD 🚀', 'RSI 📈', 'Price > SMA50']
[2025-07-29 15:58:21,699] sim INFO: [SIM] insufficient cash for BG: need $0.00, have $0.27
[2025-07-29 15:58:29,255] sim INFO: [SIM] ALERT CAT: 4/4 → ['BB breakout', 'MACD 🚀', 'RSI 📈', 'Price > SMA50']
[2025-07-29 15:58:29,507] sim INFO: [SIM] insufficient cash for CAT: need $0.00, have $0.27
[2025-07-29 15:58:33,208] sim INFO: [SIM] ALERT CNP: 4/4 → ['BB breakout', 'MACD 🚀', 'RSI 📈', 'Price > SMA50']
[2025-07-29 15:58:33,471] sim INFO: [SIM] insufficient cash for CNP: need $0.00, have $0.27
[2025-07-29 15:58:34,090] sim INFO: [SIM] ALERT CF: 4/4 → ['BB breakout', 'MACD 🚀', 'RSI 📈', 'Price > SMA50']
[2025-07-29 15:58:34,317] sim INFO: [SIM] insufficient cash for CF: need $0.00, have $0.27
[2025-07-29 15:58:43,742] sim INFO: [SIM] ALERT CMS: 4/4 → ['BB breakout', 'MACD 🚀', 'RSI 📈', 'Price > SMA50']
[2025-07-29 15:58:44,040] sim INFO: [SIM] insufficient cash for CMS: need $0.00, have $0.27
[2025-07-29 15:58:44,564] sim INFO: [SIM] ALERT KO: 4/4 → ['BB breakout', 'MACD 🚀', 'RSI 📈', 'Price > SMA50']
[2025-07-29 15:58:44,790] sim INFO: [SIM] insufficient cash for KO: need $0.00, have $0.27
[2025-07-29 15:58:48,667] sim INFO: [SIM] ALERT ED: 4/4 → ['BB breakout', 'MACD 🚀', 'RSI 📈', 'Price > SMA50']
[2025-07-29 15:58:48,866] sim INFO: [SIM] insufficient cash for ED: need $0.00, have $0.27
[2025-07-29 15:58:53,063] sim INFO: [SIM] ALERT CTVA: 4/4 → ['BB breakout', 'MACD 🚀', 'RSI 📈', 'Price > SMA50']
[2025-07-29 15:58:53,288] sim INFO: [SIM] insufficient cash for CTVA: need $0.00, have $0.27
[2025-07-29 15:58:53,859] sim INFO: [SIM] ALERT CSGP: 4/4 → ['BB breakout', 'MACD 🚀', 'RSI 📈', 'Price > SMA50']
[2025-07-29 15:58:54,091] sim INFO: [SIM] insufficient cash for CSGP: need $0.00, have $0.27
[2025-07-29 15:59:02,181] sim INFO: [SIM] ALERT DAY: 4/4 → ['BB breakout', 'MACD 🚀', 'RSI 📈', 'Price > SMA50']
[2025-07-29 15:59:02,376] sim INFO: [SIM] insufficient cash for DAY: need $0.00, have $0.27
[2025-07-29 15:59:08,666] sim INFO: [SIM] ALERT D: 4/4 → ['BB breakout', 'MACD 🚀', 'RSI 📈', 'Price > SMA50']
[2025-07-29 15:59:08,884] sim INFO: [SIM] insufficient cash for D: need $0.00, have $0.27
[2025-07-29 15:59:13,110] sim INFO: [SIM] ALERT DUK: 4/4 → ['BB breakout', 'MACD 🚀', 'RSI 📈', 'Price > SMA50']
[2025-07-29 15:59:13,341] sim INFO: [SIM] insufficient cash for DUK: need $0.00, have $0.27
[2025-07-29 15:59:16,510] sim INFO: [SIM] ALERT EIX: 4/4 → ['BB breakout', 'MACD 🚀', 'RSI 📈', 'Price > SMA50']
[2025-07-29 15:59:16,712] sim INFO: [SIM] insufficient cash for EIX: need $0.00, have $0.27
[2025-07-29 15:59:20,654] sim INFO: [SIM] ALERT EOG: 4/4 → ['BB breakout', 'MACD 🚀', 'RSI 📈', 'Price > SMA50']
[2025-07-29 15:59:20,843] sim INFO: [SIM] insufficient cash for EOG: need $0.00, have $0.27
[2025-07-29 15:59:22,409] sim INFO: [SIM] ALERT EFX: 4/4 → ['BB breakout', 'MACD 🚀', 'RSI 📈', 'Price > SMA50']
[2025-07-29 15:59:22,602] sim INFO: [SIM] insufficient cash for EFX: need $0.00, have $0.27
[2025-07-29 15:59:26,441] sim INFO: [SIM] ALERT EVRG: 4/4 → ['BB breakout', 'MACD 🚀', 'RSI 📈', 'Price > SMA50']
[2025-07-29 15:59:26,689] sim INFO: [SIM] insufficient cash for EVRG: need $0.00, have $0.27
[2025-07-29 15:59:27,136] sim INFO: [SIM] ALERT ES: 4/4 → ['BB breakout', 'MACD 🚀', 'RSI 📈', 'Price > SMA50']
[2025-07-29 15:59:27,342] sim INFO: [SIM] insufficient cash for ES: need $0.00, have $0.27
[2025-07-29 15:59:27,825] sim INFO: [SIM] ALERT EXC: 4/4 → ['BB breakout', 'MACD 🚀', 'RSI 📈', 'Price > SMA50']
[2025-07-29 15:59:28,020] sim INFO: [SIM] insufficient cash for EXC: need $0.00, have $0.27
[2025-07-29 15:59:30,725] sim INFO: [SIM] ALERT XOM: 4/4 → ['BB breakout', 'MACD 🚀', 'RSI 📈', 'Price > SMA50']
[2025-07-29 15:59:30,912] sim INFO: [SIM] insufficient cash for XOM: need $0.00, have $0.27
[2025-07-29 15:59:32,043] sim INFO: [SIM] ALERT FDS: 4/4 → ['BB breakout', 'MACD 🚀', 'RSI 📈', 'Price > SMA50']
[2025-07-29 15:59:32,392] sim INFO: [SIM] insufficient cash for FDS: need $0.00, have $0.27
[2025-07-29 15:59:36,907] sim INFO: [SIM] ALERT FE: 4/4 → ['BB breakout', 'MACD 🚀', 'RSI 📈', 'Price > SMA50']
[2025-07-29 15:59:37,083] sim INFO: [SIM] insufficient cash for FE: need $0.00, have $0.27
[2025-07-29 15:59:42,635] sim INFO: [SIM] ALERT GRMN: 4/4 → ['BB breakout', 'MACD 🚀', 'RSI 📈', 'Price > SMA50']
[2025-07-29 15:59:42,881] sim INFO: [SIM] insufficient cash for GRMN: need $0.00, have $0.27
[2025-07-29 15:59:56,300] sim INFO: [SIM] ALERT HSY: 4/4 → ['BB breakout', 'MACD 🚀', 'RSI 📈', 'Price > SMA50']
[2025-07-29 15:59:56,629] sim INFO: [SIM] insufficient cash for HSY: need $0.00, have $0.27
[2025-07-29 15:59:58,145] sim INFO: [SIM] ALERT HLT: 4/4 → ['BB breakout', 'MACD 🚀', 'RSI 📈', 'Price > SMA50']
[2025-07-29 15:59:58,340] sim INFO: [SIM] insufficient cash for HLT: need $0.00, have $0.27
[2025-07-29 15:59:59,334] sim INFO: [SIM] ALERT HD: 4/4 → ['BB breakout', 'MACD 🚀', 'RSI 📈', 'Price > SMA50']
[2025-07-29 15:59:59,646] sim INFO: [SIM] insufficient cash for HD: need $0.00, have $0.27
[2025-07-29 16:00:05,620] sim INFO: [SIM] ALERT IEX: 4/4 → ['BB breakout', 'MACD 🚀', 'RSI 📈', 'Price > SMA50']
[2025-07-29 16:00:05,790] sim INFO: [SIM] insufficient cash for IEX: need $0.00, have $0.27
[2025-07-29 16:00:06,937] sim INFO: [SIM] ALERT ITW: 4/4 → ['BB breakout', 'MACD 🚀', 'RSI 📈', 'Price > SMA50']
[2025-07-29 16:00:07,130] sim INFO: [SIM] insufficient cash for ITW: need $0.00, have $0.27
[2025-07-29 16:00:12,066] sim INFO: [SIM] ALERT INTU: 4/4 → ['BB breakout', 'MACD 🚀', 'RSI 📈', 'Price > SMA50']
[2025-07-29 16:00:12,313] sim INFO: [SIM] insufficient cash for INTU: need $0.00, have $0.27
[2025-07-29 16:00:20,604] sim INFO: [SIM] ALERT K: 4/4 → ['BB breakout', 'MACD 🚀', 'RSI 📈', 'Price > SMA50']
[2025-07-29 16:00:20,896] sim INFO: [SIM] insufficient cash for K: need $0.00, have $0.27
[2025-07-29 16:00:22,062] sim INFO: [SIM] ALERT KDP: 4/4 → ['BB breakout', 'MACD 🚀', 'RSI 📈', 'Price > SMA50']
[2025-07-29 16:00:22,308] sim INFO: [SIM] insufficient cash for KDP: need $0.00, have $0.27
[2025-07-29 16:00:28,247] sim INFO: [SIM] ALERT LHX: 4/4 → ['BB breakout', 'MACD 🚀', 'RSI 📈', 'Price > SMA50']
[2025-07-29 16:00:28,469] sim INFO: [SIM] insufficient cash for LHX: need $0.00, have $0.27
[2025-07-29 16:00:36,524] sim INFO: [SIM] ALERT LOW: 4/4 → ['BB breakout', 'MACD 🚀', 'RSI 📈', 'Price > SMA50']
[2025-07-29 16:00:36,752] sim INFO: [SIM] insufficient cash for LOW: need $0.00, have $0.27
[2025-07-29 16:00:44,297] sim INFO: [SIM] ALERT MCD: 4/4 → ['BB breakout', 'MACD 🚀', 'RSI 📈', 'Price > SMA50']
[2025-07-29 16:00:44,519] sim INFO: [SIM] insufficient cash for MCD: need $0.00, have $0.27
[2025-07-29 16:00:51,351] sim INFO: [SIM] ALERT MRNA: 4/4 → ['BB breakout', 'MACD 🚀', 'RSI 📈', 'Price > SMA50']
[2025-07-29 16:00:51,628] sim INFO: [SIM] insufficient cash for MRNA: need $0.00, have $0.27
[2025-07-29 16:00:53,364] sim INFO: [SIM] ALERT TAP: 4/4 → ['BB breakout', 'MACD 🚀', 'RSI 📈', 'Price > SMA50']
[2025-07-29 16:00:53,563] sim INFO: [SIM] insufficient cash for TAP: need $0.00, have $0.27
[2025-07-29 16:01:06,464] sim INFO: [SIM] ALERT NI: 4/4 → ['BB breakout', 'MACD 🚀', 'RSI 📈', 'Price > SMA50']
[2025-07-29 16:01:06,689] sim INFO: [SIM] insufficient cash for NI: need $0.00, have $0.27
[2025-07-29 16:01:08,893] sim INFO: [SIM] ALERT NOC: 4/4 → ['BB breakout', 'MACD 🚀', 'RSI 📈', 'Price > SMA50']
[2025-07-29 16:01:09,148] sim INFO: [SIM] insufficient cash for NOC: need $0.00, have $0.27
[2025-07-29 16:01:10,386] sim INFO: [SIM] ALERT NRG: 4/4 → ['BB breakout', 'MACD 🚀', 'RSI 📈', 'Price > SMA50']
[2025-07-29 16:01:10,663] sim INFO: [SIM] insufficient cash for NRG: need $0.00, have $0.27
[2025-07-29 16:01:21,986] sim INFO: [SIM] ALERT PAYX: 4/4 → ['BB breakout', 'MACD 🚀', 'RSI 📈', 'Price > SMA50']
[2025-07-29 16:01:22,198] sim INFO: [SIM] insufficient cash for PAYX: need $0.00, have $0.27
[2025-07-29 16:01:22,792] sim INFO: [SIM] ALERT PAYC: 4/4 → ['BB breakout', 'MACD 🚀', 'RSI 📈', 'Price > SMA50']
[2025-07-29 16:01:22,995] sim INFO: [SIM] insufficient cash for PAYC: need $0.00, have $0.27
[2025-07-29 16:01:24,768] sim INFO: [SIM] ALERT PEP: 4/4 → ['BB breakout', 'MACD 🚀', 'RSI 📈', 'Price > SMA50']
[2025-07-29 16:01:24,958] sim INFO: [SIM] insufficient cash for PEP: need $0.00, have $0.27
[2025-07-29 16:01:26,742] sim INFO: [SIM] ALERT PM: 4/4 → ['BB breakout', 'MACD 🚀', 'RSI 📈', 'Price > SMA50']
[2025-07-29 16:01:27,004] sim INFO: [SIM] insufficient cash for PM: need $0.00, have $0.27
[2025-07-29 16:01:28,096] sim INFO: [SIM] ALERT PNW: 4/4 → ['BB breakout', 'MACD 🚀', 'RSI 📈', 'Price > SMA50']
[2025-07-29 16:01:28,346] sim INFO: [SIM] insufficient cash for PNW: need $0.00, have $0.27
[2025-07-29 16:01:43,392] sim INFO: [SIM] ALERT RSG: 4/4 → ['BB breakout', 'MACD 🚀', 'RSI 📈', 'Price > SMA50']
[2025-07-29 16:01:43,620] sim INFO: [SIM] insufficient cash for RSG: need $0.00, have $0.27
[2025-07-29 16:02:03,549] sim INFO: [SIM] ALERT SYY: 4/4 → ['BB breakout', 'MACD 🚀', 'RSI 📈', 'Price > SMA50']
[2025-07-29 16:02:03,739] sim INFO: [SIM] insufficient cash for SYY: need $0.00, have $0.27
[2025-07-29 16:02:10,730] sim INFO: [SIM] ALERT TPL: 4/4 → ['BB breakout', 'MACD 🚀', 'ATR14 ≥ 2.0', 'Price > SMA50']
[2025-07-29 16:02:10,920] sim INFO: [SIM] insufficient cash for TPL: need $0.00, have $0.27
[2025-07-29 16:02:31,246] sim INFO: [SIM] ALERT GWW: 4/4 → ['BB breakout', 'MACD 🚀', 'RSI 📈', 'Price > SMA50']
[2025-07-29 16:02:31,454] sim INFO: [SIM] insufficient cash for GWW: need $0.00, have $0.27
[2025-07-29 16:02:35,821] sim INFO: [SIM] ALERT WEC: 4/4 → ['BB breakout', 'MACD 🚀', 'RSI 📈', 'Price > SMA50']
[2025-07-29 16:02:36,020] sim INFO: [SIM] insufficient cash for WEC: need $0.00, have $0.27
[2025-07-29 16:02:42,613] sim INFO: [SIM] ALERT XEL: 4/4 → ['BB breakout', 'MACD 🚀', 'RSI 📈', 'Price > SMA50']
[2025-07-29 16:02:42,805] sim INFO: [SIM] insufficient cash for XEL: need $0.00, have $0.27
[2025-07-29 16:02:43,999] sim INFO: [SIM] ALERT YUM: 4/4 → ['BB breakout', 'MACD 🚀', 'RSI 📈', 'Price > SMA50']
[2025-07-29 16:02:44,192] sim INFO: [SIM] insufficient cash for YUM: need $0.00, have $0.27
[2025-07-29 16:02:46,021] sim INFO: [SIM] Market closed — sleeping 62834.2s
[2025-07-29 18:15:05,120] sim INFO: [SIM] seed cash: $1000.00
[2025-07-29 18:15:05,628] sim INFO: [SIM] Market closed — sleeping 54894.7s
