2025-08-01T03:48:56.144522,AES,13.14,23.07,0.04,0.33,4.98,-6.03,ADX ≥ 20.0;MACD 🚀;SuperTracker ↑;BB breakout;RSI 📈;Price > SMA20
2025-08-01T03:48:59.999974,ARE,76.39,35.51,0.18,0.23,4.65,-2.57,ADX ≥ 20.0;MACD 🚀;SuperTracker ↑
2025-08-01T03:49:02.706155,GOOGL,191.90,25.60,0.38,0.20,41.73,15.78,ADX ≥ 20.0;MACD 🚀;SuperTracker ↑;Price > SMA20
2025-08-01T03:49:03.431348,GOOG,192.86,29.70,0.36,0.19,36.63,12.99,ADX ≥ 20.0;MACD 🚀;SuperTracker ↑
2025-08-01T03:49:08.182246,AWK,140.24,23.27,0.36,0.26,32.48,29.81,ADX ≥ 20.0;MACD 🚀;SuperTracker ↑;Price > SMA20
2025-08-01T03:49:10.794934,ADI,224.63,20.36,0.49,0.22,11.64,0.06,ADX ≥ 20.0;MACD 🚀;SuperTracker ↑;Price > SMA20
2025-08-01T03:49:13.830957,AMAT,180.06,20.28,0.52,0.29,11.32,-2.00,ADX ≥ 20.0;MACD 🚀;SuperTracker ↑;BB breakout;RSI 📈;Price > SMA20
2025-08-01T03:49:18.040884,ATO,155.89,22.45,0.23,0.15,48.03,23.61,ADX ≥ 20.0;MACD 🚀;SuperTracker ↑;Price > SMA20
2025-08-01T03:49:27.721654,BKNG,5504.06,20.63,9.50,0.17,38.30,12.72,ADX ≥ 20.0;MACD 🚀;SuperTracker ↑;ATR14 ≥ 2.0
2025-08-01T03:49:31.683996,BLDR,127.32,48.16,0.55,0.43,6.91,-2.50,ADX ≥ 20.0;MACD 🚀;SuperTracker ↑;BB breakout;RSI 📈;Price > SMA20
2025-08-01T03:49:35.087105,CPT,109.15,49.92,0.25,0.23,14.59,8.46,ADX ≥ 20.0;MACD 🚀;SuperTracker ↑;BB breakout
2025-08-01T03:49:36.804052,CAH,155.03,33.73,0.37,0.24,15.79,2.69,ADX ≥ 20.0;MACD 🚀;SuperTracker ↑
2025-08-01T03:49:45.768550,CHD,93.73,63.47,0.25,0.27,72.50,57.05,ADX ≥ 20.0;MACD 🚀;SuperTracker ↑
2025-08-01T03:49:49.489498,CLX,125.33,21.58,0.30,0.24,42.04,28.44,ADX ≥ 20.0;MACD 🚀;SuperTracker ↑
2025-08-01T03:49:50.742662,CMS,73.82,31.82,0.13,0.17,39.82,12.61,ADX ≥ 20.0;MACD 🚀;SuperTracker ↑;BB breakout;RSI 📈;Price > SMA20
2025-08-01T03:49:54.364135,CAG,18.26,44.10,0.04,0.24,24.23,14.63,ADX ≥ 20.0;MACD 🚀;SuperTracker ↑
2025-08-01T03:49:56.018679,STZ,166.94,56.40,0.35,0.21,35.09,19.27,ADX ≥ 20.0;MACD 🚀;SuperTracker ↑
2025-08-01T03:49:56.713916,CEG,347.84,25.40,0.74,0.21,17.62,-0.78,ADX ≥ 20.0;MACD 🚀;SuperTracker ↑;BB breakout;Price > SMA20
2025-08-01T03:50:00.248712,CSGP,95.19,34.70,0.17,0.18,3.41,-1.35,ADX ≥ 20.0;MACD 🚀;SuperTracker ↑;BB breakout
2025-08-01T03:50:12.064048,DPZ,463.21,33.96,0.95,0.20,6.73,3.29,ADX ≥ 20.0;MACD 🚀;SuperTracker ↑
2025-08-01T03:50:14.925805,DTE,138.39,22.05,0.22,0.16,40.00,18.27,ADX ≥ 20.0;MACD 🚀;SuperTracker ↑;BB breakout;RSI 📈;Price > SMA20
2025-08-01T03:50:17.514069,EBAY,91.75,23.62,0.32,0.35,22.52,11.78,ADX ≥ 20.0;MACD 🚀;SuperTracker ↑
2025-08-01T03:50:18.674536,EIX,52.12,30.26,0.13,0.24,27.12,13.53,ADX ≥ 20.0;MACD 🚀;SuperTracker ↑;RSI 📈;Price > SMA20
2025-08-01T03:50:21.031767,EMR,145.51,28.59,0.26,0.18,34.94,15.54,ADX ≥ 20.0;MACD 🚀;SuperTracker ↑
2025-08-01T03:50:22.161752,ETR,90.43,25.29,0.18,0.20,50.55,25.04,ADX ≥ 20.0;MACD 🚀;SuperTracker ↑;Price > SMA20
2025-08-01T03:50:23.611824,EQT,53.75,20.66,0.13,0.25,3.71,-2.34,ADX ≥ 20.0;MACD 🚀;SuperTracker ↑;Price > SMA20
2025-08-01T03:50:25.438130,EQR,63.18,52.70,0.14,0.22,25.68,8.35,ADX ≥ 20.0;MACD 🚀;SuperTracker ↑
2025-08-01T03:50:26.719878,ESS,260.10,56.73,0.62,0.24,40.53,20.33,ADX ≥ 20.0;MACD 🚀;SuperTracker ↑
2025-08-01T03:50:28.970293,ES,66.13,35.57,0.12,0.18,31.06,15.79,ADX ≥ 20.0;MACD 🚀;SuperTracker ↑;BB breakout;Price > SMA20
2025-08-01T03:50:29.711171,EXC,44.94,28.85,0.09,0.19,29.17,8.35,ADX ≥ 20.0;MACD 🚀;SuperTracker ↑;BB breakout;RSI 📈;Price > SMA20
2025-08-01T03:50:30.449236,EXE,104.78,49.50,0.21,0.20,12.89,4.90,ADX ≥ 20.0;MACD 🚀;SuperTracker ↑;BB breakout;RSI 📈;Price > SMA20
2025-08-01T03:50:35.610152,FRT,92.14,23.85,0.17,0.18,22.04,5.97,ADX ≥ 20.0;MACD 🚀;SuperTracker ↑;BB breakout;RSI 📈;Price > SMA20
2025-08-01T03:50:38.337455,FE,42.70,25.24,0.09,0.21,32.60,11.48,ADX ≥ 20.0;MACD 🚀;SuperTracker ↑;BB breakout;Price > SMA20
2025-08-01T03:50:39.586311,F,11.08,37.11,0.03,0.25,13.51,8.29,ADX ≥ 20.0;MACD 🚀;SuperTracker ↑;BB breakout;RSI 📈;Price > SMA20
2025-08-01T03:50:45.044738,GEHC,71.32,31.53,0.16,0.23,11.36,1.62,ADX ≥ 20.0;MACD 🚀;SuperTracker ↑
2025-08-01T03:50:45.762834,GEV,660.39,20.67,1.80,0.27,13.01,3.80,ADX ≥ 20.0;MACD 🚀;SuperTracker ↑
2025-08-01T03:50:47.563926,GD,311.64,28.35,0.37,0.12,33.31,15.46,ADX ≥ 20.0;MACD 🚀;SuperTracker ↑;BB breakout;Price > SMA20
2025-08-01T03:50:48.243446,GIS,48.99,40.43,0.08,0.16,18.98,7.33,ADX ≥ 20.0;MACD 🚀;SuperTracker ↑
2025-08-01T03:50:49.849318,GPC,128.90,23.96,0.24,0.18,21.43,13.32,ADX ≥ 20.0;MACD 🚀;SuperTracker ↑
2025-08-01T03:50:50.629209,GILD,112.29,41.95,0.30,0.26,6.92,-8.11,ADX ≥ 20.0;MACD 🚀;SuperTracker ↑
2025-08-01T03:51:00.647239,HRL,28.07,31.37,0.06,0.20,32.79,24.51,ADX ≥ 20.0;MACD 🚀;SuperTracker ↑
2025-08-01T03:51:03.721290,HUM,249.62,23.66,0.97,0.39,6.25,0.79,ADX ≥ 20.0;MACD 🚀;SuperTracker ↑
2025-08-01T03:51:07.893170,INCY,74.89,58.29,0.22,0.30,10.66,7.93,ADX ≥ 20.0;MACD 🚀;SuperTracker ↑;BB breakout;Price > SMA20
2025-08-01T03:51:12.253526,IPG,24.61,39.87,0.06,0.26,9.43,8.86,ADX ≥ 20.0;MACD 🚀;SuperTracker ↑;BB breakout
2025-08-01T03:51:15.202458,IQV,185.89,30.18,0.51,0.28,14.65,5.93,ADX ≥ 20.0;MACD 🚀;SuperTracker ↑
2025-08-01T03:51:18.202543,J,141.88,26.31,0.24,0.17,28.00,17.47,ADX ≥ 20.0;MACD 🚀;SuperTracker ↑
2025-08-01T03:51:20.560172,JNPR,0.00,49.78,0.01,inf,28.22,20.59,ADX ≥ 20.0;MACD 🚀;SuperTracker ↑;ATR % ≥ 0.5%
2025-08-01T03:51:24.690315,KIM,21.23,54.92,0.05,0.24,16.97,5.23,ADX ≥ 20.0;MACD 🚀;SuperTracker ↑
2025-08-01T03:51:25.412507,KMI,28.05,41.94,0.04,0.15,26.91,4.64,ADX ≥ 20.0;MACD 🚀;SuperTracker ↑;BB breakout;RSI 📈;Price > SMA20
2025-08-01T03:51:28.654435,LH,259.98,36.33,0.48,0.19,43.35,20.01,ADX ≥ 20.0;MACD 🚀;SuperTracker ↑
2025-08-01T03:51:29.954998,LW,57.05,21.01,0.16,0.28,29.30,14.88,ADX ≥ 20.0;MACD 🚀;SuperTracker ↑;BB breakout;Price > SMA20
2025-08-01T03:51:38.870135,MAR,263.83,28.76,0.53,0.20,43.73,30.73,ADX ≥ 20.0;MACD 🚀;SuperTracker ↑
2025-08-01T03:51:40.218342,MLM,575.16,21.19,1.06,0.18,18.88,11.25,ADX ≥ 20.0;MACD 🚀;SuperTracker ↑;BB breakout;RSI 📈;Price > SMA20
2025-08-01T03:51:47.530878,MU,109.14,32.26,0.36,0.33,11.18,-1.06,ADX ≥ 20.0;MACD 🚀;SuperTracker ↑;BB breakout;RSI 📈;Price > SMA20
2025-08-01T03:51:52.586173,MNST,58.75,72.54,0.22,0.38,57.13,49.44,ADX ≥ 20.0;MACD 🚀;SuperTracker ↑
2025-08-01T03:51:59.299971,NEE,71.06,27.78,0.15,0.20,26.68,13.83,ADX ≥ 20.0;MACD 🚀;SuperTracker ↑;BB breakout;RSI 📈;Price > SMA20
2025-08-01T03:52:00.043949,NKE,74.69,47.41,0.18,0.24,15.80,6.43,ADX ≥ 20.0;MACD 🚀;SuperTracker ↑;Price > SMA20
2025-08-01T03:52:02.793165,NOC,576.59,37.98,0.57,0.10,23.77,7.45,ADX ≥ 20.0;MACD 🚀;SuperTracker ↑;RSI 📈;Price > SMA20
2025-08-01T03:52:03.558745,NCLH,25.55,28.63,0.10,0.40,15.82,7.12,ADX ≥ 20.0;MACD 🚀;SuperTracker ↑;BB breakout;Price > SMA20
2025-08-01T03:52:05.381905,NVDA,177.87,20.36,0.53,0.30,7.91,-2.30,ADX ≥ 20.0;MACD 🚀;SuperTracker ↑;Price > SMA20
2025-08-01T03:52:08.319959,ODFL,149.25,27.91,0.52,0.35,38.87,26.73,ADX ≥ 20.0;MACD 🚀;SuperTracker ↑;BB breakout;RSI 📈;Price > SMA20
2025-08-01T03:52:11.701403,PCAR,98.76,25.18,0.20,0.20,24.73,14.52,ADX ≥ 20.0;MACD 🚀;SuperTracker ↑
2025-08-01T03:52:16.135020,PYPL,68.76,23.24,0.14,0.20,33.08,19.18,ADX ≥ 20.0;MACD 🚀;SuperTracker ↑
2025-08-01T03:52:17.869721,PFE,23.29,59.71,0.06,0.24,19.49,-2.34,ADX ≥ 20.0;MACD 🚀;SuperTracker ↑
2025-08-01T03:52:20.172357,PNW,90.68,23.32,0.14,0.16,36.84,21.44,ADX ≥ 20.0;MACD 🚀;SuperTracker ↑;BB breakout;RSI 📈;Price > SMA20
2025-08-01T03:52:24.711377,PLD,106.78,22.33,0.23,0.22,10.13,0.34,ADX ≥ 20.0;MACD 🚀;SuperTracker ↑
2025-08-01T03:52:26.611675,PTC,214.81,40.05,0.64,0.30,19.32,10.33,ADX ≥ 20.0;MACD 🚀;SuperTracker ↑
2025-08-01T03:52:28.405235,PWR,406.39,20.58,0.85,0.21,10.26,-6.03,ADX ≥ 20.0;MACD 🚀;SuperTracker ↑;BB breakout;RSI 📈;Price > SMA20
2025-08-01T03:52:31.900755,O,56.16,50.76,0.08,0.15,25.68,13.84,ADX ≥ 20.0;MACD 🚀;SuperTracker ↑
2025-08-01T03:52:32.673084,REG,71.40,31.66,0.13,0.18,15.61,13.66,ADX ≥ 20.0;MACD 🚀;SuperTracker ↑
2025-08-01T03:52:33.416250,REGN,545.46,52.15,1.36,0.25,5.72,-4.52,ADX ≥ 20.0;MACD 🚀;SuperTracker ↑;BB breakout
2025-08-01T03:52:41.379647,STX,157.01,39.60,0.50,0.32,8.88,3.99,ADX ≥ 20.0;MACD 🚀;SuperTracker ↑;RSI 📈;Price > SMA20
2025-08-01T03:52:43.659113,SPG,163.82,22.21,0.29,0.18,4.88,-4.48,ADX ≥ 20.0;MACD 🚀;SuperTracker ↑
2025-08-01T03:52:44.928971,SJM,107.29,44.45,0.23,0.21,20.20,14.72,ADX ≥ 20.0;MACD 🚀;SuperTracker ↑;BB breakout
2025-08-01T03:52:47.239108,SO,94.44,33.57,0.23,0.25,15.96,2.18,ADX ≥ 20.0;MACD 🚀;SuperTracker ↑;BB breakout;RSI 📈;Price > SMA20
2025-08-01T03:52:55.797318,TRGP,166.37,27.31,0.30,0.18,5.56,-1.78,ADX ≥ 20.0;MACD 🚀;SuperTracker ↑
2025-08-01T03:53:02.332210,TSCO,56.95,52.86,0.12,0.20,5.02,-2.29,ADX ≥ 20.0;MACD 🚀;SuperTracker ↑
2025-08-01T03:53:05.769061,TYL,584.48,67.76,1.94,0.33,10.30,-0.66,ADX ≥ 20.0;MACD 🚀;SuperTracker ↑;RSI 📈;Price > SMA20
2025-08-01T03:53:08.105015,UDR,39.28,38.02,0.10,0.26,6.02,-5.11,ADX ≥ 20.0;MACD 🚀;SuperTracker ↑;BB breakout;RSI 📈;Price > SMA20
2025-08-01T03:53:11.555462,UNH,249.58,44.55,0.85,0.34,24.25,11.74,ADX ≥ 20.0;MACD 🚀;SuperTracker ↑
2025-08-01T03:53:15.445134,VRSK,278.71,33.01,0.60,0.22,29.47,21.09,ADX ≥ 20.0;MACD 🚀;SuperTracker ↑;RSI 📈;Price > SMA20
2025-08-01T03:53:17.479550,VTRS,8.74,56.07,0.02,0.26,12.06,3.96,ADX ≥ 20.0;MACD 🚀;SuperTracker ↑
2025-08-01T03:53:23.317104,DIS,119.10,21.88,0.17,0.14,29.62,13.26,ADX ≥ 20.0;MACD 🚀;SuperTracker ↑
2025-08-01T03:53:25.787196,WEC,109.10,21.76,0.17,0.16,23.13,8.01,ADX ≥ 20.0;MACD 🚀;SuperTracker ↑;BB breakout;RSI 📈;Price > SMA20
2025-08-01T03:53:27.784880,WST,239.02,69.80,0.63,0.26,27.59,10.49,ADX ≥ 20.0;MACD 🚀;SuperTracker ↑
2025-08-01T03:53:32.011662,WYNN,109.03,29.86,0.22,0.21,21.86,16.41,ADX ≥ 20.0;MACD 🚀;SuperTracker ↑
2025-08-01T03:53:33.344381,XYL,144.67,39.92,0.40,0.28,22.76,17.06,ADX ≥ 20.0;MACD 🚀;SuperTracker ↑;RSI 📈;Price > SMA20
2025-08-01T03:53:48.146171,ARE,76.39,35.51,0.18,0.23,4.65,-2.57,ADX ≥ 20.0;MACD 🚀;SuperTracker ↑
2025-08-01T03:53:51.003558,GOOGL,191.90,25.60,0.38,0.20,41.73,15.78,ADX ≥ 20.0;MACD 🚀;SuperTracker ↑;Price > SMA20
2025-08-01T03:53:51.807390,GOOG,192.86,29.70,0.36,0.19,36.63,12.99,ADX ≥ 20.0;MACD 🚀;SuperTracker ↑
2025-08-01T03:53:56.995453,AWK,140.24,23.27,0.36,0.26,32.48,29.81,ADX ≥ 20.0;MACD 🚀;SuperTracker ↑;Price > SMA20
2025-08-01T03:53:59.595389,ADI,224.63,20.36,0.49,0.22,11.64,0.06,ADX ≥ 20.0;MACD 🚀;SuperTracker ↑;Price > SMA20
2025-08-01T03:54:03.106870,AMAT,180.06,20.28,0.52,0.29,11.32,-2.00,ADX ≥ 20.0;MACD 🚀;SuperTracker ↑;BB breakout;RSI 📈;Price > SMA20
2025-08-01T03:54:07.261090,ATO,155.89,22.45,0.23,0.15,48.03,23.61,ADX ≥ 20.0;MACD 🚀;SuperTracker ↑;Price > SMA20
2025-08-01T03:54:17.477548,BKNG,5504.06,20.63,9.50,0.17,38.30,12.72,ADX ≥ 20.0;MACD 🚀;SuperTracker ↑;ATR14 ≥ 2.0
2025-08-01T03:54:21.235200,BLDR,127.32,48.16,0.55,0.43,6.91,-2.50,ADX ≥ 20.0;MACD 🚀;SuperTracker ↑;BB breakout;RSI 📈;Price > SMA20
2025-08-01T03:54:24.648925,CPT,109.15,49.92,0.25,0.23,14.59,8.46,ADX ≥ 20.0;MACD 🚀;SuperTracker ↑;BB breakout
2025-08-01T03:54:26.411184,CAH,155.03,33.73,0.37,0.24,15.79,2.69,ADX ≥ 20.0;MACD 🚀;SuperTracker ↑
2025-08-01T03:54:35.791298,CHD,93.73,63.47,0.25,0.27,72.50,57.05,ADX ≥ 20.0;MACD 🚀;SuperTracker ↑
2025-08-01T03:54:39.373648,CLX,125.33,21.58,0.30,0.24,42.04,28.44,ADX ≥ 20.0;MACD 🚀;SuperTracker ↑
2025-08-01T03:54:40.592246,CMS,73.82,31.82,0.13,0.17,39.82,12.61,ADX ≥ 20.0;MACD 🚀;SuperTracker ↑;BB breakout;RSI 📈;Price > SMA20
2025-08-01T03:54:43.987038,CAG,18.26,44.10,0.04,0.24,24.23,14.63,ADX ≥ 20.0;MACD 🚀;SuperTracker ↑
2025-08-01T03:54:45.679354,STZ,166.94,56.40,0.35,0.21,35.09,19.27,ADX ≥ 20.0;MACD 🚀;SuperTracker ↑
2025-08-01T03:54:46.471069,CEG,347.84,25.40,0.74,0.21,17.62,-0.78,ADX ≥ 20.0;MACD 🚀;SuperTracker ↑;BB breakout;Price > SMA20
2025-08-01T03:54:49.721586,CSGP,95.19,34.70,0.17,0.18,3.41,-1.35,ADX ≥ 20.0;MACD 🚀;SuperTracker ↑;BB breakout
2025-08-01T03:55:02.200733,DPZ,463.21,33.96,0.95,0.20,6.73,3.29,ADX ≥ 20.0;MACD 🚀;SuperTracker ↑
2025-08-01T03:55:05.330849,DTE,138.39,22.05,0.22,0.16,40.00,18.27,ADX ≥ 20.0;MACD 🚀;SuperTracker ↑;BB breakout;RSI 📈;Price > SMA20
2025-08-01T03:55:08.219493,EBAY,91.75,23.62,0.32,0.35,22.52,11.78,ADX ≥ 20.0;MACD 🚀;SuperTracker ↑
2025-08-01T03:55:09.389292,EIX,52.12,30.26,0.13,0.24,27.12,13.53,ADX ≥ 20.0;MACD 🚀;SuperTracker ↑;RSI 📈;Price > SMA20
2025-08-01T03:55:11.773631,EMR,145.51,28.59,0.26,0.18,34.94,15.54,ADX ≥ 20.0;MACD 🚀;SuperTracker ↑
2025-08-01T03:55:13.078857,ETR,90.43,25.29,0.18,0.20,50.55,25.04,ADX ≥ 20.0;MACD 🚀;SuperTracker ↑;Price > SMA20
2025-08-01T03:55:14.957428,EQT,53.75,20.66,0.13,0.25,3.71,-2.34,ADX ≥ 20.0;MACD 🚀;SuperTracker ↑;Price > SMA20
2025-08-01T03:55:16.946021,EQR,63.18,52.70,0.14,0.22,25.68,8.35,ADX ≥ 20.0;MACD 🚀;SuperTracker ↑
2025-08-01T03:55:18.191977,ESS,260.10,56.73,0.62,0.24,40.53,20.33,ADX ≥ 20.0;MACD 🚀;SuperTracker ↑
2025-08-01T03:55:20.588650,ES,66.13,35.57,0.12,0.18,31.06,15.79,ADX ≥ 20.0;MACD 🚀;SuperTracker ↑;BB breakout;Price > SMA20
2025-08-01T03:55:21.374501,EXC,44.94,28.85,0.09,0.19,29.17,8.35,ADX ≥ 20.0;MACD 🚀;SuperTracker ↑;BB breakout;RSI 📈;Price > SMA20
2025-08-01T03:55:22.165021,EXE,104.78,49.50,0.21,0.20,12.89,4.90,ADX ≥ 20.0;MACD 🚀;SuperTracker ↑;BB breakout;RSI 📈;Price > SMA20
2025-08-01T03:55:27.510097,FRT,92.14,23.85,0.17,0.18,22.04,5.97,ADX ≥ 20.0;MACD 🚀;SuperTracker ↑;BB breakout;RSI 📈;Price > SMA20
2025-08-01T03:55:30.740133,FE,42.70,25.24,0.09,0.21,32.60,11.48,ADX ≥ 20.0;MACD 🚀;SuperTracker ↑;BB breakout;Price > SMA20
2025-08-01T03:55:32.008494,F,11.08,37.11,0.03,0.25,13.51,8.29,ADX ≥ 20.0;MACD 🚀;SuperTracker ↑;BB breakout;RSI 📈;Price > SMA20
2025-08-01T03:55:37.612129,GEHC,71.32,31.53,0.16,0.23,11.36,1.62,ADX ≥ 20.0;MACD 🚀;SuperTracker ↑
2025-08-01T03:55:38.385232,GEV,660.39,20.67,1.80,0.27,13.01,3.80,ADX ≥ 20.0;MACD 🚀;SuperTracker ↑
2025-08-01T03:55:40.078651,GD,311.64,28.35,0.37,0.12,33.31,15.46,ADX ≥ 20.0;MACD 🚀;SuperTracker ↑;BB breakout;Price > SMA20
2025-08-01T03:55:40.852858,GIS,48.99,40.43,0.08,0.16,18.98,7.33,ADX ≥ 20.0;MACD 🚀;SuperTracker ↑
2025-08-01T03:55:42.172514,GPC,128.90,23.96,0.24,0.18,21.43,13.32,ADX ≥ 20.0;MACD 🚀;SuperTracker ↑
2025-08-01T03:55:42.933760,GILD,112.29,41.95,0.30,0.26,6.92,-8.11,ADX ≥ 20.0;MACD 🚀;SuperTracker ↑
2025-08-01T03:55:52.447666,HRL,28.07,31.37,0.06,0.20,32.79,24.51,ADX ≥ 20.0;MACD 🚀;SuperTracker ↑
2025-08-01T03:55:55.518302,HUM,249.62,23.66,0.97,0.39,6.25,0.79,ADX ≥ 20.0;MACD 🚀;SuperTracker ↑
2025-08-01T03:55:59.533841,INCY,74.89,58.29,0.22,0.30,10.66,7.93,ADX ≥ 20.0;MACD 🚀;SuperTracker ↑;BB breakout;Price > SMA20
2025-08-01T03:56:03.714632,IPG,24.61,39.87,0.06,0.26,9.43,8.86,ADX ≥ 20.0;MACD 🚀;SuperTracker ↑;BB breakout
2025-08-01T03:56:06.806190,IQV,185.89,30.18,0.51,0.28,14.65,5.93,ADX ≥ 20.0;MACD 🚀;SuperTracker ↑
2025-08-01T03:56:09.820121,J,141.88,26.31,0.24,0.17,28.00,17.47,ADX ≥ 20.0;MACD 🚀;SuperTracker ↑
2025-08-01T03:56:12.155681,JNPR,0.00,49.78,0.01,inf,28.22,20.59,ADX ≥ 20.0;MACD 🚀;SuperTracker ↑;ATR % ≥ 0.5%
2025-08-01T03:56:16.444132,KIM,21.23,54.92,0.05,0.24,16.97,5.23,ADX ≥ 20.0;MACD 🚀;SuperTracker ↑
2025-08-01T03:56:17.255167,KMI,28.05,41.94,0.04,0.15,26.91,4.64,ADX ≥ 20.0;MACD 🚀;SuperTracker ↑;BB breakout;RSI 📈;Price > SMA20
2025-08-01T03:56:20.995408,LH,259.98,36.33,0.48,0.19,43.35,20.01,ADX ≥ 20.0;MACD 🚀;SuperTracker ↑
2025-08-01T03:56:22.370671,LW,57.05,21.01,0.16,0.28,29.30,14.88,ADX ≥ 20.0;MACD 🚀;SuperTracker ↑;BB breakout;Price > SMA20
2025-08-01T03:56:32.532511,MAR,263.83,28.76,0.53,0.20,43.73,30.73,ADX ≥ 20.0;MACD 🚀;SuperTracker ↑
2025-08-01T03:56:33.961024,MLM,575.16,21.19,1.06,0.18,18.88,11.25,ADX ≥ 20.0;MACD 🚀;SuperTracker ↑;BB breakout;RSI 📈;Price > SMA20
2025-08-01T03:56:41.997333,MU,109.14,32.26,0.36,0.33,11.18,-1.06,ADX ≥ 20.0;MACD 🚀;SuperTracker ↑;BB breakout;RSI 📈;Price > SMA20
2025-08-01T03:56:47.330388,MNST,58.75,72.54,0.22,0.38,57.13,49.44,ADX ≥ 20.0;MACD 🚀;SuperTracker ↑
2025-08-01T03:56:54.304086,NEE,71.06,27.78,0.15,0.20,26.68,13.83,ADX ≥ 20.0;MACD 🚀;SuperTracker ↑;BB breakout;RSI 📈;Price > SMA20
2025-08-01T03:56:55.112118,NKE,74.69,47.41,0.18,0.24,15.80,6.43,ADX ≥ 20.0;MACD 🚀;SuperTracker ↑;Price > SMA20
2025-08-01T03:56:58.246086,NOC,576.59,37.98,0.57,0.10,23.77,7.45,ADX ≥ 20.0;MACD 🚀;SuperTracker ↑;RSI 📈;Price > SMA20
2025-08-01T03:56:59.101989,NCLH,25.55,28.63,0.10,0.40,15.82,7.12,ADX ≥ 20.0;MACD 🚀;SuperTracker ↑;BB breakout;Price > SMA20
2025-08-01T03:57:01.037403,NVDA,177.87,20.36,0.53,0.30,7.91,-2.30,ADX ≥ 20.0;MACD 🚀;SuperTracker ↑;Price > SMA20
2025-08-01T03:57:04.288782,ODFL,149.25,27.91,0.52,0.35,38.87,26.73,ADX ≥ 20.0;MACD 🚀;SuperTracker ↑;BB breakout;RSI 📈;Price > SMA20
2025-08-01T03:57:07.731931,PCAR,98.76,25.18,0.20,0.20,24.73,14.52,ADX ≥ 20.0;MACD 🚀;SuperTracker ↑
2025-08-01T03:57:12.594537,PYPL,68.76,23.24,0.14,0.20,33.08,19.18,ADX ≥ 20.0;MACD 🚀;SuperTracker ↑
2025-08-01T03:57:14.484030,PFE,23.29,59.71,0.06,0.24,19.49,-2.34,ADX ≥ 20.0;MACD 🚀;SuperTracker ↑
2025-08-01T03:57:17.039308,PNW,90.68,23.32,0.14,0.16,36.84,21.44,ADX ≥ 20.0;MACD 🚀;SuperTracker ↑;BB breakout;RSI 📈;Price > SMA20
2025-08-01T03:57:21.854564,PLD,106.78,22.33,0.23,0.22,10.13,0.34,ADX ≥ 20.0;MACD 🚀;SuperTracker ↑
2025-08-01T03:57:23.663468,PTC,214.81,40.05,0.64,0.30,19.32,10.33,ADX ≥ 20.0;MACD 🚀;SuperTracker ↑
2025-08-01T03:57:25.499771,PWR,406.39,20.58,0.85,0.21,10.26,-6.03,ADX ≥ 20.0;MACD 🚀;SuperTracker ↑;BB breakout;RSI 📈;Price > SMA20
2025-08-01T03:57:28.866702,O,56.16,50.76,0.08,0.15,25.68,13.84,ADX ≥ 20.0;MACD 🚀;SuperTracker ↑
2025-08-01T03:57:29.563085,REG,71.40,31.66,0.13,0.18,15.61,13.66,ADX ≥ 20.0;MACD 🚀;SuperTracker ↑
2025-08-01T03:57:30.267659,REGN,545.46,52.15,1.36,0.25,5.72,-4.52,ADX ≥ 20.0;MACD 🚀;SuperTracker ↑;BB breakout
2025-08-01T03:57:38.029923,STX,157.01,39.60,0.50,0.32,8.88,3.99,ADX ≥ 20.0;MACD 🚀;SuperTracker ↑;RSI 📈;Price > SMA20
2025-08-01T03:57:40.390575,SPG,163.82,22.21,0.29,0.18,4.88,-4.48,ADX ≥ 20.0;MACD 🚀;SuperTracker ↑
2025-08-01T03:57:41.642343,SJM,107.29,44.45,0.23,0.21,20.20,14.72,ADX ≥ 20.0;MACD 🚀;SuperTracker ↑;BB breakout
2025-08-01T03:57:44.144709,SO,94.44,33.57,0.23,0.25,15.96,2.18,ADX ≥ 20.0;MACD 🚀;SuperTracker ↑;BB breakout;RSI 📈;Price > SMA20
2025-08-01T03:57:53.257741,TRGP,166.37,27.31,0.30,0.18,5.56,-1.78,ADX ≥ 20.0;MACD 🚀;SuperTracker ↑
2025-08-01T03:58:00.304248,TSCO,56.95,52.86,0.12,0.20,5.02,-2.29,ADX ≥ 20.0;MACD 🚀;SuperTracker ↑
2025-08-01T03:58:04.023092,TYL,584.48,67.76,1.94,0.33,10.30,-0.66,ADX ≥ 20.0;MACD 🚀;SuperTracker ↑;RSI 📈;Price > SMA20
2025-08-01T03:58:06.529763,UDR,39.28,38.02,0.10,0.26,6.02,-5.11,ADX ≥ 20.0;MACD 🚀;SuperTracker ↑;BB breakout;RSI 📈;Price > SMA20
2025-08-01T03:58:10.090847,UNH,249.58,44.55,0.85,0.34,24.25,11.74,ADX ≥ 20.0;MACD 🚀;SuperTracker ↑
2025-08-01T03:58:13.708190,VRSK,278.71,33.01,0.60,0.22,29.47,21.09,ADX ≥ 20.0;MACD 🚀;SuperTracker ↑;RSI 📈;Price > SMA20
2025-08-01T03:58:15.655661,VTRS,8.74,56.07,0.02,0.26,12.06,3.96,ADX ≥ 20.0;MACD 🚀;SuperTracker ↑
2025-08-01T03:58:21.472883,DIS,119.10,21.88,0.17,0.14,29.62,13.26,ADX ≥ 20.0;MACD 🚀;SuperTracker ↑
2025-08-01T03:58:24.155759,WEC,109.10,21.76,0.17,0.16,23.13,8.01,ADX ≥ 20.0;MACD 🚀;SuperTracker ↑;BB breakout;RSI 📈;Price > SMA20
2025-08-01T03:58:26.133401,WST,239.02,69.80,0.63,0.26,27.59,10.49,ADX ≥ 20.0;MACD 🚀;SuperTracker ↑
2025-08-01T03:58:30.397028,WYNN,109.03,29.86,0.22,0.21,21.86,16.41,ADX ≥ 20.0;MACD 🚀;SuperTracker ↑
2025-08-01T03:58:31.782315,XYL,144.67,39.92,0.40,0.28,22.76,17.06,ADX ≥ 20.0;MACD 🚀;SuperTracker ↑;RSI 📈;Price > SMA20
2025-08-01T03:58:47.265719,ARE,76.39,35.51,0.18,0.23,4.65,-2.57,ADX ≥ 20.0;MACD 🚀;SuperTracker ↑
2025-08-01T03:58:50.373989,GOOGL,191.90,25.60,0.38,0.20,41.73,15.78,ADX ≥ 20.0;MACD 🚀;SuperTracker ↑;Price > SMA20
2025-08-01T03:58:51.400715,GOOG,192.86,29.70,0.36,0.19,36.63,12.99,ADX ≥ 20.0;MACD 🚀;SuperTracker ↑
2025-08-01T03:58:56.751624,AWK,140.24,23.27,0.36,0.26,32.48,29.81,ADX ≥ 20.0;MACD 🚀;SuperTracker ↑;Price > SMA20
2025-08-01T03:58:59.802146,ADI,224.63,20.36,0.49,0.22,11.64,0.06,ADX ≥ 20.0;MACD 🚀;SuperTracker ↑;Price > SMA20
2025-08-01T03:59:03.418071,AMAT,180.06,20.28,0.52,0.29,11.32,-2.00,ADX ≥ 20.0;MACD 🚀;SuperTracker ↑;BB breakout;RSI 📈;Price > SMA20
2025-08-01T03:59:07.713139,ATO,155.89,22.45,0.23,0.15,48.03,23.61,ADX ≥ 20.0;MACD 🚀;SuperTracker ↑;Price > SMA20
2025-08-01T04:27:51.161221,ARE,76.39,35.51,0.18,0.23,4.65,-2.57,ADX ≥ 20.0;MACD 🚀;SuperTracker ↑
2025-08-01T04:27:53.769500,GOOGL,191.90,25.60,0.38,0.20,41.73,15.78,ADX ≥ 20.0;MACD 🚀;SuperTracker ↑;Price > SMA20
2025-08-01T04:27:54.486950,GOOG,192.86,29.70,0.36,0.19,36.63,12.99,ADX ≥ 20.0;MACD 🚀;SuperTracker ↑
2025-08-01T04:27:58.815664,AWK,140.24,23.27,0.36,0.26,32.48,29.81,ADX ≥ 20.0;MACD 🚀;SuperTracker ↑;Price > SMA20
2025-08-01T04:28:01.097579,ADI,224.63,20.36,0.49,0.22,11.64,0.06,ADX ≥ 20.0;MACD 🚀;SuperTracker ↑;Price > SMA20
2025-08-01T04:28:04.010011,AMAT,180.06,20.28,0.52,0.29,11.32,-2.00,ADX ≥ 20.0;MACD 🚀;SuperTracker ↑;BB breakout;RSI 📈;Price > SMA20
2025-08-01T04:28:08.234566,ATO,155.89,22.45,0.23,0.15,48.03,23.61,ADX ≥ 20.0;MACD 🚀;SuperTracker ↑;Price > SMA20
2025-08-01T04:28:17.589630,BKNG,5504.06,20.63,9.50,0.17,38.30,12.72,ADX ≥ 20.0;MACD 🚀;SuperTracker ↑;ATR14 ≥ 2.0
2025-08-01T04:28:23.389458,CPT,109.15,49.92,0.25,0.23,14.59,8.46,ADX ≥ 20.0;MACD 🚀;SuperTracker ↑;BB breakout
2025-08-01T04:28:25.040134,CAH,155.03,33.73,0.37,0.24,15.79,2.69,ADX ≥ 20.0;MACD 🚀;SuperTracker ↑
2025-08-01T04:28:34.185684,CHD,93.73,63.47,0.25,0.27,72.50,57.05,ADX ≥ 20.0;MACD 🚀;SuperTracker ↑
2025-08-01T04:28:37.848088,CLX,125.33,21.58,0.30,0.24,42.04,28.44,ADX ≥ 20.0;MACD 🚀;SuperTracker ↑
2025-08-01T04:28:39.189868,CMS,73.82,31.82,0.13,0.17,39.82,12.61,ADX ≥ 20.0;MACD 🚀;SuperTracker ↑;BB breakout;RSI 📈;Price > SMA20
2025-08-01T04:28:42.389676,CAG,18.26,44.10,0.04,0.24,24.23,14.63,ADX ≥ 20.0;MACD 🚀;SuperTracker ↑
2025-08-01T04:28:44.137084,STZ,166.94,56.40,0.35,0.21,35.09,19.27,ADX ≥ 20.0;MACD 🚀;SuperTracker ↑
2025-08-01T04:28:44.898728,CEG,347.84,25.40,0.74,0.21,17.62,-0.78,ADX ≥ 20.0;MACD 🚀;SuperTracker ↑;BB breakout;Price > SMA20
2025-08-01T04:28:47.877052,CSGP,95.19,34.70,0.17,0.18,3.41,-1.35,ADX ≥ 20.0;MACD 🚀;SuperTracker ↑;BB breakout
2025-08-01T04:28:58.953124,DPZ,463.21,33.96,0.95,0.20,6.73,3.29,ADX ≥ 20.0;MACD 🚀;SuperTracker ↑
2025-08-01T04:29:01.454136,DTE,138.39,22.05,0.22,0.16,40.00,18.27,ADX ≥ 20.0;MACD 🚀;SuperTracker ↑;BB breakout;RSI 📈;Price > SMA20
2025-08-01T04:29:04.052484,EBAY,91.75,23.62,0.32,0.35,22.52,11.78,ADX ≥ 20.0;MACD 🚀;SuperTracker ↑
2025-08-01T04:29:05.196838,EIX,52.12,30.26,0.13,0.24,27.12,13.53,ADX ≥ 20.0;MACD 🚀;SuperTracker ↑;RSI 📈;Price > SMA20
2025-08-01T04:29:07.330817,EMR,145.51,28.59,0.26,0.18,34.94,15.54,ADX ≥ 20.0;MACD 🚀;SuperTracker ↑
2025-08-01T04:29:08.449142,ETR,90.43,25.29,0.18,0.20,50.55,25.04,ADX ≥ 20.0;MACD 🚀;SuperTracker ↑;Price > SMA20
2025-08-01T04:29:10.047869,EQT,53.75,20.66,0.13,0.25,3.71,-2.34,ADX ≥ 20.0;MACD 🚀;SuperTracker ↑;Price > SMA20
2025-08-01T04:29:11.804862,EQR,63.18,52.70,0.14,0.22,25.68,8.35,ADX ≥ 20.0;MACD 🚀;SuperTracker ↑
2025-08-01T04:29:12.947693,ESS,260.10,56.73,0.62,0.24,40.53,20.33,ADX ≥ 20.0;MACD 🚀;SuperTracker ↑
2025-08-01T04:29:15.229411,ES,66.13,35.57,0.12,0.18,31.06,15.79,ADX ≥ 20.0;MACD 🚀;SuperTracker ↑;BB breakout;Price > SMA20
2025-08-01T04:29:15.926456,EXC,44.94,28.85,0.09,0.19,29.17,8.35,ADX ≥ 20.0;MACD 🚀;SuperTracker ↑;BB breakout;RSI 📈;Price > SMA20
2025-08-01T04:29:16.596926,EXE,104.78,49.50,0.21,0.20,12.89,4.90,ADX ≥ 20.0;MACD 🚀;SuperTracker ↑;BB breakout;RSI 📈;Price > SMA20
2025-08-01T04:29:21.567355,FRT,92.14,23.85,0.17,0.18,22.04,5.97,ADX ≥ 20.0;MACD 🚀;SuperTracker ↑;BB breakout;RSI 📈;Price > SMA20
2025-08-01T04:29:24.390218,FE,42.70,25.24,0.09,0.21,32.60,11.48,ADX ≥ 20.0;MACD 🚀;SuperTracker ↑;BB breakout;Price > SMA20
2025-08-01T04:29:25.595960,F,11.08,37.11,0.03,0.25,13.51,8.29,ADX ≥ 20.0;MACD 🚀;SuperTracker ↑;BB breakout;RSI 📈;Price > SMA20
2025-08-01T04:29:30.860627,GEHC,71.32,31.53,0.16,0.23,11.36,1.62,ADX ≥ 20.0;MACD 🚀;SuperTracker ↑
2025-08-01T04:29:31.646000,GEV,660.39,20.67,1.80,0.27,13.01,3.80,ADX ≥ 20.0;MACD 🚀;SuperTracker ↑
2025-08-01T04:29:33.434771,GD,311.64,28.35,0.37,0.12,33.31,15.46,ADX ≥ 20.0;MACD 🚀;SuperTracker ↑;BB breakout;Price > SMA20
2025-08-01T04:29:34.192040,GIS,48.99,40.43,0.08,0.16,18.98,7.33,ADX ≥ 20.0;MACD 🚀;SuperTracker ↑
2025-08-01T04:29:35.440780,GPC,128.90,23.96,0.24,0.18,21.43,13.32,ADX ≥ 20.0;MACD 🚀;SuperTracker ↑
2025-08-01T04:29:36.160425,GILD,112.29,41.95,0.30,0.26,6.92,-8.11,ADX ≥ 20.0;MACD 🚀;SuperTracker ↑
2025-08-01T04:29:45.258227,HRL,28.07,31.37,0.06,0.20,32.79,24.51,ADX ≥ 20.0;MACD 🚀;SuperTracker ↑
2025-08-01T04:29:48.509887,HUM,249.62,23.66,0.97,0.39,6.25,0.79,ADX ≥ 20.0;MACD 🚀;SuperTracker ↑
2025-08-01T04:29:52.727309,INCY,74.89,58.29,0.22,0.30,10.66,7.93,ADX ≥ 20.0;MACD 🚀;SuperTracker ↑;BB breakout;Price > SMA20
2025-08-01T04:29:56.597009,IPG,24.61,39.87,0.06,0.26,9.43,8.86,ADX ≥ 20.0;MACD 🚀;SuperTracker ↑;BB breakout
2025-08-01T04:29:59.631360,IQV,185.89,30.18,0.51,0.28,14.65,5.93,ADX ≥ 20.0;MACD 🚀;SuperTracker ↑
2025-08-01T04:30:02.609524,J,141.88,26.31,0.24,0.17,28.00,17.47,ADX ≥ 20.0;MACD 🚀;SuperTracker ↑
2025-08-01T04:30:04.979072,JNPR,0.00,49.78,0.01,inf,28.22,20.59,ADX ≥ 20.0;MACD 🚀;SuperTracker ↑;ATR % ≥ 0.5%
2025-08-01T04:30:09.137073,KIM,21.23,54.92,0.05,0.24,16.97,5.23,ADX ≥ 20.0;MACD 🚀;SuperTracker ↑
2025-08-01T04:30:09.961139,KMI,28.05,41.94,0.04,0.15,26.91,4.64,ADX ≥ 20.0;MACD 🚀;SuperTracker ↑;BB breakout;RSI 📈;Price > SMA20
2025-08-01T04:30:13.479700,LH,259.98,36.33,0.48,0.19,43.35,20.01,ADX ≥ 20.0;MACD 🚀;SuperTracker ↑
2025-08-01T04:30:14.795980,LW,57.05,21.01,0.16,0.28,29.30,14.88,ADX ≥ 20.0;MACD 🚀;SuperTracker ↑;BB breakout;Price > SMA20
2025-08-01T04:30:24.093001,MAR,263.83,28.76,0.53,0.20,43.73,30.73,ADX ≥ 20.0;MACD 🚀;SuperTracker ↑
2025-08-01T04:30:25.449245,MLM,575.16,21.19,1.06,0.18,18.88,11.25,ADX ≥ 20.0;MACD 🚀;SuperTracker ↑;BB breakout;RSI 📈;Price > SMA20
2025-08-01T04:30:33.772982,MU,109.14,32.26,0.36,0.33,11.18,-1.06,ADX ≥ 20.0;MACD 🚀;SuperTracker ↑;BB breakout;RSI 📈;Price > SMA20
2025-08-01T04:30:38.793619,MNST,58.75,72.54,0.22,0.38,57.13,49.44,ADX ≥ 20.0;MACD 🚀;SuperTracker ↑
2025-08-01T04:30:46.051775,NEE,71.06,27.78,0.15,0.20,26.68,13.83,ADX ≥ 20.0;MACD 🚀;SuperTracker ↑;BB breakout;RSI 📈;Price > SMA20
2025-08-01T04:30:46.886983,NKE,74.69,47.41,0.18,0.24,15.80,6.43,ADX ≥ 20.0;MACD 🚀;SuperTracker ↑;Price > SMA20
2025-08-01T04:30:49.883986,NOC,576.59,37.98,0.57,0.10,23.77,7.45,ADX ≥ 20.0;MACD 🚀;SuperTracker ↑;RSI 📈;Price > SMA20
2025-08-01T04:30:50.727182,NCLH,25.55,28.63,0.10,0.40,15.82,7.12,ADX ≥ 20.0;MACD 🚀;SuperTracker ↑;BB breakout;Price > SMA20
2025-08-01T04:30:52.775888,NVDA,177.87,20.36,0.53,0.30,7.91,-2.30,ADX ≥ 20.0;MACD 🚀;SuperTracker ↑;Price > SMA20
2025-08-01T04:30:55.691436,ODFL,149.25,27.91,0.52,0.35,38.87,26.73,ADX ≥ 20.0;MACD 🚀;SuperTracker ↑;BB breakout;RSI 📈;Price > SMA20
2025-08-01T04:30:59.333092,PCAR,98.76,25.18,0.20,0.20,24.73,14.52,ADX ≥ 20.0;MACD 🚀;SuperTracker ↑
2025-08-01T04:31:04.271462,PYPL,68.76,23.24,0.14,0.20,33.08,19.18,ADX ≥ 20.0;MACD 🚀;SuperTracker ↑
2025-08-01T04:31:06.118580,PFE,23.29,59.71,0.06,0.24,19.49,-2.34,ADX ≥ 20.0;MACD 🚀;SuperTracker ↑
2025-08-01T04:31:08.304199,PNW,90.68,23.32,0.14,0.16,36.84,21.44,ADX ≥ 20.0;MACD 🚀;SuperTracker ↑;BB breakout;RSI 📈;Price > SMA20
2025-08-01T04:31:12.404040,PLD,106.78,22.33,0.23,0.22,10.13,0.34,ADX ≥ 20.0;MACD 🚀;SuperTracker ↑
2025-08-01T04:31:14.128310,PTC,214.81,40.05,0.64,0.30,19.32,10.33,ADX ≥ 20.0;MACD 🚀;SuperTracker ↑
2025-08-01T04:31:15.929140,PWR,406.39,20.58,0.85,0.21,10.26,-6.03,ADX ≥ 20.0;MACD 🚀;SuperTracker ↑;BB breakout;RSI 📈;Price > SMA20
2025-08-01T04:31:19.251556,O,56.16,50.76,0.08,0.15,25.68,13.84,ADX ≥ 20.0;MACD 🚀;SuperTracker ↑
2025-08-01T04:31:19.983225,REG,71.40,31.66,0.13,0.18,15.61,13.66,ADX ≥ 20.0;MACD 🚀;SuperTracker ↑
2025-08-01T04:31:20.677011,REGN,545.46,52.15,1.36,0.25,5.72,-4.52,ADX ≥ 20.0;MACD 🚀;SuperTracker ↑;BB breakout
2025-08-01T04:31:27.944485,STX,157.01,39.60,0.50,0.32,8.88,3.99,ADX ≥ 20.0;MACD 🚀;SuperTracker ↑;RSI 📈;Price > SMA20
2025-08-01T04:31:30.081327,SPG,163.82,22.21,0.29,0.18,4.88,-4.48,ADX ≥ 20.0;MACD 🚀;SuperTracker ↑
2025-08-01T04:31:31.376615,SJM,107.29,44.45,0.23,0.21,20.20,14.72,ADX ≥ 20.0;MACD 🚀;SuperTracker ↑;BB breakout
2025-08-01T04:31:33.650796,SO,94.44,33.57,0.23,0.25,15.96,2.18,ADX ≥ 20.0;MACD 🚀;SuperTracker ↑;BB breakout;RSI 📈;Price > SMA20
2025-08-01T04:31:42.284561,TRGP,166.37,27.31,0.30,0.18,5.56,-1.78,ADX ≥ 20.0;MACD 🚀;SuperTracker ↑
2025-08-01T04:31:48.403780,TSCO,56.95,52.86,0.12,0.20,5.02,-2.29,ADX ≥ 20.0;MACD 🚀;SuperTracker ↑
2025-08-01T04:31:51.885296,TYL,584.48,67.76,1.94,0.33,10.30,-0.66,ADX ≥ 20.0;MACD 🚀;SuperTracker ↑;RSI 📈;Price > SMA20
2025-08-01T04:31:54.124305,UDR,39.28,38.02,0.10,0.26,6.02,-5.11,ADX ≥ 20.0;MACD 🚀;SuperTracker ↑;BB breakout;RSI 📈;Price > SMA20
2025-08-01T04:31:57.527105,UNH,249.58,44.55,0.85,0.34,24.25,11.74,ADX ≥ 20.0;MACD 🚀;SuperTracker ↑
2025-08-01T04:32:00.825525,VRSK,278.71,33.01,0.60,0.22,29.47,21.09,ADX ≥ 20.0;MACD 🚀;SuperTracker ↑;RSI 📈;Price > SMA20
2025-08-01T04:32:02.572574,VTRS,8.74,56.07,0.02,0.26,12.06,3.96,ADX ≥ 20.0;MACD 🚀;SuperTracker ↑
2025-08-01T04:32:07.714493,DIS,119.10,21.88,0.17,0.14,29.62,13.26,ADX ≥ 20.0;MACD 🚀;SuperTracker ↑
2025-08-01T04:32:09.981118,WEC,109.10,21.76,0.17,0.16,23.13,8.01,ADX ≥ 20.0;MACD 🚀;SuperTracker ↑;BB breakout;RSI 📈;Price > SMA20
2025-08-01T04:32:11.561261,WST,239.02,69.80,0.63,0.26,27.59,10.49,ADX ≥ 20.0;MACD 🚀;SuperTracker ↑
2025-08-01T04:32:15.010577,WYNN,109.03,29.86,0.22,0.21,21.86,16.41,ADX ≥ 20.0;MACD 🚀;SuperTracker ↑
2025-08-01T04:32:16.162852,XYL,144.67,39.92,0.40,0.28,22.76,17.06,ADX ≥ 20.0;MACD 🚀;SuperTracker ↑;RSI 📈;Price > SMA20
2025-08-01T04:32:30.636511,ARE,76.39,35.51,0.18,0.23,4.65,-2.57,ADX ≥ 20.0;MACD 🚀;SuperTracker ↑
2025-08-01T04:32:33.216051,GOOGL,191.90,25.60,0.38,0.20,41.73,15.78,ADX ≥ 20.0;MACD 🚀;SuperTracker ↑;Price > SMA20
2025-08-01T04:32:33.967635,GOOG,192.86,29.70,0.36,0.19,36.63,12.99,ADX ≥ 20.0;MACD 🚀;SuperTracker ↑
2025-08-01T04:32:38.828180,AWK,140.24,23.27,0.36,0.26,32.48,29.81,ADX ≥ 20.0;MACD 🚀;SuperTracker ↑;Price > SMA20
2025-08-01T04:32:41.510943,ADI,224.63,20.36,0.49,0.22,11.64,0.06,ADX ≥ 20.0;MACD 🚀;SuperTracker ↑;Price > SMA20
2025-08-01T04:32:44.853737,AMAT,180.06,20.28,0.52,0.29,11.32,-2.00,ADX ≥ 20.0;MACD 🚀;SuperTracker ↑;BB breakout;RSI 📈;Price > SMA20
2025-08-01T04:32:49.104168,ATO,155.89,22.45,0.23,0.15,48.03,23.61,ADX ≥ 20.0;MACD 🚀;SuperTracker ↑;Price > SMA20
2025-08-01T04:32:59.289901,BKNG,5504.06,20.63,9.50,0.17,38.30,12.72,ADX ≥ 20.0;MACD 🚀;SuperTracker ↑;ATR14 ≥ 2.0
2025-08-01T04:33:05.424483,CPT,109.15,49.92,0.25,0.23,14.59,8.46,ADX ≥ 20.0;MACD 🚀;SuperTracker ↑;BB breakout
2025-08-01T04:33:07.130327,CAH,155.03,33.73,0.37,0.24,15.79,2.69,ADX ≥ 20.0;MACD 🚀;SuperTracker ↑
2025-08-01T04:33:15.820106,CHD,93.73,63.47,0.25,0.27,72.50,57.05,ADX ≥ 20.0;MACD 🚀;SuperTracker ↑
2025-08-01T04:33:19.587301,CLX,125.33,21.58,0.30,0.24,42.04,28.44,ADX ≥ 20.0;MACD 🚀;SuperTracker ↑
2025-08-01T04:33:23.618934,CAG,18.26,44.10,0.04,0.24,24.23,14.63,ADX ≥ 20.0;MACD 🚀;SuperTracker ↑
2025-08-01T04:33:25.355708,STZ,166.94,56.40,0.35,0.21,35.09,19.27,ADX ≥ 20.0;MACD 🚀;SuperTracker ↑
2025-08-01T04:33:26.036816,CEG,347.84,25.40,0.74,0.21,17.62,-0.78,ADX ≥ 20.0;MACD 🚀;SuperTracker ↑;BB breakout;Price > SMA20
2025-08-01T04:33:29.131108,CSGP,95.19,34.70,0.17,0.18,3.41,-1.35,ADX ≥ 20.0;MACD 🚀;SuperTracker ↑;BB breakout
2025-08-01T04:33:41.058074,DPZ,463.21,33.96,0.95,0.20,6.73,3.29,ADX ≥ 20.0;MACD 🚀;SuperTracker ↑
2025-08-01T04:33:43.729511,DTE,138.39,22.05,0.22,0.16,40.00,18.27,ADX ≥ 20.0;MACD 🚀;SuperTracker ↑;BB breakout;RSI 📈;Price > SMA20
2025-08-01T04:34:28.810457,AES,13.14,23.07,0.04,0.33,4.98,-6.03,ADX ≥ 20.0;MACD 🚀;SuperTracker ↑;BB breakout;RSI 📈;Price > SMA20
2025-08-01T04:34:32.968637,ARE,76.39,35.51,0.18,0.23,4.65,-2.57,ADX ≥ 20.0;MACD 🚀;SuperTracker ↑
2025-08-01T04:34:35.983624,GOOGL,191.90,25.60,0.38,0.20,41.73,15.78,ADX ≥ 20.0;MACD 🚀;SuperTracker ↑;Price > SMA20
2025-08-01T04:34:36.733846,GOOG,192.86,29.70,0.36,0.19,36.63,12.99,ADX ≥ 20.0;MACD 🚀;SuperTracker ↑
2025-08-01T04:34:41.870687,AWK,140.24,23.27,0.36,0.26,32.48,29.81,ADX ≥ 20.0;MACD 🚀;SuperTracker ↑;Price > SMA20
2025-08-01T04:34:44.896367,ADI,224.63,20.36,0.49,0.22,11.64,0.06,ADX ≥ 20.0;MACD 🚀;SuperTracker ↑;Price > SMA20
2025-08-01T04:34:48.312516,AMAT,180.06,20.28,0.52,0.29,11.32,-2.00,ADX ≥ 20.0;MACD 🚀;SuperTracker ↑;BB breakout;RSI 📈;Price > SMA20
2025-08-01T04:34:52.803455,ATO,155.89,22.45,0.23,0.15,48.03,23.61,ADX ≥ 20.0;MACD 🚀;SuperTracker ↑;Price > SMA20
2025-08-01T04:35:03.662398,BKNG,5504.06,20.63,9.50,0.17,38.30,12.72,ADX ≥ 20.0;MACD 🚀;SuperTracker ↑;ATR14 ≥ 2.0
2025-08-01T04:35:07.952665,BLDR,127.32,48.16,0.55,0.43,6.91,-2.50,ADX ≥ 20.0;MACD 🚀;SuperTracker ↑;BB breakout;RSI 📈;Price > SMA20
2025-08-01T04:35:11.358756,CPT,109.15,49.92,0.25,0.23,14.59,8.46,ADX ≥ 20.0;MACD 🚀;SuperTracker ↑;BB breakout
2025-08-01T04:35:13.113084,CAH,155.03,33.73,0.37,0.24,15.79,2.69,ADX ≥ 20.0;MACD 🚀;SuperTracker ↑
2025-08-01T04:35:23.217832,CHD,93.73,63.47,0.25,0.27,72.50,57.05,ADX ≥ 20.0;MACD 🚀;SuperTracker ↑
2025-08-01T04:35:27.132228,CLX,125.33,21.58,0.30,0.24,42.04,28.44,ADX ≥ 20.0;MACD 🚀;SuperTracker ↑
2025-08-01T04:35:28.390449,CMS,73.82,31.82,0.13,0.17,39.82,12.61,ADX ≥ 20.0;MACD 🚀;SuperTracker ↑;BB breakout;RSI 📈;Price > SMA20
2025-08-01T04:35:31.743036,CAG,18.26,44.10,0.04,0.24,24.23,14.63,ADX ≥ 20.0;MACD 🚀;SuperTracker ↑
2025-08-01T04:35:33.355719,STZ,166.94,56.40,0.35,0.21,35.09,19.27,ADX ≥ 20.0;MACD 🚀;SuperTracker ↑
2025-08-01T04:35:34.034083,CEG,347.84,25.40,0.74,0.21,17.62,-0.78,ADX ≥ 20.0;MACD 🚀;SuperTracker ↑;BB breakout;Price > SMA20
2025-08-01T04:35:37.166250,CSGP,95.19,34.70,0.17,0.18,3.41,-1.35,ADX ≥ 20.0;MACD 🚀;SuperTracker ↑;BB breakout
2025-08-01T04:35:48.909862,DPZ,463.21,33.96,0.95,0.20,6.73,3.29,ADX ≥ 20.0;MACD 🚀;SuperTracker ↑
2025-08-01T04:35:51.595151,DTE,138.39,22.05,0.22,0.16,40.00,18.27,ADX ≥ 20.0;MACD 🚀;SuperTracker ↑;BB breakout;RSI 📈;Price > SMA20
2025-08-01T04:35:54.181675,EBAY,91.75,23.62,0.32,0.35,22.52,11.78,ADX ≥ 20.0;MACD 🚀;SuperTracker ↑
2025-08-01T04:35:55.394654,EIX,52.12,30.26,0.13,0.24,27.12,13.53,ADX ≥ 20.0;MACD 🚀;SuperTracker ↑;RSI 📈;Price > SMA20
2025-08-01T04:35:57.487923,EMR,145.51,28.59,0.26,0.18,34.94,15.54,ADX ≥ 20.0;MACD 🚀;SuperTracker ↑
2025-08-01T04:35:58.618866,ETR,90.43,25.29,0.18,0.20,50.55,25.04,ADX ≥ 20.0;MACD 🚀;SuperTracker ↑;Price > SMA20
2025-08-01T04:36:00.166448,EQT,53.75,20.66,0.13,0.25,3.71,-2.34,ADX ≥ 20.0;MACD 🚀;SuperTracker ↑;Price > SMA20
2025-08-01T04:36:01.941534,EQR,63.18,52.70,0.14,0.22,25.68,8.35,ADX ≥ 20.0;MACD 🚀;SuperTracker ↑
2025-08-01T04:36:03.100626,ESS,260.10,56.73,0.62,0.24,40.53,20.33,ADX ≥ 20.0;MACD 🚀;SuperTracker ↑
2025-08-01T04:36:05.142309,ES,66.13,35.57,0.12,0.18,31.06,15.79,ADX ≥ 20.0;MACD 🚀;SuperTracker ↑;BB breakout;Price > SMA20
2025-08-01T04:36:05.719648,EXC,44.94,28.85,0.09,0.19,29.17,8.35,ADX ≥ 20.0;MACD 🚀;SuperTracker ↑;BB breakout;RSI 📈;Price > SMA20
2025-08-01T04:36:06.315415,EXE,104.78,49.50,0.21,0.20,12.89,4.90,ADX ≥ 20.0;MACD 🚀;SuperTracker ↑;BB breakout;RSI 📈;Price > SMA20
2025-08-01T04:36:10.885903,FRT,92.14,23.85,0.17,0.18,22.04,5.97,ADX ≥ 20.0;MACD 🚀;SuperTracker ↑;BB breakout;RSI 📈;Price > SMA20
2025-08-01T04:36:13.482538,FE,42.70,25.24,0.09,0.21,32.60,11.48,ADX ≥ 20.0;MACD 🚀;SuperTracker ↑;BB breakout;Price > SMA20
2025-08-01T04:36:14.881007,F,11.08,37.11,0.03,0.25,13.51,8.29,ADX ≥ 20.0;MACD 🚀;SuperTracker ↑;BB breakout;RSI 📈;Price > SMA20
2025-08-01T04:36:20.266186,GEHC,71.32,31.53,0.16,0.23,11.36,1.62,ADX ≥ 20.0;MACD 🚀;SuperTracker ↑
2025-08-01T04:36:21.065453,GEV,660.39,20.67,1.80,0.27,13.01,3.80,ADX ≥ 20.0;MACD 🚀;SuperTracker ↑
2025-08-01T04:36:22.864188,GD,311.64,28.35,0.37,0.12,33.31,15.46,ADX ≥ 20.0;MACD 🚀;SuperTracker ↑;BB breakout;Price > SMA20
2025-08-01T04:36:23.570006,GIS,48.99,40.43,0.08,0.16,18.98,7.33,ADX ≥ 20.0;MACD 🚀;SuperTracker ↑
2025-08-01T04:36:24.668745,GPC,128.90,23.96,0.24,0.18,21.43,13.32,ADX ≥ 20.0;MACD 🚀;SuperTracker ↑
2025-08-01T04:36:25.427090,GILD,112.29,41.95,0.30,0.26,6.92,-8.11,ADX ≥ 20.0;MACD 🚀;SuperTracker ↑
2025-08-01T04:36:34.836984,HRL,28.07,31.37,0.06,0.20,32.79,24.51,ADX ≥ 20.0;MACD 🚀;SuperTracker ↑
2025-08-01T04:36:37.442631,HUM,249.62,23.66,0.97,0.39,6.25,0.79,ADX ≥ 20.0;MACD 🚀;SuperTracker ↑
2025-08-01T04:36:41.354807,INCY,74.89,58.29,0.22,0.30,10.66,7.93,ADX ≥ 20.0;MACD 🚀;SuperTracker ↑;BB breakout;Price > SMA20
2025-08-01T04:36:45.251318,IPG,24.61,39.87,0.06,0.26,9.43,8.86,ADX ≥ 20.0;MACD 🚀;SuperTracker ↑;BB breakout
2025-08-01T04:36:47.876301,IQV,185.89,30.18,0.51,0.28,14.65,5.93,ADX ≥ 20.0;MACD 🚀;SuperTracker ↑
2025-08-01T04:36:50.599059,J,141.88,26.31,0.24,0.17,28.00,17.47,ADX ≥ 20.0;MACD 🚀;SuperTracker ↑
2025-08-01T04:36:52.697869,JNPR,0.00,49.78,0.01,inf,28.22,20.59,ADX ≥ 20.0;MACD 🚀;SuperTracker ↑;ATR % ≥ 0.5%
2025-08-01T04:36:56.660751,KIM,21.23,54.92,0.05,0.24,16.97,5.23,ADX ≥ 20.0;MACD 🚀;SuperTracker ↑
2025-08-01T04:36:57.418826,KMI,28.05,41.94,0.04,0.15,26.91,4.64,ADX ≥ 20.0;MACD 🚀;SuperTracker ↑;BB breakout;RSI 📈;Price > SMA20
2025-08-01T04:37:00.725134,LH,259.98,36.33,0.48,0.19,43.35,20.01,ADX ≥ 20.0;MACD 🚀;SuperTracker ↑
2025-08-01T04:37:01.964911,LW,57.05,21.01,0.16,0.28,29.30,14.88,ADX ≥ 20.0;MACD 🚀;SuperTracker ↑;BB breakout;Price > SMA20
2025-08-01T04:37:10.333883,MAR,263.83,28.76,0.53,0.20,43.73,30.73,ADX ≥ 20.0;MACD 🚀;SuperTracker ↑
2025-08-01T04:37:11.435818,MLM,575.16,21.19,1.06,0.18,18.88,11.25,ADX ≥ 20.0;MACD 🚀;SuperTracker ↑;BB breakout;RSI 📈;Price > SMA20
2025-08-01T04:37:18.838295,MU,109.14,32.26,0.36,0.33,11.18,-1.06,ADX ≥ 20.0;MACD 🚀;SuperTracker ↑;BB breakout;RSI 📈;Price > SMA20
2025-08-01T04:37:23.251428,MNST,58.75,72.54,0.22,0.38,57.13,49.44,ADX ≥ 20.0;MACD 🚀;SuperTracker ↑
2025-08-01T04:37:29.363000,NEE,71.06,27.78,0.15,0.20,26.68,13.83,ADX ≥ 20.0;MACD 🚀;SuperTracker ↑;BB breakout;RSI 📈;Price > SMA20
2025-08-01T04:37:30.199702,NKE,74.69,47.41,0.18,0.24,15.80,6.43,ADX ≥ 20.0;MACD 🚀;SuperTracker ↑;Price > SMA20
2025-08-01T04:37:33.193779,NOC,576.59,37.98,0.57,0.10,23.77,7.45,ADX ≥ 20.0;MACD 🚀;SuperTracker ↑;RSI 📈;Price > SMA20
2025-08-01T04:37:33.877160,NCLH,25.55,28.63,0.10,0.40,15.82,7.12,ADX ≥ 20.0;MACD 🚀;SuperTracker ↑;BB breakout;Price > SMA20
2025-08-01T04:37:35.601243,NVDA,177.87,20.36,0.53,0.30,7.91,-2.30,ADX ≥ 20.0;MACD 🚀;SuperTracker ↑;Price > SMA20
2025-08-01T04:37:38.540475,ODFL,149.25,27.91,0.52,0.35,38.87,26.73,ADX ≥ 20.0;MACD 🚀;SuperTracker ↑;BB breakout;RSI 📈;Price > SMA20
2025-08-01T04:37:41.873783,PCAR,98.76,25.18,0.20,0.20,24.73,14.52,ADX ≥ 20.0;MACD 🚀;SuperTracker ↑
2025-08-01T04:37:46.661981,PYPL,68.76,23.24,0.14,0.20,33.08,19.18,ADX ≥ 20.0;MACD 🚀;SuperTracker ↑
2025-08-01T04:37:48.486135,PFE,23.29,59.71,0.06,0.24,19.49,-2.34,ADX ≥ 20.0;MACD 🚀;SuperTracker ↑
2025-08-01T04:37:50.970708,PNW,90.68,23.32,0.14,0.16,36.84,21.44,ADX ≥ 20.0;MACD 🚀;SuperTracker ↑;BB breakout;RSI 📈;Price > SMA20
2025-08-01T04:37:55.366289,PLD,106.78,22.33,0.23,0.22,10.13,0.34,ADX ≥ 20.0;MACD 🚀;SuperTracker ↑
2025-08-01T04:37:57.137193,PTC,214.81,40.05,0.64,0.30,19.32,10.33,ADX ≥ 20.0;MACD 🚀;SuperTracker ↑
2025-08-01T04:37:58.894365,PWR,406.39,20.58,0.85,0.21,10.26,-6.03,ADX ≥ 20.0;MACD 🚀;SuperTracker ↑;BB breakout;RSI 📈;Price > SMA20
2025-08-01T04:38:02.303913,O,56.16,50.76,0.08,0.15,25.68,13.84,ADX ≥ 20.0;MACD 🚀;SuperTracker ↑
2025-08-01T04:38:03.079041,REG,71.40,31.66,0.13,0.18,15.61,13.66,ADX ≥ 20.0;MACD 🚀;SuperTracker ↑
2025-08-01T04:38:03.909685,REGN,545.46,52.15,1.36,0.25,5.72,-4.52,ADX ≥ 20.0;MACD 🚀;SuperTracker ↑;BB breakout
2025-08-01T04:38:12.025343,STX,157.01,39.60,0.50,0.32,8.88,3.99,ADX ≥ 20.0;MACD 🚀;SuperTracker ↑;RSI 📈;Price > SMA20
2025-08-01T04:38:14.460553,SPG,163.82,22.21,0.29,0.18,4.88,-4.48,ADX ≥ 20.0;MACD 🚀;SuperTracker ↑
2025-08-01T04:38:15.768726,SJM,107.29,44.45,0.23,0.21,20.20,14.72,ADX ≥ 20.0;MACD 🚀;SuperTracker ↑;BB breakout
2025-08-01T04:38:18.039030,SO,94.44,33.57,0.23,0.25,15.96,2.18,ADX ≥ 20.0;MACD 🚀;SuperTracker ↑;BB breakout;RSI 📈;Price > SMA20
2025-08-01T04:38:27.176870,TRGP,166.37,27.31,0.30,0.18,5.56,-1.78,ADX ≥ 20.0;MACD 🚀;SuperTracker ↑
2025-08-01T04:38:34.166957,TSCO,56.95,52.86,0.12,0.20,5.02,-2.29,ADX ≥ 20.0;MACD 🚀;SuperTracker ↑
2025-08-01T04:38:37.894934,TYL,584.48,67.76,1.94,0.33,10.30,-0.66,ADX ≥ 20.0;MACD 🚀;SuperTracker ↑;RSI 📈;Price > SMA20
2025-08-01T04:38:40.254906,UDR,39.28,38.02,0.10,0.26,6.02,-5.11,ADX ≥ 20.0;MACD 🚀;SuperTracker ↑;BB breakout;RSI 📈;Price > SMA20
2025-08-01T04:38:43.604271,UNH,249.58,44.55,0.85,0.34,24.25,11.74,ADX ≥ 20.0;MACD 🚀;SuperTracker ↑
2025-08-01T04:38:47.057222,VRSK,278.71,33.01,0.60,0.22,29.47,21.09,ADX ≥ 20.0;MACD 🚀;SuperTracker ↑;RSI 📈;Price > SMA20
2025-08-01T04:38:48.893877,VTRS,8.74,56.07,0.02,0.26,12.06,3.96,ADX ≥ 20.0;MACD 🚀;SuperTracker ↑
2025-08-01T04:38:54.499793,DIS,119.10,21.88,0.17,0.14,29.62,13.26,ADX ≥ 20.0;MACD 🚀;SuperTracker ↑
2025-08-01T04:38:56.880411,WEC,109.10,21.76,0.17,0.16,23.13,8.01,ADX ≥ 20.0;MACD 🚀;SuperTracker ↑;BB breakout;RSI 📈;Price > SMA20
2025-08-01T04:38:58.738579,WST,239.02,69.80,0.63,0.26,27.59,10.49,ADX ≥ 20.0;MACD 🚀;SuperTracker ↑
2025-08-01T04:39:02.960374,WYNN,109.03,29.86,0.22,0.21,21.86,16.41,ADX ≥ 20.0;MACD 🚀;SuperTracker ↑
2025-08-01T04:39:04.219728,XYL,144.67,39.92,0.40,0.28,22.76,17.06,ADX ≥ 20.0;MACD 🚀;SuperTracker ↑;RSI 📈;Price > SMA20
2025-08-01T04:39:19.196156,ARE,76.39,35.51,0.18,0.23,4.65,-2.57,ADX ≥ 20.0;MACD 🚀;SuperTracker ↑
2025-08-01T04:39:22.200213,GOOGL,191.90,25.60,0.38,0.20,41.73,15.78,ADX ≥ 20.0;MACD 🚀;SuperTracker ↑;Price > SMA20
2025-08-01T04:39:22.979096,GOOG,192.86,29.70,0.36,0.19,36.63,12.99,ADX ≥ 20.0;MACD 🚀;SuperTracker ↑
2025-08-01T04:39:28.055525,AWK,140.24,23.27,0.36,0.26,32.48,29.81,ADX ≥ 20.0;MACD 🚀;SuperTracker ↑;Price > SMA20
2025-08-01T04:39:30.932901,ADI,224.63,20.36,0.49,0.22,11.64,0.06,ADX ≥ 20.0;MACD 🚀;SuperTracker ↑;Price > SMA20
2025-08-01T04:39:34.354314,AMAT,180.06,20.28,0.52,0.29,11.32,-2.00,ADX ≥ 20.0;MACD 🚀;SuperTracker ↑;BB breakout;RSI 📈;Price > SMA20
2025-08-01T04:39:38.847522,ATO,155.89,22.45,0.23,0.15,48.03,23.61,ADX ≥ 20.0;MACD 🚀;SuperTracker ↑;Price > SMA20
2025-08-01T04:39:49.464965,BKNG,5504.06,20.63,9.50,0.17,38.30,12.72,ADX ≥ 20.0;MACD 🚀;SuperTracker ↑;ATR14 ≥ 2.0
2025-08-01T04:39:53.352101,BLDR,127.32,48.16,0.55,0.43,6.91,-2.50,ADX ≥ 20.0;MACD 🚀;SuperTracker ↑;BB breakout;RSI 📈;Price > SMA20
2025-08-01T04:39:56.702204,CPT,109.15,49.92,0.25,0.23,14.59,8.46,ADX ≥ 20.0;MACD 🚀;SuperTracker ↑;BB breakout
2025-08-01T04:39:58.595567,CAH,155.03,33.73,0.37,0.24,15.79,2.69,ADX ≥ 20.0;MACD 🚀;SuperTracker ↑
2025-08-01T04:40:08.876680,CHD,93.73,63.47,0.25,0.27,72.50,57.05,ADX ≥ 20.0;MACD 🚀;SuperTracker ↑
2025-08-01T04:40:12.690371,CLX,125.33,21.58,0.30,0.24,42.04,28.44,ADX ≥ 20.0;MACD 🚀;SuperTracker ↑
2025-08-01T04:40:14.029985,CMS,73.82,31.82,0.13,0.17,39.82,12.61,ADX ≥ 20.0;MACD 🚀;SuperTracker ↑;BB breakout;RSI 📈;Price > SMA20
2025-08-01T04:40:17.620731,CAG,18.26,44.10,0.04,0.24,24.23,14.63,ADX ≥ 20.0;MACD 🚀;SuperTracker ↑
2025-08-01T04:40:19.414914,STZ,166.94,56.40,0.35,0.21,35.09,19.27,ADX ≥ 20.0;MACD 🚀;SuperTracker ↑
2025-08-01T04:40:20.156615,CEG,347.84,25.40,0.74,0.21,17.62,-0.78,ADX ≥ 20.0;MACD 🚀;SuperTracker ↑;BB breakout;Price > SMA20
2025-08-01T04:40:23.516707,CSGP,95.19,34.70,0.17,0.18,3.41,-1.35,ADX ≥ 20.0;MACD 🚀;SuperTracker ↑;BB breakout
2025-08-01T04:40:36.045630,DPZ,463.21,33.96,0.95,0.20,6.73,3.29,ADX ≥ 20.0;MACD 🚀;SuperTracker ↑
2025-08-01T04:40:39.051154,DTE,138.39,22.05,0.22,0.16,40.00,18.27,ADX ≥ 20.0;MACD 🚀;SuperTracker ↑;BB breakout;RSI 📈;Price > SMA20
2025-08-01T04:40:42.327066,EBAY,91.75,23.62,0.32,0.35,22.52,11.78,ADX ≥ 20.0;MACD 🚀;SuperTracker ↑
2025-08-01T04:40:43.595627,EIX,52.12,30.26,0.13,0.24,27.12,13.53,ADX ≥ 20.0;MACD 🚀;SuperTracker ↑;RSI 📈;Price > SMA20
2025-08-01T04:40:45.855147,EMR,145.51,28.59,0.26,0.18,34.94,15.54,ADX ≥ 20.0;MACD 🚀;SuperTracker ↑
2025-08-01T04:40:47.209689,ETR,90.43,25.29,0.18,0.20,50.55,25.04,ADX ≥ 20.0;MACD 🚀;SuperTracker ↑;Price > SMA20
2025-08-01T04:40:49.048132,EQT,53.75,20.66,0.13,0.25,3.71,-2.34,ADX ≥ 20.0;MACD 🚀;SuperTracker ↑;Price > SMA20
2025-08-01T04:40:50.867011,EQR,63.18,52.70,0.14,0.22,25.68,8.35,ADX ≥ 20.0;MACD 🚀;SuperTracker ↑
2025-08-01T04:40:52.261809,ESS,260.10,56.73,0.62,0.24,40.53,20.33,ADX ≥ 20.0;MACD 🚀;SuperTracker ↑
2025-08-01T04:40:54.690690,ES,66.13,35.57,0.12,0.18,31.06,15.79,ADX ≥ 20.0;MACD 🚀;SuperTracker ↑;BB breakout;Price > SMA20
2025-08-01T04:40:55.427379,EXC,44.94,28.85,0.09,0.19,29.17,8.35,ADX ≥ 20.0;MACD 🚀;SuperTracker ↑;BB breakout;RSI 📈;Price > SMA20
2025-08-01T04:40:56.196387,EXE,104.78,49.50,0.21,0.20,12.89,4.90,ADX ≥ 20.0;MACD 🚀;SuperTracker ↑;BB breakout;RSI 📈;Price > SMA20
2025-08-01T04:41:01.380131,FRT,92.14,23.85,0.17,0.18,22.04,5.97,ADX ≥ 20.0;MACD 🚀;SuperTracker ↑;BB breakout;RSI 📈;Price > SMA20
2025-08-01T04:41:04.145707,FE,42.70,25.24,0.09,0.21,32.60,11.48,ADX ≥ 20.0;MACD 🚀;SuperTracker ↑;BB breakout;Price > SMA20
2025-08-01T04:41:05.328309,F,11.08,37.11,0.03,0.25,13.51,8.29,ADX ≥ 20.0;MACD 🚀;SuperTracker ↑;BB breakout;RSI 📈;Price > SMA20
2025-08-01T04:41:11.013926,GEHC,71.32,31.53,0.16,0.23,11.36,1.62,ADX ≥ 20.0;MACD 🚀;SuperTracker ↑
2025-08-01T04:41:11.806136,GEV,660.39,20.67,1.80,0.27,13.01,3.80,ADX ≥ 20.0;MACD 🚀;SuperTracker ↑
2025-08-01T04:41:13.608649,GD,311.64,28.35,0.37,0.12,33.31,15.46,ADX ≥ 20.0;MACD 🚀;SuperTracker ↑;BB breakout;Price > SMA20
2025-08-01T04:41:14.387093,GIS,48.99,40.43,0.08,0.16,18.98,7.33,ADX ≥ 20.0;MACD 🚀;SuperTracker ↑
2025-08-01T04:41:15.692072,GPC,128.90,23.96,0.24,0.18,21.43,13.32,ADX ≥ 20.0;MACD 🚀;SuperTracker ↑
2025-08-01T04:41:16.392599,GILD,112.29,41.95,0.30,0.26,6.92,-8.11,ADX ≥ 20.0;MACD 🚀;SuperTracker ↑
2025-08-01T04:41:26.493342,HRL,28.07,31.37,0.06,0.20,32.79,24.51,ADX ≥ 20.0;MACD 🚀;SuperTracker ↑
2025-08-01T04:41:29.163063,HUM,249.62,23.66,0.97,0.39,6.25,0.79,ADX ≥ 20.0;MACD 🚀;SuperTracker ↑
2025-08-01T04:41:33.001976,INCY,74.89,58.29,0.22,0.30,10.66,7.93,ADX ≥ 20.0;MACD 🚀;SuperTracker ↑;BB breakout;Price > SMA20
2025-08-01T04:41:36.700952,IPG,24.61,39.87,0.06,0.26,9.43,8.86,ADX ≥ 20.0;MACD 🚀;SuperTracker ↑;BB breakout
2025-08-01T04:41:39.287874,IQV,185.89,30.18,0.51,0.28,14.65,5.93,ADX ≥ 20.0;MACD 🚀;SuperTracker ↑
2025-08-01T04:41:41.897201,J,141.88,26.31,0.24,0.17,28.00,17.47,ADX ≥ 20.0;MACD 🚀;SuperTracker ↑
2025-08-01T04:41:43.826312,JNPR,0.00,49.78,0.01,inf,28.22,20.59,ADX ≥ 20.0;MACD 🚀;SuperTracker ↑;ATR % ≥ 0.5%
2025-08-01T04:41:47.491996,KIM,21.23,54.92,0.05,0.24,16.97,5.23,ADX ≥ 20.0;MACD 🚀;SuperTracker ↑
2025-08-01T04:41:48.173378,KMI,28.05,41.94,0.04,0.15,26.91,4.64,ADX ≥ 20.0;MACD 🚀;SuperTracker ↑;BB breakout;RSI 📈;Price > SMA20
2025-08-01T04:41:51.295960,LH,259.98,36.33,0.48,0.19,43.35,20.01,ADX ≥ 20.0;MACD 🚀;SuperTracker ↑
2025-08-01T04:41:52.517991,LW,57.05,21.01,0.16,0.28,29.30,14.88,ADX ≥ 20.0;MACD 🚀;SuperTracker ↑;BB breakout;Price > SMA20
2025-08-01T04:42:01.674476,MAR,263.83,28.76,0.53,0.20,43.73,30.73,ADX ≥ 20.0;MACD 🚀;SuperTracker ↑
2025-08-01T04:42:02.903134,MLM,575.16,21.19,1.06,0.18,18.88,11.25,ADX ≥ 20.0;MACD 🚀;SuperTracker ↑;BB breakout;RSI 📈;Price > SMA20
2025-08-01T04:42:10.566105,MU,109.14,32.26,0.36,0.33,11.18,-1.06,ADX ≥ 20.0;MACD 🚀;SuperTracker ↑;BB breakout;RSI 📈;Price > SMA20
2025-08-01T04:42:15.604952,MNST,58.75,72.54,0.22,0.38,57.13,49.44,ADX ≥ 20.0;MACD 🚀;SuperTracker ↑
2025-08-01T04:42:21.603548,NEE,71.06,27.78,0.15,0.20,26.68,13.83,ADX ≥ 20.0;MACD 🚀;SuperTracker ↑;BB breakout;RSI 📈;Price > SMA20
2025-08-01T04:42:22.358233,NKE,74.69,47.41,0.18,0.24,15.80,6.43,ADX ≥ 20.0;MACD 🚀;SuperTracker ↑;Price > SMA20
2025-08-01T04:42:25.181185,NOC,576.59,37.98,0.57,0.10,23.77,7.45,ADX ≥ 20.0;MACD 🚀;SuperTracker ↑;RSI 📈;Price > SMA20
2025-08-01T04:42:25.826932,NCLH,25.55,28.63,0.10,0.40,15.82,7.12,ADX ≥ 20.0;MACD 🚀;SuperTracker ↑;BB breakout;Price > SMA20
2025-08-01T04:42:27.540099,NVDA,177.87,20.36,0.53,0.30,7.91,-2.30,ADX ≥ 20.0;MACD 🚀;SuperTracker ↑;Price > SMA20
2025-08-01T04:42:30.111010,ODFL,149.25,27.91,0.52,0.35,38.87,26.73,ADX ≥ 20.0;MACD 🚀;SuperTracker ↑;BB breakout;RSI 📈;Price > SMA20
2025-08-01T04:42:33.513501,PCAR,98.76,25.18,0.20,0.20,24.73,14.52,ADX ≥ 20.0;MACD 🚀;SuperTracker ↑
2025-08-01T04:42:38.118279,PYPL,68.76,23.24,0.14,0.20,33.08,19.18,ADX ≥ 20.0;MACD 🚀;SuperTracker ↑
2025-08-01T04:42:40.256156,PFE,23.29,59.71,0.06,0.24,19.49,-2.34,ADX ≥ 20.0;MACD 🚀;SuperTracker ↑
2025-08-01T04:42:42.737194,PNW,90.68,23.32,0.14,0.16,36.84,21.44,ADX ≥ 20.0;MACD 🚀;SuperTracker ↑;BB breakout;RSI 📈;Price > SMA20
2025-08-01T04:42:47.453868,PLD,106.78,22.33,0.23,0.22,10.13,0.34,ADX ≥ 20.0;MACD 🚀;SuperTracker ↑
2025-08-01T04:42:49.361161,PTC,214.81,40.05,0.64,0.30,19.32,10.33,ADX ≥ 20.0;MACD 🚀;SuperTracker ↑
2025-08-01T04:42:51.333682,PWR,406.39,20.58,0.85,0.21,10.26,-6.03,ADX ≥ 20.0;MACD 🚀;SuperTracker ↑;BB breakout;RSI 📈;Price > SMA20
2025-08-01T04:42:55.091918,O,56.16,50.76,0.08,0.15,25.68,13.84,ADX ≥ 20.0;MACD 🚀;SuperTracker ↑
2025-08-01T04:42:55.895508,REG,71.40,31.66,0.13,0.18,15.61,13.66,ADX ≥ 20.0;MACD 🚀;SuperTracker ↑
2025-08-01T04:42:56.714684,REGN,545.46,52.15,1.36,0.25,5.72,-4.52,ADX ≥ 20.0;MACD 🚀;SuperTracker ↑;BB breakout
2025-08-01T04:43:04.723693,STX,157.01,39.60,0.50,0.32,8.88,3.99,ADX ≥ 20.0;MACD 🚀;SuperTracker ↑;RSI 📈;Price > SMA20
2025-08-01T04:43:07.170214,SPG,163.82,22.21,0.29,0.18,4.88,-4.48,ADX ≥ 20.0;MACD 🚀;SuperTracker ↑
2025-08-01T04:43:08.811173,SJM,107.29,44.45,0.23,0.21,20.20,14.72,ADX ≥ 20.0;MACD 🚀;SuperTracker ↑;BB breakout
2025-08-01T04:43:11.150451,SO,94.44,33.57,0.23,0.25,15.96,2.18,ADX ≥ 20.0;MACD 🚀;SuperTracker ↑;BB breakout;RSI 📈;Price > SMA20
2025-08-01T04:43:20.377220,TRGP,166.37,27.31,0.30,0.18,5.56,-1.78,ADX ≥ 20.0;MACD 🚀;SuperTracker ↑
2025-08-01T04:43:27.143193,TSCO,56.95,52.86,0.12,0.20,5.02,-2.29,ADX ≥ 20.0;MACD 🚀;SuperTracker ↑
2025-08-01T04:43:30.591745,TYL,584.48,67.76,1.94,0.33,10.30,-0.66,ADX ≥ 20.0;MACD 🚀;SuperTracker ↑;RSI 📈;Price > SMA20
2025-08-01T04:43:33.137090,UDR,39.28,38.02,0.10,0.26,6.02,-5.11,ADX ≥ 20.0;MACD 🚀;SuperTracker ↑;BB breakout;RSI 📈;Price > SMA20
2025-08-01T04:43:36.546493,UNH,249.58,44.55,0.85,0.34,24.25,11.74,ADX ≥ 20.0;MACD 🚀;SuperTracker ↑
2025-08-01T04:43:40.185949,VRSK,278.71,33.01,0.60,0.22,29.47,21.09,ADX ≥ 20.0;MACD 🚀;SuperTracker ↑;RSI 📈;Price > SMA20
2025-08-01T04:43:41.993693,VTRS,8.74,56.07,0.02,0.26,12.06,3.96,ADX ≥ 20.0;MACD 🚀;SuperTracker ↑
2025-08-01T04:43:47.614888,DIS,119.10,21.88,0.17,0.14,29.62,13.26,ADX ≥ 20.0;MACD 🚀;SuperTracker ↑
2025-08-01T04:43:49.824606,WEC,109.10,21.76,0.17,0.16,23.13,8.01,ADX ≥ 20.0;MACD 🚀;SuperTracker ↑;BB breakout;RSI 📈;Price > SMA20
2025-08-01T04:43:51.758856,WST,239.02,69.80,0.63,0.26,27.59,10.49,ADX ≥ 20.0;MACD 🚀;SuperTracker ↑
2025-08-01T04:43:55.555976,WYNN,109.03,29.86,0.22,0.21,21.86,16.41,ADX ≥ 20.0;MACD 🚀;SuperTracker ↑
2025-08-01T04:43:56.875120,XYL,144.67,39.92,0.40,0.28,22.76,17.06,ADX ≥ 20.0;MACD 🚀;SuperTracker ↑;RSI 📈;Price > SMA20
2025-08-01T04:44:11.362156,ARE,76.39,35.51,0.18,0.23,4.65,-2.57,ADX ≥ 20.0;MACD 🚀;SuperTracker ↑
2025-08-01T04:44:14.258784,GOOGL,191.90,25.60,0.38,0.20,41.73,15.78,ADX ≥ 20.0;MACD 🚀;SuperTracker ↑;Price > SMA20
2025-08-01T04:44:15.167853,GOOG,192.86,29.70,0.36,0.19,36.63,12.99,ADX ≥ 20.0;MACD 🚀;SuperTracker ↑
2025-08-01T04:44:20.083966,AWK,140.24,23.27,0.36,0.26,32.48,29.81,ADX ≥ 20.0;MACD 🚀;SuperTracker ↑;Price > SMA20
2025-08-01T04:44:22.918406,ADI,224.63,20.36,0.49,0.22,11.64,0.06,ADX ≥ 20.0;MACD 🚀;SuperTracker ↑;Price > SMA20
2025-08-01T04:44:26.417164,AMAT,180.06,20.28,0.52,0.29,11.32,-2.00,ADX ≥ 20.0;MACD 🚀;SuperTracker ↑;BB breakout;RSI 📈;Price > SMA20
2025-08-01T04:44:31.114233,ATO,155.89,22.45,0.23,0.15,48.03,23.61,ADX ≥ 20.0;MACD 🚀;SuperTracker ↑;Price > SMA20
2025-08-01T04:44:41.960678,BKNG,5504.06,20.63,9.50,0.17,38.30,12.72,ADX ≥ 20.0;MACD 🚀;SuperTracker ↑;ATR14 ≥ 2.0
2025-08-01T04:44:48.744997,CPT,109.15,49.92,0.25,0.23,14.59,8.46,ADX ≥ 20.0;MACD 🚀;SuperTracker ↑;BB breakout
2025-08-01T04:44:50.718091,CAH,155.03,33.73,0.37,0.24,15.79,2.69,ADX ≥ 20.0;MACD 🚀;SuperTracker ↑
2025-08-01T04:45:00.822226,CHD,93.73,63.47,0.25,0.27,72.50,57.05,ADX ≥ 20.0;MACD 🚀;SuperTracker ↑
2025-08-01T04:45:05.073564,CLX,125.33,21.58,0.30,0.24,42.04,28.44,ADX ≥ 20.0;MACD 🚀;SuperTracker ↑
2025-08-01T04:45:06.396510,CMS,73.82,31.82,0.13,0.17,39.82,12.61,ADX ≥ 20.0;MACD 🚀;SuperTracker ↑;BB breakout;RSI 📈;Price > SMA20
2025-08-01T04:45:09.906764,CAG,18.26,44.10,0.04,0.24,24.23,14.63,ADX ≥ 20.0;MACD 🚀;SuperTracker ↑
2025-08-01T04:45:11.628356,STZ,166.94,56.40,0.35,0.21,35.09,19.27,ADX ≥ 20.0;MACD 🚀;SuperTracker ↑
2025-08-01T04:45:12.378753,CEG,347.84,25.40,0.74,0.21,17.62,-0.78,ADX ≥ 20.0;MACD 🚀;SuperTracker ↑;BB breakout;Price > SMA20
2025-08-01T04:45:16.135154,CSGP,95.19,34.70,0.17,0.18,3.41,-1.35,ADX ≥ 20.0;MACD 🚀;SuperTracker ↑;BB breakout
2025-08-01T04:45:28.958554,DPZ,463.21,33.96,0.95,0.20,6.73,3.29,ADX ≥ 20.0;MACD 🚀;SuperTracker ↑
2025-08-01T04:45:32.095910,DTE,138.39,22.05,0.22,0.16,40.00,18.27,ADX ≥ 20.0;MACD 🚀;SuperTracker ↑;BB breakout;RSI 📈;Price > SMA20
2025-08-01T04:45:35.113044,EBAY,91.75,23.62,0.32,0.35,22.52,11.78,ADX ≥ 20.0;MACD 🚀;SuperTracker ↑
2025-08-01T04:45:36.391620,EIX,52.12,30.26,0.13,0.24,27.12,13.53,ADX ≥ 20.0;MACD 🚀;SuperTracker ↑;RSI 📈;Price > SMA20
2025-08-01T04:45:38.676913,EMR,145.51,28.59,0.26,0.18,34.94,15.54,ADX ≥ 20.0;MACD 🚀;SuperTracker ↑
2025-08-01T04:45:40.046009,ETR,90.43,25.29,0.18,0.20,50.55,25.04,ADX ≥ 20.0;MACD 🚀;SuperTracker ↑;Price > SMA20
2025-08-01T04:45:42.087574,EQT,53.75,20.66,0.13,0.25,3.71,-2.34,ADX ≥ 20.0;MACD 🚀;SuperTracker ↑;Price > SMA20
2025-08-01T04:45:44.059748,EQR,63.18,52.70,0.14,0.22,25.68,8.35,ADX ≥ 20.0;MACD 🚀;SuperTracker ↑
2025-08-01T04:45:45.417336,ESS,260.10,56.73,0.62,0.24,40.53,20.33,ADX ≥ 20.0;MACD 🚀;SuperTracker ↑
2025-08-01T04:45:47.893328,ES,66.13,35.57,0.12,0.18,31.06,15.79,ADX ≥ 20.0;MACD 🚀;SuperTracker ↑;BB breakout;Price > SMA20
2025-08-01T04:45:48.754638,EXC,44.94,28.85,0.09,0.19,29.17,8.35,ADX ≥ 20.0;MACD 🚀;SuperTracker ↑;BB breakout;RSI 📈;Price > SMA20
2025-08-01T04:45:49.583103,EXE,104.78,49.50,0.21,0.20,12.89,4.90,ADX ≥ 20.0;MACD 🚀;SuperTracker ↑;BB breakout;RSI 📈;Price > SMA20
2025-08-01T04:45:54.716878,FRT,92.14,23.85,0.17,0.18,22.04,5.97,ADX ≥ 20.0;MACD 🚀;SuperTracker ↑;BB breakout;RSI 📈;Price > SMA20
2025-08-01T04:45:57.645911,FE,42.70,25.24,0.09,0.21,32.60,11.48,ADX ≥ 20.0;MACD 🚀;SuperTracker ↑;BB breakout;Price > SMA20
2025-08-01T04:45:58.981994,F,11.08,37.11,0.03,0.25,13.51,8.29,ADX ≥ 20.0;MACD 🚀;SuperTracker ↑;BB breakout;RSI 📈;Price > SMA20
2025-08-01T04:46:05.020442,GEHC,71.32,31.53,0.16,0.23,11.36,1.62,ADX ≥ 20.0;MACD 🚀;SuperTracker ↑
2025-08-01T04:46:05.814568,GEV,660.39,20.67,1.80,0.27,13.01,3.80,ADX ≥ 20.0;MACD 🚀;SuperTracker ↑
2025-08-01T04:46:07.708186,GD,311.64,28.35,0.37,0.12,33.31,15.46,ADX ≥ 20.0;MACD 🚀;SuperTracker ↑;BB breakout;Price > SMA20
2025-08-01T04:46:08.451990,GIS,48.99,40.43,0.08,0.16,18.98,7.33,ADX ≥ 20.0;MACD 🚀;SuperTracker ↑
2025-08-01T04:46:09.683018,GPC,128.90,23.96,0.24,0.18,21.43,13.32,ADX ≥ 20.0;MACD 🚀;SuperTracker ↑
2025-08-01T04:46:10.437822,GILD,112.29,41.95,0.30,0.26,6.92,-8.11,ADX ≥ 20.0;MACD 🚀;SuperTracker ↑
2025-08-01T04:46:20.145736,HRL,28.07,31.37,0.06,0.20,32.79,24.51,ADX ≥ 20.0;MACD 🚀;SuperTracker ↑
2025-08-01T04:46:22.953184,HUM,249.62,23.66,0.97,0.39,6.25,0.79,ADX ≥ 20.0;MACD 🚀;SuperTracker ↑
2025-08-01T04:46:26.945095,INCY,74.89,58.29,0.22,0.30,10.66,7.93,ADX ≥ 20.0;MACD 🚀;SuperTracker ↑;BB breakout;Price > SMA20
2025-08-01T04:46:30.758659,IPG,24.61,39.87,0.06,0.26,9.43,8.86,ADX ≥ 20.0;MACD 🚀;SuperTracker ↑;BB breakout
2025-08-01T04:46:33.659649,IQV,185.89,30.18,0.51,0.28,14.65,5.93,ADX ≥ 20.0;MACD 🚀;SuperTracker ↑
2025-08-01T04:46:36.666566,J,141.88,26.31,0.24,0.17,28.00,17.47,ADX ≥ 20.0;MACD 🚀;SuperTracker ↑
2025-08-01T04:46:39.008062,JNPR,0.00,49.78,0.01,inf,28.22,20.59,ADX ≥ 20.0;MACD 🚀;SuperTracker ↑;ATR % ≥ 0.5%
2025-08-01T04:46:42.941838,KIM,21.23,54.92,0.05,0.24,16.97,5.23,ADX ≥ 20.0;MACD 🚀;SuperTracker ↑
2025-08-01T04:46:43.774437,KMI,28.05,41.94,0.04,0.15,26.91,4.64,ADX ≥ 20.0;MACD 🚀;SuperTracker ↑;BB breakout;RSI 📈;Price > SMA20
2025-08-01T04:46:47.175750,LH,259.98,36.33,0.48,0.19,43.35,20.01,ADX ≥ 20.0;MACD 🚀;SuperTracker ↑
2025-08-01T04:46:48.588505,LW,57.05,21.01,0.16,0.28,29.30,14.88,ADX ≥ 20.0;MACD 🚀;SuperTracker ↑;BB breakout;Price > SMA20
2025-08-01T04:46:57.774251,MAR,263.83,28.76,0.53,0.20,43.73,30.73,ADX ≥ 20.0;MACD 🚀;SuperTracker ↑
2025-08-01T04:46:59.157031,MLM,575.16,21.19,1.06,0.18,18.88,11.25,ADX ≥ 20.0;MACD 🚀;SuperTracker ↑;BB breakout;RSI 📈;Price > SMA20
2025-08-01T04:47:06.614191,MU,109.14,32.26,0.36,0.33,11.18,-1.06,ADX ≥ 20.0;MACD 🚀;SuperTracker ↑;BB breakout;RSI 📈;Price > SMA20
2025-08-01T04:47:11.635857,MNST,58.75,72.54,0.22,0.38,57.13,49.44,ADX ≥ 20.0;MACD 🚀;SuperTracker ↑
2025-08-01T04:47:18.072185,NEE,71.06,27.78,0.15,0.20,26.68,13.83,ADX ≥ 20.0;MACD 🚀;SuperTracker ↑;BB breakout;RSI 📈;Price > SMA20
2025-08-01T04:47:18.989006,NKE,74.69,47.41,0.18,0.24,15.80,6.43,ADX ≥ 20.0;MACD 🚀;SuperTracker ↑;Price > SMA20
2025-08-01T04:47:21.856276,NOC,576.59,37.98,0.57,0.10,23.77,7.45,ADX ≥ 20.0;MACD 🚀;SuperTracker ↑;RSI 📈;Price > SMA20
2025-08-01T04:47:22.593767,NCLH,25.55,28.63,0.10,0.40,15.82,7.12,ADX ≥ 20.0;MACD 🚀;SuperTracker ↑;BB breakout;Price > SMA20
2025-08-01T04:47:24.431606,NVDA,177.87,20.36,0.53,0.30,7.91,-2.30,ADX ≥ 20.0;MACD 🚀;SuperTracker ↑;Price > SMA20
2025-08-01T04:47:27.306016,ODFL,149.25,27.91,0.52,0.35,38.87,26.73,ADX ≥ 20.0;MACD 🚀;SuperTracker ↑;BB breakout;RSI 📈;Price > SMA20
2025-08-01T04:47:30.677596,PCAR,98.76,25.18,0.20,0.20,24.73,14.52,ADX ≥ 20.0;MACD 🚀;SuperTracker ↑
2025-08-01T04:47:34.905022,PYPL,68.76,23.24,0.14,0.20,33.08,19.18,ADX ≥ 20.0;MACD 🚀;SuperTracker ↑
2025-08-01T04:47:36.726488,PFE,23.29,59.71,0.06,0.24,19.49,-2.34,ADX ≥ 20.0;MACD 🚀;SuperTracker ↑
2025-08-01T04:47:38.976078,PNW,90.68,23.32,0.14,0.16,36.84,21.44,ADX ≥ 20.0;MACD 🚀;SuperTracker ↑;BB breakout;RSI 📈;Price > SMA20
2025-08-01T04:47:43.302241,PLD,106.78,22.33,0.23,0.22,10.13,0.34,ADX ≥ 20.0;MACD 🚀;SuperTracker ↑
2025-08-01T04:47:44.955605,PTC,214.81,40.05,0.64,0.30,19.32,10.33,ADX ≥ 20.0;MACD 🚀;SuperTracker ↑
2025-08-01T04:47:46.813921,PWR,406.39,20.58,0.85,0.21,10.26,-6.03,ADX ≥ 20.0;MACD 🚀;SuperTracker ↑;BB breakout;RSI 📈;Price > SMA20
2025-08-01T04:47:50.257397,O,56.16,50.76,0.08,0.15,25.68,13.84,ADX ≥ 20.0;MACD 🚀;SuperTracker ↑
2025-08-01T04:47:50.999981,REG,71.40,31.66,0.13,0.18,15.61,13.66,ADX ≥ 20.0;MACD 🚀;SuperTracker ↑
2025-08-01T04:47:51.804380,REGN,545.46,52.15,1.36,0.25,5.72,-4.52,ADX ≥ 20.0;MACD 🚀;SuperTracker ↑;BB breakout
2025-08-01T04:47:59.108328,STX,157.01,39.60,0.50,0.32,8.88,3.99,ADX ≥ 20.0;MACD 🚀;SuperTracker ↑;RSI 📈;Price > SMA20
2025-08-01T04:48:01.524957,SPG,163.82,22.21,0.29,0.18,4.88,-4.48,ADX ≥ 20.0;MACD 🚀;SuperTracker ↑
2025-08-01T04:48:02.848338,SJM,107.29,44.45,0.23,0.21,20.20,14.72,ADX ≥ 20.0;MACD 🚀;SuperTracker ↑;BB breakout
2025-08-01T04:48:05.102651,SO,94.44,33.57,0.23,0.25,15.96,2.18,ADX ≥ 20.0;MACD 🚀;SuperTracker ↑;BB breakout;RSI 📈;Price > SMA20
2025-08-01T04:48:14.250707,TRGP,166.37,27.31,0.30,0.18,5.56,-1.78,ADX ≥ 20.0;MACD 🚀;SuperTracker ↑
2025-08-01T04:48:21.258196,TSCO,56.95,52.86,0.12,0.20,5.02,-2.29,ADX ≥ 20.0;MACD 🚀;SuperTracker ↑
2025-08-01T04:48:24.821925,TYL,584.48,67.76,1.94,0.33,10.30,-0.66,ADX ≥ 20.0;MACD 🚀;SuperTracker ↑;RSI 📈;Price > SMA20
2025-08-01T04:48:27.349292,UDR,39.28,38.02,0.10,0.26,6.02,-5.11,ADX ≥ 20.0;MACD 🚀;SuperTracker ↑;BB breakout;RSI 📈;Price > SMA20
2025-08-01T04:48:30.840476,UNH,249.58,44.55,0.85,0.34,24.25,11.74,ADX ≥ 20.0;MACD 🚀;SuperTracker ↑
2025-08-01T04:48:34.238656,VRSK,278.71,33.01,0.60,0.22,29.47,21.09,ADX ≥ 20.0;MACD 🚀;SuperTracker ↑;RSI 📈;Price > SMA20
2025-08-01T04:48:35.994529,VTRS,8.74,56.07,0.02,0.26,12.06,3.96,ADX ≥ 20.0;MACD 🚀;SuperTracker ↑
2025-08-01T04:48:41.551052,DIS,119.10,21.88,0.17,0.14,29.62,13.26,ADX ≥ 20.0;MACD 🚀;SuperTracker ↑
2025-08-01T04:48:43.867104,WEC,109.10,21.76,0.17,0.16,23.13,8.01,ADX ≥ 20.0;MACD 🚀;SuperTracker ↑;BB breakout;RSI 📈;Price > SMA20
2025-08-01T04:48:45.547917,WST,239.02,69.80,0.63,0.26,27.59,10.49,ADX ≥ 20.0;MACD 🚀;SuperTracker ↑
2025-08-01T04:48:49.455672,WYNN,109.03,29.86,0.22,0.21,21.86,16.41,ADX ≥ 20.0;MACD 🚀;SuperTracker ↑
2025-08-01T04:48:50.701145,XYL,144.67,39.92,0.40,0.28,22.76,17.06,ADX ≥ 20.0;MACD 🚀;SuperTracker ↑;RSI 📈;Price > SMA20
2025-08-01T04:49:05.507816,ARE,76.39,35.51,0.18,0.23,4.65,-2.57,ADX ≥ 20.0;MACD 🚀;SuperTracker ↑
2025-08-01T04:49:08.400381,GOOGL,191.90,25.60,0.38,0.20,41.73,15.78,ADX ≥ 20.0;MACD 🚀;SuperTracker ↑;Price > SMA20
2025-08-01T04:49:09.103371,GOOG,192.86,29.70,0.36,0.19,36.63,12.99,ADX ≥ 20.0;MACD 🚀;SuperTracker ↑
2025-08-01T04:49:14.042104,AWK,140.24,23.27,0.36,0.26,32.48,29.81,ADX ≥ 20.0;MACD 🚀;SuperTracker ↑;Price > SMA20
2025-08-01T04:49:16.987024,ADI,224.63,20.36,0.49,0.22,11.64,0.06,ADX ≥ 20.0;MACD 🚀;SuperTracker ↑;Price > SMA20
2025-08-01T04:49:20.271386,AMAT,180.06,20.28,0.52,0.29,11.32,-2.00,ADX ≥ 20.0;MACD 🚀;SuperTracker ↑;BB breakout;RSI 📈;Price > SMA20
2025-08-01T04:49:24.902374,ATO,155.89,22.45,0.23,0.15,48.03,23.61,ADX ≥ 20.0;MACD 🚀;SuperTracker ↑;Price > SMA20
2025-08-01T04:49:35.323545,BKNG,5504.06,20.63,9.50,0.17,38.30,12.72,ADX ≥ 20.0;MACD 🚀;SuperTracker ↑;ATR14 ≥ 2.0
2025-08-01T04:49:41.792239,CPT,109.15,49.92,0.25,0.23,14.59,8.46,ADX ≥ 20.0;MACD 🚀;SuperTracker ↑;BB breakout
2025-08-01T04:49:43.349872,CAH,155.03,33.73,0.37,0.24,15.79,2.69,ADX ≥ 20.0;MACD 🚀;SuperTracker ↑
2025-08-01T04:49:57.172015,CHD,93.73,63.47,0.25,0.27,72.50,57.05,ADX ≥ 20.0;MACD 🚀;SuperTracker ↑
2025-08-01T04:50:01.026144,CLX,125.33,21.58,0.30,0.24,42.04,28.44,ADX ≥ 20.0;MACD 🚀;SuperTracker ↑
2025-08-01T04:50:04.680669,CAG,18.26,44.10,0.04,0.24,24.23,14.63,ADX ≥ 20.0;MACD 🚀;SuperTracker ↑
2025-08-01T04:50:06.227883,STZ,166.94,56.40,0.35,0.21,35.09,19.27,ADX ≥ 20.0;MACD 🚀;SuperTracker ↑
2025-08-01T04:50:06.973733,CEG,347.84,25.40,0.74,0.21,17.62,-0.78,ADX ≥ 20.0;MACD 🚀;SuperTracker ↑;BB breakout;Price > SMA20
2025-08-01T04:50:09.977912,CSGP,95.19,34.70,0.17,0.18,3.41,-1.35,ADX ≥ 20.0;MACD 🚀;SuperTracker ↑;BB breakout
2025-08-01T04:50:21.245611,DPZ,463.21,33.96,0.95,0.20,6.73,3.29,ADX ≥ 20.0;MACD 🚀;SuperTracker ↑
2025-08-01T04:50:24.057643,DTE,138.39,22.05,0.22,0.16,40.00,18.27,ADX ≥ 20.0;MACD 🚀;SuperTracker ↑;BB breakout;RSI 📈;Price > SMA20
2025-08-01T04:50:26.731419,EBAY,91.75,23.62,0.32,0.35,22.52,11.78,ADX ≥ 20.0;MACD 🚀;SuperTracker ↑
2025-08-01T04:50:27.990272,EIX,52.12,30.26,0.13,0.24,27.12,13.53,ADX ≥ 20.0;MACD 🚀;SuperTracker ↑;RSI 📈;Price > SMA20
2025-08-01T04:50:30.022570,EMR,145.51,28.59,0.26,0.18,34.94,15.54,ADX ≥ 20.0;MACD 🚀;SuperTracker ↑
2025-08-01T04:50:31.227217,ETR,90.43,25.29,0.18,0.20,50.55,25.04,ADX ≥ 20.0;MACD 🚀;SuperTracker ↑;Price > SMA20
2025-08-01T04:50:32.939667,EQT,53.75,20.66,0.13,0.25,3.71,-2.34,ADX ≥ 20.0;MACD 🚀;SuperTracker ↑;Price > SMA20
2025-08-01T04:50:34.647994,EQR,63.18,52.70,0.14,0.22,25.68,8.35,ADX ≥ 20.0;MACD 🚀;SuperTracker ↑
2025-08-01T04:50:35.761304,ESS,260.10,56.73,0.62,0.24,40.53,20.33,ADX ≥ 20.0;MACD 🚀;SuperTracker ↑
2025-08-01T04:50:38.029512,ES,66.13,35.57,0.12,0.18,31.06,15.79,ADX ≥ 20.0;MACD 🚀;SuperTracker ↑;BB breakout;Price > SMA20
2025-08-01T04:50:38.867245,EXC,44.94,28.85,0.09,0.19,29.17,8.35,ADX ≥ 20.0;MACD 🚀;SuperTracker ↑;BB breakout;RSI 📈;Price > SMA20
2025-08-01T04:50:39.576238,EXE,104.78,49.50,0.21,0.20,12.89,4.90,ADX ≥ 20.0;MACD 🚀;SuperTracker ↑;BB breakout;RSI 📈;Price > SMA20
2025-08-01T04:50:44.962992,FRT,92.14,23.85,0.17,0.18,22.04,5.97,ADX ≥ 20.0;MACD 🚀;SuperTracker ↑;BB breakout;RSI 📈;Price > SMA20
2025-08-01T04:50:47.904311,FE,42.70,25.24,0.09,0.21,32.60,11.48,ADX ≥ 20.0;MACD 🚀;SuperTracker ↑;BB breakout;Price > SMA20
2025-08-01T04:50:49.300605,F,11.08,37.11,0.03,0.25,13.51,8.29,ADX ≥ 20.0;MACD 🚀;SuperTracker ↑;BB breakout;RSI 📈;Price > SMA20
2025-08-01T04:50:54.978476,GEHC,71.32,31.53,0.16,0.23,11.36,1.62,ADX ≥ 20.0;MACD 🚀;SuperTracker ↑
2025-08-01T04:50:55.788285,GEV,660.39,20.67,1.80,0.27,13.01,3.80,ADX ≥ 20.0;MACD 🚀;SuperTracker ↑
2025-08-01T04:50:57.647483,GD,311.64,28.35,0.37,0.12,33.31,15.46,ADX ≥ 20.0;MACD 🚀;SuperTracker ↑;BB breakout;Price > SMA20
2025-08-01T04:50:58.456641,GIS,48.99,40.43,0.08,0.16,18.98,7.33,ADX ≥ 20.0;MACD 🚀;SuperTracker ↑
2025-08-01T04:50:59.911035,GPC,128.90,23.96,0.24,0.18,21.43,13.32,ADX ≥ 20.0;MACD 🚀;SuperTracker ↑
2025-08-01T04:51:00.809635,GILD,112.29,41.95,0.30,0.26,6.92,-8.11,ADX ≥ 20.0;MACD 🚀;SuperTracker ↑
2025-08-01T04:51:10.809807,HRL,28.07,31.37,0.06,0.20,32.79,24.51,ADX ≥ 20.0;MACD 🚀;SuperTracker ↑
2025-08-01T04:51:13.917201,HUM,249.62,23.66,0.97,0.39,6.25,0.79,ADX ≥ 20.0;MACD 🚀;SuperTracker ↑
2025-08-01T04:51:18.061664,INCY,74.89,58.29,0.22,0.30,10.66,7.93,ADX ≥ 20.0;MACD 🚀;SuperTracker ↑;BB breakout;Price > SMA20
2025-08-01T04:51:22.047156,IPG,24.61,39.87,0.06,0.26,9.43,8.86,ADX ≥ 20.0;MACD 🚀;SuperTracker ↑;BB breakout
2025-08-01T04:51:24.909397,IQV,185.89,30.18,0.51,0.28,14.65,5.93,ADX ≥ 20.0;MACD 🚀;SuperTracker ↑
2025-08-01T04:51:28.161244,J,141.88,26.31,0.24,0.17,28.00,17.47,ADX ≥ 20.0;MACD 🚀;SuperTracker ↑
2025-08-01T04:51:30.611470,JNPR,0.00,49.78,0.01,inf,28.22,20.59,ADX ≥ 20.0;MACD 🚀;SuperTracker ↑;ATR % ≥ 0.5%
2025-08-01T04:51:34.607285,KIM,21.23,54.92,0.05,0.24,16.97,5.23,ADX ≥ 20.0;MACD 🚀;SuperTracker ↑
2025-08-01T04:51:35.401067,KMI,28.05,41.94,0.04,0.15,26.91,4.64,ADX ≥ 20.0;MACD 🚀;SuperTracker ↑;BB breakout;RSI 📈;Price > SMA20
2025-08-01T04:51:38.880296,LH,259.98,36.33,0.48,0.19,43.35,20.01,ADX ≥ 20.0;MACD 🚀;SuperTracker ↑
2025-08-01T04:51:40.242261,LW,57.05,21.01,0.16,0.28,29.30,14.88,ADX ≥ 20.0;MACD 🚀;SuperTracker ↑;BB breakout;Price > SMA20
2025-08-01T04:51:48.971607,MAR,263.83,28.76,0.53,0.20,43.73,30.73,ADX ≥ 20.0;MACD 🚀;SuperTracker ↑
2025-08-01T04:51:50.066735,MLM,575.16,21.19,1.06,0.18,18.88,11.25,ADX ≥ 20.0;MACD 🚀;SuperTracker ↑;BB breakout;RSI 📈;Price > SMA20
2025-08-01T04:51:57.170568,MU,109.14,32.26,0.36,0.33,11.18,-1.06,ADX ≥ 20.0;MACD 🚀;SuperTracker ↑;BB breakout;RSI 📈;Price > SMA20
2025-08-01T04:52:01.962053,MNST,58.75,72.54,0.22,0.38,57.13,49.44,ADX ≥ 20.0;MACD 🚀;SuperTracker ↑
2025-08-01T04:52:08.185470,NEE,71.06,27.78,0.15,0.20,26.68,13.83,ADX ≥ 20.0;MACD 🚀;SuperTracker ↑;BB breakout;RSI 📈;Price > SMA20
2025-08-01T04:52:08.956034,NKE,74.69,47.41,0.18,0.24,15.80,6.43,ADX ≥ 20.0;MACD 🚀;SuperTracker ↑;Price > SMA20
2025-08-01T04:52:11.731035,NOC,576.59,37.98,0.57,0.10,23.77,7.45,ADX ≥ 20.0;MACD 🚀;SuperTracker ↑;RSI 📈;Price > SMA20
2025-08-01T04:52:12.437414,NCLH,25.55,28.63,0.10,0.40,15.82,7.12,ADX ≥ 20.0;MACD 🚀;SuperTracker ↑;BB breakout;Price > SMA20
2025-08-01T04:52:14.220028,NVDA,177.87,20.36,0.53,0.30,7.91,-2.30,ADX ≥ 20.0;MACD 🚀;SuperTracker ↑;Price > SMA20
2025-08-01T04:52:16.879620,ODFL,149.25,27.91,0.52,0.35,38.87,26.73,ADX ≥ 20.0;MACD 🚀;SuperTracker ↑;BB breakout;RSI 📈;Price > SMA20
2025-08-01T04:52:19.932970,PCAR,98.76,25.18,0.20,0.20,24.73,14.52,ADX ≥ 20.0;MACD 🚀;SuperTracker ↑
2025-08-01T04:52:24.079929,PYPL,68.76,23.24,0.14,0.20,33.08,19.18,ADX ≥ 20.0;MACD 🚀;SuperTracker ↑
2025-08-01T04:52:25.858434,PFE,23.29,59.71,0.06,0.24,19.49,-2.34,ADX ≥ 20.0;MACD 🚀;SuperTracker ↑
2025-08-01T04:52:27.934414,PNW,90.68,23.32,0.14,0.16,36.84,21.44,ADX ≥ 20.0;MACD 🚀;SuperTracker ↑;BB breakout;RSI 📈;Price > SMA20
2025-08-01T04:52:32.266374,PLD,106.78,22.33,0.23,0.22,10.13,0.34,ADX ≥ 20.0;MACD 🚀;SuperTracker ↑
2025-08-01T04:52:34.019359,PTC,214.81,40.05,0.64,0.30,19.32,10.33,ADX ≥ 20.0;MACD 🚀;SuperTracker ↑
2025-08-01T04:52:35.676038,PWR,406.39,20.58,0.85,0.21,10.26,-6.03,ADX ≥ 20.0;MACD 🚀;SuperTracker ↑;BB breakout;RSI 📈;Price > SMA20
2025-08-01T04:52:38.689791,O,56.16,50.76,0.08,0.15,25.68,13.84,ADX ≥ 20.0;MACD 🚀;SuperTracker ↑
2025-08-01T04:52:39.355789,REG,71.40,31.66,0.13,0.18,15.61,13.66,ADX ≥ 20.0;MACD 🚀;SuperTracker ↑
2025-08-01T04:52:40.009267,REGN,545.46,52.15,1.36,0.25,5.72,-4.52,ADX ≥ 20.0;MACD 🚀;SuperTracker ↑;BB breakout
2025-08-01T04:52:48.045894,STX,157.01,39.60,0.50,0.32,8.88,3.99,ADX ≥ 20.0;MACD 🚀;SuperTracker ↑;RSI 📈;Price > SMA20
2025-08-01T04:52:50.455070,SPG,163.82,22.21,0.29,0.18,4.88,-4.48,ADX ≥ 20.0;MACD 🚀;SuperTracker ↑
2025-08-01T04:52:51.881090,SJM,107.29,44.45,0.23,0.21,20.20,14.72,ADX ≥ 20.0;MACD 🚀;SuperTracker ↑;BB breakout
2025-08-01T04:52:54.276098,SO,94.44,33.57,0.23,0.25,15.96,2.18,ADX ≥ 20.0;MACD 🚀;SuperTracker ↑;BB breakout;RSI 📈;Price > SMA20
2025-08-01T04:53:03.093098,TRGP,166.37,27.31,0.30,0.18,5.56,-1.78,ADX ≥ 20.0;MACD 🚀;SuperTracker ↑
2025-08-01T04:53:09.608063,TSCO,56.95,52.86,0.12,0.20,5.02,-2.29,ADX ≥ 20.0;MACD 🚀;SuperTracker ↑
2025-08-01T04:53:12.915556,TYL,584.48,67.76,1.94,0.33,10.30,-0.66,ADX ≥ 20.0;MACD 🚀;SuperTracker ↑;RSI 📈;Price > SMA20
2025-08-01T04:53:15.267292,UDR,39.28,38.02,0.10,0.26,6.02,-5.11,ADX ≥ 20.0;MACD 🚀;SuperTracker ↑;BB breakout;RSI 📈;Price > SMA20
2025-08-01T04:53:18.615744,UNH,249.58,44.55,0.85,0.34,24.25,11.74,ADX ≥ 20.0;MACD 🚀;SuperTracker ↑
2025-08-01T04:53:22.004308,VRSK,278.71,33.01,0.60,0.22,29.47,21.09,ADX ≥ 20.0;MACD 🚀;SuperTracker ↑;RSI 📈;Price > SMA20
2025-08-01T04:53:23.780983,VTRS,8.74,56.07,0.02,0.26,12.06,3.96,ADX ≥ 20.0;MACD 🚀;SuperTracker ↑
2025-08-01T04:53:29.512072,DIS,119.10,21.88,0.17,0.14,29.62,13.26,ADX ≥ 20.0;MACD 🚀;SuperTracker ↑
2025-08-01T04:53:31.921661,WEC,109.10,21.76,0.17,0.16,23.13,8.01,ADX ≥ 20.0;MACD 🚀;SuperTracker ↑;BB breakout;RSI 📈;Price > SMA20
2025-08-01T04:53:33.727864,WST,239.02,69.80,0.63,0.26,27.59,10.49,ADX ≥ 20.0;MACD 🚀;SuperTracker ↑
2025-08-01T04:53:37.717345,WYNN,109.03,29.86,0.22,0.21,21.86,16.41,ADX ≥ 20.0;MACD 🚀;SuperTracker ↑
2025-08-01T04:53:39.034703,XYL,144.67,39.92,0.40,0.28,22.76,17.06,ADX ≥ 20.0;MACD 🚀;SuperTracker ↑;RSI 📈;Price > SMA20
2025-08-01T04:53:53.795012,ARE,76.39,35.51,0.18,0.23,4.65,-2.57,ADX ≥ 20.0;MACD 🚀;SuperTracker ↑
2025-08-01T04:53:56.695378,GOOGL,191.90,25.60,0.38,0.20,41.73,15.78,ADX ≥ 20.0;MACD 🚀;SuperTracker ↑;Price > SMA20
2025-08-01T04:53:57.446840,GOOG,192.86,29.70,0.36,0.19,36.63,12.99,ADX ≥ 20.0;MACD 🚀;SuperTracker ↑
2025-08-01T04:54:02.355639,AWK,140.24,23.27,0.36,0.26,32.48,29.81,ADX ≥ 20.0;MACD 🚀;SuperTracker ↑;Price > SMA20
2025-08-01T04:54:05.167414,ADI,224.63,20.36,0.49,0.22,11.64,0.06,ADX ≥ 20.0;MACD 🚀;SuperTracker ↑;Price > SMA20
2025-08-01T04:54:08.444869,AMAT,180.06,20.28,0.52,0.29,11.32,-2.00,ADX ≥ 20.0;MACD 🚀;SuperTracker ↑;BB breakout;RSI 📈;Price > SMA20
2025-08-01T04:54:12.783796,ATO,155.89,22.45,0.23,0.15,48.03,23.61,ADX ≥ 20.0;MACD 🚀;SuperTracker ↑;Price > SMA20
2025-08-01T04:54:23.541663,BKNG,5504.06,20.63,9.50,0.17,38.30,12.72,ADX ≥ 20.0;MACD 🚀;SuperTracker ↑;ATR14 ≥ 2.0
2025-08-01T04:54:30.333043,CPT,109.15,49.92,0.25,0.23,14.59,8.46,ADX ≥ 20.0;MACD 🚀;SuperTracker ↑;BB breakout
2025-08-01T04:54:32.072676,CAH,155.03,33.73,0.37,0.24,15.79,2.69,ADX ≥ 20.0;MACD 🚀;SuperTracker ↑
2025-08-01T04:54:42.388636,CHD,93.73,63.47,0.25,0.27,72.50,57.05,ADX ≥ 20.0;MACD 🚀;SuperTracker ↑
2025-08-01T04:54:46.611593,CLX,125.33,21.58,0.30,0.24,42.04,28.44,ADX ≥ 20.0;MACD 🚀;SuperTracker ↑
2025-08-01T04:54:50.743693,CAG,18.26,44.10,0.04,0.24,24.23,14.63,ADX ≥ 20.0;MACD 🚀;SuperTracker ↑
2025-08-01T04:54:52.680488,STZ,166.94,56.40,0.35,0.21,35.09,19.27,ADX ≥ 20.0;MACD 🚀;SuperTracker ↑
2025-08-01T04:54:53.544038,CEG,347.84,25.40,0.74,0.21,17.62,-0.78,ADX ≥ 20.0;MACD 🚀;SuperTracker ↑;BB breakout;Price > SMA20
2025-08-01T04:54:57.251998,CSGP,95.19,34.70,0.17,0.18,3.41,-1.35,ADX ≥ 20.0;MACD 🚀;SuperTracker ↑;BB breakout
2025-08-01T04:55:10.228035,DPZ,463.21,33.96,0.95,0.20,6.73,3.29,ADX ≥ 20.0;MACD 🚀;SuperTracker ↑
2025-08-01T04:55:15.584401,EBAY,91.75,23.62,0.32,0.35,22.52,11.78,ADX ≥ 20.0;MACD 🚀;SuperTracker ↑
2025-08-01T04:55:16.913912,EIX,52.12,30.26,0.13,0.24,27.12,13.53,ADX ≥ 20.0;MACD 🚀;SuperTracker ↑;RSI 📈;Price > SMA20
2025-08-01T04:55:19.370837,EMR,145.51,28.59,0.26,0.18,34.94,15.54,ADX ≥ 20.0;MACD 🚀;SuperTracker ↑
2025-08-01T04:55:20.697331,ETR,90.43,25.29,0.18,0.20,50.55,25.04,ADX ≥ 20.0;MACD 🚀;SuperTracker ↑;Price > SMA20
2025-08-01T04:55:22.706182,EQT,53.75,20.66,0.13,0.25,3.71,-2.34,ADX ≥ 20.0;MACD 🚀;SuperTracker ↑;Price > SMA20
2025-08-01T04:55:24.563623,EQR,63.18,52.70,0.14,0.22,25.68,8.35,ADX ≥ 20.0;MACD 🚀;SuperTracker ↑
2025-08-01T04:55:26.001112,ESS,260.10,56.73,0.62,0.24,40.53,20.33,ADX ≥ 20.0;MACD 🚀;SuperTracker ↑
2025-08-01T04:55:28.483579,ES,66.13,35.57,0.12,0.18,31.06,15.79,ADX ≥ 20.0;MACD 🚀;SuperTracker ↑;BB breakout;Price > SMA20
2025-08-01T04:55:29.214873,EXC,44.94,28.85,0.09,0.19,29.17,8.35,ADX ≥ 20.0;MACD 🚀;SuperTracker ↑;BB breakout;RSI 📈;Price > SMA20
2025-08-01T04:55:30.035893,EXE,104.78,49.50,0.21,0.20,12.89,4.90,ADX ≥ 20.0;MACD 🚀;SuperTracker ↑;BB breakout;RSI 📈;Price > SMA20
2025-08-01T04:55:34.742828,FRT,92.14,23.85,0.17,0.18,22.04,5.97,ADX ≥ 20.0;MACD 🚀;SuperTracker ↑;BB breakout;RSI 📈;Price > SMA20
2025-08-01T04:55:37.600529,FE,42.70,25.24,0.09,0.21,32.60,11.48,ADX ≥ 20.0;MACD 🚀;SuperTracker ↑;BB breakout;Price > SMA20
2025-08-01T04:55:38.878499,F,11.08,37.11,0.03,0.25,13.51,8.29,ADX ≥ 20.0;MACD 🚀;SuperTracker ↑;BB breakout;RSI 📈;Price > SMA20
2025-08-01T04:55:44.773871,GEHC,71.32,31.53,0.16,0.23,11.36,1.62,ADX ≥ 20.0;MACD 🚀;SuperTracker ↑
2025-08-01T04:55:45.517778,GEV,660.39,20.67,1.80,0.27,13.01,3.80,ADX ≥ 20.0;MACD 🚀;SuperTracker ↑
2025-08-01T04:55:47.377880,GD,311.64,28.35,0.37,0.12,33.31,15.46,ADX ≥ 20.0;MACD 🚀;SuperTracker ↑;BB breakout;Price > SMA20
2025-08-01T04:55:48.082683,GIS,48.99,40.43,0.08,0.16,18.98,7.33,ADX ≥ 20.0;MACD 🚀;SuperTracker ↑
2025-08-01T04:55:49.218431,GPC,128.90,23.96,0.24,0.18,21.43,13.32,ADX ≥ 20.0;MACD 🚀;SuperTracker ↑
2025-08-01T04:55:49.884757,GILD,112.29,41.95,0.30,0.26,6.92,-8.11,ADX ≥ 20.0;MACD 🚀;SuperTracker ↑
2025-08-01T04:55:58.809921,HRL,28.07,31.37,0.06,0.20,32.79,24.51,ADX ≥ 20.0;MACD 🚀;SuperTracker ↑
2025-08-01T04:56:01.177664,HUM,249.62,23.66,0.97,0.39,6.25,0.79,ADX ≥ 20.0;MACD 🚀;SuperTracker ↑
2025-08-01T04:56:04.812085,INCY,74.89,58.29,0.22,0.30,10.66,7.93,ADX ≥ 20.0;MACD 🚀;SuperTracker ↑;BB breakout;Price > SMA20
2025-08-01T04:56:08.317173,IPG,24.61,39.87,0.06,0.26,9.43,8.86,ADX ≥ 20.0;MACD 🚀;SuperTracker ↑;BB breakout
2025-08-01T04:56:10.978315,IQV,185.89,30.18,0.51,0.28,14.65,5.93,ADX ≥ 20.0;MACD 🚀;SuperTracker ↑
2025-08-01T04:56:13.475535,J,141.88,26.31,0.24,0.17,28.00,17.47,ADX ≥ 20.0;MACD 🚀;SuperTracker ↑
2025-08-01T04:56:15.535853,JNPR,0.00,49.78,0.01,inf,28.22,20.59,ADX ≥ 20.0;MACD 🚀;SuperTracker ↑;ATR % ≥ 0.5%
2025-08-01T04:56:19.173158,KIM,21.23,54.92,0.05,0.24,16.97,5.23,ADX ≥ 20.0;MACD 🚀;SuperTracker ↑
2025-08-01T04:56:19.925933,KMI,28.05,41.94,0.04,0.15,26.91,4.64,ADX ≥ 20.0;MACD 🚀;SuperTracker ↑;BB breakout;RSI 📈;Price > SMA20
2025-08-01T04:56:23.108621,LH,259.98,36.33,0.48,0.19,43.35,20.01,ADX ≥ 20.0;MACD 🚀;SuperTracker ↑
2025-08-01T04:56:24.305210,LW,57.05,21.01,0.16,0.28,29.30,14.88,ADX ≥ 20.0;MACD 🚀;SuperTracker ↑;BB breakout;Price > SMA20
2025-08-01T04:56:33.200198,MAR,263.83,28.76,0.53,0.20,43.73,30.73,ADX ≥ 20.0;MACD 🚀;SuperTracker ↑
2025-08-01T04:56:34.307297,MLM,575.16,21.19,1.06,0.18,18.88,11.25,ADX ≥ 20.0;MACD 🚀;SuperTracker ↑;BB breakout;RSI 📈;Price > SMA20
2025-08-01T04:56:41.516458,MU,109.14,32.26,0.36,0.33,11.18,-1.06,ADX ≥ 20.0;MACD 🚀;SuperTracker ↑;BB breakout;RSI 📈;Price > SMA20
2025-08-01T04:56:45.801233,MNST,58.75,72.54,0.22,0.38,57.13,49.44,ADX ≥ 20.0;MACD 🚀;SuperTracker ↑
2025-08-01T04:56:51.681101,NEE,71.06,27.78,0.15,0.20,26.68,13.83,ADX ≥ 20.0;MACD 🚀;SuperTracker ↑;BB breakout;RSI 📈;Price > SMA20
2025-08-01T04:56:52.316305,NKE,74.69,47.41,0.18,0.24,15.80,6.43,ADX ≥ 20.0;MACD 🚀;SuperTracker ↑;Price > SMA20
2025-08-01T04:56:54.690086,NOC,576.59,37.98,0.57,0.10,23.77,7.45,ADX ≥ 20.0;MACD 🚀;SuperTracker ↑;RSI 📈;Price > SMA20
2025-08-01T04:56:55.296868,NCLH,25.55,28.63,0.10,0.40,15.82,7.12,ADX ≥ 20.0;MACD 🚀;SuperTracker ↑;BB breakout;Price > SMA20
2025-08-01T04:56:56.889333,NVDA,177.87,20.36,0.53,0.30,7.91,-2.30,ADX ≥ 20.0;MACD 🚀;SuperTracker ↑;Price > SMA20
2025-08-01T04:56:59.634495,ODFL,149.25,27.91,0.52,0.35,38.87,26.73,ADX ≥ 20.0;MACD 🚀;SuperTracker ↑;BB breakout;RSI 📈;Price > SMA20
2025-08-01T04:57:02.809496,PCAR,98.76,25.18,0.20,0.20,24.73,14.52,ADX ≥ 20.0;MACD 🚀;SuperTracker ↑
2025-08-01T04:57:06.904951,PYPL,68.76,23.24,0.14,0.20,33.08,19.18,ADX ≥ 20.0;MACD 🚀;SuperTracker ↑
2025-08-01T04:57:08.664321,PFE,23.29,59.71,0.06,0.24,19.49,-2.34,ADX ≥ 20.0;MACD 🚀;SuperTracker ↑
2025-08-01T04:57:10.918838,PNW,90.68,23.32,0.14,0.16,36.84,21.44,ADX ≥ 20.0;MACD 🚀;SuperTracker ↑;BB breakout;RSI 📈;Price > SMA20
2025-08-01T04:57:15.032134,PLD,106.78,22.33,0.23,0.22,10.13,0.34,ADX ≥ 20.0;MACD 🚀;SuperTracker ↑
2025-08-01T04:57:16.613981,PTC,214.81,40.05,0.64,0.30,19.32,10.33,ADX ≥ 20.0;MACD 🚀;SuperTracker ↑
2025-08-01T04:57:18.265910,PWR,406.39,20.58,0.85,0.21,10.26,-6.03,ADX ≥ 20.0;MACD 🚀;SuperTracker ↑;BB breakout;RSI 📈;Price > SMA20
2025-08-01T04:57:21.440895,O,56.16,50.76,0.08,0.15,25.68,13.84,ADX ≥ 20.0;MACD 🚀;SuperTracker ↑
2025-08-01T04:57:22.165957,REG,71.40,31.66,0.13,0.18,15.61,13.66,ADX ≥ 20.0;MACD 🚀;SuperTracker ↑
2025-08-01T04:57:22.760553,REGN,545.46,52.15,1.36,0.25,5.72,-4.52,ADX ≥ 20.0;MACD 🚀;SuperTracker ↑;BB breakout
2025-08-01T04:57:29.819446,STX,157.01,39.60,0.50,0.32,8.88,3.99,ADX ≥ 20.0;MACD 🚀;SuperTracker ↑;RSI 📈;Price > SMA20
2025-08-01T04:57:32.027104,SPG,163.82,22.21,0.29,0.18,4.88,-4.48,ADX ≥ 20.0;MACD 🚀;SuperTracker ↑
2025-08-01T04:57:33.265056,SJM,107.29,44.45,0.23,0.21,20.20,14.72,ADX ≥ 20.0;MACD 🚀;SuperTracker ↑;BB breakout
2025-08-01T04:57:35.528026,SO,94.44,33.57,0.23,0.25,15.96,2.18,ADX ≥ 20.0;MACD 🚀;SuperTracker ↑;BB breakout;RSI 📈;Price > SMA20
2025-08-01T04:57:43.831521,TRGP,166.37,27.31,0.30,0.18,5.56,-1.78,ADX ≥ 20.0;MACD 🚀;SuperTracker ↑
2025-08-01T04:57:50.031707,TSCO,56.95,52.86,0.12,0.20,5.02,-2.29,ADX ≥ 20.0;MACD 🚀;SuperTracker ↑
2025-08-01T04:57:53.106643,TYL,584.48,67.76,1.94,0.33,10.30,-0.66,ADX ≥ 20.0;MACD 🚀;SuperTracker ↑;RSI 📈;Price > SMA20
2025-08-01T04:57:55.115767,UDR,39.28,38.02,0.10,0.26,6.02,-5.11,ADX ≥ 20.0;MACD 🚀;SuperTracker ↑;BB breakout;RSI 📈;Price > SMA20
2025-08-01T04:57:58.079762,UNH,249.58,44.55,0.85,0.34,24.25,11.74,ADX ≥ 20.0;MACD 🚀;SuperTracker ↑
2025-08-01T04:58:01.482249,VRSK,278.71,33.01,0.60,0.22,29.47,21.09,ADX ≥ 20.0;MACD 🚀;SuperTracker ↑;RSI 📈;Price > SMA20
2025-08-01T04:58:03.198043,VTRS,8.74,56.07,0.02,0.26,12.06,3.96,ADX ≥ 20.0;MACD 🚀;SuperTracker ↑
2025-08-01T04:58:08.398229,DIS,119.10,21.88,0.17,0.14,29.62,13.26,ADX ≥ 20.0;MACD 🚀;SuperTracker ↑
2025-08-01T04:58:10.546510,WEC,109.10,21.76,0.17,0.16,23.13,8.01,ADX ≥ 20.0;MACD 🚀;SuperTracker ↑;BB breakout;RSI 📈;Price > SMA20
2025-08-01T04:58:12.206900,WST,239.02,69.80,0.63,0.26,27.59,10.49,ADX ≥ 20.0;MACD 🚀;SuperTracker ↑
2025-08-01T04:58:16.106455,WYNN,109.03,29.86,0.22,0.21,21.86,16.41,ADX ≥ 20.0;MACD 🚀;SuperTracker ↑
2025-08-01T04:58:17.137107,XYL,144.67,39.92,0.40,0.28,22.76,17.06,ADX ≥ 20.0;MACD 🚀;SuperTracker ↑;RSI 📈;Price > SMA20
2025-08-01T04:58:31.772395,ARE,76.39,35.51,0.18,0.23,4.65,-2.57,ADX ≥ 20.0;MACD 🚀;SuperTracker ↑
2025-08-01T04:58:34.453767,GOOGL,191.90,25.60,0.38,0.20,41.73,15.78,ADX ≥ 20.0;MACD 🚀;SuperTracker ↑;Price > SMA20
2025-08-01T04:58:35.222292,GOOG,192.86,29.70,0.36,0.19,36.63,12.99,ADX ≥ 20.0;MACD 🚀;SuperTracker ↑
2025-08-01T04:58:40.011270,AWK,140.24,23.27,0.36,0.26,32.48,29.81,ADX ≥ 20.0;MACD 🚀;SuperTracker ↑;Price > SMA20
2025-08-01T04:58:42.837837,ADI,224.63,20.36,0.49,0.22,11.64,0.06,ADX ≥ 20.0;MACD 🚀;SuperTracker ↑;Price > SMA20
2025-08-01T04:58:45.857892,AMAT,180.06,20.28,0.52,0.29,11.32,-2.00,ADX ≥ 20.0;MACD 🚀;SuperTracker ↑;BB breakout;RSI 📈;Price > SMA20
2025-08-01T04:58:50.039452,ATO,155.89,22.45,0.23,0.15,48.03,23.61,ADX ≥ 20.0;MACD 🚀;SuperTracker ↑;Price > SMA20
2025-08-01T04:59:00.240887,BKNG,5504.06,20.63,9.50,0.17,38.30,12.72,ADX ≥ 20.0;MACD 🚀;SuperTracker ↑;ATR14 ≥ 2.0
2025-08-01T04:59:06.610185,CPT,109.15,49.92,0.25,0.23,14.59,8.46,ADX ≥ 20.0;MACD 🚀;SuperTracker ↑;BB breakout
2025-08-01T04:59:08.287162,CAH,155.03,33.73,0.37,0.24,15.79,2.69,ADX ≥ 20.0;MACD 🚀;SuperTracker ↑
2025-08-01T04:59:17.432508,CHD,93.73,63.47,0.25,0.27,72.50,57.05,ADX ≥ 20.0;MACD 🚀;SuperTracker ↑
2025-08-01T04:59:21.211706,CLX,125.33,21.58,0.30,0.24,42.04,28.44,ADX ≥ 20.0;MACD 🚀;SuperTracker ↑
2025-08-01T04:59:24.760008,CAG,18.26,44.10,0.04,0.24,24.23,14.63,ADX ≥ 20.0;MACD 🚀;SuperTracker ↑
2025-08-01T04:59:26.387070,STZ,166.94,56.40,0.35,0.21,35.09,19.27,ADX ≥ 20.0;MACD 🚀;SuperTracker ↑
2025-08-01T04:59:26.976995,CEG,347.84,25.40,0.74,0.21,17.62,-0.78,ADX ≥ 20.0;MACD 🚀;SuperTracker ↑;BB breakout;Price > SMA20
2025-08-01T04:59:29.893764,CSGP,95.19,34.70,0.17,0.18,3.41,-1.35,ADX ≥ 20.0;MACD 🚀;SuperTracker ↑;BB breakout
2025-08-01T04:59:41.498243,DPZ,463.21,33.96,0.95,0.20,6.73,3.29,ADX ≥ 20.0;MACD 🚀;SuperTracker ↑
2025-08-01T04:59:46.132295,EBAY,91.75,23.62,0.32,0.35,22.52,11.78,ADX ≥ 20.0;MACD 🚀;SuperTracker ↑
2025-08-01T04:59:47.341097,EIX,52.12,30.26,0.13,0.24,27.12,13.53,ADX ≥ 20.0;MACD 🚀;SuperTracker ↑;RSI 📈;Price > SMA20
2025-08-01T04:59:49.497364,EMR,145.51,28.59,0.26,0.18,34.94,15.54,ADX ≥ 20.0;MACD 🚀;SuperTracker ↑
2025-08-01T04:59:50.803878,ETR,90.43,25.29,0.18,0.20,50.55,25.04,ADX ≥ 20.0;MACD 🚀;SuperTracker ↑;Price > SMA20
2025-08-01T04:59:52.489390,EQT,53.75,20.66,0.13,0.25,3.71,-2.34,ADX ≥ 20.0;MACD 🚀;SuperTracker ↑;Price > SMA20
2025-08-01T04:59:54.051429,EQR,63.18,52.70,0.14,0.22,25.68,8.35,ADX ≥ 20.0;MACD 🚀;SuperTracker ↑
2025-08-01T04:59:55.193660,ESS,260.10,56.73,0.62,0.24,40.53,20.33,ADX ≥ 20.0;MACD 🚀;SuperTracker ↑
2025-08-01T04:59:57.244464,ES,66.13,35.57,0.12,0.18,31.06,15.79,ADX ≥ 20.0;MACD 🚀;SuperTracker ↑;BB breakout;Price > SMA20
2025-08-01T04:59:57.996959,EXE,104.78,49.50,0.21,0.20,12.89,4.90,ADX ≥ 20.0;MACD 🚀;SuperTracker ↑;BB breakout;RSI 📈;Price > SMA20
2025-08-01T05:00:02.279638,FRT,92.14,23.85,0.17,0.18,22.04,5.97,ADX ≥ 20.0;MACD 🚀;SuperTracker ↑;BB breakout;RSI 📈;Price > SMA20
2025-08-01T05:00:05.006953,FE,42.70,25.24,0.09,0.21,32.60,11.48,ADX ≥ 20.0;MACD 🚀;SuperTracker ↑;BB breakout;Price > SMA20
2025-08-01T05:00:06.181587,F,11.08,37.11,0.03,0.25,13.51,8.29,ADX ≥ 20.0;MACD 🚀;SuperTracker ↑;BB breakout;RSI 📈;Price > SMA20
2025-08-01T05:00:11.489141,GEHC,71.32,31.53,0.16,0.23,11.36,1.62,ADX ≥ 20.0;MACD 🚀;SuperTracker ↑
2025-08-01T05:00:12.291325,GEV,660.39,20.67,1.80,0.27,13.01,3.80,ADX ≥ 20.0;MACD 🚀;SuperTracker ↑
2025-08-01T05:00:14.137308,GD,311.64,28.35,0.37,0.12,33.31,15.46,ADX ≥ 20.0;MACD 🚀;SuperTracker ↑;BB breakout;Price > SMA20
2025-08-01T05:00:14.893158,GIS,48.99,40.43,0.08,0.16,18.98,7.33,ADX ≥ 20.0;MACD 🚀;SuperTracker ↑
2025-08-01T05:00:16.059680,GPC,128.90,23.96,0.24,0.18,21.43,13.32,ADX ≥ 20.0;MACD 🚀;SuperTracker ↑
2025-08-01T05:00:16.638192,GILD,112.29,41.95,0.30,0.26,6.92,-8.11,ADX ≥ 20.0;MACD 🚀;SuperTracker ↑
2025-08-01T05:00:25.626947,HRL,28.07,31.37,0.06,0.20,32.79,24.51,ADX ≥ 20.0;MACD 🚀;SuperTracker ↑
2025-08-01T05:00:28.273437,HUM,249.62,23.66,0.97,0.39,6.25,0.79,ADX ≥ 20.0;MACD 🚀;SuperTracker ↑
2025-08-01T05:00:32.238936,INCY,74.89,58.29,0.22,0.30,10.66,7.93,ADX ≥ 20.0;MACD 🚀;SuperTracker ↑;BB breakout;Price > SMA20
2025-08-01T05:00:36.400491,IPG,24.61,39.87,0.06,0.26,9.43,8.86,ADX ≥ 20.0;MACD 🚀;SuperTracker ↑;BB breakout
2025-08-01T05:00:39.320469,IQV,185.89,30.18,0.51,0.28,14.65,5.93,ADX ≥ 20.0;MACD 🚀;SuperTracker ↑
2025-08-01T05:00:42.227549,J,141.88,26.31,0.24,0.17,28.00,17.47,ADX ≥ 20.0;MACD 🚀;SuperTracker ↑
2025-08-01T05:00:44.459760,JNPR,0.00,49.78,0.01,inf,28.22,20.59,ADX ≥ 20.0;MACD 🚀;SuperTracker ↑;ATR % ≥ 0.5%
2025-08-01T05:00:48.185842,KIM,21.23,54.92,0.05,0.24,16.97,5.23,ADX ≥ 20.0;MACD 🚀;SuperTracker ↑
2025-08-01T05:00:48.929535,KMI,28.05,41.94,0.04,0.15,26.91,4.64,ADX ≥ 20.0;MACD 🚀;SuperTracker ↑;BB breakout;RSI 📈;Price > SMA20
2025-08-01T05:00:52.340146,LH,259.98,36.33,0.48,0.19,43.35,20.01,ADX ≥ 20.0;MACD 🚀;SuperTracker ↑
2025-08-01T05:00:53.747354,LW,57.05,21.01,0.16,0.28,29.30,14.88,ADX ≥ 20.0;MACD 🚀;SuperTracker ↑;BB breakout;Price > SMA20
2025-08-01T05:01:03.705089,MAR,263.83,28.76,0.53,0.20,43.73,30.73,ADX ≥ 20.0;MACD 🚀;SuperTracker ↑
2025-08-01T05:01:05.218000,MLM,575.16,21.19,1.06,0.18,18.88,11.25,ADX ≥ 20.0;MACD 🚀;SuperTracker ↑;BB breakout;RSI 📈;Price > SMA20
2025-08-01T05:01:13.419004,MU,109.14,32.26,0.36,0.33,11.18,-1.06,ADX ≥ 20.0;MACD 🚀;SuperTracker ↑;BB breakout;RSI 📈;Price > SMA20
2025-08-01T05:01:18.798579,MNST,58.75,72.54,0.22,0.38,57.13,49.44,ADX ≥ 20.0;MACD 🚀;SuperTracker ↑
2025-08-01T05:01:25.827726,NEE,71.06,27.78,0.15,0.20,26.68,13.83,ADX ≥ 20.0;MACD 🚀;SuperTracker ↑;BB breakout;RSI 📈;Price > SMA20
2025-08-01T05:01:26.614406,NKE,74.69,47.41,0.18,0.24,15.80,6.43,ADX ≥ 20.0;MACD 🚀;SuperTracker ↑;Price > SMA20
2025-08-01T05:01:29.633678,NOC,576.59,37.98,0.57,0.10,23.77,7.45,ADX ≥ 20.0;MACD 🚀;SuperTracker ↑;RSI 📈;Price > SMA20
2025-08-01T05:01:30.438306,NCLH,25.55,28.63,0.10,0.40,15.82,7.12,ADX ≥ 20.0;MACD 🚀;SuperTracker ↑;BB breakout;Price > SMA20
2025-08-01T05:01:32.501378,NVDA,177.87,20.36,0.53,0.30,7.91,-2.30,ADX ≥ 20.0;MACD 🚀;SuperTracker ↑;Price > SMA20
2025-08-01T05:01:35.537785,ODFL,149.25,27.91,0.52,0.35,38.87,26.73,ADX ≥ 20.0;MACD 🚀;SuperTracker ↑;BB breakout;RSI 📈;Price > SMA20
2025-08-01T05:01:39.296689,PCAR,98.76,25.18,0.20,0.20,24.73,14.52,ADX ≥ 20.0;MACD 🚀;SuperTracker ↑
2025-08-01T05:34:52.105313,AES,13.14,23.07,0.04,0.33,4.98,-6.03,ADX ≥ 20.0;MACD 🚀;SuperTracker ↑;BB breakout;RSI 📈;Price > SMA20
2025-08-01T05:34:56.181935,ARE,76.39,35.51,0.18,0.23,4.65,-2.57,ADX ≥ 20.0;MACD 🚀;SuperTracker ↑
2025-08-01T05:34:59.082969,GOOGL,191.90,25.60,0.38,0.20,41.73,15.78,ADX ≥ 20.0;MACD 🚀;SuperTracker ↑;Price > SMA20
2025-08-01T05:34:59.796243,GOOG,192.86,29.70,0.36,0.19,36.63,12.99,ADX ≥ 20.0;MACD 🚀;SuperTracker ↑
2025-08-01T05:35:05.045713,AWK,140.24,23.27,0.36,0.26,32.48,29.81,ADX ≥ 20.0;MACD 🚀;SuperTracker ↑;Price > SMA20
2025-08-01T05:35:07.875679,ADI,224.63,20.36,0.49,0.22,11.64,0.06,ADX ≥ 20.0;MACD 🚀;SuperTracker ↑;Price > SMA20
2025-08-01T05:35:11.203356,AMAT,180.06,20.28,0.52,0.29,11.32,-2.00,ADX ≥ 20.0;MACD 🚀;SuperTracker ↑;BB breakout;RSI 📈;Price > SMA20
2025-08-01T05:35:15.327374,ATO,155.89,22.45,0.23,0.15,48.03,23.61,ADX ≥ 20.0;MACD 🚀;SuperTracker ↑;Price > SMA20
2025-08-01T05:35:25.319069,BKNG,5504.06,20.63,9.50,0.17,38.30,12.72,ADX ≥ 20.0;MACD 🚀;SuperTracker ↑;ATR14 ≥ 2.0
2025-08-01T05:35:28.968343,BLDR,127.32,48.16,0.55,0.43,6.91,-2.50,ADX ≥ 20.0;MACD 🚀;SuperTracker ↑;BB breakout;RSI 📈;Price > SMA20
2025-08-01T05:35:32.232229,CPT,109.15,49.92,0.25,0.23,14.59,8.46,ADX ≥ 20.0;MACD 🚀;SuperTracker ↑;BB breakout
2025-08-01T05:35:33.853384,CAH,155.03,33.73,0.37,0.24,15.79,2.69,ADX ≥ 20.0;MACD 🚀;SuperTracker ↑
2025-08-01T05:35:43.252310,CHD,93.73,63.47,0.25,0.27,72.50,57.05,ADX ≥ 20.0;MACD 🚀;SuperTracker ↑
2025-08-01T05:35:46.759105,CLX,125.33,21.58,0.30,0.24,42.04,28.44,ADX ≥ 20.0;MACD 🚀;SuperTracker ↑
2025-08-01T05:35:48.033025,CMS,73.82,31.82,0.13,0.17,39.82,12.61,ADX ≥ 20.0;MACD 🚀;SuperTracker ↑;BB breakout;RSI 📈;Price > SMA20
2025-08-01T05:35:51.650848,CAG,18.26,44.10,0.04,0.24,24.23,14.63,ADX ≥ 20.0;MACD 🚀;SuperTracker ↑
2025-08-01T05:35:53.540717,STZ,166.94,56.40,0.35,0.21,35.09,19.27,ADX ≥ 20.0;MACD 🚀;SuperTracker ↑
2025-08-01T05:35:54.264269,CEG,347.84,25.40,0.74,0.21,17.62,-0.78,ADX ≥ 20.0;MACD 🚀;SuperTracker ↑;BB breakout;Price > SMA20
2025-08-01T05:35:57.522764,CSGP,95.19,34.70,0.17,0.18,3.41,-1.35,ADX ≥ 20.0;MACD 🚀;SuperTracker ↑;BB breakout
2025-08-01T05:36:10.863232,DPZ,463.21,33.96,0.95,0.20,6.73,3.29,ADX ≥ 20.0;MACD 🚀;SuperTracker ↑
2025-08-01T05:36:13.917004,DTE,138.39,22.05,0.22,0.16,40.00,18.27,ADX ≥ 20.0;MACD 🚀;SuperTracker ↑;BB breakout;RSI 📈;Price > SMA20
2025-08-01T05:36:17.016707,EBAY,91.75,23.62,0.32,0.35,22.52,11.78,ADX ≥ 20.0;MACD 🚀;SuperTracker ↑
2025-08-01T05:36:18.386030,EIX,52.12,30.26,0.13,0.24,27.12,13.53,ADX ≥ 20.0;MACD 🚀;SuperTracker ↑;RSI 📈;Price > SMA20
2025-08-01T05:36:20.866672,EMR,145.51,28.59,0.26,0.18,34.94,15.54,ADX ≥ 20.0;MACD 🚀;SuperTracker ↑
2025-08-01T05:36:22.309215,ETR,90.43,25.29,0.18,0.20,50.55,25.04,ADX ≥ 20.0;MACD 🚀;SuperTracker ↑;Price > SMA20
2025-08-01T05:36:24.237208,EQT,53.75,20.66,0.13,0.25,3.71,-2.34,ADX ≥ 20.0;MACD 🚀;SuperTracker ↑;Price > SMA20
2025-08-01T05:36:26.343844,EQR,63.18,52.70,0.14,0.22,25.68,8.35,ADX ≥ 20.0;MACD 🚀;SuperTracker ↑
2025-08-01T05:36:27.834050,ESS,260.10,56.73,0.62,0.24,40.53,20.33,ADX ≥ 20.0;MACD 🚀;SuperTracker ↑
2025-08-01T05:36:30.169729,ES,66.13,35.57,0.12,0.18,31.06,15.79,ADX ≥ 20.0;MACD 🚀;SuperTracker ↑;BB breakout;Price > SMA20
2025-08-01T05:36:30.874283,EXC,44.94,28.85,0.09,0.19,29.17,8.35,ADX ≥ 20.0;MACD 🚀;SuperTracker ↑;BB breakout;RSI 📈;Price > SMA20
2025-08-01T05:36:31.649979,EXE,104.78,49.50,0.21,0.20,12.89,4.90,ADX ≥ 20.0;MACD 🚀;SuperTracker ↑;BB breakout;RSI 📈;Price > SMA20
2025-08-01T05:36:36.835470,FRT,92.14,23.85,0.17,0.18,22.04,5.97,ADX ≥ 20.0;MACD 🚀;SuperTracker ↑;BB breakout;RSI 📈;Price > SMA20
2025-08-01T05:36:39.664155,FE,42.70,25.24,0.09,0.21,32.60,11.48,ADX ≥ 20.0;MACD 🚀;SuperTracker ↑;BB breakout;Price > SMA20
2025-08-01T05:36:40.952995,F,11.08,37.11,0.03,0.25,13.51,8.29,ADX ≥ 20.0;MACD 🚀;SuperTracker ↑;BB breakout;RSI 📈;Price > SMA20
2025-08-01T05:36:46.509390,GEHC,71.32,31.53,0.16,0.23,11.36,1.62,ADX ≥ 20.0;MACD 🚀;SuperTracker ↑
2025-08-01T05:36:47.320167,GEV,660.39,20.67,1.80,0.27,13.01,3.80,ADX ≥ 20.0;MACD 🚀;SuperTracker ↑
2025-08-01T05:36:49.061986,GD,311.64,28.35,0.37,0.12,33.31,15.46,ADX ≥ 20.0;MACD 🚀;SuperTracker ↑;BB breakout;Price > SMA20
2025-08-01T05:36:49.757822,GIS,48.99,40.43,0.08,0.16,18.98,7.33,ADX ≥ 20.0;MACD 🚀;SuperTracker ↑
2025-08-01T05:36:51.002577,GPC,128.90,23.96,0.24,0.18,21.43,13.32,ADX ≥ 20.0;MACD 🚀;SuperTracker ↑
2025-08-01T05:36:51.787914,GILD,112.29,41.95,0.30,0.26,6.92,-8.11,ADX ≥ 20.0;MACD 🚀;SuperTracker ↑
2025-08-01T05:37:00.456371,HRL,28.07,31.37,0.06,0.20,32.79,24.51,ADX ≥ 20.0;MACD 🚀;SuperTracker ↑
2025-08-01T05:37:03.229754,HUM,249.62,23.66,0.97,0.39,6.25,0.79,ADX ≥ 20.0;MACD 🚀;SuperTracker ↑
2025-08-01T05:37:06.798553,INCY,74.89,58.29,0.22,0.30,10.66,7.93,ADX ≥ 20.0;MACD 🚀;SuperTracker ↑;BB breakout;Price > SMA20
2025-08-01T05:37:10.454746,IPG,24.61,39.87,0.06,0.26,9.43,8.86,ADX ≥ 20.0;MACD 🚀;SuperTracker ↑;BB breakout
2025-08-01T05:37:13.105573,IQV,185.89,30.18,0.51,0.28,14.65,5.93,ADX ≥ 20.0;MACD 🚀;SuperTracker ↑
2025-08-01T05:37:16.008798,J,141.88,26.31,0.24,0.17,28.00,17.47,ADX ≥ 20.0;MACD 🚀;SuperTracker ↑
2025-08-01T05:37:18.054566,JNPR,0.00,49.78,0.01,inf,28.22,20.59,ADX ≥ 20.0;MACD 🚀;SuperTracker ↑;ATR % ≥ 0.5%
2025-08-01T05:37:21.606198,KIM,21.23,54.92,0.05,0.24,16.97,5.23,ADX ≥ 20.0;MACD 🚀;SuperTracker ↑
2025-08-01T05:37:22.210622,KMI,28.05,41.94,0.04,0.15,26.91,4.64,ADX ≥ 20.0;MACD 🚀;SuperTracker ↑;BB breakout;RSI 📈;Price > SMA20
2025-08-01T05:37:25.307213,LH,259.98,36.33,0.48,0.19,43.35,20.01,ADX ≥ 20.0;MACD 🚀;SuperTracker ↑
2025-08-01T05:37:26.540854,LW,57.05,21.01,0.16,0.28,29.30,14.88,ADX ≥ 20.0;MACD 🚀;SuperTracker ↑;BB breakout;Price > SMA20
2025-08-01T05:37:34.991641,MAR,263.83,28.76,0.53,0.20,43.73,30.73,ADX ≥ 20.0;MACD 🚀;SuperTracker ↑
2025-08-01T05:37:36.084314,MLM,575.16,21.19,1.06,0.18,18.88,11.25,ADX ≥ 20.0;MACD 🚀;SuperTracker ↑;BB breakout;RSI 📈;Price > SMA20
2025-08-01T05:37:43.404013,MU,109.14,32.26,0.36,0.33,11.18,-1.06,ADX ≥ 20.0;MACD 🚀;SuperTracker ↑;BB breakout;RSI 📈;Price > SMA20
2025-08-01T05:37:48.482890,MNST,58.75,72.54,0.22,0.38,57.13,49.44,ADX ≥ 20.0;MACD 🚀;SuperTracker ↑
2025-08-01T05:37:55.129829,NEE,71.06,27.78,0.15,0.20,26.68,13.83,ADX ≥ 20.0;MACD 🚀;SuperTracker ↑;BB breakout;RSI 📈;Price > SMA20
2025-08-01T05:37:55.912241,NKE,74.69,47.41,0.18,0.24,15.80,6.43,ADX ≥ 20.0;MACD 🚀;SuperTracker ↑;Price > SMA20
2025-08-01T05:37:58.810865,NOC,576.59,37.98,0.57,0.10,23.77,7.45,ADX ≥ 20.0;MACD 🚀;SuperTracker ↑;RSI 📈;Price > SMA20
2025-08-01T05:37:59.615412,NCLH,25.55,28.63,0.10,0.40,15.82,7.12,ADX ≥ 20.0;MACD 🚀;SuperTracker ↑;BB breakout;Price > SMA20
2025-08-01T05:38:01.932142,NVDA,177.87,20.36,0.53,0.30,7.91,-2.30,ADX ≥ 20.0;MACD 🚀;SuperTracker ↑;Price > SMA20
2025-08-01T05:38:05.024677,ODFL,149.25,27.91,0.52,0.35,38.87,26.73,ADX ≥ 20.0;MACD 🚀;SuperTracker ↑;BB breakout;RSI 📈;Price > SMA20
2025-08-01T05:38:08.839646,PCAR,98.76,25.18,0.20,0.20,24.73,14.52,ADX ≥ 20.0;MACD 🚀;SuperTracker ↑
2025-08-01T05:38:13.820380,PYPL,68.76,23.24,0.14,0.20,33.08,19.18,ADX ≥ 20.0;MACD 🚀;SuperTracker ↑
2025-08-01T05:38:15.716635,PFE,23.29,59.71,0.06,0.24,19.49,-2.34,ADX ≥ 20.0;MACD 🚀;SuperTracker ↑
2025-08-01T05:38:18.223745,PNW,90.68,23.32,0.14,0.16,36.84,21.44,ADX ≥ 20.0;MACD 🚀;SuperTracker ↑;BB breakout;RSI 📈;Price > SMA20
2025-08-01T05:38:22.665836,PLD,106.78,22.33,0.23,0.22,10.13,0.34,ADX ≥ 20.0;MACD 🚀;SuperTracker ↑
2025-08-01T05:38:24.673123,PTC,214.81,40.05,0.64,0.30,19.32,10.33,ADX ≥ 20.0;MACD 🚀;SuperTracker ↑
2025-08-01T05:38:26.660360,PWR,406.39,20.58,0.85,0.21,10.26,-6.03,ADX ≥ 20.0;MACD 🚀;SuperTracker ↑;BB breakout;RSI 📈;Price > SMA20
2025-08-01T05:38:30.343648,O,56.16,50.76,0.08,0.15,25.68,13.84,ADX ≥ 20.0;MACD 🚀;SuperTracker ↑
2025-08-01T05:38:31.221209,REG,71.40,31.66,0.13,0.18,15.61,13.66,ADX ≥ 20.0;MACD 🚀;SuperTracker ↑
2025-08-01T05:38:31.991839,REGN,545.46,52.15,1.36,0.25,5.72,-4.52,ADX ≥ 20.0;MACD 🚀;SuperTracker ↑;BB breakout
2025-08-01T05:38:40.098363,STX,157.01,39.60,0.50,0.32,8.88,3.99,ADX ≥ 20.0;MACD 🚀;SuperTracker ↑;RSI 📈;Price > SMA20
2025-08-01T05:38:42.614937,SPG,163.82,22.21,0.29,0.18,4.88,-4.48,ADX ≥ 20.0;MACD 🚀;SuperTracker ↑
2025-08-01T05:38:44.083448,SJM,107.29,44.45,0.23,0.21,20.20,14.72,ADX ≥ 20.0;MACD 🚀;SuperTracker ↑;BB breakout
2025-08-01T05:38:46.580211,SO,94.44,33.57,0.23,0.25,15.96,2.18,ADX ≥ 20.0;MACD 🚀;SuperTracker ↑;BB breakout;RSI 📈;Price > SMA20
2025-08-01T05:38:55.833657,TRGP,166.37,27.31,0.30,0.18,5.56,-1.78,ADX ≥ 20.0;MACD 🚀;SuperTracker ↑
2025-08-01T05:39:02.771316,TSCO,56.95,52.86,0.12,0.20,5.02,-2.29,ADX ≥ 20.0;MACD 🚀;SuperTracker ↑
2025-08-01T05:39:06.357039,TYL,584.48,67.76,1.94,0.33,10.30,-0.66,ADX ≥ 20.0;MACD 🚀;SuperTracker ↑;RSI 📈;Price > SMA20
2025-08-01T05:39:08.884299,UDR,39.28,38.02,0.10,0.26,6.02,-5.11,ADX ≥ 20.0;MACD 🚀;SuperTracker ↑;BB breakout;RSI 📈;Price > SMA20
2025-08-01T05:39:12.520208,UNH,249.58,44.55,0.85,0.34,24.25,11.74,ADX ≥ 20.0;MACD 🚀;SuperTracker ↑
2025-08-01T05:39:16.069641,VRSK,278.71,33.01,0.60,0.22,29.47,21.09,ADX ≥ 20.0;MACD 🚀;SuperTracker ↑;RSI 📈;Price > SMA20
2025-08-01T05:39:17.943734,VTRS,8.74,56.07,0.02,0.26,12.06,3.96,ADX ≥ 20.0;MACD 🚀;SuperTracker ↑
2025-08-01T05:39:23.804744,DIS,119.10,21.88,0.17,0.14,29.62,13.26,ADX ≥ 20.0;MACD 🚀;SuperTracker ↑
2025-08-01T05:39:26.171800,WEC,109.10,21.76,0.17,0.16,23.13,8.01,ADX ≥ 20.0;MACD 🚀;SuperTracker ↑;BB breakout;RSI 📈;Price > SMA20
2025-08-01T05:39:28.118123,WST,239.02,69.80,0.63,0.26,27.59,10.49,ADX ≥ 20.0;MACD 🚀;SuperTracker ↑
2025-08-01T05:39:32.330092,WYNN,109.03,29.86,0.22,0.21,21.86,16.41,ADX ≥ 20.0;MACD 🚀;SuperTracker ↑
2025-08-01T05:39:33.619240,XYL,144.67,39.92,0.40,0.28,22.76,17.06,ADX ≥ 20.0;MACD 🚀;SuperTracker ↑;RSI 📈;Price > SMA20
2025-08-01T05:39:48.661450,ARE,76.39,35.51,0.18,0.23,4.65,-2.57,ADX ≥ 20.0;MACD 🚀;SuperTracker ↑
2025-08-01T05:39:51.659735,GOOGL,191.90,25.60,0.38,0.20,41.73,15.78,ADX ≥ 20.0;MACD 🚀;SuperTracker ↑;Price > SMA20
2025-08-01T05:39:52.501322,GOOG,192.86,29.70,0.36,0.19,36.63,12.99,ADX ≥ 20.0;MACD 🚀;SuperTracker ↑
2025-08-01T05:39:57.943600,AWK,140.24,23.27,0.36,0.26,32.48,29.81,ADX ≥ 20.0;MACD 🚀;SuperTracker ↑;Price > SMA20
2025-08-01T05:40:01.153823,ADI,224.63,20.36,0.49,0.22,11.64,0.06,ADX ≥ 20.0;MACD 🚀;SuperTracker ↑;Price > SMA20
2025-08-01T05:40:04.689295,AMAT,180.06,20.28,0.52,0.29,11.32,-2.00,ADX ≥ 20.0;MACD 🚀;SuperTracker ↑;BB breakout;RSI 📈;Price > SMA20
2025-08-01T05:40:09.354331,ATO,155.89,22.45,0.23,0.15,48.03,23.61,ADX ≥ 20.0;MACD 🚀;SuperTracker ↑;Price > SMA20
2025-08-01T05:40:20.240436,BKNG,5504.06,20.63,9.50,0.17,38.30,12.72,ADX ≥ 20.0;MACD 🚀;SuperTracker ↑;ATR14 ≥ 2.0
2025-08-01T05:40:24.479448,BLDR,127.32,48.16,0.55,0.43,6.91,-2.50,ADX ≥ 20.0;MACD 🚀;SuperTracker ↑;BB breakout;RSI 📈;Price > SMA20
2025-08-01T05:40:28.142197,CPT,109.15,49.92,0.25,0.23,14.59,8.46,ADX ≥ 20.0;MACD 🚀;SuperTracker ↑;BB breakout
2025-08-01T05:40:30.061751,CAH,155.03,33.73,0.37,0.24,15.79,2.69,ADX ≥ 20.0;MACD 🚀;SuperTracker ↑
2025-08-01T05:40:39.900471,CHD,93.73,63.47,0.25,0.27,72.50,57.05,ADX ≥ 20.0;MACD 🚀;SuperTracker ↑
2025-08-01T05:40:44.294562,CLX,125.33,21.58,0.30,0.24,42.04,28.44,ADX ≥ 20.0;MACD 🚀;SuperTracker ↑
2025-08-01T05:40:45.643813,CMS,73.82,31.82,0.13,0.17,39.82,12.61,ADX ≥ 20.0;MACD 🚀;SuperTracker ↑;BB breakout;RSI 📈;Price > SMA20
2025-08-01T05:40:49.396343,CAG,18.26,44.10,0.04,0.24,24.23,14.63,ADX ≥ 20.0;MACD 🚀;SuperTracker ↑
2025-08-01T05:40:51.191979,STZ,166.94,56.40,0.35,0.21,35.09,19.27,ADX ≥ 20.0;MACD 🚀;SuperTracker ↑
2025-08-01T05:40:51.906586,CEG,347.84,25.40,0.74,0.21,17.62,-0.78,ADX ≥ 20.0;MACD 🚀;SuperTracker ↑;BB breakout;Price > SMA20
2025-08-01T05:40:55.150678,CSGP,95.19,34.70,0.17,0.18,3.41,-1.35,ADX ≥ 20.0;MACD 🚀;SuperTracker ↑;BB breakout
2025-08-01T05:41:06.643526,DPZ,463.21,33.96,0.95,0.20,6.73,3.29,ADX ≥ 20.0;MACD 🚀;SuperTracker ↑
2025-08-01T05:41:09.359520,DTE,138.39,22.05,0.22,0.16,40.00,18.27,ADX ≥ 20.0;MACD 🚀;SuperTracker ↑;BB breakout;RSI 📈;Price > SMA20
2025-08-01T05:41:12.018470,EBAY,91.75,23.62,0.32,0.35,22.52,11.78,ADX ≥ 20.0;MACD 🚀;SuperTracker ↑
2025-08-01T05:41:13.258048,EIX,52.12,30.26,0.13,0.24,27.12,13.53,ADX ≥ 20.0;MACD 🚀;SuperTracker ↑;RSI 📈;Price > SMA20
2025-08-01T05:41:15.519844,EMR,145.51,28.59,0.26,0.18,34.94,15.54,ADX ≥ 20.0;MACD 🚀;SuperTracker ↑
2025-08-01T05:41:16.736774,ETR,90.43,25.29,0.18,0.20,50.55,25.04,ADX ≥ 20.0;MACD 🚀;SuperTracker ↑;Price > SMA20
2025-08-01T05:41:18.423492,EQT,53.75,20.66,0.13,0.25,3.71,-2.34,ADX ≥ 20.0;MACD 🚀;SuperTracker ↑;Price > SMA20
2025-08-01T05:41:20.010285,EQR,63.18,52.70,0.14,0.22,25.68,8.35,ADX ≥ 20.0;MACD 🚀;SuperTracker ↑
2025-08-01T05:41:21.184801,ESS,260.10,56.73,0.62,0.24,40.53,20.33,ADX ≥ 20.0;MACD 🚀;SuperTracker ↑
2025-08-01T05:41:23.305921,ES,66.13,35.57,0.12,0.18,31.06,15.79,ADX ≥ 20.0;MACD 🚀;SuperTracker ↑;BB breakout;Price > SMA20
2025-08-01T05:41:23.991262,EXC,44.94,28.85,0.09,0.19,29.17,8.35,ADX ≥ 20.0;MACD 🚀;SuperTracker ↑;BB breakout;RSI 📈;Price > SMA20
2025-08-01T05:41:24.698041,EXE,104.78,49.50,0.21,0.20,12.89,4.90,ADX ≥ 20.0;MACD 🚀;SuperTracker ↑;BB breakout;RSI 📈;Price > SMA20
2025-08-01T05:41:29.443806,FRT,92.14,23.85,0.17,0.18,22.04,5.97,ADX ≥ 20.0;MACD 🚀;SuperTracker ↑;BB breakout;RSI 📈;Price > SMA20
2025-08-01T05:41:32.094162,FE,42.70,25.24,0.09,0.21,32.60,11.48,ADX ≥ 20.0;MACD 🚀;SuperTracker ↑;BB breakout;Price > SMA20
2025-08-01T05:41:33.333558,F,11.08,37.11,0.03,0.25,13.51,8.29,ADX ≥ 20.0;MACD 🚀;SuperTracker ↑;BB breakout;RSI 📈;Price > SMA20
2025-08-01T05:41:38.639556,GEHC,71.32,31.53,0.16,0.23,11.36,1.62,ADX ≥ 20.0;MACD 🚀;SuperTracker ↑
2025-08-01T05:41:39.329370,GEV,660.39,20.67,1.80,0.27,13.01,3.80,ADX ≥ 20.0;MACD 🚀;SuperTracker ↑
2025-08-01T05:41:41.096838,GD,311.64,28.35,0.37,0.12,33.31,15.46,ADX ≥ 20.0;MACD 🚀;SuperTracker ↑;BB breakout;Price > SMA20
2025-08-01T05:41:41.803108,GIS,48.99,40.43,0.08,0.16,18.98,7.33,ADX ≥ 20.0;MACD 🚀;SuperTracker ↑
2025-08-01T05:41:42.982143,GPC,128.90,23.96,0.24,0.18,21.43,13.32,ADX ≥ 20.0;MACD 🚀;SuperTracker ↑
2025-08-01T05:41:43.694156,GILD,112.29,41.95,0.30,0.26,6.92,-8.11,ADX ≥ 20.0;MACD 🚀;SuperTracker ↑
2025-08-01T05:41:52.729705,HRL,28.07,31.37,0.06,0.20,32.79,24.51,ADX ≥ 20.0;MACD 🚀;SuperTracker ↑
2025-08-01T05:41:55.582011,HUM,249.62,23.66,0.97,0.39,6.25,0.79,ADX ≥ 20.0;MACD 🚀;SuperTracker ↑
2025-08-01T05:41:59.683088,INCY,74.89,58.29,0.22,0.30,10.66,7.93,ADX ≥ 20.0;MACD 🚀;SuperTracker ↑;BB breakout;Price > SMA20
2025-08-01T05:42:03.850187,IPG,24.61,39.87,0.06,0.26,9.43,8.86,ADX ≥ 20.0;MACD 🚀;SuperTracker ↑;BB breakout
2025-08-01T05:42:06.785320,IQV,185.89,30.18,0.51,0.28,14.65,5.93,ADX ≥ 20.0;MACD 🚀;SuperTracker ↑
2025-08-01T05:42:09.726348,J,141.88,26.31,0.24,0.17,28.00,17.47,ADX ≥ 20.0;MACD 🚀;SuperTracker ↑
2025-08-01T05:42:12.038542,JNPR,0.00,49.78,0.01,inf,28.22,20.59,ADX ≥ 20.0;MACD 🚀;SuperTracker ↑;ATR % ≥ 0.5%
2025-08-01T05:42:16.006583,KIM,21.23,54.92,0.05,0.24,16.97,5.23,ADX ≥ 20.0;MACD 🚀;SuperTracker ↑
2025-08-01T05:42:16.813878,KMI,28.05,41.94,0.04,0.15,26.91,4.64,ADX ≥ 20.0;MACD 🚀;SuperTracker ↑;BB breakout;RSI 📈;Price > SMA20
2025-08-01T05:42:20.731188,LH,259.98,36.33,0.48,0.19,43.35,20.01,ADX ≥ 20.0;MACD 🚀;SuperTracker ↑
2025-08-01T05:42:22.074907,LW,57.05,21.01,0.16,0.28,29.30,14.88,ADX ≥ 20.0;MACD 🚀;SuperTracker ↑;BB breakout;Price > SMA20
2025-08-01T05:42:31.569844,MAR,263.83,28.76,0.53,0.20,43.73,30.73,ADX ≥ 20.0;MACD 🚀;SuperTracker ↑
2025-08-01T05:42:32.883774,MLM,575.16,21.19,1.06,0.18,18.88,11.25,ADX ≥ 20.0;MACD 🚀;SuperTracker ↑;BB breakout;RSI 📈;Price > SMA20
2025-08-01T05:42:40.350134,MU,109.14,32.26,0.36,0.33,11.18,-1.06,ADX ≥ 20.0;MACD 🚀;SuperTracker ↑;BB breakout;RSI 📈;Price > SMA20
2025-08-01T05:42:45.464126,MNST,58.75,72.54,0.22,0.38,57.13,49.44,ADX ≥ 20.0;MACD 🚀;SuperTracker ↑
2025-08-01T05:42:51.906804,NEE,71.06,27.78,0.15,0.20,26.68,13.83,ADX ≥ 20.0;MACD 🚀;SuperTracker ↑;BB breakout;RSI 📈;Price > SMA20
2025-08-01T05:42:52.638321,NKE,74.69,47.41,0.18,0.24,15.80,6.43,ADX ≥ 20.0;MACD 🚀;SuperTracker ↑;Price > SMA20
2025-08-01T05:42:55.315947,NOC,576.59,37.98,0.57,0.10,23.77,7.45,ADX ≥ 20.0;MACD 🚀;SuperTracker ↑;RSI 📈;Price > SMA20
2025-08-01T05:42:55.959029,NCLH,25.55,28.63,0.10,0.40,15.82,7.12,ADX ≥ 20.0;MACD 🚀;SuperTracker ↑;BB breakout;Price > SMA20
2025-08-01T05:42:57.500557,NVDA,177.87,20.36,0.53,0.30,7.91,-2.30,ADX ≥ 20.0;MACD 🚀;SuperTracker ↑;Price > SMA20
2025-08-01T05:42:59.867764,ODFL,149.25,27.91,0.52,0.35,38.87,26.73,ADX ≥ 20.0;MACD 🚀;SuperTracker ↑;BB breakout;RSI 📈;Price > SMA20
2025-08-01T05:43:03.178290,PCAR,98.76,25.18,0.20,0.20,24.73,14.52,ADX ≥ 20.0;MACD 🚀;SuperTracker ↑
2025-08-01T05:43:07.349746,PYPL,68.76,23.24,0.14,0.20,33.08,19.18,ADX ≥ 20.0;MACD 🚀;SuperTracker ↑
2025-08-01T05:43:09.038130,PFE,23.29,59.71,0.06,0.24,19.49,-2.34,ADX ≥ 20.0;MACD 🚀;SuperTracker ↑
2025-08-01T05:43:11.486215,PNW,90.68,23.32,0.14,0.16,36.84,21.44,ADX ≥ 20.0;MACD 🚀;SuperTracker ↑;BB breakout;RSI 📈;Price > SMA20
2025-08-01T05:43:15.760814,PLD,106.78,22.33,0.23,0.22,10.13,0.34,ADX ≥ 20.0;MACD 🚀;SuperTracker ↑
2025-08-01T05:43:17.290832,PTC,214.81,40.05,0.64,0.30,19.32,10.33,ADX ≥ 20.0;MACD 🚀;SuperTracker ↑
2025-08-01T05:43:19.031086,PWR,406.39,20.58,0.85,0.21,10.26,-6.03,ADX ≥ 20.0;MACD 🚀;SuperTracker ↑;BB breakout;RSI 📈;Price > SMA20
2025-08-01T05:43:22.140728,O,56.16,50.76,0.08,0.15,25.68,13.84,ADX ≥ 20.0;MACD 🚀;SuperTracker ↑
2025-08-01T05:43:22.783600,REG,71.40,31.66,0.13,0.18,15.61,13.66,ADX ≥ 20.0;MACD 🚀;SuperTracker ↑
2025-08-01T05:43:23.385081,REGN,545.46,52.15,1.36,0.25,5.72,-4.52,ADX ≥ 20.0;MACD 🚀;SuperTracker ↑;BB breakout
2025-08-01T05:43:30.203660,STX,157.01,39.60,0.50,0.32,8.88,3.99,ADX ≥ 20.0;MACD 🚀;SuperTracker ↑;RSI 📈;Price > SMA20
2025-08-01T05:43:32.316737,SPG,163.82,22.21,0.29,0.18,4.88,-4.48,ADX ≥ 20.0;MACD 🚀;SuperTracker ↑
2025-08-01T05:43:33.392846,SJM,107.29,44.45,0.23,0.21,20.20,14.72,ADX ≥ 20.0;MACD 🚀;SuperTracker ↑;BB breakout
2025-08-01T05:43:35.458937,SO,94.44,33.57,0.23,0.25,15.96,2.18,ADX ≥ 20.0;MACD 🚀;SuperTracker ↑;BB breakout;RSI 📈;Price > SMA20
2025-08-01T05:43:43.032802,TRGP,166.37,27.31,0.30,0.18,5.56,-1.78,ADX ≥ 20.0;MACD 🚀;SuperTracker ↑
2025-08-01T05:43:48.809222,TSCO,56.95,52.86,0.12,0.20,5.02,-2.29,ADX ≥ 20.0;MACD 🚀;SuperTracker ↑
2025-08-01T05:43:51.913450,TYL,584.48,67.76,1.94,0.33,10.30,-0.66,ADX ≥ 20.0;MACD 🚀;SuperTracker ↑;RSI 📈;Price > SMA20
2025-08-01T05:43:54.320112,UDR,39.28,38.02,0.10,0.26,6.02,-5.11,ADX ≥ 20.0;MACD 🚀;SuperTracker ↑;BB breakout;RSI 📈;Price > SMA20
2025-08-01T05:43:57.253421,UNH,249.58,44.55,0.85,0.34,24.25,11.74,ADX ≥ 20.0;MACD 🚀;SuperTracker ↑
2025-08-01T05:44:00.137927,VRSK,278.71,33.01,0.60,0.22,29.47,21.09,ADX ≥ 20.0;MACD 🚀;SuperTracker ↑;RSI 📈;Price > SMA20
2025-08-01T05:44:01.652989,VTRS,8.74,56.07,0.02,0.26,12.06,3.96,ADX ≥ 20.0;MACD 🚀;SuperTracker ↑
2025-08-01T05:44:06.477200,DIS,119.10,21.88,0.17,0.14,29.62,13.26,ADX ≥ 20.0;MACD 🚀;SuperTracker ↑
2025-08-01T05:44:08.689966,WEC,109.10,21.76,0.17,0.16,23.13,8.01,ADX ≥ 20.0;MACD 🚀;SuperTracker ↑;BB breakout;RSI 📈;Price > SMA20
2025-08-01T05:44:10.286181,WST,239.02,69.80,0.63,0.26,27.59,10.49,ADX ≥ 20.0;MACD 🚀;SuperTracker ↑
2025-08-01T05:44:14.036456,WYNN,109.03,29.86,0.22,0.21,21.86,16.41,ADX ≥ 20.0;MACD 🚀;SuperTracker ↑
2025-08-01T05:44:15.263763,XYL,144.67,39.92,0.40,0.28,22.76,17.06,ADX ≥ 20.0;MACD 🚀;SuperTracker ↑;RSI 📈;Price > SMA20
2025-08-01T05:44:29.603396,ARE,76.39,35.51,0.18,0.23,4.65,-2.57,ADX ≥ 20.0;MACD 🚀;SuperTracker ↑
2025-08-01T05:44:32.316321,GOOGL,191.90,25.60,0.38,0.20,41.73,15.78,ADX ≥ 20.0;MACD 🚀;SuperTracker ↑;Price > SMA20
2025-08-01T05:44:33.075547,GOOG,192.86,29.70,0.36,0.19,36.63,12.99,ADX ≥ 20.0;MACD 🚀;SuperTracker ↑
2025-08-01T05:44:37.882930,AWK,140.24,23.27,0.36,0.26,32.48,29.81,ADX ≥ 20.0;MACD 🚀;SuperTracker ↑;Price > SMA20
2025-08-01T05:44:40.397550,ADI,224.63,20.36,0.49,0.22,11.64,0.06,ADX ≥ 20.0;MACD 🚀;SuperTracker ↑;Price > SMA20
2025-08-01T05:44:43.381074,AMAT,180.06,20.28,0.52,0.29,11.32,-2.00,ADX ≥ 20.0;MACD 🚀;SuperTracker ↑;BB breakout;RSI 📈;Price > SMA20
2025-08-01T05:44:47.536953,ATO,155.89,22.45,0.23,0.15,48.03,23.61,ADX ≥ 20.0;MACD 🚀;SuperTracker ↑;Price > SMA20
2025-08-01T05:44:57.675041,BKNG,5504.06,20.63,9.50,0.17,38.30,12.72,ADX ≥ 20.0;MACD 🚀;SuperTracker ↑;ATR14 ≥ 2.0
2025-08-01T05:45:04.264682,CPT,109.15,49.92,0.25,0.23,14.59,8.46,ADX ≥ 20.0;MACD 🚀;SuperTracker ↑;BB breakout
2025-08-01T05:45:06.175226,CAH,155.03,33.73,0.37,0.24,15.79,2.69,ADX ≥ 20.0;MACD 🚀;SuperTracker ↑
2025-08-01T05:45:16.474044,CHD,93.73,63.47,0.25,0.27,72.50,57.05,ADX ≥ 20.0;MACD 🚀;SuperTracker ↑
2025-08-01T05:45:20.613647,CLX,125.33,21.58,0.30,0.24,42.04,28.44,ADX ≥ 20.0;MACD 🚀;SuperTracker ↑
2025-08-01T05:45:21.987839,CMS,73.82,31.82,0.13,0.17,39.82,12.61,ADX ≥ 20.0;MACD 🚀;SuperTracker ↑;BB breakout;RSI 📈;Price > SMA20
2025-08-01T05:45:25.481175,CAG,18.26,44.10,0.04,0.24,24.23,14.63,ADX ≥ 20.0;MACD 🚀;SuperTracker ↑
2025-08-01T05:45:27.328523,STZ,166.94,56.40,0.35,0.21,35.09,19.27,ADX ≥ 20.0;MACD 🚀;SuperTracker ↑
2025-08-01T05:45:28.182068,CEG,347.84,25.40,0.74,0.21,17.62,-0.78,ADX ≥ 20.0;MACD 🚀;SuperTracker ↑;BB breakout;Price > SMA20
2025-08-01T05:45:31.729516,CSGP,95.19,34.70,0.17,0.18,3.41,-1.35,ADX ≥ 20.0;MACD 🚀;SuperTracker ↑;BB breakout
2025-08-01T05:45:44.657413,DPZ,463.21,33.96,0.95,0.20,6.73,3.29,ADX ≥ 20.0;MACD 🚀;SuperTracker ↑
2025-08-01T05:45:47.693334,DTE,138.39,22.05,0.22,0.16,40.00,18.27,ADX ≥ 20.0;MACD 🚀;SuperTracker ↑;BB breakout;RSI 📈;Price > SMA20
2025-08-01T05:45:50.610093,EBAY,91.75,23.62,0.32,0.35,22.52,11.78,ADX ≥ 20.0;MACD 🚀;SuperTracker ↑
2025-08-01T05:45:52.024403,EIX,52.12,30.26,0.13,0.24,27.12,13.53,ADX ≥ 20.0;MACD 🚀;SuperTracker ↑;RSI 📈;Price > SMA20
2025-08-01T05:45:54.552675,EMR,145.51,28.59,0.26,0.18,34.94,15.54,ADX ≥ 20.0;MACD 🚀;SuperTracker ↑
2025-08-01T05:45:55.897115,ETR,90.43,25.29,0.18,0.20,50.55,25.04,ADX ≥ 20.0;MACD 🚀;SuperTracker ↑;Price > SMA20
2025-08-01T05:45:57.747100,EQT,53.75,20.66,0.13,0.25,3.71,-2.34,ADX ≥ 20.0;MACD 🚀;SuperTracker ↑;Price > SMA20
2025-08-01T05:45:59.605033,EQR,63.18,52.70,0.14,0.22,25.68,8.35,ADX ≥ 20.0;MACD 🚀;SuperTracker ↑
2025-08-01T05:46:00.956272,ESS,260.10,56.73,0.62,0.24,40.53,20.33,ADX ≥ 20.0;MACD 🚀;SuperTracker ↑
2025-08-01T05:46:03.356725,ES,66.13,35.57,0.12,0.18,31.06,15.79,ADX ≥ 20.0;MACD 🚀;SuperTracker ↑;BB breakout;Price > SMA20
2025-08-01T05:46:04.091970,EXC,44.94,28.85,0.09,0.19,29.17,8.35,ADX ≥ 20.0;MACD 🚀;SuperTracker ↑;BB breakout;RSI 📈;Price > SMA20
2025-08-01T05:46:04.813581,EXE,104.78,49.50,0.21,0.20,12.89,4.90,ADX ≥ 20.0;MACD 🚀;SuperTracker ↑;BB breakout;RSI 📈;Price > SMA20
2025-08-01T05:46:10.110581,FRT,92.14,23.85,0.17,0.18,22.04,5.97,ADX ≥ 20.0;MACD 🚀;SuperTracker ↑;BB breakout;RSI 📈;Price > SMA20
2025-08-01T05:46:13.198555,FE,42.70,25.24,0.09,0.21,32.60,11.48,ADX ≥ 20.0;MACD 🚀;SuperTracker ↑;BB breakout;Price > SMA20
2025-08-01T05:46:14.651411,F,11.08,37.11,0.03,0.25,13.51,8.29,ADX ≥ 20.0;MACD 🚀;SuperTracker ↑;BB breakout;RSI 📈;Price > SMA20
2025-08-01T05:46:20.544657,GEHC,71.32,31.53,0.16,0.23,11.36,1.62,ADX ≥ 20.0;MACD 🚀;SuperTracker ↑
2025-08-01T05:46:21.367692,GEV,660.39,20.67,1.80,0.27,13.01,3.80,ADX ≥ 20.0;MACD 🚀;SuperTracker ↑
2025-08-01T05:46:23.270163,GD,311.64,28.35,0.37,0.12,33.31,15.46,ADX ≥ 20.0;MACD 🚀;SuperTracker ↑;BB breakout;Price > SMA20
2025-08-01T05:46:24.014849,GIS,48.99,40.43,0.08,0.16,18.98,7.33,ADX ≥ 20.0;MACD 🚀;SuperTracker ↑
2025-08-01T05:46:25.173109,GPC,128.90,23.96,0.24,0.18,21.43,13.32,ADX ≥ 20.0;MACD 🚀;SuperTracker ↑
2025-08-01T05:46:25.967782,GILD,112.29,41.95,0.30,0.26,6.92,-8.11,ADX ≥ 20.0;MACD 🚀;SuperTracker ↑
2025-08-01T05:46:35.467801,HRL,28.07,31.37,0.06,0.20,32.79,24.51,ADX ≥ 20.0;MACD 🚀;SuperTracker ↑
2025-08-01T05:46:38.444006,HUM,249.62,23.66,0.97,0.39,6.25,0.79,ADX ≥ 20.0;MACD 🚀;SuperTracker ↑
2025-08-01T05:46:42.346752,INCY,74.89,58.29,0.22,0.30,10.66,7.93,ADX ≥ 20.0;MACD 🚀;SuperTracker ↑;BB breakout;Price > SMA20
2025-08-01T05:46:46.025758,IPG,24.61,39.87,0.06,0.26,9.43,8.86,ADX ≥ 20.0;MACD 🚀;SuperTracker ↑;BB breakout
2025-08-01T05:46:48.733507,IQV,185.89,30.18,0.51,0.28,14.65,5.93,ADX ≥ 20.0;MACD 🚀;SuperTracker ↑
2025-08-01T05:46:51.627167,J,141.88,26.31,0.24,0.17,28.00,17.47,ADX ≥ 20.0;MACD 🚀;SuperTracker ↑
2025-08-01T05:46:53.901291,JNPR,0.00,49.78,0.01,inf,28.22,20.59,ADX ≥ 20.0;MACD 🚀;SuperTracker ↑;ATR % ≥ 0.5%
2025-08-01T05:46:57.829573,KIM,21.23,54.92,0.05,0.24,16.97,5.23,ADX ≥ 20.0;MACD 🚀;SuperTracker ↑
2025-08-01T05:46:58.611665,KMI,28.05,41.94,0.04,0.15,26.91,4.64,ADX ≥ 20.0;MACD 🚀;SuperTracker ↑;BB breakout;RSI 📈;Price > SMA20
2025-08-01T05:47:01.905201,LH,259.98,36.33,0.48,0.19,43.35,20.01,ADX ≥ 20.0;MACD 🚀;SuperTracker ↑
2025-08-01T05:47:02.985645,LW,57.05,21.01,0.16,0.28,29.30,14.88,ADX ≥ 20.0;MACD 🚀;SuperTracker ↑;BB breakout;Price > SMA20
2025-08-01T05:47:11.984667,MAR,263.83,28.76,0.53,0.20,43.73,30.73,ADX ≥ 20.0;MACD 🚀;SuperTracker ↑
2025-08-01T05:47:13.034500,MLM,575.16,21.19,1.06,0.18,18.88,11.25,ADX ≥ 20.0;MACD 🚀;SuperTracker ↑;BB breakout;RSI 📈;Price > SMA20
2025-08-01T05:47:19.786251,MU,109.14,32.26,0.36,0.33,11.18,-1.06,ADX ≥ 20.0;MACD 🚀;SuperTracker ↑;BB breakout;RSI 📈;Price > SMA20
2025-08-01T05:47:24.451899,MNST,58.75,72.54,0.22,0.38,57.13,49.44,ADX ≥ 20.0;MACD 🚀;SuperTracker ↑
2025-08-01T05:47:30.280849,NEE,71.06,27.78,0.15,0.20,26.68,13.83,ADX ≥ 20.0;MACD 🚀;SuperTracker ↑;BB breakout;RSI 📈;Price > SMA20
2025-08-01T05:47:30.966958,NKE,74.69,47.41,0.18,0.24,15.80,6.43,ADX ≥ 20.0;MACD 🚀;SuperTracker ↑;Price > SMA20
2025-08-01T05:47:33.557433,NOC,576.59,37.98,0.57,0.10,23.77,7.45,ADX ≥ 20.0;MACD 🚀;SuperTracker ↑;RSI 📈;Price > SMA20
2025-08-01T05:47:34.236800,NCLH,25.55,28.63,0.10,0.40,15.82,7.12,ADX ≥ 20.0;MACD 🚀;SuperTracker ↑;BB breakout;Price > SMA20
2025-08-01T05:47:35.841803,NVDA,177.87,20.36,0.53,0.30,7.91,-2.30,ADX ≥ 20.0;MACD 🚀;SuperTracker ↑;Price > SMA20
2025-08-01T05:47:38.374483,ODFL,149.25,27.91,0.52,0.35,38.87,26.73,ADX ≥ 20.0;MACD 🚀;SuperTracker ↑;BB breakout;RSI 📈;Price > SMA20
2025-08-01T05:47:41.449867,PCAR,98.76,25.18,0.20,0.20,24.73,14.52,ADX ≥ 20.0;MACD 🚀;SuperTracker ↑
2025-08-01T05:47:45.424034,PYPL,68.76,23.24,0.14,0.20,33.08,19.18,ADX ≥ 20.0;MACD 🚀;SuperTracker ↑
2025-08-01T05:47:47.119467,PFE,23.29,59.71,0.06,0.24,19.49,-2.34,ADX ≥ 20.0;MACD 🚀;SuperTracker ↑
2025-08-01T05:47:49.351780,PNW,90.68,23.32,0.14,0.16,36.84,21.44,ADX ≥ 20.0;MACD 🚀;SuperTracker ↑;BB breakout;RSI 📈;Price > SMA20
2025-08-01T05:47:53.224157,PLD,106.78,22.33,0.23,0.22,10.13,0.34,ADX ≥ 20.0;MACD 🚀;SuperTracker ↑
2025-08-01T05:47:54.891995,PTC,214.81,40.05,0.64,0.30,19.32,10.33,ADX ≥ 20.0;MACD 🚀;SuperTracker ↑
2025-08-01T05:47:56.422220,PWR,406.39,20.58,0.85,0.21,10.26,-6.03,ADX ≥ 20.0;MACD 🚀;SuperTracker ↑;BB breakout;RSI 📈;Price > SMA20
2025-08-01T05:47:59.314477,O,56.16,50.76,0.08,0.15,25.68,13.84,ADX ≥ 20.0;MACD 🚀;SuperTracker ↑
2025-08-01T05:47:59.982829,REG,71.40,31.66,0.13,0.18,15.61,13.66,ADX ≥ 20.0;MACD 🚀;SuperTracker ↑
2025-08-01T05:48:00.571697,REGN,545.46,52.15,1.36,0.25,5.72,-4.52,ADX ≥ 20.0;MACD 🚀;SuperTracker ↑;BB breakout
2025-08-01T05:48:07.611632,STX,157.01,39.60,0.50,0.32,8.88,3.99,ADX ≥ 20.0;MACD 🚀;SuperTracker ↑;RSI 📈;Price > SMA20
2025-08-01T05:48:09.739544,SPG,163.82,22.21,0.29,0.18,4.88,-4.48,ADX ≥ 20.0;MACD 🚀;SuperTracker ↑
2025-08-01T05:48:10.835427,SJM,107.29,44.45,0.23,0.21,20.20,14.72,ADX ≥ 20.0;MACD 🚀;SuperTracker ↑;BB breakout
2025-08-01T05:48:13.047683,SO,94.44,33.57,0.23,0.25,15.96,2.18,ADX ≥ 20.0;MACD 🚀;SuperTracker ↑;BB breakout;RSI 📈;Price > SMA20
2025-08-01T05:48:20.887434,TRGP,166.37,27.31,0.30,0.18,5.56,-1.78,ADX ≥ 20.0;MACD 🚀;SuperTracker ↑
2025-08-01T05:48:26.632226,TSCO,56.95,52.86,0.12,0.20,5.02,-2.29,ADX ≥ 20.0;MACD 🚀;SuperTracker ↑
2025-08-01T05:48:29.663906,TYL,584.48,67.76,1.94,0.33,10.30,-0.66,ADX ≥ 20.0;MACD 🚀;SuperTracker ↑;RSI 📈;Price > SMA20
2025-08-01T05:48:31.791156,UDR,39.28,38.02,0.10,0.26,6.02,-5.11,ADX ≥ 20.0;MACD 🚀;SuperTracker ↑;BB breakout;RSI 📈;Price > SMA20
2025-08-01T05:48:34.883817,UNH,249.58,44.55,0.85,0.34,24.25,11.74,ADX ≥ 20.0;MACD 🚀;SuperTracker ↑
2025-08-01T05:48:38.165258,VRSK,278.71,33.01,0.60,0.22,29.47,21.09,ADX ≥ 20.0;MACD 🚀;SuperTracker ↑;RSI 📈;Price > SMA20
2025-08-01T05:48:39.811934,VTRS,8.74,56.07,0.02,0.26,12.06,3.96,ADX ≥ 20.0;MACD 🚀;SuperTracker ↑
2025-08-01T05:48:44.874710,DIS,119.10,21.88,0.17,0.14,29.62,13.26,ADX ≥ 20.0;MACD 🚀;SuperTracker ↑
2025-08-01T05:48:46.955685,WEC,109.10,21.76,0.17,0.16,23.13,8.01,ADX ≥ 20.0;MACD 🚀;SuperTracker ↑;BB breakout;RSI 📈;Price > SMA20
2025-08-01T05:48:48.541625,WST,239.02,69.80,0.63,0.26,27.59,10.49,ADX ≥ 20.0;MACD 🚀;SuperTracker ↑
2025-08-01T05:48:52.094155,WYNN,109.03,29.86,0.22,0.21,21.86,16.41,ADX ≥ 20.0;MACD 🚀;SuperTracker ↑
2025-08-01T05:48:53.251823,XYL,144.67,39.92,0.40,0.28,22.76,17.06,ADX ≥ 20.0;MACD 🚀;SuperTracker ↑;RSI 📈;Price > SMA20
2025-08-01T05:49:07.198750,ARE,76.39,35.51,0.18,0.23,4.65,-2.57,ADX ≥ 20.0;MACD 🚀;SuperTracker ↑
2025-08-01T05:49:09.875958,GOOGL,191.90,25.60,0.38,0.20,41.73,15.78,ADX ≥ 20.0;MACD 🚀;SuperTracker ↑;Price > SMA20
2025-08-01T05:49:10.596719,GOOG,192.86,29.70,0.36,0.19,36.63,12.99,ADX ≥ 20.0;MACD 🚀;SuperTracker ↑
2025-08-01T05:49:15.036329,AWK,140.24,23.27,0.36,0.26,32.48,29.81,ADX ≥ 20.0;MACD 🚀;SuperTracker ↑;Price > SMA20
2025-08-01T05:49:17.734062,ADI,224.63,20.36,0.49,0.22,11.64,0.06,ADX ≥ 20.0;MACD 🚀;SuperTracker ↑;Price > SMA20
2025-08-01T05:49:20.669827,AMAT,180.06,20.28,0.52,0.29,11.32,-2.00,ADX ≥ 20.0;MACD 🚀;SuperTracker ↑;BB breakout;RSI 📈;Price > SMA20
2025-08-01T05:49:24.811647,ATO,155.89,22.45,0.23,0.15,48.03,23.61,ADX ≥ 20.0;MACD 🚀;SuperTracker ↑;Price > SMA20
2025-08-01T05:49:34.219970,BKNG,5504.06,20.63,9.50,0.17,38.30,12.72,ADX ≥ 20.0;MACD 🚀;SuperTracker ↑;ATR14 ≥ 2.0
2025-08-01T05:49:40.353048,CPT,109.15,49.92,0.25,0.23,14.59,8.46,ADX ≥ 20.0;MACD 🚀;SuperTracker ↑;BB breakout
2025-08-01T05:49:42.013448,CAH,155.03,33.73,0.37,0.24,15.79,2.69,ADX ≥ 20.0;MACD 🚀;SuperTracker ↑
2025-08-01T05:49:50.863115,CHD,93.73,63.47,0.25,0.27,72.50,57.05,ADX ≥ 20.0;MACD 🚀;SuperTracker ↑
2025-08-01T05:49:54.623493,CLX,125.33,21.58,0.30,0.24,42.04,28.44,ADX ≥ 20.0;MACD 🚀;SuperTracker ↑
2025-08-01T05:49:58.288038,CAG,18.26,44.10,0.04,0.24,24.23,14.63,ADX ≥ 20.0;MACD 🚀;SuperTracker ↑
2025-08-01T05:50:00.000967,STZ,166.94,56.40,0.35,0.21,35.09,19.27,ADX ≥ 20.0;MACD 🚀;SuperTracker ↑
2025-08-01T05:50:00.776607,CEG,347.84,25.40,0.74,0.21,17.62,-0.78,ADX ≥ 20.0;MACD 🚀;SuperTracker ↑;BB breakout;Price > SMA20
2025-08-01T05:50:04.082776,CSGP,95.19,34.70,0.17,0.18,3.41,-1.35,ADX ≥ 20.0;MACD 🚀;SuperTracker ↑;BB breakout
2025-08-01T05:50:16.551103,DPZ,463.21,33.96,0.95,0.20,6.73,3.29,ADX ≥ 20.0;MACD 🚀;SuperTracker ↑
2025-08-01T05:50:19.065735,DTE,138.39,22.05,0.22,0.16,40.00,18.27,ADX ≥ 20.0;MACD 🚀;SuperTracker ↑;BB breakout;RSI 📈;Price > SMA20
2025-08-01T05:50:21.671133,EBAY,91.75,23.62,0.32,0.35,22.52,11.78,ADX ≥ 20.0;MACD 🚀;SuperTracker ↑
2025-08-01T05:50:22.867303,EIX,52.12,30.26,0.13,0.24,27.12,13.53,ADX ≥ 20.0;MACD 🚀;SuperTracker ↑;RSI 📈;Price > SMA20
2025-08-01T05:50:24.923874,EMR,145.51,28.59,0.26,0.18,34.94,15.54,ADX ≥ 20.0;MACD 🚀;SuperTracker ↑
2025-08-01T05:50:26.044024,ETR,90.43,25.29,0.18,0.20,50.55,25.04,ADX ≥ 20.0;MACD 🚀;SuperTracker ↑;Price > SMA20
2025-08-01T05:50:27.680814,EQT,53.75,20.66,0.13,0.25,3.71,-2.34,ADX ≥ 20.0;MACD 🚀;SuperTracker ↑;Price > SMA20
2025-08-01T05:50:29.440890,EQR,63.18,52.70,0.14,0.22,25.68,8.35,ADX ≥ 20.0;MACD 🚀;SuperTracker ↑
2025-08-01T05:50:30.564248,ESS,260.10,56.73,0.62,0.24,40.53,20.33,ADX ≥ 20.0;MACD 🚀;SuperTracker ↑
2025-08-01T05:50:32.927695,ES,66.13,35.57,0.12,0.18,31.06,15.79,ADX ≥ 20.0;MACD 🚀;SuperTracker ↑;BB breakout;Price > SMA20
2025-08-01T05:50:33.633512,EXC,44.94,28.85,0.09,0.19,29.17,8.35,ADX ≥ 20.0;MACD 🚀;SuperTracker ↑;BB breakout;RSI 📈;Price > SMA20
2025-08-01T05:50:34.318662,EXE,104.78,49.50,0.21,0.20,12.89,4.90,ADX ≥ 20.0;MACD 🚀;SuperTracker ↑;BB breakout;RSI 📈;Price > SMA20
2025-08-01T05:50:39.094206,FRT,92.14,23.85,0.17,0.18,22.04,5.97,ADX ≥ 20.0;MACD 🚀;SuperTracker ↑;BB breakout;RSI 📈;Price > SMA20
2025-08-01T05:50:41.736499,FE,42.70,25.24,0.09,0.21,32.60,11.48,ADX ≥ 20.0;MACD 🚀;SuperTracker ↑;BB breakout;Price > SMA20
2025-08-01T05:50:42.956747,F,11.08,37.11,0.03,0.25,13.51,8.29,ADX ≥ 20.0;MACD 🚀;SuperTracker ↑;BB breakout;RSI 📈;Price > SMA20
2025-08-01T05:50:48.133594,GEHC,71.32,31.53,0.16,0.23,11.36,1.62,ADX ≥ 20.0;MACD 🚀;SuperTracker ↑
2025-08-01T05:50:48.803401,GEV,660.39,20.67,1.80,0.27,13.01,3.80,ADX ≥ 20.0;MACD 🚀;SuperTracker ↑
2025-08-01T05:50:50.560493,GD,311.64,28.35,0.37,0.12,33.31,15.46,ADX ≥ 20.0;MACD 🚀;SuperTracker ↑;BB breakout;Price > SMA20
2025-08-01T05:50:51.270527,GIS,48.99,40.43,0.08,0.16,18.98,7.33,ADX ≥ 20.0;MACD 🚀;SuperTracker ↑
2025-08-01T05:50:52.454547,GPC,128.90,23.96,0.24,0.18,21.43,13.32,ADX ≥ 20.0;MACD 🚀;SuperTracker ↑
2025-08-01T05:50:53.132440,GILD,112.29,41.95,0.30,0.26,6.92,-8.11,ADX ≥ 20.0;MACD 🚀;SuperTracker ↑
2025-08-01T05:51:02.038763,HRL,28.07,31.37,0.06,0.20,32.79,24.51,ADX ≥ 20.0;MACD 🚀;SuperTracker ↑
2025-08-01T05:51:04.531088,HUM,249.62,23.66,0.97,0.39,6.25,0.79,ADX ≥ 20.0;MACD 🚀;SuperTracker ↑
2025-08-01T05:51:08.266273,INCY,74.89,58.29,0.22,0.30,10.66,7.93,ADX ≥ 20.0;MACD 🚀;SuperTracker ↑;BB breakout;Price > SMA20
2025-08-01T05:51:11.861534,IPG,24.61,39.87,0.06,0.26,9.43,8.86,ADX ≥ 20.0;MACD 🚀;SuperTracker ↑;BB breakout
2025-08-01T05:51:14.449968,IQV,185.89,30.18,0.51,0.28,14.65,5.93,ADX ≥ 20.0;MACD 🚀;SuperTracker ↑
2025-08-01T05:51:16.956556,J,141.88,26.31,0.24,0.17,28.00,17.47,ADX ≥ 20.0;MACD 🚀;SuperTracker ↑
2025-08-01T05:51:19.012368,JNPR,0.00,49.78,0.01,inf,28.22,20.59,ADX ≥ 20.0;MACD 🚀;SuperTracker ↑;ATR % ≥ 0.5%
2025-08-01T05:51:22.656024,KIM,21.23,54.92,0.05,0.24,16.97,5.23,ADX ≥ 20.0;MACD 🚀;SuperTracker ↑
2025-08-01T05:51:23.314105,KMI,28.05,41.94,0.04,0.15,26.91,4.64,ADX ≥ 20.0;MACD 🚀;SuperTracker ↑;BB breakout;RSI 📈;Price > SMA20
2025-08-01T05:51:26.338284,LH,259.98,36.33,0.48,0.19,43.35,20.01,ADX ≥ 20.0;MACD 🚀;SuperTracker ↑
2025-08-01T05:51:27.467361,LW,57.05,21.01,0.16,0.28,29.30,14.88,ADX ≥ 20.0;MACD 🚀;SuperTracker ↑;BB breakout;Price > SMA20
2025-08-01T05:51:36.031011,MAR,263.83,28.76,0.53,0.20,43.73,30.73,ADX ≥ 20.0;MACD 🚀;SuperTracker ↑
2025-08-01T05:51:37.122610,MLM,575.16,21.19,1.06,0.18,18.88,11.25,ADX ≥ 20.0;MACD 🚀;SuperTracker ↑;BB breakout;RSI 📈;Price > SMA20
2025-08-01T05:51:44.107699,MU,109.14,32.26,0.36,0.33,11.18,-1.06,ADX ≥ 20.0;MACD 🚀;SuperTracker ↑;BB breakout;RSI 📈;Price > SMA20
2025-08-01T05:51:48.489424,MNST,58.75,72.54,0.22,0.38,57.13,49.44,ADX ≥ 20.0;MACD 🚀;SuperTracker ↑
2025-08-01T05:51:54.569599,NEE,71.06,27.78,0.15,0.20,26.68,13.83,ADX ≥ 20.0;MACD 🚀;SuperTracker ↑;BB breakout;RSI 📈;Price > SMA20
2025-08-01T05:51:55.284179,NKE,74.69,47.41,0.18,0.24,15.80,6.43,ADX ≥ 20.0;MACD 🚀;SuperTracker ↑;Price > SMA20
2025-08-01T05:51:57.800645,NOC,576.59,37.98,0.57,0.10,23.77,7.45,ADX ≥ 20.0;MACD 🚀;SuperTracker ↑;RSI 📈;Price > SMA20
2025-08-01T05:51:58.396353,NCLH,25.55,28.63,0.10,0.40,15.82,7.12,ADX ≥ 20.0;MACD 🚀;SuperTracker ↑;BB breakout;Price > SMA20
2025-08-01T05:52:00.035420,NVDA,177.87,20.36,0.53,0.30,7.91,-2.30,ADX ≥ 20.0;MACD 🚀;SuperTracker ↑;Price > SMA20
2025-08-01T05:52:02.486721,ODFL,149.25,27.91,0.52,0.35,38.87,26.73,ADX ≥ 20.0;MACD 🚀;SuperTracker ↑;BB breakout;RSI 📈;Price > SMA20
2025-08-01T05:52:05.766786,PCAR,98.76,25.18,0.20,0.20,24.73,14.52,ADX ≥ 20.0;MACD 🚀;SuperTracker ↑
2025-08-01T05:52:09.898562,PYPL,68.76,23.24,0.14,0.20,33.08,19.18,ADX ≥ 20.0;MACD 🚀;SuperTracker ↑
2025-08-01T05:52:11.335103,PFE,23.29,59.71,0.06,0.24,19.49,-2.34,ADX ≥ 20.0;MACD 🚀;SuperTracker ↑
2025-08-01T05:52:13.368796,PNW,90.68,23.32,0.14,0.16,36.84,21.44,ADX ≥ 20.0;MACD 🚀;SuperTracker ↑;BB breakout;RSI 📈;Price > SMA20
2025-08-01T05:52:17.094151,PLD,106.78,22.33,0.23,0.22,10.13,0.34,ADX ≥ 20.0;MACD 🚀;SuperTracker ↑
2025-08-01T05:52:18.816172,PTC,214.81,40.05,0.64,0.30,19.32,10.33,ADX ≥ 20.0;MACD 🚀;SuperTracker ↑
2025-08-01T05:52:20.393192,PWR,406.39,20.58,0.85,0.21,10.26,-6.03,ADX ≥ 20.0;MACD 🚀;SuperTracker ↑;BB breakout;RSI 📈;Price > SMA20
2025-08-01T05:52:23.229254,O,56.16,50.76,0.08,0.15,25.68,13.84,ADX ≥ 20.0;MACD 🚀;SuperTracker ↑
2025-08-01T05:52:23.848539,REG,71.40,31.66,0.13,0.18,15.61,13.66,ADX ≥ 20.0;MACD 🚀;SuperTracker ↑
2025-08-01T05:52:24.539946,REGN,545.46,52.15,1.36,0.25,5.72,-4.52,ADX ≥ 20.0;MACD 🚀;SuperTracker ↑;BB breakout
2025-08-01T05:52:31.633333,STX,157.01,39.60,0.50,0.32,8.88,3.99,ADX ≥ 20.0;MACD 🚀;SuperTracker ↑;RSI 📈;Price > SMA20
2025-08-01T05:52:33.753766,SPG,163.82,22.21,0.29,0.18,4.88,-4.48,ADX ≥ 20.0;MACD 🚀;SuperTracker ↑
2025-08-01T05:52:34.908265,SJM,107.29,44.45,0.23,0.21,20.20,14.72,ADX ≥ 20.0;MACD 🚀;SuperTracker ↑;BB breakout
2025-08-01T05:52:37.054617,SO,94.44,33.57,0.23,0.25,15.96,2.18,ADX ≥ 20.0;MACD 🚀;SuperTracker ↑;BB breakout;RSI 📈;Price > SMA20
2025-08-01T05:52:44.978187,TRGP,166.37,27.31,0.30,0.18,5.56,-1.78,ADX ≥ 20.0;MACD 🚀;SuperTracker ↑
2025-08-01T05:52:51.239699,TSCO,56.95,52.86,0.12,0.20,5.02,-2.29,ADX ≥ 20.0;MACD 🚀;SuperTracker ↑
2025-08-01T05:52:54.147547,TYL,584.48,67.76,1.94,0.33,10.30,-0.66,ADX ≥ 20.0;MACD 🚀;SuperTracker ↑;RSI 📈;Price > SMA20
2025-08-01T05:52:56.435404,UDR,39.28,38.02,0.10,0.26,6.02,-5.11,ADX ≥ 20.0;MACD 🚀;SuperTracker ↑;BB breakout;RSI 📈;Price > SMA20
2025-08-01T05:52:59.655830,UNH,249.58,44.55,0.85,0.34,24.25,11.74,ADX ≥ 20.0;MACD 🚀;SuperTracker ↑
2025-08-01T05:53:02.762474,VRSK,278.71,33.01,0.60,0.22,29.47,21.09,ADX ≥ 20.0;MACD 🚀;SuperTracker ↑;RSI 📈;Price > SMA20
2025-08-01T05:53:04.261397,VTRS,8.74,56.07,0.02,0.26,12.06,3.96,ADX ≥ 20.0;MACD 🚀;SuperTracker ↑
2025-08-01T05:53:09.375026,DIS,119.10,21.88,0.17,0.14,29.62,13.26,ADX ≥ 20.0;MACD 🚀;SuperTracker ↑
2025-08-01T05:53:11.549917,WEC,109.10,21.76,0.17,0.16,23.13,8.01,ADX ≥ 20.0;MACD 🚀;SuperTracker ↑;BB breakout;RSI 📈;Price > SMA20
2025-08-01T05:53:13.164984,WST,239.02,69.80,0.63,0.26,27.59,10.49,ADX ≥ 20.0;MACD 🚀;SuperTracker ↑
2025-08-01T05:53:17.320093,WYNN,109.03,29.86,0.22,0.21,21.86,16.41,ADX ≥ 20.0;MACD 🚀;SuperTracker ↑
2025-08-01T05:53:18.566269,XYL,144.67,39.92,0.40,0.28,22.76,17.06,ADX ≥ 20.0;MACD 🚀;SuperTracker ↑;RSI 📈;Price > SMA20
2025-08-01T05:53:32.951256,ARE,76.39,35.51,0.18,0.23,4.65,-2.57,ADX ≥ 20.0;MACD 🚀;SuperTracker ↑
2025-08-01T05:53:35.715630,GOOGL,191.90,25.60,0.38,0.20,41.73,15.78,ADX ≥ 20.0;MACD 🚀;SuperTracker ↑;Price > SMA20
2025-08-01T05:53:36.437142,GOOG,192.86,29.70,0.36,0.19,36.63,12.99,ADX ≥ 20.0;MACD 🚀;SuperTracker ↑
2025-08-01T05:53:40.795041,AWK,140.24,23.27,0.36,0.26,32.48,29.81,ADX ≥ 20.0;MACD 🚀;SuperTracker ↑;Price > SMA20
2025-08-01T05:53:43.365808,ADI,224.63,20.36,0.49,0.22,11.64,0.06,ADX ≥ 20.0;MACD 🚀;SuperTracker ↑;Price > SMA20
2025-08-01T05:53:46.422235,AMAT,180.06,20.28,0.52,0.29,11.32,-2.00,ADX ≥ 20.0;MACD 🚀;SuperTracker ↑;BB breakout;RSI 📈;Price > SMA20
2025-08-01T05:53:50.478704,ATO,155.89,22.45,0.23,0.15,48.03,23.61,ADX ≥ 20.0;MACD 🚀;SuperTracker ↑;Price > SMA20
2025-08-01T05:54:00.331290,BKNG,5504.06,20.63,9.50,0.17,38.30,12.72,ADX ≥ 20.0;MACD 🚀;SuperTracker ↑;ATR14 ≥ 2.0
2025-08-01T05:54:06.318433,CPT,109.15,49.92,0.25,0.23,14.59,8.46,ADX ≥ 20.0;MACD 🚀;SuperTracker ↑;BB breakout
2025-08-01T05:54:08.000980,CAH,155.03,33.73,0.37,0.24,15.79,2.69,ADX ≥ 20.0;MACD 🚀;SuperTracker ↑
2025-08-01T05:54:16.798330,CHD,93.73,63.47,0.25,0.27,72.50,57.05,ADX ≥ 20.0;MACD 🚀;SuperTracker ↑
2025-08-01T05:54:20.376116,CLX,125.33,21.58,0.30,0.24,42.04,28.44,ADX ≥ 20.0;MACD 🚀;SuperTracker ↑
2025-08-01T05:54:23.941759,CAG,18.26,44.10,0.04,0.24,24.23,14.63,ADX ≥ 20.0;MACD 🚀;SuperTracker ↑
2025-08-01T05:54:25.635031,STZ,166.94,56.40,0.35,0.21,35.09,19.27,ADX ≥ 20.0;MACD 🚀;SuperTracker ↑
2025-08-01T05:54:26.394878,CEG,347.84,25.40,0.74,0.21,17.62,-0.78,ADX ≥ 20.0;MACD 🚀;SuperTracker ↑;BB breakout;Price > SMA20
2025-08-01T05:54:29.425431,CSGP,95.19,34.70,0.17,0.18,3.41,-1.35,ADX ≥ 20.0;MACD 🚀;SuperTracker ↑;BB breakout
2025-08-01T05:54:40.849626,DPZ,463.21,33.96,0.95,0.20,6.73,3.29,ADX ≥ 20.0;MACD 🚀;SuperTracker ↑
2025-08-01T05:54:45.327832,EBAY,91.75,23.62,0.32,0.35,22.52,11.78,ADX ≥ 20.0;MACD 🚀;SuperTracker ↑
2025-08-01T05:54:46.608475,EIX,52.12,30.26,0.13,0.24,27.12,13.53,ADX ≥ 20.0;MACD 🚀;SuperTracker ↑;RSI 📈;Price > SMA20
2025-08-01T05:54:48.846248,EMR,145.51,28.59,0.26,0.18,34.94,15.54,ADX ≥ 20.0;MACD 🚀;SuperTracker ↑
2025-08-01T05:54:50.008015,ETR,90.43,25.29,0.18,0.20,50.55,25.04,ADX ≥ 20.0;MACD 🚀;SuperTracker ↑;Price > SMA20
2025-08-01T05:54:51.676361,EQT,53.75,20.66,0.13,0.25,3.71,-2.34,ADX ≥ 20.0;MACD 🚀;SuperTracker ↑;Price > SMA20
2025-08-01T05:54:53.394339,EQR,63.18,52.70,0.14,0.22,25.68,8.35,ADX ≥ 20.0;MACD 🚀;SuperTracker ↑
2025-08-01T05:54:54.467209,ESS,260.10,56.73,0.62,0.24,40.53,20.33,ADX ≥ 20.0;MACD 🚀;SuperTracker ↑
2025-08-01T05:54:56.529083,ES,66.13,35.57,0.12,0.18,31.06,15.79,ADX ≥ 20.0;MACD 🚀;SuperTracker ↑;BB breakout;Price > SMA20
2025-08-01T05:54:57.190002,EXC,44.94,28.85,0.09,0.19,29.17,8.35,ADX ≥ 20.0;MACD 🚀;SuperTracker ↑;BB breakout;RSI 📈;Price > SMA20
2025-08-01T05:54:57.848760,EXE,104.78,49.50,0.21,0.20,12.89,4.90,ADX ≥ 20.0;MACD 🚀;SuperTracker ↑;BB breakout;RSI 📈;Price > SMA20
2025-08-01T05:55:02.359988,FRT,92.14,23.85,0.17,0.18,22.04,5.97,ADX ≥ 20.0;MACD 🚀;SuperTracker ↑;BB breakout;RSI 📈;Price > SMA20
2025-08-01T05:55:05.218339,FE,42.70,25.24,0.09,0.21,32.60,11.48,ADX ≥ 20.0;MACD 🚀;SuperTracker ↑;BB breakout;Price > SMA20
2025-08-01T05:55:06.550208,F,11.08,37.11,0.03,0.25,13.51,8.29,ADX ≥ 20.0;MACD 🚀;SuperTracker ↑;BB breakout;RSI 📈;Price > SMA20
2025-08-01T05:55:12.161080,GEHC,71.32,31.53,0.16,0.23,11.36,1.62,ADX ≥ 20.0;MACD 🚀;SuperTracker ↑
2025-08-01T05:55:13.028896,GEV,660.39,20.67,1.80,0.27,13.01,3.80,ADX ≥ 20.0;MACD 🚀;SuperTracker ↑
2025-08-01T05:55:14.929108,GD,311.64,28.35,0.37,0.12,33.31,15.46,ADX ≥ 20.0;MACD 🚀;SuperTracker ↑;BB breakout;Price > SMA20
2025-08-01T05:55:15.743232,GIS,48.99,40.43,0.08,0.16,18.98,7.33,ADX ≥ 20.0;MACD 🚀;SuperTracker ↑
2025-08-01T05:55:16.990989,GPC,128.90,23.96,0.24,0.18,21.43,13.32,ADX ≥ 20.0;MACD 🚀;SuperTracker ↑
2025-08-01T05:55:17.799044,GILD,112.29,41.95,0.30,0.26,6.92,-8.11,ADX ≥ 20.0;MACD 🚀;SuperTracker ↑
2025-08-01T05:55:27.538668,HRL,28.07,31.37,0.06,0.20,32.79,24.51,ADX ≥ 20.0;MACD 🚀;SuperTracker ↑
2025-08-01T05:55:30.691119,HUM,249.62,23.66,0.97,0.39,6.25,0.79,ADX ≥ 20.0;MACD 🚀;SuperTracker ↑
2025-08-01T05:55:34.713468,INCY,74.89,58.29,0.22,0.30,10.66,7.93,ADX ≥ 20.0;MACD 🚀;SuperTracker ↑;BB breakout;Price > SMA20
2025-08-01T05:55:38.515280,IPG,24.61,39.87,0.06,0.26,9.43,8.86,ADX ≥ 20.0;MACD 🚀;SuperTracker ↑;BB breakout
2025-08-01T05:55:41.140398,IQV,185.89,30.18,0.51,0.28,14.65,5.93,ADX ≥ 20.0;MACD 🚀;SuperTracker ↑
2025-08-01T05:55:44.068038,J,141.88,26.31,0.24,0.17,28.00,17.47,ADX ≥ 20.0;MACD 🚀;SuperTracker ↑
2025-08-01T05:55:46.360117,JNPR,0.00,49.78,0.01,inf,28.22,20.59,ADX ≥ 20.0;MACD 🚀;SuperTracker ↑;ATR % ≥ 0.5%
2025-08-01T05:55:50.241252,KIM,21.23,54.92,0.05,0.24,16.97,5.23,ADX ≥ 20.0;MACD 🚀;SuperTracker ↑
2025-08-01T05:55:51.057484,KMI,28.05,41.94,0.04,0.15,26.91,4.64,ADX ≥ 20.0;MACD 🚀;SuperTracker ↑;BB breakout;RSI 📈;Price > SMA20
2025-08-01T05:55:54.387326,LH,259.98,36.33,0.48,0.19,43.35,20.01,ADX ≥ 20.0;MACD 🚀;SuperTracker ↑
2025-08-01T05:55:55.636353,LW,57.05,21.01,0.16,0.28,29.30,14.88,ADX ≥ 20.0;MACD 🚀;SuperTracker ↑;BB breakout;Price > SMA20
2025-08-01T05:56:05.390255,MAR,263.83,28.76,0.53,0.20,43.73,30.73,ADX ≥ 20.0;MACD 🚀;SuperTracker ↑
2025-08-01T05:56:06.677355,MLM,575.16,21.19,1.06,0.18,18.88,11.25,ADX ≥ 20.0;MACD 🚀;SuperTracker ↑;BB breakout;RSI 📈;Price > SMA20
2025-08-01T05:56:14.650470,MU,109.14,32.26,0.36,0.33,11.18,-1.06,ADX ≥ 20.0;MACD 🚀;SuperTracker ↑;BB breakout;RSI 📈;Price > SMA20
2025-08-01T05:56:19.954323,MNST,58.75,72.54,0.22,0.38,57.13,49.44,ADX ≥ 20.0;MACD 🚀;SuperTracker ↑
2025-08-01T05:56:26.615269,NEE,71.06,27.78,0.15,0.20,26.68,13.83,ADX ≥ 20.0;MACD 🚀;SuperTracker ↑;BB breakout;RSI 📈;Price > SMA20
2025-08-01T05:56:27.301837,NKE,74.69,47.41,0.18,0.24,15.80,6.43,ADX ≥ 20.0;MACD 🚀;SuperTracker ↑;Price > SMA20
2025-08-01T05:56:30.406086,NOC,576.59,37.98,0.57,0.10,23.77,7.45,ADX ≥ 20.0;MACD 🚀;SuperTracker ↑;RSI 📈;Price > SMA20
2025-08-01T05:56:31.138215,NCLH,25.55,28.63,0.10,0.40,15.82,7.12,ADX ≥ 20.0;MACD 🚀;SuperTracker ↑;BB breakout;Price > SMA20
2025-08-01T05:56:33.018591,NVDA,177.87,20.36,0.53,0.30,7.91,-2.30,ADX ≥ 20.0;MACD 🚀;SuperTracker ↑;Price > SMA20
2025-08-01T05:56:35.717831,ODFL,149.25,27.91,0.52,0.35,38.87,26.73,ADX ≥ 20.0;MACD 🚀;SuperTracker ↑;BB breakout;RSI 📈;Price > SMA20
2025-08-01T05:56:39.225989,PCAR,98.76,25.18,0.20,0.20,24.73,14.52,ADX ≥ 20.0;MACD 🚀;SuperTracker ↑
2025-08-01T05:56:43.582812,PYPL,68.76,23.24,0.14,0.20,33.08,19.18,ADX ≥ 20.0;MACD 🚀;SuperTracker ↑
2025-08-01T05:56:45.369923,PFE,23.29,59.71,0.06,0.24,19.49,-2.34,ADX ≥ 20.0;MACD 🚀;SuperTracker ↑
2025-08-01T05:56:47.674409,PNW,90.68,23.32,0.14,0.16,36.84,21.44,ADX ≥ 20.0;MACD 🚀;SuperTracker ↑;BB breakout;RSI 📈;Price > SMA20
2025-08-01T05:56:52.237410,PLD,106.78,22.33,0.23,0.22,10.13,0.34,ADX ≥ 20.0;MACD 🚀;SuperTracker ↑
2025-08-01T05:56:54.130159,PTC,214.81,40.05,0.64,0.30,19.32,10.33,ADX ≥ 20.0;MACD 🚀;SuperTracker ↑
2025-08-01T05:56:55.910930,PWR,406.39,20.58,0.85,0.21,10.26,-6.03,ADX ≥ 20.0;MACD 🚀;SuperTracker ↑;BB breakout;RSI 📈;Price > SMA20
2025-08-01T05:56:59.424040,O,56.16,50.76,0.08,0.15,25.68,13.84,ADX ≥ 20.0;MACD 🚀;SuperTracker ↑
2025-08-01T05:57:00.077108,REG,71.40,31.66,0.13,0.18,15.61,13.66,ADX ≥ 20.0;MACD 🚀;SuperTracker ↑
2025-08-01T05:57:00.888009,REGN,545.46,52.15,1.36,0.25,5.72,-4.52,ADX ≥ 20.0;MACD 🚀;SuperTracker ↑;BB breakout
2025-08-01T05:57:08.206781,STX,157.01,39.60,0.50,0.32,8.88,3.99,ADX ≥ 20.0;MACD 🚀;SuperTracker ↑;RSI 📈;Price > SMA20
2025-08-01T05:57:10.294069,SPG,163.82,22.21,0.29,0.18,4.88,-4.48,ADX ≥ 20.0;MACD 🚀;SuperTracker ↑
2025-08-01T05:57:11.300196,SJM,107.29,44.45,0.23,0.21,20.20,14.72,ADX ≥ 20.0;MACD 🚀;SuperTracker ↑;BB breakout
2025-08-01T05:57:13.253868,SO,94.44,33.57,0.23,0.25,15.96,2.18,ADX ≥ 20.0;MACD 🚀;SuperTracker ↑;BB breakout;RSI 📈;Price > SMA20
2025-08-01T05:57:20.966933,TRGP,166.37,27.31,0.30,0.18,5.56,-1.78,ADX ≥ 20.0;MACD 🚀;SuperTracker ↑
2025-08-01T05:57:26.638711,TSCO,56.95,52.86,0.12,0.20,5.02,-2.29,ADX ≥ 20.0;MACD 🚀;SuperTracker ↑
2025-08-01T05:57:29.533782,TYL,584.48,67.76,1.94,0.33,10.30,-0.66,ADX ≥ 20.0;MACD 🚀;SuperTracker ↑;RSI 📈;Price > SMA20
2025-08-01T05:57:31.720708,UDR,39.28,38.02,0.10,0.26,6.02,-5.11,ADX ≥ 20.0;MACD 🚀;SuperTracker ↑;BB breakout;RSI 📈;Price > SMA20
2025-08-01T05:57:34.874509,UNH,249.58,44.55,0.85,0.34,24.25,11.74,ADX ≥ 20.0;MACD 🚀;SuperTracker ↑
2025-08-01T05:57:38.202103,VRSK,278.71,33.01,0.60,0.22,29.47,21.09,ADX ≥ 20.0;MACD 🚀;SuperTracker ↑;RSI 📈;Price > SMA20
2025-08-01T05:57:39.828865,VTRS,8.74,56.07,0.02,0.26,12.06,3.96,ADX ≥ 20.0;MACD 🚀;SuperTracker ↑
2025-08-01T05:57:44.677862,DIS,119.10,21.88,0.17,0.14,29.62,13.26,ADX ≥ 20.0;MACD 🚀;SuperTracker ↑
2025-08-01T05:57:46.661090,WEC,109.10,21.76,0.17,0.16,23.13,8.01,ADX ≥ 20.0;MACD 🚀;SuperTracker ↑;BB breakout;RSI 📈;Price > SMA20
2025-08-01T05:57:48.201913,WST,239.02,69.80,0.63,0.26,27.59,10.49,ADX ≥ 20.0;MACD 🚀;SuperTracker ↑
2025-08-01T05:57:51.494330,WYNN,109.03,29.86,0.22,0.21,21.86,16.41,ADX ≥ 20.0;MACD 🚀;SuperTracker ↑
2025-08-01T05:57:52.617935,XYL,144.67,39.92,0.40,0.28,22.76,17.06,ADX ≥ 20.0;MACD 🚀;SuperTracker ↑;RSI 📈;Price > SMA20
2025-08-01T06:04:48.656138,AES,13.08,23.07,0.04,0.34,4.98,-6.03,ADX ≥ 20.0;MACD 🚀;SuperTracker ↑;RSI 📈
2025-08-01T06:04:52.528653,ARE,78.03,35.51,0.18,0.23,4.65,-2.57,ADX ≥ 20.0;MACD 🚀;SuperTracker ↑;BB breakout;Price > SMA20
2025-08-01T06:04:55.162615,GOOGL,196.53,25.60,0.38,0.19,41.73,15.78,ADX ≥ 20.0;MACD 🚀;SuperTracker ↑;BB breakout;Price > SMA20
2025-08-01T06:04:55.945036,GOOG,197.44,29.70,0.36,0.18,36.63,12.99,ADX ≥ 20.0;MACD 🚀;SuperTracker ↑;BB breakout;Price > SMA20
2025-08-01T06:05:00.501838,AWK,139.65,23.27,0.36,0.26,32.48,29.81,ADX ≥ 20.0;MACD 🚀;SuperTracker ↑
2025-08-01T06:05:03.239978,ADI,231.11,20.36,0.49,0.21,11.64,0.06,ADX ≥ 20.0;MACD 🚀;SuperTracker ↑;BB breakout;Price > SMA20
2025-08-01T06:05:06.364654,AMAT,189.39,20.28,0.52,0.27,11.32,-2.00,ADX ≥ 20.0;MACD 🚀;SuperTracker ↑;BB breakout;RSI 📈;Price > SMA20
2025-08-01T06:05:10.650075,ATO,156.20,22.45,0.23,0.15,48.03,23.61,ADX ≥ 20.0;MACD 🚀;SuperTracker ↑;BB breakout;Price > SMA20
2025-08-01T06:05:20.852766,BKNG,5612.91,20.63,9.50,0.17,38.30,12.72,ADX ≥ 20.0;MACD 🚀;SuperTracker ↑;BB breakout;ATR14 ≥ 2.0;Price > SMA20
2025-08-01T06:05:24.219281,BLDR,126.11,48.16,0.55,0.44,6.91,-2.50,ADX ≥ 20.0;MACD 🚀;SuperTracker ↑;RSI 📈
2025-08-01T06:05:27.300642,CPT,112.12,49.92,0.25,0.22,14.59,8.46,ADX ≥ 20.0;MACD 🚀;SuperTracker ↑;BB breakout;Price > SMA20
2025-08-01T06:05:28.944920,CAH,157.90,33.73,0.37,0.24,15.79,2.69,ADX ≥ 20.0;MACD 🚀;SuperTracker ↑;BB breakout;Price > SMA20
2025-08-01T06:05:38.429541,CHD,95.95,63.47,0.25,0.26,72.50,57.05,ADX ≥ 20.0;MACD 🚀;SuperTracker ↑;BB breakout;Price > SMA20
2025-08-01T06:05:42.218774,CLX,126.18,21.58,0.30,0.24,42.04,28.44,ADX ≥ 20.0;MACD 🚀;SuperTracker ↑;BB breakout;Price > SMA20
2025-08-01T06:05:43.547960,CMS,72.17,31.82,0.13,0.18,39.82,12.61,ADX ≥ 20.0;MACD 🚀;SuperTracker ↑;RSI 📈
2025-08-01T06:05:46.999615,CAG,18.53,44.10,0.04,0.24,24.23,14.63,ADX ≥ 20.0;MACD 🚀;SuperTracker ↑;BB breakout;Price > SMA20
2025-08-01T06:05:48.886493,STZ,171.46,56.40,0.35,0.21,35.09,19.27,ADX ≥ 20.0;MACD 🚀;SuperTracker ↑;BB breakout;Price > SMA20
2025-08-01T06:05:49.808697,CEG,345.27,25.40,0.74,0.22,17.62,-0.78,ADX ≥ 20.0;MACD 🚀;SuperTracker ↑
2025-08-01T06:05:53.364385,CSGP,96.25,34.70,0.17,0.18,3.41,-1.35,ADX ≥ 20.0;MACD 🚀;SuperTracker ↑;BB breakout;Price > SMA20
2025-08-01T06:06:06.649500,DPZ,475.38,33.96,0.95,0.20,6.73,3.29,ADX ≥ 20.0;MACD 🚀;SuperTracker ↑;BB breakout;Price > SMA20
2025-08-01T06:06:09.973042,DTE,135.38,22.05,0.22,0.16,40.00,18.27,ADX ≥ 20.0;MACD 🚀;SuperTracker ↑;RSI 📈
2025-08-01T06:06:13.080045,EBAY,77.56,23.62,0.32,0.41,22.52,11.78,ADX ≥ 20.0;MACD 🚀;SuperTracker ↑
2025-08-01T06:06:14.360200,EIX,51.69,30.26,0.13,0.24,27.12,13.53,ADX ≥ 20.0;MACD 🚀;SuperTracker ↑;RSI 📈
2025-08-01T06:06:16.926646,EMR,146.06,28.59,0.26,0.18,34.94,15.54,ADX ≥ 20.0;MACD 🚀;SuperTracker ↑;BB breakout;Price > SMA20
2025-08-01T06:06:18.262965,ETR,89.29,25.29,0.18,0.20,50.55,25.04,ADX ≥ 20.0;MACD 🚀;SuperTracker ↑
2025-08-01T06:06:20.200009,EQT,53.36,20.66,0.13,0.25,3.71,-2.34,ADX ≥ 20.0;MACD 🚀;SuperTracker ↑
2025-08-01T06:06:21.951176,EQR,65.30,52.70,0.14,0.21,25.68,8.35,ADX ≥ 20.0;MACD 🚀;SuperTracker ↑;BB breakout;Price > SMA20
2025-08-01T06:06:23.328117,ESS,268.46,56.73,0.62,0.23,40.53,20.33,ADX ≥ 20.0;MACD 🚀;SuperTracker ↑;BB breakout;Price > SMA20
2025-08-01T06:06:25.784880,ES,65.99,35.57,0.12,0.18,31.06,15.79,ADX ≥ 20.0;MACD 🚀;SuperTracker ↑
2025-08-01T06:06:26.609014,EXC,44.26,28.85,0.09,0.19,29.17,8.35,ADX ≥ 20.0;MACD 🚀;SuperTracker ↑;RSI 📈
2025-08-01T06:06:27.436806,EXE,104.21,49.50,0.21,0.20,12.89,4.90,ADX ≥ 20.0;MACD 🚀;SuperTracker ↑;RSI 📈;Price > SMA20
2025-08-01T06:06:32.379477,FRT,93.58,23.85,0.17,0.18,22.04,5.97,ADX ≥ 20.0;MACD 🚀;SuperTracker ↑;BB breakout;RSI 📈;Price > SMA20
2025-08-01T06:06:35.320409,FE,41.79,25.24,0.09,0.22,32.60,11.48,ADX ≥ 20.0;MACD 🚀;SuperTracker ↑
2025-08-01T06:06:36.617575,F,10.87,37.11,0.03,0.25,13.51,8.29,ADX ≥ 20.0;MACD 🚀;SuperTracker ↑;RSI 📈
2025-08-01T06:06:42.079318,GEHC,71.64,31.53,0.16,0.23,11.36,1.62,ADX ≥ 20.0;MACD 🚀;SuperTracker ↑;BB breakout;Price > SMA20
2025-08-01T06:06:42.876296,GEV,655.00,20.67,1.80,0.27,13.01,3.80,ADX ≥ 20.0;MACD 🚀;SuperTracker ↑
2025-08-01T06:06:44.649124,GD,312.18,28.35,0.37,0.12,33.31,15.46,ADX ≥ 20.0;MACD 🚀;SuperTracker ↑;BB breakout;Price > SMA20
2025-08-01T06:06:45.321200,GIS,49.21,40.43,0.08,0.16,18.98,7.33,ADX ≥ 20.0;MACD 🚀;SuperTracker ↑;BB breakout;Price > SMA20
2025-08-01T06:06:46.619442,GPC,132.03,23.96,0.24,0.18,21.43,13.32,ADX ≥ 20.0;MACD 🚀;SuperTracker ↑;BB breakout;Price > SMA20
2025-08-01T06:06:47.208064,GILD,114.76,41.95,0.30,0.26,6.92,-8.11,ADX ≥ 20.0;MACD 🚀;SuperTracker ↑;BB breakout;Price > SMA20
2025-08-01T06:06:56.348814,HRL,28.29,31.37,0.06,0.20,32.79,24.51,ADX ≥ 20.0;MACD 🚀;SuperTracker ↑;BB breakout;Price > SMA20
2025-08-01T06:06:59.269607,HUM,261.47,23.66,0.97,0.37,6.25,0.79,ADX ≥ 20.0;MACD 🚀;SuperTracker ↑;BB breakout;Price > SMA20
2025-08-01T06:07:02.816258,INCY,77.55,58.29,0.22,0.29,10.66,7.93,ADX ≥ 20.0;MACD 🚀;SuperTracker ↑;BB breakout;Price > SMA20
2025-08-01T06:07:06.271603,IPG,24.84,39.87,0.06,0.26,9.43,8.86,ADX ≥ 20.0;MACD 🚀;SuperTracker ↑;BB breakout;Price > SMA20
2025-08-01T06:07:08.693915,IQV,191.54,30.18,0.51,0.27,14.65,5.93,ADX ≥ 20.0;MACD 🚀;SuperTracker ↑;BB breakout;Price > SMA20
2025-08-01T06:07:11.178770,J,141.40,26.31,0.24,0.17,28.00,17.47,ADX ≥ 20.0;MACD 🚀;SuperTracker ↑
2025-08-01T06:07:13.116446,JNPR,0.00,49.78,0.01,inf,28.22,20.59,ADX ≥ 20.0;MACD 🚀;SuperTracker ↑;ATR % ≥ 0.5%
2025-08-01T06:07:16.596992,KIM,21.90,54.92,0.05,0.23,16.97,5.23,ADX ≥ 20.0;MACD 🚀;SuperTracker ↑;BB breakout;Price > SMA20
2025-08-01T06:07:17.209818,KMI,27.72,41.94,0.04,0.15,26.91,4.64,ADX ≥ 20.0;MACD 🚀;SuperTracker ↑;RSI 📈
2025-08-01T06:07:20.575295,LH,263.91,36.33,0.48,0.18,43.35,20.01,ADX ≥ 20.0;MACD 🚀;SuperTracker ↑;BB breakout;Price > SMA20
2025-08-01T06:07:21.640312,LW,58.70,21.01,0.16,0.27,29.30,14.88,ADX ≥ 20.0;MACD 🚀;SuperTracker ↑;BB breakout;Price > SMA20
2025-08-01T06:07:29.549619,MAR,270.04,28.76,0.53,0.19,43.73,30.73,ADX ≥ 20.0;MACD 🚀;SuperTracker ↑;BB breakout;Price > SMA20
2025-08-01T06:07:30.648010,MLM,575.32,21.19,1.06,0.18,18.88,11.25,ADX ≥ 20.0;MACD 🚀;SuperTracker ↑;BB breakout;RSI 📈;Price > SMA20
2025-08-01T06:07:41.128707,MU,114.74,32.26,0.36,0.31,11.18,-1.06,ADX ≥ 20.0;MACD 🚀;SuperTracker ↑;BB breakout;RSI 📈;Price > SMA20
2025-08-01T06:07:45.582170,MNST,61.04,72.54,0.22,0.37,57.13,49.44,ADX ≥ 20.0;MACD 🚀;SuperTracker ↑;BB breakout;Price > SMA20
2025-08-01T06:07:51.830996,NEE,70.99,27.78,0.15,0.21,26.68,13.83,ADX ≥ 20.0;MACD 🚀;SuperTracker ↑;RSI 📈;Price > SMA20
2025-08-01T06:07:52.569150,NKE,76.68,47.41,0.18,0.23,15.80,6.43,ADX ≥ 20.0;MACD 🚀;SuperTracker ↑;BB breakout;Price > SMA20
2025-08-01T06:07:55.072351,NOC,572.81,37.98,0.57,0.10,23.77,7.45,ADX ≥ 20.0;MACD 🚀;SuperTracker ↑;RSI 📈
2025-08-01T06:07:55.812150,NCLH,23.40,28.63,0.10,0.44,15.82,7.12,ADX ≥ 20.0;MACD 🚀;SuperTracker ↑
2025-08-01T06:07:57.491581,NVDA,179.27,20.36,0.53,0.29,7.91,-2.30,ADX ≥ 20.0;MACD 🚀;SuperTracker ↑;BB breakout;Price > SMA20
2025-08-01T06:07:59.990384,ODFL,146.46,27.91,0.52,0.36,38.87,26.73,ADX ≥ 20.0;MACD 🚀;SuperTracker ↑;RSI 📈
2025-08-01T06:08:03.035885,PCAR,99.00,25.18,0.20,0.20,24.73,14.52,ADX ≥ 20.0;MACD 🚀;SuperTracker ↑;BB breakout;Price > SMA20
2025-08-01T06:08:07.332838,PYPL,69.71,23.24,0.14,0.20,33.08,19.18,ADX ≥ 20.0;MACD 🚀;SuperTracker ↑;BB breakout;Price > SMA20
2025-08-01T06:08:09.040975,PFE,23.81,59.71,0.06,0.23,19.49,-2.34,ADX ≥ 20.0;MACD 🚀;SuperTracker ↑;BB breakout;Price > SMA20
2025-08-01T06:08:11.189135,PNW,89.50,23.32,0.14,0.16,36.84,21.44,ADX ≥ 20.0;MACD 🚀;SuperTracker ↑;RSI 📈
2025-08-01T06:08:15.443668,PLD,108.49,22.33,0.23,0.21,10.13,0.34,ADX ≥ 20.0;MACD 🚀;SuperTracker ↑;BB breakout;Price > SMA20
2025-08-01T06:08:16.931404,PTC,202.51,40.05,0.64,0.32,19.32,10.33,ADX ≥ 20.0;MACD 🚀;SuperTracker ↑
2025-08-01T06:08:18.699878,PWR,411.11,20.58,0.85,0.21,10.26,-6.03,ADX ≥ 20.0;MACD 🚀;SuperTracker ↑;BB breakout;RSI 📈;Price > SMA20
2025-08-01T06:08:21.763642,O,56.79,50.76,0.08,0.14,25.68,13.84,ADX ≥ 20.0;MACD 🚀;SuperTracker ↑;BB breakout;Price > SMA20
2025-08-01T06:08:22.428273,REG,72.31,31.66,0.13,0.18,15.61,13.66,ADX ≥ 20.0;MACD 🚀;SuperTracker ↑;BB breakout;Price > SMA20
2025-08-01T06:08:23.084064,REGN,554.58,52.15,1.36,0.24,5.72,-4.52,ADX ≥ 20.0;MACD 🚀;SuperTracker ↑;BB breakout;Price > SMA20
2025-08-01T06:08:30.266166,STX,147.42,39.60,0.50,0.34,8.88,3.99,ADX ≥ 20.0;MACD 🚀;SuperTracker ↑;RSI 📈
2025-08-01T06:08:32.398903,SPG,165.46,22.21,0.29,0.17,4.88,-4.48,ADX ≥ 20.0;MACD 🚀;SuperTracker ↑;BB breakout;Price > SMA20
2025-08-01T06:08:33.553148,SJM,109.10,44.45,0.23,0.21,20.20,14.72,ADX ≥ 20.0;MACD 🚀;SuperTracker ↑;BB breakout;Price > SMA20
2025-08-01T06:08:35.665958,SO,94.90,33.57,0.23,0.24,15.96,2.18,ADX ≥ 20.0;MACD 🚀;SuperTracker ↑;BB breakout;RSI 📈;Price > SMA20
2025-08-01T06:08:43.666303,TRGP,166.37,27.31,0.30,0.18,5.56,-1.78,ADX ≥ 20.0;MACD 🚀;SuperTracker ↑
2025-08-01T06:08:49.478624,TSCO,57.83,52.86,0.12,0.20,5.02,-2.29,ADX ≥ 20.0;MACD 🚀;SuperTracker ↑;BB breakout;Price > SMA20
2025-08-01T06:08:52.428863,TYL,554.67,67.76,1.94,0.35,10.30,-0.66,ADX ≥ 20.0;MACD 🚀;SuperTracker ↑;RSI 📈
2025-08-01T06:08:54.397791,UDR,39.79,38.02,0.10,0.25,6.02,-5.11,ADX ≥ 20.0;MACD 🚀;SuperTracker ↑;BB breakout;RSI 📈;Price > SMA20
2025-08-01T06:08:57.648496,UNH,266.04,44.55,0.85,0.32,24.25,11.74,ADX ≥ 20.0;MACD 🚀;SuperTracker ↑;BB breakout;Price > SMA20
2025-08-01T06:09:00.769331,VRSK,275.47,33.01,0.60,0.22,29.47,21.09,ADX ≥ 20.0;MACD 🚀;SuperTracker ↑;RSI 📈
2025-08-01T06:09:02.472548,VTRS,9.00,56.07,0.02,0.25,12.06,3.96,ADX ≥ 20.0;MACD 🚀;SuperTracker ↑;BB breakout;Price > SMA20
2025-08-01T06:09:07.338189,DIS,119.54,21.88,0.17,0.14,29.62,13.26,ADX ≥ 20.0;MACD 🚀;SuperTracker ↑;BB breakout;Price > SMA20
2025-08-01T06:09:09.584700,WEC,108.36,21.76,0.17,0.16,23.13,8.01,ADX ≥ 20.0;MACD 🚀;SuperTracker ↑;RSI 📈
2025-08-01T06:09:11.150047,WST,249.21,69.80,0.63,0.25,27.59,10.49,ADX ≥ 20.0;MACD 🚀;SuperTracker ↑;BB breakout;Price > SMA20
2025-08-01T06:09:14.685523,WYNN,109.53,29.86,0.22,0.20,21.86,16.41,ADX ≥ 20.0;MACD 🚀;SuperTracker ↑;BB breakout;Price > SMA20
2025-08-01T06:09:15.916103,XYL,130.60,39.92,0.40,0.31,22.76,17.06,ADX ≥ 20.0;MACD 🚀;SuperTracker ↑;RSI 📈
2025-08-01T06:09:26.978445,AES,13.08,23.07,0.04,0.34,4.98,-6.03,ADX ≥ 20.0;MACD 🚀;SuperTracker ↑;RSI 📈
2025-08-01T06:09:30.338585,ARE,78.03,35.51,0.18,0.23,4.65,-2.57,ADX ≥ 20.0;MACD 🚀;SuperTracker ↑;BB breakout;Price > SMA20
2025-08-01T06:09:32.804200,GOOGL,196.53,25.60,0.38,0.19,41.73,15.78,ADX ≥ 20.0;MACD 🚀;SuperTracker ↑;BB breakout;Price > SMA20
2025-08-01T06:09:33.495842,GOOG,197.44,29.70,0.36,0.18,36.63,12.99,ADX ≥ 20.0;MACD 🚀;SuperTracker ↑;BB breakout;Price > SMA20
2025-08-01T06:09:38.000663,AWK,139.65,23.27,0.36,0.26,32.48,29.81,ADX ≥ 20.0;MACD 🚀;SuperTracker ↑
2025-08-01T06:09:40.868761,ADI,231.11,20.36,0.49,0.21,11.64,0.06,ADX ≥ 20.0;MACD 🚀;SuperTracker ↑;BB breakout;Price > SMA20
2025-08-01T06:09:43.871199,AMAT,189.39,20.28,0.52,0.27,11.32,-2.00,ADX ≥ 20.0;MACD 🚀;SuperTracker ↑;BB breakout;RSI 📈;Price > SMA20
2025-08-01T06:09:48.093424,ATO,156.20,22.45,0.23,0.15,48.03,23.61,ADX ≥ 20.0;MACD 🚀;SuperTracker ↑;BB breakout;Price > SMA20
2025-08-01T06:09:58.107493,BKNG,5612.91,20.63,9.50,0.17,38.30,12.72,ADX ≥ 20.0;MACD 🚀;SuperTracker ↑;BB breakout;ATR14 ≥ 2.0;Price > SMA20
2025-08-01T06:10:01.673312,BLDR,126.11,48.16,0.55,0.44,6.91,-2.50,ADX ≥ 20.0;MACD 🚀;SuperTracker ↑;RSI 📈
2025-08-01T06:10:04.765008,CPT,112.12,49.92,0.25,0.22,14.59,8.46,ADX ≥ 20.0;MACD 🚀;SuperTracker ↑;BB breakout;Price > SMA20
2025-08-01T06:10:06.303743,CAH,157.90,33.73,0.37,0.24,15.79,2.69,ADX ≥ 20.0;MACD 🚀;SuperTracker ↑;BB breakout;Price > SMA20
2025-08-01T06:10:15.124006,CHD,95.95,63.47,0.25,0.26,72.50,57.05,ADX ≥ 20.0;MACD 🚀;SuperTracker ↑;BB breakout;Price > SMA20
2025-08-01T06:10:18.915433,CLX,126.18,21.58,0.30,0.24,42.04,28.44,ADX ≥ 20.0;MACD 🚀;SuperTracker ↑;BB breakout;Price > SMA20
2025-08-01T06:10:20.069203,CMS,72.17,31.82,0.13,0.18,39.82,12.61,ADX ≥ 20.0;MACD 🚀;SuperTracker ↑;RSI 📈
2025-08-01T06:10:23.141696,CAG,18.53,44.10,0.04,0.24,24.23,14.63,ADX ≥ 20.0;MACD 🚀;SuperTracker ↑;BB breakout;Price > SMA20
2025-08-01T06:10:24.820730,STZ,171.46,56.40,0.35,0.21,35.09,19.27,ADX ≥ 20.0;MACD 🚀;SuperTracker ↑;BB breakout;Price > SMA20
2025-08-01T06:10:25.547530,CEG,345.27,25.40,0.74,0.22,17.62,-0.78,ADX ≥ 20.0;MACD 🚀;SuperTracker ↑
2025-08-01T06:10:28.473738,CSGP,96.25,34.70,0.17,0.18,3.41,-1.35,ADX ≥ 20.0;MACD 🚀;SuperTracker ↑;BB breakout;Price > SMA20
2025-08-01T06:10:39.577523,DPZ,475.38,33.96,0.95,0.20,6.73,3.29,ADX ≥ 20.0;MACD 🚀;SuperTracker ↑;BB breakout;Price > SMA20
2025-08-01T06:10:42.326621,DTE,135.38,22.05,0.22,0.16,40.00,18.27,ADX ≥ 20.0;MACD 🚀;SuperTracker ↑;RSI 📈
2025-08-01T06:10:44.791165,EBAY,77.56,23.62,0.32,0.41,22.52,11.78,ADX ≥ 20.0;MACD 🚀;SuperTracker ↑
2025-08-01T06:10:46.031478,EIX,51.69,30.26,0.13,0.24,27.12,13.53,ADX ≥ 20.0;MACD 🚀;SuperTracker ↑;RSI 📈
2025-08-01T06:10:48.516104,EMR,146.06,28.59,0.26,0.18,34.94,15.54,ADX ≥ 20.0;MACD 🚀;SuperTracker ↑;BB breakout;Price > SMA20
2025-08-01T06:10:53.483306,ETR,89.29,25.29,0.18,0.20,50.55,25.04,ADX ≥ 20.0;MACD 🚀;SuperTracker ↑
2025-08-01T06:10:55.388745,EQT,53.36,20.66,0.13,0.25,3.71,-2.34,ADX ≥ 20.0;MACD 🚀;SuperTracker ↑
2025-08-01T06:10:57.331514,EQR,65.30,52.70,0.14,0.21,25.68,8.35,ADX ≥ 20.0;MACD 🚀;SuperTracker ↑;BB breakout;Price > SMA20
2025-08-01T06:10:58.572400,ESS,268.46,56.73,0.62,0.23,40.53,20.33,ADX ≥ 20.0;MACD 🚀;SuperTracker ↑;BB breakout;Price > SMA20
2025-08-01T06:11:00.941667,ES,65.99,35.57,0.12,0.18,31.06,15.79,ADX ≥ 20.0;MACD 🚀;SuperTracker ↑
2025-08-01T06:11:01.689471,EXC,44.26,28.85,0.09,0.19,29.17,8.35,ADX ≥ 20.0;MACD 🚀;SuperTracker ↑;RSI 📈
2025-08-01T06:11:02.455689,EXE,104.21,49.50,0.21,0.20,12.89,4.90,ADX ≥ 20.0;MACD 🚀;SuperTracker ↑;RSI 📈;Price > SMA20
2025-08-01T06:11:09.651089,FE,41.79,25.24,0.09,0.22,32.60,11.48,ADX ≥ 20.0;MACD 🚀;SuperTracker ↑
2025-08-01T06:11:11.119978,F,10.87,37.11,0.03,0.25,13.51,8.29,ADX ≥ 20.0;MACD 🚀;SuperTracker ↑;RSI 📈
2025-08-01T06:11:16.918395,GEHC,71.64,31.53,0.16,0.23,11.36,1.62,ADX ≥ 20.0;MACD 🚀;SuperTracker ↑;BB breakout;Price > SMA20
2025-08-01T06:11:17.707563,GEV,655.00,20.67,1.80,0.27,13.01,3.80,ADX ≥ 20.0;MACD 🚀;SuperTracker ↑
2025-08-01T06:11:19.516201,GD,312.18,28.35,0.37,0.12,33.31,15.46,ADX ≥ 20.0;MACD 🚀;SuperTracker ↑;BB breakout;Price > SMA20
2025-08-01T06:11:20.257112,GIS,49.21,40.43,0.08,0.16,18.98,7.33,ADX ≥ 20.0;MACD 🚀;SuperTracker ↑;BB breakout;Price > SMA20
2025-08-01T06:11:21.569693,GPC,132.03,23.96,0.24,0.18,21.43,13.32,ADX ≥ 20.0;MACD 🚀;SuperTracker ↑;BB breakout;Price > SMA20
2025-08-01T06:11:22.345166,GILD,114.76,41.95,0.30,0.26,6.92,-8.11,ADX ≥ 20.0;MACD 🚀;SuperTracker ↑;BB breakout;Price > SMA20
2025-08-01T06:11:32.582182,HRL,28.29,31.37,0.06,0.20,32.79,24.51,ADX ≥ 20.0;MACD 🚀;SuperTracker ↑;BB breakout;Price > SMA20
2025-08-01T06:11:35.422352,HUM,261.47,23.66,0.97,0.37,6.25,0.79,ADX ≥ 20.0;MACD 🚀;SuperTracker ↑;BB breakout;Price > SMA20
2025-08-01T06:11:39.438527,INCY,77.55,58.29,0.22,0.29,10.66,7.93,ADX ≥ 20.0;MACD 🚀;SuperTracker ↑;BB breakout;Price > SMA20
2025-08-01T06:11:43.370937,IPG,24.84,39.87,0.06,0.26,9.43,8.86,ADX ≥ 20.0;MACD 🚀;SuperTracker ↑;BB breakout;Price > SMA20
2025-08-01T06:11:46.409646,IQV,191.54,30.18,0.51,0.27,14.65,5.93,ADX ≥ 20.0;MACD 🚀;SuperTracker ↑;BB breakout;Price > SMA20
2025-08-01T06:11:49.156430,J,141.40,26.31,0.24,0.17,28.00,17.47,ADX ≥ 20.0;MACD 🚀;SuperTracker ↑
2025-08-01T13:46:11.967895,ABT,126.19,62.98,0.39,0.31,47.05,39.91,ADX ≥ 20.0;MACD 🚀;SuperTracker ↑
2025-08-01T13:46:15.204235,AES,13.19,26.30,0.11,0.86,113.48,83.72,ADX ≥ 20.0;MACD 🚀;SuperTracker ↑;ATR % ≥ 0.5%;Price > SMA20
2025-08-01T13:46:19.583214,ARE,76.45,34.51,0.24,0.32,46.01,33.42,ADX ≥ 20.0;MACD 🚀;SuperTracker ↑
2025-08-01T13:46:20.435983,ALGN,132.02,20.37,1.11,0.84,58.45,42.79,ADX ≥ 20.0;MACD 🚀;SuperTracker ↑;RSI 📈;ATR % ≥ 0.5%;Price > SMA20
2025-08-01T13:46:27.070990,AEP,113.43,23.90,0.34,0.30,69.30,62.56,ADX ≥ 20.0;MACD 🚀;SuperTracker ↑;BB breakout;RSI 📈;Price > SMA20
2025-08-01T13:46:28.815159,AMT,214.69,27.18,1.44,0.67,153.11,122.97,ADX ≥ 20.0;MACD 🚀;SuperTracker ↑;RSI 📈;ATR % ≥ 0.5%;Price > SMA20
2025-08-01T13:46:29.406300,AWK,142.99,26.97,0.84,0.59,96.52,83.98,ADX ≥ 20.0;MACD 🚀;SuperTracker ↑;RSI 📈;ATR % ≥ 0.5%;Price > SMA20
2025-08-01T13:46:31.684927,AMGN,295.60,23.89,1.01,0.34,84.30,49.84,ADX ≥ 20.0;MACD 🚀;SuperTracker ↑
2025-08-01T13:46:39.792248,T,27.43,34.48,0.09,0.32,76.48,61.73,ADX ≥ 20.0;MACD 🚀;SuperTracker ↑
2025-08-01T13:46:41.937053,AZO,3783.45,57.74,8.43,0.22,30.67,22.91,ADX ≥ 20.0;MACD 🚀;SuperTracker ↑;BB breakout;ATR14 ≥ 2.0
2025-08-01T13:46:47.074823,BRK-B,0.00,49.34,0.99,inf,63.96,51.39,ADX ≥ 20.0;MACD 🚀;SuperTracker ↑;ATR % ≥ 0.5%
2025-08-01T13:46:52.357392,BSX,104.72,44.30,0.29,0.28,75.40,59.41,ADX ≥ 20.0;MACD 🚀;SuperTracker ↑
2025-08-01T13:46:53.124346,BMY,43.74,36.92,0.27,0.62,90.32,61.50,ADX ≥ 20.0;MACD 🚀;SuperTracker ↑;ATR % ≥ 0.5%;Price > SMA20
2025-08-01T13:46:55.118016,BRO,91.45,29.53,0.35,0.39,81.83,67.01,ADX ≥ 20.0;MACD 🚀;SuperTracker ↑
2025-08-01T13:46:59.881199,CPT,109.66,44.29,0.47,0.43,90.10,69.92,ADX ≥ 20.0;MACD 🚀;SuperTracker ↑;BB breakout;RSI 📈;Price > SMA20
2025-08-01T13:47:00.572433,CPB,32.38,20.57,0.11,0.35,81.57,65.22,ADX ≥ 20.0;MACD 🚀;SuperTracker ↑;RSI 📈;Price > SMA20
2025-08-01T13:47:04.715265,CBOE,248.25,28.77,1.44,0.58,141.28,116.23,ADX ≥ 20.0;MACD 🚀;SuperTracker ↑;BB breakout;RSI 📈;ATR % ≥ 0.5%;Price > SMA20
2025-08-01T13:47:06.700802,COR,286.73,22.35,1.01,0.35,81.87,57.37,ADX ≥ 20.0;MACD 🚀;SuperTracker ↑
2025-08-01T13:47:10.556943,CHTR,270.36,42.19,1.05,0.39,57.02,37.59,ADX ≥ 20.0;MACD 🚀;SuperTracker ↑;BB breakout;RSI 📈;Price > SMA20
2025-08-01T13:47:11.274619,CVX,153.43,29.90,0.74,0.48,133.85,99.28,ADX ≥ 20.0;MACD 🚀;SuperTracker ↑;Price > SMA20
2025-08-01T13:47:12.050208,CMG,42.89,45.23,0.16,0.37,78.11,53.42,ADX ≥ 20.0;MACD 🚀;SuperTracker ↑
2025-08-01T13:47:14.024275,CHD,93.83,64.40,0.46,0.49,93.28,86.99,ADX ≥ 20.0;MACD 🚀;SuperTracker ↑
2025-08-01T13:47:14.811699,CI,268.97,37.24,1.98,0.74,51.03,42.67,ADX ≥ 20.0;MACD 🚀;SuperTracker ↑;ATR % ≥ 0.5%
2025-08-01T13:47:18.528035,CLX,125.78,31.73,0.68,0.54,112.01,91.44,ADX ≥ 20.0;MACD 🚀;SuperTracker ↑;ATR % ≥ 0.5%;Price > SMA20
2025-08-01T13:47:19.351076,CME,280.42,33.48,0.66,0.24,71.89,70.77,ADX ≥ 20.0;MACD 🚀;SuperTracker ↑;RSI 📈;Price > SMA20
2025-08-01T13:47:20.218859,CMS,73.98,30.55,0.24,0.32,91.23,72.96,ADX ≥ 20.0;MACD 🚀;SuperTracker ↑;RSI 📈;Price > SMA20
2025-08-01T13:47:21.008695,KO,68.69,48.79,0.24,0.36,116.06,91.10,ADX ≥ 20.0;MACD 🚀;SuperTracker ↑;RSI 📈;Price > SMA20
2025-08-01T13:47:23.177332,CL,85.66,44.11,0.62,0.72,131.56,113.21,ADX ≥ 20.0;MACD 🚀;SuperTracker ↑;RSI 📈;ATR % ≥ 0.5%;Price > SMA20
2025-08-01T13:47:23.948951,CMCSA,33.33,33.11,0.12,0.36,60.82,42.90,ADX ≥ 20.0;MACD 🚀;SuperTracker ↑
2025-08-01T13:47:24.759935,CAG,18.48,41.95,0.08,0.42,86.09,67.71,ADX ≥ 20.0;MACD 🚀;SuperTracker ↑;RSI 📈;Price > SMA20
2025-08-01T13:47:26.277653,ED,104.42,30.20,0.38,0.36,107.74,90.05,ADX ≥ 20.0;MACD 🚀;SuperTracker ↑;RSI 📈;Price > SMA20
2025-08-01T13:47:27.043500,STZ,167.26,52.29,0.57,0.34,86.67,72.26,ADX ≥ 20.0;MACD 🚀;SuperTracker ↑
2025-08-01T13:47:29.281602,CPRT,45.32,59.22,0.13,0.28,60.59,45.29,ADX ≥ 20.0;MACD 🚀;SuperTracker ↑
2025-08-01T13:47:34.964612,CCI,107.39,28.37,0.95,0.89,152.35,125.79,ADX ≥ 20.0;MACD 🚀;SuperTracker ↑;RSI 📈;ATR % ≥ 0.5%;Price > SMA20
2025-08-01T13:47:43.993867,DG,107.05,23.86,0.53,0.49,119.92,92.37,ADX ≥ 20.0;MACD 🚀;SuperTracker ↑;BB breakout;RSI 📈;Price > SMA20
2025-08-01T13:47:45.516769,D,59.98,24.17,0.37,0.62,136.45,107.45,ADX ≥ 20.0;MACD 🚀;SuperTracker ↑;RSI 📈;ATR % ≥ 0.5%;Price > SMA20
2025-08-01T13:47:46.248073,DPZ,463.57,26.18,1.08,0.23,21.42,10.89,ADX ≥ 20.0;MACD 🚀;SuperTracker ↑
2025-08-01T13:47:49.386339,DHI,146.78,34.30,1.13,0.77,140.11,105.19,ADX ≥ 20.0;MACD 🚀;SuperTracker ↑;RSI 📈;ATR % ≥ 0.5%;Price > SMA20
2025-08-01T13:47:50.222495,DTE,138.47,27.77,0.40,0.29,94.95,74.55,ADX ≥ 20.0;MACD 🚀;SuperTracker ↑;Price > SMA20
2025-08-01T13:47:51.040508,DUK,122.13,32.25,0.35,0.29,82.04,63.71,ADX ≥ 20.0;MACD 🚀;SuperTracker ↑;Price > SMA20
2025-08-01T13:47:54.707418,EIX,52.69,24.98,0.24,0.46,89.82,72.49,ADX ≥ 20.0;MACD 🚀;SuperTracker ↑;BB breakout;RSI 📈;Price > SMA20
2025-08-01T13:47:56.022424,EA,153.00,26.65,0.55,0.36,44.63,36.87,ADX ≥ 20.0;MACD 🚀;SuperTracker ↑
2025-08-01T13:48:00.781484,EFX,240.83,43.24,0.85,0.35,95.22,75.42,ADX ≥ 20.0;MACD 🚀;SuperTracker ↑
2025-08-01T13:48:03.363815,ESS,259.77,48.43,1.07,0.41,86.90,66.68,ADX ≥ 20.0;MACD 🚀;SuperTracker ↑
2025-08-01T13:48:10.137485,EXR,137.60,33.41,1.19,0.87,122.99,98.99,ADX ≥ 20.0;MACD 🚀;SuperTracker ↑;ATR % ≥ 0.5%;Price > SMA20
2025-08-01T13:48:16.358338,FSLR,184.60,41.60,2.05,1.11,136.01,108.50,ADX ≥ 20.0;MACD 🚀;SuperTracker ↑;RSI 📈;ATR14 ≥ 2.0;ATR % ≥ 0.5%;Price > SMA20
2025-08-01T13:48:27.852017,GIS,49.60,44.94,0.21,0.41,108.72,84.74,ADX ≥ 20.0;MACD 🚀;SuperTracker ↑;RSI 📈;Price > SMA20
2025-08-01T13:48:29.730109,GILD,113.29,34.78,0.40,0.35,41.74,31.42,ADX ≥ 20.0;MACD 🚀;SuperTracker ↑;Price > SMA20
2025-08-01T13:48:34.865096,HCA,354.81,28.66,1.25,0.35,85.67,66.92,ADX ≥ 20.0;MACD 🚀;SuperTracker ↑
2025-08-01T13:48:36.307400,HSIC,67.90,40.18,0.27,0.39,74.14,61.39,ADX ≥ 20.0;MACD 🚀;SuperTracker ↑
2025-08-01T13:48:37.210740,HSY,189.51,26.18,1.07,0.56,121.27,96.91,ADX ≥ 20.0;MACD 🚀;SuperTracker ↑;RSI 📈;ATR % ≥ 0.5%;Price > SMA20
2025-08-01T13:48:44.607008,HUM,248.80,27.13,1.19,0.48,43.77,31.98,ADX ≥ 20.0;MACD 🚀;SuperTracker ↑
2025-08-01T13:48:49.132062,INCY,74.86,51.15,0.37,0.50,71.41,54.12,ADX ≥ 20.0;MACD 🚀;SuperTracker ↑;Price > SMA20
2025-08-01T13:48:56.080063,INVH,30.79,48.73,0.12,0.38,56.51,46.64,ADX ≥ 20.0;MACD 🚀;SuperTracker ↑
2025-08-01T13:48:59.933689,JKHY,170.02,48.20,0.40,0.24,72.23,50.96,ADX ≥ 20.0;MACD 🚀;SuperTracker ↑
2025-08-01T13:49:02.043724,JCI,105.42,37.03,0.43,0.41,90.62,64.42,ADX ≥ 20.0;MACD 🚀;SuperTracker ↑;Price > SMA20
2025-08-01T13:49:03.490105,JNPR,0.00,49.78,0.01,inf,28.22,20.59,ADX ≥ 20.0;MACD 🚀;SuperTracker ↑;ATR % ≥ 0.5%
2025-08-01T13:49:04.372446,K,79.97,24.25,0.07,0.08,121.68,98.55,ADX ≥ 20.0;MACD 🚀;SuperTracker ↑;RSI 📈;Price > SMA20
2025-08-01T13:49:05.171828,KVUE,21.68,42.29,0.08,0.39,95.07,66.57,ADX ≥ 20.0;MACD 🚀;SuperTracker ↑;Price > SMA20
2025-08-01T13:49:05.976814,KDP,33.02,47.27,0.11,0.34,77.07,68.01,ADX ≥ 20.0;MACD 🚀;SuperTracker ↑;BB breakout;RSI 📈;Price > SMA20
2025-08-01T13:49:08.830530,KMB,133.16,49.64,1.18,0.89,151.63,127.35,ADX ≥ 20.0;MACD 🚀;SuperTracker ↑;RSI 📈;ATR % ≥ 0.5%;Price > SMA20
2025-08-01T13:49:12.114857,KHC,27.50,32.61,0.10,0.36,87.86,68.42,ADX ≥ 20.0;MACD 🚀;SuperTracker ↑
2025-08-01T13:49:13.022351,KR,71.31,39.83,0.38,0.53,131.01,100.52,ADX ≥ 20.0;MACD 🚀;SuperTracker ↑;RSI 📈;ATR % ≥ 0.5%;Price > SMA20
2025-08-01T13:49:18.331658,LEN,114.83,34.97,0.90,0.78,137.19,102.72,ADX ≥ 20.0;MACD 🚀;SuperTracker ↑;RSI 📈;ATR % ≥ 0.5%;Price > SMA20
2025-08-01T13:49:19.884408,LLY,757.36,31.55,5.70,0.75,90.39,55.59,ADX ≥ 20.0;MACD 🚀;SuperTracker ↑;RSI 📈;ATR14 ≥ 2.0;ATR % ≥ 0.5%;Price > SMA20
2025-08-01T13:49:22.713045,LMT,421.01,38.92,0.83,0.20,71.94,47.10,ADX ≥ 20.0;MACD 🚀;SuperTracker ↑
2025-08-01T13:49:26.524462,MKTX,208.88,34.06,0.86,0.41,110.90,79.39,ADX ≥ 20.0;MACD 🚀;SuperTracker ↑;Price > SMA20
2025-08-01T13:49:28.997557,MAS,68.41,30.10,0.29,0.43,85.37,62.96,ADX ≥ 20.0;MACD 🚀;SuperTracker ↑;Price > SMA20
2025-08-01T13:49:32.411173,MKC,70.81,28.44,0.25,0.36,89.69,75.05,ADX ≥ 20.0;MACD 🚀;SuperTracker ↑
2025-08-01T13:49:33.112355,MCD,301.75,25.04,0.80,0.27,101.44,80.15,ADX ≥ 20.0;MACD 🚀;SuperTracker ↑;Price > SMA20
2025-08-01T13:49:39.654711,MAA,142.14,44.83,0.59,0.42,56.56,43.66,ADX ≥ 20.0;MACD 🚀;SuperTracker ↑
2025-08-01T13:49:42.011272,TAP,48.92,28.73,0.17,0.36,78.22,66.09,ADX ≥ 20.0;MACD 🚀;SuperTracker ↑;Price > SMA20
2025-08-01T13:49:42.834904,MDLZ,66.17,31.80,0.22,0.34,103.11,83.74,ADX ≥ 20.0;MACD 🚀;SuperTracker ↑;BB breakout;RSI 📈;Price > SMA20
2025-08-01T13:49:43.567239,MPWR,747.22,30.89,6.83,0.91,122.89,85.83,ADX ≥ 20.0;MACD 🚀;SuperTracker ↑;BB breakout;RSI 📈;ATR14 ≥ 2.0;ATR % ≥ 0.5%;Price > SMA20
2025-08-01T13:49:44.339084,MNST,58.69,58.95,0.34,0.58,58.73,58.55,ADX ≥ 20.0;MACD 🚀;SuperTracker ↑;ATR % ≥ 0.5%
2025-08-01T13:49:49.039639,NFLX,1162.08,49.38,4.22,0.36,92.55,84.08,ADX ≥ 20.0;MACD 🚀;SuperTracker ↑;ATR14 ≥ 2.0
2025-08-01T13:49:49.759113,NEM,62.50,23.28,0.31,0.49,125.69,87.21,ADX ≥ 20.0;MACD 🚀;SuperTracker ↑;Price > SMA20
2025-08-01T13:50:02.649801,OTIS,85.55,48.38,0.21,0.24,70.92,60.28,ADX ≥ 20.0;MACD 🚀;SuperTracker ↑
2025-08-01T13:50:09.198294,PEP,139.58,48.92,0.42,0.30,86.10,78.90,ADX ≥ 20.0;MACD 🚀;SuperTracker ↑;RSI 📈;Price > SMA20
2025-08-01T13:50:10.661367,PFE,23.44,38.54,0.08,0.36,73.46,61.15,ADX ≥ 20.0;MACD 🚀;SuperTracker ↑;RSI 📈;Price > SMA20
2025-08-01T13:50:12.217237,PM,166.21,24.24,0.64,0.39,102.45,95.10,ADX ≥ 20.0;MACD 🚀;SuperTracker ↑;RSI 📈;Price > SMA20
2025-08-01T13:50:16.385195,PPL,35.80,23.95,0.11,0.32,76.56,63.33,ADX ≥ 20.0;MACD 🚀;SuperTracker ↑;Price > SMA20
2025-08-01T13:50:17.900753,PG,153.33,28.16,0.69,0.45,104.81,95.03,ADX ≥ 20.0;MACD 🚀;SuperTracker ↑;RSI 📈;Price > SMA20
2025-08-01T13:50:22.078903,PHM,115.20,26.05,0.69,0.60,119.14,102.78,ADX ≥ 20.0;MACD 🚀;SuperTracker ↑;RSI 📈;ATR % ≥ 0.5%;Price > SMA20
2025-08-01T13:50:23.939155,DGX,168.44,34.99,0.60,0.36,95.84,68.62,ADX ≥ 20.0;MACD 🚀;SuperTracker ↑;Price > SMA20
2025-08-01T13:50:26.357243,O,56.65,48.34,0.20,0.35,105.20,90.29,ADX ≥ 20.0;MACD 🚀;SuperTracker ↑;RSI 📈;Price > SMA20
2025-08-01T13:50:27.694871,REGN,561.10,55.12,5.35,0.95,135.17,115.44,ADX ≥ 20.0;MACD 🚀;SuperTracker ↑;ATR14 ≥ 2.0;ATR % ≥ 0.5%;Price > SMA20
2025-08-01T13:50:29.493552,RMD,273.82,46.23,1.87,0.68,124.95,111.89,ADX ≥ 20.0;MACD 🚀;SuperTracker ↑;ATR % ≥ 0.5%
2025-08-01T13:50:34.793942,SBAC,233.07,43.64,1.17,0.50,144.93,127.69,ADX ≥ 20.0;MACD 🚀;SuperTracker ↑;RSI 📈;ATR % ≥ 0.5%;Price > SMA20
2025-08-01T13:50:37.930025,SHW,335.93,28.19,1.20,0.36,114.53,93.60,ADX ≥ 20.0;MACD 🚀;SuperTracker ↑;BB breakout;RSI 📈;Price > SMA20
2025-08-01T13:50:40.132233,SJM,108.23,39.50,0.37,0.34,68.45,62.84,ADX ≥ 20.0;MACD 🚀;SuperTracker ↑;RSI 📈;Price > SMA20
2025-08-01T13:50:42.274691,SOLV,71.38,52.56,0.19,0.27,69.08,62.28,ADX ≥ 20.0;MACD 🚀;SuperTracker ↑
2025-08-01T13:50:43.363745,SO,94.95,41.13,0.34,0.36,60.03,50.07,ADX ≥ 20.0;MACD 🚀;SuperTracker ↑;RSI 📈;Price > SMA20
2025-08-01T13:50:51.719101,SYY,79.52,37.86,0.22,0.28,86.06,71.42,ADX ≥ 20.0;MACD 🚀;SuperTracker ↑
2025-08-01T13:50:52.559456,TMUS,239.37,23.01,0.72,0.30,93.08,84.61,ADX ≥ 20.0;MACD 🚀;SuperTracker ↑;Price > SMA20
2025-08-01T13:50:53.380382,TROW,101.77,29.28,0.52,0.51,106.37,90.32,ADX ≥ 20.0;MACD 🚀;SuperTracker ↑;ATR % ≥ 0.5%
2025-08-01T13:51:01.615089,TJX,124.34,28.14,0.29,0.23,67.97,63.45,ADX ≥ 20.0;MACD 🚀;SuperTracker ↑
2025-08-01T13:51:06.912508,TYL,584.24,49.14,2.87,0.49,55.31,45.66,ADX ≥ 20.0;MACD 🚀;SuperTracker ↑;ATR14 ≥ 2.0;Price > SMA20
2025-08-01T13:51:07.793364,TSN,52.52,27.48,0.14,0.26,71.78,69.45,ADX ≥ 20.0;MACD 🚀;SuperTracker ↑;Price > SMA20
2025-08-01T13:51:12.852295,UPS,86.25,37.96,0.34,0.40,80.31,56.72,ADX ≥ 20.0;MACD 🚀;SuperTracker ↑;Price > SMA20
2025-08-01T13:51:18.337356,VRSK,281.82,47.80,0.99,0.35,88.58,75.75,ADX ≥ 20.0;MACD 🚀;SuperTracker ↑;RSI 📈;Price > SMA20
2025-08-01T13:51:19.251774,VZ,42.83,33.55,0.14,0.33,84.87,70.95,ADX ≥ 20.0;MACD 🚀;SuperTracker ↑
2025-08-01T13:51:20.037013,VRTX,461.04,58.94,1.73,0.38,85.18,55.23,ADX ≥ 20.0;MACD 🚀;SuperTracker ↑;Price > SMA20
2025-08-01T13:51:20.894984,VTRS,8.71,65.75,0.03,0.39,50.42,45.73,ADX ≥ 20.0;MACD 🚀;SuperTracker ↑
2025-08-01T13:51:24.126471,WRB,68.79,55.04,0.19,0.28,72.68,64.11,ADX ≥ 20.0;MACD 🚀;SuperTracker ↑
2025-08-01T13:51:28.253253,WM,229.17,34.80,0.64,0.28,88.04,86.48,ADX ≥ 20.0;MACD 🚀;SuperTracker ↑
2025-08-01T13:51:28.947166,WAT,286.00,63.87,1.57,0.55,81.94,65.69,ADX ≥ 20.0;MACD 🚀;SuperTracker ↑;ATR % ≥ 0.5%
2025-08-01T13:51:29.629459,WEC,110.44,35.53,0.35,0.32,92.41,76.00,ADX ≥ 20.0;MACD 🚀;SuperTracker ↑;RSI 📈;Price > SMA20
2025-08-01T13:51:31.653911,WST,238.72,63.94,1.00,0.42,72.02,55.72,ADX ≥ 20.0;MACD 🚀;SuperTracker ↑
2025-08-01T13:51:37.922925,YUM,145.19,30.32,0.49,0.34,85.69,82.36,ADX ≥ 20.0;MACD 🚀;SuperTracker ↑
2025-08-01T13:51:41.326223,ZTS,147.20,27.81,0.57,0.38,105.42,84.87,ADX ≥ 20.0;MACD 🚀;SuperTracker ↑;BB breakout;RSI 📈;Price > SMA20
2025-08-01T13:51:48.539011,ABT,126.79,61.60,0.41,0.33,49.25,45.79,ADX ≥ 20.0;MACD 🚀;SuperTracker ↑;BB breakout;Price > SMA20
2025-08-01T13:51:51.376879,AES,13.26,28.16,0.12,0.90,119.49,96.34,ADX ≥ 20.0;MACD 🚀;SuperTracker ↑;ATR % ≥ 0.5%;Price > SMA20
2025-08-01T13:51:59.462410,MO,62.29,20.86,0.19,0.31,93.83,79.45,ADX ≥ 20.0;MACD 🚀;SuperTracker ↑;RSI 📈;Price > SMA20
2025-08-01T13:52:01.446785,AEE,102.49,22.01,0.49,0.48,134.96,116.88,ADX ≥ 20.0;MACD 🚀;SuperTracker ↑;RSI 📈;Price > SMA20
2025-08-01T13:52:04.338732,AMT,214.30,26.37,1.56,0.73,153.49,133.56,ADX ≥ 20.0;MACD 🚀;SuperTracker ↑;RSI 📈;ATR % ≥ 0.5%;Price > SMA20
2025-08-01T13:52:05.077265,AWK,143.13,26.23,0.88,0.61,102.47,91.01,ADX ≥ 20.0;MACD 🚀;SuperTracker ↑;RSI 📈;ATR % ≥ 0.5%;Price > SMA20
2025-08-01T13:52:07.024202,AMGN,296.86,22.93,0.99,0.33,79.03,59.57,ADX ≥ 20.0;MACD 🚀;SuperTracker ↑;Price > SMA20
2025-08-01T13:52:15.823305,T,27.43,33.43,0.09,0.34,77.36,68.01,ADX ≥ 20.0;MACD 🚀;SuperTracker ↑
2025-08-01T13:52:18.545426,AZO,3802.50,54.31,9.16,0.24,49.10,31.64,ADX ≥ 20.0;MACD 🚀;SuperTracker ↑;BB breakout;RSI 📈;ATR14 ≥ 2.0;Price > SMA20
2025-08-01T13:52:19.517852,AVB,185.22,39.01,0.77,0.42,72.46,60.88,ADX ≥ 20.0;MACD 🚀;SuperTracker ↑
2025-08-01T13:52:20.413662,AVY,166.49,34.03,0.66,0.40,104.07,86.07,ADX ≥ 20.0;MACD 🚀;SuperTracker ↑
2025-08-01T13:52:23.528304,BAX,21.98,38.33,0.25,1.12,48.22,44.20,ADX ≥ 20.0;MACD 🚀;SuperTracker ↑;ATR % ≥ 0.5%;Price > SMA20
2025-08-01T13:52:24.857246,BRK-B,0.00,49.13,1.02,inf,60.85,55.50,ADX ≥ 20.0;MACD 🚀;SuperTracker ↑;ATR % ≥ 0.5%
2025-08-01T13:52:26.239521,TECH,54.25,73.65,0.37,0.69,84.27,68.11,ADX ≥ 20.0;MACD 🚀;SuperTracker ↑;ATR % ≥ 0.5%
2025-08-01T13:52:31.412550,BSX,104.78,48.12,0.31,0.30,79.66,67.73,ADX ≥ 20.0;MACD 🚀;SuperTracker ↑
2025-08-01T13:52:32.322500,BMY,44.05,37.10,0.27,0.62,92.87,72.55,ADX ≥ 20.0;MACD 🚀;SuperTracker ↑;ATR % ≥ 0.5%;Price > SMA20
2025-08-01T13:52:34.327248,BRO,91.14,30.33,0.36,0.40,80.52,71.51,ADX ≥ 20.0;MACD 🚀;SuperTracker ↑
2025-08-01T13:52:39.206570,CPT,109.58,43.84,0.47,0.43,92.91,78.28,ADX ≥ 20.0;MACD 🚀;SuperTracker ↑;RSI 📈;Price > SMA20
2025-08-01T13:52:40.057242,CPB,32.40,23.35,0.13,0.41,93.32,76.58,ADX ≥ 20.0;MACD 🚀;SuperTracker ↑;Price > SMA20
2025-08-01T13:52:44.383980,CBOE,248.37,29.05,1.46,0.59,139.07,123.88,ADX ≥ 20.0;MACD 🚀;SuperTracker ↑;RSI 📈;ATR % ≥ 0.5%;Price > SMA20
2025-08-01T13:52:50.025039,CHTR,269.33,44.93,1.14,0.42,72.47,51.39,ADX ≥ 20.0;MACD 🚀;SuperTracker ↑
2025-08-01T13:52:50.901514,CVX,153.24,30.47,0.79,0.51,130.64,110.00,ADX ≥ 20.0;MACD 🚀;SuperTracker ↑;ATR % ≥ 0.5%;Price > SMA20
2025-08-01T13:52:52.783880,CHD,93.68,64.29,0.50,0.53,90.12,89.61,ADX ≥ 20.0;MACD 🚀;SuperTracker ↑;ATR % ≥ 0.5%
2025-08-01T13:52:53.575177,CI,268.98,36.68,2.04,0.76,43.36,42.96,ADX ≥ 20.0;MACD 🚀;SuperTracker ↑;ATR14 ≥ 2.0;ATR % ≥ 0.5%
2025-08-01T13:52:57.455693,CLX,126.29,36.45,0.81,0.64,117.88,101.87,ADX ≥ 20.0;MACD 🚀;SuperTracker ↑;ATR % ≥ 0.5%;Price > SMA20
2025-08-01T13:52:59.767806,CME,280.52,34.32,0.74,0.26,83.74,77.00,ADX ≥ 20.0;MACD 🚀;SuperTracker ↑;RSI 📈;Price > SMA20
2025-08-01T13:53:01.571141,KO,68.75,46.32,0.26,0.38,115.36,99.75,ADX ≥ 20.0;MACD 🚀;SuperTracker ↑;RSI 📈;Price > SMA20
2025-08-01T13:53:03.550529,CL,85.23,40.45,0.67,0.79,131.10,119.56,ADX ≥ 20.0;MACD 🚀;SuperTracker ↑;ATR % ≥ 0.5%;Price > SMA20
2025-08-01T13:53:04.482367,CMCSA,33.31,33.64,0.12,0.37,65.33,51.29,ADX ≥ 20.0;MACD 🚀;SuperTracker ↑
2025-08-01T13:53:05.277332,CAG,18.48,40.56,0.09,0.47,91.33,76.94,ADX ≥ 20.0;MACD 🚀;SuperTracker ↑;Price > SMA20
2025-08-01T13:53:06.984695,ED,104.41,32.24,0.39,0.37,108.72,96.45,ADX ≥ 20.0;MACD 🚀;SuperTracker ↑;RSI 📈;Price > SMA20
2025-08-01T13:53:07.909556,STZ,167.41,48.92,0.63,0.37,85.61,77.83,ADX ≥ 20.0;MACD 🚀;SuperTracker ↑
2025-08-01T13:53:09.395925,COO,70.48,40.76,0.23,0.32,46.67,43.51,ADX ≥ 20.0;MACD 🚀;SuperTracker ↑
2025-08-01T13:53:10.315956,CPRT,45.25,60.17,0.13,0.28,48.06,46.76,ADX ≥ 20.0;MACD 🚀;SuperTracker ↑
2025-08-01T13:53:13.740305,COST,946.98,20.43,2.54,0.27,94.23,84.41,ADX ≥ 20.0;MACD 🚀;SuperTracker ↑;RSI 📈;ATR14 ≥ 2.0;Price > SMA20
2025-08-01T13:53:15.856327,CCI,107.11,31.65,0.97,0.91,152.19,134.65,ADX ≥ 20.0;MACD 🚀;SuperTracker ↑;RSI 📈;ATR % ≥ 0.5%;Price > SMA20
2025-08-01T13:53:18.288520,CVS,62.34,40.18,0.42,0.68,75.21,50.87,ADX ≥ 20.0;MACD 🚀;SuperTracker ↑;ATR % ≥ 0.5%
2025-08-01T13:53:26.833593,DG,107.06,24.35,0.55,0.52,109.63,98.12,ADX ≥ 20.0;MACD 🚀;SuperTracker ↑;RSI 📈;ATR % ≥ 0.5%;Price > SMA20
2025-08-01T13:53:27.632363,DLTR,113.89,21.10,0.38,0.33,86.12,72.08,ADX ≥ 20.0;MACD 🚀;SuperTracker ↑;Price > SMA20
2025-08-01T13:53:28.510219,D,60.13,25.15,0.41,0.67,138.47,118.06,ADX ≥ 20.0;MACD 🚀;SuperTracker ↑;RSI 📈;ATR % ≥ 0.5%;Price > SMA20
2025-08-01T13:53:29.291387,DPZ,463.46,23.77,1.03,0.22,18.14,13.31,ADX ≥ 20.0;MACD 🚀;SuperTracker ↑
2025-08-01T13:53:32.243262,DHI,147.17,35.84,1.17,0.80,138.05,116.23,ADX ≥ 20.0;MACD 🚀;SuperTracker ↑;RSI 📈;ATR % ≥ 0.5%;Price > SMA20
2025-08-01T13:53:33.808953,DUK,122.11,35.33,0.36,0.29,84.33,70.77,ADX ≥ 20.0;MACD 🚀;SuperTracker ↑;Price > SMA20
2025-08-01T13:53:38.133979,EIX,52.41,24.98,0.27,0.51,97.89,81.96,ADX ≥ 20.0;MACD 🚀;SuperTracker ↑;ATR % ≥ 0.5%;Price > SMA20
2025-08-01T13:53:44.448169,EFX,240.74,39.80,0.96,0.40,105.44,87.96,ADX ≥ 20.0;MACD 🚀;SuperTracker ↑
2025-08-01T13:53:51.618960,EXR,137.20,31.88,1.19,0.86,119.57,105.85,ADX ≥ 20.0;MACD 🚀;SuperTracker ↑;ATR % ≥ 0.5%;Price > SMA20
2025-08-01T13:53:58.935668,FSLR,181.91,44.99,2.23,1.23,139.78,119.10,ADX ≥ 20.0;MACD 🚀;SuperTracker ↑;ATR14 ≥ 2.0;ATR % ≥ 0.5%;Price > SMA20
2025-08-01T13:54:09.023933,GIS,49.37,42.92,0.24,0.48,113.25,94.95,ADX ≥ 20.0;MACD 🚀;SuperTracker ↑;Price > SMA20
2025-08-01T13:54:13.159168,GILD,113.08,32.83,0.43,0.38,48.71,38.15,ADX ≥ 20.0;MACD 🚀;SuperTracker ↑;Price > SMA20
2025-08-01T13:54:18.354181,HCA,356.95,29.82,1.49,0.42,91.93,77.22,ADX ≥ 20.0;MACD 🚀;SuperTracker ↑;Price > SMA20
2025-08-01T13:54:19.684203,HSIC,68.06,39.76,0.30,0.44,76.38,67.74,ADX ≥ 20.0;MACD 🚀;SuperTracker ↑;Price > SMA20
2025-08-01T13:54:21.017253,HSY,189.99,27.28,1.17,0.62,124.13,107.36,ADX ≥ 20.0;MACD 🚀;SuperTracker ↑;RSI 📈;ATR % ≥ 0.5%;Price > SMA20
2025-08-01T13:54:28.304255,HUM,250.04,27.32,1.21,0.48,44.90,36.51,ADX ≥ 20.0;MACD 🚀;SuperTracker ↑;BB breakout;Price > SMA20
2025-08-01T13:54:31.595979,IDXX,533.52,62.89,2.06,0.39,62.49,56.28,ADX ≥ 20.0;MACD 🚀;SuperTracker ↑;ATR14 ≥ 2.0
2025-08-01T13:54:32.991764,INCY,74.79,47.91,0.38,0.50,71.33,60.12,ADX ≥ 20.0;MACD 🚀;SuperTracker ↑;ATR % ≥ 0.5%
2025-08-01T13:54:40.259694,INVH,30.79,46.27,0.12,0.38,57.05,50.26,ADX ≥ 20.0;MACD 🚀;SuperTracker ↑;Price > SMA20
2025-08-01T13:54:43.511041,JKHY,170.05,47.06,0.39,0.23,65.57,55.83,ADX ≥ 20.0;MACD 🚀;SuperTracker ↑
2025-08-01T13:54:46.810368,JNPR,0.00,49.78,0.01,inf,28.22,20.59,ADX ≥ 20.0;MACD 🚀;SuperTracker ↑;ATR % ≥ 0.5%
2025-08-01T13:54:47.825263,K,79.97,22.74,0.07,0.09,126.41,108.73,ADX ≥ 20.0;MACD 🚀;SuperTracker ↑;RSI 📈;Price > SMA20
2025-08-01T13:54:48.645200,KVUE,21.63,38.92,0.09,0.42,102.28,78.79,ADX ≥ 20.0;MACD 🚀;SuperTracker ↑;Price > SMA20
2025-08-01T13:54:49.515245,KDP,33.02,45.54,0.12,0.36,73.67,70.53,ADX ≥ 20.0;MACD 🚀;SuperTracker ↑;Price > SMA20
2025-08-01T13:54:52.142892,KMB,133.56,52.81,1.19,0.89,148.03,134.24,ADX ≥ 20.0;MACD 🚀;SuperTracker ↑;RSI 📈;ATR % ≥ 0.5%;Price > SMA20
2025-08-01T13:54:55.635834,KHC,27.46,29.69,0.11,0.40,89.83,76.20,ADX ≥ 20.0;MACD 🚀;SuperTracker ↑
2025-08-01T13:54:56.631789,KR,71.36,35.55,0.39,0.55,125.97,109.28,ADX ≥ 20.0;MACD 🚀;SuperTracker ↑;RSI 📈;ATR % ≥ 0.5%;Price > SMA20
2025-08-01T13:55:01.512470,LEN,115.29,37.28,0.94,0.82,136.22,113.95,ADX ≥ 20.0;MACD 🚀;SuperTracker ↑;RSI 📈;ATR % ≥ 0.5%;Price > SMA20
2025-08-01T13:55:02.368456,LII,605.79,39.80,2.64,0.44,107.71,89.80,ADX ≥ 20.0;MACD 🚀;SuperTracker ↑;ATR14 ≥ 2.0
2025-08-01T13:55:03.314055,LLY,764.50,29.68,6.01,0.79,100.17,70.59,ADX ≥ 20.0;MACD 🚀;SuperTracker ↑;RSI 📈;ATR14 ≥ 2.0;ATR % ≥ 0.5%;Price > SMA20
2025-08-01T13:55:04.105419,LIN,459.95,50.04,2.20,0.48,121.51,107.84,ADX ≥ 20.0;MACD 🚀;SuperTracker ↑;ATR14 ≥ 2.0
2025-08-01T13:55:10.806947,MKTX,207.55,35.67,0.90,0.44,117.51,100.96,ADX ≥ 20.0;MACD 🚀;SuperTracker ↑;Price > SMA20
2025-08-01T13:55:13.028169,MLM,569.95,21.96,3.12,0.55,113.39,102.60,ADX ≥ 20.0;MACD 🚀;SuperTracker ↑;ATR14 ≥ 2.0;ATR % ≥ 0.5%
2025-08-01T13:55:13.874025,MAS,68.32,33.72,0.29,0.43,68.91,68.58,ADX ≥ 20.0;MACD 🚀;SuperTracker ↑
2025-08-01T13:55:17.583335,MCK,694.88,39.47,2.72,0.39,77.85,66.10,ADX ≥ 20.0;MACD 🚀;SuperTracker ↑;ATR14 ≥ 2.0
2025-08-01T13:55:24.482016,MAA,141.78,42.27,0.62,0.44,64.14,50.49,ADX ≥ 20.0;MACD 🚀;SuperTracker ↑
2025-08-01T13:55:28.335872,MDLZ,66.03,34.09,0.25,0.38,96.20,88.56,ADX ≥ 20.0;MACD 🚀;SuperTracker ↑;RSI 📈;Price > SMA20
2025-08-01T13:55:29.330015,MPWR,756.31,40.47,7.62,1.01,126.25,109.41,ADX ≥ 20.0;MACD 🚀;SuperTracker ↑;RSI 📈;ATR14 ≥ 2.0;ATR % ≥ 0.5%;Price > SMA20
2025-08-01T13:55:40.584675,NSC,275.01,31.77,1.23,0.45,114.78,107.65,ADX ≥ 20.0;MACD 🚀;SuperTracker ↑
2025-08-01T13:55:59.363600,PFE,23.43,35.41,0.09,0.37,66.10,64.16,ADX ≥ 20.0;MACD 🚀;SuperTracker ↑;RSI 📈;Price > SMA20
2025-08-01T13:56:00.823690,PM,166.25,21.76,0.69,0.41,100.93,98.35,ADX ≥ 20.0;MACD 🚀;SuperTracker ↑;RSI 📈;Price > SMA20
2025-08-01T13:56:06.061710,PG,153.12,26.97,0.72,0.47,99.25,97.21,ADX ≥ 20.0;MACD 🚀;SuperTracker ↑;RSI 📈;Price > SMA20
2025-08-01T13:56:10.029367,PSA,274.60,20.56,1.31,0.48,86.06,78.23,ADX ≥ 20.0;MACD 🚀;SuperTracker ↑;Price > SMA20
2025-08-01T13:56:11.066128,PHM,114.81,26.83,0.77,0.67,123.01,111.01,ADX ≥ 20.0;MACD 🚀;SuperTracker ↑;ATR % ≥ 0.5%;Price > SMA20
2025-08-01T13:56:12.674266,QCOM,146.88,32.35,0.66,0.45,75.65,65.87,ADX ≥ 20.0;MACD 🚀;SuperTracker ↑
2025-08-01T13:56:13.525134,DGX,169.16,35.61,0.71,0.42,99.08,85.21,ADX ≥ 20.0;MACD 🚀;SuperTracker ↑;RSI 📈;Price > SMA20
2025-08-01T13:56:16.684592,O,56.48,46.47,0.21,0.37,103.18,95.82,ADX ≥ 20.0;MACD 🚀;SuperTracker ↑;Price > SMA20
2025-08-01T13:56:18.474017,REGN,563.45,56.32,6.00,1.06,140.53,125.18,ADX ≥ 20.0;MACD 🚀;SuperTracker ↑;ATR14 ≥ 2.0;ATR % ≥ 0.5%;Price > SMA20
2025-08-01T13:56:21.467150,RVTY,87.39,67.30,0.44,0.51,60.27,60.14,ADX ≥ 20.0;MACD 🚀;SuperTracker ↑;ATR % ≥ 0.5%
2025-08-01T13:56:26.467964,SBAC,230.46,46.59,1.35,0.59,136.49,132.11,ADX ≥ 20.0;MACD 🚀;SuperTracker ↑;ATR % ≥ 0.5%;Price > SMA20
2025-08-01T13:56:30.308672,SHW,336.48,27.54,1.62,0.48,121.99,107.48,ADX ≥ 20.0;MACD 🚀;SuperTracker ↑;RSI 📈;Price > SMA20
2025-08-01T13:56:32.462938,SJM,108.05,39.77,0.38,0.35,69.53,68.83,ADX ≥ 20.0;MACD 🚀;SuperTracker ↑;Price > SMA20
2025-08-01T13:56:35.405514,SO,95.12,43.28,0.37,0.39,63.58,56.28,ADX ≥ 20.0;MACD 🚀;SuperTracker ↑;RSI 📈;Price > SMA20
2025-08-01T13:56:36.825052,SWK,66.17,35.33,0.50,0.75,108.10,98.84,ADX ≥ 20.0;MACD 🚀;SuperTracker ↑;ATR % ≥ 0.5%
2025-08-01T13:56:42.821985,SYY,79.28,39.75,0.27,0.34,94.84,82.82,ADX ≥ 20.0;MACD 🚀;SuperTracker ↑
2025-08-01T13:56:44.248130,TROW,101.33,30.66,0.58,0.57,104.15,96.51,ADX ≥ 20.0;MACD 🚀;SuperTracker ↑;ATR % ≥ 0.5%
2025-08-01T13:56:55.623741,TSCO,56.29,56.07,0.27,0.48,96.51,87.47,ADX ≥ 20.0;MACD 🚀;SuperTracker ↑
2025-08-01T13:57:03.794570,UPS,86.38,38.06,0.36,0.42,79.33,64.62,ADX ≥ 20.0;MACD 🚀;SuperTracker ↑;Price > SMA20
2025-08-01T13:57:07.663622,VLTO,104.19,60.22,0.31,0.30,83.05,78.45,ADX ≥ 20.0;MACD 🚀;SuperTracker ↑
2025-08-01T13:57:11.053711,VRTX,460.36,48.31,1.76,0.38,81.46,72.41,ADX ≥ 20.0;MACD 🚀;SuperTracker ↑;Price > SMA20
2025-08-01T13:57:15.128351,WRB,69.04,52.98,0.21,0.31,69.38,66.90,ADX ≥ 20.0;MACD 🚀;SuperTracker ↑
2025-08-01T13:57:20.812368,WEC,110.67,36.17,0.37,0.34,91.99,82.25,ADX ≥ 20.0;MACD 🚀;SuperTracker ↑;RSI 📈;Price > SMA20
2025-08-01T13:57:22.139844,WELL,166.25,28.41,0.66,0.39,97.44,90.70,ADX ≥ 20.0;MACD 🚀;SuperTracker ↑;Price > SMA20
2025-08-01T13:57:22.921929,WST,237.31,60.48,1.08,0.46,74.59,67.34,ADX ≥ 20.0;MACD 🚀;SuperTracker ↑
2025-08-01T13:57:31.303708,ZTS,147.03,28.89,0.66,0.45,97.30,90.79,ADX ≥ 20.0;MACD 🚀;SuperTracker ↑;RSI 📈;Price > SMA20
2025-08-01T13:57:49.496642,MO,62.28,22.28,0.20,0.32,85.58,81.99,ADX ≥ 20.0;MACD 🚀;SuperTracker ↑;RSI 📈;Price > SMA20
2025-08-01T13:57:51.466390,AEE,102.12,23.85,0.52,0.51,132.91,122.78,ADX ≥ 20.0;MACD 🚀;SuperTracker ↑;ATR % ≥ 0.5%;Price > SMA20
2025-08-01T13:57:53.939038,AMT,214.16,40.85,1.24,0.58,125.70,125.05,ADX ≥ 20.0;MACD 🚀;SuperTracker ↑;RSI 📈;ATR % ≥ 0.5%;Price > SMA20
2025-08-01T14:44:07.845520,ABT,127.08,21.90,0.46,0.36,-15.73,-15.73,ADX ≥ 20.0;MACD 🚀;Price > SMA20
2025-08-01T14:44:10.779675,AMD,171.32,66.95,1.36,0.79,-13.65,-13.65,ADX ≥ 20.0;MACD 🚀;ATR % ≥ 0.5%
2025-08-01T14:44:12.948760,A,111.42,75.82,0.62,0.56,-17.19,-17.19,ADX ≥ 20.0;MACD 🚀;ATR % ≥ 0.5%
2025-08-01T14:44:16.364436,ALB,65.48,69.00,0.53,0.82,-26.61,-26.61,ADX ≥ 20.0;MACD 🚀;ATR % ≥ 0.5%
2025-08-01T14:44:22.504496,AMZN,218.34,67.28,1.26,0.58,-50.10,-50.10,ADX ≥ 20.0;MACD 🚀;ATR % ≥ 0.5%
2025-08-01T14:44:24.361952,AEP,113.36,33.54,0.38,0.34,-5.58,-5.58,ADX ≥ 20.0;MACD 🚀;BB breakout;Price > SMA20
2025-08-01T14:44:27.486480,AMP,502.45,84.53,2.76,0.55,-23.99,-23.99,ADX ≥ 20.0;MACD 🚀;ATR14 ≥ 2.0;ATR % ≥ 0.5%
2025-08-01T14:44:32.668585,APA,18.33,81.57,0.11,0.62,-10.26,-10.26,ADX ≥ 20.0;MACD 🚀;ATR % ≥ 0.5%
2025-08-01T14:44:33.763298,APO,137.68,79.32,0.90,0.65,-24.99,-24.99,ADX ≥ 20.0;MACD 🚀;ATR % ≥ 0.5%
2025-08-01T14:44:35.984881,APTV,65.75,83.81,0.37,0.56,-35.46,-35.46,ADX ≥ 20.0;MACD 🚀;ATR % ≥ 0.5%
2025-08-01T14:44:38.228472,ANET,117.58,75.94,0.88,0.75,-32.30,-32.30,ADX ≥ 20.0;MACD 🚀;ATR % ≥ 0.5%
2025-08-01T14:44:38.909043,AJG,281.22,72.15,1.72,0.61,-7.69,-7.69,ADX ≥ 20.0;MACD 🚀;ATR % ≥ 0.5%
2025-08-01T14:44:41.698652,ADSK,297.70,87.05,1.04,0.35,-28.48,-28.48,ADX ≥ 20.0;MACD 🚀;BB breakout
2025-08-01T14:44:43.147580,AZO,3830.30,20.74,18.87,0.49,-35.52,-35.52,ADX ≥ 20.0;MACD 🚀;BB breakout;RSI 📈;ATR14 ≥ 2.0;Price > SMA20
2025-08-01T14:44:45.217981,AXON,742.81,55.19,4.59,0.62,-26.79,-26.79,ADX ≥ 20.0;MACD 🚀;ATR14 ≥ 2.0;ATR % ≥ 0.5%;Price > SMA20
2025-08-01T14:44:48.094236,BAX,21.60,52.24,0.21,0.97,-28.86,-28.86,ADX ≥ 20.0;MACD 🚀;ATR % ≥ 0.5%
2025-08-01T14:44:49.559457,BRK-B,0.00,28.45,0.94,inf,-14.74,-14.74,ADX ≥ 20.0;MACD 🚀;RSI 📈;ATR % ≥ 0.5%
2025-08-01T14:44:50.879031,TECH,53.09,80.32,0.36,0.68,-26.81,-26.81,ADX ≥ 20.0;MACD 🚀;ATR % ≥ 0.5%
2025-08-01T14:44:51.967286,BIIB,125.26,33.35,0.86,0.69,-17.15,-17.15,ADX ≥ 20.0;MACD 🚀;ATR % ≥ 0.5%
2025-08-01T14:44:52.607215,BLK,1089.30,69.52,3.82,0.35,-12.84,-12.84,ADX ≥ 20.0;MACD 🚀;ATR14 ≥ 2.0
2025-08-01T14:44:53.486552,BX,170.02,53.92,1.05,0.62,-21.39,-21.39,ADX ≥ 20.0;MACD 🚀;ATR % ≥ 0.5%;Price > SMA20
2025-08-01T14:44:54.906643,BA,220.63,57.84,1.00,0.45,-3.65,-3.65,ADX ≥ 20.0;MACD 🚀;Price > SMA20
2025-08-01T14:44:55.714854,BKNG,5448.86,65.39,22.45,0.41,-9.59,-9.59,ADX ≥ 20.0;MACD 🚀;ATR14 ≥ 2.0
2025-08-01T14:44:56.482242,BSX,105.58,32.87,0.40,0.38,0.24,0.24,ADX ≥ 20.0;MACD 🚀;Price > SMA20
2025-08-01T14:44:57.942725,AVGO,289.19,54.47,1.65,0.57,-29.47,-29.47,ADX ≥ 20.0;MACD 🚀;ATR % ≥ 0.5%;Price > SMA20
2025-08-01T14:45:02.343931,CHRW,112.19,61.43,0.69,0.61,-25.11,-25.11,ADX ≥ 20.0;MACD 🚀;ATR % ≥ 0.5%
2025-08-01T14:45:03.820957,CZR,25.64,73.01,0.17,0.66,-25.82,-25.82,ADX ≥ 20.0;MACD 🚀;ATR % ≥ 0.5%
2025-08-01T14:45:05.495561,COF,208.20,68.70,1.22,0.59,-15.77,-15.77,ADX ≥ 20.0;MACD 🚀;ATR % ≥ 0.5%
2025-08-01T14:45:06.178499,CAH,155.35,30.09,0.54,0.35,-35.70,-35.70,ADX ≥ 20.0;MACD 🚀;Price > SMA20
2025-08-01T14:45:06.907700,KMX,55.65,40.80,0.29,0.52,-12.92,-12.92,ADX ≥ 20.0;MACD 🚀;ATR % ≥ 0.5%
2025-08-01T14:45:07.536961,CCL,28.83,64.80,0.19,0.66,-23.82,-23.82,ADX ≥ 20.0;MACD 🚀;ATR % ≥ 0.5%
2025-08-01T14:45:08.184355,CARR,67.04,78.46,0.23,0.35,-28.43,-28.43,ADX ≥ 20.0;MACD 🚀;BB breakout
2025-08-01T14:45:14.091253,CRL,162.18,85.06,0.97,0.60,-23.19,-23.19,ADX ≥ 20.0;MACD 🚀;ATR % ≥ 0.5%
2025-08-01T14:45:17.385948,CB,265.90,44.38,0.84,0.32,8.79,8.79,ADX ≥ 20.0;MACD 🚀;Price > SMA20
2025-08-01T14:45:19.449258,CINF,145.40,75.71,0.48,0.33,-25.19,-25.19,ADX ≥ 20.0;MACD 🚀;BB breakout
2025-08-01T14:45:21.685975,C,91.08,72.86,0.54,0.59,-36.07,-36.07,ADX ≥ 20.0;MACD 🚀;ATR % ≥ 0.5%
2025-08-01T14:45:24.792679,KO,68.58,34.36,0.17,0.25,-32.75,-32.75,ADX ≥ 20.0;MACD 🚀;Price > SMA20
2025-08-01T14:45:26.371512,COIN,321.40,86.64,3.59,1.12,-44.99,-44.99,ADX ≥ 20.0;MACD 🚀;ATR14 ≥ 2.0;ATR % ≥ 0.5%
2025-08-01T14:45:32.575977,CEG,339.26,65.65,2.54,0.75,-16.80,-16.80,ADX ≥ 20.0;MACD 🚀;ATR14 ≥ 2.0;ATR % ≥ 0.5%;Price > SMA20
2025-08-01T14:45:35.349975,GLW,62.33,54.46,0.26,0.42,-32.02,-32.02,ADX ≥ 20.0;MACD 🚀;Price > SMA20
2025-08-01T14:45:36.040831,CPAY,313.61,73.81,1.26,0.40,-39.55,-39.55,ADX ≥ 20.0;MACD 🚀;BB breakout
2025-08-01T14:45:38.040812,COST,950.31,25.23,3.03,0.32,-23.77,-23.77,ADX ≥ 20.0;MACD 🚀;BB breakout;RSI 📈;ATR14 ≥ 2.0;Price > SMA20
2025-08-01T14:45:39.403469,CRWD,449.57,71.09,2.45,0.54,-19.37,-19.37,ADX ≥ 20.0;MACD 🚀;ATR14 ≥ 2.0;ATR % ≥ 0.5%;Price > SMA20
2025-08-01T14:45:44.697300,DAY,55.25,75.59,0.29,0.53,-40.92,-40.92,ADX ≥ 20.0;MACD 🚀;BB breakout;ATR % ≥ 0.5%
2025-08-01T14:45:45.489125,DECK,103.72,65.07,0.54,0.52,-9.69,-9.69,ADX ≥ 20.0;MACD 🚀;BB breakout;ATR % ≥ 0.5%
2025-08-01T14:45:46.856340,DELL,128.67,75.13,0.83,0.65,-20.25,-20.25,ADX ≥ 20.0;MACD 🚀;ATR % ≥ 0.5%;Price > SMA20
2025-08-01T14:45:47.726064,DAL,51.37,75.29,0.31,0.60,-24.79,-24.79,ADX ≥ 20.0;MACD 🚀;ATR % ≥ 0.5%
2025-08-01T14:45:49.489276,DXCM,79.78,42.18,0.49,0.61,-19.17,-19.17,ADX ≥ 20.0;MACD 🚀;ATR % ≥ 0.5%
2025-08-01T14:45:50.340061,FANG,145.68,61.49,0.77,0.53,-13.83,-13.83,ADX ≥ 20.0;MACD 🚀;ATR % ≥ 0.5%
2025-08-01T14:45:54.325396,DASH,248.14,59.32,1.24,0.50,-40.26,-40.26,ADX ≥ 20.0;MACD 🚀;ATR % ≥ 0.5%;Price > SMA20
2025-08-01T14:45:56.088957,DOW,22.02,89.65,0.14,0.62,-29.99,-29.99,ADX ≥ 20.0;MACD 🚀;ATR % ≥ 0.5%
2025-08-01T14:45:59.679608,EMN,57.10,94.97,0.82,1.44,-50.27,-50.27,ADX ≥ 20.0;MACD 🚀;ATR % ≥ 0.5%
2025-08-01T14:46:00.538967,ETN,381.10,58.02,1.68,0.44,-19.54,-19.54,ADX ≥ 20.0;MACD 🚀;Price > SMA20
2025-08-01T14:46:01.504282,EBAY,89.50,63.60,0.49,0.55,-38.91,-38.91,ADX ≥ 20.0;MACD 🚀;ATR % ≥ 0.5%
2025-08-01T14:46:09.331597,EPAM,152.38,84.52,0.91,0.60,-3.98,-3.98,ADX ≥ 20.0;MACD 🚀;ATR % ≥ 0.5%
2025-08-01T14:46:14.507562,EL,90.04,70.35,0.51,0.56,-27.91,-27.91,ADX ≥ 20.0;MACD 🚀;ATR % ≥ 0.5%
2025-08-01T14:46:16.999483,ES,65.75,21.90,0.31,0.46,-12.73,-12.73,ADX ≥ 20.0;MACD 🚀;Price > SMA20
2025-08-01T14:46:23.431023,FICO,1405.00,34.54,10.79,0.77,-19.09,-19.09,ADX ≥ 20.0;MACD 🚀;ATR14 ≥ 2.0;ATR % ≥ 0.5%
2025-08-01T14:46:24.240984,FAST,45.30,75.58,0.13,0.29,-38.83,-38.83,ADX ≥ 20.0;MACD 🚀;BB breakout
2025-08-01T14:46:35.843528,BEN,23.98,49.57,0.24,1.01,20.56,20.56,ADX ≥ 20.0;MACD 🚀;ATR % ≥ 0.5%;Price > SMA20
2025-08-01T14:46:37.520744,GRMN,216.91,55.22,0.75,0.34,-9.71,-9.71,ADX ≥ 20.0;MACD 🚀;Price > SMA20
2025-08-01T14:46:39.246090,GE,267.68,63.17,1.26,0.47,-14.16,-14.16,ADX ≥ 20.0;MACD 🚀;Price > SMA20
2025-08-01T14:46:40.734156,GEV,661.15,54.40,5.33,0.81,-1.86,-1.86,ADX ≥ 20.0;MACD 🚀;RSI 📈;ATR14 ≥ 2.0;ATR % ≥ 0.5%;Price > SMA20
2025-08-01T14:46:42.668699,GNRC,192.85,50.38,1.23,0.64,-36.85,-36.85,ADX ≥ 20.0;MACD 🚀;ATR % ≥ 0.5%;Price > SMA20
2025-08-01T14:46:45.387744,GM,52.76,48.22,0.24,0.45,-24.70,-24.70,ADX ≥ 20.0;MACD 🚀;BB breakout;Price > SMA20
2025-08-01T14:46:47.797792,GPN,77.44,81.49,0.31,0.40,-30.15,-30.15,ADX ≥ 20.0;MACD 🚀;BB breakout
2025-08-01T14:46:49.531188,GDDY,158.87,86.07,0.49,0.31,-24.57,-24.57,ADX ≥ 20.0;MACD 🚀;BB breakout
2025-08-01T14:46:50.423644,GS,710.40,64.75,3.50,0.49,-18.63,-18.63,ADX ≥ 20.0;MACD 🚀;ATR14 ≥ 2.0;Price > SMA20
2025-08-01T14:46:51.244037,HAL,21.43,73.01,0.13,0.61,-20.45,-20.45,ADX ≥ 20.0;MACD 🚀;ATR % ≥ 0.5%
2025-08-01T14:46:52.095293,HIG,123.40,82.20,0.39,0.32,-1.93,-1.93,ADX ≥ 20.0;MACD 🚀;BB breakout
2025-08-01T14:46:56.717182,HPE,19.95,80.24,0.10,0.51,-30.02,-30.02,ADX ≥ 20.0;MACD 🚀;ATR % ≥ 0.5%
2025-08-01T14:47:01.459336,HST,15.34,63.90,0.09,0.59,-32.50,-32.50,ADX ≥ 20.0;MACD 🚀;ATR % ≥ 0.5%
2025-08-01T14:47:02.402267,HWM,182.95,24.83,1.42,0.77,-1.74,-1.74,ADX ≥ 20.0;MACD 🚀;RSI 📈;ATR % ≥ 0.5%;Price > SMA20
2025-08-01T14:47:04.200651,HUBB,425.06,81.02,1.96,0.46,-30.78,-30.78,ADX ≥ 20.0;MACD 🚀;BB breakout
2025-08-01T14:47:06.451465,HII,272.47,53.01,1.52,0.56,-31.73,-31.73,ADX ≥ 20.0;MACD 🚀;ATR % ≥ 0.5%
2025-08-01T14:47:11.211474,IR,75.22,94.25,0.62,0.83,-45.94,-45.94,ADX ≥ 20.0;MACD 🚀;ATR % ≥ 0.5%
2025-08-01T14:47:12.031736,PODD,285.71,67.94,1.45,0.51,-3.77,-3.77,ADX ≥ 20.0;MACD 🚀;ATR % ≥ 0.5%;Price > SMA20
2025-08-01T14:47:15.598383,IP,45.55,57.10,0.28,0.61,-24.02,-24.02,ADX ≥ 20.0;MACD 🚀;ATR % ≥ 0.5%
2025-08-01T14:47:17.296760,INTU,777.88,59.13,1.91,0.24,-30.22,-30.22,ADX ≥ 20.0;MACD 🚀;BB breakout
2025-08-01T14:47:18.370840,ISRG,481.13,55.14,2.06,0.43,-21.40,-21.40,ADX ≥ 20.0;MACD 🚀;RSI 📈;ATR14 ≥ 2.0;Price > SMA20
2025-08-01T14:47:19.180832,IVZ,20.65,61.60,0.11,0.53,-33.62,-33.62,ADX ≥ 20.0;MACD 🚀;ATR % ≥ 0.5%;Price > SMA20
2025-08-01T14:47:20.918366,IQV,179.25,85.76,0.95,0.53,-25.21,-25.21,ADX ≥ 20.0;MACD 🚀;ATR % ≥ 0.5%
2025-08-01T14:47:24.715035,JBL,220.52,62.08,1.32,0.60,-22.99,-22.99,ADX ≥ 20.0;MACD 🚀;ATR % ≥ 0.5%;Price > SMA20
2025-08-01T14:47:28.549054,JCI,106.14,25.04,0.56,0.53,-6.65,-6.65,ADX ≥ 20.0;MACD 🚀;ATR % ≥ 0.5%;Price > SMA20
2025-08-01T14:47:29.337368,JPM,289.93,68.21,1.20,0.41,-37.21,-37.21,ADX ≥ 20.0;MACD 🚀;Price > SMA20
2025-08-01T14:47:29.967257,JNPR,0.00,49.78,0.01,inf,28.22,28.22,ADX ≥ 20.0;MACD 🚀;ATR % ≥ 0.5%
2025-08-01T14:47:31.874479,KDP,33.17,24.92,0.11,0.32,-15.78,-15.78,ADX ≥ 20.0;MACD 🚀;BB breakout;RSI 📈;Price > SMA20
2025-08-01T14:47:35.648438,KMI,27.86,38.58,0.09,0.34,-28.09,-28.09,ADX ≥ 20.0;MACD 🚀;BB breakout;Price > SMA20
2025-08-01T14:47:36.703869,KKR,141.84,67.29,0.86,0.60,-34.64,-34.64,ADX ≥ 20.0;MACD 🚀;ATR % ≥ 0.5%
2025-08-01T14:47:37.486074,KLAC,878.90,40.08,5.74,0.65,-29.56,-29.56,ADX ≥ 20.0;MACD 🚀;ATR14 ≥ 2.0;ATR % ≥ 0.5%;Price > SMA20
2025-08-01T14:47:39.736195,LHX,274.09,45.08,0.94,0.34,-20.23,-20.23,ADX ≥ 20.0;MACD 🚀;Price > SMA20
2025-08-01T14:47:43.098458,LVS,52.36,29.43,0.23,0.44,-6.95,-6.95,ADX ≥ 20.0;MACD 🚀;Price > SMA20
2025-08-01T14:47:45.787087,LII,600.95,62.78,2.30,0.38,-38.67,-38.67,ADX ≥ 20.0;MACD 🚀;ATR14 ≥ 2.0
2025-08-01T14:47:47.782128,LYV,146.94,66.47,0.65,0.44,-34.70,-34.70,ADX ≥ 20.0;MACD 🚀;BB breakout;RSI 📈;Price > SMA20
2025-08-01T14:47:50.089931,L,89.84,62.50,0.23,0.25,-36.62,-36.62,ADX ≥ 20.0;MACD 🚀;BB breakout
2025-08-01T14:47:51.620577,LULU,197.03,73.69,1.01,0.51,-14.73,-14.73,ADX ≥ 20.0;MACD 🚀;ATR % ≥ 0.5%;Price > SMA20
2025-08-01T14:47:52.500538,LYB,55.16,68.29,0.39,0.71,-40.24,-40.24,ADX ≥ 20.0;MACD 🚀;ATR % ≥ 0.5%
2025-08-01T14:47:54.112861,MPC,166.08,66.76,0.56,0.34,-25.01,-25.01,ADX ≥ 20.0;MACD 🚀;BB breakout
2025-08-01T14:47:55.186231,MKTX,207.38,34.73,0.85,0.41,-27.46,-27.46,ADX ≥ 20.0;MACD 🚀;Price > SMA20
2025-08-01T14:47:57.958990,MLM,571.55,50.82,2.33,0.41,-40.10,-40.10,ADX ≥ 20.0;MACD 🚀;ATR14 ≥ 2.0;Price > SMA20
2025-08-01T14:48:00.300049,MTCH,33.69,58.14,0.17,0.50,-17.76,-17.76,ADX ≥ 20.0;MACD 🚀;ATR % ≥ 0.5%
2025-08-01T14:48:01.892580,MCD,302.29,27.47,0.79,0.26,-23.96,-23.96,ADX ≥ 20.0;MACD 🚀;Price > SMA20
2025-08-01T14:48:05.335759,META,757.11,64.01,3.51,0.46,-29.75,-29.75,ADX ≥ 20.0;MACD 🚀;ATR14 ≥ 2.0
2025-08-01T14:48:06.144035,MET,73.86,76.03,0.27,0.37,-18.74,-18.74,ADX ≥ 20.0;MACD 🚀;BB breakout
2025-08-01T14:48:07.180352,MTD,1146.63,94.90,10.17,0.89,-39.99,-39.99,ADX ≥ 20.0;MACD 🚀;ATR14 ≥ 2.0;ATR % ≥ 0.5%
2025-08-01T14:48:08.022899,MGM,35.41,56.18,0.20,0.56,-29.11,-29.11,ADX ≥ 20.0;MACD 🚀;ATR % ≥ 0.5%
2025-08-01T14:48:08.887812,MCHP,65.48,33.51,0.37,0.56,-34.96,-34.96,ADX ≥ 20.0;MACD 🚀;ATR % ≥ 0.5%
2025-08-01T14:48:09.739642,MU,105.77,56.36,0.62,0.59,-24.57,-24.57,ADX ≥ 20.0;MACD 🚀;ATR % ≥ 0.5%;Price > SMA20
2025-08-01T14:48:12.419412,MRNA,26.75,75.06,0.29,1.10,-32.48,-32.48,ADX ≥ 20.0;MACD 🚀;ATR % ≥ 0.5%
2025-08-01T14:48:17.962674,MS,139.06,61.23,0.56,0.40,-32.34,-32.34,ADX ≥ 20.0;MACD 🚀;Price > SMA20
2025-08-01T14:48:18.724418,MOS,35.34,60.63,0.16,0.44,-30.34,-30.34,ADX ≥ 20.0;MACD 🚀;Price > SMA20
2025-08-01T14:48:21.579413,NDAQ,94.88,62.88,0.28,0.29,-34.31,-34.31,ADX ≥ 20.0;MACD 🚀;Price > SMA20
2025-08-01T14:48:23.387756,NFLX,1176.99,27.47,4.69,0.40,-27.80,-27.80,ADX ≥ 20.0;MACD 🚀;RSI 📈;ATR14 ≥ 2.0;Price > SMA20
2025-08-01T14:48:24.190510,NEM,62.51,29.13,0.30,0.48,-9.35,-9.35,ADX ≥ 20.0;MACD 🚀;Price > SMA20
2025-08-01T14:48:24.999827,NWSA,28.98,56.18,0.08,0.27,-45.99,-45.99,ADX ≥ 20.0;MACD 🚀;Price > SMA20
2025-08-01T14:48:25.875395,NWS,33.18,51.81,0.07,0.22,-42.40,-42.40,ADX ≥ 20.0;MACD 🚀;RSI 📈;Price > SMA20
2025-08-01T14:48:27.774113,NKE,73.56,53.40,0.29,0.39,-31.98,-31.98,ADX ≥ 20.0;MACD 🚀;Price > SMA20
2025-08-01T14:48:29.157660,NDSN,208.31,84.56,0.62,0.30,-43.58,-43.58,ADX ≥ 20.0;MACD 🚀;BB breakout
2025-08-01T14:48:30.764523,NTRS,127.20,68.22,0.42,0.33,-41.09,-41.09,ADX ≥ 20.0;MACD 🚀;Price > SMA20
2025-08-01T14:48:32.221265,NCLH,24.38,53.18,0.20,0.82,-30.69,-30.69,ADX ≥ 20.0;MACD 🚀;ATR % ≥ 0.5%
2025-08-01T14:48:33.039968,NRG,165.58,54.96,0.87,0.53,-37.96,-37.96,ADX ≥ 20.0;MACD 🚀;RSI 📈;ATR % ≥ 0.5%;Price > SMA20
2025-08-01T14:48:34.798836,NVDA,175.58,48.94,0.96,0.55,-34.27,-34.27,ADX ≥ 20.0;MACD 🚀;ATR % ≥ 0.5%;Price > SMA20
2025-08-01T14:48:40.293212,ON,55.72,30.89,0.37,0.66,-23.56,-23.56,ADX ≥ 20.0;MACD 🚀;ATR % ≥ 0.5%;Price > SMA20
2025-08-01T14:48:42.263843,ORCL,246.49,61.33,1.43,0.58,-30.87,-30.87,ADX ≥ 20.0;MACD 🚀;ATR % ≥ 0.5%
2025-08-01T14:48:45.305692,PLTR,155.51,49.35,1.04,0.67,-31.75,-31.75,ADX ≥ 20.0;MACD 🚀;ATR % ≥ 0.5%;Price > SMA20
2025-08-01T14:48:46.275004,PANW,171.99,54.84,0.84,0.49,-7.06,-7.06,ADX ≥ 20.0;MACD 🚀;Price > SMA20
2025-08-01T14:48:47.168124,PARA,13.07,54.65,0.09,0.65,-8.35,-8.35,ADX ≥ 20.0;MACD 🚀;RSI 📈;ATR % ≥ 0.5%;Price > SMA20
2025-08-01T14:48:48.024591,PH,709.26,68.98,2.83,0.40,-41.81,-41.81,ADX ≥ 20.0;MACD 🚀;ATR14 ≥ 2.0
2025-08-01T14:49:04.906461,PWR,394.21,56.51,2.49,0.63,-42.07,-42.07,ADX ≥ 20.0;MACD 🚀;ATR14 ≥ 2.0;ATR % ≥ 0.5%;Price > SMA20
2025-08-01T14:49:05.703899,QCOM,147.38,21.03,0.60,0.41,-26.98,-26.98,ADX ≥ 20.0;MACD 🚀;Price > SMA20
2025-08-01T14:49:07.157910,RL,293.14,64.47,1.56,0.53,-41.91,-41.91,ADX ≥ 20.0;MACD 🚀;ATR % ≥ 0.5%;Price > SMA20
2025-08-01T14:49:08.724784,RTX,155.61,61.03,0.52,0.33,-43.71,-43.71,ADX ≥ 20.0;MACD 🚀;Price > SMA20
2025-08-01T14:49:14.229104,RMD,275.05,33.88,1.78,0.65,-26.29,-26.29,ADX ≥ 20.0;MACD 🚀;ATR % ≥ 0.5%;Price > SMA20
2025-08-01T14:49:15.109631,RVTY,85.85,65.35,0.43,0.50,-18.15,-18.15,ADX ≥ 20.0;MACD 🚀;ATR % ≥ 0.5%
2025-08-01T14:49:18.152478,ROST,135.78,70.57,0.39,0.29,-23.14,-23.14,ADX ≥ 20.0;MACD 🚀;Price > SMA20
2025-08-01T14:49:18.852578,RCL,313.02,63.48,1.57,0.50,-35.13,-35.13,ADX ≥ 20.0;MACD 🚀;ATR % ≥ 0.5%;Price > SMA20
2025-08-01T14:49:19.723685,SPGI,542.90,40.14,2.19,0.40,-32.02,-32.02,ADX ≥ 20.0;MACD 🚀;ATR14 ≥ 2.0
2025-08-01T14:49:22.447565,STX,153.74,50.72,0.67,0.44,-13.31,-13.31,ADX ≥ 20.0;MACD 🚀;Price > SMA20
2025-08-01T14:49:24.102910,NOW,925.12,71.46,3.86,0.42,-27.49,-27.49,ADX ≥ 20.0;MACD 🚀;ATR14 ≥ 2.0
2025-08-01T14:49:24.823507,SHW,338.67,27.58,1.73,0.51,-15.77,-15.77,ADX ≥ 20.0;MACD 🚀;RSI 📈;ATR % ≥ 0.5%;Price > SMA20
2025-08-01T14:49:27.965030,SNA,314.72,71.95,1.09,0.35,-48.65,-48.65,ADX ≥ 20.0;MACD 🚀;BB breakout
2025-08-01T14:49:34.143925,SYK,377.99,47.38,2.53,0.67,-29.45,-29.45,ADX ≥ 20.0;MACD 🚀;ATR14 ≥ 2.0;ATR % ≥ 0.5%
2025-08-01T14:49:34.915032,SMCI,56.80,61.91,0.61,1.07,-10.65,-10.65,ADX ≥ 20.0;MACD 🚀;ATR % ≥ 0.5%
2025-08-01T14:49:36.610326,SNPS,621.18,62.27,3.21,0.52,-27.17,-27.17,ADX ≥ 20.0;MACD 🚀;ATR14 ≥ 2.0;ATR % ≥ 0.5%;Price > SMA20
2025-08-01T14:49:38.724846,TROW,100.97,27.85,0.57,0.56,-33.02,-33.02,ADX ≥ 20.0;MACD 🚀;ATR % ≥ 0.5%
2025-08-01T14:49:39.436120,TTWO,221.82,50.21,0.69,0.31,-41.49,-41.49,ADX ≥ 20.0;MACD 🚀;Price > SMA20
2025-08-01T14:49:40.538078,TPR,105.90,67.46,0.47,0.44,-38.24,-38.24,ADX ≥ 20.0;MACD 🚀;Price > SMA20
2025-08-01T14:49:41.249212,TRGP,163.04,63.10,0.82,0.50,-18.26,-18.26,ADX ≥ 20.0;MACD 🚀;ATR % ≥ 0.5%
2025-08-01T14:49:43.199115,TDY,536.84,74.82,2.14,0.40,-28.08,-28.08,ADX ≥ 20.0;MACD 🚀;ATR14 ≥ 2.0
2025-08-01T14:49:43.866826,TER,103.70,64.05,0.68,0.65,-21.07,-21.07,ADX ≥ 20.0;MACD 🚀;ATR % ≥ 0.5%
2025-08-01T14:49:44.976869,TSLA,305.96,60.00,1.82,0.60,-18.28,-18.28,ADX ≥ 20.0;MACD 🚀;RSI 📈;ATR % ≥ 0.5%;Price > SMA20
2025-08-01T14:49:46.440135,TPL,944.69,41.93,4.13,0.44,-19.69,-19.69,ADX ≥ 20.0;MACD 🚀;ATR14 ≥ 2.0
2025-08-01T14:49:47.971657,TMO,454.01,84.39,2.46,0.54,-15.20,-15.20,ADX ≥ 20.0;MACD 🚀;ATR14 ≥ 2.0;ATR % ≥ 0.5%
2025-08-01T14:49:48.742305,TJX,124.67,34.75,0.27,0.22,-30.36,-30.36,ADX ≥ 20.0;MACD 🚀;RSI 📈;Price > SMA20
2025-08-01T14:49:49.502418,TKO,167.10,48.16,0.65,0.39,-34.45,-34.45,ADX ≥ 20.0;MACD 🚀;Price > SMA20
2025-08-01T14:49:50.254848,TSCO,56.66,32.17,0.23,0.41,-32.21,-32.21,ADX ≥ 20.0;MACD 🚀;Price > SMA20
2025-08-01T14:49:50.950719,TT,434.18,60.93,1.69,0.39,-24.38,-24.38,ADX ≥ 20.0;MACD 🚀;Price > SMA20
2025-08-01T14:49:51.782095,TDG,1575.45,65.27,7.17,0.46,-34.88,-34.88,ADX ≥ 20.0;MACD 🚀;ATR14 ≥ 2.0
2025-08-01T14:49:56.800373,UBER,86.51,67.99,0.34,0.40,-30.14,-30.14,ADX ≥ 20.0;MACD 🚀;Price > SMA20
2025-08-01T14:49:58.073194,ULTA,510.10,58.85,1.49,0.29,-44.85,-44.85,ADX ≥ 20.0;MACD 🚀;Price > SMA20
2025-08-01T14:49:59.694286,UAL,84.40,77.40,0.54,0.64,-42.20,-42.20,ADX ≥ 20.0;MACD 🚀;ATR % ≥ 0.5%
2025-08-01T14:50:02.757753,URI,856.43,63.72,4.00,0.47,-32.78,-32.78,ADX ≥ 20.0;MACD 🚀;ATR14 ≥ 2.0
2025-08-01T14:50:03.755298,UNH,241.60,47.67,1.41,0.58,-26.84,-26.84,ADX ≥ 20.0;MACD 🚀;ATR % ≥ 0.5%
2025-08-01T14:50:11.180783,VTRS,8.71,47.75,0.04,0.45,-16.16,-16.16,ADX ≥ 20.0;MACD 🚀;Price > SMA20
2025-08-01T14:50:13.474654,VST,207.37,42.38,1.58,0.76,-40.66,-40.66,ADX ≥ 20.0;MACD 🚀;RSI 📈;ATR % ≥ 0.5%;Price > SMA20
2025-08-01T14:50:15.895927,GWW,952.44,78.25,7.19,0.75,-34.42,-34.42,ADX ≥ 20.0;MACD 🚀;ATR14 ≥ 2.0;ATR % ≥ 0.5%
2025-08-01T14:50:21.711053,WBD,12.89,47.76,0.06,0.50,-40.53,-40.53,ADX ≥ 20.0;MACD 🚀;Price > SMA20
2025-08-01T14:50:27.276919,WDC,75.82,49.65,0.39,0.51,-39.64,-39.64,ADX ≥ 20.0;MACD 🚀;ATR % ≥ 0.5%
2025-08-01T14:50:29.684847,WSM,185.28,57.54,0.82,0.44,-40.19,-40.19,ADX ≥ 20.0;MACD 🚀;Price > SMA20
2025-08-01T14:50:30.514085,WMB,59.85,41.46,0.20,0.33,-30.39,-30.39,ADX ≥ 20.0;MACD 🚀;RSI 📈;Price > SMA20
2025-08-01T14:50:35.193036,ZBRA,329.72,72.27,1.61,0.49,-47.93,-47.93,ADX ≥ 20.0;MACD 🚀;Price > SMA20
2025-08-01T14:50:46.360924,AMD,171.46,56.37,1.17,0.68,-30.29,-30.29,ADX ≥ 20.0;MACD 🚀;ATR % ≥ 0.5%;Price > SMA20
2025-08-01T14:50:51.801053,ALB,65.67,60.23,0.48,0.73,-34.00,-34.00,ADX ≥ 20.0;MACD 🚀;ATR % ≥ 0.5%
2025-08-01T14:50:57.010214,MO,62.49,38.63,0.17,0.27,-30.62,-30.62,ADX ≥ 20.0;MACD 🚀;BB breakout;RSI 📈;Price > SMA20
2025-08-01T14:51:00.981651,AEP,113.31,25.79,0.34,0.30,-30.49,-30.49,ADX ≥ 20.0;MACD 🚀;Price > SMA20
2025-08-01T14:51:02.137832,AXP,292.98,63.40,1.02,0.35,-44.39,-44.39,ADX ≥ 20.0;MACD 🚀;Price > SMA20
2025-08-01T14:51:09.980270,APA,18.34,76.52,0.12,0.63,-19.56,-19.56,ADX ≥ 20.0;MACD 🚀;ATR % ≥ 0.5%
2025-08-01T14:51:10.753533,APO,137.75,67.24,0.81,0.59,-36.80,-36.80,ADX ≥ 20.0;MACD 🚀;ATR % ≥ 0.5%
2025-08-01T14:51:12.205832,AMAT,178.09,31.17,0.75,0.42,-27.24,-27.24,ADX ≥ 20.0;MACD 🚀;Price > SMA20
2025-08-01T14:51:14.255652,ADM,53.49,40.80,0.16,0.30,-48.99,-48.99,ADX ≥ 20.0;MACD 🚀;BB breakout;Price > SMA20
2025-08-01T14:51:15.189412,ANET,117.19,65.04,0.75,0.64,-39.89,-39.89,ADX ≥ 20.0;MACD 🚀;ATR % ≥ 0.5%
2025-08-01T14:51:15.953558,AJG,281.09,61.74,1.43,0.51,-11.16,-11.16,ADX ≥ 20.0;MACD 🚀;ATR % ≥ 0.5%
2025-08-01T14:51:22.628583,AXON,743.59,49.53,3.80,0.51,-43.60,-43.60,ADX ≥ 20.0;MACD 🚀;ATR14 ≥ 2.0;ATR % ≥ 0.5%;Price > SMA20
2025-08-01T14:51:26.737936,BAX,21.66,40.77,0.17,0.80,-32.41,-32.41,ADX ≥ 20.0;MACD 🚀;ATR % ≥ 0.5%
2025-08-01T14:51:28.283706,BRK-B,0.00,24.83,0.88,inf,-19.72,-19.72,ADX ≥ 20.0;MACD 🚀;RSI 📈;ATR % ≥ 0.5%
2025-08-01T14:51:30.013757,TECH,53.24,75.52,0.31,0.57,-34.06,-34.06,ADX ≥ 20.0;MACD 🚀;ATR % ≥ 0.5%
2025-08-01T14:51:30.701666,BIIB,125.47,37.18,0.74,0.59,-32.25,-32.25,ADX ≥ 20.0;MACD 🚀;ATR % ≥ 0.5%
2025-08-01T14:51:31.689742,BLK,1089.81,63.35,3.64,0.33,-29.43,-29.43,ADX ≥ 20.0;MACD 🚀;ATR14 ≥ 2.0
2025-08-01T14:51:32.631346,BX,169.41,45.96,1.02,0.60,-32.52,-32.52,ADX ≥ 20.0;MACD 🚀;ATR % ≥ 0.5%
2025-08-01T14:51:33.364830,BK,99.64,60.86,0.32,0.33,-35.35,-35.35,ADX ≥ 20.0;MACD 🚀;Price > SMA20
2025-08-01T14:51:34.115914,BA,220.72,51.19,0.96,0.44,-17.01,-17.01,ADX ≥ 20.0;MACD 🚀;Price > SMA20
2025-08-01T14:51:34.853159,BKNG,5445.14,68.02,21.86,0.40,-25.85,-25.85,ADX ≥ 20.0;MACD 🚀;ATR14 ≥ 2.0
2025-08-01T14:51:35.536291,BSX,105.62,32.24,0.35,0.33,-22.74,-22.74,ADX ≥ 20.0;MACD 🚀;Price > SMA20
2025-08-01T14:51:37.026126,AVGO,288.36,47.52,1.52,0.53,-38.96,-38.96,ADX ≥ 20.0;MACD 🚀;ATR % ≥ 0.5%;Price > SMA20
2025-08-01T14:51:42.984267,CZR,25.61,61.62,0.15,0.60,-36.73,-36.73,ADX ≥ 20.0;MACD 🚀;ATR % ≥ 0.5%
2025-08-01T14:51:45.011032,COF,207.50,59.97,1.08,0.52,-27.68,-27.68,ADX ≥ 20.0;MACD 🚀;ATR % ≥ 0.5%
2025-08-01T14:51:45.717814,CAH,155.72,28.32,0.44,0.28,-38.46,-38.46,ADX ≥ 20.0;MACD 🚀;RSI 📈;Price > SMA20
2025-08-01T14:51:47.056326,CCL,28.82,61.95,0.17,0.58,-52.32,-52.32,ADX ≥ 20.0;MACD 🚀;ATR % ≥ 0.5%;Price > SMA20
2025-08-01T14:51:54.240257,CRL,162.39,81.46,0.90,0.56,-32.68,-32.68,ADX ≥ 20.0;MACD 🚀;ATR % ≥ 0.5%
2025-08-01T14:51:56.710538,CMG,42.78,49.42,0.14,0.33,-34.06,-34.06,ADX ≥ 20.0;MACD 🚀;Price > SMA20
2025-08-01T14:51:59.955963,CI,260.26,34.88,1.65,0.63,-34.14,-34.14,ADX ≥ 20.0;MACD 🚀;ATR % ≥ 0.5%
2025-08-01T14:52:07.029285,COIN,320.16,75.66,3.33,1.04,-48.07,-48.07,ADX ≥ 20.0;MACD 🚀;ATR14 ≥ 2.0;ATR % ≥ 0.5%
2025-08-01T14:52:07.867196,CL,83.22,23.87,0.47,0.57,-44.60,-44.60,ADX ≥ 20.0;MACD 🚀;ATR % ≥ 0.5%
2025-08-01T14:52:10.665551,ED,104.17,48.12,0.30,0.29,-32.87,-32.87,ADX ≥ 20.0;MACD 🚀;Price > SMA20
2025-08-01T14:52:12.235738,CEG,337.88,60.86,2.19,0.65,-33.94,-33.94,ADX ≥ 20.0;MACD 🚀;ATR14 ≥ 2.0;ATR % ≥ 0.5%;Price > SMA20
2025-08-01T14:52:13.592888,CPRT,45.29,22.38,0.11,0.25,-25.53,-25.53,ADX ≥ 20.0;MACD 🚀;BB breakout;Price > SMA20
2025-08-01T14:52:16.863111,COST,948.58,22.29,2.74,0.29,-39.71,-39.71,ADX ≥ 20.0;MACD 🚀;ATR14 ≥ 2.0;Price > SMA20
2025-08-01T14:52:18.458327,CRWD,449.30,62.50,2.08,0.46,-33.97,-33.97,ADX ≥ 20.0;MACD 🚀;ATR14 ≥ 2.0;Price > SMA20
2025-08-01T14:52:24.386222,DECK,103.21,57.57,0.52,0.50,-24.51,-24.51,ADX ≥ 20.0;MACD 🚀;ATR % ≥ 0.5%
2025-08-01T14:52:25.817683,DELL,127.88,63.56,0.76,0.60,-28.86,-28.86,ADX ≥ 20.0;MACD 🚀;ATR % ≥ 0.5%
2025-08-01T14:52:26.678147,DAL,51.08,62.62,0.28,0.54,-38.57,-38.57,ADX ≥ 20.0;MACD 🚀;ATR % ≥ 0.5%
2025-08-01T14:52:27.373004,DVN,31.80,81.84,0.16,0.50,-19.09,-19.09,ADX ≥ 20.0;MACD 🚀;ATR % ≥ 0.5%
2025-08-01T14:52:28.393094,DXCM,79.76,43.97,0.41,0.51,-15.46,-15.46,ADX ≥ 20.0;MACD 🚀;ATR % ≥ 0.5%
2025-08-01T14:52:30.807946,DLTR,114.10,28.58,0.37,0.32,-27.86,-27.86,ADX ≥ 20.0;MACD 🚀;BB breakout;Price > SMA20
2025-08-01T14:52:32.643926,DASH,247.19,54.29,1.06,0.43,-45.97,-45.97,ADX ≥ 20.0;MACD 🚀;Price > SMA20
2025-08-01T14:52:34.048339,DOW,22.00,86.72,0.12,0.56,-33.95,-33.95,ADX ≥ 20.0;MACD 🚀;ATR % ≥ 0.5%
2025-08-01T14:52:35.760670,DUK,122.17,48.97,0.32,0.26,-33.52,-33.52,ADX ≥ 20.0;MACD 🚀;Price > SMA20
2025-08-01T14:52:37.090167,EMN,57.23,93.00,0.59,1.03,-62.42,-62.42,ADX ≥ 20.0;MACD 🚀;ATR % ≥ 0.5%
2025-08-01T14:52:40.506970,EW,78.77,53.21,0.30,0.38,-20.70,-20.70,ADX ≥ 20.0;MACD 🚀;Price > SMA20
2025-08-01T14:52:43.115966,ENPH,31.39,20.16,0.23,0.73,-27.44,-27.44,ADX ≥ 20.0;MACD 🚀;ATR % ≥ 0.5%
2025-08-01T14:52:45.403343,EPAM,152.97,72.85,0.86,0.56,-24.35,-24.35,ADX ≥ 20.0;MACD 🚀;ATR % ≥ 0.5%
2025-08-01T14:52:52.638494,ES,65.72,23.29,0.26,0.40,-30.05,-30.05,ADX ≥ 20.0;MACD 🚀;Price > SMA20
2025-08-01T14:52:58.305835,FICO,1408.63,35.51,9.47,0.67,-25.64,-25.64,ADX ≥ 20.0;MACD 🚀;ATR14 ≥ 2.0;ATR % ≥ 0.5%
2025-08-01T14:53:00.916101,FIS,78.38,73.04,0.25,0.32,-18.92,-18.92,ADX ≥ 20.0;MACD 🚀;BB breakout
2025-08-01T14:53:01.691880,FITB,40.74,65.26,0.13,0.32,-39.92,-39.92,ADX ≥ 20.0;MACD 🚀;Price > SMA20
2025-08-01T14:53:02.856939,FE,43.10,35.36,0.13,0.30,-25.08,-25.08,ADX ≥ 20.0;MACD 🚀;Price > SMA20
2025-08-01T14:53:08.108285,BEN,23.84,49.43,0.22,0.94,1.39,1.39,ADX ≥ 20.0;MACD 🚀;ATR % ≥ 0.5%;Price > SMA20
2025-08-01T14:53:10.706924,GE,267.38,59.30,1.09,0.41,-39.67,-39.67,ADX ≥ 20.0;MACD 🚀;Price > SMA20
2025-08-01T14:53:11.393225,GEHC,69.48,84.66,0.29,0.42,-29.68,-29.68,ADX ≥ 20.0;MACD 🚀;BB breakout
2025-08-01T14:53:12.228469,GEV,656.77,53.66,4.60,0.70,-25.29,-25.29,ADX ≥ 20.0;MACD 🚀;ATR14 ≥ 2.0;ATR % ≥ 0.5%;Price > SMA20
2025-08-01T14:53:15.393192,GM,52.69,44.12,0.22,0.42,-34.24,-34.24,ADX ≥ 20.0;MACD 🚀;Price > SMA20
2025-08-01T14:53:19.769900,GS,707.45,59.15,3.15,0.45,-27.43,-27.43,ADX ≥ 20.0;MACD 🚀;ATR14 ≥ 2.0;Price > SMA20
2025-08-01T14:53:20.464393,HAL,21.36,71.38,0.12,0.58,-20.25,-20.25,ADX ≥ 20.0;MACD 🚀;ATR % ≥ 0.5%
2025-08-01T14:53:21.994086,HAS,74.98,39.53,0.24,0.32,-40.19,-40.19,ADX ≥ 20.0;MACD 🚀;Price > SMA20
2025-08-01T14:53:36.073999,IDXX,532.00,66.01,1.73,0.33,-18.15,-18.15,ADX ≥ 20.0;MACD 🚀;BB breakout;Price > SMA20
2025-08-01T14:53:38.389271,IR,74.16,90.91,0.59,0.80,-37.83,-37.83,ADX ≥ 20.0;MACD 🚀;ATR % ≥ 0.5%
2025-08-01T14:53:39.082951,PODD,285.78,57.16,1.26,0.44,-20.82,-20.82,ADX ≥ 20.0;MACD 🚀;Price > SMA20
2025-08-01T14:53:40.445181,ICE,183.54,62.01,0.61,0.33,-36.58,-36.58,ADX ≥ 20.0;MACD 🚀;Price > SMA20
2025-08-01T14:53:41.923417,IP,45.28,58.00,0.25,0.56,-31.69,-31.69,ADX ≥ 20.0;MACD 🚀;ATR % ≥ 0.5%
2025-08-01T14:53:44.231941,ISRG,480.82,49.14,1.74,0.36,-31.72,-31.72,ADX ≥ 20.0;MACD 🚀;Price > SMA20
2025-08-01T14:53:44.874393,IVZ,20.50,57.44,0.11,0.53,-31.27,-31.27,ADX ≥ 20.0;MACD 🚀;ATR % ≥ 0.5%;Price > SMA20
2025-08-01T14:53:47.805395,JBL,219.81,61.25,1.03,0.47,-41.61,-41.61,ADX ≥ 20.0;MACD 🚀;Price > SMA20
2025-08-01T14:53:49.881151,JNJ,165.85,24.27,0.40,0.24,-32.45,-32.45,ADX ≥ 20.0;MACD 🚀;BB breakout;RSI 📈;Price > SMA20
2025-08-01T14:53:51.937553,JNPR,0.00,49.78,0.01,inf,28.22,28.22,ADX ≥ 20.0;MACD 🚀;ATR % ≥ 0.5%
2025-08-01T14:53:53.082076,KVUE,21.61,21.39,0.08,0.36,-20.90,-20.90,ADX ≥ 20.0;MACD 🚀;Price > SMA20
2025-08-01T14:53:56.792893,KMI,27.84,40.73,0.08,0.29,-33.95,-33.95,ADX ≥ 20.0;MACD 🚀;RSI 📈;Price > SMA20
2025-08-01T14:53:58.307911,KKR,141.00,58.07,0.76,0.54,-43.18,-43.18,ADX ≥ 20.0;MACD 🚀;ATR % ≥ 0.5%
2025-08-01T14:53:59.132666,KLAC,876.34,34.77,4.91,0.56,-40.60,-40.60,ADX ≥ 20.0;MACD 🚀;ATR14 ≥ 2.0;ATR % ≥ 0.5%;Price > SMA20
2025-08-01T14:54:02.356018,LHX,274.63,39.93,0.81,0.30,-33.37,-33.37,ADX ≥ 20.0;MACD 🚀;RSI 📈;Price > SMA20
2025-08-01T14:54:05.517254,LVS,52.30,26.54,0.22,0.42,-25.67,-25.67,ADX ≥ 20.0;MACD 🚀;Price > SMA20
2025-08-01T14:54:06.291676,LDOS,158.29,64.24,0.60,0.38,-30.41,-30.41,ADX ≥ 20.0;MACD 🚀;Price > SMA20
2025-08-01T14:54:09.085578,LIN,459.10,29.01,1.92,0.42,-35.85,-35.85,ADX ≥ 20.0;MACD 🚀;Price > SMA20
2025-08-01T14:54:09.939079,LYV,146.74,61.39,0.55,0.37,-44.83,-44.83,ADX ≥ 20.0;MACD 🚀;RSI 📈;Price > SMA20
2025-08-01T14:54:13.425795,LULU,196.92,66.64,0.98,0.50,-23.93,-23.93,ADX ≥ 20.0;MACD 🚀;Price > SMA20
2025-08-01T14:54:14.134694,LYB,55.19,65.94,0.38,0.68,-34.47,-34.47,ADX ≥ 20.0;MACD 🚀;ATR % ≥ 0.5%
2025-08-01T14:54:22.275762,MCD,303.08,28.80,0.79,0.26,-26.00,-26.00,ADX ≥ 20.0;MACD 🚀;BB breakout;RSI 📈;Price > SMA20
2025-08-01T14:54:23.513816,MDT,88.99,73.96,0.23,0.26,-34.20,-34.20,ADX ≥ 20.0;MACD 🚀;BB breakout
2025-08-01T14:54:25.113298,META,754.48,59.56,3.51,0.47,-30.97,-30.97,ADX ≥ 20.0;MACD 🚀;ATR14 ≥ 2.0
2025-08-01T14:54:26.533742,MTD,1144.23,94.29,9.21,0.80,-53.50,-53.50,ADX ≥ 20.0;MACD 🚀;ATR14 ≥ 2.0;ATR % ≥ 0.5%
2025-08-01T14:54:27.250577,MGM,35.42,50.86,0.19,0.55,-32.61,-32.61,ADX ≥ 20.0;MACD 🚀;ATR % ≥ 0.5%
2025-08-01T14:54:27.936093,MCHP,65.17,34.27,0.37,0.56,-35.74,-35.74,ADX ≥ 20.0;MACD 🚀;ATR % ≥ 0.5%
2025-08-01T14:54:28.918968,MU,105.29,53.36,0.59,0.56,-19.60,-19.60,ADX ≥ 20.0;MACD 🚀;ATR % ≥ 0.5%
2025-08-01T14:54:30.841150,MRNA,27.01,71.89,0.29,1.06,-34.29,-34.29,ADX ≥ 20.0;MACD 🚀;ATR % ≥ 0.5%
2025-08-01T14:54:32.073130,MOH,154.28,33.00,0.95,0.62,-25.08,-25.08,ADX ≥ 20.0;MACD 🚀;ATR % ≥ 0.5%
2025-08-01T14:54:36.866553,MOS,35.28,55.50,0.15,0.43,-40.41,-40.41,ADX ≥ 20.0;MACD 🚀;Price > SMA20
2025-08-01T14:54:37.691910,MSI,435.46,38.53,1.16,0.27,-38.22,-38.22,ADX ≥ 20.0;MACD 🚀;Price > SMA20
2025-08-01T14:54:39.386443,NDAQ,94.75,56.82,0.26,0.28,-40.85,-40.85,ADX ≥ 20.0;MACD 🚀;Price > SMA20
2025-08-01T14:54:41.015925,NFLX,1173.97,26.66,4.52,0.38,-28.32,-28.32,ADX ≥ 20.0;MACD 🚀;ATR14 ≥ 2.0;Price > SMA20
2025-08-01T14:54:42.551818,NWSA,28.95,53.10,0.07,0.23,-48.95,-48.95,ADX ≥ 20.0;MACD 🚀;Price > SMA20
2025-08-01T14:54:43.355409,NWS,33.13,50.69,0.06,0.19,-44.24,-44.24,ADX ≥ 20.0;MACD 🚀;Price > SMA20
2025-08-01T14:54:50.620024,NCLH,24.42,50.48,0.18,0.75,-41.03,-41.03,ADX ≥ 20.0;MACD 🚀;ATR % ≥ 0.5%;Price > SMA20
2025-08-01T14:54:51.454154,NRG,165.12,52.57,0.84,0.51,-39.97,-39.97,ADX ≥ 20.0;MACD 🚀;ATR % ≥ 0.5%;Price > SMA20
2025-08-01T14:54:53.039680,NVDA,175.01,45.45,0.90,0.51,-37.73,-37.73,ADX ≥ 20.0;MACD 🚀;ATR % ≥ 0.5%;Price > SMA20
2025-08-01T14:54:58.414236,ON,55.66,28.65,0.35,0.64,-25.44,-25.44,ADX ≥ 20.0;MACD 🚀;ATR % ≥ 0.5%;Price > SMA20
2025-08-01T14:55:00.226613,ORCL,245.92,55.60,1.37,0.56,-35.76,-35.76,ADX ≥ 20.0;MACD 🚀;ATR % ≥ 0.5%
2025-08-01T14:55:04.054802,PLTR,155.14,43.34,0.85,0.55,-49.39,-49.39,ADX ≥ 20.0;MACD 🚀;ATR % ≥ 0.5%;Price > SMA20
2025-08-01T14:55:07.940385,PARA,13.06,59.28,0.08,0.58,-30.38,-30.38,ADX ≥ 20.0;MACD 🚀;RSI 📈;ATR % ≥ 0.5%;Price > SMA20
2025-08-01T14:55:08.833332,PH,707.92,63.99,2.53,0.36,-52.04,-52.04,ADX ≥ 20.0;MACD 🚀;ATR14 ≥ 2.0
2025-08-01T14:55:16.878215,PNW,90.43,20.43,0.26,0.29,-22.44,-22.44,ADX ≥ 20.0;MACD 🚀;Price > SMA20
2025-08-01T14:55:29.568314,PEG,89.13,50.44,0.23,0.26,-39.20,-39.20,ADX ≥ 20.0;MACD 🚀;Price > SMA20
2025-08-01T14:55:30.435332,PTC,211.03,43.47,1.02,0.48,-35.11,-35.11,ADX ≥ 20.0;MACD 🚀;Price > SMA20
2025-08-01T14:55:32.631560,PWR,393.36,55.26,2.31,0.59,-44.78,-44.78,ADX ≥ 20.0;MACD 🚀;ATR14 ≥ 2.0;ATR % ≥ 0.5%;Price > SMA20
2025-08-01T14:55:33.476750,QCOM,148.13,23.55,0.57,0.38,-27.13,-27.13,ADX ≥ 20.0;MACD 🚀;BB breakout;RSI 📈;Price > SMA20
2025-08-01T14:55:34.461924,DGX,170.00,41.49,0.45,0.26,-32.54,-32.54,ADX ≥ 20.0;MACD 🚀;RSI 📈;Price > SMA20
2025-08-01T14:55:35.228266,RL,293.12,60.01,1.41,0.48,-45.67,-45.67,ADX ≥ 20.0;MACD 🚀;Price > SMA20
2025-08-01T14:55:36.198995,RJF,162.44,59.06,0.53,0.33,-50.26,-50.26,ADX ≥ 20.0;MACD 🚀;Price > SMA20
2025-08-01T14:55:37.087006,RTX,155.82,51.72,0.45,0.29,-49.51,-49.51,ADX ≥ 20.0;MACD 🚀;Price > SMA20
2025-08-01T14:55:41.893911,RMD,277.99,30.18,1.63,0.58,-32.54,-32.54,ADX ≥ 20.0;MACD 🚀;BB breakout;RSI 📈;ATR % ≥ 0.5%;Price > SMA20
2025-08-01T14:55:44.451520,ROL,57.20,23.32,0.19,0.32,-27.03,-27.03,ADX ≥ 20.0;MACD 🚀;Price > SMA20
2025-08-01T14:55:46.414987,ROST,135.81,59.78,0.33,0.24,-44.56,-44.56,ADX ≥ 20.0;MACD 🚀;Price > SMA20
2025-08-01T14:55:47.260938,RCL,314.20,64.19,1.36,0.43,-53.12,-53.12,ADX ≥ 20.0;MACD 🚀;BB breakout;RSI 📈;Price > SMA20
2025-08-01T14:55:51.624387,STX,153.47,46.59,0.65,0.43,-30.51,-30.51,ADX ≥ 20.0;MACD 🚀;Price > SMA20
2025-08-01T14:55:52.326352,SRE,81.18,41.72,0.20,0.25,-44.59,-44.59,ADX ≥ 20.0;MACD 🚀;Price > SMA20
2025-08-01T14:55:53.113772,NOW,921.93,58.56,3.19,0.35,-43.16,-43.16,ADX ≥ 20.0;MACD 🚀;ATR14 ≥ 2.0
2025-08-01T14:55:53.934652,SHW,339.85,32.46,1.42,0.42,-30.67,-30.67,ADX ≥ 20.0;MACD 🚀;RSI 📈;Price > SMA20
2025-08-01T14:55:56.809038,SJM,107.60,21.90,0.35,0.33,-43.95,-43.95,ADX ≥ 20.0;MACD 🚀;Price > SMA20
2025-08-01T14:55:59.022978,SOLV,71.38,33.80,0.24,0.33,-26.27,-26.27,ADX ≥ 20.0;MACD 🚀;BB breakout;Price > SMA20
2025-08-01T14:56:00.072274,SO,94.90,37.96,0.28,0.30,-26.38,-26.38,ADX ≥ 20.0;MACD 🚀;Price > SMA20
2025-08-01T14:56:04.927029,STLD,124.02,58.67,0.47,0.38,-36.34,-36.34,ADX ≥ 20.0;MACD 🚀;Price > SMA20
2025-08-01T14:56:05.773568,STE,225.50,37.87,0.64,0.28,-23.20,-23.20,ADX ≥ 20.0;MACD 🚀;Price > SMA20
2025-08-01T14:56:06.759573,SYK,378.19,40.24,2.15,0.57,-49.34,-49.34,ADX ≥ 20.0;MACD 🚀;ATR14 ≥ 2.0;ATR % ≥ 0.5%
2025-08-01T14:56:07.505130,SMCI,56.86,52.22,0.50,0.88,-28.68,-28.68,ADX ≥ 20.0;MACD 🚀;ATR % ≥ 0.5%;Price > SMA20
2025-08-01T14:56:09.208497,SNPS,620.09,53.30,2.87,0.46,-37.76,-37.76,ADX ≥ 20.0;MACD 🚀;ATR14 ≥ 2.0;Price > SMA20
2025-08-01T14:56:10.755682,TMUS,238.21,20.34,0.58,0.24,-40.30,-40.30,ADX ≥ 20.0;MACD 🚀;BB breakout
2025-08-01T14:56:12.471708,TTWO,221.69,41.84,0.61,0.27,-47.77,-47.77,ADX ≥ 20.0;MACD 🚀;Price > SMA20
2025-08-01T14:56:13.310976,TPR,105.77,61.87,0.39,0.37,-50.04,-50.04,ADX ≥ 20.0;MACD 🚀;Price > SMA20
2025-08-01T14:56:14.139501,TRGP,163.36,55.13,0.67,0.41,-35.18,-35.18,ADX ≥ 20.0;MACD 🚀;Price > SMA20
2025-08-01T14:56:16.026791,TEL,201.32,61.17,0.60,0.30,-53.95,-53.95,ADX ≥ 20.0;MACD 🚀;Price > SMA20
2025-08-01T14:56:18.086162,TER,103.72,54.27,0.62,0.60,-26.00,-26.00,ADX ≥ 20.0;MACD 🚀;ATR % ≥ 0.5%
2025-08-01T14:56:19.054477,TSLA,305.37,49.52,1.68,0.55,-27.30,-27.30,ADX ≥ 20.0;MACD 🚀;ATR % ≥ 0.5%;Price > SMA20
2025-08-01T14:56:19.898202,TXN,179.27,43.33,0.54,0.30,-28.37,-28.37,ADX ≥ 20.0;MACD 🚀;Price > SMA20
2025-08-01T14:56:20.696280,TPL,936.87,44.21,4.61,0.49,-9.25,-9.25,ADX ≥ 20.0;MACD 🚀;ATR14 ≥ 2.0
2025-08-01T14:56:22.493709,TMO,453.80,81.71,2.32,0.51,-37.43,-37.43,ADX ≥ 20.0;MACD 🚀;ATR14 ≥ 2.0;ATR % ≥ 0.5%
2025-08-01T14:56:23.734971,TJX,124.87,34.04,0.24,0.19,-45.85,-45.85,ADX ≥ 20.0;MACD 🚀;BB breakout;RSI 📈;Price > SMA20
2025-08-01T14:56:25.441256,TSCO,56.78,35.32,0.20,0.35,-47.52,-47.52,ADX ≥ 20.0;MACD 🚀;BB breakout;RSI 📈;Price > SMA20
2025-08-01T14:56:26.288796,TT,433.88,56.30,1.49,0.34,-40.85,-40.85,ADX ≥ 20.0;MACD 🚀;Price > SMA20
2025-08-01T14:56:27.225332,TDG,1575.91,60.54,7.02,0.45,-47.72,-47.72,ADX ≥ 20.0;MACD 🚀;ATR14 ≥ 2.0
2025-08-01T14:56:28.859955,TRMB,81.37,62.26,0.26,0.32,-49.91,-49.91,ADX ≥ 20.0;MACD 🚀;Price > SMA20
2025-08-01T14:56:29.741225,TFC,42.61,60.04,0.15,0.34,-41.93,-41.93,ADX ≥ 20.0;MACD 🚀;Price > SMA20
2025-08-01T14:56:32.926827,UBER,86.37,56.57,0.32,0.38,-37.42,-37.42,ADX ≥ 20.0;MACD 🚀;Price > SMA20
2025-08-01T14:56:34.674421,ULTA,510.50,55.36,1.29,0.25,-49.60,-49.60,ADX ≥ 20.0;MACD 🚀;Price > SMA20
2025-08-01T14:56:36.103109,UAL,84.41,68.42,0.49,0.58,-49.64,-49.64,ADX ≥ 20.0;MACD 🚀;ATR % ≥ 0.5%;Price > SMA20
2025-08-01T14:56:37.760063,URI,857.50,53.24,3.70,0.43,-47.10,-47.10,ADX ≥ 20.0;MACD 🚀;ATR14 ≥ 2.0;Price > SMA20
2025-08-01T14:56:38.665158,UNH,240.48,49.25,1.44,0.60,-30.88,-30.88,ADX ≥ 20.0;MACD 🚀;ATR % ≥ 0.5%
2025-08-01T14:56:39.475404,UHS,163.62,28.41,0.93,0.57,-35.22,-35.22,ADX ≥ 20.0;MACD 🚀;ATR % ≥ 0.5%
2025-08-01T14:56:44.113429,VZ,42.83,25.15,0.11,0.26,-40.69,-40.69,ADX ≥ 20.0;MACD 🚀;Price > SMA20
2025-08-01T14:56:45.907923,VTRS,8.72,43.70,0.04,0.44,-16.22,-16.22,ADX ≥ 20.0;MACD 🚀;Price > SMA20
2025-08-01T14:56:48.109421,VST,206.91,42.86,1.62,0.79,-39.47,-39.47,ADX ≥ 20.0;MACD 🚀;ATR % ≥ 0.5%;Price > SMA20
2025-08-01T14:56:49.509243,WRB,69.20,20.11,0.22,0.32,-27.55,-27.55,ADX ≥ 20.0;MACD 🚀;Price > SMA20
2025-08-01T14:56:50.340073,GWW,955.39,75.64,6.01,0.63,-51.71,-51.71,ADX ≥ 20.0;MACD 🚀;ATR14 ≥ 2.0;ATR % ≥ 0.5%;Price > SMA20
2025-08-01T14:56:53.398808,DIS,116.69,52.58,0.33,0.28,-51.75,-51.75,ADX ≥ 20.0;MACD 🚀;Price > SMA20
2025-08-01T14:56:54.194180,WBD,12.87,45.13,0.06,0.50,-37.81,-37.81,ADX ≥ 20.0;MACD 🚀;Price > SMA20
2025-08-01T14:56:56.859272,WEC,110.51,39.67,0.34,0.30,-28.92,-28.92,ADX ≥ 20.0;MACD 🚀;Price > SMA20
2025-08-01T14:57:01.220304,WSM,184.96,52.69,0.77,0.41,-39.74,-39.74,ADX ≥ 20.0;MACD 🚀;Price > SMA20
2025-08-01T14:57:01.924920,WMB,59.90,43.51,0.20,0.33,-35.13,-35.13,ADX ≥ 20.0;MACD 🚀;RSI 📈;Price > SMA20
2025-08-01T14:57:08.683226,ABBV,193.84,33.26,0.82,0.43,-45.04,-45.04,ADX ≥ 20.0;MACD 🚀;BB breakout;Price > SMA20
2025-08-01T14:57:11.546720,AMD,171.17,52.30,1.14,0.67,-34.47,-34.47,ADX ≥ 20.0;MACD 🚀;ATR % ≥ 0.5%;Price > SMA20
2025-08-01T14:57:17.815433,ALB,66.07,55.25,0.46,0.70,-36.60,-36.60,ADX ≥ 20.0;MACD 🚀;BB breakout;ATR % ≥ 0.5%
2025-08-01T14:57:19.199992,ALLE,164.73,35.02,0.47,0.29,-24.30,-24.30,ADX ≥ 20.0;MACD 🚀;Price > SMA20
2025-08-01T14:57:22.782039,MO,62.53,36.41,0.16,0.26,-33.98,-33.98,ADX ≥ 20.0;MACD 🚀;BB breakout;RSI 📈;Price > SMA20
2025-08-01T14:57:25.071283,AEE,102.12,26.11,0.38,0.37,-41.55,-41.55,ADX ≥ 20.0;MACD 🚀;Price > SMA20
2025-08-01T14:57:25.838145,AEP,113.43,21.88,0.34,0.30,-27.21,-27.21,ADX ≥ 20.0;MACD 🚀;Price > SMA20
2025-08-01T14:57:26.721871,AXP,292.80,59.35,1.01,0.35,-46.20,-46.20,ADX ≥ 20.0;MACD 🚀;Price > SMA20
2025-08-01T14:57:34.623277,APA,18.39,73.65,0.12,0.63,-23.81,-23.81,ADX ≥ 20.0;MACD 🚀;ATR % ≥ 0.5%
2025-08-01T14:57:35.458570,APO,137.06,60.57,0.78,0.57,-37.12,-37.12,ADX ≥ 20.0;MACD 🚀;ATR % ≥ 0.5%
2025-08-01T14:57:36.992722,AMAT,178.53,30.64,0.73,0.41,-30.78,-30.78,ADX ≥ 20.0;MACD 🚀;Price > SMA20
2025-08-01T14:57:38.996889,ADM,53.66,38.21,0.16,0.31,-40.57,-40.57,ADX ≥ 20.0;MACD 🚀;BB breakout;RSI 📈;Price > SMA20
2025-08-01T14:57:39.713580,ANET,117.07,59.88,0.71,0.61,-42.45,-42.45,ADX ≥ 20.0;MACD 🚀;ATR % ≥ 0.5%
2025-08-01T14:57:40.456742,AJG,280.11,57.46,1.47,0.52,-10.43,-10.43,ADX ≥ 20.0;MACD 🚀;ATR % ≥ 0.5%
2025-08-01T14:57:41.270669,AIZ,186.44,50.54,0.52,0.28,-26.60,-26.60,ADX ≥ 20.0;MACD 🚀;Price > SMA20
2025-08-01T14:57:41.954061,T,27.65,43.02,0.08,0.27,-27.39,-27.39,ADX ≥ 20.0;MACD 🚀;RSI 📈;Price > SMA20
2025-08-01T14:57:43.207663,ADSK,297.79,68.28,0.84,0.28,-45.79,-45.79,ADX ≥ 20.0;MACD 🚀;Price > SMA20
2025-08-01T14:57:46.418664,AXON,740.94,45.18,3.70,0.50,-40.79,-40.79,ADX ≥ 20.0;MACD 🚀;ATR14 ≥ 2.0;Price > SMA20
2025-08-01T14:57:49.395725,BAX,21.73,36.48,0.17,0.78,-34.43,-34.43,ADX ≥ 20.0;MACD 🚀;ATR % ≥ 0.5%;Price > SMA20
2025-08-01T14:57:50.826464,BRK-B,0.00,24.41,0.84,inf,-20.30,-20.30,ADX ≥ 20.0;MACD 🚀;RSI 📈;ATR % ≥ 0.5%
2025-08-01T14:57:52.307522,TECH,53.49,72.21,0.29,0.54,-42.10,-42.10,ADX ≥ 20.0;MACD 🚀;BB breakout;ATR % ≥ 0.5%
2025-08-01T14:57:53.070547,BIIB,125.72,38.99,0.69,0.55,-49.39,-49.39,ADX ≥ 20.0;MACD 🚀;ATR % ≥ 0.5%
2025-08-01T14:57:53.755867,BLK,1091.49,53.61,3.10,0.28,-32.31,-32.31,ADX ≥ 20.0;MACD 🚀;ATR14 ≥ 2.0;Price > SMA20
2025-08-01T14:57:54.611450,BX,169.36,42.80,0.97,0.57,-34.82,-34.82,ADX ≥ 20.0;MACD 🚀;ATR % ≥ 0.5%;Price > SMA20
2025-08-01T14:57:55.424354,BK,99.69,57.47,0.32,0.32,-43.80,-43.80,ADX ≥ 20.0;MACD 🚀;Price > SMA20
2025-08-01T14:57:56.186017,BA,220.57,48.61,0.96,0.44,-18.98,-18.98,ADX ≥ 20.0;MACD 🚀;Price > SMA20
2025-08-01T14:57:56.884160,BKNG,5445.14,68.02,21.86,0.40,-25.85,-25.85,ADX ≥ 20.0;MACD 🚀;ATR14 ≥ 2.0
2025-08-01T14:57:57.706517,BSX,105.71,32.79,0.33,0.31,-31.40,-31.40,ADX ≥ 20.0;MACD 🚀;RSI 📈;Price > SMA20
2025-08-01T14:58:00.992438,BF-B,0.00,30.47,0.14,inf,-42.29,-42.29,ADX ≥ 20.0;MACD 🚀;ATR % ≥ 0.5%
2025-08-01T14:58:02.978464,BXP,63.72,38.65,0.32,0.51,-22.92,-22.92,ADX ≥ 20.0;MACD 🚀;ATR % ≥ 0.5%
2025-08-01T14:58:05.092626,CZR,25.67,55.42,0.15,0.57,-36.45,-36.45,ADX ≥ 20.0;MACD 🚀;ATR % ≥ 0.5%
2025-08-01T14:58:07.332372,COF,207.40,56.19,1.00,0.48,-38.73,-38.73,ADX ≥ 20.0;MACD 🚀;Price > SMA20
2025-08-01T14:58:07.983054,CAH,155.88,28.42,0.43,0.27,-41.90,-41.90,ADX ≥ 20.0;MACD 🚀;RSI 📈;Price > SMA20
2025-08-01T14:58:09.430687,CCL,28.80,61.49,0.16,0.57,-52.03,-52.03,ADX ≥ 20.0;MACD 🚀;ATR % ≥ 0.5%;Price > SMA20
2025-08-01T14:58:15.739649,CRL,162.72,78.48,0.89,0.55,-39.80,-39.80,ADX ≥ 20.0;MACD 🚀;ATR % ≥ 0.5%
2025-08-01T14:58:16.433725,SCHW,95.53,57.74,0.32,0.34,-43.85,-43.85,ADX ≥ 20.0;MACD 🚀;Price > SMA20
2025-08-01T14:58:18.398796,CMG,43.01,46.66,0.14,0.32,-27.30,-27.30,ADX ≥ 20.0;MACD 🚀;BB breakout;RSI 📈;Price > SMA20
2025-08-01T14:58:20.781436,CI,259.98,38.58,1.60,0.61,-35.02,-35.02,ADX ≥ 20.0;MACD 🚀;ATR % ≥ 0.5%
2025-08-01T14:58:21.586410,CINF,145.17,59.68,0.40,0.28,-39.89,-39.89,ADX ≥ 20.0;MACD 🚀;Price > SMA20
2025-08-01T14:58:22.272027,CTAS,220.40,52.46,0.55,0.25,-41.69,-41.69,ADX ≥ 20.0;MACD 🚀;Price > SMA20
2025-08-01T14:58:23.046132,CSCO,67.05,60.75,0.15,0.23,-28.32,-28.32,ADX ≥ 20.0;MACD 🚀;Price > SMA20
2025-08-01T14:58:25.638324,CME,280.45,35.56,0.81,0.29,-18.57,-18.57,ADX ≥ 20.0;MACD 🚀;Price > SMA20
2025-08-01T14:58:27.032255,KO,68.64,30.41,0.15,0.21,-43.11,-43.11,ADX ≥ 20.0;MACD 🚀;Price > SMA20
2025-08-01T14:58:28.550390,COIN,322.16,69.15,3.13,0.97,-48.97,-48.97,ADX ≥ 20.0;MACD 🚀;ATR14 ≥ 2.0;ATR % ≥ 0.5%
2025-08-01T14:58:30.384994,CL,83.17,26.25,0.46,0.55,-53.92,-53.92,ADX ≥ 20.0;MACD 🚀;ATR % ≥ 0.5%
2025-08-01T14:58:33.677108,ED,104.36,42.09,0.31,0.30,-33.94,-33.94,ADX ≥ 20.0;MACD 🚀;Price > SMA20
2025-08-01T14:58:35.276843,CEG,336.19,57.89,2.15,0.64,-32.84,-32.84,ADX ≥ 20.0;MACD 🚀;ATR14 ≥ 2.0;ATR % ≥ 0.5%;Price > SMA20
2025-08-01T14:58:37.221215,GLW,62.11,50.32,0.22,0.35,-40.33,-40.33,ADX ≥ 20.0;MACD 🚀;Price > SMA20
2025-08-01T14:58:37.953256,CPAY,313.80,59.09,1.04,0.33,-40.57,-40.57,ADX ≥ 20.0;MACD 🚀;BB breakout
2025-08-01T14:58:41.023775,CRWD,448.58,58.54,2.05,0.46,-41.31,-41.31,ADX ≥ 20.0;MACD 🚀;ATR14 ≥ 2.0;Price > SMA20
2025-08-01T14:58:44.785028,DRI,201.22,39.59,0.52,0.26,-15.89,-15.89,ADX ≥ 20.0;MACD 🚀;Price > SMA20
2025-08-01T14:58:48.656264,DELL,127.91,59.30,0.72,0.56,-35.96,-35.96,ADX ≥ 20.0;MACD 🚀;ATR % ≥ 0.5%;Price > SMA20
2025-08-01T14:58:49.255426,DAL,50.97,56.05,0.28,0.54,-44.56,-44.56,ADX ≥ 20.0;MACD 🚀;ATR % ≥ 0.5%
2025-08-01T14:58:50.520096,DXCM,79.92,42.09,0.39,0.49,-27.67,-27.67,ADX ≥ 20.0;MACD 🚀;Price > SMA20
2025-08-01T14:58:53.701078,DLTR,113.93,26.91,0.36,0.32,-28.80,-28.80,ADX ≥ 20.0;MACD 🚀;Price > SMA20
2025-08-01T14:58:56.828387,DASH,246.98,52.46,0.99,0.40,-48.97,-48.97,ADX ≥ 20.0;MACD 🚀;Price > SMA20
2025-08-01T14:58:58.359239,DOW,22.10,83.50,0.12,0.55,-33.83,-33.83,ADX ≥ 20.0;MACD 🚀;ATR % ≥ 0.5%
2025-08-01T14:58:59.995387,DUK,122.45,44.51,0.32,0.26,-30.95,-30.95,ADX ≥ 20.0;MACD 🚀;BB breakout;RSI 📈;Price > SMA20
2025-08-01T14:59:01.394777,EMN,57.00,91.34,0.59,1.04,-59.65,-59.65,ADX ≥ 20.0;MACD 🚀;ATR % ≥ 0.5%
2025-08-01T14:59:02.712642,ETN,378.58,50.33,1.47,0.39,-41.27,-41.27,ADX ≥ 20.0;MACD 🚀;Price > SMA20
2025-08-01T14:59:05.066213,EIX,51.65,40.35,0.31,0.60,-32.05,-32.05,ADX ≥ 20.0;MACD 🚀;ATR % ≥ 0.5%
2025-08-01T14:59:08.282458,ENPH,31.47,21.61,0.23,0.73,-30.13,-30.13,ADX ≥ 20.0;MACD 🚀;ATR % ≥ 0.5%
2025-08-01T14:59:08.918602,ETR,89.56,27.14,0.28,0.31,-36.61,-36.61,ADX ≥ 20.0;MACD 🚀;Price > SMA20
2025-08-01T14:59:10.590833,EPAM,153.38,65.85,0.85,0.55,-24.95,-24.95,ADX ≥ 20.0;MACD 🚀;ATR % ≥ 0.5%
2025-08-01T14:59:17.246744,ES,65.78,23.60,0.26,0.39,-31.57,-31.57,ADX ≥ 20.0;MACD 🚀;Price > SMA20
2025-08-01T14:59:23.646736,FICO,1410.54,33.10,9.53,0.68,-19.90,-19.90,ADX ≥ 20.0;MACD 🚀;ATR14 ≥ 2.0;ATR % ≥ 0.5%;Price > SMA20
2025-08-01T14:59:24.329674,FAST,45.27,58.91,0.12,0.27,-50.37,-50.37,ADX ≥ 20.0;MACD 🚀;Price > SMA20
2025-08-01T14:59:54.327077,ABBV,193.70,33.16,0.83,0.43,-44.55,-44.55,ADX ≥ 20.0;MACD 🚀;Price > SMA20
2025-08-01T14:59:56.538475,AMD,170.98,52.18,1.15,0.67,-33.07,-33.07,ADX ≥ 20.0;MACD 🚀;ATR % ≥ 0.5%;Price > SMA20
2025-08-01T15:00:02.141692,ALB,66.00,55.29,0.46,0.70,-36.39,-36.39,ADX ≥ 20.0;MACD 🚀;ATR % ≥ 0.5%
2025-08-01T15:00:08.653853,MO,62.45,34.07,0.15,0.24,-39.05,-39.05,ADX ≥ 20.0;MACD 🚀;Price > SMA20
2025-08-01T15:00:11.153159,AEE,102.12,26.11,0.38,0.37,-41.55,-41.55,ADX ≥ 20.0;MACD 🚀;Price > SMA20
2025-08-01T15:00:12.956847,AEP,113.45,21.88,0.34,0.30,-27.21,-27.21,ADX ≥ 20.0;MACD 🚀;RSI 📈;Price > SMA20
2025-08-01T15:00:13.800494,AXP,292.79,56.07,0.94,0.32,-50.89,-50.89,ADX ≥ 20.0;MACD 🚀;Price > SMA20
2025-08-01T15:00:18.177016,APH,104.00,54.33,0.35,0.34,-46.72,-46.72,ADX ≥ 20.0;MACD 🚀;Price > SMA20
2025-08-01T15:00:21.282767,APA,18.41,70.19,0.11,0.58,-32.59,-32.59,ADX ≥ 20.0;MACD 🚀;ATR % ≥ 0.5%
2025-08-01T15:00:22.060390,APO,137.01,54.34,0.74,0.54,-44.42,-44.42,ADX ≥ 20.0;MACD 🚀;ATR % ≥ 0.5%
2025-08-01T15:00:23.730264,AMAT,178.43,30.27,0.68,0.38,-41.66,-41.66,ADX ≥ 20.0;MACD 🚀;Price > SMA20
2025-08-01T15:00:26.178774,ADM,53.63,36.77,0.14,0.27,-42.34,-42.34,ADX ≥ 20.0;MACD 🚀;BB breakout;RSI 📈;Price > SMA20
2025-08-01T15:00:26.959889,ANET,117.00,54.71,0.68,0.58,-47.88,-47.88,ADX ≥ 20.0;MACD 🚀;ATR % ≥ 0.5%
2025-08-01T15:00:29.027221,AJG,279.77,52.85,1.41,0.50,-22.11,-22.11,ADX ≥ 20.0;MACD 🚀;ATR % ≥ 0.5%
2025-08-01T15:00:29.785420,AIZ,186.42,50.26,0.53,0.28,-23.48,-23.48,ADX ≥ 20.0;MACD 🚀;Price > SMA20
2025-08-01T15:00:30.650866,T,27.68,44.82,0.07,0.26,-31.55,-31.55,ADX ≥ 20.0;MACD 🚀;RSI 📈;Price > SMA20
2025-08-01T15:00:32.076247,ADSK,297.64,62.34,0.76,0.26,-48.31,-48.31,ADX ≥ 20.0;MACD 🚀;Price > SMA20
2025-08-01T15:00:35.815542,AXON,740.94,45.18,3.70,0.50,-40.79,-40.79,ADX ≥ 20.0;MACD 🚀;ATR14 ≥ 2.0;Price > SMA20
2025-08-01T15:00:37.074973,BKR,43.64,62.38,0.16,0.38,-27.30,-27.30,ADX ≥ 20.0;MACD 🚀;BB breakout;Price > SMA20
2025-08-01T15:00:39.770135,BAX,21.68,34.11,0.16,0.72,-45.37,-45.37,ADX ≥ 20.0;MACD 🚀;ATR % ≥ 0.5%
2025-08-01T15:00:41.857132,BRK-B,0.00,24.18,0.85,inf,-20.65,-20.65,ADX ≥ 20.0;MACD 🚀;RSI 📈;ATR % ≥ 0.5%
2025-08-01T15:00:44.401244,BIIB,125.59,41.04,0.65,0.52,-57.96,-57.96,ADX ≥ 20.0;MACD 🚀;ATR % ≥ 0.5%
2025-08-01T15:00:45.205052,BLK,1090.62,49.21,3.07,0.28,-42.27,-42.27,ADX ≥ 20.0;MACD 🚀;ATR14 ≥ 2.0;Price > SMA20
2025-08-01T15:00:46.801833,BK,99.75,54.51,0.29,0.29,-50.96,-50.96,ADX ≥ 20.0;MACD 🚀;Price > SMA20
2025-08-01T15:00:48.143186,BKNG,5445.14,68.02,21.86,0.40,-25.85,-25.85,ADX ≥ 20.0;MACD 🚀;ATR14 ≥ 2.0
2025-08-01T15:00:48.914193,BSX,105.86,32.15,0.32,0.30,-41.52,-41.52,ADX ≥ 20.0;MACD 🚀;RSI 📈;Price > SMA20
2025-08-01T15:00:49.731457,BMY,43.81,22.84,0.23,0.52,-52.59,-52.59,ADX ≥ 20.0;MACD 🚀;ATR % ≥ 0.5%
2025-08-01T15:00:52.875319,BF-B,0.00,32.84,0.13,inf,-44.53,-44.53,ADX ≥ 20.0;MACD 🚀;ATR % ≥ 0.5%
2025-08-01T15:00:57.521169,CZR,25.71,49.88,0.14,0.53,-46.33,-46.33,ADX ≥ 20.0;MACD 🚀;BB breakout;ATR % ≥ 0.5%
2025-08-01T15:00:59.866709,COF,207.69,52.75,0.97,0.47,-41.50,-41.50,ADX ≥ 20.0;MACD 🚀;Price > SMA20
2025-08-01T15:01:01.704996,CAH,155.86,29.03,0.39,0.25,-50.36,-50.36,ADX ≥ 20.0;MACD 🚀;RSI 📈;Price > SMA20
2025-08-01T15:01:04.037445,CCL,28.80,61.24,0.15,0.52,-56.82,-56.82,ADX ≥ 20.0;MACD 🚀;ATR % ≥ 0.5%;Price > SMA20
2025-08-01T15:01:04.955101,CARR,67.09,55.73,0.20,0.30,-47.80,-47.80,ADX ≥ 20.0;MACD 🚀;BB breakout;Price > SMA20
2025-08-01T15:01:05.983241,CAT,427.66,45.31,1.55,0.36,-42.50,-42.50,ADX ≥ 20.0;MACD 🚀;Price > SMA20
2025-08-01T15:01:11.173983,CF,91.23,53.19,0.29,0.32,-48.75,-48.75,ADX ≥ 20.0;MACD 🚀;BB breakout;Price > SMA20
2025-08-01T15:01:12.039895,CRL,162.86,75.55,0.84,0.52,-50.39,-50.39,ADX ≥ 20.0;MACD 🚀;ATR % ≥ 0.5%
2025-08-01T15:01:12.857179,SCHW,95.61,55.88,0.29,0.31,-47.12,-47.12,ADX ≥ 20.0;MACD 🚀;Price > SMA20
2025-08-01T15:01:15.314097,CMG,43.03,44.14,0.14,0.32,-28.86,-28.86,ADX ≥ 20.0;MACD 🚀;RSI 📈;Price > SMA20
2025-08-01T15:01:16.050489,CB,265.60,31.16,0.68,0.26,-33.34,-33.34,ADX ≥ 20.0;MACD 🚀;Price > SMA20
2025-08-01T15:01:17.741932,CI,259.40,42.38,1.49,0.58,-35.71,-35.71,ADX ≥ 20.0;MACD 🚀;ATR % ≥ 0.5%
2025-08-01T15:01:18.939943,CINF,145.18,53.91,0.37,0.25,-44.03,-44.03,ADX ≥ 20.0;MACD 🚀;Price > SMA20
2025-08-01T15:01:20.015900,CTAS,220.37,47.09,0.52,0.24,-49.48,-49.48,ADX ≥ 20.0;MACD 🚀;Price > SMA20
2025-08-01T15:01:20.834440,CSCO,67.05,57.03,0.14,0.21,-33.39,-33.39,ADX ≥ 20.0;MACD 🚀;Price > SMA20
2025-08-01T15:01:21.889387,C,90.75,58.99,0.32,0.36,-51.11,-51.11,ADX ≥ 20.0;MACD 🚀;Price > SMA20
2025-08-01T15:01:22.766194,CFG,46.56,48.47,0.18,0.39,-31.16,-31.16,ADX ≥ 20.0;MACD 🚀;Price > SMA20
2025-08-01T15:01:23.713130,CLX,123.36,35.77,0.63,0.51,-43.47,-43.47,ADX ≥ 20.0;MACD 🚀;ATR % ≥ 0.5%
2025-08-01T15:01:24.517536,CME,280.86,32.49,0.76,0.27,-32.05,-32.05,ADX ≥ 20.0;MACD 🚀;BB breakout;RSI 📈;Price > SMA20
2025-08-01T15:01:26.225385,KO,68.60,29.10,0.13,0.20,-46.63,-46.63,ADX ≥ 20.0;MACD 🚀;Price > SMA20
2025-08-01T15:01:27.829993,COIN,320.50,63.08,2.87,0.89,-49.47,-49.47,ADX ≥ 20.0;MACD 🚀;ATR14 ≥ 2.0;ATR % ≥ 0.5%
2025-08-01T15:01:28.712051,CL,83.28,28.95,0.44,0.53,-57.48,-57.48,ADX ≥ 20.0;MACD 🚀;ATR % ≥ 0.5%
2025-08-01T15:01:32.710586,ED,104.29,37.20,0.29,0.28,-36.43,-36.43,ADX ≥ 20.0;MACD 🚀;Price > SMA20
2025-08-01T15:01:39.346232,CPAY,313.47,54.74,1.02,0.33,-45.06,-45.06,ADX ≥ 20.0;MACD 🚀;Price > SMA20
2025-08-01T15:01:43.131111,CRWD,448.48,54.86,1.97,0.44,-45.75,-45.75,ADX ≥ 20.0;MACD 🚀;Price > SMA20
2025-08-01T15:01:47.252550,DRI,201.17,35.30,0.48,0.24,-24.11,-24.11,ADX ≥ 20.0;MACD 🚀;Price > SMA20
2025-08-01T15:01:51.704888,DELL,127.76,55.66,0.69,0.54,-35.04,-35.04,ADX ≥ 20.0;MACD 🚀;ATR % ≥ 0.5%;Price > SMA20
2025-08-01T15:01:53.794765,DXCM,80.01,39.67,0.39,0.49,-33.79,-33.79,ADX ≥ 20.0;MACD 🚀;Price > SMA20
2025-08-01T15:01:58.519477,DASH,246.97,51.00,0.95,0.38,-53.14,-53.14,ADX ≥ 20.0;MACD 🚀;Price > SMA20
2025-08-01T15:02:00.347475,DOW,22.07,79.93,0.12,0.55,-32.98,-32.98,ADX ≥ 20.0;MACD 🚀;ATR % ≥ 0.5%
2025-08-01T15:02:02.237297,DUK,122.59,41.66,0.31,0.26,-32.20,-32.20,ADX ≥ 20.0;MACD 🚀;BB breakout;RSI 📈;Price > SMA20
2025-08-01T15:02:04.083794,EMN,56.96,90.61,0.55,0.97,-62.91,-62.91,ADX ≥ 20.0;MACD 🚀;ATR % ≥ 0.5%
2025-08-01T15:02:07.090008,EIX,51.69,43.82,0.29,0.57,-36.66,-36.66,ADX ≥ 20.0;MACD 🚀;ATR % ≥ 0.5%
2025-08-01T15:02:07.894810,EW,78.70,44.39,0.28,0.36,-34.87,-34.87,ADX ≥ 20.0;MACD 🚀;Price > SMA20
2025-08-01T15:02:08.797766,EA,155.41,22.00,0.65,0.42,-17.43,-17.43,ADX ≥ 20.0;MACD 🚀;RSI 📈;Price > SMA20
2025-08-01T15:02:11.109434,ENPH,31.47,21.91,0.21,0.66,-35.59,-35.59,ADX ≥ 20.0;MACD 🚀;ATR % ≥ 0.5%
2025-08-01T15:02:13.538964,EPAM,153.10,58.79,0.83,0.54,-50.68,-50.68,ADX ≥ 20.0;MACD 🚀;ATR % ≥ 0.5%
2025-08-01T15:02:21.454103,ES,65.70,21.95,0.23,0.35,-37.57,-37.57,ADX ≥ 20.0;MACD 🚀;Price > SMA20
2025-08-01T15:02:23.955241,EXPE,176.37,43.38,0.62,0.35,-48.89,-48.89,ADX ≥ 20.0;MACD 🚀;Price > SMA20
2025-08-01T15:02:27.947075,FICO,1400.18,30.15,9.61,0.69,-17.98,-17.98,ADX ≥ 20.0;MACD 🚀;ATR14 ≥ 2.0;ATR % ≥ 0.5%
2025-08-01T15:02:28.729235,FAST,45.32,53.23,0.12,0.27,-52.54,-52.54,ADX ≥ 20.0;MACD 🚀;BB breakout;Price > SMA20
2025-08-01T15:02:31.335803,FIS,78.63,69.90,0.23,0.30,-27.55,-27.55,ADX ≥ 20.0;MACD 🚀;BB breakout;RSI 📈;Price > SMA20
2025-08-01T15:02:32.170334,FITB,40.78,55.58,0.12,0.30,-48.18,-48.18,ADX ≥ 20.0;MACD 🚀;Price > SMA20
2025-08-01T15:02:33.453417,FE,43.11,34.15,0.13,0.30,-29.42,-29.42,ADX ≥ 20.0;MACD 🚀;Price > SMA20
2025-08-01T15:02:34.246832,FI,136.82,75.85,0.52,0.38,-13.03,-13.03,ADX ≥ 20.0;MACD 🚀;BB breakout;Price > SMA20
2025-08-01T15:02:35.653899,FTNT,97.82,58.66,0.31,0.32,-44.19,-44.19,ADX ≥ 20.0;MACD 🚀;Price > SMA20
2025-08-01T15:02:41.261494,FCX,39.72,48.71,0.16,0.40,-38.73,-38.73,ADX ≥ 20.0;MACD 🚀;Price > SMA20
2025-08-01T15:02:42.666749,IT,331.39,72.73,1.15,0.35,-34.70,-34.70,ADX ≥ 20.0;MACD 🚀;BB breakout
2025-08-01T15:02:43.526735,GE,267.25,55.31,1.02,0.38,-46.70,-46.70,ADX ≥ 20.0;MACD 🚀;Price > SMA20
2025-08-01T15:02:44.431023,GEHC,69.65,75.20,0.28,0.40,-34.47,-34.47,ADX ≥ 20.0;MACD 🚀;BB breakout
2025-08-01T15:02:45.780676,GEN,28.95,61.78,0.07,0.26,-54.41,-54.41,ADX ≥ 20.0;MACD 🚀;Price > SMA20
2025-08-01T15:02:47.050194,GD,308.40,52.38,0.60,0.19,-55.39,-55.39,ADX ≥ 20.0;MACD 🚀;Price > SMA20
2025-08-01T15:02:48.650282,GM,52.72,42.14,0.21,0.40,-41.57,-41.57,ADX ≥ 20.0;MACD 🚀;Price > SMA20
2025-08-01T15:02:49.446620,GPC,126.98,25.98,0.46,0.36,-43.94,-43.94,ADX ≥ 20.0;MACD 🚀;BB breakout;Price > SMA20
2025-08-01T15:02:51.416966,GPN,77.75,59.03,0.29,0.38,-33.37,-33.37,ADX ≥ 20.0;MACD 🚀;BB breakout;Price > SMA20
2025-08-01T15:02:52.071237,GL,137.31,58.04,0.45,0.33,-38.79,-38.79,ADX ≥ 20.0;MACD 🚀;Price > SMA20
2025-08-01T15:02:52.857429,GDDY,159.19,69.32,0.39,0.25,-45.40,-45.40,ADX ≥ 20.0;MACD 🚀;BB breakout;Price > SMA20
2025-08-01T15:02:53.710179,GS,707.46,55.54,2.91,0.41,-40.35,-40.35,ADX ≥ 20.0;MACD 🚀;ATR14 ≥ 2.0;Price > SMA20
2025-08-01T15:02:54.528692,HAL,21.42,67.93,0.12,0.54,-25.14,-25.14,ADX ≥ 20.0;MACD 🚀;ATR % ≥ 0.5%
2025-08-01T15:02:59.290756,HSY,189.31,31.90,0.65,0.34,-52.39,-52.39,ADX ≥ 20.0;MACD 🚀;Price > SMA20
2025-08-01T15:03:02.920222,HLT,261.30,55.82,0.73,0.28,-61.16,-61.16,ADX ≥ 20.0;MACD 🚀;Price > SMA20
2025-08-01T15:03:10.531983,HBAN,15.93,54.81,0.06,0.38,-37.35,-37.35,ADX ≥ 20.0;MACD 🚀;Price > SMA20
2025-08-01T15:03:13.831154,IDXX,533.33,54.61,1.67,0.31,-25.29,-25.29,ADX ≥ 20.0;MACD 🚀;BB breakout;Price > SMA20
2025-08-01T15:03:16.407746,IR,75.00,82.99,0.60,0.80,-34.02,-34.02,ADX ≥ 20.0;MACD 🚀;ATR % ≥ 0.5%
2025-08-01T15:03:17.196383,PODD,286.19,47.42,1.12,0.39,-40.07,-40.07,ADX ≥ 20.0;MACD 🚀;Price > SMA20
2025-08-01T15:03:18.003627,INTC,19.21,44.96,0.08,0.43,-39.19,-39.19,ADX ≥ 20.0;MACD 🚀;Price > SMA20
2025-08-01T15:03:18.788141,ICE,183.55,52.02,0.59,0.32,-42.25,-42.25,ADX ≥ 20.0;MACD 🚀;Price > SMA20
2025-08-01T15:03:20.428331,IP,45.16,57.83,0.24,0.53,-38.41,-38.41,ADX ≥ 20.0;MACD 🚀;ATR % ≥ 0.5%
2025-08-01T15:03:22.177358,INTU,777.25,45.09,1.53,0.20,-41.21,-41.21,ADX ≥ 20.0;MACD 🚀;Price > SMA20
2025-08-01T15:03:22.879919,ISRG,481.78,43.60,1.64,0.34,-49.76,-49.76,ADX ≥ 20.0;MACD 🚀;RSI 📈;Price > SMA20
2025-08-01T15:03:23.624211,IVZ,20.57,50.96,0.10,0.48,-41.21,-41.21,ADX ≥ 20.0;MACD 🚀;Price > SMA20
2025-08-01T15:03:27.501503,JBL,219.70,60.52,0.97,0.44,-47.18,-47.18,ADX ≥ 20.0;MACD 🚀;Price > SMA20
2025-08-01T15:03:30.321586,JNJ,165.73,20.95,0.38,0.23,-33.23,-33.23,ADX ≥ 20.0;MACD 🚀;Price > SMA20
2025-08-01T15:03:33.482894,JPM,289.03,58.14,0.93,0.32,-46.59,-46.59,ADX ≥ 20.0;MACD 🚀;Price > SMA20
2025-08-01T15:03:34.309421,JNPR,0.00,49.78,0.01,inf,28.22,28.22,ADX ≥ 20.0;MACD 🚀;ATR % ≥ 0.5%
2025-08-01T15:03:35.658840,KVUE,21.61,21.91,0.07,0.32,-30.88,-30.88,ADX ≥ 20.0;MACD 🚀;BB breakout;Price > SMA20
2025-08-01T15:03:36.540319,KEY,17.50,55.36,0.07,0.41,-33.54,-33.54,ADX ≥ 20.0;MACD 🚀;Price > SMA20
2025-08-01T15:03:37.333879,KEYS,158.21,59.32,0.51,0.32,-62.73,-62.73,ADX ≥ 20.0;MACD 🚀;Price > SMA20
2025-08-01T15:06:55.473737,MMM,145.90,53.49,0.39,0.27,-44.65,-44.65,ADX ≥ 20.0;MACD 🚀;BB breakout;Price > SMA20
2025-08-01T15:06:59.126460,ADBE,351.61,63.21,0.97,0.28,-34.35,-34.35,ADX ≥ 20.0;MACD 🚀;Price > SMA20
2025-08-01T15:06:59.929887,AMD,171.09,43.45,1.02,0.60,-47.15,-47.15,ADX ≥ 20.0;MACD 🚀;ATR % ≥ 0.5%;Price > SMA20
2025-08-01T15:07:03.046484,APD,281.10,38.87,0.96,0.34,-46.91,-46.91,ADX ≥ 20.0;MACD 🚀;BB breakout;Price > SMA20
2025-08-01T15:07:04.552571,AKAM,74.74,70.54,0.31,0.42,-31.26,-31.26,ADX ≥ 20.0;MACD 🚀;BB breakout;Price > SMA20
2025-08-01T15:07:05.465583,ALB,66.51,47.09,0.43,0.64,-37.38,-37.38,ADX ≥ 20.0;MACD 🚀;BB breakout;RSI 📈;ATR % ≥ 0.5%;Price > SMA20
2025-08-01T15:07:07.203154,ALLE,164.69,29.14,0.43,0.26,-33.07,-33.07,ADX ≥ 20.0;MACD 🚀;Price > SMA20
2025-08-01T15:07:13.523287,AEE,102.33,20.48,0.35,0.34,-49.23,-49.23,ADX ≥ 20.0;MACD 🚀;Price > SMA20
2025-08-01T15:07:15.007715,AXP,293.28,53.16,0.97,0.33,-49.27,-49.27,ADX ≥ 20.0;MACD 🚀;Price > SMA20
2025-08-01T15:07:17.060607,AMP,502.76,59.22,1.57,0.31,-57.40,-57.40,ADX ≥ 20.0;MACD 🚀;Price > SMA20
2025-08-01T15:07:19.429059,APH,104.16,49.91,0.36,0.35,-42.72,-42.72,ADX ≥ 20.0;MACD 🚀;Price > SMA20
2025-08-01T15:07:20.159761,ADI,220.66,40.09,0.67,0.30,-38.10,-38.10,ADX ≥ 20.0;MACD 🚀;Price > SMA20
2025-08-01T15:07:21.478209,AON,352.66,25.36,1.00,0.28,-52.00,-52.00,ADX ≥ 20.0;MACD 🚀;Price > SMA20
2025-08-01T15:07:22.115732,APA,18.45,65.41,0.11,0.60,-25.00,-25.00,ADX ≥ 20.0;MACD 🚀;ATR % ≥ 0.5%
2025-08-01T15:07:23.015203,APO,137.56,48.10,0.75,0.54,-44.93,-44.93,ADX ≥ 20.0;MACD 🚀;ATR % ≥ 0.5%
2025-08-01T15:07:26.452235,ADM,53.92,38.12,0.15,0.27,-29.78,-29.78,ADX ≥ 20.0;MACD 🚀;BB breakout;RSI 📈;Price > SMA20
2025-08-01T15:07:27.333817,ANET,117.22,49.31,0.67,0.57,-48.15,-48.15,ADX ≥ 20.0;MACD 🚀;ATR % ≥ 0.5%;Price > SMA20
2025-08-01T15:07:29.402750,AIZ,186.13,44.46,0.53,0.28,-35.72,-35.72,ADX ≥ 20.0;MACD 🚀;Price > SMA20
2025-08-01T15:07:30.240515,T,27.73,45.69,0.07,0.26,-37.39,-37.39,ADX ≥ 20.0;MACD 🚀;BB breakout;RSI 📈;Price > SMA20
2025-08-01T15:07:31.448488,ADSK,298.45,57.68,0.79,0.26,-44.79,-44.79,ADX ≥ 20.0;MACD 🚀;BB breakout;Price > SMA20
2025-08-01T15:07:35.489168,AVY,165.22,45.17,0.53,0.32,-34.62,-34.62,ADX ≥ 20.0;MACD 🚀;Price > SMA20
2025-08-01T15:07:36.203494,AXON,742.08,39.24,3.04,0.41,-52.55,-52.55,ADX ≥ 20.0;MACD 🚀;ATR14 ≥ 2.0;Price > SMA20
2025-08-01T15:07:36.931516,BKR,43.68,57.79,0.17,0.38,-28.56,-28.56,ADX ≥ 20.0;MACD 🚀;BB breakout;Price > SMA20
2025-08-01T15:07:37.776200,BALL,56.42,47.78,0.18,0.33,-43.74,-43.74,ADX ≥ 20.0;MACD 🚀;BB breakout;Price > SMA20
2025-08-01T15:07:38.663619,BAC,45.70,43.89,0.15,0.32,-47.50,-47.50,ADX ≥ 20.0;MACD 🚀;Price > SMA20
2025-08-01T15:07:39.318592,BAX,21.77,30.53,0.15,0.71,-38.87,-38.87,ADX ≥ 20.0;MACD 🚀;ATR % ≥ 0.5%;Price > SMA20
2025-08-01T15:07:40.858906,BRK-B,0.00,24.50,0.86,inf,-21.54,-21.54,ADX ≥ 20.0;MACD 🚀;RSI 📈;ATR % ≥ 0.5%
2025-08-01T15:07:42.475294,TECH,53.59,65.67,0.30,0.56,-31.92,-31.92,ADX ≥ 20.0;MACD 🚀;ATR % ≥ 0.5%;Price > SMA20
2025-08-01T15:07:43.422653,BIIB,125.91,42.29,0.64,0.51,-54.56,-54.56,ADX ≥ 20.0;MACD 🚀;BB breakout;ATR % ≥ 0.5%
2025-08-01T15:07:44.289528,BLK,1092.87,47.00,3.25,0.30,-41.69,-41.69,ADX ≥ 20.0;MACD 🚀;BB breakout;ATR14 ≥ 2.0;Price > SMA20
2025-08-01T15:07:45.013312,BX,169.94,38.11,0.85,0.50,-43.23,-43.23,ADX ≥ 20.0;MACD 🚀;ATR % ≥ 0.5%;Price > SMA20
2025-08-01T15:07:45.798454,BK,99.95,52.34,0.31,0.31,-48.04,-48.04,ADX ≥ 20.0;MACD 🚀;BB breakout;Price > SMA20
2025-08-01T15:07:46.597975,BA,220.56,45.21,0.92,0.42,-30.61,-30.61,ADX ≥ 20.0;MACD 🚀;Price > SMA20
2025-08-01T15:07:47.254234,BKNG,5445.14,68.02,21.86,0.40,-25.85,-25.85,ADX ≥ 20.0;MACD 🚀;ATR14 ≥ 2.0
2025-08-01T15:07:49.165554,AVGO,288.93,41.06,1.30,0.45,-41.50,-41.50,ADX ≥ 20.0;MACD 🚀;Price > SMA20
2025-08-01T15:07:49.825410,BR,244.58,46.31,0.62,0.25,-41.56,-41.56,ADX ≥ 20.0;MACD 🚀;Price > SMA20
2025-08-01T15:07:51.377320,BF-B,0.00,34.65,0.13,inf,-37.80,-37.80,ADX ≥ 20.0;MACD 🚀;ATR % ≥ 0.5%
2025-08-01T15:07:52.425578,BLDR,128.12,21.67,1.06,0.83,-39.79,-39.79,ADX ≥ 20.0;MACD 🚀;BB breakout;RSI 📈;ATR % ≥ 0.5%;Price > SMA20
2025-08-01T15:07:53.072790,BG,78.16,53.89,0.24,0.30,-37.69,-37.69,ADX ≥ 20.0;MACD 🚀;BB breakout;Price > SMA20
2025-08-01T15:07:55.478560,CDNS,356.94,44.32,1.25,0.35,-44.63,-44.63,ADX ≥ 20.0;MACD 🚀;Price > SMA20
2025-08-01T15:07:56.263410,CZR,25.77,46.18,0.14,0.53,-41.65,-41.65,ADX ≥ 20.0;MACD 🚀;BB breakout;ATR % ≥ 0.5%;Price > SMA20
2025-08-01T15:07:59.138102,COF,207.97,49.93,0.99,0.48,-46.32,-46.32,ADX ≥ 20.0;MACD 🚀;Price > SMA20
2025-08-01T15:07:59.992645,CAH,155.98,29.00,0.39,0.25,-45.34,-45.34,ADX ≥ 20.0;MACD 🚀;RSI 📈;Price > SMA20
2025-08-01T15:08:00.805112,KMX,56.05,24.49,0.24,0.43,-32.87,-32.87,ADX ≥ 20.0;MACD 🚀;Price > SMA20
2025-08-01T15:08:01.571713,CCL,28.91,59.86,0.15,0.53,-54.67,-54.67,ADX ≥ 20.0;MACD 🚀;BB breakout;ATR % ≥ 0.5%;Price > SMA20
2025-08-01T15:08:02.332950,CARR,67.24,54.35,0.20,0.29,-42.05,-42.05,ADX ≥ 20.0;MACD 🚀;BB breakout;RSI 📈;Price > SMA20
2025-08-01T15:08:03.708585,CAT,427.46,40.42,1.54,0.36,-45.59,-45.59,ADX ≥ 20.0;MACD 🚀;Price > SMA20
2025-08-01T15:08:08.555863,CF,91.61,49.80,0.30,0.33,-41.98,-41.98,ADX ≥ 20.0;MACD 🚀;BB breakout;RSI 📈;Price > SMA20
2025-08-01T15:08:09.603272,CRL,163.48,68.24,0.82,0.50,-44.16,-44.16,ADX ≥ 20.0;MACD 🚀;ATR % ≥ 0.5%
2025-08-01T15:08:10.541237,SCHW,95.58,54.16,0.29,0.30,-48.67,-48.67,ADX ≥ 20.0;MACD 🚀;Price > SMA20
2025-08-01T15:08:13.174223,CMG,43.07,42.82,0.14,0.32,-22.66,-22.66,ADX ≥ 20.0;MACD 🚀;RSI 📈;Price > SMA20
2025-08-01T15:08:13.897168,CB,265.64,28.67,0.68,0.25,-37.85,-37.85,ADX ≥ 20.0;MACD 🚀;Price > SMA20
2025-08-01T15:08:14.620944,CHD,93.33,57.94,0.40,0.43,-34.43,-34.43,ADX ≥ 20.0;MACD 🚀;BB breakout;Price > SMA20
2025-08-01T15:08:15.478246,CI,259.04,45.86,1.37,0.53,-40.46,-40.46,ADX ≥ 20.0;MACD 🚀;ATR % ≥ 0.5%
2025-08-01T15:08:16.479905,CINF,145.27,53.91,0.37,0.26,-41.85,-41.85,ADX ≥ 20.0;MACD 🚀;Price > SMA20
2025-08-01T15:08:17.364140,CTAS,220.64,41.62,0.52,0.24,-56.42,-56.42,ADX ≥ 20.0;MACD 🚀;Price > SMA20
2025-08-01T15:08:18.357773,CSCO,67.22,54.01,0.15,0.22,-26.93,-26.93,ADX ≥ 20.0;MACD 🚀;BB breakout;RSI 📈;Price > SMA20
2025-08-01T15:08:19.404020,C,91.11,56.68,0.33,0.37,-50.66,-50.66,ADX ≥ 20.0;MACD 🚀;Price > SMA20
2025-08-01T15:08:20.200018,CFG,46.65,43.91,0.18,0.39,-37.09,-37.09,ADX ≥ 20.0;MACD 🚀;Price > SMA20
2025-08-01T15:08:21.540098,CME,280.99,29.91,0.73,0.26,-30.48,-30.48,ADX ≥ 20.0;MACD 🚀;RSI 📈;Price > SMA20
2025-08-01T15:08:22.573889,CMS,73.98,39.92,0.19,0.26,-48.32,-48.32,ADX ≥ 20.0;MACD 🚀;BB breakout;Price > SMA20
2025-08-01T15:08:23.485592,KO,68.66,27.41,0.13,0.19,-47.75,-47.75,ADX ≥ 20.0;MACD 🚀;BB breakout;Price > SMA20
2025-08-01T15:08:25.571723,COIN,322.16,57.01,2.90,0.90,-49.07,-49.07,ADX ≥ 20.0;MACD 🚀;ATR14 ≥ 2.0;ATR % ≥ 0.5%;Price > SMA20
2025-08-01T15:08:30.434675,ED,104.45,32.93,0.29,0.28,-41.30,-41.30,ADX ≥ 20.0;MACD 🚀;Price > SMA20
2025-08-01T15:08:31.457754,STZ,166.62,34.29,0.49,0.29,-37.67,-37.67,ADX ≥ 20.0;MACD 🚀;BB breakout;Price > SMA20
2025-08-01T15:08:33.168012,COO,70.20,46.54,0.22,0.32,-25.30,-25.30,ADX ≥ 20.0;MACD 🚀;BB breakout;RSI 📈;Price > SMA20
2025-08-01T15:08:35.414486,CPAY,313.82,51.35,0.97,0.31,-47.98,-47.98,ADX ≥ 20.0;MACD 🚀;Price > SMA20
2025-08-01T15:08:36.252239,CTVA,71.16,52.37,0.17,0.23,-43.59,-43.59,ADX ≥ 20.0;MACD 🚀;BB breakout;Price > SMA20
2025-08-01T15:08:38.761442,CTRA,23.74,56.81,0.09,0.37,-21.64,-21.64,ADX ≥ 20.0;MACD 🚀;BB breakout
2025-08-01T15:08:39.716868,CRWD,449.41,51.41,2.01,0.45,-47.44,-47.44,ADX ≥ 20.0;MACD 🚀;ATR14 ≥ 2.0;Price > SMA20
2025-08-01T15:08:41.770342,CMI,358.62,52.25,1.23,0.34,-45.37,-45.37,ADX ≥ 20.0;MACD 🚀;Price > SMA20
2025-08-01T15:08:45.351312,DRI,201.25,30.63,0.47,0.23,-24.95,-24.95,ADX ≥ 20.0;MACD 🚀;Price > SMA20
2025-08-01T15:08:46.824983,DAY,55.13,54.18,0.21,0.38,-61.62,-61.62,ADX ≥ 20.0;MACD 🚀;Price > SMA20
2025-08-01T15:08:49.309804,DELL,128.25,52.31,0.68,0.53,-42.30,-42.30,ADX ≥ 20.0;MACD 🚀;ATR % ≥ 0.5%;Price > SMA20
2025-08-01T15:08:50.560773,DVN,32.03,68.48,0.15,0.47,-22.09,-22.09,ADX ≥ 20.0;MACD 🚀;BB breakout
2025-08-01T15:08:51.449022,DXCM,79.94,36.76,0.37,0.46,-29.33,-29.33,ADX ≥ 20.0;MACD 🚀;Price > SMA20
2025-08-01T15:08:56.353031,DASH,248.01,50.00,0.95,0.38,-50.45,-50.45,ADX ≥ 20.0;MACD 🚀;BB breakout;RSI 📈;Price > SMA20
2025-08-01T15:08:58.030865,DOW,22.21,75.11,0.12,0.56,-30.42,-30.42,ADX ≥ 20.0;MACD 🚀;ATR % ≥ 0.5%
2025-08-01T15:08:58.838822,DHI,149.35,41.72,0.83,0.55,-33.04,-33.04,ADX ≥ 20.0;MACD 🚀;BB breakout;RSI 📈;ATR % ≥ 0.5%;Price > SMA20
2025-08-01T15:09:01.569872,DUK,122.57,38.68,0.30,0.25,-37.43,-37.43,ADX ≥ 20.0;MACD 🚀;RSI 📈;Price > SMA20
2025-08-01T15:09:02.454195,DD,69.67,57.51,0.27,0.39,-44.44,-44.44,ADX ≥ 20.0;MACD 🚀;BB breakout;Price > SMA20
2025-08-01T15:09:03.362947,EMN,57.14,89.91,0.55,0.97,-61.87,-61.87,ADX ≥ 20.0;MACD 🚀;ATR % ≥ 0.5%
2025-08-01T15:09:04.189005,ETN,379.07,45.13,1.44,0.38,-44.14,-44.14,ADX ≥ 20.0;MACD 🚀;Price > SMA20
2025-08-01T15:09:05.215455,EBAY,89.92,44.80,0.36,0.40,-46.84,-46.84,ADX ≥ 20.0;MACD 🚀;Price > SMA20
2025-08-01T15:09:05.956868,ECL,260.15,44.05,0.59,0.23,-43.77,-43.77,ADX ≥ 20.0;MACD 🚀;Price > SMA20
2025-08-01T15:09:06.719916,EIX,51.73,47.55,0.28,0.54,-37.74,-37.74,ADX ≥ 20.0;MACD 🚀;ATR % ≥ 0.5%
2025-08-01T15:09:07.558596,EW,78.74,39.68,0.27,0.35,-36.59,-36.59,ADX ≥ 20.0;MACD 🚀;Price > SMA20
2025-08-01T15:09:08.512134,EA,155.79,25.53,0.66,0.43,-25.96,-25.96,ADX ≥ 20.0;MACD 🚀;BB breakout;RSI 📈;Price > SMA20
2025-08-01T15:09:10.169094,EMR,141.46,45.80,0.48,0.34,-48.45,-48.45,ADX ≥ 20.0;MACD 🚀;Price > SMA20
2025-08-01T15:09:10.947045,ENPH,31.58,22.00,0.21,0.67,-29.19,-29.19,ADX ≥ 20.0;MACD 🚀;BB breakout;ATR % ≥ 0.5%
2025-08-01T15:09:12.429554,EOG,116.85,79.10,0.40,0.34,-27.35,-27.35,ADX ≥ 20.0;MACD 🚀;BB breakout
2025-08-01T15:09:13.192613,EPAM,152.71,52.50,0.90,0.59,-42.65,-42.65,ADX ≥ 20.0;MACD 🚀;ATR % ≥ 0.5%
2025-08-01T15:09:14.014128,EQT,52.68,40.17,0.18,0.33,-28.41,-28.41,ADX ≥ 20.0;MACD 🚀;BB breakout;Price > SMA20
2025-08-01T15:09:18.439767,EL,90.10,44.57,0.40,0.45,-46.72,-46.72,ADX ≥ 20.0;MACD 🚀;Price > SMA20
2025-08-01T15:09:20.560609,ES,65.71,20.26,0.23,0.34,-39.75,-39.75,ADX ≥ 20.0;MACD 🚀;Price > SMA20
2025-08-01T15:09:22.194952,EXE,102.69,53.09,0.30,0.30,-31.29,-31.29,ADX ≥ 20.0;MACD 🚀;Price > SMA20
2025-08-01T15:09:22.959024,EXPE,176.71,39.16,0.61,0.35,-45.85,-45.85,ADX ≥ 20.0;MACD 🚀;Price > SMA20
2025-08-01T15:09:26.016834,FFIV,306.98,35.71,1.12,0.36,-41.31,-41.31,ADX ≥ 20.0;MACD 🚀;Price > SMA20
2025-08-01T15:09:28.599398,FAST,45.24,48.21,0.12,0.27,-45.33,-45.33,ADX ≥ 20.0;MACD 🚀;Price > SMA20
2025-08-01T15:09:30.628747,FIS,78.63,65.12,0.22,0.28,-28.45,-28.45,ADX ≥ 20.0;MACD 🚀;BB breakout;Price > SMA20
2025-08-01T15:09:31.329936,FITB,40.81,51.81,0.12,0.30,-48.81,-48.81,ADX ≥ 20.0;MACD 🚀;BB breakout;Price > SMA20
2025-08-01T15:09:33.370589,FI,136.77,69.46,0.51,0.37,-7.38,-7.38,ADX ≥ 20.0;MACD 🚀;Price > SMA20
2025-08-01T15:09:35.211421,FTNT,97.85,54.63,0.29,0.30,-46.09,-46.09,ADX ≥ 20.0;MACD 🚀;Price > SMA20
2025-08-01T15:09:36.824032,FOXA,55.23,40.14,0.13,0.24,-40.49,-40.49,ADX ≥ 20.0;MACD 🚀;Price > SMA20
2025-08-01T15:09:37.859748,FOX,50.56,40.25,0.12,0.24,-46.70,-46.70,ADX ≥ 20.0;MACD 🚀;Price > SMA20
2025-08-01T15:09:38.555242,BEN,24.01,50.15,0.21,0.89,-36.62,-36.62,ADX ≥ 20.0;MACD 🚀;BB breakout;RSI 📈;ATR % ≥ 0.5%;Price > SMA20
2025-08-01T15:09:39.275720,FCX,39.84,45.08,0.16,0.41,-33.70,-33.70,ADX ≥ 20.0;MACD 🚀;Price > SMA20
2025-08-01T15:09:40.552881,IT,331.56,65.28,1.16,0.35,-29.87,-29.87,ADX ≥ 20.0;MACD 🚀;Price > SMA20
2025-08-01T15:09:41.302816,GE,267.22,54.45,1.02,0.38,-44.60,-44.60,ADX ≥ 20.0;MACD 🚀;Price > SMA20
2025-08-01T15:09:42.066779,GEHC,69.88,68.16,0.29,0.41,-24.04,-24.04,ADX ≥ 20.0;MACD 🚀;BB breakout;RSI 📈;Price > SMA20
2025-08-01T15:09:43.266209,GEN,28.97,55.42,0.07,0.26,-50.63,-50.63,ADX ≥ 20.0;MACD 🚀;BB breakout;Price > SMA20
2025-08-01T15:09:44.007234,GNRC,192.84,31.88,1.19,0.62,-33.70,-33.70,ADX ≥ 20.0;MACD 🚀;ATR % ≥ 0.5%;Price > SMA20
2025-08-01T15:09:44.706756,GD,309.00,48.22,0.60,0.19,-51.86,-51.86,ADX ≥ 20.0;MACD 🚀;BB breakout;RSI 📈;Price > SMA20
2025-08-01T15:09:45.519365,GIS,49.05,38.89,0.14,0.29,-50.79,-50.79,ADX ≥ 20.0;MACD 🚀;BB breakout
2025-08-01T15:09:46.089234,GM,52.80,41.86,0.21,0.40,-40.76,-40.76,ADX ≥ 20.0;MACD 🚀;RSI 📈;Price > SMA20
2025-08-01T15:09:47.372668,GPC,127.12,24.50,0.43,0.34,-46.80,-46.80,ADX ≥ 20.0;MACD 🚀;BB breakout;Price > SMA20
2025-08-01T15:09:48.519593,GPN,77.77,53.71,0.30,0.39,-25.73,-25.73,ADX ≥ 20.0;MACD 🚀;BB breakout;Price > SMA20
2025-08-01T15:09:49.427496,GL,137.27,53.70,0.43,0.31,-43.00,-43.00,ADX ≥ 20.0;MACD 🚀;Price > SMA20
2025-08-01T15:09:51.006951,GS,708.08,54.76,2.85,0.40,-45.05,-45.05,ADX ≥ 20.0;MACD 🚀;ATR14 ≥ 2.0;Price > SMA20
2025-08-01T15:09:51.923509,HAL,21.45,62.93,0.11,0.53,-22.36,-22.36,ADX ≥ 20.0;MACD 🚀;ATR % ≥ 0.5%
2025-08-01T15:09:52.651875,HIG,123.32,65.99,0.32,0.26,-39.66,-39.66,ADX ≥ 20.0;MACD 🚀;Price > SMA20
2025-08-01T15:09:53.438665,HAS,74.96,29.85,0.23,0.31,-43.02,-43.02,ADX ≥ 20.0;MACD 🚀;Price > SMA20
2025-08-01T15:09:56.081899,HSY,189.99,28.99,0.61,0.32,-45.25,-45.25,ADX ≥ 20.0;MACD 🚀;BB breakout;RSI 📈;Price > SMA20
2025-08-01T15:09:58.974059,HLT,261.32,54.90,0.69,0.26,-61.35,-61.35,ADX ≥ 20.0;MACD 🚀;Price > SMA20
2025-08-01T15:10:05.518522,HUBB,423.89,56.25,1.52,0.36,-51.18,-51.18,ADX ≥ 20.0;MACD 🚀;Price > SMA20
2025-08-01T15:10:07.900603,HBAN,15.92,45.77,0.06,0.35,-50.35,-50.35,ADX ≥ 20.0;MACD 🚀;Price > SMA20
2025-08-01T15:10:08.657551,HII,271.86,32.97,1.03,0.38,-53.50,-53.50,ADX ≥ 20.0;MACD 🚀;Price > SMA20
2025-08-01T15:10:11.555155,IDXX,533.23,50.27,1.59,0.30,-27.12,-27.12,ADX ≥ 20.0;MACD 🚀;Price > SMA20
2025-08-01T15:10:13.850932,IR,75.25,74.28,0.55,0.74,-36.76,-36.76,ADX ≥ 20.0;MACD 🚀;ATR % ≥ 0.5%
2025-08-01T15:10:14.677107,PODD,286.06,42.56,1.09,0.38,-41.47,-41.47,ADX ≥ 20.0;MACD 🚀;Price > SMA20
2025-08-01T15:10:15.439216,INTC,19.23,38.15,0.07,0.36,-52.17,-52.17,ADX ≥ 20.0;MACD 🚀;Price > SMA20
2025-08-01T15:10:16.974070,ICE,183.66,48.39,0.56,0.30,-43.50,-43.50,ADX ≥ 20.0;MACD 🚀;Price > SMA20
2025-08-01T15:10:18.213869,IFF,69.71,71.59,0.22,0.32,-30.73,-30.73,ADX ≥ 20.0;MACD 🚀;BB breakout;Price > SMA20
2025-08-01T15:10:19.853344,IPG,24.32,40.66,0.06,0.26,-32.01,-32.01,ADX ≥ 20.0;MACD 🚀;BB breakout;Price > SMA20
2025-08-01T15:10:21.225248,INTU,776.65,41.78,1.39,0.18,-45.98,-45.98,ADX ≥ 20.0;MACD 🚀;Price > SMA20
2025-08-01T15:10:21.976384,ISRG,481.63,41.09,1.38,0.29,-52.87,-52.87,ADX ≥ 20.0;MACD 🚀;RSI 📈;Price > SMA20
2025-08-01T15:10:26.070908,IQV,180.49,75.26,0.76,0.42,-38.36,-38.36,ADX ≥ 20.0;MACD 🚀;Price > SMA20
2025-08-01T15:10:28.528210,JBL,219.62,61.69,0.84,0.38,-54.19,-54.19,ADX ≥ 20.0;MACD 🚀;Price > SMA20
2025-08-01T15:10:30.389245,J,138.13,51.26,0.46,0.33,-49.96,-49.96,ADX ≥ 20.0;MACD 🚀;Price > SMA20
2025-08-01T15:10:32.451181,JPM,288.91,54.37,0.83,0.29,-56.64,-56.64,ADX ≥ 20.0;MACD 🚀;Price > SMA20
2025-08-01T15:10:33.099366,JNPR,0.00,49.78,0.01,inf,28.22,28.22,ADX ≥ 20.0;MACD 🚀;ATR % ≥ 0.5%
2025-08-01T15:10:34.544810,KVUE,21.61,21.24,0.06,0.29,-38.76,-38.76,ADX ≥ 20.0;MACD 🚀;Price > SMA20
2025-08-01T15:10:35.385309,KEY,17.50,51.65,0.07,0.42,-37.07,-37.07,ADX ≥ 20.0;MACD 🚀;Price > SMA20
2025-08-01T15:10:36.358212,KEYS,158.46,55.94,0.48,0.30,-65.14,-65.14,ADX ≥ 20.0;MACD 🚀;Price > SMA20
2025-08-01T15:10:38.863014,KMI,27.88,53.12,0.07,0.24,-41.81,-41.81,ADX ≥ 20.0;MACD 🚀;RSI 📈;Price > SMA20
2025-08-01T15:10:40.659734,KLAC,880.05,31.24,4.38,0.50,-33.37,-33.37,ADX ≥ 20.0;MACD 🚀;BB breakout;ATR14 ≥ 2.0;Price > SMA20
2025-08-01T15:10:42.155680,KR,71.33,32.20,0.20,0.28,-53.19,-53.19,ADX ≥ 20.0;MACD 🚀;BB breakout;RSI 📈;Price > SMA20
2025-08-01T15:10:42.963074,LHX,275.29,39.17,0.65,0.24,-47.76,-47.76,ADX ≥ 20.0;MACD 🚀;RSI 📈;Price > SMA20
2025-08-01T15:10:44.264322,LRCX,94.56,24.60,0.40,0.42,-44.04,-44.04,ADX ≥ 20.0;MACD 🚀;RSI 📈;Price > SMA20
2025-08-01T15:10:46.409907,LDOS,158.56,47.56,0.44,0.28,-36.68,-36.68,ADX ≥ 20.0;MACD 🚀;Price > SMA20
2025-08-01T15:10:47.239250,LEN,115.89,34.13,0.65,0.56,-46.31,-46.31,ADX ≥ 20.0;MACD 🚀;ATR % ≥ 0.5%;Price > SMA20
2025-08-01T15:10:50.680996,LIN,460.40,23.63,1.42,0.31,-46.24,-46.24,ADX ≥ 20.0;MACD 🚀;Price > SMA20
2025-08-01T15:10:51.448329,LYV,146.88,56.29,0.41,0.28,-50.94,-50.94,ADX ≥ 20.0;MACD 🚀;RSI 📈;Price > SMA20
2025-08-01T15:10:52.371276,LKQ,29.50,23.38,0.10,0.34,-16.62,-16.62,ADX ≥ 20.0;MACD 🚀;RSI 📈;Price > SMA20
2025-08-01T15:10:54.005384,L,89.79,49.66,0.16,0.17,-58.31,-58.31,ADX ≥ 20.0;MACD 🚀;Price > SMA20
2025-08-01T15:10:55.346264,LULU,197.04,48.74,0.80,0.41,-50.77,-50.77,ADX ≥ 20.0;MACD 🚀;Price > SMA20
2025-08-01T15:10:56.121033,LYB,55.59,55.20,0.33,0.59,-40.97,-40.97,ADX ≥ 20.0;MACD 🚀;BB breakout;ATR % ≥ 0.5%;Price > SMA20
2025-08-01T15:10:56.927963,MTB,184.45,48.82,0.43,0.23,-50.22,-50.22,ADX ≥ 20.0;MACD 🚀;Price > SMA20
2025-08-01T15:10:57.634756,MPC,166.00,46.83,0.49,0.29,-32.81,-32.81,ADX ≥ 20.0;MACD 🚀;Price > SMA20
2025-08-01T15:11:00.758168,MLM,570.68,38.24,1.46,0.26,-54.83,-54.83,ADX ≥ 20.0;MACD 🚀;Price > SMA20
2025-08-01T15:11:04.142147,MTCH,33.90,36.62,0.13,0.40,-38.31,-38.31,ADX ≥ 20.0;MACD 🚀;BB breakout;RSI 📈;Price > SMA20
2025-08-01T15:11:05.137376,MKC,70.35,35.79,0.19,0.27,-52.97,-52.97,ADX ≥ 20.0;MACD 🚀;Price > SMA20
2025-08-01T15:11:06.033658,MCD,303.19,27.84,0.62,0.20,-47.27,-47.27,ADX ≥ 20.0;MACD 🚀;RSI 📈;Price > SMA20
2025-08-01T15:11:07.305343,MDT,89.25,57.50,0.18,0.20,-48.27,-48.27,ADX ≥ 20.0;MACD 🚀;BB breakout;Price > SMA20
2025-08-01T15:11:09.010089,META,752.69,36.14,2.67,0.35,-44.91,-44.91,ADX ≥ 20.0;MACD 🚀;ATR14 ≥ 2.0
2025-08-01T15:11:09.786283,MET,73.74,47.32,0.22,0.30,-45.61,-45.61,ADX ≥ 20.0;MACD 🚀;Price > SMA20
2025-08-01T15:11:10.506639,MTD,1170.11,78.24,8.50,0.73,-58.62,-58.62,ADX ≥ 20.0;MACD 🚀;BB breakout;RSI 📈;ATR14 ≥ 2.0;ATR % ≥ 0.5%;Price > SMA20
2025-08-01T15:11:11.219080,MGM,35.48,33.89,0.16,0.45,-48.64,-48.64,ADX ≥ 20.0;MACD 🚀;Price > SMA20
2025-08-01T15:11:13.112743,MU,105.23,44.39,0.52,0.50,-37.61,-37.61,ADX ≥ 20.0;MACD 🚀;Price > SMA20
2025-08-01T15:11:15.793839,MRNA,27.34,54.96,0.26,0.93,-40.29,-40.29,ADX ≥ 20.0;MACD 🚀;ATR % ≥ 0.5%;Price > SMA20
2025-08-01T15:11:17.423324,MOH,155.02,33.36,0.83,0.54,-42.25,-42.25,ADX ≥ 20.0;MACD 🚀;ATR % ≥ 0.5%
2025-08-01T15:11:18.178923,TAP,48.41,24.05,0.14,0.29,-31.47,-31.47,ADX ≥ 20.0;MACD 🚀;BB breakout
2025-08-01T15:11:20.201002,MNST,59.15,27.06,0.17,0.28,-53.79,-53.79,ADX ≥ 20.0;MACD 🚀;RSI 📈;Price > SMA20
2025-08-01T15:11:21.647624,MS,138.52,49.14,0.45,0.33,-53.76,-53.76,ADX ≥ 20.0;MACD 🚀;Price > SMA20
2025-08-01T15:11:22.357320,MOS,35.41,44.56,0.13,0.36,-49.80,-49.80,ADX ≥ 20.0;MACD 🚀;Price > SMA20
2025-08-01T15:11:24.508540,NDAQ,94.94,47.54,0.20,0.22,-46.47,-46.47,ADX ≥ 20.0;MACD 🚀;Price > SMA20
2025-08-01T15:11:26.964847,NWSA,29.05,49.07,0.06,0.19,-48.51,-48.51,ADX ≥ 20.0;MACD 🚀;BB breakout;RSI 📈;Price > SMA20
2025-08-01T15:11:27.625286,NWS,33.26,50.79,0.06,0.17,-47.79,-47.79,ADX ≥ 20.0;MACD 🚀;BB breakout;RSI 📈;Price > SMA20
2025-08-01T15:11:28.811883,NKE,73.54,40.18,0.24,0.32,-48.01,-48.01,ADX ≥ 20.0;MACD 🚀;Price > SMA20
2025-08-01T15:11:29.480135,NI,42.45,28.16,0.08,0.19,-39.30,-39.30,ADX ≥ 20.0;MACD 🚀;RSI 📈;Price > SMA20
2025-08-01T15:11:30.106651,NDSN,208.54,62.37,0.44,0.21,-60.74,-60.74,ADX ≥ 20.0;MACD 🚀;Price > SMA20
2025-08-01T15:11:30.809929,NSC,275.50,31.61,0.66,0.24,-39.23,-39.23,ADX ≥ 20.0;MACD 🚀;Price > SMA20
2025-08-01T15:11:31.461716,NTRS,127.01,48.09,0.34,0.27,-54.65,-54.65,ADX ≥ 20.0;MACD 🚀;Price > SMA20
2025-08-01T15:11:32.064940,NOC,577.85,22.43,1.04,0.18,-53.57,-53.57,ADX ≥ 20.0;MACD 🚀;RSI 📈;Price > SMA20
2025-08-01T15:11:32.858307,NCLH,24.30,40.25,0.16,0.66,-54.77,-54.77,ADX ≥ 20.0;MACD 🚀;ATR % ≥ 0.5%;Price > SMA20
2025-08-01T15:11:34.092008,NUE,138.97,45.97,0.48,0.35,-42.83,-42.83,ADX ≥ 20.0;MACD 🚀;BB breakout;Price > SMA20
2025-08-01T15:11:35.228998,NVR,7771.69,51.83,36.90,0.47,-17.61,-17.61,ADX ≥ 20.0;MACD 🚀;RSI 📈;ATR14 ≥ 2.0;Price > SMA20
2025-08-01T15:11:36.090350,NXPI,208.80,39.89,0.65,0.31,-45.91,-45.91,ADX ≥ 20.0;MACD 🚀;Price > SMA20
2025-08-01T15:11:36.802332,ORLY,98.74,29.22,0.23,0.24,-46.79,-46.79,ADX ≥ 20.0;MACD 🚀;Price > SMA20
2025-08-01T15:11:37.521481,OXY,42.94,63.32,0.14,0.33,-19.30,-19.30,ADX ≥ 20.0;MACD 🚀;BB breakout;Price > SMA20
2025-08-01T15:11:38.282781,ODFL,143.66,68.90,0.79,0.55,-25.49,-25.49,ADX ≥ 20.0;MACD 🚀;ATR % ≥ 0.5%
2025-08-01T15:11:39.031826,OMC,71.32,42.80,0.20,0.28,-27.16,-27.16,ADX ≥ 20.0;MACD 🚀;BB breakout;RSI 📈;Price > SMA20
2025-08-01T15:11:39.711621,ON,55.99,28.66,0.27,0.48,-38.91,-38.91,ADX ≥ 20.0;MACD 🚀;BB breakout;RSI 📈;Price > SMA20
2025-08-01T15:11:40.361338,OKE,78.62,58.37,0.22,0.28,-49.79,-49.79,ADX ≥ 20.0;MACD 🚀;Price > SMA20
2025-08-01T15:11:41.249193,ORCL,246.35,43.10,1.05,0.43,-54.85,-54.85,ADX ≥ 20.0;MACD 🚀;Price > SMA20
2025-08-01T15:11:41.894850,OTIS,84.84,62.91,0.23,0.27,-38.08,-38.08,ADX ≥ 20.0;MACD 🚀;BB breakout
2025-08-01T15:11:43.316182,PKG,190.07,58.66,0.48,0.25,-36.34,-36.34,ADX ≥ 20.0;MACD 🚀;Price > SMA20
2025-08-01T15:11:44.067780,PLTR,155.21,34.30,0.79,0.51,-45.49,-45.49,ADX ≥ 20.0;MACD 🚀;ATR % ≥ 0.5%;Price > SMA20
2025-08-01T15:11:44.730362,PANW,173.01,40.71,0.78,0.45,-32.08,-32.08,ADX ≥ 20.0;MACD 🚀;BB breakout;RSI 📈;Price > SMA20
2025-08-01T15:11:46.019407,PH,708.58,47.77,1.85,0.26,-63.91,-63.91,ADX ≥ 20.0;MACD 🚀;Price > SMA20
2025-08-01T15:11:46.824306,PAYX,140.47,68.69,0.48,0.34,-48.24,-48.24,ADX ≥ 20.0;MACD 🚀;BB breakout;Price > SMA20
2025-08-01T15:11:48.898484,PNR,100.55,45.45,0.26,0.26,-49.93,-49.93,ADX ≥ 20.0;MACD 🚀;Price > SMA20
2025-08-01T15:11:50.221259,PFE,23.32,28.28,0.07,0.30,-31.01,-31.01,ADX ≥ 20.0;MACD 🚀;BB breakout;Price > SMA20
2025-08-01T15:11:51.872560,PSX,120.31,56.03,0.38,0.32,-32.14,-32.14,ADX ≥ 20.0;MACD 🚀;Price > SMA20
2025-08-01T15:11:52.570895,PNW,90.55,22.90,0.22,0.24,-37.36,-37.36,ADX ≥ 20.0;MACD 🚀;RSI 📈;Price > SMA20
2025-08-01T15:11:54.611648,PPG,104.13,43.04,0.32,0.31,-36.14,-36.14,ADX ≥ 20.0;MACD 🚀;BB breakout;RSI 📈;Price > SMA20
2025-08-01T15:11:55.917200,PFG,75.56,53.32,0.19,0.26,-52.37,-52.37,ADX ≥ 20.0;MACD 🚀;BB breakout;Price > SMA20
2025-08-01T15:11:58.714297,PRU,100.49,53.36,0.30,0.30,-49.66,-49.66,ADX ≥ 20.0;MACD 🚀;Price > SMA20
2025-08-01T15:11:59.531059,PEG,89.25,40.80,0.19,0.22,-38.30,-38.30,ADX ≥ 20.0;MACD 🚀;Price > SMA20
2025-08-01T15:12:00.476312,PTC,212.10,37.90,0.85,0.40,-44.62,-44.62,ADX ≥ 20.0;MACD 🚀;BB breakout;RSI 📈;Price > SMA20
2025-08-01T15:12:01.905037,PHM,117.38,47.73,0.67,0.57,-40.28,-40.28,ADX ≥ 20.0;MACD 🚀;BB breakout;RSI 📈;ATR % ≥ 0.5%;Price > SMA20
2025-08-01T15:12:02.712610,PWR,393.53,47.91,1.85,0.47,-55.42,-55.42,ADX ≥ 20.0;MACD 🚀;Price > SMA20
2025-08-01T15:12:03.375501,QCOM,148.49,31.09,0.52,0.35,-28.08,-28.08,ADX ≥ 20.0;MACD 🚀;RSI 📈;Price > SMA20
2025-08-01T15:12:04.176774,DGX,170.14,46.38,0.38,0.22,-50.97,-50.97,ADX ≥ 20.0;MACD 🚀;RSI 📈;Price > SMA20
2025-08-01T15:12:04.978206,RL,293.47,44.76,1.09,0.37,-61.51,-61.51,ADX ≥ 20.0;MACD 🚀;Price > SMA20
2025-08-01T15:12:06.861199,RJF,162.52,52.23,0.43,0.26,-52.32,-52.32,ADX ≥ 20.0;MACD 🚀;Price > SMA20
2025-08-01T15:12:07.736477,RTX,155.95,51.40,0.34,0.22,-49.57,-49.57,ADX ≥ 20.0;MACD 🚀;Price > SMA20
2025-08-01T15:12:10.000640,REGN,550.77,41.83,3.00,0.54,-58.28,-58.28,ADX ≥ 20.0;MACD 🚀;BB breakout;ATR14 ≥ 2.0;ATR % ≥ 0.5%
2025-08-01T15:12:10.683171,RF,24.77,47.64,0.08,0.34,-39.71,-39.71,ADX ≥ 20.0;MACD 🚀;BB breakout;Price > SMA20
2025-08-01T15:12:12.137654,RMD,278.38,30.50,1.41,0.51,-43.83,-43.83,ADX ≥ 20.0;MACD 🚀;RSI 📈;ATR % ≥ 0.5%;Price > SMA20
2025-08-01T15:12:12.899651,RVTY,87.41,53.62,0.41,0.47,-17.86,-17.86,ADX ≥ 20.0;MACD 🚀;BB breakout;RSI 📈;Price > SMA20
2025-08-01T15:12:13.579984,ROK,340.88,40.39,1.19,0.35,-46.87,-46.87,ADX ≥ 20.0;MACD 🚀;Price > SMA20
2025-08-01T15:12:14.334857,ROL,57.27,27.41,0.17,0.29,-47.08,-47.08,ADX ≥ 20.0;MACD 🚀;Price > SMA20
2025-08-01T15:12:15.946046,ROST,136.17,46.34,0.31,0.23,-45.67,-45.67,ADX ≥ 20.0;MACD 🚀;BB breakout;RSI 📈;Price > SMA20
2025-08-01T15:12:16.700556,RCL,313.60,61.23,1.37,0.44,-48.65,-48.65,ADX ≥ 20.0;MACD 🚀;Price > SMA20
2025-08-01T15:12:19.492388,SLB,32.78,57.58,0.13,0.40,-26.72,-26.72,ADX ≥ 20.0;MACD 🚀;BB breakout;Price > SMA20
2025-08-01T15:12:20.842517,SRE,81.22,34.64,0.19,0.23,-33.80,-33.80,ADX ≥ 20.0;MACD 🚀;Price > SMA20
2025-08-01T15:12:21.542018,NOW,922.03,41.42,2.74,0.30,-46.87,-46.87,ADX ≥ 20.0;MACD 🚀;ATR14 ≥ 2.0
2025-08-01T15:12:22.353414,SHW,343.00,45.66,1.35,0.39,-29.32,-29.32,ADX ≥ 20.0;MACD 🚀;BB breakout;RSI 📈;Price > SMA20
2025-08-01T15:12:24.542525,SPG,160.75,50.42,0.51,0.32,-31.57,-31.57,ADX ≥ 20.0;MACD 🚀;Price > SMA20
2025-08-01T15:12:25.270148,SWKS,67.31,39.48,0.24,0.36,-43.08,-43.08,ADX ≥ 20.0;MACD 🚀;Price > SMA20
2025-08-01T15:12:25.974386,SJM,108.03,20.82,0.29,0.27,-49.64,-49.64,ADX ≥ 20.0;MACD 🚀;BB breakout;RSI 📈;Price > SMA20
2025-08-01T15:12:26.675527,SW,44.05,30.17,0.16,0.37,-29.19,-29.19,ADX ≥ 20.0;MACD 🚀;Price > SMA20
2025-08-01T15:12:27.550006,SNA,315.29,53.52,0.81,0.26,-35.34,-35.34,ADX ≥ 20.0;MACD 🚀;BB breakout;Price > SMA20
2025-08-01T15:12:28.405954,SOLV,71.58,26.48,0.24,0.34,-27.43,-27.43,ADX ≥ 20.0;MACD 🚀;BB breakout;RSI 📈;Price > SMA20
2025-08-01T15:12:29.104157,SO,94.93,30.34,0.27,0.29,-39.12,-39.12,ADX ≥ 20.0;MACD 🚀;Price > SMA20
2025-08-01T15:12:30.458445,SWK,66.29,31.69,0.25,0.38,-42.86,-42.86,ADX ≥ 20.0;MACD 🚀;Price > SMA20
2025-08-01T15:12:31.955058,STT,108.94,49.95,0.31,0.29,-49.71,-49.71,ADX ≥ 20.0;MACD 🚀;BB breakout;Price > SMA20
2025-08-01T15:12:32.606355,STLD,123.75,41.49,0.49,0.39,-45.00,-45.00,ADX ≥ 20.0;MACD 🚀;Price > SMA20
2025-08-01T15:12:33.612807,STE,226.64,31.26,0.69,0.30,-16.02,-16.02,ADX ≥ 20.0;MACD 🚀;BB breakout;RSI 📈;Price > SMA20
2025-08-01T15:12:35.311145,SMCI,56.76,39.02,0.46,0.81,-42.29,-42.29,ADX ≥ 20.0;MACD 🚀;ATR % ≥ 0.5%;Price > SMA20
2025-08-01T15:12:36.184226,SYF,67.25,51.59,0.26,0.39,-51.58,-51.58,ADX ≥ 20.0;MACD 🚀;Price > SMA20
2025-08-01T15:12:37.475449,SYY,79.35,27.61,0.19,0.23,-44.70,-44.70,ADX ≥ 20.0;MACD 🚀;BB breakout;Price > SMA20
2025-08-01T15:12:38.754696,TROW,101.45,24.51,0.37,0.37,-45.70,-45.70,ADX ≥ 20.0;MACD 🚀;BB breakout;RSI 📈;Price > SMA20
2025-08-01T15:12:39.731632,TTWO,222.33,35.68,0.47,0.21,-51.12,-51.12,ADX ≥ 20.0;MACD 🚀;BB breakout;RSI 📈;Price > SMA20
2025-08-01T15:12:40.627014,TPR,105.80,54.18,0.36,0.34,-52.74,-52.74,ADX ≥ 20.0;MACD 🚀;Price > SMA20
2025-08-01T15:12:41.302846,TRGP,163.56,50.74,0.57,0.35,-46.10,-46.10,ADX ≥ 20.0;MACD 🚀;BB breakout;Price > SMA20
2025-08-01T15:12:41.973410,TGT,99.20,46.65,0.31,0.31,-35.58,-35.58,ADX ≥ 20.0;MACD 🚀;Price > SMA20
2025-08-01T15:12:42.737464,TEL,201.24,49.47,0.52,0.26,-59.00,-59.00,ADX ≥ 20.0;MACD 🚀;Price > SMA20
2025-08-01T15:12:44.409119,TER,103.41,39.37,0.55,0.53,-36.30,-36.30,ADX ≥ 20.0;MACD 🚀;ATR % ≥ 0.5%
2025-08-01T15:12:45.037988,TSLA,305.46,37.60,1.46,0.48,-27.88,-27.88,ADX ≥ 20.0;MACD 🚀;Price > SMA20
2025-08-01T15:12:45.797913,TXN,179.31,35.48,0.45,0.25,-37.42,-37.42,ADX ≥ 20.0;MACD 🚀;Price > SMA20
2025-08-01T15:12:46.946213,TXT,76.80,40.06,0.21,0.27,-49.49,-49.49,ADX ≥ 20.0;MACD 🚀;BB breakout;RSI 📈;Price > SMA20
2025-08-01T15:12:47.622419,TMO,457.38,68.47,2.03,0.44,-39.39,-39.39,ADX ≥ 20.0;MACD 🚀;BB breakout;ATR14 ≥ 2.0;Price > SMA20
2025-08-01T15:12:48.553791,TJX,125.17,40.09,0.20,0.16,-40.69,-40.69,ADX ≥ 20.0;MACD 🚀;BB breakout;RSI 📈;Price > SMA20
2025-08-01T15:12:50.373669,TSCO,57.06,44.72,0.19,0.33,-43.27,-43.27,ADX ≥ 20.0;MACD 🚀;BB breakout;RSI 📈;Price > SMA20
2025-08-01T15:12:51.187382,TT,435.21,52.95,1.38,0.32,-46.00,-46.00,ADX ≥ 20.0;MACD 🚀;Price > SMA20
2025-08-01T15:12:51.889952,TDG,1575.92,51.44,5.40,0.34,-60.21,-60.21,ADX ≥ 20.0;MACD 🚀;ATR14 ≥ 2.0;Price > SMA20
2025-08-01T15:12:53.450308,TRMB,81.31,51.50,0.23,0.29,-55.99,-55.99,ADX ≥ 20.0;MACD 🚀;Price > SMA20
2025-08-01T15:12:54.122132,TFC,42.76,48.34,0.14,0.34,-40.76,-40.76,ADX ≥ 20.0;MACD 🚀;BB breakout;Price > SMA20
2025-08-01T15:12:55.309974,TSN,52.17,28.36,0.13,0.24,-36.38,-36.38,ADX ≥ 20.0;MACD 🚀;BB breakout;Price > SMA20
2025-08-01T15:12:55.989655,USB,43.85,42.89,0.13,0.29,-42.91,-42.91,ADX ≥ 20.0;MACD 🚀;Price > SMA20
2025-08-01T15:12:56.844089,UBER,86.53,43.77,0.28,0.32,-42.38,-42.38,ADX ≥ 20.0;MACD 🚀;Price > SMA20
2025-08-01T15:12:58.487498,ULTA,511.13,42.52,1.10,0.21,-55.21,-55.21,ADX ≥ 20.0;MACD 🚀;Price > SMA20
2025-08-01T15:12:59.145576,UNP,220.05,36.70,0.57,0.26,-18.68,-18.68,ADX ≥ 20.0;MACD 🚀;Price > SMA20
2025-08-01T15:12:59.859466,UAL,84.76,61.31,0.46,0.54,-49.67,-49.67,ADX ≥ 20.0;MACD 🚀;ATR % ≥ 0.5%;Price > SMA20
2025-08-01T15:13:01.447380,URI,858.90,42.84,3.24,0.38,-51.39,-51.39,ADX ≥ 20.0;MACD 🚀;ATR14 ≥ 2.0;Price > SMA20
2025-08-01T15:13:02.230175,UNH,242.66,44.11,1.38,0.57,-28.73,-28.73,ADX ≥ 20.0;MACD 🚀;ATR % ≥ 0.5%
2025-08-01T15:13:04.285127,VLO,133.73,47.81,0.44,0.33,-33.27,-33.27,ADX ≥ 20.0;MACD 🚀;BB breakout;Price > SMA20
2025-08-01T15:13:06.111549,VLTO,103.94,34.31,0.26,0.25,-42.74,-42.74,ADX ≥ 20.0;MACD 🚀;BB breakout;Price > SMA20
2025-08-01T15:13:07.976533,VZ,43.05,27.60,0.10,0.23,-48.65,-48.65,ADX ≥ 20.0;MACD 🚀;BB breakout;RSI 📈;Price > SMA20
2025-08-01T15:13:08.858028,VRTX,458.43,29.54,1.19,0.26,-54.54,-54.54,ADX ≥ 20.0;MACD 🚀;BB breakout;Price > SMA20
2025-08-01T15:13:09.667476,VTRS,8.78,39.29,0.04,0.42,-29.55,-29.55,ADX ≥ 20.0;MACD 🚀;BB breakout;RSI 📈;Price > SMA20
2025-08-01T15:13:14.053849,WAB,187.37,40.54,0.47,0.25,-47.20,-47.20,ADX ≥ 20.0;MACD 🚀;Price > SMA20
2025-08-01T15:13:16.327579,DIS,116.67,46.98,0.29,0.25,-53.83,-53.83,ADX ≥ 20.0;MACD 🚀;Price > SMA20
2025-08-01T15:13:17.021936,WBD,12.90,40.67,0.06,0.49,-38.08,-38.08,ADX ≥ 20.0;MACD 🚀;BB breakout;Price > SMA20
2025-08-01T15:13:18.570330,WAT,284.32,56.89,1.10,0.39,-38.51,-38.51,ADX ≥ 20.0;MACD 🚀;BB breakout;RSI 📈;Price > SMA20
2025-08-01T15:13:19.679391,WEC,110.61,26.59,0.28,0.26,-48.55,-48.55,ADX ≥ 20.0;MACD 🚀;RSI 📈;Price > SMA20
2025-08-01T15:13:20.399951,WFC,78.48,52.24,0.23,0.29,-50.65,-50.65,ADX ≥ 20.0;MACD 🚀;Price > SMA20
2025-08-01T15:13:21.843952,WST,236.77,52.43,0.94,0.40,-36.50,-36.50,ADX ≥ 20.0;MACD 🚀;Price > SMA20
2025-08-01T15:13:24.636092,WSM,186.38,46.09,0.72,0.38,-45.15,-45.15,ADX ≥ 20.0;MACD 🚀;BB breakout;RSI 📈;Price > SMA20
2025-08-01T15:13:25.828514,WMB,59.88,48.75,0.17,0.29,-38.37,-38.37,ADX ≥ 20.0;MACD 🚀;Price > SMA20
2025-08-01T15:13:27.656998,WDAY,225.31,61.04,0.67,0.30,-37.86,-37.86,ADX ≥ 20.0;MACD 🚀;BB breakout;RSI 📈;Price > SMA20
2025-08-01T15:13:30.912665,YUM,145.37,23.32,0.37,0.25,-34.14,-34.14,ADX ≥ 20.0;MACD 🚀;BB breakout;Price > SMA20
2025-08-01T15:13:31.732781,ZBRA,330.13,52.11,1.30,0.39,-47.56,-47.56,ADX ≥ 20.0;MACD 🚀;Price > SMA20
2025-08-01T15:13:32.630113,ZBH,90.52,46.83,0.32,0.35,-38.91,-38.91,ADX ≥ 20.0;MACD 🚀;BB breakout;RSI 📈;Price > SMA20
2025-08-01T15:13:39.278600,MMM,145.82,48.44,0.38,0.26,-42.72,-42.72,ADX ≥ 20.0;MACD 🚀;BB breakout;Price > SMA20
2025-08-01T15:13:40.031883,AOS,70.24,35.21,0.21,0.30,-34.22,-34.22,ADX ≥ 20.0;MACD 🚀;Price > SMA20
2025-08-01T15:13:41.568503,ABBV,194.25,28.63,0.74,0.38,-44.09,-44.09,ADX ≥ 20.0;MACD 🚀;BB breakout;RSI 📈;Price > SMA20
2025-08-01T15:13:43.034382,ADBE,351.87,60.80,0.86,0.25,-33.29,-33.29,ADX ≥ 20.0;MACD 🚀;BB breakout;Price > SMA20
2025-08-01T15:13:43.955042,AMD,171.00,40.91,1.01,0.59,-45.04,-45.04,ADX ≥ 20.0;MACD 🚀;ATR % ≥ 0.5%;Price > SMA20
2025-08-01T15:13:44.732858,AES,13.69,33.27,0.13,0.97,-37.25,-37.25,ADX ≥ 20.0;MACD 🚀;ATR % ≥ 0.5%;Price > SMA20
2025-08-01T15:13:46.346407,A,112.67,55.57,0.52,0.46,-27.76,-27.76,ADX ≥ 20.0;MACD 🚀;Price > SMA20
2025-08-01T15:13:47.316706,APD,281.32,36.05,0.89,0.32,-44.93,-44.93,ADX ≥ 20.0;MACD 🚀;BB breakout;Price > SMA20
2025-08-01T15:13:48.053234,ABNB,128.53,54.91,0.39,0.30,-35.93,-35.93,ADX ≥ 20.0;MACD 🚀;Price > SMA20
2025-08-01T15:13:48.823732,AKAM,74.89,65.88,0.28,0.37,-33.61,-33.61,ADX ≥ 20.0;MACD 🚀;BB breakout;Price > SMA20
2025-08-01T15:13:51.093452,ALLE,164.54,28.12,0.42,0.26,-35.46,-35.46,ADX ≥ 20.0;MACD 🚀;Price > SMA20
2025-08-01T15:13:54.503944,MO,62.51,30.02,0.15,0.24,-33.63,-33.63,ADX ≥ 20.0;MACD 🚀;RSI 📈;Price > SMA20
2025-08-01T15:13:56.455801,AMCR,9.28,35.94,0.03,0.31,-27.99,-27.99,ADX ≥ 20.0;MACD 🚀;Price > SMA20
2025-08-01T15:13:58.523956,AXP,292.88,52.19,0.87,0.30,-53.27,-53.27,ADX ≥ 20.0;MACD 🚀;Price > SMA20
2025-08-01T15:13:59.341755,AIG,76.76,63.66,0.18,0.23,-46.95,-46.95,ADX ≥ 20.0;MACD 🚀;BB breakout
2025-08-01T15:14:00.779069,AMP,502.63,55.40,1.54,0.31,-52.51,-52.51,ADX ≥ 20.0;MACD 🚀;Price > SMA20
2025-08-01T15:14:03.236697,APH,103.90,46.47,0.35,0.34,-43.19,-43.19,ADX ≥ 20.0;MACD 🚀;Price > SMA20
2025-08-01T15:14:05.901219,APA,18.50,59.49,0.10,0.54,-27.34,-27.34,ADX ≥ 20.0;MACD 🚀;BB breakout;ATR % ≥ 0.5%
2025-08-01T15:14:06.653147,APO,137.14,42.87,0.70,0.51,-48.47,-48.47,ADX ≥ 20.0;MACD 🚀;ATR % ≥ 0.5%
2025-08-01T15:14:10.218553,ADM,53.91,41.31,0.14,0.25,-27.22,-27.22,ADX ≥ 20.0;MACD 🚀;BB breakout;RSI 📈;Price > SMA20
2025-08-01T15:14:11.166072,ANET,116.91,44.99,0.63,0.54,-54.25,-54.25,ADX ≥ 20.0;MACD 🚀;ATR % ≥ 0.5%
2025-08-01T15:14:12.785120,AIZ,186.13,44.70,0.52,0.28,-37.32,-37.32,ADX ≥ 20.0;MACD 🚀;Price > SMA20
2025-08-01T15:14:13.608650,T,27.77,45.17,0.07,0.25,-40.43,-40.43,ADX ≥ 20.0;MACD 🚀;BB breakout;RSI 📈;Price > SMA20
2025-08-01T15:14:15.185903,ADSK,298.68,55.60,0.75,0.25,-43.24,-43.24,ADX ≥ 20.0;MACD 🚀;BB breakout;RSI 📈;Price > SMA20
2025-08-01T15:14:18.464860,AVY,165.40,40.07,0.48,0.29,-32.91,-32.91,ADX ≥ 20.0;MACD 🚀;Price > SMA20
2025-08-01T15:14:19.827348,BKR,43.56,54.64,0.15,0.34,-37.73,-37.73,ADX ≥ 20.0;MACD 🚀;Price > SMA20
2025-08-01T15:14:20.676467,BALL,56.53,44.28,0.17,0.31,-50.72,-50.72,ADX ≥ 20.0;MACD 🚀;BB breakout;RSI 📈;Price > SMA20
2025-08-01T15:14:22.699075,BAX,21.84,28.32,0.15,0.70,-40.64,-40.64,ADX ≥ 20.0;MACD 🚀;ATR % ≥ 0.5%;Price > SMA20
2025-08-01T15:14:24.404451,BRK-B,0.00,26.11,0.83,inf,-21.52,-21.52,ADX ≥ 20.0;MACD 🚀;ATR % ≥ 0.5%
2025-08-01T15:14:25.149327,BBY,64.05,51.52,0.22,0.34,-37.68,-37.68,ADX ≥ 20.0;MACD 🚀;BB breakout;Price > SMA20
2025-08-01T15:14:26.024930,TECH,53.80,60.24,0.29,0.54,-32.47,-32.47,ADX ≥ 20.0;MACD 🚀;BB breakout;RSI 📈;ATR % ≥ 0.5%;Price > SMA20
2025-08-01T15:14:26.759232,BIIB,126.41,41.73,0.59,0.47,-43.16,-43.16,ADX ≥ 20.0;MACD 🚀;BB breakout;RSI 📈;Price > SMA20
2025-08-01T15:14:27.539212,BLK,1095.68,44.40,3.34,0.31,-34.86,-34.86,ADX ≥ 20.0;MACD 🚀;BB breakout;RSI 📈;ATR14 ≥ 2.0;Price > SMA20
2025-08-01T15:14:28.397015,BX,169.59,36.95,0.76,0.45,-45.81,-45.81,ADX ≥ 20.0;MACD 🚀;Price > SMA20
2025-08-01T15:14:29.178780,BK,99.90,51.14,0.29,0.29,-51.17,-51.17,ADX ≥ 20.0;MACD 🚀;Price > SMA20
2025-08-01T15:14:30.558712,BKNG,5435.59,71.04,20.73,0.38,-40.36,-40.36,ADX ≥ 20.0;MACD 🚀;ATR14 ≥ 2.0
2025-08-01T15:14:32.483057,AVGO,288.71,40.00,1.21,0.42,-44.07,-44.07,ADX ≥ 20.0;MACD 🚀;Price > SMA20
2025-08-01T15:14:33.321045,BR,244.67,44.28,0.55,0.23,-43.67,-43.67,ADX ≥ 20.0;MACD 🚀;Price > SMA20
2025-08-01T15:14:35.088359,BF-B,0.00,34.36,0.11,inf,-39.70,-39.70,ADX ≥ 20.0;MACD 🚀;ATR % ≥ 0.5%
2025-08-01T15:14:37.292188,BLDR,128.99,25.66,1.09,0.85,-33.36,-33.36,ADX ≥ 20.0;MACD 🚀;BB breakout;RSI 📈;ATR % ≥ 0.5%;Price > SMA20
2025-08-01T15:14:38.083885,BG,78.20,53.46,0.23,0.29,-35.03,-35.03,ADX ≥ 20.0;MACD 🚀;BB breakout;Price > SMA20
2025-08-01T15:14:39.883901,CHRW,112.77,54.29,0.50,0.44,-35.10,-35.10,ADX ≥ 20.0;MACD 🚀;Price > SMA20
2025-08-01T15:14:41.558640,CZR,25.70,42.04,0.14,0.56,-31.44,-31.44,ADX ≥ 20.0;MACD 🚀;ATR % ≥ 0.5%
2025-08-01T15:14:43.395165,CPB,32.24,27.27,0.12,0.37,-36.49,-36.49,ADX ≥ 20.0;MACD 🚀;BB breakout;RSI 📈;Price > SMA20
2025-08-01T15:14:44.334521,COF,207.62,48.56,0.92,0.44,-51.28,-51.28,ADX ≥ 20.0;MACD 🚀;Price > SMA20
2025-08-01T15:14:45.149448,CAH,156.13,31.46,0.32,0.20,-51.18,-51.18,ADX ≥ 20.0;MACD 🚀;RSI 📈;Price > SMA20
2025-08-01T15:14:45.967265,KMX,56.17,23.20,0.24,0.42,-30.78,-30.78,ADX ≥ 20.0;MACD 🚀;BB breakout;RSI 📈;Price > SMA20
2025-08-01T15:14:46.822650,CCL,28.91,59.56,0.15,0.52,-56.22,-56.22,ADX ≥ 20.0;MACD 🚀;ATR % ≥ 0.5%;Price > SMA20
2025-08-01T15:14:47.632255,CARR,67.23,54.14,0.19,0.29,-40.37,-40.37,ADX ≥ 20.0;MACD 🚀;BB breakout;Price > SMA20
2025-08-01T15:14:48.361226,CAT,427.50,37.94,1.39,0.33,-44.47,-44.47,ADX ≥ 20.0;MACD 🚀;Price > SMA20
2025-08-01T15:14:53.483845,CF,91.66,48.41,0.28,0.30,-39.61,-39.61,ADX ≥ 20.0;MACD 🚀;BB breakout;RSI 📈;Price > SMA20
2025-08-01T15:14:54.373647,CRL,163.85,63.26,0.78,0.48,-43.86,-43.86,ADX ≥ 20.0;MACD 🚀;Price > SMA20
2025-08-01T15:14:55.289574,SCHW,95.47,50.51,0.28,0.29,-48.91,-48.91,ADX ≥ 20.0;MACD 🚀;Price > SMA20
2025-08-01T15:14:57.772283,CMG,43.09,40.69,0.13,0.30,-24.03,-24.03,ADX ≥ 20.0;MACD 🚀;RSI 📈;Price > SMA20
2025-08-01T15:14:59.139173,CHD,93.86,53.05,0.42,0.45,-28.60,-28.60,ADX ≥ 20.0;MACD 🚀;BB breakout;RSI 📈;Price > SMA20
2025-08-01T15:14:59.882194,CI,259.93,48.49,1.38,0.53,-39.18,-39.18,ADX ≥ 20.0;MACD 🚀;ATR % ≥ 0.5%
2025-08-01T15:15:00.751827,CINF,145.02,42.54,0.32,0.22,-48.37,-48.37,ADX ≥ 20.0;MACD 🚀;Price > SMA20
2025-08-01T15:15:01.775511,CTAS,220.44,34.96,0.42,0.19,-52.55,-52.55,ADX ≥ 20.0;MACD 🚀;Price > SMA20
2025-08-01T15:15:03.479949,CSCO,67.22,50.56,0.14,0.20,-7.77,-7.77,ADX ≥ 20.0;MACD 🚀;RSI 📈;Price > SMA20
2025-08-01T15:15:04.572373,C,90.98,53.28,0.30,0.33,-41.00,-41.00,ADX ≥ 20.0;MACD 🚀;Price > SMA20
2025-08-01T15:15:05.404301,CFG,46.63,39.92,0.18,0.39,-36.92,-36.92,ADX ≥ 20.0;MACD 🚀;Price > SMA20
2025-08-01T15:15:06.818998,CME,281.06,24.36,0.65,0.23,-28.72,-28.72,ADX ≥ 20.0;MACD 🚀;Price > SMA20
2025-08-01T15:15:07.610491,CMS,74.10,38.16,0.18,0.25,-48.94,-48.94,ADX ≥ 20.0;MACD 🚀;BB breakout;RSI 📈;Price > SMA20
2025-08-01T15:15:08.482515,KO,68.80,26.58,0.11,0.16,-37.51,-37.51,ADX ≥ 20.0;MACD 🚀;BB breakout;RSI 📈;Price > SMA20
2025-08-01T15:15:10.299545,COIN,319.39,46.14,2.53,0.79,-29.18,-29.18,ADX ≥ 20.0;MACD 🚀;ATR14 ≥ 2.0;ATR % ≥ 0.5%
2025-08-01T15:15:12.689743,CAG,18.41,27.06,0.05,0.30,-29.99,-29.99,ADX ≥ 20.0;MACD 🚀;BB breakout;RSI 📈;Price > SMA20
2025-08-01T15:15:14.400535,ED,104.56,24.21,0.24,0.23,-46.30,-46.30,ADX ≥ 20.0;MACD 🚀;RSI 📈;Price > SMA20
2025-08-01T15:15:15.230915,STZ,166.88,33.82,0.46,0.28,-33.69,-33.69,ADX ≥ 20.0;MACD 🚀;BB breakout;Price > SMA20
2025-08-01T15:15:16.751030,COO,70.40,44.04,0.22,0.32,-25.37,-25.37,ADX ≥ 20.0;MACD 🚀;BB breakout;RSI 📈;Price > SMA20
2025-08-01T15:15:18.866625,CPAY,312.97,47.10,0.93,0.30,-17.00,-17.00,ADX ≥ 20.0;MACD 🚀;Price > SMA20
2025-08-01T15:15:19.654988,CTVA,71.09,50.12,0.13,0.18,-32.06,-32.06,ADX ≥ 20.0;MACD 🚀;Price > SMA20
2025-08-01T15:15:21.968614,CTRA,23.76,49.50,0.07,0.31,-18.75,-18.75,ADX ≥ 20.0;MACD 🚀;Price > SMA20
2025-08-01T15:15:22.819898,CRWD,448.80,48.90,1.69,0.38,-35.57,-35.57,ADX ≥ 20.0;MACD 🚀;Price > SMA20
2025-08-01T15:15:24.145172,CSX,34.99,23.01,0.08,0.22,-24.25,-24.25,ADX ≥ 20.0;MACD 🚀;Price > SMA20
2025-08-01T15:15:26.663564,DHR,194.28,64.50,0.63,0.32,-22.26,-22.26,ADX ≥ 20.0;MACD 🚀;Price > SMA20
2025-08-01T15:15:27.415880,DRI,201.68,26.77,0.45,0.22,-26.73,-26.73,ADX ≥ 20.0;MACD 🚀;RSI 📈;Price > SMA20
2025-08-01T15:15:28.923041,DAY,55.16,44.50,0.17,0.31,-44.54,-44.54,ADX ≥ 20.0;MACD 🚀;Price > SMA20
2025-08-01T15:15:31.243584,DELL,127.91,46.58,0.60,0.47,-37.37,-37.37,ADX ≥ 20.0;MACD 🚀;Price > SMA20
2025-08-01T15:15:32.837011,DVN,32.06,58.80,0.12,0.37,-22.14,-22.14,ADX ≥ 20.0;MACD 🚀;Price > SMA20
2025-08-01T15:15:33.738699,DXCM,80.04,33.07,0.36,0.44,-32.77,-32.77,ADX ≥ 20.0;MACD 🚀;Price > SMA20
2025-08-01T15:15:41.170367,DASH,247.81,50.05,0.73,0.29,-37.91,-37.91,ADX ≥ 20.0;MACD 🚀;Price > SMA20
2025-08-01T15:15:42.865987,DOW,22.26,64.88,0.11,0.49,-14.79,-14.79,ADX ≥ 20.0;MACD 🚀;Price > SMA20
2025-08-01T15:15:43.737411,DHI,150.11,41.05,0.72,0.48,-23.11,-23.11,ADX ≥ 20.0;MACD 🚀;BB breakout;RSI 📈;Price > SMA20
2025-08-01T15:15:45.278724,DUK,122.64,30.42,0.26,0.21,-36.70,-36.70,ADX ≥ 20.0;MACD 🚀;RSI 📈;Price > SMA20
2025-08-01T15:15:46.088400,DD,69.77,49.57,0.24,0.35,-25.28,-25.28,ADX ≥ 20.0;MACD 🚀;Price > SMA20
2025-08-01T15:15:46.979034,EMN,57.72,83.68,0.46,0.80,-44.13,-44.13,ADX ≥ 20.0;MACD 🚀;ATR % ≥ 0.5%
2025-08-01T15:15:47.796241,ETN,379.20,42.66,1.31,0.35,-27.63,-27.63,ADX ≥ 20.0;MACD 🚀;Price > SMA20
2025-08-01T15:15:48.632519,EBAY,90.42,39.99,0.32,0.36,-25.35,-25.35,ADX ≥ 20.0;MACD 🚀;BB breakout;RSI 📈;Price > SMA20
2025-08-01T15:15:49.703858,ECL,260.36,36.29,0.47,0.18,-46.08,-46.08,ADX ≥ 20.0;MACD 🚀;Price > SMA20
2025-08-01T15:15:50.869176,EIX,51.93,46.07,0.23,0.45,-29.28,-29.28,ADX ≥ 20.0;MACD 🚀;BB breakout;Price > SMA20
2025-08-01T15:15:51.821623,EW,79.06,34.26,0.26,0.33,-34.28,-34.28,ADX ≥ 20.0;MACD 🚀;BB breakout;RSI 📈;Price > SMA20
2025-08-01T15:15:52.687854,EA,156.34,32.96,0.66,0.43,-23.81,-23.81,ADX ≥ 20.0;MACD 🚀;BB breakout;RSI 📈;Price > SMA20
2025-08-01T15:15:54.329689,EMR,141.60,40.08,0.42,0.30,-31.06,-31.06,ADX ≥ 20.0;MACD 🚀;Price > SMA20
2025-08-01T15:15:55.407147,ENPH,31.89,25.87,0.20,0.62,-17.68,-17.68,ADX ≥ 20.0;MACD 🚀;BB breakout;RSI 📈;ATR % ≥ 0.5%;Price > SMA20
2025-08-01T15:15:56.198580,ETR,89.74,21.83,0.23,0.26,-30.02,-30.02,ADX ≥ 20.0;MACD 🚀;BB breakout;Price > SMA20
2025-08-01T15:15:57.848361,EPAM,152.91,41.78,0.73,0.48,-30.70,-30.70,ADX ≥ 20.0;MACD 🚀;Price > SMA20
2025-08-01T15:15:58.689788,EQT,52.58,35.13,0.16,0.30,-19.27,-19.27,ADX ≥ 20.0;MACD 🚀;Price > SMA20
2025-08-01T15:16:00.181237,EQIX,767.38,54.45,2.50,0.33,-20.56,-20.56,ADX ≥ 20.0;MACD 🚀;ATR14 ≥ 2.0
2025-08-01T15:16:03.048629,EL,90.30,40.39,0.36,0.40,-33.01,-33.01,ADX ≥ 20.0;MACD 🚀;Price > SMA20
2025-08-01T15:16:07.061650,EXPE,176.71,34.81,0.51,0.29,-35.86,-35.86,ADX ≥ 20.0;MACD 🚀;Price > SMA20
2025-08-01T15:16:10.393717,FFIV,307.33,29.39,0.84,0.27,-35.59,-35.59,ADX ≥ 20.0;MACD 🚀;Price > SMA20
2025-08-01T15:16:12.937064,FAST,45.26,42.84,0.11,0.24,-12.51,-12.51,ADX ≥ 20.0;MACD 🚀;Price > SMA20
2025-08-01T15:16:14.477177,FDX,217.92,67.42,0.70,0.32,-38.29,-38.29,ADX ≥ 20.0;MACD 🚀;BB breakout;Price > SMA20
2025-08-01T15:16:15.349802,FIS,78.61,58.40,0.18,0.23,-27.25,-27.25,ADX ≥ 20.0;MACD 🚀;Price > SMA20
2025-08-01T15:16:16.214054,FITB,40.82,48.06,0.11,0.26,-31.51,-31.51,ADX ≥ 20.0;MACD 🚀;Price > SMA20
2025-08-01T15:16:18.842963,F,10.85,32.78,0.04,0.33,-15.04,-15.04,ADX ≥ 20.0;MACD 🚀;Price > SMA20
2025-08-01T15:16:19.558543,FTNT,97.96,50.35,0.26,0.26,-23.77,-23.77,ADX ≥ 20.0;MACD 🚀;BB breakout;Price > SMA20
2025-08-01T15:16:20.772219,FTV,46.84,44.35,0.14,0.31,-34.09,-34.09,ADX ≥ 20.0;MACD 🚀;Price > SMA20
2025-08-01T15:16:21.712617,FOXA,55.26,35.30,0.12,0.22,-26.05,-26.05,ADX ≥ 20.0;MACD 🚀;Price > SMA20
2025-08-01T15:16:22.438587,FOX,50.58,34.86,0.10,0.20,-34.05,-34.05,ADX ≥ 20.0;MACD 🚀;Price > SMA20
2025-08-01T15:16:23.121825,BEN,24.29,53.50,0.23,0.94,-13.69,-13.69,ADX ≥ 20.0;MACD 🚀;BB breakout;RSI 📈;ATR % ≥ 0.5%;Price > SMA20
2025-08-01T15:16:23.888794,FCX,39.95,40.33,0.15,0.37,-25.43,-25.43,ADX ≥ 20.0;MACD 🚀;BB breakout;RSI 📈;Price > SMA20
2025-08-01T15:16:25.272406,IT,332.56,53.87,1.09,0.33,-12.96,-12.96,ADX ≥ 20.0;MACD 🚀;BB breakout;Price > SMA20
2025-08-01T15:16:25.892596,GE,267.39,53.31,0.94,0.35,-29.22,-29.22,ADX ≥ 20.0;MACD 🚀;Price > SMA20
2025-08-01T15:16:26.860349,GEHC,70.01,61.57,0.24,0.34,-19.96,-19.96,ADX ≥ 20.0;MACD 🚀;BB breakout;RSI 📈;Price > SMA20
2025-08-01T15:16:27.999855,GEN,29.02,53.82,0.06,0.20,-37.29,-37.29,ADX ≥ 20.0;MACD 🚀;BB breakout;RSI 📈;Price > SMA20
2025-08-01T15:16:28.991421,GNRC,193.67,28.07,0.99,0.51,-9.04,-9.04,ADX ≥ 20.0;MACD 🚀;RSI 📈;ATR % ≥ 0.5%;Price > SMA20
2025-08-01T15:16:29.872791,GD,309.14,46.92,0.49,0.16,-35.97,-35.97,ADX ≥ 20.0;MACD 🚀;BB breakout;RSI 📈;Price > SMA20
2025-08-01T15:16:31.612605,GM,52.91,44.60,0.18,0.34,-25.40,-25.40,ADX ≥ 20.0;MACD 🚀;BB breakout;RSI 📈;Price > SMA20
2025-08-01T15:16:32.282549,GPC,127.39,23.00,0.38,0.30,-40.71,-40.71,ADX ≥ 20.0;MACD 🚀;RSI 📈;Price > SMA20
2025-08-01T15:16:33.767747,GPN,77.73,49.08,0.25,0.32,-18.75,-18.75,ADX ≥ 20.0;MACD 🚀;Price > SMA20
2025-08-01T15:16:34.657172,GL,137.27,48.23,0.36,0.26,-45.89,-45.89,ADX ≥ 20.0;MACD 🚀;Price > SMA20
2025-08-01T15:16:35.450949,GDDY,158.98,58.66,0.35,0.22,-30.43,-30.43,ADX ≥ 20.0;MACD 🚀;Price > SMA20
2025-08-01T15:16:36.233500,GS,708.31,54.32,2.59,0.37,-33.17,-33.17,ADX ≥ 20.0;MACD 🚀;ATR14 ≥ 2.0;Price > SMA20
2025-08-01T15:16:37.873142,HIG,123.20,56.25,0.29,0.23,-34.19,-34.19,ADX ≥ 20.0;MACD 🚀;Price > SMA20
2025-08-01T15:16:38.571929,HAS,75.01,26.55,0.20,0.27,-29.07,-29.07,ADX ≥ 20.0;MACD 🚀;BB breakout;Price > SMA20
2025-08-01T15:16:41.352206,HSY,190.25,28.49,0.54,0.28,-35.57,-35.57,ADX ≥ 20.0;MACD 🚀;BB breakout;RSI 📈;Price > SMA20
2025-08-01T15:16:42.431877,HPE,19.86,44.17,0.07,0.37,-30.35,-30.35,ADX ≥ 20.0;MACD 🚀;Price > SMA20
2025-08-01T15:16:43.253449,HLT,261.87,53.07,0.60,0.23,-45.39,-45.39,ADX ≥ 20.0;MACD 🚀;Price > SMA20
2025-08-01T15:16:44.699117,HD,372.39,24.64,0.95,0.25,-22.54,-22.54,ADX ≥ 20.0;MACD 🚀;RSI 📈;Price > SMA20
2025-08-01T15:16:45.594872,HON,218.50,56.72,0.45,0.21,-19.25,-19.25,ADX ≥ 20.0;MACD 🚀;BB breakout;Price > SMA20
2025-08-01T15:16:47.040722,HST,15.37,33.38,0.06,0.38,-35.10,-35.10,ADX ≥ 20.0;MACD 🚀;BB breakout;Price > SMA20
2025-08-01T15:16:48.230884,HPQ,24.30,61.63,0.07,0.30,-26.09,-26.09,ADX ≥ 20.0;MACD 🚀;BB breakout;Price > SMA20
2025-08-01T15:16:48.950982,HUBB,424.66,49.03,1.33,0.31,-34.21,-34.21,ADX ≥ 20.0;MACD 🚀;Price > SMA20
2025-08-01T15:16:50.587873,HBAN,15.94,42.48,0.05,0.34,-24.11,-24.11,ADX ≥ 20.0;MACD 🚀;Price > SMA20
2025-08-01T15:16:51.512081,HII,271.80,29.35,0.83,0.30,-58.51,-58.51,ADX ≥ 20.0;MACD 🚀;Price > SMA20
2025-08-01T15:16:53.888387,IDXX,534.87,45.56,1.51,0.28,-21.21,-21.21,ADX ≥ 20.0;MACD 🚀;RSI 📈;Price > SMA20
2025-08-01T15:16:55.373836,INCY,74.64,26.83,0.23,0.31,-41.58,-41.58,ADX ≥ 20.0;MACD 🚀;Price > SMA20
2025-08-01T15:16:56.148400,IR,75.22,66.82,0.52,0.69,-3.63,-3.63,ADX ≥ 20.0;MACD 🚀;ATR % ≥ 0.5%
2025-08-01T15:16:57.044279,PODD,286.68,33.31,1.00,0.35,-47.25,-47.25,ADX ≥ 20.0;MACD 🚀;BB breakout;RSI 📈;Price > SMA20
2025-08-01T15:16:57.813403,INTC,19.26,37.49,0.07,0.37,-30.06,-30.06,ADX ≥ 20.0;MACD 🚀;Price > SMA20
2025-08-01T15:16:58.969478,ICE,183.72,42.59,0.41,0.22,-40.58,-40.58,ADX ≥ 20.0;MACD 🚀;Price > SMA20
2025-08-01T15:16:59.765710,IFF,69.77,66.18,0.21,0.31,-20.72,-20.72,ADX ≥ 20.0;MACD 🚀;Price > SMA20
2025-08-01T15:17:01.624376,IPG,24.34,40.84,0.06,0.27,-14.10,-14.10,ADX ≥ 20.0;MACD 🚀;RSI 📈;Price > SMA20
2025-08-01T15:17:02.475724,INTU,778.48,40.48,1.24,0.16,-36.34,-36.34,ADX ≥ 20.0;MACD 🚀;BB breakout;Price > SMA20
2025-08-01T15:17:03.204571,ISRG,482.80,42.19,1.32,0.27,-41.47,-41.47,ADX ≥ 20.0;MACD 🚀;BB breakout;RSI 📈;Price > SMA20
2025-08-01T15:17:04.023249,IVZ,20.55,42.56,0.10,0.48,-18.87,-18.87,ADX ≥ 20.0;MACD 🚀;Price > SMA20
2025-08-01T15:17:05.411449,IQV,181.09,68.11,0.74,0.41,-17.60,-17.60,ADX ≥ 20.0;MACD 🚀;BB breakout;Price > SMA20
2025-08-01T15:17:08.066689,JBL,219.87,62.40,0.85,0.39,-38.33,-38.33,ADX ≥ 20.0;MACD 🚀;Price > SMA20
2025-08-01T15:17:11.643638,JCI,106.28,29.14,0.39,0.36,-36.56,-36.56,ADX ≥ 20.0;MACD 🚀;RSI 📈;Price > SMA20
2025-08-01T15:17:12.715541,JPM,289.28,53.77,0.80,0.28,-33.57,-33.57,ADX ≥ 20.0;MACD 🚀;Price > SMA20
2025-08-01T15:17:13.341651,JNPR,0.00,49.78,0.01,inf,28.22,28.22,ADX ≥ 20.0;MACD 🚀;ATR % ≥ 0.5%
2025-08-01T15:17:15.596250,KEY,17.52,48.91,0.07,0.38,-21.44,-21.44,ADX ≥ 20.0;MACD 🚀;Price > SMA20
2025-08-01T15:17:16.559977,KEYS,158.37,55.57,0.33,0.21,-56.40,-56.40,ADX ≥ 20.0;MACD 🚀;Price > SMA20
2025-08-01T15:17:18.009512,KIM,20.78,50.01,0.08,0.36,-22.05,-22.05,ADX ≥ 20.0;MACD 🚀;Price > SMA20
2025-08-01T15:17:18.893875,KMI,27.90,57.03,0.07,0.24,-29.81,-29.81,ADX ≥ 20.0;MACD 🚀;RSI 📈;Price > SMA20
2025-08-01T15:17:20.592228,KLAC,880.48,31.92,3.75,0.43,-32.09,-32.09,ADX ≥ 20.0;MACD 🚀;ATR14 ≥ 2.0;Price > SMA20
2025-08-01T15:17:21.444134,KHC,27.38,22.78,0.08,0.30,-20.06,-20.06,ADX ≥ 20.0;MACD 🚀;RSI 📈;Price > SMA20
2025-08-01T15:17:22.170649,KR,71.30,28.68,0.19,0.26,-39.97,-39.97,ADX ≥ 20.0;MACD 🚀;Price > SMA20
2025-08-01T15:17:22.935738,LHX,275.39,41.74,0.62,0.22,-37.01,-37.01,ADX ≥ 20.0;MACD 🚀;RSI 📈;Price > SMA20
2025-08-01T15:17:24.316449,LRCX,94.52,27.89,0.40,0.42,-33.16,-33.16,ADX ≥ 20.0;MACD 🚀;RSI 📈;Price > SMA20
2025-08-01T15:17:25.219896,LW,55.96,46.87,0.17,0.31,-15.47,-15.47,ADX ≥ 20.0;MACD 🚀;Price > SMA20
2025-08-01T15:17:26.471110,LDOS,158.46,45.38,0.41,0.26,-29.52,-29.52,ADX ≥ 20.0;MACD 🚀;Price > SMA20
2025-08-01T15:17:27.349287,LEN,115.86,33.13,0.62,0.54,-27.53,-27.53,ADX ≥ 20.0;MACD 🚀;ATR % ≥ 0.5%;Price > SMA20
2025-08-01T15:17:28.224958,LII,601.10,38.69,1.39,0.23,-35.56,-35.56,ADX ≥ 20.0;MACD 🚀;Price > SMA20
2025-08-01T15:17:29.745084,LIN,459.79,22.67,1.31,0.28,-31.18,-31.18,ADX ≥ 20.0;MACD 🚀;Price > SMA20
2025-08-01T15:17:30.468860,LYV,146.70,55.70,0.39,0.27,-39.83,-39.83,ADX ≥ 20.0;MACD 🚀;Price > SMA20
2025-08-01T15:17:31.263566,LKQ,29.47,25.57,0.11,0.37,8.85,8.85,ADX ≥ 20.0;MACD 🚀;Price > SMA20
2025-08-01T15:17:32.133952,LMT,419.06,57.13,0.75,0.18,-33.30,-33.30,ADX ≥ 20.0;MACD 🚀;Price > SMA20
2025-08-01T15:17:32.907844,L,89.72,45.44,0.15,0.16,-48.51,-48.51,ADX ≥ 20.0;MACD 🚀;Price > SMA20
2025-08-01T15:17:34.930012,LYB,55.29,50.76,0.32,0.58,-18.74,-18.74,ADX ≥ 20.0;MACD 🚀;ATR % ≥ 0.5%
2025-08-01T15:17:35.853541,MTB,184.75,45.26,0.42,0.23,-21.57,-21.57,ADX ≥ 20.0;MACD 🚀;Price > SMA20
2025-08-01T15:17:36.718141,MPC,166.07,44.41,0.47,0.29,-16.74,-16.74,ADX ≥ 20.0;MACD 🚀;Price > SMA20
2025-08-01T15:17:41.976828,MTCH,33.90,36.77,0.13,0.38,-30.45,-30.45,ADX ≥ 20.0;MACD 🚀;RSI 📈;Price > SMA20
2025-08-01T15:17:42.883232,MKC,70.35,33.40,0.18,0.26,-36.93,-36.93,ADX ≥ 20.0;MACD 🚀;Price > SMA20
2025-08-01T15:17:43.846291,MCD,303.33,28.33,0.57,0.19,-36.20,-36.20,ADX ≥ 20.0;MACD 🚀;RSI 📈;Price > SMA20
2025-08-01T15:17:45.228424,MDT,89.30,56.38,0.17,0.19,-39.04,-39.04,ADX ≥ 20.0;MACD 🚀;RSI 📈;Price > SMA20
2025-08-01T15:17:46.815890,META,755.34,31.77,2.63,0.35,-32.11,-32.11,ADX ≥ 20.0;MACD 🚀;ATR14 ≥ 2.0;Price > SMA20
2025-08-01T15:17:48.092037,MET,73.59,43.41,0.21,0.29,-31.16,-31.16,ADX ≥ 20.0;MACD 🚀;Price > SMA20
2025-08-01T15:17:48.773321,MTD,1174.81,74.14,7.60,0.65,-48.37,-48.37,ADX ≥ 20.0;MACD 🚀;BB breakout;RSI 📈;ATR14 ≥ 2.0;ATR % ≥ 0.5%;Price > SMA20
2025-08-01T15:17:49.759261,MGM,35.56,31.97,0.15,0.43,-30.68,-30.68,ADX ≥ 20.0;MACD 🚀;BB breakout;Price > SMA20
