timestamp,symbol,price,ADX,ATR_val,ATR_pct,SuperTracker_osc,SuperTracker_sig,ADX_req,MACD_up,Super_up,VWAP_plus,BB_breakout,RSI_overbought,Vol_spike,ATR_ge,ATRpct_ge,Range_ge,Gap_ge,Price_gt_SMA,signals
2025-08-11T13:30:02.338892,AOS,70.79,28.98,0.08,0.11,2.18,2.18,1,1,0,0,0,1,0,0,0,0,0,1,ADX>=thresh;MACD_cross_up;RSI_overbought;Price>SMA20
2025-08-11T13:37:19.958349,MMM,154.12,40.40,0.28,0.18,60.16,60.16,1,1,0,0,0,1,0,0,0,0,0,1,ADX>=thresh;MACD_cross_up;RSI_overbought;Price>SMA20
2025-08-11T13:37:20.798128,AOS,71.08,30.55,0.09,0.13,27.11,27.11,1,1,0,0,1,1,0,0,0,0,0,1,ADX>=thresh;MACD_cross_up;BB_breakout;RSI_overbought;Price>SMA20
2025-08-11T13:37:21.904216,ABBV,199.15,27.08,0.36,0.18,59.10,59.10,1,1,0,0,1,1,0,0,0,0,0,1,ADX>=thresh;MACD_cross_up;BB_breakout;RSI_overbought;Price>SMA20
2025-08-11T13:37:24.524545,AFL,104.14,30.25,0.13,0.12,55.55,55.55,1,1,0,0,1,1,0,0,0,0,0,1,ADX>=thresh;MACD_cross_up;BB_breakout;RSI_overbought;Price>SMA20
2025-08-11T13:37:25.218805,A,115.33,39.49,0.20,0.17,53.34,53.34,1,1,0,0,1,1,0,0,0,0,0,1,ADX>=thresh;MACD_cross_up;BB_breakout;RSI_overbought;Price>SMA20
2025-08-11T13:37:26.991649,AKAM,72.31,24.52,0.46,0.63,41.55,41.55,1,1,0,0,1,1,0,0,1,0,0,1,ADX>=thresh;MACD_cross_up;BB_breakout;RSI_overbought;ATR>=pct;Price>SMA20
2025-08-11T13:37:27.630738,ALB,83.22,46.43,1.14,1.37,135.51,135.51,1,1,0,0,1,1,0,0,1,0,0,1,ADX>=thresh;MACD_cross_up;BB_breakout;RSI_overbought;ATR>=pct;Price>SMA20
2025-08-11T13:37:28.883479,ALGN,141.70,34.11,0.53,0.37,99.17,99.17,1,1,0,0,1,1,0,0,0,0,0,1,ADX>=thresh;MACD_cross_up;BB_breakout;RSI_overbought;Price>SMA20
2025-08-11T13:37:32.237915,MO,65.09,20.99,0.12,0.18,97.75,97.75,1,1,0,0,1,1,0,0,0,0,0,1,ADX>=thresh;MACD_cross_up;BB_breakout;RSI_overbought;Price>SMA20
2025-08-11T13:37:33.412139,AMCR,9.75,40.52,0.02,0.20,50.00,50.00,1,1,0,0,1,1,0,0,0,0,0,1,ADX>=thresh;MACD_cross_up;BB_breakout;RSI_overbought;Price>SMA20
2025-08-11T13:37:36.122090,AMT,207.65,45.35,0.37,0.18,78.73,78.73,1,1,0,0,1,1,0,0,0,0,0,1,ADX>=thresh;MACD_cross_up;BB_breakout;RSI_overbought;Price>SMA20
2025-08-11T13:37:36.772056,AWK,146.05,26.02,0.23,0.16,61.92,61.92,1,1,0,0,1,1,0,0,0,0,0,1,ADX>=thresh;MACD_cross_up;BB_breakout;RSI_overbought;Price>SMA20
2025-08-11T13:37:39.588630,AMGN,291.27,25.18,0.62,0.21,76.20,76.20,1,1,0,0,1,1,0,0,0,0,0,1,ADX>=thresh;MACD_cross_up;BB_breakout;RSI_overbought;Price>SMA20
2025-08-11T13:37:40.684579,ADI,226.87,24.54,0.51,0.23,90.69,90.69,1,1,0,0,1,1,0,0,0,0,0,1,ADX>=thresh;MACD_cross_up;BB_breakout;RSI_overbought;Price>SMA20
2025-08-11T13:37:41.767115,AON,367.76,30.54,0.53,0.14,67.80,67.80,1,1,0,0,1,1,0,0,0,0,0,1,ADX>=thresh;MACD_cross_up;BB_breakout;RSI_overbought;Price>SMA20
2025-08-11T13:37:42.539056,APA,20.48,20.09,0.11,0.54,77.08,77.08,1,1,0,0,1,1,0,0,1,0,0,1,ADX>=thresh;MACD_cross_up;BB_breakout;RSI_overbought;ATR>=pct;Price>SMA20
2025-08-11T13:37:43.139583,APO,142.82,60.19,0.33,0.23,46.78,46.78,1,1,0,0,1,1,0,0,0,0,0,1,ADX>=thresh;MACD_cross_up;BB_breakout;RSI_overbought;Price>SMA20
2025-08-11T13:37:44.156275,AMAT,188.70,20.98,0.48,0.26,118.94,118.94,1,1,0,0,1,1,0,0,0,0,0,1,ADX>=thresh;MACD_cross_up;BB_breakout;RSI_overbought;Price>SMA20
2025-08-11T13:37:44.820236,APTV,67.82,32.75,0.20,0.29,95.21,95.21,1,1,0,0,1,1,0,0,0,0,0,1,ADX>=thresh;MACD_cross_up;BB_breakout;RSI_overbought;Price>SMA20
2025-08-11T13:37:45.399153,ACGL,89.12,25.01,0.10,0.11,32.77,32.77,1,1,0,0,1,1,0,0,0,0,0,1,ADX>=thresh;MACD_cross_up;BB_breakout;RSI_overbought;Price>SMA20
2025-08-11T13:37:46.054737,ADM,58.33,22.47,0.15,0.25,81.08,81.08,1,1,0,0,1,1,0,0,0,0,0,1,ADX>=thresh;MACD_cross_up;BB_breakout;RSI_overbought;Price>SMA20
2025-08-11T13:37:46.862581,ANET,139.53,50.51,0.37,0.26,75.10,75.10,1,1,0,0,1,1,0,0,0,0,0,1,ADX>=thresh;MACD_cross_up;BB_breakout;RSI_overbought;Price>SMA20
2025-08-11T13:37:48.736680,T,28.25,23.92,0.04,0.15,52.00,52.00,1,1,0,0,1,1,0,0,0,0,0,1,ADX>=thresh;MACD_cross_up;BB_breakout;RSI_overbought;Price>SMA20
2025-08-11T13:37:50.517793,ADP,306.85,22.79,0.39,0.13,90.98,90.98,1,1,0,0,1,1,0,0,0,0,0,1,ADX>=thresh;MACD_cross_up;BB_breakout;RSI_overbought;Price>SMA20
2025-08-11T13:37:51.251293,AZO,4055.63,25.02,7.03,0.17,38.83,38.83,1,1,0,0,1,0,0,1,0,0,0,1,ADX>=thresh;MACD_cross_up;BB_breakout;ATR>=abs;Price>SMA20
2025-08-11T13:37:53.204539,AVY,171.55,35.11,0.21,0.12,21.18,21.18,1,1,0,0,1,1,0,0,0,0,0,1,ADX>=thresh;MACD_cross_up;BB_breakout;RSI_overbought;Price>SMA20
2025-08-11T13:37:55.303346,BALL,54.40,32.00,0.09,0.16,80.91,80.91,1,1,0,0,1,1,0,0,0,0,0,1,ADX>=thresh;MACD_cross_up;BB_breakout;RSI_overbought;Price>SMA20
2025-08-11T13:37:56.687815,BAX,23.82,25.93,0.09,0.40,37.86,37.86,1,1,0,0,0,1,0,0,0,0,0,1,ADX>=thresh;MACD_cross_up;RSI_overbought;Price>SMA20
2025-08-11T13:37:57.449545,BDX,194.21,60.72,0.36,0.19,55.22,55.22,1,1,0,0,1,1,0,0,0,0,0,1,ADX>=thresh;MACD_cross_up;BB_breakout;RSI_overbought;Price>SMA20
2025-08-11T13:37:58.138640,BRK-B,0.00,20.37,0.68,inf,79.94,79.94,1,1,0,0,0,1,0,0,1,0,0,0,ADX>=thresh;MACD_cross_up;RSI_overbought;ATR>=pct
2025-08-11T13:37:59.276446,BBY,69.92,35.94,0.20,0.29,82.57,82.57,1,1,0,0,1,1,0,0,0,0,0,1,ADX>=thresh;MACD_cross_up;BB_breakout;RSI_overbought;Price>SMA20
2025-08-11T13:38:00.317039,TECH,50.73,66.87,0.28,0.55,98.20,98.20,1,1,0,0,0,0,0,0,1,0,0,1,ADX>=thresh;MACD_cross_up;ATR>=pct;Price>SMA20
2025-08-11T13:38:00.960205,BIIB,133.17,50.86,0.58,0.44,81.93,81.93,1,1,0,0,1,1,0,0,0,0,0,1,ADX>=thresh;MACD_cross_up;BB_breakout;RSI_overbought;Price>SMA20
2025-08-11T13:38:01.635285,BLK,1127.48,29.30,1.56,0.14,51.00,51.00,1,1,0,0,1,1,0,0,0,0,0,1,ADX>=thresh;MACD_cross_up;BB_breakout;RSI_overbought;Price>SMA20
2025-08-11T13:38:02.347470,BX,170.33,55.53,0.36,0.21,60.10,60.10,1,1,0,0,1,1,0,0,0,0,0,1,ADX>=thresh;MACD_cross_up;BB_breakout;RSI_overbought;Price>SMA20
2025-08-11T13:38:05.196180,BMY,46.23,33.89,0.11,0.23,57.15,57.15,1,1,0,0,1,1,0,0,0,0,0,1,ADX>=thresh;MACD_cross_up;BB_breakout;RSI_overbought;Price>SMA20
2025-08-11T13:38:08.296720,BRO,94.19,28.19,0.18,0.19,61.46,61.46,1,1,0,0,1,1,0,0,0,0,0,1,ADX>=thresh;MACD_cross_up;BB_breakout;RSI_overbought;Price>SMA20
2025-08-11T13:38:09.451073,BF-B,0.00,23.57,0.08,inf,76.02,76.02,1,1,0,0,0,1,0,0,1,0,0,0,ADX>=thresh;MACD_cross_up;RSI_overbought;ATR>=pct
2025-08-11T13:38:10.167088,BLDR,133.33,42.10,0.36,0.27,50.35,50.35,1,1,0,0,0,1,0,0,0,0,0,1,ADX>=thresh;MACD_cross_up;RSI_overbought;Price>SMA20
2025-08-11T13:38:10.833554,BG,83.48,27.93,0.16,0.20,59.09,59.09,1,1,0,0,0,1,0,0,0,0,0,1,ADX>=thresh;MACD_cross_up;RSI_overbought;Price>SMA20
2025-08-11T13:38:16.147612,CAH,157.68,24.80,0.27,0.17,80.86,80.86,1,1,0,0,1,1,0,0,0,0,0,1,ADX>=thresh;MACD_cross_up;BB_breakout;RSI_overbought;Price>SMA20
2025-08-11T13:38:16.987123,KMX,56.05,24.69,0.18,0.31,72.18,72.18,1,1,0,0,1,1,0,0,0,0,0,1,ADX>=thresh;MACD_cross_up;BB_breakout;RSI_overbought;Price>SMA20
2025-08-11T13:38:19.174869,CBOE,253.10,29.62,0.45,0.18,52.37,52.37,1,1,0,0,1,1,0,0,0,0,0,1,ADX>=thresh;MACD_cross_up;BB_breakout;RSI_overbought;Price>SMA20
2025-08-11T13:38:20.333611,CDW,164.53,22.16,0.37,0.22,51.61,51.61,1,1,0,0,1,1,0,0,0,0,0,1,ADX>=thresh;MACD_cross_up;BB_breakout;RSI_overbought;Price>SMA20
2025-08-11T13:38:21.442955,CNC,26.00,44.84,0.11,0.42,77.34,77.34,1,1,0,0,1,1,0,0,0,0,0,1,ADX>=thresh;MACD_cross_up;BB_breakout;RSI_overbought;Price>SMA20
2025-08-11T13:38:22.734685,CF,82.84,22.57,0.35,0.42,84.35,84.35,1,1,0,0,1,1,0,0,0,0,0,1,ADX>=thresh;MACD_cross_up;BB_breakout;RSI_overbought;Price>SMA20
2025-08-11T13:38:23.461840,CRL,150.60,28.00,0.42,0.28,84.88,84.88,1,1,0,0,0,1,0,0,0,0,0,1,ADX>=thresh;MACD_cross_up;RSI_overbought;Price>SMA20
2025-08-11T13:38:24.176242,SCHW,97.23,20.94,0.12,0.12,75.10,75.10,1,1,0,0,1,1,0,0,0,0,0,1,ADX>=thresh;MACD_cross_up;BB_breakout;RSI_overbought;Price>SMA20
2025-08-11T13:38:24.786601,CHTR,262.53,52.04,0.80,0.30,77.46,77.46,1,1,0,0,1,1,0,0,0,0,0,1,ADX>=thresh;MACD_cross_up;BB_breakout;RSI_overbought;Price>SMA20
2025-08-11T13:38:25.503451,CVX,155.62,28.42,0.25,0.16,50.12,50.12,1,1,0,0,1,1,0,0,0,0,0,1,ADX>=thresh;MACD_cross_up;BB_breakout;RSI_overbought;Price>SMA20
2025-08-11T13:38:27.760277,CB,272.26,20.85,0.36,0.13,56.18,56.18,1,1,0,0,0,1,0,0,0,0,0,1,ADX>=thresh;MACD_cross_up;RSI_overbought;Price>SMA20
2025-08-11T13:38:29.088902,CI,279.17,27.31,0.65,0.23,87.29,87.29,1,1,0,0,1,1,0,0,0,0,0,1,ADX>=thresh;MACD_cross_up;BB_breakout;RSI_overbought;Price>SMA20
2025-08-11T13:38:30.063960,CINF,150.76,41.80,0.25,0.17,81.10,81.10,1,1,0,0,1,1,0,0,0,0,0,1,ADX>=thresh;MACD_cross_up;BB_breakout;RSI_overbought;Price>SMA20
2025-08-11T13:38:32.201803,C,93.09,23.86,0.19,0.20,51.20,51.20,1,1,0,0,1,0,0,0,0,0,0,1,ADX>=thresh;MACD_cross_up;BB_breakout;Price>SMA20
2025-08-11T13:38:33.813829,CME,283.58,36.48,0.46,0.16,66.90,66.90,1,1,0,0,1,1,0,0,0,0,0,1,ADX>=thresh;MACD_cross_up;BB_breakout;RSI_overbought;Price>SMA20
2025-08-11T13:38:35.799240,CTSH,70.44,25.96,0.15,0.22,78.99,78.99,1,1,0,0,1,1,0,0,0,0,0,1,ADX>=thresh;MACD_cross_up;BB_breakout;RSI_overbought;Price>SMA20
2025-08-11T13:38:36.354814,COIN,323.08,42.66,2.19,0.68,90.76,90.76,1,1,0,0,1,1,0,1,1,0,0,1,ADX>=thresh;MACD_cross_up;BB_breakout;RSI_overbought;ATR>=abs;ATR>=pct;Price>SMA20
2025-08-11T13:38:37.595891,CMCSA,32.07,36.05,0.07,0.21,79.23,79.23,1,1,0,0,1,1,0,0,0,0,0,1,ADX>=thresh;MACD_cross_up;BB_breakout;RSI_overbought;Price>SMA20
2025-08-11T13:38:38.366545,CAG,19.40,23.97,0.05,0.26,77.55,77.55,1,1,0,0,0,1,0,0,0,0,0,1,ADX>=thresh;MACD_cross_up;RSI_overbought;Price>SMA20
2025-08-11T13:38:39.048521,COP,95.36,24.14,0.32,0.33,68.07,68.07,1,1,0,0,1,1,0,0,0,0,0,1,ADX>=thresh;MACD_cross_up;BB_breakout;RSI_overbought;Price>SMA20
2025-08-11T13:38:41.472472,CPRT,46.37,35.52,0.08,0.17,47.45,47.45,1,1,0,0,1,1,0,0,0,0,0,1,ADX>=thresh;MACD_cross_up;BB_breakout;RSI_overbought;Price>SMA20
2025-08-11T13:38:44.732763,CTRA,24.18,26.65,0.05,0.20,47.32,47.32,1,1,0,0,1,1,0,0,0,0,0,1,ADX>=thresh;MACD_cross_up;BB_breakout;RSI_overbought;Price>SMA20
2025-08-11T13:38:45.377668,CRWD,428.69,23.47,1.44,0.33,77.73,77.73,1,1,0,0,1,1,0,0,0,0,0,1,ADX>=thresh;MACD_cross_up;BB_breakout;RSI_overbought;Price>SMA20
2025-08-11T13:38:46.975227,CMI,392.40,22.08,0.89,0.23,102.02,102.02,1,1,0,0,1,1,0,0,0,0,0,1,ADX>=thresh;MACD_cross_up;BB_breakout;RSI_overbought;Price>SMA20
2025-08-11T13:38:47.601456,CVS,66.03,25.79,0.17,0.26,73.49,73.49,1,1,0,0,1,1,0,0,0,0,0,1,ADX>=thresh;MACD_cross_up;BB_breakout;RSI_overbought;Price>SMA20
2025-08-11T13:38:49.866078,DHR,201.85,68.42,0.36,0.18,49.71,49.71,1,1,0,0,1,1,0,0,0,0,0,1,ADX>=thresh;MACD_cross_up;BB_breakout;RSI_overbought;Price>SMA20
2025-08-11T13:38:51.390635,DAY,51.63,21.79,0.14,0.28,27.27,27.27,1,1,0,0,1,1,0,0,0,0,0,1,ADX>=thresh;MACD_cross_up;BB_breakout;RSI_overbought;Price>SMA20
2025-08-11T13:38:52.037326,DECK,101.81,51.73,0.26,0.25,65.27,65.27,1,1,0,0,0,1,0,0,0,0,0,1,ADX>=thresh;MACD_cross_up;RSI_overbought;Price>SMA20
2025-08-11T13:38:52.827006,DE,514.54,24.46,1.02,0.20,71.82,71.82,1,1,0,0,1,1,0,0,0,0,0,1,ADX>=thresh;MACD_cross_up;BB_breakout;RSI_overbought;Price>SMA20
2025-08-11T13:38:53.536111,DELL,138.18,25.50,0.39,0.28,60.02,60.02,1,1,0,0,1,1,0,0,0,0,0,1,ADX>=thresh;MACD_cross_up;BB_breakout;RSI_overbought;Price>SMA20
2025-08-11T13:38:54.891909,DVN,33.49,27.34,0.09,0.26,70.46,70.46,1,1,0,0,1,1,0,0,0,0,0,1,ADX>=thresh;MACD_cross_up;BB_breakout;RSI_overbought;Price>SMA20
2025-08-11T13:38:59.450292,DOV,174.75,42.91,0.26,0.15,82.72,82.72,1,1,0,0,1,1,0,0,0,0,0,1,ADX>=thresh;MACD_cross_up;BB_breakout;RSI_overbought;Price>SMA20
2025-08-11T13:39:00.749050,DHI,157.49,22.47,0.40,0.26,90.86,90.86,1,1,0,0,1,1,0,0,0,0,0,1,ADX>=thresh;MACD_cross_up;BB_breakout;RSI_overbought;Price>SMA20
2025-08-11T13:39:03.040223,EMN,62.20,22.57,0.16,0.26,78.88,78.88,1,1,0,0,0,1,0,0,0,0,0,1,ADX>=thresh;MACD_cross_up;RSI_overbought;Price>SMA20
2025-08-11T13:39:04.102461,EBAY,94.91,22.56,0.25,0.26,126.84,126.84,1,1,0,0,1,1,0,0,0,0,0,1,ADX>=thresh;MACD_cross_up;BB_breakout;RSI_overbought;Price>SMA20
2025-08-11T13:39:04.744734,ECL,273.67,54.33,0.38,0.14,74.96,74.96,1,1,0,0,1,1,0,0,0,0,0,1,ADX>=thresh;MACD_cross_up;BB_breakout;RSI_overbought;Price>SMA20
2025-08-11T13:39:06.149567,EIX,55.00,42.16,0.22,0.40,75.22,75.22,1,1,0,0,1,1,0,0,0,0,0,1,ADX>=thresh;MACD_cross_up;BB_breakout;RSI_overbought;Price>SMA20
2025-08-11T13:39:07.180001,EA,174.31,45.01,0.97,0.56,111.45,111.45,1,1,0,0,1,1,0,0,1,0,0,1,ADX>=thresh;MACD_cross_up;BB_breakout;RSI_overbought;ATR>=pct;Price>SMA20
2025-08-11T13:39:07.815599,ELV,297.07,23.77,0.97,0.33,72.80,72.80,1,1,0,0,0,1,0,0,0,0,0,1,ADX>=thresh;MACD_cross_up;RSI_overbought;Price>SMA20
2025-08-11T13:39:09.835007,EMR,133.22,22.69,0.23,0.17,41.68,41.68,1,1,0,0,1,0,0,0,0,0,0,1,ADX>=thresh;MACD_cross_up;BB_breakout;Price>SMA20
2025-08-11T13:39:10.433743,ENPH,33.78,32.34,0.24,0.72,103.66,103.66,1,1,0,0,1,1,0,0,1,0,0,1,ADX>=thresh;MACD_cross_up;BB_breakout;RSI_overbought;ATR>=pct;Price>SMA20
2025-08-11T13:39:11.765503,EOG,117.76,26.41,0.34,0.29,81.98,81.98,1,1,0,0,1,1,0,0,0,0,0,1,ADX>=thresh;MACD_cross_up;BB_breakout;RSI_overbought;Price>SMA20
2025-08-11T13:39:12.384709,EPAM,164.09,27.67,0.85,0.52,79.05,79.05,1,1,0,0,1,1,0,0,1,0,0,1,ADX>=thresh;MACD_cross_up;BB_breakout;RSI_overbought;ATR>=pct;Price>SMA20
2025-08-11T13:39:13.110329,EQT,51.38,49.22,0.10,0.20,54.44,54.44,1,1,0,0,0,1,0,0,0,0,0,1,ADX>=thresh;MACD_cross_up;RSI_overbought;Price>SMA20
2025-08-11T13:39:16.542993,EL,91.58,30.05,0.26,0.28,56.59,56.59,1,1,0,0,1,1,0,0,0,0,0,1,ADX>=thresh;MACD_cross_up;BB_breakout;RSI_overbought;Price>SMA20
2025-08-11T13:39:18.151487,ES,65.56,32.22,0.13,0.20,84.59,84.59,1,1,0,0,1,1,0,0,0,0,0,1,ADX>=thresh;MACD_cross_up;BB_breakout;RSI_overbought;Price>SMA20
2025-08-11T13:39:19.317477,EXE,99.34,40.11,0.21,0.21,60.36,60.36,1,1,0,0,1,1,0,0,0,0,0,1,ADX>=thresh;MACD_cross_up;BB_breakout;RSI_overbought;Price>SMA20
2025-08-11T13:39:19.923275,EXPE,197.38,31.89,0.97,0.49,53.56,53.56,1,1,0,0,1,1,0,0,0,0,0,1,ADX>=thresh;MACD_cross_up;BB_breakout;RSI_overbought;Price>SMA20
2025-08-11T13:39:21.837885,XOM,107.22,39.65,0.18,0.16,59.17,59.17,1,1,0,0,0,1,0,0,0,0,0,1,ADX>=thresh;MACD_cross_up;RSI_overbought;Price>SMA20
2025-08-11T13:39:23.130951,FDS,384.24,59.15,0.66,0.17,58.71,58.71,1,1,0,0,1,1,0,0,0,0,0,1,ADX>=thresh;MACD_cross_up;BB_breakout;RSI_overbought;Price>SMA20
2025-08-11T13:39:25.321098,FDX,230.71,21.79,0.57,0.25,96.77,96.77,1,1,0,0,1,1,0,0,0,0,0,1,ADX>=thresh;MACD_cross_up;BB_breakout;RSI_overbought;Price>SMA20
2025-08-11T13:39:26.007788,FIS,71.69,46.51,0.19,0.27,71.04,71.04,1,1,0,0,1,1,0,0,0,0,0,1,ADX>=thresh;MACD_cross_up;BB_breakout;RSI_overbought;Price>SMA20
2025-08-11T13:39:27.132756,FSLR,186.40,26.75,0.70,0.38,66.45,66.45,1,1,0,0,1,1,0,0,0,0,0,1,ADX>=thresh;MACD_cross_up;BB_breakout;RSI_overbought;Price>SMA20
2025-08-11T13:39:28.432724,FI,134.83,45.33,0.35,0.26,98.91,98.91,1,1,0,0,1,1,0,0,0,0,0,1,ADX>=thresh;MACD_cross_up;BB_breakout;RSI_overbought;Price>SMA20
2025-08-11T13:39:29.017756,F,11.52,30.62,0.03,0.26,93.07,93.07,1,1,0,0,1,1,0,0,0,0,0,1,ADX>=thresh;MACD_cross_up;BB_breakout;RSI_overbought;Price>SMA20
2025-08-11T13:39:29.656412,FTNT,75.78,38.01,0.39,0.52,83.28,83.28,1,1,0,0,1,1,0,0,1,0,0,1,ADX>=thresh;MACD_cross_up;BB_breakout;RSI_overbought;ATR>=pct;Price>SMA20
2025-08-11T13:39:30.651436,FOXA,54.50,55.93,0.13,0.25,71.82,71.82,1,1,0,0,1,1,0,0,0,0,0,1,ADX>=thresh;MACD_cross_up;BB_breakout;RSI_overbought;Price>SMA20
2025-08-11T13:39:31.294316,FOX,49.69,57.09,0.11,0.23,62.50,62.50,1,1,0,0,1,1,0,0,0,0,0,1,ADX>=thresh;MACD_cross_up;BB_breakout;RSI_overbought;Price>SMA20
2025-08-11T13:39:31.891769,BEN,25.15,37.30,0.04,0.15,64.76,64.76,1,1,0,0,1,1,0,0,0,0,0,1,ADX>=thresh;MACD_cross_up;BB_breakout;RSI_overbought;Price>SMA20
2025-08-11T13:39:32.577094,FCX,41.98,51.90,0.10,0.25,84.81,84.81,1,1,0,0,1,0,0,0,0,0,0,1,ADX>=thresh;MACD_cross_up;BB_breakout;Price>SMA20
2025-08-11T13:39:34.483283,IT,230.92,25.52,0.88,0.38,73.98,73.98,1,1,0,0,1,1,0,0,0,0,0,1,ADX>=thresh;MACD_cross_up;BB_breakout;RSI_overbought;Price>SMA20
2025-08-11T13:39:35.604555,GEHC,72.58,29.04,0.15,0.21,68.86,68.86,1,1,0,0,1,1,0,0,0,0,0,1,ADX>=thresh;MACD_cross_up;BB_breakout;RSI_overbought;Price>SMA20
2025-08-11T13:39:37.100388,GEN,30.84,69.24,0.13,0.43,61.74,61.74,1,1,0,0,1,1,0,0,0,0,0,1,ADX>=thresh;MACD_cross_up;BB_breakout;RSI_overbought;Price>SMA20
2025-08-11T13:39:37.761280,GNRC,199.66,36.00,0.51,0.25,111.40,111.40,1,1,0,0,1,1,0,0,0,0,0,1,ADX>=thresh;MACD_cross_up;BB_breakout;RSI_overbought;Price>SMA20
2025-08-11T13:39:39.592718,GM,54.70,31.89,0.15,0.27,106.65,106.65,1,1,0,0,1,1,0,0,0,0,0,1,ADX>=thresh;MACD_cross_up;BB_breakout;RSI_overbought;Price>SMA20
2025-08-11T13:39:41.297522,GPN,82.31,48.02,0.26,0.32,64.88,64.88,1,1,0,0,1,1,0,0,0,0,0,1,ADX>=thresh;MACD_cross_up;BB_breakout;RSI_overbought;Price>SMA20
2025-08-11T13:39:44.821020,HCA,384.01,22.25,0.90,0.23,111.09,111.09,1,1,0,0,1,1,0,0,0,0,0,1,ADX>=thresh;MACD_cross_up;BB_breakout;RSI_overbought;Price>SMA20
2025-08-11T13:39:45.485712,DOC,17.05,20.64,0.03,0.17,45.99,45.99,1,1,0,0,1,1,0,0,0,0,0,1,ADX>=thresh;MACD_cross_up;BB_breakout;RSI_overbought;Price>SMA20
2025-08-11T13:39:46.161449,HSIC,66.16,24.17,0.17,0.26,49.12,49.12,1,1,0,0,1,1,0,0,0,0,0,1,ADX>=thresh;MACD_cross_up;BB_breakout;RSI_overbought;Price>SMA20
2025-08-11T13:39:47.569244,HPE,21.00,30.48,0.06,0.26,95.89,95.89,1,1,0,0,1,1,0,0,0,0,0,1,ADX>=thresh;MACD_cross_up;BB_breakout;RSI_overbought;Price>SMA20
2025-08-11T13:39:48.603673,HOLX,68.42,53.67,0.14,0.21,75.02,75.02,1,1,0,0,1,1,0,0,0,0,0,1,ADX>=thresh;MACD_cross_up;BB_breakout;RSI_overbought;Price>SMA20
2025-08-11T13:39:49.233552,HD,390.28,21.46,0.63,0.16,69.97,69.97,1,1,0,0,1,1,0,0,0,0,0,1,ADX>=thresh;MACD_cross_up;BB_breakout;RSI_overbought;Price>SMA20
2025-08-11T13:39:51.809810,HPQ,26.29,39.25,0.07,0.27,75.74,75.74,1,1,0,0,1,1,0,0,0,0,0,1,ADX>=thresh;MACD_cross_up;BB_breakout;RSI_overbought;Price>SMA20
2025-08-11T13:39:52.910349,HUM,269.86,61.91,1.05,0.39,40.31,40.31,1,1,0,0,1,1,0,0,0,0,0,1,ADX>=thresh;MACD_cross_up;BB_breakout;RSI_overbought;Price>SMA20
2025-08-11T13:39:54.208837,HII,268.52,34.11,0.85,0.32,82.50,82.50,1,1,0,0,1,1,0,0,0,0,0,1,ADX>=thresh;MACD_cross_up;BB_breakout;RSI_overbought;Price>SMA20
2025-08-11T13:39:55.490169,IEX,159.31,31.97,0.28,0.18,74.74,74.74,1,1,0,0,1,1,0,0,0,0,0,1,ADX>=thresh;MACD_cross_up;BB_breakout;RSI_overbought;Price>SMA20
2025-08-11T13:39:56.076622,IDXX,662.52,47.12,1.47,0.22,71.23,71.23,1,1,0,0,1,1,0,0,0,0,0,1,ADX>=thresh;MACD_cross_up;BB_breakout;RSI_overbought;Price>SMA20
2025-08-11T13:39:59.000404,INTC,20.93,48.33,0.13,0.62,123.77,123.77,1,1,0,0,1,1,0,0,1,0,0,1,ADX>=thresh;MACD_cross_up;BB_breakout;RSI_overbought;ATR>=pct;Price>SMA20
2025-08-11T13:40:01.037715,IPG,25.33,35.55,0.07,0.28,73.88,73.88,1,1,0,0,1,1,0,0,0,0,0,1,ADX>=thresh;MACD_cross_up;BB_breakout;RSI_overbought;Price>SMA20
2025-08-11T13:40:03.640514,IQV,181.57,55.06,0.40,0.22,80.50,80.50,1,1,0,0,1,1,0,0,0,0,0,1,ADX>=thresh;MACD_cross_up;BB_breakout;RSI_overbought;Price>SMA20
2025-08-11T13:40:05.433003,JBL,226.20,31.32,0.62,0.27,72.39,72.39,1,1,0,0,1,1,0,0,0,0,0,1,ADX>=thresh;MACD_cross_up;BB_breakout;RSI_overbought;Price>SMA20
2025-08-11T13:40:06.737633,J,148.98,31.41,0.25,0.17,66.23,66.23,1,1,0,0,1,1,0,0,0,0,0,1,ADX>=thresh;MACD_cross_up;BB_breakout;RSI_overbought;Price>SMA20
2025-08-11T13:40:07.951493,JCI,105.59,28.59,0.16,0.15,82.73,82.73,1,1,0,0,1,1,0,0,0,0,0,1,ADX>=thresh;MACD_cross_up;BB_breakout;RSI_overbought;Price>SMA20
2025-08-11T13:40:08.663259,JPM,290.17,51.36,0.43,0.15,70.22,70.22,1,1,0,0,1,1,0,0,0,0,0,1,ADX>=thresh;MACD_cross_up;BB_breakout;RSI_overbought;Price>SMA20
2025-08-11T13:40:14.484925,KLAC,928.50,33.17,2.55,0.27,106.01,106.01,1,1,0,0,1,1,0,1,0,0,0,1,ADX>=thresh;MACD_cross_up;BB_breakout;RSI_overbought;ATR>=abs;Price>SMA20
2025-08-11T13:40:16.958108,LH,267.88,24.20,0.48,0.18,60.31,60.31,1,1,0,0,0,1,0,0,0,0,0,1,ADX>=thresh;MACD_cross_up;RSI_overbought;Price>SMA20
2025-08-11T13:40:17.562612,LRCX,103.58,31.33,0.34,0.33,108.65,108.65,1,1,0,0,1,1,0,0,0,0,0,1,ADX>=thresh;MACD_cross_up;BB_breakout;RSI_overbought;Price>SMA20
2025-08-11T13:40:18.170584,LW,52.15,44.12,0.16,0.30,61.59,61.59,1,1,0,0,1,1,0,0,0,0,0,1,ADX>=thresh;MACD_cross_up;BB_breakout;RSI_overbought;Price>SMA20
2025-08-11T13:40:19.755522,LDOS,177.69,22.03,0.40,0.23,83.07,83.07,1,1,0,0,1,1,0,0,0,0,0,1,ADX>=thresh;MACD_cross_up;BB_breakout;RSI_overbought;Price>SMA20
2025-08-11T13:40:20.489042,LEN,122.62,30.08,0.34,0.28,95.41,95.41,1,1,0,0,1,1,0,0,0,0,0,1,ADX>=thresh;MACD_cross_up;BB_breakout;RSI_overbought;Price>SMA20
2025-08-11T13:40:21.689674,LLY,638.18,28.73,2.72,0.43,69.63,69.63,1,1,0,0,1,1,0,1,0,0,0,1,ADX>=thresh;MACD_cross_up;BB_breakout;RSI_overbought;ATR>=abs;Price>SMA20
2025-08-11T13:40:22.841286,LYV,154.37,33.01,0.53,0.34,30.84,30.84,1,1,0,0,1,0,0,0,0,0,0,1,ADX>=thresh;MACD_cross_up;BB_breakout;Price>SMA20
2025-08-11T13:40:25.364220,LOW,242.90,20.67,0.45,0.18,73.10,73.10,1,1,0,0,1,1,0,0,0,0,0,1,ADX>=thresh;MACD_cross_up;BB_breakout;RSI_overbought;Price>SMA20
2025-08-11T13:40:26.300957,LULU,191.81,43.66,0.56,0.29,61.31,61.31,1,1,0,0,1,1,0,0,0,0,0,1,ADX>=thresh;MACD_cross_up;BB_breakout;RSI_overbought;Price>SMA20
2025-08-11T13:40:31.326119,MAS,69.72,40.37,0.13,0.19,80.54,80.54,1,1,0,0,0,1,0,0,0,0,0,1,ADX>=thresh;MACD_cross_up;RSI_overbought;Price>SMA20
2025-08-11T13:40:32.137752,MA,576.27,28.54,0.80,0.14,55.40,55.40,1,1,0,0,0,1,0,0,0,0,0,1,ADX>=thresh;MACD_cross_up;RSI_overbought;Price>SMA20
2025-08-11T13:40:34.437410,MCK,672.08,21.87,1.83,0.27,57.10,57.10,1,1,0,0,0,1,0,0,0,0,0,1,ADX>=thresh;MACD_cross_up;RSI_overbought;Price>SMA20
2025-08-11T13:40:36.392804,META,771.24,23.85,1.21,0.16,68.97,68.97,1,1,0,0,1,1,0,0,0,0,0,1,ADX>=thresh;MACD_cross_up;BB_breakout;RSI_overbought;Price>SMA20
2025-08-11T13:40:38.068152,MTD,1264.80,20.19,2.62,0.21,53.39,53.39,1,1,0,0,1,1,0,1,0,0,0,1,ADX>=thresh;MACD_cross_up;BB_breakout;RSI_overbought;ATR>=abs;Price>SMA20
2025-08-11T13:40:39.192141,MCHP,62.59,33.11,0.30,0.48,39.75,39.75,1,1,0,0,1,0,0,0,0,0,0,1,ADX>=thresh;MACD_cross_up;BB_breakout;Price>SMA20
2025-08-11T13:40:39.815411,MU,123.89,39.67,0.99,0.80,137.88,137.88,1,1,0,0,0,1,0,0,1,0,0,1,ADX>=thresh;MACD_cross_up;RSI_overbought;ATR>=pct;Price>SMA20
2025-08-11T13:40:41.519166,MRNA,26.38,29.30,0.10,0.38,62.23,62.23,1,1,0,0,0,1,0,0,0,0,0,1,ADX>=thresh;MACD_cross_up;RSI_overbought;Price>SMA20
2025-08-11T13:40:44.216198,MPWR,808.04,28.40,2.94,0.36,80.98,80.98,1,1,0,0,0,0,0,1,0,0,0,1,ADX>=thresh;MACD_cross_up;ATR>=abs;Price>SMA20
2025-08-11T13:40:45.338787,MCO,517.73,39.88,0.60,0.12,95.83,95.83,1,1,0,0,1,1,0,0,0,0,0,1,ADX>=thresh;MACD_cross_up;BB_breakout;RSI_overbought;Price>SMA20
2025-08-11T13:40:48.169528,NDAQ,97.30,35.39,0.12,0.12,46.15,46.15,1,1,0,0,1,1,0,0,0,0,0,1,ADX>=thresh;MACD_cross_up;BB_breakout;RSI_overbought;Price>SMA20
2025-08-11T13:40:48.815067,NTAP,106.70,25.95,0.25,0.23,87.92,87.92,1,1,0,0,0,1,0,0,0,0,0,1,ADX>=thresh;MACD_cross_up;RSI_overbought;Price>SMA20
2025-08-11T13:40:50.247218,NWSA,28.77,71.83,0.06,0.20,49.81,49.81,1,1,0,0,0,1,0,0,0,0,0,1,ADX>=thresh;MACD_cross_up;RSI_overbought;Price>SMA20
2025-08-11T13:40:50.809099,NWS,33.38,66.44,0.08,0.24,67.93,67.93,1,1,0,0,0,1,0,0,0,0,0,1,ADX>=thresh;MACD_cross_up;RSI_overbought;Price>SMA20
2025-08-11T13:40:52.621810,NI,42.33,44.85,0.08,0.19,61.23,61.23,1,1,0,0,0,1,0,0,0,0,0,1,ADX>=thresh;MACD_cross_up;RSI_overbought;Price>SMA20
2025-08-11T13:40:58.909932,NXPI,210.17,27.90,0.64,0.31,91.86,91.86,1,1,0,0,1,1,0,0,0,0,0,1,ADX>=thresh;MACD_cross_up;BB_breakout;RSI_overbought;Price>SMA20
2025-08-11T13:41:00.465383,ODFL,145.55,45.87,0.34,0.23,37.06,37.06,1,1,0,0,0,1,0,0,0,0,0,1,ADX>=thresh;MACD_cross_up;RSI_overbought;Price>SMA20
2025-08-11T13:41:01.087986,OMC,73.77,34.18,0.26,0.36,105.06,105.06,1,1,0,0,1,0,0,0,0,0,0,1,ADX>=thresh;MACD_cross_up;BB_breakout;Price>SMA20
2025-08-11T13:41:01.794777,ON,48.80,23.98,0.20,0.42,95.25,95.25,1,1,0,0,1,1,0,0,0,0,0,1,ADX>=thresh;MACD_cross_up;BB_breakout;RSI_overbought;Price>SMA20
2025-08-11T13:41:04.612291,PKG,197.50,24.21,0.41,0.21,82.74,82.74,1,1,0,0,1,0,0,0,0,0,0,1,ADX>=thresh;MACD_cross_up;BB_breakout;Price>SMA20
2025-08-11T13:41:05.694858,PANW,169.71,47.01,0.54,0.32,74.09,74.09,1,1,0,0,1,1,0,0,0,0,0,1,ADX>=thresh;MACD_cross_up;BB_breakout;RSI_overbought;Price>SMA20
2025-08-11T13:41:06.303741,PARA,0.00,23.11,0.04,inf,16.08,16.08,1,1,0,0,0,1,0,0,1,0,0,0,ADX>=thresh;MACD_cross_up;RSI_overbought;ATR>=pct
2025-08-11T13:41:08.496588,PYPL,68.28,24.22,0.16,0.23,104.65,104.65,1,1,0,0,0,1,0,0,0,0,0,1,ADX>=thresh;MACD_cross_up;RSI_overbought;Price>SMA20
2025-08-11T13:41:10.604714,PFE,24.86,46.11,0.06,0.24,77.48,77.48,1,1,0,0,0,1,0,0,0,0,0,1,ADX>=thresh;MACD_cross_up;RSI_overbought;Price>SMA20
2025-08-11T13:41:11.297481,PCG,15.14,27.93,0.05,0.32,99.05,99.05,1,1,0,0,0,1,0,0,0,0,0,1,ADX>=thresh;MACD_cross_up;RSI_overbought;Price>SMA20
2025-08-11T13:41:19.450673,PRU,104.28,21.34,0.21,0.20,66.52,66.52,1,1,0,0,1,1,0,0,0,0,0,1,ADX>=thresh;MACD_cross_up;BB_breakout;RSI_overbought;Price>SMA20
2025-08-11T13:41:20.615151,PTC,207.12,54.29,0.42,0.20,80.71,80.71,1,1,0,0,1,1,0,0,0,0,0,1,ADX>=thresh;MACD_cross_up;BB_breakout;RSI_overbought;Price>SMA20
2025-08-11T13:41:22.841823,QCOM,150.57,32.94,0.41,0.27,122.72,122.72,1,1,0,0,0,1,0,0,0,0,0,1,ADX>=thresh;MACD_cross_up;RSI_overbought;Price>SMA20
2025-08-11T13:41:23.478179,DGX,178.12,24.54,0.34,0.19,73.66,73.66,1,1,0,0,0,1,0,0,0,0,0,1,ADX>=thresh;MACD_cross_up;RSI_overbought;Price>SMA20
2025-08-11T13:41:27.799981,RF,25.03,20.38,0.05,0.18,63.56,63.56,1,1,0,0,0,1,0,0,0,0,0,1,ADX>=thresh;MACD_cross_up;RSI_overbought;Price>SMA20
2025-08-11T13:41:29.492494,RVTY,88.08,33.53,0.23,0.26,99.35,99.35,1,1,0,0,0,1,0,0,0,0,0,1,ADX>=thresh;MACD_cross_up;RSI_overbought;Price>SMA20
2025-08-11T13:41:31.602869,ROST,146.11,28.34,0.31,0.21,79.15,79.15,1,1,0,0,0,1,0,0,0,0,0,1,ADX>=thresh;MACD_cross_up;RSI_overbought;Price>SMA20
2025-08-11T13:41:32.882289,SPGI,558.26,50.00,0.77,0.14,98.55,98.55,1,1,0,0,1,0,0,0,0,0,0,1,ADX>=thresh;MACD_cross_up;BB_breakout;Price>SMA20
2025-08-11T13:41:35.723410,STX,153.24,36.86,0.43,0.28,105.20,105.20,1,1,0,0,1,1,0,0,0,0,0,1,ADX>=thresh;MACD_cross_up;BB_breakout;RSI_overbought;Price>SMA20
2025-08-11T13:41:37.032052,NOW,878.54,24.22,3.00,0.34,80.56,80.56,1,1,0,0,1,1,0,1,0,0,0,1,ADX>=thresh;MACD_cross_up;BB_breakout;RSI_overbought;ATR>=abs;Price>SMA20
2025-08-11T13:41:40.597928,SNA,322.59,23.39,0.37,0.11,45.47,45.47,1,1,0,0,1,1,0,0,0,0,0,1,ADX>=thresh;MACD_cross_up;BB_breakout;RSI_overbought;Price>SMA20
2025-08-11T13:41:42.461211,LUV,29.83,48.44,0.08,0.28,73.97,73.97,1,1,0,0,1,0,0,0,0,0,0,1,ADX>=thresh;MACD_cross_up;BB_breakout;Price>SMA20
2025-08-11T13:41:43.132211,SWK,69.92,27.05,0.17,0.25,77.33,77.33,1,1,0,0,0,1,0,0,0,0,0,1,ADX>=thresh;MACD_cross_up;RSI_overbought;Price>SMA20
2025-08-11T13:41:46.133158,SMCI,45.41,20.67,0.23,0.50,52.26,52.26,1,1,0,0,1,1,0,0,0,0,0,1,ADX>=thresh;MACD_cross_up;BB_breakout;RSI_overbought;Price>SMA20
2025-08-11T13:41:46.879066,SYF,69.72,34.88,0.11,0.16,51.56,51.56,1,1,0,0,0,1,0,0,0,0,0,1,ADX>=thresh;MACD_cross_up;RSI_overbought;Price>SMA20
2025-08-11T13:41:49.915569,TTWO,224.26,35.89,1.34,0.60,63.63,63.63,1,1,0,0,1,1,0,0,1,0,0,1,ADX>=thresh;MACD_cross_up;BB_breakout;RSI_overbought;ATR>=pct;Price>SMA20
2025-08-11T13:41:50.516757,TPR,109.45,39.01,0.36,0.33,100.43,100.43,1,1,0,0,1,1,0,0,0,0,0,1,ADX>=thresh;MACD_cross_up;BB_breakout;RSI_overbought;Price>SMA20
2025-08-11T13:41:51.214936,TRGP,167.81,26.54,0.79,0.47,103.95,103.95,1,1,0,0,1,1,0,0,0,0,0,1,ADX>=thresh;MACD_cross_up;BB_breakout;RSI_overbought;Price>SMA20
2025-08-11T13:41:53.291132,TER,108.40,36.16,0.35,0.33,59.76,59.76,1,1,0,0,0,1,0,0,0,0,0,1,ADX>=thresh;MACD_cross_up;RSI_overbought;Price>SMA20
2025-08-11T13:41:53.912233,TSLA,338.77,33.96,1.87,0.55,106.16,106.16,1,1,0,0,0,1,0,0,1,0,0,1,ADX>=thresh;MACD_cross_up;RSI_overbought;ATR>=pct;Price>SMA20
2025-08-11T13:41:55.534625,TXT,77.51,26.39,0.12,0.16,79.25,79.25,1,1,0,0,1,1,0,0,0,0,0,1,ADX>=thresh;MACD_cross_up;BB_breakout;RSI_overbought;Price>SMA20
2025-08-11T13:41:56.199907,TMO,467.16,48.24,1.10,0.24,83.34,83.34,1,1,0,0,1,1,0,0,0,0,0,1,ADX>=thresh;MACD_cross_up;BB_breakout;RSI_overbought;Price>SMA20
2025-08-11T13:41:57.355490,TKO,169.58,21.33,1.46,0.86,146.16,146.16,1,1,0,0,1,1,0,0,1,1,0,1,ADX>=thresh;MACD_cross_up;BB_breakout;RSI_overbought;ATR>=pct;Range>=pct;Price>SMA20
2025-08-11T13:41:59.231200,TDG,1401.41,21.26,5.46,0.39,54.34,54.34,1,1,0,0,0,0,0,1,0,0,0,1,ADX>=thresh;MACD_cross_up;ATR>=abs;Price>SMA20
2025-08-11T13:42:01.069406,TFC,43.30,31.87,0.08,0.19,89.97,89.97,1,1,0,0,0,1,0,0,0,0,0,1,ADX>=thresh;MACD_cross_up;RSI_overbought;Price>SMA20
2025-08-11T13:42:01.784224,TYL,596.58,48.03,0.89,0.15,65.12,65.12,1,1,0,0,0,1,0,0,0,0,0,1,ADX>=thresh;MACD_cross_up;RSI_overbought;Price>SMA20
2025-08-11T13:42:03.080675,USB,45.00,23.38,0.07,0.16,64.21,64.21,1,1,0,0,0,1,0,0,0,0,0,1,ADX>=thresh;MACD_cross_up;RSI_overbought;Price>SMA20
2025-08-11T13:42:06.105193,UAL,90.74,33.37,0.31,0.34,46.76,46.76,1,1,0,0,1,1,0,0,0,0,0,1,ADX>=thresh;MACD_cross_up;BB_breakout;RSI_overbought;Price>SMA20
2025-08-11T13:42:06.820955,UPS,87.74,26.74,0.31,0.36,114.71,114.71,1,1,0,0,0,1,0,0,0,0,0,1,ADX>=thresh;MACD_cross_up;RSI_overbought;Price>SMA20
2025-08-11T13:42:08.429210,UHS,173.63,37.25,0.43,0.25,73.73,73.73,1,1,0,0,0,1,0,0,0,0,0,1,ADX>=thresh;MACD_cross_up;RSI_overbought;Price>SMA20
2025-08-11T13:42:10.514493,VRSN,273.26,24.70,0.44,0.16,68.81,68.81,1,1,0,0,1,1,0,0,0,0,0,1,ADX>=thresh;MACD_cross_up;BB_breakout;RSI_overbought;Price>SMA20
2025-08-11T13:42:11.172390,VRSK,266.48,35.08,0.42,0.16,94.41,94.41,1,1,0,0,1,1,0,0,0,0,0,1,ADX>=thresh;MACD_cross_up;BB_breakout;RSI_overbought;Price>SMA20
2025-08-11T13:42:12.622611,VRTX,371.67,30.77,1.59,0.43,95.61,95.61,1,1,0,0,0,1,0,0,0,0,0,1,ADX>=thresh;MACD_cross_up;RSI_overbought;Price>SMA20
2025-08-11T13:42:13.330039,VTRS,9.99,44.58,0.06,0.63,66.92,66.92,1,1,0,0,0,1,0,0,1,0,0,1,ADX>=thresh;MACD_cross_up;RSI_overbought;ATR>=pct;Price>SMA20
2025-08-11T13:42:14.967860,VST,205.33,45.70,1.02,0.49,74.23,74.23,1,1,0,0,1,1,0,0,0,0,0,1,ADX>=thresh;MACD_cross_up;BB_breakout;RSI_overbought;Price>SMA20
2025-08-11T13:42:17.092825,WAB,192.80,39.44,0.33,0.17,80.66,80.66,1,1,0,0,0,1,0,0,0,0,0,1,ADX>=thresh;MACD_cross_up;RSI_overbought;Price>SMA20
2025-08-11T13:42:17.994857,WBA,11.96,49.21,0.01,0.12,44.75,44.75,1,1,0,0,0,1,0,0,0,0,0,1,ADX>=thresh;MACD_cross_up;RSI_overbought;Price>SMA20
2025-08-11T13:42:19.289217,DIS,112.83,58.79,0.21,0.19,75.18,75.18,1,1,0,0,0,1,0,0,0,0,0,1,ADX>=thresh;MACD_cross_up;RSI_overbought;Price>SMA20
2025-08-11T13:42:21.211376,WAT,282.50,35.89,0.54,0.19,72.36,72.36,1,1,0,0,1,0,0,0,0,0,0,1,ADX>=thresh;MACD_cross_up;BB_breakout;Price>SMA20
2025-08-11T13:42:23.591697,WST,243.38,33.39,0.79,0.32,99.52,99.52,1,1,0,0,0,1,0,0,0,0,0,1,ADX>=thresh;MACD_cross_up;RSI_overbought;Price>SMA20
2025-08-11T13:42:24.247773,WDC,76.24,29.64,0.24,0.32,91.59,91.59,1,1,0,0,0,1,0,0,0,0,0,1,ADX>=thresh;MACD_cross_up;RSI_overbought;Price>SMA20
2025-08-11T13:42:26.383125,WMB,58.33,33.75,0.13,0.22,86.91,86.91,1,1,0,0,1,1,0,0,0,0,0,1,ADX>=thresh;MACD_cross_up;BB_breakout;RSI_overbought;Price>SMA20
2025-08-11T13:42:28.283789,WYNN,107.19,31.91,0.44,0.41,34.24,34.24,1,1,0,0,0,1,0,0,0,0,0,1,ADX>=thresh;MACD_cross_up;RSI_overbought;Price>SMA20
2025-08-11T13:42:37.335207,MMM,154.27,39.98,0.28,0.18,53.46,53.46,1,1,0,0,0,1,0,0,0,0,0,1,ADX>=thresh;MACD_cross_up;RSI_overbought;Price>SMA20
2025-08-11T13:42:38.811551,ABBV,199.31,24.93,0.36,0.18,55.73,55.73,1,1,0,0,1,1,0,0,0,0,0,1,ADX>=thresh;MACD_cross_up;BB_breakout;RSI_overbought;Price>SMA20
2025-08-11T13:42:41.408169,AFL,104.08,29.96,0.13,0.13,65.60,65.60,1,1,0,0,0,1,0,0,0,0,0,1,ADX>=thresh;MACD_cross_up;RSI_overbought;Price>SMA20
2025-08-11T13:42:41.989331,A,115.46,37.30,0.26,0.23,85.02,85.02,1,1,0,0,1,0,0,0,0,0,0,1,ADX>=thresh;MACD_cross_up;BB_breakout;Price>SMA20
2025-08-11T13:42:43.700008,AKAM,72.20,26.69,0.44,0.61,38.12,38.12,1,1,0,0,1,1,0,0,1,0,0,1,ADX>=thresh;MACD_cross_up;BB_breakout;RSI_overbought;ATR>=pct;Price>SMA20
2025-08-11T13:42:44.343247,ALB,82.53,41.77,1.67,2.02,153.84,153.84,1,1,0,0,0,1,0,0,1,1,0,1,ADX>=thresh;MACD_cross_up;RSI_overbought;ATR>=pct;Range>=pct;Price>SMA20
2025-08-11T13:42:45.528311,ALGN,141.15,38.29,0.55,0.39,89.27,89.27,1,1,0,0,0,1,0,0,0,0,0,1,ADX>=thresh;MACD_cross_up;RSI_overbought;Price>SMA20
2025-08-11T13:42:48.792403,MO,64.89,21.20,0.17,0.26,126.69,126.69,1,1,0,0,0,1,0,0,0,0,0,1,ADX>=thresh;MACD_cross_up;RSI_overbought;Price>SMA20
2025-08-11T13:42:51.843284,AIG,78.75,32.59,0.16,0.20,70.50,70.50,1,1,0,0,0,1,0,0,0,0,0,1,ADX>=thresh;MACD_cross_up;RSI_overbought;Price>SMA20
2025-08-11T13:42:54.613120,AMGN,290.93,29.21,0.61,0.21,76.90,76.90,1,1,0,0,0,1,0,0,0,0,0,1,ADX>=thresh;MACD_cross_up;RSI_overbought;Price>SMA20
2025-08-11T13:42:57.349707,ADI,226.43,27.74,0.52,0.23,90.74,90.74,1,1,0,0,0,1,0,0,0,0,0,1,ADX>=thresh;MACD_cross_up;RSI_overbought;Price>SMA20
2025-08-11T13:42:59.084225,APA,20.20,23.24,0.12,0.60,87.23,87.23,1,1,0,0,0,0,0,0,1,0,0,1,ADX>=thresh;MACD_cross_up;ATR>=pct;Price>SMA20
2025-08-11T13:43:00.156635,APO,143.27,57.63,0.36,0.25,66.09,66.09,1,1,0,0,1,1,0,0,0,0,0,1,ADX>=thresh;MACD_cross_up;BB_breakout;RSI_overbought;Price>SMA20
2025-08-11T13:43:01.237215,AMAT,188.86,25.25,0.53,0.28,123.99,123.99,1,1,0,0,1,1,0,0,0,0,0,1,ADX>=thresh;MACD_cross_up;BB_breakout;RSI_overbought;Price>SMA20
2025-08-11T13:43:01.898212,APTV,67.83,30.74,0.27,0.40,121.24,121.24,1,1,0,0,0,1,0,0,0,0,0,1,ADX>=thresh;MACD_cross_up;RSI_overbought;Price>SMA20
2025-08-11T13:43:10.376204,ACGL,89.26,29.02,0.12,0.13,51.84,51.84,1,1,0,0,1,1,0,0,0,0,0,1,ADX>=thresh;MACD_cross_up;BB_breakout;RSI_overbought;Price>SMA20
2025-08-11T13:43:10.923315,ADM,58.34,22.86,0.18,0.31,96.25,96.25,1,1,0,0,1,1,0,0,0,0,0,1,ADX>=thresh;MACD_cross_up;BB_breakout;RSI_overbought;Price>SMA20
2025-08-11T13:43:11.643339,ANET,140.60,50.08,0.47,0.33,92.24,92.24,1,1,0,0,1,1,0,0,0,0,0,1,ADX>=thresh;MACD_cross_up;BB_breakout;RSI_overbought;Price>SMA20
2025-08-11T13:43:12.753954,AIZ,204.64,34.21,0.45,0.22,76.45,76.45,1,1,0,0,1,0,0,0,0,0,0,1,ADX>=thresh;MACD_cross_up;BB_breakout;Price>SMA20
2025-08-11T13:43:15.927020,ADP,306.75,22.32,0.42,0.14,95.46,95.46,1,1,0,0,0,1,0,0,0,0,0,1,ADX>=thresh;MACD_cross_up;RSI_overbought;Price>SMA20
2025-08-11T13:43:22.486249,BAC,46.16,56.26,0.09,0.19,65.95,65.95,1,1,0,0,1,1,0,0,0,0,0,1,ADX>=thresh;MACD_cross_up;BB_breakout;RSI_overbought;Price>SMA20
2025-08-11T13:43:24.118569,BRK-B,0.00,21.09,0.82,inf,97.99,97.99,1,1,0,0,0,1,0,0,1,0,0,0,ADX>=thresh;MACD_cross_up;RSI_overbought;ATR>=pct
2025-08-11T13:43:25.359066,TECH,50.66,62.66,0.28,0.56,95.86,95.86,1,1,0,0,0,0,0,0,1,0,0,1,ADX>=thresh;MACD_cross_up;ATR>=pct;Price>SMA20
2025-08-11T13:43:27.275242,BX,170.26,52.90,0.45,0.26,87.97,87.97,1,1,0,0,0,1,0,0,0,0,0,1,ADX>=thresh;MACD_cross_up;RSI_overbought;Price>SMA20
2025-08-11T13:43:30.625497,AVGO,306.45,41.78,0.98,0.32,99.26,99.26,1,1,0,0,1,1,0,0,0,0,0,1,ADX>=thresh;MACD_cross_up;BB_breakout;RSI_overbought;Price>SMA20
2025-08-11T13:43:31.582157,BRO,94.22,31.40,0.19,0.20,72.70,72.70,1,1,0,0,0,1,0,0,0,0,0,1,ADX>=thresh;MACD_cross_up;RSI_overbought;Price>SMA20
2025-08-11T13:43:32.258923,BF-B,0.00,22.68,0.11,inf,102.71,102.71,1,1,0,0,0,1,0,0,1,0,0,0,ADX>=thresh;MACD_cross_up;RSI_overbought;ATR>=pct
2025-08-11T13:43:39.404218,CAH,157.66,22.38,0.35,0.22,100.00,100.00,1,1,0,0,1,1,0,0,0,0,0,1,ADX>=thresh;MACD_cross_up;BB_breakout;RSI_overbought;Price>SMA20
2025-08-11T13:43:39.989657,KMX,55.65,23.88,0.24,0.43,105.97,105.97,1,1,0,0,0,1,0,0,0,0,0,1,ADX>=thresh;MACD_cross_up;RSI_overbought;Price>SMA20
2025-08-11T13:43:42.152295,CBOE,253.43,28.08,0.45,0.18,45.40,45.40,1,1,0,0,1,1,0,0,0,0,0,1,ADX>=thresh;MACD_cross_up;BB_breakout;RSI_overbought;Price>SMA20
2025-08-11T13:43:43.116510,CDW,164.40,24.84,0.40,0.24,60.79,60.79,1,1,0,0,0,1,0,0,0,0,0,1,ADX>=thresh;MACD_cross_up;RSI_overbought;Price>SMA20
2025-08-11T13:43:43.720754,COR,288.48,48.67,0.66,0.23,94.81,94.81,1,1,0,0,1,1,0,0,0,0,0,1,ADX>=thresh;MACD_cross_up;BB_breakout;RSI_overbought;Price>SMA20
2025-08-11T13:43:44.408874,CNC,25.88,45.43,0.13,0.51,96.37,96.37,1,1,0,0,0,0,0,0,1,0,0,1,ADX>=thresh;MACD_cross_up;ATR>=pct;Price>SMA20
2025-08-11T13:43:49.883604,CI,278.52,28.02,0.89,0.32,112.82,112.82,1,1,0,0,0,1,0,0,0,0,0,1,ADX>=thresh;MACD_cross_up;RSI_overbought;Price>SMA20
2025-08-11T13:43:50.469363,CINF,150.68,42.37,0.27,0.18,89.24,89.24,1,1,0,0,0,1,0,0,0,0,0,1,ADX>=thresh;MACD_cross_up;RSI_overbought;Price>SMA20
2025-08-11T13:43:51.886486,C,93.11,23.88,0.20,0.22,63.98,63.98,1,1,0,0,1,1,0,0,0,0,0,1,ADX>=thresh;MACD_cross_up;BB_breakout;RSI_overbought;Price>SMA20
2025-08-11T13:43:53.496237,CME,283.20,36.68,0.47,0.17,66.63,66.63,1,1,0,0,1,1,0,0,0,0,0,1,ADX>=thresh;MACD_cross_up;BB_breakout;RSI_overbought;Price>SMA20
2025-08-11T13:43:55.514681,COIN,326.04,46.97,2.28,0.70,90.85,90.85,1,1,0,0,1,1,0,1,1,0,0,1,ADX>=thresh;MACD_cross_up;BB_breakout;RSI_overbought;ATR>=abs;ATR>=pct;Price>SMA20
2025-08-11T13:43:58.035109,COP,94.84,25.73,0.41,0.43,90.27,90.27,1,1,0,0,0,1,0,0,0,0,0,1,ADX>=thresh;MACD_cross_up;RSI_overbought;Price>SMA20
2025-08-11T13:44:04.230775,CRWD,427.51,24.86,1.64,0.38,85.28,85.28,1,1,0,0,0,1,0,0,0,0,0,1,ADX>=thresh;MACD_cross_up;RSI_overbought;Price>SMA20
2025-08-11T13:44:07.364630,CVS,66.00,24.88,0.20,0.30,88.10,88.10,1,1,0,0,0,1,0,0,0,0,0,1,ADX>=thresh;MACD_cross_up;RSI_overbought;Price>SMA20
2025-08-11T13:44:11.071876,DELL,138.56,27.54,0.47,0.34,80.02,80.02,1,1,0,0,1,1,0,0,0,0,0,1,ADX>=thresh;MACD_cross_up;BB_breakout;RSI_overbought;Price>SMA20
2025-08-11T13:44:11.747093,DAL,54.22,39.85,0.19,0.36,95.33,95.33,1,1,0,0,1,1,0,0,0,0,0,1,ADX>=thresh;MACD_cross_up;BB_breakout;RSI_overbought;Price>SMA20
2025-08-11T13:44:27.743604,EIX,54.69,42.50,0.29,0.54,103.72,103.72,1,1,0,0,0,1,0,0,1,1,0,1,ADX>=thresh;MACD_cross_up;RSI_overbought;ATR>=pct;Range>=pct;Price>SMA20
2025-08-11T13:44:28.866724,EA,173.85,44.22,1.05,0.61,116.69,116.69,1,1,0,0,0,1,0,0,1,0,0,1,ADX>=thresh;MACD_cross_up;RSI_overbought;ATR>=pct;Price>SMA20
2025-08-11T13:44:29.540475,ELV,297.39,23.40,1.19,0.40,91.25,91.25,1,1,0,0,0,1,0,0,0,0,0,1,ADX>=thresh;MACD_cross_up;RSI_overbought;Price>SMA20
2025-08-11T13:44:30.914772,ENPH,33.57,35.19,0.26,0.77,106.58,106.58,1,1,0,0,0,1,0,0,1,0,0,1,ADX>=thresh;MACD_cross_up;RSI_overbought;ATR>=pct;Price>SMA20
2025-08-11T13:44:32.102565,EOG,117.26,26.40,0.42,0.36,94.62,94.62,1,1,0,0,0,1,0,0,0,0,0,1,ADX>=thresh;MACD_cross_up;RSI_overbought;Price>SMA20
2025-08-11T13:44:32.817068,EPAM,162.24,27.59,1.31,0.81,114.38,114.38,1,1,0,0,0,1,0,0,1,1,0,1,ADX>=thresh;MACD_cross_up;RSI_overbought;ATR>=pct;Range>=pct;Price>SMA20
2025-08-11T13:44:33.485382,EQT,51.59,48.17,0.12,0.23,69.41,69.41,1,1,0,0,1,1,0,0,0,0,0,1,ADX>=thresh;MACD_cross_up;BB_breakout;RSI_overbought;Price>SMA20
2025-08-11T13:44:36.692095,EL,91.49,28.38,0.31,0.34,77.09,77.09,1,1,0,0,1,1,0,0,0,0,0,1,ADX>=thresh;MACD_cross_up;BB_breakout;RSI_overbought;Price>SMA20
2025-08-11T13:44:40.233763,EXPE,196.42,27.46,1.04,0.53,60.77,60.77,1,1,0,0,0,0,0,0,1,0,0,1,ADX>=thresh;MACD_cross_up;ATR>=pct;Price>SMA20
2025-08-11T13:44:50.421966,FI,135.04,46.76,0.49,0.36,120.09,120.09,1,1,0,0,1,1,0,0,0,0,0,1,ADX>=thresh;MACD_cross_up;BB_breakout;RSI_overbought;Price>SMA20
2025-08-11T13:44:51.287820,F,11.53,24.84,0.05,0.42,128.48,128.48,1,1,0,0,0,1,0,0,0,1,0,1,ADX>=thresh;MACD_cross_up;RSI_overbought;Range>=pct;Price>SMA20
2025-08-11T13:44:52.123884,FTNT,75.33,40.07,0.45,0.59,94.19,94.19,1,1,0,0,0,1,0,0,1,0,0,1,ADX>=thresh;MACD_cross_up;RSI_overbought;ATR>=pct;Price>SMA20
2025-08-11T13:44:53.330162,FOXA,54.41,53.37,0.14,0.26,77.88,77.88,1,1,0,0,0,1,0,0,0,0,0,1,ADX>=thresh;MACD_cross_up;RSI_overbought;Price>SMA20
2025-08-11T13:44:54.643581,BEN,25.19,35.88,0.05,0.20,96.93,96.93,1,1,0,0,1,1,0,0,0,0,0,1,ADX>=thresh;MACD_cross_up;BB_breakout;RSI_overbought;Price>SMA20
2025-08-11T13:44:59.713994,IT,230.57,26.08,1.12,0.49,86.26,86.26,1,1,0,0,0,1,0,0,0,0,0,1,ADX>=thresh;MACD_cross_up;RSI_overbought;Price>SMA20
2025-08-11T13:45:01.000296,GEHC,72.64,32.43,0.15,0.21,73.63,73.63,1,1,0,0,0,1,0,0,0,0,0,1,ADX>=thresh;MACD_cross_up;RSI_overbought;Price>SMA20
2025-08-11T13:45:03.498491,GEN,31.02,66.23,0.13,0.43,64.53,64.53,1,1,0,0,1,1,0,0,0,0,0,1,ADX>=thresh;MACD_cross_up;BB_breakout;RSI_overbought;Price>SMA20
2025-08-11T13:45:04.290661,GNRC,199.60,37.76,0.78,0.39,136.84,136.84,1,1,0,0,1,1,0,0,0,1,0,1,ADX>=thresh;MACD_cross_up;BB_breakout;RSI_overbought;Range>=pct;Price>SMA20
2025-08-11T13:45:06.387915,GM,54.62,31.66,0.23,0.42,132.81,132.81,1,1,0,0,0,1,0,0,0,0,0,1,ADX>=thresh;MACD_cross_up;RSI_overbought;Price>SMA20
2025-08-11T13:45:08.593790,GPN,82.06,48.51,0.27,0.33,71.27,71.27,1,1,0,0,0,1,0,0,0,0,0,1,ADX>=thresh;MACD_cross_up;RSI_overbought;Price>SMA20
2025-08-11T13:45:14.123740,HSIC,66.23,26.38,0.20,0.30,55.08,55.08,1,1,0,0,0,1,0,0,0,0,0,1,ADX>=thresh;MACD_cross_up;RSI_overbought;Price>SMA20
2025-08-11T13:45:15.765987,HPE,21.01,30.17,0.07,0.33,103.41,103.41,1,1,0,0,0,1,0,0,0,0,0,1,ADX>=thresh;MACD_cross_up;RSI_overbought;Price>SMA20
2025-08-11T13:45:22.451908,HUM,270.55,56.45,1.37,0.51,75.91,75.91,1,1,0,0,0,1,0,0,1,0,0,1,ADX>=thresh;MACD_cross_up;RSI_overbought;ATR>=pct;Price>SMA20
2025-08-11T13:45:23.558279,HII,267.90,30.46,1.07,0.40,105.02,105.02,1,1,0,0,0,1,0,0,0,0,0,1,ADX>=thresh;MACD_cross_up;RSI_overbought;Price>SMA20
2025-08-11T13:45:28.227400,INTC,20.85,52.42,0.14,0.65,125.89,125.89,1,1,0,0,0,1,0,0,1,0,0,1,ADX>=thresh;MACD_cross_up;RSI_overbought;ATR>=pct;Price>SMA20
2025-08-11T13:45:30.360583,IPG,25.16,30.76,0.09,0.37,101.89,101.89,1,1,0,0,0,1,0,0,0,0,0,1,ADX>=thresh;MACD_cross_up;RSI_overbought;Price>SMA20
2025-08-11T13:45:32.427288,IVZ,20.80,52.71,0.04,0.19,68.00,68.00,1,1,0,0,1,1,0,0,0,0,0,1,ADX>=thresh;MACD_cross_up;BB_breakout;RSI_overbought;Price>SMA20
2025-08-11T13:45:33.825386,IQV,181.21,55.96,0.42,0.23,78.09,78.09,1,1,0,0,0,1,0,0,0,0,0,1,ADX>=thresh;MACD_cross_up;RSI_overbought;Price>SMA20
2025-08-11T13:45:35.654167,JBL,226.63,30.90,0.73,0.32,75.16,75.16,1,1,0,0,1,1,0,0,0,0,0,1,ADX>=thresh;MACD_cross_up;BB_breakout;RSI_overbought;Price>SMA20
2025-08-11T13:45:36.776834,J,149.07,29.35,0.30,0.20,77.36,77.36,1,1,0,0,1,1,0,0,0,0,0,1,ADX>=thresh;MACD_cross_up;BB_breakout;RSI_overbought;Price>SMA20
2025-08-11T13:45:37.921186,JCI,105.70,26.93,0.18,0.17,86.71,86.71,1,1,0,0,1,1,0,0,0,0,0,1,ADX>=thresh;MACD_cross_up;BB_breakout;RSI_overbought;Price>SMA20
2025-08-11T13:45:38.610782,JPM,290.00,49.83,0.55,0.19,90.68,90.68,1,1,0,0,0,1,0,0,0,0,0,1,ADX>=thresh;MACD_cross_up;RSI_overbought;Price>SMA20
2025-08-11T13:45:44.560365,KLAC,929.52,37.37,2.67,0.29,109.41,109.41,1,1,0,0,0,1,0,1,0,0,0,1,ADX>=thresh;MACD_cross_up;RSI_overbought;ATR>=abs;Price>SMA20
2025-08-11T13:45:47.234700,LRCX,103.93,33.31,0.37,0.36,109.11,109.11,1,1,0,0,0,1,0,0,0,0,0,1,ADX>=thresh;MACD_cross_up;RSI_overbought;Price>SMA20
2025-08-11T13:45:47.919031,LW,51.85,43.79,0.18,0.35,74.50,74.50,1,1,0,0,0,1,0,0,0,0,0,1,ADX>=thresh;MACD_cross_up;RSI_overbought;Price>SMA20
2025-08-11T13:45:49.147144,LDOS,177.93,21.82,0.56,0.31,108.53,108.53,1,1,0,0,0,1,0,0,0,0,0,1,ADX>=thresh;MACD_cross_up;RSI_overbought;Price>SMA20
2025-08-11T13:45:51.203234,LLY,635.45,21.09,3.42,0.54,91.71,91.71,1,1,0,0,0,1,0,1,1,0,0,1,ADX>=thresh;MACD_cross_up;RSI_overbought;ATR>=abs;ATR>=pct;Price>SMA20
2025-08-11T13:46:03.136824,MCK,670.32,24.94,2.65,0.39,89.34,89.34,1,1,0,0,0,0,0,1,0,0,0,1,ADX>=thresh;MACD_cross_up;ATR>=abs;Price>SMA20
2025-08-11T13:46:05.041665,META,771.37,25.96,1.33,0.17,72.54,72.54,1,1,0,0,0,1,0,0,0,0,0,1,ADX>=thresh;MACD_cross_up;RSI_overbought;Price>SMA20
2025-08-11T13:46:08.066886,MTD,1264.80,20.65,3.15,0.25,57.38,57.38,1,1,0,0,1,0,0,1,0,0,0,1,ADX>=thresh;MACD_cross_up;BB_breakout;ATR>=abs;Price>SMA20
2025-08-11T13:46:10.480791,MU,124.29,40.30,1.07,0.86,142.75,142.75,1,1,0,0,0,1,0,0,1,0,0,1,ADX>=thresh;MACD_cross_up;RSI_overbought;ATR>=pct;Price>SMA20
2025-08-11T13:46:12.272772,MRNA,26.45,34.22,0.11,0.42,71.70,71.70,1,1,0,0,0,1,0,0,0,0,0,1,ADX>=thresh;MACD_cross_up;RSI_overbought;Price>SMA20
2025-08-11T13:46:15.338719,MPWR,808.04,28.40,2.94,0.36,80.98,80.98,1,1,0,0,0,0,0,1,0,0,0,1,ADX>=thresh;MACD_cross_up;ATR>=abs;Price>SMA20
2025-08-11T13:46:16.718697,MCO,517.86,33.85,0.76,0.15,99.66,99.66,1,1,0,0,0,1,0,0,0,0,0,1,ADX>=thresh;MACD_cross_up;RSI_overbought;Price>SMA20
2025-08-11T13:46:18.401237,MOS,32.39,22.11,0.12,0.38,92.35,92.35,1,1,0,0,0,1,0,0,0,0,0,1,ADX>=thresh;MACD_cross_up;RSI_overbought;Price>SMA20
2025-08-11T13:46:23.710397,NWS,33.34,63.62,0.08,0.23,63.80,63.80,1,1,0,0,0,1,0,0,0,0,0,1,ADX>=thresh;MACD_cross_up;RSI_overbought;Price>SMA20
2025-08-11T13:46:25.543883,NI,42.40,47.66,0.09,0.20,69.44,69.44,1,1,0,0,0,1,0,0,0,0,0,1,ADX>=thresh;MACD_cross_up;RSI_overbought;Price>SMA20
2025-08-11T13:46:29.622266,NRG,153.97,41.88,0.60,0.39,96.11,96.11,1,1,0,0,0,1,0,0,0,0,0,1,ADX>=thresh;MACD_cross_up;RSI_overbought;Price>SMA20
2025-08-11T13:46:34.673128,OMC,73.56,32.94,0.26,0.35,105.21,105.21,1,1,0,0,0,1,0,0,0,0,0,1,ADX>=thresh;MACD_cross_up;RSI_overbought;Price>SMA20
2025-08-11T13:46:35.452628,ON,48.74,26.20,0.21,0.44,88.68,88.68,1,1,0,0,0,1,0,0,0,0,0,1,ADX>=thresh;MACD_cross_up;RSI_overbought;Price>SMA20
2025-08-11T13:46:39.530606,PANW,169.09,47.06,0.58,0.34,77.17,77.17,1,1,0,0,0,1,0,0,0,0,0,1,ADX>=thresh;MACD_cross_up;RSI_overbought;Price>SMA20
2025-08-11T13:46:40.152031,PARA,0.00,23.11,0.04,inf,16.08,16.08,1,1,0,0,0,1,0,0,1,0,0,0,ADX>=thresh;MACD_cross_up;RSI_overbought;ATR>=pct
2025-08-11T13:46:44.090538,PFE,24.89,47.94,0.07,0.27,87.93,87.93,1,1,0,0,0,1,0,0,0,0,0,1,ADX>=thresh;MACD_cross_up;RSI_overbought;Price>SMA20
2025-08-11T13:46:50.054554,PG,154.21,32.97,0.25,0.16,85.55,85.55,1,1,0,0,1,1,0,0,0,0,0,1,ADX>=thresh;MACD_cross_up;BB_breakout;RSI_overbought;Price>SMA20
2025-08-11T13:46:52.682480,PTC,207.21,53.93,0.42,0.20,81.61,81.61,1,1,0,0,0,1,0,0,0,0,0,1,ADX>=thresh;MACD_cross_up;RSI_overbought;Price>SMA20
2025-08-11T13:46:54.924961,QCOM,150.65,36.57,0.43,0.29,121.17,121.17,1,1,0,0,0,1,0,0,0,0,0,1,ADX>=thresh;MACD_cross_up;RSI_overbought;Price>SMA20
2025-08-11T13:46:55.684935,DGX,178.19,22.29,0.43,0.24,101.79,101.79,1,1,0,0,0,1,0,0,0,0,0,1,ADX>=thresh;MACD_cross_up;RSI_overbought;Price>SMA20
2025-08-11T13:46:59.675148,REGN,565.50,20.07,2.04,0.36,86.77,86.77,1,1,0,0,0,0,0,1,0,0,0,1,ADX>=thresh;MACD_cross_up;ATR>=abs;Price>SMA20
2025-08-11T13:47:05.884778,SPGI,558.54,47.96,0.88,0.16,97.29,97.29,1,1,0,0,0,1,0,0,0,0,0,1,ADX>=thresh;MACD_cross_up;RSI_overbought;Price>SMA20
2025-08-11T13:47:08.433088,STX,154.15,41.23,0.49,0.31,105.63,105.63,1,1,0,0,1,1,0,0,0,0,0,1,ADX>=thresh;MACD_cross_up;BB_breakout;RSI_overbought;Price>SMA20
2025-08-11T13:47:09.854749,NOW,874.89,21.70,3.47,0.40,92.52,92.52,1,1,0,0,0,0,0,1,0,0,0,1,ADX>=thresh;MACD_cross_up;ATR>=abs;Price>SMA20
2025-08-11T13:47:15.188647,LUV,29.80,48.82,0.10,0.32,78.39,78.39,1,1,0,0,0,1,0,0,0,0,0,1,ADX>=thresh;MACD_cross_up;RSI_overbought;Price>SMA20
2025-08-11T13:47:19.634751,SMCI,45.97,24.73,0.26,0.58,73.64,73.64,1,1,0,0,1,1,0,0,1,0,0,1,ADX>=thresh;MACD_cross_up;BB_breakout;RSI_overbought;ATR>=pct;Price>SMA20
2025-08-11T13:47:20.468689,SYF,69.74,31.41,0.13,0.18,64.30,64.30,1,1,0,0,0,1,0,0,0,0,0,1,ADX>=thresh;MACD_cross_up;RSI_overbought;Price>SMA20
2025-08-11T13:47:24.406489,TTWO,223.11,38.01,1.42,0.64,67.50,67.50,1,1,0,0,0,1,0,0,1,0,0,1,ADX>=thresh;MACD_cross_up;RSI_overbought;ATR>=pct;Price>SMA20
2025-08-11T13:47:29.667055,TSLA,342.85,38.16,2.08,0.61,112.07,112.07,1,1,0,0,0,1,0,1,1,0,0,1,ADX>=thresh;MACD_cross_up;RSI_overbought;ATR>=abs;ATR>=pct;Price>SMA20
2025-08-11T13:47:33.777303,TKO,170.48,22.19,1.60,0.94,150.39,150.39,1,1,0,0,0,1,0,0,1,0,0,1,ADX>=thresh;MACD_cross_up;RSI_overbought;ATR>=pct;Price>SMA20
2025-08-11T13:47:35.574004,TDG,1401.41,21.26,5.46,0.39,54.34,54.34,1,1,0,0,0,0,0,1,0,0,0,1,ADX>=thresh;MACD_cross_up;ATR>=abs;Price>SMA20
2025-08-11T13:47:42.787205,UAL,90.70,35.44,0.35,0.39,69.08,69.08,1,1,0,0,0,1,0,0,0,0,0,1,ADX>=thresh;MACD_cross_up;RSI_overbought;Price>SMA20
2025-08-11T13:47:43.628986,UPS,88.00,24.83,0.31,0.36,116.17,116.17,1,1,0,0,0,1,0,0,0,0,0,1,ADX>=thresh;MACD_cross_up;RSI_overbought;Price>SMA20
2025-08-11T13:47:51.245327,VRTX,373.43,30.73,1.70,0.46,111.11,111.11,1,1,0,0,0,1,0,0,0,0,0,1,ADX>=thresh;MACD_cross_up;RSI_overbought;Price>SMA20
2025-08-11T13:47:52.001655,VTRS,10.02,44.39,0.07,0.65,68.80,68.80,1,1,0,0,0,1,0,0,1,0,0,1,ADX>=thresh;MACD_cross_up;RSI_overbought;ATR>=pct;Price>SMA20
2025-08-11T13:47:54.036009,VST,205.48,46.05,1.23,0.60,94.96,94.96,1,1,0,0,1,1,0,0,1,0,0,1,ADX>=thresh;MACD_cross_up;BB_breakout;RSI_overbought;ATR>=pct;Price>SMA20
2025-08-11T13:47:58.453816,DIS,113.09,55.18,0.24,0.21,77.33,77.33,1,1,0,0,1,1,0,0,0,0,0,1,ADX>=thresh;MACD_cross_up;BB_breakout;RSI_overbought;Price>SMA20
2025-08-11T13:48:00.359784,WAT,282.85,33.82,0.54,0.19,75.39,75.39,1,1,0,0,0,1,0,0,0,0,0,1,ADX>=thresh;MACD_cross_up;RSI_overbought;Price>SMA20
2025-08-11T13:48:02.275281,WELL,168.94,46.41,0.38,0.22,106.23,106.23,1,1,0,0,1,0,0,0,0,0,0,1,ADX>=thresh;MACD_cross_up;BB_breakout;Price>SMA20
2025-08-11T13:48:03.956751,WDC,76.42,33.75,0.25,0.33,87.96,87.96,1,1,0,0,0,1,0,0,0,0,0,1,ADX>=thresh;MACD_cross_up;RSI_overbought;Price>SMA20
2025-08-11T13:48:05.904957,WMB,58.24,36.24,0.15,0.25,97.00,97.00,1,1,0,0,0,1,0,0,0,0,0,1,ADX>=thresh;MACD_cross_up;RSI_overbought;Price>SMA20
2025-08-11T13:48:08.035960,WYNN,107.39,29.43,0.44,0.41,37.52,37.52,1,1,0,0,0,1,0,0,0,0,0,1,ADX>=thresh;MACD_cross_up;RSI_overbought;Price>SMA20
2025-08-11T13:48:10.789012,ZBRA,319.03,20.60,1.12,0.35,47.01,47.01,1,1,0,0,0,1,0,0,0,0,0,1,ADX>=thresh;MACD_cross_up;RSI_overbought;Price>SMA20
2025-08-11T13:48:12.218925,ZTS,149.72,20.00,0.55,0.37,96.03,96.03,1,1,0,0,0,1,0,0,0,0,0,1,ADX>=thresh;MACD_cross_up;RSI_overbought;Price>SMA20
2025-08-11T13:48:18.123050,MMM,154.21,33.47,0.33,0.21,70.47,70.47,1,1,0,0,0,1,0,0,0,0,0,1,ADX>=thresh;MACD_cross_up;RSI_overbought;Price>SMA20
2025-08-11T13:48:21.673341,AMD,173.51,27.97,0.87,0.50,95.69,95.69,1,1,0,0,0,1,0,0,1,0,0,1,ADX>=thresh;MACD_cross_up;RSI_overbought;ATR>=pct;Price>SMA20
2025-08-11T13:48:22.992867,AFL,104.14,29.60,0.15,0.14,70.71,70.71,1,1,0,0,0,1,0,0,0,0,0,1,ADX>=thresh;MACD_cross_up;RSI_overbought;Price>SMA20
2025-08-11T13:48:23.832195,A,115.46,33.90,0.26,0.22,82.77,82.77,1,1,0,0,0,1,0,0,0,0,0,1,ADX>=thresh;MACD_cross_up;RSI_overbought;Price>SMA20
2025-08-11T13:48:25.807398,AKAM,72.06,28.71,0.44,0.61,38.84,38.84,1,1,0,0,0,1,0,0,1,0,0,1,ADX>=thresh;MACD_cross_up;RSI_overbought;ATR>=pct;Price>SMA20
2025-08-11T13:48:26.650682,ALB,81.47,39.16,1.81,2.22,154.81,154.81,1,1,0,0,0,1,0,0,1,0,0,1,ADX>=thresh;MACD_cross_up;RSI_overbought;ATR>=pct;Price>SMA20
2025-08-11T13:48:31.527470,MO,64.78,20.38,0.18,0.28,130.48,130.48,1,1,0,0,0,1,0,0,0,0,0,1,ADX>=thresh;MACD_cross_up;RSI_overbought;Price>SMA20
2025-08-11T13:48:38.947619,AMGN,290.40,31.77,0.62,0.21,78.31,78.31,1,1,0,0,0,1,0,0,0,0,0,1,ADX>=thresh;MACD_cross_up;RSI_overbought;Price>SMA20
2025-08-11T13:48:39.739154,APH,110.41,30.74,0.29,0.26,80.52,80.52,1,1,0,0,1,0,0,0,0,0,0,1,ADX>=thresh;MACD_cross_up;BB_breakout;Price>SMA20
2025-08-11T13:48:40.572068,ADI,226.77,29.85,0.57,0.25,84.84,84.84,1,1,0,0,0,1,0,0,0,0,0,1,ADX>=thresh;MACD_cross_up;RSI_overbought;Price>SMA20
2025-08-11T13:48:43.179726,APA,20.23,25.06,0.13,0.66,94.28,94.28,1,1,0,0,0,0,0,0,1,0,0,1,ADX>=thresh;MACD_cross_up;ATR>=pct;Price>SMA20
2025-08-11T13:48:43.907748,APO,144.14,54.89,0.47,0.33,80.78,80.78,1,1,0,0,1,1,0,0,0,0,0,1,ADX>=thresh;MACD_cross_up;BB_breakout;RSI_overbought;Price>SMA20
2025-08-11T13:48:45.123246,AMAT,189.48,29.86,0.57,0.30,123.57,123.57,1,1,0,0,0,1,0,0,0,0,0,1,ADX>=thresh;MACD_cross_up;RSI_overbought;Price>SMA20
2025-08-11T13:48:47.673577,ADM,58.09,22.71,0.19,0.33,92.40,92.40,1,1,0,0,0,1,0,0,0,0,0,1,ADX>=thresh;MACD_cross_up;RSI_overbought;Price>SMA20
2025-08-11T13:48:48.422313,ANET,141.35,46.26,0.53,0.38,94.59,94.59,1,1,0,0,1,1,0,0,0,0,0,1,ADX>=thresh;MACD_cross_up;BB_breakout;RSI_overbought;Price>SMA20
2025-08-11T13:48:56.185008,BAC,46.15,58.55,0.09,0.20,63.92,63.92,1,1,0,0,1,1,0,0,0,0,0,1,ADX>=thresh;MACD_cross_up;BB_breakout;RSI_overbought;Price>SMA20
2025-08-11T13:49:00.732879,BLK,1125.82,29.43,1.79,0.16,55.73,55.73,1,1,0,0,0,1,0,0,0,0,0,1,ADX>=thresh;MACD_cross_up;RSI_overbought;Price>SMA20
2025-08-11T13:49:04.679948,BX,170.68,50.41,0.45,0.26,84.18,84.18,1,1,0,0,1,1,0,0,0,0,0,1,ADX>=thresh;MACD_cross_up;BB_breakout;RSI_overbought;Price>SMA20
2025-08-11T13:49:07.592999,BSX,103.66,48.60,0.25,0.24,93.36,93.36,1,1,0,0,1,1,0,0,0,0,0,1,ADX>=thresh;MACD_cross_up;BB_breakout;RSI_overbought;Price>SMA20
2025-08-11T13:49:08.793965,AVGO,307.11,37.19,1.06,0.35,104.75,104.75,1,1,0,0,1,1,0,0,0,0,0,1,ADX>=thresh;MACD_cross_up;BB_breakout;RSI_overbought;Price>SMA20
2025-08-11T13:49:10.047283,BRO,94.03,34.34,0.19,0.21,79.80,79.80,1,1,0,0,0,1,0,0,0,0,0,1,ADX>=thresh;MACD_cross_up;RSI_overbought;Price>SMA20
2025-08-11T13:49:20.974905,CBOE,254.09,26.57,0.57,0.22,71.80,71.80,1,1,0,0,1,1,0,0,0,0,0,1,ADX>=thresh;MACD_cross_up;BB_breakout;RSI_overbought;Price>SMA20
2025-08-11T13:49:22.431150,CDW,164.44,27.38,0.40,0.24,61.59,61.59,1,1,0,0,0,1,0,0,0,0,0,1,ADX>=thresh;MACD_cross_up;RSI_overbought;Price>SMA20
2025-08-11T13:49:23.213254,COR,288.29,51.75,0.73,0.25,99.51,99.51,1,1,0,0,1,1,0,0,0,0,0,1,ADX>=thresh;MACD_cross_up;BB_breakout;RSI_overbought;Price>SMA20
2025-08-11T13:49:24.448657,CNC,25.82,39.32,0.15,0.56,102.86,102.86,1,1,0,0,0,0,0,0,1,0,0,1,ADX>=thresh;MACD_cross_up;ATR>=pct;Price>SMA20
2025-08-11T13:49:26.658984,SCHW,97.35,20.84,0.14,0.14,84.53,84.53,1,1,0,0,1,1,0,0,0,0,0,1,ADX>=thresh;MACD_cross_up;BB_breakout;RSI_overbought;Price>SMA20
2025-08-11T13:49:30.603833,CI,279.19,28.11,0.96,0.34,120.91,120.91,1,1,0,0,0,1,0,0,0,0,0,1,ADX>=thresh;MACD_cross_up;RSI_overbought;Price>SMA20
2025-08-11T13:49:35.008739,CME,283.68,36.89,0.48,0.17,71.77,71.77,1,1,0,0,1,1,0,0,0,0,0,1,ADX>=thresh;MACD_cross_up;BB_breakout;RSI_overbought;Price>SMA20
2025-08-11T13:49:40.925933,COIN,327.82,51.65,2.42,0.74,99.89,99.89,1,1,0,0,0,1,0,1,1,0,0,1,ADX>=thresh;MACD_cross_up;RSI_overbought;ATR>=abs;ATR>=pct;Price>SMA20
2025-08-11T13:49:46.581776,CPRT,46.40,27.83,0.09,0.20,70.76,70.76,1,1,0,0,1,1,0,0,0,0,0,1,ADX>=thresh;MACD_cross_up;BB_breakout;RSI_overbought;Price>SMA20
2025-08-11T13:49:52.979055,CVS,65.94,25.71,0.20,0.31,89.99,89.99,1,1,0,0,0,1,0,0,0,0,0,1,ADX>=thresh;MACD_cross_up;RSI_overbought;Price>SMA20
2025-08-11T13:49:57.239235,DELL,138.76,26.03,0.53,0.38,91.11,91.11,1,1,0,0,1,1,0,0,0,0,0,1,ADX>=thresh;MACD_cross_up;BB_breakout;RSI_overbought;Price>SMA20
2025-08-11T13:49:57.948367,DAL,54.34,39.98,0.21,0.39,100.56,100.56,1,1,0,0,1,1,0,0,0,0,0,1,ADX>=thresh;MACD_cross_up;BB_breakout;RSI_overbought;Price>SMA20
2025-08-11T13:50:09.016731,EIX,54.66,43.47,0.30,0.54,108.26,108.26,1,1,0,0,0,1,0,0,1,0,0,1,ADX>=thresh;MACD_cross_up;RSI_overbought;ATR>=pct;Price>SMA20
2025-08-11T13:50:10.353761,EA,172.95,40.80,1.12,0.65,114.43,114.43,1,1,0,0,0,1,0,0,1,0,0,1,ADX>=thresh;MACD_cross_up;RSI_overbought;ATR>=pct;Price>SMA20
2025-08-11T13:50:11.122704,ELV,297.42,22.79,1.16,0.39,89.81,89.81,1,1,0,0,0,1,0,0,0,0,0,1,ADX>=thresh;MACD_cross_up;RSI_overbought;Price>SMA20
2025-08-11T13:50:14.340375,EPAM,161.12,27.08,1.35,0.84,110.77,110.77,1,1,0,0,0,0,0,0,1,0,0,1,ADX>=thresh;MACD_cross_up;ATR>=pct;Price>SMA20
2025-08-11T13:50:15.091996,EQT,51.48,47.85,0.12,0.24,60.34,60.34,1,1,0,0,0,1,0,0,0,0,0,1,ADX>=thresh;MACD_cross_up;RSI_overbought;Price>SMA20
2025-08-11T13:50:24.072777,FDS,383.90,58.55,0.86,0.22,75.47,75.47,1,1,0,0,1,0,0,0,0,0,0,1,ADX>=thresh;MACD_cross_up;BB_breakout;Price>SMA20
2025-08-11T13:50:59.092579,FI,134.62,42.02,0.51,0.38,115.87,115.87,1,1,0,0,0,1,0,0,0,0,0,1,ADX>=thresh;MACD_cross_up;RSI_overbought;Price>SMA20
2025-08-11T13:51:00.332190,FTNT,75.56,46.86,0.45,0.60,98.38,98.38,1,1,0,0,0,1,0,0,1,0,0,1,ADX>=thresh;MACD_cross_up;RSI_overbought;ATR>=pct;Price>SMA20
2025-08-11T13:51:02.843201,BEN,25.20,33.44,0.06,0.25,102.80,102.80,1,1,0,0,0,1,0,0,0,0,0,1,ADX>=thresh;MACD_cross_up;RSI_overbought;Price>SMA20
2025-08-11T13:51:04.632125,IT,231.28,23.11,1.22,0.53,86.22,86.22,1,1,0,0,0,1,0,0,1,0,0,1,ADX>=thresh;MACD_cross_up;RSI_overbought;ATR>=pct;Price>SMA20
2025-08-11T13:51:06.190346,GEHC,72.45,32.71,0.17,0.23,79.15,79.15,1,1,0,0,0,1,0,0,0,0,0,1,ADX>=thresh;MACD_cross_up;RSI_overbought;Price>SMA20
2025-08-11T13:51:06.940012,GEV,648.80,30.13,2.65,0.41,120.32,120.32,1,1,0,0,0,0,0,1,0,0,0,1,ADX>=thresh;MACD_cross_up;ATR>=abs;Price>SMA20
2025-08-11T13:51:07.794479,GEN,31.07,62.32,0.14,0.45,66.61,66.61,1,1,0,0,0,1,0,0,0,0,0,1,ADX>=thresh;MACD_cross_up;RSI_overbought;Price>SMA20
2025-08-11T13:51:10.238116,GM,54.41,31.06,0.25,0.46,138.77,138.77,1,1,0,0,0,1,0,0,0,0,0,1,ADX>=thresh;MACD_cross_up;RSI_overbought;Price>SMA20
2025-08-11T13:51:12.082824,GPN,82.15,49.96,0.27,0.32,68.00,68.00,1,1,0,0,0,1,0,0,0,0,0,1,ADX>=thresh;MACD_cross_up;RSI_overbought;Price>SMA20
2025-08-11T13:51:17.744108,HSIC,66.22,27.22,0.20,0.30,51.08,51.08,1,1,0,0,0,1,0,0,0,0,0,1,ADX>=thresh;MACD_cross_up;RSI_overbought;Price>SMA20
2025-08-11T13:51:19.532474,HPE,20.98,27.92,0.07,0.35,97.32,97.32,1,1,0,0,0,1,0,0,0,0,0,1,ADX>=thresh;MACD_cross_up;RSI_overbought;Price>SMA20
2025-08-11T13:51:25.233406,HUM,270.57,53.40,1.43,0.53,77.65,77.65,1,1,0,0,0,1,0,0,1,0,0,1,ADX>=thresh;MACD_cross_up;RSI_overbought;ATR>=pct;Price>SMA20
2025-08-11T13:51:31.344442,INTC,20.84,53.46,0.15,0.71,130.96,130.96,1,1,0,0,0,1,0,0,1,0,0,1,ADX>=thresh;MACD_cross_up;RSI_overbought;ATR>=pct;Price>SMA20
2025-08-11T13:51:36.294359,INVH,30.05,47.20,0.06,0.19,88.70,88.70,1,1,0,0,1,0,0,0,0,0,0,1,ADX>=thresh;MACD_cross_up;BB_breakout;Price>SMA20
2025-08-11T13:51:38.542297,JBL,226.64,32.83,0.88,0.39,92.02,92.02,1,1,0,0,0,1,0,0,0,0,0,1,ADX>=thresh;MACD_cross_up;RSI_overbought;Price>SMA20
2025-08-11T13:51:41.095874,JCI,105.64,26.31,0.20,0.19,96.51,96.51,1,1,0,0,0,1,0,0,0,0,0,1,ADX>=thresh;MACD_cross_up;RSI_overbought;Price>SMA20
2025-08-11T13:51:41.886466,JPM,289.61,48.15,0.58,0.20,88.82,88.82,1,1,0,0,0,1,0,0,0,0,0,1,ADX>=thresh;MACD_cross_up;RSI_overbought;Price>SMA20
2025-08-11T13:51:44.764721,KEYS,165.64,20.82,0.37,0.22,75.84,75.84,1,1,0,0,1,1,0,0,0,0,0,1,ADX>=thresh;MACD_cross_up;BB_breakout;RSI_overbought;Price>SMA20
2025-08-11T13:51:48.438182,KLAC,931.57,42.15,2.96,0.32,120.40,120.40,1,1,0,0,0,1,0,1,0,0,0,1,ADX>=thresh;MACD_cross_up;RSI_overbought;ATR>=abs;Price>SMA20
2025-08-11T13:51:51.750039,LRCX,103.55,36.70,0.40,0.39,115.53,115.53,1,1,0,0,0,1,0,0,0,0,0,1,ADX>=thresh;MACD_cross_up;RSI_overbought;Price>SMA20
2025-08-11T13:51:56.132141,LYV,154.15,33.43,0.63,0.41,48.67,48.67,1,1,0,0,0,1,0,0,0,0,0,1,ADX>=thresh;MACD_cross_up;RSI_overbought;Price>SMA20
2025-08-11T13:52:05.682339,MCK,675.66,27.30,2.80,0.41,83.06,83.06,1,1,0,0,0,1,0,1,0,0,0,1,ADX>=thresh;MACD_cross_up;RSI_overbought;ATR>=abs;Price>SMA20
2025-08-11T13:52:08.656150,MTD,1264.80,21.36,3.41,0.27,66.23,66.23,1,1,0,0,1,0,0,1,0,0,0,1,ADX>=thresh;MACD_cross_up;BB_breakout;ATR>=abs;Price>SMA20
2025-08-11T13:52:09.757000,MCHP,62.43,32.50,0.34,0.54,38.83,38.83,1,1,0,0,0,0,0,0,1,0,0,1,ADX>=thresh;MACD_cross_up;ATR>=pct;Price>SMA20
2025-08-11T13:52:10.397849,MU,123.64,40.08,1.12,0.90,145.56,145.56,1,1,0,0,0,1,0,0,1,0,0,1,ADX>=thresh;MACD_cross_up;RSI_overbought;ATR>=pct;Price>SMA20
2025-08-11T13:52:12.330174,MRNA,26.50,38.98,0.12,0.45,78.34,78.34,1,1,0,0,0,1,0,0,0,0,0,1,ADX>=thresh;MACD_cross_up;RSI_overbought;Price>SMA20
2025-08-11T13:52:14.813940,MPWR,809.88,32.70,2.83,0.35,64.41,64.41,1,1,0,0,0,0,0,1,0,0,0,1,ADX>=thresh;MACD_cross_up;ATR>=abs;Price>SMA20
2025-08-11T13:52:16.039401,MCO,518.29,27.89,0.94,0.18,110.40,110.40,1,1,0,0,1,0,0,0,0,0,0,1,ADX>=thresh;MACD_cross_up;BB_breakout;Price>SMA20
2025-08-11T13:52:23.627797,NI,42.49,50.54,0.10,0.23,71.44,71.44,1,1,0,0,0,1,0,0,0,0,0,1,ADX>=thresh;MACD_cross_up;RSI_overbought;Price>SMA20
2025-08-11T13:52:27.207698,NRG,154.00,41.82,0.71,0.46,101.13,101.13,1,1,0,0,0,1,0,0,0,0,0,1,ADX>=thresh;MACD_cross_up;RSI_overbought;Price>SMA20
2025-08-11T13:52:35.638460,PANW,170.10,45.57,0.61,0.36,78.67,78.67,1,1,0,0,0,1,0,0,0,0,0,1,ADX>=thresh;MACD_cross_up;RSI_overbought;Price>SMA20
2025-08-11T13:52:36.346784,PARA,0.00,23.11,0.04,inf,16.08,16.08,1,1,0,0,0,1,0,0,1,0,0,0,ADX>=thresh;MACD_cross_up;RSI_overbought;ATR>=pct
2025-08-11T13:52:36.985099,PH,730.66,22.83,1.44,0.20,53.91,53.91,1,1,0,0,0,1,0,0,0,0,0,1,ADX>=thresh;MACD_cross_up;RSI_overbought;Price>SMA20
2025-08-11T13:52:41.769978,PFE,24.86,50.41,0.07,0.27,87.36,87.36,1,1,0,0,0,1,0,0,0,0,0,1,ADX>=thresh;MACD_cross_up;RSI_overbought;Price>SMA20
2025-08-11T13:52:42.553614,PCG,15.20,26.36,0.06,0.42,113.67,113.67,1,1,0,0,0,1,0,0,0,0,0,1,ADX>=thresh;MACD_cross_up;RSI_overbought;Price>SMA20
2025-08-11T13:52:47.322928,PG,154.12,35.43,0.25,0.16,86.05,86.05,1,1,0,0,0,1,0,0,0,0,0,1,ADX>=thresh;MACD_cross_up;RSI_overbought;Price>SMA20
2025-08-11T13:52:49.733456,PTC,208.04,53.46,0.46,0.22,90.44,90.44,1,1,0,0,1,1,0,0,0,0,0,1,ADX>=thresh;MACD_cross_up;BB_breakout;RSI_overbought;Price>SMA20
2025-08-11T13:52:51.719105,QCOM,150.53,40.82,0.47,0.31,126.87,126.87,1,1,0,0,0,1,0,0,0,0,0,1,ADX>=thresh;MACD_cross_up;RSI_overbought;Price>SMA20
2025-08-11T13:52:52.365890,DGX,177.87,25.33,0.45,0.25,103.00,103.00,1,1,0,0,0,1,0,0,0,0,0,1,ADX>=thresh;MACD_cross_up;RSI_overbought;Price>SMA20
2025-08-11T13:53:03.828609,STX,154.56,46.64,0.57,0.37,120.83,120.83,1,1,0,0,0,1,0,0,0,0,0,1,ADX>=thresh;MACD_cross_up;RSI_overbought;Price>SMA20
2025-08-11T13:53:04.930673,NOW,876.18,20.74,3.94,0.45,107.69,107.69,1,1,0,0,0,0,0,1,0,0,0,1,ADX>=thresh;MACD_cross_up;ATR>=abs;Price>SMA20
2025-08-11T13:53:08.873833,SO,94.95,31.18,0.20,0.21,89.29,89.29,1,1,0,0,1,1,0,0,0,0,0,1,ADX>=thresh;MACD_cross_up;BB_breakout;RSI_overbought;Price>SMA20
2025-08-11T13:53:12.374255,SYK,378.98,34.91,0.76,0.20,74.71,74.71,1,1,0,0,1,1,0,0,0,0,0,1,ADX>=thresh;MACD_cross_up;BB_breakout;RSI_overbought;Price>SMA20
2025-08-11T13:53:15.502757,SMCI,45.83,28.73,0.28,0.60,77.01,77.01,1,1,0,0,0,1,0,0,1,0,0,1,ADX>=thresh;MACD_cross_up;RSI_overbought;ATR>=pct;Price>SMA20
2025-08-11T13:53:16.581186,SNPS,622.23,21.17,1.74,0.28,96.49,96.49,1,1,0,0,1,1,0,0,0,0,0,1,ADX>=thresh;MACD_cross_up;BB_breakout;RSI_overbought;Price>SMA20
2025-08-11T13:53:19.382943,TTWO,223.07,39.25,1.53,0.68,70.53,70.53,1,1,0,0,0,1,0,0,1,0,0,1,ADX>=thresh;MACD_cross_up;RSI_overbought;ATR>=pct;Price>SMA20
2025-08-11T13:53:23.327707,TSLA,341.50,42.44,2.11,0.62,111.14,111.14,1,1,0,0,0,1,0,1,1,0,0,1,ADX>=thresh;MACD_cross_up;RSI_overbought;ATR>=abs;ATR>=pct;Price>SMA20
2025-08-11T13:53:29.991244,TKO,171.03,23.27,1.62,0.94,151.82,151.82,1,1,0,0,0,1,0,0,1,0,0,1,ADX>=thresh;MACD_cross_up;RSI_overbought;ATR>=pct;Price>SMA20
2025-08-11T13:53:37.811683,UPS,87.67,22.57,0.33,0.38,120.87,120.87,1,1,0,0,0,1,0,0,0,0,0,1,ADX>=thresh;MACD_cross_up;RSI_overbought;Price>SMA20
2025-08-11T13:53:38.939730,UNH,255.55,20.67,1.56,0.61,125.55,125.55,1,1,0,0,0,1,0,0,1,0,0,1,ADX>=thresh;MACD_cross_up;RSI_overbought;ATR>=pct;Price>SMA20
2025-08-11T13:53:39.690520,UHS,172.75,34.43,0.62,0.36,100.50,100.50,1,1,0,0,0,1,0,0,0,0,0,1,ADX>=thresh;MACD_cross_up;RSI_overbought;Price>SMA20
2025-08-11T13:53:45.362780,VRSK,266.40,33.33,0.53,0.20,96.84,96.84,1,1,0,0,0,1,0,0,0,0,0,1,ADX>=thresh;MACD_cross_up;RSI_overbought;Price>SMA20
2025-08-11T13:53:46.803130,VRTX,372.44,32.23,1.80,0.48,120.31,120.31,1,1,0,0,0,1,0,0,0,0,0,1,ADX>=thresh;MACD_cross_up;RSI_overbought;Price>SMA20
2025-08-11T13:53:47.481319,VTRS,9.99,46.40,0.07,0.69,79.97,79.97,1,1,0,0,0,1,0,0,1,0,0,1,ADX>=thresh;MACD_cross_up;RSI_overbought;ATR>=pct;Price>SMA20
2025-08-11T13:53:49.254331,VST,203.51,45.84,1.33,0.65,96.77,96.77,1,1,0,0,0,0,0,0,1,0,0,1,ADX>=thresh;MACD_cross_up;ATR>=pct;Price>SMA20
2025-08-11T13:53:54.229767,WAT,282.74,30.89,0.62,0.22,84.34,84.34,1,1,0,0,0,1,0,0,0,0,0,1,ADX>=thresh;MACD_cross_up;RSI_overbought;Price>SMA20
2025-08-11T13:53:55.879469,WELL,168.94,48.22,0.39,0.23,103.81,103.81,1,1,0,0,0,1,0,0,0,0,0,1,ADX>=thresh;MACD_cross_up;RSI_overbought;Price>SMA20
2025-08-11T13:53:56.493408,WST,242.64,30.60,0.90,0.37,103.85,103.85,1,1,0,0,0,1,0,0,0,0,0,1,ADX>=thresh;MACD_cross_up;RSI_overbought;Price>SMA20
2025-08-11T13:53:57.161083,WDC,76.25,39.07,0.27,0.35,95.37,95.37,1,1,0,0,0,1,0,0,0,0,0,1,ADX>=thresh;MACD_cross_up;RSI_overbought;Price>SMA20
2025-08-11T13:54:11.310523,ADBE,342.06,27.45,1.67,0.49,101.16,101.16,1,1,0,0,1,0,0,0,0,0,0,1,ADX>=thresh;MACD_cross_up;BB_breakout;Price>SMA20
2025-08-11T13:54:11.939795,AMD,172.74,26.89,0.89,0.52,99.06,99.06,1,1,0,0,0,1,0,0,1,0,0,1,ADX>=thresh;MACD_cross_up;RSI_overbought;ATR>=pct;Price>SMA20
2025-08-11T13:54:14.355255,A,115.33,30.23,0.26,0.23,86.14,86.14,1,1,0,0,0,1,0,0,0,0,0,1,ADX>=thresh;MACD_cross_up;RSI_overbought;Price>SMA20
2025-08-11T13:54:15.911271,AKAM,72.84,30.72,0.46,0.64,47.82,47.82,1,1,0,0,0,1,0,0,1,0,0,1,ADX>=thresh;MACD_cross_up;RSI_overbought;ATR>=pct;Price>SMA20
2025-08-11T13:54:16.539103,ALB,81.39,35.47,1.97,2.43,156.66,156.66,1,1,0,0,0,1,0,0,1,1,0,1,ADX>=thresh;MACD_cross_up;RSI_overbought;ATR>=pct;Range>=pct;Price>SMA20
2025-08-11T13:54:17.107020,AMD,172.78,26.89,0.89,0.52,99.06,99.06,1,1,0,0,0,1,0,0,1,0,0,1,ADX>=thresh;MACD_cross_up;RSI_overbought;ATR>=pct;Price>SMA20
2025-08-11T13:54:18.769116,A,115.33,30.23,0.26,0.23,86.14,86.14,1,1,0,0,0,1,0,0,0,0,0,1,ADX>=thresh;MACD_cross_up;RSI_overbought;Price>SMA20
2025-08-11T13:54:20.143277,MO,64.90,21.75,0.21,0.32,138.37,138.37,1,1,0,0,0,1,0,0,0,0,0,1,ADX>=thresh;MACD_cross_up;RSI_overbought;Price>SMA20
2025-08-11T13:54:20.318840,AKAM,72.78,30.72,0.46,0.64,47.82,47.82,1,1,0,0,0,1,0,0,1,0,0,1,ADX>=thresh;MACD_cross_up;RSI_overbought;ATR>=pct;Price>SMA20
2025-08-11T13:54:21.206364,ALB,81.39,35.63,1.98,2.43,156.20,156.20,1,1,0,0,0,1,0,0,1,1,0,1,ADX>=thresh;MACD_cross_up;RSI_overbought;ATR>=pct;Range>=pct;Price>SMA20
2025-08-11T13:54:25.569212,MO,64.91,21.75,0.21,0.32,138.37,138.37,1,1,0,0,0,1,0,0,0,0,0,1,ADX>=thresh;MACD_cross_up;RSI_overbought;Price>SMA20
2025-08-11T13:54:33.628256,ADI,226.69,33.44,0.59,0.26,87.09,87.09,1,1,0,0,0,1,0,0,0,0,0,1,ADX>=thresh;MACD_cross_up;RSI_overbought;Price>SMA20
2025-08-11T13:54:34.680861,AON,367.11,29.09,0.71,0.19,74.31,74.31,1,1,0,0,0,1,0,0,0,0,0,1,ADX>=thresh;MACD_cross_up;RSI_overbought;Price>SMA20
2025-08-11T13:54:37.284776,AMAT,189.07,34.83,0.64,0.34,129.30,129.30,1,1,0,0,0,1,0,0,0,0,0,1,ADX>=thresh;MACD_cross_up;RSI_overbought;Price>SMA20
2025-08-11T13:54:40.258028,ANET,140.91,46.53,0.57,0.40,99.95,99.95,1,1,0,0,0,1,0,0,0,0,0,1,ADX>=thresh;MACD_cross_up;RSI_overbought;Price>SMA20
2025-08-11T13:54:51.191663,BBY,68.56,36.24,0.37,0.54,124.38,124.38,1,1,0,0,0,1,0,0,1,0,0,0,ADX>=thresh;MACD_cross_up;RSI_overbought;ATR>=pct
2025-08-11T13:54:57.840148,BSX,103.59,47.06,0.29,0.28,100.23,100.23,1,1,0,0,0,1,0,0,0,0,0,1,ADX>=thresh;MACD_cross_up;RSI_overbought;Price>SMA20
2025-08-11T13:55:10.805238,KMX,55.64,25.78,0.28,0.51,123.94,123.94,1,1,0,0,0,0,0,0,1,0,0,1,ADX>=thresh;MACD_cross_up;ATR>=pct;Price>SMA20
2025-08-11T13:55:14.952907,CDW,164.56,29.86,0.40,0.24,63.43,63.43,1,1,0,0,0,1,0,0,0,0,0,1,ADX>=thresh;MACD_cross_up;RSI_overbought;Price>SMA20
2025-08-11T13:55:15.693477,COR,288.75,51.83,0.81,0.28,93.01,93.01,1,1,0,0,0,1,0,0,0,0,0,1,ADX>=thresh;MACD_cross_up;RSI_overbought;Price>SMA20
2025-08-11T13:55:22.618863,CI,278.92,26.23,0.98,0.35,117.88,117.88,1,1,0,0,0,1,0,0,0,0,0,1,ADX>=thresh;MACD_cross_up;RSI_overbought;Price>SMA20
2025-08-11T13:55:27.001496,CME,283.25,35.61,0.48,0.17,65.80,65.80,1,1,0,0,0,1,0,0,0,0,0,1,ADX>=thresh;MACD_cross_up;RSI_overbought;Price>SMA20
2025-08-11T13:55:29.822818,COIN,323.67,58.83,2.74,0.85,103.36,103.36,1,1,0,0,0,1,0,1,1,0,0,1,ADX>=thresh;MACD_cross_up;RSI_overbought;ATR>=abs;ATR>=pct;Price>SMA20
2025-08-11T13:55:35.906928,CPRT,46.51,23.10,0.10,0.23,68.15,68.15,1,1,0,0,0,1,0,0,0,0,0,1,ADX>=thresh;MACD_cross_up;RSI_overbought;Price>SMA20
2025-08-11T13:55:40.128171,CRWD,428.90,25.34,1.94,0.45,98.42,98.42,1,1,0,0,0,1,0,0,0,0,0,1,ADX>=thresh;MACD_cross_up;RSI_overbought;Price>SMA20
2025-08-11T13:55:58.298113,EIX,54.79,43.66,0.31,0.56,97.97,97.97,1,1,0,0,0,1,0,0,1,0,0,1,ADX>=thresh;MACD_cross_up;RSI_overbought;ATR>=pct;Price>SMA20
2025-08-11T13:56:16.299348,FI,134.68,42.02,0.53,0.39,117.71,117.71,1,1,0,0,0,1,0,0,0,0,0,1,ADX>=thresh;MACD_cross_up;RSI_overbought;Price>SMA20
2025-08-11T13:56:17.935956,FTNT,76.62,50.45,0.53,0.70,106.50,106.50,1,1,0,0,0,1,0,0,1,0,0,1,ADX>=thresh;MACD_cross_up;RSI_overbought;ATR>=pct;Price>SMA20
2025-08-11T13:56:20.708169,BEN,25.25,33.23,0.06,0.25,104.19,104.19,1,1,0,0,0,1,0,0,0,0,0,1,ADX>=thresh;MACD_cross_up;RSI_overbought;Price>SMA20
2025-08-11T13:56:22.507272,IT,232.32,24.02,1.35,0.58,95.08,95.08,1,1,0,0,0,1,0,0,1,0,0,1,ADX>=thresh;MACD_cross_up;RSI_overbought;ATR>=pct;Price>SMA20
2025-08-11T13:56:29.319278,GPN,82.36,52.87,0.29,0.35,72.16,72.16,1,1,0,0,0,1,0,0,0,0,0,1,ADX>=thresh;MACD_cross_up;RSI_overbought;Price>SMA20
2025-08-11T13:56:37.326533,HPE,20.98,25.83,0.08,0.38,96.95,96.95,1,1,0,0,0,1,0,0,0,0,0,1,ADX>=thresh;MACD_cross_up;RSI_overbought;Price>SMA20
2025-08-11T13:56:45.054670,HII,267.02,23.42,1.38,0.52,108.72,108.72,1,1,0,0,0,0,0,0,1,0,0,1,ADX>=thresh;MACD_cross_up;ATR>=pct;Price>SMA20
2025-08-11T13:56:48.469862,INCY,78.96,26.20,0.23,0.29,95.51,95.51,1,1,0,0,1,1,0,0,0,0,0,1,ADX>=thresh;MACD_cross_up;BB_breakout;RSI_overbought;Price>SMA20
2025-08-11T13:56:50.572826,INTC,20.77,55.69,0.16,0.76,134.58,134.58,1,1,0,0,0,1,0,0,1,0,0,1,ADX>=thresh;MACD_cross_up;RSI_overbought;ATR>=pct;Price>SMA20
2025-08-11T13:57:03.225104,JCI,105.85,25.80,0.25,0.23,92.34,92.34,1,1,0,0,0,1,0,0,0,0,0,1,ADX>=thresh;MACD_cross_up;RSI_overbought;Price>SMA20
2025-08-11T13:57:03.953940,JPM,290.17,45.38,0.63,0.22,80.79,80.79,1,1,0,0,0,1,0,0,0,0,0,1,ADX>=thresh;MACD_cross_up;RSI_overbought;Price>SMA20
2025-08-11T13:57:06.957907,KEYS,165.77,22.59,0.44,0.27,80.26,80.26,1,1,0,0,1,1,0,0,0,0,0,1,ADX>=thresh;MACD_cross_up;BB_breakout;RSI_overbought;Price>SMA20
2025-08-11T13:57:10.756119,KLAC,932.40,48.06,3.07,0.33,109.56,109.56,1,1,0,0,0,1,0,1,0,0,0,1,ADX>=thresh;MACD_cross_up;RSI_overbought;ATR>=abs;Price>SMA20
2025-08-11T13:57:44.073888,LRCX,103.69,39.89,0.43,0.41,108.52,108.52,1,1,0,0,0,1,0,0,0,0,0,1,ADX>=thresh;MACD_cross_up;RSI_overbought;Price>SMA20
2025-08-11T13:57:46.313590,LDOS,177.77,24.51,0.63,0.35,115.78,115.78,1,1,0,0,0,1,0,0,0,0,0,1,ADX>=thresh;MACD_cross_up;RSI_overbought;Price>SMA20
2025-08-11T13:57:47.799637,LII,581.75,37.87,2.60,0.45,128.55,128.55,1,1,0,0,0,0,0,1,0,0,0,1,ADX>=thresh;MACD_cross_up;ATR>=abs;Price>SMA20
2025-08-11T13:57:48.659546,LLY,641.70,32.05,3.13,0.49,75.32,75.32,1,1,0,0,0,1,0,1,0,0,0,1,ADX>=thresh;MACD_cross_up;RSI_overbought;ATR>=abs;Price>SMA20
2025-08-11T13:57:50.082310,LYV,154.86,29.75,0.60,0.39,43.84,43.84,1,1,0,0,1,1,0,0,0,0,0,1,ADX>=thresh;MACD_cross_up;BB_breakout;RSI_overbought;Price>SMA20
2025-08-11T13:58:17.205136,MCK,673.84,29.76,3.07,0.45,85.89,85.89,1,1,0,0,0,1,0,1,0,0,0,1,ADX>=thresh;MACD_cross_up;RSI_overbought;ATR>=abs;Price>SMA20
2025-08-11T13:58:20.320212,MTD,1264.80,25.67,2.88,0.23,46.44,46.44,1,1,0,0,0,1,0,1,0,0,0,1,ADX>=thresh;MACD_cross_up;RSI_overbought;ATR>=abs;Price>SMA20
2025-08-11T13:58:21.494482,MCHP,62.75,31.63,0.35,0.55,30.84,30.84,1,1,0,0,0,0,0,0,1,0,0,1,ADX>=thresh;MACD_cross_up;ATR>=pct;Price>SMA20
2025-08-11T13:58:22.411003,MU,123.73,41.89,1.17,0.94,145.60,145.60,1,1,0,0,0,1,0,0,1,0,0,1,ADX>=thresh;MACD_cross_up;RSI_overbought;ATR>=pct;Price>SMA20
2025-08-11T13:58:23.414431,MSFT,523.52,31.52,0.98,0.19,93.17,93.17,1,1,0,0,1,1,0,0,0,0,0,1,ADX>=thresh;MACD_cross_up;BB_breakout;RSI_overbought;Price>SMA20
2025-08-11T13:58:25.722493,MRNA,26.63,44.80,0.13,0.49,87.27,87.27,1,1,0,0,0,1,0,0,0,0,0,1,ADX>=thresh;MACD_cross_up;RSI_overbought;Price>SMA20
2025-08-11T13:58:28.774632,MPWR,809.99,35.38,2.94,0.36,61.09,61.09,1,1,0,0,0,0,0,1,0,0,0,1,ADX>=thresh;MACD_cross_up;ATR>=abs;Price>SMA20
2025-08-11T13:58:29.952755,MCO,517.43,25.68,0.93,0.18,83.65,83.65,1,1,0,0,0,1,0,0,0,0,0,1,ADX>=thresh;MACD_cross_up;RSI_overbought;Price>SMA20
2025-08-11T13:58:31.060445,MS,143.56,37.08,0.35,0.24,70.04,70.04,1,1,0,0,1,0,0,0,0,0,0,1,ADX>=thresh;MACD_cross_up;BB_breakout;Price>SMA20
2025-08-11T13:58:32.130083,MOS,32.57,27.16,0.13,0.38,71.43,71.43,1,1,0,0,0,1,0,0,0,0,0,1,ADX>=thresh;MACD_cross_up;RSI_overbought;Price>SMA20
2025-08-11T13:58:32.878394,MSI,461.75,31.26,2.04,0.44,95.06,95.06,1,1,0,0,0,0,0,1,0,0,0,1,ADX>=thresh;MACD_cross_up;ATR>=abs;Price>SMA20
2025-08-11T13:58:34.561464,NDAQ,97.40,35.88,0.14,0.15,48.12,48.12,1,1,0,0,1,1,0,0,0,0,0,1,ADX>=thresh;MACD_cross_up;BB_breakout;RSI_overbought;Price>SMA20
2025-08-11T13:58:38.000640,NWSA,28.82,58.18,0.07,0.24,58.71,58.71,1,1,0,0,0,1,0,0,0,0,0,1,ADX>=thresh;MACD_cross_up;RSI_overbought;Price>SMA20
2025-08-11T13:58:41.106764,NI,42.44,53.33,0.10,0.23,46.35,46.35,1,1,0,0,0,1,0,0,0,0,0,1,ADX>=thresh;MACD_cross_up;RSI_overbought;Price>SMA20
2025-08-11T13:58:45.116209,NRG,153.76,39.46,0.77,0.50,103.49,103.49,1,1,0,0,0,0,0,0,1,0,0,1,ADX>=thresh;MACD_cross_up;ATR>=pct;Price>SMA20
2025-08-11T13:58:50.521717,ON,48.94,30.71,0.24,0.49,91.17,91.17,1,1,0,0,0,1,0,0,0,0,0,1,ADX>=thresh;MACD_cross_up;RSI_overbought;Price>SMA20
2025-08-11T13:58:55.463441,PANW,170.36,45.57,0.63,0.37,79.18,79.18,1,1,0,0,0,1,0,0,0,0,0,1,ADX>=thresh;MACD_cross_up;RSI_overbought;Price>SMA20
2025-08-11T13:58:56.308846,PARA,0.00,23.11,0.04,inf,16.08,16.08,1,1,0,0,0,1,0,0,1,0,0,0,ADX>=thresh;MACD_cross_up;RSI_overbought;ATR>=pct
2025-08-11T13:58:57.124835,PH,732.45,21.06,1.97,0.27,81.47,81.47,1,1,0,0,1,1,0,0,0,0,0,1,ADX>=thresh;MACD_cross_up;BB_breakout;RSI_overbought;Price>SMA20
2025-08-11T13:59:01.410389,PFE,24.84,54.85,0.07,0.29,86.57,86.57,1,1,0,0,0,1,0,0,0,0,0,1,ADX>=thresh;MACD_cross_up;RSI_overbought;Price>SMA20
2025-08-11T13:59:02.214492,PCG,15.22,35.83,0.06,0.41,106.83,106.83,1,1,0,0,0,1,0,0,0,0,0,1,ADX>=thresh;MACD_cross_up;RSI_overbought;Price>SMA20
2025-08-11T13:59:08.214647,PG,154.26,36.94,0.26,0.17,82.71,82.71,1,1,0,0,0,1,0,0,0,0,0,1,ADX>=thresh;MACD_cross_up;RSI_overbought;Price>SMA20
2025-08-11T13:59:10.476952,PRU,104.21,28.77,0.24,0.23,70.66,70.66,1,1,0,0,0,1,0,0,0,0,0,1,ADX>=thresh;MACD_cross_up;RSI_overbought;Price>SMA20
2025-08-11T13:59:11.943286,PTC,208.26,53.98,0.50,0.24,86.73,86.73,1,1,0,0,0,1,0,0,0,0,0,1,ADX>=thresh;MACD_cross_up;RSI_overbought;Price>SMA20
2025-08-11T13:59:14.468470,QCOM,150.56,44.13,0.50,0.33,121.72,121.72,1,1,0,0,0,1,0,0,0,0,0,1,ADX>=thresh;MACD_cross_up;RSI_overbought;Price>SMA20
2025-08-11T13:59:16.075575,RL,291.44,33.72,1.08,0.37,57.11,57.11,1,1,0,0,1,1,0,0,0,0,0,1,ADX>=thresh;MACD_cross_up;BB_breakout;RSI_overbought;Price>SMA20
2025-08-11T13:59:21.849772,RMD,285.01,21.12,0.62,0.22,104.71,104.71,1,1,0,0,0,1,0,0,0,0,0,1,ADX>=thresh;MACD_cross_up;RSI_overbought;Price>SMA20
2025-08-11T13:59:24.672761,ROP,536.34,22.45,1.11,0.21,88.25,88.25,1,1,0,0,0,1,0,0,0,0,0,1,ADX>=thresh;MACD_cross_up;RSI_overbought;Price>SMA20
2025-08-11T13:59:25.598565,ROST,146.15,28.21,0.42,0.29,98.88,98.88,1,1,0,0,0,1,0,0,0,0,0,1,ADX>=thresh;MACD_cross_up;RSI_overbought;Price>SMA20
2025-08-11T13:59:30.426849,STX,155.45,51.46,0.63,0.40,117.27,117.27,1,1,0,0,0,1,0,0,0,0,0,1,ADX>=thresh;MACD_cross_up;RSI_overbought;Price>SMA20
2025-08-11T13:59:41.556539,SMCI,45.95,31.37,0.31,0.66,80.15,80.15,1,1,0,0,0,1,0,0,1,0,0,1,ADX>=thresh;MACD_cross_up;RSI_overbought;ATR>=pct;Price>SMA20
2025-08-11T13:59:45.621656,TROW,105.91,21.31,0.19,0.18,55.29,55.29,1,1,0,0,1,1,0,0,0,0,0,1,ADX>=thresh;MACD_cross_up;BB_breakout;RSI_overbought;Price>SMA20
2025-08-11T13:59:46.278462,TTWO,224.45,40.43,1.58,0.71,73.55,73.55,1,1,0,0,0,1,0,0,1,0,0,1,ADX>=thresh;MACD_cross_up;RSI_overbought;ATR>=pct;Price>SMA20
2025-08-11T13:59:50.996049,TSLA,340.07,46.20,2.27,0.67,109.93,109.93,1,1,0,0,0,1,0,1,1,0,0,1,ADX>=thresh;MACD_cross_up;RSI_overbought;ATR>=abs;ATR>=pct;Price>SMA20
2025-08-11T13:59:54.559249,TKO,171.41,42.24,1.26,0.74,128.19,128.19,1,1,0,0,0,1,0,0,1,0,0,1,ADX>=thresh;MACD_cross_up;RSI_overbought;ATR>=pct;Price>SMA20
2025-08-11T14:00:04.133184,UPS,87.67,31.75,0.28,0.32,105.92,105.92,1,1,0,0,0,1,0,0,0,0,0,1,ADX>=thresh;MACD_cross_up;RSI_overbought;Price>SMA20
2025-08-11T14:00:08.095565,VRSK,266.86,31.44,0.58,0.22,78.36,78.36,1,1,0,0,1,1,0,0,0,0,0,1,ADX>=thresh;MACD_cross_up;BB_breakout;RSI_overbought;Price>SMA20
2025-08-11T14:00:09.499236,VRTX,373.35,31.69,1.85,0.50,109.21,109.21,1,1,0,0,0,1,0,0,0,0,0,1,ADX>=thresh;MACD_cross_up;RSI_overbought;Price>SMA20
2025-08-11T14:00:10.355291,VTRS,10.02,47.16,0.07,0.69,75.07,75.07,1,1,0,0,0,1,0,0,1,0,0,1,ADX>=thresh;MACD_cross_up;RSI_overbought;ATR>=pct;Price>SMA20
2025-08-11T14:00:19.208961,WAT,282.46,27.60,0.64,0.23,71.80,71.80,1,1,0,0,0,1,0,0,0,0,0,1,ADX>=thresh;MACD_cross_up;RSI_overbought;Price>SMA20
2025-08-11T14:00:21.208352,WELL,168.97,50.26,0.41,0.24,82.76,82.76,1,1,0,0,0,1,0,0,0,0,0,1,ADX>=thresh;MACD_cross_up;RSI_overbought;Price>SMA20
2025-08-11T14:00:21.819052,WST,242.64,34.75,0.83,0.34,96.61,96.61,1,1,0,0,0,1,0,0,0,0,0,1,ADX>=thresh;MACD_cross_up;RSI_overbought;Price>SMA20
2025-08-11T14:00:22.600688,WDC,76.44,48.64,0.28,0.36,84.86,84.86,1,1,0,0,0,1,0,0,0,0,0,1,ADX>=thresh;MACD_cross_up;RSI_overbought;Price>SMA20
2025-08-11T14:00:26.012225,WYNN,107.64,22.97,0.48,0.45,41.82,41.82,1,1,0,0,0,1,0,0,0,0,0,1,ADX>=thresh;MACD_cross_up;RSI_overbought;Price>SMA20
2025-08-11T14:00:39.346105,ADBE,342.89,24.63,1.64,0.48,97.00,97.00,1,1,0,0,0,1,0,0,0,0,0,1,ADX>=thresh;MACD_cross_up;RSI_overbought;Price>SMA20
2025-08-11T14:00:40.409601,AMD,173.71,22.77,1.05,0.60,100.47,100.47,1,1,0,0,0,0,0,0,1,0,0,1,ADX>=thresh;MACD_cross_up;ATR>=pct;Price>SMA20
2025-08-11T14:00:43.565037,AKAM,72.71,36.03,0.47,0.64,36.50,36.50,1,1,0,0,0,1,0,0,1,0,0,1,ADX>=thresh;MACD_cross_up;RSI_overbought;ATR>=pct;Price>SMA20
2025-08-11T14:00:54.953307,AMP,507.88,21.58,1.11,0.22,116.39,116.39,1,1,0,0,1,1,0,0,0,0,0,1,ADX>=thresh;MACD_cross_up;BB_breakout;RSI_overbought;Price>SMA20
2025-08-11T14:00:57.595289,ADI,227.19,41.38,0.62,0.27,69.84,69.84,1,1,0,0,0,1,0,0,0,0,0,1,ADX>=thresh;MACD_cross_up;RSI_overbought;Price>SMA20
2025-08-11T14:01:00.289044,APO,143.91,44.74,0.53,0.37,77.10,77.10,1,1,0,0,0,1,0,0,0,0,0,1,ADX>=thresh;MACD_cross_up;RSI_overbought;Price>SMA20
2025-08-11T14:01:01.624153,AMAT,189.12,45.41,0.66,0.35,121.06,121.06,1,1,0,0,0,1,0,0,0,0,0,1,ADX>=thresh;MACD_cross_up;RSI_overbought;Price>SMA20
2025-08-11T14:01:04.374698,ANET,141.41,46.68,0.66,0.47,92.62,92.62,1,1,0,0,0,1,0,0,0,0,0,1,ADX>=thresh;MACD_cross_up;RSI_overbought;Price>SMA20
2025-08-11T14:01:21.795475,BLK,1127.50,24.65,1.99,0.18,40.22,40.22,1,1,0,0,0,1,0,0,0,0,0,1,ADX>=thresh;MACD_cross_up;RSI_overbought;Price>SMA20
2025-08-11T14:01:41.906643,CBRE,156.12,25.39,0.44,0.28,66.57,66.57,1,1,0,0,1,0,0,0,0,0,0,1,ADX>=thresh;MACD_cross_up;BB_breakout;Price>SMA20
2025-08-11T14:01:42.611411,CDW,164.76,36.35,0.44,0.27,59.15,59.15,1,1,0,0,0,1,0,0,0,0,0,1,ADX>=thresh;MACD_cross_up;RSI_overbought;Price>SMA20
2025-08-11T14:01:43.575634,COR,288.60,52.32,0.94,0.32,78.49,78.49,1,1,0,0,0,1,0,0,0,0,0,1,ADX>=thresh;MACD_cross_up;RSI_overbought;Price>SMA20
2025-08-11T14:01:45.145723,CF,83.56,30.00,0.48,0.58,92.74,92.74,1,1,0,0,0,1,0,0,1,0,0,1,ADX>=thresh;MACD_cross_up;RSI_overbought;ATR>=pct;Price>SMA20
2025-08-11T14:01:46.366700,SCHW,97.60,21.06,0.18,0.18,81.50,81.50,1,1,0,0,1,1,0,0,0,0,0,1,ADX>=thresh;MACD_cross_up;BB_breakout;RSI_overbought;Price>SMA20
2025-08-11T14:01:49.504472,CHD,91.36,25.21,0.17,0.18,46.67,46.67,1,1,0,0,0,1,0,0,0,0,0,1,ADX>=thresh;MACD_cross_up;RSI_overbought;Price>SMA20
2025-08-11T14:01:51.886309,CSCO,72.16,30.73,0.22,0.31,68.68,68.68,1,1,0,0,1,1,0,0,0,0,0,1,ADX>=thresh;MACD_cross_up;BB_breakout;RSI_overbought;Price>SMA20
2025-08-11T14:01:54.691621,CME,284.31,36.48,0.59,0.21,73.91,73.91,1,1,0,0,1,1,0,0,0,0,0,1,ADX>=thresh;MACD_cross_up;BB_breakout;RSI_overbought;Price>SMA20
2025-08-11T14:02:03.570230,CPRT,46.65,20.45,0.12,0.25,75.40,75.40,1,1,0,0,1,1,0,0,0,0,0,1,ADX>=thresh;MACD_cross_up;BB_breakout;RSI_overbought;Price>SMA20
2025-08-11T14:02:06.392392,CTVA,71.97,31.65,0.22,0.30,92.66,92.66,1,1,0,0,0,1,0,0,0,0,0,1,ADX>=thresh;MACD_cross_up;RSI_overbought;Price>SMA20
2025-08-11T14:02:08.268799,COST,983.24,27.57,1.56,0.16,66.41,66.41,1,1,0,0,1,1,0,0,0,0,0,1,ADX>=thresh;MACD_cross_up;BB_breakout;RSI_overbought;Price>SMA20
2025-08-11T14:02:09.685293,CRWD,430.34,27.93,2.07,0.48,88.97,88.97,1,1,0,0,0,1,0,1,0,0,0,1,ADX>=thresh;MACD_cross_up;RSI_overbought;ATR>=abs;Price>SMA20
2025-08-11T14:02:11.956997,CMI,391.37,25.36,1.27,0.32,93.90,93.90,1,1,0,0,0,1,0,0,0,0,0,1,ADX>=thresh;MACD_cross_up;RSI_overbought;Price>SMA20
2025-08-11T14:02:42.830404,ADBE,342.85,24.56,1.71,0.50,100.20,100.20,1,1,0,0,0,1,0,0,0,0,0,1,ADX>=thresh;MACD_cross_up;RSI_overbought;Price>SMA20
2025-08-11T14:02:43.717244,AMD,173.54,22.59,1.06,0.61,101.77,101.77,1,1,0,0,0,0,0,0,1,0,0,1,ADX>=thresh;MACD_cross_up;ATR>=pct;Price>SMA20
2025-08-11T14:02:47.614473,AKAM,72.68,36.76,0.47,0.65,38.25,38.25,1,1,0,0,0,1,0,0,1,0,0,1,ADX>=thresh;MACD_cross_up;RSI_overbought;ATR>=pct;Price>SMA20
2025-08-11T14:02:52.605237,MO,64.86,43.83,0.18,0.27,117.08,117.08,1,1,0,0,0,1,0,0,0,0,0,1,ADX>=thresh;MACD_cross_up;RSI_overbought;Price>SMA20
2025-08-11T14:02:57.874975,AMP,507.73,23.62,1.10,0.22,92.41,92.41,1,1,0,0,1,1,0,0,0,0,0,1,ADX>=thresh;MACD_cross_up;BB_breakout;RSI_overbought;Price>SMA20
2025-08-11T14:03:00.077903,ADI,227.43,41.38,0.65,0.29,74.55,74.55,1,1,0,0,0,1,0,0,0,0,0,1,ADX>=thresh;MACD_cross_up;RSI_overbought;Price>SMA20
2025-08-11T14:03:02.115541,APO,143.91,44.07,0.55,0.38,80.00,80.00,1,1,0,0,0,1,0,0,0,0,0,1,ADX>=thresh;MACD_cross_up;RSI_overbought;Price>SMA20
2025-08-11T14:03:03.607605,AMAT,189.01,44.96,0.69,0.36,123.41,123.41,1,1,0,0,0,1,0,0,0,0,0,1,ADX>=thresh;MACD_cross_up;RSI_overbought;Price>SMA20
2025-08-11T14:03:05.957627,ANET,141.31,46.68,0.68,0.48,94.73,94.73,1,1,0,0,0,1,0,0,0,0,0,1,ADX>=thresh;MACD_cross_up;RSI_overbought;Price>SMA20
2025-08-11T14:03:21.016328,BLK,1129.17,24.78,2.11,0.19,47.32,47.32,1,1,0,0,1,1,0,1,0,0,0,1,ADX>=thresh;MACD_cross_up;BB_breakout;RSI_overbought;ATR>=abs;Price>SMA20
2025-08-11T14:03:27.979382,AVGO,307.21,29.50,1.22,0.40,108.33,108.33,1,1,0,0,0,1,0,0,0,0,0,1,ADX>=thresh;MACD_cross_up;RSI_overbought;Price>SMA20
2025-08-11T14:03:37.158108,KMX,55.72,34.00,0.25,0.46,110.27,110.27,1,1,0,0,0,1,0,0,0,0,0,1,ADX>=thresh;MACD_cross_up;RSI_overbought;Price>SMA20
2025-08-11T14:03:41.879730,CDW,164.76,36.35,0.44,0.27,59.15,59.15,1,1,0,0,0,1,0,0,0,0,0,1,ADX>=thresh;MACD_cross_up;RSI_overbought;Price>SMA20
2025-08-11T14:03:44.607331,CF,83.31,30.99,0.51,0.61,96.82,96.82,1,1,0,0,0,1,0,0,1,0,0,1,ADX>=thresh;MACD_cross_up;RSI_overbought;ATR>=pct;Price>SMA20
2025-08-11T14:03:52.085587,CHD,91.27,25.21,0.17,0.18,47.68,47.68,1,1,0,0,0,1,0,0,0,0,0,1,ADX>=thresh;MACD_cross_up;RSI_overbought;Price>SMA20
2025-08-11T14:03:54.144627,CSCO,72.18,30.83,0.22,0.31,70.62,70.62,1,1,0,0,1,1,0,0,0,0,0,1,ADX>=thresh;MACD_cross_up;BB_breakout;RSI_overbought;Price>SMA20
2025-08-11T14:03:56.871957,CME,284.23,36.39,0.58,0.20,71.49,71.49,1,1,0,0,0,1,0,0,0,0,0,1,ADX>=thresh;MACD_cross_up;RSI_overbought;Price>SMA20
2025-08-11T14:03:59.063917,COIN,326.30,62.27,3.06,0.94,111.36,111.36,1,1,0,0,0,1,0,1,1,0,0,1,ADX>=thresh;MACD_cross_up;RSI_overbought;ATR>=abs;ATR>=pct;Price>SMA20
2025-08-11T14:03:59.645928,CL,84.93,23.01,0.15,0.18,53.98,53.98,1,1,0,0,0,1,0,0,0,0,0,1,ADX>=thresh;MACD_cross_up;RSI_overbought;Price>SMA20
2025-08-11T14:04:04.251573,CPRT,46.67,20.82,0.12,0.26,78.93,78.93,1,1,0,0,1,1,0,0,0,0,0,1,ADX>=thresh;MACD_cross_up;BB_breakout;RSI_overbought;Price>SMA20
2025-08-11T14:04:06.109942,CTVA,72.06,31.90,0.22,0.31,95.68,95.68,1,1,0,0,0,1,0,0,0,0,0,1,ADX>=thresh;MACD_cross_up;RSI_overbought;Price>SMA20
2025-08-11T14:04:08.489523,CRWD,430.00,28.03,2.08,0.48,91.27,91.27,1,1,0,0,0,1,0,1,0,0,0,1,ADX>=thresh;MACD_cross_up;RSI_overbought;ATR>=abs;Price>SMA20
2025-08-11T14:04:14.127073,DELL,139.85,30.40,0.65,0.47,96.14,96.14,1,1,0,0,1,1,0,0,0,0,0,1,ADX>=thresh;MACD_cross_up;BB_breakout;RSI_overbought;Price>SMA20
2025-08-11T14:04:26.070049,EBAY,94.59,35.55,0.39,0.42,144.06,144.06,1,1,0,0,0,1,0,0,0,0,0,1,ADX>=thresh;MACD_cross_up;RSI_overbought;Price>SMA20
2025-08-11T14:04:27.674002,EIX,54.92,57.83,0.28,0.50,89.16,89.16,1,1,0,0,0,1,0,0,1,0,0,1,ADX>=thresh;MACD_cross_up;RSI_overbought;ATR>=pct;Price>SMA20
2025-08-11T14:04:35.932459,EQIX,776.93,23.76,1.71,0.22,79.38,79.38,1,1,0,0,1,0,0,0,0,0,0,1,ADX>=thresh;MACD_cross_up;BB_breakout;Price>SMA20
2025-08-11T14:04:39.442146,ES,65.45,39.95,0.16,0.25,74.91,74.91,1,1,0,0,0,1,0,0,0,0,0,1,ADX>=thresh;MACD_cross_up;RSI_overbought;Price>SMA20
2025-08-11T14:04:45.171632,FRT,91.67,38.32,0.21,0.23,45.33,45.33,1,1,0,0,1,1,0,0,0,0,0,1,ADX>=thresh;MACD_cross_up;BB_breakout;RSI_overbought;Price>SMA20
2025-08-11T14:04:49.472856,FTNT,76.67,53.60,0.57,0.74,98.67,98.67,1,1,0,0,0,1,0,0,1,0,0,1,ADX>=thresh;MACD_cross_up;RSI_overbought;ATR>=pct;Price>SMA20
2025-08-11T14:04:52.133825,BEN,25.36,47.53,0.07,0.27,100.35,100.35,1,1,0,0,0,1,0,0,0,0,0,1,ADX>=thresh;MACD_cross_up;RSI_overbought;Price>SMA20
2025-08-11T14:04:53.970013,IT,232.89,31.46,1.36,0.58,87.26,87.26,1,1,0,0,0,1,0,0,1,0,0,1,ADX>=thresh;MACD_cross_up;RSI_overbought;ATR>=pct;Price>SMA20
2025-08-11T14:04:58.221247,GEV,646.90,28.36,3.18,0.49,118.29,118.29,1,1,0,0,0,0,0,1,0,0,0,1,ADX>=thresh;MACD_cross_up;ATR>=abs;Price>SMA20
2025-08-11T14:04:59.014389,GEN,30.96,53.66,0.17,0.54,74.50,74.50,1,1,0,0,0,0,0,0,1,0,0,1,ADX>=thresh;MACD_cross_up;ATR>=pct;Price>SMA20
2025-08-11T14:05:03.481100,GPN,82.68,55.71,0.29,0.36,71.15,71.15,1,1,0,0,0,1,0,0,0,0,0,1,ADX>=thresh;MACD_cross_up;RSI_overbought;Price>SMA20
2025-08-11T14:05:07.394345,HIG,128.89,25.85,0.20,0.16,74.62,74.62,1,1,0,0,0,1,0,0,0,0,0,1,ADX>=thresh;MACD_cross_up;RSI_overbought;Price>SMA20
2025-08-11T14:05:10.435030,HSIC,66.39,24.93,0.24,0.36,61.68,61.68,1,1,0,0,0,1,0,0,0,0,0,1,ADX>=thresh;MACD_cross_up;RSI_overbought;Price>SMA20
2025-08-11T14:05:12.511077,HPE,21.00,43.03,0.07,0.33,11.99,11.99,1,1,0,0,0,1,0,0,0,0,0,1,ADX>=thresh;MACD_cross_up;RSI_overbought;Price>SMA20
2025-08-11T14:05:26.533591,INCY,79.03,32.86,0.24,0.31,52.05,52.05,1,1,0,0,0,1,0,0,0,0,0,1,ADX>=thresh;MACD_cross_up;RSI_overbought;Price>SMA20
2025-08-11T14:05:33.998441,INVH,30.09,41.82,0.06,0.21,46.47,46.47,1,1,0,0,0,1,0,0,0,0,0,1,ADX>=thresh;MACD_cross_up;RSI_overbought;Price>SMA20
2025-08-11T14:05:39.223552,JCI,105.84,23.26,0.25,0.24,51.58,51.58,1,1,0,0,0,1,0,0,0,0,0,1,ADX>=thresh;MACD_cross_up;RSI_overbought;Price>SMA20
2025-08-11T14:05:40.072126,JPM,290.52,44.75,0.62,0.21,49.50,49.50,1,1,0,0,0,1,0,0,0,0,0,1,ADX>=thresh;MACD_cross_up;RSI_overbought;Price>SMA20
2025-08-11T14:05:44.791259,KIM,20.92,47.94,0.05,0.23,12.04,12.04,1,1,0,0,1,1,0,0,0,0,0,1,ADX>=thresh;MACD_cross_up;BB_breakout;RSI_overbought;Price>SMA20
2025-08-11T14:05:51.239115,LW,51.95,37.63,0.20,0.38,28.79,28.79,1,1,0,0,0,1,0,0,0,0,0,1,ADX>=thresh;MACD_cross_up;RSI_overbought;Price>SMA20
2025-08-11T14:05:52.708228,LDOS,178.28,30.49,0.56,0.32,48.05,48.05,1,1,0,0,0,1,0,0,0,0,0,1,ADX>=thresh;MACD_cross_up;RSI_overbought;Price>SMA20
2025-08-11T14:05:54.111551,LII,581.54,37.73,2.75,0.47,136.43,136.43,1,1,0,0,0,0,0,1,0,0,0,1,ADX>=thresh;MACD_cross_up;ATR>=abs;Price>SMA20
2025-08-11T14:05:54.856662,LLY,643.84,37.66,3.36,0.52,16.81,16.81,1,1,0,0,0,1,0,1,1,0,0,1,ADX>=thresh;MACD_cross_up;RSI_overbought;ATR>=abs;ATR>=pct;Price>SMA20
2025-08-11T14:05:56.562447,LYV,155.03,25.84,0.65,0.42,44.99,44.99,1,1,0,0,0,1,0,0,0,0,0,1,ADX>=thresh;MACD_cross_up;RSI_overbought;Price>SMA20
2025-08-11T14:06:03.281305,MMC,204.53,30.41,0.38,0.19,31.63,31.63,1,1,0,0,0,1,0,0,0,0,0,1,ADX>=thresh;MACD_cross_up;RSI_overbought;Price>SMA20
2025-08-11T14:06:07.141802,MCD,306.53,24.31,0.72,0.24,73.75,73.75,1,1,0,0,0,1,0,0,0,0,0,1,ADX>=thresh;MACD_cross_up;RSI_overbought;Price>SMA20
2025-08-11T14:06:07.874671,MCK,677.17,22.88,3.14,0.46,63.42,63.42,1,1,0,0,0,1,0,1,0,0,0,1,ADX>=thresh;MACD_cross_up;RSI_overbought;ATR>=abs;Price>SMA20
2025-08-11T14:06:10.776674,MTD,1258.62,23.55,4.07,0.32,77.59,77.59,1,1,0,0,0,0,0,1,0,0,0,1,ADX>=thresh;MACD_cross_up;ATR>=abs;Price>SMA20
2025-08-11T14:06:11.906914,MCHP,62.35,28.31,0.36,0.58,8.20,8.20,1,1,0,0,0,0,0,0,1,0,0,1,ADX>=thresh;MACD_cross_up;ATR>=pct;Price>SMA20
2025-08-11T14:06:13.091218,MSFT,524.98,31.97,1.09,0.21,52.30,52.30,1,1,0,0,1,1,0,0,0,0,0,1,ADX>=thresh;MACD_cross_up;BB_breakout;RSI_overbought;Price>SMA20
2025-08-11T14:06:14.307997,MRNA,26.59,52.09,0.13,0.51,52.27,52.27,1,1,0,0,0,1,0,0,1,0,0,1,ADX>=thresh;MACD_cross_up;RSI_overbought;ATR>=pct;Price>SMA20
2025-08-11T14:06:17.217223,MPWR,809.20,36.85,3.01,0.37,56.88,56.88,1,1,0,0,0,0,0,1,0,0,0,1,ADX>=thresh;MACD_cross_up;ATR>=abs;Price>SMA20
2025-08-11T14:06:21.588166,NDAQ,97.39,38.66,0.14,0.15,9.72,9.72,1,1,0,0,0,1,0,0,0,0,0,1,ADX>=thresh;MACD_cross_up;RSI_overbought;Price>SMA20
2025-08-11T14:06:34.616266,ON,48.87,37.93,0.26,0.52,19.38,19.38,1,1,0,0,0,1,0,0,1,0,0,1,ADX>=thresh;MACD_cross_up;RSI_overbought;ATR>=pct;Price>SMA20
2025-08-11T14:06:35.707904,ORCL,252.19,21.17,1.48,0.59,71.41,71.41,1,1,0,0,0,0,0,0,1,0,0,1,ADX>=thresh;MACD_cross_up;ATR>=pct;Price>SMA20
2025-08-11T14:06:38.342036,PANW,170.61,46.06,0.68,0.40,15.88,15.88,1,1,0,0,0,1,0,0,0,0,0,1,ADX>=thresh;MACD_cross_up;RSI_overbought;Price>SMA20
2025-08-11T14:06:39.029692,PARA,0.00,23.11,0.04,inf,16.08,16.08,1,1,0,0,0,1,0,0,1,0,0,0,ADX>=thresh;MACD_cross_up;RSI_overbought;ATR>=pct
2025-08-11T14:06:42.267898,PNR,103.33,30.29,0.19,0.18,28.95,28.95,1,1,0,0,0,1,0,0,0,0,0,1,ADX>=thresh;MACD_cross_up;RSI_overbought;Price>SMA20
2025-08-11T14:06:44.072152,PCG,15.23,40.36,0.07,0.45,29.32,29.32,1,1,0,0,0,1,0,0,0,0,0,1,ADX>=thresh;MACD_cross_up;RSI_overbought;Price>SMA20
2025-08-11T14:06:49.807730,PG,154.33,32.26,0.26,0.17,39.51,39.51,1,1,0,0,0,1,0,0,0,0,0,1,ADX>=thresh;MACD_cross_up;RSI_overbought;Price>SMA20
2025-08-11T14:06:51.263455,PRU,104.29,32.11,0.27,0.26,28.23,28.23,1,1,0,0,0,1,0,0,0,0,0,1,ADX>=thresh;MACD_cross_up;RSI_overbought;Price>SMA20
2025-08-11T14:06:52.503899,PTC,208.02,54.03,0.52,0.25,22.68,22.68,1,1,0,0,0,1,0,0,0,0,0,1,ADX>=thresh;MACD_cross_up;RSI_overbought;Price>SMA20
2025-08-11T14:06:56.732991,RJF,165.89,28.16,0.37,0.22,35.77,35.77,1,1,0,0,0,1,0,0,0,0,0,1,ADX>=thresh;MACD_cross_up;RSI_overbought;Price>SMA20
2025-08-11T14:06:58.019419,O,57.69,48.96,0.10,0.18,7.05,7.05,1,1,0,0,1,0,0,0,0,0,0,1,ADX>=thresh;MACD_cross_up;BB_breakout;Price>SMA20
2025-08-11T14:07:03.537442,ROST,146.73,29.22,0.46,0.32,74.92,74.92,1,1,0,0,1,1,0,0,0,0,0,1,ADX>=thresh;MACD_cross_up;BB_breakout;RSI_overbought;Price>SMA20
2025-08-11T14:07:07.255871,STX,155.96,59.75,0.67,0.43,64.25,64.25,1,1,0,0,0,1,0,0,0,0,0,1,ADX>=thresh;MACD_cross_up;RSI_overbought;Price>SMA20
2025-08-11T14:07:10.796766,SJM,111.26,34.39,0.35,0.31,44.26,44.26,1,1,0,0,0,1,0,0,0,0,0,1,ADX>=thresh;MACD_cross_up;RSI_overbought;Price>SMA20
2025-08-11T14:07:19.011771,SMCI,45.87,39.28,0.33,0.72,45.20,45.20,1,1,0,0,0,1,0,0,1,0,0,1,ADX>=thresh;MACD_cross_up;RSI_overbought;ATR>=pct;Price>SMA20
2025-08-11T14:07:21.124025,TMUS,247.09,30.19,0.59,0.24,26.72,26.72,1,1,0,0,0,1,0,0,0,0,0,1,ADX>=thresh;MACD_cross_up;RSI_overbought;Price>SMA20
2025-08-11T14:07:22.673081,TTWO,225.51,43.75,1.58,0.70,10.00,10.00,1,1,0,0,0,1,0,0,1,0,0,1,ADX>=thresh;MACD_cross_up;RSI_overbought;ATR>=pct;Price>SMA20
2025-08-11T14:07:30.035270,TKO,172.92,51.39,1.52,0.88,50.20,50.20,1,1,0,0,0,1,0,0,1,0,0,1,ADX>=thresh;MACD_cross_up;RSI_overbought;ATR>=pct;Price>SMA20
2025-08-11T14:07:33.036370,TRMB,84.44,39.99,0.24,0.29,30.31,30.31,1,1,0,0,0,1,0,0,0,0,0,1,ADX>=thresh;MACD_cross_up;RSI_overbought;Price>SMA20
2025-08-11T14:07:34.220521,TYL,597.00,39.86,1.00,0.17,58.45,58.45,1,1,0,0,0,1,0,0,0,0,0,1,ADX>=thresh;MACD_cross_up;RSI_overbought;Price>SMA20
2025-08-11T14:07:42.696705,VRSK,266.78,32.25,0.58,0.22,49.23,49.23,1,1,0,0,0,1,0,0,0,0,0,1,ADX>=thresh;MACD_cross_up;RSI_overbought;Price>SMA20
2025-08-11T14:07:44.337255,VRTX,375.10,33.53,2.10,0.56,39.95,39.95,1,1,0,0,0,1,0,1,1,0,0,1,ADX>=thresh;MACD_cross_up;RSI_overbought;ATR>=abs;ATR>=pct;Price>SMA20
2025-08-11T14:07:45.119517,VTRS,10.05,51.20,0.07,0.72,16.59,16.59,1,1,0,0,0,1,0,0,1,0,0,1,ADX>=thresh;MACD_cross_up;RSI_overbought;ATR>=pct;Price>SMA20
2025-08-11T14:07:45.775530,VICI,32.98,36.08,0.06,0.18,34.44,34.44,1,1,0,0,1,1,0,0,0,0,0,1,ADX>=thresh;MACD_cross_up;BB_breakout;RSI_overbought;Price>SMA20
2025-08-11T14:07:54.083747,WFC,77.96,24.97,0.19,0.25,34.96,34.96,1,1,0,0,0,1,0,0,0,0,0,1,ADX>=thresh;MACD_cross_up;RSI_overbought;Price>SMA20
2025-08-11T14:07:56.327971,WDC,76.42,53.44,0.30,0.39,15.08,15.08,1,1,0,0,0,1,0,0,0,0,0,1,ADX>=thresh;MACD_cross_up;RSI_overbought;Price>SMA20
2025-08-11T14:08:13.093319,AMD,174.52,20.85,1.14,0.65,62.47,62.47,1,1,0,0,0,1,0,0,1,0,0,1,ADX>=thresh;MACD_cross_up;RSI_overbought;ATR>=pct;Price>SMA20
2025-08-11T14:08:14.732785,A,115.49,28.39,0.27,0.23,34.23,34.23,1,1,0,0,0,1,0,0,0,0,0,1,ADX>=thresh;MACD_cross_up;RSI_overbought;Price>SMA20
2025-08-11T14:08:16.636515,AKAM,72.73,40.34,0.47,0.65,3.20,3.20,1,1,0,0,0,1,0,0,1,0,0,1,ADX>=thresh;MACD_cross_up;RSI_overbought;ATR>=pct;Price>SMA20
2025-08-11T14:08:21.679542,MO,65.02,47.93,0.17,0.27,50.07,50.07,1,1,0,0,0,1,0,0,0,0,0,1,ADX>=thresh;MACD_cross_up;RSI_overbought;Price>SMA20
2025-08-11T14:08:31.159249,ADI,227.16,45.14,0.67,0.29,6.68,6.68,1,1,0,0,0,1,0,0,0,0,0,1,ADX>=thresh;MACD_cross_up;RSI_overbought;Price>SMA20
2025-08-11T14:08:32.486639,AON,368.17,27.23,0.88,0.24,28.31,28.31,1,1,0,0,0,1,0,0,0,0,0,1,ADX>=thresh;MACD_cross_up;RSI_overbought;Price>SMA20
2025-08-11T14:08:36.999891,ADM,58.59,26.72,0.26,0.44,65.64,65.64,1,1,0,0,1,1,0,0,0,0,0,1,ADX>=thresh;MACD_cross_up;BB_breakout;RSI_overbought;Price>SMA20
2025-08-11T14:08:54.282519,BAC,46.21,53.65,0.10,0.22,16.50,16.50,1,1,0,0,1,1,0,0,0,0,0,1,ADX>=thresh;MACD_cross_up;BB_breakout;RSI_overbought;Price>SMA20
2025-08-11T14:08:58.742701,BLK,1129.10,27.01,2.26,0.20,35.51,35.51,1,1,0,0,0,1,0,1,0,0,0,1,ADX>=thresh;MACD_cross_up;RSI_overbought;ATR>=abs;Price>SMA20
2025-08-11T14:09:01.283557,BKNG,5423.73,22.50,10.81,0.20,34.76,34.76,1,1,0,0,1,1,0,1,0,0,0,1,ADX>=thresh;MACD_cross_up;BB_breakout;RSI_overbought;ATR>=abs;Price>SMA20
2025-08-11T14:09:02.842326,AVGO,307.66,29.99,1.29,0.42,51.46,51.46,1,1,0,0,0,1,0,0,0,0,0,1,ADX>=thresh;MACD_cross_up;RSI_overbought;Price>SMA20
2025-08-11T14:09:10.999197,KMX,55.99,34.09,0.23,0.42,35.75,35.75,1,1,0,0,0,1,0,0,0,0,0,1,ADX>=thresh;MACD_cross_up;RSI_overbought;Price>SMA20
2025-08-11T14:09:16.175083,COR,288.93,49.81,1.04,0.36,71.08,71.08,1,1,0,0,0,1,0,0,0,0,0,1,ADX>=thresh;MACD_cross_up;RSI_overbought;Price>SMA20
2025-08-11T14:09:17.938229,CF,83.16,36.14,0.49,0.58,19.76,19.76,1,1,0,0,0,1,0,0,1,0,0,1,ADX>=thresh;MACD_cross_up;RSI_overbought;ATR>=pct;Price>SMA20
2025-08-11T14:09:18.947334,SCHW,97.59,29.19,0.18,0.18,48.33,48.33,1,1,0,0,0,1,0,0,0,0,0,1,ADX>=thresh;MACD_cross_up;RSI_overbought;Price>SMA20
2025-08-11T14:09:24.585515,CSCO,72.06,31.86,0.23,0.32,15.29,15.29,1,1,0,0,0,1,0,0,0,0,0,1,ADX>=thresh;MACD_cross_up;RSI_overbought;Price>SMA20
2025-08-11T14:09:26.995272,CME,284.09,38.07,0.63,0.22,60.60,60.60,1,1,0,0,0,1,0,0,0,0,0,1,ADX>=thresh;MACD_cross_up;RSI_overbought;Price>SMA20
2025-08-11T14:09:28.423491,KO,70.42,30.68,0.12,0.17,36.32,36.32,1,1,0,0,1,1,0,0,0,0,0,1,ADX>=thresh;MACD_cross_up;BB_breakout;RSI_overbought;Price>SMA20
2025-08-11T14:09:35.305230,CPAY,304.50,20.50,1.06,0.35,30.01,30.01,1,1,0,0,1,0,0,0,0,0,0,1,ADX>=thresh;MACD_cross_up;BB_breakout;Price>SMA20
2025-08-11T14:09:38.163359,CTRA,24.12,28.43,0.07,0.30,50.41,50.41,1,1,0,0,0,1,0,0,0,0,0,1,ADX>=thresh;MACD_cross_up;RSI_overbought;Price>SMA20
2025-08-11T14:09:38.989622,CRWD,429.75,28.10,2.20,0.51,37.28,37.28,1,1,0,0,0,1,0,1,1,0,0,1,ADX>=thresh;MACD_cross_up;RSI_overbought;ATR>=abs;ATR>=pct;Price>SMA20
2025-08-11T14:09:45.346231,DELL,140.32,32.03,0.68,0.49,46.91,46.91,1,1,0,0,1,1,0,0,0,0,0,1,ADX>=thresh;MACD_cross_up;BB_breakout;RSI_overbought;Price>SMA20
2025-08-11T14:10:12.000449,FRT,91.70,29.11,0.22,0.24,10.51,10.51,1,1,0,0,1,1,0,0,0,0,0,1,ADX>=thresh;MACD_cross_up;BB_breakout;RSI_overbought;Price>SMA20
2025-08-11T14:10:16.737332,FTNT,76.34,62.40,0.58,0.76,22.80,22.80,1,1,0,0,0,1,0,0,1,0,0,1,ADX>=thresh;MACD_cross_up;RSI_overbought;ATR>=pct;Price>SMA20
2025-08-11T14:10:19.129792,BEN,25.39,52.95,0.07,0.27,53.29,53.29,1,1,0,0,0,1,0,0,0,0,0,1,ADX>=thresh;MACD_cross_up;RSI_overbought;Price>SMA20
2025-08-11T14:10:20.955988,IT,234.10,37.17,1.47,0.63,28.20,28.20,1,1,0,0,0,1,0,0,1,0,0,1,ADX>=thresh;MACD_cross_up;RSI_overbought;ATR>=pct;Price>SMA20
2025-08-11T14:10:22.679027,GEV,646.88,22.82,3.10,0.48,24.95,24.95,1,1,0,0,0,0,0,1,0,0,0,1,ADX>=thresh;MACD_cross_up;ATR>=abs;Price>SMA20
2025-08-11T14:10:23.575742,GEN,31.05,45.49,0.17,0.55,17.68,17.68,1,1,0,0,0,1,0,0,1,0,0,1,ADX>=thresh;MACD_cross_up;RSI_overbought;ATR>=pct;Price>SMA20
2025-08-11T14:10:28.693445,GPN,82.66,60.02,0.29,0.35,-12.63,-12.63,1,1,0,0,0,1,0,0,0,0,0,1,ADX>=thresh;MACD_cross_up;RSI_overbought;Price>SMA20
2025-08-11T14:10:32.243717,HIG,128.93,28.44,0.20,0.16,9.18,9.18,1,1,0,0,0,1,0,0,0,0,0,1,ADX>=thresh;MACD_cross_up;RSI_overbought;Price>SMA20
2025-08-11T14:10:32.955365,HAS,77.81,30.08,0.19,0.25,9.68,9.68,1,1,0,0,1,0,0,0,0,0,0,1,ADX>=thresh;MACD_cross_up;BB_breakout;Price>SMA20
2025-08-11T14:10:47.687375,INCY,79.19,35.15,0.26,0.33,33.71,33.71,1,1,0,0,0,1,0,0,0,0,0,1,ADX>=thresh;MACD_cross_up;RSI_overbought;Price>SMA20
2025-08-11T14:10:59.918819,JPM,290.69,44.35,0.65,0.22,22.46,22.46,1,1,0,0,0,1,0,0,0,0,0,1,ADX>=thresh;MACD_cross_up;RSI_overbought;Price>SMA20
2025-08-11T14:11:03.756653,KIM,20.91,45.06,0.05,0.23,0.52,0.52,1,1,0,0,0,1,0,0,0,0,0,1,ADX>=thresh;MACD_cross_up;RSI_overbought;Price>SMA20
2025-08-11T14:11:08.443593,LW,52.05,35.82,0.21,0.40,20.43,20.43,1,1,0,0,0,1,0,0,0,0,0,1,ADX>=thresh;MACD_cross_up;RSI_overbought;Price>SMA20
2025-08-11T14:11:11.496642,LII,580.95,36.72,2.42,0.42,56.19,56.19,1,1,0,0,0,0,0,1,0,0,0,1,ADX>=thresh;MACD_cross_up;ATR>=abs;Price>SMA20
2025-08-11T14:11:12.571528,LLY,644.50,41.23,3.41,0.53,12.98,12.98,1,1,0,0,0,1,0,1,1,0,0,1,ADX>=thresh;MACD_cross_up;RSI_overbought;ATR>=abs;ATR>=pct;Price>SMA20
2025-08-11T14:11:13.964844,LYV,155.34,25.48,0.63,0.41,19.61,19.61,1,1,0,0,1,1,0,0,0,0,0,1,ADX>=thresh;MACD_cross_up;BB_breakout;RSI_overbought;Price>SMA20
2025-08-11T14:11:20.997051,MMC,204.48,33.53,0.40,0.20,18.78,18.78,1,1,0,0,0,1,0,0,0,0,0,1,ADX>=thresh;MACD_cross_up;RSI_overbought;Price>SMA20
2025-08-11T14:11:24.288593,MCD,306.62,22.90,0.67,0.22,38.19,38.19,1,1,0,0,0,1,0,0,0,0,0,1,ADX>=thresh;MACD_cross_up;RSI_overbought;Price>SMA20
2025-08-11T14:11:25.218041,MCK,677.47,34.60,3.12,0.46,62.78,62.78,1,1,0,0,0,1,0,1,0,0,0,1,ADX>=thresh;MACD_cross_up;RSI_overbought;ATR>=abs;Price>SMA20
2025-08-11T14:11:30.546620,MSFT,524.13,31.15,1.09,0.21,32.24,32.24,1,1,0,0,0,1,0,0,0,0,0,1,ADX>=thresh;MACD_cross_up;RSI_overbought;Price>SMA20
2025-08-11T14:11:31.786488,MRNA,26.67,58.47,0.14,0.51,26.86,26.86,1,1,0,0,0,1,0,0,1,0,0,1,ADX>=thresh;MACD_cross_up;RSI_overbought;ATR>=pct;Price>SMA20
2025-08-11T14:11:34.782919,MPWR,812.96,38.86,3.39,0.42,69.91,69.91,1,1,0,0,0,1,0,1,0,0,0,1,ADX>=thresh;MACD_cross_up;RSI_overbought;ATR>=abs;Price>SMA20
2025-08-11T14:11:36.317133,MS,143.69,30.75,0.35,0.25,10.96,10.96,1,1,0,0,0,1,0,0,0,0,0,1,ADX>=thresh;MACD_cross_up;RSI_overbought;Price>SMA20
2025-08-11T14:11:37.816010,MSCI,552.35,20.79,1.21,0.22,36.22,36.22,1,1,0,0,0,1,0,0,0,0,0,1,ADX>=thresh;MACD_cross_up;RSI_overbought;Price>SMA20
2025-08-11T14:11:38.654441,NDAQ,97.44,38.81,0.14,0.15,-2.79,-2.79,1,1,0,0,0,1,0,0,0,0,0,1,ADX>=thresh;MACD_cross_up;RSI_overbought;Price>SMA20
2025-08-11T14:11:50.483598,ON,48.89,41.22,0.26,0.53,-1.31,-1.31,1,1,0,0,0,1,0,0,1,0,0,1,ADX>=thresh;MACD_cross_up;RSI_overbought;ATR>=pct;Price>SMA20
2025-08-11T14:11:54.534221,PLTR,186.54,44.99,1.20,0.64,7.34,7.34,1,1,0,0,0,0,0,0,1,0,0,1,ADX>=thresh;MACD_cross_up;ATR>=pct;Price>SMA20
2025-08-11T14:11:55.257466,PANW,170.24,45.43,0.69,0.40,-1.39,-1.39,1,1,0,0,0,1,0,0,0,0,0,1,ADX>=thresh;MACD_cross_up;RSI_overbought;Price>SMA20
2025-08-11T14:11:55.942264,PARA,0.00,23.11,0.04,inf,16.08,16.08,1,1,0,0,0,1,0,0,1,0,0,0,ADX>=thresh;MACD_cross_up;RSI_overbought;ATR>=pct
2025-08-11T14:12:05.945114,PFG,77.20,25.14,0.21,0.28,10.16,10.16,1,1,0,0,0,1,0,0,0,0,0,1,ADX>=thresh;MACD_cross_up;RSI_overbought;Price>SMA20
2025-08-11T14:12:07.119377,PG,154.29,36.09,0.28,0.18,17.71,17.71,1,1,0,0,0,1,0,0,0,0,0,1,ADX>=thresh;MACD_cross_up;RSI_overbought;Price>SMA20
2025-08-11T14:12:09.806358,PRU,104.35,34.75,0.27,0.26,20.80,20.80,1,1,0,0,0,1,0,0,0,0,0,1,ADX>=thresh;MACD_cross_up;RSI_overbought;Price>SMA20
2025-08-11T14:12:16.090446,RJF,165.82,29.94,0.37,0.22,7.21,7.21,1,1,0,0,0,1,0,0,0,0,0,1,ADX>=thresh;MACD_cross_up;RSI_overbought;Price>SMA20
2025-08-11T14:12:36.159664,RMD,285.88,20.27,0.74,0.26,34.72,34.72,1,1,0,0,1,1,0,0,0,0,0,1,ADX>=thresh;MACD_cross_up;BB_breakout;RSI_overbought;Price>SMA20
2025-08-11T14:12:56.138937,SPGI,559.26,37.35,0.96,0.17,-9.82,-9.82,1,1,0,0,0,1,0,0,0,0,0,1,ADX>=thresh;MACD_cross_up;RSI_overbought;Price>SMA20
2025-08-11T14:12:58.871129,STX,155.72,63.14,0.69,0.45,39.98,39.98,1,1,0,0,0,1,0,0,0,0,0,1,ADX>=thresh;MACD_cross_up;RSI_overbought;Price>SMA20
2025-08-11T14:13:11.120415,SMCI,46.13,44.79,0.35,0.75,38.91,38.91,1,1,0,0,0,1,0,0,1,0,0,1,ADX>=thresh;MACD_cross_up;RSI_overbought;ATR>=pct;Price>SMA20
2025-08-11T14:13:13.417083,TMUS,247.36,31.08,0.59,0.24,9.15,9.15,1,1,0,0,0,1,0,0,0,0,0,1,ADX>=thresh;MACD_cross_up;RSI_overbought;Price>SMA20
2025-08-11T14:13:15.141437,TTWO,226.23,45.78,1.65,0.73,3.63,3.63,1,1,0,0,0,1,0,0,1,0,0,1,ADX>=thresh;MACD_cross_up;RSI_overbought;ATR>=pct;Price>SMA20
2025-08-11T14:13:20.951783,TXT,77.70,28.46,0.18,0.24,38.60,38.60,1,1,0,0,0,1,0,0,0,0,0,1,ADX>=thresh;MACD_cross_up;RSI_overbought;Price>SMA20
2025-08-11T14:13:23.136733,TKO,174.76,55.97,1.54,0.88,30.26,30.26,1,1,0,0,0,1,0,0,1,0,0,1,ADX>=thresh;MACD_cross_up;RSI_overbought;ATR>=pct;Price>SMA20
2025-08-11T14:13:31.599832,UAL,90.68,37.98,0.44,0.48,32.12,32.12,1,1,0,0,0,1,0,0,0,0,0,1,ADX>=thresh;MACD_cross_up;RSI_overbought;Price>SMA20
2025-08-11T14:13:39.452894,VRTX,375.72,35.85,2.17,0.58,14.25,14.25,1,1,0,0,0,1,0,1,1,0,0,1,ADX>=thresh;MACD_cross_up;RSI_overbought;ATR>=abs;ATR>=pct;Price>SMA20
2025-08-11T14:13:52.526442,WELL,169.16,47.04,0.44,0.26,7.16,7.16,1,1,0,0,0,1,0,0,0,0,0,1,ADX>=thresh;MACD_cross_up;RSI_overbought;Price>SMA20
2025-08-11T14:13:59.109714,YUM,142.35,23.33,0.39,0.27,34.08,34.08,1,1,0,0,0,1,0,0,0,0,0,1,ADX>=thresh;MACD_cross_up;RSI_overbought;Price>SMA20
2025-08-11T14:14:09.996625,AMD,175.12,20.50,1.19,0.68,52.30,52.30,1,1,0,0,0,1,0,0,1,0,0,1,ADX>=thresh;MACD_cross_up;RSI_overbought;ATR>=pct;Price>SMA20
2025-08-11T14:14:19.175291,MO,64.99,52.41,0.18,0.27,21.37,21.37,1,1,0,0,0,1,0,0,0,0,0,1,ADX>=thresh;MACD_cross_up;RSI_overbought;Price>SMA20
2025-08-11T14:14:22.610834,AIG,78.92,36.96,0.20,0.25,2.96,2.96,1,1,0,0,0,1,0,0,0,0,0,1,ADX>=thresh;MACD_cross_up;RSI_overbought;Price>SMA20
2025-08-11T14:14:24.165163,AMP,507.72,33.32,1.25,0.25,72.83,72.83,1,1,0,0,0,1,0,0,0,0,0,1,ADX>=thresh;MACD_cross_up;RSI_overbought;Price>SMA20
2025-08-11T14:14:27.550353,AON,368.81,28.36,0.83,0.23,26.99,26.99,1,1,0,0,1,1,0,0,0,0,0,1,ADX>=thresh;MACD_cross_up;BB_breakout;RSI_overbought;Price>SMA20
2025-08-11T14:14:35.138088,T,28.25,26.66,0.06,0.21,26.10,26.10,1,1,0,0,0,1,0,0,0,0,0,1,ADX>=thresh;MACD_cross_up;RSI_overbought;Price>SMA20
2025-08-11T14:14:38.647256,AXON,831.75,41.09,4.60,0.55,-6.39,-6.39,1,1,0,0,0,0,0,1,1,0,0,0,ADX>=thresh;MACD_cross_up;ATR>=abs;ATR>=pct
2025-08-11T14:14:45.547328,BLK,1130.00,22.39,2.36,0.21,40.71,40.71,1,1,0,0,0,1,0,1,0,0,0,1,ADX>=thresh;MACD_cross_up;RSI_overbought;ATR>=abs;Price>SMA20
2025-08-11T14:14:48.012955,BKNG,5431.48,20.78,11.33,0.21,33.69,33.69,1,1,0,0,1,1,0,1,0,0,0,1,ADX>=thresh;MACD_cross_up;BB_breakout;RSI_overbought;ATR>=abs;Price>SMA20
2025-08-11T14:14:50.021620,AVGO,307.82,29.35,1.34,0.44,16.94,16.94,1,1,0,0,0,1,0,0,0,0,0,1,ADX>=thresh;MACD_cross_up;RSI_overbought;Price>SMA20
2025-08-11T14:14:57.498760,KMX,55.91,37.85,0.25,0.44,18.73,18.73,1,1,0,0,0,1,0,0,0,0,0,1,ADX>=thresh;MACD_cross_up;RSI_overbought;Price>SMA20
2025-08-11T14:15:01.897355,COR,289.14,49.87,1.05,0.36,74.44,74.44,1,1,0,0,0,1,0,0,0,0,0,1,ADX>=thresh;MACD_cross_up;RSI_overbought;Price>SMA20
2025-08-11T14:15:03.470443,CF,83.64,38.25,0.49,0.59,16.92,16.92,1,1,0,0,0,1,0,0,1,0,0,1,ADX>=thresh;MACD_cross_up;RSI_overbought;ATR>=pct;Price>SMA20
2025-08-11T14:15:04.586141,SCHW,97.65,36.85,0.18,0.19,19.79,19.79,1,1,0,0,0,1,0,0,0,0,0,1,ADX>=thresh;MACD_cross_up;RSI_overbought;Price>SMA20
2025-08-11T14:15:13.780502,CME,284.46,40.42,0.61,0.22,9.26,9.26,1,1,0,0,0,1,0,0,0,0,0,1,ADX>=thresh;MACD_cross_up;RSI_overbought;Price>SMA20
2025-08-11T14:15:15.097153,KO,70.39,28.64,0.13,0.18,27.57,27.57,1,1,0,0,0,1,0,0,0,0,0,1,ADX>=thresh;MACD_cross_up;RSI_overbought;Price>SMA20
2025-08-11T14:15:23.284468,CTVA,71.98,39.29,0.25,0.34,39.30,39.30,1,1,0,0,0,1,0,0,0,0,0,1,ADX>=thresh;MACD_cross_up;RSI_overbought;Price>SMA20
2025-08-11T14:15:25.888373,CRWD,430.97,28.37,2.32,0.54,28.88,28.88,1,1,0,0,0,1,0,1,1,0,0,1,ADX>=thresh;MACD_cross_up;RSI_overbought;ATR>=abs;ATR>=pct;Price>SMA20
2025-08-11T14:15:32.591959,DELL,140.15,41.66,0.68,0.48,21.94,21.94,1,1,0,0,0,1,0,0,0,0,0,1,ADX>=thresh;MACD_cross_up;RSI_overbought;Price>SMA20
2025-08-11T14:15:45.674601,EA,174.16,49.45,1.32,0.76,-9.67,-9.67,1,1,0,0,0,1,0,0,1,0,0,1,ADX>=thresh;MACD_cross_up;RSI_overbought;ATR>=pct;Price>SMA20
2025-08-11T14:15:50.878635,EQIX,777.30,21.80,2.00,0.26,43.36,43.36,1,1,0,0,0,0,0,1,0,0,0,1,ADX>=thresh;MACD_cross_up;ATR>=abs;Price>SMA20
2025-08-11T14:16:07.622796,IT,234.13,39.91,1.50,0.64,14.36,14.36,1,1,0,0,0,1,0,0,1,0,0,1,ADX>=thresh;MACD_cross_up;RSI_overbought;ATR>=pct;Price>SMA20
2025-08-11T14:16:09.511015,GEV,650.16,20.85,3.34,0.51,14.61,14.61,1,1,0,0,0,0,0,1,1,0,0,1,ADX>=thresh;MACD_cross_up;ATR>=abs;ATR>=pct;Price>SMA20
2025-08-11T14:16:10.162729,GEN,30.96,41.32,0.17,0.56,1.13,1.13,1,1,0,0,0,0,0,0,1,0,0,1,ADX>=thresh;MACD_cross_up;ATR>=pct;Price>SMA20
2025-08-11T14:16:17.722974,HIG,129.01,31.17,0.21,0.16,2.67,2.67,1,1,0,0,0,1,0,0,0,0,0,1,ADX>=thresh;MACD_cross_up;RSI_overbought;Price>SMA20
2025-08-11T14:16:19.904024,HSIC,66.58,25.28,0.26,0.40,17.56,17.56,1,1,0,0,1,1,0,0,0,0,0,1,ADX>=thresh;MACD_cross_up;BB_breakout;RSI_overbought;Price>SMA20
2025-08-11T14:16:52.297275,LDOS,178.16,32.55,0.63,0.35,37.67,37.67,1,1,0,0,0,1,0,0,0,0,0,1,ADX>=thresh;MACD_cross_up;RSI_overbought;Price>SMA20
2025-08-11T14:16:53.778792,LLY,644.85,45.31,3.48,0.54,0.70,0.70,1,1,0,0,0,1,0,1,1,0,0,1,ADX>=thresh;MACD_cross_up;RSI_overbought;ATR>=abs;ATR>=pct;Price>SMA20
2025-08-11T14:16:55.654298,LYV,155.21,26.43,0.65,0.42,13.48,13.48,1,1,0,0,0,1,0,0,0,0,0,1,ADX>=thresh;MACD_cross_up;RSI_overbought;Price>SMA20
2025-08-11T14:17:02.481482,MMC,204.46,34.24,0.41,0.20,16.57,16.57,1,1,0,0,0,1,0,0,0,0,0,1,ADX>=thresh;MACD_cross_up;RSI_overbought;Price>SMA20
2025-08-11T14:17:11.954089,MSFT,523.99,30.24,1.09,0.21,15.38,15.38,1,1,0,0,0,1,0,0,0,0,0,1,ADX>=thresh;MACD_cross_up;RSI_overbought;Price>SMA20
2025-08-11T14:17:20.007607,MSCI,552.92,33.89,1.11,0.20,-21.24,-21.24,1,1,0,0,0,1,0,0,0,0,0,1,ADX>=thresh;MACD_cross_up;RSI_overbought;Price>SMA20
2025-08-11T14:17:27.530158,NOC,583.00,41.70,1.65,0.28,15.55,15.55,1,1,0,0,1,0,0,0,0,0,0,1,ADX>=thresh;MACD_cross_up;BB_breakout;Price>SMA20
2025-08-11T14:17:37.585679,PLTR,186.94,45.43,1.24,0.66,2.90,2.90,1,1,0,0,1,0,0,0,1,0,0,1,ADX>=thresh;MACD_cross_up;BB_breakout;ATR>=pct;Price>SMA20
2025-08-11T14:17:39.083135,PARA,0.00,22.69,0.04,inf,17.64,17.64,1,1,0,0,0,1,0,0,1,0,0,0,ADX>=thresh;MACD_cross_up;RSI_overbought;ATR>=pct
2025-08-11T14:17:59.125681,RMD,286.17,21.36,0.76,0.27,18.86,18.86,1,1,0,0,0,1,0,0,0,0,0,1,ADX>=thresh;MACD_cross_up;RSI_overbought;Price>SMA20
2025-08-11T14:18:15.859404,SMCI,46.15,48.99,0.35,0.75,13.90,13.90,1,1,0,0,0,1,0,0,1,0,0,1,ADX>=thresh;MACD_cross_up;RSI_overbought;ATR>=pct;Price>SMA20
2025-08-11T14:18:18.307740,TMUS,247.30,31.30,0.59,0.24,-13.58,-13.58,1,1,0,0,0,1,0,0,0,0,0,1,ADX>=thresh;MACD_cross_up;RSI_overbought;Price>SMA20
2025-08-11T14:18:19.674887,TTWO,225.62,48.50,1.61,0.71,-2.18,-2.18,1,1,0,0,0,1,0,0,1,0,0,1,ADX>=thresh;MACD_cross_up;RSI_overbought;ATR>=pct;Price>SMA20
2025-08-11T14:18:25.705128,TXT,77.64,27.83,0.20,0.25,43.43,43.43,1,1,0,0,0,1,0,0,0,0,0,1,ADX>=thresh;MACD_cross_up;RSI_overbought;Price>SMA20
2025-08-11T14:18:27.519170,TKO,174.40,61.97,1.61,0.92,8.06,8.06,1,1,0,0,0,1,0,0,1,0,0,1,ADX>=thresh;MACD_cross_up;RSI_overbought;ATR>=pct;Price>SMA20
2025-08-11T14:18:38.768305,UAL,90.80,39.04,0.46,0.50,25.01,25.01,1,1,0,0,0,1,0,0,1,0,0,1,ADX>=thresh;MACD_cross_up;RSI_overbought;ATR>=pct;Price>SMA20
2025-08-11T14:18:41.296534,UHS,173.50,39.59,0.61,0.35,-2.71,-2.71,1,1,0,0,0,1,0,0,0,0,0,1,ADX>=thresh;MACD_cross_up;RSI_overbought;Price>SMA20
2025-08-11T14:18:45.826658,VRTX,375.69,34.92,2.27,0.60,0.54,0.54,1,1,0,0,0,1,0,1,1,0,0,1,ADX>=thresh;MACD_cross_up;RSI_overbought;ATR>=abs;ATR>=pct;Price>SMA20
2025-08-11T14:18:50.934523,WRB,70.82,21.93,0.12,0.18,30.82,30.82,1,1,0,0,1,1,0,0,0,0,0,1,ADX>=thresh;MACD_cross_up;BB_breakout;RSI_overbought;Price>SMA20
2025-08-11T14:19:04.994714,YUM,142.36,25.56,0.42,0.29,6.79,6.79,1,1,0,0,0,1,0,0,0,0,0,1,ADX>=thresh;MACD_cross_up;RSI_overbought;Price>SMA20
2025-08-11T14:19:22.455614,ALL,207.74,34.61,0.41,0.20,-14.95,-14.95,1,1,0,0,0,1,0,0,0,0,0,1,ADX>=thresh;MACD_cross_up;RSI_overbought;Price>SMA20
2025-08-11T14:19:28.768567,AIG,78.95,37.96,0.20,0.25,2.74,2.74,1,1,0,0,1,1,0,0,0,0,0,1,ADX>=thresh;MACD_cross_up;BB_breakout;RSI_overbought;Price>SMA20
2025-08-11T14:19:34.854635,AON,370.08,27.19,0.90,0.24,28.79,28.79,1,1,0,0,1,1,0,0,0,0,0,1,ADX>=thresh;MACD_cross_up;BB_breakout;RSI_overbought;Price>SMA20
2025-08-11T14:19:38.385283,ACGL,89.32,40.31,0.15,0.17,13.85,13.85,1,1,0,0,1,1,0,0,0,0,0,1,ADX>=thresh;MACD_cross_up;BB_breakout;RSI_overbought;Price>SMA20
2025-08-11T14:19:40.400156,AJG,291.59,20.02,0.96,0.33,31.24,31.24,1,1,0,0,0,1,0,0,0,0,0,1,ADX>=thresh;MACD_cross_up;RSI_overbought;Price>SMA20
2025-08-11T14:19:46.321970,AXON,832.22,45.65,4.79,0.58,-14.52,-14.52,1,1,0,0,0,0,0,1,1,0,0,0,ADX>=thresh;MACD_cross_up;ATR>=abs;ATR>=pct
2025-08-11T14:19:48.159988,BAC,46.23,43.29,0.11,0.24,9.12,9.12,1,1,0,0,0,1,0,0,0,0,0,1,ADX>=thresh;MACD_cross_up;RSI_overbought;Price>SMA20
2025-08-11T14:19:51.791131,BLK,1128.26,20.41,2.55,0.23,38.60,38.60,1,1,0,0,0,0,0,1,0,0,0,1,ADX>=thresh;MACD_cross_up;ATR>=abs;Price>SMA20
2025-08-11T14:19:54.447605,BKNG,5431.48,20.78,11.33,0.21,33.69,33.69,1,1,0,0,1,1,0,1,0,0,0,1,ADX>=thresh;MACD_cross_up;BB_breakout;RSI_overbought;ATR>=abs;Price>SMA20
2025-08-11T14:19:56.576675,AVGO,307.76,25.44,1.37,0.44,7.27,7.27,1,1,0,0,0,1,0,0,0,0,0,1,ADX>=thresh;MACD_cross_up;RSI_overbought;Price>SMA20
2025-08-11T14:19:58.347989,BRO,94.41,46.03,0.24,0.25,8.56,8.56,1,1,0,0,1,1,0,0,0,0,0,1,ADX>=thresh;MACD_cross_up;BB_breakout;RSI_overbought;Price>SMA20
2025-08-11T14:20:13.571090,SCHW,97.63,32.27,0.19,0.20,7.02,7.02,1,1,0,0,0,1,0,0,0,0,0,1,ADX>=thresh;MACD_cross_up;RSI_overbought;Price>SMA20
2025-08-11T14:20:21.303585,CME,285.21,40.74,0.67,0.23,22.46,22.46,1,1,0,0,1,1,0,0,0,0,0,1,ADX>=thresh;MACD_cross_up;BB_breakout;RSI_overbought;Price>SMA20
2025-08-11T14:20:28.622274,CPRT,46.80,21.23,0.13,0.28,14.89,14.89,1,1,0,0,0,1,0,0,0,0,0,1,ADX>=thresh;MACD_cross_up;RSI_overbought;Price>SMA20
2025-08-11T14:20:32.208653,CRWD,430.44,28.54,2.30,0.54,13.07,13.07,1,1,0,0,0,1,0,1,1,0,0,1,ADX>=thresh;MACD_cross_up;RSI_overbought;ATR>=abs;ATR>=pct;Price>SMA20
2025-08-11T14:20:37.557686,DELL,139.70,43.82,0.66,0.47,10.16,10.16,1,1,0,0,0,1,0,0,0,0,0,1,ADX>=thresh;MACD_cross_up;RSI_overbought;Price>SMA20
2025-08-11T14:20:56.462230,ERIE,361.24,21.92,1.89,0.52,9.25,9.25,1,1,0,0,1,1,0,0,1,0,0,1,ADX>=thresh;MACD_cross_up;BB_breakout;RSI_overbought;ATR>=pct;Price>SMA20
2025-08-11T14:21:12.557355,IT,234.40,42.15,1.50,0.64,4.59,4.59,1,1,0,0,0,1,0,0,1,0,0,1,ADX>=thresh;MACD_cross_up;RSI_overbought;ATR>=pct;Price>SMA20
2025-08-11T14:21:14.405774,GEV,649.60,20.54,3.45,0.53,7.87,7.87,1,1,0,0,0,0,0,1,1,0,0,1,ADX>=thresh;MACD_cross_up;ATR>=abs;ATR>=pct;Price>SMA20
2025-08-11T14:21:15.253393,GEN,31.02,38.09,0.17,0.55,-0.02,-0.02,1,1,0,0,0,0,0,0,1,0,0,1,ADX>=thresh;MACD_cross_up;ATR>=pct;Price>SMA20
2025-08-11T14:21:21.738822,HIG,129.12,33.48,0.21,0.17,-5.80,-5.80,1,1,0,0,0,1,0,0,0,0,0,1,ADX>=thresh;MACD_cross_up;RSI_overbought;Price>SMA20
2025-08-11T14:21:23.867224,HSIC,66.69,27.44,0.27,0.40,14.83,14.83,1,1,0,0,1,1,0,0,0,0,0,1,ADX>=thresh;MACD_cross_up;BB_breakout;RSI_overbought;Price>SMA20
2025-08-11T14:21:33.388906,INCY,79.28,40.72,0.28,0.36,4.23,4.23,1,1,0,0,0,1,0,0,0,0,0,1,ADX>=thresh;MACD_cross_up;RSI_overbought;Price>SMA20
2025-08-11T14:21:50.354672,KR,74.53,25.56,0.19,0.25,11.69,11.69,1,1,0,0,1,1,0,0,0,0,0,1,ADX>=thresh;MACD_cross_up;BB_breakout;RSI_overbought;Price>SMA20
2025-08-11T14:21:53.641448,LDOS,178.45,39.62,0.65,0.36,1.74,1.74,1,1,0,0,0,1,0,0,0,0,0,1,ADX>=thresh;MACD_cross_up;RSI_overbought;Price>SMA20
2025-08-11T14:21:54.975114,LLY,646.08,49.60,3.52,0.54,-1.96,-1.96,1,1,0,0,0,1,0,1,1,0,0,1,ADX>=thresh;MACD_cross_up;RSI_overbought;ATR>=abs;ATR>=pct;Price>SMA20
2025-08-11T14:21:56.046231,LYV,155.50,28.04,0.68,0.44,16.34,16.34,1,1,0,0,0,1,0,0,0,0,0,1,ADX>=thresh;MACD_cross_up;RSI_overbought;Price>SMA20
2025-08-11T14:22:13.313637,MOH,157.87,22.02,1.03,0.65,3.44,3.44,1,1,0,0,0,0,0,0,1,0,0,1,ADX>=thresh;MACD_cross_up;ATR>=pct;Price>SMA20
2025-08-11T14:22:18.845884,MSCI,554.00,36.96,1.10,0.20,-14.19,-14.19,1,1,0,0,1,1,0,0,0,0,0,1,ADX>=thresh;MACD_cross_up;BB_breakout;RSI_overbought;Price>SMA20
2025-08-11T14:22:19.576033,NDAQ,97.46,39.98,0.14,0.15,-6.75,-6.75,1,1,0,0,0,1,0,0,0,0,0,1,ADX>=thresh;MACD_cross_up;RSI_overbought;Price>SMA20
2025-08-11T14:22:37.079249,PLTR,186.90,46.15,1.26,0.67,-2.37,-2.37,1,1,0,0,1,0,0,0,1,0,0,1,ADX>=thresh;MACD_cross_up;BB_breakout;ATR>=pct;Price>SMA20
2025-08-11T14:22:38.267673,PARA,0.00,23.11,0.04,inf,16.08,16.08,1,1,0,0,0,1,0,0,1,0,0,0,ADX>=thresh;MACD_cross_up;RSI_overbought;ATR>=pct
2025-08-11T14:23:02.444956,ROST,146.38,35.51,0.50,0.34,12.96,12.96,1,1,0,0,0,1,0,0,0,0,0,1,ADX>=thresh;MACD_cross_up;RSI_overbought;Price>SMA20
2025-08-11T14:23:19.593983,TMUS,247.55,29.73,0.58,0.23,-19.79,-19.79,1,1,0,0,0,1,0,0,0,0,0,1,ADX>=thresh;MACD_cross_up;RSI_overbought;Price>SMA20
2025-08-11T14:23:24.300757,TSLA,342.87,61.74,2.58,0.75,-9.76,-9.76,1,1,0,0,1,1,0,1,1,0,0,1,ADX>=thresh;MACD_cross_up;BB_breakout;RSI_overbought;ATR>=abs;ATR>=pct;Price>SMA20
2025-08-11T14:23:25.962280,TXT,77.63,26.07,0.20,0.26,38.81,38.81,1,1,0,0,0,1,0,0,0,0,0,1,ADX>=thresh;MACD_cross_up;RSI_overbought;Price>SMA20
2025-08-11T14:23:27.058465,TJX,132.13,26.66,0.33,0.25,11.22,11.22,1,1,0,0,0,1,0,0,0,0,0,1,ADX>=thresh;MACD_cross_up;RSI_overbought;Price>SMA20
2025-08-11T14:23:27.960655,TKO,175.36,68.08,1.73,0.99,1.73,1.73,1,1,0,0,0,1,0,0,1,0,0,1,ADX>=thresh;MACD_cross_up;RSI_overbought;ATR>=pct;Price>SMA20
2025-08-11T14:23:36.213467,ULTA,503.05,21.37,2.19,0.43,10.45,10.45,1,1,0,0,0,1,0,1,0,0,0,1,ADX>=thresh;MACD_cross_up;RSI_overbought;ATR>=abs;Price>SMA20
2025-08-11T14:23:37.329068,UAL,90.75,37.30,0.47,0.51,11.78,11.78,1,1,0,0,0,0,0,0,1,0,0,1,ADX>=thresh;MACD_cross_up;ATR>=pct;Price>SMA20
2025-08-11T14:23:43.790302,VZ,43.34,35.26,0.09,0.22,-23.32,-23.32,1,1,0,0,0,1,0,0,0,0,0,1,ADX>=thresh;MACD_cross_up;RSI_overbought;Price>SMA20
2025-08-11T14:23:44.363922,VRTX,376.09,36.35,2.37,0.63,1.26,1.26,1,1,0,0,0,1,0,1,1,0,0,1,ADX>=thresh;MACD_cross_up;RSI_overbought;ATR>=abs;ATR>=pct;Price>SMA20
2025-08-11T14:23:53.780432,WELL,169.08,45.64,0.45,0.27,-16.85,-16.85,1,1,0,0,0,1,0,0,0,0,0,1,ADX>=thresh;MACD_cross_up;RSI_overbought;Price>SMA20
2025-08-11T14:24:01.957935,YUM,142.43,26.24,0.43,0.30,0.40,0.40,1,1,0,0,0,1,0,0,0,0,0,1,ADX>=thresh;MACD_cross_up;RSI_overbought;Price>SMA20
2025-08-11T14:24:12.175437,ADBE,341.82,23.17,1.83,0.54,1.63,1.63,1,1,0,0,0,0,0,0,1,0,0,1,ADX>=thresh;MACD_cross_up;ATR>=pct;Price>SMA20
2025-08-11T14:24:12.890200,AMD,175.87,20.99,1.35,0.77,28.21,28.21,1,1,0,0,0,1,0,0,1,0,0,1,ADX>=thresh;MACD_cross_up;RSI_overbought;ATR>=pct;Price>SMA20
2025-08-11T14:24:24.197451,AIG,78.91,38.88,0.20,0.25,-2.20,-2.20,1,1,0,0,0,1,0,0,0,0,0,1,ADX>=thresh;MACD_cross_up;RSI_overbought;Price>SMA20
2025-08-11T14:24:29.362063,AON,370.05,26.18,0.87,0.24,15.84,15.84,1,1,0,0,1,1,0,0,0,0,0,1,ADX>=thresh;MACD_cross_up;BB_breakout;RSI_overbought;Price>SMA20
2025-08-11T14:24:32.226095,ACGL,89.30,37.84,0.16,0.18,1.27,1.27,1,1,0,0,0,1,0,0,0,0,0,1,ADX>=thresh;MACD_cross_up;RSI_overbought;Price>SMA20
2025-08-11T14:24:32.777787,ADM,58.49,32.17,0.27,0.46,21.76,21.76,1,1,0,0,0,1,0,0,0,0,0,1,ADX>=thresh;MACD_cross_up;RSI_overbought;Price>SMA20
2025-08-11T14:24:35.058243,T,28.25,28.02,0.06,0.21,-0.28,-0.28,1,1,0,0,0,1,0,0,0,0,0,1,ADX>=thresh;MACD_cross_up;RSI_overbought;Price>SMA20
2025-08-11T14:24:38.233743,AXON,831.65,48.85,4.59,0.55,-25.55,-25.55,1,1,0,0,0,0,0,1,1,0,0,0,ADX>=thresh;MACD_cross_up;ATR>=abs;ATR>=pct
2025-08-11T14:24:45.397017,BKNG,5416.23,20.38,11.64,0.21,41.60,41.60,1,1,0,0,0,0,0,1,0,0,0,1,ADX>=thresh;MACD_cross_up;ATR>=abs;Price>SMA20
2025-08-11T14:24:48.355890,BRO,94.29,47.92,0.25,0.26,2.40,2.40,1,1,0,0,0,1,0,0,0,0,0,1,ADX>=thresh;MACD_cross_up;RSI_overbought;Price>SMA20
2025-08-11T14:25:07.725552,CME,285.49,44.71,0.69,0.24,16.15,16.15,1,1,0,0,0,1,0,0,0,0,0,1,ADX>=thresh;MACD_cross_up;RSI_overbought;Price>SMA20
2025-08-11T14:25:15.967758,CPRT,46.73,24.68,0.13,0.28,-1.60,-1.60,1,1,0,0,0,1,0,0,0,0,0,1,ADX>=thresh;MACD_cross_up;RSI_overbought;Price>SMA20
2025-08-11T14:25:19.031778,CRWD,431.20,28.60,2.27,0.53,-20.99,-20.99,1,1,0,0,0,1,0,1,1,0,0,1,ADX>=thresh;MACD_cross_up;RSI_overbought;ATR>=abs;ATR>=pct;Price>SMA20
2025-08-11T14:25:32.503958,DPZ,439.89,24.88,2.00,0.46,4.82,4.82,1,1,0,0,0,0,0,1,0,0,0,1,ADX>=thresh;MACD_cross_up;ATR>=abs;Price>SMA20
2025-08-11T14:26:10.393959,HIG,129.15,35.79,0.22,0.17,-11.72,-11.72,1,1,0,0,0,1,0,0,0,0,0,1,ADX>=thresh;MACD_cross_up;RSI_overbought;Price>SMA20
2025-08-11T14:26:22.323591,INCY,79.32,44.65,0.29,0.36,-6.61,-6.61,1,1,0,0,0,1,0,0,0,0,0,1,ADX>=thresh;MACD_cross_up;RSI_overbought;Price>SMA20
2025-08-11T14:26:42.994400,LLY,650.90,54.92,3.74,0.57,-6.25,-6.25,1,1,0,0,1,1,0,1,1,0,0,1,ADX>=thresh;MACD_cross_up;BB_breakout;RSI_overbought;ATR>=abs;ATR>=pct;Price>SMA20
2025-08-11T14:26:55.370557,META,771.58,21.18,2.14,0.28,2.63,2.63,1,1,0,0,0,1,0,1,0,0,0,1,ADX>=thresh;MACD_cross_up;RSI_overbought;ATR>=abs;Price>SMA20
2025-08-11T14:27:05.463815,MSCI,553.91,39.72,1.08,0.20,-8.49,-8.49,1,1,0,0,0,1,0,0,0,0,0,1,ADX>=thresh;MACD_cross_up;RSI_overbought;Price>SMA20
2025-08-11T14:27:06.324658,NDAQ,97.45,39.92,0.14,0.15,-12.97,-12.97,1,1,0,0,0,1,0,0,0,0,0,1,ADX>=thresh;MACD_cross_up;RSI_overbought;Price>SMA20
2025-08-11T14:27:22.232295,PLTR,187.07,46.04,1.26,0.67,-12.41,-12.41,1,1,0,0,0,0,0,0,1,0,0,1,ADX>=thresh;MACD_cross_up;ATR>=pct;Price>SMA20
2025-08-11T14:27:23.597272,PARA,0.00,22.69,0.04,inf,17.64,17.64,1,1,0,0,0,1,0,0,1,0,0,0,ADX>=thresh;MACD_cross_up;RSI_overbought;ATR>=pct
2025-08-11T14:28:04.676615,TMUS,247.43,28.15,0.58,0.24,-26.73,-26.73,1,1,0,0,0,1,0,0,0,0,0,1,ADX>=thresh;MACD_cross_up;RSI_overbought;Price>SMA20
2025-08-11T14:28:20.431074,ULTA,503.38,22.87,2.25,0.45,3.88,3.88,1,1,0,0,0,1,0,1,0,0,0,1,ADX>=thresh;MACD_cross_up;RSI_overbought;ATR>=abs;Price>SMA20
2025-08-11T14:28:28.173186,VRTX,377.24,39.21,2.49,0.66,2.77,2.77,1,1,0,0,1,1,0,1,1,0,0,1,ADX>=thresh;MACD_cross_up;BB_breakout;RSI_overbought;ATR>=abs;ATR>=pct;Price>SMA20
2025-08-11T14:28:58.169200,AMD,177.43,22.57,1.44,0.81,22.12,22.12,1,1,0,0,1,1,0,0,1,0,0,1,ADX>=thresh;MACD_cross_up;BB_breakout;RSI_overbought;ATR>=pct;Price>SMA20
2025-08-11T14:29:22.108564,ADM,58.50,37.25,0.27,0.47,3.80,3.80,1,1,0,0,0,1,0,0,0,0,0,1,ADX>=thresh;MACD_cross_up;RSI_overbought;Price>SMA20
2025-08-11T14:29:27.947617,AXON,831.00,53.02,4.70,0.57,-40.96,-40.96,1,1,0,0,0,0,0,1,1,0,0,0,ADX>=thresh;MACD_cross_up;ATR>=abs;ATR>=pct
2025-08-11T14:29:36.946161,BKNG,5416.23,20.34,11.61,0.21,41.86,41.86,1,1,0,0,0,0,0,1,0,0,0,1,ADX>=thresh;MACD_cross_up;ATR>=abs;Price>SMA20
2025-08-11T14:29:48.976240,CBOE,254.34,21.55,0.71,0.28,-19.39,-19.39,1,1,0,0,0,1,0,0,0,0,0,1,ADX>=thresh;MACD_cross_up;RSI_overbought;Price>SMA20
2025-08-11T14:30:00.977795,CME,285.59,44.69,0.72,0.25,26.60,26.60,1,1,0,0,0,1,0,0,0,0,0,1,ADX>=thresh;MACD_cross_up;RSI_overbought;Price>SMA20
2025-08-11T14:30:35.509767,EQT,51.50,25.65,0.18,0.35,-4.78,-4.78,1,1,0,0,0,1,0,0,0,0,0,1,ADX>=thresh;MACD_cross_up;RSI_overbought;Price>SMA20
2025-08-11T14:30:36.959574,EQIX,779.73,20.23,1.97,0.25,16.06,16.06,1,1,0,0,0,1,0,0,0,0,0,1,ADX>=thresh;MACD_cross_up;RSI_overbought;Price>SMA20
2025-08-11T14:30:38.092598,ERIE,362.99,20.57,1.67,0.46,7.07,7.07,1,1,0,0,1,1,0,0,0,0,0,1,ADX>=thresh;MACD_cross_up;BB_breakout;RSI_overbought;Price>SMA20
2025-08-11T14:30:50.574765,F,11.38,25.93,0.07,0.59,-3.43,-3.43,1,1,0,0,0,0,0,0,1,0,0,1,ADX>=thresh;MACD_cross_up;ATR>=pct;Price>SMA20
2025-08-11T14:31:17.978809,INCY,79.53,49.09,0.29,0.36,-12.60,-12.60,1,1,0,0,1,1,0,0,0,0,0,1,ADX>=thresh;MACD_cross_up;BB_breakout;RSI_overbought;Price>SMA20
2025-08-11T14:31:31.199602,K,80.11,21.18,0.03,0.04,-14.62,-14.62,1,1,0,0,0,1,0,0,0,0,0,1,ADX>=thresh;MACD_cross_up;RSI_overbought;Price>SMA20
2025-08-11T14:31:45.029623,LLY,650.66,60.65,3.67,0.56,-11.40,-11.40,1,1,0,0,0,1,0,1,1,0,0,1,ADX>=thresh;MACD_cross_up;RSI_overbought;ATR>=abs;ATR>=pct;Price>SMA20
2025-08-11T14:31:58.886231,META,771.00,20.40,2.19,0.28,6.45,6.45,1,1,0,0,0,0,0,1,0,0,0,1,ADX>=thresh;MACD_cross_up;ATR>=abs;Price>SMA20
2025-08-11T14:32:11.026605,MSCI,553.89,40.02,1.14,0.21,-9.56,-9.56,1,1,0,0,0,1,0,0,0,0,0,1,ADX>=thresh;MACD_cross_up;RSI_overbought;Price>SMA20
2025-08-11T14:32:11.714775,NDAQ,97.59,39.58,0.15,0.15,-18.16,-18.16,1,1,0,0,0,1,0,0,0,0,0,1,ADX>=thresh;MACD_cross_up;RSI_overbought;Price>SMA20
2025-08-11T14:32:32.231790,PLTR,186.12,46.97,1.30,0.70,-11.14,-11.14,1,1,0,0,0,0,0,0,1,0,0,1,ADX>=thresh;MACD_cross_up;ATR>=pct;Price>SMA20
2025-08-11T14:32:33.572623,PARA,0.00,22.69,0.04,inf,17.64,17.64,1,1,0,0,0,1,0,0,1,0,0,0,ADX>=thresh;MACD_cross_up;RSI_overbought;ATR>=pct
2025-08-11T14:32:54.582654,RMD,286.01,26.53,0.84,0.29,7.48,7.48,1,1,0,0,0,1,0,0,0,0,0,1,ADX>=thresh;MACD_cross_up;RSI_overbought;Price>SMA20
2025-08-11T14:32:58.263072,RCL,304.51,32.28,1.53,0.50,-15.37,-15.37,1,1,0,0,0,1,0,0,1,0,0,1,ADX>=thresh;MACD_cross_up;RSI_overbought;ATR>=pct;Price>SMA20
2025-08-11T14:33:08.527259,SBUX,91.78,26.06,0.37,0.41,-2.16,-2.16,1,1,0,0,1,0,0,0,0,0,0,1,ADX>=thresh;MACD_cross_up;BB_breakout;Price>SMA20
2025-08-11T14:33:29.874767,ULTA,502.25,24.91,2.14,0.43,-7.80,-7.80,1,1,0,0,0,0,0,1,0,0,0,1,ADX>=thresh;MACD_cross_up;ATR>=abs;Price>SMA20
2025-08-11T14:34:04.507528,ADBE,341.92,22.19,1.89,0.55,-23.69,-23.69,1,1,0,0,0,0,0,0,1,0,0,1,ADX>=thresh;MACD_cross_up;ATR>=pct;Price>SMA20
2025-08-11T14:34:05.371636,AMD,177.77,22.87,1.49,0.84,17.60,17.60,1,1,0,0,0,1,0,0,1,0,0,1,ADX>=thresh;MACD_cross_up;RSI_overbought;ATR>=pct;Price>SMA20
2025-08-11T14:34:32.048627,ADM,58.63,40.81,0.27,0.46,-11.61,-11.61,1,1,0,0,1,1,0,0,0,0,0,1,ADX>=thresh;MACD_cross_up;BB_breakout;RSI_overbought;Price>SMA20
2025-08-11T14:34:39.021126,AXON,833.06,56.51,4.72,0.57,-43.99,-43.99,1,1,0,0,0,0,0,1,1,0,0,0,ADX>=thresh;MACD_cross_up;ATR>=abs;ATR>=pct
2025-08-11T14:35:01.201135,CCL,28.64,36.22,0.12,0.43,-17.58,-17.58,1,1,0,0,1,1,0,0,0,0,0,1,ADX>=thresh;MACD_cross_up;BB_breakout;RSI_overbought;Price>SMA20
2025-08-11T14:35:10.856210,CMG,41.55,42.24,0.14,0.34,-12.95,-12.95,1,1,0,0,1,1,0,0,0,0,0,1,ADX>=thresh;MACD_cross_up;BB_breakout;RSI_overbought;Price>SMA20
2025-08-11T14:35:17.552149,CME,285.44,46.50,0.72,0.25,-2.87,-2.87,1,1,0,0,0,1,0,0,0,0,0,1,ADX>=thresh;MACD_cross_up;RSI_overbought;Price>SMA20
2025-08-11T14:35:55.924699,D,62.04,20.95,0.16,0.27,-19.11,-19.11,1,1,0,0,0,1,0,0,0,0,0,1,ADX>=thresh;MACD_cross_up;RSI_overbought;Price>SMA20
2025-08-11T14:36:27.147863,ERIE,365.67,25.61,1.78,0.49,9.03,9.03,1,1,0,0,1,1,0,0,0,0,0,1,ADX>=thresh;MACD_cross_up;BB_breakout;RSI_overbought;Price>SMA20
2025-08-11T14:36:47.983110,GEHC,72.51,36.56,0.20,0.28,-26.54,-26.54,1,1,0,0,1,1,0,0,0,0,0,1,ADX>=thresh;MACD_cross_up;BB_breakout;RSI_overbought;Price>SMA20
2025-08-11T14:37:10.549835,INCY,79.62,52.75,0.29,0.37,-19.24,-19.24,1,1,0,0,0,1,0,0,0,0,0,1,ADX>=thresh;MACD_cross_up;RSI_overbought;Price>SMA20
2025-08-11T14:37:16.719301,ISRG,472.80,23.27,1.16,0.25,-8.17,-8.17,1,1,0,0,0,1,0,0,0,0,0,1,ADX>=thresh;MACD_cross_up;RSI_overbought;Price>SMA20
2025-08-11T14:37:18.676204,IQV,181.15,34.57,0.67,0.37,-8.32,-8.32,1,1,0,0,0,1,0,0,0,0,0,1,ADX>=thresh;MACD_cross_up;RSI_overbought;Price>SMA20
2025-08-11T14:37:25.808259,K,80.11,22.68,0.03,0.04,-23.26,-23.26,1,1,0,0,0,1,0,0,0,0,0,1,ADX>=thresh;MACD_cross_up;RSI_overbought;Price>SMA20
2025-08-11T14:37:36.275937,LW,52.16,37.48,0.23,0.45,-9.85,-9.85,1,1,0,0,1,1,0,0,0,0,0,1,ADX>=thresh;MACD_cross_up;BB_breakout;RSI_overbought;Price>SMA20
2025-08-11T14:37:38.474178,LII,579.35,36.03,3.18,0.55,-7.28,-7.28,1,1,0,0,0,0,0,1,1,0,0,0,ADX>=thresh;MACD_cross_up;ATR>=abs;ATR>=pct
2025-08-11T14:38:30.859686,PARA,0.00,23.11,0.04,inf,16.08,16.08,1,1,0,0,0,1,0,0,1,0,0,0,ADX>=thresh;MACD_cross_up;RSI_overbought;ATR>=pct
2025-08-11T14:38:55.796907,RCL,303.94,26.88,1.55,0.51,-27.07,-27.07,1,1,0,0,0,0,0,0,1,0,0,1,ADX>=thresh;MACD_cross_up;ATR>=pct;Price>SMA20
2025-08-11T14:39:11.395864,TMUS,247.53,25.85,0.56,0.23,-32.72,-32.72,1,1,0,0,0,1,0,0,0,0,0,1,ADX>=thresh;MACD_cross_up;RSI_overbought;Price>SMA20
2025-08-11T14:39:17.592776,TXT,77.78,25.27,0.22,0.28,24.80,24.80,1,1,0,0,0,1,0,0,0,0,0,1,ADX>=thresh;MACD_cross_up;RSI_overbought;Price>SMA20
2025-08-11T14:39:26.397904,ULTA,502.07,24.91,2.15,0.43,-6.63,-6.63,1,1,0,0,0,0,0,1,0,0,0,1,ADX>=thresh;MACD_cross_up;ATR>=abs;Price>SMA20
2025-08-11T14:39:49.230538,WMB,58.35,30.86,0.22,0.38,-21.33,-21.33,1,1,0,0,1,1,0,0,0,0,0,1,ADX>=thresh;MACD_cross_up;BB_breakout;RSI_overbought;Price>SMA20
2025-08-11T14:40:00.628447,AOS,70.44,32.51,0.26,0.37,-25.18,-25.18,1,1,0,0,1,0,0,0,0,0,0,1,ADX>=thresh;MACD_cross_up;BB_breakout;Price>SMA20
2025-08-11T14:40:04.141850,AMD,177.71,27.60,1.31,0.74,1.79,1.79,1,1,0,0,0,1,0,0,1,0,0,1,ADX>=thresh;MACD_cross_up;RSI_overbought;ATR>=pct;Price>SMA20
2025-08-11T14:40:24.639999,AAPL,227.76,45.29,0.75,0.33,-30.47,-30.47,1,1,0,0,1,0,0,0,0,0,0,1,ADX>=thresh;MACD_cross_up;BB_breakout;Price>SMA20
2025-08-11T14:40:27.436044,ADM,58.74,44.91,0.23,0.39,-42.96,-42.96,1,1,0,0,0,1,0,0,0,0,0,1,ADX>=thresh;MACD_cross_up;RSI_overbought;Price>SMA20
2025-08-11T14:41:04.450948,CMG,41.62,32.21,0.13,0.30,-13.04,-13.04,1,1,0,0,1,1,0,0,0,0,0,1,ADX>=thresh;MACD_cross_up;BB_breakout;RSI_overbought;Price>SMA20
2025-08-11T14:41:15.602994,CEG,330.50,55.44,2.56,0.77,-13.69,-13.69,1,1,0,0,0,0,0,1,1,0,0,0,ADX>=thresh;MACD_cross_up;ATR>=abs;ATR>=pct
2025-08-11T14:41:51.582013,ENPH,32.81,35.19,0.28,0.86,-23.39,-23.39,1,1,0,0,0,0,0,0,1,0,0,1,ADX>=thresh;MACD_cross_up;ATR>=pct;Price>SMA20
2025-08-11T14:41:57.353100,ERIE,366.08,25.67,1.81,0.49,11.09,11.09,1,1,0,0,1,1,0,0,0,0,0,1,ADX>=thresh;MACD_cross_up;BB_breakout;RSI_overbought;Price>SMA20
2025-08-11T14:42:20.654012,GEHC,72.70,32.73,0.16,0.22,-14.65,-14.65,1,1,0,0,1,1,0,0,0,0,0,1,ADX>=thresh;MACD_cross_up;BB_breakout;RSI_overbought;Price>SMA20
2025-08-11T14:42:43.476751,INCY,79.50,55.33,0.26,0.33,-25.52,-25.52,1,1,0,0,0,1,0,0,0,0,0,1,ADX>=thresh;MACD_cross_up;RSI_overbought;Price>SMA20
2025-08-11T14:42:49.299410,ISRG,473.77,28.11,1.08,0.23,-10.69,-10.69,1,1,0,0,1,1,0,0,0,0,0,1,ADX>=thresh;MACD_cross_up;BB_breakout;RSI_overbought;Price>SMA20
2025-08-11T14:43:03.905357,KR,74.65,24.03,0.18,0.24,-1.91,-1.91,1,1,0,0,0,1,0,0,0,0,0,1,ADX>=thresh;MACD_cross_up;RSI_overbought;Price>SMA20
2025-08-11T14:43:06.761448,LW,52.13,36.68,0.20,0.39,-14.23,-14.23,1,1,0,0,0,1,0,0,0,0,0,1,ADX>=thresh;MACD_cross_up;RSI_overbought;Price>SMA20
2025-08-11T14:43:09.341599,LII,579.22,34.42,3.26,0.56,-13.36,-13.36,1,1,0,0,0,0,0,1,1,0,0,0,ADX>=thresh;MACD_cross_up;ATR>=abs;ATR>=pct
2025-08-11T14:43:24.317542,MTD,1259.38,21.51,3.40,0.27,-32.93,-32.93,1,1,0,0,0,0,0,1,0,0,0,1,ADX>=thresh;MACD_cross_up;ATR>=abs;Price>SMA20
2025-08-11T14:43:54.980844,PARA,0.00,23.11,0.04,inf,16.08,16.08,1,1,0,0,0,1,0,0,1,0,0,0,ADX>=thresh;MACD_cross_up;RSI_overbought;ATR>=pct
2025-08-11T14:44:19.406448,RCL,304.76,23.86,1.38,0.45,-27.45,-27.45,1,1,0,0,1,0,0,0,0,0,0,1,ADX>=thresh;MACD_cross_up;BB_breakout;Price>SMA20
2025-08-11T14:44:35.785693,TMUS,247.51,28.83,0.47,0.19,-30.13,-30.13,1,1,0,0,0,1,0,0,0,0,0,1,ADX>=thresh;MACD_cross_up;RSI_overbought;Price>SMA20
2025-08-11T14:44:42.847127,TXT,77.91,27.09,0.22,0.28,0.74,0.74,1,1,0,0,1,1,0,0,0,0,0,1,ADX>=thresh;MACD_cross_up;BB_breakout;RSI_overbought;Price>SMA20
2025-08-11T14:44:53.995048,URI,858.30,20.64,2.19,0.26,42.32,42.32,1,1,0,0,0,0,0,1,0,0,0,1,ADX>=thresh;MACD_cross_up;ATR>=abs;Price>SMA20
2025-08-11T14:44:59.702691,VRTX,378.36,46.58,1.95,0.51,-19.32,-19.32,1,1,0,0,1,1,0,0,1,0,0,1,ADX>=thresh;MACD_cross_up;BB_breakout;RSI_overbought;ATR>=pct;Price>SMA20
2025-08-11T14:45:23.565655,AMD,177.58,31.83,1.28,0.72,-0.75,-0.75,1,1,0,0,0,1,0,0,1,0,0,1,ADX>=thresh;MACD_cross_up;RSI_overbought;ATR>=pct;Price>SMA20
2025-08-11T14:45:33.184140,GOOGL,200.77,47.67,0.52,0.26,-31.02,-31.02,1,1,0,0,1,1,0,0,0,0,0,1,ADX>=thresh;MACD_cross_up;BB_breakout;RSI_overbought;Price>SMA20
2025-08-11T14:45:33.944832,GOOG,201.47,52.42,0.50,0.25,-33.29,-33.29,1,1,0,0,1,1,0,0,0,0,0,1,ADX>=thresh;MACD_cross_up;BB_breakout;RSI_overbought;Price>SMA20
2025-08-11T14:45:45.494398,ACGL,89.39,37.79,0.12,0.14,-22.90,-22.90,1,1,0,0,0,1,0,0,0,0,0,1,ADX>=thresh;MACD_cross_up;RSI_overbought;Price>SMA20
2025-08-11T14:46:13.523979,CCL,28.71,31.89,0.10,0.34,-21.41,-21.41,1,1,0,0,1,1,0,0,0,0,0,1,ADX>=thresh;MACD_cross_up;BB_breakout;RSI_overbought;Price>SMA20
2025-08-11T14:46:17.581275,COR,290.53,65.67,1.04,0.36,-26.96,-26.96,1,1,0,0,0,1,0,0,0,0,0,1,ADX>=thresh;MACD_cross_up;RSI_overbought;Price>SMA20
2025-08-11T14:46:21.639949,CMG,41.74,33.97,0.12,0.29,-13.52,-13.52,1,1,0,0,1,1,0,0,0,0,0,1,ADX>=thresh;MACD_cross_up;BB_breakout;RSI_overbought;Price>SMA20
2025-08-11T14:46:26.989149,CME,286.04,55.62,0.59,0.21,-8.11,-8.11,1,1,0,0,0,1,0,0,0,0,0,1,ADX>=thresh;MACD_cross_up;RSI_overbought;Price>SMA20
2025-08-11T14:46:29.625544,COIN,333.43,73.64,2.76,0.83,-24.73,-24.73,1,1,0,0,1,1,0,1,1,0,0,1,ADX>=thresh;MACD_cross_up;BB_breakout;RSI_overbought;ATR>=abs;ATR>=pct;Price>SMA20
2025-08-11T14:46:33.679549,CEG,331.56,52.84,2.38,0.72,-22.95,-22.95,1,1,0,0,0,0,0,1,1,0,0,0,ADX>=thresh;MACD_cross_up;ATR>=abs;ATR>=pct
2025-08-11T14:46:47.814519,DG,117.20,38.14,0.37,0.32,-38.22,-38.22,1,1,0,0,0,1,0,0,0,0,0,1,ADX>=thresh;MACD_cross_up;RSI_overbought;Price>SMA20
2025-08-11T14:47:01.511765,EQIX,781.22,26.45,1.57,0.20,-44.00,-44.00,1,1,0,0,1,1,0,0,0,0,0,1,ADX>=thresh;MACD_cross_up;BB_breakout;RSI_overbought;Price>SMA20
2025-08-11T14:47:02.707774,ERIE,368.15,26.70,1.86,0.51,8.68,8.68,1,1,0,0,1,1,0,0,1,0,0,1,ADX>=thresh;MACD_cross_up;BB_breakout;RSI_overbought;ATR>=pct;Price>SMA20
2025-08-11T14:47:23.209628,GEHC,72.76,29.57,0.16,0.22,-17.87,-17.87,1,1,0,0,1,1,0,0,0,0,0,1,ADX>=thresh;MACD_cross_up;BB_breakout;RSI_overbought;Price>SMA20
2025-08-11T14:47:49.695850,ISRG,473.60,32.60,1.05,0.22,-19.38,-19.38,1,1,0,0,0,1,0,0,0,0,0,1,ADX>=thresh;MACD_cross_up;RSI_overbought;Price>SMA20
2025-08-11T14:48:03.095130,KR,74.74,20.83,0.17,0.22,-11.19,-11.19,1,1,0,0,1,1,0,0,0,0,0,1,ADX>=thresh;MACD_cross_up;BB_breakout;RSI_overbought;Price>SMA20
2025-08-11T14:48:08.259472,LII,580.26,29.44,2.72,0.47,-24.67,-24.67,1,1,0,0,0,0,0,1,0,0,0,1,ADX>=thresh;MACD_cross_up;ATR>=abs;Price>SMA20
2025-08-11T14:48:14.071312,LKQ,29.57,25.82,0.10,0.34,-32.05,-32.05,1,1,0,0,1,0,0,0,0,0,0,1,ADX>=thresh;MACD_cross_up;BB_breakout;Price>SMA20
2025-08-11T14:48:14.806927,LMT,425.99,35.29,0.84,0.20,-13.39,-13.39,1,1,0,0,1,0,0,0,0,0,0,1,ADX>=thresh;MACD_cross_up;BB_breakout;Price>SMA20
2025-08-11T14:48:55.942420,PARA,0.00,22.69,0.04,inf,17.64,17.64,1,1,0,0,0,1,0,0,1,0,0,0,ADX>=thresh;MACD_cross_up;RSI_overbought;ATR>=pct
2025-08-11T14:49:22.018540,RCL,304.83,22.82,1.12,0.37,-32.97,-32.97,1,1,0,0,0,1,0,0,0,0,0,1,ADX>=thresh;MACD_cross_up;RSI_overbought;Price>SMA20
2025-08-11T14:49:39.716892,TMUS,247.57,30.37,0.42,0.17,-35.64,-35.64,1,1,0,0,0,1,0,0,0,0,0,1,ADX>=thresh;MACD_cross_up;RSI_overbought;Price>SMA20
2025-08-11T14:50:05.355790,VICI,32.97,21.30,0.06,0.19,-12.45,-12.45,1,1,0,0,1,0,0,0,0,0,0,1,ADX>=thresh;MACD_cross_up;BB_breakout;Price>SMA20
2025-08-11T14:50:12.404072,WBD,10.96,30.56,0.04,0.40,-26.88,-26.88,1,1,0,0,0,1,0,0,0,0,0,1,ADX>=thresh;MACD_cross_up;RSI_overbought;Price>SMA20
2025-08-11T14:50:18.573891,WMB,58.34,26.11,0.19,0.32,-42.40,-42.40,1,1,0,0,0,1,0,0,0,0,0,1,ADX>=thresh;MACD_cross_up;RSI_overbought;Price>SMA20
2025-08-11T14:50:59.472804,ACGL,89.36,34.28,0.12,0.13,-29.37,-29.37,1,1,0,0,0,1,0,0,0,0,0,1,ADX>=thresh;MACD_cross_up;RSI_overbought;Price>SMA20
2025-08-11T14:51:03.210263,T,28.25,23.78,0.05,0.16,-19.51,-19.51,1,1,0,0,0,1,0,0,0,0,0,1,ADX>=thresh;MACD_cross_up;RSI_overbought;Price>SMA20
2025-08-11T14:51:29.977152,CCL,28.72,32.47,0.09,0.30,-25.90,-25.90,1,1,0,0,0,1,0,0,0,0,0,1,ADX>=thresh;MACD_cross_up;RSI_overbought;Price>SMA20
2025-08-11T14:51:39.583945,CMG,41.72,37.14,0.11,0.26,-14.69,-14.69,1,1,0,0,0,1,0,0,0,0,0,1,ADX>=thresh;MACD_cross_up;RSI_overbought;Price>SMA20
2025-08-11T14:51:47.600438,CME,286.41,59.75,0.62,0.22,-13.52,-13.52,1,1,0,0,0,1,0,0,0,0,0,1,ADX>=thresh;MACD_cross_up;RSI_overbought;Price>SMA20
2025-08-11T14:51:55.437693,CEG,332.06,52.34,2.27,0.68,-21.52,-21.52,1,1,0,0,0,0,0,1,1,0,0,0,ADX>=thresh;MACD_cross_up;ATR>=abs;ATR>=pct
2025-08-11T14:52:14.205743,DLTR,115.43,43.43,0.33,0.28,-40.73,-40.73,1,1,0,0,1,0,0,0,0,0,0,1,ADX>=thresh;MACD_cross_up;BB_breakout;Price>SMA20
2025-08-11T14:52:15.455426,D,62.15,25.41,0.12,0.20,-30.12,-30.12,1,1,0,0,1,1,0,0,0,0,0,1,ADX>=thresh;MACD_cross_up;BB_breakout;RSI_overbought;Price>SMA20
2025-08-11T14:52:34.462682,EQIX,781.37,28.25,1.65,0.21,-34.39,-34.39,1,1,0,0,1,1,0,0,0,0,0,1,ADX>=thresh;MACD_cross_up;BB_breakout;RSI_overbought;Price>SMA20
2025-08-11T14:52:36.349657,ERIE,366.55,34.44,1.75,0.48,-1.85,-1.85,1,1,0,0,0,1,0,0,0,0,0,1,ADX>=thresh;MACD_cross_up;RSI_overbought;Price>SMA20
2025-08-11T14:52:39.729052,ES,65.46,26.25,0.14,0.22,-20.37,-20.37,1,1,0,0,1,0,0,0,0,0,0,1,ADX>=thresh;MACD_cross_up;BB_breakout;Price>SMA20
2025-08-11T14:52:59.623275,GEV,650.68,24.63,2.52,0.39,-37.36,-37.36,1,1,0,0,1,1,0,1,0,0,0,1,ADX>=thresh;MACD_cross_up;BB_breakout;RSI_overbought;ATR>=abs;Price>SMA20
2025-08-11T14:53:20.318356,HII,269.61,20.55,0.73,0.27,-19.89,-19.89,1,1,0,0,1,1,0,0,0,0,0,1,ADX>=thresh;MACD_cross_up;BB_breakout;RSI_overbought;Price>SMA20
2025-08-11T14:53:28.048221,ISRG,474.69,37.99,1.05,0.22,-19.01,-19.01,1,1,0,0,1,1,0,0,0,0,0,1,ADX>=thresh;MACD_cross_up;BB_breakout;RSI_overbought;Price>SMA20
2025-08-11T14:53:36.863141,KVUE,21.21,43.16,0.07,0.34,-37.19,-37.19,1,1,0,0,1,0,0,0,0,0,0,1,ADX>=thresh;MACD_cross_up;BB_breakout;Price>SMA20
2025-08-11T14:53:43.247715,KR,74.83,22.49,0.17,0.22,-18.73,-18.73,1,1,0,0,0,1,0,0,0,0,0,1,ADX>=thresh;MACD_cross_up;RSI_overbought;Price>SMA20
2025-08-11T14:53:49.628452,LYV,155.77,33.94,0.64,0.41,-16.47,-16.47,1,1,0,0,0,1,0,0,0,0,0,1,ADX>=thresh;MACD_cross_up;RSI_overbought;Price>SMA20
2025-08-11T14:53:51.190782,LMT,426.19,32.33,0.80,0.19,-17.53,-17.53,1,1,0,0,1,0,0,0,0,0,0,1,ADX>=thresh;MACD_cross_up;BB_breakout;Price>SMA20
2025-08-11T14:54:00.251219,MCK,680.18,56.65,2.43,0.36,-36.61,-36.61,1,1,0,0,1,1,0,1,0,0,0,1,ADX>=thresh;MACD_cross_up;BB_breakout;RSI_overbought;ATR>=abs;Price>SMA20
2025-08-11T14:54:06.788504,MSFT,524.86,35.31,0.89,0.17,-25.22,-25.22,1,1,0,0,1,1,0,0,0,0,0,1,ADX>=thresh;MACD_cross_up;BB_breakout;RSI_overbought;Price>SMA20
2025-08-11T14:54:34.764193,PARA,0.00,22.69,0.04,inf,17.64,17.64,1,1,0,0,0,1,0,0,1,0,0,0,ADX>=thresh;MACD_cross_up;RSI_overbought;ATR>=pct
2025-08-11T14:54:52.309209,RTX,155.53,30.85,0.28,0.18,-23.78,-23.78,1,1,0,0,0,1,0,0,0,0,0,1,ADX>=thresh;MACD_cross_up;RSI_overbought;Price>SMA20
2025-08-11T14:54:59.060689,RCL,305.75,22.46,1.09,0.36,-26.37,-26.37,1,1,0,0,1,1,0,0,0,0,0,1,ADX>=thresh;MACD_cross_up;BB_breakout;RSI_overbought;Price>SMA20
2025-08-11T14:55:19.193969,TRGP,166.21,22.13,0.62,0.38,-44.62,-44.62,1,1,0,0,1,0,0,0,0,0,0,1,ADX>=thresh;MACD_cross_up;BB_breakout;Price>SMA20
2025-08-11T14:55:32.544543,UBER,91.08,24.22,0.44,0.49,-0.82,-0.82,1,1,0,0,0,1,0,0,0,0,0,1,ADX>=thresh;MACD_cross_up;RSI_overbought;Price>SMA20
2025-08-11T14:55:43.155521,VLTO,108.05,25.43,0.19,0.18,-23.87,-23.87,1,1,0,0,1,0,0,0,0,0,0,1,ADX>=thresh;MACD_cross_up;BB_breakout;Price>SMA20
2025-08-11T14:55:47.521274,VICI,32.98,20.25,0.06,0.17,-19.54,-19.54,1,1,0,0,1,1,0,0,0,0,0,1,ADX>=thresh;MACD_cross_up;BB_breakout;RSI_overbought;Price>SMA20
2025-08-11T14:56:23.126438,ALB,83.08,41.15,0.67,0.80,-54.43,-54.43,1,1,0,0,1,1,0,0,1,0,0,1,ADX>=thresh;MACD_cross_up;BB_breakout;RSI_overbought;ATR>=pct;Price>SMA20
2025-08-11T14:56:27.874493,GOOGL,200.81,44.79,0.45,0.22,-32.68,-32.68,1,1,0,0,0,1,0,0,0,0,0,1,ADX>=thresh;MACD_cross_up;RSI_overbought;Price>SMA20
2025-08-11T14:56:28.813835,GOOG,201.53,48.77,0.44,0.22,-34.61,-34.61,1,1,0,0,0,1,0,0,0,0,0,1,ADX>=thresh;MACD_cross_up;RSI_overbought;Price>SMA20
2025-08-11T14:57:20.166223,AXON,836.74,45.10,2.10,0.25,-63.48,-63.48,1,1,0,0,1,1,0,1,0,0,0,1,ADX>=thresh;MACD_cross_up;BB_breakout;RSI_overbought;ATR>=abs;Price>SMA20
2025-08-11T14:57:41.098458,CCL,28.82,34.54,0.09,0.31,-19.26,-19.26,1,1,0,0,1,1,0,0,0,0,0,1,ADX>=thresh;MACD_cross_up;BB_breakout;RSI_overbought;Price>SMA20
2025-08-11T14:57:43.447145,CBOE,254.68,27.12,0.45,0.18,-40.49,-40.49,1,1,0,0,1,1,0,0,0,0,0,1,ADX>=thresh;MACD_cross_up;BB_breakout;RSI_overbought;Price>SMA20
2025-08-11T14:57:45.747837,COR,291.20,62.08,0.87,0.30,-20.71,-20.71,1,1,0,0,0,1,0,0,0,0,0,1,ADX>=thresh;MACD_cross_up;RSI_overbought;Price>SMA20
2025-08-11T14:57:50.402274,CMG,41.78,45.60,0.11,0.26,-12.47,-12.47,1,1,0,0,0,1,0,0,0,0,0,1,ADX>=thresh;MACD_cross_up;RSI_overbought;Price>SMA20
2025-08-11T14:57:57.262738,CME,287.18,63.56,0.63,0.22,-11.94,-11.94,1,1,0,0,1,1,0,0,0,0,0,1,ADX>=thresh;MACD_cross_up;BB_breakout;RSI_overbought;Price>SMA20
2025-08-11T14:58:04.342038,CEG,331.87,50.47,2.34,0.70,-33.83,-33.83,1,1,0,0,0,0,0,1,1,0,0,0,ADX>=thresh;MACD_cross_up;ATR>=abs;ATR>=pct
2025-08-11T14:58:23.593817,DASH,257.31,52.44,1.01,0.39,-25.12,-25.12,1,1,0,0,1,0,0,0,0,0,0,1,ADX>=thresh;MACD_cross_up;BB_breakout;Price>SMA20
2025-08-11T14:58:29.283412,EIX,54.83,43.82,0.18,0.33,-38.24,-38.24,1,1,0,0,1,1,0,0,0,0,0,1,ADX>=thresh;MACD_cross_up;BB_breakout;RSI_overbought;Price>SMA20
2025-08-11T14:58:36.010879,EQIX,781.38,30.79,1.52,0.19,-39.12,-39.12,1,1,0,0,0,1,0,0,0,0,0,1,ADX>=thresh;MACD_cross_up;RSI_overbought;Price>SMA20
2025-08-11T14:58:37.411570,ERIE,366.37,37.68,1.73,0.47,2.31,2.31,1,1,0,0,0,1,0,0,0,0,0,1,ADX>=thresh;MACD_cross_up;RSI_overbought;Price>SMA20
2025-08-11T14:59:05.951689,GE,276.12,21.81,0.58,0.21,-36.77,-36.77,1,1,0,0,1,1,0,0,0,0,0,1,ADX>=thresh;MACD_cross_up;BB_breakout;RSI_overbought;Price>SMA20
2025-08-11T14:59:07.002423,GEV,650.73,20.81,2.46,0.38,-40.85,-40.85,1,1,0,0,0,1,0,1,0,0,0,1,ADX>=thresh;MACD_cross_up;RSI_overbought;ATR>=abs;Price>SMA20
2025-08-11T14:59:25.343796,HII,269.99,20.31,0.72,0.27,-26.42,-26.42,1,1,0,0,1,1,0,0,0,0,0,1,ADX>=thresh;MACD_cross_up;BB_breakout;RSI_overbought;Price>SMA20
2025-08-11T14:59:32.014536,INTU,724.66,59.57,4.22,0.58,46.77,46.77,1,1,0,0,0,0,0,1,1,0,0,0,ADX>=thresh;MACD_cross_up;ATR>=abs;ATR>=pct
2025-08-11T14:59:33.022729,ISRG,474.24,43.06,1.02,0.22,-22.34,-22.34,1,1,0,0,0,1,0,0,0,0,0,1,ADX>=thresh;MACD_cross_up;RSI_overbought;Price>SMA20
2025-08-11T14:59:41.881181,KVUE,21.23,41.52,0.07,0.32,-38.21,-38.21,1,1,0,0,1,1,0,0,0,0,0,1,ADX>=thresh;MACD_cross_up;BB_breakout;RSI_overbought;Price>SMA20
2025-08-11T14:59:47.098323,KR,74.77,24.71,0.17,0.23,-8.03,-8.03,1,1,0,0,0,1,0,0,0,0,0,1,ADX>=thresh;MACD_cross_up;RSI_overbought;Price>SMA20
2025-08-11T15:00:05.478549,MCK,680.52,34.55,2.17,0.32,-26.13,-26.13,1,1,0,0,1,1,0,1,0,0,0,1,ADX>=thresh;MACD_cross_up;BB_breakout;RSI_overbought;ATR>=abs;Price>SMA20
2025-08-11T15:00:11.065524,MSFT,525.19,42.96,0.78,0.15,-33.73,-33.73,1,1,0,0,0,1,0,0,0,0,0,1,ADX>=thresh;MACD_cross_up;RSI_overbought;Price>SMA20
2025-08-11T15:00:21.780435,NFLX,1213.73,22.82,3.10,0.26,-45.17,-45.17,1,1,0,0,0,0,0,1,0,0,0,1,ADX>=thresh;MACD_cross_up;ATR>=abs;Price>SMA20
2025-08-11T15:00:38.099923,PARA,0.00,23.11,0.04,inf,16.08,16.08,1,1,0,0,0,1,0,0,1,0,0,0,ADX>=thresh;MACD_cross_up;RSI_overbought;ATR>=pct
2025-08-11T15:01:01.184165,RCL,305.36,23.03,0.97,0.32,-38.46,-38.46,1,1,0,0,0,1,0,0,0,0,0,1,ADX>=thresh;MACD_cross_up;RSI_overbought;Price>SMA20
2025-08-11T15:01:31.332268,UBER,91.22,29.31,0.41,0.45,-19.02,-19.02,1,1,0,0,0,1,0,0,0,0,0,1,ADX>=thresh;MACD_cross_up;RSI_overbought;Price>SMA20
2025-08-11T15:01:43.351466,VST,201.56,31.43,1.25,0.62,-32.21,-32.21,1,1,0,0,1,0,0,0,1,0,0,1,ADX>=thresh;MACD_cross_up;BB_breakout;ATR>=pct;Price>SMA20
2025-08-11T15:01:51.472391,WM,236.29,24.06,0.36,0.15,-35.79,-35.79,1,1,0,0,1,1,0,0,0,0,0,1,ADX>=thresh;MACD_cross_up;BB_breakout;RSI_overbought;Price>SMA20
2025-08-11T15:02:00.158187,XYL,142.55,26.96,0.27,0.19,-47.79,-47.79,1,1,0,0,1,1,0,0,0,0,0,1,ADX>=thresh;MACD_cross_up;BB_breakout;RSI_overbought;Price>SMA20
2025-08-11T15:02:17.847979,ALB,82.89,40.58,0.65,0.79,-57.78,-57.78,1,1,0,0,0,1,0,0,1,0,0,1,ADX>=thresh;MACD_cross_up;RSI_overbought;ATR>=pct;Price>SMA20
2025-08-11T15:02:23.245219,MO,64.97,41.09,0.15,0.23,-16.20,-16.20,1,1,0,0,0,1,0,0,0,0,0,1,ADX>=thresh;MACD_cross_up;RSI_overbought;Price>SMA20
2025-08-11T15:02:25.938530,AEP,112.19,28.23,0.17,0.15,-4.20,-4.20,1,1,0,0,1,1,0,0,0,0,0,1,ADX>=thresh;MACD_cross_up;BB_breakout;RSI_overbought;Price>SMA20
2025-08-11T15:02:36.089535,ACGL,89.50,27.83,0.11,0.13,-23.65,-23.65,1,1,0,0,1,1,0,0,0,0,0,1,ADX>=thresh;MACD_cross_up;BB_breakout;RSI_overbought;Price>SMA20
2025-08-11T15:02:43.744330,AXON,836.29,42.16,1.72,0.21,-59.82,-59.82,1,1,0,0,0,1,0,0,0,0,0,1,ADX>=thresh;MACD_cross_up;RSI_overbought;Price>SMA20
2025-08-11T15:02:59.043800,CZR,24.00,24.83,0.10,0.41,-26.36,-26.36,1,1,0,0,1,0,0,0,0,0,0,1,ADX>=thresh;MACD_cross_up;BB_breakout;Price>SMA20
2025-08-11T15:03:05.418652,CBOE,255.27,30.68,0.43,0.17,-37.67,-37.67,1,1,0,0,1,1,0,0,0,0,0,1,ADX>=thresh;MACD_cross_up;BB_breakout;RSI_overbought;Price>SMA20
2025-08-11T15:03:07.559512,COR,291.33,59.28,0.83,0.28,-20.54,-20.54,1,1,0,0,0,1,0,0,0,0,0,1,ADX>=thresh;MACD_cross_up;RSI_overbought;Price>SMA20
2025-08-11T15:03:19.257424,CME,287.67,67.31,0.65,0.23,-13.39,-13.39,1,1,0,0,1,1,0,0,0,0,0,1,ADX>=thresh;MACD_cross_up;BB_breakout;RSI_overbought;Price>SMA20
2025-08-11T15:03:25.958390,CEG,331.60,50.47,2.13,0.64,-34.55,-34.55,1,1,0,0,0,0,0,1,1,0,0,0,ADX>=thresh;MACD_cross_up;ATR>=abs;ATR>=pct
2025-08-11T15:03:50.465547,EIX,54.89,41.35,0.17,0.31,-36.55,-36.55,1,1,0,0,0,1,0,0,0,0,0,1,ADX>=thresh;MACD_cross_up;RSI_overbought;Price>SMA20
2025-08-11T15:03:57.794167,EQIX,781.55,33.54,1.37,0.17,-47.13,-47.13,1,1,0,0,0,1,0,0,0,0,0,1,ADX>=thresh;MACD_cross_up;RSI_overbought;Price>SMA20
2025-08-11T15:04:19.415473,GEV,650.33,22.55,2.29,0.35,-38.98,-38.98,1,1,0,0,0,0,0,1,0,0,0,1,ADX>=thresh;MACD_cross_up;ATR>=abs;Price>SMA20
2025-08-11T15:04:20.101537,GEN,31.09,25.30,0.12,0.38,-38.95,-38.95,1,1,0,0,1,1,0,0,0,0,0,1,ADX>=thresh;MACD_cross_up;BB_breakout;RSI_overbought;Price>SMA20
2025-08-11T15:04:25.649168,GDDY,136.26,33.97,0.73,0.53,-34.13,-34.13,1,1,0,0,0,0,0,0,1,0,0,1,ADX>=thresh;MACD_cross_up;ATR>=pct;Price>SMA20
2025-08-11T15:04:37.897513,HII,269.52,20.92,0.69,0.26,-29.56,-29.56,1,1,0,0,0,1,0,0,0,0,0,1,ADX>=thresh;MACD_cross_up;RSI_overbought;Price>SMA20
2025-08-11T15:04:42.767780,INTC,21.03,55.51,0.10,0.50,-31.77,-31.77,1,1,0,0,1,1,0,0,0,0,0,1,ADX>=thresh;MACD_cross_up;BB_breakout;RSI_overbought;Price>SMA20
2025-08-11T15:04:45.484723,INTU,726.20,62.38,4.14,0.57,42.54,42.54,1,1,0,0,0,0,0,1,1,0,0,0,ADX>=thresh;MACD_cross_up;ATR>=abs;ATR>=pct
2025-08-11T15:04:46.192787,ISRG,474.58,48.44,0.94,0.20,-25.22,-25.22,1,1,0,0,0,1,0,0,0,0,0,1,ADX>=thresh;MACD_cross_up;RSI_overbought;Price>SMA20
2025-08-11T15:04:53.457580,KVUE,21.28,41.26,0.07,0.32,-33.51,-33.51,1,1,0,0,1,1,0,0,0,0,0,1,ADX>=thresh;MACD_cross_up;BB_breakout;RSI_overbought;Price>SMA20
2025-08-11T15:05:15.501183,MCK,680.22,35.99,2.13,0.31,-24.12,-24.12,1,1,0,0,0,1,0,1,0,0,0,1,ADX>=thresh;MACD_cross_up;RSI_overbought;ATR>=abs;Price>SMA20
2025-08-11T15:05:21.652026,MSFT,525.08,46.30,0.74,0.14,-28.04,-28.04,1,1,0,0,0,1,0,0,0,0,0,1,ADX>=thresh;MACD_cross_up;RSI_overbought;Price>SMA20
2025-08-11T15:05:33.523603,NFLX,1215.41,22.90,3.27,0.27,-38.17,-38.17,1,1,0,0,1,1,0,1,0,0,0,1,ADX>=thresh;MACD_cross_up;BB_breakout;RSI_overbought;ATR>=abs;Price>SMA20
2025-08-11T15:05:52.468949,PARA,0.00,23.11,0.04,inf,16.08,16.08,1,1,0,0,0,1,0,0,1,0,0,0,ADX>=thresh;MACD_cross_up;RSI_overbought;ATR>=pct
2025-08-11T15:06:07.245193,PSA,279.90,69.29,0.54,0.19,-20.23,-20.23,1,1,0,0,1,0,0,0,0,0,0,1,ADX>=thresh;MACD_cross_up;BB_breakout;Price>SMA20
2025-08-11T15:06:12.382763,O,57.63,22.29,0.09,0.16,-12.43,-12.43,1,1,0,0,1,0,0,0,0,0,0,1,ADX>=thresh;MACD_cross_up;BB_breakout;Price>SMA20
2025-08-11T15:06:42.903410,REG,72.32,21.31,0.16,0.22,-9.99,-9.99,1,1,0,0,1,1,0,0,0,0,0,1,ADX>=thresh;MACD_cross_up;BB_breakout;RSI_overbought;Price>SMA20
2025-08-11T15:06:47.939024,ROST,146.71,45.52,0.28,0.19,-44.21,-44.21,1,1,0,0,1,1,0,0,0,0,0,1,ADX>=thresh;MACD_cross_up;BB_breakout;RSI_overbought;Price>SMA20
2025-08-11T15:06:50.619645,SBAC,220.19,33.31,0.33,0.15,-19.07,-19.07,1,1,0,0,1,0,0,0,0,0,0,1,ADX>=thresh;MACD_cross_up;BB_breakout;Price>SMA20
2025-08-11T15:06:54.157207,SPG,164.31,56.43,0.26,0.16,-15.77,-15.77,1,1,0,0,1,1,0,0,0,0,0,1,ADX>=thresh;MACD_cross_up;BB_breakout;RSI_overbought;Price>SMA20
2025-08-11T15:07:16.782668,UBER,91.24,32.51,0.40,0.44,-21.89,-21.89,1,1,0,0,0,1,0,0,0,0,0,1,ADX>=thresh;MACD_cross_up;RSI_overbought;Price>SMA20
2025-08-11T15:07:27.737300,VST,201.67,30.68,1.14,0.56,-40.40,-40.40,1,1,0,0,1,0,0,0,1,0,0,1,ADX>=thresh;MACD_cross_up;BB_breakout;ATR>=pct;Price>SMA20
2025-08-11T15:07:34.426598,WM,236.50,26.65,0.36,0.15,-35.82,-35.82,1,1,0,0,1,1,0,0,0,0,0,1,ADX>=thresh;MACD_cross_up;BB_breakout;RSI_overbought;Price>SMA20
2025-08-11T15:07:36.372794,WELL,169.07,20.32,0.25,0.15,-48.23,-48.23,1,1,0,0,0,1,0,0,0,0,0,1,ADX>=thresh;MACD_cross_up;RSI_overbought;Price>SMA20
2025-08-11T15:07:38.950794,WMB,58.47,22.53,0.12,0.20,-44.45,-44.45,1,1,0,0,1,1,0,0,0,0,0,1,ADX>=thresh;MACD_cross_up;BB_breakout;RSI_overbought;Price>SMA20
2025-08-11T15:07:41.657947,XYL,142.57,25.39,0.25,0.18,-45.30,-45.30,1,1,0,0,0,1,0,0,0,0,0,1,ADX>=thresh;MACD_cross_up;RSI_overbought;Price>SMA20
2025-08-11T15:07:55.037330,AKAM,71.93,37.27,0.34,0.47,-36.08,-36.08,1,1,0,0,1,0,0,0,0,0,0,1,ADX>=thresh;MACD_cross_up;BB_breakout;Price>SMA20
2025-08-11T15:08:00.114060,MO,64.97,35.99,0.14,0.22,-18.97,-18.97,1,1,0,0,0,1,0,0,0,0,0,1,ADX>=thresh;MACD_cross_up;RSI_overbought;Price>SMA20
2025-08-11T15:08:07.085892,ADI,227.55,36.83,0.40,0.18,-43.04,-43.04,1,1,0,0,1,1,0,0,0,0,0,1,ADX>=thresh;MACD_cross_up;BB_breakout;RSI_overbought;Price>SMA20
2025-08-11T15:08:12.251289,ACGL,89.77,32.83,0.13,0.14,-12.85,-12.85,1,1,0,0,1,1,0,0,0,0,0,1,ADX>=thresh;MACD_cross_up;BB_breakout;RSI_overbought;Price>SMA20
2025-08-11T15:08:27.683593,BMY,46.10,20.84,0.11,0.25,-44.66,-44.66,1,1,0,0,1,1,0,0,0,0,0,1,ADX>=thresh;MACD_cross_up;BB_breakout;RSI_overbought;Price>SMA20
2025-08-11T15:08:33.545422,CZR,24.06,25.55,0.10,0.42,-23.22,-23.22,1,1,0,0,1,1,0,0,0,0,0,1,ADX>=thresh;MACD_cross_up;BB_breakout;RSI_overbought;Price>SMA20
2025-08-11T15:08:35.512190,COF,209.02,22.86,0.45,0.22,-19.78,-19.78,1,1,0,0,0,1,0,0,0,0,0,1,ADX>=thresh;MACD_cross_up;RSI_overbought;Price>SMA20
2025-08-11T15:08:37.085819,CCL,28.75,38.30,0.08,0.29,-27.55,-27.55,1,1,0,0,0,1,0,0,0,0,0,1,ADX>=thresh;MACD_cross_up;RSI_overbought;Price>SMA20
2025-08-11T15:08:43.835839,CHTR,259.55,27.65,0.94,0.36,-35.01,-35.01,1,1,0,0,1,1,0,0,0,0,0,1,ADX>=thresh;MACD_cross_up;BB_breakout;RSI_overbought;Price>SMA20
2025-08-11T15:08:45.105012,CMG,41.82,40.30,0.12,0.29,-11.14,-11.14,1,1,0,0,0,1,0,0,0,0,0,1,ADX>=thresh;MACD_cross_up;RSI_overbought;Price>SMA20
2025-08-11T15:08:46.172348,CHD,91.31,46.80,0.19,0.20,-26.87,-26.87,1,1,0,0,1,0,0,0,0,0,0,1,ADX>=thresh;MACD_cross_up;BB_breakout;Price>SMA20
2025-08-11T15:08:51.923729,CME,287.50,71.08,0.66,0.23,-10.78,-10.78,1,1,0,0,0,1,0,0,0,0,0,1,ADX>=thresh;MACD_cross_up;RSI_overbought;Price>SMA20
2025-08-11T15:08:58.759326,CEG,332.52,47.67,1.94,0.58,-38.23,-38.23,1,1,0,0,0,0,0,0,1,0,0,1,ADX>=thresh;MACD_cross_up;ATR>=pct;Price>SMA20
2025-08-11T15:09:03.307438,CRWD,433.88,35.40,1.51,0.35,-29.46,-29.46,1,1,0,0,1,1,0,0,0,0,0,1,ADX>=thresh;MACD_cross_up;BB_breakout;RSI_overbought;Price>SMA20
2025-08-11T15:09:14.825474,DASH,257.76,47.73,0.96,0.37,-33.00,-33.00,1,1,0,0,1,0,0,0,0,0,0,1,ADX>=thresh;MACD_cross_up;BB_breakout;Price>SMA20
2025-08-11T15:09:21.380205,EIX,54.88,39.75,0.16,0.29,-37.92,-37.92,1,1,0,0,0,1,0,0,0,0,0,1,ADX>=thresh;MACD_cross_up;RSI_overbought;Price>SMA20
2025-08-11T15:09:27.546265,EQIX,781.91,33.58,1.39,0.18,-44.52,-44.52,1,1,0,0,0,1,0,0,0,0,0,1,ADX>=thresh;MACD_cross_up;RSI_overbought;Price>SMA20
2025-08-11T15:09:28.628000,ERIE,367.27,39.06,1.77,0.48,-5.63,-5.63,1,1,0,0,0,1,0,0,0,0,0,1,ADX>=thresh;MACD_cross_up;RSI_overbought;Price>SMA20
2025-08-11T15:09:30.277032,EG,329.87,25.25,0.25,0.08,-49.99,-49.99,1,1,0,0,1,0,0,0,0,0,0,1,ADX>=thresh;MACD_cross_up;BB_breakout;Price>SMA20
2025-08-11T15:09:47.531951,GEV,650.86,24.54,2.18,0.34,-38.43,-38.43,1,1,0,0,0,0,0,1,0,0,0,1,ADX>=thresh;MACD_cross_up;ATR>=abs;Price>SMA20
2025-08-11T15:09:48.237958,GEN,31.07,24.57,0.10,0.34,-41.53,-41.53,1,1,0,0,1,1,0,0,0,0,0,1,ADX>=thresh;MACD_cross_up;BB_breakout;RSI_overbought;Price>SMA20
2025-08-11T15:09:53.137198,GDDY,136.34,32.07,0.69,0.50,-39.58,-39.58,1,1,0,0,0,0,0,0,1,0,0,1,ADX>=thresh;MACD_cross_up;ATR>=pct;Price>SMA20
2025-08-11T15:10:11.641505,INTC,21.02,51.16,0.09,0.44,-39.75,-39.75,1,1,0,0,0,1,0,0,0,0,0,1,ADX>=thresh;MACD_cross_up;RSI_overbought;Price>SMA20
2025-08-11T15:10:14.414043,INTU,726.14,66.25,4.08,0.56,-16.79,-16.79,1,1,0,0,0,0,0,1,1,0,0,0,ADX>=thresh;MACD_cross_up;ATR>=abs;ATR>=pct
2025-08-11T15:10:22.084969,KVUE,21.27,41.70,0.05,0.24,-37.46,-37.46,1,1,0,0,0,1,0,0,0,0,0,1,ADX>=thresh;MACD_cross_up;RSI_overbought;Price>SMA20
2025-08-11T15:10:46.689812,MSFT,525.88,47.79,0.74,0.14,-24.47,-24.47,1,1,0,0,0,1,0,0,0,0,0,1,ADX>=thresh;MACD_cross_up;RSI_overbought;Price>SMA20
2025-08-11T15:10:56.399869,NFLX,1214.98,29.47,2.88,0.24,-43.22,-43.22,1,1,0,0,0,0,0,1,0,0,0,1,ADX>=thresh;MACD_cross_up;ATR>=abs;Price>SMA20
2025-08-11T15:10:59.495867,NKE,73.49,30.78,0.14,0.19,-41.48,-41.48,1,1,0,0,1,0,0,0,0,0,0,1,ADX>=thresh;MACD_cross_up;BB_breakout;Price>SMA20
2025-08-11T15:11:11.809375,PARA,0.00,23.11,0.04,inf,16.08,16.08,1,1,0,0,0,1,0,0,1,0,0,0,ADX>=thresh;MACD_cross_up;RSI_overbought;ATR>=pct
2025-08-11T15:11:24.444331,PSA,280.01,62.97,0.55,0.19,-26.94,-26.94,1,1,0,0,1,0,0,0,0,0,0,1,ADX>=thresh;MACD_cross_up;BB_breakout;Price>SMA20
2025-08-11T15:11:48.936101,SMCI,45.87,41.88,0.30,0.65,-30.10,-30.10,1,1,0,0,1,0,0,0,1,0,0,1,ADX>=thresh;MACD_cross_up;BB_breakout;ATR>=pct;Price>SMA20
2025-08-11T15:12:00.457379,TRV,264.88,31.30,0.34,0.13,-48.46,-48.46,1,1,0,0,1,0,0,0,0,0,0,1,ADX>=thresh;MACD_cross_up;BB_breakout;Price>SMA20
2025-08-11T15:12:13.363395,VST,201.84,29.98,1.04,0.51,-42.00,-42.00,1,1,0,0,0,0,0,0,1,0,0,1,ADX>=thresh;MACD_cross_up;ATR>=pct;Price>SMA20
2025-08-11T15:12:18.571527,WM,236.41,29.65,0.33,0.14,-46.38,-46.38,1,1,0,0,0,1,0,0,0,0,0,1,ADX>=thresh;MACD_cross_up;RSI_overbought;Price>SMA20
2025-08-11T15:12:22.803070,WMB,58.47,24.25,0.12,0.20,-47.40,-47.40,1,1,0,0,0,1,0,0,0,0,0,1,ADX>=thresh;MACD_cross_up;RSI_overbought;Price>SMA20
2025-08-11T15:12:44.067374,GOOG,201.52,43.61,0.41,0.20,-33.29,-33.29,1,1,0,0,0,1,0,0,0,0,0,1,ADX>=thresh;MACD_cross_up;RSI_overbought;Price>SMA20
2025-08-11T15:12:52.049006,ADI,227.85,32.84,0.40,0.18,-36.48,-36.48,1,1,0,0,1,1,0,0,0,0,0,1,ADX>=thresh;MACD_cross_up;BB_breakout;RSI_overbought;Price>SMA20
2025-08-11T15:12:56.648684,ACGL,89.78,35.14,0.12,0.14,-12.55,-12.55,1,1,0,0,1,1,0,0,0,0,0,1,ADX>=thresh;MACD_cross_up;BB_breakout;RSI_overbought;Price>SMA20
2025-08-11T15:13:22.690635,COF,209.66,21.98,0.47,0.22,-11.20,-11.20,1,1,0,0,1,1,0,0,0,0,0,1,ADX>=thresh;MACD_cross_up;BB_breakout;RSI_overbought;Price>SMA20
2025-08-11T15:13:28.845237,COR,291.99,58.34,0.76,0.26,-20.06,-20.06,1,1,0,0,0,1,0,0,0,0,0,1,ADX>=thresh;MACD_cross_up;RSI_overbought;Price>SMA20
2025-08-11T15:13:32.148380,SCHW,97.64,36.86,0.13,0.14,-24.67,-24.67,1,1,0,0,1,1,0,0,0,0,0,1,ADX>=thresh;MACD_cross_up;BB_breakout;RSI_overbought;Price>SMA20
2025-08-11T15:13:35.550653,CHD,91.43,48.45,0.18,0.19,-25.68,-25.68,1,1,0,0,1,1,0,0,0,0,0,1,ADX>=thresh;MACD_cross_up;BB_breakout;RSI_overbought;Price>SMA20
2025-08-11T15:13:42.164898,CME,288.28,73.71,0.61,0.21,-15.75,-15.75,1,1,0,0,0,1,0,0,0,0,0,1,ADX>=thresh;MACD_cross_up;RSI_overbought;Price>SMA20
2025-08-11T15:14:41.156582,GE,276.27,26.85,0.51,0.19,-22.06,-22.06,1,1,0,0,1,1,0,0,0,0,0,1,ADX>=thresh;MACD_cross_up;BB_breakout;RSI_overbought;Price>SMA20
2025-08-11T15:14:42.266915,GEV,652.15,26.99,2.10,0.32,-39.77,-39.77,1,1,0,0,1,1,0,1,0,0,0,1,ADX>=thresh;MACD_cross_up;BB_breakout;RSI_overbought;ATR>=abs;Price>SMA20
2025-08-11T15:14:42.931742,GEN,31.10,23.88,0.10,0.31,-37.09,-37.09,1,1,0,0,1,1,0,0,0,0,0,1,ADX>=thresh;MACD_cross_up;BB_breakout;RSI_overbought;Price>SMA20
2025-08-11T15:14:44.142132,GD,314.58,21.64,0.32,0.10,-27.80,-27.80,1,1,0,0,1,1,0,0,0,0,0,1,ADX>=thresh;MACD_cross_up;BB_breakout;RSI_overbought;Price>SMA20
2025-08-11T15:14:58.224026,HWM,180.38,41.20,0.49,0.27,-37.55,-37.55,1,1,0,0,1,0,0,0,0,0,0,1,ADX>=thresh;MACD_cross_up;BB_breakout;Price>SMA20
2025-08-11T15:15:01.114213,HII,269.95,23.18,0.68,0.25,-38.85,-38.85,1,1,0,0,0,1,0,0,0,0,0,1,ADX>=thresh;MACD_cross_up;RSI_overbought;Price>SMA20
2025-08-11T15:15:05.446409,INTC,21.44,52.46,0.12,0.58,19.74,19.74,1,1,0,0,1,1,0,0,1,0,0,1,ADX>=thresh;MACD_cross_up;BB_breakout;RSI_overbought;ATR>=pct;Price>SMA20
2025-08-11T15:15:06.476121,ICE,187.08,35.84,0.23,0.12,-38.60,-38.60,1,1,0,0,0,1,0,0,0,0,0,1,ADX>=thresh;MACD_cross_up;RSI_overbought;Price>SMA20
2025-08-11T15:15:08.792411,INTU,724.27,66.36,4.20,0.58,-12.22,-12.22,1,1,0,0,0,0,0,1,1,0,0,0,ADX>=thresh;MACD_cross_up;ATR>=abs;ATR>=pct
2025-08-11T15:15:09.402808,ISRG,475.12,61.86,0.77,0.16,-35.97,-35.97,1,1,0,0,0,1,0,0,0,0,0,1,ADX>=thresh;MACD_cross_up;RSI_overbought;Price>SMA20
2025-08-11T15:15:16.582086,KVUE,21.27,40.49,0.05,0.23,-35.12,-35.12,1,1,0,0,0,1,0,0,0,0,0,1,ADX>=thresh;MACD_cross_up;RSI_overbought;Price>SMA20
2025-08-11T15:15:25.518095,LDOS,178.69,44.01,0.37,0.21,-56.19,-56.19,1,1,0,0,1,1,0,0,0,0,0,1,ADX>=thresh;MACD_cross_up;BB_breakout;RSI_overbought;Price>SMA20
2025-08-11T15:15:29.120634,LMT,426.61,20.79,0.68,0.16,-17.53,-17.53,1,1,0,0,1,1,0,0,0,0,0,1,ADX>=thresh;MACD_cross_up;BB_breakout;RSI_overbought;Price>SMA20
2025-08-11T15:15:43.831096,MSFT,526.59,49.21,0.72,0.14,-16.28,-16.28,1,1,0,0,0,1,0,0,0,0,0,1,ADX>=thresh;MACD_cross_up;RSI_overbought;Price>SMA20
2025-08-11T15:15:50.801546,MPWR,811.40,37.93,2.21,0.27,-30.40,-30.40,1,1,0,0,1,0,0,1,0,0,0,1,ADX>=thresh;MACD_cross_up;BB_breakout;ATR>=abs;Price>SMA20
2025-08-11T15:15:56.031913,NFLX,1217.25,33.68,2.83,0.23,-37.15,-37.15,1,1,0,0,1,1,0,1,0,0,0,1,ADX>=thresh;MACD_cross_up;BB_breakout;RSI_overbought;ATR>=abs;Price>SMA20
2025-08-11T15:16:13.371359,PARA,0.00,23.11,0.04,inf,16.08,16.08,1,1,0,0,0,1,0,0,1,0,0,0,ADX>=thresh;MACD_cross_up;RSI_overbought;ATR>=pct
2025-08-11T15:16:28.048816,PSA,280.02,62.97,0.55,0.19,-26.94,-26.94,1,1,0,0,1,0,0,0,0,0,0,1,ADX>=thresh;MACD_cross_up;BB_breakout;Price>SMA20
2025-08-11T15:16:51.196582,SMCI,45.97,39.24,0.29,0.63,-26.69,-26.69,1,1,0,0,1,1,0,0,1,0,0,1,ADX>=thresh;MACD_cross_up;BB_breakout;RSI_overbought;ATR>=pct;Price>SMA20
2025-08-11T15:17:03.257076,TDG,1413.04,25.00,5.06,0.36,-32.92,-32.92,1,1,0,0,1,0,0,1,0,0,0,1,ADX>=thresh;MACD_cross_up;BB_breakout;ATR>=abs;Price>SMA20
2025-08-11T15:17:15.927699,VRTX,379.89,47.52,1.46,0.39,-20.10,-20.10,1,1,0,0,1,1,0,0,0,0,0,1,ADX>=thresh;MACD_cross_up;BB_breakout;RSI_overbought;Price>SMA20
2025-08-11T15:17:18.052125,VST,202.04,30.35,0.97,0.48,-42.66,-42.66,1,1,0,0,0,1,0,0,0,0,0,1,ADX>=thresh;MACD_cross_up;RSI_overbought;Price>SMA20
2025-08-11T15:17:22.920276,WM,236.56,32.11,0.30,0.13,-34.60,-34.60,1,1,0,0,0,1,0,0,0,0,0,1,ADX>=thresh;MACD_cross_up;RSI_overbought;Price>SMA20
2025-08-11T15:17:28.263449,WMB,58.55,27.56,0.11,0.18,-45.10,-45.10,1,1,0,0,1,1,0,0,0,0,0,1,ADX>=thresh;MACD_cross_up;BB_breakout;RSI_overbought;Price>SMA20
2025-08-11T15:17:49.632319,GOOGL,201.00,41.01,0.39,0.20,-30.26,-30.26,1,1,0,0,0,1,0,0,0,0,0,1,ADX>=thresh;MACD_cross_up;RSI_overbought;Price>SMA20
2025-08-11T15:17:50.447782,GOOG,201.67,42.87,0.38,0.19,-31.28,-31.28,1,1,0,0,0,1,0,0,0,0,0,1,ADX>=thresh;MACD_cross_up;RSI_overbought;Price>SMA20
2025-08-11T15:17:59.037242,ADI,228.21,29.95,0.42,0.18,-11.22,-11.22,1,1,0,0,1,1,0,0,0,0,0,1,ADX>=thresh;MACD_cross_up;BB_breakout;RSI_overbought;Price>SMA20
2025-08-11T15:18:04.544047,ACGL,89.67,36.55,0.13,0.14,-1.03,-1.03,1,1,0,0,0,1,0,0,0,0,0,1,ADX>=thresh;MACD_cross_up;RSI_overbought;Price>SMA20
2025-08-11T15:18:32.344024,COF,209.73,20.01,0.46,0.22,-8.05,-8.05,1,1,0,0,1,1,0,0,0,0,0,1,ADX>=thresh;MACD_cross_up;BB_breakout;RSI_overbought;Price>SMA20
2025-08-11T15:18:38.755386,COR,292.45,60.05,0.73,0.25,-23.04,-23.04,1,1,0,0,0,1,0,0,0,0,0,1,ADX>=thresh;MACD_cross_up;RSI_overbought;Price>SMA20
2025-08-11T15:18:42.280560,SCHW,97.64,34.21,0.13,0.13,-16.98,-16.98,1,1,0,0,0,1,0,0,0,0,0,1,ADX>=thresh;MACD_cross_up;RSI_overbought;Price>SMA20
2025-08-11T15:18:44.547589,CMG,41.81,43.63,0.12,0.28,-7.68,-7.68,1,1,0,0,0,1,0,0,0,0,0,1,ADX>=thresh;MACD_cross_up;RSI_overbought;Price>SMA20
2025-08-11T15:18:45.808409,CHD,91.42,51.28,0.17,0.19,-18.50,-18.50,1,1,0,0,0,1,0,0,0,0,0,1,ADX>=thresh;MACD_cross_up;RSI_overbought;Price>SMA20
2025-08-11T15:18:50.985578,CME,288.05,76.81,0.58,0.20,-18.98,-18.98,1,1,0,0,0,1,0,0,0,0,0,1,ADX>=thresh;MACD_cross_up;RSI_overbought;Price>SMA20
2025-08-11T15:19:27.170657,EQT,51.67,20.43,0.14,0.27,-21.20,-21.20,1,1,0,0,0,1,0,0,0,0,0,1,ADX>=thresh;MACD_cross_up;RSI_overbought;Price>SMA20
2025-08-11T15:19:31.098163,EG,330.33,27.18,0.27,0.08,-40.17,-40.17,1,1,0,0,1,1,0,0,0,0,0,1,ADX>=thresh;MACD_cross_up;BB_breakout;RSI_overbought;Price>SMA20
2025-08-11T15:19:49.723553,GEV,651.00,28.83,2.12,0.33,-27.99,-27.99,1,1,0,0,0,0,0,1,0,0,0,1,ADX>=thresh;MACD_cross_up;ATR>=abs;Price>SMA20
2025-08-11T15:19:50.997433,GEN,31.09,22.56,0.09,0.29,-27.49,-27.49,1,1,0,0,0,1,0,0,0,0,0,1,ADX>=thresh;MACD_cross_up;RSI_overbought;Price>SMA20
2025-08-11T15:20:10.319004,HII,269.95,22.68,0.68,0.25,-39.14,-39.14,1,1,0,0,0,1,0,0,0,0,0,1,ADX>=thresh;MACD_cross_up;RSI_overbought;Price>SMA20
2025-08-11T15:20:14.968245,INTC,21.18,51.33,0.14,0.67,42.09,42.09,1,1,0,0,0,0,0,0,1,0,0,1,ADX>=thresh;MACD_cross_up;ATR>=pct;Price>SMA20
2025-08-11T15:20:18.401828,INTU,719.85,67.72,3.97,0.55,-21.20,-21.20,1,1,0,0,0,0,0,1,1,0,0,0,ADX>=thresh;MACD_cross_up;ATR>=abs;ATR>=pct
2025-08-11T15:20:19.221853,ISRG,475.33,62.47,0.83,0.18,-25.94,-25.94,1,1,0,0,1,1,0,0,0,0,0,1,ADX>=thresh;MACD_cross_up;BB_breakout;RSI_overbought;Price>SMA20
2025-08-11T15:20:28.279964,KVUE,21.28,40.28,0.05,0.21,-38.24,-38.24,1,1,0,0,0,1,0,0,0,0,0,1,ADX>=thresh;MACD_cross_up;RSI_overbought;Price>SMA20
2025-08-11T15:21:00.992942,MSFT,526.11,50.04,0.72,0.14,-15.39,-15.39,1,1,0,0,0,1,0,0,0,0,0,1,ADX>=thresh;MACD_cross_up;RSI_overbought;Price>SMA20
2025-08-11T15:21:06.514828,MPWR,810.92,35.01,2.12,0.26,-37.40,-37.40,1,1,0,0,0,0,0,1,0,0,0,1,ADX>=thresh;MACD_cross_up;ATR>=abs;Price>SMA20
2025-08-11T15:21:08.856933,MS,143.43,24.10,0.22,0.16,-16.92,-16.92,1,1,0,0,1,1,0,0,0,0,0,1,ADX>=thresh;MACD_cross_up;BB_breakout;RSI_overbought;Price>SMA20
2025-08-11T15:21:12.448520,NFLX,1216.65,37.06,2.72,0.22,-28.42,-28.42,1,1,0,0,0,0,0,1,0,0,0,1,ADX>=thresh;MACD_cross_up;ATR>=abs;Price>SMA20
2025-08-11T15:21:27.548996,OKE,74.23,45.90,0.11,0.15,-39.53,-39.53,1,1,0,0,1,0,0,0,0,0,0,1,ADX>=thresh;MACD_cross_up;BB_breakout;Price>SMA20
2025-08-11T15:21:34.853009,PARA,0.00,23.11,0.04,inf,16.08,16.08,1,1,0,0,0,1,0,0,1,0,0,0,ADX>=thresh;MACD_cross_up;RSI_overbought;ATR>=pct
2025-08-11T15:22:02.787902,ROST,147.01,45.73,0.27,0.19,-26.37,-26.37,1,1,0,0,1,1,0,0,0,0,0,1,ADX>=thresh;MACD_cross_up;BB_breakout;RSI_overbought;Price>SMA20
2025-08-11T15:22:19.010035,SMCI,45.85,34.58,0.29,0.63,-26.54,-26.54,1,1,0,0,0,0,0,0,1,0,0,1,ADX>=thresh;MACD_cross_up;ATR>=pct;Price>SMA20
2025-08-11T15:22:30.864130,TJX,131.98,20.99,0.21,0.16,-20.57,-20.57,1,1,0,0,1,0,0,0,0,0,0,1,ADX>=thresh;MACD_cross_up;BB_breakout;Price>SMA20
2025-08-11T15:22:49.727042,VST,202.49,30.03,0.97,0.48,-33.29,-33.29,1,1,0,0,0,1,0,0,0,0,0,1,ADX>=thresh;MACD_cross_up;RSI_overbought;Price>SMA20
2025-08-11T15:22:56.732292,WFC,77.67,25.97,0.14,0.19,-20.55,-20.55,1,1,0,0,1,0,0,0,0,0,0,1,ADX>=thresh;MACD_cross_up;BB_breakout;Price>SMA20
2025-08-11T15:23:00.126703,WMB,58.56,32.82,0.10,0.18,-36.84,-36.84,1,1,0,0,0,1,0,0,0,0,0,1,ADX>=thresh;MACD_cross_up;RSI_overbought;Price>SMA20
2025-08-11T15:23:21.737852,GOOGL,201.04,41.79,0.38,0.19,-29.46,-29.46,1,1,0,0,0,1,0,0,0,0,0,1,ADX>=thresh;MACD_cross_up;RSI_overbought;Price>SMA20
2025-08-11T15:23:22.493280,GOOG,201.70,43.12,0.36,0.18,-29.75,-29.75,1,1,0,0,0,1,0,0,0,0,0,1,ADX>=thresh;MACD_cross_up;RSI_overbought;Price>SMA20
2025-08-11T15:23:23.131160,MO,65.00,21.73,0.13,0.20,-26.83,-26.83,1,1,0,0,0,1,0,0,0,0,0,1,ADX>=thresh;MACD_cross_up;RSI_overbought;Price>SMA20
2025-08-11T15:23:30.113408,ADI,227.94,27.00,0.41,0.18,-13.95,-13.95,1,1,0,0,0,1,0,0,0,0,0,1,ADX>=thresh;MACD_cross_up;RSI_overbought;Price>SMA20
2025-08-11T15:23:31.984726,APA,19.99,27.72,0.08,0.40,-21.60,-21.60,1,1,0,0,1,0,0,0,0,0,0,1,ADX>=thresh;MACD_cross_up;BB_breakout;Price>SMA20
2025-08-11T15:23:47.112567,BX,170.01,27.59,0.37,0.22,-34.32,-34.32,1,1,0,0,1,0,0,0,0,0,0,1,ADX>=thresh;MACD_cross_up;BB_breakout;Price>SMA20
2025-08-11T15:23:47.792391,BK,103.30,30.52,0.15,0.15,-15.15,-15.15,1,1,0,0,1,0,0,0,0,0,0,1,ADX>=thresh;MACD_cross_up;BB_breakout;Price>SMA20
2025-08-11T15:23:57.529820,COF,210.10,20.92,0.48,0.23,-2.48,-2.48,1,1,0,0,0,1,0,0,0,0,0,1,ADX>=thresh;MACD_cross_up;RSI_overbought;Price>SMA20
2025-08-11T15:24:04.932799,SCHW,97.78,30.23,0.13,0.13,-13.94,-13.94,1,1,0,0,1,1,0,0,0,0,0,1,ADX>=thresh;MACD_cross_up;BB_breakout;RSI_overbought;Price>SMA20
2025-08-11T15:24:24.548219,GLW,65.44,25.85,0.12,0.19,-24.43,-24.43,1,1,0,0,1,0,0,0,0,0,0,1,ADX>=thresh;MACD_cross_up;BB_breakout;Price>SMA20
2025-08-11T15:24:34.285253,DVN,32.94,47.61,0.12,0.35,-23.76,-23.76,1,1,0,0,1,1,0,0,0,0,0,1,ADX>=thresh;MACD_cross_up;BB_breakout;RSI_overbought;Price>SMA20
2025-08-11T15:24:38.435483,DASH,258.01,47.00,0.88,0.34,-34.10,-34.10,1,1,0,0,0,1,0,0,0,0,0,1,ADX>=thresh;MACD_cross_up;RSI_overbought;Price>SMA20
2025-08-11T15:24:49.453947,EOG,116.19,36.23,0.32,0.28,-22.85,-22.85,1,1,0,0,1,1,0,0,0,0,0,1,ADX>=thresh;MACD_cross_up;BB_breakout;RSI_overbought;Price>SMA20
2025-08-11T15:24:50.595293,EQT,51.68,22.46,0.13,0.26,-26.14,-26.14,1,1,0,0,0,1,0,0,0,0,0,1,ADX>=thresh;MACD_cross_up;RSI_overbought;Price>SMA20
2025-08-11T15:25:13.240835,GEHC,72.73,21.73,0.16,0.23,-4.04,-4.04,1,1,0,0,0,1,0,0,0,0,0,1,ADX>=thresh;MACD_cross_up;RSI_overbought;Price>SMA20
2025-08-11T15:25:13.934269,GEV,653.20,31.16,1.99,0.30,-20.49,-20.49,1,1,0,0,1,1,0,0,0,0,0,1,ADX>=thresh;MACD_cross_up;BB_breakout;RSI_overbought;Price>SMA20
2025-08-11T15:25:20.859882,GS,719.98,39.54,1.13,0.16,-25.41,-25.41,1,1,0,0,1,1,0,0,0,0,0,1,ADX>=thresh;MACD_cross_up;BB_breakout;RSI_overbought;Price>SMA20
2025-08-11T15:25:41.411589,INTU,720.43,67.35,4.07,0.57,-33.36,-33.36,1,1,0,0,0,0,0,1,1,0,0,0,ADX>=thresh;MACD_cross_up;ATR>=abs;ATR>=pct
2025-08-11T15:25:45.362606,JBL,225.78,31.00,0.52,0.23,-33.93,-33.93,1,1,0,0,1,0,0,0,0,0,0,1,ADX>=thresh;MACD_cross_up;BB_breakout;Price>SMA20
2025-08-11T15:25:48.247274,JPM,290.43,30.39,0.42,0.14,-26.14,-26.14,1,1,0,0,0,1,0,0,0,0,0,1,ADX>=thresh;MACD_cross_up;RSI_overbought;Price>SMA20
2025-08-11T15:25:49.470923,KVUE,21.31,40.96,0.05,0.22,-34.48,-34.48,1,1,0,0,0,1,0,0,0,0,0,1,ADX>=thresh;MACD_cross_up;RSI_overbought;Price>SMA20
2025-08-11T15:25:53.037718,KMI,27.00,27.32,0.04,0.14,-47.31,-47.31,1,1,0,0,0,1,0,0,0,0,0,1,ADX>=thresh;MACD_cross_up;RSI_overbought;Price>SMA20
2025-08-11T15:26:26.442020,MS,143.46,24.99,0.22,0.15,-12.96,-12.96,1,1,0,0,1,1,0,0,0,0,0,1,ADX>=thresh;MACD_cross_up;BB_breakout;RSI_overbought;Price>SMA20
2025-08-11T15:26:29.454939,NFLX,1216.40,39.93,2.70,0.22,-34.92,-34.92,1,1,0,0,0,0,0,1,0,0,0,1,ADX>=thresh;MACD_cross_up;ATR>=abs;Price>SMA20
2025-08-11T15:26:31.857681,NEE,71.95,43.42,0.18,0.25,-41.48,-41.48,1,1,0,0,0,1,0,0,0,0,0,1,ADX>=thresh;MACD_cross_up;RSI_overbought;Price>SMA20
2025-08-11T15:26:43.910933,OKE,74.25,44.66,0.11,0.15,-39.23,-39.23,1,1,0,0,1,0,0,0,0,0,0,1,ADX>=thresh;MACD_cross_up;BB_breakout;Price>SMA20
2025-08-11T15:26:48.874323,PARA,0.00,23.11,0.04,inf,16.08,16.08,1,1,0,0,0,1,0,0,1,0,0,0,ADX>=thresh;MACD_cross_up;RSI_overbought;ATR>=pct
2025-08-11T15:27:15.089902,ROST,146.87,47.70,0.27,0.18,-20.43,-20.43,1,1,0,0,1,1,0,0,0,0,0,1,ADX>=thresh;MACD_cross_up;BB_breakout;RSI_overbought;Price>SMA20
2025-08-11T15:27:18.559391,SRE,81.11,30.53,0.16,0.20,-27.70,-27.70,1,1,0,0,0,1,0,0,0,0,0,1,ADX>=thresh;MACD_cross_up;RSI_overbought;Price>SMA20
2025-08-11T15:27:28.321178,SMCI,45.86,29.88,0.28,0.60,-24.44,-24.44,1,1,0,0,0,0,0,0,1,0,0,1,ADX>=thresh;MACD_cross_up;ATR>=pct;Price>SMA20
2025-08-11T15:27:29.007355,SYF,69.47,28.68,0.13,0.18,-15.65,-15.65,1,1,0,0,1,0,0,0,0,0,0,1,ADX>=thresh;MACD_cross_up;BB_breakout;Price>SMA20
2025-08-11T15:27:33.487092,TRGP,167.21,22.72,0.38,0.22,-44.77,-44.77,1,1,0,0,0,1,0,0,0,0,0,1,ADX>=thresh;MACD_cross_up;RSI_overbought;Price>SMA20
2025-08-11T15:27:37.399117,TPL,870.25,27.79,3.85,0.44,-16.93,-16.93,1,1,0,0,1,0,0,1,0,0,0,1,ADX>=thresh;MACD_cross_up;BB_breakout;ATR>=abs;Price>SMA20
2025-08-11T15:27:41.359995,TDG,1412.31,22.88,4.26,0.30,-21.41,-21.41,1,1,0,0,1,0,0,1,0,0,0,1,ADX>=thresh;MACD_cross_up;BB_breakout;ATR>=abs;Price>SMA20
2025-08-11T15:28:05.052011,WMB,58.55,35.68,0.09,0.16,-37.05,-37.05,1,1,0,0,0,1,0,0,0,0,0,1,ADX>=thresh;MACD_cross_up;RSI_overbought;Price>SMA20
2025-08-11T15:28:40.652321,APA,20.02,26.97,0.08,0.38,-8.59,-8.59,1,1,0,0,1,1,0,0,0,0,0,1,ADX>=thresh;MACD_cross_up;BB_breakout;RSI_overbought;Price>SMA20
2025-08-11T15:28:41.962606,AAPL,227.56,29.37,0.56,0.25,-22.68,-22.68,1,1,0,0,1,0,0,0,0,0,0,1,ADX>=thresh;MACD_cross_up;BB_breakout;Price>SMA20
2025-08-11T15:28:48.741140,AVY,170.24,47.15,0.31,0.18,8.05,8.05,1,1,0,0,0,1,0,0,0,0,0,1,ADX>=thresh;MACD_cross_up;RSI_overbought;Price>SMA20
2025-08-11T15:29:04.820501,COF,210.13,21.16,0.47,0.22,1.61,1.61,1,1,0,0,0,1,0,0,0,0,0,1,ADX>=thresh;MACD_cross_up;RSI_overbought;Price>SMA20
2025-08-11T15:29:05.586765,CAH,158.88,23.02,0.30,0.19,-19.98,-19.98,1,1,0,0,0,1,0,0,0,0,0,1,ADX>=thresh;MACD_cross_up;RSI_overbought;Price>SMA20
2025-08-11T15:29:13.230348,SCHW,97.79,26.09,0.13,0.13,-14.96,-14.96,1,1,0,0,0,1,0,0,0,0,0,1,ADX>=thresh;MACD_cross_up;RSI_overbought;Price>SMA20
2025-08-11T15:29:14.344608,CVX,154.21,41.07,0.26,0.17,-26.72,-26.72,1,1,0,0,1,0,0,0,0,0,0,1,ADX>=thresh;MACD_cross_up;BB_breakout;Price>SMA20
2025-08-11T15:29:42.180771,DVN,33.02,46.93,0.11,0.33,-15.38,-15.38,1,1,0,0,1,1,0,0,0,0,0,1,ADX>=thresh;MACD_cross_up;BB_breakout;RSI_overbought;Price>SMA20
2025-08-11T15:29:47.052637,DOV,174.74,23.14,0.30,0.17,-6.33,-6.33,1,1,0,0,1,1,0,0,0,0,0,1,ADX>=thresh;MACD_cross_up;BB_breakout;RSI_overbought;Price>SMA20
2025-08-11T15:29:54.193077,EIX,55.03,28.14,0.14,0.26,-25.46,-25.46,1,1,0,0,0,1,0,0,0,0,0,1,ADX>=thresh;MACD_cross_up;RSI_overbought;Price>SMA20
2025-08-11T15:29:58.144632,EOG,116.23,36.28,0.30,0.26,-24.16,-24.16,1,1,0,0,1,1,0,0,0,0,0,1,ADX>=thresh;MACD_cross_up;BB_breakout;RSI_overbought;Price>SMA20
2025-08-11T15:29:59.444457,EQT,51.75,24.37,0.13,0.25,-22.98,-22.98,1,1,0,0,0,1,0,0,0,0,0,1,ADX>=thresh;MACD_cross_up;RSI_overbought;Price>SMA20
2025-08-11T15:30:16.339086,FTV,46.65,58.14,0.09,0.19,-0.73,-0.73,1,1,0,0,1,0,0,0,0,0,0,1,ADX>=thresh;MACD_cross_up;BB_breakout;Price>SMA20
2025-08-11T15:30:21.354128,GEHC,72.84,24.63,0.16,0.22,-10.31,-10.31,1,1,0,0,0,1,0,0,0,0,0,1,ADX>=thresh;MACD_cross_up;RSI_overbought;Price>SMA20
2025-08-11T15:30:44.685614,ITW,256.82,22.87,0.35,0.14,-8.38,-8.38,1,1,0,0,1,0,0,0,0,0,0,1,ADX>=thresh;MACD_cross_up;BB_breakout;Price>SMA20
2025-08-11T15:30:50.323947,INTU,720.02,65.82,4.06,0.56,-31.12,-31.12,1,1,0,0,0,0,0,1,1,0,0,0,ADX>=thresh;MACD_cross_up;ATR>=abs;ATR>=pct
2025-08-11T15:30:59.178176,KVUE,21.30,41.32,0.05,0.21,-33.27,-33.27,1,1,0,0,0,1,0,0,0,0,0,1,ADX>=thresh;MACD_cross_up;RSI_overbought;Price>SMA20
2025-08-11T15:31:03.189293,KMI,27.02,31.22,0.04,0.13,-44.18,-44.18,1,1,0,0,1,1,0,0,0,0,0,1,ADX>=thresh;MACD_cross_up;BB_breakout;RSI_overbought;Price>SMA20
2025-08-11T15:31:22.513594,MCK,682.67,48.66,1.73,0.25,-21.80,-21.80,1,1,0,0,0,1,0,0,0,0,0,1,ADX>=thresh;MACD_cross_up;RSI_overbought;Price>SMA20
2025-08-11T15:31:32.759691,MPWR,811.82,29.18,1.94,0.24,-8.32,-8.32,1,1,0,0,1,0,0,0,0,0,0,1,ADX>=thresh;MACD_cross_up;BB_breakout;Price>SMA20
2025-08-11T15:31:37.755700,NEM,69.03,30.54,0.17,0.25,-14.84,-14.84,1,1,0,0,1,0,0,0,0,0,0,1,ADX>=thresh;MACD_cross_up;BB_breakout;Price>SMA20
2025-08-11T15:31:39.299513,NEE,71.96,44.81,0.17,0.24,-38.99,-38.99,1,1,0,0,0,1,0,0,0,0,0,1,ADX>=thresh;MACD_cross_up;RSI_overbought;Price>SMA20
2025-08-11T15:31:51.764908,OKE,74.31,42.75,0.11,0.14,-34.99,-34.99,1,1,0,0,1,1,0,0,0,0,0,1,ADX>=thresh;MACD_cross_up;BB_breakout;RSI_overbought;Price>SMA20
2025-08-11T15:31:55.501785,PARA,0.00,23.11,0.04,inf,16.08,16.08,1,1,0,0,0,1,0,0,1,0,0,0,ADX>=thresh;MACD_cross_up;RSI_overbought;ATR>=pct
2025-08-11T15:32:00.161850,PM,167.96,37.98,0.51,0.30,-23.11,-23.11,1,1,0,0,1,0,0,0,0,0,0,1,ADX>=thresh;MACD_cross_up;BB_breakout;Price>SMA20
2025-08-11T15:32:00.723257,PSX,118.92,35.54,0.26,0.22,-15.03,-15.03,1,1,0,0,1,0,0,0,0,0,0,1,ADX>=thresh;MACD_cross_up;BB_breakout;Price>SMA20
2025-08-11T15:32:16.804171,ROST,146.91,49.56,0.26,0.18,-13.87,-13.87,1,1,0,0,1,1,0,0,0,0,0,1,ADX>=thresh;MACD_cross_up;BB_breakout;RSI_overbought;Price>SMA20
2025-08-11T15:32:35.258311,TRGP,167.28,26.33,0.36,0.21,-42.05,-42.05,1,1,0,0,0,1,0,0,0,0,0,1,ADX>=thresh;MACD_cross_up;RSI_overbought;Price>SMA20
2025-08-11T15:32:39.590246,TPL,870.25,27.79,3.85,0.44,-16.93,-16.93,1,1,0,0,1,0,0,1,0,0,0,1,ADX>=thresh;MACD_cross_up;BB_breakout;ATR>=abs;Price>SMA20
2025-08-11T15:32:43.546279,TDG,1410.85,22.88,4.26,0.30,-21.41,-21.41,1,1,0,0,0,0,0,1,0,0,0,1,ADX>=thresh;MACD_cross_up;ATR>=abs;Price>SMA20
2025-08-11T15:32:57.353310,VST,202.39,31.92,0.80,0.39,-48.21,-48.21,1,1,0,0,0,1,0,0,0,0,0,1,ADX>=thresh;MACD_cross_up;RSI_overbought;Price>SMA20
2025-08-11T15:33:26.741126,APD,284.31,47.24,0.63,0.22,-14.84,-14.84,1,1,0,0,1,0,0,0,0,0,0,1,ADX>=thresh;MACD_cross_up;BB_breakout;Price>SMA20
2025-08-11T15:33:38.962273,APH,110.30,23.53,0.21,0.19,-19.04,-19.04,1,1,0,0,1,0,0,0,0,0,0,1,ADX>=thresh;MACD_cross_up;BB_breakout;Price>SMA20
2025-08-11T15:33:40.700194,APA,20.03,26.42,0.08,0.38,-11.85,-11.85,1,1,0,0,1,1,0,0,0,0,0,1,ADX>=thresh;MACD_cross_up;BB_breakout;RSI_overbought;Price>SMA20
2025-08-11T15:33:42.008090,AAPL,228.10,28.97,0.58,0.25,-11.53,-11.53,1,1,0,0,1,1,0,0,0,0,0,1,ADX>=thresh;MACD_cross_up;BB_breakout;RSI_overbought;Price>SMA20
2025-08-11T15:33:49.787430,BKR,42.55,65.57,0.09,0.22,-27.83,-27.83,1,1,0,0,1,0,0,0,0,0,0,1,ADX>=thresh;MACD_cross_up;BB_breakout;Price>SMA20
2025-08-11T15:34:03.868123,COF,209.85,21.56,0.45,0.22,3.05,3.05,1,1,0,0,0,1,0,0,0,0,0,1,ADX>=thresh;MACD_cross_up;RSI_overbought;Price>SMA20
2025-08-11T15:34:11.247953,SCHW,97.79,22.99,0.12,0.12,-14.11,-14.11,1,1,0,0,0,1,0,0,0,0,0,1,ADX>=thresh;MACD_cross_up;RSI_overbought;Price>SMA20
2025-08-11T15:34:12.285331,CVX,154.22,40.06,0.25,0.16,-29.49,-29.49,1,1,0,0,1,1,0,0,0,0,0,1,ADX>=thresh;MACD_cross_up;BB_breakout;RSI_overbought;Price>SMA20
2025-08-11T15:34:21.527951,COP,93.81,55.35,0.27,0.28,-21.17,-21.17,1,1,0,0,1,0,0,0,0,0,0,1,ADX>=thresh;MACD_cross_up;BB_breakout;Price>SMA20
2025-08-11T15:34:35.513415,DVN,33.06,47.61,0.11,0.32,-15.68,-15.68,1,1,0,0,1,1,0,0,0,0,0,1,ADX>=thresh;MACD_cross_up;BB_breakout;RSI_overbought;Price>SMA20
2025-08-11T15:34:46.258672,EIX,55.02,28.10,0.14,0.25,-30.06,-30.06,1,1,0,0,0,1,0,0,0,0,0,1,ADX>=thresh;MACD_cross_up;RSI_overbought;Price>SMA20
2025-08-11T15:34:49.845948,EOG,116.33,37.45,0.29,0.25,-22.71,-22.71,1,1,0,0,0,1,0,0,0,0,0,1,ADX>=thresh;MACD_cross_up;RSI_overbought;Price>SMA20
2025-08-11T15:34:50.901274,EQT,51.73,26.34,0.13,0.25,-26.83,-26.83,1,1,0,0,0,1,0,0,0,0,0,1,ADX>=thresh;MACD_cross_up;RSI_overbought;Price>SMA20
2025-08-11T15:35:45.738994,INTU,718.05,64.37,3.99,0.56,-31.11,-31.11,1,1,0,0,0,0,0,1,1,0,0,0,ADX>=thresh;MACD_cross_up;ATR>=abs;ATR>=pct
2025-08-11T15:35:52.238394,JPM,290.46,26.26,0.39,0.13,-39.25,-39.25,1,1,0,0,0,1,0,0,0,0,0,1,ADX>=thresh;MACD_cross_up;RSI_overbought;Price>SMA20
2025-08-11T15:35:53.612826,KVUE,21.30,41.75,0.04,0.20,-50.17,-50.17,1,1,0,0,0,1,0,0,0,0,0,1,ADX>=thresh;MACD_cross_up;RSI_overbought;Price>SMA20
2025-08-11T15:35:57.101731,KMI,27.02,36.12,0.04,0.14,-36.21,-36.21,1,1,0,0,0,1,0,0,0,0,0,1,ADX>=thresh;MACD_cross_up;RSI_overbought;Price>SMA20
2025-08-11T15:36:28.942355,MS,143.50,26.42,0.21,0.15,-22.78,-22.78,1,1,0,0,0,1,0,0,0,0,0,1,ADX>=thresh;MACD_cross_up;RSI_overbought;Price>SMA20
2025-08-11T15:36:35.990637,NEE,72.03,46.51,0.17,0.24,-37.99,-37.99,1,1,0,0,0,1,0,0,0,0,0,1,ADX>=thresh;MACD_cross_up;RSI_overbought;Price>SMA20
2025-08-11T15:36:44.114800,NVDA,183.54,22.22,0.41,0.22,-27.03,-27.03,1,1,0,0,1,1,0,0,0,0,0,1,ADX>=thresh;MACD_cross_up;BB_breakout;RSI_overbought;Price>SMA20
2025-08-11T15:36:53.023992,PARA,0.00,23.11,0.04,inf,16.08,16.08,1,1,0,0,0,1,0,0,1,0,0,0,ADX>=thresh;MACD_cross_up;RSI_overbought;ATR>=pct
2025-08-11T15:36:57.136335,PCG,15.20,24.19,0.04,0.26,-14.52,-14.52,1,1,0,0,1,1,0,0,0,0,0,1,ADX>=thresh;MACD_cross_up;BB_breakout;RSI_overbought;Price>SMA20
2025-08-11T15:36:57.781167,PM,168.12,34.95,0.49,0.29,-32.60,-32.60,1,1,0,0,1,0,0,0,0,0,0,1,ADX>=thresh;MACD_cross_up;BB_breakout;Price>SMA20
2025-08-11T15:37:15.378651,ROST,147.19,52.41,0.27,0.18,-7.17,-7.17,1,1,0,0,1,1,0,0,0,0,0,1,ADX>=thresh;MACD_cross_up;BB_breakout;RSI_overbought;Price>SMA20
2025-08-11T15:37:19.331178,SRE,81.16,28.89,0.15,0.18,-31.89,-31.89,1,1,0,0,0,1,0,0,0,0,0,1,ADX>=thresh;MACD_cross_up;RSI_overbought;Price>SMA20
2025-08-11T15:37:34.829037,TRGP,167.09,30.39,0.35,0.21,-43.87,-43.87,1,1,0,0,0,1,0,0,0,0,0,1,ADX>=thresh;MACD_cross_up;RSI_overbought;Price>SMA20
2025-08-11T15:37:37.942211,TSLA,344.61,44.59,1.25,0.36,-25.22,-25.22,1,1,0,0,1,1,0,0,0,0,0,1,ADX>=thresh;MACD_cross_up;BB_breakout;RSI_overbought;Price>SMA20
2025-08-11T15:37:39.475626,TPL,873.07,29.23,3.21,0.37,-11.42,-11.42,1,1,0,0,1,1,0,1,0,0,0,1,ADX>=thresh;MACD_cross_up;BB_breakout;RSI_overbought;ATR>=abs;Price>SMA20
2025-08-11T15:37:43.305892,TDG,1410.85,22.88,4.26,0.30,-21.41,-21.41,1,1,0,0,0,0,0,1,0,0,0,1,ADX>=thresh;MACD_cross_up;ATR>=abs;Price>SMA20
2025-08-11T15:37:57.633673,VST,202.44,33.16,0.78,0.38,-45.40,-45.40,1,1,0,0,0,1,0,0,0,0,0,1,ADX>=thresh;MACD_cross_up;RSI_overbought;Price>SMA20
2025-08-11T15:38:02.927920,WAT,281.08,37.71,0.68,0.24,-8.22,-8.22,1,1,0,0,1,0,0,0,0,0,0,1,ADX>=thresh;MACD_cross_up;BB_breakout;Price>SMA20
2025-08-11T15:38:07.144023,WSM,198.63,40.14,0.40,0.20,-14.17,-14.17,1,1,0,0,1,0,0,0,0,0,0,1,ADX>=thresh;MACD_cross_up;BB_breakout;Price>SMA20
2025-08-11T15:38:09.258485,WYNN,107.37,22.69,0.27,0.25,-52.28,-52.28,1,1,0,0,1,0,0,0,0,0,0,1,ADX>=thresh;MACD_cross_up;BB_breakout;Price>SMA20
2025-08-11T15:38:15.955365,ZBH,99.47,21.34,0.29,0.29,7.79,7.79,1,1,0,0,1,0,0,0,0,0,0,1,ADX>=thresh;MACD_cross_up;BB_breakout;Price>SMA20
2025-08-11T15:38:29.329455,APD,284.58,45.17,0.59,0.21,-12.13,-12.13,1,1,0,0,1,0,0,0,0,0,0,1,ADX>=thresh;MACD_cross_up;BB_breakout;Price>SMA20
2025-08-11T15:38:50.450884,AAPL,228.51,28.88,0.58,0.25,-7.60,-7.60,1,1,0,0,1,1,0,0,0,0,0,1,ADX>=thresh;MACD_cross_up;BB_breakout;RSI_overbought;Price>SMA20
2025-08-11T15:38:59.121614,AXON,838.01,27.66,1.67,0.20,-5.04,-5.04,1,1,0,0,0,1,0,0,0,0,0,1,ADX>=thresh;MACD_cross_up;RSI_overbought;Price>SMA20
2025-08-11T15:39:22.566094,CBRE,155.06,30.15,0.21,0.14,-35.22,-35.22,1,1,0,0,1,0,0,0,0,0,0,1,ADX>=thresh;MACD_cross_up;BB_breakout;Price>SMA20
2025-08-11T15:39:50.268702,DECK,99.98,29.67,0.20,0.20,-36.78,-36.78,1,1,0,0,1,0,0,0,0,0,0,1,ADX>=thresh;MACD_cross_up;BB_breakout;Price>SMA20
2025-08-11T15:39:52.666936,DVN,33.06,48.06,0.10,0.30,-17.77,-17.77,1,1,0,0,0,1,0,0,0,0,0,1,ADX>=thresh;MACD_cross_up;RSI_overbought;Price>SMA20
2025-08-11T15:39:58.999186,DHI,153.55,47.88,0.42,0.27,-27.87,-27.87,1,1,0,0,1,0,0,0,0,0,0,1,ADX>=thresh;MACD_cross_up;BB_breakout;Price>SMA20
2025-08-11T15:40:03.377932,EIX,55.13,28.93,0.14,0.25,-23.30,-23.30,1,1,0,0,1,1,0,0,0,0,0,1,ADX>=thresh;MACD_cross_up;BB_breakout;RSI_overbought;Price>SMA20
2025-08-11T15:40:03.995075,EW,77.91,27.04,0.13,0.17,5.91,5.91,1,1,0,0,1,0,0,0,0,0,0,1,ADX>=thresh;MACD_cross_up;BB_breakout;Price>SMA20
2025-08-11T15:40:20.038747,FRT,92.11,24.32,0.14,0.15,-29.76,-29.76,1,1,0,0,0,1,0,0,0,0,0,1,ADX>=thresh;MACD_cross_up;RSI_overbought;Price>SMA20
2025-08-11T15:40:30.332206,GEHC,72.88,25.15,0.17,0.23,-6.81,-6.81,1,1,0,0,0,1,0,0,0,0,0,1,ADX>=thresh;MACD_cross_up;RSI_overbought;Price>SMA20
2025-08-11T15:40:31.520871,GEN,31.14,20.47,0.07,0.22,-43.85,-43.85,1,1,0,0,0,1,0,0,0,0,0,1,ADX>=thresh;MACD_cross_up;RSI_overbought;Price>SMA20
2025-08-11T15:41:03.293203,JPM,290.52,23.62,0.39,0.13,-34.56,-34.56,1,1,0,0,0,1,0,0,0,0,0,1,ADX>=thresh;MACD_cross_up;RSI_overbought;Price>SMA20
2025-08-11T15:41:04.502493,KVUE,21.30,41.29,0.04,0.20,-47.48,-47.48,1,1,0,0,0,1,0,0,0,0,0,1,ADX>=thresh;MACD_cross_up;RSI_overbought;Price>SMA20
2025-08-11T15:41:09.403573,KLAC,923.92,26.20,1.91,0.21,-1.30,-1.30,1,1,0,0,1,0,0,0,0,0,0,1,ADX>=thresh;MACD_cross_up;BB_breakout;Price>SMA20
2025-08-11T15:41:14.137504,LEN,119.35,64.52,0.35,0.29,-30.30,-30.30,1,1,0,0,1,0,0,0,0,0,0,1,ADX>=thresh;MACD_cross_up;BB_breakout;Price>SMA20
2025-08-11T15:41:30.956327,MTD,1255.94,31.24,3.18,0.25,3.95,3.95,1,1,0,0,0,0,0,1,0,0,0,1,ADX>=thresh;MACD_cross_up;ATR>=abs;Price>SMA20
2025-08-11T15:41:35.413625,MHK,119.29,38.25,0.21,0.18,-19.03,-19.03,1,1,0,0,1,0,0,0,0,0,0,1,ADX>=thresh;MACD_cross_up;BB_breakout;Price>SMA20
2025-08-11T15:41:45.448581,NEE,72.21,48.99,0.16,0.23,-29.15,-29.15,1,1,0,0,0,1,0,0,0,0,0,1,ADX>=thresh;MACD_cross_up;RSI_overbought;Price>SMA20
2025-08-11T15:41:53.526208,NVR,7745.05,38.69,17.08,0.22,-52.49,-52.49,1,1,0,0,1,0,0,1,0,0,0,0,ADX>=thresh;MACD_cross_up;BB_breakout;ATR>=abs
2025-08-11T15:42:00.297179,PKG,195.46,34.22,0.20,0.10,-46.20,-46.20,1,1,0,0,1,0,0,0,0,0,0,1,ADX>=thresh;MACD_cross_up;BB_breakout;Price>SMA20
2025-08-11T15:42:01.941978,PARA,0.00,23.11,0.04,inf,16.08,16.08,1,1,0,0,0,1,0,0,1,0,0,0,ADX>=thresh;MACD_cross_up;RSI_overbought;ATR>=pct
2025-08-11T15:42:07.414518,PCG,15.23,26.11,0.04,0.27,-6.47,-6.47,1,1,0,0,1,1,0,0,0,0,0,1,ADX>=thresh;MACD_cross_up;BB_breakout;RSI_overbought;Price>SMA20
2025-08-11T15:42:10.061490,PNC,188.74,61.47,0.20,0.11,-31.75,-31.75,1,1,0,0,1,0,0,0,0,0,0,1,ADX>=thresh;MACD_cross_up;BB_breakout;Price>SMA20
2025-08-11T15:42:10.696496,POOL,304.18,34.44,0.59,0.19,36.48,36.48,1,1,0,0,1,0,0,0,0,0,0,1,ADX>=thresh;MACD_cross_up;BB_breakout;Price>SMA20
2025-08-11T15:42:14.088756,PLD,104.61,50.74,0.19,0.18,-13.49,-13.49,1,1,0,0,1,0,0,0,0,0,0,1,ADX>=thresh;MACD_cross_up;BB_breakout;Price>SMA20
2025-08-11T15:42:17.421041,PHM,119.56,64.41,0.32,0.27,-23.72,-23.72,1,1,0,0,1,1,0,0,0,0,0,1,ADX>=thresh;MACD_cross_up;BB_breakout;RSI_overbought;Price>SMA20
2025-08-11T15:42:24.167694,RMD,285.40,38.00,0.48,0.17,-13.51,-13.51,1,1,0,0,1,0,0,0,0,0,0,1,ADX>=thresh;MACD_cross_up;BB_breakout;Price>SMA20
2025-08-11T15:42:27.371765,ROST,147.31,54.82,0.28,0.19,-0.80,-0.80,1,1,0,0,1,1,0,0,0,0,0,1,ADX>=thresh;MACD_cross_up;BB_breakout;RSI_overbought;Price>SMA20
2025-08-11T15:42:31.126161,SRE,81.28,28.61,0.14,0.17,-31.36,-31.36,1,1,0,0,1,1,0,0,0,0,0,1,ADX>=thresh;MACD_cross_up;BB_breakout;RSI_overbought;Price>SMA20
2025-08-11T15:42:32.750456,SPG,164.56,34.95,0.25,0.15,-23.98,-23.98,1,1,0,0,1,1,0,0,0,0,0,1,ADX>=thresh;MACD_cross_up;BB_breakout;RSI_overbought;Price>SMA20
2025-08-11T15:42:48.023629,TSLA,345.10,44.89,1.25,0.36,-19.47,-19.47,1,1,0,0,1,1,0,0,0,0,0,1,ADX>=thresh;MACD_cross_up;BB_breakout;RSI_overbought;Price>SMA20
2025-08-11T15:42:49.315356,TPL,873.07,29.23,3.21,0.37,-11.42,-11.42,1,1,0,0,1,1,0,1,0,0,0,1,ADX>=thresh;MACD_cross_up;BB_breakout;RSI_overbought;ATR>=abs;Price>SMA20
2025-08-11T15:42:53.213787,TDG,1410.85,22.81,4.27,0.30,-21.03,-21.03,1,1,0,0,0,0,0,1,0,0,0,1,ADX>=thresh;MACD_cross_up;ATR>=abs;Price>SMA20
2025-08-11T15:42:56.796817,USB,44.67,59.11,0.06,0.14,-25.93,-25.93,1,1,0,0,1,0,0,0,0,0,0,1,ADX>=thresh;MACD_cross_up;BB_breakout;Price>SMA20
2025-08-11T15:43:15.174800,WFC,77.74,30.90,0.12,0.15,-29.15,-29.15,1,1,0,0,0,1,0,0,0,0,0,1,ADX>=thresh;MACD_cross_up;RSI_overbought;Price>SMA20
2025-08-11T15:43:17.533648,WY,25.25,63.64,0.05,0.20,-29.71,-29.71,1,1,0,0,1,0,0,0,0,0,0,1,ADX>=thresh;MACD_cross_up;BB_breakout;Price>SMA20
2025-08-11T15:43:18.215676,WSM,198.92,38.86,0.41,0.21,-3.76,-3.76,1,1,0,0,1,1,0,0,0,0,0,1,ADX>=thresh;MACD_cross_up;BB_breakout;RSI_overbought;Price>SMA20
2025-08-11T15:43:20.654159,WYNN,107.42,22.72,0.25,0.23,-46.95,-46.95,1,1,0,0,1,1,0,0,0,0,0,1,ADX>=thresh;MACD_cross_up;BB_breakout;RSI_overbought;Price>SMA20
2025-08-11T15:43:36.395054,APD,284.70,43.07,0.56,0.20,-23.17,-23.17,1,1,0,0,1,1,0,0,0,0,0,1,ADX>=thresh;MACD_cross_up;BB_breakout;RSI_overbought;Price>SMA20
2025-08-11T15:43:44.892869,AMCR,9.67,69.16,0.02,0.19,-0.92,-0.92,1,1,0,0,1,0,0,0,0,0,0,1,ADX>=thresh;MACD_cross_up;BB_breakout;Price>SMA20
2025-08-11T15:43:53.063413,APH,110.36,29.21,0.20,0.18,-9.65,-9.65,1,1,0,0,1,0,0,0,0,0,0,1,ADX>=thresh;MACD_cross_up;BB_breakout;Price>SMA20
2025-08-11T15:43:56.344413,AAPL,228.35,28.31,0.59,0.26,-10.82,-10.82,1,1,0,0,0,1,0,0,0,0,0,1,ADX>=thresh;MACD_cross_up;RSI_overbought;Price>SMA20
2025-08-11T15:44:04.431962,AXON,838.12,26.78,1.56,0.19,0.52,0.52,1,1,0,0,0,1,0,0,0,0,0,1,ADX>=thresh;MACD_cross_up;RSI_overbought;Price>SMA20
2025-08-11T15:44:07.949988,BDX,191.50,57.98,0.33,0.17,-32.39,-32.39,1,1,0,0,1,0,0,0,0,0,0,1,ADX>=thresh;MACD_cross_up;BB_breakout;Price>SMA20
2025-08-11T15:44:12.468260,BK,103.35,34.20,0.15,0.14,-13.01,-13.01,1,1,0,0,0,1,0,0,0,0,0,1,ADX>=thresh;MACD_cross_up;RSI_overbought;Price>SMA20
2025-08-11T15:44:21.073358,CZR,24.09,23.08,0.08,0.33,-25.18,-25.18,1,1,0,0,1,1,0,0,0,0,0,1,ADX>=thresh;MACD_cross_up;BB_breakout;RSI_overbought;Price>SMA20
2025-08-11T15:44:26.908825,CBRE,155.19,30.11,0.21,0.13,-33.90,-33.90,1,1,0,0,1,1,0,0,0,0,0,1,ADX>=thresh;MACD_cross_up;BB_breakout;RSI_overbought;Price>SMA20
2025-08-11T15:44:38.241937,CFG,47.09,44.95,0.08,0.16,-20.79,-20.79,1,1,0,0,1,0,0,0,0,0,0,1,ADX>=thresh;MACD_cross_up;BB_breakout;Price>SMA20
2025-08-11T15:44:42.190451,CL,84.54,30.03,0.12,0.14,-24.37,-24.37,1,1,0,0,0,1,0,0,0,0,0,1,ADX>=thresh;MACD_cross_up;RSI_overbought;Price>SMA20
2025-08-11T15:44:44.945729,ED,103.80,20.90,0.20,0.19,-21.77,-21.77,1,1,0,0,1,1,0,0,0,0,0,1,ADX>=thresh;MACD_cross_up;BB_breakout;RSI_overbought;Price>SMA20
2025-08-11T15:44:56.148737,DECK,100.24,30.65,0.21,0.21,-31.03,-31.03,1,1,0,0,1,1,0,0,0,0,0,1,ADX>=thresh;MACD_cross_up;BB_breakout;RSI_overbought;Price>SMA20
2025-08-11T15:45:04.224824,DASH,258.43,40.14,0.74,0.29,-34.86,-34.86,1,1,0,0,1,0,0,0,0,0,0,1,ADX>=thresh;MACD_cross_up;BB_breakout;Price>SMA20
2025-08-11T15:45:04.970657,DOV,174.76,23.33,0.26,0.15,-16.02,-16.02,1,1,0,0,0,1,0,0,0,0,0,1,ADX>=thresh;MACD_cross_up;RSI_overbought;Price>SMA20
2025-08-11T15:45:06.334072,DHI,153.95,47.18,0.42,0.28,-21.18,-21.18,1,1,0,0,1,1,0,0,0,0,0,1,ADX>=thresh;MACD_cross_up;BB_breakout;RSI_overbought;Price>SMA20
2025-08-11T15:45:10.881622,EIX,55.21,29.94,0.14,0.25,-15.10,-15.10,1,1,0,0,1,1,0,0,0,0,0,1,ADX>=thresh;MACD_cross_up;BB_breakout;RSI_overbought;Price>SMA20
2025-08-11T15:45:15.467209,ETR,89.81,24.21,0.17,0.19,-32.21,-32.21,1,1,0,0,1,0,0,0,0,0,0,1,ADX>=thresh;MACD_cross_up;BB_breakout;Price>SMA20
2025-08-11T15:45:29.165956,FICO,1314.90,29.05,3.78,0.29,-26.29,-26.29,1,1,0,0,0,0,0,1,0,0,0,1,ADX>=thresh;MACD_cross_up;ATR>=abs;Price>SMA20
2025-08-11T15:45:31.180596,FRT,92.29,29.08,0.14,0.16,-20.57,-20.57,1,1,0,0,1,1,0,0,0,0,0,1,ADX>=thresh;MACD_cross_up;BB_breakout;RSI_overbought;Price>SMA20
2025-08-11T15:45:33.227678,FITB,41.41,50.06,0.05,0.13,-24.54,-24.54,1,1,0,0,1,0,0,0,0,0,0,1,ADX>=thresh;MACD_cross_up;BB_breakout;Price>SMA20
2025-08-11T15:45:36.727544,FTV,46.67,53.40,0.09,0.18,-9.63,-9.63,1,1,0,0,1,0,0,0,0,0,0,1,ADX>=thresh;MACD_cross_up;BB_breakout;Price>SMA20
2025-08-11T15:45:41.649470,GEHC,72.94,25.43,0.18,0.25,1.57,1.57,1,1,0,0,0,1,0,0,0,0,0,1,ADX>=thresh;MACD_cross_up;RSI_overbought;Price>SMA20
2025-08-11T15:45:42.713994,GEN,31.11,20.49,0.07,0.23,-38.90,-38.90,1,1,0,0,0,1,0,0,0,0,0,1,ADX>=thresh;MACD_cross_up;RSI_overbought;Price>SMA20
2025-08-11T15:45:54.037038,HSIC,66.32,25.66,0.14,0.21,-27.57,-27.57,1,1,0,0,1,1,0,0,0,0,0,1,ADX>=thresh;MACD_cross_up;BB_breakout;RSI_overbought;Price>SMA20
2025-08-11T15:45:57.777008,HD,385.40,59.05,0.63,0.16,-11.64,-11.64,1,1,0,0,1,0,0,0,0,0,0,1,ADX>=thresh;MACD_cross_up;BB_breakout;Price>SMA20
2025-08-11T15:45:58.390276,HON,214.72,49.38,0.26,0.12,-22.74,-22.74,1,1,0,0,1,0,0,0,0,0,0,1,ADX>=thresh;MACD_cross_up;BB_breakout;Price>SMA20
2025-08-11T15:46:02.701777,HBAN,16.08,42.93,0.03,0.20,-12.42,-12.42,1,1,0,0,1,0,0,0,0,0,0,1,ADX>=thresh;MACD_cross_up;BB_breakout;Price>SMA20
2025-08-11T15:46:17.672928,JPM,290.68,23.21,0.40,0.14,-29.36,-29.36,1,1,0,0,0,1,0,0,0,0,0,1,ADX>=thresh;MACD_cross_up;RSI_overbought;Price>SMA20
2025-08-11T15:46:18.865042,KVUE,21.32,41.68,0.04,0.21,-40.70,-40.70,1,1,0,0,1,1,0,0,0,0,0,1,ADX>=thresh;MACD_cross_up;BB_breakout;RSI_overbought;Price>SMA20
2025-08-11T15:46:23.699559,KLAC,924.76,26.21,2.08,0.22,8.57,8.57,1,1,0,0,1,1,0,1,0,0,0,1,ADX>=thresh;MACD_cross_up;BB_breakout;RSI_overbought;ATR>=abs;Price>SMA20
2025-08-11T15:46:28.545074,LEN,119.62,63.46,0.37,0.31,-21.41,-21.41,1,1,0,0,1,1,0,0,0,0,0,1,ADX>=thresh;MACD_cross_up;BB_breakout;RSI_overbought;Price>SMA20
2025-08-11T15:46:29.176564,LII,581.78,24.10,1.24,0.21,-46.51,-46.51,1,1,0,0,1,0,0,0,0,0,0,1,ADX>=thresh;MACD_cross_up;BB_breakout;Price>SMA20
2025-08-11T15:46:40.196753,MAS,68.75,47.68,0.13,0.19,-23.26,-23.26,1,1,0,0,1,0,0,0,0,0,0,1,ADX>=thresh;MACD_cross_up;BB_breakout;Price>SMA20
2025-08-11T15:46:47.469698,MTD,1255.94,31.24,3.18,0.25,3.95,3.95,1,1,0,0,0,0,0,1,0,0,0,1,ADX>=thresh;MACD_cross_up;ATR>=abs;Price>SMA20
2025-08-11T15:46:48.144637,MGM,34.16,46.13,0.07,0.22,-16.92,-16.92,1,1,0,0,1,1,0,0,0,0,0,1,ADX>=thresh;MACD_cross_up;BB_breakout;RSI_overbought;Price>SMA20
2025-08-11T15:46:51.301678,MHK,119.52,37.79,0.21,0.18,-18.12,-18.12,1,1,0,0,1,1,0,0,0,0,0,1,ADX>=thresh;MACD_cross_up;BB_breakout;RSI_overbought;Price>SMA20
2025-08-11T15:46:52.598632,TAP,50.22,42.39,0.12,0.24,-25.95,-25.95,1,1,0,0,1,1,0,0,0,0,0,1,ADX>=thresh;MACD_cross_up;BB_breakout;RSI_overbought;Price>SMA20
2025-08-11T15:47:00.637556,NEE,72.45,51.75,0.17,0.23,-18.47,-18.47,1,1,0,0,1,1,0,0,0,0,0,1,ADX>=thresh;MACD_cross_up;BB_breakout;RSI_overbought;Price>SMA20
2025-08-11T15:47:01.290713,NKE,73.58,27.67,0.14,0.19,-4.80,-4.80,1,1,0,0,1,0,0,0,0,0,0,1,ADX>=thresh;MACD_cross_up;BB_breakout;Price>SMA20
2025-08-11T15:47:07.408986,NVR,7745.05,38.69,17.08,0.22,-52.49,-52.49,1,1,0,0,1,0,0,1,0,0,0,0,ADX>=thresh;MACD_cross_up;BB_breakout;ATR>=abs
2025-08-11T15:47:10.489868,OMC,72.76,52.64,0.19,0.26,-23.86,-23.86,1,1,0,0,1,0,0,0,0,0,0,1,ADX>=thresh;MACD_cross_up;BB_breakout;Price>SMA20
2025-08-11T15:47:14.188445,PKG,195.46,35.85,0.20,0.10,-17.04,-17.04,1,1,0,0,1,0,0,0,0,0,0,1,ADX>=thresh;MACD_cross_up;BB_breakout;Price>SMA20
2025-08-11T15:47:15.743575,PARA,0.00,23.11,0.04,inf,16.08,16.08,1,1,0,0,0,1,0,0,1,0,0,0,ADX>=thresh;MACD_cross_up;RSI_overbought;ATR>=pct
2025-08-11T15:47:20.903061,PCG,15.23,26.30,0.04,0.28,-3.20,-3.20,1,1,0,0,1,1,0,0,0,0,0,1,ADX>=thresh;MACD_cross_up;BB_breakout;RSI_overbought;Price>SMA20
2025-08-11T15:47:23.533419,PNC,188.81,60.81,0.21,0.11,-26.98,-26.98,1,1,0,0,1,0,0,0,0,0,0,1,ADX>=thresh;MACD_cross_up;BB_breakout;Price>SMA20
2025-08-11T15:47:24.329926,POOL,304.88,34.89,0.60,0.20,25.47,25.47,1,1,0,0,1,0,0,0,0,0,0,1,ADX>=thresh;MACD_cross_up;BB_breakout;Price>SMA20
2025-08-11T15:47:26.927060,PGR,245.33,33.30,0.37,0.15,-32.83,-32.83,1,1,0,0,1,0,0,0,0,0,0,1,ADX>=thresh;MACD_cross_up;BB_breakout;Price>SMA20
2025-08-11T15:47:27.612141,PLD,104.70,46.07,0.18,0.17,-17.06,-17.06,1,1,0,0,1,0,0,0,0,0,0,1,ADX>=thresh;MACD_cross_up;BB_breakout;Price>SMA20
2025-08-11T15:47:32.265551,PHM,119.65,60.63,0.30,0.25,-25.42,-25.42,1,1,0,0,1,0,0,0,0,0,0,1,ADX>=thresh;MACD_cross_up;BB_breakout;Price>SMA20
2025-08-11T15:47:32.900820,PWR,383.17,38.51,0.98,0.26,-23.75,-23.75,1,1,0,0,0,1,0,0,0,0,0,1,ADX>=thresh;MACD_cross_up;RSI_overbought;Price>SMA20
2025-08-11T15:47:38.737094,RF,24.80,63.20,0.04,0.17,-21.95,-21.95,1,1,0,0,1,0,0,0,0,0,0,1,ADX>=thresh;MACD_cross_up;BB_breakout;Price>SMA20
2025-08-11T15:47:40.101797,RMD,285.44,36.24,0.48,0.17,-9.05,-9.05,1,1,0,0,1,0,0,0,0,0,0,1,ADX>=thresh;MACD_cross_up;BB_breakout;Price>SMA20
2025-08-11T15:47:43.775607,ROST,147.40,57.18,0.27,0.18,-0.86,-0.86,1,1,0,0,1,1,0,0,0,0,0,1,ADX>=thresh;MACD_cross_up;BB_breakout;RSI_overbought;Price>SMA20
2025-08-11T15:47:48.573595,SRE,81.40,28.78,0.14,0.17,-34.43,-34.43,1,1,0,0,1,1,0,0,0,0,0,1,ADX>=thresh;MACD_cross_up;BB_breakout;RSI_overbought;Price>SMA20
2025-08-11T15:47:52.332648,SW,43.21,46.59,0.08,0.19,-24.73,-24.73,1,1,0,0,1,0,0,0,0,0,0,1,ADX>=thresh;MACD_cross_up;BB_breakout;Price>SMA20
2025-08-11T15:48:12.051709,TMO,462.09,23.60,1.17,0.25,-36.73,-36.73,1,1,0,0,1,0,0,0,0,0,0,1,ADX>=thresh;MACD_cross_up;BB_breakout;Price>SMA20
2025-08-11T15:48:12.880100,TJX,132.22,21.79,0.17,0.13,-30.46,-30.46,1,1,0,0,1,1,0,0,0,0,0,1,ADX>=thresh;MACD_cross_up;BB_breakout;RSI_overbought;Price>SMA20
2025-08-11T15:48:20.059977,USB,44.70,56.39,0.06,0.13,-26.48,-26.48,1,1,0,0,1,0,0,0,0,0,0,1,ADX>=thresh;MACD_cross_up;BB_breakout;Price>SMA20
2025-08-11T15:48:24.186427,UPS,86.34,66.68,0.18,0.21,-24.72,-24.72,1,1,0,0,1,0,0,0,0,0,0,1,ADX>=thresh;MACD_cross_up;BB_breakout;Price>SMA20
2025-08-11T15:48:35.258008,GWW,939.68,43.39,2.10,0.22,31.02,31.02,1,1,0,0,0,0,0,1,0,0,0,1,ADX>=thresh;MACD_cross_up;ATR>=abs;Price>SMA20
2025-08-11T15:48:41.854603,WFC,77.78,30.75,0.11,0.15,-32.14,-32.14,1,1,0,0,0,1,0,0,0,0,0,1,ADX>=thresh;MACD_cross_up;RSI_overbought;Price>SMA20
2025-08-11T15:48:44.610398,WY,25.26,63.23,0.05,0.19,-34.18,-34.18,1,1,0,0,1,0,0,0,0,0,0,1,ADX>=thresh;MACD_cross_up;BB_breakout;Price>SMA20
2025-08-11T15:48:45.397506,WSM,199.22,39.94,0.38,0.19,-5.57,-5.57,1,1,0,0,1,1,0,0,0,0,0,1,ADX>=thresh;MACD_cross_up;BB_breakout;RSI_overbought;Price>SMA20
2025-08-11T15:48:47.651898,WYNN,107.44,22.72,0.25,0.23,-46.95,-46.95,1,1,0,0,1,1,0,0,0,0,0,1,ADX>=thresh;MACD_cross_up;BB_breakout;RSI_overbought;Price>SMA20
2025-08-11T15:48:57.334234,MMM,154.04,27.19,0.23,0.15,-40.89,-40.89,1,1,0,0,1,0,0,0,0,0,0,1,ADX>=thresh;MACD_cross_up;BB_breakout;Price>SMA20
2025-08-11T15:48:58.888778,ABT,131.38,58.36,0.26,0.20,-20.95,-20.95,1,1,0,0,1,0,0,0,0,0,0,1,ADX>=thresh;MACD_cross_up;BB_breakout;Price>SMA20
2025-08-11T15:49:02.372762,AES,12.79,58.63,0.03,0.24,-29.81,-29.81,1,1,0,0,1,0,0,0,0,0,0,1,ADX>=thresh;MACD_cross_up;BB_breakout;Price>SMA20
2025-08-11T15:49:13.170984,AEE,101.02,21.23,0.16,0.16,-30.22,-30.22,1,1,0,0,0,1,0,0,0,0,0,1,ADX>=thresh;MACD_cross_up;RSI_overbought;Price>SMA20
2025-08-11T15:49:14.291328,AXP,295.97,26.20,0.42,0.14,-29.15,-29.15,1,1,0,0,1,0,0,0,0,0,0,1,ADX>=thresh;MACD_cross_up;BB_breakout;Price>SMA20
2025-08-11T15:49:16.126463,AWK,145.58,20.29,0.22,0.15,-38.65,-38.65,1,1,0,0,1,0,0,0,0,0,0,1,ADX>=thresh;MACD_cross_up;BB_breakout;Price>SMA20
2025-08-11T15:49:17.294753,AME,182.33,20.24,0.17,0.10,-15.98,-15.98,1,1,0,0,1,0,0,0,0,0,0,1,ADX>=thresh;MACD_cross_up;BB_breakout;Price>SMA20
2025-08-11T15:49:22.233822,AAPL,228.44,27.57,0.55,0.24,-9.93,-9.93,1,1,0,0,0,1,0,0,0,0,0,1,ADX>=thresh;MACD_cross_up;RSI_overbought;Price>SMA20
2025-08-11T15:49:30.792144,AXON,836.51,25.84,1.57,0.19,2.83,2.83,1,1,0,0,0,1,0,0,0,0,0,1,ADX>=thresh;MACD_cross_up;RSI_overbought;Price>SMA20
2025-08-11T15:49:34.181164,BDX,191.81,53.57,0.31,0.16,-29.39,-29.39,1,1,0,0,1,1,0,0,0,0,0,1,ADX>=thresh;MACD_cross_up;BB_breakout;RSI_overbought;Price>SMA20
2025-08-11T15:49:35.572512,BBY,67.95,65.34,0.14,0.20,-30.31,-30.31,1,1,0,0,1,0,0,0,0,0,0,1,ADX>=thresh;MACD_cross_up;BB_breakout;Price>SMA20
2025-08-11T15:49:36.242669,TECH,49.95,21.25,0.14,0.28,-31.30,-31.30,1,1,0,0,1,0,0,0,0,0,0,1,ADX>=thresh;MACD_cross_up;BB_breakout;Price>SMA20
2025-08-11T15:49:40.643278,BK,103.32,33.52,0.13,0.13,-28.18,-28.18,1,1,0,0,0,1,0,0,0,0,0,1,ADX>=thresh;MACD_cross_up;RSI_overbought;Price>SMA20
2025-08-11T15:49:46.749679,BXP,63.12,27.22,0.17,0.27,-13.14,-13.14,1,1,0,0,1,0,0,0,0,0,0,1,ADX>=thresh;MACD_cross_up;BB_breakout;Price>SMA20
2025-08-11T15:49:48.879711,CZR,24.11,24.78,0.07,0.31,-31.28,-31.28,1,1,0,0,1,1,0,0,0,0,0,1,ADX>=thresh;MACD_cross_up;BB_breakout;RSI_overbought;Price>SMA20
2025-08-11T15:49:50.858076,CPB,32.03,45.22,0.06,0.20,-25.89,-25.89,1,1,0,0,1,0,0,0,0,0,0,1,ADX>=thresh;MACD_cross_up;BB_breakout;Price>SMA20
2025-08-11T15:49:52.490982,KMX,55.61,22.10,0.13,0.23,-19.59,-19.59,1,1,0,0,1,0,0,0,0,0,0,1,ADX>=thresh;MACD_cross_up;BB_breakout;Price>SMA20
2025-08-11T15:49:55.343175,CBRE,155.15,29.87,0.20,0.13,-36.46,-36.46,1,1,0,0,1,0,0,0,0,0,0,1,ADX>=thresh;MACD_cross_up;BB_breakout;Price>SMA20
2025-08-11T15:49:58.937494,CRL,147.59,28.53,0.46,0.31,-21.78,-21.78,1,1,0,0,1,0,0,0,0,0,0,1,ADX>=thresh;MACD_cross_up;BB_breakout;Price>SMA20
2025-08-11T15:50:15.222060,STZ,168.63,49.17,0.44,0.26,-45.36,-45.36,1,1,0,0,1,0,0,0,0,0,0,1,ADX>=thresh;MACD_cross_up;BB_breakout;Price>SMA20
2025-08-11T15:50:21.090116,CSGP,94.25,71.74,0.13,0.14,-16.09,-16.09,1,1,0,0,1,0,0,0,0,0,0,1,ADX>=thresh;MACD_cross_up;BB_breakout;Price>SMA20
2025-08-11T15:50:21.838251,COST,985.98,23.30,1.25,0.13,-33.44,-33.44,1,1,0,0,0,1,0,0,0,0,0,1,ADX>=thresh;MACD_cross_up;RSI_overbought;Price>SMA20
2025-08-11T15:50:28.839324,DECK,100.39,30.82,0.20,0.20,-33.32,-33.32,1,1,0,0,1,1,0,0,0,0,0,1,ADX>=thresh;MACD_cross_up;BB_breakout;RSI_overbought;Price>SMA20
2025-08-11T15:50:31.809853,DVN,33.06,48.19,0.10,0.29,-12.54,-12.54,1,1,0,0,0,1,0,0,0,0,0,1,ADX>=thresh;MACD_cross_up;RSI_overbought;Price>SMA20
2025-08-11T15:50:36.749340,DASH,258.43,40.22,0.69,0.27,-28.10,-28.10,1,1,0,0,1,1,0,0,0,0,0,1,ADX>=thresh;MACD_cross_up;BB_breakout;RSI_overbought;Price>SMA20
2025-08-11T15:50:37.593328,DOV,174.79,23.47,0.25,0.14,-21.16,-21.16,1,1,0,0,0,1,0,0,0,0,0,1,ADX>=thresh;MACD_cross_up;RSI_overbought;Price>SMA20
2025-08-11T15:50:39.161753,DHI,154.00,45.05,0.40,0.26,-20.76,-20.76,1,1,0,0,0,1,0,0,0,0,0,1,ADX>=thresh;MACD_cross_up;RSI_overbought;Price>SMA20
2025-08-11T15:50:44.710590,EIX,55.20,35.51,0.12,0.23,-25.08,-25.08,1,1,0,0,0,1,0,0,0,0,0,1,ADX>=thresh;MACD_cross_up;RSI_overbought;Price>SMA20
2025-08-11T15:50:48.334631,ENPH,32.98,24.08,0.14,0.43,-19.78,-19.78,1,1,0,0,1,0,0,0,0,0,0,1,ADX>=thresh;MACD_cross_up;BB_breakout;Price>SMA20
2025-08-11T15:51:01.943835,FICO,1314.90,29.12,3.75,0.29,-27.13,-27.13,1,1,0,0,1,0,0,1,0,0,0,1,ADX>=thresh;MACD_cross_up;BB_breakout;ATR>=abs;Price>SMA20
2025-08-11T15:51:03.528057,FRT,92.36,33.90,0.14,0.15,-10.08,-10.08,1,1,0,0,1,1,0,0,0,0,0,1,ADX>=thresh;MACD_cross_up;BB_breakout;RSI_overbought;Price>SMA20
2025-08-11T15:51:05.660149,FITB,41.43,46.32,0.05,0.12,-31.23,-31.23,1,1,0,0,1,0,0,0,0,0,0,1,ADX>=thresh;MACD_cross_up;BB_breakout;Price>SMA20
2025-08-11T15:51:15.245065,GEHC,72.96,24.98,0.15,0.21,-5.52,-5.52,1,1,0,0,0,1,0,0,0,0,0,1,ADX>=thresh;MACD_cross_up;RSI_overbought;Price>SMA20
2025-08-11T15:51:16.427205,GEN,31.16,25.65,0.07,0.23,-41.36,-41.36,1,1,0,0,1,1,0,0,0,0,0,1,ADX>=thresh;MACD_cross_up;BB_breakout;RSI_overbought;Price>SMA20
2025-08-11T15:51:18.387215,GIS,49.21,41.55,0.10,0.20,-26.14,-26.14,1,1,0,0,1,0,0,0,0,0,0,1,ADX>=thresh;MACD_cross_up;BB_breakout;Price>SMA20
2025-08-11T15:51:19.084193,GM,53.88,30.01,0.09,0.16,-47.51,-47.51,1,1,0,0,1,0,0,0,0,0,0,1,ADX>=thresh;MACD_cross_up;BB_breakout;Price>SMA20
2025-08-11T15:51:26.513749,HSIC,66.41,22.68,0.14,0.21,-22.63,-22.63,1,1,0,0,0,1,0,0,0,0,0,1,ADX>=thresh;MACD_cross_up;RSI_overbought;Price>SMA20
2025-08-11T15:51:30.446670,HD,385.78,53.86,0.57,0.15,-30.93,-30.93,1,1,0,0,1,1,0,0,0,0,0,1,ADX>=thresh;MACD_cross_up;BB_breakout;RSI_overbought;Price>SMA20
2025-08-11T15:51:31.109649,HON,214.87,41.94,0.24,0.11,-24.32,-24.32,1,1,0,0,1,0,0,0,0,0,0,1,ADX>=thresh;MACD_cross_up;BB_breakout;Price>SMA20
2025-08-11T15:51:34.138158,HPQ,25.84,50.18,0.05,0.20,-19.19,-19.19,1,1,0,0,1,0,0,0,0,0,0,1,ADX>=thresh;MACD_cross_up;BB_breakout;Price>SMA20
2025-08-11T15:51:39.411439,ITW,256.94,24.91,0.38,0.15,-11.39,-11.39,1,1,0,0,1,0,0,0,0,0,0,1,ADX>=thresh;MACD_cross_up;BB_breakout;Price>SMA20
2025-08-11T15:51:43.161404,IFF,63.53,28.10,0.15,0.24,-24.06,-24.06,1,1,0,0,0,1,0,0,0,0,0,1,ADX>=thresh;MACD_cross_up;RSI_overbought;Price>SMA20
2025-08-11T15:51:44.604441,IPG,24.92,54.88,0.06,0.24,-21.45,-21.45,1,1,0,0,1,0,0,0,0,0,0,1,ADX>=thresh;MACD_cross_up;BB_breakout;Price>SMA20
2025-08-11T15:51:46.210668,IVZ,20.63,44.89,0.04,0.19,-15.53,-15.53,1,1,0,0,1,0,0,0,0,0,0,1,ADX>=thresh;MACD_cross_up;BB_breakout;Price>SMA20
2025-08-11T15:51:52.427898,JPM,290.81,22.91,0.36,0.12,-31.02,-31.02,1,1,0,0,0,1,0,0,0,0,0,1,ADX>=thresh;MACD_cross_up;RSI_overbought;Price>SMA20
2025-08-11T15:51:53.406655,K,80.10,37.77,0.02,0.02,-22.20,-22.20,1,1,0,0,1,0,0,0,0,0,0,1,ADX>=thresh;MACD_cross_up;BB_breakout;Price>SMA20
2025-08-11T15:51:59.645831,KLAC,922.79,23.25,2.09,0.23,21.84,21.84,1,1,0,0,0,0,0,1,0,0,0,1,ADX>=thresh;MACD_cross_up;ATR>=abs;Price>SMA20
2025-08-11T15:52:00.403729,KHC,27.27,44.71,0.06,0.21,-14.95,-14.95,1,1,0,0,1,0,0,0,0,0,0,1,ADX>=thresh;MACD_cross_up;BB_breakout;Price>SMA20
2025-08-11T15:52:12.227728,LRCX,102.95,47.52,0.21,0.21,-19.50,-19.50,1,1,0,0,1,0,0,0,0,0,0,1,ADX>=thresh;MACD_cross_up;BB_breakout;Price>SMA20
2025-08-11T15:52:14.495564,LEN,119.90,56.97,0.32,0.27,-31.64,-31.64,1,1,0,0,1,1,0,0,0,0,0,1,ADX>=thresh;MACD_cross_up;BB_breakout;RSI_overbought;Price>SMA20
2025-08-11T15:52:15.229419,LII,581.78,26.61,1.22,0.21,-34.85,-34.85,1,1,0,0,1,1,0,0,0,0,0,1,ADX>=thresh;MACD_cross_up;BB_breakout;RSI_overbought;Price>SMA20
2025-08-11T15:52:19.590515,LOW,239.76,48.50,0.45,0.19,-24.66,-24.66,1,1,0,0,1,1,0,0,0,0,0,1,ADX>=thresh;MACD_cross_up;BB_breakout;RSI_overbought;Price>SMA20
2025-08-11T15:52:21.930602,MTB,186.81,46.04,0.25,0.13,-40.85,-40.85,1,1,0,0,1,0,0,0,0,0,0,1,ADX>=thresh;MACD_cross_up;BB_breakout;Price>SMA20
2025-08-11T15:52:37.291569,MTCH,35.27,58.78,0.08,0.22,-5.25,-5.25,1,1,0,0,1,0,0,0,0,0,0,1,ADX>=thresh;MACD_cross_up;BB_breakout;Price>SMA20
2025-08-11T15:52:39.935492,MDT,92.68,45.70,0.12,0.13,-35.13,-35.13,1,1,0,0,1,0,0,0,0,0,0,1,ADX>=thresh;MACD_cross_up;BB_breakout;Price>SMA20
2025-08-11T15:52:40.735382,MRK,80.11,52.64,0.14,0.18,-21.20,-21.20,1,1,0,0,1,0,0,0,0,0,0,1,ADX>=thresh;MACD_cross_up;BB_breakout;Price>SMA20
2025-08-11T15:52:58.701029,MGM,34.20,43.59,0.07,0.20,-21.67,-21.67,1,1,0,0,0,1,0,0,0,0,0,1,ADX>=thresh;MACD_cross_up;RSI_overbought;Price>SMA20
2025-08-11T15:53:02.557688,MHK,119.55,37.98,0.19,0.16,-42.00,-42.00,1,1,0,0,0,1,0,0,0,0,0,1,ADX>=thresh;MACD_cross_up;RSI_overbought;Price>SMA20
2025-08-11T15:53:04.134198,TAP,50.35,37.50,0.12,0.24,-10.40,-10.40,1,1,0,0,1,1,0,0,0,0,0,1,ADX>=thresh;MACD_cross_up;BB_breakout;RSI_overbought;Price>SMA20
2025-08-11T15:53:11.089665,NFLX,1217.74,36.31,2.22,0.18,-24.03,-24.03,1,1,0,0,0,0,0,1,0,0,0,1,ADX>=thresh;MACD_cross_up;ATR>=abs;Price>SMA20
2025-08-11T15:53:13.801551,NEE,72.42,52.38,0.18,0.24,-1.02,-1.02,1,1,0,0,0,1,0,0,0,0,0,1,ADX>=thresh;MACD_cross_up;RSI_overbought;Price>SMA20
2025-08-11T15:53:14.588761,NKE,73.80,27.65,0.15,0.21,-2.15,-2.15,1,1,0,0,1,1,0,0,0,0,0,1,ADX>=thresh;MACD_cross_up;BB_breakout;RSI_overbought;Price>SMA20
2025-08-11T15:53:15.363982,NI,42.38,24.55,0.06,0.15,-14.17,-14.17,1,1,0,0,1,1,0,0,0,0,0,1,ADX>=thresh;MACD_cross_up;BB_breakout;RSI_overbought;Price>SMA20
2025-08-11T15:53:25.410485,OMC,72.81,49.77,0.18,0.25,-20.81,-20.81,1,1,0,0,1,0,0,0,0,0,0,1,ADX>=thresh;MACD_cross_up;BB_breakout;Price>SMA20
2025-08-11T15:53:30.034211,PKG,195.69,46.02,0.17,0.09,-25.35,-25.35,1,1,0,0,1,1,0,0,0,0,0,1,ADX>=thresh;MACD_cross_up;BB_breakout;RSI_overbought;Price>SMA20
2025-08-11T15:53:31.761115,PARA,0.00,23.11,0.04,inf,16.08,16.08,1,1,0,0,0,1,0,0,1,0,0,0,ADX>=thresh;MACD_cross_up;RSI_overbought;ATR>=pct
2025-08-11T15:53:34.540785,PYPL,67.29,52.16,0.13,0.19,-13.61,-13.61,1,1,0,0,1,0,0,0,0,0,0,1,ADX>=thresh;MACD_cross_up;BB_breakout;Price>SMA20
2025-08-11T15:53:35.886582,PEP,144.17,32.08,0.20,0.14,-18.09,-18.09,1,1,0,0,1,0,0,0,0,0,0,1,ADX>=thresh;MACD_cross_up;BB_breakout;Price>SMA20
2025-08-11T15:53:37.457341,PCG,15.27,30.38,0.04,0.26,-10.72,-10.72,1,1,0,0,0,1,0,0,0,0,0,1,ADX>=thresh;MACD_cross_up;RSI_overbought;Price>SMA20
2025-08-11T15:53:38.954703,PM,168.28,29.77,0.47,0.28,-16.47,-16.47,1,1,0,0,1,0,0,0,0,0,0,1,ADX>=thresh;MACD_cross_up;BB_breakout;Price>SMA20
2025-08-11T15:53:41.151504,PNC,189.01,59.98,0.20,0.11,-28.73,-28.73,1,1,0,0,1,1,0,0,0,0,0,1,ADX>=thresh;MACD_cross_up;BB_breakout;RSI_overbought;Price>SMA20
2025-08-11T15:53:41.860242,POOL,305.50,36.08,0.66,0.22,18.42,18.42,1,1,0,0,1,1,0,0,0,0,0,1,ADX>=thresh;MACD_cross_up;BB_breakout;RSI_overbought;Price>SMA20
2025-08-11T15:53:44.411622,PGR,245.47,29.72,0.36,0.15,-29.97,-29.97,1,1,0,0,1,0,0,0,0,0,0,1,ADX>=thresh;MACD_cross_up;BB_breakout;Price>SMA20
2025-08-11T15:53:45.069829,PLD,104.97,46.11,0.20,0.19,-0.89,-0.89,1,1,0,0,1,1,0,0,0,0,0,1,ADX>=thresh;MACD_cross_up;BB_breakout;RSI_overbought;Price>SMA20
2025-08-11T15:53:47.581064,PSA,280.95,32.01,0.40,0.14,-26.88,-26.88,1,1,0,0,1,1,0,0,0,0,0,1,ADX>=thresh;MACD_cross_up;BB_breakout;RSI_overbought;Price>SMA20
2025-08-11T15:53:48.209312,PHM,119.77,55.47,0.30,0.25,-26.22,-26.22,1,1,0,0,0,1,0,0,0,0,0,1,ADX>=thresh;MACD_cross_up;RSI_overbought;Price>SMA20
2025-08-11T15:53:53.004127,REG,72.51,21.35,0.12,0.16,-22.47,-22.47,1,1,0,0,1,1,0,0,0,0,0,1,ADX>=thresh;MACD_cross_up;BB_breakout;RSI_overbought;Price>SMA20
2025-08-11T15:53:54.494840,RF,24.81,59.63,0.04,0.16,-17.13,-17.13,1,1,0,0,1,1,0,0,0,0,0,1,ADX>=thresh;MACD_cross_up;BB_breakout;RSI_overbought;Price>SMA20
2025-08-11T15:53:59.086139,ROST,147.57,60.52,0.27,0.18,4.28,4.28,1,1,0,0,0,1,0,0,0,0,0,1,ADX>=thresh;MACD_cross_up;RSI_overbought;Price>SMA20
2025-08-11T15:54:02.794211,SRE,81.50,29.74,0.14,0.17,-35.12,-35.12,1,1,0,0,1,1,0,0,0,0,0,1,ADX>=thresh;MACD_cross_up;BB_breakout;RSI_overbought;Price>SMA20
2025-08-11T15:54:04.467647,SPG,164.81,34.20,0.26,0.16,-9.28,-9.28,1,1,0,0,1,1,0,0,0,0,0,1,ADX>=thresh;MACD_cross_up;BB_breakout;RSI_overbought;Price>SMA20
2025-08-11T15:54:05.062074,SWKS,71.30,28.38,0.18,0.26,-7.29,-7.29,1,1,0,0,0,1,0,0,0,0,0,1,ADX>=thresh;MACD_cross_up;RSI_overbought;Price>SMA20
2025-08-11T15:54:06.227278,SW,43.23,39.23,0.08,0.19,-29.26,-29.26,1,1,0,0,1,0,0,0,0,0,0,1,ADX>=thresh;MACD_cross_up;BB_breakout;Price>SMA20
2025-08-11T15:54:09.158215,SWK,68.56,49.58,0.16,0.23,-28.02,-28.02,1,1,0,0,1,0,0,0,0,0,0,1,ADX>=thresh;MACD_cross_up;BB_breakout;Price>SMA20
2025-08-11T15:54:12.472617,SYK,376.55,33.28,0.42,0.11,-13.05,-13.05,1,1,0,0,1,0,0,0,0,0,0,1,ADX>=thresh;MACD_cross_up;BB_breakout;Price>SMA20
2025-08-11T15:54:15.216116,SYY,79.60,34.92,0.12,0.15,-38.31,-38.31,1,1,0,0,1,0,0,0,0,0,0,1,ADX>=thresh;MACD_cross_up;BB_breakout;Price>SMA20
2025-08-11T15:54:16.472315,TROW,105.19,49.76,0.12,0.11,-32.82,-32.82,1,1,0,0,1,1,0,0,0,0,0,1,ADX>=thresh;MACD_cross_up;BB_breakout;RSI_overbought;Price>SMA20
2025-08-11T15:54:18.637550,TGT,104.22,35.42,0.23,0.22,-15.89,-15.89,1,1,0,0,1,0,0,0,0,0,0,1,ADX>=thresh;MACD_cross_up;BB_breakout;Price>SMA20
2025-08-11T15:54:22.700771,TPL,868.02,32.80,3.60,0.42,-2.90,-2.90,1,1,0,0,0,0,0,1,0,0,0,1,ADX>=thresh;MACD_cross_up;ATR>=abs;Price>SMA20
2025-08-11T15:54:24.908656,TJX,132.36,26.45,0.17,0.13,-16.97,-16.97,1,1,0,0,1,1,0,0,0,0,0,1,ADX>=thresh;MACD_cross_up;BB_breakout;RSI_overbought;Price>SMA20
2025-08-11T15:54:29.952645,TSN,56.48,51.21,0.13,0.22,-15.81,-15.81,1,1,0,0,1,0,0,0,0,0,0,1,ADX>=thresh;MACD_cross_up;BB_breakout;Price>SMA20
2025-08-11T15:54:30.683649,USB,44.69,50.93,0.06,0.13,-29.23,-29.23,1,1,0,0,0,1,0,0,0,0,0,1,ADX>=thresh;MACD_cross_up;RSI_overbought;Price>SMA20
2025-08-11T15:54:34.098433,UPS,86.43,61.30,0.19,0.22,-20.65,-20.65,1,1,0,0,1,1,0,0,0,0,0,1,ADX>=thresh;MACD_cross_up;BB_breakout;RSI_overbought;Price>SMA20
2025-08-11T15:54:36.494972,VLO,131.78,55.84,0.30,0.23,-4.70,-4.70,1,1,0,0,1,0,0,0,0,0,0,1,ADX>=thresh;MACD_cross_up;BB_breakout;Price>SMA20
2025-08-11T15:54:41.123954,V,335.67,48.09,0.41,0.12,-24.13,-24.13,1,1,0,0,1,0,0,0,0,0,0,1,ADX>=thresh;MACD_cross_up;BB_breakout;Price>SMA20
2025-08-11T15:54:43.611457,GWW,941.10,37.82,1.91,0.20,-24.94,-24.94,1,1,0,0,1,0,0,0,0,0,0,1,ADX>=thresh;MACD_cross_up;BB_breakout;Price>SMA20
2025-08-11T15:54:47.656274,WMT,103.41,27.33,0.14,0.14,-34.27,-34.27,1,1,0,0,1,0,0,0,0,0,0,1,ADX>=thresh;MACD_cross_up;BB_breakout;Price>SMA20
2025-08-11T15:54:55.110083,WY,25.27,58.51,0.05,0.19,-25.80,-25.80,1,1,0,0,1,0,0,0,0,0,0,1,ADX>=thresh;MACD_cross_up;BB_breakout;Price>SMA20
2025-08-11T15:54:55.893077,WSM,199.43,41.81,0.38,0.19,-9.09,-9.09,1,1,0,0,1,1,0,0,0,0,0,1,ADX>=thresh;MACD_cross_up;BB_breakout;RSI_overbought;Price>SMA20
2025-08-11T15:54:58.572655,WYNN,107.47,22.31,0.22,0.20,-47.91,-47.91,1,1,0,0,0,1,0,0,0,0,0,1,ADX>=thresh;MACD_cross_up;RSI_overbought;Price>SMA20
2025-08-11T15:55:08.702181,MMM,154.16,24.07,0.22,0.14,-38.11,-38.11,1,1,0,0,0,1,0,0,0,0,0,1,ADX>=thresh;MACD_cross_up;RSI_overbought;Price>SMA20
2025-08-11T15:55:10.183175,ABT,131.71,51.68,0.29,0.22,-6.21,-6.21,1,1,0,0,1,1,0,0,0,0,0,1,ADX>=thresh;MACD_cross_up;BB_breakout;RSI_overbought;Price>SMA20
2025-08-11T15:55:13.644135,AES,12.85,49.49,0.03,0.23,-10.14,-10.14,1,1,0,0,1,1,0,0,0,0,0,1,ADX>=thresh;MACD_cross_up;BB_breakout;RSI_overbought;Price>SMA20
2025-08-11T15:55:14.390400,AFL,103.64,73.26,0.13,0.12,-2.18,-2.18,1,1,0,0,1,0,0,0,0,0,0,1,ADX>=thresh;MACD_cross_up;BB_breakout;Price>SMA20
2025-08-11T15:55:16.671455,APD,285.29,36.85,0.49,0.17,-12.55,-12.55,1,1,0,0,0,1,0,0,0,0,0,1,ADX>=thresh;MACD_cross_up;RSI_overbought;Price>SMA20
2025-08-11T15:55:20.638415,ARE,73.49,51.39,0.20,0.28,-27.08,-27.08,1,1,0,0,1,0,0,0,0,0,0,1,ADX>=thresh;MACD_cross_up;BB_breakout;Price>SMA20
2025-08-11T15:55:23.904081,GOOGL,201.32,45.65,0.30,0.15,-26.37,-26.37,1,1,0,0,1,1,0,0,0,0,0,1,ADX>=thresh;MACD_cross_up;BB_breakout;RSI_overbought;Price>SMA20
2025-08-11T15:55:24.629433,GOOG,201.99,44.56,0.29,0.14,-24.48,-24.48,1,1,0,0,1,1,0,0,0,0,0,1,ADX>=thresh;MACD_cross_up;BB_breakout;RSI_overbought;Price>SMA20
2025-08-11T15:55:31.963388,AME,182.43,28.38,0.16,0.09,-9.01,-9.01,1,1,0,0,0,1,0,0,0,0,0,1,ADX>=thresh;MACD_cross_up;RSI_overbought;Price>SMA20
2025-08-11T15:55:36.762871,AAPL,228.88,27.69,0.51,0.22,-8.51,-8.51,1,1,0,0,0,1,0,0,0,0,0,1,ADX>=thresh;MACD_cross_up;RSI_overbought;Price>SMA20
2025-08-11T15:55:48.888416,BDX,192.09,47.15,0.30,0.16,-15.62,-15.62,1,1,0,0,0,1,0,0,0,0,0,1,ADX>=thresh;MACD_cross_up;RSI_overbought;Price>SMA20
2025-08-11T15:55:50.192940,BBY,68.16,52.58,0.15,0.22,-13.47,-13.47,1,1,0,0,1,1,0,0,0,0,0,1,ADX>=thresh;MACD_cross_up;BB_breakout;RSI_overbought;Price>SMA20
2025-08-11T15:55:57.387682,BF-B,0.00,25.09,0.07,inf,-18.97,-18.97,1,1,0,0,0,1,0,0,1,0,0,0,ADX>=thresh;MACD_cross_up;RSI_overbought;ATR>=pct
2025-08-11T15:55:59.169366,BXP,63.16,24.25,0.16,0.26,-14.95,-14.95,1,1,0,0,0,1,0,0,0,0,0,1,ADX>=thresh;MACD_cross_up;RSI_overbought;Price>SMA20
2025-08-11T15:56:00.819630,CZR,24.11,27.28,0.07,0.28,-37.37,-37.37,1,1,0,0,0,1,0,0,0,0,0,1,ADX>=thresh;MACD_cross_up;RSI_overbought;Price>SMA20
2025-08-11T15:56:01.382269,CPT,104.50,34.84,0.16,0.15,-23.24,-23.24,1,1,0,0,1,0,0,0,0,0,0,1,ADX>=thresh;MACD_cross_up;BB_breakout;Price>SMA20
2025-08-11T15:56:01.954949,CPB,32.09,39.39,0.06,0.20,-12.90,-12.90,1,1,0,0,1,1,0,0,0,0,0,1,ADX>=thresh;MACD_cross_up;BB_breakout;RSI_overbought;Price>SMA20
2025-08-11T15:56:03.643187,KMX,55.68,22.02,0.12,0.22,-16.79,-16.79,1,1,0,0,0,1,0,0,0,0,0,1,ADX>=thresh;MACD_cross_up;RSI_overbought;Price>SMA20
2025-08-11T15:56:06.736254,CBRE,155.22,37.75,0.18,0.12,-28.31,-28.31,1,1,0,0,0,1,0,0,0,0,0,1,ADX>=thresh;MACD_cross_up;RSI_overbought;Price>SMA20
2025-08-11T15:56:20.845486,KO,70.36,22.11,0.08,0.11,-23.25,-23.25,1,1,0,0,0,1,0,0,0,0,0,1,ADX>=thresh;MACD_cross_up;RSI_overbought;Price>SMA20
2025-08-11T15:56:22.860444,CL,84.64,31.72,0.11,0.13,-26.13,-26.13,1,1,0,0,0,1,0,0,0,0,0,1,ADX>=thresh;MACD_cross_up;RSI_overbought;Price>SMA20
2025-08-11T15:56:31.803563,COST,986.52,32.04,1.13,0.12,-27.03,-27.03,1,1,0,0,0,1,0,0,0,0,0,1,ADX>=thresh;MACD_cross_up;RSI_overbought;Price>SMA20
2025-08-11T15:56:39.306175,DECK,100.51,27.69,0.20,0.19,-21.20,-21.20,1,1,0,0,0,1,0,0,0,0,0,1,ADX>=thresh;MACD_cross_up;RSI_overbought;Price>SMA20
2025-08-11T15:56:40.765508,DELL,139.33,28.55,0.32,0.23,-29.04,-29.04,1,1,0,0,1,0,0,0,0,0,0,1,ADX>=thresh;MACD_cross_up;BB_breakout;Price>SMA20
2025-08-11T15:56:42.308761,DVN,33.05,45.58,0.09,0.28,-22.83,-22.83,1,1,0,0,0,1,0,0,0,0,0,1,ADX>=thresh;MACD_cross_up;RSI_overbought;Price>SMA20
2025-08-11T15:56:48.118883,DASH,258.93,46.91,0.60,0.23,-23.39,-23.39,1,1,0,0,1,1,0,0,0,0,0,1,ADX>=thresh;MACD_cross_up;BB_breakout;RSI_overbought;Price>SMA20
2025-08-11T15:56:51.150551,DHI,154.42,37.46,0.37,0.24,-29.85,-29.85,1,1,0,0,0,1,0,0,0,0,0,1,ADX>=thresh;MACD_cross_up;RSI_overbought;Price>SMA20
2025-08-11T15:56:53.790705,EMN,61.09,40.85,0.13,0.21,-22.86,-22.86,1,1,0,0,1,0,0,0,0,0,0,1,ADX>=thresh;MACD_cross_up;BB_breakout;Price>SMA20
2025-08-11T15:56:55.890005,ECL,272.90,26.42,0.28,0.10,-33.86,-33.86,1,1,0,0,1,1,0,0,0,0,0,1,ADX>=thresh;MACD_cross_up;BB_breakout;RSI_overbought;Price>SMA20
2025-08-11T15:56:56.632316,EIX,55.23,39.48,0.12,0.22,-24.51,-24.51,1,1,0,0,0,1,0,0,0,0,0,1,ADX>=thresh;MACD_cross_up;RSI_overbought;Price>SMA20
2025-08-11T15:57:00.071132,ENPH,32.97,21.22,0.15,0.44,-11.07,-11.07,1,1,0,0,1,0,0,0,0,0,0,1,ADX>=thresh;MACD_cross_up;BB_breakout;Price>SMA20
2025-08-11T15:57:05.020584,EQR,62.48,36.35,0.10,0.15,-30.26,-30.26,1,1,0,0,1,0,0,0,0,0,0,1,ADX>=thresh;MACD_cross_up;BB_breakout;Price>SMA20
2025-08-11T15:57:14.997895,FICO,1316.31,27.01,3.52,0.27,-27.36,-27.36,1,1,0,0,1,0,0,1,0,0,0,1,ADX>=thresh;MACD_cross_up;BB_breakout;ATR>=abs;Price>SMA20
2025-08-11T15:57:16.807892,FRT,92.45,44.73,0.14,0.15,-6.63,-6.63,1,1,0,0,0,1,0,0,0,0,0,1,ADX>=thresh;MACD_cross_up;RSI_overbought;Price>SMA20
2025-08-11T15:57:17.504489,FDX,224.01,74.15,0.55,0.25,-37.04,-37.04,1,1,0,0,1,0,0,0,0,0,0,1,ADX>=thresh;MACD_cross_up;BB_breakout;Price>SMA20
2025-08-11T15:57:21.411030,F,11.16,43.44,0.04,0.32,-39.48,-39.48,1,1,0,0,1,0,0,0,0,0,0,1,ADX>=thresh;MACD_cross_up;BB_breakout;Price>SMA20
2025-08-11T15:57:25.438155,FCX,41.53,35.93,0.08,0.20,-28.93,-28.93,1,1,0,0,1,0,0,0,0,0,0,1,ADX>=thresh;MACD_cross_up;BB_breakout;Price>SMA20
2025-08-11T15:57:27.949817,GEHC,73.09,26.56,0.15,0.20,-11.60,-11.60,1,1,0,0,0,1,0,0,0,0,0,1,ADX>=thresh;MACD_cross_up;RSI_overbought;Price>SMA20
2025-08-11T15:57:29.125928,GEN,31.18,29.95,0.07,0.22,-38.51,-38.51,1,1,0,0,0,1,0,0,0,0,0,1,ADX>=thresh;MACD_cross_up;RSI_overbought;Price>SMA20
2025-08-11T15:57:30.795094,GIS,49.28,38.40,0.10,0.21,-26.65,-26.65,1,1,0,0,1,0,0,0,0,0,0,1,ADX>=thresh;MACD_cross_up;BB_breakout;Price>SMA20
2025-08-11T15:57:31.508651,GM,54.07,29.15,0.10,0.18,-26.77,-26.77,1,1,0,0,1,1,0,0,0,0,0,1,ADX>=thresh;MACD_cross_up;BB_breakout;RSI_overbought;Price>SMA20
2025-08-11T15:57:39.225620,HSIC,66.49,24.35,0.14,0.21,-14.15,-14.15,1,1,0,0,0,1,0,0,0,0,0,1,ADX>=thresh;MACD_cross_up;RSI_overbought;Price>SMA20
2025-08-11T15:57:42.546456,HOLX,67.87,51.66,0.08,0.12,-31.48,-31.48,1,1,0,0,1,0,0,0,0,0,0,1,ADX>=thresh;MACD_cross_up;BB_breakout;Price>SMA20
2025-08-11T15:57:43.381629,HD,386.09,49.83,0.59,0.15,-24.02,-24.02,1,1,0,0,0,1,0,0,0,0,0,1,ADX>=thresh;MACD_cross_up;RSI_overbought;Price>SMA20
2025-08-11T15:57:44.803421,HON,214.98,38.99,0.23,0.11,-19.74,-19.74,1,1,0,0,0,1,0,0,0,0,0,1,ADX>=thresh;MACD_cross_up;RSI_overbought;Price>SMA20
2025-08-11T15:57:48.957514,HUM,267.81,53.21,1.05,0.39,-49.54,-49.54,1,1,0,0,1,0,0,0,0,0,0,1,ADX>=thresh;MACD_cross_up;BB_breakout;Price>SMA20
2025-08-11T15:57:53.840389,IEX,157.82,25.53,0.26,0.16,-36.42,-36.42,1,1,0,0,1,0,0,0,0,0,0,1,ADX>=thresh;MACD_cross_up;BB_breakout;Price>SMA20
2025-08-11T15:57:54.676352,IDXX,653.53,49.54,1.59,0.24,-16.06,-16.06,1,1,0,0,1,1,0,0,0,0,0,1,ADX>=thresh;MACD_cross_up;BB_breakout;RSI_overbought;Price>SMA20
2025-08-11T15:57:55.768093,ITW,257.17,25.11,0.34,0.13,-7.39,-7.39,1,1,0,0,1,1,0,0,0,0,0,1,ADX>=thresh;MACD_cross_up;BB_breakout;RSI_overbought;Price>SMA20
2025-08-11T15:57:59.021222,IR,76.46,22.91,0.14,0.18,14.98,14.98,1,1,0,0,1,1,0,0,0,0,0,1,ADX>=thresh;MACD_cross_up;BB_breakout;RSI_overbought;Price>SMA20
2025-08-11T15:58:02.466330,IFF,63.59,27.32,0.14,0.22,-19.68,-19.68,1,1,0,0,1,1,0,0,0,0,0,1,ADX>=thresh;MACD_cross_up;BB_breakout;RSI_overbought;Price>SMA20
2025-08-11T15:58:03.409504,IP,47.08,38.98,0.11,0.23,-12.39,-12.39,1,1,0,0,0,1,0,0,0,0,0,1,ADX>=thresh;MACD_cross_up;RSI_overbought;Price>SMA20
2025-08-11T15:58:04.425268,IPG,24.93,50.19,0.06,0.23,-18.59,-18.59,1,1,0,0,0,1,0,0,0,0,0,1,ADX>=thresh;MACD_cross_up;RSI_overbought;Price>SMA20
2025-08-11T15:58:06.149183,IVZ,20.66,45.12,0.04,0.19,-8.39,-8.39,1,1,0,0,1,1,0,0,0,0,0,1,ADX>=thresh;MACD_cross_up;BB_breakout;RSI_overbought;Price>SMA20
2025-08-11T15:58:13.749211,K,80.10,33.85,0.02,0.02,-9.03,-9.03,1,1,0,0,1,0,0,0,0,0,0,1,ADX>=thresh;MACD_cross_up;BB_breakout;Price>SMA20
2025-08-11T15:58:17.589943,KIM,21.00,22.03,0.04,0.17,-4.71,-4.71,1,1,0,0,0,1,0,0,0,0,0,1,ADX>=thresh;MACD_cross_up;RSI_overbought;Price>SMA20
2025-08-11T15:58:21.285698,KHC,27.31,39.26,0.06,0.22,-14.35,-14.35,1,1,0,0,1,0,0,0,0,0,0,1,ADX>=thresh;MACD_cross_up;BB_breakout;Price>SMA20
2025-08-11T15:58:26.016262,LEN,120.11,52.40,0.32,0.27,-24.82,-24.82,1,1,0,0,1,1,0,0,0,0,0,1,ADX>=thresh;MACD_cross_up;BB_breakout;RSI_overbought;Price>SMA20
2025-08-11T15:58:30.917042,LOW,240.16,44.75,0.46,0.19,-20.12,-20.12,1,1,0,0,1,1,0,0,0,0,0,1,ADX>=thresh;MACD_cross_up;BB_breakout;RSI_overbought;Price>SMA20
2025-08-11T15:58:31.761920,LULU,187.95,37.88,0.38,0.20,-35.09,-35.09,1,1,0,0,1,1,0,0,0,0,0,1,ADX>=thresh;MACD_cross_up;BB_breakout;RSI_overbought;Price>SMA20
2025-08-11T15:58:32.534931,LYB,48.26,43.72,0.16,0.32,-22.38,-22.38,1,1,0,0,0,1,0,0,0,0,0,1,ADX>=thresh;MACD_cross_up;RSI_overbought;Price>SMA20
2025-08-11T15:58:37.722257,MAS,68.85,39.21,0.12,0.17,-17.72,-17.72,1,1,0,0,1,1,0,0,0,0,0,1,ADX>=thresh;MACD_cross_up;BB_breakout;RSI_overbought;Price>SMA20
2025-08-11T15:58:39.184602,MTCH,35.35,55.61,0.08,0.23,2.29,2.29,1,1,0,0,1,1,0,0,0,0,0,1,ADX>=thresh;MACD_cross_up;BB_breakout;RSI_overbought;Price>SMA20
2025-08-11T15:58:41.660368,MDT,92.81,44.17,0.12,0.13,-32.63,-32.63,1,1,0,0,1,1,0,0,0,0,0,1,ADX>=thresh;MACD_cross_up;BB_breakout;RSI_overbought;Price>SMA20
2025-08-11T15:58:42.295566,MRK,80.17,47.59,0.13,0.17,-30.87,-30.87,1,1,0,0,1,0,0,0,0,0,0,1,ADX>=thresh;MACD_cross_up;BB_breakout;Price>SMA20
2025-08-11T15:58:44.307976,MTD,1257.36,31.73,3.25,0.26,-14.20,-14.20,1,1,0,0,0,0,0,1,0,0,0,1,ADX>=thresh;MACD_cross_up;ATR>=abs;Price>SMA20
2025-08-11T15:58:44.916522,MGM,34.23,40.79,0.06,0.19,-20.42,-20.42,1,1,0,0,0,1,0,0,0,0,0,1,ADX>=thresh;MACD_cross_up;RSI_overbought;Price>SMA20
2025-08-11T15:58:46.495507,MSFT,526.03,40.17,0.77,0.15,-3.16,-3.16,1,1,0,0,0,1,0,0,0,0,0,1,ADX>=thresh;MACD_cross_up;RSI_overbought;Price>SMA20
2025-08-11T15:58:48.622050,MHK,119.58,38.03,0.17,0.15,-42.76,-42.76,1,1,0,0,0,1,0,0,0,0,0,1,ADX>=thresh;MACD_cross_up;RSI_overbought;Price>SMA20
2025-08-11T15:58:49.458127,MOH,156.65,39.76,0.50,0.32,-23.03,-23.03,1,1,0,0,1,0,0,0,0,0,0,1,ADX>=thresh;MACD_cross_up;BB_breakout;Price>SMA20
2025-08-11T15:58:50.098789,TAP,50.41,34.64,0.12,0.25,-2.77,-2.77,1,1,0,0,1,1,0,0,0,0,0,1,ADX>=thresh;MACD_cross_up;BB_breakout;RSI_overbought;Price>SMA20
2025-08-11T15:58:53.302404,MS,143.57,25.73,0.20,0.14,-22.34,-22.34,1,1,0,0,0,1,0,0,0,0,0,1,ADX>=thresh;MACD_cross_up;RSI_overbought;Price>SMA20
2025-08-11T15:58:57.225555,NFLX,1218.00,35.60,2.20,0.18,-25.01,-25.01,1,1,0,0,0,0,0,1,0,0,0,1,ADX>=thresh;MACD_cross_up;ATR>=abs;Price>SMA20
2025-08-11T15:59:00.093649,NEE,72.41,53.32,0.17,0.23,-6.08,-6.08,1,1,0,0,0,1,0,0,0,0,0,1,ADX>=thresh;MACD_cross_up;RSI_overbought;Price>SMA20
2025-08-11T15:59:00.941848,NKE,73.84,27.48,0.15,0.21,-8.39,-8.39,1,1,0,0,1,1,0,0,0,0,0,1,ADX>=thresh;MACD_cross_up;BB_breakout;RSI_overbought;Price>SMA20
2025-08-11T15:59:06.701605,NUE,136.82,55.83,0.22,0.16,-26.09,-26.09,1,1,0,0,1,1,0,0,0,0,0,1,ADX>=thresh;MACD_cross_up;BB_breakout;RSI_overbought;Price>SMA20
2025-08-11T15:59:10.975323,OMC,72.91,46.03,0.18,0.24,-19.22,-19.22,1,1,0,0,1,1,0,0,0,0,0,1,ADX>=thresh;MACD_cross_up;BB_breakout;RSI_overbought;Price>SMA20
2025-08-11T15:59:16.572045,PKG,195.72,50.31,0.16,0.08,-51.28,-51.28,1,1,0,0,0,1,0,0,0,0,0,1,ADX>=thresh;MACD_cross_up;RSI_overbought;Price>SMA20
2025-08-11T15:59:18.336009,PARA,0.00,23.11,0.04,inf,16.08,16.08,1,1,0,0,0,1,0,0,1,0,0,0,ADX>=thresh;MACD_cross_up;RSI_overbought;ATR>=pct
2025-08-11T15:59:20.889501,PYPL,67.31,46.23,0.12,0.19,-20.35,-20.35,1,1,0,0,1,0,0,0,0,0,0,1,ADX>=thresh;MACD_cross_up;BB_breakout;Price>SMA20
2025-08-11T15:59:21.999058,PEP,144.26,30.59,0.20,0.14,-16.81,-16.81,1,1,0,0,1,0,0,0,0,0,0,1,ADX>=thresh;MACD_cross_up;BB_breakout;Price>SMA20
2025-08-11T15:59:22.618443,PFE,24.68,56.59,0.04,0.16,-26.46,-26.46,1,1,0,0,1,0,0,0,0,0,0,1,ADX>=thresh;MACD_cross_up;BB_breakout;Price>SMA20
2025-08-11T15:59:23.239237,PCG,15.26,32.17,0.04,0.25,-9.69,-9.69,1,1,0,0,0,1,0,0,0,0,0,1,ADX>=thresh;MACD_cross_up;RSI_overbought;Price>SMA20
2025-08-11T15:59:26.267567,POOL,306.14,34.79,0.67,0.22,12.65,12.65,1,1,0,0,0,1,0,0,0,0,0,1,ADX>=thresh;MACD_cross_up;RSI_overbought;Price>SMA20
2025-08-11T15:59:29.584358,PLD,104.98,44.48,0.20,0.19,4.04,4.04,1,1,0,0,1,1,0,0,0,0,0,1,ADX>=thresh;MACD_cross_up;BB_breakout;RSI_overbought;Price>SMA20
2025-08-11T15:59:31.962956,PSA,281.19,31.80,0.40,0.14,-14.40,-14.40,1,1,0,0,1,1,0,0,0,0,0,1,ADX>=thresh;MACD_cross_up;BB_breakout;RSI_overbought;Price>SMA20
2025-08-11T15:59:32.621736,PHM,119.89,51.99,0.29,0.24,-23.02,-23.02,1,1,0,0,0,1,0,0,0,0,0,1,ADX>=thresh;MACD_cross_up;RSI_overbought;Price>SMA20
2025-08-11T15:59:33.202997,PWR,383.80,40.49,0.89,0.23,-30.68,-30.68,1,1,0,0,0,1,0,0,0,0,0,1,ADX>=thresh;MACD_cross_up;RSI_overbought;Price>SMA20
2025-08-11T15:59:37.173977,REG,72.46,24.42,0.10,0.14,-19.88,-19.88,1,1,0,0,0,1,0,0,0,0,0,1,ADX>=thresh;MACD_cross_up;RSI_overbought;Price>SMA20
2025-08-11T15:59:39.552919,RMD,285.85,33.01,0.47,0.16,-3.93,-3.93,1,1,0,0,1,1,0,0,0,0,0,1,ADX>=thresh;MACD_cross_up;BB_breakout;RSI_overbought;Price>SMA20
2025-08-11T15:59:42.639845,ROST,147.59,64.60,0.26,0.18,-9.19,-9.19,1,1,0,0,0,1,0,0,0,0,0,1,ADX>=thresh;MACD_cross_up;RSI_overbought;Price>SMA20
2025-08-11T15:59:46.663609,SRE,81.42,30.88,0.13,0.16,-33.28,-33.28,1,1,0,0,0,1,0,0,0,0,0,1,ADX>=thresh;MACD_cross_up;RSI_overbought;Price>SMA20
2025-08-11T15:59:49.654814,SPG,164.88,34.59,0.24,0.15,-8.58,-8.58,1,1,0,0,1,1,0,0,0,0,0,1,ADX>=thresh;MACD_cross_up;BB_breakout;RSI_overbought;Price>SMA20
2025-08-11T15:59:50.364481,SWKS,71.37,27.84,0.18,0.26,-22.01,-22.01,1,1,0,0,1,1,0,0,0,0,0,1,ADX>=thresh;MACD_cross_up;BB_breakout;RSI_overbought;Price>SMA20
2025-08-11T15:59:51.501835,SW,43.27,37.24,0.08,0.18,-13.68,-13.68,1,1,0,0,1,1,0,0,0,0,0,1,ADX>=thresh;MACD_cross_up;BB_breakout;RSI_overbought;Price>SMA20
2025-08-11T15:59:54.753093,SWK,68.65,45.10,0.15,0.22,-15.41,-15.41,1,1,0,0,1,1,0,0,0,0,0,1,ADX>=thresh;MACD_cross_up;BB_breakout;RSI_overbought;Price>SMA20
2025-08-11T15:59:56.786421,STLD,120.75,65.99,0.23,0.19,-17.08,-17.08,1,1,0,0,1,1,0,0,0,0,0,1,ADX>=thresh;MACD_cross_up;BB_breakout;RSI_overbought;Price>SMA20
2025-08-11T15:59:57.917747,SYK,376.74,34.58,0.44,0.12,-15.36,-15.36,1,1,0,0,1,1,0,0,0,0,0,1,ADX>=thresh;MACD_cross_up;BB_breakout;RSI_overbought;Price>SMA20
2025-08-11T15:59:59.195782,SYF,69.53,24.26,0.12,0.17,-18.23,-18.23,1,1,0,0,0,1,0,0,0,0,0,1,ADX>=thresh;MACD_cross_up;RSI_overbought;Price>SMA20
2025-08-11T16:00:00.699706,SYY,79.72,32.43,0.12,0.15,-37.10,-37.10,1,1,0,0,1,1,0,0,0,0,0,1,ADX>=thresh;MACD_cross_up;BB_breakout;RSI_overbought;Price>SMA20
2025-08-11T16:00:02.210105,TROW,105.30,49.14,0.12,0.11,-17.18,-17.18,1,1,0,0,1,1,0,0,0,0,0,1,ADX>=thresh;MACD_cross_up;BB_breakout;RSI_overbought;Price>SMA20
2025-08-11T16:00:04.918503,TGT,104.50,33.43,0.23,0.22,-9.01,-9.01,1,1,0,0,1,1,0,0,0,0,0,1,ADX>=thresh;MACD_cross_up;BB_breakout;RSI_overbought;Price>SMA20
2025-08-11T16:00:09.052566,TPL,868.02,32.80,3.60,0.42,-2.90,-2.90,1,1,0,0,0,0,0,1,0,0,0,1,ADX>=thresh;MACD_cross_up;ATR>=abs;Price>SMA20
2025-08-11T16:00:10.526099,TMO,462.34,20.01,1.04,0.22,-31.34,-31.34,1,1,0,0,1,0,0,0,0,0,0,1,ADX>=thresh;MACD_cross_up;BB_breakout;Price>SMA20
2025-08-11T16:00:11.348930,TJX,132.38,30.84,0.17,0.13,-23.85,-23.85,1,1,0,0,1,1,0,0,0,0,0,1,ADX>=thresh;MACD_cross_up;BB_breakout;RSI_overbought;Price>SMA20
2025-08-11T16:00:12.619025,TSCO,59.26,21.27,0.09,0.15,-26.90,-26.90,1,1,0,0,0,1,0,0,0,0,0,1,ADX>=thresh;MACD_cross_up;RSI_overbought;Price>SMA20
2025-08-11T16:00:18.396357,USB,44.69,40.39,0.05,0.12,-29.42,-29.42,1,1,0,0,0,1,0,0,0,0,0,1,ADX>=thresh;MACD_cross_up;RSI_overbought;Price>SMA20
2025-08-11T16:00:21.348546,UNP,219.61,39.42,0.30,0.14,-29.33,-29.33,1,1,0,0,1,0,0,0,0,0,0,1,ADX>=thresh;MACD_cross_up;BB_breakout;Price>SMA20
2025-08-11T16:00:22.976695,UPS,86.56,53.58,0.17,0.20,-22.65,-22.65,1,1,0,0,0,1,0,0,0,0,0,1,ADX>=thresh;MACD_cross_up;RSI_overbought;Price>SMA20
2025-08-11T16:00:33.917068,GWW,941.80,33.75,1.95,0.21,-33.81,-33.81,1,1,0,0,1,1,0,0,0,0,0,1,ADX>=thresh;MACD_cross_up;BB_breakout;RSI_overbought;Price>SMA20
2025-08-11T16:00:34.754071,WAB,190.94,67.14,0.28,0.15,-11.15,-11.15,1,1,0,0,1,0,0,0,0,0,0,1,ADX>=thresh;MACD_cross_up;BB_breakout;Price>SMA20
2025-08-11T16:00:36.875898,DIS,112.41,31.58,0.19,0.17,-21.33,-21.33,1,1,0,0,0,1,0,0,0,0,0,1,ADX>=thresh;MACD_cross_up;RSI_overbought;Price>SMA20
2025-08-11T16:00:38.932756,WAT,281.31,34.21,0.49,0.17,-46.74,-46.74,1,1,0,0,1,1,0,0,0,0,0,1,ADX>=thresh;MACD_cross_up;BB_breakout;RSI_overbought;Price>SMA20
2025-08-11T16:00:41.117135,WELL,169.30,21.20,0.19,0.11,-9.47,-9.47,1,1,0,0,0,1,0,0,0,0,0,1,ADX>=thresh;MACD_cross_up;RSI_overbought;Price>SMA20
2025-08-11T16:00:43.544572,WY,25.30,54.33,0.04,0.16,-18.35,-18.35,1,1,0,0,0,1,0,0,0,0,0,1,ADX>=thresh;MACD_cross_up;RSI_overbought;Price>SMA20
2025-08-11T16:00:44.260122,WSM,199.53,42.60,0.36,0.18,-16.38,-16.38,1,1,0,0,0,1,0,0,0,0,0,1,ADX>=thresh;MACD_cross_up;RSI_overbought;Price>SMA20
2025-08-11T16:00:46.971325,WYNN,107.63,24.06,0.16,0.15,-46.92,-46.92,1,1,0,0,0,1,0,0,0,0,0,1,ADX>=thresh;MACD_cross_up;RSI_overbought;Price>SMA20
2025-08-11T16:00:51.080164,ZTS,148.01,43.64,0.20,0.14,-40.94,-40.94,1,1,0,0,1,1,0,0,0,0,0,1,ADX>=thresh;MACD_cross_up;BB_breakout;RSI_overbought;Price>SMA20
2025-08-11T16:00:56.881702,MMM,154.14,22.95,0.21,0.13,-45.95,-45.95,1,1,0,0,0,1,0,0,0,0,0,1,ADX>=thresh;MACD_cross_up;RSI_overbought;Price>SMA20
2025-08-11T16:00:58.311761,ABT,131.94,42.38,0.27,0.20,-8.70,-8.70,1,1,0,0,1,1,0,0,0,0,0,1,ADX>=thresh;MACD_cross_up;BB_breakout;RSI_overbought;Price>SMA20
2025-08-11T16:01:01.853404,AES,12.88,46.77,0.03,0.23,-11.67,-11.67,1,1,0,0,1,1,0,0,0,0,0,1,ADX>=thresh;MACD_cross_up;BB_breakout;RSI_overbought;Price>SMA20
2025-08-11T16:01:03.376527,A,114.45,42.47,0.22,0.20,-33.38,-33.38,1,1,0,0,1,0,0,0,0,0,0,1,ADX>=thresh;MACD_cross_up;BB_breakout;Price>SMA20
2025-08-11T16:01:04.179936,APD,285.36,35.88,0.47,0.17,-38.89,-38.89,1,1,0,0,0,1,0,0,0,0,0,1,ADX>=thresh;MACD_cross_up;RSI_overbought;Price>SMA20
2025-08-11T16:01:05.218554,ABNB,119.55,43.74,0.24,0.20,-8.82,-8.82,1,1,0,0,1,1,0,0,0,0,0,1,ADX>=thresh;MACD_cross_up;BB_breakout;RSI_overbought;Price>SMA20
2025-08-11T16:01:13.793982,AMCR,9.68,63.71,0.02,0.18,-12.92,-12.92,1,1,0,0,0,1,0,0,0,0,0,1,ADX>=thresh;MACD_cross_up;RSI_overbought;Price>SMA20
2025-08-11T16:01:18.644661,AME,182.66,34.37,0.18,0.10,-7.66,-7.66,1,1,0,0,1,1,0,0,0,0,0,1,ADX>=thresh;MACD_cross_up;BB_breakout;RSI_overbought;Price>SMA20
2025-08-11T16:01:24.027997,AAPL,228.64,28.91,0.49,0.21,-12.48,-12.48,1,1,0,0,0,1,0,0,0,0,0,1,ADX>=thresh;MACD_cross_up;RSI_overbought;Price>SMA20
2025-08-11T16:01:25.322246,APTV,66.97,20.44,0.13,0.19,-23.16,-23.16,1,1,0,0,1,0,0,0,0,0,0,1,ADX>=thresh;MACD_cross_up;BB_breakout;Price>SMA20
2025-08-11T16:01:34.049464,AVY,170.46,25.23,0.32,0.19,-9.95,-9.95,1,1,0,0,1,1,0,0,0,0,0,1,ADX>=thresh;MACD_cross_up;BB_breakout;RSI_overbought;Price>SMA20
2025-08-11T16:01:36.201895,BALL,53.80,51.38,0.08,0.16,-33.19,-33.19,1,1,0,0,1,1,0,0,0,0,0,1,ADX>=thresh;MACD_cross_up;BB_breakout;RSI_overbought;Price>SMA20
2025-08-11T16:01:37.592320,BAX,23.52,48.92,0.07,0.31,-3.72,-3.72,1,1,0,0,1,1,0,0,0,0,0,1,ADX>=thresh;MACD_cross_up;BB_breakout;RSI_overbought;Price>SMA20
2025-08-11T16:01:38.397048,BDX,192.46,45.42,0.30,0.16,-16.93,-16.93,1,1,0,0,1,1,0,0,0,0,0,1,ADX>=thresh;MACD_cross_up;BB_breakout;RSI_overbought;Price>SMA20
2025-08-11T16:01:40.083157,BBY,68.26,49.84,0.15,0.21,-10.38,-10.38,1,1,0,0,0,1,0,0,0,0,0,1,ADX>=thresh;MACD_cross_up;RSI_overbought;Price>SMA20
2025-08-11T16:01:51.045313,BXP,63.16,22.89,0.17,0.26,-13.10,-13.10,1,1,0,0,0,1,0,0,0,0,0,1,ADX>=thresh;MACD_cross_up;RSI_overbought;Price>SMA20
2025-08-11T16:01:53.092464,CZR,24.20,30.50,0.07,0.30,-20.64,-20.64,1,1,0,0,1,1,0,0,0,0,0,1,ADX>=thresh;MACD_cross_up;BB_breakout;RSI_overbought;Price>SMA20
2025-08-11T16:01:53.837411,CPT,104.55,35.11,0.16,0.15,-19.29,-19.29,1,1,0,0,1,0,0,0,0,0,0,1,ADX>=thresh;MACD_cross_up;BB_breakout;Price>SMA20
2025-08-11T16:01:54.518230,CPB,32.11,38.51,0.06,0.18,-15.38,-15.38,1,1,0,0,0,1,0,0,0,0,0,1,ADX>=thresh;MACD_cross_up;RSI_overbought;Price>SMA20
2025-08-11T16:01:55.710402,CAH,159.31,43.13,0.31,0.19,2.91,2.91,1,1,0,0,1,1,0,0,0,0,0,1,ADX>=thresh;MACD_cross_up;BB_breakout;RSI_overbought;Price>SMA20
2025-08-11T16:01:56.447416,KMX,55.87,23.53,0.13,0.23,2.43,2.43,1,1,0,0,0,1,0,0,0,0,0,1,ADX>=thresh;MACD_cross_up;RSI_overbought;Price>SMA20
2025-08-11T16:01:59.726615,CBRE,155.32,42.71,0.18,0.12,-21.35,-21.35,1,1,0,0,0,1,0,0,0,0,0,1,ADX>=thresh;MACD_cross_up;RSI_overbought;Price>SMA20
2025-08-11T16:02:06.125378,CMG,41.94,52.02,0.09,0.23,-29.82,-29.82,1,1,0,0,1,1,0,0,0,0,0,1,ADX>=thresh;MACD_cross_up;BB_breakout;RSI_overbought;Price>SMA20
2025-08-11T16:02:14.378201,KO,70.39,26.48,0.07,0.10,-25.77,-25.77,1,1,0,0,1,1,0,0,0,0,0,1,ADX>=thresh;MACD_cross_up;BB_breakout;RSI_overbought;Price>SMA20
2025-08-11T16:02:15.142655,CTSH,69.53,36.63,0.10,0.14,-27.87,-27.87,1,1,0,0,1,0,0,0,0,0,0,1,ADX>=thresh;MACD_cross_up;BB_breakout;Price>SMA20
2025-08-11T16:02:20.240289,ED,103.91,22.83,0.14,0.13,-29.72,-29.72,1,1,0,0,0,1,0,0,0,0,0,1,ADX>=thresh;MACD_cross_up;RSI_overbought;Price>SMA20
2025-08-11T16:02:21.076384,STZ,168.85,42.46,0.35,0.21,-41.12,-41.12,1,1,0,0,0,1,0,0,0,0,0,1,ADX>=thresh;MACD_cross_up;RSI_overbought;Price>SMA20
2025-08-11T16:02:24.301822,CPAY,303.61,39.83,0.45,0.15,-29.61,-29.61,1,1,0,0,1,0,0,0,0,0,0,1,ADX>=thresh;MACD_cross_up;BB_breakout;Price>SMA20
2025-08-11T16:02:25.561908,CSGP,94.34,62.89,0.13,0.14,-18.87,-18.87,1,1,0,0,0,1,0,0,0,0,0,1,ADX>=thresh;MACD_cross_up;RSI_overbought;Price>SMA20
2025-08-11T16:02:26.334545,COST,986.73,35.54,1.14,0.12,-25.09,-25.09,1,1,0,0,0,1,0,0,0,0,0,1,ADX>=thresh;MACD_cross_up;RSI_overbought;Price>SMA20
2025-08-11T16:02:31.234428,DHR,200.54,21.47,0.26,0.13,-24.03,-24.03,1,1,0,0,1,1,0,0,0,0,0,1,ADX>=thresh;MACD_cross_up;BB_breakout;RSI_overbought;Price>SMA20
2025-08-11T16:02:34.226251,DECK,100.49,27.80,0.20,0.19,-11.93,-11.93,1,1,0,0,0,1,0,0,0,0,0,1,ADX>=thresh;MACD_cross_up;RSI_overbought;Price>SMA20
2025-08-11T16:02:36.618904,DAL,53.73,44.45,0.10,0.18,-32.54,-32.54,1,1,0,0,1,1,0,0,0,0,0,1,ADX>=thresh;MACD_cross_up;BB_breakout;RSI_overbought;Price>SMA20
2025-08-11T16:02:44.258337,DOV,174.97,33.65,0.24,0.13,-29.63,-29.63,1,1,0,0,0,1,0,0,0,0,0,1,ADX>=thresh;MACD_cross_up;RSI_overbought;Price>SMA20
2025-08-11T16:02:45.140760,DOW,20.62,62.50,0.07,0.33,-36.47,-36.47,1,1,0,0,1,0,0,0,0,0,0,1,ADX>=thresh;MACD_cross_up;BB_breakout;Price>SMA20
2025-08-11T16:02:45.891005,DHI,154.52,35.98,0.36,0.23,-28.16,-28.16,1,1,0,0,0,1,0,0,0,0,0,1,ADX>=thresh;MACD_cross_up;RSI_overbought;Price>SMA20
2025-08-11T16:02:47.918930,DD,69.96,21.32,0.12,0.17,-23.29,-23.29,1,1,0,0,0,1,0,0,0,0,0,1,ADX>=thresh;MACD_cross_up;RSI_overbought;Price>SMA20
2025-08-11T16:02:48.627511,EMN,61.26,37.72,0.13,0.22,-19.46,-19.46,1,1,0,0,1,1,0,0,0,0,0,1,ADX>=thresh;MACD_cross_up;BB_breakout;RSI_overbought;Price>SMA20
2025-08-11T16:02:50.721793,ECL,273.02,25.70,0.27,0.10,-36.27,-36.27,1,1,0,0,1,1,0,0,0,0,0,1,ADX>=thresh;MACD_cross_up;BB_breakout;RSI_overbought;Price>SMA20
2025-08-11T16:02:51.977127,EW,77.99,21.41,0.12,0.15,0.19,0.19,1,1,0,0,0,1,0,0,0,0,0,1,ADX>=thresh;MACD_cross_up;RSI_overbought;Price>SMA20
2025-08-11T16:02:54.153397,EMR,132.63,25.62,0.18,0.14,-4.18,-4.18,1,1,0,0,1,1,0,0,0,0,0,1,ADX>=thresh;MACD_cross_up;BB_breakout;RSI_overbought;Price>SMA20
2025-08-11T16:02:54.977619,ENPH,33.09,20.07,0.15,0.44,-10.40,-10.40,1,1,0,0,1,1,0,0,0,0,0,1,ADX>=thresh;MACD_cross_up;BB_breakout;RSI_overbought;Price>SMA20
2025-08-11T16:02:56.558752,EOG,116.22,31.14,0.26,0.23,-15.77,-15.77,1,1,0,0,0,1,0,0,0,0,0,1,ADX>=thresh;MACD_cross_up;RSI_overbought;Price>SMA20
2025-08-11T16:02:58.723081,EFX,236.56,48.42,0.99,0.42,25.76,25.76,1,1,0,0,1,0,0,0,0,0,0,1,ADX>=thresh;MACD_cross_up;BB_breakout;Price>SMA20
2025-08-11T16:03:00.795794,ERIE,368.50,47.28,1.49,0.40,-22.00,-22.00,1,1,0,0,1,1,0,0,0,0,0,1,ADX>=thresh;MACD_cross_up;BB_breakout;RSI_overbought;Price>SMA20
2025-08-11T16:03:05.819999,EXPD,116.31,39.88,0.21,0.18,-22.36,-22.36,1,1,0,0,0,1,0,0,0,0,0,1,ADX>=thresh;MACD_cross_up;RSI_overbought;Price>SMA20
2025-08-11T16:03:09.178166,FICO,1319.43,24.61,3.49,0.26,-30.51,-30.51,1,1,0,0,0,1,0,1,0,0,0,1,ADX>=thresh;MACD_cross_up;RSI_overbought;ATR>=abs;Price>SMA20
2025-08-11T16:03:09.982706,FAST,47.60,33.14,0.07,0.15,-21.93,-21.93,1,1,0,0,1,1,0,0,0,0,0,1,ADX>=thresh;MACD_cross_up;BB_breakout;RSI_overbought;Price>SMA20
2025-08-11T16:03:11.000398,FRT,92.43,49.14,0.14,0.15,-3.32,-3.32,1,1,0,0,0,1,0,0,0,0,0,1,ADX>=thresh;MACD_cross_up;RSI_overbought;Price>SMA20
2025-08-11T16:03:11.804294,FDX,224.49,67.48,0.56,0.25,-35.47,-35.47,1,1,0,0,1,1,0,0,0,0,0,1,ADX>=thresh;MACD_cross_up;BB_breakout;RSI_overbought;Price>SMA20
2025-08-11T16:03:15.719282,F,11.19,39.32,0.04,0.32,-35.96,-35.96,1,1,0,0,1,1,0,0,0,0,0,1,ADX>=thresh;MACD_cross_up;BB_breakout;RSI_overbought;Price>SMA20
2025-08-11T16:03:17.033545,FTV,46.77,43.67,0.09,0.19,-14.35,-14.35,1,1,0,0,0,1,0,0,0,0,0,1,ADX>=thresh;MACD_cross_up;RSI_overbought;Price>SMA20
2025-08-11T16:03:19.385259,BEN,25.24,43.28,0.04,0.14,-6.73,-6.73,1,1,0,0,1,1,0,0,0,0,0,1,ADX>=thresh;MACD_cross_up;BB_breakout;RSI_overbought;Price>SMA20
2025-08-11T16:03:22.822004,GEHC,73.18,30.72,0.14,0.19,-14.34,-14.34,1,1,0,0,1,1,0,0,0,0,0,1,ADX>=thresh;MACD_cross_up;BB_breakout;RSI_overbought;Price>SMA20
2025-08-11T16:03:24.105524,GEN,31.21,32.53,0.07,0.23,-31.56,-31.56,1,1,0,0,0,1,0,0,0,0,0,1,ADX>=thresh;MACD_cross_up;RSI_overbought;Price>SMA20
2025-08-11T16:03:26.934509,GM,54.12,27.36,0.09,0.17,-24.44,-24.44,1,1,0,0,1,1,0,0,0,0,0,1,ADX>=thresh;MACD_cross_up;BB_breakout;RSI_overbought;Price>SMA20
2025-08-11T16:03:29.609093,GPN,81.46,49.12,0.17,0.21,-38.79,-38.79,1,1,0,0,1,0,0,0,0,0,0,1,ADX>=thresh;MACD_cross_up;BB_breakout;Price>SMA20
2025-08-11T16:03:36.297360,HSY,175.47,35.09,0.42,0.24,-24.26,-24.26,1,1,0,0,1,0,0,0,0,0,0,1,ADX>=thresh;MACD_cross_up;BB_breakout;Price>SMA20
2025-08-11T16:03:39.026925,HOLX,67.95,48.47,0.08,0.11,-24.05,-24.05,1,1,0,0,1,1,0,0,0,0,0,1,ADX>=thresh;MACD_cross_up;BB_breakout;RSI_overbought;Price>SMA20
2025-08-11T16:03:39.856633,HD,386.39,47.22,0.58,0.15,-20.95,-20.95,1,1,0,0,0,1,0,0,0,0,0,1,ADX>=thresh;MACD_cross_up;RSI_overbought;Price>SMA20
2025-08-11T16:03:40.684585,HON,215.28,38.40,0.23,0.11,-13.80,-13.80,1,1,0,0,1,1,0,0,0,0,0,1,ADX>=thresh;MACD_cross_up;BB_breakout;RSI_overbought;Price>SMA20
2025-08-11T16:03:43.267157,HPQ,25.88,45.21,0.04,0.17,-37.68,-37.68,1,1,0,0,0,1,0,0,0,0,0,1,ADX>=thresh;MACD_cross_up;RSI_overbought;Price>SMA20
2025-08-11T16:03:44.596254,HUM,268.13,49.56,0.90,0.34,-50.26,-50.26,1,1,0,0,1,0,0,0,0,0,0,1,ADX>=thresh;MACD_cross_up;BB_breakout;Price>SMA20
2025-08-11T16:03:47.390535,IEX,157.97,25.71,0.27,0.17,-27.81,-27.81,1,1,0,0,1,0,0,0,0,0,0,1,ADX>=thresh;MACD_cross_up;BB_breakout;Price>SMA20
2025-08-11T16:03:48.289299,IDXX,653.86,45.70,1.48,0.23,-29.88,-29.88,1,1,0,0,0,1,0,0,0,0,0,1,ADX>=thresh;MACD_cross_up;RSI_overbought;Price>SMA20
2025-08-11T16:03:49.135372,ITW,257.54,27.47,0.34,0.13,-15.07,-15.07,1,1,0,0,1,1,0,0,0,0,0,1,ADX>=thresh;MACD_cross_up;BB_breakout;RSI_overbought;Price>SMA20
2025-08-11T16:03:50.424137,IR,76.47,27.87,0.14,0.19,20.60,20.60,1,1,0,0,1,1,0,0,0,0,0,1,ADX>=thresh;MACD_cross_up;BB_breakout;RSI_overbought;Price>SMA20
2025-08-11T16:03:52.065586,INTC,21.12,37.51,0.18,0.83,-18.17,-18.17,1,1,0,0,0,1,0,0,1,0,0,1,ADX>=thresh;MACD_cross_up;RSI_overbought;ATR>=pct;Price>SMA20
2025-08-11T16:03:54.122654,IP,47.15,36.39,0.11,0.23,-12.11,-12.11,1,1,0,0,1,1,0,0,0,0,0,1,ADX>=thresh;MACD_cross_up;BB_breakout;RSI_overbought;Price>SMA20
2025-08-11T16:03:55.004753,IPG,24.95,47.66,0.05,0.21,-20.76,-20.76,1,1,0,0,0,1,0,0,0,0,0,1,ADX>=thresh;MACD_cross_up;RSI_overbought;Price>SMA20
2025-08-11T16:03:57.395347,IVZ,20.66,44.07,0.04,0.19,-12.06,-12.06,1,1,0,0,0,1,0,0,0,0,0,1,ADX>=thresh;MACD_cross_up;RSI_overbought;Price>SMA20
2025-08-11T16:04:00.222184,JBHT,137.69,51.69,0.29,0.21,-13.46,-13.46,1,1,0,0,1,0,0,0,0,0,0,1,ADX>=thresh;MACD_cross_up;BB_breakout;Price>SMA20
2025-08-11T16:04:02.305478,J,148.50,23.66,0.15,0.10,-21.46,-21.46,1,1,0,0,1,0,0,0,0,0,0,1,ADX>=thresh;MACD_cross_up;BB_breakout;Price>SMA20
2025-08-11T16:04:06.847276,KDP,34.70,23.04,0.05,0.16,-6.42,-6.42,1,1,0,0,1,1,0,0,0,0,0,1,ADX>=thresh;MACD_cross_up;BB_breakout;RSI_overbought;Price>SMA20
2025-08-11T16:04:10.194293,KIM,21.00,25.12,0.03,0.16,-4.84,-4.84,1,1,0,0,0,1,0,0,0,0,0,1,ADX>=thresh;MACD_cross_up;RSI_overbought;Price>SMA20
2025-08-11T16:04:11.533239,KKR,142.29,37.31,0.21,0.15,-23.55,-23.55,1,1,0,0,1,0,0,0,0,0,0,1,ADX>=thresh;MACD_cross_up;BB_breakout;Price>SMA20
2025-08-11T16:04:13.085891,KHC,27.32,35.83,0.06,0.20,-15.37,-15.37,1,1,0,0,1,1,0,0,0,0,0,1,ADX>=thresh;MACD_cross_up;BB_breakout;RSI_overbought;Price>SMA20
2025-08-11T16:04:18.242371,LEN,120.02,49.87,0.31,0.26,-24.06,-24.06,1,1,0,0,0,1,0,0,0,0,0,1,ADX>=thresh;MACD_cross_up;RSI_overbought;Price>SMA20
2025-08-11T16:04:20.212930,LIN,467.56,48.91,0.55,0.12,-10.83,-10.83,1,1,0,0,1,0,0,0,0,0,0,1,ADX>=thresh;MACD_cross_up;BB_breakout;Price>SMA20
2025-08-11T16:04:23.367525,LOW,239.99,41.88,0.45,0.19,-18.75,-18.75,1,1,0,0,0,1,0,0,0,0,0,1,ADX>=thresh;MACD_cross_up;RSI_overbought;Price>SMA20
2025-08-11T16:04:24.147412,LULU,188.08,37.10,0.37,0.20,-32.61,-32.61,1,1,0,0,1,1,0,0,0,0,0,1,ADX>=thresh;MACD_cross_up;BB_breakout;RSI_overbought;Price>SMA20
2025-08-11T16:04:24.917716,LYB,48.30,41.43,0.15,0.30,-26.69,-26.69,1,1,0,0,1,1,0,0,0,0,0,1,ADX>=thresh;MACD_cross_up;BB_breakout;RSI_overbought;Price>SMA20
2025-08-11T16:04:27.274652,MKTX,190.18,38.19,0.58,0.31,-15.54,-15.54,1,1,0,0,1,1,0,0,0,0,0,1,ADX>=thresh;MACD_cross_up;BB_breakout;RSI_overbought;Price>SMA20
2025-08-11T16:04:32.018211,MTCH,35.35,53.19,0.08,0.23,2.66,2.66,1,1,0,0,1,1,0,0,0,0,0,1,ADX>=thresh;MACD_cross_up;BB_breakout;RSI_overbought;Price>SMA20
2025-08-11T16:04:32.824247,MKC,69.43,53.84,0.10,0.14,-23.02,-23.02,1,1,0,0,1,0,0,0,0,0,0,1,ADX>=thresh;MACD_cross_up;BB_breakout;Price>SMA20
2025-08-11T16:04:34.786865,MDT,92.91,45.45,0.12,0.12,-30.43,-30.43,1,1,0,0,1,1,0,0,0,0,0,1,ADX>=thresh;MACD_cross_up;BB_breakout;RSI_overbought;Price>SMA20
2025-08-11T16:04:35.705999,MRK,80.20,44.87,0.12,0.15,-38.53,-38.53,1,1,0,0,1,1,0,0,0,0,0,1,ADX>=thresh;MACD_cross_up;BB_breakout;RSI_overbought;Price>SMA20
2025-08-11T16:04:37.743179,MTD,1258.67,33.40,3.27,0.26,4.87,4.87,1,1,0,0,0,0,0,1,0,0,0,1,ADX>=thresh;MACD_cross_up;ATR>=abs;Price>SMA20
2025-08-11T16:04:38.615160,MGM,34.22,38.47,0.06,0.19,-18.30,-18.30,1,1,0,0,0,1,0,0,0,0,0,1,ADX>=thresh;MACD_cross_up;RSI_overbought;Price>SMA20
2025-08-11T16:04:40.636429,MSFT,526.32,37.02,0.74,0.14,-11.00,-11.00,1,1,0,0,0,1,0,0,0,0,0,1,ADX>=thresh;MACD_cross_up;RSI_overbought;Price>SMA20
2025-08-11T16:04:43.297545,MHK,119.67,35.64,0.17,0.14,-43.39,-43.39,1,1,0,0,0,1,0,0,0,0,0,1,ADX>=thresh;MACD_cross_up;RSI_overbought;Price>SMA20
2025-08-11T16:04:44.870367,TAP,50.44,33.91,0.12,0.23,-0.23,-0.23,1,1,0,0,0,1,0,0,0,0,0,1,ADX>=thresh;MACD_cross_up;RSI_overbought;Price>SMA20
2025-08-11T16:04:47.161301,MCO,514.91,44.41,0.65,0.13,-20.87,-20.87,1,1,0,0,1,0,0,0,0,0,0,1,ADX>=thresh;MACD_cross_up;BB_breakout;Price>SMA20
2025-08-11T16:04:47.998174,MS,143.75,25.56,0.21,0.14,-14.62,-14.62,1,1,0,0,1,1,0,0,0,0,0,1,ADX>=thresh;MACD_cross_up;BB_breakout;RSI_overbought;Price>SMA20
2025-08-11T16:04:51.433304,NFLX,1218.24,36.43,2.11,0.17,-25.43,-25.43,1,1,0,0,0,0,0,1,0,0,0,1,ADX>=thresh;MACD_cross_up;ATR>=abs;Price>SMA20
2025-08-11T16:04:54.214415,NEE,72.56,56.37,0.15,0.21,-4.69,-4.69,1,1,0,0,0,1,0,0,0,0,0,1,ADX>=thresh;MACD_cross_up;RSI_overbought;Price>SMA20
2025-08-11T16:04:54.951868,NKE,73.92,28.28,0.16,0.21,-6.58,-6.58,1,1,0,0,1,1,0,0,0,0,0,1,ADX>=thresh;MACD_cross_up;BB_breakout;RSI_overbought;Price>SMA20
2025-08-11T16:04:55.727323,NI,42.38,26.64,0.06,0.14,-26.54,-26.54,1,1,0,0,0,1,0,0,0,0,0,1,ADX>=thresh;MACD_cross_up;RSI_overbought;Price>SMA20
2025-08-11T16:05:01.026766,NUE,136.77,54.31,0.24,0.18,-11.20,-11.20,1,1,0,0,1,1,0,0,0,0,0,1,ADX>=thresh;MACD_cross_up;BB_breakout;RSI_overbought;Price>SMA20
2025-08-11T16:05:02.373478,NVR,7774.60,36.06,18.17,0.23,-31.58,-31.58,1,1,0,0,1,1,0,1,0,0,0,1,ADX>=thresh;MACD_cross_up;BB_breakout;RSI_overbought;ATR>=abs;Price>SMA20
2025-08-11T16:05:05.667818,OMC,72.88,43.84,0.16,0.21,-29.20,-29.20,1,1,0,0,0,1,0,0,0,0,0,1,ADX>=thresh;MACD_cross_up;RSI_overbought;Price>SMA20
2025-08-11T16:05:08.931890,PCAR,96.73,52.04,0.12,0.12,-21.21,-21.21,1,1,0,0,1,1,0,0,0,0,0,1,ADX>=thresh;MACD_cross_up;BB_breakout;RSI_overbought;Price>SMA20
2025-08-11T16:05:09.750289,PKG,195.93,50.37,0.16,0.08,-33.75,-33.75,1,1,0,0,1,1,0,0,0,0,0,1,ADX>=thresh;MACD_cross_up;BB_breakout;RSI_overbought;Price>SMA20
2025-08-11T16:05:11.429170,PARA,0.00,23.11,0.04,inf,16.08,16.08,1,1,0,0,0,1,0,0,1,0,0,0,ADX>=thresh;MACD_cross_up;RSI_overbought;ATR>=pct
2025-08-11T16:05:15.262887,PEP,144.32,34.49,0.17,0.11,-30.27,-30.27,1,1,0,0,0,1,0,0,0,0,0,1,ADX>=thresh;MACD_cross_up;RSI_overbought;Price>SMA20
2025-08-11T16:05:16.129383,PFE,24.72,50.39,0.04,0.16,-26.08,-26.08,1,1,0,0,1,1,0,0,0,0,0,1,ADX>=thresh;MACD_cross_up;BB_breakout;RSI_overbought;Price>SMA20
2025-08-11T16:05:16.888329,PCG,15.26,39.09,0.03,0.21,-24.57,-24.57,1,1,0,0,0,1,0,0,0,0,0,1,ADX>=thresh;MACD_cross_up;RSI_overbought;Price>SMA20
2025-08-11T16:05:19.245060,PNC,189.00,51.58,0.19,0.10,-17.12,-17.12,1,1,0,0,1,1,0,0,0,0,0,1,ADX>=thresh;MACD_cross_up;BB_breakout;RSI_overbought;Price>SMA20
2025-08-11T16:05:19.921955,POOL,305.77,33.88,0.66,0.22,8.07,8.07,1,1,0,0,0,1,0,0,0,0,0,1,ADX>=thresh;MACD_cross_up;RSI_overbought;Price>SMA20
2025-08-11T16:05:23.328086,PG,154.58,23.75,0.18,0.12,-26.33,-26.33,1,1,0,0,0,1,0,0,0,0,0,1,ADX>=thresh;MACD_cross_up;RSI_overbought;Price>SMA20
2025-08-11T16:05:24.754789,PLD,104.98,43.59,0.19,0.18,0.39,0.39,1,1,0,0,0,1,0,0,0,0,0,1,ADX>=thresh;MACD_cross_up;RSI_overbought;Price>SMA20
2025-08-11T16:05:29.581868,PSA,280.98,30.34,0.38,0.13,-14.03,-14.03,1,1,0,0,0,1,0,0,0,0,0,1,ADX>=thresh;MACD_cross_up;RSI_overbought;Price>SMA20
2025-08-11T16:05:30.172606,PHM,119.78,49.83,0.29,0.24,-28.80,-28.80,1,1,0,0,0,1,0,0,0,0,0,1,ADX>=thresh;MACD_cross_up;RSI_overbought;Price>SMA20
2025-08-11T16:05:31.074867,PWR,383.87,40.72,0.84,0.22,-30.54,-30.54,1,1,0,0,0,1,0,0,0,0,0,1,ADX>=thresh;MACD_cross_up;RSI_overbought;Price>SMA20
2025-08-11T16:05:34.613906,O,57.73,24.39,0.07,0.12,-34.53,-34.53,1,1,0,0,0,1,0,0,0,0,0,1,ADX>=thresh;MACD_cross_up;RSI_overbought;Price>SMA20
2025-08-11T16:05:37.737142,RMD,285.77,31.52,0.46,0.16,-23.47,-23.47,1,1,0,0,0,1,0,0,0,0,0,1,ADX>=thresh;MACD_cross_up;RSI_overbought;Price>SMA20
2025-08-11T16:05:41.282839,ROST,147.60,68.73,0.24,0.16,-31.88,-31.88,1,1,0,0,0,1,0,0,0,0,0,1,ADX>=thresh;MACD_cross_up;RSI_overbought;Price>SMA20
2025-08-11T16:05:42.421217,SPGI,558.44,24.29,0.77,0.14,-26.66,-26.66,1,1,0,0,1,0,0,0,0,0,0,1,ADX>=thresh;MACD_cross_up;BB_breakout;Price>SMA20
2025-08-11T16:05:45.361990,SRE,81.45,38.21,0.11,0.14,-26.05,-26.05,1,1,0,0,0,1,0,0,0,0,0,1,ADX>=thresh;MACD_cross_up;RSI_overbought;Price>SMA20
2025-08-11T16:05:47.294893,SPG,164.78,36.32,0.22,0.13,-11.16,-11.16,1,1,0,0,0,1,0,0,0,0,0,1,ADX>=thresh;MACD_cross_up;RSI_overbought;Price>SMA20
2025-08-11T16:05:48.083311,SWKS,71.36,28.59,0.17,0.24,-30.93,-30.93,1,1,0,0,0,1,0,0,0,0,0,1,ADX>=thresh;MACD_cross_up;RSI_overbought;Price>SMA20
2025-08-11T16:05:49.311952,SW,43.37,36.52,0.08,0.19,2.76,2.76,1,1,0,0,1,1,0,0,0,0,0,1,ADX>=thresh;MACD_cross_up;BB_breakout;RSI_overbought;Price>SMA20
2025-08-11T16:05:54.308855,STLD,121.02,63.80,0.23,0.19,-1.96,-1.96,1,1,0,0,1,1,0,0,0,0,0,1,ADX>=thresh;MACD_cross_up;BB_breakout;RSI_overbought;Price>SMA20
2025-08-11T16:05:55.468290,SYK,376.85,35.61,0.42,0.11,-10.64,-10.64,1,1,0,0,0,1,0,0,0,0,0,1,ADX>=thresh;MACD_cross_up;RSI_overbought;Price>SMA20
2025-08-11T16:05:58.091885,SYY,79.69,30.91,0.10,0.12,-29.48,-29.48,1,1,0,0,0,1,0,0,0,0,0,1,ADX>=thresh;MACD_cross_up;RSI_overbought;Price>SMA20
2025-08-11T16:05:59.555017,TROW,105.33,50.36,0.12,0.12,-6.01,-6.01,1,1,0,0,0,1,0,0,0,0,0,1,ADX>=thresh;MACD_cross_up;RSI_overbought;Price>SMA20
2025-08-11T16:06:04.442746,TGT,104.60,31.40,0.20,0.19,-19.55,-19.55,1,1,0,0,1,1,0,0,0,0,0,1,ADX>=thresh;MACD_cross_up;BB_breakout;RSI_overbought;Price>SMA20
2025-08-11T16:06:10.284226,TPL,868.02,32.80,3.60,0.42,-2.90,-2.90,1,1,0,0,0,0,0,1,0,0,0,1,ADX>=thresh;MACD_cross_up;ATR>=abs;Price>SMA20
2025-08-11T16:06:12.173753,TJX,132.26,34.03,0.16,0.12,-24.30,-24.30,1,1,0,0,0,1,0,0,0,0,0,1,ADX>=thresh;MACD_cross_up;RSI_overbought;Price>SMA20
2025-08-11T16:06:13.400573,TSCO,59.31,24.35,0.09,0.15,-25.18,-25.18,1,1,0,0,0,1,0,0,0,0,0,1,ADX>=thresh;MACD_cross_up;RSI_overbought;Price>SMA20
2025-08-11T16:06:14.484773,TDG,1411.48,20.74,3.20,0.23,-18.03,-18.03,1,1,0,0,1,0,0,1,0,0,0,1,ADX>=thresh;MACD_cross_up;BB_breakout;ATR>=abs;Price>SMA20
2025-08-11T16:06:21.337672,UNP,219.75,36.98,0.29,0.13,-25.84,-25.84,1,1,0,0,1,1,0,0,0,0,0,1,ADX>=thresh;MACD_cross_up;BB_breakout;RSI_overbought;Price>SMA20
2025-08-11T16:06:23.066030,UPS,86.66,50.86,0.17,0.20,-20.39,-20.39,1,1,0,0,0,1,0,0,0,0,0,1,ADX>=thresh;MACD_cross_up;RSI_overbought;Price>SMA20
2025-08-11T16:06:25.677473,VLO,131.91,41.69,0.29,0.22,-8.42,-8.42,1,1,0,0,1,1,0,0,0,0,0,1,ADX>=thresh;MACD_cross_up;BB_breakout;RSI_overbought;Price>SMA20
2025-08-11T16:06:38.444281,WMT,103.50,29.50,0.14,0.13,-27.49,-27.49,1,1,0,0,1,1,0,0,0,0,0,1,ADX>=thresh;MACD_cross_up;BB_breakout;RSI_overbought;Price>SMA20
2025-08-11T16:06:43.406861,WST,240.71,38.50,0.39,0.16,-29.65,-29.65,1,1,0,0,1,0,0,0,0,0,0,1,ADX>=thresh;MACD_cross_up;BB_breakout;Price>SMA20
2025-08-11T16:06:45.243743,WY,25.30,54.06,0.04,0.17,-10.84,-10.84,1,1,0,0,0,1,0,0,0,0,0,1,ADX>=thresh;MACD_cross_up;RSI_overbought;Price>SMA20
2025-08-11T16:06:46.038508,WSM,199.53,44.79,0.32,0.16,-23.22,-23.22,1,1,0,0,0,1,0,0,0,0,0,1,ADX>=thresh;MACD_cross_up;RSI_overbought;Price>SMA20
2025-08-11T16:06:48.585887,WYNN,107.87,27.22,0.17,0.16,-37.66,-37.66,1,1,0,0,1,1,0,0,0,0,0,1,ADX>=thresh;MACD_cross_up;BB_breakout;RSI_overbought;Price>SMA20
2025-08-11T16:06:53.131613,ZBRA,315.45,27.76,0.54,0.17,-15.44,-15.44,1,1,0,0,1,1,0,0,0,0,0,1,ADX>=thresh;MACD_cross_up;BB_breakout;RSI_overbought;Price>SMA20
2025-08-11T16:06:54.267024,ZTS,148.24,43.43,0.21,0.14,-25.80,-25.80,1,1,0,0,1,1,0,0,0,0,0,1,ADX>=thresh;MACD_cross_up;BB_breakout;RSI_overbought;Price>SMA20
2025-08-11T16:07:00.065399,MMM,154.24,23.49,0.21,0.14,-30.64,-30.64,1,1,0,0,0,1,0,0,0,0,0,1,ADX>=thresh;MACD_cross_up;RSI_overbought;Price>SMA20
2025-08-11T16:07:00.805957,AOS,70.14,36.15,0.08,0.12,-28.31,-28.31,1,1,0,0,1,0,0,0,0,0,0,1,ADX>=thresh;MACD_cross_up;BB_breakout;Price>SMA20
2025-08-11T16:07:01.551061,ABT,132.16,39.77,0.27,0.21,-2.02,-2.02,1,1,0,0,1,1,0,0,0,0,0,1,ADX>=thresh;MACD_cross_up;BB_breakout;RSI_overbought;Price>SMA20
2025-08-11T16:07:04.715214,AES,12.88,45.81,0.03,0.23,-7.16,-7.16,1,1,0,0,0,1,0,0,0,0,0,1,ADX>=thresh;MACD_cross_up;RSI_overbought;Price>SMA20
2025-08-11T16:07:07.424660,APD,285.45,34.44,0.44,0.15,-43.47,-43.47,1,1,0,0,0,1,0,0,0,0,0,1,ADX>=thresh;MACD_cross_up;RSI_overbought;Price>SMA20
2025-08-11T16:07:08.186179,ABNB,119.59,42.62,0.25,0.21,-6.12,-6.12,1,1,0,0,1,1,0,0,0,0,0,1,ADX>=thresh;MACD_cross_up;BB_breakout;RSI_overbought;Price>SMA20
2025-08-11T16:07:08.910135,AKAM,71.62,29.68,0.19,0.27,-31.70,-31.70,1,1,0,0,1,0,0,0,0,0,0,1,ADX>=thresh;MACD_cross_up;BB_breakout;Price>SMA20
2025-08-11T16:07:09.703687,ALB,83.11,22.02,0.42,0.50,-9.82,-9.82,1,1,0,0,1,1,0,0,1,0,0,1,ADX>=thresh;MACD_cross_up;BB_breakout;RSI_overbought;ATR>=pct;Price>SMA20
2025-08-11T16:07:15.234580,MO,65.28,29.05,0.11,0.16,-11.96,-11.96,1,1,0,0,0,1,0,0,0,0,0,1,ADX>=thresh;MACD_cross_up;RSI_overbought;Price>SMA20
2025-08-11T16:07:16.720001,AMCR,9.69,58.77,0.02,0.18,-7.55,-7.55,1,1,0,0,0,1,0,0,0,0,0,1,ADX>=thresh;MACD_cross_up;RSI_overbought;Price>SMA20
2025-08-11T16:07:21.500423,AME,182.68,40.44,0.18,0.10,3.25,3.25,1,1,0,0,0,1,0,0,0,0,0,1,ADX>=thresh;MACD_cross_up;RSI_overbought;Price>SMA20
2025-08-11T16:07:25.498852,APO,142.82,33.40,0.25,0.17,-27.02,-27.02,1,1,0,0,1,1,0,0,0,0,0,1,ADX>=thresh;MACD_cross_up;BB_breakout;RSI_overbought;Price>SMA20
2025-08-11T16:07:26.213885,AAPL,229.38,30.58,0.52,0.23,-16.25,-16.25,1,1,0,0,1,1,0,0,0,0,0,1,ADX>=thresh;MACD_cross_up;BB_breakout;RSI_overbought;Price>SMA20
2025-08-11T16:07:35.419024,AVY,170.46,25.23,0.32,0.19,-9.78,-9.78,1,1,0,0,1,1,0,0,0,0,0,1,ADX>=thresh;MACD_cross_up;BB_breakout;RSI_overbought;Price>SMA20
2025-08-11T16:07:37.612926,BALL,53.88,51.09,0.08,0.14,-24.63,-24.63,1,1,0,0,1,1,0,0,0,0,0,1,ADX>=thresh;MACD_cross_up;BB_breakout;RSI_overbought;Price>SMA20
2025-08-11T16:07:38.952284,BAX,23.61,48.88,0.08,0.33,9.66,9.66,1,1,0,0,1,1,0,0,0,0,0,1,ADX>=thresh;MACD_cross_up;BB_breakout;RSI_overbought;Price>SMA20
2025-08-11T16:07:39.811084,BDX,192.59,45.00,0.30,0.16,-5.76,-5.76,1,1,0,0,0,1,0,0,0,0,0,1,ADX>=thresh;MACD_cross_up;RSI_overbought;Price>SMA20
2025-08-11T16:07:41.399697,BBY,68.32,46.85,0.14,0.20,-9.43,-9.43,1,1,0,0,0,1,0,0,0,0,0,1,ADX>=thresh;MACD_cross_up;RSI_overbought;Price>SMA20
2025-08-11T16:07:42.725673,BIIB,129.82,41.72,0.30,0.23,-15.73,-15.73,1,1,0,0,1,1,0,0,0,0,0,1,ADX>=thresh;MACD_cross_up;BB_breakout;RSI_overbought;Price>SMA20
2025-08-11T16:07:45.578322,BK,103.41,29.06,0.12,0.12,-27.43,-27.43,1,1,0,0,1,1,0,0,0,0,0,1,ADX>=thresh;MACD_cross_up;BB_breakout;RSI_overbought;Price>SMA20
2025-08-11T16:07:48.089274,BMY,46.06,21.19,0.07,0.14,-26.99,-26.99,1,1,0,0,1,1,0,0,0,0,0,1,ADX>=thresh;MACD_cross_up;BB_breakout;RSI_overbought;Price>SMA20
2025-08-11T16:07:50.425643,BRO,94.22,31.68,0.15,0.16,-14.12,-14.12,1,1,0,0,1,1,0,0,0,0,0,1,ADX>=thresh;MACD_cross_up;BB_breakout;RSI_overbought;Price>SMA20
2025-08-11T16:07:51.074185,BF-B,0.00,27.37,0.07,inf,-17.21,-17.21,1,1,0,0,0,1,0,0,1,0,0,0,ADX>=thresh;MACD_cross_up;RSI_overbought;ATR>=pct
2025-08-11T16:07:52.586900,BG,83.26,26.02,0.14,0.17,-24.56,-24.56,1,1,0,0,1,1,0,0,0,0,0,1,ADX>=thresh;MACD_cross_up;BB_breakout;RSI_overbought;Price>SMA20
2025-08-11T16:07:53.336919,BXP,63.33,21.86,0.16,0.26,-5.99,-5.99,1,1,0,0,0,1,0,0,0,0,0,1,ADX>=thresh;MACD_cross_up;RSI_overbought;Price>SMA20
2025-08-11T16:07:54.518960,CDNS,350.42,71.13,0.59,0.17,-16.45,-16.45,1,1,0,0,1,1,0,0,0,0,0,1,ADX>=thresh;MACD_cross_up;BB_breakout;RSI_overbought;Price>SMA20
2025-08-11T16:07:55.292909,CZR,24.21,33.65,0.07,0.29,-24.24,-24.24,1,1,0,0,0,1,0,0,0,0,0,1,ADX>=thresh;MACD_cross_up;RSI_overbought;Price>SMA20
2025-08-11T16:07:56.044864,CPT,104.71,27.71,0.15,0.14,-17.89,-17.89,1,1,0,0,1,1,0,0,0,0,0,1,ADX>=thresh;MACD_cross_up;BB_breakout;RSI_overbought;Price>SMA20
2025-08-11T16:07:56.730360,CPB,32.12,39.48,0.06,0.17,-13.83,-13.83,1,1,0,0,0,1,0,0,0,0,0,1,ADX>=thresh;MACD_cross_up;RSI_overbought;Price>SMA20
2025-08-11T16:07:57.929657,CAH,159.29,45.71,0.29,0.18,-5.74,-5.74,1,1,0,0,1,1,0,0,0,0,0,1,ADX>=thresh;MACD_cross_up;BB_breakout;RSI_overbought;Price>SMA20
2025-08-11T16:07:58.636406,KMX,55.90,25.37,0.13,0.24,8.18,8.18,1,1,0,0,0,1,0,0,0,0,0,1,ADX>=thresh;MACD_cross_up;RSI_overbought;Price>SMA20
2025-08-11T16:08:01.973665,CBRE,155.52,47.22,0.19,0.12,-8.18,-8.18,1,1,0,0,1,1,0,0,0,0,0,1,ADX>=thresh;MACD_cross_up;BB_breakout;RSI_overbought;Price>SMA20
2025-08-11T16:08:03.878382,CNC,25.57,27.84,0.07,0.29,-33.86,-33.86,1,1,0,0,1,0,0,0,0,0,0,1,ADX>=thresh;MACD_cross_up;BB_breakout;Price>SMA20
2025-08-11T16:08:07.511883,CMG,42.02,48.14,0.10,0.23,-20.67,-20.67,1,1,0,0,1,1,0,0,0,0,0,1,ADX>=thresh;MACD_cross_up;BB_breakout;RSI_overbought;Price>SMA20
2025-08-11T16:08:08.968720,CHD,91.36,28.54,0.14,0.15,-14.03,-14.03,1,1,0,0,1,0,0,0,0,0,0,1,ADX>=thresh;MACD_cross_up;BB_breakout;Price>SMA20
2025-08-11T16:08:11.097698,CTAS,223.95,29.59,0.20,0.09,-45.99,-45.99,1,1,0,0,1,0,0,0,0,0,0,1,ADX>=thresh;MACD_cross_up;BB_breakout;Price>SMA20
2025-08-11T16:08:13.314383,CFG,47.17,30.70,0.06,0.13,-24.23,-24.23,1,1,0,0,1,1,0,0,0,0,0,1,ADX>=thresh;MACD_cross_up;BB_breakout;RSI_overbought;Price>SMA20
2025-08-11T16:08:16.063993,KO,70.41,32.21,0.07,0.10,-16.67,-16.67,1,1,0,0,0,1,0,0,0,0,0,1,ADX>=thresh;MACD_cross_up;RSI_overbought;Price>SMA20
2025-08-11T16:08:16.837822,CTSH,69.59,34.52,0.10,0.14,-32.43,-32.43,1,1,0,0,1,1,0,0,0,0,0,1,ADX>=thresh;MACD_cross_up;BB_breakout;RSI_overbought;Price>SMA20
2025-08-11T16:08:17.548358,COIN,332.38,28.42,1.97,0.59,-16.24,-16.24,1,1,0,0,1,0,0,0,1,0,0,1,ADX>=thresh;MACD_cross_up;BB_breakout;ATR>=pct;Price>SMA20
2025-08-11T16:08:22.078620,STZ,168.88,41.99,0.32,0.19,-42.88,-42.88,1,1,0,0,0,1,0,0,0,0,0,1,ADX>=thresh;MACD_cross_up;RSI_overbought;Price>SMA20
2025-08-11T16:08:23.895108,CPRT,46.76,33.86,0.09,0.18,-31.61,-31.61,1,1,0,0,1,0,0,0,0,0,0,1,ADX>=thresh;MACD_cross_up;BB_breakout;Price>SMA20
2025-08-11T16:08:24.699471,GLW,65.46,22.75,0.08,0.13,-25.81,-25.81,1,1,0,0,1,0,0,0,0,0,0,1,ADX>=thresh;MACD_cross_up;BB_breakout;Price>SMA20
2025-08-11T16:08:26.650387,CSGP,94.45,60.92,0.13,0.14,-12.77,-12.77,1,1,0,0,0,1,0,0,0,0,0,1,ADX>=thresh;MACD_cross_up;RSI_overbought;Price>SMA20
2025-08-11T16:08:27.415231,COST,988.36,39.86,1.21,0.12,-19.52,-19.52,1,1,0,0,1,1,0,0,0,0,0,1,ADX>=thresh;MACD_cross_up;BB_breakout;RSI_overbought;Price>SMA20
2025-08-11T16:08:29.692191,CSX,35.05,51.41,0.06,0.17,-15.11,-15.11,1,1,0,0,1,0,0,0,0,0,0,1,ADX>=thresh;MACD_cross_up;BB_breakout;Price>SMA20
2025-08-11T16:08:31.244842,CVS,65.23,70.16,0.13,0.19,-30.84,-30.84,1,1,0,0,1,0,0,0,0,0,0,1,ADX>=thresh;MACD_cross_up;BB_breakout;Price>SMA20
2025-08-11T16:08:32.029882,DHR,200.58,24.53,0.27,0.13,-12.08,-12.08,1,1,0,0,0,1,0,0,0,0,0,1,ADX>=thresh;MACD_cross_up;RSI_overbought;Price>SMA20
2025-08-11T16:08:32.792983,DRI,201.17,22.77,0.27,0.13,-21.08,-21.08,1,1,0,0,1,0,0,0,0,0,0,1,ADX>=thresh;MACD_cross_up;BB_breakout;Price>SMA20
2025-08-11T16:08:33.495182,DVA,129.23,22.39,0.17,0.13,-31.66,-31.66,1,1,0,0,1,0,0,0,0,0,0,1,ADX>=thresh;MACD_cross_up;BB_breakout;Price>SMA20
2025-08-11T16:08:34.745279,DECK,100.63,29.11,0.20,0.20,-0.10,-0.10,1,1,0,0,0,1,0,0,0,0,0,1,ADX>=thresh;MACD_cross_up;RSI_overbought;Price>SMA20
2025-08-11T16:08:37.048569,DAL,53.79,39.84,0.10,0.18,-23.63,-23.63,1,1,0,0,1,1,0,0,0,0,0,1,ADX>=thresh;MACD_cross_up;BB_breakout;RSI_overbought;Price>SMA20
2025-08-11T16:08:39.895319,DLR,169.53,29.52,0.23,0.14,-10.04,-10.04,1,1,0,0,1,0,0,0,0,0,0,1,ADX>=thresh;MACD_cross_up;BB_breakout;Price>SMA20
2025-08-11T16:08:44.394544,DOV,174.99,38.77,0.24,0.14,-23.48,-23.48,1,1,0,0,0,1,0,0,0,0,0,1,ADX>=thresh;MACD_cross_up;RSI_overbought;Price>SMA20
2025-08-11T16:08:45.111693,DOW,20.66,59.35,0.06,0.31,-31.39,-31.39,1,1,0,0,1,1,0,0,0,0,0,1,ADX>=thresh;MACD_cross_up;BB_breakout;RSI_overbought;Price>SMA20
2025-08-11T16:08:46.427877,DHI,154.64,35.42,0.36,0.23,-15.70,-15.70,1,1,0,0,0,1,0,0,0,0,0,1,ADX>=thresh;MACD_cross_up;RSI_overbought;Price>SMA20
2025-08-11T16:08:48.272106,DD,69.97,22.62,0.11,0.16,-22.94,-22.94,1,1,0,0,0,1,0,0,0,0,0,1,ADX>=thresh;MACD_cross_up;RSI_overbought;Price>SMA20
2025-08-11T16:08:49.060536,EMN,61.39,36.31,0.14,0.23,-18.75,-18.75,1,1,0,0,1,1,0,0,0,0,0,1,ADX>=thresh;MACD_cross_up;BB_breakout;RSI_overbought;Price>SMA20
2025-08-11T16:08:50.634606,EBAY,94.67,21.97,0.17,0.18,-10.07,-10.07,1,1,0,0,0,1,0,0,0,0,0,1,ADX>=thresh;MACD_cross_up;RSI_overbought;Price>SMA20
2025-08-11T16:08:51.414614,ECL,273.13,24.79,0.25,0.09,-29.92,-29.92,1,1,0,0,1,1,0,0,0,0,0,1,ADX>=thresh;MACD_cross_up;BB_breakout;RSI_overbought;Price>SMA20
2025-08-11T16:08:52.673092,EW,78.08,22.28,0.13,0.16,10.47,10.47,1,1,0,0,0,1,0,0,0,0,0,1,ADX>=thresh;MACD_cross_up;RSI_overbought;Price>SMA20
2025-08-11T16:08:54.874578,EMR,132.82,25.90,0.19,0.14,-1.13,-1.13,1,1,0,0,1,1,0,0,0,0,0,1,ADX>=thresh;MACD_cross_up;BB_breakout;RSI_overbought;Price>SMA20
2025-08-11T16:08:55.811830,ENPH,33.16,20.34,0.15,0.44,-17.07,-17.07,1,1,0,0,1,1,0,0,0,0,0,1,ADX>=thresh;MACD_cross_up;BB_breakout;RSI_overbought;Price>SMA20
2025-08-11T16:08:57.393019,EOG,116.35,30.33,0.26,0.23,-17.25,-17.25,1,1,0,0,0,1,0,0,0,0,0,1,ADX>=thresh;MACD_cross_up;RSI_overbought;Price>SMA20
2025-08-11T16:08:59.384218,EFX,236.93,44.73,1.02,0.43,15.89,15.89,1,1,0,0,1,1,0,0,0,0,0,1,ADX>=thresh;MACD_cross_up;BB_breakout;RSI_overbought;Price>SMA20
2025-08-11T16:09:01.826267,EQR,62.54,29.97,0.10,0.16,-12.14,-12.14,1,1,0,0,1,1,0,0,0,0,0,1,ADX>=thresh;MACD_cross_up;BB_breakout;RSI_overbought;Price>SMA20
2025-08-11T16:09:11.411000,FICO,1323.00,24.92,3.47,0.26,-19.74,-19.74,1,1,0,0,1,1,0,1,0,0,0,1,ADX>=thresh;MACD_cross_up;BB_breakout;RSI_overbought;ATR>=abs;Price>SMA20
2025-08-11T16:09:12.131281,FAST,47.65,34.76,0.08,0.16,-11.63,-11.63,1,1,0,0,1,1,0,0,0,0,0,1,ADX>=thresh;MACD_cross_up;BB_breakout;RSI_overbought;Price>SMA20
2025-08-11T16:09:12.876310,FRT,92.57,53.63,0.14,0.15,1.30,1.30,1,1,0,0,0,1,0,0,0,0,0,1,ADX>=thresh;MACD_cross_up;RSI_overbought;Price>SMA20
2025-08-11T16:09:15.659261,FITB,41.46,33.88,0.05,0.12,-20.29,-20.29,1,1,0,0,1,1,0,0,0,0,0,1,ADX>=thresh;MACD_cross_up;BB_breakout;RSI_overbought;Price>SMA20
2025-08-11T16:09:18.323207,F,11.21,35.75,0.04,0.31,-38.28,-38.28,1,1,0,0,1,1,0,0,0,0,0,1,ADX>=thresh;MACD_cross_up;BB_breakout;RSI_overbought;Price>SMA20
2025-08-11T16:09:19.806776,FTV,46.82,42.94,0.09,0.20,-15.47,-15.47,1,1,0,0,1,1,0,0,0,0,0,1,ADX>=thresh;MACD_cross_up;BB_breakout;RSI_overbought;Price>SMA20
2025-08-11T16:09:22.867431,BEN,25.28,44.95,0.04,0.15,3.45,3.45,1,1,0,0,1,1,0,0,0,0,0,1,ADX>=thresh;MACD_cross_up;BB_breakout;RSI_overbought;Price>SMA20
2025-08-11T16:09:23.500305,FCX,41.68,34.82,0.08,0.19,-11.50,-11.50,1,1,0,0,1,1,0,0,0,0,0,1,ADX>=thresh;MACD_cross_up;BB_breakout;RSI_overbought;Price>SMA20
2025-08-11T16:09:24.218963,GRMN,230.07,50.06,0.30,0.13,-31.25,-31.25,1,1,0,0,1,1,0,0,0,0,0,1,ADX>=thresh;MACD_cross_up;BB_breakout;RSI_overbought;Price>SMA20
2025-08-11T16:09:26.023555,GEHC,73.30,35.18,0.15,0.20,-18.26,-18.26,1,1,0,0,1,1,0,0,0,0,0,1,ADX>=thresh;MACD_cross_up;BB_breakout;RSI_overbought;Price>SMA20
2025-08-11T16:09:27.561161,GEN,31.22,34.28,0.08,0.24,-10.89,-10.89,1,1,0,0,0,1,0,0,0,0,0,1,ADX>=thresh;MACD_cross_up;RSI_overbought;Price>SMA20
2025-08-11T16:09:28.279592,GNRC,196.20,26.40,0.27,0.14,-25.06,-25.06,1,1,0,0,1,1,0,0,0,0,0,1,ADX>=thresh;MACD_cross_up;BB_breakout;RSI_overbought;Price>SMA20
2025-08-11T16:09:30.452941,GM,54.10,25.12,0.10,0.18,-15.20,-15.20,1,1,0,0,0,1,0,0,0,0,0,1,ADX>=thresh;MACD_cross_up;RSI_overbought;Price>SMA20
2025-08-11T16:09:31.596871,GILD,119.07,35.32,0.26,0.21,4.05,4.05,1,1,0,0,1,1,0,0,0,0,0,1,ADX>=thresh;MACD_cross_up;BB_breakout;RSI_overbought;Price>SMA20
2025-08-11T16:09:32.298888,GPN,81.52,48.48,0.16,0.19,-35.49,-35.49,1,1,0,0,1,0,0,0,0,0,0,1,ADX>=thresh;MACD_cross_up;BB_breakout;Price>SMA20
2025-08-11T16:09:34.316210,GS,720.65,36.22,0.92,0.13,-21.37,-21.37,1,1,0,0,1,1,0,0,0,0,0,1,ADX>=thresh;MACD_cross_up;BB_breakout;RSI_overbought;Price>SMA20
2025-08-11T16:09:37.432393,DOC,16.98,26.21,0.03,0.19,-8.95,-8.95,1,1,0,0,1,1,0,0,0,0,0,1,ADX>=thresh;MACD_cross_up;BB_breakout;RSI_overbought;Price>SMA20
2025-08-11T16:09:38.101224,HSIC,66.61,28.62,0.15,0.23,11.46,11.46,1,1,0,0,0,1,0,0,0,0,0,1,ADX>=thresh;MACD_cross_up;RSI_overbought;Price>SMA20
2025-08-11T16:09:39.959267,HPE,20.75,59.18,0.04,0.20,-5.34,-5.34,1,1,0,0,1,1,0,0,0,0,0,1,ADX>=thresh;MACD_cross_up;BB_breakout;RSI_overbought;Price>SMA20
2025-08-11T16:09:41.373750,HOLX,67.95,46.78,0.08,0.11,-13.19,-13.19,1,1,0,0,1,1,0,0,0,0,0,1,ADX>=thresh;MACD_cross_up;BB_breakout;RSI_overbought;Price>SMA20
2025-08-11T16:09:42.085066,HD,386.98,45.27,0.60,0.15,-10.14,-10.14,1,1,0,0,1,1,0,0,0,0,0,1,ADX>=thresh;MACD_cross_up;BB_breakout;RSI_overbought;Price>SMA20
2025-08-11T16:09:42.793445,HON,215.34,36.69,0.23,0.11,-2.18,-2.18,1,1,0,0,0,1,0,0,0,0,0,1,ADX>=thresh;MACD_cross_up;RSI_overbought;Price>SMA20
2025-08-11T16:09:44.231942,HST,15.31,36.30,0.03,0.19,1.61,1.61,1,1,0,0,1,1,0,0,0,0,0,1,ADX>=thresh;MACD_cross_up;BB_breakout;RSI_overbought;Price>SMA20
2025-08-11T16:09:45.465752,HPQ,25.91,44.37,0.05,0.18,-34.97,-34.97,1,1,0,0,1,1,0,0,0,0,0,1,ADX>=thresh;MACD_cross_up;BB_breakout;RSI_overbought;Price>SMA20
2025-08-11T16:09:46.179182,HUBB,420.57,22.12,0.52,0.12,-3.97,-3.97,1,1,0,0,1,1,0,0,0,0,0,1,ADX>=thresh;MACD_cross_up;BB_breakout;RSI_overbought;Price>SMA20
2025-08-11T16:09:47.510246,HBAN,16.09,31.46,0.03,0.17,-19.76,-19.76,1,1,0,0,0,1,0,0,0,0,0,1,ADX>=thresh;MACD_cross_up;RSI_overbought;Price>SMA20
2025-08-11T16:09:49.333303,IEX,158.25,24.79,0.27,0.17,-20.57,-20.57,1,1,0,0,1,1,0,0,0,0,0,1,ADX>=thresh;MACD_cross_up;BB_breakout;RSI_overbought;Price>SMA20
2025-08-11T16:09:50.039954,IDXX,654.46,43.42,1.34,0.20,-37.34,-37.34,1,1,0,0,0,1,0,0,0,0,0,1,ADX>=thresh;MACD_cross_up;RSI_overbought;Price>SMA20
2025-08-11T16:09:50.666059,ITW,257.69,30.77,0.35,0.14,-17.67,-17.67,1,1,0,0,1,1,0,0,0,0,0,1,ADX>=thresh;MACD_cross_up;BB_breakout;RSI_overbought;Price>SMA20
2025-08-11T16:09:51.821270,IR,76.61,31.36,0.15,0.20,32.37,32.37,1,1,0,0,1,1,0,0,0,0,0,1,ADX>=thresh;MACD_cross_up;BB_breakout;RSI_overbought;Price>SMA20
2025-08-11T16:09:53.268225,INTC,21.19,39.45,0.17,0.82,-24.96,-24.96,1,1,0,0,1,1,0,0,1,0,0,1,ADX>=thresh;MACD_cross_up;BB_breakout;RSI_overbought;ATR>=pct;Price>SMA20
2025-08-11T16:09:55.203621,IP,47.20,35.18,0.11,0.23,-17.20,-17.20,1,1,0,0,1,1,0,0,0,0,0,1,ADX>=thresh;MACD_cross_up;BB_breakout;RSI_overbought;Price>SMA20
2025-08-11T16:09:55.981129,IPG,24.98,46.23,0.05,0.21,-18.60,-18.60,1,1,0,0,0,1,0,0,0,0,0,1,ADX>=thresh;MACD_cross_up;RSI_overbought;Price>SMA20
2025-08-11T16:09:58.027973,IVZ,20.71,43.46,0.04,0.20,-7.00,-7.00,1,1,0,0,1,1,0,0,0,0,0,1,ADX>=thresh;MACD_cross_up;BB_breakout;RSI_overbought;Price>SMA20
2025-08-11T16:09:58.716386,INVH,29.95,23.08,0.04,0.14,-14.66,-14.66,1,1,0,0,1,0,0,0,0,0,0,1,ADX>=thresh;MACD_cross_up;BB_breakout;Price>SMA20
2025-08-11T16:09:59.557649,IQV,180.30,25.78,0.37,0.21,-35.47,-35.47,1,1,0,0,1,1,0,0,0,0,0,1,ADX>=thresh;MACD_cross_up;BB_breakout;RSI_overbought;Price>SMA20
2025-08-11T16:10:02.450138,J,148.59,21.96,0.15,0.10,-18.07,-18.07,1,1,0,0,1,1,0,0,0,0,0,1,ADX>=thresh;MACD_cross_up;BB_breakout;RSI_overbought;Price>SMA20
2025-08-11T16:10:03.162275,JNJ,173.97,24.61,0.19,0.11,-28.78,-28.78,1,1,0,0,1,1,0,0,0,0,0,1,ADX>=thresh;MACD_cross_up;BB_breakout;RSI_overbought;Price>SMA20
2025-08-11T16:10:04.479906,JPM,290.95,21.15,0.36,0.12,-17.78,-17.78,1,1,0,0,1,1,0,0,0,0,0,1,ADX>=thresh;MACD_cross_up;BB_breakout;RSI_overbought;Price>SMA20
2025-08-11T16:10:06.654941,KDP,34.76,35.23,0.05,0.15,-9.52,-9.52,1,1,0,0,0,1,0,0,0,0,0,1,ADX>=thresh;MACD_cross_up;RSI_overbought;Price>SMA20
2025-08-11T16:10:07.420857,KEY,17.54,38.10,0.03,0.18,-21.63,-21.63,1,1,0,0,1,1,0,0,0,0,0,1,ADX>=thresh;MACD_cross_up;BB_breakout;RSI_overbought;Price>SMA20
2025-08-11T16:10:08.785355,KMB,134.44,50.88,0.18,0.14,-9.25,-9.25,1,1,0,0,1,0,0,0,0,0,0,1,ADX>=thresh;MACD_cross_up;BB_breakout;Price>SMA20
2025-08-11T16:10:09.478898,KIM,21.05,28.82,0.03,0.17,5.07,5.07,1,1,0,0,0,1,0,0,0,0,0,1,ADX>=thresh;MACD_cross_up;RSI_overbought;Price>SMA20
2025-08-11T16:10:10.717464,KKR,142.41,35.50,0.22,0.15,-12.14,-12.14,1,1,0,0,1,0,0,0,0,0,0,1,ADX>=thresh;MACD_cross_up;BB_breakout;Price>SMA20
2025-08-11T16:10:15.767839,LVS,53.00,20.95,0.08,0.16,-9.41,-9.41,1,1,0,0,1,1,0,0,0,0,0,1,ADX>=thresh;MACD_cross_up;BB_breakout;RSI_overbought;Price>SMA20
2025-08-11T16:10:16.506352,LDOS,178.33,22.83,0.30,0.17,-24.94,-24.94,1,1,0,0,1,0,0,0,0,0,0,1,ADX>=thresh;MACD_cross_up;BB_breakout;Price>SMA20
2025-08-11T16:10:17.233146,LEN,120.26,46.98,0.28,0.23,-21.95,-21.95,1,1,0,0,0,1,0,0,0,0,0,1,ADX>=thresh;MACD_cross_up;RSI_overbought;Price>SMA20
2025-08-11T16:10:19.026671,LIN,467.89,46.29,0.55,0.12,-8.19,-8.19,1,1,0,0,1,1,0,0,0,0,0,1,ADX>=thresh;MACD_cross_up;BB_breakout;RSI_overbought;Price>SMA20
2025-08-11T16:10:20.886058,LMT,427.19,21.38,0.70,0.16,-14.03,-14.03,1,1,0,0,1,1,0,0,0,0,0,1,ADX>=thresh;MACD_cross_up;BB_breakout;RSI_overbought;Price>SMA20
2025-08-11T16:10:22.369234,LOW,240.44,40.47,0.43,0.18,-13.85,-13.85,1,1,0,0,1,1,0,0,0,0,0,1,ADX>=thresh;MACD_cross_up;BB_breakout;RSI_overbought;Price>SMA20
2025-08-11T16:10:23.185907,LULU,188.44,39.07,0.33,0.17,-25.28,-25.28,1,1,0,0,0,1,0,0,0,0,0,1,ADX>=thresh;MACD_cross_up;RSI_overbought;Price>SMA20
2025-08-11T16:10:23.943768,LYB,48.30,40.65,0.13,0.28,-25.72,-25.72,1,1,0,0,0,1,0,0,0,0,0,1,ADX>=thresh;MACD_cross_up;RSI_overbought;Price>SMA20
2025-08-11T16:10:24.753522,MTB,187.02,41.19,0.23,0.12,-26.56,-26.56,1,1,0,0,1,1,0,0,0,0,0,1,ADX>=thresh;MACD_cross_up;BB_breakout;RSI_overbought;Price>SMA20
2025-08-11T16:10:30.459910,MTCH,35.40,49.30,0.08,0.22,-4.23,-4.23,1,1,0,0,0,1,0,0,0,0,0,1,ADX>=thresh;MACD_cross_up;RSI_overbought;Price>SMA20
2025-08-11T16:10:31.185000,MKC,69.55,49.68,0.09,0.13,-17.79,-17.79,1,1,0,0,1,1,0,0,0,0,0,1,ADX>=thresh;MACD_cross_up;BB_breakout;RSI_overbought;Price>SMA20
2025-08-11T16:10:34.000565,MDT,92.95,51.02,0.10,0.11,-25.66,-25.66,1,1,0,0,0,1,0,0,0,0,0,1,ADX>=thresh;MACD_cross_up;RSI_overbought;Price>SMA20
2025-08-11T16:10:34.757324,MRK,80.32,42.48,0.12,0.15,-31.41,-31.41,1,1,0,0,1,1,0,0,0,0,0,1,ADX>=thresh;MACD_cross_up;BB_breakout;RSI_overbought;Price>SMA20
2025-08-11T16:10:36.743141,MTD,1258.67,32.01,3.27,0.26,4.87,4.87,1,1,0,0,0,0,0,1,0,0,0,1,ADX>=thresh;MACD_cross_up;ATR>=abs;Price>SMA20
2025-08-11T16:10:37.487385,MGM,34.27,36.18,0.06,0.18,-18.61,-18.61,1,1,0,0,0,1,0,0,0,0,0,1,ADX>=thresh;MACD_cross_up;RSI_overbought;Price>SMA20
2025-08-11T16:10:39.425882,MSFT,527.40,31.55,0.72,0.14,-16.83,-16.83,1,1,0,0,1,1,0,0,0,0,0,1,ADX>=thresh;MACD_cross_up;BB_breakout;RSI_overbought;Price>SMA20
2025-08-11T16:10:40.094225,MAA,139.35,22.03,0.20,0.14,-12.96,-12.96,1,1,0,0,1,1,0,0,0,0,0,1,ADX>=thresh;MACD_cross_up;BB_breakout;RSI_overbought;Price>SMA20
2025-08-11T16:10:41.547446,MHK,119.86,33.80,0.17,0.14,-22.20,-22.20,1,1,0,0,0,1,0,0,0,0,0,1,ADX>=thresh;MACD_cross_up;RSI_overbought;Price>SMA20
2025-08-11T16:10:43.026251,TAP,50.44,33.93,0.10,0.20,-2.79,-2.79,1,1,0,0,0,1,0,0,0,0,0,1,ADX>=thresh;MACD_cross_up;RSI_overbought;Price>SMA20
2025-08-11T16:10:46.064713,MS,144.09,28.36,0.19,0.13,-13.71,-13.71,1,1,0,0,1,1,0,0,0,0,0,1,ADX>=thresh;MACD_cross_up;BB_breakout;RSI_overbought;Price>SMA20
2025-08-11T16:10:49.748034,NFLX,1218.28,36.52,2.12,0.17,-15.54,-15.54,1,1,0,0,0,0,0,1,0,0,0,1,ADX>=thresh;MACD_cross_up;ATR>=abs;Price>SMA20
2025-08-11T16:10:52.829046,NKE,74.08,37.44,0.14,0.19,-4.10,-4.10,1,1,0,0,0,1,0,0,0,0,0,1,ADX>=thresh;MACD_cross_up;RSI_overbought;Price>SMA20
2025-08-11T16:10:53.507431,NI,42.40,28.13,0.05,0.12,-33.78,-33.78,1,1,0,0,0,1,0,0,0,0,0,1,ADX>=thresh;MACD_cross_up;RSI_overbought;Price>SMA20
2025-08-11T16:10:55.525742,NTRS,125.33,55.15,0.11,0.09,-31.11,-31.11,1,1,0,0,1,1,0,0,0,0,0,1,ADX>=thresh;MACD_cross_up;BB_breakout;RSI_overbought;Price>SMA20
2025-08-11T16:10:58.265609,NUE,137.09,53.91,0.24,0.17,4.52,4.52,1,1,0,0,1,1,0,0,0,0,0,1,ADX>=thresh;MACD_cross_up;BB_breakout;RSI_overbought;Price>SMA20
2025-08-11T16:10:59.510255,NVR,7774.60,36.06,18.17,0.23,-31.58,-31.58,1,1,0,0,1,1,0,1,0,0,0,1,ADX>=thresh;MACD_cross_up;BB_breakout;RSI_overbought;ATR>=abs;Price>SMA20
2025-08-11T16:11:02.764811,OMC,73.03,42.80,0.15,0.20,-23.04,-23.04,1,1,0,0,0,1,0,0,0,0,0,1,ADX>=thresh;MACD_cross_up;RSI_overbought;Price>SMA20
2025-08-11T16:11:05.270912,OTIS,86.42,48.92,0.14,0.16,-17.19,-17.19,1,1,0,0,1,1,0,0,0,0,0,1,ADX>=thresh;MACD_cross_up;BB_breakout;RSI_overbought;Price>SMA20
2025-08-11T16:11:05.958701,PCAR,96.85,44.48,0.11,0.12,-10.00,-10.00,1,1,0,0,1,1,0,0,0,0,0,1,ADX>=thresh;MACD_cross_up;BB_breakout;RSI_overbought;Price>SMA20
2025-08-11T16:11:06.627693,PKG,196.05,51.19,0.14,0.07,-23.91,-23.91,1,1,0,0,1,1,0,0,0,0,0,1,ADX>=thresh;MACD_cross_up;BB_breakout;RSI_overbought;Price>SMA20
2025-08-11T16:11:08.320674,PARA,0.00,23.11,0.04,inf,16.08,16.08,1,1,0,0,0,1,0,0,1,0,0,0,ADX>=thresh;MACD_cross_up;RSI_overbought;ATR>=pct
2025-08-11T16:11:14.770566,PYPL,67.44,32.32,0.12,0.18,-21.05,-21.05,1,1,0,0,0,1,0,0,0,0,0,1,ADX>=thresh;MACD_cross_up;RSI_overbought;Price>SMA20
2025-08-11T16:11:16.077362,PEP,144.38,37.84,0.16,0.11,-30.50,-30.50,1,1,0,0,0,1,0,0,0,0,0,1,ADX>=thresh;MACD_cross_up;RSI_overbought;Price>SMA20
2025-08-11T16:11:16.759374,PFE,24.74,48.54,0.04,0.16,-20.41,-20.41,1,1,0,0,0,1,0,0,0,0,0,1,ADX>=thresh;MACD_cross_up;RSI_overbought;Price>SMA20
2025-08-11T16:11:17.455020,PCG,15.28,41.37,0.03,0.23,-28.40,-28.40,1,1,0,0,0,1,0,0,0,0,0,1,ADX>=thresh;MACD_cross_up;RSI_overbought;Price>SMA20
2025-08-11T16:11:18.250842,PM,168.47,29.86,0.34,0.20,-35.54,-35.54,1,1,0,0,0,1,0,0,0,0,0,1,ADX>=thresh;MACD_cross_up;RSI_overbought;Price>SMA20
2025-08-11T16:11:20.256867,PNC,189.22,48.97,0.17,0.09,-16.15,-16.15,1,1,0,0,1,1,0,0,0,0,0,1,ADX>=thresh;MACD_cross_up;BB_breakout;RSI_overbought;Price>SMA20
2025-08-11T16:11:20.991049,POOL,306.79,34.77,0.73,0.24,4.68,4.68,1,1,0,0,0,1,0,0,0,0,0,1,ADX>=thresh;MACD_cross_up;RSI_overbought;Price>SMA20
2025-08-11T16:11:21.708030,PPG,107.06,21.63,0.17,0.16,-27.21,-27.21,1,1,0,0,1,1,0,0,0,0,0,1,ADX>=thresh;MACD_cross_up;BB_breakout;RSI_overbought;Price>SMA20
2025-08-11T16:11:23.547372,PG,154.78,27.03,0.19,0.12,-25.07,-25.07,1,1,0,0,0,1,0,0,0,0,0,1,ADX>=thresh;MACD_cross_up;RSI_overbought;Price>SMA20
2025-08-11T16:11:25.289791,PLD,105.19,45.85,0.17,0.17,-9.12,-9.12,1,1,0,0,0,1,0,0,0,0,0,1,ADX>=thresh;MACD_cross_up;RSI_overbought;Price>SMA20
2025-08-11T16:11:26.074587,PRU,103.48,47.05,0.13,0.13,-35.93,-35.93,1,1,0,0,1,1,0,0,0,0,0,1,ADX>=thresh;MACD_cross_up;BB_breakout;RSI_overbought;Price>SMA20
2025-08-11T16:11:28.221161,PSA,281.16,29.66,0.41,0.14,-5.00,-5.00,1,1,0,0,0,1,0,0,0,0,0,1,ADX>=thresh;MACD_cross_up;RSI_overbought;Price>SMA20
2025-08-11T16:11:29.253406,PHM,120.02,48.05,0.29,0.24,-21.75,-21.75,1,1,0,0,0,1,0,0,0,0,0,1,ADX>=thresh;MACD_cross_up;RSI_overbought;Price>SMA20
2025-08-11T16:11:30.043347,PWR,385.15,42.40,0.83,0.22,-17.34,-17.34,1,1,0,0,1,1,0,0,0,0,0,1,ADX>=thresh;MACD_cross_up;BB_breakout;RSI_overbought;Price>SMA20
2025-08-11T16:11:30.835998,QCOM,149.50,23.59,0.22,0.14,-30.39,-30.39,1,1,0,0,0,1,0,0,0,0,0,1,ADX>=thresh;MACD_cross_up;RSI_overbought;Price>SMA20
2025-08-11T16:11:33.040315,RJF,165.53,33.94,0.15,0.09,-17.86,-17.86,1,1,0,0,1,1,0,0,0,0,0,1,ADX>=thresh;MACD_cross_up;BB_breakout;RSI_overbought;Price>SMA20
2025-08-11T16:11:34.284382,O,57.84,28.84,0.07,0.11,-30.86,-30.86,1,1,0,0,1,1,0,0,0,0,0,1,ADX>=thresh;MACD_cross_up;BB_breakout;RSI_overbought;Price>SMA20
2025-08-11T16:11:36.743029,RF,24.84,42.44,0.03,0.14,-11.11,-11.11,1,1,0,0,0,1,0,0,0,0,0,1,ADX>=thresh;MACD_cross_up;RSI_overbought;Price>SMA20
2025-08-11T16:11:38.120790,RMD,286.19,31.31,0.44,0.16,-24.88,-24.88,1,1,0,0,0,1,0,0,0,0,0,1,ADX>=thresh;MACD_cross_up;RSI_overbought;Price>SMA20
2025-08-11T16:11:38.891442,RVTY,87.09,38.43,0.17,0.20,-35.90,-35.90,1,1,0,0,0,1,0,0,0,0,0,1,ADX>=thresh;MACD_cross_up;RSI_overbought;Price>SMA20
2025-08-11T16:11:40.448442,ROL,58.55,20.11,0.05,0.09,-36.44,-36.44,1,1,0,0,1,0,0,0,0,0,0,1,ADX>=thresh;MACD_cross_up;BB_breakout;Price>SMA20
2025-08-11T16:11:43.353724,SPGI,558.80,23.79,0.74,0.13,-26.53,-26.53,1,1,0,0,1,1,0,0,0,0,0,1,ADX>=thresh;MACD_cross_up;BB_breakout;RSI_overbought;Price>SMA20
2025-08-11T16:11:46.811386,SRE,81.54,42.51,0.12,0.14,-18.69,-18.69,1,1,0,0,0,1,0,0,0,0,0,1,ADX>=thresh;MACD_cross_up;RSI_overbought;Price>SMA20
2025-08-11T16:11:49.076583,SPG,165.12,39.69,0.20,0.12,-15.27,-15.27,1,1,0,0,0,1,0,0,0,0,0,1,ADX>=thresh;MACD_cross_up;RSI_overbought;Price>SMA20
2025-08-11T16:11:49.818438,SWKS,71.41,30.16,0.16,0.22,-36.09,-36.09,1,1,0,0,0,1,0,0,0,0,0,1,ADX>=thresh;MACD_cross_up;RSI_overbought;Price>SMA20
2025-08-11T16:11:51.228019,SW,43.44,38.34,0.08,0.18,2.02,2.02,1,1,0,0,1,1,0,0,0,0,0,1,ADX>=thresh;MACD_cross_up;BB_breakout;RSI_overbought;Price>SMA20
2025-08-11T16:11:56.334149,STT,110.48,61.49,0.11,0.10,-30.69,-30.69,1,1,0,0,1,0,0,0,0,0,0,1,ADX>=thresh;MACD_cross_up;BB_breakout;Price>SMA20
2025-08-11T16:11:57.111588,STLD,121.22,64.61,0.22,0.18,16.52,16.52,1,1,0,0,1,1,0,0,0,0,0,1,ADX>=thresh;MACD_cross_up;BB_breakout;RSI_overbought;Price>SMA20
2025-08-11T16:11:58.431682,SYK,377.19,35.05,0.44,0.12,-3.93,-3.93,1,1,0,0,0,1,0,0,0,0,0,1,ADX>=thresh;MACD_cross_up;RSI_overbought;Price>SMA20
2025-08-11T16:11:59.308554,SMCI,46.19,28.27,0.20,0.44,-25.96,-25.96,1,1,0,0,0,1,0,0,0,0,0,1,ADX>=thresh;MACD_cross_up;RSI_overbought;Price>SMA20
2025-08-11T16:12:03.041482,SYF,69.69,21.14,0.11,0.16,-13.06,-13.06,1,1,0,0,1,1,0,0,0,0,0,1,ADX>=thresh;MACD_cross_up;BB_breakout;RSI_overbought;Price>SMA20
2025-08-11T16:12:03.754938,SNPS,617.78,39.50,0.84,0.14,-37.59,-37.59,1,1,0,0,1,1,0,0,0,0,0,1,ADX>=thresh;MACD_cross_up;BB_breakout;RSI_overbought;Price>SMA20
2025-08-11T16:12:04.513949,SYY,79.74,30.93,0.10,0.12,-23.34,-23.34,1,1,0,0,0,1,0,0,0,0,0,1,ADX>=thresh;MACD_cross_up;RSI_overbought;Price>SMA20
2025-08-11T16:12:06.057450,TROW,105.56,53.84,0.13,0.12,10.91,10.91,1,1,0,0,0,1,0,0,0,0,0,1,ADX>=thresh;MACD_cross_up;RSI_overbought;Price>SMA20
2025-08-11T16:12:08.952457,TGT,104.61,32.89,0.20,0.19,-15.30,-15.30,1,1,0,0,0,1,0,0,0,0,0,1,ADX>=thresh;MACD_cross_up;RSI_overbought;Price>SMA20
2025-08-11T16:12:09.715747,TEL,200.22,52.73,0.28,0.14,-7.55,-7.55,1,1,0,0,1,0,0,0,0,0,0,1,ADX>=thresh;MACD_cross_up;BB_breakout;Price>SMA20
2025-08-11T16:12:12.049722,TSLA,346.16,53.74,1.03,0.30,-14.93,-14.93,1,1,0,0,1,1,0,0,0,0,0,1,ADX>=thresh;MACD_cross_up;BB_breakout;RSI_overbought;Price>SMA20
2025-08-11T16:12:12.829274,TXN,186.33,29.96,0.25,0.13,-33.22,-33.22,1,1,0,0,1,1,0,0,0,0,0,1,ADX>=thresh;MACD_cross_up;BB_breakout;RSI_overbought;Price>SMA20
2025-08-11T16:12:13.659549,TPL,868.02,32.90,3.40,0.39,-2.11,-2.11,1,1,0,0,0,0,0,1,0,0,0,1,ADX>=thresh;MACD_cross_up;ATR>=abs;Price>SMA20
2025-08-11T16:12:15.208119,TMO,462.76,20.11,0.90,0.19,-46.70,-46.70,1,1,0,0,0,1,0,0,0,0,0,1,ADX>=thresh;MACD_cross_up;RSI_overbought;Price>SMA20
2025-08-11T16:12:16.016563,TJX,132.38,33.56,0.16,0.12,-19.13,-19.13,1,1,0,0,0,1,0,0,0,0,0,1,ADX>=thresh;MACD_cross_up;RSI_overbought;Price>SMA20
2025-08-11T16:12:17.214030,TSCO,59.30,28.10,0.09,0.15,-20.00,-20.00,1,1,0,0,0,1,0,0,0,0,0,1,ADX>=thresh;MACD_cross_up;RSI_overbought;Price>SMA20
2025-08-11T16:12:17.959704,TT,429.33,28.87,0.65,0.15,8.03,8.03,1,1,0,0,1,1,0,0,0,0,0,1,ADX>=thresh;MACD_cross_up;BB_breakout;RSI_overbought;Price>SMA20
2025-08-11T16:12:19.733587,TRMB,83.54,33.88,0.12,0.14,-9.04,-9.04,1,1,0,0,1,0,0,0,0,0,0,1,ADX>=thresh;MACD_cross_up;BB_breakout;Price>SMA20
2025-08-11T16:12:20.526286,TFC,42.98,46.34,0.06,0.14,-21.05,-21.05,1,1,0,0,1,1,0,0,0,0,0,1,ADX>=thresh;MACD_cross_up;BB_breakout;RSI_overbought;Price>SMA20
2025-08-11T16:12:22.925542,USB,44.73,36.15,0.05,0.11,-27.12,-27.12,1,1,0,0,0,1,0,0,0,0,0,1,ADX>=thresh;MACD_cross_up;RSI_overbought;Price>SMA20
2025-08-11T16:12:24.220131,UDR,37.77,31.64,0.05,0.13,-27.14,-27.14,1,1,0,0,1,1,0,0,0,0,0,1,ADX>=thresh;MACD_cross_up;BB_breakout;RSI_overbought;Price>SMA20
2025-08-11T16:12:25.013309,ULTA,501.67,28.79,0.86,0.17,-34.83,-34.83,1,1,0,0,1,0,0,0,0,0,0,1,ADX>=thresh;MACD_cross_up;BB_breakout;Price>SMA20
2025-08-11T16:12:25.718367,UNP,219.78,33.91,0.29,0.13,-25.79,-25.79,1,1,0,0,1,1,0,0,0,0,0,1,ADX>=thresh;MACD_cross_up;BB_breakout;RSI_overbought;Price>SMA20
2025-08-11T16:12:26.564706,UAL,90.41,46.71,0.19,0.21,-21.94,-21.94,1,1,0,0,1,1,0,0,0,0,0,1,ADX>=thresh;MACD_cross_up;BB_breakout;RSI_overbought;Price>SMA20
2025-08-11T16:12:27.404363,UPS,86.64,48.57,0.16,0.19,-24.08,-24.08,1,1,0,0,0,1,0,0,0,0,0,1,ADX>=thresh;MACD_cross_up;RSI_overbought;Price>SMA20
2025-08-11T16:12:28.745003,UNH,256.26,43.28,0.70,0.27,-42.69,-42.69,1,1,0,0,0,1,0,0,0,0,0,1,ADX>=thresh;MACD_cross_up;RSI_overbought;Price>SMA20
2025-08-11T16:12:30.851566,VTR,68.91,20.77,0.06,0.09,-15.48,-15.48,1,1,0,0,1,1,0,0,0,0,0,1,ADX>=thresh;MACD_cross_up;BB_breakout;RSI_overbought;Price>SMA20
2025-08-11T16:12:33.726682,VZ,43.20,54.18,0.04,0.09,-20.23,-20.23,1,1,0,0,1,1,0,0,0,0,0,1,ADX>=thresh;MACD_cross_up;BB_breakout;RSI_overbought;Price>SMA20
2025-08-11T16:12:34.564020,VRTX,379.95,32.44,0.87,0.23,-29.01,-29.01,1,1,0,0,0,1,0,0,0,0,0,1,ADX>=thresh;MACD_cross_up;RSI_overbought;Price>SMA20
2025-08-11T16:12:36.390896,V,335.95,43.48,0.38,0.11,-18.78,-18.78,1,1,0,0,0,1,0,0,0,0,0,1,ADX>=thresh;MACD_cross_up;RSI_overbought;Price>SMA20
2025-08-11T16:12:39.568456,WAB,191.20,53.49,0.25,0.13,-23.75,-23.75,1,1,0,0,1,1,0,0,0,0,0,1,ADX>=thresh;MACD_cross_up;BB_breakout;RSI_overbought;Price>SMA20
2025-08-11T16:12:40.911151,WMT,103.67,29.83,0.14,0.13,-13.37,-13.37,1,1,0,0,1,1,0,0,0,0,0,1,ADX>=thresh;MACD_cross_up;BB_breakout;RSI_overbought;Price>SMA20
2025-08-11T16:12:41.710113,DIS,112.56,33.08,0.17,0.16,-16.48,-16.48,1,1,0,0,0,1,0,0,0,0,0,1,ADX>=thresh;MACD_cross_up;RSI_overbought;Price>SMA20
2025-08-11T16:12:42.452181,WBD,10.93,28.39,0.03,0.24,-22.26,-22.26,1,1,0,0,1,0,0,0,0,0,0,1,ADX>=thresh;MACD_cross_up;BB_breakout;Price>SMA20
2025-08-11T16:12:43.186041,WM,236.60,31.84,0.23,0.10,-32.62,-32.62,1,1,0,0,1,1,0,0,0,0,0,1,ADX>=thresh;MACD_cross_up;BB_breakout;RSI_overbought;Price>SMA20
2025-08-11T16:12:44.054293,WAT,281.61,35.93,0.46,0.16,-51.96,-51.96,1,1,0,0,1,1,0,0,0,0,0,1,ADX>=thresh;MACD_cross_up;BB_breakout;RSI_overbought;Price>SMA20
2025-08-11T16:12:45.676858,WFC,77.83,31.97,0.10,0.13,-13.27,-13.27,1,1,0,0,1,1,0,0,0,0,0,1,ADX>=thresh;MACD_cross_up;BB_breakout;RSI_overbought;Price>SMA20
2025-08-11T16:12:46.431373,WELL,169.47,22.11,0.22,0.13,15.58,15.58,1,1,0,0,0,1,0,0,0,0,0,1,ADX>=thresh;MACD_cross_up;RSI_overbought;Price>SMA20
2025-08-11T16:12:47.208923,WST,241.14,35.68,0.40,0.16,-12.41,-12.41,1,1,0,0,1,1,0,0,0,0,0,1,ADX>=thresh;MACD_cross_up;BB_breakout;RSI_overbought;Price>SMA20
2025-08-11T16:12:48.743918,WY,25.35,56.26,0.04,0.16,-18.03,-18.03,1,1,0,0,0,1,0,0,0,0,0,1,ADX>=thresh;MACD_cross_up;RSI_overbought;Price>SMA20
2025-08-11T16:12:49.483099,WSM,199.73,46.07,0.33,0.17,-31.63,-31.63,1,1,0,0,0,1,0,0,0,0,0,1,ADX>=thresh;MACD_cross_up;RSI_overbought;Price>SMA20
2025-08-11T16:12:52.416167,WYNN,108.00,32.14,0.16,0.15,-28.29,-28.29,1,1,0,0,0,1,0,0,0,0,0,1,ADX>=thresh;MACD_cross_up;RSI_overbought;Price>SMA20
2025-08-11T16:12:55.367617,ZBRA,315.54,27.84,0.57,0.18,-7.93,-7.93,1,1,0,0,1,1,0,0,0,0,0,1,ADX>=thresh;MACD_cross_up;BB_breakout;RSI_overbought;Price>SMA20
2025-08-11T16:12:56.861278,ZTS,148.36,44.41,0.24,0.16,-9.78,-9.78,1,1,0,0,0,1,0,0,0,0,0,1,ADX>=thresh;MACD_cross_up;RSI_overbought;Price>SMA20
2025-08-11T16:13:02.683471,MMM,154.52,25.56,0.23,0.15,-13.92,-13.92,1,1,0,0,0,1,0,0,0,0,0,1,ADX>=thresh;MACD_cross_up;RSI_overbought;Price>SMA20
2025-08-11T16:13:04.360520,ABT,132.16,40.14,0.26,0.20,-2.80,-2.80,1,1,0,0,0,1,0,0,0,0,0,1,ADX>=thresh;MACD_cross_up;RSI_overbought;Price>SMA20
2025-08-11T16:13:08.765575,AFL,103.73,53.70,0.10,0.10,-33.01,-33.01,1,1,0,0,0,1,0,0,0,0,0,1,ADX>=thresh;MACD_cross_up;RSI_overbought;Price>SMA20
2025-08-11T16:13:10.432715,APD,285.78,35.60,0.44,0.15,-36.92,-36.92,1,1,0,0,0,1,0,0,0,0,0,1,ADX>=thresh;MACD_cross_up;RSI_overbought;Price>SMA20
2025-08-11T16:13:11.240317,ABNB,119.83,42.88,0.26,0.22,-0.45,-0.45,1,1,0,0,0,1,0,0,0,0,0,1,ADX>=thresh;MACD_cross_up;RSI_overbought;Price>SMA20
2025-08-11T16:13:18.106063,MO,65.35,32.18,0.11,0.17,-23.42,-23.42,1,1,0,0,1,1,0,0,0,0,0,1,ADX>=thresh;MACD_cross_up;BB_breakout;RSI_overbought;Price>SMA20
2025-08-11T16:13:19.137859,AMZN,221.87,21.35,0.31,0.14,-10.53,-10.53,1,1,0,0,0,1,0,0,0,0,0,1,ADX>=thresh;MACD_cross_up;RSI_overbought;Price>SMA20
2025-08-11T16:13:21.813166,AXP,296.70,20.64,0.38,0.13,-10.55,-10.55,1,1,0,0,1,1,0,0,0,0,0,1,ADX>=thresh;MACD_cross_up;BB_breakout;RSI_overbought;Price>SMA20
2025-08-11T16:13:23.788489,AMT,205.80,40.60,0.32,0.15,-22.27,-22.27,1,1,0,0,1,0,0,0,0,0,0,1,ADX>=thresh;MACD_cross_up;BB_breakout;Price>SMA20
2025-08-11T16:13:25.903178,AME,182.84,46.75,0.19,0.10,10.38,10.38,1,1,0,0,0,1,0,0,0,0,0,1,ADX>=thresh;MACD_cross_up;RSI_overbought;Price>SMA20
2025-08-11T16:13:27.308620,APH,110.53,33.11,0.18,0.16,-15.05,-15.05,1,1,0,0,1,1,0,0,0,0,0,1,ADX>=thresh;MACD_cross_up;BB_breakout;RSI_overbought;Price>SMA20
2025-08-11T16:13:29.714250,APO,143.23,32.94,0.25,0.17,-8.79,-8.79,1,1,0,0,1,1,0,0,0,0,0,1,ADX>=thresh;MACD_cross_up;BB_breakout;RSI_overbought;Price>SMA20
2025-08-11T16:13:30.390828,AAPL,228.92,35.07,0.52,0.23,-16.06,-16.06,1,1,0,0,0,1,0,0,0,0,0,1,ADX>=thresh;MACD_cross_up;RSI_overbought;Price>SMA20
2025-08-11T16:13:33.051968,ANET,139.23,44.88,0.36,0.26,-8.84,-8.84,1,1,0,0,1,0,0,0,0,0,0,1,ADX>=thresh;MACD_cross_up;BB_breakout;Price>SMA20
2025-08-11T16:13:36.639883,ADSK,287.68,74.90,0.53,0.18,-20.32,-20.32,1,1,0,0,1,0,0,0,0,0,0,1,ADX>=thresh;MACD_cross_up;BB_breakout;Price>SMA20
2025-08-11T16:13:38.513862,AVB,185.70,33.73,0.25,0.13,-5.18,-5.18,1,1,0,0,0,1,0,0,0,0,0,1,ADX>=thresh;MACD_cross_up;RSI_overbought;Price>SMA20
2025-08-11T16:13:39.186834,AVY,170.59,22.98,0.31,0.18,-30.65,-30.65,1,1,0,0,0,1,0,0,0,0,0,1,ADX>=thresh;MACD_cross_up;RSI_overbought;Price>SMA20
2025-08-11T16:13:41.043126,BALL,53.90,50.92,0.08,0.15,-18.22,-18.22,1,1,0,0,0,1,0,0,0,0,0,1,ADX>=thresh;MACD_cross_up;RSI_overbought;Price>SMA20
2025-08-11T16:13:42.108277,BAX,23.57,48.55,0.08,0.32,7.12,7.12,1,1,0,0,0,1,0,0,0,0,0,1,ADX>=thresh;MACD_cross_up;RSI_overbought;Price>SMA20
2025-08-11T16:13:42.754175,BDX,192.61,45.32,0.29,0.15,-9.11,-9.11,1,1,0,0,0,1,0,0,0,0,0,1,ADX>=thresh;MACD_cross_up;RSI_overbought;Price>SMA20
2025-08-11T16:13:43.403452,BRK-B,0.00,37.87,0.54,inf,-4.98,-4.98,1,1,0,0,0,1,0,0,1,0,0,0,ADX>=thresh;MACD_cross_up;RSI_overbought;ATR>=pct
2025-08-11T16:13:44.149539,BBY,68.34,44.97,0.14,0.21,-4.38,-4.38,1,1,0,0,0,1,0,0,0,0,0,1,ADX>=thresh;MACD_cross_up;RSI_overbought;Price>SMA20
2025-08-11T16:13:45.982072,BLK,1132.01,20.82,1.58,0.14,-16.40,-16.40,1,1,0,0,1,1,0,0,0,0,0,1,ADX>=thresh;MACD_cross_up;BB_breakout;RSI_overbought;Price>SMA20
2025-08-11T16:13:47.086436,BK,103.57,31.30,0.11,0.11,-14.97,-14.97,1,1,0,0,1,1,0,0,0,0,0,1,ADX>=thresh;MACD_cross_up;BB_breakout;RSI_overbought;Price>SMA20
2025-08-11T16:13:49.892741,AVGO,306.96,24.80,0.68,0.22,-32.14,-32.14,1,1,0,0,1,1,0,0,0,0,0,1,ADX>=thresh;MACD_cross_up;BB_breakout;RSI_overbought;Price>SMA20
2025-08-11T16:13:51.436164,BRO,94.28,29.70,0.15,0.16,-13.35,-13.35,1,1,0,0,0,1,0,0,0,0,0,1,ADX>=thresh;MACD_cross_up;RSI_overbought;Price>SMA20
2025-08-11T16:13:54.101372,BXP,63.39,22.63,0.16,0.25,-19.59,-19.59,1,1,0,0,0,1,0,0,0,0,0,1,ADX>=thresh;MACD_cross_up;RSI_overbought;Price>SMA20
2025-08-11T16:13:55.311415,CDNS,350.73,66.42,0.61,0.17,-15.20,-15.20,1,1,0,0,1,1,0,0,0,0,0,1,ADX>=thresh;MACD_cross_up;BB_breakout;RSI_overbought;Price>SMA20
2025-08-11T16:13:56.034173,CZR,24.20,35.90,0.07,0.28,-16.63,-16.63,1,1,0,0,0,1,0,0,0,0,0,1,ADX>=thresh;MACD_cross_up;RSI_overbought;Price>SMA20
2025-08-11T16:13:56.786564,CPT,104.79,26.36,0.14,0.13,-15.79,-15.79,1,1,0,0,1,1,0,0,0,0,0,1,ADX>=thresh;MACD_cross_up;BB_breakout;RSI_overbought;Price>SMA20
2025-08-11T16:13:59.158639,KMX,55.92,28.93,0.13,0.24,4.23,4.23,1,1,0,0,0,1,0,0,0,0,0,1,ADX>=thresh;MACD_cross_up;RSI_overbought;Price>SMA20
2025-08-11T16:14:03.478600,CBRE,155.63,51.39,0.19,0.12,-7.64,-7.64,1,1,0,0,1,1,0,0,0,0,0,1,ADX>=thresh;MACD_cross_up;BB_breakout;RSI_overbought;Price>SMA20
2025-08-11T16:14:09.382047,CMG,42.00,47.81,0.09,0.22,-26.40,-26.40,1,1,0,0,0,1,0,0,0,0,0,1,ADX>=thresh;MACD_cross_up;RSI_overbought;Price>SMA20
2025-08-11T16:14:12.277009,CTAS,224.14,27.95,0.20,0.09,-39.32,-39.32,1,1,0,0,1,0,0,0,0,0,0,1,ADX>=thresh;MACD_cross_up;BB_breakout;Price>SMA20
2025-08-11T16:14:13.593451,C,92.58,60.98,0.15,0.16,-44.62,-44.62,1,1,0,0,1,1,0,0,0,0,0,1,ADX>=thresh;MACD_cross_up;BB_breakout;RSI_overbought;Price>SMA20
2025-08-11T16:14:14.303659,CFG,47.22,31.31,0.06,0.12,-20.62,-20.62,1,1,0,0,1,1,0,0,0,0,0,1,ADX>=thresh;MACD_cross_up;BB_breakout;RSI_overbought;Price>SMA20
2025-08-11T16:14:18.010973,COIN,332.29,24.46,1.87,0.56,-23.12,-23.12,1,1,0,0,0,0,0,0,1,0,0,1,ADX>=thresh;MACD_cross_up;ATR>=pct;Price>SMA20
2025-08-11T16:14:23.541400,GLW,65.49,22.74,0.09,0.13,-14.74,-14.74,1,1,0,0,1,0,0,0,0,0,0,1,ADX>=thresh;MACD_cross_up;BB_breakout;Price>SMA20
2025-08-11T16:14:25.605980,CSGP,94.41,59.02,0.13,0.14,-4.89,-4.89,1,1,0,0,0,1,0,0,0,0,0,1,ADX>=thresh;MACD_cross_up;RSI_overbought;Price>SMA20
2025-08-11T16:14:26.313823,COST,988.41,47.01,1.22,0.12,-15.43,-15.43,1,1,0,0,0,1,0,0,0,0,0,1,ADX>=thresh;MACD_cross_up;RSI_overbought;Price>SMA20
2025-08-11T16:14:29.990754,CVS,65.23,64.13,0.12,0.19,-27.05,-27.05,1,1,0,0,1,0,0,0,0,0,0,1,ADX>=thresh;MACD_cross_up;BB_breakout;Price>SMA20
2025-08-11T16:14:33.021063,DECK,100.64,32.92,0.21,0.20,5.62,5.62,1,1,0,0,0,1,0,0,0,0,0,1,ADX>=thresh;MACD_cross_up;RSI_overbought;Price>SMA20
2025-08-11T16:14:33.816174,DE,504.52,44.57,0.89,0.18,-18.75,-18.75,1,1,0,0,1,0,0,0,0,0,0,1,ADX>=thresh;MACD_cross_up;BB_breakout;Price>SMA20
2025-08-11T16:14:34.465962,DELL,139.71,29.77,0.32,0.23,-11.40,-11.40,1,1,0,0,0,1,0,0,0,0,0,1,ADX>=thresh;MACD_cross_up;RSI_overbought;Price>SMA20
2025-08-11T16:14:35.134145,DAL,53.83,38.43,0.10,0.18,-18.98,-18.98,1,1,0,0,1,1,0,0,0,0,0,1,ADX>=thresh;MACD_cross_up;BB_breakout;RSI_overbought;Price>SMA20
2025-08-11T16:14:37.193588,DLR,169.68,29.63,0.22,0.13,-12.34,-12.34,1,1,0,0,1,1,0,0,0,0,0,1,ADX>=thresh;MACD_cross_up;BB_breakout;RSI_overbought;Price>SMA20
2025-08-11T16:14:40.330588,DASH,259.22,50.25,0.63,0.24,-3.02,-3.02,1,1,0,0,1,1,0,0,0,0,0,1,ADX>=thresh;MACD_cross_up;BB_breakout;RSI_overbought;Price>SMA20
2025-08-11T16:14:40.969915,DOV,174.97,44.37,0.22,0.12,-22.44,-22.44,1,1,0,0,0,1,0,0,0,0,0,1,ADX>=thresh;MACD_cross_up;RSI_overbought;Price>SMA20
2025-08-11T16:14:42.250907,DHI,154.59,35.77,0.35,0.22,-13.48,-13.48,1,1,0,0,0,1,0,0,0,0,0,1,ADX>=thresh;MACD_cross_up;RSI_overbought;Price>SMA20
2025-08-11T16:14:43.649587,DD,70.02,25.40,0.11,0.16,-14.10,-14.10,1,1,0,0,1,1,0,0,0,0,0,1,ADX>=thresh;MACD_cross_up;BB_breakout;RSI_overbought;Price>SMA20
2025-08-11T16:14:44.860270,ETN,359.44,24.77,0.64,0.18,-4.44,-4.44,1,1,0,0,1,0,0,0,0,0,0,1,ADX>=thresh;MACD_cross_up;BB_breakout;Price>SMA20
2025-08-11T16:14:45.511059,EBAY,94.56,23.70,0.18,0.19,-0.88,-0.88,1,1,0,0,0,1,0,0,0,0,0,1,ADX>=thresh;MACD_cross_up;RSI_overbought;Price>SMA20
2025-08-11T16:14:46.272479,ECL,273.42,25.10,0.24,0.09,-28.02,-28.02,1,1,0,0,1,1,0,0,0,0,0,1,ADX>=thresh;MACD_cross_up;BB_breakout;RSI_overbought;Price>SMA20
2025-08-11T16:14:47.545754,EW,78.24,23.15,0.14,0.18,-1.46,-1.46,1,1,0,0,1,1,0,0,0,0,0,1,ADX>=thresh;MACD_cross_up;BB_breakout;RSI_overbought;Price>SMA20
2025-08-11T16:14:49.469882,EMR,132.95,27.53,0.19,0.14,11.68,11.68,1,1,0,0,1,1,0,0,0,0,0,1,ADX>=thresh;MACD_cross_up;BB_breakout;RSI_overbought;Price>SMA20
2025-08-11T16:14:50.052550,ENPH,33.17,21.44,0.15,0.44,-14.36,-14.36,1,1,0,0,0,1,0,0,0,0,0,1,ADX>=thresh;MACD_cross_up;RSI_overbought;Price>SMA20
2025-08-11T16:14:51.281937,EOG,116.30,30.50,0.25,0.21,-21.67,-21.67,1,1,0,0,0,1,0,0,0,0,0,1,ADX>=thresh;MACD_cross_up;RSI_overbought;Price>SMA20
2025-08-11T16:14:52.955745,EFX,237.76,41.33,1.13,0.47,26.33,26.33,1,1,0,0,1,1,0,0,0,0,0,1,ADX>=thresh;MACD_cross_up;BB_breakout;RSI_overbought;Price>SMA20
2025-08-11T16:14:53.537437,EQIX,781.14,28.42,0.80,0.10,-0.52,-0.52,1,1,0,0,1,1,0,0,0,0,0,1,ADX>=thresh;MACD_cross_up;BB_breakout;RSI_overbought;Price>SMA20
2025-08-11T16:14:54.188930,EQR,62.58,28.14,0.09,0.15,-15.06,-15.06,1,1,0,0,0,1,0,0,0,0,0,1,ADX>=thresh;MACD_cross_up;RSI_overbought;Price>SMA20
2025-08-11T16:15:03.298444,FICO,1329.00,27.20,3.37,0.25,-7.14,-7.14,1,1,0,0,1,1,0,1,0,0,0,1,ADX>=thresh;MACD_cross_up;BB_breakout;RSI_overbought;ATR>=abs;Price>SMA20
2025-08-11T16:15:03.884297,FAST,47.66,36.53,0.08,0.16,-7.57,-7.57,1,1,0,0,0,1,0,0,0,0,0,1,ADX>=thresh;MACD_cross_up;RSI_overbought;Price>SMA20
2025-08-11T16:15:05.644600,FIS,69.62,61.99,0.16,0.22,-40.16,-40.16,1,1,0,0,1,0,0,0,0,0,0,1,ADX>=thresh;MACD_cross_up;BB_breakout;Price>SMA20
2025-08-11T16:15:08.712956,F,11.20,32.61,0.03,0.26,-32.02,-32.02,1,1,0,0,0,1,0,0,0,0,0,1,ADX>=thresh;MACD_cross_up;RSI_overbought;Price>SMA20
2025-08-11T16:15:09.753906,FTV,46.79,42.83,0.09,0.19,-14.73,-14.73,1,1,0,0,0,1,0,0,0,0,0,1,ADX>=thresh;MACD_cross_up;RSI_overbought;Price>SMA20
2025-08-11T16:15:11.538467,BEN,25.30,48.08,0.04,0.14,6.16,6.16,1,1,0,0,1,1,0,0,0,0,0,1,ADX>=thresh;MACD_cross_up;BB_breakout;RSI_overbought;Price>SMA20
2025-08-11T16:15:12.949090,GRMN,230.10,43.41,0.27,0.12,-56.05,-56.05,1,1,0,0,0,1,0,0,0,0,0,1,ADX>=thresh;MACD_cross_up;RSI_overbought;Price>SMA20
2025-08-11T16:15:15.096687,GEHC,73.21,39.33,0.14,0.20,-23.12,-23.12,1,1,0,0,0,1,0,0,0,0,0,1,ADX>=thresh;MACD_cross_up;RSI_overbought;Price>SMA20
2025-08-11T16:15:15.730230,GEV,652.61,28.78,1.78,0.27,-6.90,-6.90,1,1,0,0,1,1,0,0,0,0,0,1,ADX>=thresh;MACD_cross_up;BB_breakout;RSI_overbought;Price>SMA20
2025-08-11T16:15:16.786066,GNRC,196.45,26.12,0.31,0.16,-0.29,-0.29,1,1,0,0,1,1,0,0,0,0,0,1,ADX>=thresh;MACD_cross_up;BB_breakout;RSI_overbought;Price>SMA20
2025-08-11T16:15:18.607425,GM,54.12,25.73,0.08,0.14,-13.44,-13.44,1,1,0,0,0,1,0,0,0,0,0,1,ADX>=thresh;MACD_cross_up;RSI_overbought;Price>SMA20
2025-08-11T16:15:19.862248,GILD,119.20,36.37,0.25,0.21,1.63,1.63,1,1,0,0,0,1,0,0,0,0,0,1,ADX>=thresh;MACD_cross_up;RSI_overbought;Price>SMA20
2025-08-11T16:15:22.582226,GS,721.67,35.50,0.85,0.12,-5.87,-5.87,1,1,0,0,1,1,0,0,0,0,0,1,ADX>=thresh;MACD_cross_up;BB_breakout;RSI_overbought;Price>SMA20
2025-08-11T16:15:25.495341,DOC,16.98,29.01,0.03,0.16,-24.66,-24.66,1,1,0,0,0,1,0,0,0,0,0,1,ADX>=thresh;MACD_cross_up;RSI_overbought;Price>SMA20
2025-08-11T16:15:28.358363,HPE,20.77,54.96,0.04,0.18,-7.00,-7.00,1,1,0,0,1,1,0,0,0,0,0,1,ADX>=thresh;MACD_cross_up;BB_breakout;RSI_overbought;Price>SMA20
2025-08-11T16:15:31.011793,HD,387.11,43.31,0.53,0.14,-19.36,-19.36,1,1,0,0,0,1,0,0,0,0,0,1,ADX>=thresh;MACD_cross_up;RSI_overbought;Price>SMA20
2025-08-11T16:15:31.829013,HON,215.40,35.55,0.21,0.10,-12.93,-12.93,1,1,0,0,0,1,0,0,0,0,0,1,ADX>=thresh;MACD_cross_up;RSI_overbought;Price>SMA20
2025-08-11T16:15:33.522576,HST,15.31,37.89,0.03,0.18,-13.62,-13.62,1,1,0,0,0,1,0,0,0,0,0,1,ADX>=thresh;MACD_cross_up;RSI_overbought;Price>SMA20
2025-08-11T16:15:35.774516,HUBB,420.57,24.53,0.49,0.12,-18.12,-18.12,1,1,0,0,1,1,0,0,0,0,0,1,ADX>=thresh;MACD_cross_up;BB_breakout;RSI_overbought;Price>SMA20
2025-08-11T16:15:37.301594,HBAN,16.09,32.05,0.02,0.14,-48.18,-48.18,1,1,0,0,0,1,0,0,0,0,0,1,ADX>=thresh;MACD_cross_up;RSI_overbought;Price>SMA20
2025-08-11T16:15:40.117544,IDXX,654.26,42.00,1.17,0.18,-52.90,-52.90,1,1,0,0,0,1,0,0,0,0,0,1,ADX>=thresh;MACD_cross_up;RSI_overbought;Price>SMA20
2025-08-11T16:15:44.122734,IR,76.66,38.86,0.14,0.19,39.42,39.42,1,1,0,0,0,1,0,0,0,0,0,1,ADX>=thresh;MACD_cross_up;RSI_overbought;Price>SMA20
2025-08-11T16:15:45.731663,INTC,21.11,39.41,0.17,0.80,-29.63,-29.63,1,1,0,0,0,0,0,0,1,0,0,1,ADX>=thresh;MACD_cross_up;ATR>=pct;Price>SMA20
2025-08-11T16:15:47.582228,IP,47.26,34.78,0.10,0.20,-26.30,-26.30,1,1,0,0,0,1,0,0,0,0,0,1,ADX>=thresh;MACD_cross_up;RSI_overbought;Price>SMA20
2025-08-11T16:15:50.563149,IVZ,20.71,46.49,0.04,0.18,-9.90,-9.90,1,1,0,0,0,1,0,0,0,0,0,1,ADX>=thresh;MACD_cross_up;RSI_overbought;Price>SMA20
2025-08-11T16:15:55.827481,JNJ,174.02,35.65,0.18,0.10,-35.99,-35.99,1,1,0,0,0,1,0,0,0,0,0,1,ADX>=thresh;MACD_cross_up;RSI_overbought;Price>SMA20
2025-08-11T16:15:57.126376,JPM,291.11,24.63,0.32,0.11,-15.77,-15.77,1,1,0,0,0,1,0,0,0,0,0,1,ADX>=thresh;MACD_cross_up;RSI_overbought;Price>SMA20
2025-08-11T16:15:59.816588,KEY,17.54,34.62,0.03,0.15,-28.97,-28.97,1,1,0,0,0,1,0,0,0,0,0,1,ADX>=thresh;MACD_cross_up;RSI_overbought;Price>SMA20
2025-08-11T16:16:02.205660,KIM,21.05,33.82,0.03,0.14,-21.06,-21.06,1,1,0,0,0,1,0,0,0,0,0,1,ADX>=thresh;MACD_cross_up;RSI_overbought;Price>SMA20
2025-08-11T16:16:02.912114,KMI,27.02,31.87,0.04,0.14,-16.08,-16.08,1,1,0,0,0,1,0,0,0,0,0,1,ADX>=thresh;MACD_cross_up;RSI_overbought;Price>SMA20
2025-08-11T16:16:03.661717,KKR,142.68,34.71,0.20,0.14,-19.83,-19.83,1,1,0,0,1,1,0,0,0,0,0,1,ADX>=thresh;MACD_cross_up;BB_breakout;RSI_overbought;Price>SMA20
2025-08-11T16:16:08.938890,LVS,53.01,28.43,0.08,0.15,-13.25,-13.25,1,1,0,0,0,1,0,0,0,0,0,1,ADX>=thresh;MACD_cross_up;RSI_overbought;Price>SMA20
2025-08-11T16:16:10.438517,LEN,120.27,47.03,0.29,0.24,-18.20,-18.20,1,1,0,0,0,1,0,0,0,0,0,1,ADX>=thresh;MACD_cross_up;RSI_overbought;Price>SMA20
2025-08-11T16:16:12.533306,LIN,468.12,41.25,0.47,0.10,-11.74,-11.74,1,1,0,0,1,1,0,0,0,0,0,1,ADX>=thresh;MACD_cross_up;BB_breakout;RSI_overbought;Price>SMA20
2025-08-11T16:16:14.642171,LMT,427.76,26.95,0.66,0.15,-26.24,-26.24,1,1,0,0,0,1,0,0,0,0,0,1,ADX>=thresh;MACD_cross_up;RSI_overbought;Price>SMA20
2025-08-11T16:16:16.288711,LOW,240.41,38.29,0.40,0.17,-17.50,-17.50,1,1,0,0,0,1,0,0,0,0,0,1,ADX>=thresh;MACD_cross_up;RSI_overbought;Price>SMA20
2025-08-11T16:16:18.647217,MTB,187.05,40.34,0.18,0.10,-46.99,-46.99,1,1,0,0,0,1,0,0,0,0,0,1,ADX>=thresh;MACD_cross_up;RSI_overbought;Price>SMA20
2025-08-11T16:16:24.286048,MTCH,35.38,48.45,0.07,0.20,-3.49,-3.49,1,1,0,0,0,1,0,0,0,0,0,1,ADX>=thresh;MACD_cross_up;RSI_overbought;Price>SMA20
2025-08-11T16:16:25.068901,MKC,69.57,48.01,0.10,0.15,-8.70,-8.70,1,1,0,0,1,1,0,0,0,0,0,1,ADX>=thresh;MACD_cross_up;BB_breakout;RSI_overbought;Price>SMA20
2025-08-11T16:16:27.297715,MDT,92.90,51.69,0.10,0.11,-21.36,-21.36,1,1,0,0,0,1,0,0,0,0,0,1,ADX>=thresh;MACD_cross_up;RSI_overbought;Price>SMA20
2025-08-11T16:16:30.036972,MTD,1260.17,32.22,3.13,0.25,-4.12,-4.12,1,1,0,0,0,1,0,1,0,0,0,1,ADX>=thresh;MACD_cross_up;RSI_overbought;ATR>=abs;Price>SMA20
2025-08-11T16:16:32.674430,MSFT,526.83,29.27,0.70,0.13,-11.50,-11.50,1,1,0,0,0,1,0,0,0,0,0,1,ADX>=thresh;MACD_cross_up;RSI_overbought;Price>SMA20
2025-08-11T16:16:36.056089,MHK,119.80,33.28,0.15,0.13,-37.97,-37.97,1,1,0,0,0,1,0,0,0,0,0,1,ADX>=thresh;MACD_cross_up;RSI_overbought;Price>SMA20
2025-08-11T16:16:37.634689,TAP,50.44,31.21,0.11,0.22,-5.85,-5.85,1,1,0,0,0,1,0,0,0,0,0,1,ADX>=thresh;MACD_cross_up;RSI_overbought;Price>SMA20
2025-08-11T16:16:40.049803,MCO,515.87,28.99,0.53,0.10,-14.71,-14.71,1,1,0,0,1,1,0,0,0,0,0,1,ADX>=thresh;MACD_cross_up;BB_breakout;RSI_overbought;Price>SMA20
2025-08-11T16:16:40.872160,MS,143.99,28.22,0.20,0.14,-10.07,-10.07,1,1,0,0,0,1,0,0,0,0,0,1,ADX>=thresh;MACD_cross_up;RSI_overbought;Price>SMA20
2025-08-11T16:16:45.149877,NEM,69.15,21.00,0.13,0.19,-23.18,-23.18,1,1,0,0,1,1,0,0,0,0,0,1,ADX>=thresh;MACD_cross_up;BB_breakout;RSI_overbought;Price>SMA20
2025-08-11T16:16:48.716934,NI,42.41,28.90,0.05,0.13,-38.35,-38.35,1,1,0,0,0,1,0,0,0,0,0,1,ADX>=thresh;MACD_cross_up;RSI_overbought;Price>SMA20
2025-08-11T16:16:54.997660,NVR,7783.02,35.29,18.72,0.24,-14.92,-14.92,1,1,0,0,1,1,0,1,0,0,0,1,ADX>=thresh;MACD_cross_up;BB_breakout;RSI_overbought;ATR>=abs;Price>SMA20
2025-08-11T16:17:00.884777,OTIS,86.40,45.33,0.13,0.15,-21.83,-21.83,1,1,0,0,0,1,0,0,0,0,0,1,ADX>=thresh;MACD_cross_up;RSI_overbought;Price>SMA20
2025-08-11T16:17:01.694588,PCAR,96.86,41.13,0.11,0.12,1.52,1.52,1,1,0,0,0,1,0,0,0,0,0,1,ADX>=thresh;MACD_cross_up;RSI_overbought;Price>SMA20
2025-08-11T16:17:02.488682,PKG,196.05,51.19,0.14,0.07,-23.91,-23.91,1,1,0,0,1,1,0,0,0,0,0,1,ADX>=thresh;MACD_cross_up;BB_breakout;RSI_overbought;Price>SMA20
2025-08-11T16:17:04.399571,PARA,0.00,23.11,0.04,inf,16.08,16.08,1,1,0,0,0,1,0,0,1,0,0,0,ADX>=thresh;MACD_cross_up;RSI_overbought;ATR>=pct
2025-08-11T16:17:08.071272,PNR,102.97,21.48,0.12,0.12,-12.63,-12.63,1,1,0,0,0,1,0,0,0,0,0,1,ADX>=thresh;MACD_cross_up;RSI_overbought;Price>SMA20
2025-08-11T16:17:11.185632,PM,168.62,33.25,0.33,0.19,-43.86,-43.86,1,1,0,0,1,1,0,0,0,0,0,1,ADX>=thresh;MACD_cross_up;BB_breakout;RSI_overbought;Price>SMA20
2025-08-11T16:17:14.458386,PPG,106.97,21.89,0.17,0.16,-20.85,-20.85,1,1,0,0,0,1,0,0,0,0,0,1,ADX>=thresh;MACD_cross_up;RSI_overbought;Price>SMA20
2025-08-11T16:17:16.323999,PG,154.72,30.15,0.18,0.12,-19.45,-19.45,1,1,0,0,0,1,0,0,0,0,0,1,ADX>=thresh;MACD_cross_up;RSI_overbought;Price>SMA20
2025-08-11T16:17:17.813674,PLD,105.16,47.59,0.17,0.16,-5.96,-5.96,1,1,0,0,0,1,0,0,0,0,0,1,ADX>=thresh;MACD_cross_up;RSI_overbought;Price>SMA20
2025-08-11T16:17:18.508066,PRU,103.47,44.54,0.12,0.12,-39.38,-39.38,1,1,0,0,0,1,0,0,0,0,0,1,ADX>=thresh;MACD_cross_up;RSI_overbought;Price>SMA20
2025-08-11T16:17:20.619202,PSA,281.25,33.53,0.36,0.13,-5.78,-5.78,1,1,0,0,0,1,0,0,0,0,0,1,ADX>=thresh;MACD_cross_up;RSI_overbought;Price>SMA20
2025-08-11T16:17:21.275756,PHM,120.10,45.52,0.25,0.21,-35.60,-35.60,1,1,0,0,0,1,0,0,0,0,0,1,ADX>=thresh;MACD_cross_up;RSI_overbought;Price>SMA20
2025-08-11T16:17:22.146221,PWR,385.29,44.79,0.81,0.21,-27.41,-27.41,1,1,0,0,1,1,0,0,0,0,0,1,ADX>=thresh;MACD_cross_up;BB_breakout;RSI_overbought;Price>SMA20
2025-08-11T16:17:25.624315,RJF,165.47,33.94,0.15,0.09,-17.86,-17.86,1,1,0,0,0,1,0,0,0,0,0,1,ADX>=thresh;MACD_cross_up;RSI_overbought;Price>SMA20
2025-08-11T16:17:27.008703,O,57.87,32.22,0.06,0.11,-33.36,-33.36,1,1,0,0,1,1,0,0,0,0,0,1,ADX>=thresh;MACD_cross_up;BB_breakout;RSI_overbought;Price>SMA20
2025-08-11T16:17:30.333701,RMD,286.06,31.69,0.40,0.14,-28.87,-28.87,1,1,0,0,0,1,0,0,0,0,0,1,ADX>=thresh;MACD_cross_up;RSI_overbought;Price>SMA20
2025-08-11T16:17:37.847504,SRE,81.58,46.17,0.12,0.15,-19.57,-19.57,1,1,0,0,0,1,0,0,0,0,0,1,ADX>=thresh;MACD_cross_up;RSI_overbought;Price>SMA20
2025-08-11T16:17:39.083665,SHW,356.58,20.73,0.59,0.17,24.26,24.26,1,1,0,0,1,1,0,0,0,0,0,1,ADX>=thresh;MACD_cross_up;BB_breakout;RSI_overbought;Price>SMA20
2025-08-11T16:17:39.706833,SPG,165.06,42.91,0.19,0.11,-29.85,-29.85,1,1,0,0,0,1,0,0,0,0,0,1,ADX>=thresh;MACD_cross_up;RSI_overbought;Price>SMA20
2025-08-11T16:17:41.304682,SW,43.38,41.30,0.08,0.18,-3.82,-3.82,1,1,0,0,0,1,0,0,0,0,0,1,ADX>=thresh;MACD_cross_up;RSI_overbought;Price>SMA20
2025-08-11T16:17:48.092216,SMCI,46.16,30.24,0.19,0.42,-17.72,-17.72,1,1,0,0,0,1,0,0,0,0,0,1,ADX>=thresh;MACD_cross_up;RSI_overbought;Price>SMA20
2025-08-11T16:17:49.449449,SNPS,618.05,35.85,0.83,0.13,-39.02,-39.02,1,1,0,0,0,1,0,0,0,0,0,1,ADX>=thresh;MACD_cross_up;RSI_overbought;Price>SMA20
2025-08-11T16:17:51.347753,TROW,105.65,54.83,0.13,0.12,15.68,15.68,1,1,0,0,0,1,0,0,0,0,0,1,ADX>=thresh;MACD_cross_up;RSI_overbought;Price>SMA20
2025-08-11T16:17:53.311572,TRGP,167.21,32.69,0.31,0.19,-15.07,-15.07,1,1,0,0,0,1,0,0,0,0,0,1,ADX>=thresh;MACD_cross_up;RSI_overbought;Price>SMA20
2025-08-11T16:17:57.847432,TPL,868.00,31.94,3.41,0.39,-4.75,-4.75,1,1,0,0,0,0,0,1,0,0,0,1,ADX>=thresh;MACD_cross_up;ATR>=abs;Price>SMA20
2025-08-11T16:18:12.190918,VTR,68.93,23.19,0.06,0.09,-13.01,-13.01,1,1,0,0,1,1,0,0,0,0,0,1,ADX>=thresh;MACD_cross_up;BB_breakout;RSI_overbought;Price>SMA20
2025-08-11T16:18:19.639274,WAB,191.38,49.11,0.25,0.13,-22.03,-22.03,1,1,0,0,1,1,0,0,0,0,0,1,ADX>=thresh;MACD_cross_up;BB_breakout;RSI_overbought;Price>SMA20
2025-08-11T16:18:21.434050,DIS,112.71,34.60,0.19,0.17,-6.33,-6.33,1,1,0,0,0,1,0,0,0,0,0,1,ADX>=thresh;MACD_cross_up;RSI_overbought;Price>SMA20
2025-08-11T16:18:22.764260,WM,236.64,28.40,0.21,0.09,-33.84,-33.84,1,1,0,0,1,1,0,0,0,0,0,1,ADX>=thresh;MACD_cross_up;BB_breakout;RSI_overbought;Price>SMA20
2025-08-11T16:18:25.347830,WELL,169.47,23.27,0.21,0.13,12.75,12.75,1,1,0,0,0,1,0,0,0,0,0,1,ADX>=thresh;MACD_cross_up;RSI_overbought;Price>SMA20
2025-08-11T16:18:30.188921,WY,25.35,56.94,0.04,0.15,-18.84,-18.84,1,1,0,0,0,1,0,0,0,0,0,1,ADX>=thresh;MACD_cross_up;RSI_overbought;Price>SMA20
2025-08-11T16:18:30.931792,WSM,199.71,45.00,0.33,0.17,-31.43,-31.43,1,1,0,0,0,1,0,0,0,0,0,1,ADX>=thresh;MACD_cross_up;RSI_overbought;Price>SMA20
2025-08-11T16:18:32.459610,WTW,328.54,42.03,0.47,0.14,0.45,0.45,1,1,0,0,1,0,0,0,0,0,0,1,ADX>=thresh;MACD_cross_up;BB_breakout;Price>SMA20
2025-08-11T16:18:33.836587,WYNN,108.08,36.37,0.16,0.15,-27.42,-27.42,1,1,0,0,0,1,0,0,0,0,0,1,ADX>=thresh;MACD_cross_up;RSI_overbought;Price>SMA20
2025-08-11T16:18:43.479081,MMM,154.59,29.07,0.21,0.13,-12.43,-12.43,1,1,0,0,0,1,0,0,0,0,0,1,ADX>=thresh;MACD_cross_up;RSI_overbought;Price>SMA20
2025-08-11T16:18:49.308389,AFL,103.74,48.54,0.10,0.10,-31.91,-31.91,1,1,0,0,0,1,0,0,0,0,0,1,ADX>=thresh;MACD_cross_up;RSI_overbought;Price>SMA20
2025-08-11T16:18:50.833263,APD,285.68,37.51,0.41,0.14,-35.70,-35.70,1,1,0,0,0,1,0,0,0,0,0,1,ADX>=thresh;MACD_cross_up;RSI_overbought;Price>SMA20
2025-08-11T16:18:55.750498,ALL,207.01,28.93,0.22,0.11,-17.41,-17.41,1,1,0,0,0,1,0,0,0,0,0,1,ADX>=thresh;MACD_cross_up;RSI_overbought;Price>SMA20
2025-08-11T16:18:57.684956,MO,65.39,35.43,0.10,0.16,-24.41,-24.41,1,1,0,0,0,1,0,0,0,0,0,1,ADX>=thresh;MACD_cross_up;RSI_overbought;Price>SMA20
2025-08-11T16:18:58.444299,AMZN,221.97,20.86,0.31,0.14,-8.43,-8.43,1,1,0,0,0,1,0,0,0,0,0,1,ADX>=thresh;MACD_cross_up;RSI_overbought;Price>SMA20
2025-08-11T16:19:00.885274,AXP,296.63,21.04,0.36,0.12,-13.09,-13.09,1,1,0,0,0,1,0,0,0,0,0,1,ADX>=thresh;MACD_cross_up;RSI_overbought;Price>SMA20
2025-08-11T16:19:01.627075,AIG,78.78,20.90,0.08,0.10,-26.83,-26.83,1,1,0,0,0,1,0,0,0,0,0,1,ADX>=thresh;MACD_cross_up;RSI_overbought;Price>SMA20
2025-08-11T16:19:02.360614,AMT,206.07,38.10,0.31,0.15,-26.17,-26.17,1,1,0,0,1,1,0,0,0,0,0,1,ADX>=thresh;MACD_cross_up;BB_breakout;RSI_overbought;Price>SMA20
2025-08-11T16:19:04.538159,AME,182.79,52.30,0.20,0.11,3.30,3.30,1,1,0,0,0,1,0,0,0,0,0,1,ADX>=thresh;MACD_cross_up;RSI_overbought;Price>SMA20
2025-08-11T16:19:08.910611,APO,143.16,30.71,0.25,0.17,-9.62,-9.62,1,1,0,0,0,1,0,0,0,0,0,1,ADX>=thresh;MACD_cross_up;RSI_overbought;Price>SMA20
2025-08-11T16:19:11.140997,ACGL,89.86,22.23,0.11,0.12,-32.46,-32.46,1,1,0,0,1,1,0,0,0,0,0,1,ADX>=thresh;MACD_cross_up;BB_breakout;RSI_overbought;Price>SMA20
2025-08-11T16:19:21.575595,BALL,53.92,50.12,0.08,0.15,-7.76,-7.76,1,1,0,0,0,1,0,0,0,0,0,1,ADX>=thresh;MACD_cross_up;RSI_overbought;Price>SMA20
2025-08-11T16:19:23.555686,BDX,192.53,46.16,0.29,0.15,-7.56,-7.56,1,1,0,0,0,1,0,0,0,0,0,1,ADX>=thresh;MACD_cross_up;RSI_overbought;Price>SMA20
2025-08-11T16:19:27.058611,BLK,1132.01,20.82,1.58,0.14,-16.40,-16.40,1,1,0,0,1,1,0,0,0,0,0,1,ADX>=thresh;MACD_cross_up;BB_breakout;RSI_overbought;Price>SMA20
2025-08-11T16:19:28.262151,BK,103.50,32.18,0.12,0.12,-20.90,-20.90,1,1,0,0,0,1,0,0,0,0,0,1,ADX>=thresh;MACD_cross_up;RSI_overbought;Price>SMA20
2025-08-11T16:19:33.495678,BRO,94.38,28.24,0.15,0.16,-12.00,-12.00,1,1,0,0,1,1,0,0,0,0,0,1,ADX>=thresh;MACD_cross_up;BB_breakout;RSI_overbought;Price>SMA20
2025-08-11T16:19:36.883778,CHRW,116.61,20.63,0.19,0.16,-21.52,-21.52,1,1,0,0,0,1,0,0,0,0,0,1,ADX>=thresh;MACD_cross_up;RSI_overbought;Price>SMA20
2025-08-11T16:19:37.532685,CDNS,350.95,60.03,0.67,0.19,-7.36,-7.36,1,1,0,0,1,1,0,0,0,0,0,1,ADX>=thresh;MACD_cross_up;BB_breakout;RSI_overbought;Price>SMA20
2025-08-11T16:19:39.118762,CPT,104.77,25.03,0.14,0.13,-16.48,-16.48,1,1,0,0,0,1,0,0,0,0,0,1,ADX>=thresh;MACD_cross_up;RSI_overbought;Price>SMA20
2025-08-11T16:19:44.172294,CBRE,155.57,53.84,0.18,0.12,-13.31,-13.31,1,1,0,0,0,1,0,0,0,0,0,1,ADX>=thresh;MACD_cross_up;RSI_overbought;Price>SMA20
2025-08-11T16:19:49.509491,CMG,41.95,46.45,0.08,0.19,-21.18,-21.18,1,1,0,0,0,1,0,0,0,0,0,1,ADX>=thresh;MACD_cross_up;RSI_overbought;Price>SMA20
2025-08-11T16:19:50.131092,CB,270.96,40.53,0.29,0.11,-13.20,-13.20,1,1,0,0,1,0,0,0,0,0,0,1,ADX>=thresh;MACD_cross_up;BB_breakout;Price>SMA20
2025-08-11T16:19:52.297635,CTAS,224.18,26.30,0.18,0.08,-33.71,-33.71,1,1,0,0,1,1,0,0,0,0,0,1,ADX>=thresh;MACD_cross_up;BB_breakout;RSI_overbought;Price>SMA20
2025-08-11T16:19:54.193797,CFG,47.17,30.71,0.06,0.13,-25.78,-25.78,1,1,0,0,0,1,0,0,0,0,0,1,ADX>=thresh;MACD_cross_up;RSI_overbought;Price>SMA20
2025-08-11T16:19:56.429404,KO,70.43,42.97,0.07,0.10,-9.27,-9.27,1,1,0,0,0,1,0,0,0,0,0,1,ADX>=thresh;MACD_cross_up;RSI_overbought;Price>SMA20
2025-08-11T16:19:57.692980,COIN,332.40,22.21,1.81,0.55,-28.12,-28.12,1,1,0,0,0,1,0,0,1,0,0,1,ADX>=thresh;MACD_cross_up;RSI_overbought;ATR>=pct;Price>SMA20
2025-08-11T16:20:02.952557,CPRT,46.83,23.77,0.07,0.16,-26.66,-26.66,1,1,0,0,0,1,0,0,0,0,0,1,ADX>=thresh;MACD_cross_up;RSI_overbought;Price>SMA20
2025-08-11T16:20:05.632658,CPAY,303.88,41.81,0.43,0.14,-16.69,-16.69,1,1,0,0,1,1,0,0,0,0,0,1,ADX>=thresh;MACD_cross_up;BB_breakout;RSI_overbought;Price>SMA20
2025-08-11T16:20:13.722240,DECK,100.61,35.70,0.20,0.20,-1.88,-1.88,1,1,0,0,0,1,0,0,0,0,0,1,ADX>=thresh;MACD_cross_up;RSI_overbought;Price>SMA20
2025-08-11T16:20:21.438055,DASH,259.21,52.24,0.59,0.23,-9.29,-9.29,1,1,0,0,0,1,0,0,0,0,0,1,ADX>=thresh;MACD_cross_up;RSI_overbought;Price>SMA20
2025-08-11T16:20:23.398509,DHI,154.60,38.63,0.32,0.21,-22.22,-22.22,1,1,0,0,0,1,0,0,0,0,0,1,ADX>=thresh;MACD_cross_up;RSI_overbought;Price>SMA20
2025-08-11T16:20:24.979772,DD,70.00,32.04,0.10,0.14,-20.13,-20.13,1,1,0,0,0,1,0,0,0,0,0,1,ADX>=thresh;MACD_cross_up;RSI_overbought;Price>SMA20
2025-08-11T16:20:27.253852,ECL,273.33,25.21,0.24,0.09,-17.24,-17.24,1,1,0,0,0,1,0,0,0,0,0,1,ADX>=thresh;MACD_cross_up;RSI_overbought;Price>SMA20
2025-08-11T16:20:28.402410,EW,78.14,26.52,0.14,0.17,-5.95,-5.95,1,1,0,0,0,1,0,0,0,0,0,1,ADX>=thresh;MACD_cross_up;RSI_overbought;Price>SMA20
2025-08-11T16:20:30.152190,EMR,132.84,26.69,0.19,0.14,12.16,12.16,1,1,0,0,0,1,0,0,0,0,0,1,ADX>=thresh;MACD_cross_up;RSI_overbought;Price>SMA20
2025-08-11T16:20:30.826169,ENPH,33.15,26.72,0.13,0.39,-20.19,-20.19,1,1,0,0,0,1,0,0,0,0,0,1,ADX>=thresh;MACD_cross_up;RSI_overbought;Price>SMA20
2025-08-11T16:20:31.472314,ETR,89.91,32.83,0.09,0.10,-36.72,-36.72,1,1,0,0,0,1,0,0,0,0,0,1,ADX>=thresh;MACD_cross_up;RSI_overbought;Price>SMA20
2025-08-11T16:20:32.194144,EOG,116.42,30.94,0.24,0.20,-14.79,-14.79,1,1,0,0,0,1,0,0,0,0,0,1,ADX>=thresh;MACD_cross_up;RSI_overbought;Price>SMA20
2025-08-11T16:20:34.815072,EQIX,781.38,23.16,0.78,0.10,-0.38,-0.38,1,1,0,0,1,1,0,0,0,0,0,1,ADX>=thresh;MACD_cross_up;BB_breakout;RSI_overbought;Price>SMA20
2025-08-11T16:20:39.062553,ES,65.52,22.01,0.06,0.10,-29.67,-29.67,1,1,0,0,0,1,0,0,0,0,0,1,ADX>=thresh;MACD_cross_up;RSI_overbought;Price>SMA20
2025-08-11T16:20:47.827550,FICO,1325.51,28.35,3.60,0.27,5.10,5.10,1,1,0,0,0,1,0,1,0,0,0,1,ADX>=thresh;MACD_cross_up;RSI_overbought;ATR>=abs;Price>SMA20
2025-08-11T16:20:48.557053,FAST,47.68,38.18,0.07,0.14,-11.45,-11.45,1,1,0,0,0,1,0,0,0,0,0,1,ADX>=thresh;MACD_cross_up;RSI_overbought;Price>SMA20
2025-08-11T16:20:50.535850,FIS,69.74,54.58,0.13,0.19,-32.30,-32.30,1,1,0,0,1,1,0,0,0,0,0,1,ADX>=thresh;MACD_cross_up;BB_breakout;RSI_overbought;Price>SMA20
2025-08-11T16:20:54.708962,FTV,46.78,41.25,0.08,0.17,-19.10,-19.10,1,1,0,0,0,1,0,0,0,0,0,1,ADX>=thresh;MACD_cross_up;RSI_overbought;Price>SMA20
2025-08-11T16:20:58.453759,GRMN,230.12,42.96,0.28,0.12,-48.44,-48.44,1,1,0,0,0,1,0,0,0,0,0,1,ADX>=thresh;MACD_cross_up;RSI_overbought;Price>SMA20
2025-08-11T16:21:02.366970,GNRC,196.36,26.57,0.27,0.14,-2.70,-2.70,1,1,0,0,0,1,0,0,0,0,0,1,ADX>=thresh;MACD_cross_up;RSI_overbought;Price>SMA20
2025-08-11T16:21:04.310073,GM,54.06,27.51,0.08,0.15,-7.86,-7.86,1,1,0,0,0,1,0,0,0,0,0,1,ADX>=thresh;MACD_cross_up;RSI_overbought;Price>SMA20
2025-08-11T16:21:08.635017,GS,721.25,33.68,0.86,0.12,-5.74,-5.74,1,1,0,0,0,1,0,0,0,0,0,1,ADX>=thresh;MACD_cross_up;RSI_overbought;Price>SMA20
2025-08-11T16:21:16.413247,HD,386.98,43.04,0.54,0.14,-10.36,-10.36,1,1,0,0,0,1,0,0,0,0,0,1,ADX>=thresh;MACD_cross_up;RSI_overbought;Price>SMA20
2025-08-11T16:21:17.293137,HON,215.27,35.59,0.20,0.09,-14.27,-14.27,1,1,0,0,0,1,0,0,0,0,0,1,ADX>=thresh;MACD_cross_up;RSI_overbought;Price>SMA20
2025-08-11T16:21:18.893050,HST,15.31,37.62,0.03,0.18,-17.88,-17.88,1,1,0,0,0,1,0,0,0,0,0,1,ADX>=thresh;MACD_cross_up;RSI_overbought;Price>SMA20
2025-08-11T16:21:24.762007,IDXX,654.22,41.53,1.11,0.17,-56.19,-56.19,1,1,0,0,0,1,0,0,0,0,0,1,ADX>=thresh;MACD_cross_up;RSI_overbought;Price>SMA20
2025-08-11T16:21:27.073218,IR,76.49,40.37,0.15,0.20,30.08,30.08,1,1,0,0,0,1,0,0,0,0,0,1,ADX>=thresh;MACD_cross_up;RSI_overbought;Price>SMA20
2025-08-11T16:21:29.136340,IFF,63.58,23.95,0.13,0.20,-14.28,-14.28,1,1,0,0,1,1,0,0,0,0,0,1,ADX>=thresh;MACD_cross_up;BB_breakout;RSI_overbought;Price>SMA20
2025-08-11T16:21:43.302742,KKR,142.60,33.24,0.19,0.13,-21.31,-21.31,1,1,0,0,0,1,0,0,0,0,0,1,ADX>=thresh;MACD_cross_up;RSI_overbought;Price>SMA20
2025-08-11T16:21:45.166788,KR,74.59,20.88,0.08,0.11,-43.54,-43.54,1,1,0,0,1,1,0,0,0,0,0,1,ADX>=thresh;MACD_cross_up;BB_breakout;RSI_overbought;Price>SMA20
2025-08-11T16:21:48.866603,LEN,120.07,45.23,0.26,0.22,-22.20,-22.20,1,1,0,0,0,1,0,0,0,0,0,1,ADX>=thresh;MACD_cross_up;RSI_overbought;Price>SMA20
2025-08-11T16:22:03.104712,META,772.74,20.60,1.35,0.17,5.30,5.30,1,1,0,0,0,1,0,0,0,0,0,1,ADX>=thresh;MACD_cross_up;RSI_overbought;Price>SMA20
2025-08-11T16:22:06.703507,MSFT,527.31,26.71,0.70,0.13,-11.24,-11.24,1,1,0,0,0,1,0,0,0,0,0,1,ADX>=thresh;MACD_cross_up;RSI_overbought;Price>SMA20
2025-08-11T16:22:11.635842,MCO,515.67,25.58,0.50,0.10,-10.30,-10.30,1,1,0,0,0,1,0,0,0,0,0,1,ADX>=thresh;MACD_cross_up;RSI_overbought;Price>SMA20
2025-08-11T16:22:12.492665,MS,143.99,27.73,0.20,0.14,-5.86,-5.86,1,1,0,0,0,1,0,0,0,0,0,1,ADX>=thresh;MACD_cross_up;RSI_overbought;Price>SMA20
2025-08-11T16:22:17.104188,NEM,69.09,22.71,0.12,0.18,-17.96,-17.96,1,1,0,0,0,1,0,0,0,0,0,1,ADX>=thresh;MACD_cross_up;RSI_overbought;Price>SMA20
2025-08-11T16:22:20.261538,NI,42.41,30.50,0.05,0.12,-36.34,-36.34,1,1,0,0,0,1,0,0,0,0,0,1,ADX>=thresh;MACD_cross_up;RSI_overbought;Price>SMA20
2025-08-11T16:22:26.032855,NVR,7785.22,33.81,12.18,0.16,-44.12,-44.12,1,1,0,0,0,1,0,1,0,0,0,1,ADX>=thresh;MACD_cross_up;RSI_overbought;ATR>=abs;Price>SMA20
2025-08-11T16:22:32.356712,PKG,195.91,52.97,0.15,0.08,-20.41,-20.41,1,1,0,0,0,1,0,0,0,0,0,1,ADX>=thresh;MACD_cross_up;RSI_overbought;Price>SMA20
2025-08-11T16:22:33.941077,PARA,0.00,23.11,0.04,inf,16.08,16.08,1,1,0,0,0,1,0,0,1,0,0,0,ADX>=thresh;MACD_cross_up;RSI_overbought;ATR>=pct
2025-08-11T16:22:39.487534,PNR,102.94,20.95,0.11,0.11,-12.29,-12.29,1,1,0,0,0,1,0,0,0,0,0,1,ADX>=thresh;MACD_cross_up;RSI_overbought;Price>SMA20
2025-08-11T16:22:41.998620,PM,168.62,36.89,0.31,0.19,-37.28,-37.28,1,1,0,0,0,1,0,0,0,0,0,1,ADX>=thresh;MACD_cross_up;RSI_overbought;Price>SMA20
2025-08-11T16:22:46.666228,PG,154.74,33.68,0.18,0.12,-16.10,-16.10,1,1,0,0,0,1,0,0,0,0,0,1,ADX>=thresh;MACD_cross_up;RSI_overbought;Price>SMA20
2025-08-11T16:22:48.512203,PLD,105.04,48.30,0.17,0.16,-23.31,-23.31,1,1,0,0,0,1,0,0,0,0,0,1,ADX>=thresh;MACD_cross_up;RSI_overbought;Price>SMA20
2025-08-11T16:22:51.627939,PHM,119.94,44.30,0.24,0.20,-31.52,-31.52,1,1,0,0,0,1,0,0,0,0,0,1,ADX>=thresh;MACD_cross_up;RSI_overbought;Price>SMA20
2025-08-11T16:22:52.371100,PWR,384.87,46.97,0.76,0.20,-29.60,-29.60,1,1,0,0,0,1,0,0,0,0,0,1,ADX>=thresh;MACD_cross_up;RSI_overbought;Price>SMA20
2025-08-11T16:22:54.815058,RJF,165.58,30.19,0.14,0.09,-16.91,-16.91,1,1,0,0,1,1,0,0,0,0,0,1,ADX>=thresh;MACD_cross_up;BB_breakout;RSI_overbought;Price>SMA20
2025-08-11T16:22:56.300024,O,57.89,36.86,0.06,0.10,-34.51,-34.51,1,1,0,0,1,1,0,0,0,0,0,1,ADX>=thresh;MACD_cross_up;BB_breakout;RSI_overbought;Price>SMA20
2025-08-11T16:22:57.994760,RF,24.83,37.44,0.03,0.14,-19.15,-19.15,1,1,0,0,0,1,0,0,0,0,0,1,ADX>=thresh;MACD_cross_up;RSI_overbought;Price>SMA20
2025-08-11T16:23:06.037892,SRE,81.66,52.07,0.11,0.14,-22.56,-22.56,1,1,0,0,0,1,0,0,0,0,0,1,ADX>=thresh;MACD_cross_up;RSI_overbought;Price>SMA20
2025-08-11T16:23:07.348465,SHW,356.43,25.29,0.59,0.16,23.54,23.54,1,1,0,0,0,1,0,0,0,0,0,1,ADX>=thresh;MACD_cross_up;RSI_overbought;Price>SMA20
2025-08-11T16:23:08.021627,SPG,165.06,44.45,0.20,0.12,-28.84,-28.84,1,1,0,0,0,1,0,0,0,0,0,1,ADX>=thresh;MACD_cross_up;RSI_overbought;Price>SMA20
2025-08-11T16:23:09.825766,SW,43.41,42.98,0.08,0.18,0.58,0.58,1,1,0,0,0,1,0,0,0,0,0,1,ADX>=thresh;MACD_cross_up;RSI_overbought;Price>SMA20
2025-08-11T16:23:15.437301,STT,110.55,52.29,0.11,0.10,-12.48,-12.48,1,1,0,0,1,0,0,0,0,0,0,1,ADX>=thresh;MACD_cross_up;BB_breakout;Price>SMA20
2025-08-11T16:23:18.292960,SMCI,46.21,30.25,0.20,0.42,-11.12,-11.12,1,1,0,0,0,1,0,0,0,0,0,1,ADX>=thresh;MACD_cross_up;RSI_overbought;Price>SMA20
2025-08-11T16:23:19.033444,SYF,69.69,23.79,0.11,0.16,-10.42,-10.42,1,1,0,0,0,1,0,0,0,0,0,1,ADX>=thresh;MACD_cross_up;RSI_overbought;Price>SMA20
2025-08-11T16:23:19.743766,SNPS,617.55,32.47,0.80,0.13,-33.17,-33.17,1,1,0,0,0,1,0,0,0,0,0,1,ADX>=thresh;MACD_cross_up;RSI_overbought;Price>SMA20
2025-08-11T16:23:21.889949,TROW,105.67,53.74,0.14,0.14,30.17,30.17,1,1,0,0,0,1,0,0,0,0,0,1,ADX>=thresh;MACD_cross_up;RSI_overbought;Price>SMA20
2025-08-11T16:23:23.743626,TRGP,167.41,34.05,0.30,0.18,-13.10,-13.10,1,1,0,0,1,1,0,0,0,0,0,1,ADX>=thresh;MACD_cross_up;BB_breakout;RSI_overbought;Price>SMA20
2025-08-11T16:23:30.619970,TSCO,59.40,31.56,0.09,0.16,-0.74,-0.74,1,1,0,0,0,1,0,0,0,0,0,1,ADX>=thresh;MACD_cross_up;RSI_overbought;Price>SMA20
2025-08-11T16:23:33.622937,TFC,42.99,40.97,0.06,0.15,-5.38,-5.38,1,1,0,0,0,1,0,0,0,0,0,1,ADX>=thresh;MACD_cross_up;RSI_overbought;Price>SMA20
2025-08-11T16:23:35.466047,USB,44.73,32.72,0.05,0.12,-7.44,-7.44,1,1,0,0,0,1,0,0,0,0,0,1,ADX>=thresh;MACD_cross_up;RSI_overbought;Price>SMA20
2025-08-11T16:23:41.829703,VTR,68.92,24.13,0.06,0.08,-19.70,-19.70,1,1,0,0,0,1,0,0,0,0,0,1,ADX>=thresh;MACD_cross_up;RSI_overbought;Price>SMA20
2025-08-11T16:23:48.854780,WAB,191.38,45.09,0.23,0.12,-20.58,-20.58,1,1,0,0,1,1,0,0,0,0,0,1,ADX>=thresh;MACD_cross_up;BB_breakout;RSI_overbought;Price>SMA20
2025-08-11T16:23:50.752004,DIS,112.93,36.93,0.19,0.17,-9.12,-9.12,1,1,0,0,1,1,0,0,0,0,0,1,ADX>=thresh;MACD_cross_up;BB_breakout;RSI_overbought;Price>SMA20
2025-08-11T16:23:52.167894,WM,236.63,26.04,0.21,0.09,-40.55,-40.55,1,1,0,0,0,1,0,0,0,0,0,1,ADX>=thresh;MACD_cross_up;RSI_overbought;Price>SMA20
2025-08-11T16:23:53.921918,WFC,77.86,30.75,0.11,0.14,-0.33,-0.33,1,1,0,0,1,1,0,0,0,0,0,1,ADX>=thresh;MACD_cross_up;BB_breakout;RSI_overbought;Price>SMA20
2025-08-11T16:23:57.070073,WSM,200.08,45.05,0.33,0.17,-26.38,-26.38,1,1,0,0,1,1,0,0,0,0,0,1,ADX>=thresh;MACD_cross_up;BB_breakout;RSI_overbought;Price>SMA20
2025-08-11T16:23:57.734329,WMB,58.46,29.35,0.09,0.16,-2.74,-2.74,1,1,0,0,1,0,0,0,0,0,0,1,ADX>=thresh;MACD_cross_up;BB_breakout;Price>SMA20
2025-08-11T16:23:59.520254,WYNN,108.05,39.81,0.16,0.15,-21.08,-21.08,1,1,0,0,0,1,0,0,0,0,0,1,ADX>=thresh;MACD_cross_up;RSI_overbought;Price>SMA20
2025-08-11T16:24:01.371921,YUM,141.63,44.85,0.14,0.10,-22.43,-22.43,1,1,0,0,1,1,0,0,0,0,0,1,ADX>=thresh;MACD_cross_up;BB_breakout;RSI_overbought;Price>SMA20
2025-08-11T16:24:03.618133,ZTS,148.31,46.96,0.23,0.16,7.96,7.96,1,1,0,0,0,1,0,0,0,0,0,1,ADX>=thresh;MACD_cross_up;RSI_overbought;Price>SMA20
2025-08-11T16:24:09.403897,MMM,154.57,31.43,0.20,0.13,-13.03,-13.03,1,1,0,0,0,1,0,0,0,0,0,1,ADX>=thresh;MACD_cross_up;RSI_overbought;Price>SMA20
2025-08-11T16:24:14.359325,AFL,103.79,42.96,0.10,0.10,-26.09,-26.09,1,1,0,0,0,1,0,0,0,0,0,1,ADX>=thresh;MACD_cross_up;RSI_overbought;Price>SMA20
2025-08-11T16:24:22.083313,AMZN,221.97,21.80,0.31,0.14,-7.44,-7.44,1,1,0,0,0,1,0,0,0,0,0,1,ADX>=thresh;MACD_cross_up;RSI_overbought;Price>SMA20
2025-08-11T16:24:27.044908,AIG,78.83,20.21,0.08,0.10,-22.42,-22.42,1,1,0,0,1,1,0,0,0,0,0,1,ADX>=thresh;MACD_cross_up;BB_breakout;RSI_overbought;Price>SMA20
2025-08-11T16:24:29.671987,AME,182.93,56.25,0.20,0.11,7.00,7.00,1,1,0,0,0,1,0,0,0,0,0,1,ADX>=thresh;MACD_cross_up;RSI_overbought;Price>SMA20
2025-08-11T16:24:31.011024,APH,110.55,39.45,0.16,0.15,-28.16,-28.16,1,1,0,0,1,1,0,0,0,0,0,1,ADX>=thresh;MACD_cross_up;BB_breakout;RSI_overbought;Price>SMA20
2025-08-11T16:24:33.341910,APO,143.34,29.09,0.24,0.17,-4.58,-4.58,1,1,0,0,1,1,0,0,0,0,0,1,ADX>=thresh;MACD_cross_up;BB_breakout;RSI_overbought;Price>SMA20
2025-08-11T16:24:43.612624,BALL,53.91,49.12,0.08,0.14,-8.73,-8.73,1,1,0,0,0,1,0,0,0,0,0,1,ADX>=thresh;MACD_cross_up;RSI_overbought;Price>SMA20
2025-08-11T16:24:45.156723,BDX,192.38,47.46,0.28,0.15,-10.58,-10.58,1,1,0,0,0,1,0,0,0,0,0,1,ADX>=thresh;MACD_cross_up;RSI_overbought;Price>SMA20
2025-08-11T16:24:46.554548,BBY,68.59,41.97,0.15,0.22,4.41,4.41,1,1,0,0,0,1,0,0,0,0,0,1,ADX>=thresh;MACD_cross_up;RSI_overbought;Price>SMA20
2025-08-11T16:24:48.427403,BLK,1130.99,24.38,1.60,0.14,-10.26,-10.26,1,1,0,0,0,1,0,0,0,0,0,1,ADX>=thresh;MACD_cross_up;RSI_overbought;Price>SMA20
2025-08-11T16:24:49.585754,BK,103.58,31.35,0.12,0.11,-7.53,-7.53,1,1,0,0,0,1,0,0,0,0,0,1,ADX>=thresh;MACD_cross_up;RSI_overbought;Price>SMA20
2025-08-11T16:24:57.109672,CHRW,116.67,21.23,0.18,0.15,-13.14,-13.14,1,1,0,0,0,1,0,0,0,0,0,1,ADX>=thresh;MACD_cross_up;RSI_overbought;Price>SMA20
2025-08-11T16:24:58.937693,CPT,104.80,24.78,0.13,0.12,-16.79,-16.79,1,1,0,0,0,1,0,0,0,0,0,1,ADX>=thresh;MACD_cross_up;RSI_overbought;Price>SMA20
2025-08-11T16:25:04.689397,CBRE,155.56,54.72,0.18,0.11,-13.43,-13.43,1,1,0,0,0,1,0,0,0,0,0,1,ADX>=thresh;MACD_cross_up;RSI_overbought;Price>SMA20
2025-08-11T16:25:17.151494,CFG,47.22,29.68,0.06,0.12,-20.07,-20.07,1,1,0,0,0,1,0,0,0,0,0,1,ADX>=thresh;MACD_cross_up;RSI_overbought;Price>SMA20
2025-08-11T16:25:19.530921,KO,70.45,50.33,0.06,0.09,-27.96,-27.96,1,1,0,0,0,1,0,0,0,0,0,1,ADX>=thresh;MACD_cross_up;RSI_overbought;Price>SMA20
2025-08-11T16:25:27.109202,CPRT,46.82,21.25,0.07,0.15,-31.98,-31.98,1,1,0,0,0,1,0,0,0,0,0,1,ADX>=thresh;MACD_cross_up;RSI_overbought;Price>SMA20
2025-08-11T16:25:28.510416,CPAY,304.12,41.00,0.41,0.14,-26.69,-26.69,1,1,0,0,1,1,0,0,0,0,0,1,ADX>=thresh;MACD_cross_up;BB_breakout;RSI_overbought;Price>SMA20
2025-08-11T16:25:33.005869,CMI,389.11,42.95,0.47,0.12,-8.74,-8.74,1,1,0,0,1,1,0,0,0,0,0,1,ADX>=thresh;MACD_cross_up;BB_breakout;RSI_overbought;Price>SMA20
2025-08-11T16:25:34.969661,DRI,201.31,26.85,0.21,0.10,-35.95,-35.95,1,1,0,0,0,1,0,0,0,0,0,1,ADX>=thresh;MACD_cross_up;RSI_overbought;Price>SMA20
2025-08-11T16:25:39.364196,DVN,33.09,48.59,0.08,0.24,-32.13,-32.13,1,1,0,0,1,1,0,0,0,0,0,1,ADX>=thresh;MACD_cross_up;BB_breakout;RSI_overbought;Price>SMA20
2025-08-11T16:25:41.240694,DLR,169.77,26.22,0.20,0.12,-8.44,-8.44,1,1,0,0,0,1,0,0,0,0,0,1,ADX>=thresh;MACD_cross_up;RSI_overbought;Price>SMA20
2025-08-11T16:25:45.264854,DOV,175.33,61.48,0.20,0.11,-29.59,-29.59,1,1,0,0,1,1,0,0,0,0,0,1,ADX>=thresh;MACD_cross_up;BB_breakout;RSI_overbought;Price>SMA20
2025-08-11T16:25:46.573512,DHI,154.65,41.94,0.30,0.19,-32.25,-32.25,1,1,0,0,0,1,0,0,0,0,0,1,ADX>=thresh;MACD_cross_up;RSI_overbought;Price>SMA20
2025-08-11T16:25:48.130284,DD,70.03,36.27,0.09,0.13,-30.99,-30.99,1,1,0,0,0,1,0,0,0,0,0,1,ADX>=thresh;MACD_cross_up;RSI_overbought;Price>SMA20
2025-08-11T16:25:51.553108,EW,78.17,29.60,0.13,0.16,-10.61,-10.61,1,1,0,0,0,1,0,0,0,0,0,1,ADX>=thresh;MACD_cross_up;RSI_overbought;Price>SMA20
2025-08-11T16:25:53.343319,EMR,132.86,25.81,0.19,0.14,18.48,18.48,1,1,0,0,0,1,0,0,0,0,0,1,ADX>=thresh;MACD_cross_up;RSI_overbought;Price>SMA20
2025-08-11T16:25:53.984147,ENPH,33.21,29.73,0.13,0.39,-18.38,-18.38,1,1,0,0,0,1,0,0,0,0,0,1,ADX>=thresh;MACD_cross_up;RSI_overbought;Price>SMA20
2025-08-11T16:25:54.612144,ETR,89.96,35.33,0.09,0.10,-30.45,-30.45,1,1,0,0,1,1,0,0,0,0,0,1,ADX>=thresh;MACD_cross_up;BB_breakout;RSI_overbought;Price>SMA20
2025-08-11T16:25:55.329237,EOG,116.71,31.73,0.24,0.21,-18.85,-18.85,1,1,0,0,0,1,0,0,0,0,0,1,ADX>=thresh;MACD_cross_up;RSI_overbought;Price>SMA20
2025-08-11T16:26:04.084155,ES,65.54,24.90,0.06,0.10,-22.24,-22.24,1,1,0,0,0,1,0,0,0,0,0,1,ADX>=thresh;MACD_cross_up;RSI_overbought;Price>SMA20
2025-08-11T16:26:04.737685,EXC,44.77,21.61,0.04,0.09,-34.15,-34.15,1,1,0,0,1,1,0,0,0,0,0,1,ADX>=thresh;MACD_cross_up;BB_breakout;RSI_overbought;Price>SMA20
2025-08-11T16:26:05.470687,EXE,98.58,21.37,0.18,0.18,-15.80,-15.80,1,1,0,0,1,0,0,0,0,0,0,1,ADX>=thresh;MACD_cross_up;BB_breakout;Price>SMA20
2025-08-11T16:26:07.964619,XOM,106.13,25.17,0.15,0.14,-23.34,-23.34,1,1,0,0,0,1,0,0,0,0,0,1,ADX>=thresh;MACD_cross_up;RSI_overbought;Price>SMA20
2025-08-11T16:26:09.222307,FDS,379.86,25.14,0.49,0.13,-29.15,-29.15,1,1,0,0,1,0,0,0,0,0,0,1,ADX>=thresh;MACD_cross_up;BB_breakout;Price>SMA20
2025-08-11T16:26:09.858207,FICO,1328.03,30.91,3.18,0.24,-16.12,-16.12,1,1,0,0,0,1,0,1,0,0,0,1,ADX>=thresh;MACD_cross_up;RSI_overbought;ATR>=abs;Price>SMA20
2025-08-11T16:26:10.550793,FAST,47.69,40.46,0.06,0.13,-9.30,-9.30,1,1,0,0,0,1,0,0,0,0,0,1,ADX>=thresh;MACD_cross_up;RSI_overbought;Price>SMA20
2025-08-11T16:26:12.409387,FIS,69.86,52.86,0.13,0.19,-22.97,-22.97,1,1,0,0,0,1,0,0,0,0,0,1,ADX>=thresh;MACD_cross_up;RSI_overbought;Price>SMA20
2025-08-11T16:26:16.031306,FTV,46.87,41.62,0.08,0.18,-15.07,-15.07,1,1,0,0,0,1,0,0,0,0,0,1,ADX>=thresh;MACD_cross_up;RSI_overbought;Price>SMA20
2025-08-11T16:26:17.828401,BEN,25.27,43.62,0.03,0.12,-11.42,-11.42,1,1,0,0,0,1,0,0,0,0,0,1,ADX>=thresh;MACD_cross_up;RSI_overbought;Price>SMA20
2025-08-11T16:26:19.110415,GRMN,230.15,41.79,0.24,0.10,-47.85,-47.85,1,1,0,0,0,1,0,0,0,0,0,1,ADX>=thresh;MACD_cross_up;RSI_overbought;Price>SMA20
2025-08-11T16:26:22.372353,GNRC,196.48,26.98,0.30,0.15,10.84,10.84,1,1,0,0,0,1,0,0,0,0,0,1,ADX>=thresh;MACD_cross_up;RSI_overbought;Price>SMA20
2025-08-11T16:26:24.122371,GM,54.11,29.32,0.08,0.15,-22.25,-22.25,1,1,0,0,0,1,0,0,0,0,0,1,ADX>=thresh;MACD_cross_up;RSI_overbought;Price>SMA20
2025-08-11T16:26:27.983132,GS,721.76,30.96,0.84,0.12,4.79,4.79,1,1,0,0,0,1,0,0,0,0,0,1,ADX>=thresh;MACD_cross_up;RSI_overbought;Price>SMA20
2025-08-11T16:26:29.349589,HIG,128.59,60.61,0.14,0.11,-26.11,-26.11,1,1,0,0,1,0,0,0,0,0,0,1,ADX>=thresh;MACD_cross_up;BB_breakout;Price>SMA20
2025-08-11T16:26:30.875421,DOC,16.96,26.09,0.03,0.15,-27.51,-27.51,1,1,0,0,0,1,0,0,0,0,0,1,ADX>=thresh;MACD_cross_up;RSI_overbought;Price>SMA20
2025-08-11T16:26:34.749314,HD,387.25,44.66,0.49,0.13,-12.72,-12.72,1,1,0,0,0,1,0,0,0,0,0,1,ADX>=thresh;MACD_cross_up;RSI_overbought;Price>SMA20
2025-08-11T16:26:35.341964,HON,215.32,34.40,0.20,0.09,-16.36,-16.36,1,1,0,0,0,1,0,0,0,0,0,1,ADX>=thresh;MACD_cross_up;RSI_overbought;Price>SMA20
2025-08-11T16:26:36.750767,HST,15.32,37.93,0.03,0.18,-20.89,-20.89,1,1,0,0,0,1,0,0,0,0,0,1,ADX>=thresh;MACD_cross_up;RSI_overbought;Price>SMA20
2025-08-11T16:26:42.321245,ITW,257.62,42.14,0.32,0.12,-12.74,-12.74,1,1,0,0,0,1,0,0,0,0,0,1,ADX>=thresh;MACD_cross_up;RSI_overbought;Price>SMA20
2025-08-11T16:26:43.313265,IR,76.65,43.56,0.16,0.21,14.27,14.27,1,1,0,0,0,1,0,0,0,0,0,1,ADX>=thresh;MACD_cross_up;RSI_overbought;Price>SMA20
2025-08-11T16:26:44.283261,INTC,21.16,31.55,0.12,0.58,-28.01,-28.01,1,1,0,0,0,0,0,0,1,0,0,1,ADX>=thresh;MACD_cross_up;ATR>=pct;Price>SMA20
2025-08-11T16:26:47.998944,IVZ,20.70,44.60,0.04,0.17,-21.04,-21.04,1,1,0,0,0,1,0,0,0,0,0,1,ADX>=thresh;MACD_cross_up;RSI_overbought;Price>SMA20
2025-08-11T16:26:57.523447,KMI,27.04,27.83,0.04,0.14,-12.26,-12.26,1,1,0,0,1,1,0,0,0,0,0,1,ADX>=thresh;MACD_cross_up;BB_breakout;RSI_overbought;Price>SMA20
2025-08-11T16:26:58.090307,KKR,142.81,32.78,0.19,0.13,-13.32,-13.32,1,1,0,0,0,1,0,0,0,0,0,1,ADX>=thresh;MACD_cross_up;RSI_overbought;Price>SMA20
2025-08-11T16:27:06.124643,LMT,427.48,27.47,0.54,0.13,-36.28,-36.28,1,1,0,0,0,1,0,0,0,0,0,1,ADX>=thresh;MACD_cross_up;RSI_overbought;Price>SMA20
2025-08-11T16:27:07.739955,LOW,240.30,37.86,0.35,0.14,-19.54,-19.54,1,1,0,0,0,1,0,0,0,0,0,1,ADX>=thresh;MACD_cross_up;RSI_overbought;Price>SMA20
2025-08-11T16:27:26.559694,MET,75.56,32.58,0.12,0.16,-29.77,-29.77,1,1,0,0,1,1,0,0,0,0,0,1,ADX>=thresh;MACD_cross_up;BB_breakout;RSI_overbought;Price>SMA20
2025-08-11T16:27:29.623843,MSFT,527.28,24.04,0.69,0.13,-19.95,-19.95,1,1,0,0,0,1,0,0,0,0,0,1,ADX>=thresh;MACD_cross_up;RSI_overbought;Price>SMA20
2025-08-11T16:27:34.944824,MS,144.03,29.16,0.19,0.14,3.94,3.94,1,1,0,0,0,1,0,0,0,0,0,1,ADX>=thresh;MACD_cross_up;RSI_overbought;Price>SMA20
2025-08-11T16:27:43.572445,NI,42.52,34.28,0.05,0.13,-23.21,-23.21,1,1,0,0,1,1,0,0,0,0,0,1,ADX>=thresh;MACD_cross_up;BB_breakout;RSI_overbought;Price>SMA20
2025-08-11T16:27:49.468957,NVR,7773.72,32.63,12.15,0.16,-46.02,-46.02,1,1,0,0,0,0,0,1,0,0,0,1,ADX>=thresh;MACD_cross_up;ATR>=abs;Price>SMA20
2025-08-11T16:27:54.872533,PCAR,96.88,38.01,0.10,0.10,-2.41,-2.41,1,1,0,0,0,1,0,0,0,0,0,1,ADX>=thresh;MACD_cross_up;RSI_overbought;Price>SMA20
2025-08-11T16:27:55.573209,PKG,195.91,52.99,0.16,0.08,-18.65,-18.65,1,1,0,0,0,1,0,0,0,0,0,1,ADX>=thresh;MACD_cross_up;RSI_overbought;Price>SMA20
2025-08-11T16:27:57.199606,PARA,0.00,23.11,0.04,inf,16.08,16.08,1,1,0,0,0,1,0,0,1,0,0,0,ADX>=thresh;MACD_cross_up;RSI_overbought;ATR>=pct
2025-08-11T16:28:01.382521,PNR,102.98,23.50,0.11,0.10,-12.15,-12.15,1,1,0,0,0,1,0,0,0,0,0,1,ADX>=thresh;MACD_cross_up;RSI_overbought;Price>SMA20
2025-08-11T16:28:03.810201,PM,168.63,40.01,0.32,0.19,-41.55,-41.55,1,1,0,0,0,1,0,0,0,0,0,1,ADX>=thresh;MACD_cross_up;RSI_overbought;Price>SMA20
2025-08-11T16:28:06.711335,PPG,106.97,22.51,0.16,0.15,-23.16,-23.16,1,1,0,0,0,1,0,0,0,0,0,1,ADX>=thresh;MACD_cross_up;RSI_overbought;Price>SMA20
2025-08-11T16:28:08.679052,PG,154.84,37.90,0.17,0.11,-22.40,-22.40,1,1,0,0,0,1,0,0,0,0,0,1,ADX>=thresh;MACD_cross_up;RSI_overbought;Price>SMA20
2025-08-11T16:28:10.062351,PLD,105.22,50.56,0.17,0.16,-22.67,-22.67,1,1,0,0,0,1,0,0,0,0,0,1,ADX>=thresh;MACD_cross_up;RSI_overbought;Price>SMA20
2025-08-11T16:28:10.759393,PRU,103.60,37.37,0.13,0.12,-25.36,-25.36,1,1,0,0,1,1,0,0,0,0,0,1,ADX>=thresh;MACD_cross_up;BB_breakout;RSI_overbought;Price>SMA20
2025-08-11T16:28:12.687775,PSA,281.24,36.52,0.36,0.13,-27.85,-27.85,1,1,0,0,0,1,0,0,0,0,0,1,ADX>=thresh;MACD_cross_up;RSI_overbought;Price>SMA20
2025-08-11T16:28:14.143665,PWR,384.95,50.21,0.69,0.18,-29.53,-29.53,1,1,0,0,0,1,0,0,0,0,0,1,ADX>=thresh;MACD_cross_up;RSI_overbought;Price>SMA20
2025-08-11T16:28:18.488724,RJF,165.57,28.06,0.15,0.09,-7.31,-7.31,1,1,0,0,0,1,0,0,0,0,0,1,ADX>=thresh;MACD_cross_up;RSI_overbought;Price>SMA20
2025-08-11T16:28:20.070398,O,57.90,42.42,0.06,0.10,-35.04,-35.04,1,1,0,0,0,1,0,0,0,0,0,1,ADX>=thresh;MACD_cross_up;RSI_overbought;Price>SMA20
2025-08-11T16:28:30.637342,SRE,81.83,58.16,0.11,0.14,-12.43,-12.43,1,1,0,0,1,1,0,0,0,0,0,1,ADX>=thresh;MACD_cross_up;BB_breakout;RSI_overbought;Price>SMA20
2025-08-11T16:28:32.253267,SHW,356.98,30.62,0.59,0.17,20.81,20.81,1,1,0,0,0,1,0,0,0,0,0,1,ADX>=thresh;MACD_cross_up;RSI_overbought;Price>SMA20
2025-08-11T16:28:33.073098,SPG,165.19,47.38,0.20,0.12,-33.03,-33.03,1,1,0,0,1,1,0,0,0,0,0,1,ADX>=thresh;MACD_cross_up;BB_breakout;RSI_overbought;Price>SMA20
2025-08-11T16:28:34.753646,SW,43.43,45.58,0.08,0.19,8.94,8.94,1,1,0,0,0,1,0,0,0,0,0,1,ADX>=thresh;MACD_cross_up;RSI_overbought;Price>SMA20
2025-08-11T16:28:42.826424,SYF,69.68,26.93,0.11,0.15,-5.80,-5.80,1,1,0,0,0,1,0,0,0,0,0,1,ADX>=thresh;MACD_cross_up;RSI_overbought;Price>SMA20
2025-08-11T16:28:45.650927,TROW,105.74,53.98,0.14,0.13,26.76,26.76,1,1,0,0,0,1,0,0,0,0,0,1,ADX>=thresh;MACD_cross_up;RSI_overbought;Price>SMA20
2025-08-11T16:28:47.567306,TRGP,167.59,31.69,0.29,0.17,-11.60,-11.60,1,1,0,0,0,1,0,0,0,0,0,1,ADX>=thresh;MACD_cross_up;RSI_overbought;Price>SMA20
2025-08-11T16:29:01.205567,UDR,37.77,20.59,0.05,0.13,-23.66,-23.66,1,1,0,0,0,1,0,0,0,0,0,1,ADX>=thresh;MACD_cross_up;RSI_overbought;Price>SMA20
2025-08-11T16:29:06.102903,VTR,68.93,25.73,0.06,0.08,-23.44,-23.44,1,1,0,0,0,1,0,0,0,0,0,1,ADX>=thresh;MACD_cross_up;RSI_overbought;Price>SMA20
2025-08-11T16:29:13.809221,WAB,191.54,41.82,0.24,0.12,-17.79,-17.79,1,1,0,0,0,1,0,0,0,0,0,1,ADX>=thresh;MACD_cross_up;RSI_overbought;Price>SMA20
2025-08-11T16:29:15.805610,DIS,112.99,38.59,0.20,0.17,-11.06,-11.06,1,1,0,0,1,1,0,0,0,0,0,1,ADX>=thresh;MACD_cross_up;BB_breakout;RSI_overbought;Price>SMA20
2025-08-11T16:29:19.515020,WELL,169.48,26.92,0.22,0.13,5.96,5.96,1,1,0,0,0,1,0,0,0,0,0,1,ADX>=thresh;MACD_cross_up;RSI_overbought;Price>SMA20
2025-08-11T16:29:21.770963,WY,25.35,53.47,0.04,0.15,-20.93,-20.93,1,1,0,0,0,1,0,0,0,0,0,1,ADX>=thresh;MACD_cross_up;RSI_overbought;Price>SMA20
2025-08-11T16:29:22.517727,WSM,200.14,46.73,0.34,0.17,-14.29,-14.29,1,1,0,0,0,1,0,0,0,0,0,1,ADX>=thresh;MACD_cross_up;RSI_overbought;Price>SMA20
2025-08-11T16:29:23.211739,WMB,58.48,26.23,0.09,0.16,-2.96,-2.96,1,1,0,0,1,1,0,0,0,0,0,1,ADX>=thresh;MACD_cross_up;BB_breakout;RSI_overbought;Price>SMA20
2025-08-11T16:29:23.981039,WTW,328.58,45.67,0.49,0.15,-18.26,-18.26,1,1,0,0,1,0,0,0,0,0,0,1,ADX>=thresh;MACD_cross_up;BB_breakout;Price>SMA20
2025-08-11T16:29:25.195214,WYNN,108.08,44.20,0.15,0.14,-18.75,-18.75,1,1,0,0,0,1,0,0,0,0,0,1,ADX>=thresh;MACD_cross_up;RSI_overbought;Price>SMA20
2025-08-11T16:29:25.993949,XEL,72.77,29.51,0.07,0.10,-29.54,-29.54,1,1,0,0,1,0,0,0,0,0,0,1,ADX>=thresh;MACD_cross_up;BB_breakout;Price>SMA20
2025-08-11T16:29:28.819323,ZTS,148.33,48.74,0.23,0.16,15.50,15.50,1,1,0,0,0,1,0,0,0,0,0,1,ADX>=thresh;MACD_cross_up;RSI_overbought;Price>SMA20
2025-08-11T16:29:34.654369,MMM,154.58,34.71,0.20,0.13,-5.60,-5.60,1,1,0,0,0,1,0,0,0,0,0,1,ADX>=thresh;MACD_cross_up;RSI_overbought;Price>SMA20
2025-08-11T16:29:39.733424,AFL,103.81,38.58,0.10,0.10,-28.93,-28.93,1,1,0,0,0,1,0,0,0,0,0,1,ADX>=thresh;MACD_cross_up;RSI_overbought;Price>SMA20
2025-08-11T16:29:45.214042,ALL,207.09,28.74,0.21,0.10,-20.52,-20.52,1,1,0,0,0,1,0,0,0,0,0,1,ADX>=thresh;MACD_cross_up;RSI_overbought;Price>SMA20
2025-08-11T16:29:47.714309,AMZN,222.09,24.02,0.31,0.14,-2.99,-2.99,1,1,0,0,0,1,0,0,0,0,0,1,ADX>=thresh;MACD_cross_up;RSI_overbought;Price>SMA20
2025-08-11T16:29:50.601446,AIG,78.87,22.49,0.08,0.10,-19.00,-19.00,1,1,0,0,1,1,0,0,0,0,0,1,ADX>=thresh;MACD_cross_up;BB_breakout;RSI_overbought;Price>SMA20
2025-08-11T16:29:51.344197,AMT,206.07,34.61,0.30,0.15,-24.13,-24.13,1,1,0,0,0,1,0,0,0,0,0,1,ADX>=thresh;MACD_cross_up;RSI_overbought;Price>SMA20
2025-08-11T16:29:53.269579,AME,183.09,61.48,0.20,0.11,-1.74,-1.74,1,1,0,0,0,1,0,0,0,0,0,1,ADX>=thresh;MACD_cross_up;RSI_overbought;Price>SMA20
2025-08-11T16:29:55.628942,APH,110.55,40.69,0.16,0.15,-24.85,-24.85,1,1,0,0,0,1,0,0,0,0,0,1,ADX>=thresh;MACD_cross_up;RSI_overbought;Price>SMA20
2025-08-11T16:29:58.138418,APO,143.41,28.51,0.25,0.17,1.32,1.32,1,1,0,0,0,1,0,0,0,0,0,1,ADX>=thresh;MACD_cross_up;RSI_overbought;Price>SMA20
2025-08-11T16:30:02.367550,AIZ,204.00,40.11,0.22,0.11,-5.94,-5.94,1,1,0,0,1,0,0,0,0,0,0,1,ADX>=thresh;MACD_cross_up;BB_breakout;Price>SMA20
2025-08-11T16:30:06.573868,AVB,185.90,28.54,0.26,0.14,-9.24,-9.24,1,1,0,0,1,1,0,0,0,0,0,1,ADX>=thresh;MACD_cross_up;BB_breakout;RSI_overbought;Price>SMA20
2025-08-11T16:30:07.291555,AVY,170.67,21.42,0.25,0.14,-37.95,-37.95,1,1,0,0,0,1,0,0,0,0,0,1,ADX>=thresh;MACD_cross_up;RSI_overbought;Price>SMA20
2025-08-11T16:30:12.845894,BBY,68.58,42.29,0.15,0.21,-2.92,-2.92,1,1,0,0,0,1,0,0,0,0,0,1,ADX>=thresh;MACD_cross_up;RSI_overbought;Price>SMA20
2025-08-11T16:30:14.547777,BLK,1131.48,32.65,1.49,0.13,-10.02,-10.02,1,1,0,0,0,1,0,0,0,0,0,1,ADX>=thresh;MACD_cross_up;RSI_overbought;Price>SMA20
2025-08-11T16:30:18.742263,AVGO,307.57,20.80,0.55,0.18,-26.61,-26.61,1,1,0,0,1,1,0,0,0,0,0,1,ADX>=thresh;MACD_cross_up;BB_breakout;RSI_overbought;Price>SMA20
2025-08-11T16:30:23.061364,CHRW,116.64,22.10,0.17,0.15,-22.22,-22.22,1,1,0,0,0,1,0,0,0,0,0,1,ADX>=thresh;MACD_cross_up;RSI_overbought;Price>SMA20
2025-08-11T16:30:25.038440,CPT,104.81,24.97,0.13,0.12,-19.24,-19.24,1,1,0,0,0,1,0,0,0,0,0,1,ADX>=thresh;MACD_cross_up;RSI_overbought;Price>SMA20
2025-08-11T16:30:33.051931,CNP,38.60,22.59,0.04,0.09,-48.22,-48.22,1,1,0,0,0,1,0,0,0,0,0,1,ADX>=thresh;MACD_cross_up;RSI_overbought;Price>SMA20
2025-08-11T16:30:37.450099,CB,271.08,39.17,0.27,0.10,-17.61,-17.61,1,1,0,0,1,0,0,0,0,0,0,1,ADX>=thresh;MACD_cross_up;BB_breakout;Price>SMA20
2025-08-11T16:30:51.785682,CPAY,304.02,38.85,0.41,0.13,-34.92,-34.92,1,1,0,0,0,1,0,0,0,0,0,1,ADX>=thresh;MACD_cross_up;RSI_overbought;Price>SMA20
2025-08-11T16:30:52.605475,CTVA,71.72,37.43,0.09,0.12,7.89,7.89,1,1,0,0,0,1,0,0,0,0,0,1,ADX>=thresh;MACD_cross_up;RSI_overbought;Price>SMA20
2025-08-11T16:30:56.767207,CMI,389.43,41.39,0.42,0.11,-5.48,-5.48,1,1,0,0,0,1,0,0,0,0,0,1,ADX>=thresh;MACD_cross_up;RSI_overbought;Price>SMA20
2025-08-11T16:30:58.482137,DRI,201.34,30.63,0.19,0.10,-37.75,-37.75,1,1,0,0,0,1,0,0,0,0,0,1,ADX>=thresh;MACD_cross_up;RSI_overbought;Price>SMA20
2025-08-11T16:31:00.975507,DE,505.62,31.58,0.74,0.15,-34.20,-34.20,1,1,0,0,0,1,0,0,0,0,0,1,ADX>=thresh;MACD_cross_up;RSI_overbought;Price>SMA20
2025-08-11T16:31:04.664949,DLR,169.71,24.54,0.20,0.12,-25.69,-25.69,1,1,0,0,0,1,0,0,0,0,0,1,ADX>=thresh;MACD_cross_up;RSI_overbought;Price>SMA20
2025-08-11T16:31:08.468711,DOV,175.15,65.09,0.20,0.12,-22.03,-22.03,1,1,0,0,0,1,0,0,0,0,0,1,ADX>=thresh;MACD_cross_up;RSI_overbought;Price>SMA20
2025-08-11T16:31:13.610643,EW,78.22,34.64,0.12,0.16,-8.98,-8.98,1,1,0,0,0,1,0,0,0,0,0,1,ADX>=thresh;MACD_cross_up;RSI_overbought;Price>SMA20
2025-08-11T16:31:15.983358,ENPH,33.17,35.03,0.13,0.39,-21.22,-21.22,1,1,0,0,0,1,0,0,0,0,0,1,ADX>=thresh;MACD_cross_up;RSI_overbought;Price>SMA20
2025-08-11T16:31:17.398663,EOG,116.75,34.41,0.22,0.19,-21.72,-21.72,1,1,0,0,0,1,0,0,0,0,0,1,ADX>=thresh;MACD_cross_up;RSI_overbought;Price>SMA20
2025-08-11T16:31:20.139363,EQR,62.59,23.74,0.09,0.14,-21.58,-21.58,1,1,0,0,0,1,0,0,0,0,0,1,ADX>=thresh;MACD_cross_up;RSI_overbought;Price>SMA20
2025-08-11T16:31:23.899689,EXC,44.77,25.16,0.04,0.09,-22.06,-22.06,1,1,0,0,0,1,0,0,0,0,0,1,ADX>=thresh;MACD_cross_up;RSI_overbought;Price>SMA20
2025-08-11T16:31:24.604800,EXE,98.58,20.85,0.18,0.18,-22.18,-22.18,1,1,0,0,1,0,0,0,0,0,0,1,ADX>=thresh;MACD_cross_up;BB_breakout;Price>SMA20
2025-08-11T16:31:29.405458,FICO,1326.00,30.59,3.25,0.25,-13.38,-13.38,1,1,0,0,0,1,0,1,0,0,0,1,ADX>=thresh;MACD_cross_up;RSI_overbought;ATR>=abs;Price>SMA20
2025-08-11T16:31:30.147668,FAST,47.71,43.25,0.06,0.13,-20.23,-20.23,1,1,0,0,0,1,0,0,0,0,0,1,ADX>=thresh;MACD_cross_up;RSI_overbought;Price>SMA20
2025-08-11T16:31:33.885338,FIS,69.83,51.44,0.13,0.18,-18.14,-18.14,1,1,0,0,0,1,0,0,0,0,0,1,ADX>=thresh;MACD_cross_up;RSI_overbought;Price>SMA20
2025-08-11T16:31:37.948487,FTV,46.87,44.17,0.08,0.17,-16.43,-16.43,1,1,0,0,0,1,0,0,0,0,0,1,ADX>=thresh;MACD_cross_up;RSI_overbought;Price>SMA20
2025-08-11T16:31:44.243494,GNRC,196.44,29.83,0.30,0.15,10.41,10.41,1,1,0,0,0,1,0,0,0,0,0,1,ADX>=thresh;MACD_cross_up;RSI_overbought;Price>SMA20
2025-08-11T16:31:50.819547,HIG,128.62,56.93,0.13,0.10,-26.58,-26.58,1,1,0,0,1,0,0,0,0,0,0,1,ADX>=thresh;MACD_cross_up;BB_breakout;Price>SMA20
2025-08-11T16:31:54.817601,HLT,261.62,33.53,0.29,0.11,-12.84,-12.84,1,1,0,0,0,1,0,0,0,0,0,1,ADX>=thresh;MACD_cross_up;RSI_overbought;Price>SMA20
2025-08-11T16:31:56.081475,HD,387.32,47.81,0.46,0.12,-23.11,-23.11,1,1,0,0,0,1,0,0,0,0,0,1,ADX>=thresh;MACD_cross_up;RSI_overbought;Price>SMA20
2025-08-11T16:31:57.908603,HST,15.31,39.10,0.03,0.16,-12.22,-12.22,1,1,0,0,0,1,0,0,0,0,0,1,ADX>=thresh;MACD_cross_up;RSI_overbought;Price>SMA20
2025-08-11T16:32:03.051909,ITW,257.80,47.65,0.34,0.13,1.12,1.12,1,1,0,0,0,1,0,0,0,0,0,1,ADX>=thresh;MACD_cross_up;RSI_overbought;Price>SMA20
2025-08-11T16:32:04.109780,IR,76.61,47.44,0.16,0.21,4.93,4.93,1,1,0,0,0,1,0,0,0,0,0,1,ADX>=thresh;MACD_cross_up;RSI_overbought;Price>SMA20
2025-08-11T16:32:06.104190,IFF,63.66,25.26,0.13,0.20,-11.79,-11.79,1,1,0,0,0,1,0,0,0,0,0,1,ADX>=thresh;MACD_cross_up;RSI_overbought;Price>SMA20
2025-08-11T16:32:36.956380,MA,571.88,26.51,0.62,0.11,-18.51,-18.51,1,1,0,0,0,1,0,0,0,0,0,1,ADX>=thresh;MACD_cross_up;RSI_overbought;Price>SMA20
2025-08-11T16:32:40.408060,MDT,92.93,47.16,0.10,0.10,-16.21,-16.21,1,1,0,0,0,1,0,0,0,0,0,1,ADX>=thresh;MACD_cross_up;RSI_overbought;Price>SMA20
2025-08-11T16:33:01.280363,MNST,63.28,21.38,0.11,0.17,-23.72,-23.72,1,1,0,0,0,1,0,0,0,0,0,1,ADX>=thresh;MACD_cross_up;RSI_overbought;Price>SMA20
2025-08-11T16:33:02.696050,MS,144.03,30.44,0.19,0.13,-2.34,-2.34,1,1,0,0,0,1,0,0,0,0,0,1,ADX>=thresh;MACD_cross_up;RSI_overbought;Price>SMA20
2025-08-11T16:33:05.842064,NFLX,1222.20,26.95,1.83,0.15,-16.11,-16.11,1,1,0,0,1,1,0,0,0,0,0,1,ADX>=thresh;MACD_cross_up;BB_breakout;RSI_overbought;Price>SMA20
2025-08-11T16:33:09.605316,NI,42.46,37.58,0.05,0.13,-11.35,-11.35,1,1,0,0,0,1,0,0,0,0,0,1,ADX>=thresh;MACD_cross_up;RSI_overbought;Price>SMA20
2025-08-11T16:33:15.586411,NVR,7773.72,32.63,12.37,0.16,-43.84,-43.84,1,1,0,0,0,0,0,1,0,0,0,1,ADX>=thresh;MACD_cross_up;ATR>=abs;Price>SMA20
2025-08-11T16:33:16.900207,ORLY,103.31,22.07,0.11,0.10,-6.58,-6.58,1,1,0,0,0,1,0,0,0,0,0,1,ADX>=thresh;MACD_cross_up;RSI_overbought;Price>SMA20
2025-08-11T16:33:22.225467,PCAR,96.87,38.16,0.11,0.11,-0.85,-0.85,1,1,0,0,0,1,0,0,0,0,0,1,ADX>=thresh;MACD_cross_up;RSI_overbought;Price>SMA20
2025-08-11T16:33:23.057658,PKG,195.91,52.99,0.16,0.08,-18.65,-18.65,1,1,0,0,0,1,0,0,0,0,0,1,ADX>=thresh;MACD_cross_up;RSI_overbought;Price>SMA20
2025-08-11T16:33:25.148262,PARA,0.00,22.69,0.04,inf,17.64,17.64,1,1,0,0,0,1,0,0,1,0,0,0,ADX>=thresh;MACD_cross_up;RSI_overbought;ATR>=pct
2025-08-11T16:33:31.691437,PM,168.64,42.81,0.32,0.19,-36.70,-36.70,1,1,0,0,0,1,0,0,0,0,0,1,ADX>=thresh;MACD_cross_up;RSI_overbought;Price>SMA20
2025-08-11T16:33:37.027669,PG,154.85,43.20,0.16,0.11,-19.12,-19.12,1,1,0,0,0,1,0,0,0,0,0,1,ADX>=thresh;MACD_cross_up;RSI_overbought;Price>SMA20
2025-08-11T16:33:38.557369,PLD,105.17,53.89,0.17,0.16,-23.95,-23.95,1,1,0,0,0,1,0,0,0,0,0,1,ADX>=thresh;MACD_cross_up;RSI_overbought;Price>SMA20
2025-08-11T16:33:42.452275,PWR,385.52,53.68,0.64,0.17,-33.65,-33.65,1,1,0,0,0,1,0,0,0,0,0,1,ADX>=thresh;MACD_cross_up;RSI_overbought;Price>SMA20
2025-08-11T16:33:44.922776,RJF,165.53,27.17,0.15,0.09,-7.38,-7.38,1,1,0,0,0,1,0,0,0,0,0,1,ADX>=thresh;MACD_cross_up;RSI_overbought;Price>SMA20
2025-08-11T16:33:46.742598,O,57.88,48.68,0.06,0.10,-28.21,-28.21,1,1,0,0,0,1,0,0,0,0,0,1,ADX>=thresh;MACD_cross_up;RSI_overbought;Price>SMA20
2025-08-11T16:33:56.975180,SRE,81.70,61.46,0.11,0.14,-2.94,-2.94,1,1,0,0,0,1,0,0,0,0,0,1,ADX>=thresh;MACD_cross_up;RSI_overbought;Price>SMA20
2025-08-11T16:33:58.583118,SHW,356.44,37.11,0.59,0.16,17.44,17.44,1,1,0,0,0,1,0,0,0,0,0,1,ADX>=thresh;MACD_cross_up;RSI_overbought;Price>SMA20
2025-08-11T16:34:12.275309,TROW,105.65,54.05,0.14,0.13,20.58,20.58,1,1,0,0,0,1,0,0,0,0,0,1,ADX>=thresh;MACD_cross_up;RSI_overbought;Price>SMA20
2025-08-11T16:34:15.754580,TEL,200.67,40.54,0.29,0.15,-5.19,-5.19,1,1,0,0,1,1,0,0,0,0,0,1,ADX>=thresh;MACD_cross_up;BB_breakout;RSI_overbought;Price>SMA20
2025-08-11T16:34:40.939583,WAB,191.46,38.67,0.24,0.12,-22.02,-22.02,1,1,0,0,0,1,0,0,0,0,0,1,ADX>=thresh;MACD_cross_up;RSI_overbought;Price>SMA20
2025-08-11T16:34:43.784803,DIS,112.84,41.13,0.20,0.18,-5.37,-5.37,1,1,0,0,0,1,0,0,0,0,0,1,ADX>=thresh;MACD_cross_up;RSI_overbought;Price>SMA20
2025-08-11T16:34:50.125484,WSM,200.13,50.56,0.32,0.16,-20.01,-20.01,1,1,0,0,0,1,0,0,0,0,0,1,ADX>=thresh;MACD_cross_up;RSI_overbought;Price>SMA20
2025-08-11T16:34:53.558929,WYNN,108.12,50.52,0.16,0.15,-9.51,-9.51,1,1,0,0,0,1,0,0,0,0,0,1,ADX>=thresh;MACD_cross_up;RSI_overbought;Price>SMA20
2025-08-11T16:34:56.541291,ZBH,99.97,27.50,0.22,0.22,-16.51,-16.51,1,1,0,0,1,1,0,0,0,0,0,1,ADX>=thresh;MACD_cross_up;BB_breakout;RSI_overbought;Price>SMA20
2025-08-11T16:35:22.951843,AME,183.03,72.29,0.18,0.10,-26.02,-26.02,1,1,0,0,0,1,0,0,0,0,0,1,ADX>=thresh;MACD_cross_up;RSI_overbought;Price>SMA20
2025-08-11T16:35:24.261787,APH,110.55,44.20,0.14,0.13,-22.85,-22.85,1,1,0,0,0,1,0,0,0,0,0,1,ADX>=thresh;MACD_cross_up;RSI_overbought;Price>SMA20
2025-08-11T16:35:40.682837,AVY,170.61,22.88,0.21,0.12,-53.76,-53.76,1,1,0,0,0,1,0,0,0,0,0,1,ADX>=thresh;MACD_cross_up;RSI_overbought;Price>SMA20
2025-08-11T16:35:45.405182,BBY,68.53,43.88,0.14,0.20,-7.25,-7.25,1,1,0,0,0,1,0,0,0,0,0,1,ADX>=thresh;MACD_cross_up;RSI_overbought;Price>SMA20
2025-08-11T16:35:51.432630,AVGO,307.39,21.99,0.51,0.17,-24.06,-24.06,1,1,0,0,0,1,0,0,0,0,0,1,ADX>=thresh;MACD_cross_up;RSI_overbought;Price>SMA20
2025-08-11T16:36:32.503175,CSX,35.09,22.76,0.05,0.14,-13.54,-13.54,1,1,0,0,0,1,0,0,0,0,0,1,ADX>=thresh;MACD_cross_up;RSI_overbought;Price>SMA20
2025-08-11T16:36:33.216460,CMI,389.00,41.08,0.42,0.11,-2.54,-2.54,1,1,0,0,0,1,0,0,0,0,0,1,ADX>=thresh;MACD_cross_up;RSI_overbought;Price>SMA20
2025-08-11T16:36:36.831936,DE,505.64,30.52,0.68,0.13,-37.25,-37.25,1,1,0,0,0,1,0,0,0,0,0,1,ADX>=thresh;MACD_cross_up;RSI_overbought;Price>SMA20
2025-08-11T16:36:49.483379,EA,173.96,22.21,0.38,0.22,-36.18,-36.18,1,1,0,0,1,1,0,0,0,0,0,1,ADX>=thresh;MACD_cross_up;BB_breakout;RSI_overbought;Price>SMA20
2025-08-11T16:36:52.673257,EOG,116.87,37.64,0.23,0.20,-16.41,-16.41,1,1,0,0,0,1,0,0,0,0,0,1,ADX>=thresh;MACD_cross_up;RSI_overbought;Price>SMA20
2025-08-11T16:36:54.540572,EFX,237.59,28.03,1.00,0.42,-8.26,-8.26,1,1,0,0,0,1,0,0,0,0,0,1,ADX>=thresh;MACD_cross_up;RSI_overbought;Price>SMA20
2025-08-11T16:37:00.027736,EXE,98.64,20.13,0.17,0.17,-30.77,-30.77,1,1,0,0,1,0,0,0,0,0,0,1,ADX>=thresh;MACD_cross_up;BB_breakout;Price>SMA20
2025-08-11T16:37:04.808473,FICO,1324.60,34.45,3.20,0.24,-5.64,-5.64,1,1,0,0,0,1,0,1,0,0,0,1,ADX>=thresh;MACD_cross_up;RSI_overbought;ATR>=abs;Price>SMA20
2025-08-11T16:37:05.471036,FAST,47.66,47.45,0.06,0.12,-32.52,-32.52,1,1,0,0,0,1,0,0,0,0,0,1,ADX>=thresh;MACD_cross_up;RSI_overbought;Price>SMA20
2025-08-11T16:38:10.459077,MAR,258.32,32.28,0.39,0.15,-32.71,-32.71,1,1,0,0,0,1,0,0,0,0,0,1,ADX>=thresh;MACD_cross_up;RSI_overbought;Price>SMA20
2025-08-11T16:38:14.931930,MA,571.96,25.26,0.60,0.10,-21.26,-21.26,1,1,0,0,0,1,0,0,0,0,0,1,ADX>=thresh;MACD_cross_up;RSI_overbought;Price>SMA20
2025-08-11T16:38:15.759667,MTCH,35.40,37.04,0.07,0.19,-25.68,-25.68,1,1,0,0,0,1,0,0,0,0,0,1,ADX>=thresh;MACD_cross_up;RSI_overbought;Price>SMA20
2025-08-11T16:38:18.097117,MDT,92.90,46.61,0.09,0.10,-16.38,-16.38,1,1,0,0,0,1,0,0,0,0,0,1,ADX>=thresh;MACD_cross_up;RSI_overbought;Price>SMA20
2025-08-11T16:38:20.787596,MTD,1257.54,28.66,3.12,0.25,18.27,18.27,1,1,0,0,0,0,0,1,0,0,0,1,ADX>=thresh;MACD_cross_up;ATR>=abs;Price>SMA20
2025-08-11T16:38:31.808654,NFLX,1221.51,25.76,1.77,0.15,-13.55,-13.55,1,1,0,0,0,1,0,0,0,0,0,1,ADX>=thresh;MACD_cross_up;RSI_overbought;Price>SMA20
2025-08-11T16:38:40.581203,NVR,7766.69,31.51,11.27,0.15,-40.97,-40.97,1,1,0,0,0,0,0,1,0,0,0,1,ADX>=thresh;MACD_cross_up;ATR>=abs;Price>SMA20
2025-08-11T16:38:46.618399,PKG,195.91,55.39,0.14,0.07,-17.02,-17.02,1,1,0,0,0,1,0,0,0,0,0,1,ADX>=thresh;MACD_cross_up;RSI_overbought;Price>SMA20
2025-08-11T16:38:48.120650,PARA,0.00,23.11,0.04,inf,16.08,16.08,1,1,0,0,0,1,0,0,1,0,0,0,ADX>=thresh;MACD_cross_up;RSI_overbought;ATR>=pct
2025-08-11T16:38:53.547537,PM,169.01,45.91,0.31,0.18,-29.33,-29.33,1,1,0,0,1,1,0,0,0,0,0,1,ADX>=thresh;MACD_cross_up;BB_breakout;RSI_overbought;Price>SMA20
2025-08-11T16:39:02.063370,PWR,385.87,60.71,0.66,0.17,-21.68,-21.68,1,1,0,0,0,1,0,0,0,0,0,1,ADX>=thresh;MACD_cross_up;RSI_overbought;Price>SMA20
2025-08-11T16:39:27.201056,SNPS,618.35,30.92,0.72,0.12,-10.15,-10.15,1,1,0,0,1,1,0,0,0,0,0,1,ADX>=thresh;MACD_cross_up;BB_breakout;RSI_overbought;Price>SMA20
2025-08-11T16:39:32.125043,TEL,200.69,38.15,0.29,0.14,-5.38,-5.38,1,1,0,0,0,1,0,0,0,0,0,1,ADX>=thresh;MACD_cross_up;RSI_overbought;Price>SMA20
2025-08-11T16:39:45.570783,URI,861.25,20.16,0.92,0.11,-6.49,-6.49,1,1,0,0,0,1,0,0,0,0,0,1,ADX>=thresh;MACD_cross_up;RSI_overbought;Price>SMA20
2025-08-11T16:39:54.430911,WAB,191.49,35.86,0.23,0.12,-20.37,-20.37,1,1,0,0,0,1,0,0,0,0,0,1,ADX>=thresh;MACD_cross_up;RSI_overbought;Price>SMA20
2025-08-11T16:40:06.714696,ZBH,100.05,30.74,0.21,0.21,-14.00,-14.00,1,1,0,0,1,1,0,0,0,0,0,1,ADX>=thresh;MACD_cross_up;BB_breakout;RSI_overbought;Price>SMA20
2025-08-11T16:40:29.300921,APH,110.58,44.82,0.13,0.12,-32.71,-32.71,1,1,0,0,0,1,0,0,0,0,0,1,ADX>=thresh;MACD_cross_up;RSI_overbought;Price>SMA20
2025-08-11T16:40:39.580096,ATO,164.48,20.93,0.21,0.13,2.54,2.54,1,1,0,0,1,1,0,0,0,0,0,1,ADX>=thresh;MACD_cross_up;BB_breakout;RSI_overbought;Price>SMA20
2025-08-11T16:40:46.175019,BBY,68.53,43.95,0.14,0.20,-14.90,-14.90,1,1,0,0,0,1,0,0,0,0,0,1,ADX>=thresh;MACD_cross_up;RSI_overbought;Price>SMA20
2025-08-11T16:41:21.616486,CTVA,71.77,34.07,0.09,0.13,0.82,0.82,1,1,0,0,0,1,0,0,0,0,0,1,ADX>=thresh;MACD_cross_up;RSI_overbought;Price>SMA20
2025-08-11T16:41:24.483238,CSX,35.10,21.42,0.05,0.14,-10.57,-10.57,1,1,0,0,0,1,0,0,0,0,0,1,ADX>=thresh;MACD_cross_up;RSI_overbought;Price>SMA20
2025-08-11T16:41:29.313313,DE,506.10,31.02,0.71,0.14,-28.83,-28.83,1,1,0,0,0,1,0,0,0,0,0,1,ADX>=thresh;MACD_cross_up;RSI_overbought;Price>SMA20
2025-08-11T16:41:43.371374,EA,174.01,22.53,0.36,0.21,-43.87,-43.87,1,1,0,0,0,1,0,0,0,0,0,1,ADX>=thresh;MACD_cross_up;RSI_overbought;Price>SMA20
2025-08-11T16:41:48.102353,EOG,116.91,40.51,0.21,0.18,-22.96,-22.96,1,1,0,0,0,1,0,0,0,0,0,1,ADX>=thresh;MACD_cross_up;RSI_overbought;Price>SMA20
2025-08-11T16:42:21.430458,HUM,268.73,27.61,0.63,0.23,-5.97,-5.97,1,1,0,0,0,1,0,0,0,0,0,1,ADX>=thresh;MACD_cross_up;RSI_overbought;Price>SMA20
2025-08-11T16:42:37.541199,KMB,134.64,29.80,0.19,0.14,-18.12,-18.12,1,1,0,0,0,1,0,0,0,0,0,1,ADX>=thresh;MACD_cross_up;RSI_overbought;Price>SMA20
2025-08-11T16:42:57.637113,MTD,1257.54,28.66,3.12,0.25,18.27,18.27,1,1,0,0,0,0,0,1,0,0,0,1,ADX>=thresh;MACD_cross_up;ATR>=abs;Price>SMA20
2025-08-11T16:43:16.236610,NVR,7765.14,29.68,10.89,0.14,-47.99,-47.99,1,1,0,0,0,0,0,1,0,0,0,1,ADX>=thresh;MACD_cross_up;ATR>=abs;Price>SMA20
2025-08-11T16:43:23.522481,PARA,0.00,23.11,0.04,inf,16.08,16.08,1,1,0,0,0,1,0,0,1,0,0,0,ADX>=thresh;MACD_cross_up;RSI_overbought;ATR>=pct
2025-08-11T16:43:28.550829,PM,169.24,50.52,0.30,0.18,-23.40,-23.40,1,1,0,0,1,1,0,0,0,0,0,1,ADX>=thresh;MACD_cross_up;BB_breakout;RSI_overbought;Price>SMA20
2025-08-11T16:43:36.107206,PWR,385.60,65.87,0.65,0.17,-27.28,-27.28,1,1,0,0,0,1,0,0,0,0,0,1,ADX>=thresh;MACD_cross_up;RSI_overbought;Price>SMA20
2025-08-11T16:44:01.135773,TEL,200.69,36.00,0.29,0.14,-13.84,-13.84,1,1,0,0,0,1,0,0,0,0,0,1,ADX>=thresh;MACD_cross_up;RSI_overbought;Price>SMA20
2025-08-11T16:44:13.646129,URI,860.95,23.53,0.91,0.11,-3.69,-3.69,1,1,0,0,0,1,0,0,0,0,0,1,ADX>=thresh;MACD_cross_up;RSI_overbought;Price>SMA20
2025-08-11T16:44:24.153280,WAB,191.49,36.00,0.20,0.10,-26.73,-26.73,1,1,0,0,0,1,0,0,0,0,0,1,ADX>=thresh;MACD_cross_up;RSI_overbought;Price>SMA20
2025-08-11T16:45:10.244006,ATO,164.57,23.23,0.20,0.12,-1.63,-1.63,1,1,0,0,0,1,0,0,0,0,0,1,ADX>=thresh;MACD_cross_up;RSI_overbought;Price>SMA20
2025-08-11T16:45:40.603276,CSCO,71.19,26.83,0.09,0.13,-43.65,-43.65,1,1,0,0,1,1,0,0,0,0,0,1,ADX>=thresh;MACD_cross_up;BB_breakout;RSI_overbought;Price>SMA20
2025-08-11T16:45:50.997597,CTVA,71.75,33.86,0.09,0.12,-2.68,-2.68,1,1,0,0,0,1,0,0,0,0,0,1,ADX>=thresh;MACD_cross_up;RSI_overbought;Price>SMA20
2025-08-11T16:46:14.525916,EOG,116.91,46.40,0.21,0.18,-14.94,-14.94,1,1,0,0,0,1,0,0,0,0,0,1,ADX>=thresh;MACD_cross_up;RSI_overbought;Price>SMA20
2025-08-11T16:46:53.823694,HUM,268.85,25.78,0.67,0.25,2.93,2.93,1,1,0,0,0,1,0,0,0,0,0,1,ADX>=thresh;MACD_cross_up;RSI_overbought;Price>SMA20
2025-08-11T16:47:39.337667,MDLZ,60.94,23.92,0.09,0.14,-21.61,-21.61,1,1,0,0,1,1,0,0,0,0,0,1,ADX>=thresh;MACD_cross_up;BB_breakout;RSI_overbought;Price>SMA20
2025-08-11T16:47:59.406878,PARA,0.00,23.11,0.04,inf,16.08,16.08,1,1,0,0,0,1,0,0,1,0,0,0,ADX>=thresh;MACD_cross_up;RSI_overbought;ATR>=pct
2025-08-11T16:48:04.711039,PM,169.49,56.66,0.28,0.17,-15.51,-15.51,1,1,0,0,1,1,0,0,0,0,0,1,ADX>=thresh;MACD_cross_up;BB_breakout;RSI_overbought;Price>SMA20
2025-08-11T16:48:13.064573,PWR,385.84,71.58,0.64,0.16,-31.61,-31.61,1,1,0,0,0,1,0,0,0,0,0,1,ADX>=thresh;MACD_cross_up;RSI_overbought;Price>SMA20
2025-08-11T16:48:53.090506,URI,861.25,26.31,0.90,0.10,-0.71,-0.71,1,1,0,0,0,1,0,0,0,0,0,1,ADX>=thresh;MACD_cross_up;RSI_overbought;Price>SMA20
2025-08-11T16:49:34.116978,APH,110.73,45.80,0.14,0.13,-23.52,-23.52,1,1,0,0,1,1,0,0,0,0,0,1,ADX>=thresh;MACD_cross_up;BB_breakout;RSI_overbought;Price>SMA20
2025-08-11T16:49:42.242843,ATO,164.46,24.82,0.19,0.11,-4.45,-4.45,1,1,0,0,0,1,0,0,0,0,0,1,ADX>=thresh;MACD_cross_up;RSI_overbought;Price>SMA20
2025-08-11T16:50:12.136271,CSCO,71.20,26.39,0.08,0.11,-44.26,-44.26,1,1,0,0,0,1,0,0,0,0,0,1,ADX>=thresh;MACD_cross_up;RSI_overbought;Price>SMA20
2025-08-11T16:51:01.988802,FSLR,182.78,31.79,0.42,0.23,-28.64,-28.64,1,1,0,0,1,0,0,0,0,0,0,1,ADX>=thresh;MACD_cross_up;BB_breakout;Price>SMA20
2025-08-11T16:51:10.840538,GNRC,196.78,33.75,0.31,0.16,1.78,1.78,1,1,0,0,1,1,0,0,0,0,0,1,ADX>=thresh;MACD_cross_up;BB_breakout;RSI_overbought;Price>SMA20
2025-08-11T16:51:25.542398,HUBB,420.81,30.83,0.40,0.10,3.47,3.47,1,1,0,0,0,1,0,0,0,0,0,1,ADX>=thresh;MACD_cross_up;RSI_overbought;Price>SMA20
2025-08-11T16:51:43.861314,KMB,134.80,27.36,0.18,0.14,-10.40,-10.40,1,1,0,0,1,1,0,0,0,0,0,1,ADX>=thresh;MACD_cross_up;BB_breakout;RSI_overbought;Price>SMA20
2025-08-11T16:52:09.876319,MDLZ,60.98,26.19,0.08,0.14,-23.41,-23.41,1,1,0,0,1,1,0,0,0,0,0,1,ADX>=thresh;MACD_cross_up;BB_breakout;RSI_overbought;Price>SMA20
2025-08-11T16:52:28.943583,PARA,0.00,23.11,0.04,inf,16.08,16.08,1,1,0,0,0,1,0,0,1,0,0,0,ADX>=thresh;MACD_cross_up;RSI_overbought;ATR>=pct
2025-08-11T16:52:34.110426,PM,169.50,62.20,0.26,0.16,-10.87,-10.87,1,1,0,0,0,1,0,0,0,0,0,1,ADX>=thresh;MACD_cross_up;RSI_overbought;Price>SMA20
2025-08-11T16:52:41.574115,PWR,385.90,74.43,0.56,0.15,-32.08,-32.08,1,1,0,0,0,1,0,0,0,0,0,1,ADX>=thresh;MACD_cross_up;RSI_overbought;Price>SMA20
2025-08-11T16:53:02.835277,SNPS,618.50,33.51,0.87,0.14,9.85,9.85,1,1,0,0,1,1,0,0,0,0,0,1,ADX>=thresh;MACD_cross_up;BB_breakout;RSI_overbought;Price>SMA20
2025-08-11T16:53:03.994733,TMUS,246.60,41.45,0.25,0.10,-13.94,-13.94,1,1,0,0,1,1,0,0,0,0,0,1,ADX>=thresh;MACD_cross_up;BB_breakout;RSI_overbought;Price>SMA20
2025-08-11T16:53:06.140424,TRGP,167.85,21.10,0.28,0.17,-5.72,-5.72,1,1,0,0,1,1,0,0,0,0,0,1,ADX>=thresh;MACD_cross_up;BB_breakout;RSI_overbought;Price>SMA20
2025-08-11T16:53:07.304740,TEL,200.78,35.09,0.25,0.12,-13.39,-13.39,1,1,0,0,0,1,0,0,0,0,0,1,ADX>=thresh;MACD_cross_up;RSI_overbought;Price>SMA20
2025-08-11T16:53:20.142875,URI,863.47,30.01,1.02,0.12,6.00,6.00,1,1,0,0,1,1,0,0,0,0,0,1,ADX>=thresh;MACD_cross_up;BB_breakout;RSI_overbought;Price>SMA20
2025-08-11T16:53:29.052409,WAB,191.69,35.32,0.21,0.11,-17.93,-17.93,1,1,0,0,0,1,0,0,0,0,0,1,ADX>=thresh;MACD_cross_up;RSI_overbought;Price>SMA20
2025-08-11T16:53:36.424669,WMB,58.62,27.78,0.09,0.16,-7.95,-7.95,1,1,0,0,1,1,0,0,0,0,0,1,ADX>=thresh;MACD_cross_up;BB_breakout;RSI_overbought;Price>SMA20
2025-08-11T16:54:03.069450,APH,110.73,47.41,0.13,0.12,-21.92,-21.92,1,1,0,0,1,1,0,0,0,0,0,1,ADX>=thresh;MACD_cross_up;BB_breakout;RSI_overbought;Price>SMA20
2025-08-11T16:54:11.477101,ATO,164.52,27.30,0.18,0.11,-11.07,-11.07,1,1,0,0,0,1,0,0,0,0,0,1,ADX>=thresh;MACD_cross_up;RSI_overbought;Price>SMA20
2025-08-11T16:54:13.845213,AVB,185.96,32.86,0.23,0.12,-14.02,-14.02,1,1,0,0,0,1,0,0,0,0,0,1,ADX>=thresh;MACD_cross_up;RSI_overbought;Price>SMA20
2025-08-11T16:54:20.380506,BX,170.62,24.94,0.23,0.13,-8.07,-8.07,1,1,0,0,1,1,0,0,0,0,0,1,ADX>=thresh;MACD_cross_up;BB_breakout;RSI_overbought;Price>SMA20
2025-08-11T16:54:29.059795,CPT,104.98,29.81,0.14,0.13,4.57,4.57,1,1,0,0,1,1,0,0,0,0,0,1,ADX>=thresh;MACD_cross_up;BB_breakout;RSI_overbought;Price>SMA20
2025-08-11T16:54:41.961688,CSCO,71.24,26.64,0.08,0.11,-40.97,-40.97,1,1,0,0,1,1,0,0,0,0,0,1,ADX>=thresh;MACD_cross_up;BB_breakout;RSI_overbought;Price>SMA20
2025-08-11T16:55:51.444076,HUBB,420.81,30.83,0.40,0.10,3.47,3.47,1,1,0,0,0,1,0,0,0,0,0,1,ADX>=thresh;MACD_cross_up;RSI_overbought;Price>SMA20
2025-08-11T16:56:04.163840,JNJ,174.09,58.30,0.15,0.08,-11.38,-11.38,1,1,0,0,1,1,0,0,0,0,0,1,ADX>=thresh;MACD_cross_up;BB_breakout;RSI_overbought;Price>SMA20
2025-08-11T16:56:25.347019,MA,572.16,21.65,0.54,0.09,-28.05,-28.05,1,1,0,0,0,1,0,0,0,0,0,1,ADX>=thresh;MACD_cross_up;RSI_overbought;Price>SMA20
2025-08-11T16:56:26.463254,MKC,69.64,46.27,0.08,0.12,-21.05,-21.05,1,1,0,0,1,1,0,0,0,0,0,1,ADX>=thresh;MACD_cross_up;BB_breakout;RSI_overbought;Price>SMA20
2025-08-11T16:56:30.064272,MTD,1259.05,22.06,2.83,0.22,-14.55,-14.55,1,1,0,0,0,0,0,1,0,0,0,1,ADX>=thresh;MACD_cross_up;ATR>=abs;Price>SMA20
2025-08-11T16:56:36.351922,MDLZ,61.05,28.69,0.08,0.14,-20.90,-20.90,1,1,0,0,1,1,0,0,0,0,0,1,ADX>=thresh;MACD_cross_up;BB_breakout;RSI_overbought;Price>SMA20
2025-08-11T16:56:49.625352,NEE,0.00,56.56,0.12,inf,-12.66,-12.66,1,1,0,0,0,1,0,0,1,0,0,0,ADX>=thresh;MACD_cross_up;RSI_overbought;ATR>=pct
2025-08-11T16:56:57.048010,NI,0.00,52.46,0.04,inf,-25.21,-25.21,1,1,0,0,0,1,0,0,1,0,0,0,ADX>=thresh;MACD_cross_up;RSI_overbought;ATR>=pct
2025-08-11T16:57:10.791775,PARA,0.00,23.11,0.04,inf,16.08,16.08,1,1,0,0,0,1,0,0,1,0,0,0,ADX>=thresh;MACD_cross_up;RSI_overbought;ATR>=pct
2025-08-11T16:57:14.189793,PEP,144.43,43.35,0.14,0.09,-18.65,-18.65,1,1,0,0,1,1,0,0,0,0,0,1,ADX>=thresh;MACD_cross_up;BB_breakout;RSI_overbought;Price>SMA20
2025-08-11T16:57:16.016701,PM,169.68,66.39,0.27,0.16,-6.83,-6.83,1,1,0,0,0,1,0,0,0,0,0,1,ADX>=thresh;MACD_cross_up;RSI_overbought;Price>SMA20
2025-08-11T16:57:41.873686,SJM,110.97,21.93,0.11,0.10,-36.19,-36.19,1,1,0,0,1,1,0,0,0,0,0,1,ADX>=thresh;MACD_cross_up;BB_breakout;RSI_overbought;Price>SMA20
2025-08-11T16:57:52.737733,TMUS,246.80,41.75,0.25,0.10,-3.12,-3.12,1,1,0,0,1,1,0,0,0,0,0,1,ADX>=thresh;MACD_cross_up;BB_breakout;RSI_overbought;Price>SMA20
2025-08-11T16:57:55.089285,TRGP,167.77,21.56,0.29,0.17,-5.90,-5.90,1,1,0,0,1,1,0,0,0,0,0,1,ADX>=thresh;MACD_cross_up;BB_breakout;RSI_overbought;Price>SMA20
2025-08-11T16:58:07.860983,URI,862.70,32.64,1.12,0.13,1.94,1.94,1,1,0,0,0,1,0,0,0,0,0,1,ADX>=thresh;MACD_cross_up;RSI_overbought;Price>SMA20
2025-08-11T16:58:21.108286,WST,241.30,20.66,0.33,0.14,8.07,8.07,1,1,0,0,1,0,0,0,0,0,0,1,ADX>=thresh;MACD_cross_up;BB_breakout;Price>SMA20
2025-08-11T16:58:28.483235,ZTS,148.47,54.47,0.24,0.16,-8.73,-8.73,1,1,0,0,1,1,0,0,0,0,0,1,ADX>=thresh;MACD_cross_up;BB_breakout;RSI_overbought;Price>SMA20
2025-08-11T16:58:34.296379,MMM,154.71,47.73,0.19,0.12,-6.56,-6.56,1,1,0,0,1,1,0,0,0,0,0,1,ADX>=thresh;MACD_cross_up;BB_breakout;RSI_overbought;Price>SMA20
2025-08-11T16:58:47.585818,AEE,101.19,22.44,0.11,0.11,-6.76,-6.76,1,1,0,0,0,1,0,0,0,0,0,1,ADX>=thresh;MACD_cross_up;RSI_overbought;Price>SMA20
2025-08-11T16:59:03.251246,ATO,164.70,32.21,0.18,0.11,-8.47,-8.47,1,1,0,0,0,1,0,0,0,0,0,1,ADX>=thresh;MACD_cross_up;RSI_overbought;Price>SMA20
2025-08-11T16:59:05.952169,AVB,186.10,35.94,0.21,0.11,-20.55,-20.55,1,1,0,0,1,1,0,0,0,0,0,1,ADX>=thresh;MACD_cross_up;BB_breakout;RSI_overbought;Price>SMA20
2025-08-11T16:59:19.997582,CDNS,350.78,35.18,0.59,0.17,-15.91,-15.91,1,1,0,0,1,0,0,0,0,0,0,1,ADX>=thresh;MACD_cross_up;BB_breakout;Price>SMA20
2025-08-11T16:59:53.251693,CLX,122.65,23.55,0.15,0.12,-16.74,-16.74,1,1,0,0,1,1,0,0,0,0,0,1,ADX>=thresh;MACD_cross_up;BB_breakout;RSI_overbought;Price>SMA20
2025-08-11T16:59:56.156354,CL,84.60,36.55,0.08,0.10,-30.04,-30.04,1,1,0,0,1,0,0,0,0,0,0,1,ADX>=thresh;MACD_cross_up;BB_breakout;Price>SMA20
2025-08-11T16:59:58.030567,CAG,19.17,30.31,0.03,0.16,-31.92,-31.92,1,1,0,0,1,0,0,0,0,0,0,1,ADX>=thresh;MACD_cross_up;BB_breakout;Price>SMA20
2025-08-11T16:59:58.987927,ED,103.92,21.02,0.11,0.10,-18.83,-18.83,1,1,0,0,1,1,0,0,0,0,0,1,ADX>=thresh;MACD_cross_up;BB_breakout;RSI_overbought;Price>SMA20
2025-08-11T17:00:17.439077,DASH,259.67,39.16,0.55,0.21,-26.57,-26.57,1,1,0,0,0,1,0,0,0,0,0,1,ADX>=thresh;MACD_cross_up;RSI_overbought;Price>SMA20
2025-08-11T17:00:22.807902,EIX,55.28,37.13,0.09,0.16,-27.77,-27.77,1,1,0,0,0,1,0,0,0,0,0,1,ADX>=thresh;MACD_cross_up;RSI_overbought;Price>SMA20
2025-08-11T17:00:40.329337,FIS,69.86,39.60,0.12,0.17,-18.99,-18.99,1,1,0,0,0,1,0,0,0,0,0,1,ADX>=thresh;MACD_cross_up;RSI_overbought;Price>SMA20
2025-08-11T17:01:05.073866,HWM,180.44,22.13,0.24,0.13,-32.17,-32.17,1,1,0,0,1,0,0,0,0,0,0,1,ADX>=thresh;MACD_cross_up;BB_breakout;Price>SMA20
2025-08-11T17:01:28.560768,KMB,134.90,28.93,0.21,0.15,0.87,0.87,1,1,0,0,1,1,0,0,0,0,0,1,ADX>=thresh;MACD_cross_up;BB_breakout;RSI_overbought;Price>SMA20
2025-08-11T17:01:46.915194,MA,572.40,24.15,0.54,0.09,-23.61,-23.61,1,1,0,0,0,1,0,0,0,0,0,1,ADX>=thresh;MACD_cross_up;RSI_overbought;Price>SMA20
2025-08-11T17:01:48.104616,MKC,69.63,48.49,0.08,0.11,-22.25,-22.25,1,1,0,0,1,1,0,0,0,0,0,1,ADX>=thresh;MACD_cross_up;BB_breakout;RSI_overbought;Price>SMA20
2025-08-11T17:01:51.797308,MTD,1259.05,21.54,2.93,0.23,-10.10,-10.10,1,1,0,0,0,0,0,1,0,0,0,1,ADX>=thresh;MACD_cross_up;ATR>=abs;Price>SMA20
2025-08-11T17:01:53.640528,MU,122.71,20.26,0.33,0.27,-32.78,-32.78,1,1,0,0,1,1,0,0,0,0,0,1,ADX>=thresh;MACD_cross_up;BB_breakout;RSI_overbought;Price>SMA20
2025-08-11T17:01:57.101990,MDLZ,61.16,30.30,0.08,0.14,-10.18,-10.18,1,1,0,0,1,1,0,0,0,0,0,1,ADX>=thresh;MACD_cross_up;BB_breakout;RSI_overbought;Price>SMA20
2025-08-11T17:02:03.903458,NEE,72.67,51.34,0.11,0.16,-17.17,-17.17,1,1,0,0,0,1,0,0,0,0,0,1,ADX>=thresh;MACD_cross_up;RSI_overbought;Price>SMA20
2025-08-11T17:02:17.561899,PARA,0.00,23.11,0.04,inf,16.08,16.08,1,1,0,0,0,1,0,0,1,0,0,0,ADX>=thresh;MACD_cross_up;RSI_overbought;ATR>=pct
2025-08-11T17:02:22.539533,PM,169.75,69.30,0.26,0.16,-4.27,-4.27,1,1,0,0,0,1,0,0,0,0,0,1,ADX>=thresh;MACD_cross_up;RSI_overbought;Price>SMA20
2025-08-11T17:02:53.089551,SNPS,619.20,38.25,0.85,0.14,20.69,20.69,1,1,0,0,1,1,0,0,0,0,0,1,ADX>=thresh;MACD_cross_up;BB_breakout;RSI_overbought;Price>SMA20
2025-08-11T17:02:54.153642,TMUS,246.78,42.37,0.25,0.10,-0.48,-0.48,1,1,0,0,1,1,0,0,0,0,0,1,ADX>=thresh;MACD_cross_up;BB_breakout;RSI_overbought;Price>SMA20
2025-08-11T17:03:12.620778,URI,862.35,37.62,1.02,0.12,-4.06,-4.06,1,1,0,0,0,1,0,0,0,0,0,1,ADX>=thresh;MACD_cross_up;RSI_overbought;Price>SMA20
2025-08-11T17:03:50.012104,MO,65.48,45.20,0.08,0.12,-19.92,-19.92,1,1,0,0,1,1,0,0,0,0,0,1,ADX>=thresh;MACD_cross_up;BB_breakout;RSI_overbought;Price>SMA20
2025-08-11T17:04:13.634890,APO,143.36,32.67,0.27,0.19,3.37,3.37,1,1,0,0,0,1,0,0,0,0,0,1,ADX>=thresh;MACD_cross_up;RSI_overbought;Price>SMA20
2025-08-11T17:04:25.375213,BBY,68.67,49.83,0.13,0.19,-16.34,-16.34,1,1,0,0,0,1,0,0,0,0,0,1,ADX>=thresh;MACD_cross_up;RSI_overbought;Price>SMA20
2025-08-11T17:04:27.393474,BX,170.62,25.76,0.23,0.14,0.09,0.09,1,1,0,0,0,1,0,0,0,0,0,1,ADX>=thresh;MACD_cross_up;RSI_overbought;Price>SMA20
2025-08-11T17:04:35.755032,CDNS,351.17,35.71,0.61,0.17,-11.42,-11.42,1,1,0,0,1,1,0,0,0,0,0,1,ADX>=thresh;MACD_cross_up;BB_breakout;RSI_overbought;Price>SMA20
2025-08-11T17:05:11.505565,DASH,260.08,38.71,0.52,0.20,-22.66,-22.66,1,1,0,0,1,1,0,0,0,0,0,1,ADX>=thresh;MACD_cross_up;BB_breakout;RSI_overbought;Price>SMA20
2025-08-11T17:05:16.153097,EBAY,94.62,23.64,0.14,0.15,-19.96,-19.96,1,1,0,0,1,1,0,0,0,0,0,1,ADX>=thresh;MACD_cross_up;BB_breakout;RSI_overbought;Price>SMA20
2025-08-11T17:05:32.580570,FIS,69.87,39.58,0.12,0.17,-20.91,-20.91,1,1,0,0,0,1,0,0,0,0,0,1,ADX>=thresh;MACD_cross_up;RSI_overbought;Price>SMA20
2025-08-11T17:05:53.195602,HWM,180.62,25.68,0.25,0.14,-34.13,-34.13,1,1,0,0,1,1,0,0,0,0,0,1,ADX>=thresh;MACD_cross_up;BB_breakout;RSI_overbought;Price>SMA20
2025-08-11T17:06:01.613237,INTU,714.31,41.84,2.08,0.29,-36.01,-36.01,1,1,0,0,0,0,0,1,0,0,0,1,ADX>=thresh;MACD_cross_up;ATR>=abs;Price>SMA20
2025-08-11T17:06:06.431645,JNJ,174.15,61.23,0.14,0.08,-10.59,-10.59,1,1,0,0,0,1,0,0,0,0,0,1,ADX>=thresh;MACD_cross_up;RSI_overbought;Price>SMA20
2025-08-11T17:06:08.328184,K,80.12,20.57,0.01,0.01,-31.55,-31.55,1,1,0,0,1,1,0,0,0,0,0,1,ADX>=thresh;MACD_cross_up;BB_breakout;RSI_overbought;Price>SMA20
2025-08-11T17:06:23.881750,LYB,48.34,42.51,0.11,0.22,-5.68,-5.68,1,1,0,0,1,1,0,0,0,0,0,1,ADX>=thresh;MACD_cross_up;BB_breakout;RSI_overbought;Price>SMA20
2025-08-11T17:06:28.620223,MA,572.94,27.35,0.52,0.09,-21.21,-21.21,1,1,0,0,1,1,0,0,0,0,0,1,ADX>=thresh;MACD_cross_up;BB_breakout;RSI_overbought;Price>SMA20
2025-08-11T17:06:33.798741,MTD,1259.05,21.54,2.93,0.23,-10.10,-10.10,1,1,0,0,0,0,0,1,0,0,0,1,ADX>=thresh;MACD_cross_up;ATR>=abs;Price>SMA20
2025-08-11T17:06:35.693306,MU,122.72,20.06,0.32,0.26,-29.04,-29.04,1,1,0,0,1,1,0,0,0,0,0,1,ADX>=thresh;MACD_cross_up;BB_breakout;RSI_overbought;Price>SMA20
2025-08-11T17:06:39.677315,MDLZ,61.08,29.93,0.09,0.14,-7.78,-7.78,1,1,0,0,0,1,0,0,0,0,0,1,ADX>=thresh;MACD_cross_up;RSI_overbought;Price>SMA20
2025-08-11T17:06:45.280526,NFLX,1222.32,24.61,1.58,0.13,-19.16,-19.16,1,1,0,0,1,1,0,0,0,0,0,1,ADX>=thresh;MACD_cross_up;BB_breakout;RSI_overbought;Price>SMA20
2025-08-11T17:06:47.559517,NEE,72.62,45.71,0.11,0.16,-33.81,-33.81,1,1,0,0,0,1,0,0,0,0,0,1,ADX>=thresh;MACD_cross_up;RSI_overbought;Price>SMA20
2025-08-11T17:06:51.723811,NCLH,23.72,25.14,0.05,0.23,10.78,10.78,1,1,0,0,0,1,0,0,0,0,0,1,ADX>=thresh;MACD_cross_up;RSI_overbought;Price>SMA20
2025-08-11T17:06:52.396708,NRG,152.66,32.28,0.26,0.17,-32.95,-32.95,1,1,0,0,1,0,0,0,0,0,0,1,ADX>=thresh;MACD_cross_up;BB_breakout;Price>SMA20
2025-08-11T17:07:02.056683,PARA,0.00,23.11,0.04,inf,16.08,16.08,1,1,0,0,0,1,0,0,1,0,0,0,ADX>=thresh;MACD_cross_up;RSI_overbought;ATR>=pct
2025-08-11T17:07:07.158243,PM,169.72,73.66,0.26,0.16,-2.62,-2.62,1,1,0,0,0,1,0,0,0,0,0,1,ADX>=thresh;MACD_cross_up;RSI_overbought;Price>SMA20
2025-08-11T17:07:24.503798,RCL,303.05,57.29,0.53,0.17,8.25,8.25,1,1,0,0,1,1,0,0,0,0,0,1,ADX>=thresh;MACD_cross_up;BB_breakout;RSI_overbought;Price>SMA20
2025-08-11T17:07:32.161116,SWKS,71.37,26.99,0.10,0.14,-10.70,-10.70,1,1,0,0,0,1,0,0,0,0,0,1,ADX>=thresh;MACD_cross_up;RSI_overbought;Price>SMA20
2025-08-11T17:07:40.982497,SNPS,619.17,40.90,0.80,0.13,24.27,24.27,1,1,0,0,1,1,0,0,0,0,0,1,ADX>=thresh;MACD_cross_up;BB_breakout;RSI_overbought;Price>SMA20
2025-08-11T17:07:42.467722,TMUS,246.79,42.82,0.25,0.10,-4.12,-4.12,1,1,0,0,0,1,0,0,0,0,0,1,ADX>=thresh;MACD_cross_up;RSI_overbought;Price>SMA20
2025-08-11T17:07:58.331178,URI,862.35,37.62,1.02,0.12,-4.06,-4.06,1,1,0,0,0,1,0,0,0,0,0,1,ADX>=thresh;MACD_cross_up;RSI_overbought;Price>SMA20
2025-08-11T17:08:36.815768,MO,65.58,46.70,0.09,0.13,-17.08,-17.08,1,1,0,0,1,1,0,0,0,0,0,1,ADX>=thresh;MACD_cross_up;BB_breakout;RSI_overbought;Price>SMA20
2025-08-11T17:08:42.955934,APH,110.78,49.98,0.13,0.11,-15.11,-15.11,1,1,0,0,1,1,0,0,0,0,0,1,ADX>=thresh;MACD_cross_up;BB_breakout;RSI_overbought;Price>SMA20
2025-08-11T17:08:45.638120,APO,143.44,34.56,0.27,0.19,2.16,2.16,1,1,0,0,0,1,0,0,0,0,0,1,ADX>=thresh;MACD_cross_up;RSI_overbought;Price>SMA20
2025-08-11T17:08:52.699207,AZO,4035.93,23.20,5.25,0.13,-47.63,-47.63,1,1,0,0,1,0,0,1,0,0,0,1,ADX>=thresh;MACD_cross_up;BB_breakout;ATR>=abs;Price>SMA20
2025-08-11T17:08:59.881160,BX,170.81,28.21,0.23,0.13,-4.47,-4.47,1,1,0,0,1,1,0,0,0,0,0,1,ADX>=thresh;MACD_cross_up;BB_breakout;RSI_overbought;Price>SMA20
2025-08-11T17:09:06.928537,CDNS,351.14,37.47,0.61,0.17,-3.67,-3.67,1,1,0,0,0,1,0,0,0,0,0,1,ADX>=thresh;MACD_cross_up;RSI_overbought;Price>SMA20
2025-08-11T17:09:54.114603,DASH,259.77,38.72,0.56,0.21,-13.39,-13.39,1,1,0,0,0,1,0,0,0,0,0,1,ADX>=thresh;MACD_cross_up;RSI_overbought;Price>SMA20
2025-08-11T17:09:59.480020,EBAY,94.61,24.09,0.16,0.16,-7.17,-7.17,1,1,0,0,1,1,0,0,0,0,0,1,ADX>=thresh;MACD_cross_up;BB_breakout;RSI_overbought;Price>SMA20
2025-08-11T17:10:41.700666,HWM,180.70,29.66,0.25,0.14,-29.02,-29.02,1,1,0,0,0,1,0,0,0,0,0,1,ADX>=thresh;MACD_cross_up;RSI_overbought;Price>SMA20
2025-08-11T17:11:08.867119,LHX,269.54,25.63,0.24,0.09,0.22,0.22,1,1,0,0,0,1,0,0,0,0,0,1,ADX>=thresh;MACD_cross_up;RSI_overbought;Price>SMA20
2025-08-11T17:11:18.470095,LYB,48.44,42.98,0.12,0.24,7.42,7.42,1,1,0,0,1,1,0,0,0,0,0,1,ADX>=thresh;MACD_cross_up;BB_breakout;RSI_overbought;Price>SMA20
2025-08-11T17:11:23.394969,MA,572.80,30.87,0.51,0.09,-24.21,-24.21,1,1,0,0,0,1,0,0,0,0,0,1,ADX>=thresh;MACD_cross_up;RSI_overbought;Price>SMA20
2025-08-11T17:11:30.731561,MU,122.96,21.28,0.33,0.27,-20.54,-20.54,1,1,0,0,1,1,0,0,0,0,0,1,ADX>=thresh;MACD_cross_up;BB_breakout;RSI_overbought;Price>SMA20
2025-08-11T17:11:46.236319,NCLH,23.75,24.79,0.06,0.23,9.78,9.78,1,1,0,0,0,1,0,0,0,0,0,1,ADX>=thresh;MACD_cross_up;RSI_overbought;Price>SMA20
2025-08-11T17:11:46.978282,NRG,152.84,37.80,0.27,0.17,-29.94,-29.94,1,1,0,0,1,1,0,0,0,0,0,1,ADX>=thresh;MACD_cross_up;BB_breakout;RSI_overbought;Price>SMA20
2025-08-11T17:11:53.566678,ORCL,254.01,29.44,0.47,0.18,-23.67,-23.67,1,1,0,0,0,1,0,0,0,0,0,1,ADX>=thresh;MACD_cross_up;RSI_overbought;Price>SMA20
2025-08-11T17:11:56.950831,PARA,0.00,23.11,0.04,inf,16.08,16.08,1,1,0,0,0,1,0,0,1,0,0,0,ADX>=thresh;MACD_cross_up;RSI_overbought;ATR>=pct
2025-08-11T17:12:15.037584,RTX,154.72,29.95,0.14,0.09,-31.94,-31.94,1,1,0,0,1,0,0,0,0,0,0,1,ADX>=thresh;MACD_cross_up;BB_breakout;Price>SMA20
2025-08-11T17:12:21.999165,RCL,303.46,53.04,0.54,0.18,6.93,6.93,1,1,0,0,1,1,0,0,0,0,0,1,ADX>=thresh;MACD_cross_up;BB_breakout;RSI_overbought;Price>SMA20
2025-08-11T17:12:27.357025,SWKS,71.43,22.92,0.10,0.15,-12.63,-12.63,1,1,0,0,0,1,0,0,0,0,0,1,ADX>=thresh;MACD_cross_up;RSI_overbought;Price>SMA20
2025-08-11T17:12:36.246532,SNPS,619.40,41.05,0.81,0.13,26.67,26.67,1,1,0,0,1,1,0,0,0,0,0,1,ADX>=thresh;MACD_cross_up;BB_breakout;RSI_overbought;Price>SMA20
2025-08-11T17:13:17.511225,URI,863.77,42.87,1.07,0.12,9.62,9.62,1,1,0,0,1,1,0,0,0,0,0,1,ADX>=thresh;MACD_cross_up;BB_breakout;RSI_overbought;Price>SMA20
2025-08-11T17:13:59.887645,MO,65.55,47.98,0.08,0.13,-13.21,-13.21,1,1,0,0,0,1,0,0,0,0,0,1,ADX>=thresh;MACD_cross_up;RSI_overbought;Price>SMA20
2025-08-11T17:14:07.126721,APH,110.80,53.88,0.12,0.11,-14.75,-14.75,1,1,0,0,0,1,0,0,0,0,0,1,ADX>=thresh;MACD_cross_up;RSI_overbought;Price>SMA20
2025-08-11T17:14:10.357637,APO,143.56,37.67,0.27,0.19,3.59,3.59,1,1,0,0,1,1,0,0,0,0,0,1,ADX>=thresh;MACD_cross_up;BB_breakout;RSI_overbought;Price>SMA20
2025-08-11T17:14:17.493725,AZO,4036.70,22.83,5.65,0.14,-44.55,-44.55,1,1,0,0,1,0,0,1,0,0,0,1,ADX>=thresh;MACD_cross_up;BB_breakout;ATR>=abs;Price>SMA20
2025-08-11T17:14:25.778979,BX,170.75,31.50,0.24,0.14,0.32,0.32,1,1,0,0,0,1,0,0,0,0,0,1,ADX>=thresh;MACD_cross_up;RSI_overbought;Price>SMA20
2025-08-11T17:14:28.951733,AVGO,307.65,31.96,0.49,0.16,-8.24,-8.24,1,1,0,0,0,1,0,0,0,0,0,1,ADX>=thresh;MACD_cross_up;RSI_overbought;Price>SMA20
2025-08-11T17:14:33.573689,CDNS,351.68,39.78,0.59,0.17,-15.93,-15.93,1,1,0,0,1,1,0,0,0,0,0,1,ADX>=thresh;MACD_cross_up;BB_breakout;RSI_overbought;Price>SMA20
2025-08-11T17:14:57.312302,CEG,331.33,33.06,0.78,0.23,-9.91,-9.91,1,1,0,0,1,0,0,0,0,0,0,1,ADX>=thresh;MACD_cross_up;BB_breakout;Price>SMA20
2025-08-11T17:15:19.096396,EBAY,94.64,21.53,0.15,0.16,-8.40,-8.40,1,1,0,0,0,1,0,0,0,0,0,1,ADX>=thresh;MACD_cross_up;RSI_overbought;Price>SMA20
2025-08-11T17:16:17.045087,LHX,269.55,28.73,0.22,0.08,1.93,1.93,1,1,0,0,0,1,0,0,0,0,0,1,ADX>=thresh;MACD_cross_up;RSI_overbought;Price>SMA20
2025-08-11T17:16:30.596996,LYB,48.36,40.70,0.11,0.24,9.79,9.79,1,1,0,0,0,1,0,0,0,0,0,1,ADX>=thresh;MACD_cross_up;RSI_overbought;Price>SMA20
2025-08-11T17:16:37.577543,MA,572.82,34.00,0.49,0.08,-26.50,-26.50,1,1,0,0,0,1,0,0,0,0,0,1,ADX>=thresh;MACD_cross_up;RSI_overbought;Price>SMA20
2025-08-11T17:16:44.372537,MU,122.80,21.99,0.32,0.26,-20.00,-20.00,1,1,0,0,0,1,0,0,0,0,0,1,ADX>=thresh;MACD_cross_up;RSI_overbought;Price>SMA20
2025-08-11T17:17:00.746496,NUE,136.49,32.49,0.18,0.13,-46.86,-46.86,1,1,0,0,1,0,0,0,0,0,0,1,ADX>=thresh;MACD_cross_up;BB_breakout;Price>SMA20
2025-08-11T17:17:02.054240,NVR,7770.00,28.47,9.90,0.13,-44.41,-44.41,1,1,0,0,0,0,0,1,0,0,0,1,ADX>=thresh;MACD_cross_up;ATR>=abs;Price>SMA20
2025-08-11T17:17:06.772531,ORCL,254.00,32.81,0.45,0.18,-23.02,-23.02,1,1,0,0,0,1,0,0,0,0,0,1,ADX>=thresh;MACD_cross_up;RSI_overbought;Price>SMA20
2025-08-11T17:17:10.066411,PARA,0.00,23.11,0.04,inf,16.08,16.08,1,1,0,0,0,1,0,0,1,0,0,0,ADX>=thresh;MACD_cross_up;RSI_overbought;ATR>=pct
2025-08-11T17:17:26.624643,RTX,154.71,25.92,0.13,0.09,-30.62,-30.62,1,1,0,0,1,0,0,0,0,0,0,1,ADX>=thresh;MACD_cross_up;BB_breakout;Price>SMA20
2025-08-11T17:17:32.839489,RCL,303.49,49.88,0.55,0.18,6.23,6.23,1,1,0,0,0,1,0,0,0,0,0,1,ADX>=thresh;MACD_cross_up;RSI_overbought;Price>SMA20
2025-08-11T17:17:46.938967,SNPS,619.44,46.18,0.82,0.13,0.32,0.32,1,1,0,0,0,1,0,0,0,0,0,1,ADX>=thresh;MACD_cross_up;RSI_overbought;Price>SMA20
2025-08-11T17:17:57.698181,TT,429.72,25.13,0.41,0.10,-24.64,-24.64,1,1,0,0,1,1,0,0,0,0,0,1,ADX>=thresh;MACD_cross_up;BB_breakout;RSI_overbought;Price>SMA20
2025-08-11T17:18:04.965923,URI,863.22,48.70,1.12,0.13,20.83,20.83,1,1,0,0,0,1,0,0,0,0,0,1,ADX>=thresh;MACD_cross_up;RSI_overbought;Price>SMA20
2025-08-11T17:18:13.930031,VST,202.06,38.28,0.45,0.22,-26.44,-26.44,1,1,0,0,1,1,0,0,0,0,0,1,ADX>=thresh;MACD_cross_up;BB_breakout;RSI_overbought;Price>SMA20
2025-08-11T17:18:44.594354,MO,65.54,47.93,0.08,0.12,-16.17,-16.17,1,1,0,0,0,1,0,0,0,0,0,1,ADX>=thresh;MACD_cross_up;RSI_overbought;Price>SMA20
2025-08-11T17:18:51.105178,APH,110.86,57.53,0.12,0.11,-7.84,-7.84,1,1,0,0,1,1,0,0,0,0,0,1,ADX>=thresh;MACD_cross_up;BB_breakout;RSI_overbought;Price>SMA20
2025-08-11T17:18:53.858010,APO,143.50,37.75,0.24,0.17,-4.05,-4.05,1,1,0,0,0,1,0,0,0,0,0,1,ADX>=thresh;MACD_cross_up;RSI_overbought;Price>SMA20
2025-08-11T17:19:01.109318,AZO,4036.70,22.83,5.65,0.14,-44.54,-44.54,1,1,0,0,1,0,0,1,0,0,0,1,ADX>=thresh;MACD_cross_up;BB_breakout;ATR>=abs;Price>SMA20
2025-08-11T17:19:12.169455,AVGO,307.78,34.75,0.48,0.16,-7.99,-7.99,1,1,0,0,1,1,0,0,0,0,0,1,ADX>=thresh;MACD_cross_up;BB_breakout;RSI_overbought;Price>SMA20
2025-08-11T17:19:39.442863,CEG,332.21,31.65,0.76,0.23,-3.35,-3.35,1,1,0,0,1,1,0,0,0,0,0,1,ADX>=thresh;MACD_cross_up;BB_breakout;RSI_overbought;Price>SMA20
2025-08-11T17:19:42.152950,CTVA,71.89,24.14,0.10,0.14,5.58,5.58,1,1,0,0,1,1,0,0,0,0,0,1,ADX>=thresh;MACD_cross_up;BB_breakout;RSI_overbought;Price>SMA20
2025-08-11T17:20:00.335261,DD,69.96,38.76,0.07,0.10,-23.03,-23.03,1,1,0,0,1,0,0,0,0,0,0,1,ADX>=thresh;MACD_cross_up;BB_breakout;Price>SMA20
2025-08-11T17:20:43.802325,HWM,180.84,33.61,0.22,0.12,-27.12,-27.12,1,1,0,0,0,1,0,0,0,0,0,1,ADX>=thresh;MACD_cross_up;RSI_overbought;Price>SMA20
2025-08-11T17:21:21.077007,MA,572.85,33.94,0.50,0.09,-23.56,-23.56,1,1,0,0,0,1,0,0,0,0,0,1,ADX>=thresh;MACD_cross_up;RSI_overbought;Price>SMA20
2025-08-11T17:21:27.386490,MU,122.86,23.78,0.29,0.24,-15.93,-15.93,1,1,0,0,0,1,0,0,0,0,0,1,ADX>=thresh;MACD_cross_up;RSI_overbought;Price>SMA20
2025-08-11T17:21:43.216823,NRG,153.19,46.81,0.28,0.18,-13.48,-13.48,1,1,0,0,1,1,0,0,0,0,0,1,ADX>=thresh;MACD_cross_up;BB_breakout;RSI_overbought;Price>SMA20
2025-08-11T17:21:45.280916,NVR,7770.00,28.47,9.90,0.13,-44.41,-44.41,1,1,0,0,0,0,0,1,0,0,0,1,ADX>=thresh;MACD_cross_up;ATR>=abs;Price>SMA20
2025-08-11T17:21:50.093839,ORCL,254.15,36.41,0.42,0.17,-18.68,-18.68,1,1,0,0,0,1,0,0,0,0,0,1,ADX>=thresh;MACD_cross_up;RSI_overbought;Price>SMA20
2025-08-11T17:21:53.772732,PARA,0.00,23.11,0.04,inf,16.08,16.08,1,1,0,0,0,1,0,0,1,0,0,0,ADX>=thresh;MACD_cross_up;RSI_overbought;ATR>=pct
2025-08-11T17:22:17.403276,RCL,303.79,47.12,0.54,0.18,7.10,7.10,1,1,0,0,0,1,0,0,0,0,0,1,ADX>=thresh;MACD_cross_up;RSI_overbought;Price>SMA20
2025-08-11T17:23:09.302635,WDC,75.15,24.54,0.13,0.17,17.60,17.60,1,1,0,0,1,1,0,0,0,0,0,1,ADX>=thresh;MACD_cross_up;BB_breakout;RSI_overbought;Price>SMA20
2025-08-11T17:23:33.365798,MO,65.62,48.49,0.08,0.12,-10.40,-10.40,1,1,0,0,1,1,0,0,0,0,0,1,ADX>=thresh;MACD_cross_up;BB_breakout;RSI_overbought;Price>SMA20
2025-08-11T17:23:40.615755,APH,110.91,59.48,0.11,0.10,-22.13,-22.13,1,1,0,0,1,1,0,0,0,0,0,1,ADX>=thresh;MACD_cross_up;BB_breakout;RSI_overbought;Price>SMA20
2025-08-11T17:23:50.963029,AZO,4036.70,22.99,5.79,0.14,-41.67,-41.67,1,1,0,0,1,0,0,1,0,0,0,1,ADX>=thresh;MACD_cross_up;BB_breakout;ATR>=abs;Price>SMA20
2025-08-11T17:23:52.640721,AXON,833.31,24.00,2.01,0.24,-40.28,-40.28,1,1,0,0,0,0,0,1,0,0,0,1,ADX>=thresh;MACD_cross_up;ATR>=abs;Price>SMA20
2025-08-11T17:23:58.678851,BK,103.41,21.46,0.11,0.10,-21.10,-21.10,1,1,0,0,1,0,0,0,0,0,0,1,ADX>=thresh;MACD_cross_up;BB_breakout;Price>SMA20
2025-08-11T17:24:22.957784,C,92.39,29.77,0.12,0.12,-15.91,-15.91,1,1,0,0,1,0,0,0,0,0,0,1,ADX>=thresh;MACD_cross_up;BB_breakout;Price>SMA20
2025-08-11T17:24:31.851694,CTVA,71.98,24.91,0.10,0.14,13.63,13.63,1,1,0,0,1,1,0,0,0,0,0,1,ADX>=thresh;MACD_cross_up;BB_breakout;RSI_overbought;Price>SMA20
2025-08-11T17:24:32.802947,COST,987.29,28.70,0.91,0.09,-10.51,-10.51,1,1,0,0,1,0,0,0,0,0,0,1,ADX>=thresh;MACD_cross_up;BB_breakout;Price>SMA20
2025-08-11T17:24:46.974093,DD,70.03,37.15,0.07,0.10,-16.22,-16.22,1,1,0,0,1,1,0,0,0,0,0,1,ADX>=thresh;MACD_cross_up;BB_breakout;RSI_overbought;Price>SMA20
2025-08-11T17:25:15.822845,GL,139.23,32.37,0.15,0.11,-3.70,-3.70,1,1,0,0,1,0,0,0,0,0,0,1,ADX>=thresh;MACD_cross_up;BB_breakout;Price>SMA20
2025-08-11T17:25:25.723451,HWM,181.06,35.83,0.21,0.12,-19.20,-19.20,1,1,0,0,0,1,0,0,0,0,0,1,ADX>=thresh;MACD_cross_up;RSI_overbought;Price>SMA20
2025-08-11T17:25:50.521979,LHX,269.77,31.20,0.24,0.09,15.14,15.14,1,1,0,0,1,1,0,0,0,0,0,1,ADX>=thresh;MACD_cross_up;BB_breakout;RSI_overbought;Price>SMA20
2025-08-11T17:25:59.312093,LYB,48.38,35.42,0.11,0.24,10.53,10.53,1,1,0,0,0,1,0,0,0,0,0,1,ADX>=thresh;MACD_cross_up;RSI_overbought;Price>SMA20
2025-08-11T17:26:04.764607,MA,573.30,41.56,0.46,0.08,-29.62,-29.62,1,1,0,0,0,1,0,0,0,0,0,1,ADX>=thresh;MACD_cross_up;RSI_overbought;Price>SMA20
2025-08-11T17:26:27.433616,NRG,153.19,51.32,0.27,0.17,-23.06,-23.06,1,1,0,0,0,1,0,0,0,0,0,1,ADX>=thresh;MACD_cross_up;RSI_overbought;Price>SMA20
2025-08-11T17:26:29.220444,NVR,7770.00,28.47,9.90,0.13,-44.41,-44.41,1,1,0,0,0,0,0,1,0,0,0,1,ADX>=thresh;MACD_cross_up;ATR>=abs;Price>SMA20
2025-08-11T17:26:37.936806,PARA,0.00,23.11,0.04,inf,16.08,16.08,1,1,0,0,0,1,0,0,1,0,0,0,ADX>=thresh;MACD_cross_up;RSI_overbought;ATR>=pct
2025-08-11T17:26:54.994439,RTX,154.95,21.80,0.12,0.08,-23.78,-23.78,1,1,0,0,1,1,0,0,0,0,0,1,ADX>=thresh;MACD_cross_up;BB_breakout;RSI_overbought;Price>SMA20
2025-08-11T17:27:00.849199,RCL,303.80,44.56,0.52,0.17,4.00,4.00,1,1,0,0,0,1,0,0,0,0,0,1,ADX>=thresh;MACD_cross_up;RSI_overbought;Price>SMA20
2025-08-11T17:27:13.987133,STLD,120.99,26.54,0.17,0.14,-45.01,-45.01,1,1,0,0,1,1,0,0,0,0,0,1,ADX>=thresh;MACD_cross_up;BB_breakout;RSI_overbought;Price>SMA20
2025-08-11T17:27:20.197123,TRGP,168.15,37.20,0.26,0.15,-9.54,-9.54,1,1,0,0,1,1,0,0,0,0,0,1,ADX>=thresh;MACD_cross_up;BB_breakout;RSI_overbought;Price>SMA20
2025-08-11T17:27:35.698712,URI,864.83,59.70,1.11,0.13,3.86,3.86,1,1,0,0,1,1,0,0,0,0,0,1,ADX>=thresh;MACD_cross_up;BB_breakout;RSI_overbought;Price>SMA20
2025-08-11T17:28:13.435005,MO,65.67,50.18,0.08,0.12,-9.30,-9.30,1,1,0,0,1,1,0,0,0,0,0,1,ADX>=thresh;MACD_cross_up;BB_breakout;RSI_overbought;Price>SMA20
2025-08-11T17:28:20.337859,APH,110.86,59.95,0.11,0.10,-19.84,-19.84,1,1,0,0,0,1,0,0,0,0,0,1,ADX>=thresh;MACD_cross_up;RSI_overbought;Price>SMA20
2025-08-11T17:28:23.265823,APA,19.90,25.00,0.03,0.18,-29.87,-29.87,1,1,0,0,1,1,0,0,0,0,0,1,ADX>=thresh;MACD_cross_up;BB_breakout;RSI_overbought;Price>SMA20
2025-08-11T17:28:24.469285,APO,143.57,32.99,0.24,0.17,-20.57,-20.57,1,1,0,0,0,1,0,0,0,0,0,1,ADX>=thresh;MACD_cross_up;RSI_overbought;Price>SMA20
2025-08-11T17:28:32.525698,AZO,4036.70,22.99,5.79,0.14,-41.67,-41.67,1,1,0,0,1,0,0,1,0,0,0,1,ADX>=thresh;MACD_cross_up;BB_breakout;ATR>=abs;Price>SMA20
2025-08-11T17:28:41.158947,BX,170.81,28.48,0.21,0.12,-21.25,-21.25,1,1,0,0,0,1,0,0,0,0,0,1,ADX>=thresh;MACD_cross_up;RSI_overbought;Price>SMA20
2025-08-11T17:29:14.549604,CEG,332.17,29.48,0.74,0.22,-5.85,-5.85,1,1,0,0,0,1,0,0,0,0,0,1,ADX>=thresh;MACD_cross_up;RSI_overbought;Price>SMA20
2025-08-11T17:29:17.131148,CTVA,72.03,27.16,0.10,0.14,14.90,14.90,1,1,0,0,1,1,0,0,0,0,0,1,ADX>=thresh;MACD_cross_up;BB_breakout;RSI_overbought;Price>SMA20
2025-08-11T17:29:39.100137,EA,174.31,29.44,0.28,0.16,-15.26,-15.26,1,1,0,0,1,1,0,0,0,0,0,1,ADX>=thresh;MACD_cross_up;BB_breakout;RSI_overbought;Price>SMA20
2025-08-11T17:29:54.373087,FIS,69.91,42.39,0.10,0.15,-22.64,-22.64,1,1,0,0,0,1,0,0,0,0,0,1,ADX>=thresh;MACD_cross_up;RSI_overbought;Price>SMA20
2025-08-11T17:30:05.154231,GD,314.42,27.89,0.21,0.07,-19.21,-19.21,1,1,0,0,1,1,0,0,0,0,0,1,ADX>=thresh;MACD_cross_up;BB_breakout;RSI_overbought;Price>SMA20
2025-08-11T17:30:07.718580,GILD,118.82,22.47,0.19,0.16,-21.61,-21.61,1,1,0,0,1,0,0,0,0,0,0,1,ADX>=thresh;MACD_cross_up;BB_breakout;Price>SMA20
2025-08-11T17:30:08.949461,GL,139.38,30.66,0.16,0.12,7.86,7.86,1,1,0,0,1,1,0,0,0,0,0,1,ADX>=thresh;MACD_cross_up;BB_breakout;RSI_overbought;Price>SMA20
2025-08-11T17:30:21.917440,HWM,181.10,39.31,0.22,0.12,-13.40,-13.40,1,1,0,0,0,1,0,0,0,0,0,1,ADX>=thresh;MACD_cross_up;RSI_overbought;Price>SMA20
2025-08-11T17:30:46.350589,LHX,269.82,34.01,0.23,0.08,8.02,8.02,1,1,0,0,0,1,0,0,0,0,0,1,ADX>=thresh;MACD_cross_up;RSI_overbought;Price>SMA20
2025-08-11T17:31:00.384520,MA,573.01,45.74,0.42,0.07,-28.30,-28.30,1,1,0,0,0,1,0,0,0,0,0,1,ADX>=thresh;MACD_cross_up;RSI_overbought;Price>SMA20
2025-08-11T17:31:26.902792,NRG,153.26,55.38,0.28,0.18,-13.59,-13.59,1,1,0,0,0,1,0,0,0,0,0,1,ADX>=thresh;MACD_cross_up;RSI_overbought;Price>SMA20
2025-08-11T17:31:29.240260,NVR,7770.00,28.47,9.90,0.13,-44.41,-44.41,1,1,0,0,0,0,0,1,0,0,0,1,ADX>=thresh;MACD_cross_up;ATR>=abs;Price>SMA20
2025-08-11T17:31:37.281406,PARA,0.00,23.11,0.04,inf,16.08,16.08,1,1,0,0,0,1,0,0,1,0,0,0,ADX>=thresh;MACD_cross_up;RSI_overbought;ATR>=pct
2025-08-11T17:31:42.009416,PNR,102.95,29.48,0.08,0.08,-26.56,-26.56,1,1,0,0,1,1,0,0,0,0,0,1,ADX>=thresh;MACD_cross_up;BB_breakout;RSI_overbought;Price>SMA20
2025-08-11T17:31:45.498249,PM,170.00,74.80,0.28,0.17,-6.67,-6.67,1,1,0,0,1,1,0,0,0,0,0,1,ADX>=thresh;MACD_cross_up;BB_breakout;RSI_overbought;Price>SMA20
2025-08-11T17:31:55.164891,PWR,386.70,61.54,0.49,0.13,-9.74,-9.74,1,1,0,0,1,1,0,0,0,0,0,1,ADX>=thresh;MACD_cross_up;BB_breakout;RSI_overbought;Price>SMA20
2025-08-11T17:31:57.994334,RTX,154.93,22.15,0.13,0.08,-16.54,-16.54,1,1,0,0,0,1,0,0,0,0,0,1,ADX>=thresh;MACD_cross_up;RSI_overbought;Price>SMA20
2025-08-11T17:32:18.692518,SMCI,46.18,25.35,0.12,0.27,-21.95,-21.95,1,1,0,0,1,0,0,0,0,0,0,1,ADX>=thresh;MACD_cross_up;BB_breakout;Price>SMA20
2025-08-11T17:32:23.955484,TRGP,168.60,39.60,0.28,0.17,-5.22,-5.22,1,1,0,0,1,1,0,0,0,0,0,1,ADX>=thresh;MACD_cross_up;BB_breakout;RSI_overbought;Price>SMA20
2025-08-11T17:32:32.168371,TT,430.35,29.46,0.41,0.10,-0.11,-0.11,1,1,0,0,1,1,0,0,0,0,0,1,ADX>=thresh;MACD_cross_up;BB_breakout;RSI_overbought;Price>SMA20
2025-08-11T17:32:41.700615,URI,865.57,60.51,1.04,0.12,-3.07,-3.07,1,1,0,0,1,1,0,0,0,0,0,1,ADX>=thresh;MACD_cross_up;BB_breakout;RSI_overbought;Price>SMA20
2025-08-11T17:32:49.923244,V,335.76,20.40,0.29,0.09,-8.77,-8.77,1,1,0,0,1,1,0,0,0,0,0,1,ADX>=thresh;MACD_cross_up;BB_breakout;RSI_overbought;Price>SMA20
2025-08-11T17:32:53.113889,WAB,191.76,40.39,0.19,0.10,-5.43,-5.43,1,1,0,0,0,1,0,0,0,0,0,1,ADX>=thresh;MACD_cross_up;RSI_overbought;Price>SMA20
2025-08-11T17:32:58.082289,WFC,77.64,28.67,0.10,0.14,-8.99,-8.99,1,1,0,0,1,1,0,0,0,0,0,1,ADX>=thresh;MACD_cross_up;BB_breakout;RSI_overbought;Price>SMA20
2025-08-11T17:33:27.582507,AIG,78.68,22.06,0.08,0.10,-10.28,-10.28,1,1,0,0,1,0,0,0,0,0,0,1,ADX>=thresh;MACD_cross_up;BB_breakout;Price>SMA20
2025-08-11T17:33:31.370739,APH,110.95,60.78,0.11,0.10,-12.74,-12.74,1,1,0,0,0,1,0,0,0,0,0,1,ADX>=thresh;MACD_cross_up;RSI_overbought;Price>SMA20
2025-08-11T17:33:34.306225,APO,143.67,29.44,0.23,0.16,-21.23,-21.23,1,1,0,0,0,1,0,0,0,0,0,1,ADX>=thresh;MACD_cross_up;RSI_overbought;Price>SMA20
2025-08-11T17:33:39.627164,AIZ,204.40,21.71,0.21,0.10,-21.88,-21.88,1,1,0,0,0,1,0,0,0,0,0,1,ADX>=thresh;MACD_cross_up;RSI_overbought;Price>SMA20
2025-08-11T17:33:43.259094,AZO,4036.70,22.99,5.79,0.14,-41.67,-41.67,1,1,0,0,1,0,0,1,0,0,0,1,ADX>=thresh;MACD_cross_up;BB_breakout;ATR>=abs;Price>SMA20
2025-08-11T17:33:53.304434,BX,171.09,27.26,0.21,0.13,-15.17,-15.17,1,1,0,0,1,1,0,0,0,0,0,1,ADX>=thresh;MACD_cross_up;BB_breakout;RSI_overbought;Price>SMA20
2025-08-11T17:34:02.581918,CHRW,116.53,28.93,0.09,0.07,-21.63,-21.63,1,1,0,0,1,0,0,0,0,0,0,1,ADX>=thresh;MACD_cross_up;BB_breakout;Price>SMA20
2025-08-11T17:34:05.630919,COF,209.02,57.11,0.62,0.30,1.02,1.02,1,1,0,0,1,1,0,0,0,0,0,1,ADX>=thresh;MACD_cross_up;BB_breakout;RSI_overbought;Price>SMA20
2025-08-11T17:34:21.253519,C,92.48,27.06,0.12,0.13,-4.11,-4.11,1,1,0,0,1,1,0,0,0,0,0,1,ADX>=thresh;MACD_cross_up;BB_breakout;RSI_overbought;Price>SMA20
2025-08-11T17:34:23.191884,CME,286.99,21.76,0.34,0.12,-18.00,-18.00,1,1,0,0,1,0,0,0,0,0,0,1,ADX>=thresh;MACD_cross_up;BB_breakout;Price>SMA20
2025-08-11T17:34:32.538917,CTVA,72.00,30.40,0.11,0.15,24.96,24.96,1,1,0,0,0,1,0,0,0,0,0,1,ADX>=thresh;MACD_cross_up;RSI_overbought;Price>SMA20
2025-08-11T17:34:37.036776,CVS,64.95,41.60,0.10,0.16,-32.46,-32.46,1,1,0,0,1,0,0,0,0,0,0,1,ADX>=thresh;MACD_cross_up;BB_breakout;Price>SMA20
2025-08-11T17:34:46.336096,DLTR,114.61,27.18,0.20,0.18,-12.30,-12.30,1,1,0,0,1,0,0,0,0,0,0,1,ADX>=thresh;MACD_cross_up;BB_breakout;Price>SMA20
2025-08-11T17:34:53.037916,ETN,360.61,21.10,0.41,0.11,-15.59,-15.59,1,1,0,0,1,1,0,0,0,0,0,1,ADX>=thresh;MACD_cross_up;BB_breakout;RSI_overbought;Price>SMA20
2025-08-11T17:34:55.838831,EA,174.22,30.85,0.27,0.16,-13.48,-13.48,1,1,0,0,0,1,0,0,0,0,0,1,ADX>=thresh;MACD_cross_up;RSI_overbought;Price>SMA20
2025-08-11T17:35:11.036955,FDX,223.81,28.41,0.26,0.12,-27.80,-27.80,1,1,0,0,1,0,0,0,0,0,0,1,ADX>=thresh;MACD_cross_up;BB_breakout;Price>SMA20
2025-08-11T17:35:11.777856,FIS,69.94,38.52,0.10,0.14,-24.42,-24.42,1,1,0,0,1,1,0,0,0,0,0,1,ADX>=thresh;MACD_cross_up;BB_breakout;RSI_overbought;Price>SMA20
2025-08-11T17:35:18.302065,BEN,25.25,25.76,0.03,0.10,-26.05,-26.05,1,1,0,0,1,0,0,0,0,0,0,1,ADX>=thresh;MACD_cross_up;BB_breakout;Price>SMA20
2025-08-11T17:35:23.923245,GD,314.43,28.05,0.19,0.06,-25.21,-25.21,1,1,0,0,1,1,0,0,0,0,0,1,ADX>=thresh;MACD_cross_up;BB_breakout;RSI_overbought;Price>SMA20
2025-08-11T17:35:27.350027,GILD,118.91,22.58,0.17,0.14,-25.11,-25.11,1,1,0,0,0,1,0,0,0,0,0,1,ADX>=thresh;MACD_cross_up;RSI_overbought;Price>SMA20
2025-08-11T17:35:28.811573,GL,139.44,27.33,0.15,0.11,-15.46,-15.46,1,1,0,0,1,1,0,0,0,0,0,1,ADX>=thresh;MACD_cross_up;BB_breakout;RSI_overbought;Price>SMA20
2025-08-11T17:35:31.610719,HAS,77.69,33.09,0.10,0.13,2.26,2.26,1,1,0,0,1,0,0,0,0,0,0,1,ADX>=thresh;MACD_cross_up;BB_breakout;Price>SMA20
2025-08-11T17:35:35.156380,HLT,261.64,48.61,0.24,0.09,-20.02,-20.02,1,1,0,0,1,0,0,0,0,0,0,1,ADX>=thresh;MACD_cross_up;BB_breakout;Price>SMA20
2025-08-11T17:36:04.707470,LHX,269.69,34.05,0.25,0.09,18.98,18.98,1,1,0,0,0,1,0,0,0,0,0,1,ADX>=thresh;MACD_cross_up;RSI_overbought;Price>SMA20
2025-08-11T17:36:15.276330,LYB,48.41,29.96,0.11,0.23,-0.30,-0.30,1,1,0,0,0,1,0,0,0,0,0,1,ADX>=thresh;MACD_cross_up;RSI_overbought;Price>SMA20
2025-08-11T17:36:20.464694,MA,573.21,48.23,0.43,0.07,-22.51,-22.51,1,1,0,0,0,1,0,0,0,0,0,1,ADX>=thresh;MACD_cross_up;RSI_overbought;Price>SMA20
2025-08-11T17:36:22.882855,MCK,679.49,37.16,0.99,0.15,-9.14,-9.14,1,1,0,0,1,0,0,0,0,0,0,1,ADX>=thresh;MACD_cross_up;BB_breakout;Price>SMA20
2025-08-11T17:36:25.522563,MET,75.27,25.56,0.09,0.12,-30.11,-30.11,1,1,0,0,1,0,0,0,0,0,0,1,ADX>=thresh;MACD_cross_up;BB_breakout;Price>SMA20
2025-08-11T17:36:47.429736,NVR,7778.26,29.87,8.75,0.11,-26.47,-26.47,1,1,0,0,0,0,0,1,0,0,0,1,ADX>=thresh;MACD_cross_up;ATR>=abs;Price>SMA20
2025-08-11T17:36:56.485560,PARA,0.00,23.11,0.04,inf,16.08,16.08,1,1,0,0,0,1,0,0,1,0,0,0,ADX>=thresh;MACD_cross_up;RSI_overbought;ATR>=pct
2025-08-11T17:37:11.457440,PHM,119.94,26.24,0.14,0.12,-16.50,-16.50,1,1,0,0,1,0,0,0,0,0,0,1,ADX>=thresh;MACD_cross_up;BB_breakout;Price>SMA20
2025-08-11T17:37:12.134755,PWR,386.94,58.47,0.48,0.12,-15.01,-15.01,1,1,0,0,1,1,0,0,0,0,0,1,ADX>=thresh;MACD_cross_up;BB_breakout;RSI_overbought;Price>SMA20
2025-08-11T17:37:35.326591,SMCI,46.20,25.30,0.12,0.26,-25.23,-25.23,1,1,0,0,1,1,0,0,0,0,0,1,ADX>=thresh;MACD_cross_up;BB_breakout;RSI_overbought;Price>SMA20
2025-08-11T17:37:39.747472,TRGP,168.39,43.02,0.28,0.17,0.87,0.87,1,1,0,0,0,1,0,0,0,0,0,1,ADX>=thresh;MACD_cross_up;RSI_overbought;Price>SMA20
2025-08-11T17:37:47.020449,TT,430.22,30.64,0.40,0.09,-3.34,-3.34,1,1,0,0,0,1,0,0,0,0,0,1,ADX>=thresh;MACD_cross_up;RSI_overbought;Price>SMA20
2025-08-11T17:38:01.015309,VTRS,9.95,34.82,0.03,0.30,15.43,15.43,1,1,0,0,1,0,0,0,0,0,0,1,ADX>=thresh;MACD_cross_up;BB_breakout;Price>SMA20
2025-08-11T17:38:02.644346,VST,202.20,42.39,0.44,0.22,-18.87,-18.87,1,1,0,0,0,1,0,0,0,0,0,1,ADX>=thresh;MACD_cross_up;RSI_overbought;Price>SMA20
2025-08-11T17:38:04.730065,WAB,191.74,39.75,0.19,0.10,-0.69,-0.69,1,1,0,0,0,1,0,0,0,0,0,1,ADX>=thresh;MACD_cross_up;RSI_overbought;Price>SMA20
2025-08-11T17:38:09.504477,WFC,77.63,26.82,0.10,0.12,-14.99,-14.99,1,1,0,0,1,1,0,0,0,0,0,1,ADX>=thresh;MACD_cross_up;BB_breakout;RSI_overbought;Price>SMA20
2025-08-11T17:38:12.013511,WSM,200.15,31.74,0.25,0.13,-18.91,-18.91,1,1,0,0,1,1,0,0,0,0,0,1,ADX>=thresh;MACD_cross_up;BB_breakout;RSI_overbought;Price>SMA20
2025-08-11T17:38:22.894589,MMM,154.71,32.38,0.18,0.11,-4.34,-4.34,1,1,0,0,0,1,0,0,0,0,0,1,ADX>=thresh;MACD_cross_up;RSI_overbought;Price>SMA20
2025-08-11T17:38:27.097680,AES,12.91,21.42,0.04,0.32,-1.17,-1.17,1,1,0,0,1,1,0,0,0,0,0,1,ADX>=thresh;MACD_cross_up;BB_breakout;RSI_overbought;Price>SMA20
2025-08-11T17:38:52.659507,AZO,4036.70,22.99,5.79,0.14,-41.67,-41.67,1,1,0,0,1,0,0,1,0,0,0,1,ADX>=thresh;MACD_cross_up;BB_breakout;ATR>=abs;Price>SMA20
2025-08-11T17:39:38.165332,CTVA,72.03,32.44,0.10,0.15,23.13,23.13,1,1,0,0,0,1,0,0,0,0,0,1,ADX>=thresh;MACD_cross_up;RSI_overbought;Price>SMA20
2025-08-11T17:39:58.741956,ETN,360.60,23.97,0.40,0.11,-7.90,-7.90,1,1,0,0,0,1,0,0,0,0,0,1,ADX>=thresh;MACD_cross_up;RSI_overbought;Price>SMA20
2025-08-11T17:39:59.434159,EBAY,94.69,20.98,0.13,0.14,-18.33,-18.33,1,1,0,0,0,1,0,0,0,0,0,1,ADX>=thresh;MACD_cross_up;RSI_overbought;Price>SMA20
2025-08-11T17:40:01.143129,EW,78.17,39.82,0.08,0.10,-12.66,-12.66,1,1,0,0,0,1,0,0,0,0,0,1,ADX>=thresh;MACD_cross_up;RSI_overbought;Price>SMA20
2025-08-11T17:40:01.878869,EA,174.46,30.43,0.29,0.16,4.12,4.12,1,1,0,0,1,1,0,0,0,0,0,1,ADX>=thresh;MACD_cross_up;BB_breakout;RSI_overbought;Price>SMA20
2025-08-11T17:40:34.372318,GILD,119.05,21.42,0.16,0.14,-28.66,-28.66,1,1,0,0,1,1,0,0,0,0,0,1,ADX>=thresh;MACD_cross_up;BB_breakout;RSI_overbought;Price>SMA20
2025-08-11T17:40:35.537573,GL,139.39,26.35,0.14,0.10,-13.36,-13.36,1,1,0,0,0,1,0,0,0,0,0,1,ADX>=thresh;MACD_cross_up;RSI_overbought;Price>SMA20
2025-08-11T17:41:48.641493,NVR,7780.45,31.36,8.03,0.10,-38.19,-38.19,1,1,0,0,0,0,0,1,0,0,0,1,ADX>=thresh;MACD_cross_up;ATR>=abs;Price>SMA20
2025-08-11T17:41:57.170549,PLTR,185.48,32.12,0.36,0.19,-23.69,-23.69,1,1,0,0,1,0,0,0,0,0,0,1,ADX>=thresh;MACD_cross_up;BB_breakout;Price>SMA20
2025-08-11T17:41:58.066608,PARA,0.00,23.11,0.04,inf,16.08,16.08,1,1,0,0,0,1,0,0,1,0,0,0,ADX>=thresh;MACD_cross_up;RSI_overbought;ATR>=pct
2025-08-11T17:42:01.164231,PEP,144.42,22.51,0.13,0.09,-5.81,-5.81,1,1,0,0,0,1,0,0,0,0,0,1,ADX>=thresh;MACD_cross_up;RSI_overbought;Price>SMA20
2025-08-11T17:42:13.103847,PWR,386.74,55.00,0.48,0.12,-20.53,-20.53,1,1,0,0,0,1,0,0,0,0,0,1,ADX>=thresh;MACD_cross_up;RSI_overbought;Price>SMA20
2025-08-11T17:42:32.482993,SMCI,46.27,27.18,0.13,0.29,-4.70,-4.70,1,1,0,0,1,1,0,0,0,0,0,1,ADX>=thresh;MACD_cross_up;BB_breakout;RSI_overbought;Price>SMA20
2025-08-11T17:42:51.362244,URI,865.23,60.50,0.99,0.11,-4.57,-4.57,1,1,0,0,0,1,0,0,0,0,0,1,ADX>=thresh;MACD_cross_up;RSI_overbought;Price>SMA20
2025-08-11T17:43:23.291863,AKAM,71.25,43.85,0.15,0.21,-12.83,-12.83,1,1,0,0,1,0,0,0,0,0,0,1,ADX>=thresh;MACD_cross_up;BB_breakout;Price>SMA20
2025-08-11T17:43:38.648057,ADM,58.15,33.95,0.07,0.13,-4.35,-4.35,1,1,0,0,1,1,0,0,0,0,0,1,ADX>=thresh;MACD_cross_up;BB_breakout;RSI_overbought;Price>SMA20
2025-08-11T17:43:43.503105,AZO,4036.70,22.99,5.79,0.14,-41.67,-41.67,1,1,0,0,1,0,0,1,0,0,0,1,ADX>=thresh;MACD_cross_up;BB_breakout;ATR>=abs;Price>SMA20
2025-08-11T17:44:31.178388,CTVA,72.11,34.36,0.11,0.15,27.94,27.94,1,1,0,0,0,1,0,0,0,0,0,1,ADX>=thresh;MACD_cross_up;RSI_overbought;Price>SMA20
2025-08-11T17:44:38.934591,DECK,100.50,26.02,0.17,0.17,-7.33,-7.33,1,1,0,0,1,1,0,0,0,0,0,1,ADX>=thresh;MACD_cross_up;BB_breakout;RSI_overbought;Price>SMA20
2025-08-11T17:44:47.976605,DHI,154.42,43.12,0.21,0.14,-4.24,-4.24,1,1,0,0,1,0,0,0,0,0,0,1,ADX>=thresh;MACD_cross_up;BB_breakout;Price>SMA20
2025-08-11T17:44:50.976403,ETN,360.38,27.12,0.39,0.11,1.55,1.55,1,1,0,0,0,1,0,0,0,0,0,1,ADX>=thresh;MACD_cross_up;RSI_overbought;Price>SMA20
2025-08-11T17:44:51.645681,EBAY,94.82,21.70,0.13,0.14,-18.98,-18.98,1,1,0,0,0,1,0,0,0,0,0,1,ADX>=thresh;MACD_cross_up;RSI_overbought;Price>SMA20
2025-08-11T17:44:54.380506,EA,174.55,30.26,0.28,0.16,3.46,3.46,1,1,0,0,1,1,0,0,0,0,0,1,ADX>=thresh;MACD_cross_up;BB_breakout;RSI_overbought;Price>SMA20
2025-08-11T17:45:02.610509,EG,329.60,26.99,0.30,0.09,12.64,12.64,1,1,0,0,1,1,0,0,0,0,0,1,ADX>=thresh;MACD_cross_up;BB_breakout;RSI_overbought;Price>SMA20
2025-08-11T17:46:07.654448,GNRC,196.79,29.89,0.24,0.12,-30.30,-30.30,1,1,0,0,1,0,0,0,0,0,0,1,ADX>=thresh;MACD_cross_up;BB_breakout;Price>SMA20
2025-08-11T17:46:12.029183,GILD,119.11,20.47,0.16,0.13,-31.00,-31.00,1,1,0,0,0,1,0,0,0,0,0,1,ADX>=thresh;MACD_cross_up;RSI_overbought;Price>SMA20
2025-08-11T17:46:22.500265,HD,386.60,26.13,0.34,0.09,-21.24,-21.24,1,1,0,0,1,0,0,0,0,0,0,1,ADX>=thresh;MACD_cross_up;BB_breakout;Price>SMA20
2025-08-11T17:46:40.793405,JBHT,137.14,26.89,0.21,0.16,-23.81,-23.81,1,1,0,0,1,0,0,0,0,0,0,1,ADX>=thresh;MACD_cross_up;BB_breakout;Price>SMA20
2025-08-11T17:47:22.484131,MDLZ,61.13,22.14,0.11,0.18,16.09,16.09,1,1,0,0,0,1,0,0,0,0,0,1,ADX>=thresh;MACD_cross_up;RSI_overbought;Price>SMA20
2025-08-11T17:47:30.068231,NEM,69.06,29.33,0.14,0.20,42.98,42.98,1,1,0,0,1,1,0,0,0,0,0,1,ADX>=thresh;MACD_cross_up;BB_breakout;RSI_overbought;Price>SMA20
2025-08-11T17:47:39.028120,NCLH,23.80,26.07,0.06,0.24,-11.13,-11.13,1,1,0,0,1,1,0,0,0,0,0,1,ADX>=thresh;MACD_cross_up;BB_breakout;RSI_overbought;Price>SMA20
2025-08-11T17:47:40.291242,NUE,137.08,21.51,0.16,0.11,-4.80,-4.80,1,1,0,0,1,1,0,0,0,0,0,1,ADX>=thresh;MACD_cross_up;BB_breakout;RSI_overbought;Price>SMA20
2025-08-11T17:47:41.932873,NVR,7782.31,33.87,7.41,0.10,-39.10,-39.10,1,1,0,0,0,0,0,1,0,0,0,1,ADX>=thresh;MACD_cross_up;ATR>=abs;Price>SMA20
2025-08-11T17:47:47.663325,PCAR,96.78,28.48,0.08,0.08,2.82,2.82,1,1,0,0,1,1,0,0,0,0,0,1,ADX>=thresh;MACD_cross_up;BB_breakout;RSI_overbought;Price>SMA20
2025-08-11T17:47:50.392601,PARA,0.00,23.11,0.04,inf,16.08,16.08,1,1,0,0,0,1,0,0,1,0,0,0,ADX>=thresh;MACD_cross_up;RSI_overbought;ATR>=pct
2025-08-11T17:47:53.891216,PEP,144.65,22.46,0.14,0.09,6.79,6.79,1,1,0,0,1,1,0,0,0,0,0,1,ADX>=thresh;MACD_cross_up;BB_breakout;RSI_overbought;Price>SMA20
2025-08-11T17:48:00.191618,PFG,76.41,23.24,0.07,0.09,-13.74,-13.74,1,1,0,0,1,0,0,0,0,0,0,1,ADX>=thresh;MACD_cross_up;BB_breakout;Price>SMA20
2025-08-11T17:48:00.817902,PG,154.94,29.04,0.16,0.10,3.07,3.07,1,1,0,0,1,1,0,0,0,0,0,1,ADX>=thresh;MACD_cross_up;BB_breakout;RSI_overbought;Price>SMA20
2025-08-11T17:48:05.266105,PWR,387.22,51.06,0.45,0.12,-13.31,-13.31,1,1,0,0,0,1,0,0,0,0,0,1,ADX>=thresh;MACD_cross_up;RSI_overbought;Price>SMA20
2025-08-11T17:48:07.869599,RJF,165.28,23.30,0.12,0.07,-8.00,-8.00,1,1,0,0,1,0,0,0,0,0,0,1,ADX>=thresh;MACD_cross_up;BB_breakout;Price>SMA20
2025-08-11T17:48:14.935761,RCL,303.70,31.45,0.58,0.19,-5.35,-5.35,1,1,0,0,0,1,0,0,0,0,0,1,ADX>=thresh;MACD_cross_up;RSI_overbought;Price>SMA20
2025-08-11T17:48:26.747364,SBUX,91.41,21.54,0.12,0.14,-14.71,-14.71,1,1,0,0,1,0,0,0,0,0,0,1,ADX>=thresh;MACD_cross_up;BB_breakout;Price>SMA20
2025-08-11T17:48:28.075796,STLD,121.39,23.00,0.16,0.13,3.66,3.66,1,1,0,0,1,1,0,0,0,0,0,1,ADX>=thresh;MACD_cross_up;BB_breakout;RSI_overbought;Price>SMA20
2025-08-11T17:48:29.348348,SYK,376.69,26.46,0.36,0.10,-3.25,-3.25,1,1,0,0,1,0,0,0,0,0,0,1,ADX>=thresh;MACD_cross_up;BB_breakout;Price>SMA20
2025-08-11T17:48:30.021908,SMCI,46.38,28.36,0.14,0.30,-1.12,-1.12,1,1,0,0,1,1,0,0,0,0,0,1,ADX>=thresh;MACD_cross_up;BB_breakout;RSI_overbought;Price>SMA20
2025-08-11T17:48:32.915805,TMUS,246.94,41.65,0.31,0.13,5.67,5.67,1,1,0,0,0,1,0,0,0,0,0,1,ADX>=thresh;MACD_cross_up;RSI_overbought;Price>SMA20
2025-08-11T17:48:45.565233,TSN,56.49,29.39,0.08,0.14,19.74,19.74,1,1,0,0,1,1,0,0,0,0,0,1,ADX>=thresh;MACD_cross_up;BB_breakout;RSI_overbought;Price>SMA20
2025-08-11T17:48:57.898734,VTRS,9.96,34.80,0.03,0.30,24.59,24.59,1,1,0,0,0,1,0,0,0,0,0,1,ADX>=thresh;MACD_cross_up;RSI_overbought;Price>SMA20
2025-08-11T17:49:00.051212,VST,202.38,41.78,0.42,0.21,-7.71,-7.71,1,1,0,0,0,1,0,0,0,0,0,1,ADX>=thresh;MACD_cross_up;RSI_overbought;Price>SMA20
2025-08-11T17:49:00.852121,VMC,284.78,23.03,0.29,0.10,-7.99,-7.99,1,1,0,0,0,1,0,0,0,0,0,1,ADX>=thresh;MACD_cross_up;RSI_overbought;Price>SMA20
2025-08-11T17:49:03.111232,WAB,191.98,38.08,0.23,0.12,15.48,15.48,1,1,0,0,1,1,0,0,0,0,0,1,ADX>=thresh;MACD_cross_up;BB_breakout;RSI_overbought;Price>SMA20
2025-08-11T17:49:03.962145,WBA,11.89,53.59,0.01,0.11,-19.61,-19.61,1,1,0,0,1,1,0,0,0,0,0,1,ADX>=thresh;MACD_cross_up;BB_breakout;RSI_overbought;Price>SMA20
2025-08-11T17:49:04.836911,WMT,104.00,20.30,0.12,0.12,21.72,21.72,1,1,0,0,1,1,0,0,0,0,0,1,ADX>=thresh;MACD_cross_up;BB_breakout;RSI_overbought;Price>SMA20
2025-08-11T17:49:08.360327,WFC,77.75,28.47,0.10,0.13,-6.91,-6.91,1,1,0,0,1,1,0,0,0,0,0,1,ADX>=thresh;MACD_cross_up;BB_breakout;RSI_overbought;Price>SMA20
2025-08-11T17:49:11.437860,WSM,200.72,20.61,0.29,0.14,-0.91,-0.91,1,1,0,0,1,1,0,0,0,0,0,1,ADX>=thresh;MACD_cross_up;BB_breakout;RSI_overbought;Price>SMA20
2025-08-11T17:49:12.743116,WTW,328.34,24.96,0.39,0.12,-10.25,-10.25,1,1,0,0,1,1,0,0,0,0,0,1,ADX>=thresh;MACD_cross_up;BB_breakout;RSI_overbought;Price>SMA20
2025-08-11T17:49:13.481802,WDAY,213.44,47.99,0.53,0.25,-11.09,-11.09,1,1,0,0,1,0,0,0,0,0,0,1,ADX>=thresh;MACD_cross_up;BB_breakout;Price>SMA20
2025-08-11T17:49:23.407383,MMM,154.88,24.67,0.19,0.12,-7.79,-7.79,1,1,0,0,1,1,0,0,0,0,0,1,ADX>=thresh;MACD_cross_up;BB_breakout;RSI_overbought;Price>SMA20
2025-08-11T17:49:35.007279,ALL,206.56,25.63,0.21,0.10,-3.56,-3.56,1,1,0,0,1,1,0,0,0,0,0,1,ADX>=thresh;MACD_cross_up;BB_breakout;RSI_overbought;Price>SMA20
2025-08-11T17:49:40.237156,AIG,78.83,21.07,0.08,0.10,-4.82,-4.82,1,1,0,0,1,1,0,0,0,0,0,1,ADX>=thresh;MACD_cross_up;BB_breakout;RSI_overbought;Price>SMA20
2025-08-11T17:49:42.825605,AME,182.79,41.00,0.15,0.08,-1.10,-1.10,1,1,0,0,1,0,0,0,0,0,0,1,ADX>=thresh;MACD_cross_up;BB_breakout;Price>SMA20
2025-08-11T17:49:49.551294,ADM,58.23,33.32,0.07,0.13,-1.97,-1.97,1,1,0,0,1,1,0,0,0,0,0,1,ADX>=thresh;MACD_cross_up;BB_breakout;RSI_overbought;Price>SMA20
2025-08-11T17:49:50.577662,AJG,287.20,50.71,0.42,0.15,-15.54,-15.54,1,1,0,0,1,0,0,0,0,0,0,1,ADX>=thresh;MACD_cross_up;BB_breakout;Price>SMA20
2025-08-11T17:49:52.235917,ATO,164.68,35.57,0.17,0.10,-10.40,-10.40,1,1,0,0,1,1,0,0,0,0,0,1,ADX>=thresh;MACD_cross_up;BB_breakout;RSI_overbought;Price>SMA20
2025-08-11T17:49:53.488909,ADP,303.52,37.76,0.30,0.10,6.03,6.03,1,1,0,0,1,1,0,0,0,0,0,1,ADX>=thresh;MACD_cross_up;BB_breakout;RSI_overbought;Price>SMA20
2025-08-11T17:49:54.075604,AZO,4036.70,22.99,5.79,0.14,-41.67,-41.67,1,1,0,0,1,0,0,1,0,0,0,1,ADX>=thresh;MACD_cross_up;BB_breakout;ATR>=abs;Price>SMA20
2025-08-11T17:49:56.915831,BAC,46.28,29.65,0.06,0.12,-7.54,-7.54,1,1,0,0,1,0,0,0,0,0,0,1,ADX>=thresh;MACD_cross_up;BB_breakout;Price>SMA20
2025-08-11T17:49:57.497783,BAX,23.52,25.72,0.05,0.20,5.92,5.92,1,1,0,0,1,1,0,0,0,0,0,1,ADX>=thresh;MACD_cross_up;BB_breakout;RSI_overbought;Price>SMA20
2025-08-11T17:49:59.445678,BBY,68.73,22.63,0.13,0.18,-6.69,-6.69,1,1,0,0,1,1,0,0,0,0,0,1,ADX>=thresh;MACD_cross_up;BB_breakout;RSI_overbought;Price>SMA20
2025-08-11T17:50:05.690430,BRO,94.26,26.00,0.09,0.10,-30.60,-30.60,1,1,0,0,1,1,0,0,0,0,0,1,ADX>=thresh;MACD_cross_up;BB_breakout;RSI_overbought;Price>SMA20
2025-08-11T17:50:09.677292,CZR,23.89,48.55,0.05,0.22,-23.31,-23.31,1,1,0,0,1,0,0,0,0,0,0,1,ADX>=thresh;MACD_cross_up;BB_breakout;Price>SMA20
2025-08-11T17:50:11.314165,COF,209.28,50.25,0.47,0.22,-22.90,-22.90,1,1,0,0,0,1,0,0,0,0,0,1,ADX>=thresh;MACD_cross_up;RSI_overbought;Price>SMA20
2025-08-11T17:50:13.118480,CCL,28.59,31.42,0.06,0.19,-8.31,-8.31,1,1,0,0,1,1,0,0,0,0,0,1,ADX>=thresh;MACD_cross_up;BB_breakout;RSI_overbought;Price>SMA20
2025-08-11T17:50:25.833270,CINF,149.64,48.42,0.12,0.08,7.84,7.84,1,1,0,0,1,0,0,0,0,0,0,1,ADX>=thresh;MACD_cross_up;BB_breakout;Price>SMA20
2025-08-11T17:50:27.842258,C,92.56,26.40,0.11,0.11,-3.75,-3.75,1,1,0,0,0,1,0,0,0,0,0,1,ADX>=thresh;MACD_cross_up;RSI_overbought;Price>SMA20
2025-08-11T17:50:28.596082,CFG,47.06,39.48,0.04,0.08,-15.26,-15.26,1,1,0,0,1,0,0,0,0,0,0,1,ADX>=thresh;MACD_cross_up;BB_breakout;Price>SMA20
2025-08-11T17:50:30.813752,KO,70.45,24.09,0.05,0.07,-5.54,-5.54,1,1,0,0,1,1,0,0,0,0,0,1,ADX>=thresh;MACD_cross_up;BB_breakout;RSI_overbought;Price>SMA20
2025-08-11T17:50:36.679256,CEG,332.70,30.38,0.70,0.21,-14.37,-14.37,1,1,0,0,0,1,0,0,0,0,0,1,ADX>=thresh;MACD_cross_up;RSI_overbought;Price>SMA20
2025-08-11T17:50:37.378537,COO,70.90,47.70,0.10,0.13,-8.22,-8.22,1,1,0,0,1,0,0,0,0,0,0,1,ADX>=thresh;MACD_cross_up;BB_breakout;Price>SMA20
2025-08-11T17:50:40.990716,CTVA,72.08,37.77,0.10,0.15,5.88,5.88,1,1,0,0,0,1,0,0,0,0,0,1,ADX>=thresh;MACD_cross_up;RSI_overbought;Price>SMA20
2025-08-11T17:50:44.408257,CMI,389.53,26.27,0.52,0.13,-3.98,-3.98,1,1,0,0,1,1,0,0,0,0,0,1,ADX>=thresh;MACD_cross_up;BB_breakout;RSI_overbought;Price>SMA20
2025-08-11T17:50:45.008460,CVS,65.04,38.19,0.08,0.13,-29.33,-29.33,1,1,0,0,0,1,0,0,0,0,0,1,ADX>=thresh;MACD_cross_up;RSI_overbought;Price>SMA20
2025-08-11T17:50:48.215440,DE,506.50,51.64,0.53,0.11,-8.62,-8.62,1,1,0,0,1,1,0,0,0,0,0,1,ADX>=thresh;MACD_cross_up;BB_breakout;RSI_overbought;Price>SMA20
2025-08-11T17:50:50.602914,DXCM,78.20,27.63,0.12,0.16,-1.77,-1.77,1,1,0,0,1,1,0,0,0,0,0,1,ADX>=thresh;MACD_cross_up;BB_breakout;RSI_overbought;Price>SMA20
2025-08-11T17:50:52.464375,DG,116.58,34.45,0.13,0.11,8.80,8.80,1,1,0,0,1,1,0,0,0,0,0,1,ADX>=thresh;MACD_cross_up;BB_breakout;RSI_overbought;Price>SMA20
2025-08-11T17:50:53.125915,DLTR,114.87,21.58,0.22,0.19,-9.68,-9.68,1,1,0,0,1,1,0,0,0,0,0,1,ADX>=thresh;MACD_cross_up;BB_breakout;RSI_overbought;Price>SMA20
2025-08-11T17:50:56.687371,DHI,154.75,33.15,0.22,0.14,10.30,10.30,1,1,0,0,1,1,0,0,0,0,0,1,ADX>=thresh;MACD_cross_up;BB_breakout;RSI_overbought;Price>SMA20
2025-08-11T17:50:59.759661,ETN,360.83,31.75,0.37,0.10,-3.26,-3.26,1,1,0,0,0,1,0,0,0,0,0,1,ADX>=thresh;MACD_cross_up;RSI_overbought;Price>SMA20
2025-08-11T17:51:02.058658,EW,78.20,24.27,0.07,0.09,-17.01,-17.01,1,1,0,0,0,1,0,0,0,0,0,1,ADX>=thresh;MACD_cross_up;RSI_overbought;Price>SMA20
2025-08-11T17:51:11.020410,EG,329.75,27.24,0.33,0.10,39.02,39.02,1,1,0,0,1,1,0,0,0,0,0,1,ADX>=thresh;MACD_cross_up;BB_breakout;RSI_overbought;Price>SMA20
2025-08-11T17:51:18.156978,EXR,135.45,46.61,0.18,0.13,-3.61,-3.61,1,1,0,0,1,0,0,0,0,0,0,1,ADX>=thresh;MACD_cross_up;BB_breakout;Price>SMA20
2025-08-11T17:51:23.333013,FAST,47.70,28.85,0.04,0.08,15.52,15.52,1,1,0,0,0,1,0,0,0,0,0,1,ADX>=thresh;MACD_cross_up;RSI_overbought;Price>SMA20
2025-08-11T17:51:31.391177,FOXA,54.01,27.00,0.05,0.09,-16.94,-16.94,1,1,0,0,1,0,0,0,0,0,0,1,ADX>=thresh;MACD_cross_up;BB_breakout;Price>SMA20
2025-08-11T17:51:32.188354,FOX,49.27,25.88,0.05,0.10,-20.25,-20.25,1,1,0,0,1,0,0,0,0,0,0,1,ADX>=thresh;MACD_cross_up;BB_breakout;Price>SMA20
2025-08-11T17:51:40.798205,GIS,49.19,27.93,0.06,0.13,7.34,7.34,1,1,0,0,0,1,0,0,0,0,0,1,ADX>=thresh;MACD_cross_up;RSI_overbought;Price>SMA20
2025-08-11T17:51:42.409963,GPC,132.68,28.82,0.13,0.10,-5.80,-5.80,1,1,0,0,1,0,0,0,0,0,0,1,ADX>=thresh;MACD_cross_up;BB_breakout;Price>SMA20
2025-08-11T17:51:43.243769,GILD,119.34,21.39,0.17,0.14,-6.68,-6.68,1,1,0,0,1,1,0,0,0,0,0,1,ADX>=thresh;MACD_cross_up;BB_breakout;RSI_overbought;Price>SMA20
2025-08-11T17:51:44.775961,GL,139.46,23.93,0.14,0.10,-16.90,-16.90,1,1,0,0,0,1,0,0,0,0,0,1,ADX>=thresh;MACD_cross_up;RSI_overbought;Price>SMA20
2025-08-11T17:51:53.518414,HD,386.98,24.55,0.35,0.09,-1.80,-1.80,1,1,0,0,1,1,0,0,0,0,0,1,ADX>=thresh;MACD_cross_up;BB_breakout;RSI_overbought;Price>SMA20
2025-08-11T17:51:54.507305,HRL,28.52,34.61,0.04,0.12,2.34,2.34,1,1,0,0,1,1,0,0,0,0,0,1,ADX>=thresh;MACD_cross_up;BB_breakout;RSI_overbought;Price>SMA20
2025-08-11T17:52:04.381950,IPG,24.86,27.42,0.03,0.14,-23.63,-23.63,1,1,0,0,1,1,0,0,0,0,0,1,ADX>=thresh;MACD_cross_up;BB_breakout;RSI_overbought;Price>SMA20
2025-08-11T17:52:07.137724,IQV,179.58,21.02,0.22,0.12,-9.30,-9.30,1,1,0,0,1,0,0,0,0,0,0,1,ADX>=thresh;MACD_cross_up;BB_breakout;Price>SMA20
2025-08-11T17:52:08.341476,JBHT,137.35,29.17,0.18,0.13,-40.28,-40.28,1,1,0,0,1,1,0,0,0,0,0,1,ADX>=thresh;MACD_cross_up;BB_breakout;RSI_overbought;Price>SMA20
2025-08-11T17:52:16.311978,K,80.12,39.59,0.01,0.01,-20.21,-20.21,1,1,0,0,0,1,0,0,0,0,0,1,ADX>=thresh;MACD_cross_up;RSI_overbought;Price>SMA20
2025-08-11T17:52:18.424310,KDP,34.67,33.92,0.03,0.10,-16.78,-16.78,1,1,0,0,1,0,0,0,0,0,0,1,ADX>=thresh;MACD_cross_up;BB_breakout;Price>SMA20
2025-08-11T17:52:22.615428,KHC,27.23,25.33,0.04,0.15,-7.33,-7.33,1,1,0,0,1,1,0,0,0,0,0,1,ADX>=thresh;MACD_cross_up;BB_breakout;RSI_overbought;Price>SMA20
2025-08-11T17:52:23.241972,KR,74.55,33.66,0.10,0.13,31.08,31.08,1,1,0,0,1,1,0,0,0,0,0,1,ADX>=thresh;MACD_cross_up;BB_breakout;RSI_overbought;Price>SMA20
2025-08-11T17:52:27.357188,LEN,120.00,35.70,0.18,0.15,1.75,1.75,1,1,0,0,1,1,0,0,0,0,0,1,ADX>=thresh;MACD_cross_up;BB_breakout;RSI_overbought;Price>SMA20
2025-08-11T17:52:30.923308,L,93.50,31.50,0.07,0.08,38.71,38.71,1,1,0,0,1,0,0,0,0,0,0,1,ADX>=thresh;MACD_cross_up;BB_breakout;Price>SMA20
2025-08-11T17:52:38.304984,MKC,69.64,33.53,0.07,0.11,4.75,4.75,1,1,0,0,1,1,0,0,0,0,0,1,ADX>=thresh;MACD_cross_up;BB_breakout;RSI_overbought;Price>SMA20
2025-08-11T17:52:46.819362,TAP,50.41,29.44,0.08,0.15,-15.01,-15.01,1,1,0,0,1,1,0,0,0,0,0,1,ADX>=thresh;MACD_cross_up;BB_breakout;RSI_overbought;Price>SMA20
2025-08-11T17:52:47.427607,MDLZ,61.28,22.79,0.12,0.19,10.38,10.38,1,1,0,0,1,1,0,0,0,0,0,1,ADX>=thresh;MACD_cross_up;BB_breakout;RSI_overbought;Price>SMA20
2025-08-11T17:52:48.446090,MNST,63.02,47.20,0.10,0.15,-14.40,-14.40,1,1,0,0,1,1,0,0,0,0,0,1,ADX>=thresh;MACD_cross_up;BB_breakout;RSI_overbought;Price>SMA20
2025-08-11T17:52:50.273434,MOS,32.44,22.67,0.06,0.18,18.59,18.59,1,1,0,0,0,1,0,0,0,0,0,1,ADX>=thresh;MACD_cross_up;RSI_overbought;Price>SMA20
2025-08-11T17:52:54.653079,NEM,69.11,29.25,0.14,0.20,47.85,47.85,1,1,0,0,1,1,0,0,0,0,0,1,ADX>=thresh;MACD_cross_up;BB_breakout;RSI_overbought;Price>SMA20
2025-08-11T17:53:00.737114,NCLH,23.84,30.69,0.06,0.23,-3.90,-3.90,1,1,0,0,1,1,0,0,0,0,0,1,ADX>=thresh;MACD_cross_up;BB_breakout;RSI_overbought;Price>SMA20
2025-08-11T17:53:01.536916,NRG,153.38,66.34,0.27,0.18,-9.61,-9.61,1,1,0,0,0,1,0,0,0,0,0,1,ADX>=thresh;MACD_cross_up;RSI_overbought;Price>SMA20
2025-08-11T17:53:02.284937,NUE,137.06,23.38,0.15,0.11,-5.32,-5.32,1,1,0,0,0,1,0,0,0,0,0,1,ADX>=thresh;MACD_cross_up;RSI_overbought;Price>SMA20
2025-08-11T17:53:03.958001,NVR,7799.10,36.29,8.71,0.11,-7.92,-7.92,1,1,0,0,1,1,0,1,0,0,0,1,ADX>=thresh;MACD_cross_up;BB_breakout;RSI_overbought;ATR>=abs;Price>SMA20
2025-08-11T17:53:07.535919,OMC,72.66,30.65,0.10,0.13,-18.69,-18.69,1,1,0,0,1,0,0,0,0,0,0,1,ADX>=thresh;MACD_cross_up;BB_breakout;Price>SMA20
2025-08-11T17:53:10.262050,PCAR,96.78,27.27,0.08,0.08,7.04,7.04,1,1,0,0,1,1,0,0,0,0,0,1,ADX>=thresh;MACD_cross_up;BB_breakout;RSI_overbought;Price>SMA20
2025-08-11T17:53:12.982567,PARA,0.00,23.11,0.04,inf,16.08,16.08,1,1,0,0,0,1,0,0,1,0,0,0,ADX>=thresh;MACD_cross_up;RSI_overbought;ATR>=pct
2025-08-11T17:53:17.000573,PEP,144.83,23.34,0.14,0.10,11.72,11.72,1,1,0,0,1,1,0,0,0,0,0,1,ADX>=thresh;MACD_cross_up;BB_breakout;RSI_overbought;Price>SMA20
2025-08-11T17:53:21.545860,POOL,305.08,27.94,0.52,0.17,-0.81,-0.81,1,1,0,0,1,0,0,0,0,0,0,1,ADX>=thresh;MACD_cross_up;BB_breakout;Price>SMA20
2025-08-11T17:53:23.378832,PFG,76.45,23.22,0.06,0.08,-20.73,-20.73,1,1,0,0,0,1,0,0,0,0,0,1,ADX>=thresh;MACD_cross_up;RSI_overbought;Price>SMA20
2025-08-11T17:53:24.143786,PG,155.08,26.60,0.17,0.11,7.36,7.36,1,1,0,0,1,1,0,0,0,0,0,1,ADX>=thresh;MACD_cross_up;BB_breakout;RSI_overbought;Price>SMA20
2025-08-11T17:53:25.548857,PGR,245.16,33.29,0.23,0.09,-3.90,-3.90,1,1,0,0,1,1,0,0,0,0,0,1,ADX>=thresh;MACD_cross_up;BB_breakout;RSI_overbought;Price>SMA20
2025-08-11T17:53:41.357117,RCL,303.90,31.13,0.56,0.18,-7.74,-7.74,1,1,0,0,0,1,0,0,0,0,0,1,ADX>=thresh;MACD_cross_up;RSI_overbought;Price>SMA20
2025-08-11T17:53:45.023499,SRE,81.58,28.49,0.13,0.16,-13.28,-13.28,1,1,0,0,1,0,0,0,0,0,0,1,ADX>=thresh;MACD_cross_up;BB_breakout;Price>SMA20
2025-08-11T17:53:47.126914,SPG,165.09,22.65,0.22,0.13,15.25,15.25,1,1,0,0,1,1,0,0,0,0,0,1,ADX>=thresh;MACD_cross_up;BB_breakout;RSI_overbought;Price>SMA20
2025-08-11T17:53:48.325198,SJM,110.88,24.53,0.10,0.09,-8.65,-8.65,1,1,0,0,1,1,0,0,0,0,0,1,ADX>=thresh;MACD_cross_up;BB_breakout;RSI_overbought;Price>SMA20
2025-08-11T17:53:52.759364,SBUX,91.45,21.83,0.11,0.12,-9.89,-9.89,1,1,0,0,1,0,0,0,0,0,0,1,ADX>=thresh;MACD_cross_up;BB_breakout;Price>SMA20
2025-08-11T17:53:54.035864,STLD,121.50,26.98,0.16,0.13,13.23,13.23,1,1,0,0,1,1,0,0,0,0,0,1,ADX>=thresh;MACD_cross_up;BB_breakout;RSI_overbought;Price>SMA20
2025-08-11T17:53:54.711114,STE,242.09,23.85,0.27,0.11,-2.58,-2.58,1,1,0,0,1,0,0,0,0,0,0,1,ADX>=thresh;MACD_cross_up;BB_breakout;Price>SMA20
2025-08-11T17:53:55.286084,SYK,376.79,25.55,0.35,0.09,2.60,2.60,1,1,0,0,1,0,0,0,0,0,0,1,ADX>=thresh;MACD_cross_up;BB_breakout;Price>SMA20
2025-08-11T17:53:55.868121,SMCI,46.35,29.59,0.15,0.32,7.27,7.27,1,1,0,0,0,1,0,0,0,0,0,1,ADX>=thresh;MACD_cross_up;RSI_overbought;Price>SMA20
2025-08-11T17:53:57.644885,SYY,79.51,30.67,0.09,0.11,-1.64,-1.64,1,1,0,0,1,0,0,0,0,0,0,1,ADX>=thresh;MACD_cross_up;BB_breakout;Price>SMA20
2025-08-11T17:53:58.333952,TMUS,247.16,41.39,0.32,0.13,3.04,3.04,1,1,0,0,1,1,0,0,0,0,0,1,ADX>=thresh;MACD_cross_up;BB_breakout;RSI_overbought;Price>SMA20
2025-08-11T17:54:05.151296,TMO,461.99,34.32,0.77,0.17,23.20,23.20,1,1,0,0,1,1,0,0,0,0,0,1,ADX>=thresh;MACD_cross_up;BB_breakout;RSI_overbought;Price>SMA20
2025-08-11T17:54:06.978087,TSCO,59.49,21.09,0.08,0.13,-14.94,-14.94,1,1,0,0,1,1,0,0,0,0,0,1,ADX>=thresh;MACD_cross_up;BB_breakout;RSI_overbought;Price>SMA20
2025-08-11T17:54:08.440502,TRV,264.32,47.34,0.25,0.10,-17.87,-17.87,1,1,0,0,1,1,0,0,0,0,0,1,ADX>=thresh;MACD_cross_up;BB_breakout;RSI_overbought;Price>SMA20
2025-08-11T17:54:10.811425,TSN,56.51,26.81,0.07,0.13,19.41,19.41,1,1,0,0,0,1,0,0,0,0,0,1,ADX>=thresh;MACD_cross_up;RSI_overbought;Price>SMA20
2025-08-11T17:54:23.146125,V,336.20,21.31,0.30,0.09,-4.69,-4.69,1,1,0,0,1,1,0,0,0,0,0,1,ADX>=thresh;MACD_cross_up;BB_breakout;RSI_overbought;Price>SMA20
2025-08-11T17:54:24.192898,VMC,284.98,27.41,0.27,0.09,-2.30,-2.30,1,1,0,0,0,1,0,0,0,0,0,1,ADX>=thresh;MACD_cross_up;RSI_overbought;Price>SMA20
2025-08-11T17:54:26.119447,WAB,191.91,36.64,0.22,0.12,15.99,15.99,1,1,0,0,0,1,0,0,0,0,0,1,ADX>=thresh;MACD_cross_up;RSI_overbought;Price>SMA20
2025-08-11T17:54:27.511835,WMT,103.97,25.55,0.12,0.12,18.63,18.63,1,1,0,0,0,1,0,0,0,0,0,1,ADX>=thresh;MACD_cross_up;RSI_overbought;Price>SMA20
2025-08-11T17:54:31.096929,WFC,77.75,30.71,0.09,0.12,-7.58,-7.58,1,1,0,0,0,1,0,0,0,0,0,1,ADX>=thresh;MACD_cross_up;RSI_overbought;Price>SMA20
2025-08-11T17:54:33.204071,WY,25.29,28.83,0.03,0.14,5.51,5.51,1,1,0,0,1,0,0,0,0,0,0,1,ADX>=thresh;MACD_cross_up;BB_breakout;Price>SMA20
2025-08-11T17:54:34.264495,WSM,200.87,20.85,0.28,0.14,0.90,0.90,1,1,0,0,1,1,0,0,0,0,0,1,ADX>=thresh;MACD_cross_up;BB_breakout;RSI_overbought;Price>SMA20
2025-08-11T17:54:35.349399,WTW,328.56,24.18,0.35,0.11,-12.90,-12.90,1,1,0,0,1,1,0,0,0,0,0,1,ADX>=thresh;MACD_cross_up;BB_breakout;RSI_overbought;Price>SMA20
2025-08-11T17:54:35.985430,WDAY,213.70,44.58,0.55,0.26,-3.16,-3.16,1,1,0,0,1,1,0,0,0,0,0,1,ADX>=thresh;MACD_cross_up;BB_breakout;RSI_overbought;Price>SMA20
2025-08-11T17:54:38.193190,YUM,141.39,37.00,0.13,0.09,9.19,9.19,1,1,0,0,1,0,0,0,0,0,0,1,ADX>=thresh;MACD_cross_up;BB_breakout;Price>SMA20
2025-08-11T17:54:46.654714,ABT,131.44,36.63,0.14,0.11,-7.72,-7.72,1,1,0,0,1,0,0,0,0,0,0,1,ADX>=thresh;MACD_cross_up;BB_breakout;Price>SMA20
2025-08-11T17:54:51.150929,A,114.29,29.43,0.17,0.15,2.00,2.00,1,1,0,0,1,0,0,0,0,0,0,1,ADX>=thresh;MACD_cross_up;BB_breakout;Price>SMA20
2025-08-11T17:54:55.210272,ALGN,135.76,55.88,0.41,0.30,-0.80,-0.80,1,1,0,0,1,1,0,0,0,0,0,1,ADX>=thresh;MACD_cross_up;BB_breakout;RSI_overbought;Price>SMA20
2025-08-11T17:54:56.044907,ALLE,163.65,36.94,0.11,0.07,9.66,9.66,1,1,0,0,1,0,0,0,0,0,0,1,ADX>=thresh;MACD_cross_up;BB_breakout;Price>SMA20
2025-08-11T17:54:57.380788,ALL,206.56,26.90,0.20,0.10,-5.87,-5.87,1,1,0,0,1,1,0,0,0,0,0,1,ADX>=thresh;MACD_cross_up;BB_breakout;RSI_overbought;Price>SMA20
2025-08-11T17:55:00.080088,AMCR,9.63,49.43,0.01,0.15,-15.79,-15.79,1,1,0,0,1,0,0,0,0,0,0,1,ADX>=thresh;MACD_cross_up;BB_breakout;Price>SMA20
2025-08-11T18:18:17.498037,A,114.47,31.84,0.18,0.16,5.02,5.02,1,1,0,0,0,1,0,0,0,0,0,1,ADX>=thresh;MACD_cross_up;RSI_overbought;Price>SMA20
2025-08-11T18:18:31.089490,AIG,78.96,39.96,0.08,0.10,8.29,8.29,1,1,0,0,1,1,0,0,0,0,0,1,ADX>=thresh;MACD_cross_up;BB_breakout;RSI_overbought;Price>SMA20
2025-08-11T18:18:39.649889,ACGL,90.43,40.10,0.10,0.11,-3.99,-3.99,1,1,0,0,0,1,0,0,0,0,0,1,ADX>=thresh;MACD_cross_up;RSI_overbought;Price>SMA20
2025-08-11T18:18:41.943133,AJG,288.07,40.36,0.35,0.12,-15.19,-15.19,1,1,0,0,1,1,0,0,0,0,0,1,ADX>=thresh;MACD_cross_up;BB_breakout;RSI_overbought;Price>SMA20
2025-08-11T18:18:52.329384,TECH,50.33,30.47,0.12,0.24,-1.02,-1.02,1,1,0,0,0,1,0,0,0,0,0,1,ADX>=thresh;MACD_cross_up;RSI_overbought;Price>SMA20
2025-08-11T18:18:57.034724,BMY,45.89,33.26,0.05,0.12,2.13,2.13,1,1,0,0,1,1,0,0,0,0,0,1,ADX>=thresh;MACD_cross_up;BB_breakout;RSI_overbought;Price>SMA20
2025-08-11T18:18:58.842466,BRO,94.45,37.52,0.09,0.10,-6.15,-6.15,1,1,0,0,0,1,0,0,0,0,0,1,ADX>=thresh;MACD_cross_up;RSI_overbought;Price>SMA20
2025-08-11T18:19:00.542664,BF-B,0.00,51.11,0.06,inf,-7.88,-7.88,1,1,0,0,0,1,0,0,1,0,0,0,ADX>=thresh;MACD_cross_up;RSI_overbought;ATR>=pct
2025-08-11T18:19:08.150447,CAH,158.77,35.69,0.18,0.11,7.45,7.45,1,1,0,0,1,1,0,0,0,0,0,1,ADX>=thresh;MACD_cross_up;BB_breakout;RSI_overbought;Price>SMA20
2025-08-11T18:19:08.879582,KMX,55.71,49.29,0.10,0.18,24.11,24.11,1,1,0,0,0,1,0,0,0,0,0,1,ADX>=thresh;MACD_cross_up;RSI_overbought;Price>SMA20
2025-08-11T18:19:13.820621,CNC,25.45,44.65,0.05,0.19,8.91,8.91,1,1,0,0,0,1,0,0,0,0,0,1,ADX>=thresh;MACD_cross_up;RSI_overbought;Price>SMA20
2025-08-11T18:19:16.800827,CHTR,257.03,28.85,0.42,0.16,-6.65,-6.65,1,1,0,0,0,1,0,0,0,0,0,1,ADX>=thresh;MACD_cross_up;RSI_overbought;Price>SMA20
2025-08-11T18:19:25.135433,KO,70.59,33.99,0.06,0.08,20.40,20.40,1,1,0,0,0,1,0,0,0,0,0,1,ADX>=thresh;MACD_cross_up;RSI_overbought;Price>SMA20
2025-08-11T18:19:27.893859,CMCSA,31.17,55.07,0.05,0.15,5.47,5.47,1,1,0,0,1,0,0,0,0,0,0,1,ADX>=thresh;MACD_cross_up;BB_breakout;Price>SMA20
2025-08-11T18:19:29.181649,COP,93.76,24.11,0.13,0.14,0.56,0.56,1,1,0,0,0,1,0,0,0,0,0,1,ADX>=thresh;MACD_cross_up;RSI_overbought;Price>SMA20
2025-08-11T18:19:30.765072,STZ,168.44,37.55,0.26,0.16,-21.42,-21.42,1,1,0,0,0,1,0,0,0,0,0,1,ADX>=thresh;MACD_cross_up;RSI_overbought;Price>SMA20
2025-08-11T18:19:32.103082,COO,71.06,38.98,0.11,0.15,-8.44,-8.44,1,1,0,0,0,1,0,0,0,0,0,1,ADX>=thresh;MACD_cross_up;RSI_overbought;Price>SMA20
2025-08-11T18:19:35.465260,COST,988.52,28.00,0.79,0.08,-20.03,-20.03,1,1,0,0,0,1,0,0,0,0,0,1,ADX>=thresh;MACD_cross_up;RSI_overbought;Price>SMA20
2025-08-11T18:19:42.468547,DECK,100.99,32.30,0.16,0.16,-2.88,-2.88,1,1,0,0,0,1,0,0,0,0,0,1,ADX>=thresh;MACD_cross_up;RSI_overbought;Price>SMA20
2025-08-11T18:19:45.887938,FANG,137.95,27.14,0.28,0.20,-6.04,-6.04,1,1,0,0,0,1,0,0,0,0,0,1,ADX>=thresh;MACD_cross_up;RSI_overbought;Price>SMA20
2025-08-11T18:19:47.354602,DG,116.58,25.72,0.12,0.11,-7.35,-7.35,1,1,0,0,0,1,0,0,0,0,0,1,ADX>=thresh;MACD_cross_up;RSI_overbought;Price>SMA20
2025-08-11T18:19:50.817738,DOW,20.73,26.05,0.07,0.35,43.98,43.98,1,1,0,0,1,1,0,0,0,0,0,1,ADX>=thresh;MACD_cross_up;BB_breakout;RSI_overbought;Price>SMA20
2025-08-11T18:19:56.057071,EA,175.03,30.07,0.28,0.16,-8.46,-8.46,1,1,0,0,1,1,0,0,0,0,0,1,ADX>=thresh;MACD_cross_up;BB_breakout;RSI_overbought;Price>SMA20
2025-08-11T18:19:57.790059,ENPH,32.91,42.75,0.12,0.37,-3.17,-3.17,1,1,0,0,1,1,0,0,0,0,0,1,ADX>=thresh;MACD_cross_up;BB_breakout;RSI_overbought;Price>SMA20
2025-08-11T18:19:58.946996,EOG,117.02,27.88,0.18,0.15,6.58,6.58,1,1,0,0,0,1,0,0,0,0,0,1,ADX>=thresh;MACD_cross_up;RSI_overbought;Price>SMA20
2025-08-11T18:20:18.209626,FAST,47.82,31.68,0.04,0.09,5.66,5.66,1,1,0,0,0,1,0,0,0,0,0,1,ADX>=thresh;MACD_cross_up;RSI_overbought;Price>SMA20
2025-08-11T18:20:28.208968,GEHC,73.15,44.81,0.09,0.12,-26.48,-26.48,1,1,0,0,0,1,0,0,0,0,0,1,ADX>=thresh;MACD_cross_up;RSI_overbought;Price>SMA20
2025-08-11T18:20:32.216099,GPC,132.92,38.93,0.12,0.09,-26.00,-26.00,1,1,0,0,0,1,0,0,0,0,0,1,ADX>=thresh;MACD_cross_up;RSI_overbought;Price>SMA20
2025-08-11T18:20:32.816795,GILD,119.82,42.49,0.19,0.16,22.02,22.02,1,1,0,0,0,1,0,0,0,0,0,1,ADX>=thresh;MACD_cross_up;RSI_overbought;Price>SMA20
2025-08-11T18:20:50.241146,IPG,24.89,37.08,0.03,0.11,-12.81,-12.81,1,1,0,0,0,1,0,0,0,0,0,1,ADX>=thresh;MACD_cross_up;RSI_overbought;Price>SMA20
2025-08-11T18:20:54.661470,JBHT,137.50,35.48,0.13,0.09,-34.03,-34.03,1,1,0,0,0,1,0,0,0,0,0,1,ADX>=thresh;MACD_cross_up;RSI_overbought;Price>SMA20
2025-08-11T18:20:59.835671,KDP,34.75,37.01,0.03,0.09,-13.87,-13.87,1,1,0,0,0,1,0,0,0,0,0,1,ADX>=thresh;MACD_cross_up;RSI_overbought;Price>SMA20
2025-08-11T18:21:08.138630,LEN,120.20,34.76,0.17,0.14,-18.38,-18.38,1,1,0,0,0,1,0,0,0,0,0,1,ADX>=thresh;MACD_cross_up;RSI_overbought;Price>SMA20
2025-08-11T18:21:11.823216,L,93.63,33.13,0.08,0.08,-8.00,-8.00,1,1,0,0,0,1,0,0,0,0,0,1,ADX>=thresh;MACD_cross_up;RSI_overbought;Price>SMA20
2025-08-11T18:21:16.885070,MAS,68.64,26.24,0.07,0.11,-29.64,-29.64,1,1,0,0,0,1,0,0,0,0,0,1,ADX>=thresh;MACD_cross_up;RSI_overbought;Price>SMA20
2025-08-11T18:21:17.897394,MTCH,35.58,23.65,0.06,0.16,-3.77,-3.77,1,1,0,0,1,1,0,0,0,0,0,1,ADX>=thresh;MACD_cross_up;BB_breakout;RSI_overbought;Price>SMA20
2025-08-11T18:21:19.530784,MCK,679.92,37.62,1.08,0.16,9.66,9.66,1,1,0,0,1,1,0,0,0,0,0,1,ADX>=thresh;MACD_cross_up;BB_breakout;RSI_overbought;Price>SMA20
2025-08-11T18:21:27.943678,TAP,50.55,37.94,0.07,0.14,-10.63,-10.63,1,1,0,0,1,1,0,0,0,0,0,1,ADX>=thresh;MACD_cross_up;BB_breakout;RSI_overbought;Price>SMA20
2025-08-11T18:21:28.513203,MDLZ,61.56,27.19,0.12,0.19,-6.11,-6.11,1,1,0,0,0,1,0,0,0,0,0,1,ADX>=thresh;MACD_cross_up;RSI_overbought;Price>SMA20
2025-08-11T18:21:29.547140,MNST,63.42,48.05,0.10,0.16,18.29,18.29,1,1,0,0,0,1,0,0,0,0,0,1,ADX>=thresh;MACD_cross_up;RSI_overbought;Price>SMA20
2025-08-11T18:21:30.937345,MOS,32.55,46.00,0.06,0.20,14.07,14.07,1,1,0,0,0,1,0,0,0,0,0,1,ADX>=thresh;MACD_cross_up;RSI_overbought;Price>SMA20
2025-08-11T18:21:35.400298,NKE,73.91,29.97,0.09,0.12,2.75,2.75,1,1,0,0,0,1,0,0,0,0,0,1,ADX>=thresh;MACD_cross_up;RSI_overbought;Price>SMA20
2025-08-11T18:21:39.306627,NUE,137.38,45.94,0.18,0.13,1.55,1.55,1,1,0,0,0,1,0,0,0,0,0,1,ADX>=thresh;MACD_cross_up;RSI_overbought;Price>SMA20
2025-08-11T18:21:40.350221,NVR,7813.92,35.21,8.47,0.11,-10.58,-10.58,1,1,0,0,1,1,0,1,0,0,0,1,ADX>=thresh;MACD_cross_up;BB_breakout;RSI_overbought;ATR>=abs;Price>SMA20
2025-08-11T18:21:42.904680,ODFL,142.14,21.70,0.26,0.18,10.67,10.67,1,1,0,0,0,1,0,0,0,0,0,1,ADX>=thresh;MACD_cross_up;RSI_overbought;Price>SMA20
2025-08-11T18:21:43.502658,OMC,72.81,35.27,0.08,0.11,-14.28,-14.28,1,1,0,0,1,1,0,0,0,0,0,1,ADX>=thresh;MACD_cross_up;BB_breakout;RSI_overbought;Price>SMA20
2025-08-11T18:21:46.103899,PCAR,96.92,30.56,0.08,0.08,-20.45,-20.45,1,1,0,0,0,1,0,0,0,0,0,1,ADX>=thresh;MACD_cross_up;RSI_overbought;Price>SMA20
2025-08-11T18:21:46.687095,PKG,196.07,32.10,0.16,0.08,-35.60,-35.60,1,1,0,0,1,1,0,0,0,0,0,1,ADX>=thresh;MACD_cross_up;BB_breakout;RSI_overbought;Price>SMA20
2025-08-11T18:21:48.486393,PARA,0.00,23.11,0.04,inf,16.08,16.08,1,1,0,0,0,1,0,0,1,0,0,0,ADX>=thresh;MACD_cross_up;RSI_overbought;ATR>=pct
2025-08-11T18:21:53.147833,PEP,145.22,36.75,0.15,0.10,-3.92,-3.92,1,1,0,0,0,1,0,0,0,0,0,1,ADX>=thresh;MACD_cross_up;RSI_overbought;Price>SMA20
2025-08-11T18:21:57.179764,POOL,305.87,26.03,0.46,0.15,-0.65,-0.65,1,1,0,0,0,1,0,0,0,0,0,1,ADX>=thresh;MACD_cross_up;RSI_overbought;Price>SMA20
2025-08-11T18:22:00.003618,PGR,245.55,32.12,0.23,0.09,-4.62,-4.62,1,1,0,0,1,1,0,0,0,0,0,1,ADX>=thresh;MACD_cross_up;BB_breakout;RSI_overbought;Price>SMA20
2025-08-11T18:22:05.894687,PHM,120.34,30.11,0.21,0.17,9.32,9.32,1,1,0,0,0,1,0,0,0,0,0,1,ADX>=thresh;MACD_cross_up;RSI_overbought;Price>SMA20
2025-08-11T18:22:08.091469,RL,288.04,28.97,0.37,0.13,-2.88,-2.88,1,1,0,0,1,1,0,0,0,0,0,1,ADX>=thresh;MACD_cross_up;BB_breakout;RSI_overbought;Price>SMA20
2025-08-11T18:22:22.268835,SJM,111.07,26.56,0.11,0.10,5.33,5.33,1,1,0,0,0,1,0,0,0,0,0,1,ADX>=thresh;MACD_cross_up;RSI_overbought;Price>SMA20
2025-08-11T18:22:22.989840,SW,43.23,32.58,0.06,0.15,11.61,11.61,1,1,0,0,1,0,0,0,0,0,0,1,ADX>=thresh;MACD_cross_up;BB_breakout;Price>SMA20
2025-08-11T18:22:28.162466,STLD,121.92,49.54,0.19,0.15,4.75,4.75,1,1,0,0,0,1,0,0,0,0,0,1,ADX>=thresh;MACD_cross_up;RSI_overbought;Price>SMA20
2025-08-11T18:22:31.796972,TMUS,247.68,36.65,0.27,0.11,-21.27,-21.27,1,1,0,0,0,1,0,0,0,0,0,1,ADX>=thresh;MACD_cross_up;RSI_overbought;Price>SMA20
2025-08-11T18:22:43.376906,TRV,264.69,41.11,0.20,0.08,-28.85,-28.85,1,1,0,0,0,1,0,0,0,0,0,1,ADX>=thresh;MACD_cross_up;RSI_overbought;Price>SMA20
2025-08-11T18:22:45.799780,TSN,56.67,28.04,0.07,0.13,-20.03,-20.03,1,1,0,0,0,1,0,0,0,0,0,1,ADX>=thresh;MACD_cross_up;RSI_overbought;Price>SMA20
2025-08-11T18:22:47.112776,UBER,90.98,27.99,0.19,0.21,-13.16,-13.16,1,1,0,0,1,1,0,0,0,0,0,1,ADX>=thresh;MACD_cross_up;BB_breakout;RSI_overbought;Price>SMA20
2025-08-11T18:22:50.602628,UPS,86.60,29.15,0.13,0.15,-6.08,-6.08,1,1,0,0,0,1,0,0,0,0,0,1,ADX>=thresh;MACD_cross_up;RSI_overbought;Price>SMA20
2025-08-11T18:22:52.842509,VLO,132.13,30.94,0.18,0.14,-16.99,-16.99,1,1,0,0,0,1,0,0,0,0,0,1,ADX>=thresh;MACD_cross_up;RSI_overbought;Price>SMA20
2025-08-11T18:22:58.247684,VTRS,9.98,23.96,0.03,0.30,-14.26,-14.26,1,1,0,0,1,1,0,0,0,0,0,1,ADX>=thresh;MACD_cross_up;BB_breakout;RSI_overbought;Price>SMA20
2025-08-11T18:23:01.347415,WRB,70.17,48.30,0.07,0.11,-5.55,-5.55,1,1,0,0,1,1,0,0,0,0,0,1,ADX>=thresh;MACD_cross_up;BB_breakout;RSI_overbought;Price>SMA20
2025-08-11T18:23:04.205917,WMT,104.05,51.29,0.12,0.11,-18.48,-18.48,1,1,0,0,0,1,0,0,0,0,0,1,ADX>=thresh;MACD_cross_up;RSI_overbought;Price>SMA20
2025-08-11T18:23:11.428737,WTW,329.02,25.61,0.32,0.10,-8.55,-8.55,1,1,0,0,0,1,0,0,0,0,0,1,ADX>=thresh;MACD_cross_up;RSI_overbought;Price>SMA20
2025-08-11T18:23:14.089841,WYNN,107.21,66.65,0.23,0.21,-15.51,-15.51,1,1,0,0,1,1,0,0,0,0,0,1,ADX>=thresh;MACD_cross_up;BB_breakout;RSI_overbought;Price>SMA20
2025-08-11T18:23:29.558926,A,114.42,31.68,0.17,0.15,1.85,1.85,1,1,0,0,0,1,0,0,0,0,0,1,ADX>=thresh;MACD_cross_up;RSI_overbought;Price>SMA20
2025-08-11T18:23:30.175563,APD,282.58,60.98,0.51,0.18,21.81,21.81,1,1,0,0,1,1,0,0,0,0,0,1,ADX>=thresh;MACD_cross_up;BB_breakout;RSI_overbought;Price>SMA20
2025-08-11T18:23:38.573084,AMCR,9.64,39.41,0.01,0.14,-2.13,-2.13,1,1,0,0,1,1,0,0,0,0,0,1,ADX>=thresh;MACD_cross_up;BB_breakout;RSI_overbought;Price>SMA20
2025-08-11T18:23:40.747040,AIG,79.07,43.81,0.08,0.10,2.27,2.27,1,1,0,0,1,1,0,0,0,0,0,1,ADX>=thresh;MACD_cross_up;BB_breakout;RSI_overbought;Price>SMA20
2025-08-11T18:23:45.726123,AON,367.54,40.77,0.34,0.09,-5.34,-5.34,1,1,0,0,1,1,0,0,0,0,0,1,ADX>=thresh;MACD_cross_up;BB_breakout;RSI_overbought;Price>SMA20
2025-08-11T18:23:48.910448,ACGL,90.48,46.88,0.10,0.11,-7.69,-7.69,1,1,0,0,1,1,0,0,0,0,0,1,ADX>=thresh;MACD_cross_up;BB_breakout;RSI_overbought;Price>SMA20
2025-08-11T18:23:50.758744,AJG,288.52,40.46,0.34,0.12,-18.69,-18.69,1,1,0,0,1,1,0,0,0,0,0,1,ADX>=thresh;MACD_cross_up;BB_breakout;RSI_overbought;Price>SMA20
2025-08-11T18:23:58.636044,BALL,53.69,37.59,0.06,0.11,-31.84,-31.84,1,1,0,0,0,1,0,0,0,0,0,1,ADX>=thresh;MACD_cross_up;RSI_overbought;Price>SMA20
2025-08-11T18:24:01.656815,BBY,68.80,21.14,0.11,0.16,-20.00,-20.00,1,1,0,0,0,1,0,0,0,0,0,1,ADX>=thresh;MACD_cross_up;RSI_overbought;Price>SMA20
2025-08-11T18:24:06.501430,BMY,45.95,32.22,0.05,0.12,4.57,4.57,1,1,0,0,1,1,0,0,0,0,0,1,ADX>=thresh;MACD_cross_up;BB_breakout;RSI_overbought;Price>SMA20
2025-08-11T18:24:08.050571,BRO,94.54,40.60,0.09,0.10,-3.15,-3.15,1,1,0,0,0,1,0,0,0,0,0,1,ADX>=thresh;MACD_cross_up;RSI_overbought;Price>SMA20
2025-08-11T18:24:08.654988,BF-B,0.00,48.37,0.05,inf,-9.34,-9.34,1,1,0,0,0,1,0,0,1,0,0,0,ADX>=thresh;MACD_cross_up;RSI_overbought;ATR>=pct
2025-08-11T18:24:15.453474,CAH,158.78,35.58,0.18,0.11,5.23,5.23,1,1,0,0,1,1,0,0,0,0,0,1,ADX>=thresh;MACD_cross_up;BB_breakout;RSI_overbought;Price>SMA20
2025-08-11T18:24:16.278584,KMX,55.73,47.28,0.10,0.18,15.04,15.04,1,1,0,0,0,1,0,0,0,0,0,1,ADX>=thresh;MACD_cross_up;RSI_overbought;Price>SMA20
2025-08-11T18:24:21.969475,CNC,25.45,42.24,0.05,0.19,-3.22,-3.22,1,1,0,0,0,1,0,0,0,0,0,1,ADX>=thresh;MACD_cross_up;RSI_overbought;Price>SMA20
2025-08-11T18:24:25.023941,CHTR,257.33,27.77,0.42,0.16,-16.08,-16.08,1,1,0,0,0,1,0,0,0,0,0,1,ADX>=thresh;MACD_cross_up;RSI_overbought;Price>SMA20
2025-08-11T18:24:28.758474,CI,276.59,28.92,0.37,0.13,-22.45,-22.45,1,1,0,0,1,1,0,0,0,0,0,1,ADX>=thresh;MACD_cross_up;BB_breakout;RSI_overbought;Price>SMA20
2025-08-11T18:24:34.657683,KO,70.68,37.68,0.06,0.08,15.32,15.32,1,1,0,0,0,1,0,0,0,0,0,1,ADX>=thresh;MACD_cross_up;RSI_overbought;Price>SMA20
2025-08-11T18:24:36.844450,CL,84.53,22.53,0.09,0.10,-14.03,-14.03,1,1,0,0,0,1,0,0,0,0,0,1,ADX>=thresh;MACD_cross_up;RSI_overbought;Price>SMA20
2025-08-11T18:24:37.576113,CMCSA,31.18,52.08,0.05,0.15,-2.72,-2.72,1,1,0,0,1,1,0,0,0,0,0,1,ADX>=thresh;MACD_cross_up;BB_breakout;RSI_overbought;Price>SMA20
2025-08-11T18:24:38.323478,CAG,19.21,28.18,0.04,0.18,5.33,5.33,1,1,0,0,0,1,0,0,0,0,0,1,ADX>=thresh;MACD_cross_up;RSI_overbought;Price>SMA20
2025-08-11T18:24:39.090525,COP,93.75,23.98,0.13,0.14,-2.89,-2.89,1,1,0,0,0,1,0,0,0,0,0,1,ADX>=thresh;MACD_cross_up;RSI_overbought;Price>SMA20
2025-08-11T18:24:40.702405,STZ,168.51,36.42,0.26,0.15,-20.61,-20.61,1,1,0,0,0,1,0,0,0,0,0,1,ADX>=thresh;MACD_cross_up;RSI_overbought;Price>SMA20
2025-08-11T18:24:41.993503,COO,71.08,37.26,0.10,0.14,-8.87,-8.87,1,1,0,0,0,1,0,0,0,0,0,1,ADX>=thresh;MACD_cross_up;RSI_overbought;Price>SMA20
2025-08-11T18:24:45.202955,CTVA,72.19,51.90,0.12,0.17,-4.13,-4.13,1,1,0,0,0,1,0,0,0,0,0,1,ADX>=thresh;MACD_cross_up;RSI_overbought;Price>SMA20
2025-08-11T18:24:48.712919,CCI,103.84,25.11,0.13,0.12,2.83,2.83,1,1,0,0,1,1,0,0,0,0,0,1,ADX>=thresh;MACD_cross_up;BB_breakout;RSI_overbought;Price>SMA20
2025-08-11T18:24:53.755837,DECK,100.98,33.53,0.16,0.16,-13.09,-13.09,1,1,0,0,0,1,0,0,0,0,0,1,ADX>=thresh;MACD_cross_up;RSI_overbought;Price>SMA20
2025-08-11T18:24:56.562651,DXCM,78.36,37.28,0.12,0.15,-32.45,-32.45,1,1,0,0,0,1,0,0,0,0,0,1,ADX>=thresh;MACD_cross_up;RSI_overbought;Price>SMA20
2025-08-11T18:25:04.483219,DOW,20.86,28.34,0.08,0.37,36.79,36.79,1,1,0,0,1,1,0,0,0,0,0,1,ADX>=thresh;MACD_cross_up;BB_breakout;RSI_overbought;Price>SMA20
2025-08-11T18:25:05.150678,DHI,155.01,37.16,0.25,0.16,1.73,1.73,1,1,0,0,0,1,0,0,0,0,0,1,ADX>=thresh;MACD_cross_up;RSI_overbought;Price>SMA20
2025-08-11T18:25:06.950056,DD,70.20,22.96,0.11,0.15,9.63,9.63,1,1,0,0,1,1,0,0,0,0,0,1,ADX>=thresh;MACD_cross_up;BB_breakout;RSI_overbought;Price>SMA20
2025-08-11T18:25:07.590866,EMN,61.07,37.03,0.11,0.18,2.76,2.76,1,1,0,0,1,1,0,0,0,0,0,1,ADX>=thresh;MACD_cross_up;BB_breakout;RSI_overbought;Price>SMA20
2025-08-11T18:25:15.453459,EFX,238.40,33.37,0.46,0.19,-11.89,-11.89,1,1,0,0,1,1,0,0,0,0,0,1,ADX>=thresh;MACD_cross_up;BB_breakout;RSI_overbought;Price>SMA20
2025-08-11T18:25:23.024565,EXPD,116.42,22.53,0.14,0.12,-6.81,-6.81,1,1,0,0,0,1,0,0,0,0,0,1,ADX>=thresh;MACD_cross_up;RSI_overbought;Price>SMA20
2025-08-11T18:25:26.832796,FAST,47.81,36.25,0.05,0.10,22.36,22.36,1,1,0,0,0,1,0,0,0,0,0,1,ADX>=thresh;MACD_cross_up;RSI_overbought;Price>SMA20
2025-08-11T18:25:28.361980,FDX,224.74,29.45,0.28,0.12,-6.18,-6.18,1,1,0,0,0,1,0,0,0,0,0,1,ADX>=thresh;MACD_cross_up;RSI_overbought;Price>SMA20
2025-08-11T18:25:31.882812,F,11.15,35.13,0.03,0.24,-25.56,-25.56,1,1,0,0,1,1,0,0,0,0,0,1,ADX>=thresh;MACD_cross_up;BB_breakout;RSI_overbought;Price>SMA20
2025-08-11T18:25:38.233916,GEHC,73.28,44.60,0.10,0.13,-20.83,-20.83,1,1,0,0,1,1,0,0,0,0,0,1,ADX>=thresh;MACD_cross_up;BB_breakout;RSI_overbought;Price>SMA20
2025-08-11T18:25:42.445515,GPC,133.05,40.90,0.12,0.09,-18.07,-18.07,1,1,0,0,0,1,0,0,0,0,0,1,ADX>=thresh;MACD_cross_up;RSI_overbought;Price>SMA20
2025-08-11T18:25:43.191066,GILD,120.03,46.37,0.20,0.17,11.19,11.19,1,1,0,0,0,1,0,0,0,0,0,1,ADX>=thresh;MACD_cross_up;RSI_overbought;Price>SMA20
2025-08-11T18:25:43.831165,GPN,81.02,46.62,0.11,0.13,-13.07,-13.07,1,1,0,0,1,0,0,0,0,0,0,1,ADX>=thresh;MACD_cross_up;BB_breakout;Price>SMA20
2025-08-11T18:25:45.185055,GDDY,135.58,30.69,0.36,0.27,4.04,4.04,1,1,0,0,1,1,0,0,0,0,0,1,ADX>=thresh;MACD_cross_up;BB_breakout;RSI_overbought;Price>SMA20
2025-08-11T18:25:49.418374,HSIC,66.27,44.50,0.07,0.10,-18.76,-18.76,1,1,0,0,1,1,0,0,0,0,0,1,ADX>=thresh;MACD_cross_up;BB_breakout;RSI_overbought;Price>SMA20
2025-08-11T18:25:50.101358,HSY,175.47,20.12,0.28,0.16,-23.36,-23.36,1,1,0,0,0,1,0,0,0,0,0,1,ADX>=thresh;MACD_cross_up;RSI_overbought;Price>SMA20
2025-08-11T18:25:52.080012,HOLX,67.85,34.25,0.07,0.10,-19.16,-19.16,1,1,0,0,0,1,0,0,0,0,0,1,ADX>=thresh;MACD_cross_up;RSI_overbought;Price>SMA20
2025-08-11T18:25:54.246191,HST,15.38,29.60,0.02,0.16,-0.04,-0.04,1,1,0,0,1,1,0,0,0,0,0,1,ADX>=thresh;MACD_cross_up;BB_breakout;RSI_overbought;Price>SMA20
2025-08-11T18:26:01.162694,IR,76.30,29.03,0.09,0.12,-26.89,-26.89,1,1,0,0,1,0,0,0,0,0,0,1,ADX>=thresh;MACD_cross_up;BB_breakout;Price>SMA20
2025-08-11T18:26:03.849461,IP,47.01,47.26,0.07,0.15,4.89,4.89,1,1,0,0,1,1,0,0,0,0,0,1,ADX>=thresh;MACD_cross_up;BB_breakout;RSI_overbought;Price>SMA20
2025-08-11T18:26:04.606231,IPG,24.91,43.86,0.03,0.12,-13.15,-13.15,1,1,0,0,0,1,0,0,0,0,0,1,ADX>=thresh;MACD_cross_up;RSI_overbought;Price>SMA20
2025-08-11T18:26:08.805264,JBHT,137.71,38.41,0.13,0.09,-19.03,-19.03,1,1,0,0,0,1,0,0,0,0,0,1,ADX>=thresh;MACD_cross_up;RSI_overbought;Price>SMA20
2025-08-11T18:26:14.024490,KDP,34.78,38.48,0.03,0.10,-15.06,-15.06,1,1,0,0,0,1,0,0,0,0,0,1,ADX>=thresh;MACD_cross_up;RSI_overbought;Price>SMA20
2025-08-11T18:26:21.606641,LW,51.79,44.29,0.07,0.13,-20.04,-20.04,1,1,0,0,0,1,0,0,0,0,0,1,ADX>=thresh;MACD_cross_up;RSI_overbought;Price>SMA20
2025-08-11T18:26:22.317567,LVS,52.63,44.66,0.07,0.13,-11.04,-11.04,1,1,0,0,1,0,0,0,0,0,0,1,ADX>=thresh;MACD_cross_up;BB_breakout;Price>SMA20
2025-08-11T18:26:23.525515,LEN,120.38,36.03,0.17,0.14,-19.95,-19.95,1,1,0,0,0,1,0,0,0,0,0,1,ADX>=thresh;MACD_cross_up;RSI_overbought;Price>SMA20
2025-08-11T18:26:24.234516,LII,578.36,31.93,0.87,0.15,-1.53,-1.53,1,1,0,0,1,0,0,0,0,0,0,1,ADX>=thresh;MACD_cross_up;BB_breakout;Price>SMA20
2025-08-11T18:26:25.384606,LIN,468.49,23.98,0.34,0.07,-5.24,-5.24,1,1,0,0,1,1,0,0,0,0,0,1,ADX>=thresh;MACD_cross_up;BB_breakout;RSI_overbought;Price>SMA20
2025-08-11T18:26:26.651897,LKQ,29.36,31.16,0.05,0.17,-8.77,-8.77,1,1,0,0,0,1,0,0,0,0,0,1,ADX>=thresh;MACD_cross_up;RSI_overbought;Price>SMA20
2025-08-11T18:26:27.943397,L,93.68,33.53,0.08,0.09,-19.48,-19.48,1,1,0,0,0,1,0,0,0,0,0,1,ADX>=thresh;MACD_cross_up;RSI_overbought;Price>SMA20
2025-08-11T18:26:29.961984,LYB,48.66,27.75,0.14,0.29,7.66,7.66,1,1,0,0,1,1,0,0,0,0,0,1,ADX>=thresh;MACD_cross_up;BB_breakout;RSI_overbought;Price>SMA20
2025-08-11T18:26:32.521216,MMC,202.99,40.76,0.16,0.08,-6.59,-6.59,1,1,0,0,0,1,0,0,0,0,0,1,ADX>=thresh;MACD_cross_up;RSI_overbought;Price>SMA20
2025-08-11T18:26:33.790463,MAS,68.75,25.28,0.08,0.12,-22.93,-22.93,1,1,0,0,0,1,0,0,0,0,0,1,ADX>=thresh;MACD_cross_up;RSI_overbought;Price>SMA20
2025-08-11T18:26:34.965648,MTCH,35.64,27.77,0.06,0.17,12.65,12.65,1,1,0,0,1,1,0,0,0,0,0,1,ADX>=thresh;MACD_cross_up;BB_breakout;RSI_overbought;Price>SMA20
2025-08-11T18:26:39.885689,MGM,34.14,44.55,0.05,0.14,4.58,4.58,1,1,0,0,1,1,0,0,0,0,0,1,ADX>=thresh;MACD_cross_up;BB_breakout;RSI_overbought;Price>SMA20
2025-08-11T18:26:41.415696,MU,122.60,22.96,0.26,0.22,-14.50,-14.50,1,1,0,0,1,0,0,0,0,0,0,1,ADX>=thresh;MACD_cross_up;BB_breakout;Price>SMA20
2025-08-11T18:26:43.088489,MRNA,25.55,28.69,0.06,0.23,5.04,5.04,1,1,0,0,0,1,0,0,0,0,0,1,ADX>=thresh;MACD_cross_up;RSI_overbought;Price>SMA20
2025-08-11T18:26:43.762672,MHK,119.14,46.46,0.16,0.13,-4.87,-4.87,1,1,0,0,1,1,0,0,0,0,0,1,ADX>=thresh;MACD_cross_up;BB_breakout;RSI_overbought;Price>SMA20
2025-08-11T18:26:45.086990,TAP,50.58,39.31,0.07,0.14,-4.22,-4.22,1,1,0,0,1,1,0,0,0,0,0,1,ADX>=thresh;MACD_cross_up;BB_breakout;RSI_overbought;Price>SMA20
2025-08-11T18:26:45.694684,MDLZ,61.62,33.11,0.11,0.17,-16.69,-16.69,1,1,0,0,0,1,0,0,0,0,0,1,ADX>=thresh;MACD_cross_up;RSI_overbought;Price>SMA20
2025-08-11T18:26:46.928880,MNST,63.49,48.67,0.10,0.16,6.71,6.71,1,1,0,0,0,1,0,0,0,0,0,1,ADX>=thresh;MACD_cross_up;RSI_overbought;Price>SMA20
2025-08-11T18:26:48.732621,MOS,32.59,50.06,0.06,0.20,1.78,1.78,1,1,0,0,1,1,0,0,0,0,0,1,ADX>=thresh;MACD_cross_up;BB_breakout;RSI_overbought;Price>SMA20
2025-08-11T18:26:53.788226,NKE,73.91,30.96,0.09,0.12,-10.94,-10.94,1,1,0,0,0,1,0,0,0,0,0,1,ADX>=thresh;MACD_cross_up;RSI_overbought;Price>SMA20
2025-08-11T18:26:58.345924,NUE,137.66,52.93,0.20,0.15,6.81,6.81,1,1,0,0,1,1,0,0,0,0,0,1,ADX>=thresh;MACD_cross_up;BB_breakout;RSI_overbought;Price>SMA20
2025-08-11T18:26:59.865418,NVR,7830.94,35.17,8.71,0.11,4.54,4.54,1,1,0,0,1,1,0,1,0,0,0,1,ADX>=thresh;MACD_cross_up;BB_breakout;RSI_overbought;ATR>=abs;Price>SMA20
2025-08-11T18:27:00.712790,NXPI,207.53,32.05,0.28,0.13,-3.12,-3.12,1,1,0,0,1,1,0,0,0,0,0,1,ADX>=thresh;MACD_cross_up;BB_breakout;RSI_overbought;Price>SMA20
2025-08-11T18:27:02.455313,ODFL,142.49,23.86,0.26,0.18,16.34,16.34,1,1,0,0,0,1,0,0,0,0,0,1,ADX>=thresh;MACD_cross_up;RSI_overbought;Price>SMA20
2025-08-11T18:27:06.740075,PCAR,97.05,32.21,0.08,0.08,-10.43,-10.43,1,1,0,0,1,1,0,0,0,0,0,1,ADX>=thresh;MACD_cross_up;BB_breakout;RSI_overbought;Price>SMA20
2025-08-11T18:27:07.571373,PKG,196.19,32.42,0.17,0.09,-21.29,-21.29,1,1,0,0,1,1,0,0,0,0,0,1,ADX>=thresh;MACD_cross_up;BB_breakout;RSI_overbought;Price>SMA20
2025-08-11T18:27:09.649436,PARA,0.00,23.11,0.04,inf,16.08,16.08,1,1,0,0,0,1,0,0,1,0,0,0,ADX>=thresh;MACD_cross_up;RSI_overbought;ATR>=pct
2025-08-11T18:27:13.533391,PEP,145.29,40.93,0.15,0.11,-10.18,-10.18,1,1,0,0,0,1,0,0,0,0,0,1,ADX>=thresh;MACD_cross_up;RSI_overbought;Price>SMA20
2025-08-11T18:27:15.006645,PCG,15.19,24.45,0.03,0.18,-29.19,-29.19,1,1,0,0,1,0,0,0,0,0,0,1,ADX>=thresh;MACD_cross_up;BB_breakout;Price>SMA20
2025-08-11T18:27:18.150549,POOL,306.08,28.52,0.42,0.14,-25.61,-25.61,1,1,0,0,0,1,0,0,0,0,0,1,ADX>=thresh;MACD_cross_up;RSI_overbought;Price>SMA20
2025-08-11T18:27:18.904345,PPG,106.42,46.78,0.14,0.13,-5.09,-5.09,1,1,0,0,1,1,0,0,0,0,0,1,ADX>=thresh;MACD_cross_up;BB_breakout;RSI_overbought;Price>SMA20
2025-08-11T18:27:21.489975,PGR,245.76,33.90,0.23,0.09,-4.32,-4.32,1,1,0,0,1,1,0,0,0,0,0,1,ADX>=thresh;MACD_cross_up;BB_breakout;RSI_overbought;Price>SMA20
2025-08-11T18:27:24.128109,PTC,204.04,62.45,0.22,0.11,-7.70,-7.70,1,1,0,0,1,0,0,0,0,0,0,1,ADX>=thresh;MACD_cross_up;BB_breakout;Price>SMA20
2025-08-11T18:27:25.555768,PHM,120.50,33.63,0.21,0.17,-8.42,-8.42,1,1,0,0,1,1,0,0,0,0,0,1,ADX>=thresh;MACD_cross_up;BB_breakout;RSI_overbought;Price>SMA20
2025-08-11T18:27:27.963896,RL,288.07,30.43,0.37,0.13,0.28,0.28,1,1,0,0,0,1,0,0,0,0,0,1,ADX>=thresh;MACD_cross_up;RSI_overbought;Price>SMA20
2025-08-11T18:27:44.896280,SW,43.31,32.62,0.07,0.16,18.42,18.42,1,1,0,0,1,1,0,0,0,0,0,1,ADX>=thresh;MACD_cross_up;BB_breakout;RSI_overbought;Price>SMA20
2025-08-11T18:27:47.845569,SWK,68.81,20.63,0.10,0.15,-4.83,-4.83,1,1,0,0,1,1,0,0,0,0,0,1,ADX>=thresh;MACD_cross_up;BB_breakout;RSI_overbought;Price>SMA20
2025-08-11T18:27:49.673004,STLD,122.08,52.94,0.20,0.16,5.33,5.33,1,1,0,0,1,1,0,0,0,0,0,1,ADX>=thresh;MACD_cross_up;BB_breakout;RSI_overbought;Price>SMA20
2025-08-11T18:28:02.848708,TMO,462.70,34.85,0.79,0.17,-16.37,-16.37,1,1,0,0,0,1,0,0,0,0,0,1,ADX>=thresh;MACD_cross_up;RSI_overbought;Price>SMA20
2025-08-11T18:28:05.966312,TRV,264.82,39.98,0.19,0.07,-34.37,-34.37,1,1,0,0,0,1,0,0,0,0,0,1,ADX>=thresh;MACD_cross_up;RSI_overbought;Price>SMA20
2025-08-11T18:28:08.516631,TSN,56.66,31.77,0.07,0.13,-25.98,-25.98,1,1,0,0,0,1,0,0,0,0,0,1,ADX>=thresh;MACD_cross_up;RSI_overbought;Price>SMA20
2025-08-11T18:28:09.597568,UBER,91.12,27.44,0.20,0.22,-11.47,-11.47,1,1,0,0,1,1,0,0,0,0,0,1,ADX>=thresh;MACD_cross_up;BB_breakout;RSI_overbought;Price>SMA20
2025-08-11T18:28:12.425200,UPS,86.71,28.53,0.13,0.15,-6.77,-6.77,1,1,0,0,1,1,0,0,0,0,0,1,ADX>=thresh;MACD_cross_up;BB_breakout;RSI_overbought;Price>SMA20
2025-08-11T18:28:13.155929,URI,865.86,38.02,0.97,0.11,-2.88,-2.88,1,1,0,0,1,1,0,0,0,0,0,1,ADX>=thresh;MACD_cross_up;BB_breakout;RSI_overbought;Price>SMA20
2025-08-11T18:28:17.313586,VRSK,265.19,28.28,0.33,0.13,-16.86,-16.86,1,1,0,0,0,1,0,0,0,0,0,1,ADX>=thresh;MACD_cross_up;RSI_overbought;Price>SMA20
2025-08-11T18:28:19.428387,VTRS,9.98,22.19,0.03,0.30,-16.85,-16.85,1,1,0,0,0,1,0,0,0,0,0,1,ADX>=thresh;MACD_cross_up;RSI_overbought;Price>SMA20
2025-08-11T18:28:22.138481,WRB,70.12,43.70,0.07,0.10,-4.23,-4.23,1,1,0,0,0,1,0,0,0,0,0,1,ADX>=thresh;MACD_cross_up;RSI_overbought;Price>SMA20
2025-08-11T18:28:23.295522,WAB,192.21,31.90,0.22,0.12,-10.25,-10.25,1,1,0,0,1,1,0,0,0,0,0,1,ADX>=thresh;MACD_cross_up;BB_breakout;RSI_overbought;Price>SMA20
2025-08-11T18:28:24.852476,WMT,104.06,55.93,0.11,0.11,-23.61,-23.61,1,1,0,0,0,1,0,0,0,0,0,1,ADX>=thresh;MACD_cross_up;RSI_overbought;Price>SMA20
2025-08-11T18:28:31.655635,WTW,329.31,25.70,0.33,0.10,-3.29,-3.29,1,1,0,0,1,1,0,0,0,0,0,1,ADX>=thresh;MACD_cross_up;BB_breakout;RSI_overbought;Price>SMA20
2025-08-11T18:28:32.814126,WYNN,107.52,62.68,0.23,0.21,0.59,0.59,1,1,0,0,1,1,0,0,0,0,0,1,ADX>=thresh;MACD_cross_up;BB_breakout;RSI_overbought;Price>SMA20
2025-08-11T18:28:35.635274,ZBH,99.75,25.77,0.16,0.16,-25.65,-25.65,1,1,0,0,0,1,0,0,0,0,0,1,ADX>=thresh;MACD_cross_up;RSI_overbought;Price>SMA20
2025-08-11T18:28:42.219002,AOS,70.17,26.99,0.06,0.08,-22.03,-22.03,1,1,0,0,0,1,0,0,0,0,0,1,ADX>=thresh;MACD_cross_up;RSI_overbought;Price>SMA20
2025-08-11T18:28:46.859167,A,114.51,32.44,0.17,0.15,-3.07,-3.07,1,1,0,0,0,1,0,0,0,0,0,1,ADX>=thresh;MACD_cross_up;RSI_overbought;Price>SMA20
2025-08-11T18:28:47.446974,APD,282.75,57.15,0.53,0.19,28.22,28.22,1,1,0,0,1,1,0,0,0,0,0,1,ADX>=thresh;MACD_cross_up;BB_breakout;RSI_overbought;Price>SMA20
2025-08-11T18:28:53.437590,ALLE,163.74,27.80,0.14,0.09,4.79,4.79,1,1,0,0,1,1,0,0,0,0,0,1,ADX>=thresh;MACD_cross_up;BB_breakout;RSI_overbought;Price>SMA20
2025-08-11T18:28:55.968065,MO,65.70,35.54,0.08,0.11,2.14,2.14,1,1,0,0,1,1,0,0,0,0,0,1,ADX>=thresh;MACD_cross_up;BB_breakout;RSI_overbought;Price>SMA20
2025-08-11T18:28:58.691113,AMCR,9.64,36.12,0.01,0.14,-10.52,-10.52,1,1,0,0,1,1,0,0,0,0,0,1,ADX>=thresh;MACD_cross_up;BB_breakout;RSI_overbought;Price>SMA20
2025-08-11T18:29:00.653817,AIG,79.03,46.86,0.08,0.10,7.12,7.12,1,1,0,0,0,1,0,0,0,0,0,1,ADX>=thresh;MACD_cross_up;RSI_overbought;Price>SMA20
2025-08-11T18:29:05.112177,AON,367.74,38.49,0.34,0.09,1.58,1.58,1,1,0,0,1,1,0,0,0,0,0,1,ADX>=thresh;MACD_cross_up;BB_breakout;RSI_overbought;Price>SMA20
2025-08-11T18:29:08.543068,ADM,58.31,29.37,0.09,0.15,5.77,5.77,1,1,0,0,0,1,0,0,0,0,0,1,ADX>=thresh;MACD_cross_up;RSI_overbought;Price>SMA20
2025-08-11T18:29:12.393739,AJG,288.53,40.97,0.35,0.12,-10.14,-10.14,1,1,0,0,0,1,0,0,0,0,0,1,ADX>=thresh;MACD_cross_up;RSI_overbought;Price>SMA20
2025-08-11T18:29:14.420489,ADSK,284.05,62.10,0.46,0.16,-11.16,-11.16,1,1,0,0,1,0,0,0,0,0,0,1,ADX>=thresh;MACD_cross_up;BB_breakout;Price>SMA20
2025-08-11T18:29:16.736807,AVY,171.16,20.68,0.19,0.11,17.55,17.55,1,1,0,0,0,1,0,0,0,0,0,1,ADX>=thresh;MACD_cross_up;RSI_overbought;Price>SMA20
2025-08-11T18:29:18.428226,BALL,53.70,36.94,0.06,0.11,-29.04,-29.04,1,1,0,0,0,1,0,0,0,0,0,1,ADX>=thresh;MACD_cross_up;RSI_overbought;Price>SMA20
2025-08-11T18:29:21.028788,BBY,68.82,25.94,0.11,0.16,-17.17,-17.17,1,1,0,0,1,1,0,0,0,0,0,1,ADX>=thresh;MACD_cross_up;BB_breakout;RSI_overbought;Price>SMA20
2025-08-11T18:29:34.882538,BMY,45.91,30.76,0.05,0.12,1.99,1.99,1,1,0,0,0,1,0,0,0,0,0,1,ADX>=thresh;MACD_cross_up;RSI_overbought;Price>SMA20
2025-08-11T18:29:36.808911,BRO,94.52,43.49,0.09,0.09,-3.25,-3.25,1,1,0,0,0,1,0,0,0,0,0,1,ADX>=thresh;MACD_cross_up;RSI_overbought;Price>SMA20
2025-08-11T18:29:37.659651,BF-B,0.00,45.67,0.05,inf,-5.96,-5.96,1,1,0,0,0,1,0,0,1,0,0,0,ADX>=thresh;MACD_cross_up;RSI_overbought;ATR>=pct
2025-08-11T18:29:45.730932,CARR,64.79,33.33,0.09,0.14,13.81,13.81,1,1,0,0,1,1,0,0,0,0,0,1,ADX>=thresh;MACD_cross_up;BB_breakout;RSI_overbought;Price>SMA20
2025-08-11T18:29:46.382249,CAT,408.07,30.80,0.49,0.12,-14.82,-14.82,1,1,0,0,1,0,0,0,0,0,0,1,ADX>=thresh;MACD_cross_up;BB_breakout;Price>SMA20
2025-08-11T18:29:49.079883,CNC,25.43,40.16,0.05,0.18,-6.86,-6.86,1,1,0,0,0,1,0,0,0,0,0,1,ADX>=thresh;MACD_cross_up;RSI_overbought;Price>SMA20
2025-08-11T18:29:52.098410,CHTR,257.13,27.29,0.41,0.16,-14.73,-14.73,1,1,0,0,0,1,0,0,0,0,0,1,ADX>=thresh;MACD_cross_up;RSI_overbought;Price>SMA20
2025-08-11T18:29:53.673652,CB,271.36,28.12,0.24,0.09,-12.87,-12.87,1,1,0,0,0,1,0,0,0,0,0,1,ADX>=thresh;MACD_cross_up;RSI_overbought;Price>SMA20
2025-08-11T18:29:54.658531,CI,276.43,30.09,0.36,0.13,-25.23,-25.23,1,1,0,0,0,1,0,0,0,0,0,1,ADX>=thresh;MACD_cross_up;RSI_overbought;Price>SMA20
2025-08-11T18:29:59.196178,KO,70.69,40.90,0.06,0.08,14.73,14.73,1,1,0,0,0,1,0,0,0,0,0,1,ADX>=thresh;MACD_cross_up;RSI_overbought;Price>SMA20
2025-08-11T18:30:01.980990,CMCSA,31.20,49.40,0.05,0.15,0.52,0.52,1,1,0,0,1,1,0,0,0,0,0,1,ADX>=thresh;MACD_cross_up;BB_breakout;RSI_overbought;Price>SMA20
2025-08-11T18:30:04.531195,STZ,168.49,35.97,0.26,0.15,-16.47,-16.47,1,1,0,0,0,1,0,0,0,0,0,1,ADX>=thresh;MACD_cross_up;RSI_overbought;Price>SMA20
2025-08-11T18:30:05.910700,COO,71.08,37.55,0.10,0.14,-13.05,-13.05,1,1,0,0,0,1,0,0,0,0,0,1,ADX>=thresh;MACD_cross_up;RSI_overbought;Price>SMA20
2025-08-11T18:30:07.363110,CPAY,304.12,22.08,0.39,0.13,-6.53,-6.53,1,1,0,0,1,1,0,0,0,0,0,1,ADX>=thresh;MACD_cross_up;BB_breakout;RSI_overbought;Price>SMA20
2025-08-11T18:30:08.067096,CTVA,72.20,52.50,0.11,0.15,-8.98,-8.98,1,1,0,0,0,1,0,0,0,0,0,1,ADX>=thresh;MACD_cross_up;RSI_overbought;Price>SMA20
2025-08-11T18:30:15.139938,DECK,101.04,35.03,0.15,0.15,-17.48,-17.48,1,1,0,0,0,1,0,0,0,0,0,1,ADX>=thresh;MACD_cross_up;RSI_overbought;Price>SMA20
2025-08-11T18:30:16.886310,DAL,53.85,28.92,0.08,0.15,-11.34,-11.34,1,1,0,0,0,1,0,0,0,0,0,1,ADX>=thresh;MACD_cross_up;RSI_overbought;Price>SMA20
2025-08-11T18:30:23.484521,DOW,20.95,28.81,0.09,0.42,52.47,52.47,1,1,0,0,1,1,0,0,0,0,0,1,ADX>=thresh;MACD_cross_up;BB_breakout;RSI_overbought;Price>SMA20
2025-08-11T18:30:24.139805,DHI,155.03,38.21,0.26,0.16,-6.43,-6.43,1,1,0,0,0,1,0,0,0,0,0,1,ADX>=thresh;MACD_cross_up;RSI_overbought;Price>SMA20
2025-08-11T18:30:26.498232,EMN,61.10,34.03,0.11,0.18,-2.21,-2.21,1,1,0,0,1,1,0,0,0,0,0,1,ADX>=thresh;MACD_cross_up;BB_breakout;RSI_overbought;Price>SMA20
2025-08-11T18:30:31.216051,ENPH,32.95,39.79,0.12,0.35,-2.67,-2.67,1,1,0,0,1,1,0,0,0,0,0,1,ADX>=thresh;MACD_cross_up;BB_breakout;RSI_overbought;Price>SMA20
2025-08-11T18:30:33.929480,EFX,238.09,33.49,0.47,0.20,-9.93,-9.93,1,1,0,0,0,1,0,0,0,0,0,1,ADX>=thresh;MACD_cross_up;RSI_overbought;Price>SMA20
2025-08-11T18:30:37.622657,EG,330.38,28.48,0.38,0.12,20.85,20.85,1,1,0,0,0,1,0,0,0,0,0,1,ADX>=thresh;MACD_cross_up;RSI_overbought;Price>SMA20
2025-08-11T18:30:40.465201,EXPE,195.03,45.65,0.37,0.19,12.11,12.11,1,1,0,0,1,0,0,0,0,0,0,1,ADX>=thresh;MACD_cross_up;BB_breakout;Price>SMA20
2025-08-11T18:30:41.094917,EXPD,116.42,24.03,0.14,0.12,-13.60,-13.60,1,1,0,0,0,1,0,0,0,0,0,1,ADX>=thresh;MACD_cross_up;RSI_overbought;Price>SMA20
2025-08-11T18:30:42.512516,XOM,105.89,21.25,0.12,0.12,5.38,5.38,1,1,0,0,1,0,0,0,0,0,0,1,ADX>=thresh;MACD_cross_up;BB_breakout;Price>SMA20
2025-08-11T18:30:44.519829,FAST,47.79,36.25,0.05,0.11,26.27,26.27,1,1,0,0,0,1,0,0,0,0,0,1,ADX>=thresh;MACD_cross_up;RSI_overbought;Price>SMA20
2025-08-11T18:30:45.923425,FDX,224.60,29.74,0.30,0.13,2.12,2.12,1,1,0,0,0,1,0,0,0,0,0,1,ADX>=thresh;MACD_cross_up;RSI_overbought;Price>SMA20
2025-08-11T18:30:50.002925,F,11.15,35.06,0.03,0.25,-18.39,-18.39,1,1,0,0,1,0,0,0,0,0,0,1,ADX>=thresh;MACD_cross_up;BB_breakout;Price>SMA20
2025-08-11T18:30:56.252771,GEHC,73.27,44.60,0.10,0.13,-20.25,-20.25,1,1,0,0,0,1,0,0,0,0,0,1,ADX>=thresh;MACD_cross_up;RSI_overbought;Price>SMA20
2025-08-11T18:30:59.376904,GIS,49.30,30.28,0.06,0.13,-16.81,-16.81,1,1,0,0,0,1,0,0,0,0,0,1,ADX>=thresh;MACD_cross_up;RSI_overbought;Price>SMA20
2025-08-11T18:31:00.889078,GPC,133.05,40.89,0.12,0.09,-13.29,-13.29,1,1,0,0,0,1,0,0,0,0,0,1,ADX>=thresh;MACD_cross_up;RSI_overbought;Price>SMA20
2025-08-11T18:31:01.661232,GILD,119.90,46.41,0.22,0.18,21.84,21.84,1,1,0,0,0,1,0,0,0,0,0,1,ADX>=thresh;MACD_cross_up;RSI_overbought;Price>SMA20
2025-08-11T18:31:02.428118,GPN,81.07,46.62,0.11,0.13,-12.09,-12.09,1,1,0,0,1,0,0,0,0,0,0,1,ADX>=thresh;MACD_cross_up;BB_breakout;Price>SMA20
2025-08-11T18:31:03.995422,GDDY,135.71,31.49,0.39,0.29,15.56,15.56,1,1,0,0,1,1,0,0,0,0,0,1,ADX>=thresh;MACD_cross_up;BB_breakout;RSI_overbought;Price>SMA20
2025-08-11T18:31:08.938032,HSIC,66.31,44.58,0.07,0.10,-13.93,-13.93,1,1,0,0,1,0,0,0,0,0,0,1,ADX>=thresh;MACD_cross_up;BB_breakout;Price>SMA20
2025-08-11T18:31:12.224774,HOLX,67.85,33.43,0.07,0.10,-28.39,-28.39,1,1,0,0,0,1,0,0,0,0,0,1,ADX>=thresh;MACD_cross_up;RSI_overbought;Price>SMA20
2025-08-11T18:31:14.568830,HST,15.38,29.74,0.03,0.17,3.70,3.70,1,1,0,0,1,1,0,0,0,0,0,1,ADX>=thresh;MACD_cross_up;BB_breakout;RSI_overbought;Price>SMA20
2025-08-11T18:31:21.611317,ITW,257.39,24.08,0.24,0.09,4.70,4.70,1,1,0,0,1,0,0,0,0,0,0,1,ADX>=thresh;MACD_cross_up;BB_breakout;Price>SMA20
2025-08-11T18:31:22.889716,IR,76.36,28.36,0.09,0.11,-29.51,-29.51,1,1,0,0,1,0,0,0,0,0,0,1,ADX>=thresh;MACD_cross_up;BB_breakout;Price>SMA20
2025-08-11T18:31:26.285860,IFF,63.68,25.98,0.11,0.17,-5.80,-5.80,1,1,0,0,0,1,0,0,0,0,0,1,ADX>=thresh;MACD_cross_up;RSI_overbought;Price>SMA20
2025-08-11T18:31:26.998168,IP,47.09,46.45,0.07,0.15,13.79,13.79,1,1,0,0,1,1,0,0,0,0,0,1,ADX>=thresh;MACD_cross_up;BB_breakout;RSI_overbought;Price>SMA20
2025-08-11T18:31:27.713133,IPG,24.93,47.30,0.03,0.12,-14.97,-14.97,1,1,0,0,1,1,0,0,0,0,0,1,ADX>=thresh;MACD_cross_up;BB_breakout;RSI_overbought;Price>SMA20
2025-08-11T18:31:31.304345,IQV,180.01,39.63,0.25,0.14,-10.32,-10.32,1,1,0,0,0,1,0,0,0,0,0,1,ADX>=thresh;MACD_cross_up;RSI_overbought;Price>SMA20
2025-08-11T18:31:32.600524,JBHT,137.67,41.34,0.12,0.09,-10.99,-10.99,1,1,0,0,0,1,0,0,0,0,0,1,ADX>=thresh;MACD_cross_up;RSI_overbought;Price>SMA20
2025-08-11T18:31:38.754167,KDP,34.79,40.99,0.03,0.10,-9.02,-9.02,1,1,0,0,1,1,0,0,0,0,0,1,ADX>=thresh;MACD_cross_up;BB_breakout;RSI_overbought;Price>SMA20
2025-08-11T18:31:44.568273,KHC,27.27,24.34,0.04,0.13,-14.11,-14.11,1,1,0,0,1,1,0,0,0,0,0,1,ADX>=thresh;MACD_cross_up;BB_breakout;RSI_overbought;Price>SMA20
2025-08-11T18:31:47.794117,LW,51.81,40.65,0.07,0.13,-26.49,-26.49,1,1,0,0,1,1,0,0,0,0,0,1,ADX>=thresh;MACD_cross_up;BB_breakout;RSI_overbought;Price>SMA20
2025-08-11T18:31:48.541474,LVS,52.69,40.59,0.07,0.13,-13.97,-13.97,1,1,0,0,1,1,0,0,0,0,0,1,ADX>=thresh;MACD_cross_up;BB_breakout;RSI_overbought;Price>SMA20
2025-08-11T18:31:50.163538,LEN,120.61,37.72,0.18,0.15,-21.20,-21.20,1,1,0,0,1,1,0,0,0,0,0,1,ADX>=thresh;MACD_cross_up;BB_breakout;RSI_overbought;Price>SMA20
2025-08-11T18:31:50.904832,LII,578.56,30.40,0.81,0.14,-12.47,-12.47,1,1,0,0,1,0,0,0,0,0,0,1,ADX>=thresh;MACD_cross_up;BB_breakout;Price>SMA20
2025-08-11T18:31:52.388835,LIN,468.61,27.09,0.34,0.07,4.78,4.78,1,1,0,0,1,1,0,0,0,0,0,1,ADX>=thresh;MACD_cross_up;BB_breakout;RSI_overbought;Price>SMA20
2025-08-11T18:31:53.143300,LYV,154.49,28.09,0.31,0.20,32.78,32.78,1,1,0,0,1,1,0,0,0,0,0,1,ADX>=thresh;MACD_cross_up;BB_breakout;RSI_overbought;Price>SMA20
2025-08-11T18:31:53.882488,LKQ,29.38,29.62,0.05,0.17,-21.20,-21.20,1,1,0,0,1,1,0,0,0,0,0,1,ADX>=thresh;MACD_cross_up;BB_breakout;RSI_overbought;Price>SMA20
2025-08-11T18:31:55.474023,L,93.75,34.80,0.08,0.09,-19.48,-19.48,1,1,0,0,1,1,0,0,0,0,0,1,ADX>=thresh;MACD_cross_up;BB_breakout;RSI_overbought;Price>SMA20
2025-08-11T18:31:57.928315,LYB,48.80,29.39,0.14,0.29,10.87,10.87,1,1,0,0,1,1,0,0,0,0,0,1,ADX>=thresh;MACD_cross_up;BB_breakout;RSI_overbought;Price>SMA20
2025-08-11T18:32:00.916004,MMC,203.00,38.37,0.17,0.08,-7.43,-7.43,1,1,0,0,0,1,0,0,0,0,0,1,ADX>=thresh;MACD_cross_up;RSI_overbought;Price>SMA20
2025-08-11T18:32:02.508433,MAS,68.78,23.71,0.08,0.12,-19.26,-19.26,1,1,0,0,1,1,0,0,0,0,0,1,ADX>=thresh;MACD_cross_up;BB_breakout;RSI_overbought;Price>SMA20
2025-08-11T18:32:03.831609,MTCH,35.70,32.25,0.06,0.18,8.88,8.88,1,1,0,0,1,1,0,0,0,0,0,1,ADX>=thresh;MACD_cross_up;BB_breakout;RSI_overbought;Price>SMA20
2025-08-11T18:32:05.335800,MCD,304.73,31.58,0.31,0.10,-2.02,-2.02,1,1,0,0,1,0,0,0,0,0,0,1,ADX>=thresh;MACD_cross_up;BB_breakout;Price>SMA20
2025-08-11T18:32:06.223237,MCK,679.92,30.54,1.04,0.15,8.43,8.43,1,1,0,0,1,0,0,0,0,0,0,1,ADX>=thresh;MACD_cross_up;BB_breakout;Price>SMA20
2025-08-11T18:32:06.947125,MDT,92.74,31.24,0.08,0.09,-14.58,-14.58,1,1,0,0,1,1,0,0,0,0,0,1,ADX>=thresh;MACD_cross_up;BB_breakout;RSI_overbought;Price>SMA20
2025-08-11T18:32:10.225736,MGM,34.16,40.84,0.05,0.14,10.82,10.82,1,1,0,0,1,1,0,0,0,0,0,1,ADX>=thresh;MACD_cross_up;BB_breakout;RSI_overbought;Price>SMA20
2025-08-11T18:32:11.023987,MCHP,61.35,22.84,0.13,0.21,15.25,15.25,1,1,0,0,1,0,0,0,0,0,0,1,ADX>=thresh;MACD_cross_up;BB_breakout;Price>SMA20
2025-08-11T18:32:14.061486,MRNA,25.64,28.47,0.06,0.24,4.75,4.75,1,1,0,0,1,1,0,0,0,0,0,1,ADX>=thresh;MACD_cross_up;BB_breakout;RSI_overbought;Price>SMA20
2025-08-11T18:32:14.842304,MHK,119.29,43.25,0.16,0.13,-4.94,-4.94,1,1,0,0,1,1,0,0,0,0,0,1,ADX>=thresh;MACD_cross_up;BB_breakout;RSI_overbought;Price>SMA20
2025-08-11T18:32:16.115773,TAP,50.59,41.36,0.07,0.14,-8.13,-8.13,1,1,0,0,1,1,0,0,0,0,0,1,ADX>=thresh;MACD_cross_up;BB_breakout;RSI_overbought;Price>SMA20
2025-08-11T18:32:16.864764,MDLZ,61.63,39.55,0.10,0.17,-25.91,-25.91,1,1,0,0,0,1,0,0,0,0,0,1,ADX>=thresh;MACD_cross_up;RSI_overbought;Price>SMA20
2025-08-11T18:32:18.438263,MNST,63.50,49.37,0.10,0.16,4.57,4.57,1,1,0,0,0,1,0,0,0,0,0,1,ADX>=thresh;MACD_cross_up;RSI_overbought;Price>SMA20
2025-08-11T18:32:20.455423,MOS,32.59,54.12,0.06,0.20,0.20,0.20,1,1,0,0,0,1,0,0,0,0,0,1,ADX>=thresh;MACD_cross_up;RSI_overbought;Price>SMA20
2025-08-11T18:32:26.682865,NKE,73.96,32.45,0.08,0.11,-14.34,-14.34,1,1,0,0,0,1,0,0,0,0,0,1,ADX>=thresh;MACD_cross_up;RSI_overbought;Price>SMA20
2025-08-11T18:32:28.239514,NDSN,210.54,21.74,0.19,0.09,-11.52,-11.52,1,1,0,0,1,1,0,0,0,0,0,1,ADX>=thresh;MACD_cross_up;BB_breakout;RSI_overbought;Price>SMA20
2025-08-11T18:32:29.147083,NSC,278.19,29.19,0.35,0.12,-19.64,-19.64,1,1,0,0,1,0,0,0,0,0,0,1,ADX>=thresh;MACD_cross_up;BB_breakout;Price>SMA20
2025-08-11T18:32:31.846595,NUE,137.80,57.02,0.21,0.15,0.34,0.34,1,1,0,0,1,1,0,0,0,0,0,1,ADX>=thresh;MACD_cross_up;BB_breakout;RSI_overbought;Price>SMA20
2025-08-11T18:32:33.415945,NVR,7822.44,35.21,8.78,0.11,5.64,5.64,1,1,0,0,0,1,0,1,0,0,0,1,ADX>=thresh;MACD_cross_up;RSI_overbought;ATR>=abs;Price>SMA20
2025-08-11T18:32:34.179782,NXPI,207.72,27.88,0.29,0.14,3.79,3.79,1,1,0,0,1,1,0,0,0,0,0,1,ADX>=thresh;MACD_cross_up;BB_breakout;RSI_overbought;Price>SMA20
2025-08-11T18:32:36.098927,ODFL,142.44,27.04,0.25,0.18,17.58,17.58,1,1,0,0,0,1,0,0,0,0,0,1,ADX>=thresh;MACD_cross_up;RSI_overbought;Price>SMA20
2025-08-11T18:32:36.847549,OMC,72.88,37.46,0.08,0.11,-6.53,-6.53,1,1,0,0,1,1,0,0,0,0,0,1,ADX>=thresh;MACD_cross_up;BB_breakout;RSI_overbought;Price>SMA20
2025-08-11T18:32:40.592080,PCAR,97.11,34.79,0.08,0.09,-5.59,-5.59,1,1,0,0,1,1,0,0,0,0,0,1,ADX>=thresh;MACD_cross_up;BB_breakout;RSI_overbought;Price>SMA20
2025-08-11T18:32:41.357819,PKG,196.59,37.88,0.20,0.10,-3.96,-3.96,1,1,0,0,1,1,0,0,0,0,0,1,ADX>=thresh;MACD_cross_up;BB_breakout;RSI_overbought;Price>SMA20
2025-08-11T18:32:43.544169,PARA,0.00,23.11,0.04,inf,16.08,16.08,1,1,0,0,0,1,0,0,1,0,0,0,ADX>=thresh;MACD_cross_up;RSI_overbought;ATR>=pct
2025-08-11T18:32:44.852460,PAYX,139.04,22.48,0.12,0.09,-30.09,-30.09,1,1,0,0,1,1,0,0,0,0,0,1,ADX>=thresh;MACD_cross_up;BB_breakout;RSI_overbought;Price>SMA20
2025-08-11T18:32:47.707746,PEP,145.32,45.75,0.15,0.10,-12.27,-12.27,1,1,0,0,0,1,0,0,0,0,0,1,ADX>=thresh;MACD_cross_up;RSI_overbought;Price>SMA20
2025-08-11T18:32:48.581279,PFE,24.69,20.04,0.03,0.14,-3.29,-3.29,1,1,0,0,1,1,0,0,0,0,0,1,ADX>=thresh;MACD_cross_up;BB_breakout;RSI_overbought;Price>SMA20
2025-08-11T18:32:49.345989,PCG,15.20,23.95,0.03,0.17,-23.83,-23.83,1,1,0,0,1,0,0,0,0,0,0,1,ADX>=thresh;MACD_cross_up;BB_breakout;Price>SMA20
2025-08-11T18:32:52.800905,POOL,306.08,29.79,0.42,0.14,-42.58,-42.58,1,1,0,0,0,1,0,0,0,0,0,1,ADX>=thresh;MACD_cross_up;RSI_overbought;Price>SMA20
2025-08-11T18:32:53.589798,PPG,106.54,45.15,0.14,0.14,-8.00,-8.00,1,1,0,0,1,1,0,0,0,0,0,1,ADX>=thresh;MACD_cross_up;BB_breakout;RSI_overbought;Price>SMA20
2025-08-11T18:32:54.949135,PFG,76.51,27.30,0.06,0.08,-12.50,-12.50,1,1,0,0,0,1,0,0,0,0,0,1,ADX>=thresh;MACD_cross_up;RSI_overbought;Price>SMA20
2025-08-11T18:32:55.747613,PG,155.19,25.79,0.15,0.10,-15.20,-15.20,1,1,0,0,0,1,0,0,0,0,0,1,ADX>=thresh;MACD_cross_up;RSI_overbought;Price>SMA20
2025-08-11T18:32:56.599431,PGR,245.54,35.47,0.22,0.09,-0.08,-0.08,1,1,0,0,0,1,0,0,0,0,0,1,ADX>=thresh;MACD_cross_up;RSI_overbought;Price>SMA20
2025-08-11T18:32:59.621683,PTC,204.12,56.37,0.20,0.10,-13.06,-13.06,1,1,0,0,1,0,0,0,0,0,0,1,ADX>=thresh;MACD_cross_up;BB_breakout;Price>SMA20
2025-08-11T18:33:00.507770,PSA,280.74,35.76,0.43,0.15,-20.46,-20.46,1,1,0,0,0,1,0,0,0,0,0,1,ADX>=thresh;MACD_cross_up;RSI_overbought;Price>SMA20
2025-08-11T18:33:01.294055,PHM,120.65,36.98,0.22,0.18,-6.28,-6.28,1,1,0,0,1,1,0,0,0,0,0,1,ADX>=thresh;MACD_cross_up;BB_breakout;RSI_overbought;Price>SMA20
2025-08-11T18:33:02.641440,QCOM,148.61,68.49,0.17,0.11,-5.04,-5.04,1,1,0,0,1,0,0,0,0,0,0,1,ADX>=thresh;MACD_cross_up;BB_breakout;Price>SMA20
2025-08-11T18:33:03.894373,RL,288.67,32.92,0.39,0.13,9.74,9.74,1,1,0,0,1,1,0,0,0,0,0,1,ADX>=thresh;MACD_cross_up;BB_breakout;RSI_overbought;Price>SMA20
2025-08-11T18:33:18.595413,SHW,354.29,46.57,0.47,0.13,-15.30,-15.30,1,1,0,0,1,1,0,0,0,0,0,1,ADX>=thresh;MACD_cross_up;BB_breakout;RSI_overbought;Price>SMA20
2025-08-11T18:33:20.914792,SJM,111.13,30.61,0.12,0.10,10.86,10.86,1,1,0,0,0,1,0,0,0,0,0,1,ADX>=thresh;MACD_cross_up;RSI_overbought;Price>SMA20
2025-08-11T18:33:21.695901,SW,43.38,32.26,0.07,0.16,20.00,20.00,1,1,0,0,1,1,0,0,0,0,0,1,ADX>=thresh;MACD_cross_up;BB_breakout;RSI_overbought;Price>SMA20
2025-08-11T18:33:24.842091,SWK,68.84,20.62,0.10,0.15,5.52,5.52,1,1,0,0,1,1,0,0,0,0,0,1,ADX>=thresh;MACD_cross_up;BB_breakout;RSI_overbought;Price>SMA20
2025-08-11T18:33:27.078553,STLD,122.23,57.13,0.20,0.16,0.21,0.21,1,1,0,0,1,1,0,0,0,0,0,1,ADX>=thresh;MACD_cross_up;BB_breakout;RSI_overbought;Price>SMA20
2025-08-11T18:33:28.259156,SYK,377.44,28.34,0.37,0.10,-8.94,-8.94,1,1,0,0,0,1,0,0,0,0,0,1,ADX>=thresh;MACD_cross_up;RSI_overbought;Price>SMA20
2025-08-11T18:33:31.828262,TROW,105.48,22.37,0.11,0.10,-4.19,-4.19,1,1,0,0,1,0,0,0,0,0,0,1,ADX>=thresh;MACD_cross_up;BB_breakout;Price>SMA20
2025-08-11T18:33:34.790092,TEL,200.26,41.89,0.19,0.10,-17.85,-17.85,1,1,0,0,1,0,0,0,0,0,0,1,ADX>=thresh;MACD_cross_up;BB_breakout;Price>SMA20
2025-08-11T18:33:39.277221,TMO,462.99,35.68,0.77,0.17,-11.78,-11.78,1,1,0,0,1,1,0,0,0,0,0,1,ADX>=thresh;MACD_cross_up;BB_breakout;RSI_overbought;Price>SMA20
2025-08-11T18:33:43.249547,TRV,264.85,39.47,0.18,0.07,-23.33,-23.33,1,1,0,0,1,1,0,0,0,0,0,1,ADX>=thresh;MACD_cross_up;BB_breakout;RSI_overbought;Price>SMA20
2025-08-11T18:33:47.402897,UBER,91.06,27.43,0.19,0.21,-13.64,-13.64,1,1,0,0,0,1,0,0,0,0,0,1,ADX>=thresh;MACD_cross_up;RSI_overbought;Price>SMA20
2025-08-11T18:33:48.092362,UDR,37.66,28.12,0.04,0.11,0.23,0.23,1,1,0,0,1,0,0,0,0,0,0,1,ADX>=thresh;MACD_cross_up;BB_breakout;Price>SMA20
2025-08-11T18:33:50.642038,UPS,86.71,28.32,0.13,0.15,-2.94,-2.94,1,1,0,0,1,1,0,0,0,0,0,1,ADX>=thresh;MACD_cross_up;BB_breakout;RSI_overbought;Price>SMA20
2025-08-11T18:33:51.361801,URI,866.02,35.24,0.96,0.11,-4.08,-4.08,1,1,0,0,1,1,0,0,0,0,0,1,ADX>=thresh;MACD_cross_up;BB_breakout;RSI_overbought;Price>SMA20
2025-08-11T18:33:58.679240,VTRS,9.99,21.72,0.03,0.30,-10.19,-10.19,1,1,0,0,0,1,0,0,0,0,0,1,ADX>=thresh;MACD_cross_up;RSI_overbought;Price>SMA20
2025-08-11T18:34:00.906381,VMC,285.48,48.76,0.35,0.12,8.36,8.36,1,1,0,0,1,1,0,0,0,0,0,1,ADX>=thresh;MACD_cross_up;BB_breakout;RSI_overbought;Price>SMA20
2025-08-11T18:34:02.952487,WAB,192.10,30.81,0.21,0.11,-18.94,-18.94,1,1,0,0,0,1,0,0,0,0,0,1,ADX>=thresh;MACD_cross_up;RSI_overbought;Price>SMA20
2025-08-11T18:34:05.378019,WBD,10.81,32.47,0.02,0.18,-2.35,-2.35,1,1,0,0,1,0,0,0,0,0,0,1,ADX>=thresh;MACD_cross_up;BB_breakout;Price>SMA20
2025-08-11T18:34:10.095049,WY,25.32,26.37,0.03,0.14,-12.50,-12.50,1,1,0,0,0,1,0,0,0,0,0,1,ADX>=thresh;MACD_cross_up;RSI_overbought;Price>SMA20
2025-08-11T18:34:11.930609,WTW,329.41,27.98,0.33,0.10,-8.92,-8.92,1,1,0,0,0,1,0,0,0,0,0,1,ADX>=thresh;MACD_cross_up;RSI_overbought;Price>SMA20
2025-08-11T18:34:12.932603,WYNN,107.88,59.58,0.23,0.21,9.77,9.77,1,1,0,0,1,1,0,0,0,0,0,1,ADX>=thresh;MACD_cross_up;BB_breakout;RSI_overbought;Price>SMA20
2025-08-11T18:34:14.847332,YUM,141.60,32.49,0.13,0.09,-13.91,-13.91,1,1,0,0,1,1,0,0,0,0,0,1,ADX>=thresh;MACD_cross_up;BB_breakout;RSI_overbought;Price>SMA20
2025-08-11T18:34:15.478124,ZBRA,312.93,40.39,0.60,0.19,13.06,13.06,1,1,0,0,1,1,0,0,0,0,0,1,ADX>=thresh;MACD_cross_up;BB_breakout;RSI_overbought;Price>SMA20
2025-08-11T18:34:16.171191,ZBH,99.83,27.47,0.17,0.17,-23.75,-23.75,1,1,0,0,1,1,0,0,0,0,0,1,ADX>=thresh;MACD_cross_up;BB_breakout;RSI_overbought;Price>SMA20
2025-08-11T18:34:22.771515,AOS,70.15,27.82,0.06,0.08,-27.73,-27.73,1,1,0,0,0,1,0,0,0,0,0,1,ADX>=thresh;MACD_cross_up;RSI_overbought;Price>SMA20
2025-08-11T18:34:29.492846,AFL,104.09,37.22,0.09,0.09,-3.12,-3.12,1,1,0,0,0,1,0,0,0,0,0,1,ADX>=thresh;MACD_cross_up;RSI_overbought;Price>SMA20
2025-08-11T18:34:30.058142,A,114.55,33.93,0.17,0.15,-1.60,-1.60,1,1,0,0,0,1,0,0,0,0,0,1,ADX>=thresh;MACD_cross_up;RSI_overbought;Price>SMA20
2025-08-11T18:34:34.438776,ALLE,163.91,26.07,0.14,0.08,-2.34,-2.34,1,1,0,0,1,1,0,0,0,0,0,1,ADX>=thresh;MACD_cross_up;BB_breakout;RSI_overbought;Price>SMA20
2025-08-11T18:34:37.075862,MO,65.68,31.83,0.07,0.11,6.95,6.95,1,1,0,0,0,1,0,0,0,0,0,1,ADX>=thresh;MACD_cross_up;RSI_overbought;Price>SMA20
2025-08-11T18:34:38.468785,AMCR,9.65,34.37,0.01,0.15,2.73,2.73,1,1,0,0,1,1,0,0,0,0,0,1,ADX>=thresh;MACD_cross_up;BB_breakout;RSI_overbought;Price>SMA20
2025-08-11T18:34:41.202347,AIG,79.04,50.53,0.08,0.10,11.68,11.68,1,1,0,0,0,1,0,0,0,0,0,1,ADX>=thresh;MACD_cross_up;RSI_overbought;Price>SMA20
2025-08-11T18:34:46.440967,AON,367.69,36.66,0.35,0.10,-2.50,-2.50,1,1,0,0,1,1,0,0,0,0,0,1,ADX>=thresh;MACD_cross_up;BB_breakout;RSI_overbought;Price>SMA20
2025-08-11T18:34:54.535415,AJG,288.28,40.87,0.35,0.12,-8.00,-8.00,1,1,0,0,0,1,0,0,0,0,0,1,ADX>=thresh;MACD_cross_up;RSI_overbought;Price>SMA20
2025-08-11T18:34:57.317883,ADP,303.58,22.61,0.28,0.09,-20.07,-20.07,1,1,0,0,1,1,0,0,0,0,0,1,ADX>=thresh;MACD_cross_up;BB_breakout;RSI_overbought;Price>SMA20
2025-08-11T18:35:00.897897,BALL,53.72,37.04,0.06,0.11,-21.69,-21.69,1,1,0,0,1,1,0,0,0,0,0,1,ADX>=thresh;MACD_cross_up;BB_breakout;RSI_overbought;Price>SMA20
2025-08-11T18:35:03.708248,BBY,68.82,30.78,0.11,0.15,-17.10,-17.10,1,1,0,0,0,1,0,0,0,0,0,1,ADX>=thresh;MACD_cross_up;RSI_overbought;Price>SMA20
2025-08-11T18:35:08.640745,BMY,45.95,29.48,0.05,0.11,3.15,3.15,1,1,0,0,0,1,0,0,0,0,0,1,ADX>=thresh;MACD_cross_up;RSI_overbought;Price>SMA20
2025-08-11T18:35:10.748630,BRO,94.58,45.22,0.09,0.09,-10.56,-10.56,1,1,0,0,0,1,0,0,0,0,0,1,ADX>=thresh;MACD_cross_up;RSI_overbought;Price>SMA20
2025-08-11T18:35:11.357878,BF-B,0.00,43.58,0.05,inf,-14.10,-14.10,1,1,0,0,0,1,0,0,1,0,0,0,ADX>=thresh;MACD_cross_up;RSI_overbought;ATR>=pct
2025-08-11T18:35:17.654679,CAH,158.97,36.59,0.19,0.12,21.82,21.82,1,1,0,0,1,1,0,0,0,0,0,1,ADX>=thresh;MACD_cross_up;BB_breakout;RSI_overbought;Price>SMA20
2025-08-11T18:35:18.277696,KMX,55.84,41.36,0.12,0.21,15.99,15.99,1,1,0,0,1,1,0,0,0,0,0,1,ADX>=thresh;MACD_cross_up;BB_breakout;RSI_overbought;Price>SMA20
2025-08-11T18:35:19.532980,CARR,64.85,29.45,0.09,0.14,0.14,0.14,1,1,0,0,0,1,0,0,0,0,0,1,ADX>=thresh;MACD_cross_up;RSI_overbought;Price>SMA20
2025-08-11T18:35:20.279782,CAT,408.61,28.12,0.47,0.11,-16.30,-16.30,1,1,0,0,1,1,0,0,0,0,0,1,ADX>=thresh;MACD_cross_up;BB_breakout;RSI_overbought;Price>SMA20
2025-08-11T18:35:22.535422,COR,292.05,23.22,0.38,0.13,-10.72,-10.72,1,1,0,0,1,1,0,0,0,0,0,1,ADX>=thresh;MACD_cross_up;BB_breakout;RSI_overbought;Price>SMA20
2025-08-11T18:35:25.864258,CHTR,257.71,28.03,0.44,0.17,-4.61,-4.61,1,1,0,0,1,1,0,0,0,0,0,1,ADX>=thresh;MACD_cross_up;BB_breakout;RSI_overbought;Price>SMA20
2025-08-11T18:35:27.659645,CB,271.35,31.48,0.24,0.09,-12.71,-12.71,1,1,0,0,0,1,0,0,0,0,0,1,ADX>=thresh;MACD_cross_up;RSI_overbought;Price>SMA20
2025-08-11T18:35:28.712168,CI,276.83,35.74,0.33,0.12,-22.64,-22.64,1,1,0,0,1,1,0,0,0,0,0,1,ADX>=thresh;MACD_cross_up;BB_breakout;RSI_overbought;Price>SMA20
2025-08-11T18:35:33.728101,CTSH,69.11,49.49,0.07,0.10,-23.48,-23.48,1,1,0,0,1,0,0,0,0,0,0,1,ADX>=thresh;MACD_cross_up;BB_breakout;Price>SMA20
2025-08-11T18:35:35.122065,CL,84.56,20.14,0.08,0.09,-21.73,-21.73,1,1,0,0,1,1,0,0,0,0,0,1,ADX>=thresh;MACD_cross_up;BB_breakout;RSI_overbought;Price>SMA20
2025-08-11T18:35:35.708752,CMCSA,31.26,47.46,0.05,0.15,2.01,2.01,1,1,0,0,1,1,0,0,0,0,0,1,ADX>=thresh;MACD_cross_up;BB_breakout;RSI_overbought;Price>SMA20
2025-08-11T18:35:37.926140,STZ,168.56,39.69,0.21,0.12,-23.38,-23.38,1,1,0,0,0,1,0,0,0,0,0,1,ADX>=thresh;MACD_cross_up;RSI_overbought;Price>SMA20
2025-08-11T18:35:39.363942,COO,71.12,38.29,0.10,0.14,-13.91,-13.91,1,1,0,0,0,1,0,0,0,0,0,1,ADX>=thresh;MACD_cross_up;RSI_overbought;Price>SMA20
2025-08-11T18:35:41.830075,CTVA,72.23,51.91,0.10,0.13,-18.09,-18.09,1,1,0,0,0,1,0,0,0,0,0,1,ADX>=thresh;MACD_cross_up;RSI_overbought;Price>SMA20
2025-08-11T18:35:45.552489,CCI,103.83,24.48,0.13,0.12,-15.18,-15.18,1,1,0,0,0,1,0,0,0,0,0,1,ADX>=thresh;MACD_cross_up;RSI_overbought;Price>SMA20
2025-08-11T18:35:48.168909,DRI,201.74,21.73,0.14,0.07,-13.71,-13.71,1,1,0,0,1,1,0,0,0,0,0,1,ADX>=thresh;MACD_cross_up;BB_breakout;RSI_overbought;Price>SMA20
2025-08-11T18:35:50.313870,DECK,101.13,39.40,0.14,0.14,-19.87,-19.87,1,1,0,0,0,1,0,0,0,0,0,1,ADX>=thresh;MACD_cross_up;RSI_overbought;Price>SMA20
2025-08-11T18:35:52.116151,DAL,53.88,33.40,0.08,0.14,-12.47,-12.47,1,1,0,0,0,1,0,0,0,0,0,1,ADX>=thresh;MACD_cross_up;RSI_overbought;Price>SMA20
2025-08-11T18:35:54.292308,DLR,169.53,31.35,0.16,0.10,15.45,15.45,1,1,0,0,1,1,0,0,0,0,0,1,ADX>=thresh;MACD_cross_up;BB_breakout;RSI_overbought;Price>SMA20
2025-08-11T18:35:56.671864,DPZ,437.04,25.11,0.53,0.12,58.04,58.04,1,1,0,0,0,1,0,0,0,0,0,1,ADX>=thresh;MACD_cross_up;RSI_overbought;Price>SMA20
2025-08-11T18:35:58.608711,DOW,20.95,35.67,0.08,0.39,40.51,40.51,1,1,0,0,0,1,0,0,0,0,0,1,ADX>=thresh;MACD_cross_up;RSI_overbought;Price>SMA20
2025-08-11T18:36:01.081692,DD,70.29,27.34,0.11,0.16,-2.20,-2.20,1,1,0,0,1,1,0,0,0,0,0,1,ADX>=thresh;MACD_cross_up;BB_breakout;RSI_overbought;Price>SMA20
2025-08-11T18:36:01.857569,EMN,61.18,33.16,0.10,0.16,-12.45,-12.45,1,1,0,0,0,1,0,0,0,0,0,1,ADX>=thresh;MACD_cross_up;RSI_overbought;Price>SMA20
2025-08-11T18:36:02.732918,ETN,360.92,42.00,0.46,0.13,3.15,3.15,1,1,0,0,0,1,0,0,0,0,0,1,ADX>=thresh;MACD_cross_up;RSI_overbought;Price>SMA20
2025-08-11T18:36:04.777858,EIX,55.42,20.19,0.10,0.18,4.47,4.47,1,1,0,0,0,1,0,0,0,0,0,1,ADX>=thresh;MACD_cross_up;RSI_overbought;Price>SMA20
2025-08-11T18:36:05.525463,EW,78.30,34.15,0.07,0.09,-15.25,-15.25,1,1,0,0,1,1,0,0,0,0,0,1,ADX>=thresh;MACD_cross_up;BB_breakout;RSI_overbought;Price>SMA20
2025-08-11T18:36:06.267223,EA,175.16,39.56,0.24,0.14,-8.27,-8.27,1,1,0,0,0,1,0,0,0,0,0,1,ADX>=thresh;MACD_cross_up;RSI_overbought;Price>SMA20
2025-08-11T18:36:07.109635,ELV,292.11,22.74,0.42,0.14,-27.98,-27.98,1,1,0,0,1,1,0,0,0,0,0,1,ADX>=thresh;MACD_cross_up;BB_breakout;RSI_overbought;Price>SMA20
2025-08-11T18:36:13.390012,EQR,62.48,27.94,0.07,0.12,7.03,7.03,1,1,0,0,0,1,0,0,0,0,0,1,ADX>=thresh;MACD_cross_up;RSI_overbought;Price>SMA20
2025-08-11T18:36:15.682913,EG,330.62,28.06,0.39,0.12,8.59,8.59,1,1,0,0,0,1,0,0,0,0,0,1,ADX>=thresh;MACD_cross_up;RSI_overbought;Price>SMA20
2025-08-11T18:36:19.728863,EXPD,116.55,24.81,0.14,0.12,-4.54,-4.54,1,1,0,0,1,1,0,0,0,0,0,1,ADX>=thresh;MACD_cross_up;BB_breakout;RSI_overbought;Price>SMA20
2025-08-11T18:36:25.503056,FDX,224.83,30.93,0.30,0.13,-2.26,-2.26,1,1,0,0,1,1,0,0,0,0,0,1,ADX>=thresh;MACD_cross_up;BB_breakout;RSI_overbought;Price>SMA20
2025-08-11T18:36:27.512615,FSLR,183.15,21.12,0.40,0.22,-11.40,-11.40,1,1,0,0,0,1,0,0,0,0,0,1,ADX>=thresh;MACD_cross_up;RSI_overbought;Price>SMA20
2025-08-11T18:36:31.305423,F,11.16,29.97,0.02,0.21,-17.11,-17.11,1,1,0,0,0,1,0,0,0,0,0,1,ADX>=thresh;MACD_cross_up;RSI_overbought;Price>SMA20
2025-08-11T18:36:38.512850,GEHC,73.31,46.71,0.09,0.13,-26.72,-26.72,1,1,0,0,0,1,0,0,0,0,0,1,ADX>=thresh;MACD_cross_up;RSI_overbought;Price>SMA20
2025-08-11T18:36:39.749659,GEN,31.07,42.31,0.04,0.14,-7.14,-7.14,1,1,0,0,1,1,0,0,0,0,0,1,ADX>=thresh;MACD_cross_up;BB_breakout;RSI_overbought;Price>SMA20
2025-08-11T18:36:42.911748,GPC,133.07,45.32,0.12,0.09,-27.29,-27.29,1,1,0,0,0,1,0,0,0,0,0,1,ADX>=thresh;MACD_cross_up;RSI_overbought;Price>SMA20
2025-08-11T18:36:44.279318,GPN,81.17,41.81,0.11,0.14,-12.39,-12.39,1,1,0,0,1,1,0,0,0,0,0,1,ADX>=thresh;MACD_cross_up;BB_breakout;RSI_overbought;Price>SMA20
2025-08-11T18:36:45.850592,GDDY,135.96,28.62,0.40,0.29,-8.14,-8.14,1,1,0,0,1,1,0,0,0,0,0,1,ADX>=thresh;MACD_cross_up;BB_breakout;RSI_overbought;Price>SMA20
2025-08-11T18:36:49.031484,HCA,381.57,42.22,0.44,0.12,7.85,7.85,1,1,0,0,1,0,0,0,0,0,0,1,ADX>=thresh;MACD_cross_up;BB_breakout;Price>SMA20
2025-08-11T18:36:50.462048,HSIC,66.33,44.57,0.07,0.11,-9.40,-9.40,1,1,0,0,1,1,0,0,0,0,0,1,ADX>=thresh;MACD_cross_up;BB_breakout;RSI_overbought;Price>SMA20
2025-08-11T18:36:53.578064,HOLX,67.85,33.63,0.07,0.10,-31.83,-31.83,1,1,0,0,1,1,0,0,0,0,0,1,ADX>=thresh;MACD_cross_up;BB_breakout;RSI_overbought;Price>SMA20
2025-08-11T18:36:54.759893,HON,215.33,20.84,0.19,0.09,-14.81,-14.81,1,1,0,0,1,1,0,0,0,0,0,1,ADX>=thresh;MACD_cross_up;BB_breakout;RSI_overbought;Price>SMA20
2025-08-11T18:36:55.445556,HRL,28.55,33.50,0.03,0.10,-18.57,-18.57,1,1,0,0,0,1,0,0,0,0,0,1,ADX>=thresh;MACD_cross_up;RSI_overbought;Price>SMA20
2025-08-11T18:36:56.155221,HST,15.39,34.59,0.03,0.17,7.88,7.88,1,1,0,0,1,1,0,0,0,0,0,1,ADX>=thresh;MACD_cross_up;BB_breakout;RSI_overbought;Price>SMA20
2025-08-11T18:36:56.924659,HWM,180.66,21.56,0.26,0.14,2.55,2.55,1,1,0,0,1,0,0,0,0,0,0,1,ADX>=thresh;MACD_cross_up;BB_breakout;Price>SMA20
2025-08-11T18:37:03.202480,ITW,257.47,23.43,0.23,0.09,-8.25,-8.25,1,1,0,0,0,1,0,0,0,0,0,1,ADX>=thresh;MACD_cross_up;RSI_overbought;Price>SMA20
2025-08-11T18:37:04.286367,IR,76.41,29.58,0.09,0.12,-20.06,-20.06,1,1,0,0,1,1,0,0,0,0,0,1,ADX>=thresh;MACD_cross_up;BB_breakout;RSI_overbought;Price>SMA20
2025-08-11T18:37:06.820793,IFF,63.66,27.87,0.11,0.17,-7.82,-7.82,1,1,0,0,0,1,0,0,0,0,0,1,ADX>=thresh;MACD_cross_up;RSI_overbought;Price>SMA20
2025-08-11T18:37:07.448933,IP,47.08,45.42,0.08,0.16,12.13,12.13,1,1,0,0,1,1,0,0,0,0,0,1,ADX>=thresh;MACD_cross_up;BB_breakout;RSI_overbought;Price>SMA20
2025-08-11T18:37:08.079744,IPG,24.94,51.57,0.03,0.13,-5.52,-5.52,1,1,0,0,0,1,0,0,0,0,0,1,ADX>=thresh;MACD_cross_up;RSI_overbought;Price>SMA20
2025-08-11T18:37:14.035032,JBHT,137.71,44.53,0.13,0.09,-12.10,-12.10,1,1,0,0,0,1,0,0,0,0,0,1,ADX>=thresh;MACD_cross_up;RSI_overbought;Price>SMA20
2025-08-11T18:37:19.531034,KDP,34.79,44.20,0.03,0.09,-19.64,-19.64,1,1,0,0,0,1,0,0,0,0,0,1,ADX>=thresh;MACD_cross_up;RSI_overbought;Price>SMA20
2025-08-11T18:37:23.957873,KHC,27.27,26.43,0.04,0.13,-20.23,-20.23,1,1,0,0,0,1,0,0,0,0,0,1,ADX>=thresh;MACD_cross_up;RSI_overbought;Price>SMA20
2025-08-11T18:37:26.901315,LW,51.86,38.44,0.07,0.13,-28.55,-28.55,1,1,0,0,1,1,0,0,0,0,0,1,ADX>=thresh;MACD_cross_up;BB_breakout;RSI_overbought;Price>SMA20
2025-08-11T18:37:27.533220,LVS,52.82,39.71,0.09,0.16,19.74,19.74,1,1,0,0,1,1,0,0,0,0,0,1,ADX>=thresh;MACD_cross_up;BB_breakout;RSI_overbought;Price>SMA20
2025-08-11T18:37:28.688205,LEN,120.53,39.36,0.17,0.14,-23.30,-23.30,1,1,0,0,1,1,0,0,0,0,0,1,ADX>=thresh;MACD_cross_up;BB_breakout;RSI_overbought;Price>SMA20
2025-08-11T18:37:29.352420,LII,578.56,30.40,0.81,0.14,-12.47,-12.47,1,1,0,0,1,0,0,0,0,0,0,1,ADX>=thresh;MACD_cross_up;BB_breakout;Price>SMA20
2025-08-11T18:37:30.488083,LIN,468.38,28.61,0.34,0.07,1.88,1.88,1,1,0,0,0,1,0,0,0,0,0,1,ADX>=thresh;MACD_cross_up;RSI_overbought;Price>SMA20
2025-08-11T18:37:31.157922,LYV,154.73,29.62,0.34,0.22,46.01,46.01,1,1,0,0,1,1,0,0,0,0,0,1,ADX>=thresh;MACD_cross_up;BB_breakout;RSI_overbought;Price>SMA20
2025-08-11T18:37:31.773384,LKQ,29.39,29.01,0.05,0.18,-25.80,-25.80,1,1,0,0,1,1,0,0,0,0,0,1,ADX>=thresh;MACD_cross_up;BB_breakout;RSI_overbought;Price>SMA20
2025-08-11T18:37:33.274906,L,93.73,34.80,0.08,0.09,-19.48,-19.48,1,1,0,0,0,1,0,0,0,0,0,1,ADX>=thresh;MACD_cross_up;RSI_overbought;Price>SMA20
2025-08-11T18:37:37.886619,LYB,48.77,29.60,0.14,0.29,10.34,10.34,1,1,0,0,0,1,0,0,0,0,0,1,ADX>=thresh;MACD_cross_up;RSI_overbought;Price>SMA20
2025-08-11T18:37:40.818647,MMC,203.13,37.26,0.16,0.08,-17.10,-17.10,1,1,0,0,0,1,0,0,0,0,0,1,ADX>=thresh;MACD_cross_up;RSI_overbought;Price>SMA20
2025-08-11T18:37:42.035144,MAS,68.72,22.92,0.08,0.11,-23.58,-23.58,1,1,0,0,0,1,0,0,0,0,0,1,ADX>=thresh;MACD_cross_up;RSI_overbought;Price>SMA20
2025-08-11T18:37:43.264642,MTCH,35.67,37.84,0.06,0.17,-0.78,-0.78,1,1,0,0,0,1,0,0,0,0,0,1,ADX>=thresh;MACD_cross_up;RSI_overbought;Price>SMA20
2025-08-11T18:37:45.189782,MCK,680.69,28.61,1.07,0.16,16.61,16.61,1,1,0,0,1,1,0,0,0,0,0,1,ADX>=thresh;MACD_cross_up;BB_breakout;RSI_overbought;Price>SMA20
2025-08-11T18:37:45.854640,MDT,92.77,29.59,0.09,0.09,-15.09,-15.09,1,1,0,0,1,1,0,0,0,0,0,1,ADX>=thresh;MACD_cross_up;BB_breakout;RSI_overbought;Price>SMA20
2025-08-11T18:37:49.165404,MGM,34.20,38.71,0.05,0.14,17.40,17.40,1,1,0,0,1,1,0,0,0,0,0,1,ADX>=thresh;MACD_cross_up;BB_breakout;RSI_overbought;Price>SMA20
2025-08-11T18:37:49.940059,MCHP,61.42,22.69,0.13,0.22,8.28,8.28,1,1,0,0,1,1,0,0,0,0,0,1,ADX>=thresh;MACD_cross_up;BB_breakout;RSI_overbought;Price>SMA20
2025-08-11T18:37:52.036813,MRNA,25.69,29.14,0.07,0.26,2.97,2.97,1,1,0,0,1,1,0,0,0,0,0,1,ADX>=thresh;MACD_cross_up;BB_breakout;RSI_overbought;Price>SMA20
2025-08-11T18:37:54.025513,TAP,50.57,43.65,0.07,0.14,-18.39,-18.39,1,1,0,0,0,1,0,0,0,0,0,1,ADX>=thresh;MACD_cross_up;RSI_overbought;Price>SMA20
2025-08-11T18:37:55.812190,MNST,63.53,50.65,0.10,0.16,-12.63,-12.63,1,1,0,0,0,1,0,0,0,0,0,1,ADX>=thresh;MACD_cross_up;RSI_overbought;Price>SMA20
2025-08-11T18:38:03.300051,NKE,73.97,34.82,0.08,0.11,-16.60,-16.60,1,1,0,0,1,1,0,0,0,0,0,1,ADX>=thresh;MACD_cross_up;BB_breakout;RSI_overbought;Price>SMA20
2025-08-11T18:38:04.621760,NDSN,210.75,22.89,0.20,0.10,3.15,3.15,1,1,0,0,1,1,0,0,0,0,0,1,ADX>=thresh;MACD_cross_up;BB_breakout;RSI_overbought;Price>SMA20
2025-08-11T18:38:07.040508,NCLH,23.82,23.06,0.05,0.20,-36.20,-36.20,1,1,0,0,0,1,0,0,0,0,0,1,ADX>=thresh;MACD_cross_up;RSI_overbought;Price>SMA20
2025-08-11T18:38:08.114538,NUE,137.87,62.56,0.21,0.15,-13.84,-13.84,1,1,0,0,1,1,0,0,0,0,0,1,ADX>=thresh;MACD_cross_up;BB_breakout;RSI_overbought;Price>SMA20
2025-08-11T18:38:09.456934,NVR,7823.06,36.68,7.89,0.10,5.12,5.12,1,1,0,0,0,1,0,1,0,0,0,1,ADX>=thresh;MACD_cross_up;RSI_overbought;ATR>=abs;Price>SMA20
2025-08-11T18:38:10.196769,NXPI,207.72,25.34,0.29,0.14,10.20,10.20,1,1,0,0,1,1,0,0,0,0,0,1,ADX>=thresh;MACD_cross_up;BB_breakout;RSI_overbought;Price>SMA20
2025-08-11T18:38:12.418681,ODFL,142.58,32.02,0.25,0.18,0.00,0.00,1,1,0,0,0,1,0,0,0,0,0,1,ADX>=thresh;MACD_cross_up;RSI_overbought;Price>SMA20
2025-08-11T18:38:13.042268,OMC,72.90,39.74,0.09,0.12,-0.49,-0.49,1,1,0,0,1,1,0,0,0,0,0,1,ADX>=thresh;MACD_cross_up;BB_breakout;RSI_overbought;Price>SMA20
2025-08-11T18:38:13.796081,ON,47.59,42.74,0.13,0.27,2.94,2.94,1,1,0,0,1,0,0,0,0,0,0,1,ADX>=thresh;MACD_cross_up;BB_breakout;Price>SMA20
2025-08-11T18:38:14.420611,OKE,73.91,38.57,0.14,0.19,-32.54,-32.54,1,1,0,0,1,0,0,0,0,0,0,1,ADX>=thresh;MACD_cross_up;BB_breakout;Price>SMA20
2025-08-11T18:38:16.773021,PCAR,97.12,37.39,0.08,0.08,-10.23,-10.23,1,1,0,0,1,1,0,0,0,0,0,1,ADX>=thresh;MACD_cross_up;BB_breakout;RSI_overbought;Price>SMA20
2025-08-11T18:38:17.430564,PKG,196.54,37.92,0.20,0.10,0.04,0.04,1,1,0,0,1,1,0,0,0,0,0,1,ADX>=thresh;MACD_cross_up;BB_breakout;RSI_overbought;Price>SMA20
2025-08-11T18:38:20.194660,PARA,0.00,23.11,0.04,inf,16.08,16.08,1,1,0,0,0,1,0,0,1,0,0,0,ADX>=thresh;MACD_cross_up;RSI_overbought;ATR>=pct
2025-08-11T18:38:21.365846,PAYX,139.12,21.13,0.11,0.08,-25.09,-25.09,1,1,0,0,1,1,0,0,0,0,0,1,ADX>=thresh;MACD_cross_up;BB_breakout;RSI_overbought;Price>SMA20
2025-08-11T18:38:27.679894,POOL,305.97,31.49,0.40,0.13,-44.97,-44.97,1,1,0,0,0,1,0,0,0,0,0,1,ADX>=thresh;MACD_cross_up;RSI_overbought;Price>SMA20
2025-08-11T18:38:29.484329,PFG,76.55,28.46,0.06,0.08,-17.44,-17.44,1,1,0,0,1,1,0,0,0,0,0,1,ADX>=thresh;MACD_cross_up;BB_breakout;RSI_overbought;Price>SMA20
2025-08-11T18:38:33.004047,PTC,204.35,52.53,0.22,0.11,-2.93,-2.93,1,1,0,0,1,1,0,0,0,0,0,1,ADX>=thresh;MACD_cross_up;BB_breakout;RSI_overbought;Price>SMA20
2025-08-11T18:38:34.317668,PHM,120.55,40.96,0.23,0.19,-1.76,-1.76,1,1,0,0,1,1,0,0,0,0,0,1,ADX>=thresh;MACD_cross_up;BB_breakout;RSI_overbought;Price>SMA20
2025-08-11T18:38:36.637148,RL,288.86,35.64,0.38,0.13,16.53,16.53,1,1,0,0,1,1,0,0,0,0,0,1,ADX>=thresh;MACD_cross_up;BB_breakout;RSI_overbought;Price>SMA20
2025-08-11T18:38:45.035625,ROP,529.73,21.14,0.32,0.06,-11.06,-11.06,1,1,0,0,1,0,0,0,0,0,0,1,ADX>=thresh;MACD_cross_up;BB_breakout;Price>SMA20
2025-08-11T18:38:46.154496,RCL,304.18,20.98,0.43,0.14,-28.67,-28.67,1,1,0,0,0,1,0,0,0,0,0,1,ADX>=thresh;MACD_cross_up;RSI_overbought;Price>SMA20
2025-08-11T18:38:48.251161,SLB,32.34,32.85,0.05,0.17,-2.85,-2.85,1,1,0,0,1,1,0,0,0,0,0,1,ADX>=thresh;MACD_cross_up;BB_breakout;RSI_overbought;Price>SMA20
2025-08-11T18:38:51.584492,SPG,165.04,23.80,0.17,0.10,-31.25,-31.25,1,1,0,0,0,1,0,0,0,0,0,1,ADX>=thresh;MACD_cross_up;RSI_overbought;Price>SMA20
2025-08-11T18:38:53.693703,SW,43.35,31.97,0.07,0.16,12.92,12.92,1,1,0,0,0,1,0,0,0,0,0,1,ADX>=thresh;MACD_cross_up;RSI_overbought;Price>SMA20
2025-08-11T18:38:57.081741,SWK,68.84,21.19,0.10,0.15,5.10,5.10,1,1,0,0,0,1,0,0,0,0,0,1,ADX>=thresh;MACD_cross_up;RSI_overbought;Price>SMA20
2025-08-11T18:38:58.860137,STLD,122.31,62.73,0.20,0.16,-5.24,-5.24,1,1,0,0,1,1,0,0,0,0,0,1,ADX>=thresh;MACD_cross_up;BB_breakout;RSI_overbought;Price>SMA20
2025-08-11T18:39:00.262687,SYK,377.52,29.41,0.36,0.10,-16.91,-16.91,1,1,0,0,1,1,0,0,0,0,0,1,ADX>=thresh;MACD_cross_up;BB_breakout;RSI_overbought;Price>SMA20
2025-08-11T18:39:02.104302,SYF,69.72,38.17,0.10,0.15,-16.07,-16.07,1,1,0,0,1,1,0,0,0,0,0,1,ADX>=thresh;MACD_cross_up;BB_breakout;RSI_overbought;Price>SMA20
2025-08-11T18:39:06.008549,TROW,105.49,20.21,0.11,0.10,-3.32,-3.32,1,1,0,0,1,1,0,0,0,0,0,1,ADX>=thresh;MACD_cross_up;BB_breakout;RSI_overbought;Price>SMA20
2025-08-11T18:39:08.663366,TEL,200.25,43.10,0.18,0.09,-24.58,-24.58,1,1,0,0,1,0,0,0,0,0,0,1,ADX>=thresh;MACD_cross_up;BB_breakout;Price>SMA20
2025-08-11T18:39:13.381383,TJX,131.96,32.78,0.10,0.08,-7.76,-7.76,1,1,0,0,1,1,0,0,0,0,0,1,ADX>=thresh;MACD_cross_up;BB_breakout;RSI_overbought;Price>SMA20
2025-08-11T18:39:16.298649,TRV,264.70,38.76,0.17,0.07,-24.24,-24.24,1,1,0,0,0,1,0,0,0,0,0,1,ADX>=thresh;MACD_cross_up;RSI_overbought;Price>SMA20
2025-08-11T18:39:20.420593,UBER,91.16,30.35,0.17,0.18,-13.17,-13.17,1,1,0,0,1,1,0,0,0,0,0,1,ADX>=thresh;MACD_cross_up;BB_breakout;RSI_overbought;Price>SMA20
2025-08-11T18:39:21.682941,ULTA,499.01,26.54,0.43,0.09,-7.33,-7.33,1,1,0,0,1,0,0,0,0,0,0,1,ADX>=thresh;MACD_cross_up;BB_breakout;Price>SMA20
2025-08-11T18:39:23.278169,UPS,86.65,29.27,0.13,0.15,-13.16,-13.16,1,1,0,0,0,1,0,0,0,0,0,1,ADX>=thresh;MACD_cross_up;RSI_overbought;Price>SMA20
2025-08-11T18:39:23.816371,URI,866.14,32.64,1.00,0.11,-7.77,-7.77,1,1,0,0,1,1,0,0,0,0,0,1,ADX>=thresh;MACD_cross_up;BB_breakout;RSI_overbought;Price>SMA20
2025-08-11T18:39:24.430939,UNH,254.54,27.08,0.45,0.18,-4.19,-4.19,1,1,0,0,1,1,0,0,0,0,0,1,ADX>=thresh;MACD_cross_up;BB_breakout;RSI_overbought;Price>SMA20
2025-08-11T18:39:30.065744,VTRS,9.99,21.42,0.03,0.28,-16.29,-16.29,1,1,0,0,0,1,0,0,0,0,0,1,ADX>=thresh;MACD_cross_up;RSI_overbought;Price>SMA20
2025-08-11T18:39:32.253614,VMC,285.40,52.49,0.36,0.13,16.14,16.14,1,1,0,0,1,1,0,0,0,0,0,1,ADX>=thresh;MACD_cross_up;BB_breakout;RSI_overbought;Price>SMA20
2025-08-11T18:39:33.582963,GWW,939.83,24.23,0.84,0.09,5.07,5.07,1,1,0,0,1,1,0,0,0,0,0,1,ADX>=thresh;MACD_cross_up;BB_breakout;RSI_overbought;Price>SMA20
2025-08-11T18:39:34.400880,WAB,192.34,31.69,0.22,0.12,-18.60,-18.60,1,1,0,0,1,1,0,0,0,0,0,1,ADX>=thresh;MACD_cross_up;BB_breakout;RSI_overbought;Price>SMA20
2025-08-11T18:39:40.869493,WDC,74.94,20.21,0.12,0.16,-14.60,-14.60,1,1,0,0,1,0,0,0,0,0,0,1,ADX>=thresh;MACD_cross_up;BB_breakout;Price>SMA20
2025-08-11T18:39:43.283114,WTW,329.50,30.06,0.34,0.10,2.58,2.58,1,1,0,0,1,1,0,0,0,0,0,1,ADX>=thresh;MACD_cross_up;BB_breakout;RSI_overbought;Price>SMA20
2025-08-11T18:39:44.389458,WYNN,107.86,57.46,0.21,0.19,9.71,9.71,1,1,0,0,1,1,0,0,0,0,0,1,ADX>=thresh;MACD_cross_up;BB_breakout;RSI_overbought;Price>SMA20
2025-08-11T18:39:45.096829,XEL,72.56,23.59,0.06,0.08,-16.22,-16.22,1,1,0,0,1,0,0,0,0,0,0,1,ADX>=thresh;MACD_cross_up;BB_breakout;Price>SMA20
2025-08-11T18:39:47.000622,YUM,141.66,31.77,0.14,0.10,-7.21,-7.21,1,1,0,0,1,1,0,0,0,0,0,1,ADX>=thresh;MACD_cross_up;BB_breakout;RSI_overbought;Price>SMA20
2025-08-11T18:39:47.648466,ZBRA,313.31,36.39,0.62,0.20,5.39,5.39,1,1,0,0,1,1,0,0,0,0,0,1,ADX>=thresh;MACD_cross_up;BB_breakout;RSI_overbought;Price>SMA20
2025-08-11T18:39:48.333936,ZBH,99.92,30.09,0.17,0.17,-26.88,-26.88,1,1,0,0,1,1,0,0,0,0,0,1,ADX>=thresh;MACD_cross_up;BB_breakout;RSI_overbought;Price>SMA20
2025-08-11T18:39:48.990891,ZTS,148.75,21.57,0.20,0.14,-7.22,-7.22,1,1,0,0,0,1,0,0,0,0,0,1,ADX>=thresh;MACD_cross_up;RSI_overbought;Price>SMA20
2025-08-11T18:39:54.749378,MMM,155.16,22.01,0.20,0.13,6.91,6.91,1,1,0,0,1,1,0,0,0,0,0,1,ADX>=thresh;MACD_cross_up;BB_breakout;RSI_overbought;Price>SMA20
2025-08-11T18:39:55.412202,AOS,70.16,28.40,0.06,0.08,-31.55,-31.55,1,1,0,0,0,1,0,0,0,0,0,1,ADX>=thresh;MACD_cross_up;RSI_overbought;Price>SMA20
2025-08-11T18:39:56.928717,ACN,237.97,23.43,0.30,0.13,-10.59,-10.59,1,1,0,0,1,0,0,0,0,0,0,1,ADX>=thresh;MACD_cross_up;BB_breakout;Price>SMA20
2025-08-11T18:39:59.201247,AFL,104.08,39.77,0.09,0.08,-10.36,-10.36,1,1,0,0,0,1,0,0,0,0,0,1,ADX>=thresh;MACD_cross_up;RSI_overbought;Price>SMA20
2025-08-11T18:40:00.993784,ABNB,119.06,52.18,0.20,0.17,-11.57,-11.57,1,1,0,0,1,0,0,0,0,0,0,1,ADX>=thresh;MACD_cross_up;BB_breakout;Price>SMA20
2025-08-11T18:40:01.570156,AKAM,71.36,31.96,0.13,0.18,-21.89,-21.89,1,1,0,0,1,1,0,0,0,0,0,1,ADX>=thresh;MACD_cross_up;BB_breakout;RSI_overbought;Price>SMA20
2025-08-11T18:40:04.136759,ALLE,163.88,25.22,0.13,0.08,-9.53,-9.53,1,1,0,0,1,1,0,0,0,0,0,1,ADX>=thresh;MACD_cross_up;BB_breakout;RSI_overbought;Price>SMA20
2025-08-11T18:40:07.736412,AMCR,9.65,30.37,0.01,0.14,-4.19,-4.19,1,1,0,0,0,1,0,0,0,0,0,1,ADX>=thresh;MACD_cross_up;RSI_overbought;Price>SMA20
2025-08-11T18:40:09.899673,AIG,79.05,58.75,0.07,0.09,7.26,7.26,1,1,0,0,0,1,0,0,0,0,0,1,ADX>=thresh;MACD_cross_up;RSI_overbought;Price>SMA20
2025-08-11T18:40:15.036743,AON,367.71,31.23,0.34,0.09,-11.05,-11.05,1,1,0,0,0,1,0,0,0,0,0,1,ADX>=thresh;MACD_cross_up;RSI_overbought;Price>SMA20
2025-08-11T18:40:18.862307,ADM,58.32,31.07,0.08,0.13,-5.61,-5.61,1,1,0,0,0,1,0,0,0,0,0,1,ADX>=thresh;MACD_cross_up;RSI_overbought;Price>SMA20
2025-08-11T18:40:20.231770,AJG,288.32,41.37,0.30,0.10,-7.58,-7.58,1,1,0,0,0,1,0,0,0,0,0,1,ADX>=thresh;MACD_cross_up;RSI_overbought;Price>SMA20
2025-08-11T18:40:27.105589,BALL,53.77,36.59,0.06,0.11,-27.10,-27.10,1,1,0,0,0,1,0,0,0,0,0,1,ADX>=thresh;MACD_cross_up;RSI_overbought;Price>SMA20
2025-08-11T18:40:28.409530,BAX,23.58,29.92,0.05,0.21,-12.77,-12.77,1,1,0,0,1,1,0,0,0,0,0,1,ADX>=thresh;MACD_cross_up;BB_breakout;RSI_overbought;Price>SMA20
2025-08-11T18:40:29.027415,BDX,192.09,29.76,0.19,0.10,-34.36,-34.36,1,1,0,0,0,1,0,0,0,0,0,1,ADX>=thresh;MACD_cross_up;RSI_overbought;Price>SMA20
2025-08-11T18:40:34.721602,BMY,45.98,29.98,0.05,0.11,3.11,3.11,1,1,0,0,0,1,0,0,0,0,0,1,ADX>=thresh;MACD_cross_up;RSI_overbought;Price>SMA20
2025-08-11T18:40:36.458954,BRO,94.61,49.92,0.08,0.08,-23.52,-23.52,1,1,0,0,0,1,0,0,0,0,0,1,ADX>=thresh;MACD_cross_up;RSI_overbought;Price>SMA20
2025-08-11T18:40:37.216379,BF-B,0.00,42.44,0.05,inf,-18.95,-18.95,1,1,0,0,0,1,0,0,1,0,0,0,ADX>=thresh;MACD_cross_up;RSI_overbought;ATR>=pct
2025-08-11T18:40:43.874530,KMX,55.84,38.15,0.11,0.20,-6.77,-6.77,1,1,0,0,0,1,0,0,0,0,0,1,ADX>=thresh;MACD_cross_up;RSI_overbought;Price>SMA20
2025-08-11T18:40:44.952870,CARR,64.90,28.13,0.09,0.14,0.14,0.14,1,1,0,0,0,1,0,0,0,0,0,1,ADX>=thresh;MACD_cross_up;RSI_overbought;Price>SMA20
2025-08-11T18:40:45.670061,CAT,408.69,26.91,0.45,0.11,-15.61,-15.61,1,1,0,0,0,1,0,0,0,0,0,1,ADX>=thresh;MACD_cross_up;RSI_overbought;Price>SMA20
2025-08-11T18:40:47.931959,COR,292.40,24.76,0.35,0.12,-15.06,-15.06,1,1,0,0,1,1,0,0,0,0,0,1,ADX>=thresh;MACD_cross_up;BB_breakout;RSI_overbought;Price>SMA20
2025-08-11T18:40:49.947937,CF,82.96,23.57,0.10,0.12,-13.44,-13.44,1,1,0,0,0,1,0,0,0,0,0,1,ADX>=thresh;MACD_cross_up;RSI_overbought;Price>SMA20
2025-08-11T18:40:51.635323,CHTR,257.94,30.55,0.47,0.18,6.30,6.30,1,1,0,0,1,1,0,0,0,0,0,1,ADX>=thresh;MACD_cross_up;BB_breakout;RSI_overbought;Price>SMA20
2025-08-11T18:40:54.772237,CI,277.14,40.05,0.34,0.12,-10.97,-10.97,1,1,0,0,1,1,0,0,0,0,0,1,ADX>=thresh;MACD_cross_up;BB_breakout;RSI_overbought;Price>SMA20
2025-08-11T18:40:59.527857,KO,70.70,54.64,0.06,0.08,-11.42,-11.42,1,1,0,0,0,1,0,0,0,0,0,1,ADX>=thresh;MACD_cross_up;RSI_overbought;Price>SMA20
2025-08-11T18:41:01.786437,CL,84.60,20.30,0.08,0.09,-26.14,-26.14,1,1,0,0,1,1,0,0,0,0,0,1,ADX>=thresh;MACD_cross_up;BB_breakout;RSI_overbought;Price>SMA20
2025-08-11T18:41:02.444635,CMCSA,31.29,47.01,0.05,0.15,5.81,5.81,1,1,0,0,1,1,0,0,0,0,0,1,ADX>=thresh;MACD_cross_up;BB_breakout;RSI_overbought;Price>SMA20
2025-08-11T18:41:03.910427,COP,93.88,20.27,0.14,0.15,-1.67,-1.67,1,1,0,0,1,1,0,0,0,0,0,1,ADX>=thresh;MACD_cross_up;BB_breakout;RSI_overbought;Price>SMA20
2025-08-11T18:41:05.196266,STZ,168.59,42.56,0.20,0.12,-33.37,-33.37,1,1,0,0,0,1,0,0,0,0,0,1,ADX>=thresh;MACD_cross_up;RSI_overbought;Price>SMA20
2025-08-11T18:41:08.154174,CPAY,304.76,30.98,0.41,0.14,4.97,4.97,1,1,0,0,1,1,0,0,0,0,0,1,ADX>=thresh;MACD_cross_up;BB_breakout;RSI_overbought;Price>SMA20
2025-08-11T18:41:12.051301,CCI,103.86,25.08,0.12,0.11,-24.86,-24.86,1,1,0,0,0,1,0,0,0,0,0,1,ADX>=thresh;MACD_cross_up;RSI_overbought;Price>SMA20
2025-08-11T18:41:14.929247,DRI,201.69,23.72,0.15,0.07,-5.21,-5.21,1,1,0,0,0,1,0,0,0,0,0,1,ADX>=thresh;MACD_cross_up;RSI_overbought;Price>SMA20
2025-08-11T18:41:15.621320,DVA,129.43,21.94,0.16,0.13,-13.07,-13.07,1,1,0,0,1,1,0,0,0,0,0,1,ADX>=thresh;MACD_cross_up;BB_breakout;RSI_overbought;Price>SMA20
2025-08-11T18:41:25.605825,DPZ,436.99,27.03,0.54,0.12,55.43,55.43,1,1,0,0,0,1,0,0,0,0,0,1,ADX>=thresh;MACD_cross_up;RSI_overbought;Price>SMA20
2025-08-11T18:41:27.808411,DOW,20.99,40.12,0.08,0.40,38.08,38.08,1,1,0,0,0,1,0,0,0,0,0,1,ADX>=thresh;MACD_cross_up;RSI_overbought;Price>SMA20
2025-08-11T18:41:29.621063,DUK,125.39,21.21,0.11,0.08,-33.47,-33.47,1,1,0,0,0,1,0,0,0,0,0,1,ADX>=thresh;MACD_cross_up;RSI_overbought;Price>SMA20
2025-08-11T18:41:30.777337,EMN,61.22,33.25,0.10,0.16,-13.99,-13.99,1,1,0,0,0,1,0,0,0,0,0,1,ADX>=thresh;MACD_cross_up;RSI_overbought;Price>SMA20
2025-08-11T18:41:33.591959,EIX,55.44,23.09,0.10,0.18,-17.40,-17.40,1,1,0,0,0,1,0,0,0,0,0,1,ADX>=thresh;MACD_cross_up;RSI_overbought;Price>SMA20
2025-08-11T18:41:35.430997,ELV,292.15,23.67,0.40,0.14,-23.68,-23.68,1,1,0,0,0,1,0,0,0,0,0,1,ADX>=thresh;MACD_cross_up;RSI_overbought;Price>SMA20
2025-08-11T18:41:37.473718,ETR,90.02,20.11,0.08,0.08,-13.91,-13.91,1,1,0,0,0,1,0,0,0,0,0,1,ADX>=thresh;MACD_cross_up;RSI_overbought;Price>SMA20
2025-08-11T18:41:47.264145,EXPD,116.63,29.64,0.13,0.11,-12.36,-12.36,1,1,0,0,0,1,0,0,0,0,0,1,ADX>=thresh;MACD_cross_up;RSI_overbought;Price>SMA20
2025-08-11T18:41:51.987982,FDX,224.88,33.15,0.30,0.13,2.02,2.02,1,1,0,0,0,1,0,0,0,0,0,1,ADX>=thresh;MACD_cross_up;RSI_overbought;Price>SMA20
2025-08-11T18:41:53.820866,FSLR,183.29,24.23,0.41,0.22,-3.68,-3.68,1,1,0,0,0,1,0,0,0,0,0,1,ADX>=thresh;MACD_cross_up;RSI_overbought;Price>SMA20
2025-08-11T18:42:03.773373,GEN,31.04,39.25,0.04,0.14,-22.15,-22.15,1,1,0,0,0,1,0,0,0,0,0,1,ADX>=thresh;MACD_cross_up;RSI_overbought;Price>SMA20
2025-08-11T18:42:07.685737,GPN,81.14,39.51,0.12,0.15,-8.81,-8.81,1,1,0,0,0,1,0,0,0,0,0,1,ADX>=thresh;MACD_cross_up;RSI_overbought;Price>SMA20
2025-08-11T18:42:08.975958,GDDY,136.23,28.80,0.37,0.27,-8.41,-8.41,1,1,0,0,0,1,0,0,0,0,0,1,ADX>=thresh;MACD_cross_up;RSI_overbought;Price>SMA20
2025-08-11T18:42:16.903081,HOLX,67.85,33.65,0.07,0.10,-27.03,-27.03,1,1,0,0,0,1,0,0,0,0,0,1,ADX>=thresh;MACD_cross_up;RSI_overbought;Price>SMA20
2025-08-11T18:42:18.526460,HRL,28.55,36.39,0.03,0.10,-17.06,-17.06,1,1,0,0,0,1,0,0,0,0,0,1,ADX>=thresh;MACD_cross_up;RSI_overbought;Price>SMA20
2025-08-11T18:42:19.302800,HST,15.39,37.40,0.03,0.16,-0.79,-0.79,1,1,0,0,0,1,0,0,0,0,0,1,ADX>=thresh;MACD_cross_up;RSI_overbought;Price>SMA20
2025-08-11T18:42:26.434082,IR,76.41,30.25,0.09,0.12,-14.84,-14.84,1,1,0,0,0,1,0,0,0,0,0,1,ADX>=thresh;MACD_cross_up;RSI_overbought;Price>SMA20
2025-08-11T18:42:29.629392,IP,47.07,46.10,0.07,0.15,-4.77,-4.77,1,1,0,0,0,1,0,0,0,0,0,1,ADX>=thresh;MACD_cross_up;RSI_overbought;Price>SMA20
2025-08-11T18:42:30.358378,IPG,24.95,56.08,0.03,0.13,1.36,1.36,1,1,0,0,0,1,0,0,0,0,0,1,ADX>=thresh;MACD_cross_up;RSI_overbought;Price>SMA20
2025-08-11T18:42:36.227723,JKHY,158.92,32.45,0.21,0.13,-3.98,-3.98,1,1,0,0,1,1,0,0,0,0,0,1,ADX>=thresh;MACD_cross_up;BB_breakout;RSI_overbought;Price>SMA20
2025-08-11T18:42:40.569722,KDP,34.78,47.90,0.03,0.09,-23.47,-23.47,1,1,0,0,0,1,0,0,0,0,0,1,ADX>=thresh;MACD_cross_up;RSI_overbought;Price>SMA20
2025-08-11T18:42:49.836897,LVS,52.91,38.87,0.09,0.16,23.13,23.13,1,1,0,0,1,1,0,0,0,0,0,1,ADX>=thresh;MACD_cross_up;BB_breakout;RSI_overbought;Price>SMA20
2025-08-11T18:42:51.102016,LEN,120.59,41.52,0.18,0.15,-15.04,-15.04,1,1,0,0,0,1,0,0,0,0,0,1,ADX>=thresh;MACD_cross_up;RSI_overbought;Price>SMA20
2025-08-11T18:42:52.466957,LII,578.56,30.40,0.81,0.14,-12.47,-12.47,1,1,0,0,1,0,0,0,0,0,0,1,ADX>=thresh;MACD_cross_up;BB_breakout;Price>SMA20
2025-08-11T18:42:53.584831,LIN,468.68,30.64,0.36,0.08,10.01,10.01,1,1,0,0,1,1,0,0,0,0,0,1,ADX>=thresh;MACD_cross_up;BB_breakout;RSI_overbought;Price>SMA20
2025-08-11T18:42:54.633840,LYV,154.63,31.29,0.33,0.21,23.18,23.18,1,1,0,0,0,1,0,0,0,0,0,1,ADX>=thresh;MACD_cross_up;RSI_overbought;Price>SMA20
2025-08-11T18:42:57.911253,LYB,48.83,29.95,0.14,0.30,9.10,9.10,1,1,0,0,0,1,0,0,0,0,0,1,ADX>=thresh;MACD_cross_up;RSI_overbought;Price>SMA20
2025-08-11T18:43:01.513040,MAS,68.75,22.77,0.08,0.12,-4.92,-4.92,1,1,0,0,0,1,0,0,0,0,0,1,ADX>=thresh;MACD_cross_up;RSI_overbought;Price>SMA20
2025-08-11T18:43:02.704816,MTCH,35.66,42.63,0.06,0.16,6.23,6.23,1,1,0,0,0,1,0,0,0,0,0,1,ADX>=thresh;MACD_cross_up;RSI_overbought;Price>SMA20
2025-08-11T18:43:05.144484,MDT,92.78,29.40,0.09,0.09,-16.35,-16.35,1,1,0,0,0,1,0,0,0,0,0,1,ADX>=thresh;MACD_cross_up;RSI_overbought;Price>SMA20
2025-08-11T18:43:07.941196,MGM,34.19,37.33,0.05,0.13,8.83,8.83,1,1,0,0,0,1,0,0,0,0,0,1,ADX>=thresh;MACD_cross_up;RSI_overbought;Price>SMA20
2025-08-11T18:43:10.719483,MRNA,25.66,31.49,0.07,0.26,1.27,1.27,1,1,0,0,0,1,0,0,0,0,0,1,ADX>=thresh;MACD_cross_up;RSI_overbought;Price>SMA20
2025-08-11T18:43:14.491727,MNST,63.56,52.65,0.10,0.16,-23.98,-23.98,1,1,0,0,0,1,0,0,0,0,0,1,ADX>=thresh;MACD_cross_up;RSI_overbought;Price>SMA20
2025-08-11T18:43:21.686525,NKE,73.95,37.00,0.09,0.12,-15.98,-15.98,1,1,0,0,0,1,0,0,0,0,0,1,ADX>=thresh;MACD_cross_up;RSI_overbought;Price>SMA20
2025-08-11T18:43:25.864873,NUE,137.93,69.15,0.21,0.15,-10.97,-10.97,1,1,0,0,0,1,0,0,0,0,0,1,ADX>=thresh;MACD_cross_up;RSI_overbought;Price>SMA20
2025-08-11T18:43:26.896691,NVR,7823.06,36.58,7.38,0.09,-6.20,-6.20,1,1,0,0,0,1,0,1,0,0,0,1,ADX>=thresh;MACD_cross_up;RSI_overbought;ATR>=abs;Price>SMA20
2025-08-11T18:43:27.647986,NXPI,207.74,22.78,0.30,0.14,7.01,7.01,1,1,0,0,0,1,0,0,0,0,0,1,ADX>=thresh;MACD_cross_up;RSI_overbought;Price>SMA20
2025-08-11T18:43:29.187893,ODFL,142.37,36.01,0.25,0.18,-3.63,-3.63,1,1,0,0,0,1,0,0,0,0,0,1,ADX>=thresh;MACD_cross_up;RSI_overbought;Price>SMA20
2025-08-11T18:43:29.908125,OMC,72.90,41.93,0.09,0.12,-1.54,-1.54,1,1,0,0,0,1,0,0,0,0,0,1,ADX>=thresh;MACD_cross_up;RSI_overbought;Price>SMA20
2025-08-11T18:43:32.707163,PCAR,97.10,40.15,0.08,0.08,-13.22,-13.22,1,1,0,0,0,1,0,0,0,0,0,1,ADX>=thresh;MACD_cross_up;RSI_overbought;Price>SMA20
2025-08-11T18:43:33.374225,PKG,196.48,41.73,0.18,0.09,16.72,16.72,1,1,0,0,0,1,0,0,0,0,0,1,ADX>=thresh;MACD_cross_up;RSI_overbought;Price>SMA20
2025-08-11T18:43:35.022406,PARA,0.00,23.11,0.04,inf,16.08,16.08,1,1,0,0,0,1,0,0,1,0,0,0,ADX>=thresh;MACD_cross_up;RSI_overbought;ATR>=pct
2025-08-11T18:43:36.245970,PAYX,139.12,20.35,0.11,0.08,-24.69,-24.69,1,1,0,0,0,1,0,0,0,0,0,1,ADX>=thresh;MACD_cross_up;RSI_overbought;Price>SMA20
2025-08-11T18:43:42.534558,POOL,306.02,33.31,0.37,0.12,-41.95,-41.95,1,1,0,0,0,1,0,0,0,0,0,1,ADX>=thresh;MACD_cross_up;RSI_overbought;Price>SMA20
2025-08-11T18:43:43.188708,PPG,106.52,43.34,0.14,0.13,-13.01,-13.01,1,1,0,0,0,1,0,0,0,0,0,1,ADX>=thresh;MACD_cross_up;RSI_overbought;Price>SMA20
2025-08-11T18:43:50.754268,DGX,178.19,21.55,0.14,0.08,-17.48,-17.48,1,1,0,0,1,1,0,0,0,0,0,1,ADX>=thresh;MACD_cross_up;BB_breakout;RSI_overbought;Price>SMA20
2025-08-11T18:43:51.455672,RL,288.46,37.36,0.38,0.13,16.04,16.04,1,1,0,0,0,1,0,0,0,0,0,1,ADX>=thresh;MACD_cross_up;RSI_overbought;Price>SMA20
2025-08-11T18:44:05.775113,SW,43.35,31.47,0.07,0.15,2.66,2.66,1,1,0,0,0,1,0,0,0,0,0,1,ADX>=thresh;MACD_cross_up;RSI_overbought;Price>SMA20
2025-08-11T18:44:10.061969,SWK,68.86,22.48,0.10,0.14,-1.79,-1.79,1,1,0,0,0,1,0,0,0,0,0,1,ADX>=thresh;MACD_cross_up;RSI_overbought;Price>SMA20
2025-08-11T18:44:11.832805,STLD,122.40,69.26,0.20,0.16,-5.22,-5.22,1,1,0,0,0,1,0,0,0,0,0,1,ADX>=thresh;MACD_cross_up;RSI_overbought;Price>SMA20
2025-08-11T18:44:21.473399,TSLA,342.89,26.39,0.93,0.27,16.90,16.90,1,1,0,0,1,0,0,0,0,0,0,1,ADX>=thresh;MACD_cross_up;BB_breakout;Price>SMA20
2025-08-11T18:45:09.244941,VRSK,265.68,29.86,0.29,0.11,-14.28,-14.28,1,1,0,0,1,1,0,0,0,0,0,1,ADX>=thresh;MACD_cross_up;BB_breakout;RSI_overbought;Price>SMA20
2025-08-11T18:45:23.433611,WDAY,214.31,35.41,0.57,0.27,1.32,1.32,1,1,0,0,0,1,0,0,0,0,0,1,ADX>=thresh;MACD_cross_up;RSI_overbought;Price>SMA20
2025-08-11T18:45:24.221289,WYNN,107.84,53.34,0.21,0.19,-15.77,-15.77,1,1,0,0,0,1,0,0,0,0,0,1,ADX>=thresh;MACD_cross_up;RSI_overbought;Price>SMA20
2025-08-11T18:45:25.911144,YUM,141.72,30.64,0.12,0.08,-10.36,-10.36,1,1,0,0,0,1,0,0,0,0,0,1,ADX>=thresh;MACD_cross_up;RSI_overbought;Price>SMA20
2025-08-11T18:45:27.399659,ZBH,99.94,34.97,0.14,0.14,-29.59,-29.59,1,1,0,0,0,1,0,0,0,0,0,1,ADX>=thresh;MACD_cross_up;RSI_overbought;Price>SMA20
2025-08-11T18:46:05.702672,BALL,53.76,37.55,0.06,0.10,-7.01,-7.01,1,1,0,0,0,1,0,0,0,0,0,1,ADX>=thresh;MACD_cross_up;RSI_overbought;Price>SMA20
2025-08-11T18:46:22.070649,CARR,64.89,26.95,0.09,0.14,3.67,3.67,1,1,0,0,0,1,0,0,0,0,0,1,ADX>=thresh;MACD_cross_up;RSI_overbought;Price>SMA20
2025-08-11T18:46:26.228046,CF,82.92,25.09,0.10,0.12,-20.06,-20.06,1,1,0,0,0,1,0,0,0,0,0,1,ADX>=thresh;MACD_cross_up;RSI_overbought;Price>SMA20
2025-08-11T18:46:26.878130,CRL,146.92,22.26,0.27,0.18,-25.15,-25.15,1,1,0,0,1,0,0,0,0,0,0,1,ADX>=thresh;MACD_cross_up;BB_breakout;Price>SMA20
2025-08-11T18:46:28.045568,CHTR,257.91,34.55,0.43,0.17,-4.13,-4.13,1,1,0,0,0,1,0,0,0,0,0,1,ADX>=thresh;MACD_cross_up;RSI_overbought;Price>SMA20
2025-08-11T18:46:30.607294,CI,276.96,44.25,0.34,0.12,-10.72,-10.72,1,1,0,0,0,1,0,0,0,0,0,1,ADX>=thresh;MACD_cross_up;RSI_overbought;Price>SMA20
2025-08-11T18:46:37.030225,CMCSA,31.27,46.80,0.05,0.15,-0.73,-0.73,1,1,0,0,0,1,0,0,0,0,0,1,ADX>=thresh;MACD_cross_up;RSI_overbought;Price>SMA20
2025-08-11T18:46:47.161431,DRI,201.69,26.15,0.14,0.07,6.74,6.74,1,1,0,0,0,1,0,0,0,0,0,1,ADX>=thresh;MACD_cross_up;RSI_overbought;Price>SMA20
2025-08-11T18:46:48.306526,DAY,50.09,61.30,0.09,0.18,3.60,3.60,1,1,0,0,1,1,0,0,0,0,0,1,ADX>=thresh;MACD_cross_up;BB_breakout;RSI_overbought;Price>SMA20
2025-08-11T18:46:55.923566,DOW,21.00,43.62,0.08,0.40,42.07,42.07,1,1,0,0,0,1,0,0,0,0,0,1,ADX>=thresh;MACD_cross_up;RSI_overbought;Price>SMA20
2025-08-11T18:46:58.475516,EMN,61.16,33.17,0.10,0.16,-4.00,-4.00,1,1,0,0,0,1,0,0,0,0,0,1,ADX>=thresh;MACD_cross_up;RSI_overbought;Price>SMA20
2025-08-11T18:47:05.885211,EFX,238.50,39.55,0.47,0.20,-15.63,-15.63,1,1,0,0,1,1,0,0,0,0,0,1,ADX>=thresh;MACD_cross_up;BB_breakout;RSI_overbought;Price>SMA20
2025-08-11T18:47:31.407452,GDDY,136.22,29.86,0.36,0.27,-3.39,-3.39,1,1,0,0,0,1,0,0,0,0,0,1,ADX>=thresh;MACD_cross_up;RSI_overbought;Price>SMA20
2025-08-11T18:47:39.533200,HST,15.38,37.98,0.03,0.17,13.87,13.87,1,1,0,0,0,1,0,0,0,0,0,1,ADX>=thresh;MACD_cross_up;RSI_overbought;Price>SMA20
2025-08-11T18:47:47.681710,IR,76.42,29.19,0.10,0.13,-3.48,-3.48,1,1,0,0,0,1,0,0,0,0,0,1,ADX>=thresh;MACD_cross_up;RSI_overbought;Price>SMA20
2025-08-11T18:47:51.636390,IPG,24.93,59.70,0.03,0.13,6.34,6.34,1,1,0,0,0,1,0,0,0,0,0,1,ADX>=thresh;MACD_cross_up;RSI_overbought;Price>SMA20
2025-08-11T18:47:56.919780,JKHY,158.90,33.36,0.21,0.13,0.10,0.10,1,1,0,0,1,1,0,0,0,0,0,1,ADX>=thresh;MACD_cross_up;BB_breakout;RSI_overbought;Price>SMA20
2025-08-11T18:48:09.687449,LVS,52.87,38.15,0.08,0.16,24.48,24.48,1,1,0,0,0,1,0,0,0,0,0,1,ADX>=thresh;MACD_cross_up;RSI_overbought;Price>SMA20
2025-08-11T18:48:13.028443,LYV,154.67,31.06,0.35,0.23,33.53,33.53,1,1,0,0,0,1,0,0,0,0,0,1,ADX>=thresh;MACD_cross_up;RSI_overbought;Price>SMA20
2025-08-11T18:48:16.213160,LYB,48.73,30.60,0.14,0.29,10.09,10.09,1,1,0,0,0,1,0,0,0,0,0,1,ADX>=thresh;MACD_cross_up;RSI_overbought;Price>SMA20
2025-08-11T18:48:26.542256,MGM,34.20,35.93,0.05,0.14,4.51,4.51,1,1,0,0,0,1,0,0,0,0,0,1,ADX>=thresh;MACD_cross_up;RSI_overbought;Price>SMA20
2025-08-11T18:48:33.101409,MNST,63.59,54.26,0.10,0.16,-23.06,-23.06,1,1,0,0,0,1,0,0,0,0,0,1,ADX>=thresh;MACD_cross_up;RSI_overbought;Price>SMA20
2025-08-11T18:48:47.025761,NVR,7821.75,37.42,7.37,0.09,-1.69,-1.69,1,1,0,0,0,1,0,1,0,0,0,1,ADX>=thresh;MACD_cross_up;RSI_overbought;ATR>=abs;Price>SMA20
2025-08-11T18:48:52.690257,PCAR,97.11,41.15,0.08,0.09,-8.50,-8.50,1,1,0,0,0,1,0,0,0,0,0,1,ADX>=thresh;MACD_cross_up;RSI_overbought;Price>SMA20
2025-08-11T18:48:54.979028,PARA,0.00,23.11,0.04,inf,16.08,16.08,1,1,0,0,0,1,0,0,1,0,0,0,ADX>=thresh;MACD_cross_up;RSI_overbought;ATR>=pct
2025-08-11T18:48:56.729293,PAYC,221.62,46.22,0.51,0.23,-4.14,-4.14,1,1,0,0,1,0,0,0,0,0,0,1,ADX>=thresh;MACD_cross_up;BB_breakout;Price>SMA20
2025-08-11T18:49:01.816372,POOL,306.20,35.10,0.41,0.14,-23.66,-23.66,1,1,0,0,0,1,0,0,0,0,0,1,ADX>=thresh;MACD_cross_up;RSI_overbought;Price>SMA20
2025-08-11T18:49:11.141925,RL,288.68,35.40,0.42,0.15,8.88,8.88,1,1,0,0,0,1,0,0,0,0,0,1,ADX>=thresh;MACD_cross_up;RSI_overbought;Price>SMA20
2025-08-11T18:49:15.740465,RSG,236.18,20.10,0.11,0.04,-13.19,-13.19,1,1,0,0,1,0,0,0,0,0,0,1,ADX>=thresh;MACD_cross_up;BB_breakout;Price>SMA20
2025-08-11T18:49:16.628146,RMD,284.76,40.78,0.27,0.10,11.56,11.56,1,1,0,0,1,0,0,0,0,0,0,1,ADX>=thresh;MACD_cross_up;BB_breakout;Price>SMA20
2025-08-11T18:49:34.461259,STLD,122.38,74.79,0.19,0.16,-7.59,-7.59,1,1,0,0,0,1,0,0,0,0,0,1,ADX>=thresh;MACD_cross_up;RSI_overbought;Price>SMA20
2025-08-11T18:49:44.376051,TSLA,343.18,23.52,0.96,0.28,18.78,18.78,1,1,0,0,1,0,0,0,0,0,0,1,ADX>=thresh;MACD_cross_up;BB_breakout;Price>SMA20
2025-08-11T18:49:48.024186,TKO,177.60,23.55,0.45,0.26,-13.62,-13.62,1,1,0,0,0,1,0,0,0,0,0,1,ADX>=thresh;MACD_cross_up;RSI_overbought;Price>SMA20
2025-08-11T18:50:02.623430,VRSK,266.08,32.95,0.29,0.11,-13.54,-13.54,1,1,0,0,1,1,0,0,0,0,0,1,ADX>=thresh;MACD_cross_up;BB_breakout;RSI_overbought;Price>SMA20
2025-08-11T18:50:03.586546,VZ,43.09,22.77,0.03,0.08,-20.83,-20.83,1,1,0,0,1,1,0,0,0,0,0,1,ADX>=thresh;MACD_cross_up;BB_breakout;RSI_overbought;Price>SMA20
2025-08-11T18:50:17.834662,WDAY,214.58,37.85,0.53,0.25,1.32,1.32,1,1,0,0,0,1,0,0,0,0,0,1,ADX>=thresh;MACD_cross_up;RSI_overbought;Price>SMA20
2025-08-11T18:50:18.545075,WYNN,107.94,52.15,0.20,0.19,-12.15,-12.15,1,1,0,0,0,1,0,0,0,0,0,1,ADX>=thresh;MACD_cross_up;RSI_overbought;Price>SMA20
2025-08-11T18:50:20.327402,YUM,141.71,29.92,0.12,0.08,-11.51,-11.51,1,1,0,0,0,1,0,0,0,0,0,1,ADX>=thresh;MACD_cross_up;RSI_overbought;Price>SMA20
2025-08-11T18:50:21.607945,ZBH,99.97,36.01,0.14,0.14,-29.20,-29.20,1,1,0,0,0,1,0,0,0,0,0,1,ADX>=thresh;MACD_cross_up;RSI_overbought;Price>SMA20
2025-08-11T18:50:28.298097,AOS,70.21,29.98,0.06,0.09,-7.35,-7.35,1,1,0,0,1,1,0,0,0,0,0,1,ADX>=thresh;MACD_cross_up;BB_breakout;RSI_overbought;Price>SMA20
2025-08-11T18:50:29.842347,ACN,238.13,26.78,0.26,0.11,-9.56,-9.56,1,1,0,0,0,1,0,0,0,0,0,1,ADX>=thresh;MACD_cross_up;RSI_overbought;Price>SMA20
2025-08-11T18:50:32.939255,APD,282.82,40.35,0.56,0.20,22.02,22.02,1,1,0,0,0,1,0,0,0,0,0,1,ADX>=thresh;MACD_cross_up;RSI_overbought;Price>SMA20
2025-08-11T18:50:33.721790,ABNB,119.11,41.49,0.20,0.17,0.62,0.62,1,1,0,0,0,1,0,0,0,0,0,1,ADX>=thresh;MACD_cross_up;RSI_overbought;Price>SMA20
2025-08-11T18:51:02.307386,BAX,23.60,33.06,0.05,0.21,2.04,2.04,1,1,0,0,1,1,0,0,0,0,0,1,ADX>=thresh;MACD_cross_up;BB_breakout;RSI_overbought;Price>SMA20
2025-08-11T18:51:18.541503,CARR,64.89,25.83,0.09,0.13,4.88,4.88,1,1,0,0,0,1,0,0,0,0,0,1,ADX>=thresh;MACD_cross_up;RSI_overbought;Price>SMA20
2025-08-11T18:51:19.665437,CAT,408.77,23.73,0.48,0.12,-9.00,-9.00,1,1,0,0,0,1,0,0,0,0,0,1,ADX>=thresh;MACD_cross_up;RSI_overbought;Price>SMA20
2025-08-11T18:51:25.608978,CHTR,258.15,34.61,0.45,0.17,1.20,1.20,1,1,0,0,1,1,0,0,0,0,0,1,ADX>=thresh;MACD_cross_up;BB_breakout;RSI_overbought;Price>SMA20
2025-08-11T18:51:28.667372,CI,276.88,48.80,0.33,0.12,-16.75,-16.75,1,1,0,0,0,1,0,0,0,0,0,1,ADX>=thresh;MACD_cross_up;RSI_overbought;Price>SMA20
2025-08-11T18:51:34.087584,KO,70.75,65.73,0.06,0.09,-5.47,-5.47,1,1,0,0,0,1,0,0,0,0,0,1,ADX>=thresh;MACD_cross_up;RSI_overbought;Price>SMA20
2025-08-11T18:51:36.857835,CMCSA,31.31,46.79,0.05,0.16,7.00,7.00,1,1,0,0,0,1,0,0,0,0,0,1,ADX>=thresh;MACD_cross_up;RSI_overbought;Price>SMA20
2025-08-11T18:51:42.819621,CPAY,304.81,39.63,0.41,0.14,8.13,8.13,1,1,0,0,0,1,0,0,0,0,0,1,ADX>=thresh;MACD_cross_up;RSI_overbought;Price>SMA20
2025-08-11T18:51:51.684126,DRI,201.75,28.68,0.14,0.07,-2.02,-2.02,1,1,0,0,0,1,0,0,0,0,0,1,ADX>=thresh;MACD_cross_up;RSI_overbought;Price>SMA20
2025-08-11T18:51:53.206349,DAY,50.16,59.88,0.09,0.19,5.42,5.42,1,1,0,0,1,1,0,0,0,0,0,1,ADX>=thresh;MACD_cross_up;BB_breakout;RSI_overbought;Price>SMA20
2025-08-11T18:51:59.842192,DPZ,437.11,33.49,0.56,0.13,29.39,29.39,1,1,0,0,0,1,0,0,0,0,0,1,ADX>=thresh;MACD_cross_up;RSI_overbought;Price>SMA20
2025-08-11T18:52:12.153210,EFX,239.14,44.78,0.50,0.21,8.00,8.00,1,1,0,0,1,1,0,0,0,0,0,1,ADX>=thresh;MACD_cross_up;BB_breakout;RSI_overbought;Price>SMA20
2025-08-11T18:52:19.378224,EXPD,116.59,34.45,0.12,0.10,-7.72,-7.72,1,1,0,0,0,1,0,0,0,0,0,1,ADX>=thresh;MACD_cross_up;RSI_overbought;Price>SMA20
2025-08-11T18:52:46.375126,HST,15.38,39.74,0.02,0.16,8.47,8.47,1,1,0,0,0,1,0,0,0,0,0,1,ADX>=thresh;MACD_cross_up;RSI_overbought;Price>SMA20
2025-08-11T18:52:50.228837,IBM,236.26,74.46,0.50,0.21,18.59,18.59,1,1,0,0,1,0,0,0,0,0,0,1,ADX>=thresh;MACD_cross_up;BB_breakout;Price>SMA20
2025-08-11T18:52:53.229502,IR,76.42,29.76,0.10,0.13,2.01,2.01,1,1,0,0,0,1,0,0,0,0,0,1,ADX>=thresh;MACD_cross_up;RSI_overbought;Price>SMA20
2025-08-11T18:53:01.918611,JKHY,158.99,35.49,0.20,0.12,-4.23,-4.23,1,1,0,0,1,1,0,0,0,0,0,1,ADX>=thresh;MACD_cross_up;BB_breakout;RSI_overbought;Price>SMA20
2025-08-11T18:53:15.584259,LVS,52.91,38.03,0.09,0.17,27.88,27.88,1,1,0,0,0,1,0,0,0,0,0,1,ADX>=thresh;MACD_cross_up;RSI_overbought;Price>SMA20
2025-08-11T18:53:17.239355,LII,579.23,25.72,0.78,0.14,-18.76,-18.76,1,1,0,0,0,1,0,0,0,0,0,1,ADX>=thresh;MACD_cross_up;RSI_overbought;Price>SMA20
2025-08-11T18:53:18.501087,LIN,468.79,36.73,0.31,0.07,-2.61,-2.61,1,1,0,0,1,1,0,0,0,0,0,1,ADX>=thresh;MACD_cross_up;BB_breakout;RSI_overbought;Price>SMA20
2025-08-11T18:53:19.187030,LYV,154.71,32.44,0.34,0.22,19.35,19.35,1,1,0,0,0,1,0,0,0,0,0,1,ADX>=thresh;MACD_cross_up;RSI_overbought;Price>SMA20
2025-08-11T18:53:26.439881,MAS,68.77,23.50,0.08,0.12,17.01,17.01,1,1,0,0,0,1,0,0,0,0,0,1,ADX>=thresh;MACD_cross_up;RSI_overbought;Price>SMA20
2025-08-11T18:53:29.997540,MDT,92.78,28.20,0.08,0.09,-13.33,-13.33,1,1,0,0,0,1,0,0,0,0,0,1,ADX>=thresh;MACD_cross_up;RSI_overbought;Price>SMA20
2025-08-11T18:53:32.921026,MGM,34.18,35.12,0.05,0.13,7.58,7.58,1,1,0,0,0,1,0,0,0,0,0,1,ADX>=thresh;MACD_cross_up;RSI_overbought;Price>SMA20
2025-08-11T18:53:38.580302,MHK,119.26,32.05,0.15,0.13,-2.90,-2.90,1,1,0,0,0,1,0,0,0,0,0,1,ADX>=thresh;MACD_cross_up;RSI_overbought;Price>SMA20
2025-08-11T18:53:40.294220,MDLZ,61.83,60.78,0.11,0.18,-14.21,-14.21,1,1,0,0,1,1,0,0,0,0,0,1,ADX>=thresh;MACD_cross_up;BB_breakout;RSI_overbought;Price>SMA20
2025-08-11T18:53:43.269750,MNST,63.80,56.42,0.11,0.18,-4.84,-4.84,1,1,0,0,1,1,0,0,0,0,0,1,ADX>=thresh;MACD_cross_up;BB_breakout;RSI_overbought;Price>SMA20
2025-08-11T18:53:49.801462,NWSA,28.30,38.98,0.04,0.13,-4.00,-4.00,1,1,0,0,1,0,0,0,0,0,0,1,ADX>=thresh;MACD_cross_up;BB_breakout;Price>SMA20
2025-08-11T18:54:02.173620,OKE,73.97,34.39,0.12,0.16,-10.12,-10.12,1,1,0,0,1,0,0,0,0,0,0,1,ADX>=thresh;MACD_cross_up;BB_breakout;Price>SMA20
2025-08-11T18:54:06.033875,PARA,0.00,23.11,0.04,inf,16.08,16.08,1,1,0,0,0,1,0,0,1,0,0,0,ADX>=thresh;MACD_cross_up;RSI_overbought;ATR>=pct
2025-08-11T18:54:07.233999,PAYX,139.17,20.72,0.11,0.08,-9.57,-9.57,1,1,0,0,0,1,0,0,0,0,0,1,ADX>=thresh;MACD_cross_up;RSI_overbought;Price>SMA20
2025-08-11T18:54:08.011477,PAYC,221.88,44.42,0.48,0.22,-7.18,-7.18,1,1,0,0,1,1,0,0,0,0,0,1,ADX>=thresh;MACD_cross_up;BB_breakout;RSI_overbought;Price>SMA20
2025-08-11T18:54:15.403144,POOL,306.55,37.18,0.42,0.14,-29.80,-29.80,1,1,0,0,0,1,0,0,0,0,0,1,ADX>=thresh;MACD_cross_up;RSI_overbought;Price>SMA20
2025-08-11T18:54:16.206078,PPG,106.52,39.60,0.13,0.12,-8.56,-8.56,1,1,0,0,0,1,0,0,0,0,0,1,ADX>=thresh;MACD_cross_up;RSI_overbought;Price>SMA20
2025-08-11T18:54:28.858883,RSG,236.31,22.61,0.12,0.05,0.33,0.33,1,1,0,0,1,1,0,0,0,0,0,1,ADX>=thresh;MACD_cross_up;BB_breakout;RSI_overbought;Price>SMA20
2025-08-11T18:54:35.581713,SLB,32.37,30.05,0.05,0.17,-0.97,-0.97,1,1,0,0,1,1,0,0,0,0,0,1,ADX>=thresh;MACD_cross_up;BB_breakout;RSI_overbought;Price>SMA20
2025-08-11T18:54:38.120229,SHW,354.46,41.99,0.44,0.12,-7.07,-7.07,1,1,0,0,0,1,0,0,0,0,0,1,ADX>=thresh;MACD_cross_up;RSI_overbought;Price>SMA20
2025-08-11T18:54:40.562521,SW,43.33,27.87,0.07,0.15,3.85,3.85,1,1,0,0,0,1,0,0,0,0,0,1,ADX>=thresh;MACD_cross_up;RSI_overbought;Price>SMA20
2025-08-11T18:54:43.674729,SWK,68.86,23.49,0.10,0.14,-4.95,-4.95,1,1,0,0,0,1,0,0,0,0,0,1,ADX>=thresh;MACD_cross_up;RSI_overbought;Price>SMA20
2025-08-11T18:54:45.825467,STLD,122.45,78.00,0.17,0.14,-8.27,-8.27,1,1,0,0,0,1,0,0,0,0,0,1,ADX>=thresh;MACD_cross_up;RSI_overbought;Price>SMA20
2025-08-11T18:54:49.484624,SYY,79.60,21.34,0.09,0.11,-15.46,-15.46,1,1,0,0,0,1,0,0,0,0,0,1,ADX>=thresh;MACD_cross_up;RSI_overbought;Price>SMA20
2025-08-11T18:54:50.177273,TMUS,248.01,45.40,0.23,0.09,-21.62,-21.62,1,1,0,0,1,1,0,0,0,0,0,1,ADX>=thresh;MACD_cross_up;BB_breakout;RSI_overbought;Price>SMA20
2025-08-11T18:54:55.908846,TSLA,343.61,20.26,0.94,0.27,20.54,20.54,1,1,0,0,1,1,0,0,0,0,0,1,ADX>=thresh;MACD_cross_up;BB_breakout;RSI_overbought;Price>SMA20
2025-08-11T18:54:59.473955,TKO,178.10,29.05,0.47,0.27,-13.52,-13.52,1,1,0,0,1,1,0,0,0,0,0,1,ADX>=thresh;MACD_cross_up;BB_breakout;RSI_overbought;Price>SMA20
2025-08-11T18:55:14.047260,VRSK,266.16,33.05,0.30,0.11,-5.76,-5.76,1,1,0,0,1,1,0,0,0,0,0,1,ADX>=thresh;MACD_cross_up;BB_breakout;RSI_overbought;Price>SMA20
2025-08-11T18:55:14.936948,VZ,43.15,20.46,0.03,0.07,-7.59,-7.59,1,1,0,0,1,1,0,0,0,0,0,1,ADX>=thresh;MACD_cross_up;BB_breakout;RSI_overbought;Price>SMA20
2025-08-11T18:55:23.749361,WBD,10.82,26.36,0.02,0.15,-6.35,-6.35,1,1,0,0,0,1,0,0,0,0,0,1,ADX>=thresh;MACD_cross_up;RSI_overbought;Price>SMA20
2025-08-11T18:55:30.742849,WYNN,107.80,50.92,0.20,0.19,-9.74,-9.74,1,1,0,0,0,1,0,0,0,0,0,1,ADX>=thresh;MACD_cross_up;RSI_overbought;Price>SMA20
2025-08-11T18:55:40.475245,AOS,70.20,35.23,0.05,0.07,-10.52,-10.52,1,1,0,0,0,1,0,0,0,0,0,1,ADX>=thresh;MACD_cross_up;RSI_overbought;Price>SMA20
2025-08-11T18:55:45.613178,APD,282.93,33.97,0.56,0.20,-16.42,-16.42,1,1,0,0,0,1,0,0,0,0,0,1,ADX>=thresh;MACD_cross_up;RSI_overbought;Price>SMA20
2025-08-11T18:55:49.866199,ALLE,163.86,20.11,0.11,0.07,-22.71,-22.71,1,1,0,0,0,1,0,0,0,0,0,1,ADX>=thresh;MACD_cross_up;RSI_overbought;Price>SMA20
2025-08-11T18:56:10.949200,BKR,42.48,35.74,0.06,0.14,-19.85,-19.85,1,1,0,0,1,0,0,0,0,0,0,1,ADX>=thresh;MACD_cross_up;BB_breakout;Price>SMA20
2025-08-11T18:56:12.820947,BAX,23.60,34.33,0.04,0.19,-5.60,-5.60,1,1,0,0,0,1,0,0,0,0,0,1,ADX>=thresh;MACD_cross_up;RSI_overbought;Price>SMA20
2025-08-11T18:56:22.721898,BLDR,128.20,20.66,0.29,0.23,-14.58,-14.58,1,1,0,0,0,1,0,0,0,0,0,1,ADX>=thresh;MACD_cross_up;RSI_overbought;Price>SMA20
2025-08-11T18:56:29.826812,CAT,409.03,23.57,0.47,0.11,-2.98,-2.98,1,1,0,0,0,1,0,0,0,0,0,1,ADX>=thresh;MACD_cross_up;RSI_overbought;Price>SMA20
2025-08-11T18:56:31.994998,CDW,161.09,31.07,0.23,0.14,-2.48,-2.48,1,1,0,0,0,1,0,0,0,0,0,1,ADX>=thresh;MACD_cross_up;RSI_overbought;Price>SMA20
2025-08-11T18:56:36.059686,CHTR,258.71,43.64,0.45,0.17,20.40,20.40,1,1,0,0,0,1,0,0,0,0,0,1,ADX>=thresh;MACD_cross_up;RSI_overbought;Price>SMA20
2025-08-11T18:56:45.931030,CMCSA,31.33,48.73,0.05,0.16,12.26,12.26,1,1,0,0,0,1,0,0,0,0,0,1,ADX>=thresh;MACD_cross_up;RSI_overbought;Price>SMA20
2025-08-11T18:56:50.679582,CPAY,304.73,42.44,0.38,0.13,5.10,5.10,1,1,0,0,0,1,0,0,0,0,0,1,ADX>=thresh;MACD_cross_up;RSI_overbought;Price>SMA20
2025-08-11T18:56:57.554521,DAY,50.24,58.77,0.09,0.18,13.22,13.22,1,1,0,0,1,1,0,0,0,0,0,1,ADX>=thresh;MACD_cross_up;BB_breakout;RSI_overbought;Price>SMA20
2025-08-11T18:57:03.962452,DPZ,437.07,37.98,0.54,0.12,15.56,15.56,1,1,0,0,0,1,0,0,0,0,0,1,ADX>=thresh;MACD_cross_up;RSI_overbought;Price>SMA20
2025-08-11T18:57:11.790180,EA,175.47,49.71,0.24,0.14,-8.08,-8.08,1,1,0,0,1,1,0,0,0,0,0,1,ADX>=thresh;MACD_cross_up;BB_breakout;RSI_overbought;Price>SMA20
2025-08-11T18:57:16.456146,EFX,239.50,49.49,0.54,0.22,14.30,14.30,1,1,0,0,1,1,0,0,0,0,0,1,ADX>=thresh;MACD_cross_up;BB_breakout;RSI_overbought;Price>SMA20
2025-08-11T18:57:23.211058,EXPD,116.64,38.87,0.11,0.10,-20.02,-20.02,1,1,0,0,0,1,0,0,0,0,0,1,ADX>=thresh;MACD_cross_up;RSI_overbought;Price>SMA20
2025-08-11T18:57:44.773753,HAS,77.70,25.73,0.09,0.12,-15.36,-15.36,1,1,0,0,1,0,0,0,0,0,0,1,ADX>=thresh;MACD_cross_up;BB_breakout;Price>SMA20
2025-08-11T18:57:50.580945,HRL,28.57,45.48,0.02,0.09,-14.00,-14.00,1,1,0,0,0,1,0,0,0,0,0,1,ADX>=thresh;MACD_cross_up;RSI_overbought;Price>SMA20
2025-08-11T18:57:58.125629,IR,76.44,31.63,0.08,0.11,-3.82,-3.82,1,1,0,0,0,1,0,0,0,0,0,1,ADX>=thresh;MACD_cross_up;RSI_overbought;Price>SMA20
2025-08-11T18:57:58.697852,PODD,307.02,35.29,0.35,0.11,-30.83,-30.83,1,1,0,0,1,0,0,0,0,0,0,1,ADX>=thresh;MACD_cross_up;BB_breakout;Price>SMA20
2025-08-11T18:58:01.395813,IP,47.08,44.11,0.07,0.14,-3.56,-3.56,1,1,0,0,0,1,0,0,0,0,0,1,ADX>=thresh;MACD_cross_up;RSI_overbought;Price>SMA20
2025-08-11T18:58:06.642733,JKHY,159.25,39.63,0.21,0.13,3.61,3.61,1,1,0,0,1,1,0,0,0,0,0,1,ADX>=thresh;MACD_cross_up;BB_breakout;RSI_overbought;Price>SMA20
2025-08-11T18:58:09.206505,K,80.15,41.23,0.02,0.02,-16.32,-16.32,1,1,0,0,0,1,0,0,0,0,0,1,ADX>=thresh;MACD_cross_up;RSI_overbought;Price>SMA20
2025-08-11T18:58:14.911767,KHC,27.27,34.77,0.03,0.12,-13.05,-13.05,1,1,0,0,0,1,0,0,0,0,0,1,ADX>=thresh;MACD_cross_up;RSI_overbought;Price>SMA20
2025-08-11T18:58:18.122907,LVS,52.84,38.69,0.09,0.16,30.63,30.63,1,1,0,0,0,1,0,0,0,0,0,1,ADX>=thresh;MACD_cross_up;RSI_overbought;Price>SMA20
2025-08-11T18:58:20.905060,LIN,469.07,40.37,0.32,0.07,-20.64,-20.64,1,1,0,0,1,1,0,0,0,0,0,1,ADX>=thresh;MACD_cross_up;BB_breakout;RSI_overbought;Price>SMA20
2025-08-11T18:58:21.495141,LYV,154.66,34.35,0.33,0.22,11.52,11.52,1,1,0,0,0,1,0,0,0,0,0,1,ADX>=thresh;MACD_cross_up;RSI_overbought;Price>SMA20
2025-08-11T18:58:27.417103,MAS,68.78,26.31,0.07,0.10,-4.79,-4.79,1,1,0,0,0,1,0,0,0,0,0,1,ADX>=thresh;MACD_cross_up;RSI_overbought;Price>SMA20
2025-08-11T18:58:36.568884,MGM,34.19,34.98,0.05,0.13,-5.68,-5.68,1,1,0,0,0,1,0,0,0,0,0,1,ADX>=thresh;MACD_cross_up;RSI_overbought;Price>SMA20
2025-08-11T18:58:41.065206,MDLZ,61.85,64.57,0.10,0.16,-14.10,-14.10,1,1,0,0,0,1,0,0,0,0,0,1,ADX>=thresh;MACD_cross_up;RSI_overbought;Price>SMA20
2025-08-11T18:58:42.835417,MNST,63.75,60.17,0.11,0.17,-7.19,-7.19,1,1,0,0,0,1,0,0,0,0,0,1,ADX>=thresh;MACD_cross_up;RSI_overbought;Price>SMA20
2025-08-11T18:58:46.785746,NTAP,106.28,44.08,0.17,0.16,4.49,4.49,1,1,0,0,1,0,0,0,0,0,0,1,ADX>=thresh;MACD_cross_up;BB_breakout;Price>SMA20
2025-08-11T18:58:48.818507,NWSA,28.29,36.76,0.03,0.12,-2.70,-2.70,1,1,0,0,1,0,0,0,0,0,0,1,ADX>=thresh;MACD_cross_up;BB_breakout;Price>SMA20
2025-08-11T18:58:50.394704,NKE,74.06,40.59,0.10,0.14,12.83,12.83,1,1,0,0,1,1,0,0,0,0,0,1,ADX>=thresh;MACD_cross_up;BB_breakout;RSI_overbought;Price>SMA20
2025-08-11T18:58:51.335636,NDSN,210.79,27.01,0.22,0.11,7.17,7.17,1,1,0,0,0,1,0,0,0,0,0,1,ADX>=thresh;MACD_cross_up;RSI_overbought;Price>SMA20
2025-08-11T18:59:01.983751,OKE,73.98,33.14,0.10,0.14,-9.94,-9.94,1,1,0,0,1,0,0,0,0,0,0,1,ADX>=thresh;MACD_cross_up;BB_breakout;Price>SMA20
2025-08-11T18:59:03.601673,PCAR,97.19,45.43,0.08,0.08,4.83,4.83,1,1,0,0,0,1,0,0,0,0,0,1,ADX>=thresh;MACD_cross_up;RSI_overbought;Price>SMA20
2025-08-11T18:59:04.304361,PKG,196.42,41.97,0.20,0.10,48.71,48.71,1,1,0,0,0,1,0,0,0,0,0,1,ADX>=thresh;MACD_cross_up;RSI_overbought;Price>SMA20
2025-08-11T18:59:05.924433,PARA,0.00,23.11,0.04,inf,16.08,16.08,1,1,0,0,0,1,0,0,1,0,0,0,ADX>=thresh;MACD_cross_up;RSI_overbought;ATR>=pct
2025-08-11T18:59:07.277300,PAYX,139.29,23.65,0.10,0.07,-6.84,-6.84,1,1,0,0,1,1,0,0,0,0,0,1,ADX>=thresh;MACD_cross_up;BB_breakout;RSI_overbought;Price>SMA20
2025-08-11T18:59:07.919029,PAYC,222.30,42.64,0.49,0.22,-4.15,-4.15,1,1,0,0,1,1,0,0,0,0,0,1,ADX>=thresh;MACD_cross_up;BB_breakout;RSI_overbought;Price>SMA20
2025-08-11T18:59:13.230480,POOL,306.40,40.50,0.38,0.13,-29.35,-29.35,1,1,0,0,0,1,0,0,0,0,0,1,ADX>=thresh;MACD_cross_up;RSI_overbought;Price>SMA20
2025-08-11T18:59:13.912477,PPG,106.57,39.10,0.13,0.12,-16.64,-16.64,1,1,0,0,0,1,0,0,0,0,0,1,ADX>=thresh;MACD_cross_up;RSI_overbought;Price>SMA20
2025-08-11T18:59:24.183369,DGX,178.23,27.70,0.13,0.07,-29.90,-29.90,1,1,0,0,0,1,0,0,0,0,0,1,ADX>=thresh;MACD_cross_up;RSI_overbought;Price>SMA20
2025-08-11T18:59:24.851484,RL,288.78,33.38,0.42,0.14,7.56,7.56,1,1,0,0,0,1,0,0,0,0,0,1,ADX>=thresh;MACD_cross_up;RSI_overbought;Price>SMA20
2025-08-11T18:59:29.129230,RSG,236.35,23.80,0.12,0.05,15.95,15.95,1,1,0,0,1,1,0,0,0,0,0,1,ADX>=thresh;MACD_cross_up;BB_breakout;RSI_overbought;Price>SMA20
2025-08-11T18:59:29.853468,RMD,284.96,33.91,0.27,0.09,0.00,0.00,1,1,0,0,1,0,0,0,0,0,0,1,ADX>=thresh;MACD_cross_up;BB_breakout;Price>SMA20
2025-08-11T18:59:36.119024,SLB,32.41,31.38,0.05,0.17,0.08,0.08,1,1,0,0,1,1,0,0,0,0,0,1,ADX>=thresh;MACD_cross_up;BB_breakout;RSI_overbought;Price>SMA20
2025-08-11T18:59:38.708250,SHW,354.63,42.36,0.42,0.12,-10.50,-10.50,1,1,0,0,0,1,0,0,0,0,0,1,ADX>=thresh;MACD_cross_up;RSI_overbought;Price>SMA20
2025-08-11T18:59:40.596900,SJM,111.21,42.59,0.12,0.11,-1.12,-1.12,1,1,0,0,1,1,0,0,0,0,0,1,ADX>=thresh;MACD_cross_up;BB_breakout;RSI_overbought;Price>SMA20
2025-08-11T18:59:41.549365,SW,43.33,28.74,0.06,0.14,-24.41,-24.41,1,1,0,0,0,1,0,0,0,0,0,1,ADX>=thresh;MACD_cross_up;RSI_overbought;Price>SMA20
2025-08-11T18:59:42.185219,SNA,321.82,20.89,0.18,0.06,-8.53,-8.53,1,1,0,0,1,1,0,0,0,0,0,1,ADX>=thresh;MACD_cross_up;BB_breakout;RSI_overbought;Price>SMA20
