timestamp,symbol,price,ADX,ATR_val,ATR_pct,SuperTracker_osc,SuperTracker_sig,signals
2025-08-06T13:30:01.708977,AOS,70.53,47.68,0.08,0.12,17.69,17.69,ADX ≥ 20.0;MACD 🚀;BB breakout;RSI 📈;Price > SMA20
2025-08-06T13:30:02.341464,ABT,130.69,30.69,0.16,0.12,6.19,6.19,ADX ≥ 20.0;MACD 🚀;BB breakout;RSI 📈;Price > SMA20
2025-08-06T13:30:03.012082,ABBV,198.05,38.78,0.33,0.17,20.72,20.72,ADX ≥ 20.0;MACD 🚀;RSI 📈;Price > SMA20
2025-08-06T13:30:03.644433,ACN,247.55,63.76,0.63,0.26,27.77,27.77,ADX ≥ 20.0;MACD 🚀;Price > SMA20
2025-08-06T13:30:04.415991,ADBE,342.00,31.23,0.72,0.21,42.02,42.02,ADX ≥ 20.0;MACD 🚀;BB breakout;RSI 📈;Price > SMA20
2025-08-06T13:30:06.670028,A,114.94,20.35,0.16,0.14,15.76,15.76,ADX ≥ 20.0;MACD 🚀;Price > SMA20
2025-08-06T13:30:08.279718,AKAM,74.06,47.51,0.14,0.19,39.74,39.74,ADX ≥ 20.0;MACD 🚀;BB breakout;RSI 📈;Price > SMA20
2025-08-06T13:30:09.129856,ALB,68.54,42.30,0.19,0.27,23.86,23.86,ADX ≥ 20.0;MACD 🚀;RSI 📈;Price > SMA20
2025-08-06T13:30:11.661961,LNT,66.18,28.12,0.09,0.13,18.64,18.64,ADX ≥ 20.0;MACD 🚀;BB breakout;Price > SMA20
2025-08-06T13:30:13.059159,GOOGL,194.91,47.32,0.30,0.15,3.05,3.05,ADX ≥ 20.0;MACD 🚀;BB breakout;Price > SMA20
2025-08-06T13:30:13.979704,GOOG,195.60,50.83,0.28,0.14,-4.89,-4.89,ADX ≥ 20.0;MACD 🚀;BB breakout;Price > SMA20
2025-08-06T13:30:15.355823,MO,62.94,34.75,0.10,0.16,39.44,39.44,ADX ≥ 20.0;MACD 🚀;BB breakout;RSI 📈;Price > SMA20
2025-08-06T13:30:16.128154,AMZN,214.21,36.29,0.31,0.14,16.41,16.41,ADX ≥ 20.0;MACD 🚀;BB breakout;Price > SMA20
2025-08-06T13:30:16.867523,AMCR,9.38,25.70,0.01,0.16,22.53,22.53,ADX ≥ 20.0;MACD 🚀;Price > SMA20
2025-08-06T13:30:18.571620,AEP,113.44,30.83,0.21,0.19,36.76,36.76,ADX ≥ 20.0;MACD 🚀;Price > SMA20
2025-08-06T13:30:21.084644,AIG,78.78,39.86,0.11,0.14,76.76,76.76,ADX ≥ 20.0;MACD 🚀;RSI 📈;Price > SMA20
2025-08-06T13:30:21.963963,AMT,210.97,30.92,0.38,0.18,34.69,34.69,ADX ≥ 20.0;MACD 🚀;Price > SMA20
2025-08-06T13:30:22.696327,AWK,141.71,33.98,0.24,0.17,-5.82,-5.82,ADX ≥ 20.0;MACD 🚀;RSI 📈;Price > SMA20
2025-08-06T13:30:24.307519,AME,185.43,33.68,0.23,0.13,36.58,36.58,ADX ≥ 20.0;MACD 🚀;BB breakout;Price > SMA20
2025-08-06T13:30:27.391734,AON,363.33,31.44,0.43,0.12,48.45,48.45,ADX ≥ 20.0;MACD 🚀;BB breakout;RSI 📈;Price > SMA20
2025-08-06T13:30:28.427824,APA,18.82,76.62,0.06,0.34,41.26,41.26,ADX ≥ 20.0;MACD 🚀;BB breakout;RSI 📈;Price > SMA20
2025-08-06T13:30:30.085016,AAPL,206.29,67.68,0.48,0.23,80.11,80.11,ADX ≥ 20.0;MACD 🚀;BB breakout;RSI 📈;Gap % ≥ 1.5;Price > SMA20
2025-08-06T13:30:32.994682,ADM,58.23,46.79,0.20,0.34,18.84,18.84,ADX ≥ 20.0;MACD 🚀;BB breakout;RSI 📈;Price > SMA20
2025-08-06T13:30:33.797224,ANET,134.80,33.89,1.47,1.09,151.13,151.13,ADX ≥ 20.0;MACD 🚀;BB breakout;RSI 📈;ATR % ≥ 0.5%;Gap % ≥ 1.5;Price > SMA20
2025-08-06T13:30:37.649264,T,27.93,36.37,0.04,0.14,39.94,39.94,ADX ≥ 20.0;MACD 🚀;BB breakout;RSI 📈;Price > SMA20
2025-08-06T13:30:39.087049,ADSK,301.07,22.25,0.45,0.15,40.34,40.34,ADX ≥ 20.0;MACD 🚀;BB breakout;RSI 📈;Price > SMA20
2025-08-06T13:30:40.667839,AZO,4023.05,26.87,6.51,0.16,19.21,19.21,ADX ≥ 20.0;MACD 🚀;BB breakout;ATR14 ≥ 2.0;Price > SMA20
2025-08-06T13:30:42.221708,AVY,168.07,22.12,0.18,0.11,5.77,5.77,ADX ≥ 20.0;MACD 🚀;Price > SMA20
2025-08-06T13:30:44.047030,BKR,44.09,29.02,0.08,0.18,36.64,36.64,ADX ≥ 20.0;MACD 🚀;BB breakout;RSI 📈;Price > SMA20
2025-08-06T13:30:46.919756,BDX,177.39,27.95,0.31,0.17,24.58,24.58,ADX ≥ 20.0;MACD 🚀;BB breakout;RSI 📈;Price > SMA20
2025-08-06T13:30:48.048155,BBY,67.62,28.20,0.14,0.21,63.85,63.85,ADX ≥ 20.0;MACD 🚀;BB breakout;RSI 📈;Price > SMA20
2025-08-06T13:30:50.789970,BX,168.04,24.94,0.25,0.15,10.12,10.12,ADX ≥ 20.0;MACD 🚀;Price > SMA20
2025-08-06T13:30:53.736943,BSX,105.25,27.63,0.13,0.12,51.14,51.14,ADX ≥ 20.0;MACD 🚀;BB breakout;RSI 📈;Price > SMA20
2025-08-06T13:30:54.653151,BMY,45.77,35.06,0.08,0.17,13.94,13.94,ADX ≥ 20.0;MACD 🚀;RSI 📈;Price > SMA20
2025-08-06T13:30:57.988281,BG,83.22,50.50,0.22,0.26,53.07,53.07,ADX ≥ 20.0;MACD 🚀;BB breakout;RSI 📈;Price > SMA20
2025-08-06T13:30:59.994951,CDNS,360.26,44.96,0.45,0.12,-5.33,-5.33,ADX ≥ 20.0;MACD 🚀;Price > SMA20
2025-08-06T13:31:01.276294,CPT,107.84,39.24,0.18,0.16,15.32,15.32,ADX ≥ 20.0;MACD 🚀;BB breakout;RSI 📈;Price > SMA20
2025-08-06T13:31:02.123407,CPB,32.70,25.48,0.06,0.18,20.36,20.36,ADX ≥ 20.0;MACD 🚀;Price > SMA20
2025-08-06T13:31:04.222972,KMX,56.90,35.32,0.17,0.30,68.96,68.96,ADX ≥ 20.0;MACD 🚀;BB breakout;RSI 📈;Gap % ≥ 1.5;Price > SMA20
2025-08-06T13:31:05.219922,CCL,29.27,35.89,0.06,0.19,29.55,29.55,ADX ≥ 20.0;MACD 🚀;Price > SMA20
2025-08-06T13:31:06.132753,CARR,66.41,27.53,0.10,0.16,45.17,45.17,ADX ≥ 20.0;MACD 🚀;RSI 📈;Price > SMA20
2025-08-06T13:31:08.487448,CDW,167.22,37.17,0.60,0.36,45.99,45.99,ADX ≥ 20.0;MACD 🚀;BB breakout;RSI 📈;Gap % ≥ 1.5;Price > SMA20
2025-08-06T13:31:10.793596,CNP,39.04,29.81,0.07,0.19,42.31,42.31,ADX ≥ 20.0;MACD 🚀;RSI 📈;Price > SMA20
2025-08-06T13:31:14.042349,CVX,154.21,50.34,0.29,0.19,58.00,58.00,ADX ≥ 20.0;MACD 🚀;BB breakout;RSI 📈;Price > SMA20
2025-08-06T13:31:18.341720,CSCO,68.08,62.90,0.10,0.15,57.88,57.88,ADX ≥ 20.0;MACD 🚀;BB breakout;RSI 📈;Price > SMA20
2025-08-06T13:31:19.174857,C,91.92,27.80,0.14,0.15,29.11,29.11,ADX ≥ 20.0;MACD 🚀;BB breakout;RSI 📈;Price > SMA20
2025-08-06T13:31:20.038985,CFG,47.36,34.94,0.05,0.12,5.02,5.02,ADX ≥ 20.0;MACD 🚀;Price > SMA20
2025-08-06T13:31:23.705451,CTSH,70.52,32.35,0.15,0.21,80.57,80.57,ADX ≥ 20.0;MACD 🚀;BB breakout;RSI 📈;Price > SMA20
2025-08-06T13:31:27.171791,COP,94.37,81.91,0.25,0.27,81.67,81.67,ADX ≥ 20.0;MACD 🚀;BB breakout;RSI 📈;Price > SMA20
2025-08-06T13:31:30.438160,CPRT,46.95,39.64,0.08,0.17,39.69,39.69,ADX ≥ 20.0;MACD 🚀;BB breakout;RSI 📈;Price > SMA20
2025-08-06T13:31:31.460579,GLW,63.65,27.81,0.11,0.18,54.66,54.66,ADX ≥ 20.0;MACD 🚀;BB breakout;RSI 📈;Price > SMA20
2025-08-06T13:31:33.793234,CSGP,96.53,38.07,0.18,0.19,17.53,17.53,ADX ≥ 20.0;MACD 🚀;RSI 📈;Price > SMA20
2025-08-06T13:31:35.135182,CTRA,24.46,53.40,0.06,0.26,45.56,45.56,ADX ≥ 20.0;MACD 🚀;BB breakout;RSI 📈;Price > SMA20
2025-08-06T13:31:35.907793,CRWD,445.18,27.87,1.01,0.23,21.72,21.72,ADX ≥ 20.0;MACD 🚀;BB breakout;RSI 📈;Price > SMA20
2025-08-06T13:31:36.816035,CCI,105.25,31.01,0.21,0.20,39.55,39.55,ADX ≥ 20.0;MACD 🚀;Price > SMA20
2025-08-06T13:31:40.359561,DRI,204.44,28.25,0.25,0.12,-13.42,-13.42,ADX ≥ 20.0;MACD 🚀;BB breakout;RSI 📈;Price > SMA20
2025-08-06T13:31:42.287317,DECK,107.12,36.37,0.24,0.22,49.37,49.37,ADX ≥ 20.0;MACD 🚀;BB breakout;RSI 📈;Price > SMA20
2025-08-06T13:31:43.137656,DE,509.50,43.20,0.64,0.12,27.31,27.31,ADX ≥ 20.0;MACD 🚀;BB breakout;RSI 📈;Price > SMA20
2025-08-06T13:31:44.542917,DAL,52.99,42.28,0.13,0.25,38.76,38.76,ADX ≥ 20.0;MACD 🚀;BB breakout;RSI 📈;Price > SMA20
2025-08-06T13:31:45.384562,DVN,33.25,82.05,0.12,0.36,100.18,100.18,ADX ≥ 20.0;MACD 🚀;BB breakout;RSI 📈;Gap % ≥ 1.5;Price > SMA20
2025-08-06T13:31:46.815875,FANG,147.47,83.31,0.62,0.42,50.87,50.87,ADX ≥ 20.0;MACD 🚀;BB breakout;RSI 📈;Price > SMA20
2025-08-06T13:31:47.652471,DLR,172.63,20.50,0.26,0.15,43.42,43.42,ADX ≥ 20.0;MACD 🚀;BB breakout;RSI 📈;Price > SMA20
2025-08-06T13:31:48.449575,DG,111.72,27.60,0.22,0.20,46.34,46.34,ADX ≥ 20.0;MACD 🚀;BB breakout;RSI 📈;Price > SMA20
2025-08-06T13:31:49.855554,D,61.17,38.12,0.11,0.19,30.12,30.12,ADX ≥ 20.0;MACD 🚀;BB breakout;RSI 📈;Price > SMA20
2025-08-06T13:31:51.791961,DOV,177.03,41.57,0.24,0.13,50.17,50.17,ADX ≥ 20.0;MACD 🚀;RSI 📈;Price > SMA20
2025-08-06T13:31:52.771219,DOW,22.73,59.43,0.09,0.38,42.83,42.83,ADX ≥ 20.0;MACD 🚀;BB breakout;RSI 📈;Price > SMA20
2025-08-06T13:31:53.974784,DHI,156.10,22.53,0.40,0.26,44.40,44.40,ADX ≥ 20.0;MACD 🚀;BB breakout;RSI 📈;Price > SMA20
2025-08-06T13:31:54.837478,DTE,139.46,22.28,0.18,0.13,12.29,12.29,ADX ≥ 20.0;MACD 🚀;Price > SMA20
2025-08-06T13:31:56.133547,DD,73.39,41.29,0.29,0.39,-1.54,-1.54,ADX ≥ 20.0;MACD 🚀;BB breakout;RSI 📈;Price > SMA20
2025-08-06T13:31:58.671406,ECL,267.28,23.69,0.33,0.12,43.06,43.06,ADX ≥ 20.0;MACD 🚀;BB breakout;RSI 📈;Price > SMA20
2025-08-06T13:31:59.963093,EW,79.50,22.57,0.16,0.20,44.00,44.00,ADX ≥ 20.0;MACD 🚀;BB breakout;RSI 📈;Price > SMA20
2025-08-06T13:32:03.379623,ETR,90.18,36.23,0.21,0.23,25.17,25.17,ADX ≥ 20.0;MACD 🚀;RSI 📈
2025-08-06T13:32:04.079209,EOG,118.94,62.62,0.24,0.20,58.18,58.18,ADX ≥ 20.0;MACD 🚀;BB breakout;RSI 📈;Price > SMA20
2025-08-06T13:32:05.532790,EPAM,150.56,28.09,0.42,0.28,51.39,51.39,ADX ≥ 20.0;MACD 🚀;BB breakout;RSI 📈;Price > SMA20
2025-08-06T13:32:09.954326,EL,91.28,28.21,0.18,0.20,20.13,20.13,ADX ≥ 20.0;MACD 🚀;Price > SMA20
2025-08-06T13:32:12.261406,ES,66.22,27.82,0.12,0.19,56.76,56.76,ADX ≥ 20.0;MACD 🚀;BB breakout;RSI 📈;Price > SMA20
2025-08-06T13:32:14.365308,EXPE,183.03,27.16,0.44,0.24,71.26,71.26,ADX ≥ 20.0;MACD 🚀;BB breakout;RSI 📈;Price > SMA20
2025-08-06T13:32:15.209133,EXPD,116.24,22.74,0.24,0.21,17.93,17.93,ADX ≥ 20.0;MACD 🚀;Price > SMA20
2025-08-06T13:32:16.587903,XOM,108.28,37.84,0.22,0.20,79.95,79.95,ADX ≥ 20.0;MACD 🚀;BB breakout;RSI 📈;Price > SMA20
2025-08-06T13:32:17.416845,FFIV,320.23,39.55,0.60,0.19,14.39,14.39,ADX ≥ 20.0;MACD 🚀;BB breakout;RSI 📈;Price > SMA20
2025-08-06T13:32:18.661322,FICO,1343.12,41.18,3.64,0.27,-0.73,-0.73,ADX ≥ 20.0;MACD 🚀;ATR14 ≥ 2.0
2025-08-06T13:32:19.409144,FAST,45.90,35.10,0.10,0.21,107.40,107.40,ADX ≥ 20.0;MACD 🚀;BB breakout;RSI 📈;Price > SMA20
2025-08-06T13:32:20.275097,FRT,93.67,48.81,0.13,0.14,30.61,30.61,ADX ≥ 20.0;MACD 🚀;BB breakout;RSI 📈;Price > SMA20
2025-08-06T13:32:20.979230,FDX,222.74,35.21,0.31,0.14,25.99,25.99,ADX ≥ 20.0;MACD 🚀;BB breakout;RSI 📈;Price > SMA20
2025-08-06T13:32:21.795256,FIS,72.50,24.38,0.36,0.50,9.64,9.64,ADX ≥ 20.0;MACD 🚀;BB breakout;RSI 📈;Price > SMA20
2025-08-06T13:32:24.641760,F,11.15,60.29,0.02,0.19,50.00,50.00,ADX ≥ 20.0;MACD 🚀;BB breakout;RSI 📈;Price > SMA20
2025-08-06T13:32:25.342295,FTNT,97.12,20.18,0.25,0.26,61.01,61.01,ADX ≥ 20.0;MACD 🚀;Price > SMA20
2025-08-06T13:32:26.099652,FTV,48.51,33.03,0.09,0.18,31.46,31.46,ADX ≥ 20.0;MACD 🚀;BB breakout;Price > SMA20
2025-08-06T13:32:28.487000,FCX,40.30,47.42,0.09,0.22,60.60,60.60,ADX ≥ 20.0;MACD 🚀;BB breakout;RSI 📈;Price > SMA20
2025-08-06T13:32:29.318564,GRMN,229.38,38.01,0.29,0.13,32.30,32.30,ADX ≥ 20.0;MACD 🚀;BB breakout;RSI 📈;Price > SMA20
2025-08-06T13:32:30.158514,IT,248.81,32.71,1.73,0.69,19.93,19.93,ADX ≥ 20.0;MACD 🚀;BB breakout;RSI 📈;ATR % ≥ 0.5%;Range % ≥ 2.0;Price > SMA20
2025-08-06T13:32:32.464040,GEN,28.84,32.74,0.05,0.17,66.31,66.31,ADX ≥ 20.0;MACD 🚀;BB breakout;RSI 📈;Price > SMA20
2025-08-06T13:32:35.021826,GM,52.88,29.11,0.11,0.21,70.26,70.26,ADX ≥ 20.0;MACD 🚀;BB breakout;RSI 📈;Price > SMA20
2025-08-06T13:32:36.855539,GPN,86.39,30.17,0.77,0.89,159.17,159.17,ADX ≥ 20.0;MACD 🚀;BB breakout;RSI 📈;ATR % ≥ 0.5%;Gap % ≥ 1.5;Price > SMA20
2025-08-06T13:32:38.048123,GDDY,157.06,50.04,0.44,0.28,57.34,57.34,ADX ≥ 20.0;MACD 🚀;BB breakout;RSI 📈;Price > SMA20
2025-08-06T13:32:38.846311,GS,723.03,31.43,0.96,0.13,35.95,35.95,ADX ≥ 20.0;MACD 🚀;RSI 📈;Price > SMA20
2025-08-06T13:32:39.673009,HAL,21.97,23.23,0.06,0.26,57.31,57.31,ADX ≥ 20.0;MACD 🚀;BB breakout;RSI 📈;Price > SMA20
2025-08-06T13:32:40.939656,HAS,77.41,23.39,0.18,0.23,45.35,45.35,ADX ≥ 20.0;MACD 🚀;BB breakout;RSI 📈;Price > SMA20
2025-08-06T13:32:41.754390,HCA,366.23,23.80,0.56,0.15,46.32,46.32,ADX ≥ 20.0;MACD 🚀;BB breakout;RSI 📈;Price > SMA20
2025-08-06T13:32:42.580591,DOC,17.20,20.95,0.03,0.18,21.85,21.85,ADX ≥ 20.0;MACD 🚀;RSI 📈;Price > SMA20
2025-08-06T13:32:43.377985,HSIC,64.78,44.77,0.31,0.48,1.92,1.92,ADX ≥ 20.0;MACD 🚀;RSI 📈;Price > SMA20
2025-08-06T13:32:45.371740,HPE,20.16,37.74,0.07,0.33,84.21,84.21,ADX ≥ 20.0;MACD 🚀;BB breakout;RSI 📈;Range % ≥ 2.0;Price > SMA20
2025-08-06T13:32:46.657533,HOLX,68.54,26.02,0.14,0.20,78.64,78.64,ADX ≥ 20.0;MACD 🚀;BB breakout;RSI 📈;Price > SMA20
2025-08-06T13:32:47.424469,HD,386.08,25.96,0.46,0.12,37.37,37.37,ADX ≥ 20.0;MACD 🚀;RSI 📈;Price > SMA20
2025-08-06T13:32:48.108518,HON,220.64,35.90,0.24,0.11,65.62,65.62,ADX ≥ 20.0;MACD 🚀;RSI 📈;Price > SMA20
2025-08-06T13:32:50.559059,HPQ,25.18,49.93,0.04,0.16,26.69,26.69,ADX ≥ 20.0;MACD 🚀;BB breakout;RSI 📈;Price > SMA20
2025-08-06T13:32:55.078371,ITW,256.56,25.67,0.35,0.14,49.08,49.08,ADX ≥ 20.0;MACD 🚀;BB breakout;RSI 📈;Price > SMA20
2025-08-06T13:32:58.231379,IFF,72.79,23.10,0.38,0.52,133.71,133.71,ADX ≥ 20.0;MACD 🚀;BB breakout;RSI 📈;ATR % ≥ 0.5%;Range % ≥ 2.0;Gap % ≥ 1.5;Price > SMA20
2025-08-06T13:32:59.476315,IPG,24.84,22.41,0.04,0.16,54.00,54.00,ADX ≥ 20.0;MACD 🚀;BB breakout;RSI 📈;Price > SMA20
2025-08-06T13:33:00.250402,INTU,771.37,28.47,1.12,0.15,72.28,72.28,ADX ≥ 20.0;MACD 🚀;BB breakout;Price > SMA20
2025-08-06T13:33:01.052620,ISRG,479.17,67.25,0.88,0.18,55.16,55.16,ADX ≥ 20.0;MACD 🚀;Price > SMA20
2025-08-06T13:33:03.499022,IRM,96.98,36.06,0.33,0.34,86.42,86.42,ADX ≥ 20.0;MACD 🚀;BB breakout;RSI 📈;Gap % ≥ 1.5;Price > SMA20
2025-08-06T13:33:05.336313,JKHY,168.22,27.76,0.48,0.28,62.66,62.66,ADX ≥ 20.0;MACD 🚀;BB breakout;RSI 📈;Price > SMA20
2025-08-06T13:33:11.346924,KMB,134.61,47.32,0.23,0.17,6.96,6.96,ADX ≥ 20.0;MACD 🚀;BB breakout;RSI 📈;Price > SMA20
2025-08-06T13:33:12.112041,KIM,21.34,42.87,0.04,0.17,23.17,23.17,ADX ≥ 20.0;MACD 🚀;BB breakout;RSI 📈;Price > SMA20
2025-08-06T13:33:19.282886,LVS,52.24,23.76,0.08,0.15,40.13,40.13,ADX ≥ 20.0;MACD 🚀;Price > SMA20
2025-08-06T13:33:20.191822,LDOS,174.25,29.61,0.59,0.34,53.77,53.77,ADX ≥ 20.0;MACD 🚀;BB breakout;RSI 📈;Price > SMA20
2025-08-06T13:33:21.105212,LEN,120.68,23.60,0.25,0.20,28.09,28.09,ADX ≥ 20.0;MACD 🚀;BB breakout;RSI 📈;Price > SMA20
2025-08-06T13:33:22.009314,LII,603.59,21.78,0.69,0.11,2.62,2.62,ADX ≥ 20.0;MACD 🚀;Price > SMA20
2025-08-06T13:33:25.411542,LIN,469.87,33.72,0.57,0.12,45.25,45.25,ADX ≥ 20.0;MACD 🚀;BB breakout;RSI 📈;Price > SMA20
2025-08-06T13:33:27.311211,LMT,428.35,34.73,0.52,0.12,34.81,34.81,ADX ≥ 20.0;MACD 🚀;BB breakout;RSI 📈;Price > SMA20
2025-08-06T13:33:28.689698,LOW,238.40,25.62,0.45,0.19,55.48,55.48,ADX ≥ 20.0;MACD 🚀;BB breakout;RSI 📈;Price > SMA20
2025-08-06T13:33:29.433172,LULU,197.00,52.18,0.51,0.26,58.50,58.50,ADX ≥ 20.0;MACD 🚀;BB breakout;RSI 📈;Price > SMA20
2025-08-06T13:33:30.215812,LYB,52.70,27.20,0.19,0.35,57.80,57.80,ADX ≥ 20.0;MACD 🚀;BB breakout;RSI 📈;Price > SMA20
2025-08-06T13:33:32.361938,MPC,170.29,66.04,0.42,0.25,61.60,61.60,ADX ≥ 20.0;MACD 🚀;BB breakout;RSI 📈;Price > SMA20
2025-08-06T13:33:34.361101,MMC,201.75,28.85,0.27,0.13,60.53,60.53,ADX ≥ 20.0;MACD 🚀;BB breakout;RSI 📈;Price > SMA20
2025-08-06T13:33:36.747184,MTCH,36.21,32.45,0.30,0.82,119.83,119.83,ADX ≥ 20.0;MACD 🚀;BB breakout;RSI 📈;ATR % ≥ 0.5%;Gap % ≥ 1.5;Price > SMA20
2025-08-06T13:33:38.134191,MCD,303.24,30.92,1.07,0.35,117.66,117.66,ADX ≥ 20.0;MACD 🚀;BB breakout;RSI 📈;Gap % ≥ 1.5;Price > SMA20
2025-08-06T13:33:40.518608,META,769.29,55.82,1.45,0.19,52.46,52.46,ADX ≥ 20.0;MACD 🚀;BB breakout;RSI 📈;Price > SMA20
2025-08-06T13:33:42.080333,MTD,1251.54,21.99,2.43,0.19,40.18,40.18,ADX ≥ 20.0;MACD 🚀;BB breakout;RSI 📈;ATR14 ≥ 2.0;Price > SMA20
2025-08-06T13:33:43.535789,MCHP,67.28,37.03,0.20,0.30,50.99,50.99,ADX ≥ 20.0;MACD 🚀;BB breakout;RSI 📈;Price > SMA20
2025-08-06T13:33:44.886239,MSFT,529.67,72.35,0.65,0.12,59.77,59.77,ADX ≥ 20.0;MACD 🚀;RSI 📈;Price > SMA20
2025-08-06T13:33:46.707862,MHK,121.11,31.42,0.24,0.19,43.89,43.89,ADX ≥ 20.0;MACD 🚀;BB breakout;Price > SMA20
2025-08-06T13:33:47.457371,MOH,154.56,23.03,0.50,0.33,40.11,40.11,ADX ≥ 20.0;MACD 🚀;Price > SMA20
2025-08-06T13:33:49.911651,MNST,59.01,28.04,0.12,0.20,44.76,44.76,ADX ≥ 20.0;MACD 🚀;Price > SMA20
2025-08-06T13:33:52.916426,MSCI,560.65,27.24,0.97,0.17,50.52,50.52,ADX ≥ 20.0;MACD 🚀;Price > SMA20
2025-08-06T13:33:54.284118,NTAP,102.48,49.15,0.19,0.18,27.39,27.39,ADX ≥ 20.0;MACD 🚀;Price > SMA20
2025-08-06T13:33:55.235925,NFLX,1159.09,67.21,2.30,0.20,63.92,63.92,ADX ≥ 20.0;MACD 🚀;BB breakout;RSI 📈;ATR14 ≥ 2.0;Price > SMA20
2025-08-06T13:33:56.020678,NEM,67.50,35.75,0.14,0.21,56.43,56.43,ADX ≥ 20.0;MACD 🚀;BB breakout;RSI 📈;Price > SMA20
2025-08-06T13:33:56.749235,NWSA,29.80,41.99,0.09,0.30,125.66,125.66,ADX ≥ 20.0;MACD 🚀;BB breakout;RSI 📈;Range % ≥ 2.0;Gap % ≥ 1.5;Price > SMA20
2025-08-06T13:33:57.542729,NWS,34.34,31.73,0.18,0.51,160.87,160.87,ADX ≥ 20.0;MACD 🚀;BB breakout;RSI 📈;ATR % ≥ 0.5%;Range % ≥ 2.0;Gap % ≥ 1.5;Price > SMA20
2025-08-06T13:33:58.952159,NKE,75.14,20.90,0.18,0.24,43.58,43.58,ADX ≥ 20.0;MACD 🚀;BB breakout;RSI 📈;Price > SMA20
2025-08-06T13:34:00.353865,NDSN,214.25,24.66,0.27,0.13,41.37,41.37,ADX ≥ 20.0;MACD 🚀;Price > SMA20
2025-08-06T13:34:02.411763,NOC,589.66,36.13,0.74,0.13,27.89,27.89,ADX ≥ 20.0;MACD 🚀;Price > SMA20
2025-08-06T13:34:05.453241,NVR,7960.10,30.42,10.14,0.13,11.66,11.66,ADX ≥ 20.0;MACD 🚀;BB breakout;RSI 📈;ATR14 ≥ 2.0;Price > SMA20
2025-08-06T13:34:06.804749,ORLY,102.77,24.28,0.19,0.19,45.97,45.97,ADX ≥ 20.0;MACD 🚀;BB breakout;RSI 📈;Price > SMA20
2025-08-06T13:34:07.734201,OXY,43.63,72.86,0.10,0.23,72.12,72.12,ADX ≥ 20.0;MACD 🚀;BB breakout;RSI 📈;Price > SMA20
2025-08-06T13:34:08.563300,ODFL,147.50,27.59,0.24,0.17,36.61,36.61,ADX ≥ 20.0;MACD 🚀;BB breakout;RSI 📈;Price > SMA20
2025-08-06T13:34:09.414906,OMC,72.72,22.78,0.13,0.18,54.23,54.23,ADX ≥ 20.0;MACD 🚀;BB breakout;RSI 📈;Price > SMA20
2025-08-06T13:34:13.925489,PLTR,174.08,32.28,0.79,0.45,33.23,33.23,ADX ≥ 20.0;MACD 🚀;BB breakout;RSI 📈;Price > SMA20
2025-08-06T13:34:14.839547,PANW,170.67,36.75,0.44,0.26,49.83,49.83,ADX ≥ 20.0;MACD 🚀;BB breakout;RSI 📈;Price > SMA20
2025-08-06T13:34:16.782162,PAYX,139.52,26.64,0.18,0.13,25.08,25.08,ADX ≥ 20.0;MACD 🚀;BB breakout;RSI 📈;Price > SMA20
2025-08-06T13:34:17.593027,PAYC,225.56,28.24,0.64,0.28,47.89,47.89,ADX ≥ 20.0;MACD 🚀;RSI 📈;Price > SMA20
2025-08-06T13:34:18.569619,PYPL,68.73,29.28,0.16,0.23,79.81,79.81,ADX ≥ 20.0;MACD 🚀;BB breakout;RSI 📈;Price > SMA20
2025-08-06T13:34:21.202250,PCG,15.30,36.47,0.04,0.28,51.93,51.93,ADX ≥ 20.0;MACD 🚀;BB breakout;RSI 📈;Price > SMA20
2025-08-06T13:34:22.565547,PSX,123.24,70.47,0.26,0.21,43.32,43.32,ADX ≥ 20.0;MACD 🚀;BB breakout;RSI 📈;Price > SMA20
2025-08-06T13:34:23.900218,PNC,189.46,26.10,0.25,0.13,47.50,47.50,ADX ≥ 20.0;MACD 🚀;BB breakout;RSI 📈;Price > SMA20
2025-08-06T13:34:25.197840,PPG,106.28,20.09,0.15,0.14,20.59,20.59,ADX ≥ 20.0;MACD 🚀;BB breakout;Price > SMA20
2025-08-06T13:34:26.513421,PFG,76.44,31.41,0.12,0.16,58.47,58.47,ADX ≥ 20.0;MACD 🚀;BB breakout;RSI 📈;Price > SMA20
2025-08-06T13:34:28.206013,PGR,244.75,21.63,0.44,0.18,67.63,67.63,ADX ≥ 20.0;MACD 🚀;BB breakout;RSI 📈;Price > SMA20
2025-08-06T13:34:29.661198,PRU,103.80,32.22,0.14,0.13,39.22,39.22,ADX ≥ 20.0;MACD 🚀;BB breakout;RSI 📈;Price > SMA20
2025-08-06T13:34:31.167691,PTC,215.64,30.91,0.32,0.15,65.23,65.23,ADX ≥ 20.0;MACD 🚀;BB breakout;RSI 📈;Price > SMA20
2025-08-06T13:34:32.694305,PHM,122.42,35.44,0.32,0.26,56.43,56.43,ADX ≥ 20.0;MACD 🚀;BB breakout;RSI 📈;Price > SMA20
2025-08-06T13:34:33.827486,PWR,389.16,21.41,0.76,0.19,51.02,51.02,ADX ≥ 20.0;MACD 🚀;BB breakout;RSI 📈;Price > SMA20
2025-08-06T13:34:36.917477,RJF,166.87,38.15,0.17,0.10,35.65,35.65,ADX ≥ 20.0;MACD 🚀;BB breakout;RSI 📈;Price > SMA20
2025-08-06T13:34:37.861611,RTX,156.34,21.27,0.19,0.12,36.53,36.53,ADX ≥ 20.0;MACD 🚀;Price > SMA20
2025-08-06T13:34:40.442188,RF,25.20,30.28,0.04,0.15,20.17,20.17,ADX ≥ 20.0;MACD 🚀;BB breakout;RSI 📈;Price > SMA20
2025-08-06T13:34:45.313533,ROST,143.39,28.39,0.30,0.21,53.44,53.44,ADX ≥ 20.0;MACD 🚀;BB breakout;RSI 📈;Price > SMA20
2025-08-06T13:34:46.173791,RCL,312.40,21.29,0.70,0.22,35.89,35.89,ADX ≥ 20.0;MACD 🚀;Price > SMA20
2025-08-06T13:34:47.825150,CRM,249.18,45.03,0.60,0.24,62.48,62.48,ADX ≥ 20.0;MACD 🚀;Price > SMA20
2025-08-06T13:34:48.648634,SBAC,220.77,34.56,0.65,0.29,38.46,38.46,ADX ≥ 20.0;MACD 🚀;BB breakout;RSI 📈;Price > SMA20
2025-08-06T13:34:49.646989,SLB,33.87,52.98,0.08,0.24,56.83,56.83,ADX ≥ 20.0;MACD 🚀;BB breakout;RSI 📈;Price > SMA20
2025-08-06T13:34:51.693985,NOW,910.27,23.26,1.70,0.19,31.30,31.30,ADX ≥ 20.0;MACD 🚀;Price > SMA20
2025-08-06T13:34:52.674032,SHW,351.92,51.65,0.49,0.14,34.47,34.47,ADX ≥ 20.0;MACD 🚀;RSI 📈;Price > SMA20
2025-08-06T13:34:58.397168,LUV,30.02,39.47,0.07,0.24,41.53,41.53,ADX ≥ 20.0;MACD 🚀;BB breakout;RSI 📈;Price > SMA20
2025-08-06T13:35:00.443562,STT,110.22,24.30,0.13,0.12,42.23,42.23,ADX ≥ 20.0;MACD 🚀;BB breakout;RSI 📈;Price > SMA20
2025-08-06T13:35:06.453792,TTWO,226.32,51.60,0.29,0.13,49.58,49.58,ADX ≥ 20.0;MACD 🚀;BB breakout;RSI 📈;Price > SMA20
2025-08-06T13:35:07.586346,TPR,112.12,33.35,0.23,0.20,43.34,43.34,ADX ≥ 20.0;MACD 🚀;Price > SMA20
2025-08-06T13:35:08.514884,TRGP,163.69,43.66,0.35,0.21,37.95,37.95,ADX ≥ 20.0;MACD 🚀;BB breakout;RSI 📈;Price > SMA20
2025-08-06T13:35:09.377496,TGT,104.34,37.94,0.36,0.34,88.10,88.10,ADX ≥ 20.0;MACD 🚀;BB breakout;RSI 📈;Price > SMA20
2025-08-06T13:35:10.288674,TEL,201.97,23.52,0.41,0.20,40.69,40.69,ADX ≥ 20.0;MACD 🚀;Price > SMA20
2025-08-06T13:35:11.237635,TDY,555.98,44.04,0.80,0.14,49.95,49.95,ADX ≥ 20.0;MACD 🚀;BB breakout;RSI 📈;Price > SMA20
2025-08-06T13:35:14.459791,TXT,78.24,44.71,0.10,0.12,30.42,30.42,ADX ≥ 20.0;MACD 🚀;RSI 📈;Price > SMA20
2025-08-06T13:35:19.887306,TRMB,86.61,28.32,0.54,0.62,108.63,108.63,ADX ≥ 20.0;MACD 🚀;BB breakout;RSI 📈;ATR % ≥ 0.5%;Price > SMA20
2025-08-06T13:35:20.648331,TFC,43.53,42.83,0.07,0.15,40.98,40.98,ADX ≥ 20.0;MACD 🚀;BB breakout;RSI 📈;Price > SMA20
2025-08-06T13:35:21.386322,TYL,613.29,23.52,1.31,0.21,62.67,62.67,ADX ≥ 20.0;MACD 🚀;BB breakout;RSI 📈;Price > SMA20
2025-08-06T13:35:22.802332,USB,44.65,31.05,0.05,0.12,28.57,28.57,ADX ≥ 20.0;MACD 🚀;Price > SMA20
2025-08-06T13:35:24.552542,ULTA,514.16,35.81,0.98,0.19,71.53,71.53,ADX ≥ 20.0;MACD 🚀;BB breakout;RSI 📈;Price > SMA20
2025-08-06T13:35:25.938862,UAL,88.04,38.11,0.20,0.23,28.71,28.71,ADX ≥ 20.0;MACD 🚀;BB breakout;RSI 📈;Price > SMA20
2025-08-06T13:35:26.616020,UPS,86.59,21.14,0.21,0.24,47.13,47.13,ADX ≥ 20.0;MACD 🚀;Price > SMA20
2025-08-06T13:35:29.297484,VLO,138.04,78.12,0.31,0.22,55.43,55.43,ADX ≥ 20.0;MACD 🚀;BB breakout;RSI 📈;Price > SMA20
2025-08-06T13:35:32.318810,VRSN,268.65,25.62,0.64,0.24,61.55,61.55,ADX ≥ 20.0;MACD 🚀;BB breakout;Price > SMA20
2025-08-06T13:35:34.638552,VRTX,376.42,21.88,1.95,0.52,9.50,9.50,ADX ≥ 20.0;MACD 🚀;ATR % ≥ 0.5%
2025-08-06T13:35:38.715497,WRB,70.25,29.09,0.09,0.13,33.39,33.39,ADX ≥ 20.0;MACD 🚀;Price > SMA20
2025-08-06T13:35:40.859356,WBA,11.68,66.67,0.01,0.09,9.09,9.09,ADX ≥ 20.0;MACD 🚀;Price > SMA20
2025-08-06T13:35:41.889746,WMT,100.04,25.92,0.13,0.13,62.87,62.87,ADX ≥ 20.0;MACD 🚀;BB breakout;RSI 📈;Price > SMA20
2025-08-06T13:35:43.631037,WBD,12.81,32.01,0.04,0.29,15.46,15.46,ADX ≥ 20.0;MACD 🚀;BB breakout;RSI 📈;Price > SMA20
2025-08-06T13:35:46.424572,WFC,78.29,26.66,0.12,0.15,36.09,36.09,ADX ≥ 20.0;MACD 🚀;BB breakout;RSI 📈;Price > SMA20
2025-08-06T13:35:48.474078,WDC,75.91,29.31,0.18,0.24,32.15,32.15,ADX ≥ 20.0;MACD 🚀;Price > SMA20
2025-08-06T13:35:49.948804,WSM,204.28,39.55,0.49,0.24,47.63,47.63,ADX ≥ 20.0;MACD 🚀;RSI 📈;Price > SMA20
2025-08-06T13:35:52.593763,WYNN,107.77,24.94,0.19,0.18,21.22,21.22,ADX ≥ 20.0;MACD 🚀;Price > SMA20
2025-08-06T14:01:17.208065,ALL,207.28,26.01,0.60,0.29,81.14,81.14,ADX ≥ 20.0;MACD 🚀;BB breakout;RSI 📈;Price > SMA20
2025-08-06T14:01:19.377116,MO,62.88,37.45,0.14,0.22,74.48,74.48,ADX ≥ 20.0;MACD 🚀;RSI 📈;Price > SMA20
2025-08-06T14:01:23.834352,AMT,210.66,23.86,0.58,0.27,63.62,63.62,ADX ≥ 20.0;MACD 🚀;Price > SMA20
2025-08-06T14:01:29.080530,APO,147.87,24.88,0.76,0.52,59.42,59.42,ADX ≥ 20.0;MACD 🚀;RSI 📈;ATR % ≥ 0.5%;Price > SMA20
2025-08-06T14:01:29.906421,AAPL,209.90,76.60,0.93,0.45,122.43,122.43,ADX ≥ 20.0;MACD 🚀;RSI 📈;Price > SMA20
2025-08-06T14:01:31.483910,ACGL,89.29,20.26,0.21,0.24,91.11,91.11,ADX ≥ 20.0;MACD 🚀;RSI 📈;Price > SMA20
2025-08-06T14:01:32.615374,ANET,136.05,53.71,2.27,1.67,160.51,160.51,ADX ≥ 20.0;MACD 🚀;RSI 📈;ATR14 ≥ 2.0;ATR % ≥ 0.5%;Price > SMA20
2025-08-06T14:01:33.776458,AIZ,203.35,55.55,2.05,1.01,162.75,162.75,ADX ≥ 20.0;MACD 🚀;RSI 📈;ATR14 ≥ 2.0;ATR % ≥ 0.5%;Price > SMA20
2025-08-06T14:01:34.503086,T,27.98,38.12,0.07,0.23,84.04,84.04,ADX ≥ 20.0;MACD 🚀;RSI 📈;Price > SMA20
2025-08-06T14:01:36.978673,AZO,4030.00,26.51,12.32,0.31,74.44,74.44,ADX ≥ 20.0;MACD 🚀;RSI 📈;ATR14 ≥ 2.0;Price > SMA20
2025-08-06T14:01:39.788564,BKR,44.19,37.16,0.13,0.28,76.22,76.22,ADX ≥ 20.0;MACD 🚀;RSI 📈;Price > SMA20
2025-08-06T14:01:44.046272,BLK,1113.66,25.11,2.51,0.23,124.77,124.77,ADX ≥ 20.0;MACD 🚀;ATR14 ≥ 2.0;Price > SMA20
2025-08-06T14:01:44.725259,BX,168.91,38.08,0.47,0.28,75.07,75.07,ADX ≥ 20.0;MACD 🚀;RSI 📈;Price > SMA20
2025-08-06T14:01:45.375563,BK,101.65,41.69,0.21,0.20,38.06,38.06,ADX ≥ 20.0;MACD 🚀;RSI 📈;Price > SMA20
2025-08-06T14:01:47.182731,BSX,105.03,33.16,0.21,0.20,71.93,71.93,ADX ≥ 20.0;MACD 🚀;Price > SMA20
2025-08-06T14:01:54.292322,COF,212.71,51.98,0.44,0.20,68.88,68.88,ADX ≥ 20.0;MACD 🚀;BB breakout;RSI 📈;Price > SMA20
2025-08-06T14:01:56.280671,CCL,29.34,35.09,0.10,0.33,84.60,84.60,ADX ≥ 20.0;MACD 🚀;Price > SMA20
2025-08-06T14:01:58.154840,CBOE,247.97,32.14,1.30,0.53,103.60,103.60,ADX ≥ 20.0;MACD 🚀;ATR % ≥ 0.5%
2025-08-06T14:02:00.088323,COR,279.54,49.81,2.75,0.99,152.69,152.69,ADX ≥ 20.0;MACD 🚀;ATR14 ≥ 2.0;ATR % ≥ 0.5%
2025-08-06T14:02:01.324843,CNP,39.06,24.26,0.11,0.27,64.29,64.29,ADX ≥ 20.0;MACD 🚀;RSI 📈;Price > SMA20
2025-08-06T14:02:02.210855,CF,92.58,28.08,0.37,0.40,99.86,99.86,ADX ≥ 20.0;MACD 🚀;Price > SMA20
2025-08-06T14:02:02.892533,CRL,156.91,44.74,3.10,1.97,151.42,151.42,ADX ≥ 20.0;MACD 🚀;ATR14 ≥ 2.0;ATR % ≥ 0.5%
2025-08-06T14:02:07.683385,SCHW,96.97,25.43,0.22,0.22,82.87,82.87,ADX ≥ 20.0;MACD 🚀;RSI 📈;Price > SMA20
2025-08-06T14:02:08.632707,CHTR,265.94,24.39,1.00,0.38,42.76,42.76,ADX ≥ 20.0;MACD 🚀;Price > SMA20
2025-08-06T14:02:12.640829,CINF,152.39,42.12,0.37,0.24,87.94,87.94,ADX ≥ 20.0;MACD 🚀;RSI 📈;Price > SMA20
2025-08-06T14:02:14.004116,CSCO,68.19,58.08,0.16,0.24,90.36,90.36,ADX ≥ 20.0;MACD 🚀;RSI 📈;Price > SMA20
2025-08-06T14:02:14.802263,C,92.19,42.18,0.20,0.21,72.57,72.57,ADX ≥ 20.0;MACD 🚀;RSI 📈;Price > SMA20
2025-08-06T14:02:17.832580,CMS,74.16,30.49,0.15,0.21,54.03,54.03,ADX ≥ 20.0;MACD 🚀;Price > SMA20
2025-08-06T14:02:20.111262,COIN,297.47,37.74,1.70,0.57,58.32,58.32,ADX ≥ 20.0;MACD 🚀;ATR % ≥ 0.5%
2025-08-06T14:02:20.829625,CL,83.12,28.81,0.19,0.23,78.91,78.91,ADX ≥ 20.0;MACD 🚀;Price > SMA20
2025-08-06T14:02:22.581670,COP,95.41,78.55,0.41,0.43,108.57,108.57,ADX ≥ 20.0;MACD 🚀;RSI 📈;Price > SMA20
2025-08-06T14:02:24.763883,CEG,340.52,33.62,2.20,0.65,121.70,121.70,ADX ≥ 20.0;MACD 🚀;ATR14 ≥ 2.0;ATR % ≥ 0.5%
2025-08-06T14:02:26.515970,CPRT,47.17,49.42,0.12,0.26,97.33,97.33,ADX ≥ 20.0;MACD 🚀;RSI 📈;Price > SMA20
2025-08-06T14:02:27.276733,GLW,63.59,28.00,0.20,0.32,94.28,94.28,ADX ≥ 20.0;MACD 🚀;Price > SMA20
2025-08-06T14:02:29.617601,COST,953.05,27.94,1.82,0.19,80.92,80.92,ADX ≥ 20.0;MACD 🚀;RSI 📈;Price > SMA20
2025-08-06T14:02:30.868501,CRWD,446.32,43.59,1.51,0.34,69.10,69.10,ADX ≥ 20.0;MACD 🚀;RSI 📈;Price > SMA20
2025-08-06T14:02:32.764844,CMI,374.31,43.20,1.37,0.37,53.62,53.62,ADX ≥ 20.0;MACD 🚀;Price > SMA20
2025-08-06T14:02:35.920233,DAY,52.80,52.02,0.46,0.87,104.97,104.97,ADX ≥ 20.0;MACD 🚀;ATR % ≥ 0.5%
2025-08-06T14:02:36.827302,DECK,107.79,42.49,0.46,0.43,109.02,109.02,ADX ≥ 20.0;MACD 🚀;RSI 📈;Price > SMA20
2025-08-06T14:02:39.252904,DVN,33.65,77.29,0.25,0.74,139.18,139.18,ADX ≥ 20.0;MACD 🚀;RSI 📈;ATR % ≥ 0.5%;Price > SMA20
2025-08-06T14:02:40.572059,FANG,148.60,69.75,0.88,0.59,57.74,57.74,ADX ≥ 20.0;MACD 🚀;RSI 📈;ATR % ≥ 0.5%;Price > SMA20
2025-08-06T14:02:41.883323,DG,112.72,31.04,0.40,0.36,93.66,93.66,ADX ≥ 20.0;MACD 🚀;RSI 📈;Price > SMA20
2025-08-06T14:02:42.739799,DLTR,116.81,25.97,0.32,0.27,65.81,65.81,ADX ≥ 20.0;MACD 🚀;RSI 📈;Price > SMA20
2025-08-06T14:02:43.618170,D,61.17,35.97,0.16,0.26,43.02,43.02,ADX ≥ 20.0;MACD 🚀;Price > SMA20
2025-08-06T14:02:48.209245,DUK,125.02,44.98,0.38,0.30,33.83,33.83,ADX ≥ 20.0;MACD 🚀;Price > SMA20
2025-08-06T14:02:50.122605,ETN,361.69,41.63,1.78,0.49,74.44,74.44,ADX ≥ 20.0;MACD 🚀;BB breakout;RSI 📈;Price > SMA20
2025-08-06T14:02:55.374516,ETR,90.50,31.11,0.29,0.32,54.61,54.61,ADX ≥ 20.0;MACD 🚀;Price > SMA20
2025-08-06T14:02:59.525450,ERIE,356.80,26.01,2.05,0.58,134.07,134.07,ADX ≥ 20.0;MACD 🚀;ATR14 ≥ 2.0;ATR % ≥ 0.5%
2025-08-06T14:03:02.173017,EVRG,72.96,35.74,0.19,0.26,42.24,42.24,ADX ≥ 20.0;MACD 🚀;Price > SMA20
2025-08-06T14:03:03.950337,EXC,44.85,24.44,0.10,0.22,52.44,52.44,ADX ≥ 20.0;MACD 🚀;RSI 📈;Price > SMA20
2025-08-06T14:03:04.996692,EXE,102.16,24.74,0.34,0.34,73.28,73.28,ADX ≥ 20.0;MACD 🚀;RSI 📈;Price > SMA20
2025-08-06T14:03:05.826913,EXPE,183.41,25.20,0.64,0.35,66.85,66.85,ADX ≥ 20.0;MACD 🚀;RSI 📈;Price > SMA20
2025-08-06T14:03:06.701137,EXPD,117.42,26.31,0.46,0.39,88.73,88.73,ADX ≥ 20.0;MACD 🚀;RSI 📈;Price > SMA20
2025-08-06T14:03:08.260537,XOM,108.67,53.00,0.34,0.31,97.92,97.92,ADX ≥ 20.0;MACD 🚀;RSI 📈;Price > SMA20
2025-08-06T14:03:10.046692,FICO,1338.27,25.35,5.43,0.41,57.80,57.80,ADX ≥ 20.0;MACD 🚀;ATR14 ≥ 2.0
2025-08-06T14:03:11.010373,FAST,46.52,55.42,0.19,0.42,135.14,135.14,ADX ≥ 20.0;MACD 🚀;RSI 📈;Price > SMA20
2025-08-06T14:03:11.717436,FRT,93.76,40.61,0.24,0.25,93.29,93.29,ADX ≥ 20.0;MACD 🚀;Price > SMA20
2025-08-06T14:03:17.336089,FOXA,53.86,48.85,0.37,0.68,83.66,83.66,ADX ≥ 20.0;MACD 🚀;ATR % ≥ 0.5%
2025-08-06T14:03:18.069151,FOX,49.08,51.00,0.35,0.71,85.77,85.77,ADX ≥ 20.0;MACD 🚀;ATR % ≥ 0.5%
2025-08-06T14:03:19.804873,GRMN,229.04,40.39,0.62,0.27,103.88,103.88,ADX ≥ 20.0;MACD 🚀;Price > SMA20
2025-08-06T14:03:20.837402,IT,249.10,31.90,2.27,0.91,52.05,52.05,ADX ≥ 20.0;MACD 🚀;BB breakout;RSI 📈;ATR14 ≥ 2.0;ATR % ≥ 0.5%;Price > SMA20
2025-08-06T14:03:21.575315,GE,272.16,23.36,0.85,0.31,86.35,86.35,ADX ≥ 20.0;MACD 🚀;Price > SMA20
2025-08-06T14:03:28.245430,GL,140.01,21.76,0.51,0.36,84.96,84.96,ADX ≥ 20.0;MACD 🚀;Price > SMA20
2025-08-06T14:03:29.571932,GS,726.25,40.04,1.58,0.22,78.06,78.06,ADX ≥ 20.0;MACD 🚀;RSI 📈;Price > SMA20
2025-08-06T14:03:31.927638,HCA,368.93,40.80,1.04,0.28,93.23,93.23,ADX ≥ 20.0;MACD 🚀;RSI 📈;Price > SMA20
2025-08-06T14:03:35.963715,HOLX,67.99,29.41,0.26,0.38,111.38,111.38,ADX ≥ 20.0;MACD 🚀;Price > SMA20
2025-08-06T14:03:41.937231,HII,271.46,53.36,0.83,0.31,61.38,61.38,ADX ≥ 20.0;MACD 🚀;Price > SMA20
2025-08-06T14:03:44.090216,ITW,256.46,23.35,0.65,0.25,103.59,103.59,ADX ≥ 20.0;MACD 🚀;BB breakout;RSI 📈;Price > SMA20
2025-08-06T14:03:49.901171,ISRG,479.62,34.60,1.33,0.28,81.67,81.67,ADX ≥ 20.0;MACD 🚀;Price > SMA20
2025-08-06T14:03:50.848706,IVZ,21.23,27.59,0.06,0.28,75.98,75.98,ADX ≥ 20.0;MACD 🚀;BB breakout;RSI 📈;Price > SMA20
2025-08-06T14:03:53.087685,IRM,95.73,32.89,0.67,0.70,137.99,137.99,ADX ≥ 20.0;MACD 🚀;ATR % ≥ 0.5%;Price > SMA20
2025-08-06T14:03:55.845745,J,147.18,29.87,0.60,0.41,46.68,46.68,ADX ≥ 20.0;MACD 🚀;BB breakout;RSI 📈;Price > SMA20
2025-08-06T14:03:57.699948,JPM,292.74,43.08,0.57,0.20,84.74,84.74,ADX ≥ 20.0;MACD 🚀;RSI 📈;Price > SMA20
2025-08-06T14:04:01.956561,KIM,21.41,45.61,0.05,0.23,75.14,75.14,ADX ≥ 20.0;MACD 🚀;RSI 📈;Price > SMA20
2025-08-06T14:04:02.712891,KMI,27.12,59.33,0.24,0.90,153.28,153.28,ADX ≥ 20.0;MACD 🚀;ATR % ≥ 0.5%
2025-08-06T14:04:03.389096,KKR,144.54,34.04,0.62,0.43,91.41,91.41,ADX ≥ 20.0;MACD 🚀;BB breakout;RSI 📈;Price > SMA20
2025-08-06T14:04:04.145271,KLAC,880.44,24.15,2.91,0.33,72.53,72.53,ADX ≥ 20.0;MACD 🚀;ATR14 ≥ 2.0
2025-08-06T14:04:05.400681,KR,72.18,26.11,0.21,0.29,73.34,73.34,ADX ≥ 20.0;MACD 🚀;Price > SMA20
2025-08-06T14:04:06.061312,LHX,278.36,48.66,0.71,0.25,89.75,89.75,ADX ≥ 20.0;MACD 🚀;Price > SMA20
2025-08-06T14:04:11.043249,LLY,761.41,35.08,3.11,0.41,99.47,99.47,ADX ≥ 20.0;MACD 🚀;ATR14 ≥ 2.0
2025-08-06T14:04:13.862611,LMT,428.99,40.47,0.88,0.20,71.01,71.01,ADX ≥ 20.0;MACD 🚀;Price > SMA20
2025-08-06T14:04:14.630449,L,93.91,28.65,0.18,0.19,77.04,77.04,ADX ≥ 20.0;MACD 🚀;RSI 📈;Price > SMA20
2025-08-06T14:04:19.722668,MMC,201.45,34.64,0.38,0.19,77.29,77.29,ADX ≥ 20.0;MACD 🚀;Price > SMA20
2025-08-06T14:04:22.170052,MTCH,38.17,54.57,0.55,1.43,143.52,143.52,ADX ≥ 20.0;MACD 🚀;RSI 📈;ATR % ≥ 0.5%;Price > SMA20
2025-08-06T14:04:23.779544,MCD,306.90,39.32,1.75,0.57,123.65,123.65,ADX ≥ 20.0;MACD 🚀;RSI 📈;ATR % ≥ 0.5%;Price > SMA20
2025-08-06T14:04:24.604936,MCK,703.69,44.85,4.80,0.68,125.90,125.90,ADX ≥ 20.0;MACD 🚀;ATR14 ≥ 2.0;ATR % ≥ 0.5%
2025-08-06T14:04:26.497812,META,766.33,34.59,2.30,0.30,95.03,95.03,ADX ≥ 20.0;MACD 🚀;ATR14 ≥ 2.0;Price > SMA20
2025-08-06T14:04:28.469144,MGM,35.17,41.55,0.13,0.36,78.96,78.96,ADX ≥ 20.0;MACD 🚀;BB breakout;Price > SMA20
2025-08-06T14:04:29.719039,MU,108.26,35.06,0.55,0.51,89.66,89.66,ADX ≥ 20.0;MACD 🚀;ATR % ≥ 0.5%
2025-08-06T14:04:33.072735,TAP,49.25,33.80,0.26,0.54,96.03,96.03,ADX ≥ 20.0;MACD 🚀;ATR % ≥ 0.5%
2025-08-06T14:04:34.893535,MNST,59.13,30.01,0.18,0.30,72.72,72.72,ADX ≥ 20.0;MACD 🚀;RSI 📈;Price > SMA20
2025-08-06T14:04:36.658117,MS,141.63,24.11,0.33,0.23,64.36,64.36,ADX ≥ 20.0;MACD 🚀;BB breakout;RSI 📈;Price > SMA20
2025-08-06T14:04:37.862407,MSI,438.10,49.49,1.37,0.31,52.45,52.45,ADX ≥ 20.0;MACD 🚀;RSI 📈;Price > SMA20
2025-08-06T14:04:39.967598,NTAP,102.75,25.74,0.28,0.28,70.36,70.36,ADX ≥ 20.0;MACD 🚀;RSI 📈;Price > SMA20
2025-08-06T14:04:41.030406,NFLX,1166.50,56.55,3.80,0.33,98.09,98.09,ADX ≥ 20.0;MACD 🚀;RSI 📈;ATR14 ≥ 2.0;Price > SMA20
2025-08-06T14:04:47.450764,NTRS,126.16,20.62,0.29,0.23,76.70,76.70,ADX ≥ 20.0;MACD 🚀;Price > SMA20
2025-08-06T14:04:48.206682,NOC,590.93,34.40,1.34,0.23,95.37,95.37,ADX ≥ 20.0;MACD 🚀;BB breakout;RSI 📈;Price > SMA20
2025-08-06T14:04:51.063648,NVR,7995.00,33.20,14.44,0.18,66.93,66.93,ADX ≥ 20.0;MACD 🚀;BB breakout;ATR14 ≥ 2.0;Price > SMA20
2025-08-06T14:04:52.228561,ORLY,103.60,43.87,0.28,0.27,71.63,71.63,ADX ≥ 20.0;MACD 🚀;RSI 📈;Price > SMA20
2025-08-06T14:04:54.634297,ON,47.63,35.32,0.30,0.63,69.64,69.64,ADX ≥ 20.0;MACD 🚀;BB breakout;ATR % ≥ 0.5%;Price > SMA20
2025-08-06T14:04:58.141246,PLTR,175.23,25.19,1.14,0.65,75.55,75.55,ADX ≥ 20.0;MACD 🚀;RSI 📈;ATR % ≥ 0.5%;Price > SMA20
2025-08-06T14:04:58.891411,PANW,170.56,27.82,0.64,0.37,90.47,90.47,ADX ≥ 20.0;MACD 🚀;BB breakout;RSI 📈;Price > SMA20
2025-08-06T14:05:02.206312,PYPL,68.74,36.55,0.26,0.37,101.87,101.87,ADX ≥ 20.0;MACD 🚀;RSI 📈;Price > SMA20
2025-08-06T14:05:05.350315,PM,166.35,31.39,0.52,0.32,96.51,96.51,ADX ≥ 20.0;MACD 🚀;RSI 📈;Price > SMA20
2025-08-06T14:05:07.379557,PNC,189.82,27.79,0.39,0.21,82.74,82.74,ADX ≥ 20.0;MACD 🚀;RSI 📈;Price > SMA20
2025-08-06T14:05:10.902536,PG,151.35,20.75,0.27,0.18,46.54,46.54,ADX ≥ 20.0;MACD 🚀;RSI 📈;Price > SMA20
2025-08-06T14:05:11.594593,PGR,245.14,23.42,0.75,0.31,46.27,46.27,ADX ≥ 20.0;MACD 🚀;Price > SMA20
2025-08-06T14:05:12.700532,PRU,103.76,37.72,0.21,0.20,75.75,75.75,ADX ≥ 20.0;MACD 🚀;RSI 📈;Price > SMA20
2025-08-06T14:05:14.389084,PTC,215.84,26.18,0.39,0.18,49.97,49.97,ADX ≥ 20.0;MACD 🚀;RSI 📈;Price > SMA20
2025-08-06T14:05:17.570978,DGX,173.13,46.20,0.45,0.26,45.59,45.59,ADX ≥ 20.0;MACD 🚀;Price > SMA20
2025-08-06T14:05:18.666821,RJF,167.94,34.95,0.36,0.21,58.10,58.10,ADX ≥ 20.0;MACD 🚀;BB breakout;RSI 📈;Price > SMA20
2025-08-06T14:05:21.513738,RF,25.18,21.94,0.06,0.22,35.62,35.62,ADX ≥ 20.0;MACD 🚀;Price > SMA20
2025-08-06T14:05:28.061708,SBAC,221.42,37.30,0.78,0.35,54.69,54.69,ADX ≥ 20.0;MACD 🚀;Price > SMA20
2025-08-06T14:05:34.576924,SO,95.05,34.36,0.24,0.25,25.28,25.28,ADX ≥ 20.0;MACD 🚀;RSI 📈;Price > SMA20
2025-08-06T14:05:39.943897,STT,110.90,34.52,0.25,0.23,99.62,99.62,ADX ≥ 20.0;MACD 🚀;BB breakout;RSI 📈;Price > SMA20
2025-08-06T14:05:42.577789,SMCI,46.80,60.99,1.15,2.46,-35.71,-35.71,ADX ≥ 20.0;MACD 🚀;ATR % ≥ 0.5%
2025-08-06T14:05:43.841761,SNPS,629.57,33.03,2.51,0.40,-4.40,-4.40,ADX ≥ 20.0;MACD 🚀;BB breakout;RSI 📈;ATR14 ≥ 2.0;Price > SMA20
2025-08-06T14:05:44.532598,SYY,79.94,25.55,0.17,0.21,88.87,88.87,ADX ≥ 20.0;MACD 🚀;RSI 📈;Price > SMA20
2025-08-06T14:05:45.343575,TMUS,239.61,27.87,0.81,0.34,79.98,79.98,ADX ≥ 20.0;MACD 🚀;RSI 📈;Price > SMA20
2025-08-06T14:05:47.002508,TPR,111.92,34.34,0.41,0.37,61.00,61.00,ADX ≥ 20.0;MACD 🚀;Price > SMA20
2025-08-06T14:05:47.710438,TRGP,165.58,44.92,0.75,0.45,68.82,68.82,ADX ≥ 20.0;MACD 🚀;RSI 📈;Price > SMA20
2025-08-06T14:05:49.796064,TER,105.33,34.18,0.59,0.56,44.95,44.95,ADX ≥ 20.0;MACD 🚀;ATR % ≥ 0.5%
2025-08-06T14:05:50.486012,TSLA,315.00,20.95,1.78,0.56,59.33,59.33,ADX ≥ 20.0;MACD 🚀;RSI 📈;ATR % ≥ 0.5%;Price > SMA20
2025-08-06T14:05:51.118772,TXN,186.23,27.46,0.54,0.29,48.77,48.77,ADX ≥ 20.0;MACD 🚀;RSI 📈;Price > SMA20
2025-08-06T14:05:51.926159,TPL,969.20,59.00,3.61,0.37,61.92,61.92,ADX ≥ 20.0;MACD 🚀;ATR14 ≥ 2.0;Price > SMA20
2025-08-06T14:05:53.588685,TJX,129.91,20.99,0.28,0.22,32.22,32.22,ADX ≥ 20.0;MACD 🚀;RSI 📈;Price > SMA20
2025-08-06T14:05:56.617680,TRV,266.63,41.05,0.54,0.20,32.39,32.39,ADX ≥ 20.0;MACD 🚀;RSI 📈;Price > SMA20
2025-08-06T14:05:58.593338,TYL,618.00,51.69,1.68,0.27,16.17,16.17,ADX ≥ 20.0;MACD 🚀;RSI 📈;Price > SMA20
2025-08-06T14:06:01.415735,ULTA,515.52,32.77,1.33,0.26,9.15,9.15,ADX ≥ 20.0;MACD 🚀;RSI 📈;Price > SMA20
2025-08-06T14:06:03.563981,URI,864.00,29.10,3.31,0.38,118.52,118.52,ADX ≥ 20.0;MACD 🚀;ATR14 ≥ 2.0
2025-08-06T14:06:06.965349,VRSN,270.29,24.41,0.91,0.33,36.09,36.09,ADX ≥ 20.0;MACD 🚀;BB breakout;RSI 📈;Price > SMA20
2025-08-06T14:06:09.130147,VRTX,380.35,22.02,2.46,0.65,22.28,22.28,ADX ≥ 20.0;MACD 🚀;RSI 📈;ATR14 ≥ 2.0;ATR % ≥ 0.5%;Price > SMA20
2025-08-06T14:06:09.949421,VTRS,8.86,41.06,0.04,0.50,22.52,22.52,ADX ≥ 20.0;MACD 🚀;ATR % ≥ 0.5%
2025-08-06T14:06:11.991120,VST,205.57,38.38,1.95,0.95,75.93,75.93,ADX ≥ 20.0;MACD 🚀;ATR % ≥ 0.5%
2025-08-06T14:06:12.842938,VMC,282.97,35.83,0.49,0.17,55.80,55.80,ADX ≥ 20.0;MACD 🚀;Price > SMA20
2025-08-06T14:06:13.637622,WRB,70.44,28.25,0.13,0.19,41.48,41.48,ADX ≥ 20.0;MACD 🚀;BB breakout;RSI 📈;Price > SMA20
2025-08-06T14:06:17.731667,GWW,946.90,26.24,2.09,0.22,45.48,45.48,ADX ≥ 20.0;MACD 🚀;RSI 📈;ATR14 ≥ 2.0;Price > SMA20
2025-08-06T14:06:18.953037,WBA,11.69,50.55,0.01,0.09,-12.72,-12.72,ADX ≥ 20.0;MACD 🚀;Price > SMA20
2025-08-06T14:06:19.673213,WMT,100.89,47.37,0.25,0.25,61.26,61.26,ADX ≥ 20.0;MACD 🚀;RSI 📈;Price > SMA20
2025-08-06T14:06:20.565787,DIS,114.49,48.79,1.05,0.92,44.21,44.21,ADX ≥ 20.0;MACD 🚀;ATR % ≥ 0.5%
2025-08-06T14:06:21.288088,WBD,12.87,41.18,0.05,0.39,29.23,29.23,ADX ≥ 20.0;MACD 🚀;RSI 📈;Price > SMA20
2025-08-06T14:06:21.960857,WM,230.07,35.67,0.43,0.19,28.48,28.48,ADX ≥ 20.0;MACD 🚀;Price > SMA20
2025-08-06T14:06:23.277314,WEC,110.22,28.75,0.26,0.24,33.17,33.17,ADX ≥ 20.0;MACD 🚀;Price > SMA20
2025-08-06T14:06:28.081839,WSM,204.73,31.16,0.71,0.35,22.53,22.53,ADX ≥ 20.0;MACD 🚀;BB breakout;RSI 📈;Price > SMA20
2025-08-06T14:06:28.753811,WMB,58.84,20.97,0.41,0.69,49.99,49.99,ADX ≥ 20.0;MACD 🚀;ATR % ≥ 0.5%;Price > SMA20
2025-08-06T14:06:29.517765,WTW,324.61,27.13,0.75,0.23,46.51,46.51,ADX ≥ 20.0;MACD 🚀;Price > SMA20
2025-08-06T14:06:30.417937,WDAY,228.93,30.94,0.77,0.34,19.42,19.42,ADX ≥ 20.0;MACD 🚀;RSI 📈;Price > SMA20
2025-08-06T14:06:31.224560,WYNN,108.08,22.73,0.28,0.26,39.54,39.54,ADX ≥ 20.0;MACD 🚀;RSI 📈;Price > SMA20
2025-08-06T14:06:32.681329,XYL,143.54,21.02,0.38,0.27,65.89,65.89,ADX ≥ 20.0;MACD 🚀;Price > SMA20
2025-08-06T14:06:33.412013,YUM,139.87,23.66,0.63,0.45,25.90,25.90,ADX ≥ 20.0;MACD 🚀;Price > SMA20
2025-08-06T14:06:35.226580,ZTS,146.05,24.32,0.88,0.60,40.43,40.43,ADX ≥ 20.0;MACD 🚀;ATR % ≥ 0.5%;Price > SMA20
2025-08-06T14:32:28.962203,AMD,160.95,78.35,2.21,1.37,-27.90,-27.90,ADX ≥ 20.0;MACD 🚀;ATR14 ≥ 2.0;ATR % ≥ 0.5%
2025-08-06T14:32:29.731765,AES,12.79,31.24,0.05,0.41,-0.62,-0.62,ADX ≥ 20.0;MACD 🚀;Price > SMA20
2025-08-06T14:32:36.784669,ALL,206.43,20.58,0.70,0.34,-8.38,-8.38,ADX ≥ 20.0;MACD 🚀;Price > SMA20
2025-08-06T14:32:39.444669,AMZN,215.41,30.11,0.63,0.29,14.32,14.32,ADX ≥ 20.0;MACD 🚀;RSI 📈;Price > SMA20
2025-08-06T14:32:40.852195,AEE,102.00,29.89,0.25,0.24,-32.41,-32.41,ADX ≥ 20.0;MACD 🚀;Price > SMA20
2025-08-06T14:32:41.719167,AEP,113.77,23.95,0.22,0.19,-27.90,-27.90,ADX ≥ 20.0;MACD 🚀;RSI 📈;Price > SMA20
2025-08-06T14:32:44.026608,AWK,142.99,41.43,0.42,0.29,-15.98,-15.98,ADX ≥ 20.0;MACD 🚀;RSI 📈;Price > SMA20
2025-08-06T14:32:45.957020,AMGN,284.33,75.02,2.79,0.98,-37.43,-37.43,ADX ≥ 20.0;MACD 🚀;ATR14 ≥ 2.0;ATR % ≥ 0.5%
2025-08-06T14:32:52.421237,ACGL,89.49,29.38,0.27,0.30,0.02,0.02,ADX ≥ 20.0;MACD 🚀;Price > SMA20
2025-08-06T14:32:56.033562,ATO,157.82,22.66,0.39,0.25,-25.91,-25.91,ADX ≥ 20.0;MACD 🚀;RSI 📈;Price > SMA20
2025-08-06T14:32:59.412874,AXON,856.17,34.71,6.48,0.76,-31.67,-31.67,ADX ≥ 20.0;MACD 🚀;ATR14 ≥ 2.0;ATR % ≥ 0.5%
2025-08-06T14:33:02.836252,BRK-B,0.00,20.38,1.31,inf,-17.84,-17.84,ADX ≥ 20.0;MACD 🚀;ATR % ≥ 0.5%
2025-08-06T14:33:03.980715,TECH,49.35,73.65,1.18,2.39,-2.88,-2.88,ADX ≥ 20.0;MACD 🚀;ATR % ≥ 0.5%
2025-08-06T14:33:11.086148,BF-B,0.00,25.30,0.14,inf,4.87,4.87,ADX ≥ 20.0;MACD 🚀;ATR % ≥ 0.5%
2025-08-06T14:33:12.753041,BXP,66.05,22.61,0.31,0.47,-7.89,-7.89,ADX ≥ 20.0;MACD 🚀;Price > SMA20
2025-08-06T14:33:13.517872,CHRW,116.34,21.00,0.38,0.32,-11.91,-11.91,ADX ≥ 20.0;MACD 🚀;Price > SMA20
2025-08-06T14:33:16.300354,CPB,32.70,28.53,0.10,0.32,0.52,0.52,ADX ≥ 20.0;MACD 🚀;Price > SMA20
2025-08-06T14:33:17.616345,CAH,156.72,54.29,0.87,0.55,-17.86,-17.86,ADX ≥ 20.0;MACD 🚀;ATR % ≥ 0.5%
2025-08-06T14:33:22.418267,COR,281.98,60.21,3.00,1.06,-35.30,-35.30,ADX ≥ 20.0;MACD 🚀;ATR14 ≥ 2.0;ATR % ≥ 0.5%
2025-08-06T14:33:25.252628,CNC,25.43,49.41,0.17,0.65,-24.64,-24.64,ADX ≥ 20.0;MACD 🚀;ATR % ≥ 0.5%
2025-08-06T14:33:26.110496,CNP,39.09,26.08,0.09,0.24,-39.92,-39.92,ADX ≥ 20.0;MACD 🚀;RSI 📈;Price > SMA20
2025-08-06T14:33:27.512647,CRL,157.71,40.84,3.71,2.35,-29.41,-29.41,ADX ≥ 20.0;MACD 🚀;ATR14 ≥ 2.0;ATR % ≥ 0.5%
2025-08-06T14:33:31.063072,CB,269.37,22.99,0.55,0.21,3.84,3.84,ADX ≥ 20.0;MACD 🚀;BB breakout;Price > SMA20
2025-08-06T14:33:31.870010,CHD,91.66,25.69,0.25,0.27,-16.47,-16.47,ADX ≥ 20.0;MACD 🚀;RSI 📈;Price > SMA20
2025-08-06T14:33:35.467633,CSCO,68.37,57.91,0.20,0.29,7.74,7.74,ADX ≥ 20.0;MACD 🚀;RSI 📈;Price > SMA20
2025-08-06T14:33:37.404411,CLX,125.45,28.74,0.32,0.25,-17.57,-17.57,ADX ≥ 20.0;MACD 🚀;BB breakout;Price > SMA20
2025-08-06T14:33:39.146149,CMS,74.48,24.36,0.15,0.19,-23.09,-23.09,ADX ≥ 20.0;MACD 🚀;RSI 📈;Price > SMA20
2025-08-06T14:33:41.689736,CL,83.70,24.97,0.24,0.28,7.46,7.46,ADX ≥ 20.0;MACD 🚀;BB breakout;RSI 📈;Price > SMA20
2025-08-06T14:33:44.172104,ED,104.69,37.65,0.23,0.22,-28.32,-28.32,ADX ≥ 20.0;MACD 🚀;BB breakout;RSI 📈;Price > SMA20
2025-08-06T14:33:45.498721,CEG,337.66,37.86,2.55,0.76,-23.36,-23.36,ADX ≥ 20.0;MACD 🚀;ATR14 ≥ 2.0;ATR % ≥ 0.5%
2025-08-06T14:33:50.148721,COST,955.89,36.59,2.18,0.23,3.36,3.36,ADX ≥ 20.0;MACD 🚀;RSI 📈;ATR14 ≥ 2.0;Price > SMA20
2025-08-06T14:33:53.616100,CVS,63.24,45.00,0.27,0.43,-1.86,-1.86,ADX ≥ 20.0;MACD 🚀;Price > SMA20
2025-08-06T14:33:55.986366,DVA,128.65,78.82,2.32,1.80,-29.22,-29.22,ADX ≥ 20.0;MACD 🚀;ATR14 ≥ 2.0;ATR % ≥ 0.5%
2025-08-06T14:34:03.054871,D,61.49,44.89,0.14,0.22,-16.36,-16.36,ADX ≥ 20.0;MACD 🚀;RSI 📈;Price > SMA20
2025-08-06T14:34:07.100550,DUK,125.72,29.43,0.33,0.26,-10.68,-10.68,ADX ≥ 20.0;MACD 🚀;RSI 📈;Price > SMA20
2025-08-06T14:34:13.525020,EMR,126.63,81.77,2.09,1.65,-34.27,-34.27,ADX ≥ 20.0;MACD 🚀;BB breakout;ATR14 ≥ 2.0;ATR % ≥ 0.5%
2025-08-06T14:34:15.365072,ETR,90.83,22.30,0.30,0.33,-7.11,-7.11,ADX ≥ 20.0;MACD 🚀;BB breakout;RSI 📈;Price > SMA20
2025-08-06T14:34:22.780361,EVRG,73.36,23.56,0.17,0.23,-32.80,-32.80,ADX ≥ 20.0;MACD 🚀;BB breakout;RSI 📈;Price > SMA20
2025-08-06T14:34:24.301763,EXC,45.10,33.22,0.11,0.24,-7.40,-7.40,ADX ≥ 20.0;MACD 🚀;BB breakout;RSI 📈;Price > SMA20
2025-08-06T14:34:37.543217,GRMN,229.16,29.10,0.70,0.31,-2.00,-2.00,ADX ≥ 20.0;MACD 🚀;Price > SMA20
2025-08-06T14:34:40.612814,GNRC,194.29,50.43,1.07,0.55,-21.03,-21.03,ADX ≥ 20.0;MACD 🚀;ATR % ≥ 0.5%
2025-08-06T14:34:41.739333,GIS,49.31,21.35,0.13,0.26,-6.94,-6.94,ADX ≥ 20.0;MACD 🚀;Price > SMA20
2025-08-06T14:34:42.878190,GPC,132.92,52.13,0.35,0.26,14.04,14.04,ADX ≥ 20.0;MACD 🚀;Price > SMA20
2025-08-06T14:34:43.578892,GILD,111.97,70.80,0.42,0.37,-8.13,-8.13,ADX ≥ 20.0;MACD 🚀;BB breakout;Price > SMA20
2025-08-06T14:34:44.763379,GL,140.03,20.44,0.53,0.38,-12.78,-12.78,ADX ≥ 20.0;MACD 🚀;Price > SMA20
2025-08-06T14:34:52.349968,HRL,28.30,37.11,0.07,0.26,-20.02,-20.02,ADX ≥ 20.0;MACD 🚀;Price > SMA20
2025-08-06T14:34:54.996189,HUM,257.63,21.31,1.34,0.52,11.85,11.85,ADX ≥ 20.0;MACD 🚀;BB breakout;RSI 📈;ATR % ≥ 0.5%;Price > SMA20
2025-08-06T14:34:58.183065,ITW,257.55,45.44,0.85,0.33,12.59,12.59,ADX ≥ 20.0;MACD 🚀;RSI 📈;Price > SMA20
2025-08-06T14:35:00.040600,INTC,20.21,40.10,0.11,0.53,5.33,5.33,ADX ≥ 20.0;MACD 🚀;RSI 📈;ATR % ≥ 0.5%;Price > SMA20
2025-08-06T14:35:04.217812,INVH,30.50,29.34,0.10,0.33,-7.53,-7.53,ADX ≥ 20.0;MACD 🚀;Price > SMA20
2025-08-06T14:35:04.968925,IQV,178.53,47.45,1.28,0.72,-31.65,-31.65,ADX ≥ 20.0;MACD 🚀;ATR % ≥ 0.5%
2025-08-06T14:35:10.406320,K,79.81,32.31,0.04,0.05,-31.49,-31.49,ADX ≥ 20.0;MACD 🚀;Price > SMA20
2025-08-06T14:35:11.146919,KVUE,21.70,34.26,0.07,0.33,-32.07,-32.07,ADX ≥ 20.0;MACD 🚀;Price > SMA20
2025-08-06T14:35:11.822201,KDP,33.52,27.70,0.08,0.24,-26.12,-26.12,ADX ≥ 20.0;MACD 🚀;RSI 📈;Price > SMA20
2025-08-06T14:35:14.489198,KMI,27.00,55.66,0.25,0.92,-50.09,-50.09,ADX ≥ 20.0;MACD 🚀;ATR % ≥ 0.5%
2025-08-06T14:35:16.729097,KHC,27.17,25.22,0.08,0.31,-10.36,-10.36,ADX ≥ 20.0;MACD 🚀;RSI 📈;Price > SMA20
2025-08-06T14:35:17.476265,KR,72.44,23.63,0.20,0.28,-17.21,-17.21,ADX ≥ 20.0;MACD 🚀;BB breakout;RSI 📈;Price > SMA20
2025-08-06T14:35:18.793509,LH,262.99,23.56,0.84,0.32,18.83,18.83,ADX ≥ 20.0;MACD 🚀;Price > SMA20
2025-08-06T14:35:21.044942,LDOS,172.19,27.72,1.03,0.60,-6.59,-6.59,ADX ≥ 20.0;MACD 🚀;ATR % ≥ 0.5%
2025-08-06T14:35:23.165158,LIN,470.62,36.36,0.96,0.20,-20.70,-20.70,ADX ≥ 20.0;MACD 🚀;Price > SMA20
2025-08-06T14:35:24.942885,LMT,430.54,44.67,1.05,0.24,13.69,13.69,ADX ≥ 20.0;MACD 🚀;RSI 📈;Price > SMA20
2025-08-06T14:35:25.856959,L,94.10,22.67,0.21,0.22,13.74,13.74,ADX ≥ 20.0;MACD 🚀;RSI 📈;Price > SMA20
2025-08-06T14:35:28.647921,MPC,165.58,31.77,0.99,0.60,0.24,0.24,ADX ≥ 20.0;MACD 🚀;ATR % ≥ 0.5%
2025-08-06T14:35:29.295878,MKTX,188.56,85.58,3.62,1.92,-22.99,-22.99,ADX ≥ 20.0;MACD 🚀;ATR14 ≥ 2.0;ATR % ≥ 0.5%
2025-08-06T14:35:33.174969,MKC,69.72,49.38,0.16,0.23,-37.48,-37.48,ADX ≥ 20.0;MACD 🚀;Price > SMA20
2025-08-06T14:35:34.382831,MCK,705.99,51.08,4.58,0.65,-53.14,-53.14,ADX ≥ 20.0;MACD 🚀;ATR14 ≥ 2.0;ATR % ≥ 0.5%;Price > SMA20
2025-08-06T14:35:37.303684,MET,75.45,33.41,0.26,0.35,-10.18,-10.18,ADX ≥ 20.0;MACD 🚀;Price > SMA20
2025-08-06T14:35:41.514788,MRNA,26.80,48.04,0.19,0.69,-34.48,-34.48,ADX ≥ 20.0;MACD 🚀;ATR % ≥ 0.5%
2025-08-06T14:35:42.842704,MOH,153.37,28.85,0.87,0.57,-16.54,-16.54,ADX ≥ 20.0;MACD 🚀;BB breakout;ATR % ≥ 0.5%
2025-08-06T14:35:43.525963,TAP,49.80,27.70,0.26,0.52,-32.52,-32.52,ADX ≥ 20.0;MACD 🚀;RSI 📈;ATR % ≥ 0.5%;Price > SMA20
2025-08-06T14:35:45.241140,MNST,59.35,42.02,0.20,0.34,-11.76,-11.76,ADX ≥ 20.0;MACD 🚀;RSI 📈;Price > SMA20
2025-08-06T14:35:47.104069,MOS,31.84,80.32,0.61,1.93,-33.99,-33.99,ADX ≥ 20.0;MACD 🚀;ATR % ≥ 0.5%
2025-08-06T14:35:47.879966,MSI,438.90,27.75,1.14,0.26,-11.50,-11.50,ADX ≥ 20.0;MACD 🚀;RSI 📈;Price > SMA20
2025-08-06T14:35:51.014972,NEM,68.19,20.69,0.23,0.33,-23.51,-23.51,ADX ≥ 20.0;MACD 🚀;RSI 📈;Price > SMA20
2025-08-06T14:35:51.769256,NWSA,29.16,29.46,0.27,0.93,-3.74,-3.74,ADX ≥ 20.0;MACD 🚀;ATR % ≥ 0.5%
2025-08-06T14:35:52.671697,NWS,33.40,52.85,0.34,1.02,-22.90,-22.90,ADX ≥ 20.0;MACD 🚀;ATR % ≥ 0.5%
2025-08-06T14:35:58.037933,NRG,149.34,86.70,2.82,1.89,-46.94,-46.94,ADX ≥ 20.0;MACD 🚀;ATR14 ≥ 2.0;ATR % ≥ 0.5%
2025-08-06T14:36:08.107017,PLTR,177.84,37.46,1.22,0.68,-22.64,-22.64,ADX ≥ 20.0;MACD 🚀;RSI 📈;ATR % ≥ 0.5%;Price > SMA20
2025-08-06T14:36:13.141811,PEP,140.29,39.24,0.33,0.23,-5.68,-5.68,ADX ≥ 20.0;MACD 🚀;RSI 📈;Price > SMA20
2025-08-06T14:36:14.824144,PCG,15.22,27.56,0.06,0.37,-18.03,-18.03,ADX ≥ 20.0;MACD 🚀;BB breakout;Price > SMA20
2025-08-06T14:36:19.285079,PPL,36.16,38.89,0.08,0.21,-25.35,-25.35,ADX ≥ 20.0;MACD 🚀;RSI 📈;Price > SMA20
2025-08-06T14:36:20.655759,PG,151.67,30.43,0.31,0.21,-12.65,-12.65,ADX ≥ 20.0;MACD 🚀;RSI 📈;Price > SMA20
2025-08-06T14:36:22.079654,PLD,106.64,29.78,0.36,0.33,-10.25,-10.25,ADX ≥ 20.0;MACD 🚀;BB breakout
2025-08-06T14:36:24.320252,PSA,282.81,22.17,0.65,0.23,-25.39,-25.39,ADX ≥ 20.0;MACD 🚀;Price > SMA20
2025-08-06T14:36:26.813153,DGX,174.53,36.19,0.61,0.35,13.18,13.18,ADX ≥ 20.0;MACD 🚀;RSI 📈;Price > SMA20
2025-08-06T14:36:30.226319,REGN,559.62,42.13,2.82,0.50,7.38,7.38,ADX ≥ 20.0;MACD 🚀;ATR14 ≥ 2.0;ATR % ≥ 0.5%
2025-08-06T14:36:33.424759,ROK,310.86,83.88,5.09,1.64,-21.40,-21.40,ADX ≥ 20.0;MACD 🚀;ATR14 ≥ 2.0;ATR % ≥ 0.5%
2025-08-06T14:36:37.726990,SBAC,221.65,36.47,0.81,0.37,-21.95,-21.95,ADX ≥ 20.0;MACD 🚀;Price > SMA20
2025-08-06T14:36:41.364961,SWKS,67.44,26.59,0.94,1.39,-23.11,-23.11,ADX ≥ 20.0;MACD 🚀;ATR % ≥ 0.5%;Price > SMA20
2025-08-06T14:36:41.990979,SJM,109.71,30.12,0.30,0.27,-38.92,-38.92,ADX ≥ 20.0;MACD 🚀;Price > SMA20
2025-08-06T14:36:49.003707,SMCI,45.90,94.40,1.20,2.62,-60.72,-60.72,ADX ≥ 20.0;MACD 🚀;ATR % ≥ 0.5%
2025-08-06T14:36:55.961027,TER,104.20,49.35,0.60,0.58,-20.03,-20.03,ADX ≥ 20.0;MACD 🚀;ATR % ≥ 0.5%
2025-08-06T14:36:56.684667,TSLA,317.34,37.21,2.18,0.69,-11.02,-11.02,ADX ≥ 20.0;MACD 🚀;BB breakout;RSI 📈;ATR14 ≥ 2.0;ATR % ≥ 0.5%;Price > SMA20
2025-08-06T14:36:59.061894,TMO,451.95,73.52,2.64,0.58,-26.34,-26.34,ADX ≥ 20.0;MACD 🚀;ATR14 ≥ 2.0;ATR % ≥ 0.5%
2025-08-06T14:37:02.377180,TRV,267.34,39.22,0.68,0.25,8.07,8.07,ADX ≥ 20.0;MACD 🚀;Price > SMA20
2025-08-06T14:37:03.198067,TRMB,82.31,20.31,1.09,1.32,-41.43,-41.43,ADX ≥ 20.0;MACD 🚀;ATR % ≥ 0.5%
2025-08-06T14:37:04.840502,TSN,55.29,30.58,0.12,0.21,-0.93,-0.93,ADX ≥ 20.0;MACD 🚀;RSI 📈;Price > SMA20
2025-08-06T14:37:05.953664,UBER,87.70,49.98,1.06,1.21,-23.88,-23.88,ADX ≥ 20.0;MACD 🚀;ATR % ≥ 0.5%
2025-08-06T14:37:07.658951,UNP,223.65,27.84,0.50,0.22,-19.71,-19.71,ADX ≥ 20.0;MACD 🚀;RSI 📈;Price > SMA20
2025-08-06T14:37:10.324235,UNH,250.50,20.32,1.63,0.65,-10.65,-10.65,ADX ≥ 20.0;MACD 🚀;BB breakout;ATR % ≥ 0.5%;Price > SMA20
2025-08-06T14:37:11.625194,VLO,135.48,33.14,0.69,0.51,-4.50,-4.50,ADX ≥ 20.0;MACD 🚀;ATR % ≥ 0.5%
2025-08-06T14:37:15.069494,VRTX,386.82,37.62,3.10,0.80,8.59,8.59,ADX ≥ 20.0;MACD 🚀;RSI 📈;ATR14 ≥ 2.0;ATR % ≥ 0.5%;Price > SMA20
2025-08-06T14:37:15.859608,VTRS,8.88,35.79,0.05,0.52,-31.19,-31.19,ADX ≥ 20.0;MACD 🚀;ATR % ≥ 0.5%;Price > SMA20
2025-08-06T14:37:17.661058,VST,203.91,60.62,2.15,1.05,-31.73,-31.73,ADX ≥ 20.0;MACD 🚀;ATR14 ≥ 2.0;ATR % ≥ 0.5%
2025-08-06T14:37:19.416972,GWW,948.80,47.97,2.33,0.25,8.06,8.06,ADX ≥ 20.0;MACD 🚀;BB breakout;RSI 📈;ATR14 ≥ 2.0;Price > SMA20
2025-08-06T14:37:20.910481,WBA,11.71,43.42,0.01,0.10,13.16,13.16,ADX ≥ 20.0;MACD 🚀;BB breakout;RSI 📈;Price > SMA20
2025-08-06T14:37:21.662285,WMT,101.47,84.28,0.29,0.28,2.44,2.44,ADX ≥ 20.0;MACD 🚀;BB breakout;RSI 📈;Price > SMA20
2025-08-06T14:37:22.342907,DIS,114.37,66.34,1.21,1.05,-23.81,-23.81,ADX ≥ 20.0;MACD 🚀;ATR % ≥ 0.5%
2025-08-06T14:37:24.273610,WAT,279.46,40.84,1.39,0.50,-2.03,-2.03,ADX ≥ 20.0;MACD 🚀;Price > SMA20
2025-08-06T14:37:24.988519,WEC,110.75,25.43,0.26,0.23,-26.72,-26.72,ADX ≥ 20.0;MACD 🚀;BB breakout;RSI 📈;Price > SMA20
2025-08-06T14:37:26.328869,WELL,170.50,20.69,0.47,0.27,-23.07,-23.07,ADX ≥ 20.0;MACD 🚀;Price > SMA20
2025-08-06T14:37:27.161698,WST,235.10,51.07,1.19,0.51,7.34,7.34,ADX ≥ 20.0;MACD 🚀;ATR % ≥ 0.5%
2025-08-06T14:37:30.012427,WTW,324.80,25.81,0.79,0.24,-17.32,-17.32,ADX ≥ 20.0;MACD 🚀;Price > SMA20
2025-08-06T14:37:32.965428,YUM,140.27,20.81,0.55,0.39,-19.43,-19.43,ADX ≥ 20.0;MACD 🚀;Price > SMA20
2025-08-06T14:37:34.692710,ZTS,145.38,25.25,0.86,0.59,-27.03,-27.03,ADX ≥ 20.0;MACD 🚀;ATR % ≥ 0.5%
2025-08-06T15:36:20.925426,ABT,131.60,39.87,0.24,0.18,-26.42,-26.42,ADX ≥ 20.0;MACD 🚀;RSI 📈;Price > SMA20
2025-08-06T15:36:21.616706,ABBV,195.89,21.92,0.44,0.22,-11.08,-11.08,ADX ≥ 20.0;MACD 🚀;Price > SMA20
2025-08-06T15:36:23.809429,AMD,161.39,56.20,0.90,0.56,-24.85,-24.85,ADX ≥ 20.0;MACD 🚀;ATR % ≥ 0.5%;Price > SMA20
2025-08-06T15:36:25.519053,A,114.25,31.89,0.25,0.22,-39.16,-39.16,ADX ≥ 20.0;MACD 🚀;Price > SMA20
2025-08-06T15:36:26.903314,ABNB,129.91,43.76,0.22,0.17,-29.73,-29.73,ADX ≥ 20.0;MACD 🚀;RSI 📈;Price > SMA20
2025-08-06T15:36:27.493130,AKAM,74.09,20.38,0.13,0.18,-31.24,-31.24,ADX ≥ 20.0;MACD 🚀;RSI 📈;Price > SMA20
2025-08-06T15:36:30.829086,LNT,66.29,37.83,0.07,0.11,8.66,8.66,ADX ≥ 20.0;MACD 🚀;Price > SMA20
2025-08-06T15:36:31.663504,ALL,208.36,48.98,0.41,0.20,-23.52,-23.52,ADX ≥ 20.0;MACD 🚀;BB breakout;RSI 📈;Price > SMA20
2025-08-06T15:36:33.548263,MO,63.58,77.83,0.08,0.13,-11.48,-11.48,ADX ≥ 20.0;MACD 🚀;RSI 📈;Price > SMA20
2025-08-06T15:36:34.699858,AMCR,9.37,26.83,0.02,0.21,-12.40,-12.40,ADX ≥ 20.0;MACD 🚀;Price > SMA20
2025-08-06T15:36:37.106342,AIG,79.22,29.96,0.11,0.14,-30.37,-30.37,ADX ≥ 20.0;MACD 🚀;BB breakout;RSI 📈;Price > SMA20
2025-08-06T15:36:40.199796,APH,109.06,28.32,0.19,0.18,-17.45,-17.45,ADX ≥ 20.0;MACD 🚀;RSI 📈;Price > SMA20
2025-08-06T15:36:41.840541,AON,360.83,24.85,0.59,0.16,-28.45,-28.45,ADX ≥ 20.0;MACD 🚀;Price > SMA20
2025-08-06T15:36:42.461531,APA,18.70,25.44,0.06,0.34,-25.97,-25.97,ADX ≥ 20.0;MACD 🚀;Price > SMA20
2025-08-06T15:36:43.069984,APO,147.31,22.80,0.49,0.34,-32.74,-32.74,ADX ≥ 20.0;MACD 🚀;BB breakout;RSI 📈;Price > SMA20
2025-08-06T15:36:44.027638,AAPL,214.40,55.44,0.74,0.34,8.77,8.77,ADX ≥ 20.0;MACD 🚀;RSI 📈;Price > SMA20
2025-08-06T15:36:44.696761,AMAT,176.79,51.32,0.39,0.22,-35.22,-35.22,ADX ≥ 20.0;MACD 🚀;Price > SMA20
2025-08-06T15:55:00.048219,AMD,162.66,45.78,0.80,0.49,-17.36,-17.36,ADX ≥ 20.0;MACD 🚀;BB breakout;RSI 📈;Price > SMA20
2025-08-06T15:55:02.110551,A,114.42,28.81,0.22,0.19,-25.12,-25.12,ADX ≥ 20.0;MACD 🚀;BB breakout;RSI 📈;Price > SMA20
2025-08-06T15:55:06.489956,ALGN,135.86,34.29,0.33,0.24,-42.31,-42.31,ADX ≥ 20.0;MACD 🚀;Price > SMA20
2025-08-06T15:55:08.355769,ALL,208.44,51.17,0.40,0.19,-9.87,-9.87,ADX ≥ 20.0;MACD 🚀;RSI 📈;Price > SMA20
2025-08-06T15:55:09.335400,GOOGL,195.94,51.45,0.28,0.14,-21.79,-21.79,ADX ≥ 20.0;MACD 🚀;RSI 📈;Price > SMA20
2025-08-06T15:55:10.057598,GOOG,196.74,51.09,0.29,0.15,-19.34,-19.34,ADX ≥ 20.0;MACD 🚀;RSI 📈;Price > SMA20
2025-08-06T15:55:11.862480,AMCR,9.37,28.63,0.02,0.19,-16.11,-16.11,ADX ≥ 20.0;MACD 🚀;Price > SMA20
2025-08-06T15:55:12.537242,AEE,102.23,24.27,0.15,0.15,-4.54,-4.54,ADX ≥ 20.0;MACD 🚀;BB breakout;Price > SMA20
2025-08-06T15:55:14.738968,AMT,210.90,20.38,0.26,0.12,-8.02,-8.02,ADX ≥ 20.0;MACD 🚀;RSI 📈;Price > SMA20
2025-08-06T15:55:19.021278,AON,361.63,25.39,0.55,0.15,-13.78,-13.78,ADX ≥ 20.0;MACD 🚀;BB breakout;RSI 📈;Price > SMA20
2025-08-06T15:55:21.439763,AMAT,177.47,43.57,0.35,0.20,-24.64,-24.64,ADX ≥ 20.0;MACD 🚀;RSI 📈;Price > SMA20
2025-08-06T15:55:23.594211,ADM,57.87,31.02,0.15,0.27,-48.95,-48.95,ADX ≥ 20.0;MACD 🚀;RSI 📈;Price > SMA20
2025-08-06T15:55:26.565535,ATO,158.50,28.49,0.24,0.15,-7.42,-7.42,ADX ≥ 20.0;MACD 🚀;BB breakout;RSI 📈;Price > SMA20
2025-08-06T15:55:27.892274,ADP,301.74,56.05,0.36,0.12,-18.34,-18.34,ADX ≥ 20.0;MACD 🚀;BB breakout;RSI 📈;Price > SMA20
2025-08-06T15:55:29.195665,AVB,186.85,56.82,0.27,0.14,-0.79,-0.79,ADX ≥ 20.0;MACD 🚀;RSI 📈;Price > SMA20
2025-08-06T15:55:29.870355,AVY,166.89,38.61,0.23,0.14,-17.09,-17.09,ADX ≥ 20.0;MACD 🚀;BB breakout;Price > SMA20
2025-08-06T15:55:32.358049,BAC,45.80,29.51,0.06,0.14,-18.38,-18.38,ADX ≥ 20.0;MACD 🚀;Price > SMA20
2025-08-06T15:55:34.311626,BRK-B,0.00,46.70,0.73,inf,-18.34,-18.34,ADX ≥ 20.0;MACD 🚀;RSI 📈;ATR % ≥ 0.5%
2025-08-06T15:55:35.430296,TECH,51.82,58.05,0.33,0.63,-18.57,-18.57,ADX ≥ 20.0;MACD 🚀;RSI 📈;ATR % ≥ 0.5%;Price > SMA20
2025-08-06T15:55:37.773410,BK,101.89,28.76,0.12,0.12,-11.14,-11.14,ADX ≥ 20.0;MACD 🚀;RSI 📈;Price > SMA20
2025-08-06T15:55:39.896334,BSX,104.72,62.64,0.33,0.32,-65.07,-65.07,ADX ≥ 20.0;MACD 🚀;BB breakout;RSI 📈;Price > SMA20
2025-08-06T15:55:41.473966,AVGO,298.30,30.70,0.95,0.32,-12.63,-12.63,ADX ≥ 20.0;MACD 🚀;RSI 📈;Price > SMA20
2025-08-06T15:55:43.125762,BRO,91.38,21.87,0.18,0.19,-23.51,-23.51,ADX ≥ 20.0;MACD 🚀;BB breakout;Price > SMA20
2025-08-06T15:55:46.544022,CDNS,361.11,26.55,0.63,0.17,-0.30,-0.30,ADX ≥ 20.0;MACD 🚀;Price > SMA20
2025-08-06T15:55:48.426909,CPB,32.79,33.35,0.06,0.17,-26.64,-26.64,ADX ≥ 20.0;MACD 🚀;Price > SMA20
2025-08-06T15:55:51.365130,CARR,66.39,41.37,0.09,0.14,-15.03,-15.03,ADX ≥ 20.0;MACD 🚀;RSI 📈;Price > SMA20
2025-08-06T15:55:53.232976,CBRE,157.00,29.90,0.27,0.17,-29.87,-29.87,ADX ≥ 20.0;MACD 🚀;BB breakout;RSI 📈;Price > SMA20
2025-08-06T15:55:54.415255,COR,285.69,67.41,1.04,0.37,-40.93,-40.93,ADX ≥ 20.0;MACD 🚀;Price > SMA20
2025-08-06T15:55:55.852844,CNP,39.05,27.16,0.07,0.17,3.52,3.52,ADX ≥ 20.0;MACD 🚀;Price > SMA20
2025-08-06T15:55:56.994921,CRL,157.05,24.29,0.84,0.53,-39.43,-39.43,ADX ≥ 20.0;MACD 🚀;ATR % ≥ 0.5%
2025-08-06T15:56:01.010347,CI,272.68,37.32,0.65,0.24,-5.96,-5.96,ADX ≥ 20.0;MACD 🚀;RSI 📈;Price > SMA20
2025-08-06T15:56:02.242358,CTAS,223.79,37.61,0.33,0.15,-1.38,-1.38,ADX ≥ 20.0;MACD 🚀;Price > SMA20
2025-08-06T15:56:03.629067,C,92.37,24.77,0.14,0.15,-24.62,-24.62,ADX ≥ 20.0;MACD 🚀;RSI 📈;Price > SMA20
2025-08-06T15:56:06.001435,CME,282.96,35.83,0.44,0.15,-29.48,-29.48,ADX ≥ 20.0;MACD 🚀;RSI 📈;Price > SMA20
2025-08-06T15:56:06.632771,CMS,74.72,29.77,0.09,0.13,-17.90,-17.90,ADX ≥ 20.0;MACD 🚀;RSI 📈;Price > SMA20
2025-08-06T15:56:07.319118,KO,69.44,34.60,0.07,0.10,-9.15,-9.15,ADX ≥ 20.0;MACD 🚀;BB breakout;Price > SMA20
2025-08-06T15:56:07.946738,CTSH,70.55,39.80,0.10,0.15,-12.13,-12.13,ADX ≥ 20.0;MACD 🚀;BB breakout;RSI 📈;Price > SMA20
2025-08-06T15:56:09.264075,CL,84.42,54.11,0.13,0.16,-21.91,-21.91,ADX ≥ 20.0;MACD 🚀;BB breakout;RSI 📈;Price > SMA20
2025-08-06T15:56:09.973734,CMCSA,32.44,20.52,0.05,0.15,-6.46,-6.46,ADX ≥ 20.0;MACD 🚀;Price > SMA20
2025-08-06T15:56:13.747064,COO,69.03,36.49,0.12,0.17,-35.78,-35.78,ADX ≥ 20.0;MACD 🚀;Price > SMA20
2025-08-06T15:56:15.252625,GLW,64.08,48.88,0.11,0.17,-19.71,-19.71,ADX ≥ 20.0;MACD 🚀;BB breakout;RSI 📈;Price > SMA20
2025-08-06T15:56:15.885272,CPAY,319.53,31.53,0.65,0.20,-16.31,-16.31,ADX ≥ 20.0;MACD 🚀;RSI 📈;Price > SMA20
2025-08-06T15:56:17.430365,CSGP,97.19,38.75,0.13,0.14,-33.53,-33.53,ADX ≥ 20.0;MACD 🚀;RSI 📈;Price > SMA20
2025-08-06T15:56:19.830474,CCI,106.43,30.56,0.15,0.14,-17.48,-17.48,ADX ≥ 20.0;MACD 🚀;RSI 📈;Price > SMA20
2025-08-06T15:56:21.290443,CMI,382.20,55.62,0.71,0.19,-10.88,-10.88,ADX ≥ 20.0;MACD 🚀;BB breakout;RSI 📈;Price > SMA20
2025-08-06T15:56:22.037913,CVS,63.61,26.52,0.11,0.18,-30.08,-30.08,ADX ≥ 20.0;MACD 🚀;RSI 📈;Price > SMA20
2025-08-06T15:56:24.103797,DAY,52.80,30.97,0.30,0.58,-34.02,-34.02,ADX ≥ 20.0;MACD 🚀;BB breakout;RSI 📈;ATR % ≥ 0.5%;Price > SMA20
2025-08-06T15:56:25.739506,DELL,127.83,40.28,0.52,0.41,-33.06,-33.06,ADX ≥ 20.0;MACD 🚀;Price > SMA20
2025-08-06T15:56:27.612803,DXCM,75.90,29.69,0.17,0.22,-6.29,-6.29,ADX ≥ 20.0;MACD 🚀;BB breakout;RSI 📈;Price > SMA20
2025-08-06T15:56:28.819126,DLR,171.90,26.72,0.34,0.20,-25.83,-25.83,ADX ≥ 20.0;MACD 🚀;RSI 📈;Price > SMA20
2025-08-06T15:56:31.344091,DG,114.02,59.72,0.25,0.22,6.61,6.61,ADX ≥ 20.0;MACD 🚀;RSI 📈;Price > SMA20
2025-08-06T15:56:32.679949,D,61.74,33.13,0.08,0.13,-3.96,-3.96,ADX ≥ 20.0;MACD 🚀;RSI 📈;Price > SMA20
2025-08-06T15:56:33.645236,DPZ,442.81,26.51,0.87,0.20,-26.63,-26.63,ADX ≥ 20.0;MACD 🚀;Price > SMA20
2025-08-06T15:56:34.344709,DASH,257.32,27.21,0.61,0.24,-21.20,-21.20,ADX ≥ 20.0;MACD 🚀;RSI 📈;Price > SMA20
2025-08-06T15:56:36.191504,DHI,155.24,21.77,0.33,0.21,-34.63,-34.63,ADX ≥ 20.0;MACD 🚀;Price > SMA20
2025-08-06T15:56:38.195348,DTE,140.58,22.30,0.18,0.13,-32.53,-32.53,ADX ≥ 20.0;MACD 🚀;RSI 📈;Price > SMA20
2025-08-06T15:56:41.379395,ECL,268.07,44.21,0.28,0.10,-39.23,-39.23,ADX ≥ 20.0;MACD 🚀;BB breakout;RSI 📈;Price > SMA20
2025-08-06T15:56:42.434929,EW,78.44,43.96,0.12,0.15,-39.53,-39.53,ADX ≥ 20.0;MACD 🚀;Price > SMA20
2025-08-06T15:56:44.071287,EMR,127.42,36.19,0.74,0.58,-23.37,-23.37,ADX ≥ 20.0;MACD 🚀;ATR % ≥ 0.5%;Price > SMA20
2025-08-06T15:56:45.388278,ETR,91.44,25.93,0.15,0.17,-30.76,-30.76,ADX ≥ 20.0;MACD 🚀;RSI 📈;Price > SMA20
2025-08-06T15:56:46.833607,EPAM,148.37,37.45,0.32,0.21,-40.22,-40.22,ADX ≥ 20.0;MACD 🚀;Price > SMA20
2025-08-06T15:56:48.981296,EQR,63.81,45.35,0.10,0.16,-27.42,-27.42,ADX ≥ 20.0;MACD 🚀;Price > SMA20
2025-08-06T15:56:51.880647,ES,66.28,24.78,0.11,0.16,3.87,3.87,ADX ≥ 20.0;MACD 🚀;RSI 📈;Price > SMA20
2025-08-06T15:56:57.821755,FRT,93.66,30.17,0.14,0.15,-21.38,-21.38,ADX ≥ 20.0;MACD 🚀;BB breakout;Price > SMA20
2025-08-06T15:56:58.580301,FDX,224.74,23.08,0.41,0.18,-32.53,-32.53,ADX ≥ 20.0;MACD 🚀;RSI 📈;Price > SMA20
2025-08-06T15:57:04.503755,FOXA,53.62,21.76,0.15,0.29,-36.08,-36.08,ADX ≥ 20.0;MACD 🚀;Price > SMA20
2025-08-06T15:57:05.179291,FOX,48.96,22.45,0.15,0.30,-35.21,-35.21,ADX ≥ 20.0;MACD 🚀;Price > SMA20
2025-08-06T15:57:06.965879,GRMN,230.99,22.13,0.37,0.16,-12.02,-12.02,ADX ≥ 20.0;MACD 🚀;BB breakout;RSI 📈;Price > SMA20
2025-08-06T15:57:07.681183,IT,244.23,31.29,0.64,0.26,-52.20,-52.20,ADX ≥ 20.0;MACD 🚀;Price > SMA20
2025-08-06T15:57:09.655877,GEV,660.21,26.78,1.88,0.28,-3.33,-3.33,ADX ≥ 20.0;MACD 🚀;Price > SMA20
2025-08-06T15:57:21.460016,HPE,20.20,34.44,0.05,0.23,-2.65,-2.65,ADX ≥ 20.0;MACD 🚀;RSI 📈;Price > SMA20
2025-08-06T15:57:22.754214,HOLX,67.78,26.01,0.09,0.13,-1.42,-1.42,ADX ≥ 20.0;MACD 🚀;Price > SMA20
2025-08-06T15:57:25.119131,HST,15.24,24.29,0.03,0.21,-21.47,-21.47,ADX ≥ 20.0;MACD 🚀;Price > SMA20
2025-08-06T15:57:26.540379,HPQ,25.21,37.76,0.05,0.20,-16.87,-16.87,ADX ≥ 20.0;MACD 🚀;RSI 📈;Price > SMA20
2025-08-06T15:57:27.321478,HUBB,425.66,27.93,0.82,0.19,-29.84,-29.84,ADX ≥ 20.0;MACD 🚀;BB breakout;RSI 📈;Price > SMA20
2025-08-06T15:57:28.826116,HBAN,16.22,25.85,0.03,0.17,-8.99,-8.99,ADX ≥ 20.0;MACD 🚀;RSI 📈;Price > SMA20
2025-08-06T15:57:30.194064,IBM,250.57,24.71,0.32,0.13,-6.23,-6.23,ADX ≥ 20.0;MACD 🚀;Price > SMA20
2025-08-06T15:57:33.694573,PODD,280.16,44.16,0.45,0.16,-41.09,-41.09,ADX ≥ 20.0;MACD 🚀;RSI 📈;Price > SMA20
2025-08-06T15:57:34.533655,INTC,20.34,29.01,0.07,0.32,3.50,3.50,ADX ≥ 20.0;MACD 🚀;RSI 📈;Price > SMA20
2025-08-06T15:57:35.452584,ICE,188.44,38.23,0.21,0.11,-22.75,-22.75,ADX ≥ 20.0;MACD 🚀;RSI 📈;Price > SMA20
2025-08-06T15:57:36.166074,IFF,65.61,86.70,0.71,1.08,-38.49,-38.49,ADX ≥ 20.0;MACD 🚀;ATR % ≥ 0.5%
2025-08-06T15:57:37.892658,INTU,775.00,36.63,1.26,0.16,-8.45,-8.45,ADX ≥ 20.0;MACD 🚀;BB breakout;RSI 📈;Price > SMA20
2025-08-06T15:57:40.877728,IRM,94.34,40.98,0.42,0.45,-31.17,-31.17,ADX ≥ 20.0;MACD 🚀;Price > SMA20
2025-08-06T15:57:43.750436,JNJ,171.79,44.72,0.23,0.14,-24.56,-24.56,ADX ≥ 20.0;MACD 🚀;BB breakout;RSI 📈;Price > SMA20
2025-08-06T15:57:47.493189,KEYS,161.38,24.01,0.22,0.13,-25.03,-25.03,ADX ≥ 20.0;MACD 🚀;Price > SMA20
2025-08-06T15:57:48.147623,KMB,136.38,45.67,0.29,0.22,6.31,6.31,ADX ≥ 20.0;MACD 🚀;RSI 📈;Price > SMA20
2025-08-06T15:57:50.295261,KLAC,879.16,37.89,1.95,0.22,-25.34,-25.34,ADX ≥ 20.0;MACD 🚀;RSI 📈;Price > SMA20
2025-08-06T15:57:52.912206,LRCX,95.39,39.38,0.22,0.23,-17.04,-17.04,ADX ≥ 20.0;MACD 🚀;Price > SMA20
2025-08-06T15:57:54.749334,LDOS,172.05,36.81,0.62,0.36,-24.21,-24.21,ADX ≥ 20.0;MACD 🚀;Price > SMA20
2025-08-06T15:57:55.919725,LII,596.54,30.63,0.92,0.15,-26.16,-26.16,ADX ≥ 20.0;MACD 🚀;Price > SMA20
2025-08-06T15:57:56.597332,LLY,749.38,50.18,2.40,0.32,-13.79,-13.79,ADX ≥ 20.0;MACD 🚀;ATR14 ≥ 2.0
2025-08-06T15:57:57.392247,LIN,473.16,31.33,0.57,0.12,-30.52,-30.52,ADX ≥ 20.0;MACD 🚀;BB breakout;RSI 📈;Price > SMA20
2025-08-06T15:57:59.144556,LMT,433.85,55.94,0.65,0.15,-20.26,-20.26,ADX ≥ 20.0;MACD 🚀;RSI 📈;Price > SMA20
2025-08-06T15:58:04.460940,MMC,203.45,44.67,0.32,0.16,-14.47,-14.47,ADX ≥ 20.0;MACD 🚀;BB breakout;RSI 📈;Price > SMA20
2025-08-06T15:58:05.108186,MLM,604.34,21.08,0.66,0.11,-37.43,-37.43,ADX ≥ 20.0;MACD 🚀;Price > SMA20
2025-08-06T15:58:06.548425,MA,569.27,33.54,0.80,0.14,-34.07,-34.07,ADX ≥ 20.0;MACD 🚀;BB breakout;RSI 📈;Price > SMA20
2025-08-06T15:58:09.209055,MDT,89.73,29.87,0.11,0.13,-29.55,-29.55,ADX ≥ 20.0;MACD 🚀;RSI 📈;Price > SMA20
2025-08-06T15:58:09.942607,MRK,80.66,34.46,0.21,0.25,0.17,0.17,ADX ≥ 20.0;MACD 🚀;RSI 📈;Price > SMA20
2025-08-06T15:58:12.232781,MGM,35.06,24.41,0.08,0.23,-6.66,-6.66,ADX ≥ 20.0;MACD 🚀;Price > SMA20
2025-08-06T15:58:13.014450,MCHP,66.16,24.62,0.17,0.26,-21.31,-21.31,ADX ≥ 20.0;MACD 🚀;Price > SMA20
2025-08-06T15:58:13.747498,MU,108.44,28.55,0.34,0.32,-13.39,-13.39,ADX ≥ 20.0;MACD 🚀;Price > SMA20
2025-08-06T15:58:14.581553,MSFT,526.49,24.31,0.68,0.13,-26.68,-26.68,ADX ≥ 20.0;MACD 🚀;Price > SMA20
2025-08-06T15:58:17.906759,TAP,50.12,37.49,0.12,0.24,-20.53,-20.53,ADX ≥ 20.0;MACD 🚀;RSI 📈;Price > SMA20
2025-08-06T15:58:18.597969,MDLZ,62.55,27.14,0.10,0.17,-21.18,-21.18,ADX ≥ 20.0;MACD 🚀;Price > SMA20
2025-08-06T15:58:19.813751,MNST,59.23,29.23,0.09,0.15,-13.20,-13.20,ADX ≥ 20.0;MACD 🚀;BB breakout
2025-08-06T15:58:21.709785,MOS,32.15,29.92,0.30,0.93,-19.67,-19.67,ADX ≥ 20.0;MACD 🚀;BB breakout;ATR % ≥ 0.5%;Price > SMA20
2025-08-06T15:58:23.613706,NDAQ,96.61,37.36,0.10,0.11,-28.42,-28.42,ADX ≥ 20.0;MACD 🚀;RSI 📈;Price > SMA20
2025-08-06T15:58:25.436018,NEM,68.20,26.06,0.15,0.22,6.07,6.07,ADX ≥ 20.0;MACD 🚀;BB breakout;Price > SMA20
2025-08-06T15:58:28.412014,NI,42.47,40.26,0.22,0.53,-12.23,-12.23,ADX ≥ 20.0;MACD 🚀;ATR % ≥ 0.5%
2025-08-06T15:58:30.380303,NTRS,125.81,37.29,0.19,0.15,-9.48,-9.48,ADX ≥ 20.0;MACD 🚀;RSI 📈;Price > SMA20
2025-08-06T15:58:32.213265,NRG,145.59,43.56,1.08,0.75,-15.41,-15.41,ADX ≥ 20.0;MACD 🚀;ATR % ≥ 0.5%
2025-08-06T15:58:33.553082,NVDA,179.06,23.08,0.42,0.23,-25.03,-25.03,ADX ≥ 20.0;MACD 🚀;BB breakout;RSI 📈;Price > SMA20
2025-08-06T15:58:34.854062,NXPI,206.07,38.08,0.41,0.20,-28.63,-28.63,ADX ≥ 20.0;MACD 🚀;Price > SMA20
2025-08-06T15:58:39.246282,OTIS,86.30,24.15,0.11,0.13,-23.00,-23.00,ADX ≥ 20.0;MACD 🚀;RSI 📈;Price > SMA20
2025-08-06T15:58:39.962383,PCAR,97.79,26.61,0.14,0.14,-16.41,-16.41,ADX ≥ 20.0;MACD 🚀;Price > SMA20
2025-08-06T15:58:42.098708,PARA,11.06,31.79,0.06,0.51,-33.73,-33.73,ADX ≥ 20.0;MACD 🚀;ATR % ≥ 0.5%;Price > SMA20
2025-08-06T15:58:44.027859,PAYC,223.93,45.07,0.65,0.29,-23.37,-23.37,ADX ≥ 20.0;MACD 🚀;BB breakout;RSI 📈;Price > SMA20
2025-08-06T15:58:46.190705,PEP,141.04,29.75,0.17,0.12,-16.05,-16.05,ADX ≥ 20.0;MACD 🚀;BB breakout;RSI 📈;Price > SMA20
2025-08-06T15:58:50.889056,PPG,105.65,24.61,0.16,0.15,-34.42,-34.42,ADX ≥ 20.0;MACD 🚀;BB breakout;RSI 📈;Price > SMA20
2025-08-06T15:58:51.624659,PPL,36.37,47.66,0.05,0.15,-15.44,-15.44,ADX ≥ 20.0;MACD 🚀;BB breakout;RSI 📈;Price > SMA20
2025-08-06T15:58:53.299193,PGR,246.65,42.61,0.33,0.13,-19.28,-19.28,ADX ≥ 20.0;MACD 🚀;BB breakout;RSI 📈;Price > SMA20
2025-08-06T15:58:59.368098,QCOM,145.54,29.25,0.29,0.20,-11.18,-11.18,ADX ≥ 20.0;MACD 🚀;Price > SMA20
2025-08-06T15:59:02.859742,REG,73.54,32.53,0.16,0.22,3.66,3.66,ADX ≥ 20.0;MACD 🚀;Price > SMA20
2025-08-06T15:59:03.719402,REGN,556.79,39.27,1.60,0.29,-4.30,-4.30,ADX ≥ 20.0;MACD 🚀;BB breakout
2025-08-06T15:59:05.024746,RSG,235.47,59.55,0.37,0.16,-22.07,-22.07,ADX ≥ 20.0;MACD 🚀;BB breakout;RSI 📈;Price > SMA20
2025-08-06T15:59:06.851178,ROK,317.88,34.06,1.45,0.45,-24.41,-24.41,ADX ≥ 20.0;MACD 🚀;RSI 📈;Price > SMA20
2025-08-06T15:59:08.076816,ROP,540.56,29.60,0.47,0.09,-30.43,-30.43,ADX ≥ 20.0;MACD 🚀;BB breakout;RSI 📈;Price > SMA20
2025-08-06T15:59:14.465040,SHW,352.90,40.94,0.53,0.15,-27.56,-27.56,ADX ≥ 20.0;MACD 🚀;BB breakout;RSI 📈;Price > SMA20
2025-08-06T15:59:18.858343,SOLV,72.58,29.55,0.16,0.22,-42.74,-42.74,ADX ≥ 20.0;MACD 🚀;Price > SMA20
2025-08-06T15:59:22.983676,STE,222.88,21.14,0.35,0.16,-22.32,-22.32,ADX ≥ 20.0;MACD 🚀;Price > SMA20
2025-08-06T15:59:23.710472,SYK,377.69,38.28,0.79,0.21,-13.14,-13.14,ADX ≥ 20.0;MACD 🚀;Price > SMA20
2025-08-06T15:59:24.551668,SMCI,44.88,27.76,0.32,0.70,-4.11,-4.11,ADX ≥ 20.0;MACD 🚀;ATR % ≥ 0.5%
2025-08-06T15:59:26.952830,TMUS,241.53,52.46,0.41,0.17,-20.09,-20.09,ADX ≥ 20.0;MACD 🚀;RSI 📈;Price > SMA20
2025-08-06T15:59:30.029756,TEL,201.13,21.73,0.28,0.14,-25.02,-25.02,ADX ≥ 20.0;MACD 🚀;Price > SMA20
2025-08-06T15:59:32.275118,TXN,186.16,20.58,0.41,0.22,-1.06,-1.06,ADX ≥ 20.0;MACD 🚀;Price > SMA20
2025-08-06T15:59:32.986380,TPL,961.35,25.37,3.90,0.41,2.37,2.37,ADX ≥ 20.0;MACD 🚀;ATR14 ≥ 2.0
2025-08-06T15:59:34.924617,TJX,130.72,26.25,0.17,0.13,-10.72,-10.72,ADX ≥ 20.0;MACD 🚀;BB breakout;RSI 📈;Price > SMA20
2025-08-06T15:59:35.879016,TKO,159.29,31.05,0.74,0.47,-2.27,-2.27,ADX ≥ 20.0;MACD 🚀;Price > SMA20
2025-08-06T15:59:41.494534,UBER,87.98,23.33,0.43,0.49,-33.95,-33.95,ADX ≥ 20.0;MACD 🚀;Price > SMA20
2025-08-06T15:59:52.118192,V,340.25,47.55,0.55,0.16,-16.86,-16.86,ADX ≥ 20.0;MACD 🚀;BB breakout;RSI 📈;Price > SMA20
2025-08-06T15:59:56.629821,DIS,115.41,21.22,0.45,0.39,-3.35,-3.35,ADX ≥ 20.0;MACD 🚀;BB breakout;RSI 📈;Price > SMA20
2025-08-06T15:59:57.914222,WM,232.28,65.79,0.34,0.15,-21.32,-21.32,ADX ≥ 20.0;MACD 🚀;BB breakout;RSI 📈;Price > SMA20
2025-08-06T15:59:59.076168,WEC,110.92,30.78,0.16,0.14,-27.89,-27.89,ADX ≥ 20.0;MACD 🚀;RSI 📈;Price > SMA20
2025-08-06T16:00:01.065619,WST,239.16,21.04,0.61,0.26,10.15,10.15,ADX ≥ 20.0;MACD 🚀;RSI 📈;Price > SMA20
2025-08-06T16:00:01.881365,WDC,74.91,35.23,0.18,0.24,-21.82,-21.82,ADX ≥ 20.0;MACD 🚀;Price > SMA20
2025-08-06T16:00:02.748014,WY,25.73,21.42,0.04,0.16,-17.43,-17.43,ADX ≥ 20.0;MACD 🚀;Price > SMA20
2025-08-06T16:00:06.508143,XEL,73.88,28.29,0.09,0.12,-36.69,-36.69,ADX ≥ 20.0;MACD 🚀;Price > SMA20
2025-08-06T16:00:08.409405,ZBRA,304.74,22.33,0.89,0.29,-36.20,-36.20,ADX ≥ 20.0;MACD 🚀;RSI 📈;Price > SMA20
2025-08-06T16:00:09.030829,ZBH,90.96,44.94,0.18,0.20,-4.04,-4.04,ADX ≥ 20.0;MACD 🚀;Price > SMA20
2025-08-06T16:00:09.816204,ZTS,146.67,41.52,0.32,0.22,-18.79,-18.79,ADX ≥ 20.0;MACD 🚀;RSI 📈;Price > SMA20
2025-08-06T16:07:53.294385,AMD,163.45,49.28,0.73,0.44,-24.47,-24.47,ADX ≥ 20.0;MACD 🚀;RSI 📈;Price > SMA20
2025-08-06T16:07:54.492387,AFL,101.92,37.59,0.24,0.23,-23.60,-23.60,ADX ≥ 20.0;MACD 🚀;RSI 📈;Price > SMA20
2025-08-06T16:08:03.992315,GOOGL,195.93,53.50,0.33,0.17,15.57,15.57,ADX ≥ 20.0;MACD 🚀;RSI 📈;Price > SMA20
2025-08-06T16:08:04.730996,GOOG,196.72,53.25,0.32,0.16,14.92,14.92,ADX ≥ 20.0;MACD 🚀;RSI 📈;Price > SMA20
2025-08-06T16:08:05.732025,AMZN,218.66,67.83,0.40,0.18,-18.73,-18.73,ADX ≥ 20.0;MACD 🚀;BB breakout;RSI 📈;Price > SMA20
2025-08-06T16:08:06.324897,AMCR,9.37,25.35,0.02,0.17,-18.84,-18.84,ADX ≥ 20.0;MACD 🚀;Price > SMA20
2025-08-06T16:08:08.385769,AIG,79.22,24.59,0.10,0.13,-11.06,-11.06,ADX ≥ 20.0;MACD 🚀;Price > SMA20
2025-08-06T16:08:09.003909,AMT,210.93,26.80,0.24,0.11,-14.76,-14.76,ADX ≥ 20.0;MACD 🚀;Price > SMA20
2025-08-06T16:08:10.188533,AMP,508.74,26.82,0.75,0.15,26.50,26.50,ADX ≥ 20.0;MACD 🚀;BB breakout;RSI 📈;Price > SMA20
2025-08-06T16:08:13.390498,AON,361.78,28.90,0.45,0.12,-29.43,-29.43,ADX ≥ 20.0;MACD 🚀;RSI 📈;Price > SMA20
2025-08-06T16:08:15.350455,AMAT,177.52,42.00,0.35,0.20,-1.96,-1.96,ADX ≥ 20.0;MACD 🚀;RSI 📈;Price > SMA20
2025-08-06T16:08:26.011292,BRK-B,0.00,52.90,0.67,inf,-21.64,-21.64,ADX ≥ 20.0;MACD 🚀;ATR % ≥ 0.5%
2025-08-06T16:08:28.715320,BX,170.16,40.11,0.32,0.19,-16.88,-16.88,ADX ≥ 20.0;MACD 🚀;BB breakout;RSI 📈;Price > SMA20
2025-08-06T16:08:29.511559,BK,101.85,33.51,0.13,0.13,-4.99,-4.99,ADX ≥ 20.0;MACD 🚀;RSI 📈;Price > SMA20
2025-08-06T16:08:33.182919,BRO,91.37,22.02,0.16,0.17,-25.74,-25.74,ADX ≥ 20.0;MACD 🚀;Price > SMA20
2025-08-06T16:08:36.335016,CDNS,361.26,21.75,0.69,0.19,20.43,20.43,ADX ≥ 20.0;MACD 🚀;Price > SMA20
2025-08-06T16:08:40.646589,CARR,66.38,43.80,0.09,0.13,-8.69,-8.69,ADX ≥ 20.0;MACD 🚀;RSI 📈;Price > SMA20
2025-08-06T16:08:42.465467,CBRE,157.00,34.03,0.27,0.17,-7.61,-7.61,ADX ≥ 20.0;MACD 🚀;RSI 📈;Price > SMA20
2025-08-06T16:08:45.698531,CRL,156.88,23.14,0.86,0.55,-24.18,-24.18,ADX ≥ 20.0;MACD 🚀;ATR % ≥ 0.5%
2025-08-06T16:08:50.128284,CI,273.13,36.03,0.57,0.21,-8.95,-8.95,ADX ≥ 20.0;MACD 🚀;RSI 📈;Price > SMA20
2025-08-06T16:08:51.327268,CTAS,223.77,38.03,0.31,0.14,-16.16,-16.16,ADX ≥ 20.0;MACD 🚀;Price > SMA20
2025-08-06T16:08:52.507634,C,92.33,25.23,0.15,0.16,-9.65,-9.65,ADX ≥ 20.0;MACD 🚀;Price > SMA20
2025-08-06T16:08:53.156292,CFG,47.59,20.00,0.07,0.15,2.51,2.51,ADX ≥ 20.0;MACD 🚀;RSI 📈;Price > SMA20
2025-08-06T16:08:54.412516,CME,282.80,38.38,0.41,0.14,-20.00,-20.00,ADX ≥ 20.0;MACD 🚀;Price > SMA20
2025-08-06T16:08:57.890964,KO,69.44,25.61,0.07,0.10,-14.20,-14.20,ADX ≥ 20.0;MACD 🚀;Price > SMA20
2025-08-06T16:08:58.617554,CTSH,70.56,40.07,0.11,0.16,1.16,1.16,ADX ≥ 20.0;MACD 🚀;RSI 📈;Price > SMA20
2025-08-06T16:09:02.813164,CEG,340.03,24.80,0.93,0.27,-15.21,-15.21,ADX ≥ 20.0;MACD 🚀;Price > SMA20
2025-08-06T16:09:03.491162,COO,69.00,36.94,0.12,0.17,-22.15,-22.15,ADX ≥ 20.0;MACD 🚀;Price > SMA20
2025-08-06T16:09:04.612681,GLW,64.08,53.17,0.09,0.14,-15.53,-15.53,ADX ≥ 20.0;MACD 🚀;RSI 📈;Price > SMA20
2025-08-06T16:09:06.411140,CSGP,97.34,41.65,0.14,0.14,-14.91,-14.91,ADX ≥ 20.0;MACD 🚀;RSI 📈;Price > SMA20
2025-08-06T16:09:07.170750,COST,966.40,59.11,1.70,0.18,1.33,1.33,ADX ≥ 20.0;MACD 🚀;RSI 📈;Price > SMA20
2025-08-06T16:09:10.110256,CVS,63.62,20.48,0.10,0.16,-29.03,-29.03,ADX ≥ 20.0;MACD 🚀;RSI 📈;Price > SMA20
2025-08-06T16:09:12.099029,DAY,53.23,37.90,0.31,0.58,-22.94,-22.94,ADX ≥ 20.0;MACD 🚀;RSI 📈;ATR % ≥ 0.5%;Price > SMA20
2025-08-06T16:09:13.783340,DELL,128.35,44.69,0.45,0.35,-33.06,-33.06,ADX ≥ 20.0;MACD 🚀;RSI 📈;Price > SMA20
2025-08-06T16:09:16.324212,DLR,171.84,25.54,0.30,0.18,-21.97,-21.97,ADX ≥ 20.0;MACD 🚀;Price > SMA20
2025-08-06T16:09:19.167517,DASH,257.39,30.20,0.62,0.24,-10.54,-10.54,ADX ≥ 20.0;MACD 🚀;RSI 📈;Price > SMA20
2025-08-06T16:09:24.529792,EBAY,92.51,33.47,0.14,0.15,-15.77,-15.77,ADX ≥ 20.0;MACD 🚀;BB breakout;RSI 📈;Price > SMA20
2025-08-06T16:09:25.260239,ECL,268.12,43.68,0.29,0.11,-28.10,-28.10,ADX ≥ 20.0;MACD 🚀;RSI 📈;Price > SMA20
2025-08-06T16:09:27.912888,EMR,127.87,28.08,0.70,0.55,-26.16,-26.16,ADX ≥ 20.0;MACD 🚀;ATR % ≥ 0.5%;Price > SMA20
2025-08-06T16:09:40.468697,FICO,1371.24,20.75,5.56,0.41,19.05,19.05,ADX ≥ 20.0;MACD 🚀;BB breakout;RSI 📈;ATR14 ≥ 2.0;Price > SMA20
2025-08-06T16:09:41.572979,FRT,93.77,30.02,0.14,0.15,-11.58,-11.58,ADX ≥ 20.0;MACD 🚀;RSI 📈;Price > SMA20
2025-08-06T16:09:46.358384,FOXA,53.82,25.24,0.15,0.28,-25.55,-25.55,ADX ≥ 20.0;MACD 🚀;BB breakout;RSI 📈;Price > SMA20
2025-08-06T16:09:46.970559,FOX,49.15,25.65,0.14,0.29,-23.04,-23.04,ADX ≥ 20.0;MACD 🚀;RSI 📈;Price > SMA20
2025-08-06T16:09:48.679453,GRMN,231.53,22.78,0.38,0.16,13.76,13.76,ADX ≥ 20.0;MACD 🚀;BB breakout;RSI 📈;Price > SMA20
2025-08-06T16:09:49.377476,IT,245.97,33.22,0.69,0.28,-30.08,-30.08,ADX ≥ 20.0;MACD 🚀;BB breakout;RSI 📈;Price > SMA20
2025-08-06T16:09:59.028496,HIG,128.62,34.72,0.15,0.12,-16.42,-16.42,ADX ≥ 20.0;MACD 🚀;RSI 📈;Price > SMA20
2025-08-06T16:10:08.088874,HUBB,425.36,27.06,0.74,0.17,-23.41,-23.41,ADX ≥ 20.0;MACD 🚀;RSI 📈;Price > SMA20
2025-08-06T16:10:09.320508,HBAN,16.22,28.85,0.03,0.17,-0.37,-0.37,ADX ≥ 20.0;MACD 🚀;RSI 📈;Price > SMA20
2025-08-06T16:10:10.512786,IBM,250.98,27.65,0.34,0.14,-14.94,-14.94,ADX ≥ 20.0;MACD 🚀;BB breakout;RSI 📈;Price > SMA20
2025-08-06T16:10:14.329532,INTC,20.38,24.79,0.06,0.29,10.84,10.84,ADX ≥ 20.0;MACD 🚀;RSI 📈;Price > SMA20
2025-08-06T16:10:15.960095,IFF,65.87,76.92,0.62,0.94,-41.26,-41.26,ADX ≥ 20.0;MACD 🚀;ATR % ≥ 0.5%
2025-08-06T16:10:20.980289,IRM,94.09,37.92,0.41,0.43,-33.30,-33.30,ADX ≥ 20.0;MACD 🚀;Price > SMA20
2025-08-06T16:10:24.352534,JNJ,171.84,45.52,0.23,0.13,-20.29,-20.29,ADX ≥ 20.0;MACD 🚀;RSI 📈;Price > SMA20
2025-08-06T16:10:33.123953,KIM,21.45,21.33,0.03,0.15,-2.73,-2.73,ADX ≥ 20.0;MACD 🚀;RSI 📈;Price > SMA20
2025-08-06T16:10:37.562522,LRCX,95.43,40.98,0.21,0.21,1.72,1.72,ADX ≥ 20.0;MACD 🚀;Price > SMA20
2025-08-06T16:10:39.503980,LDOS,172.14,29.70,0.59,0.35,-36.73,-36.73,ADX ≥ 20.0;MACD 🚀;Price > SMA20
2025-08-06T16:10:40.835817,LII,596.54,30.63,0.92,0.15,-26.16,-26.16,ADX ≥ 20.0;MACD 🚀;Price > SMA20
2025-08-06T16:10:43.699591,LMT,434.22,54.96,0.67,0.15,-12.41,-12.41,ADX ≥ 20.0;MACD 🚀;RSI 📈;Price > SMA20
2025-08-06T16:10:48.814732,MMC,203.68,50.07,0.31,0.15,-10.51,-10.51,ADX ≥ 20.0;MACD 🚀;BB breakout;RSI 📈;Price > SMA20
2025-08-06T16:10:52.544603,MCK,709.11,61.89,1.17,0.16,-21.40,-21.40,ADX ≥ 20.0;MACD 🚀;Price > SMA20
2025-08-06T16:10:55.974277,MGM,35.01,21.15,0.07,0.20,-26.53,-26.53,ADX ≥ 20.0;MACD 🚀;Price > SMA20
2025-08-06T16:11:00.926407,MDLZ,62.54,22.57,0.09,0.14,-26.06,-26.06,ADX ≥ 20.0;MACD 🚀;Price > SMA20
2025-08-06T16:11:06.348933,NFLX,1168.41,32.93,2.93,0.25,-7.80,-7.80,ADX ≥ 20.0;MACD 🚀;RSI 📈;ATR14 ≥ 2.0;Price > SMA20
2025-08-06T16:11:09.754160,NI,42.46,40.41,0.22,0.51,-47.59,-47.59,ADX ≥ 20.0;MACD 🚀;ATR % ≥ 0.5%
2025-08-06T16:11:12.998261,NRG,146.31,41.39,0.98,0.67,-28.43,-28.43,ADX ≥ 20.0;MACD 🚀;ATR % ≥ 0.5%
2025-08-06T16:11:14.138149,NVDA,178.91,33.88,0.36,0.20,-7.73,-7.73,ADX ≥ 20.0;MACD 🚀;Price > SMA20
2025-08-06T16:11:16.967485,ODFL,149.99,62.57,0.32,0.22,-23.23,-23.23,ADX ≥ 20.0;MACD 🚀;BB breakout;RSI 📈;Price > SMA20
2025-08-06T16:11:19.391759,ORCL,253.64,20.21,0.49,0.19,-28.57,-28.57,ADX ≥ 20.0;MACD 🚀;Price > SMA20
2025-08-06T16:11:20.117567,OTIS,86.29,26.99,0.10,0.11,-37.92,-37.92,ADX ≥ 20.0;MACD 🚀;Price > SMA20
2025-08-06T16:11:24.448072,PAYC,224.21,54.68,0.62,0.28,-22.09,-22.09,ADX ≥ 20.0;MACD 🚀;Price > SMA20
2025-08-06T16:11:33.486157,PGR,246.99,49.48,0.29,0.12,-26.08,-26.08,ADX ≥ 20.0;MACD 🚀;RSI 📈;Price > SMA20
2025-08-06T16:11:38.453247,QCOM,145.85,39.50,0.27,0.18,-7.35,-7.35,ADX ≥ 20.0;MACD 🚀;BB breakout;Price > SMA20
2025-08-06T16:11:39.351403,DGX,174.57,26.37,0.24,0.14,-30.11,-30.11,ADX ≥ 20.0;MACD 🚀;Price > SMA20
2025-08-06T16:11:42.297057,REG,73.66,28.78,0.15,0.20,-19.13,-19.13,ADX ≥ 20.0;MACD 🚀;RSI 📈;Price > SMA20
2025-08-06T16:11:43.058357,REGN,557.05,37.54,1.54,0.28,-13.70,-13.70,ADX ≥ 20.0;MACD 🚀;Price > SMA20
2025-08-06T16:11:44.367863,RSG,235.75,60.25,0.31,0.13,-24.79,-24.79,ADX ≥ 20.0;MACD 🚀;RSI 📈;Price > SMA20
2025-08-06T16:11:46.203943,ROK,319.38,48.56,1.41,0.44,-5.15,-5.15,ADX ≥ 20.0;MACD 🚀;RSI 📈;Price > SMA20
2025-08-06T16:11:46.990227,ROL,58.20,22.42,0.06,0.11,-36.23,-36.23,ADX ≥ 20.0;MACD 🚀;Price > SMA20
2025-08-06T16:11:47.832214,ROP,540.56,29.60,0.47,0.09,-30.43,-30.43,ADX ≥ 20.0;MACD 🚀;BB breakout;RSI 📈;Price > SMA20
2025-08-06T16:11:48.787823,ROST,144.98,45.60,0.21,0.14,-17.22,-17.22,ADX ≥ 20.0;MACD 🚀;RSI 📈;Price > SMA20
2025-08-06T16:11:49.519536,RCL,312.14,33.48,0.50,0.16,-29.90,-29.90,ADX ≥ 20.0;MACD 🚀;Price > SMA20
2025-08-06T16:11:56.079476,SW,43.07,25.29,0.10,0.24,-25.34,-25.34,ADX ≥ 20.0;MACD 🚀;Price > SMA20
2025-08-06T16:12:02.126550,SMCI,45.11,21.00,0.28,0.62,-23.18,-23.18,ADX ≥ 20.0;MACD 🚀;ATR % ≥ 0.5%
2025-08-06T16:12:08.159057,TEL,201.27,23.42,0.26,0.13,-20.34,-20.34,ADX ≥ 20.0;MACD 🚀;RSI 📈;Price > SMA20
2025-08-06T16:12:21.385108,UAL,88.64,32.43,0.30,0.34,-3.39,-3.39,ADX ≥ 20.0;MACD 🚀;Price > SMA20
2025-08-06T16:12:27.033834,VRSK,264.39,27.57,0.30,0.11,-41.00,-41.00,ADX ≥ 20.0;MACD 🚀;RSI 📈;Price > SMA20
2025-08-06T16:12:36.036028,V,340.29,56.89,0.45,0.13,-25.85,-25.85,ADX ≥ 20.0;MACD 🚀;RSI 📈;Price > SMA20
2025-08-06T16:12:40.445997,WRB,70.86,36.83,0.08,0.12,-42.08,-42.08,ADX ≥ 20.0;MACD 🚀;RSI 📈;Price > SMA20
2025-08-06T16:12:44.364260,WM,232.48,71.06,0.34,0.14,-36.30,-36.30,ADX ≥ 20.0;MACD 🚀;RSI 📈;Price > SMA20
2025-08-06T16:12:52.897125,XYL,143.98,26.92,0.17,0.12,-21.14,-21.14,ADX ≥ 20.0;MACD 🚀;RSI 📈;Price > SMA20
2025-08-06T16:12:54.291965,ZBRA,304.90,33.14,0.80,0.26,-21.55,-21.55,ADX ≥ 20.0;MACD 🚀;Price > SMA20
2025-08-06T16:46:52.752457,ACN,244.80,41.42,0.40,0.16,-23.95,-23.95,ADX ≥ 20.0;MACD 🚀;Price > SMA20
2025-08-06T16:46:53.486565,ADBE,342.36,27.65,0.41,0.12,-22.01,-22.01,ADX ≥ 20.0;MACD 🚀;RSI 📈;Price > SMA20
2025-08-06T16:47:02.248986,MO,63.72,54.37,0.06,0.10,-15.17,-15.17,ADX ≥ 20.0;MACD 🚀;RSI 📈;Price > SMA20
2025-08-06T16:47:04.668713,AEP,114.19,35.56,0.12,0.11,5.48,5.48,ADX ≥ 20.0;MACD 🚀;RSI 📈;Price > SMA20
2025-08-06T16:47:11.359100,APA,18.51,35.99,0.07,0.38,-14.92,-14.92,ADX ≥ 20.0;MACD 🚀;BB breakout
2025-08-06T16:47:18.317477,AIZ,208.84,21.70,0.60,0.29,4.76,4.76,ADX ≥ 20.0;MACD 🚀;BB breakout;RSI 📈;Price > SMA20
2025-08-06T16:47:22.866437,AXON,877.24,45.46,2.84,0.32,-18.16,-18.16,ADX ≥ 20.0;MACD 🚀;ATR14 ≥ 2.0;Price > SMA20
2025-08-06T16:47:23.757445,BKR,43.84,20.27,0.08,0.19,-15.61,-15.61,ADX ≥ 20.0;MACD 🚀;BB breakout;RSI 📈;Price > SMA20
2025-08-06T16:47:31.188629,BKNG,5493.11,21.80,9.11,0.17,-31.87,-31.87,ADX ≥ 20.0;MACD 🚀;ATR14 ≥ 2.0;Price > SMA20
2025-08-06T16:47:33.588275,BR,264.61,50.14,0.51,0.19,21.58,21.58,ADX ≥ 20.0;MACD 🚀;Price > SMA20
2025-08-06T16:47:34.948314,BF-B,0.00,22.33,0.06,inf,-5.63,-5.63,ADX ≥ 20.0;MACD 🚀;ATR % ≥ 0.5%
2025-08-06T16:47:47.909243,CF,92.45,24.66,0.20,0.21,-12.46,-12.46,ADX ≥ 20.0;MACD 🚀;Price > SMA20
2025-08-06T16:47:52.871386,CHD,92.46,55.82,0.13,0.14,51.34,51.34,ADX ≥ 20.0;MACD 🚀;RSI 📈;Price > SMA20
2025-08-06T16:47:58.752296,KO,69.65,30.91,0.07,0.10,-6.97,-6.97,ADX ≥ 20.0;MACD 🚀;RSI 📈;Price > SMA20
2025-08-06T16:47:59.575182,CTSH,70.72,26.90,0.10,0.15,-5.56,-5.56,ADX ≥ 20.0;MACD 🚀;RSI 📈;Price > SMA20
2025-08-06T16:48:02.721126,COP,94.54,31.94,0.26,0.28,-21.28,-21.28,ADX ≥ 20.0;MACD 🚀;BB breakout
2025-08-06T16:48:04.516013,STZ,170.36,63.43,0.26,0.15,-28.02,-28.02,ADX ≥ 20.0;MACD 🚀;Price > SMA20
2025-08-06T16:48:06.324363,CPRT,47.17,27.35,0.07,0.15,-27.57,-27.57,ADX ≥ 20.0;MACD 🚀;Price > SMA20
2025-08-06T16:48:15.044844,DVA,129.88,52.34,0.51,0.39,-22.86,-22.86,ADX ≥ 20.0;MACD 🚀;Price > SMA20
2025-08-06T16:48:18.179177,DVN,32.98,33.06,0.16,0.48,-35.56,-35.56,ADX ≥ 20.0;MACD 🚀;BB breakout
2025-08-06T16:48:31.039926,EMR,129.34,32.25,0.57,0.44,0.51,0.51,ADX ≥ 20.0;MACD 🚀;RSI 📈;Price > SMA20
2025-08-06T16:48:33.119328,EOG,118.36,27.50,0.30,0.25,-21.95,-21.95,ADX ≥ 20.0;MACD 🚀;BB breakout;Price > SMA20
2025-08-06T16:48:33.885528,EPAM,148.90,21.66,0.46,0.31,19.28,19.28,ADX ≥ 20.0;MACD 🚀;Price > SMA20
2025-08-06T16:48:35.061262,EFX,240.49,22.43,0.38,0.16,-17.50,-17.50,ADX ≥ 20.0;MACD 🚀;Price > SMA20
2025-08-06T16:48:42.891535,XOM,107.99,33.30,0.21,0.19,-11.32,-11.32,ADX ≥ 20.0;MACD 🚀;BB breakout;Price > SMA20
2025-08-06T16:48:53.715052,IT,248.20,52.40,0.79,0.32,11.20,11.20,ADX ≥ 20.0;MACD 🚀;BB breakout;RSI 📈;Price > SMA20
2025-08-06T16:48:56.460128,GEN,28.62,40.98,0.04,0.15,-0.80,-0.80,ADX ≥ 20.0;MACD 🚀;Price > SMA20
2025-08-06T16:49:00.493501,GPN,84.00,36.26,0.23,0.28,2.56,2.56,ADX ≥ 20.0;MACD 🚀;RSI 📈;Price > SMA20
2025-08-06T16:49:01.640944,GDDY,155.38,25.40,0.19,0.12,-18.55,-18.55,ADX ≥ 20.0;MACD 🚀;BB breakout;RSI 📈;Price > SMA20
2025-08-06T16:49:02.910992,HAL,21.73,48.76,0.07,0.33,-18.10,-18.10,ADX ≥ 20.0;MACD 🚀;Price > SMA20
2025-08-06T16:49:03.635707,HIG,128.91,28.51,0.12,0.09,-14.62,-14.62,ADX ≥ 20.0;MACD 🚀;RSI 📈;Price > SMA20
2025-08-06T16:49:05.005523,HCA,367.23,20.62,0.39,0.11,-25.16,-25.16,ADX ≥ 20.0;MACD 🚀;BB breakout;RSI 📈;Price > SMA20
2025-08-06T16:49:06.919141,HSY,189.50,31.65,0.18,0.09,-19.82,-19.82,ADX ≥ 20.0;MACD 🚀;RSI 📈;Price > SMA20
2025-08-06T16:49:15.019083,HII,269.50,31.79,0.44,0.16,-16.39,-16.39,ADX ≥ 20.0;MACD 🚀;Price > SMA20
2025-08-06T16:49:21.138714,IFF,65.67,40.85,0.42,0.63,-35.60,-35.60,ADX ≥ 20.0;MACD 🚀;ATR % ≥ 0.5%;Price > SMA20
2025-08-06T16:49:22.876764,INTU,776.41,49.76,1.04,0.13,-8.68,-8.68,ADX ≥ 20.0;MACD 🚀;BB breakout;RSI 📈;Price > SMA20
2025-08-06T16:49:35.882754,KLAC,881.02,30.98,1.44,0.16,-29.44,-29.44,ADX ≥ 20.0;MACD 🚀;BB breakout;RSI 📈;Price > SMA20
2025-08-06T16:49:36.642045,KHC,27.34,23.83,0.04,0.16,-7.75,-7.75,ADX ≥ 20.0;MACD 🚀;Price > SMA20
2025-08-06T16:49:38.141888,LHX,280.32,22.00,0.24,0.09,-26.22,-26.22,ADX ≥ 20.0;MACD 🚀;RSI 📈;Price > SMA20
2025-08-06T16:49:48.266431,MPC,163.50,51.05,0.52,0.32,-25.55,-25.55,ADX ≥ 20.0;MACD 🚀;BB breakout
2025-08-06T16:49:51.469183,MA,569.43,26.04,0.54,0.10,-8.50,-8.50,ADX ≥ 20.0;MACD 🚀;Price > SMA20
2025-08-06T16:49:52.337556,MTCH,36.74,46.26,0.23,0.63,-16.44,-16.44,ADX ≥ 20.0;MACD 🚀;ATR % ≥ 0.5%
2025-08-06T16:49:54.107680,MCK,709.72,36.76,1.18,0.17,-10.16,-10.16,ADX ≥ 20.0;MACD 🚀;Price > SMA20
2025-08-06T16:50:01.755203,MDLZ,62.74,21.45,0.09,0.14,-1.90,-1.90,ADX ≥ 20.0;MACD 🚀;BB breakout;RSI 📈;Price > SMA20
2025-08-06T16:50:02.808568,MNST,59.37,31.74,0.11,0.18,17.25,17.25,ADX ≥ 20.0;MACD 🚀;RSI 📈;Price > SMA20
2025-08-06T16:50:04.617377,MOS,31.49,29.21,0.21,0.68,-35.67,-35.67,ADX ≥ 20.0;MACD 🚀;ATR % ≥ 0.5%
2025-08-06T16:50:07.197636,NTAP,103.56,30.15,0.18,0.17,-5.44,-5.44,ADX ≥ 20.0;MACD 🚀;Price > SMA20
2025-08-06T16:50:07.874631,NFLX,1175.38,39.05,2.14,0.18,-35.11,-35.11,ADX ≥ 20.0;MACD 🚀;RSI 📈;ATR14 ≥ 2.0;Price > SMA20
2025-08-06T16:50:14.091975,NRG,147.97,34.55,0.77,0.52,-23.70,-23.70,ADX ≥ 20.0;MACD 🚀;ATR % ≥ 0.5%;Price > SMA20
2025-08-06T16:50:14.830023,NUE,138.70,21.18,0.20,0.15,-35.93,-35.93,ADX ≥ 20.0;MACD 🚀;Price > SMA20
2025-08-06T16:50:17.531037,ORLY,103.99,24.33,0.14,0.14,-19.42,-19.42,ADX ≥ 20.0;MACD 🚀;Price > SMA20
2025-08-06T16:50:26.014327,PAYX,139.43,23.67,0.14,0.10,-3.23,-3.23,ADX ≥ 20.0;MACD 🚀;Price > SMA20
2025-08-06T16:50:28.642691,PEP,141.15,28.74,0.16,0.11,2.77,2.77,ADX ≥ 20.0;MACD 🚀;Price > SMA20
2025-08-06T16:50:32.715421,POOL,310.20,24.07,0.41,0.13,-16.92,-16.92,ADX ≥ 20.0;MACD 🚀;Price > SMA20
2025-08-06T16:50:44.815555,ROK,322.09,72.33,1.30,0.40,-29.96,-29.96,ADX ≥ 20.0;MACD 🚀;RSI 📈;Price > SMA20
2025-08-06T16:50:47.984184,CRM,248.00,20.46,0.27,0.11,-17.24,-17.24,ADX ≥ 20.0;MACD 🚀;Price > SMA20
2025-08-06T16:51:00.379958,SNPS,622.69,27.90,1.00,0.16,-3.89,-3.89,ADX ≥ 20.0;MACD 🚀;Price > SMA20
2025-08-06T16:51:01.125616,SYY,80.52,21.11,0.11,0.13,-16.41,-16.41,ADX ≥ 20.0;MACD 🚀;Price > SMA20
2025-08-06T16:51:15.523430,UBER,88.45,42.46,0.31,0.35,-13.97,-13.97,ADX ≥ 20.0;MACD 🚀;Price > SMA20
2025-08-06T16:51:16.725529,ULTA,512.53,32.57,0.46,0.09,-28.18,-28.18,ADX ≥ 20.0;MACD 🚀;Price > SMA20
2025-08-06T16:51:17.506507,UNP,225.54,37.00,0.25,0.11,-14.49,-14.49,ADX ≥ 20.0;MACD 🚀;RSI 📈;Price > SMA20
2025-08-06T16:51:29.608759,WBA,11.73,24.97,0.01,0.08,-5.14,-5.14,ADX ≥ 20.0;MACD 🚀;Price > SMA20
2025-08-06T16:56:43.692887,ACN,245.87,40.50,0.43,0.18,-16.14,-16.14,ADX ≥ 20.0;MACD 🚀;BB breakout;RSI 📈;Price > SMA20
2025-08-06T16:56:44.378917,ADBE,342.83,36.38,0.39,0.11,-26.82,-26.82,ADX ≥ 20.0;MACD 🚀;RSI 📈;Price > SMA20
2025-08-06T16:56:45.211506,AMD,162.22,39.01,0.78,0.48,-1.01,-1.01,ADX ≥ 20.0;MACD 🚀;Price > SMA20
2025-08-06T16:56:49.425546,AKAM,74.31,27.59,0.09,0.12,27.65,27.65,ADX ≥ 20.0;MACD 🚀;RSI 📈;Price > SMA20
2025-08-06T16:56:51.442932,ALGN,135.59,27.62,0.40,0.29,22.54,22.54,ADX ≥ 20.0;MACD 🚀;Price > SMA20
2025-08-06T16:56:55.130923,AMZN,219.83,62.51,0.40,0.18,9.23,9.23,ADX ≥ 20.0;MACD 🚀;BB breakout;RSI 📈;Price > SMA20
2025-08-06T16:57:03.691689,AMAT,177.69,41.00,0.29,0.16,-23.78,-23.78,ADX ≥ 20.0;MACD 🚀;BB breakout;RSI 📈;Price > SMA20
2025-08-06T16:57:12.193757,BKR,43.72,20.19,0.09,0.20,-4.21,-4.21,ADX ≥ 20.0;MACD 🚀;Price > SMA20
2025-08-06T16:57:21.788831,AVGO,299.96,44.59,0.78,0.26,6.72,6.72,ADX ≥ 20.0;MACD 🚀;RSI 📈;Price > SMA20
2025-08-06T16:57:22.581879,BR,265.02,49.69,0.48,0.18,13.26,13.26,ADX ≥ 20.0;MACD 🚀;RSI 📈;Price > SMA20
2025-08-06T16:57:24.079775,BRO,91.62,20.32,0.11,0.12,-4.89,-4.89,ADX ≥ 20.0;MACD 🚀;RSI 📈;Price > SMA20
2025-08-06T16:57:31.283854,KMX,56.83,37.34,0.11,0.19,-27.21,-27.21,ADX ≥ 20.0;MACD 🚀;Price > SMA20
2025-08-06T16:57:35.937523,COR,286.41,24.74,0.65,0.23,-26.17,-26.17,ADX ≥ 20.0;MACD 🚀;Price > SMA20
2025-08-06T16:57:40.826298,CMG,42.64,21.86,0.07,0.15,-11.27,-11.27,ADX ≥ 20.0;MACD 🚀;Price > SMA20
2025-08-06T16:57:41.962098,CHD,92.51,50.32,0.14,0.15,52.20,52.20,ADX ≥ 20.0;MACD 🚀;RSI 📈;Price > SMA20
2025-08-06T16:57:48.156249,CTSH,70.78,28.34,0.10,0.14,-28.39,-28.39,ADX ≥ 20.0;MACD 🚀;RSI 📈;Price > SMA20
2025-08-06T16:57:52.323540,STZ,170.25,58.02,0.25,0.15,-10.70,-10.70,ADX ≥ 20.0;MACD 🚀;Price > SMA20
2025-08-06T16:57:54.016217,CPRT,47.33,35.46,0.07,0.15,-17.13,-17.13,ADX ≥ 20.0;MACD 🚀;BB breakout;RSI 📈;Price > SMA20
2025-08-06T16:57:57.492700,CTRA,24.30,36.93,0.07,0.31,-11.35,-11.35,ADX ≥ 20.0;MACD 🚀;BB breakout
2025-08-06T16:58:02.128097,DVA,130.82,60.78,0.48,0.36,-7.35,-7.35,ADX ≥ 20.0;MACD 🚀;BB breakout;RSI 📈;Price > SMA20
2025-08-06T16:58:06.071224,DXCM,75.69,20.96,0.18,0.23,-13.62,-13.62,ADX ≥ 20.0;MACD 🚀;Price > SMA20
2025-08-06T16:58:06.758661,FANG,146.72,46.29,0.43,0.29,-27.38,-27.38,ADX ≥ 20.0;MACD 🚀;BB breakout
2025-08-06T16:58:17.774287,ELV,279.65,24.96,0.51,0.18,-27.45,-27.45,ADX ≥ 20.0;MACD 🚀;Price > SMA20
2025-08-06T16:58:18.582694,EMR,130.04,43.68,0.54,0.41,-1.80,-1.80,ADX ≥ 20.0;MACD 🚀;RSI 📈;Price > SMA20
2025-08-06T16:58:22.286427,EFX,240.63,25.23,0.34,0.14,-16.42,-16.42,ADX ≥ 20.0;MACD 🚀;Price > SMA20
2025-08-06T16:58:36.809391,FIS,70.36,47.45,0.16,0.22,-9.26,-9.26,ADX ≥ 20.0;MACD 🚀;Price > SMA20
2025-08-06T16:58:43.395521,IT,249.38,61.15,0.89,0.36,18.60,18.60,ADX ≥ 20.0;MACD 🚀;BB breakout;RSI 📈;Price > SMA20
2025-08-06T16:58:45.673195,GEN,28.64,41.17,0.04,0.14,1.86,1.86,ADX ≥ 20.0;MACD 🚀;Price > SMA20
2025-08-06T16:58:49.409878,GPN,84.22,46.53,0.24,0.28,14.47,14.47,ADX ≥ 20.0;MACD 🚀;RSI 📈;Price > SMA20
2025-08-06T16:58:50.849067,GDDY,155.32,28.01,0.17,0.11,-9.06,-9.06,ADX ≥ 20.0;MACD 🚀;RSI 📈;Price > SMA20
2025-08-06T16:58:53.854754,HCA,367.33,23.86,0.40,0.11,-15.47,-15.47,ADX ≥ 20.0;MACD 🚀;RSI 📈;Price > SMA20
2025-08-06T16:59:02.443169,HII,269.99,27.00,0.43,0.16,-35.81,-35.81,ADX ≥ 20.0;MACD 🚀;Price > SMA20
2025-08-06T16:59:03.187357,IBM,251.72,37.22,0.32,0.13,-10.46,-10.46,ADX ≥ 20.0;MACD 🚀;BB breakout;RSI 📈;Price > SMA20
2025-08-06T16:59:07.829450,INTC,20.37,32.97,0.04,0.21,-30.95,-30.95,ADX ≥ 20.0;MACD 🚀;Price > SMA20
2025-08-06T16:59:08.896459,IFF,65.56,31.78,0.40,0.61,-37.83,-37.83,ADX ≥ 20.0;MACD 🚀;ATR % ≥ 0.5%
2025-08-06T16:59:21.808418,KLAC,883.51,29.85,1.40,0.16,-20.31,-20.31,ADX ≥ 20.0;MACD 🚀;BB breakout;RSI 📈;Price > SMA20
2025-08-06T16:59:24.378318,LRCX,95.72,48.39,0.21,0.22,6.13,6.13,ADX ≥ 20.0;MACD 🚀;BB breakout;RSI 📈;Price > SMA20
2025-08-06T16:59:25.028949,LW,52.10,28.93,0.09,0.17,-4.17,-4.17,ADX ≥ 20.0;MACD 🚀;Price > SMA20
2025-08-06T16:59:31.518547,LULU,196.84,24.32,0.40,0.20,-5.81,-5.81,ADX ≥ 20.0;MACD 🚀;Price > SMA20
2025-08-06T16:59:33.670357,MKTX,190.32,20.42,0.49,0.26,-40.51,-40.51,ADX ≥ 20.0;MACD 🚀;BB breakout;Price > SMA20
2025-08-06T16:59:36.792056,MTCH,36.84,45.81,0.21,0.56,-20.07,-20.07,ADX ≥ 20.0;MACD 🚀;ATR % ≥ 0.5%
2025-08-06T16:59:46.324216,MDLZ,62.68,22.01,0.08,0.13,9.12,9.12,ADX ≥ 20.0;MACD 🚀;Price > SMA20
2025-08-06T16:59:47.476430,MNST,59.25,32.76,0.11,0.19,19.42,19.42,ADX ≥ 20.0;MACD 🚀;Price > SMA20
2025-08-06T16:59:50.054053,MSCI,548.33,57.24,1.16,0.21,-30.39,-30.39,ADX ≥ 20.0;MACD 🚀;BB breakout
2025-08-06T16:59:51.301694,NTAP,103.68,20.35,0.17,0.16,-15.63,-15.63,ADX ≥ 20.0;MACD 🚀;BB breakout;RSI 📈;Price > SMA20
2025-08-06T16:59:51.958992,NFLX,1176.55,44.56,2.14,0.18,-22.97,-22.97,ADX ≥ 20.0;MACD 🚀;RSI 📈;ATR14 ≥ 2.0;Price > SMA20
2025-08-06T16:59:55.830120,NSC,284.25,33.46,0.40,0.14,-8.22,-8.22,ADX ≥ 20.0;MACD 🚀;BB breakout;RSI 📈;Price > SMA20
2025-08-06T16:59:58.000138,NRG,147.87,35.69,0.80,0.54,-14.01,-14.01,ADX ≥ 20.0;MACD 🚀;ATR % ≥ 0.5%;Price > SMA20
2025-08-06T17:00:08.656513,PAYX,139.55,24.79,0.16,0.11,8.49,8.49,ADX ≥ 20.0;MACD 🚀;Price > SMA20
2025-08-06T17:00:10.788896,PEP,141.19,30.64,0.15,0.11,2.64,2.64,ADX ≥ 20.0;MACD 🚀;RSI 📈;Price > SMA20
2025-08-06T17:00:14.626534,POOL,310.20,24.07,0.41,0.13,-16.92,-16.92,ADX ≥ 20.0;MACD 🚀;Price > SMA20
2025-08-06T17:00:15.237144,PPG,105.65,23.13,0.16,0.15,12.36,12.36,ADX ≥ 20.0;MACD 🚀;Price > SMA20
2025-08-06T17:00:19.625507,PTC,216.62,22.85,0.17,0.08,16.33,16.33,ADX ≥ 20.0;MACD 🚀;BB breakout;RSI 📈;Price > SMA20
2025-08-06T17:00:28.040760,ROK,323.56,74.62,1.22,0.38,-21.19,-21.19,ADX ≥ 20.0;MACD 🚀;BB breakout;RSI 📈;Price > SMA20
2025-08-06T17:00:31.986032,CRM,248.38,24.54,0.28,0.11,-3.80,-3.80,ADX ≥ 20.0;MACD 🚀;RSI 📈;Price > SMA20
2025-08-06T17:00:44.675602,SNPS,623.63,28.43,0.90,0.14,-12.66,-12.66,ADX ≥ 20.0;MACD 🚀;Price > SMA20
2025-08-06T17:00:48.705052,TRGP,164.60,31.58,0.38,0.23,-26.39,-26.39,ADX ≥ 20.0;MACD 🚀;BB breakout
2025-08-06T17:00:53.444052,TXT,77.61,43.49,0.12,0.15,2.39,2.39,ADX ≥ 20.0;MACD 🚀;BB breakout
2025-08-06T17:00:57.923212,TDG,1390.50,24.97,4.51,0.32,-16.77,-16.77,ADX ≥ 20.0;MACD 🚀;ATR14 ≥ 2.0
2025-08-06T17:01:03.892488,ULTA,512.79,30.44,0.43,0.08,-28.58,-28.58,ADX ≥ 20.0;MACD 🚀;Price > SMA20
2025-08-06T17:01:04.702767,UNP,225.74,34.26,0.24,0.11,-12.16,-12.16,ADX ≥ 20.0;MACD 🚀;RSI 📈;Price > SMA20
2025-08-06T17:01:07.116853,UNH,246.94,34.21,0.56,0.23,-26.32,-26.32,ADX ≥ 20.0;MACD 🚀;BB breakout;Price > SMA20
2025-08-06T17:01:08.121409,UHS,164.31,24.76,0.18,0.11,-25.73,-25.73,ADX ≥ 20.0;MACD 🚀;BB breakout;Price > SMA20
2025-08-06T17:01:08.995152,VLO,134.81,41.84,0.32,0.24,-29.35,-29.35,ADX ≥ 20.0;MACD 🚀;Price > SMA20
2025-08-06T17:01:28.059204,WDAY,228.82,29.51,0.34,0.15,-13.55,-13.55,ADX ≥ 20.0;MACD 🚀;BB breakout
2025-08-06T17:01:32.173847,ZTS,147.14,35.76,0.25,0.17,-18.72,-18.72,ADX ≥ 20.0;MACD 🚀;RSI 📈;Price > SMA20
2025-08-06T17:06:39.006664,ACN,246.88,43.21,0.45,0.18,10.04,10.04,ADX ≥ 20.0;MACD 🚀;RSI 📈;Price > SMA20
2025-08-06T17:06:39.960407,ADBE,343.49,43.18,0.42,0.12,-11.93,-11.93,ADX ≥ 20.0;MACD 🚀;RSI 📈;Price > SMA20
2025-08-06T17:06:40.876948,AMD,162.60,32.66,0.77,0.47,-2.86,-2.86,ADX ≥ 20.0;MACD 🚀;Price > SMA20
2025-08-06T17:06:44.497998,AKAM,74.42,31.24,0.09,0.12,16.64,16.64,ADX ≥ 20.0;MACD 🚀;BB breakout;RSI 📈;Price > SMA20
2025-08-06T17:06:46.724927,ALGN,135.48,29.12,0.46,0.34,31.63,31.63,ADX ≥ 20.0;MACD 🚀;Price > SMA20
2025-08-06T17:06:50.653821,AMZN,219.70,61.18,0.39,0.18,1.55,1.55,ADX ≥ 20.0;MACD 🚀;RSI 📈;Price > SMA20
2025-08-06T17:07:00.652240,AMAT,178.01,38.24,0.28,0.16,-8.39,-8.39,ADX ≥ 20.0;MACD 🚀;BB breakout;RSI 📈;Price > SMA20
2025-08-06T17:07:04.137752,AIZ,209.27,40.17,0.59,0.28,0.77,0.77,ADX ≥ 20.0;MACD 🚀;RSI 📈;Price > SMA20
2025-08-06T17:07:05.807871,ADSK,303.29,47.61,0.24,0.08,-12.38,-12.38,ADX ≥ 20.0;MACD 🚀;BB breakout;RSI 📈;Price > SMA20
2025-08-06T17:07:14.149784,TECH,50.63,36.37,0.41,0.81,13.48,13.48,ADX ≥ 20.0;MACD 🚀;ATR % ≥ 0.5%
2025-08-06T17:07:20.144074,AVGO,300.58,45.54,0.72,0.24,8.08,8.08,ADX ≥ 20.0;MACD 🚀;RSI 📈;Price > SMA20
2025-08-06T17:07:20.908783,BR,265.05,48.22,0.47,0.18,-17.96,-17.96,ADX ≥ 20.0;MACD 🚀;RSI 📈;Price > SMA20
2025-08-06T17:07:21.609778,BRO,91.66,24.57,0.10,0.11,-7.60,-7.60,ADX ≥ 20.0;MACD 🚀;RSI 📈;Price > SMA20
2025-08-06T17:07:29.460059,KMX,56.80,28.39,0.11,0.19,-31.03,-31.03,ADX ≥ 20.0;MACD 🚀;Price > SMA20
2025-08-06T17:07:38.020600,CVX,153.37,30.31,0.29,0.19,7.30,7.30,ADX ≥ 20.0;MACD 🚀;Price > SMA20
2025-08-06T17:07:49.011477,STZ,170.25,46.40,0.22,0.13,-27.70,-27.70,ADX ≥ 20.0;MACD 🚀;Price > SMA20
2025-08-06T17:07:50.809676,CPRT,47.23,42.44,0.08,0.16,1.96,1.96,ADX ≥ 20.0;MACD 🚀;Price > SMA20
2025-08-06T17:07:51.615293,GLW,64.14,38.36,0.07,0.11,-9.12,-9.12,ADX ≥ 20.0;MACD 🚀;BB breakout;RSI 📈;Price > SMA20
2025-08-06T17:07:54.437264,CTRA,24.32,37.28,0.06,0.26,-10.33,-10.33,ADX ≥ 20.0;MACD 🚀;Price > SMA20
2025-08-06T17:07:58.595006,DVA,130.54,61.22,0.46,0.36,-22.27,-22.27,ADX ≥ 20.0;MACD 🚀;RSI 📈;Price > SMA20
2025-08-06T17:07:59.296692,DAY,53.23,38.23,0.28,0.53,-3.43,-3.43,ADX ≥ 20.0;MACD 🚀;ATR % ≥ 0.5%;Price > SMA20
2025-08-06T17:08:06.542175,DASH,258.04,30.62,0.43,0.17,-23.99,-23.99,ADX ≥ 20.0;MACD 🚀;BB breakout;RSI 📈;Price > SMA20
2025-08-06T17:08:14.884232,ELV,279.59,25.98,0.43,0.15,-18.72,-18.72,ADX ≥ 20.0;MACD 🚀;Price > SMA20
2025-08-06T17:08:15.828319,EMR,129.90,53.90,0.52,0.40,-0.99,-0.99,ADX ≥ 20.0;MACD 🚀;RSI 📈;Price > SMA20
2025-08-06T17:08:31.439367,FIS,70.45,43.61,0.16,0.23,5.56,5.56,ADX ≥ 20.0;MACD 🚀;Price > SMA20
2025-08-06T17:08:38.710837,IT,249.03,68.18,1.00,0.40,35.03,35.03,ADX ≥ 20.0;MACD 🚀;RSI 📈;Price > SMA20
2025-08-06T17:08:40.989619,GEV,661.17,32.51,1.17,0.18,-18.89,-18.89,ADX ≥ 20.0;MACD 🚀;Price > SMA20
2025-08-06T17:08:41.716626,GEN,28.68,43.47,0.04,0.15,-14.14,-14.14,ADX ≥ 20.0;MACD 🚀;RSI 📈;Price > SMA20
2025-08-06T17:08:47.111273,GDDY,155.22,30.21,0.19,0.13,4.24,4.24,ADX ≥ 20.0;MACD 🚀;Price > SMA20
2025-08-06T17:08:49.719785,HCA,367.29,27.78,0.36,0.10,-23.62,-23.62,ADX ≥ 20.0;MACD 🚀;RSI 📈;Price > SMA20
2025-08-06T17:08:59.181437,HII,269.58,21.63,0.40,0.15,-45.57,-45.57,ADX ≥ 20.0;MACD 🚀;Price > SMA20
2025-08-06T17:08:59.913783,IBM,252.00,37.35,0.35,0.14,-5.29,-5.29,ADX ≥ 20.0;MACD 🚀;RSI 📈;Price > SMA20
2025-08-06T17:09:05.908822,IFF,65.47,23.66,0.35,0.54,-40.32,-40.32,ADX ≥ 20.0;MACD 🚀;ATR % ≥ 0.5%
2025-08-06T17:09:20.806106,KKR,144.53,26.58,0.24,0.16,-7.01,-7.01,ADX ≥ 20.0;MACD 🚀;Price > SMA20
2025-08-06T17:09:21.691224,KLAC,883.50,25.37,1.36,0.15,-6.13,-6.13,ADX ≥ 20.0;MACD 🚀;RSI 📈;Price > SMA20
2025-08-06T17:09:24.569854,LRCX,95.69,44.41,0.19,0.19,2.84,2.84,ADX ≥ 20.0;MACD 🚀;RSI 📈;Price > SMA20
2025-08-06T17:09:32.587159,LULU,197.03,28.27,0.39,0.20,2.36,2.36,ADX ≥ 20.0;MACD 🚀;RSI 📈;Price > SMA20
2025-08-06T17:09:35.979401,MKTX,190.38,22.74,0.35,0.18,-40.08,-40.08,ADX ≥ 20.0;MACD 🚀;Price > SMA20
2025-08-06T17:09:37.810815,MLM,604.30,21.11,0.61,0.10,2.99,2.99,ADX ≥ 20.0;MACD 🚀;Price > SMA20
2025-08-06T17:09:39.419553,MTCH,36.82,38.56,0.21,0.56,-16.40,-16.40,ADX ≥ 20.0;MACD 🚀;ATR % ≥ 0.5%
2025-08-06T17:09:40.836978,MCD,307.95,28.69,0.70,0.23,-19.91,-19.91,ADX ≥ 20.0;MACD 🚀;BB breakout;RSI 📈;Price > SMA20
2025-08-06T17:09:46.771980,MRNA,26.73,23.45,0.07,0.28,-17.05,-17.05,ADX ≥ 20.0;MACD 🚀;Price > SMA20
2025-08-06T17:09:47.852102,MOH,153.59,21.87,0.38,0.25,-25.29,-25.29,ADX ≥ 20.0;MACD 🚀;Price > SMA20
2025-08-06T17:09:49.447447,MPWR,802.21,23.64,1.96,0.24,-11.07,-11.07,ADX ≥ 20.0;MACD 🚀;Price > SMA20
2025-08-06T17:10:00.583541,NRG,147.90,42.04,0.75,0.50,-8.00,-8.00,ADX ≥ 20.0;MACD 🚀;ATR % ≥ 0.5%;Price > SMA20
2025-08-06T17:10:15.440128,PFE,23.99,46.46,0.04,0.16,-2.37,-2.37,ADX ≥ 20.0;MACD 🚀;Price > SMA20
2025-08-06T17:10:23.141208,PTC,216.50,29.25,0.15,0.07,3.13,3.13,ADX ≥ 20.0;MACD 🚀;Price > SMA20
2025-08-06T17:10:46.393446,SMCI,45.27,22.21,0.20,0.45,-19.90,-19.90,ADX ≥ 20.0;MACD 🚀;Price > SMA20
2025-08-06T17:11:09.355990,UNH,247.62,30.25,0.60,0.24,-11.51,-11.51,ADX ≥ 20.0;MACD 🚀;RSI 📈;Price > SMA20
2025-08-06T17:11:15.011233,VTRS,8.85,25.43,0.02,0.20,-8.54,-8.54,ADX ≥ 20.0;MACD 🚀;Price > SMA20
2025-08-06T17:11:23.077825,WBD,12.86,29.93,0.03,0.27,1.97,1.97,ADX ≥ 20.0;MACD 🚀;Price > SMA20
2025-08-06T17:11:24.483419,WAT,278.71,35.60,0.50,0.18,-15.20,-15.20,ADX ≥ 20.0;MACD 🚀;Price > SMA20
2025-08-06T17:11:25.859282,WFC,78.25,33.93,0.09,0.12,9.19,9.19,ADX ≥ 20.0;MACD 🚀;Price > SMA20
2025-08-06T17:11:32.617804,YUM,140.82,41.25,0.21,0.15,-26.85,-26.85,ADX ≥ 20.0;MACD 🚀;BB breakout;Price > SMA20
2025-08-06T17:14:55.432724,ACN,246.68,45.01,0.45,0.18,9.50,9.50,ADX ≥ 20.0;MACD 🚀;RSI 📈;Price > SMA20
2025-08-06T17:14:56.139061,ADBE,343.24,45.47,0.41,0.12,-1.27,-1.27,ADX ≥ 20.0;MACD 🚀;RSI 📈;Price > SMA20
2025-08-06T17:14:56.831859,AMD,162.72,27.76,0.75,0.46,3.94,3.94,ADX ≥ 20.0;MACD 🚀;Price > SMA20
2025-08-06T17:15:02.505199,AKAM,74.35,35.06,0.09,0.13,14.59,14.59,ADX ≥ 20.0;MACD 🚀;Price > SMA20
2025-08-06T17:15:04.225917,ALGN,135.74,30.08,0.47,0.35,32.99,32.99,ADX ≥ 20.0;MACD 🚀;Price > SMA20
2025-08-06T17:15:17.392100,AMAT,177.88,37.98,0.28,0.16,-5.87,-5.87,ADX ≥ 20.0;MACD 🚀;RSI 📈;Price > SMA20
2025-08-06T17:15:29.654986,TECH,50.43,35.26,0.39,0.77,1.64,1.64,ADX ≥ 20.0;MACD 🚀;ATR % ≥ 0.5%
2025-08-06T17:15:35.232721,BR,265.33,45.20,0.50,0.19,-19.00,-19.00,ADX ≥ 20.0;MACD 🚀;RSI 📈;Price > SMA20
2025-08-06T17:15:42.340631,KMX,56.80,20.81,0.10,0.17,-39.74,-39.74,ADX ≥ 20.0;MACD 🚀;Price > SMA20
2025-08-06T17:15:49.252463,CVX,153.35,28.68,0.27,0.17,-9.74,-9.74,ADX ≥ 20.0;MACD 🚀;Price > SMA20
2025-08-06T17:16:00.036377,STZ,170.22,42.19,0.21,0.12,-25.12,-25.12,ADX ≥ 20.0;MACD 🚀;Price > SMA20
2025-08-06T17:16:02.148754,GLW,64.14,30.51,0.06,0.10,-13.08,-13.08,ADX ≥ 20.0;MACD 🚀;RSI 📈;Price > SMA20
2025-08-06T17:16:24.182953,ELV,279.63,22.52,0.39,0.14,-28.38,-28.38,ADX ≥ 20.0;MACD 🚀;Price > SMA20
2025-08-06T17:16:30.100872,EL,90.67,23.72,0.12,0.13,-29.78,-29.78,ADX ≥ 20.0;MACD 🚀;Price > SMA20
2025-08-06T17:16:38.360521,FIS,70.40,39.83,0.15,0.22,-1.72,-1.72,ADX ≥ 20.0;MACD 🚀;Price > SMA20
2025-08-06T17:16:45.893120,GEV,661.27,25.19,1.18,0.18,-16.76,-16.76,ADX ≥ 20.0;MACD 🚀;Price > SMA20
2025-08-06T17:17:02.532252,IBM,252.28,42.29,0.31,0.12,3.38,3.38,ADX ≥ 20.0;MACD 🚀;RSI 📈;Price > SMA20
2025-08-06T17:17:10.185414,IQV,178.53,43.42,0.38,0.21,-30.92,-30.92,ADX ≥ 20.0;MACD 🚀;Price > SMA20
2025-08-06T17:17:32.037262,MKTX,190.85,29.22,0.38,0.20,-19.61,-19.61,ADX ≥ 20.0;MACD 🚀;Price > SMA20
2025-08-06T17:17:35.538147,MTCH,36.80,31.46,0.19,0.52,-18.42,-18.42,ADX ≥ 20.0;MACD 🚀;ATR % ≥ 0.5%
2025-08-06T17:17:36.862769,MCD,307.38,27.15,0.56,0.18,-19.83,-19.83,ADX ≥ 20.0;MACD 🚀;Price > SMA20
2025-08-06T17:17:41.659848,MTD,1221.93,24.59,2.99,0.24,-51.30,-51.30,ADX ≥ 20.0;MACD 🚀;ATR14 ≥ 2.0
2025-08-06T17:17:45.951074,MRNA,26.76,30.95,0.08,0.30,1.42,1.42,ADX ≥ 20.0;MACD 🚀;Price > SMA20
2025-08-06T17:17:50.971596,MOS,31.41,34.91,0.17,0.54,-19.64,-19.64,ADX ≥ 20.0;MACD 🚀;ATR % ≥ 0.5%
2025-08-06T17:18:22.528351,PTC,216.56,31.67,0.16,0.07,5.37,5.37,ADX ≥ 20.0;MACD 🚀;Price > SMA20
2025-08-06T17:18:25.044245,QCOM,145.65,30.22,0.17,0.11,-23.57,-23.57,ADX ≥ 20.0;MACD 🚀;BB breakout;Price > SMA20
2025-08-06T17:18:46.176222,SMCI,45.17,22.04,0.21,0.47,-17.68,-17.68,ADX ≥ 20.0;MACD 🚀;Price > SMA20
2025-08-06T17:19:05.650151,ULTA,512.92,21.76,0.46,0.09,-17.36,-17.36,ADX ≥ 20.0;MACD 🚀;Price > SMA20
2025-08-06T17:19:08.710327,UNH,247.60,27.37,0.59,0.24,-15.11,-15.11,ADX ≥ 20.0;MACD 🚀;RSI 📈;Price > SMA20
2025-08-06T17:19:09.487650,UHS,164.47,21.28,0.18,0.11,-17.49,-17.49,ADX ≥ 20.0;MACD 🚀;BB breakout;Price > SMA20
2025-08-06T17:19:19.591246,WBD,12.85,27.89,0.03,0.25,-8.31,-8.31,ADX ≥ 20.0;MACD 🚀;Price > SMA20
2025-08-06T17:19:20.846992,WAT,278.66,33.57,0.44,0.16,-20.49,-20.49,ADX ≥ 20.0;MACD 🚀;Price > SMA20
2025-08-06T17:19:29.027739,YUM,141.28,40.18,0.20,0.14,-7.14,-7.14,ADX ≥ 20.0;MACD 🚀;BB breakout;RSI 📈;Price > SMA20
2025-08-06T17:31:37.832996,AOS,70.77,30.82,0.08,0.11,2.22,2.22,ADX ≥ 20.0;MACD 🚀;BB breakout
2025-08-06T17:31:39.970885,ACN,247.89,50.38,0.45,0.18,3.22,3.22,ADX ≥ 20.0;MACD 🚀;RSI 📈;Price > SMA20
2025-08-06T17:31:43.873768,ABNB,129.01,42.87,0.24,0.18,-11.18,-11.18,ADX ≥ 20.0;MACD 🚀;BB breakout;Price > SMA20
2025-08-06T17:31:44.822780,AKAM,74.53,45.31,0.11,0.14,3.90,3.90,ADX ≥ 20.0;MACD 🚀;RSI 📈;Price > SMA20
2025-08-06T17:31:45.941024,ARE,75.99,28.27,0.19,0.24,-25.89,-25.89,ADX ≥ 20.0;MACD 🚀;BB breakout;Price > SMA20
2025-08-06T17:31:46.554887,ALGN,135.97,28.00,0.46,0.34,-5.45,-5.45,ADX ≥ 20.0;MACD 🚀;Price > SMA20
2025-08-06T17:31:48.678576,ALL,208.59,25.75,0.24,0.11,-21.09,-21.09,ADX ≥ 20.0;MACD 🚀;Price > SMA20
2025-08-06T17:31:50.877931,AMZN,220.88,54.05,0.39,0.18,-8.60,-8.60,ADX ≥ 20.0;MACD 🚀;RSI 📈;Price > SMA20
2025-08-06T17:32:00.550813,APO,145.50,56.71,0.32,0.22,-33.91,-33.91,ADX ≥ 20.0;MACD 🚀;BB breakout;Price > SMA20
2025-08-06T17:32:04.666263,AJG,286.45,23.69,0.29,0.10,-18.81,-18.81,ADX ≥ 20.0;MACD 🚀;RSI 📈;Price > SMA20
2025-08-06T17:32:05.492906,AIZ,210.27,52.26,0.59,0.28,-8.90,-8.90,ADX ≥ 20.0;MACD 🚀;RSI 📈;Price > SMA20
2025-08-06T17:32:06.623547,ATO,158.24,24.17,0.18,0.12,-9.02,-9.02,ADX ≥ 20.0;MACD 🚀;Price > SMA20
2025-08-06T17:32:09.537288,AVY,166.38,25.39,0.25,0.15,-13.47,-13.47,ADX ≥ 20.0;MACD 🚀;BB breakout;Price > SMA20
2025-08-06T17:32:12.497215,BAX,22.46,53.62,0.06,0.27,6.96,6.96,ADX ≥ 20.0;MACD 🚀;BB breakout;RSI 📈;Price > SMA20
2025-08-06T17:32:17.868639,BA,225.56,27.23,0.22,0.10,-22.36,-22.36,ADX ≥ 20.0;MACD 🚀;BB breakout;RSI 📈;Price > SMA20
2025-08-06T17:32:20.834270,BR,265.60,36.41,0.52,0.19,-15.86,-15.86,ADX ≥ 20.0;MACD 🚀;RSI 📈;Price > SMA20
2025-08-06T17:32:21.949589,BF-B,0.00,28.09,0.06,inf,-17.25,-17.25,ADX ≥ 20.0;MACD 🚀;RSI 📈;ATR % ≥ 0.5%
2025-08-06T17:32:24.529676,CHRW,117.31,20.47,0.15,0.13,-23.99,-23.99,ADX ≥ 20.0;MACD 🚀;BB breakout;Price > SMA20
2025-08-06T17:32:36.313837,CVX,153.23,22.41,0.26,0.17,-20.64,-20.64,ADX ≥ 20.0;MACD 🚀;Price > SMA20
2025-08-06T17:32:36.971407,CMG,42.80,20.92,0.07,0.16,-5.71,-5.71,ADX ≥ 20.0;MACD 🚀;BB breakout;RSI 📈;Price > SMA20
2025-08-06T17:32:38.435207,CHD,92.70,40.44,0.14,0.15,-25.15,-25.15,ADX ≥ 20.0;MACD 🚀;BB breakout;RSI 📈;Price > SMA20
2025-08-06T17:32:41.973424,CFG,47.28,43.53,0.06,0.12,-34.62,-34.62,ADX ≥ 20.0;MACD 🚀;BB breakout
2025-08-06T17:32:42.841194,CLX,126.19,22.87,0.18,0.14,-34.94,-34.94,ADX ≥ 20.0;MACD 🚀;RSI 📈;Price > SMA20
2025-08-06T17:32:45.295081,KO,69.61,37.71,0.08,0.11,1.82,1.82,ADX ≥ 20.0;MACD 🚀;Price > SMA20
2025-08-06T17:32:45.992949,CTSH,70.88,24.59,0.08,0.11,-16.76,-16.76,ADX ≥ 20.0;MACD 🚀;BB breakout;RSI 📈;Price > SMA20
2025-08-06T17:32:47.151924,CL,84.79,43.80,0.10,0.12,-11.92,-11.92,ADX ≥ 20.0;MACD 🚀;BB breakout;RSI 📈;Price > SMA20
2025-08-06T17:32:50.248039,STZ,170.51,29.34,0.20,0.12,-28.89,-28.89,ADX ≥ 20.0;MACD 🚀;BB breakout;RSI 📈;Price > SMA20
2025-08-06T17:32:53.902892,CTVA,71.44,30.10,0.09,0.13,13.20,13.20,ADX ≥ 20.0;MACD 🚀;BB breakout;Price > SMA20
2025-08-06T17:33:04.685381,DVN,32.84,28.61,0.11,0.34,-23.68,-23.68,ADX ≥ 20.0;MACD 🚀;Price > SMA20
2025-08-06T17:33:05.356691,DXCM,76.54,36.07,0.17,0.22,3.35,3.35,ADX ≥ 20.0;MACD 🚀;BB breakout;RSI 📈;Price > SMA20
2025-08-06T17:33:09.538126,DPZ,444.14,22.73,0.55,0.12,-9.18,-9.18,ADX ≥ 20.0;MACD 🚀;Price > SMA20
2025-08-06T17:33:11.701858,DOW,21.47,24.55,0.05,0.24,-26.95,-26.95,ADX ≥ 20.0;MACD 🚀;BB breakout;Price > SMA20
2025-08-06T17:33:14.497387,DD,70.87,78.54,0.15,0.21,-20.06,-20.06,ADX ≥ 20.0;MACD 🚀;BB breakout
2025-08-06T17:33:16.654073,EBAY,92.75,47.65,0.11,0.12,7.48,7.48,ADX ≥ 20.0;MACD 🚀;Price > SMA20
2025-08-06T17:33:17.457947,ECL,268.64,38.75,0.26,0.10,-8.16,-8.16,ADX ≥ 20.0;MACD 🚀;BB breakout;RSI 📈;Price > SMA20
2025-08-06T17:33:19.054734,EW,78.31,39.26,0.11,0.14,-3.88,-3.88,ADX ≥ 20.0;MACD 🚀;BB breakout;RSI 📈;Price > SMA20
2025-08-06T17:33:23.197009,EPAM,149.03,21.27,0.37,0.25,-36.26,-36.26,ADX ≥ 20.0;MACD 🚀;Price > SMA20
2025-08-06T17:33:27.803655,EL,90.69,24.30,0.11,0.13,-11.45,-11.45,ADX ≥ 20.0;MACD 🚀;Price > SMA20
2025-08-06T17:33:35.529467,FFIV,320.18,33.49,0.56,0.18,-5.03,-5.03,ADX ≥ 20.0;MACD 🚀;BB breakout;RSI 📈;Price > SMA20
2025-08-06T17:33:38.136976,FRT,93.62,20.61,0.13,0.14,-8.95,-8.95,ADX ≥ 20.0;MACD 🚀;Price > SMA20
2025-08-06T17:33:40.067745,FITB,41.38,46.12,0.05,0.11,-21.24,-21.24,ADX ≥ 20.0;MACD 🚀;BB breakout
2025-08-06T17:33:42.462970,F,11.22,20.93,0.02,0.16,12.39,12.39,ADX ≥ 20.0;MACD 🚀;RSI 📈;Price > SMA20
2025-08-06T17:33:44.333446,FOXA,53.94,27.69,0.09,0.17,-4.26,-4.26,ADX ≥ 20.0;MACD 🚀;BB breakout;RSI 📈;Price > SMA20
2025-08-06T17:33:45.134404,FOX,49.27,26.30,0.09,0.18,6.00,6.00,ADX ≥ 20.0;MACD 🚀;BB breakout;RSI 📈;Price > SMA20
2025-08-06T17:33:46.899818,GRMN,230.19,32.03,0.21,0.09,-35.41,-35.41,ADX ≥ 20.0;MACD 🚀;BB breakout
2025-08-06T17:33:49.926296,GEHC,69.93,32.19,0.10,0.14,-23.03,-23.03,ADX ≥ 20.0;MACD 🚀;Price > SMA20
2025-08-06T17:33:55.302873,GPN,84.61,71.10,0.30,0.35,14.11,14.11,ADX ≥ 20.0;MACD 🚀;RSI 📈;Price > SMA20
2025-08-06T17:33:56.630532,GDDY,155.38,29.82,0.20,0.13,14.38,14.38,ADX ≥ 20.0;MACD 🚀;Price > SMA20
2025-08-06T17:33:58.153585,HAL,21.66,23.22,0.06,0.27,-27.51,-27.51,ADX ≥ 20.0;MACD 🚀;Price > SMA20
2025-08-06T17:33:58.849812,HIG,128.81,34.70,0.12,0.09,-5.86,-5.86,ADX ≥ 20.0;MACD 🚀;Price > SMA20
2025-08-06T17:33:59.521080,HAS,76.89,36.10,0.11,0.14,-1.65,-1.65,ADX ≥ 20.0;MACD 🚀;Price > SMA20
2025-08-06T17:34:04.411644,HPE,20.11,29.85,0.03,0.16,-27.78,-27.78,ADX ≥ 20.0;MACD 🚀;Price > SMA20
2025-08-06T17:34:07.083111,HOLX,67.62,27.18,0.06,0.09,-32.82,-32.82,ADX ≥ 20.0;MACD 🚀;Price > SMA20
2025-08-06T17:34:12.025058,HBAN,16.14,40.56,0.03,0.17,-14.47,-14.47,ADX ≥ 20.0;MACD 🚀;BB breakout
2025-08-06T17:34:13.219648,IBM,252.59,45.67,0.31,0.12,-5.06,-5.06,ADX ≥ 20.0;MACD 🚀;RSI 📈;Price > SMA20
2025-08-06T17:34:27.202963,JNJ,171.89,24.88,0.23,0.14,-15.62,-15.62,ADX ≥ 20.0;MACD 🚀;BB breakout;RSI 📈;Price > SMA20
2025-08-06T17:34:30.124605,K,79.83,44.73,0.01,0.01,6.89,6.89,ADX ≥ 20.0;MACD 🚀;BB breakout;Price > SMA20
2025-08-06T17:34:32.557290,KEYS,161.13,27.82,0.20,0.13,-15.67,-15.67,ADX ≥ 20.0;MACD 🚀;Price > SMA20
2025-08-06T17:34:33.795461,KIM,21.39,31.98,0.03,0.13,-3.85,-3.85,ADX ≥ 20.0;MACD 🚀;BB breakout;Price > SMA20
2025-08-06T17:34:35.045273,KKR,144.79,21.35,0.21,0.14,-24.88,-24.88,ADX ≥ 20.0;MACD 🚀;BB breakout;RSI 📈;Price > SMA20
2025-08-06T17:34:47.416803,LYB,49.95,33.66,0.17,0.34,-1.32,-1.32,ADX ≥ 20.0;MACD 🚀;Price > SMA20
2025-08-06T17:34:49.975695,MAR,260.92,27.81,0.29,0.11,4.45,4.45,ADX ≥ 20.0;MACD 🚀;Price > SMA20
2025-08-06T17:34:52.926295,MTCH,36.97,30.52,0.20,0.53,-1.07,-1.07,ADX ≥ 20.0;MACD 🚀;ATR % ≥ 0.5%;Price > SMA20
2025-08-06T17:34:54.462481,MCD,307.72,24.90,0.48,0.15,-26.81,-26.81,ADX ≥ 20.0;MACD 🚀;Price > SMA20
2025-08-06T17:34:55.722694,MDT,89.25,55.77,0.09,0.10,-8.10,-8.10,ADX ≥ 20.0;MACD 🚀;BB breakout
2025-08-06T17:34:58.300024,MTD,1221.93,25.57,2.60,0.21,-56.92,-56.92,ADX ≥ 20.0;MACD 🚀;ATR14 ≥ 2.0
2025-08-06T17:34:59.812880,MCHP,65.83,28.71,0.09,0.14,-25.63,-25.63,ADX ≥ 20.0;MACD 🚀;Price > SMA20
2025-08-06T17:35:00.860140,MU,107.95,39.38,0.20,0.19,-21.56,-21.56,ADX ≥ 20.0;MACD 🚀;BB breakout;Price > SMA20
2025-08-06T17:35:08.211215,MOS,31.42,41.20,0.16,0.52,-17.06,-17.06,ADX ≥ 20.0;MACD 🚀;ATR % ≥ 0.5%
2025-08-06T17:35:11.592545,NDAQ,96.52,27.84,0.09,0.10,-5.33,-5.33,ADX ≥ 20.0;MACD 🚀;Price > SMA20
2025-08-06T17:35:15.230839,NWS,33.66,22.11,0.06,0.19,-7.19,-7.19,ADX ≥ 20.0;MACD 🚀;BB breakout;Price > SMA20
2025-08-06T17:35:15.949233,NEE,70.86,52.44,0.09,0.13,-10.29,-10.29,ADX ≥ 20.0;MACD 🚀;BB breakout;Price > SMA20
2025-08-06T17:35:19.386741,NTRS,125.38,32.58,0.13,0.10,-31.84,-31.84,ADX ≥ 20.0;MACD 🚀;BB breakout
2025-08-06T17:35:22.554762,NVDA,178.43,20.11,0.28,0.16,-32.25,-32.25,ADX ≥ 20.0;MACD 🚀;Price > SMA20
2025-08-06T17:35:26.954810,ON,46.83,55.94,0.11,0.24,-18.47,-18.47,ADX ≥ 20.0;MACD 🚀;BB breakout;RSI 📈;Price > SMA20
2025-08-06T17:35:32.656836,PH,697.55,34.32,1.10,0.16,-26.38,-26.38,ADX ≥ 20.0;MACD 🚀;BB breakout;Price > SMA20
2025-08-06T17:35:36.580791,PFE,24.00,33.21,0.04,0.17,-7.71,-7.71,ADX ≥ 20.0;MACD 🚀;Price > SMA20
2025-08-06T17:35:39.912266,PNC,189.34,38.52,0.18,0.10,-13.38,-13.38,ADX ≥ 20.0;MACD 🚀;BB breakout;Price > SMA20
2025-08-06T17:35:40.577232,POOL,310.05,25.91,0.41,0.13,25.41,25.41,ADX ≥ 20.0;MACD 🚀;Price > SMA20
2025-08-06T17:35:41.228081,PPG,105.72,25.84,0.13,0.12,-38.76,-38.76,ADX ≥ 20.0;MACD 🚀;BB breakout;RSI 📈;Price > SMA20
2025-08-06T17:35:43.104944,PG,153.40,26.85,0.16,0.10,12.68,12.68,ADX ≥ 20.0;MACD 🚀;RSI 📈;Price > SMA20
2025-08-06T17:35:43.939405,PGR,248.85,77.18,0.32,0.13,9.32,9.32,ADX ≥ 20.0;MACD 🚀;BB breakout;RSI 📈;Price > SMA20
2025-08-06T17:35:46.588116,PTC,216.71,40.75,0.17,0.08,-19.13,-19.13,ADX ≥ 20.0;MACD 🚀;RSI 📈;Price > SMA20
2025-08-06T17:35:52.596518,REG,73.69,20.28,0.09,0.13,-23.34,-23.34,ADX ≥ 20.0;MACD 🚀;RSI 📈;Price > SMA20
2025-08-06T17:35:54.399600,RSG,235.75,40.03,0.21,0.09,-11.64,-11.64,ADX ≥ 20.0;MACD 🚀;BB breakout;Price > SMA20
2025-08-06T17:35:58.064329,ROST,145.63,47.06,0.17,0.11,-25.03,-25.03,ADX ≥ 20.0;MACD 🚀;RSI 📈;Price > SMA20
2025-08-06T17:36:01.391635,STX,147.50,56.55,0.33,0.22,-34.95,-34.95,ADX ≥ 20.0;MACD 🚀;Price > SMA20
2025-08-06T17:36:02.985311,SHW,352.85,20.79,0.34,0.10,-9.31,-9.31,ADX ≥ 20.0;MACD 🚀;BB breakout;RSI 📈;Price > SMA20
2025-08-06T17:36:03.612339,SPG,169.06,42.31,0.24,0.14,-15.42,-15.42,ADX ≥ 20.0;MACD 🚀;BB breakout;Price > SMA20
2025-08-06T17:36:11.955771,SMCI,45.75,31.18,0.22,0.47,-1.68,-1.68,ADX ≥ 20.0;MACD 🚀;BB breakout;RSI 📈;Price > SMA20
2025-08-06T17:36:14.841745,TROW,105.48,34.12,0.14,0.13,-16.46,-16.46,ADX ≥ 20.0;MACD 🚀;BB breakout;Price > SMA20
2025-08-06T17:36:17.140126,TGT,105.85,30.85,0.14,0.14,-33.72,-33.72,ADX ≥ 20.0;MACD 🚀;Price > SMA20
2025-08-06T17:36:19.932872,TSLA,318.42,29.36,0.77,0.24,-12.93,-12.93,ADX ≥ 20.0;MACD 🚀;Price > SMA20
2025-08-06T17:36:22.012024,TXT,77.66,37.76,0.12,0.15,-11.44,-11.44,ADX ≥ 20.0;MACD 🚀;Price > SMA20
2025-08-06T17:36:24.373161,TSCO,60.14,21.10,0.06,0.11,2.27,2.27,ADX ≥ 20.0;MACD 🚀;Price > SMA20
2025-08-06T17:36:25.861392,TDG,1387.98,34.88,3.38,0.24,-26.75,-26.75,ADX ≥ 20.0;MACD 🚀;ATR14 ≥ 2.0
2025-08-06T17:36:27.487076,TRV,267.37,33.30,0.29,0.11,-12.17,-12.17,ADX ≥ 20.0;MACD 🚀;BB breakout;Price > SMA20
2025-08-06T17:36:28.269556,TRMB,83.94,25.46,0.22,0.26,-20.01,-20.01,ADX ≥ 20.0;MACD 🚀;BB breakout;RSI 📈;Price > SMA20
2025-08-06T17:36:29.171290,TFC,43.30,38.24,0.05,0.11,-19.75,-19.75,ADX ≥ 20.0;MACD 🚀;BB breakout;Price > SMA20
2025-08-06T17:36:29.882585,TYL,616.64,29.81,0.76,0.12,-31.99,-31.99,ADX ≥ 20.0;MACD 🚀;Price > SMA20
2025-08-06T17:36:30.847681,TSN,55.73,29.28,0.07,0.13,-14.53,-14.53,ADX ≥ 20.0;MACD 🚀;Price > SMA20
2025-08-06T17:36:31.549256,USB,44.58,44.99,0.05,0.11,-19.62,-19.62,ADX ≥ 20.0;MACD 🚀;BB breakout;Price > SMA20
2025-08-06T17:36:32.225808,UBER,88.88,21.89,0.31,0.35,-7.42,-7.42,ADX ≥ 20.0;MACD 🚀;RSI 📈;Price > SMA20
2025-08-06T17:36:32.925907,UDR,38.44,58.48,0.05,0.12,-21.29,-21.29,ADX ≥ 20.0;MACD 🚀;BB breakout
2025-08-06T17:36:35.743831,UNH,247.70,27.24,0.48,0.19,-34.23,-34.23,ADX ≥ 20.0;MACD 🚀;Price > SMA20
2025-08-06T17:36:46.354370,WBA,11.73,30.32,0.01,0.09,-2.38,-2.38,ADX ≥ 20.0;MACD 🚀;BB breakout;Price > SMA20
2025-08-06T17:36:48.149297,WBD,12.86,21.89,0.03,0.25,4.30,4.30,ADX ≥ 20.0;MACD 🚀;Price > SMA20
2025-08-06T17:36:53.679941,WY,25.64,36.21,0.03,0.13,-27.95,-27.95,ADX ≥ 20.0;MACD 🚀;BB breakout
2025-08-06T17:36:58.250128,XYL,143.75,37.99,0.14,0.10,0.02,0.02,ADX ≥ 20.0;MACD 🚀;BB breakout;RSI 📈;Price > SMA20
2025-08-06T17:36:59.124807,YUM,141.24,39.35,0.20,0.14,-1.55,-1.55,ADX ≥ 20.0;MACD 🚀;RSI 📈;Price > SMA20
2025-08-06T17:36:59.771284,ZBRA,303.65,32.70,0.76,0.25,11.27,11.27,ADX ≥ 20.0;MACD 🚀;BB breakout;Price > SMA20
2025-08-06T17:41:36.152971,AOS,70.82,29.64,0.07,0.10,-5.38,-5.38,ADX ≥ 20.0;MACD 🚀;RSI 📈;Price > SMA20
2025-08-06T17:41:38.564330,ACN,247.94,54.28,0.48,0.20,-5.86,-5.86,ADX ≥ 20.0;MACD 🚀;RSI 📈;Price > SMA20
2025-08-06T17:41:43.891921,ABNB,129.64,41.05,0.27,0.21,8.83,8.83,ADX ≥ 20.0;MACD 🚀;BB breakout;RSI 📈;Price > SMA20
2025-08-06T17:41:47.406861,ALGN,136.17,25.14,0.44,0.32,-21.72,-21.72,ADX ≥ 20.0;MACD 🚀;Price > SMA20
2025-08-06T17:41:49.672749,ALL,208.72,21.52,0.26,0.12,-8.40,-8.40,ADX ≥ 20.0;MACD 🚀;Price > SMA20
2025-08-06T17:41:50.485170,GOOGL,196.44,46.91,0.22,0.11,-26.43,-26.43,ADX ≥ 20.0;MACD 🚀;BB breakout;RSI 📈;Price > SMA20
2025-08-06T17:41:51.375451,GOOG,197.22,44.80,0.22,0.11,-24.81,-24.81,ADX ≥ 20.0;MACD 🚀;BB breakout;RSI 📈;Price > SMA20
2025-08-06T17:41:52.795025,AMZN,221.37,57.55,0.40,0.18,-3.68,-3.68,ADX ≥ 20.0;MACD 🚀;RSI 📈;Price > SMA20
2025-08-06T17:41:59.965131,AWK,142.43,25.52,0.15,0.10,-26.16,-26.16,ADX ≥ 20.0;MACD 🚀;Price > SMA20
2025-08-06T17:42:05.527323,APO,145.63,50.45,0.31,0.22,-25.02,-25.02,ADX ≥ 20.0;MACD 🚀;Price > SMA20
2025-08-06T17:42:06.236356,AAPL,215.20,29.89,0.35,0.16,-9.75,-9.75,ADX ≥ 20.0;MACD 🚀;BB breakout;RSI 📈;Price > SMA20
2025-08-06T17:42:07.236291,AMAT,178.29,51.99,0.26,0.14,-24.68,-24.68,ADX ≥ 20.0;MACD 🚀;BB breakout;RSI 📈;Price > SMA20
2025-08-06T17:42:11.058741,AJG,286.43,28.89,0.28,0.10,-15.59,-15.59,ADX ≥ 20.0;MACD 🚀;Price > SMA20
2025-08-06T17:42:13.057645,ATO,158.41,20.30,0.19,0.12,5.73,5.73,ADX ≥ 20.0;MACD 🚀;RSI 📈;Price > SMA20
2025-08-06T17:42:16.267681,AVY,166.37,24.66,0.25,0.15,-27.39,-27.39,ADX ≥ 20.0;MACD 🚀;Price > SMA20
2025-08-06T17:42:19.841939,BAX,22.42,51.65,0.06,0.27,22.14,22.14,ADX ≥ 20.0;MACD 🚀;Price > SMA20
2025-08-06T17:42:25.122293,BK,101.86,26.05,0.10,0.10,-4.87,-4.87,ADX ≥ 20.0;MACD 🚀;Price > SMA20
2025-08-06T17:42:25.805583,BA,225.67,30.20,0.20,0.09,-23.70,-23.70,ADX ≥ 20.0;MACD 🚀;RSI 📈;Price > SMA20
2025-08-06T17:42:38.339971,KMX,56.92,21.25,0.09,0.17,-11.02,-11.02,ADX ≥ 20.0;MACD 🚀;Price > SMA20
2025-08-06T17:42:49.178446,CMG,42.73,25.87,0.07,0.17,6.55,6.55,ADX ≥ 20.0;MACD 🚀;Price > SMA20
2025-08-06T17:42:50.758657,CHD,92.70,44.20,0.14,0.15,-15.60,-15.60,ADX ≥ 20.0;MACD 🚀;RSI 📈;Price > SMA20
2025-08-06T17:42:53.629597,CSCO,69.17,38.00,0.07,0.10,-5.96,-5.96,ADX ≥ 20.0;MACD 🚀;BB breakout;RSI 📈;Price > SMA20
2025-08-06T17:42:55.676488,CLX,126.12,27.55,0.16,0.13,-36.90,-36.90,ADX ≥ 20.0;MACD 🚀;Price > SMA20
2025-08-06T17:42:58.870786,KO,69.61,30.33,0.07,0.10,4.35,4.35,ADX ≥ 20.0;MACD 🚀;Price > SMA20
2025-08-06T17:42:59.840346,CTSH,71.09,32.27,0.09,0.12,-0.51,-0.51,ADX ≥ 20.0;MACD 🚀;BB breakout;RSI 📈;Price > SMA20
2025-08-06T17:43:01.045368,COIN,303.09,30.95,1.39,0.46,-23.67,-23.67,ADX ≥ 20.0;MACD 🚀;BB breakout;RSI 📈;Price > SMA20
2025-08-06T17:43:02.265711,CL,84.73,35.99,0.10,0.11,-14.30,-14.30,ADX ≥ 20.0;MACD 🚀;Price > SMA20
2025-08-06T17:43:11.088103,CTVA,71.43,25.50,0.09,0.13,-2.01,-2.01,ADX ≥ 20.0;MACD 🚀;Price > SMA20
2025-08-06T17:43:12.581610,COST,966.64,21.69,0.84,0.09,-28.69,-28.69,ADX ≥ 20.0;MACD 🚀;Price > SMA20
2025-08-06T17:43:22.604408,DELL,127.80,25.15,0.26,0.20,-14.98,-14.98,ADX ≥ 20.0;MACD 🚀;Price > SMA20
2025-08-06T17:43:23.935721,DVN,32.85,25.87,0.10,0.32,-30.81,-30.81,ADX ≥ 20.0;MACD 🚀;Price > SMA20
2025-08-06T17:43:24.772835,DXCM,76.70,48.16,0.19,0.24,28.29,28.29,ADX ≥ 20.0;MACD 🚀;RSI 📈;Price > SMA20
2025-08-06T17:43:25.580851,FANG,146.70,41.75,0.30,0.20,-37.25,-37.25,ADX ≥ 20.0;MACD 🚀;Price > SMA20
2025-08-06T17:43:29.381158,DPZ,446.04,31.04,0.68,0.15,-3.78,-3.78,ADX ≥ 20.0;MACD 🚀;BB breakout;RSI 📈;Price > SMA20
2025-08-06T17:43:30.157208,DASH,257.95,20.08,0.37,0.14,-10.82,-10.82,ADX ≥ 20.0;MACD 🚀;Price > SMA20
2025-08-06T17:43:31.712147,DOW,21.46,20.28,0.05,0.24,-22.77,-22.77,ADX ≥ 20.0;MACD 🚀;BB breakout;Price > SMA20
2025-08-06T17:43:34.824090,DD,70.92,72.13,0.14,0.20,-20.33,-20.33,ADX ≥ 20.0;MACD 🚀;BB breakout
2025-08-06T17:43:38.589111,EW,78.54,42.69,0.18,0.22,53.71,53.71,ADX ≥ 20.0;MACD 🚀;BB breakout;RSI 📈;Price > SMA20
2025-08-06T17:43:45.505208,EPAM,149.08,28.51,0.30,0.20,-36.99,-36.99,ADX ≥ 20.0;MACD 🚀;Price > SMA20
2025-08-06T17:43:54.056894,EXPE,183.71,23.35,0.28,0.15,-8.98,-8.98,ADX ≥ 20.0;MACD 🚀;Price > SMA20
2025-08-06T17:43:56.597992,FFIV,321.04,36.31,0.57,0.18,6.69,6.69,ADX ≥ 20.0;MACD 🚀;BB breakout;RSI 📈;Price > SMA20
2025-08-06T17:44:01.330738,FITB,41.38,42.76,0.05,0.13,-5.35,-5.35,ADX ≥ 20.0;MACD 🚀;Price > SMA20
2025-08-06T17:44:04.677933,F,11.25,29.56,0.02,0.18,20.82,20.82,ADX ≥ 20.0;MACD 🚀;BB breakout;RSI 📈;Price > SMA20
2025-08-06T17:44:07.096419,FOXA,53.90,26.43,0.09,0.17,-7.74,-7.74,ADX ≥ 20.0;MACD 🚀;Price > SMA20
2025-08-06T17:44:07.897235,FOX,49.21,22.98,0.09,0.18,0.75,0.75,ADX ≥ 20.0;MACD 🚀;Price > SMA20
2025-08-06T17:44:13.305061,GEHC,70.07,31.04,0.10,0.14,-38.08,-38.08,ADX ≥ 20.0;MACD 🚀;BB breakout;RSI 📈;Price > SMA20
2025-08-06T17:44:19.890589,GDDY,155.32,27.86,0.20,0.13,-8.73,-8.73,ADX ≥ 20.0;MACD 🚀;Price > SMA20
2025-08-06T17:44:26.720764,HPE,20.13,33.99,0.03,0.15,-34.96,-34.96,ADX ≥ 20.0;MACD 🚀;Price > SMA20
2025-08-06T17:44:31.362207,HST,15.19,20.04,0.02,0.16,-23.80,-23.80,ADX ≥ 20.0;MACD 🚀;Price > SMA20
2025-08-06T17:44:36.241208,IBM,252.89,46.51,0.34,0.13,-1.18,-1.18,ADX ≥ 20.0;MACD 🚀;BB breakout;RSI 📈;Price > SMA20
2025-08-06T17:44:40.168704,IR,77.00,50.35,0.10,0.12,-16.10,-16.10,ADX ≥ 20.0;MACD 🚀;BB breakout;Price > SMA20
2025-08-06T17:44:49.256852,JBL,220.60,24.60,0.28,0.13,13.24,13.24,ADX ≥ 20.0;MACD 🚀;BB breakout;RSI 📈;Price > SMA20
2025-08-06T17:44:57.904454,KIM,21.39,32.70,0.03,0.12,-7.74,-7.74,ADX ≥ 20.0;MACD 🚀;Price > SMA20
2025-08-06T17:45:01.565134,KKR,144.97,25.96,0.21,0.14,-24.06,-24.06,ADX ≥ 20.0;MACD 🚀;BB breakout;RSI 📈;Price > SMA20
2025-08-06T17:45:02.292796,KLAC,884.71,36.16,1.08,0.12,-33.88,-33.88,ADX ≥ 20.0;MACD 🚀;BB breakout;RSI 📈;Price > SMA20
2025-08-06T17:45:19.683543,MCD,308.49,26.89,0.52,0.17,-17.70,-17.70,ADX ≥ 20.0;MACD 🚀;BB breakout;RSI 📈;Price > SMA20
2025-08-06T17:45:23.743418,MTD,1221.93,26.89,2.12,0.17,-71.73,-71.73,ADX ≥ 20.0;MACD 🚀;ATR14 ≥ 2.0
2025-08-06T17:45:24.435766,MGM,35.01,22.68,0.04,0.12,-24.21,-24.21,ADX ≥ 20.0;MACD 🚀;BB breakout;RSI 📈;Price > SMA20
2025-08-06T17:45:26.477853,MCHP,65.90,26.04,0.08,0.12,-28.10,-28.10,ADX ≥ 20.0;MACD 🚀;RSI 📈;Price > SMA20
2025-08-06T17:45:27.274163,MU,108.09,38.97,0.18,0.16,-34.05,-34.05,ADX ≥ 20.0;MACD 🚀;RSI 📈;Price > SMA20
2025-08-06T17:45:32.218093,MNST,59.26,40.83,0.08,0.13,-33.26,-33.26,ADX ≥ 20.0;MACD 🚀;Price > SMA20
2025-08-06T17:45:34.970015,MSI,441.07,39.10,0.31,0.07,-31.12,-31.12,ADX ≥ 20.0;MACD 🚀;Price > SMA20
2025-08-06T17:45:36.111374,NDAQ,96.50,27.37,0.09,0.09,-28.45,-28.45,ADX ≥ 20.0;MACD 🚀;Price > SMA20
2025-08-06T17:45:38.805287,NWS,33.65,23.06,0.07,0.19,9.63,9.63,ADX ≥ 20.0;MACD 🚀;Price > SMA20
2025-08-06T17:45:39.496535,NEE,70.81,53.15,0.08,0.12,-22.12,-22.12,ADX ≥ 20.0;MACD 🚀;Price > SMA20
2025-08-06T17:45:41.439644,NDSN,211.71,35.48,0.23,0.11,1.39,1.39,ADX ≥ 20.0;MACD 🚀;Price > SMA20
2025-08-06T17:45:45.303235,NVDA,178.59,26.38,0.24,0.14,-35.84,-35.84,ADX ≥ 20.0;MACD 🚀;RSI 📈;Price > SMA20
2025-08-06T17:45:46.404097,NXPI,205.49,27.04,0.29,0.14,-4.36,-4.36,ADX ≥ 20.0;MACD 🚀;BB breakout;RSI 📈;Price > SMA20
2025-08-06T17:45:49.548211,ON,46.90,52.37,0.11,0.23,-23.52,-23.52,ADX ≥ 20.0;MACD 🚀;RSI 📈;Price > SMA20
2025-08-06T17:45:54.361419,PH,696.66,31.46,1.13,0.16,-12.25,-12.25,ADX ≥ 20.0;MACD 🚀;Price > SMA20
2025-08-06T17:45:58.091911,PFE,24.00,27.78,0.04,0.18,1.46,1.46,ADX ≥ 20.0;MACD 🚀;Price > SMA20
2025-08-06T17:46:01.204054,PNC,189.28,37.14,0.19,0.10,-12.51,-12.51,ADX ≥ 20.0;MACD 🚀;Price > SMA20
2025-08-06T17:46:01.981201,POOL,309.91,28.23,0.41,0.13,0.31,0.31,ADX ≥ 20.0;MACD 🚀;Price > SMA20
2025-08-06T17:46:02.859353,PPG,105.69,28.05,0.11,0.10,-34.41,-34.41,ADX ≥ 20.0;MACD 🚀;Price > SMA20
2025-08-06T17:46:08.358828,PTC,216.91,49.81,0.15,0.07,-20.82,-20.82,ADX ≥ 20.0;MACD 🚀;RSI 📈;Price > SMA20
2025-08-06T17:46:18.988793,ROK,322.37,33.23,1.10,0.34,-39.07,-39.07,ADX ≥ 20.0;MACD 🚀;Price > SMA20
2025-08-06T17:46:28.437662,SWKS,67.50,22.86,0.14,0.21,-36.67,-36.67,ADX ≥ 20.0;MACD 🚀;RSI 📈;Price > SMA20
2025-08-06T17:46:31.332011,SOLV,72.22,20.22,0.13,0.17,-24.35,-24.35,ADX ≥ 20.0;MACD 🚀;Price > SMA20
2025-08-06T17:46:41.186670,SMCI,45.91,40.27,0.23,0.50,9.93,9.93,ADX ≥ 20.0;MACD 🚀;RSI 📈;ATR % ≥ 0.5%;Price > SMA20
2025-08-06T17:46:42.765500,SNPS,622.85,25.49,0.65,0.10,-19.49,-19.49,ADX ≥ 20.0;MACD 🚀;Price > SMA20
2025-08-06T17:46:44.856599,TROW,105.41,31.03,0.13,0.12,-24.01,-24.01,ADX ≥ 20.0;MACD 🚀;Price > SMA20
2025-08-06T17:46:45.960859,TTWO,226.57,26.69,0.18,0.08,13.21,13.21,ADX ≥ 20.0;MACD 🚀;RSI 📈;Price > SMA20
2025-08-06T17:46:49.744818,TER,104.44,24.51,0.23,0.22,5.22,5.22,ADX ≥ 20.0;MACD 🚀;RSI 📈;Price > SMA20
2025-08-06T17:46:50.973946,TSLA,319.69,29.93,0.77,0.24,-10.05,-10.05,ADX ≥ 20.0;MACD 🚀;BB breakout;RSI 📈;Price > SMA20
2025-08-06T17:46:53.206486,TXT,77.54,31.44,0.12,0.16,3.68,3.68,ADX ≥ 20.0;MACD 🚀;Price > SMA20
2025-08-06T17:46:57.533796,TRV,267.21,38.22,0.26,0.10,-18.28,-18.28,ADX ≥ 20.0;MACD 🚀;Price > SMA20
2025-08-06T17:46:58.354504,TRMB,83.97,33.64,0.20,0.23,-9.29,-9.29,ADX ≥ 20.0;MACD 🚀;RSI 📈;Price > SMA20
2025-08-06T17:47:02.880444,TSN,55.74,24.49,0.06,0.10,-23.08,-23.08,ADX ≥ 20.0;MACD 🚀;RSI 📈;Price > SMA20
2025-08-06T17:47:08.610668,UNH,247.75,30.14,0.48,0.20,-31.73,-31.73,ADX ≥ 20.0;MACD 🚀;Price > SMA20
2025-08-06T17:47:19.796106,WBA,11.74,32.25,0.01,0.08,5.28,5.28,ADX ≥ 20.0;MACD 🚀;BB breakout;RSI 📈;Price > SMA20
2025-08-06T17:47:21.236717,DIS,115.13,25.17,0.23,0.20,-12.53,-12.53,ADX ≥ 20.0;MACD 🚀;RSI 📈;Price > SMA20
2025-08-06T17:47:24.574355,WFC,78.19,23.25,0.09,0.12,-17.94,-17.94,ADX ≥ 20.0;MACD 🚀;Price > SMA20
2025-08-06T17:47:33.597648,YUM,141.45,40.51,0.21,0.15,-4.06,-4.06,ADX ≥ 20.0;MACD 🚀;RSI 📈;Price > SMA20
2025-08-06T17:47:34.354332,ZBRA,303.47,32.28,0.71,0.24,12.97,12.97,ADX ≥ 20.0;MACD 🚀;Price > SMA20
2025-08-06T17:50:34.948304,AFL,101.86,22.97,0.17,0.16,-10.13,-10.13,ADX ≥ 20.0;MACD 🚀;BB breakout;Price > SMA20
2025-08-06T17:50:36.615831,ABNB,129.49,37.71,0.25,0.19,6.78,6.78,ADX ≥ 20.0;MACD 🚀;RSI 📈;Price > SMA20
2025-08-06T17:50:41.390249,GOOGL,196.43,39.50,0.19,0.10,-20.05,-20.05,ADX ≥ 20.0;MACD 🚀;RSI 📈;Price > SMA20
2025-08-06T17:50:42.185118,GOOG,197.20,36.47,0.19,0.10,-19.15,-19.15,ADX ≥ 20.0;MACD 🚀;RSI 📈;Price > SMA20
2025-08-06T17:50:48.690385,AWK,142.43,25.86,0.14,0.10,-19.72,-19.72,ADX ≥ 20.0;MACD 🚀;Price > SMA20
2025-08-06T17:50:53.258304,APO,145.93,46.76,0.25,0.17,-26.79,-26.79,ADX ≥ 20.0;MACD 🚀;RSI 📈;Price > SMA20
2025-08-06T17:50:58.087442,T,27.86,21.09,0.03,0.12,-8.58,-8.58,ADX ≥ 20.0;MACD 🚀;Price > SMA20
2025-08-06T17:51:00.989245,AVY,166.36,21.65,0.24,0.14,-29.42,-29.42,ADX ≥ 20.0;MACD 🚀;Price > SMA20
2025-08-06T17:51:03.856059,BAX,22.39,43.96,0.06,0.26,1.84,1.84,ADX ≥ 20.0;MACD 🚀;Price > SMA20
2025-08-06T17:51:05.678970,BBY,67.31,50.94,0.08,0.11,-22.18,-22.18,ADX ≥ 20.0;MACD 🚀;Price > SMA20
2025-08-06T17:51:08.725733,BA,225.70,32.77,0.20,0.09,-21.56,-21.56,ADX ≥ 20.0;MACD 🚀;RSI 📈;Price > SMA20
2025-08-06T17:51:35.147338,KO,69.61,24.79,0.07,0.09,0.36,0.36,ADX ≥ 20.0;MACD 🚀;Price > SMA20
2025-08-06T17:51:36.424488,COIN,302.56,30.62,1.19,0.39,-22.39,-22.39,ADX ≥ 20.0;MACD 🚀;Price > SMA20
2025-08-06T17:51:46.405277,COST,966.98,20.46,0.83,0.09,-28.23,-28.23,ADX ≥ 20.0;MACD 🚀;Price > SMA20
2025-08-06T17:51:56.420427,DXCM,76.82,55.87,0.18,0.23,14.09,14.09,ADX ≥ 20.0;MACD 🚀;RSI 📈;Price > SMA20
2025-08-06T17:52:00.628580,DPZ,445.88,36.67,0.64,0.14,1.20,1.20,ADX ≥ 20.0;MACD 🚀;RSI 📈;Price > SMA20
2025-08-06T17:52:08.661774,EA,161.89,37.13,0.14,0.08,-16.20,-16.20,ADX ≥ 20.0;MACD 🚀;BB breakout;RSI 📈;Price > SMA20
2025-08-06T17:52:17.885730,EVRG,73.48,21.48,0.08,0.11,8.87,8.87,ADX ≥ 20.0;MACD 🚀;Price > SMA20
2025-08-06T17:52:20.898149,EXPE,183.66,23.98,0.25,0.13,-10.90,-10.90,ADX ≥ 20.0;MACD 🚀;Price > SMA20
2025-08-06T17:52:23.216790,FFIV,320.69,36.68,0.55,0.17,-1.73,-1.73,ADX ≥ 20.0;MACD 🚀;RSI 📈;Price > SMA20
2025-08-06T17:52:32.692253,FOXA,53.90,23.30,0.08,0.15,-20.25,-20.25,ADX ≥ 20.0;MACD 🚀;Price > SMA20
2025-08-06T17:52:37.006921,GEHC,70.05,27.02,0.09,0.13,-15.70,-15.70,ADX ≥ 20.0;MACD 🚀;Price > SMA20
2025-08-06T17:52:44.782527,HIG,128.86,29.06,0.12,0.09,5.63,5.63,ADX ≥ 20.0;MACD 🚀;Price > SMA20
2025-08-06T17:52:45.912623,HAS,76.91,27.31,0.09,0.12,-20.24,-20.24,ADX ≥ 20.0;MACD 🚀;Price > SMA20
2025-08-06T17:52:50.181927,HLT,260.33,21.57,0.20,0.08,-21.92,-21.92,ADX ≥ 20.0;MACD 🚀;Price > SMA20
2025-08-06T17:53:07.029107,JBL,220.50,28.56,0.28,0.13,29.19,29.19,ADX ≥ 20.0;MACD 🚀;RSI 📈;Price > SMA20
2025-08-06T17:53:10.738723,K,79.84,33.18,0.01,0.02,15.95,15.95,ADX ≥ 20.0;MACD 🚀;BB breakout;RSI 📈;Price > SMA20
2025-08-06T17:53:24.338063,L,94.23,33.43,0.09,0.09,-5.61,-5.61,ADX ≥ 20.0;MACD 🚀;BB breakout;Price > SMA20
2025-08-06T17:53:28.643698,MAR,260.92,24.98,0.30,0.11,-5.67,-5.67,ADX ≥ 20.0;MACD 🚀;Price > SMA20
2025-08-06T17:53:31.722734,MTCH,36.96,21.40,0.18,0.48,-12.06,-12.06,ADX ≥ 20.0;MACD 🚀;Price > SMA20
2025-08-06T17:53:32.986575,MCD,309.46,29.75,0.56,0.18,4.67,4.67,ADX ≥ 20.0;MACD 🚀;BB breakout;RSI 📈;Price > SMA20
2025-08-06T17:53:37.415395,MGM,35.01,21.10,0.03,0.10,-26.75,-26.75,ADX ≥ 20.0;MACD 🚀;Price > SMA20
2025-08-06T17:53:38.892779,MU,107.90,37.25,0.18,0.17,-20.58,-20.58,ADX ≥ 20.0;MACD 🚀;Price > SMA20
2025-08-06T17:53:43.976187,MNST,59.26,37.90,0.07,0.12,-40.10,-40.10,ADX ≥ 20.0;MACD 🚀;Price > SMA20
2025-08-06T17:53:46.343272,MSI,440.97,36.53,0.30,0.07,-25.08,-25.08,ADX ≥ 20.0;MACD 🚀;Price > SMA20
2025-08-06T17:53:51.099216,NEE,70.80,51.43,0.08,0.12,-21.95,-21.95,ADX ≥ 20.0;MACD 🚀;Price > SMA20
2025-08-06T17:53:57.131870,NVDA,178.53,27.83,0.26,0.14,-28.54,-28.54,ADX ≥ 20.0;MACD 🚀;Price > SMA20
2025-08-06T17:53:58.618319,NXPI,205.25,26.84,0.30,0.15,1.48,1.48,ADX ≥ 20.0;MACD 🚀;Price > SMA20
2025-08-06T17:54:01.287532,ON,46.78,48.20,0.11,0.24,-6.58,-6.58,ADX ≥ 20.0;MACD 🚀;Price > SMA20
2025-08-06T17:54:06.933269,PARA,11.03,21.73,0.02,0.19,-39.50,-39.50,ADX ≥ 20.0;MACD 🚀;Price > SMA20
2025-08-06T17:54:10.585490,PFE,23.99,24.89,0.04,0.18,7.21,7.21,ADX ≥ 20.0;MACD 🚀;Price > SMA20
2025-08-06T17:54:31.479892,ROK,322.12,28.57,1.14,0.35,-27.54,-27.54,ADX ≥ 20.0;MACD 🚀;Price > SMA20
2025-08-06T17:54:40.271088,SWKS,67.53,24.97,0.14,0.20,-27.72,-27.72,ADX ≥ 20.0;MACD 🚀;RSI 📈;Price > SMA20
2025-08-06T17:54:48.573922,SMCI,46.02,43.05,0.24,0.53,20.30,20.30,ADX ≥ 20.0;MACD 🚀;RSI 📈;ATR % ≥ 0.5%;Price > SMA20
2025-08-06T17:54:50.849726,SYY,80.72,21.75,0.09,0.11,1.96,1.96,ADX ≥ 20.0;MACD 🚀;RSI 📈;Price > SMA20
2025-08-06T17:54:52.205421,TROW,105.36,29.51,0.11,0.10,-25.12,-25.12,ADX ≥ 20.0;MACD 🚀;Price > SMA20
2025-08-06T17:54:53.058706,TTWO,226.74,30.17,0.18,0.08,12.55,12.55,ADX ≥ 20.0;MACD 🚀;RSI 📈;Price > SMA20
2025-08-06T17:54:57.561336,TER,104.36,26.03,0.24,0.23,-3.35,-3.35,ADX ≥ 20.0;MACD 🚀;Price > SMA20
2025-08-06T17:55:00.185977,TXT,77.55,28.04,0.13,0.16,11.89,11.89,ADX ≥ 20.0;MACD 🚀;Price > SMA20
2025-08-06T17:55:01.478937,TJX,130.92,28.83,0.11,0.09,-25.95,-25.95,ADX ≥ 20.0;MACD 🚀;Price > SMA20
2025-08-06T17:55:04.522176,TRV,267.33,35.84,0.23,0.08,-25.06,-25.06,ADX ≥ 20.0;MACD 🚀;Price > SMA20
2025-08-06T17:55:05.290046,TRMB,84.22,37.18,0.20,0.23,-3.38,-3.38,ADX ≥ 20.0;MACD 🚀;RSI 📈;Price > SMA20
2025-08-06T17:55:06.590803,TYL,617.25,24.02,0.77,0.12,-9.92,-9.92,ADX ≥ 20.0;MACD 🚀;Price > SMA20
2025-08-06T17:55:12.395638,UNH,248.34,37.11,0.47,0.19,-28.60,-28.60,ADX ≥ 20.0;MACD 🚀;RSI 📈;Price > SMA20
2025-08-06T17:55:23.807682,WBA,11.74,29.02,0.01,0.08,-8.94,-8.94,ADX ≥ 20.0;MACD 🚀;RSI 📈;Price > SMA20
2025-08-06T17:55:34.833088,XEL,73.67,26.40,0.07,0.10,-13.22,-13.22,ADX ≥ 20.0;MACD 🚀;Price > SMA20
2025-08-06T17:55:36.495590,YUM,141.47,40.89,0.21,0.15,-2.86,-2.86,ADX ≥ 20.0;MACD 🚀;RSI 📈;Price > SMA20
2025-08-06T17:55:37.222766,ZBRA,303.52,31.45,0.75,0.25,18.47,18.47,ADX ≥ 20.0;MACD 🚀;Price > SMA20
2025-08-06T18:00:23.143294,MMM,150.23,36.20,0.14,0.09,-25.63,-25.63,ADX ≥ 20.0;MACD 🚀;Price > SMA20
2025-08-06T18:00:31.193572,ABNB,129.38,36.16,0.23,0.17,-2.24,-2.24,ADX ≥ 20.0;MACD 🚀;RSI 📈;Price > SMA20
2025-08-06T18:00:36.445118,GOOGL,196.42,31.90,0.20,0.10,-0.65,-0.65,ADX ≥ 20.0;MACD 🚀;RSI 📈;Price > SMA20
2025-08-06T18:00:37.304446,GOOG,197.20,28.36,0.20,0.10,-2.91,-2.91,ADX ≥ 20.0;MACD 🚀;RSI 📈;Price > SMA20
2025-08-06T18:00:39.476257,AMCR,9.38,30.44,0.01,0.13,-18.15,-18.15,ADX ≥ 20.0;MACD 🚀;Price > SMA20
2025-08-06T18:00:41.598154,AXP,295.31,34.55,0.34,0.11,-13.98,-13.98,ADX ≥ 20.0;MACD 🚀;BB breakout;Price > SMA20
2025-08-06T18:00:42.786344,AIG,78.97,42.80,0.08,0.11,-6.49,-6.49,ADX ≥ 20.0;MACD 🚀;Price > SMA20
2025-08-06T18:00:44.216583,AWK,142.50,24.85,0.12,0.08,-27.80,-27.80,ADX ≥ 20.0;MACD 🚀;Price > SMA20
2025-08-06T18:00:45.161005,AMP,507.19,21.14,0.40,0.08,-22.07,-22.07,ADX ≥ 20.0;MACD 🚀;BB breakout;Price > SMA20
2025-08-06T18:00:49.179494,AON,362.52,25.28,0.22,0.06,-23.02,-23.02,ADX ≥ 20.0;MACD 🚀;Price > SMA20
2025-08-06T18:00:50.573261,APO,146.51,48.83,0.27,0.18,-2.04,-2.04,ADX ≥ 20.0;MACD 🚀;BB breakout;RSI 📈;Price > SMA20
2025-08-06T18:00:54.678938,ACGL,89.51,44.09,0.11,0.12,-15.47,-15.47,ADX ≥ 20.0;MACD 🚀;Price > SMA20
2025-08-06T18:00:57.423880,T,27.89,22.00,0.03,0.11,-16.89,-16.89,ADX ≥ 20.0;MACD 🚀;RSI 📈;Price > SMA20
2025-08-06T18:01:03.401317,BAC,45.59,50.53,0.04,0.10,-15.79,-15.79,ADX ≥ 20.0;MACD 🚀;Price > SMA20
2025-08-06T18:01:04.148509,BAX,22.45,40.77,0.06,0.26,-1.44,-1.44,ADX ≥ 20.0;MACD 🚀;Price > SMA20
2025-08-06T18:01:06.370848,BBY,67.44,44.37,0.08,0.12,-10.30,-10.30,ADX ≥ 20.0;MACD 🚀;BB breakout;RSI 📈;Price > SMA20
2025-08-06T18:01:09.112356,BX,170.54,26.54,0.21,0.12,-9.40,-9.40,ADX ≥ 20.0;MACD 🚀;BB breakout;RSI 📈;Price > SMA20
2025-08-06T18:01:10.334556,BA,225.67,32.33,0.21,0.09,-7.87,-7.87,ADX ≥ 20.0;MACD 🚀;Price > SMA20
2025-08-06T18:01:14.364269,BF-B,0.00,28.07,0.04,inf,-38.88,-38.88,ADX ≥ 20.0;MACD 🚀;RSI 📈;ATR % ≥ 0.5%
2025-08-06T18:01:15.761222,BG,82.42,23.20,0.13,0.16,-5.04,-5.04,ADX ≥ 20.0;MACD 🚀;Price > SMA20
2025-08-06T18:01:17.236781,CHRW,117.42,21.27,0.12,0.10,-24.38,-24.38,ADX ≥ 20.0;MACD 🚀;RSI 📈;Price > SMA20
2025-08-06T18:01:20.176274,CPB,32.85,21.48,0.04,0.12,-35.41,-35.41,ADX ≥ 20.0;MACD 🚀;BB breakout;Price > SMA20
2025-08-06T18:01:20.893958,COF,212.28,20.59,0.23,0.11,-31.55,-31.55,ADX ≥ 20.0;MACD 🚀;Price > SMA20
2025-08-06T18:01:22.805004,CCL,29.20,22.33,0.04,0.13,-0.01,-0.01,ADX ≥ 20.0;MACD 🚀;BB breakout;RSI 📈;Price > SMA20
2025-08-06T18:01:30.492678,SCHW,96.70,46.28,0.08,0.08,-18.72,-18.72,ADX ≥ 20.0;MACD 🚀;BB breakout;Price > SMA20
2025-08-06T18:01:35.906868,CSCO,69.08,40.69,0.07,0.10,-5.30,-5.30,ADX ≥ 20.0;MACD 🚀;Price > SMA20
2025-08-06T18:01:37.152069,CFG,47.38,33.48,0.05,0.11,-1.89,-1.89,ADX ≥ 20.0;MACD 🚀;BB breakout;RSI 📈;Price > SMA20
2025-08-06T18:01:37.880864,CLX,126.23,36.28,0.13,0.10,-33.70,-33.70,ADX ≥ 20.0;MACD 🚀;RSI 📈;Price > SMA20
2025-08-06T18:01:38.684351,CME,282.56,37.43,0.26,0.09,5.43,5.43,ADX ≥ 20.0;MACD 🚀;Price > SMA20
2025-08-06T18:01:41.478189,COIN,304.02,33.41,1.20,0.39,-23.31,-23.31,ADX ≥ 20.0;MACD 🚀;RSI 📈;Price > SMA20
2025-08-06T18:01:48.554588,CTVA,71.39,21.28,0.09,0.12,-21.43,-21.43,ADX ≥ 20.0;MACD 🚀;Price > SMA20
2025-08-06T18:01:51.775834,CCI,106.36,43.22,0.14,0.13,2.56,2.56,ADX ≥ 20.0;MACD 🚀;BB breakout;Price > SMA20
2025-08-06T18:01:52.553529,CSX,35.77,44.53,0.04,0.10,-19.49,-19.49,ADX ≥ 20.0;MACD 🚀;BB breakout
2025-08-06T18:01:53.332786,CMI,380.42,42.99,0.59,0.16,-23.35,-23.35,ADX ≥ 20.0;MACD 🚀;BB breakout;Price > SMA20
2025-08-06T18:01:57.027497,DAY,52.86,20.34,0.28,0.52,-12.62,-12.62,ADX ≥ 20.0;MACD 🚀;ATR % ≥ 0.5%
2025-08-06T18:01:58.442546,DE,509.69,63.73,0.66,0.13,-10.03,-10.03,ADX ≥ 20.0;MACD 🚀;BB breakout
2025-08-06T18:02:00.867138,DXCM,76.90,62.16,0.18,0.23,1.75,1.75,ADX ≥ 20.0;MACD 🚀;RSI 📈;Price > SMA20
2025-08-06T18:02:12.265493,EIX,55.30,41.81,0.09,0.17,-7.92,-7.92,ADX ≥ 20.0;MACD 🚀;BB breakout
2025-08-06T18:02:13.536670,EA,162.06,27.79,0.15,0.09,-1.93,-1.93,ADX ≥ 20.0;MACD 🚀;BB breakout;RSI 📈;Price > SMA20
2025-08-06T18:02:23.407458,EVRG,73.50,20.84,0.08,0.11,0.52,0.52,ADX ≥ 20.0;MACD 🚀;Price > SMA20
2025-08-06T18:02:26.084055,EXPE,183.82,24.39,0.23,0.13,-8.03,-8.03,ADX ≥ 20.0;MACD 🚀;Price > SMA20
2025-08-06T18:02:28.040862,FFIV,321.64,37.60,0.55,0.17,-2.54,-2.54,ADX ≥ 20.0;MACD 🚀;RSI 📈;Price > SMA20
2025-08-06T18:02:31.844432,FITB,41.40,36.52,0.04,0.10,-5.11,-5.11,ADX ≥ 20.0;MACD 🚀;Price > SMA20
2025-08-06T18:02:32.493892,FSLR,184.72,49.09,0.42,0.22,10.95,10.95,ADX ≥ 20.0;MACD 🚀;BB breakout;Price > SMA20
2025-08-06T18:02:34.635849,FTNT,96.64,34.12,0.15,0.16,-16.91,-16.91,ADX ≥ 20.0;MACD 🚀;BB breakout;Price > SMA20
2025-08-06T18:02:36.732601,FOXA,54.02,27.48,0.08,0.15,-12.21,-12.21,ADX ≥ 20.0;MACD 🚀;BB breakout;RSI 📈;Price > SMA20
2025-08-06T18:02:37.434904,FOX,49.34,22.32,0.08,0.16,-14.14,-14.14,ADX ≥ 20.0;MACD 🚀;BB breakout;RSI 📈;Price > SMA20
2025-08-06T18:02:39.400507,GRMN,230.14,44.05,0.19,0.08,-8.37,-8.37,ADX ≥ 20.0;MACD 🚀;Price > SMA20
2025-08-06T18:02:44.893035,GM,52.78,27.91,0.05,0.10,-29.88,-29.88,ADX ≥ 20.0;MACD 🚀;BB breakout;RSI 📈;Price > SMA20
2025-08-06T18:02:46.594817,GPN,84.99,58.87,0.26,0.31,-22.68,-22.68,ADX ≥ 20.0;MACD 🚀;BB breakout;RSI 📈;Price > SMA20
2025-08-06T18:02:47.272737,GL,141.14,31.78,0.17,0.12,-18.72,-18.72,ADX ≥ 20.0;MACD 🚀;BB breakout;Price > SMA20
2025-08-06T18:02:48.439219,GS,725.64,29.83,0.65,0.09,-29.72,-29.72,ADX ≥ 20.0;MACD 🚀;Price > SMA20
2025-08-06T18:02:49.711737,HIG,128.98,22.13,0.11,0.09,-5.08,-5.08,ADX ≥ 20.0;MACD 🚀;RSI 📈;Price > SMA20
2025-08-06T18:02:50.448952,HAS,76.98,22.72,0.09,0.11,-27.21,-27.21,ADX ≥ 20.0;MACD 🚀;Price > SMA20
2025-08-06T18:02:52.393695,HSIC,65.10,75.63,0.16,0.24,1.80,1.80,ADX ≥ 20.0;MACD 🚀;BB breakout;Price > SMA20
2025-08-06T18:02:54.927608,HLT,260.44,20.62,0.19,0.07,-18.00,-18.00,ADX ≥ 20.0;MACD 🚀;Price > SMA20
2025-08-06T18:02:58.197466,HST,15.24,22.78,0.02,0.14,-14.35,-14.35,ADX ≥ 20.0;MACD 🚀;BB breakout;RSI 📈;Price > SMA20
2025-08-06T18:03:00.329038,HUBB,424.12,24.84,0.33,0.08,3.78,3.78,ADX ≥ 20.0;MACD 🚀;BB breakout;Price > SMA20
2025-08-06T18:03:01.641676,HBAN,16.14,36.73,0.03,0.15,8.00,8.00,ADX ≥ 20.0;MACD 🚀;Price > SMA20
2025-08-06T18:03:03.017681,IBM,253.52,56.38,0.37,0.15,16.67,16.67,ADX ≥ 20.0;MACD 🚀;BB breakout;RSI 📈;Price > SMA20
2025-08-06T18:03:09.942746,IP,46.03,23.35,0.07,0.15,-27.78,-27.78,ADX ≥ 20.0;MACD 🚀;Price > SMA20
2025-08-06T18:03:15.912152,JBL,220.80,35.33,0.28,0.13,30.70,30.70,ADX ≥ 20.0;MACD 🚀;RSI 📈;Price > SMA20
2025-08-06T18:03:19.300698,JPM,290.99,39.34,0.30,0.10,-8.87,-8.87,ADX ≥ 20.0;MACD 🚀;BB breakout;Price > SMA20
2025-08-06T18:03:20.239057,K,79.84,29.86,0.01,0.02,12.96,12.96,ADX ≥ 20.0;MACD 🚀;Price > SMA20
2025-08-06T18:03:22.274202,KEY,17.61,39.29,0.03,0.18,3.48,3.48,ADX ≥ 20.0;MACD 🚀;Price > SMA20
2025-08-06T18:03:25.856352,KIM,21.39,32.46,0.03,0.12,-7.74,-7.74,ADX ≥ 20.0;MACD 🚀;Price > SMA20
2025-08-06T18:03:27.182976,KKR,145.07,29.76,0.18,0.12,-7.52,-7.52,ADX ≥ 20.0;MACD 🚀;RSI 📈;Price > SMA20
2025-08-06T18:03:28.974939,KHC,27.39,45.28,0.03,0.11,-12.26,-12.26,ADX ≥ 20.0;MACD 🚀;BB breakout;RSI 📈;Price > SMA20
2025-08-06T18:03:39.003676,L,94.26,33.06,0.08,0.08,-13.01,-13.01,ADX ≥ 20.0;MACD 🚀;RSI 📈;Price > SMA20
2025-08-06T18:03:41.725438,MTB,187.00,60.90,0.14,0.07,-27.51,-27.51,ADX ≥ 20.0;MACD 🚀;Price > SMA20
2025-08-06T18:03:43.831756,MAR,261.02,24.31,0.29,0.11,-8.36,-8.36,ADX ≥ 20.0;MACD 🚀;Price > SMA20
2025-08-06T18:03:44.780832,MMC,203.55,36.36,0.21,0.10,-6.12,-6.12,ADX ≥ 20.0;MACD 🚀;BB breakout
2025-08-06T18:03:48.974060,MCD,309.30,32.59,0.57,0.19,15.36,15.36,ADX ≥ 20.0;MACD 🚀;RSI 📈;Price > SMA20
2025-08-06T18:03:52.164219,META,771.43,36.18,1.01,0.13,-23.98,-23.98,ADX ≥ 20.0;MACD 🚀;BB breakout;Price > SMA20
2025-08-06T18:03:54.774500,MGM,35.01,21.79,0.04,0.10,-24.19,-24.19,ADX ≥ 20.0;MACD 🚀;Price > SMA20
2025-08-06T18:03:55.497970,MCHP,65.83,20.27,0.09,0.14,5.31,5.31,ADX ≥ 20.0;MACD 🚀;Price > SMA20
2025-08-06T18:03:56.231166,MU,108.06,37.26,0.17,0.16,-18.24,-18.24,ADX ≥ 20.0;MACD 🚀;Price > SMA20
2025-08-06T18:04:03.561560,MS,141.31,31.92,0.13,0.09,-19.97,-19.97,ADX ≥ 20.0;MACD 🚀;BB breakout;Price > SMA20
2025-08-06T18:04:04.379966,MOS,31.29,43.40,0.17,0.55,-13.92,-13.92,ADX ≥ 20.0;MACD 🚀;ATR % ≥ 0.5%
2025-08-06T18:04:05.144134,MSI,440.75,32.26,0.29,0.07,-29.83,-29.83,ADX ≥ 20.0;MACD 🚀;Price > SMA20
2025-08-06T18:04:06.985761,NDAQ,96.58,26.26,0.08,0.09,-20.59,-20.59,ADX ≥ 20.0;MACD 🚀;BB breakout;RSI 📈;Price > SMA20
2025-08-06T18:04:07.959764,NTAP,103.86,22.16,0.13,0.13,9.34,9.34,ADX ≥ 20.0;MACD 🚀;RSI 📈;Price > SMA20
2025-08-06T18:04:11.591298,NEE,70.78,45.25,0.08,0.11,-26.85,-26.85,ADX ≥ 20.0;MACD 🚀;Price > SMA20
2025-08-06T18:04:14.026327,NDSN,211.84,26.88,0.25,0.12,39.35,39.35,ADX ≥ 20.0;MACD 🚀;Price > SMA20
2025-08-06T18:04:15.462317,NTRS,125.61,30.34,0.11,0.09,-4.14,-4.14,ADX ≥ 20.0;MACD 🚀;BB breakout;RSI 📈;Price > SMA20
2025-08-06T18:04:17.776210,NRG,147.59,36.76,0.53,0.36,-23.57,-23.57,ADX ≥ 20.0;MACD 🚀;BB breakout;Price > SMA20
2025-08-06T18:04:19.194764,NVDA,178.90,32.95,0.25,0.14,-13.83,-13.83,ADX ≥ 20.0;MACD 🚀;BB breakout;RSI 📈;Price > SMA20
2025-08-06T18:04:20.837781,NXPI,205.53,27.78,0.30,0.14,14.01,14.01,ADX ≥ 20.0;MACD 🚀;BB breakout;RSI 📈;Price > SMA20
2025-08-06T18:04:24.067848,ON,47.06,43.59,0.12,0.25,7.88,7.88,ADX ≥ 20.0;MACD 🚀;BB breakout;RSI 📈;Price > SMA20
2025-08-06T18:04:26.232618,ORCL,254.59,28.30,0.36,0.14,-28.71,-28.71,ADX ≥ 20.0;MACD 🚀;BB breakout;RSI 📈;Price > SMA20
2025-08-06T18:04:36.086107,PFE,24.07,23.39,0.05,0.19,27.19,27.19,ADX ≥ 20.0;MACD 🚀;BB breakout;RSI 📈;Price > SMA20
2025-08-06T18:04:40.392194,PNC,189.31,29.15,0.16,0.09,-9.70,-9.70,ADX ≥ 20.0;MACD 🚀;Price > SMA20
2025-08-06T18:04:41.912655,PPG,105.88,25.95,0.11,0.10,-11.65,-11.65,ADX ≥ 20.0;MACD 🚀;BB breakout;RSI 📈;Price > SMA20
2025-08-06T18:04:42.611599,PPL,36.34,25.95,0.04,0.12,-3.35,-3.35,ADX ≥ 20.0;MACD 🚀;Price > SMA20
2025-08-06T18:04:43.257664,PFG,76.79,57.47,0.08,0.10,-9.01,-9.01,ADX ≥ 20.0;MACD 🚀;BB breakout;Price > SMA20
2025-08-06T18:04:45.899986,PRU,104.21,37.49,0.11,0.11,-10.91,-10.91,ADX ≥ 20.0;MACD 🚀;BB breakout;Price > SMA20
2025-08-06T18:04:47.176554,PTC,216.99,44.66,0.16,0.07,-7.02,-7.02,ADX ≥ 20.0;MACD 🚀;BB breakout;RSI 📈;Price > SMA20
2025-08-06T18:04:50.319190,QCOM,146.00,20.75,0.14,0.10,-4.59,-4.59,ADX ≥ 20.0;MACD 🚀;BB breakout;RSI 📈;Price > SMA20
2025-08-06T18:04:52.036184,RJF,167.07,42.27,0.15,0.09,-20.54,-20.54,ADX ≥ 20.0;MACD 🚀;BB breakout
2025-08-06T18:04:55.200046,RF,25.06,55.15,0.03,0.11,-13.05,-13.05,ADX ≥ 20.0;MACD 🚀;BB breakout;Price > SMA20
2025-08-06T18:05:01.576594,ROST,145.83,24.41,0.16,0.11,-10.76,-10.76,ADX ≥ 20.0;MACD 🚀;BB breakout;RSI 📈;Price > SMA20
2025-08-06T18:05:03.347492,SPGI,559.47,38.34,0.58,0.10,-16.56,-16.56,ADX ≥ 20.0;MACD 🚀;BB breakout;Price > SMA20
2025-08-06T18:05:04.859958,SBAC,222.97,30.23,0.39,0.18,-11.35,-11.35,ADX ≥ 20.0;MACD 🚀;BB breakout;RSI 📈;Price > SMA20
2025-08-06T18:05:06.650559,STX,147.49,36.39,0.31,0.21,-14.07,-14.07,ADX ≥ 20.0;MACD 🚀;Price > SMA20
2025-08-06T18:05:10.369251,SWKS,67.73,30.80,0.14,0.20,-19.20,-19.20,ADX ≥ 20.0;MACD 🚀;BB breakout;RSI 📈;Price > SMA20
2025-08-06T18:05:14.021596,LUV,29.75,43.51,0.07,0.22,10.01,10.01,ADX ≥ 20.0;MACD 🚀;BB breakout;Price > SMA20
2025-08-06T18:05:23.370213,SMCI,46.15,49.16,0.25,0.54,14.53,14.53,ADX ≥ 20.0;MACD 🚀;RSI 📈;ATR % ≥ 0.5%;Price > SMA20
2025-08-06T18:05:26.747273,TROW,105.54,32.48,0.10,0.10,-32.53,-32.53,ADX ≥ 20.0;MACD 🚀;RSI 📈;Price > SMA20
2025-08-06T18:05:27.502839,TTWO,226.98,38.04,0.19,0.08,-2.63,-2.63,ADX ≥ 20.0;MACD 🚀;RSI 📈;Price > SMA20
2025-08-06T18:05:29.472975,TGT,106.11,26.63,0.15,0.14,2.72,2.72,ADX ≥ 20.0;MACD 🚀;BB breakout;RSI 📈;Price > SMA20
2025-08-06T18:05:31.573238,TER,104.86,34.97,0.24,0.23,-2.20,-2.20,ADX ≥ 20.0;MACD 🚀;RSI 📈;Price > SMA20
2025-08-06T18:05:34.993922,TXT,77.58,22.23,0.11,0.14,-11.85,-11.85,ADX ≥ 20.0;MACD 🚀;Price > SMA20
2025-08-06T18:05:39.223676,TDG,1384.32,37.28,2.95,0.21,-27.93,-27.93,ADX ≥ 20.0;MACD 🚀;ATR14 ≥ 2.0
2025-08-06T18:05:39.973217,TRV,267.76,38.14,0.22,0.08,-27.76,-27.76,ADX ≥ 20.0;MACD 🚀;BB breakout;RSI 📈;Price > SMA20
2025-08-06T18:05:40.645202,TRMB,84.18,47.88,0.19,0.23,-7.48,-7.48,ADX ≥ 20.0;MACD 🚀;RSI 📈;Price > SMA20
2025-08-06T18:05:41.325216,TFC,43.27,24.46,0.04,0.10,-10.34,-10.34,ADX ≥ 20.0;MACD 🚀;Price > SMA20
2025-08-06T18:05:42.434394,TSN,55.86,25.46,0.06,0.11,-12.94,-12.94,ADX ≥ 20.0;MACD 🚀;RSI 📈;Price > SMA20
2025-08-06T18:05:43.186956,USB,44.62,36.03,0.04,0.09,-27.96,-27.96,ADX ≥ 20.0;MACD 🚀;BB breakout;RSI 📈;Price > SMA20
2025-08-06T18:05:47.733659,UNH,248.55,48.20,0.44,0.18,-23.18,-23.18,ADX ≥ 20.0;MACD 🚀;RSI 📈;Price > SMA20
2025-08-06T18:05:52.397853,VZ,42.72,31.53,0.03,0.08,-22.89,-22.89,ADX ≥ 20.0;MACD 🚀;BB breakout;RSI 📈;Price > SMA20
2025-08-06T18:05:53.158793,VRTX,385.62,30.75,0.94,0.24,-17.57,-17.57,ADX ≥ 20.0;MACD 🚀;BB breakout;Price > SMA20
2025-08-06T18:05:57.151854,WRB,70.74,35.98,0.06,0.08,-19.65,-19.65,ADX ≥ 20.0;MACD 🚀;Price > SMA20
2025-08-06T18:05:57.894055,GWW,950.80,65.23,1.14,0.12,-13.76,-13.76,ADX ≥ 20.0;MACD 🚀;BB breakout
2025-08-06T18:05:59.486124,WBA,11.77,22.12,0.01,0.08,4.25,4.25,ADX ≥ 20.0;MACD 🚀;BB breakout;RSI 📈;Price > SMA20
2025-08-06T18:06:00.867678,DIS,115.48,46.90,0.23,0.20,-6.65,-6.65,ADX ≥ 20.0;MACD 🚀;RSI 📈;Price > SMA20
2025-08-06T18:06:04.364041,WEC,110.63,37.76,0.08,0.07,-20.31,-20.31,ADX ≥ 20.0;MACD 🚀;BB breakout;Price > SMA20
2025-08-06T18:06:07.380580,WDC,73.89,59.79,0.12,0.16,-9.31,-9.31,ADX ≥ 20.0;MACD 🚀;Price > SMA20
2025-08-06T18:06:10.969698,WTW,325.29,33.15,0.20,0.06,-22.95,-22.95,ADX ≥ 20.0;MACD 🚀;Price > SMA20
2025-08-06T18:06:12.907291,XEL,73.78,29.95,0.08,0.10,-5.35,-5.35,ADX ≥ 20.0;MACD 🚀;RSI 📈;Price > SMA20
2025-08-06T18:06:13.766327,XYL,143.70,31.92,0.13,0.09,-24.60,-24.60,ADX ≥ 20.0;MACD 🚀;Price > SMA20
2025-08-06T18:06:15.177912,ZBRA,304.49,30.19,0.72,0.23,-3.64,-3.64,ADX ≥ 20.0;MACD 🚀;RSI 📈;Price > SMA20
2025-08-06T18:06:15.909737,ZBH,91.22,21.18,0.12,0.13,3.92,3.92,ADX ≥ 20.0;MACD 🚀;Price > SMA20
2025-08-06T18:40:44.940275,MMM,150.58,30.83,0.15,0.10,-1.76,-1.76,ADX ≥ 20.0;MACD 🚀;RSI 📈;Price > SMA20
2025-08-06T18:40:47.416132,ACN,247.40,25.16,0.53,0.22,-14.47,-14.47,ADX ≥ 20.0;MACD 🚀;Price > SMA20
2025-08-06T18:40:48.159213,ADBE,343.45,20.16,0.33,0.10,-32.34,-32.34,ADX ≥ 20.0;MACD 🚀;RSI 📈;Price > SMA20
2025-08-06T18:40:48.860830,AMD,164.85,44.10,0.56,0.34,-18.50,-18.50,ADX ≥ 20.0;MACD 🚀;RSI 📈;Price > SMA20
2025-08-06T18:40:50.041241,AFL,102.13,24.10,0.16,0.15,-17.08,-17.08,ADX ≥ 20.0;MACD 🚀;RSI 📈;Price > SMA20
2025-08-06T18:40:51.765895,ABNB,129.81,45.38,0.21,0.17,-15.86,-15.86,ADX ≥ 20.0;MACD 🚀;RSI 📈;Price > SMA20
2025-08-06T18:40:52.436706,AKAM,74.68,24.73,0.08,0.11,-20.12,-20.12,ADX ≥ 20.0;MACD 🚀;RSI 📈;Price > SMA20
2025-08-06T18:40:58.787546,AMCR,9.38,33.23,0.01,0.15,10.48,10.48,ADX ≥ 20.0;MACD 🚀;Price > SMA20
2025-08-06T18:41:00.571026,AXP,295.73,27.15,0.30,0.10,-35.62,-35.62,ADX ≥ 20.0;MACD 🚀;Price > SMA20
2025-08-06T18:41:03.674640,AME,185.40,25.16,0.14,0.08,-17.41,-17.41,ADX ≥ 20.0;MACD 🚀;BB breakout;RSI 📈;Price > SMA20
2025-08-06T18:41:14.649496,ADP,301.68,36.99,0.23,0.07,-0.44,-0.44,ADX ≥ 20.0;MACD 🚀;BB breakout;Price > SMA20
2025-08-06T18:41:15.909025,AVB,185.86,21.86,0.29,0.16,10.91,10.91,ADX ≥ 20.0;MACD 🚀;Price > SMA20
2025-08-06T18:41:16.628970,AVY,167.09,29.82,0.16,0.09,-8.90,-8.90,ADX ≥ 20.0;MACD 🚀;RSI 📈;Price > SMA20
2025-08-06T18:41:17.317833,AXON,868.36,62.13,3.54,0.41,6.80,6.80,ADX ≥ 20.0;MACD 🚀;ATR14 ≥ 2.0
2025-08-06T18:41:19.914243,BAX,22.61,41.21,0.06,0.27,-28.84,-28.84,ADX ≥ 20.0;MACD 🚀;RSI 📈;Price > SMA20
2025-08-06T18:41:21.144498,BRK-B,0.00,27.32,0.49,inf,2.49,2.49,ADX ≥ 20.0;MACD 🚀;RSI 📈;ATR % ≥ 0.5%
2025-08-06T18:41:22.765888,TECH,48.99,66.14,0.27,0.56,-21.24,-21.24,ADX ≥ 20.0;MACD 🚀;ATR % ≥ 0.5%
2025-08-06T18:41:29.493052,AVGO,301.58,24.04,0.50,0.17,-20.52,-20.52,ADX ≥ 20.0;MACD 🚀;RSI 📈;Price > SMA20
2025-08-06T18:41:36.610824,COF,212.63,25.32,0.21,0.10,-13.59,-13.59,ADX ≥ 20.0;MACD 🚀;Price > SMA20
2025-08-06T18:41:38.486633,CCL,29.20,27.24,0.03,0.12,-33.77,-33.77,ADX ≥ 20.0;MACD 🚀;Price > SMA20
2025-08-06T18:41:39.173753,CARR,65.92,39.50,0.07,0.10,-8.21,-8.21,ADX ≥ 20.0;MACD 🚀;Price > SMA20
2025-08-06T18:41:42.918986,CDW,166.81,60.60,0.37,0.22,-39.52,-39.52,ADX ≥ 20.0;MACD 🚀;Price > SMA20
2025-08-06T18:41:51.589285,CTAS,223.98,24.05,0.16,0.07,-12.22,-12.22,ADX ≥ 20.0;MACD 🚀;BB breakout;RSI 📈;Price > SMA20
2025-08-06T18:41:52.440217,CSCO,69.20,35.41,0.05,0.08,-38.12,-38.12,ADX ≥ 20.0;MACD 🚀;RSI 📈;Price > SMA20
2025-08-06T18:42:07.538873,CTRA,24.31,29.40,0.05,0.20,0.42,0.42,ADX ≥ 20.0;MACD 🚀;RSI 📈;Price > SMA20
2025-08-06T18:42:09.445111,CSX,35.92,40.59,0.04,0.12,23.71,23.71,ADX ≥ 20.0;MACD 🚀;RSI 📈;Price > SMA20
2025-08-06T18:42:10.201816,CMI,381.81,38.03,0.55,0.14,-12.72,-12.72,ADX ≥ 20.0;MACD 🚀;RSI 📈;Price > SMA20
2025-08-06T18:42:15.388766,DE,509.32,28.34,0.58,0.11,-29.95,-29.95,ADX ≥ 20.0;MACD 🚀;Price > SMA20
2025-08-06T18:42:23.222238,DOV,174.60,22.39,0.19,0.11,-3.01,-3.01,ADX ≥ 20.0;MACD 🚀;BB breakout;Price > SMA20
2025-08-06T18:42:30.348597,EW,78.50,42.23,0.25,0.32,-43.35,-43.35,ADX ≥ 20.0;MACD 🚀;RSI 📈;Price > SMA20
2025-08-06T18:42:32.280668,EMR,131.55,29.74,0.52,0.40,31.11,31.11,ADX ≥ 20.0;MACD 🚀;BB breakout;RSI 📈;Price > SMA20
2025-08-06T18:42:35.960116,EQT,51.64,33.96,0.10,0.19,8.95,8.95,ADX ≥ 20.0;MACD 🚀;RSI 📈;Price > SMA20
2025-08-06T18:42:36.779859,EFX,240.34,25.53,0.34,0.14,-21.44,-21.44,ADX ≥ 20.0;MACD 🚀;Price > SMA20
2025-08-06T18:42:38.628441,EQR,63.39,34.94,0.09,0.14,15.07,15.07,ADX ≥ 20.0;MACD 🚀;Price > SMA20
2025-08-06T18:42:42.055313,EG,329.36,27.09,0.29,0.09,-17.77,-17.77,ADX ≥ 20.0;MACD 🚀;Price > SMA20
2025-08-06T18:42:46.910032,EXE,101.59,27.29,0.17,0.16,31.38,31.38,ADX ≥ 20.0;MACD 🚀;RSI 📈;Price > SMA20
2025-08-06T18:42:53.284972,FDS,390.25,37.56,0.73,0.19,-32.81,-32.81,ADX ≥ 20.0;MACD 🚀;BB breakout;RSI 📈;Price > SMA20
2025-08-06T18:42:56.334225,FDX,226.31,37.82,0.32,0.14,5.52,5.52,ADX ≥ 20.0;MACD 🚀;RSI 📈;Price > SMA20
2025-08-06T18:43:05.668641,FTNT,96.92,28.25,0.12,0.13,-28.84,-28.84,ADX ≥ 20.0;MACD 🚀;RSI 📈;Price > SMA20
2025-08-06T18:43:06.480082,FTV,47.60,30.16,0.05,0.10,-20.76,-20.76,ADX ≥ 20.0;MACD 🚀;Price > SMA20
2025-08-06T18:43:09.622638,GRMN,230.20,22.11,0.18,0.08,-22.70,-22.70,ADX ≥ 20.0;MACD 🚀;Price > SMA20
2025-08-06T18:43:10.388917,IT,248.75,27.22,0.69,0.28,-52.91,-52.91,ADX ≥ 20.0;MACD 🚀;Price > SMA20
2025-08-06T18:43:13.478443,GNRC,193.90,25.13,0.27,0.14,-28.01,-28.01,ADX ≥ 20.0;MACD 🚀;Price > SMA20
2025-08-06T18:43:16.980828,GILD,110.75,26.13,0.12,0.11,-16.24,-16.24,ADX ≥ 20.0;MACD 🚀;Price > SMA20
2025-08-06T18:43:18.511528,GL,141.53,28.37,0.17,0.12,-35.81,-35.81,ADX ≥ 20.0;MACD 🚀;Price > SMA20
2025-08-06T18:43:23.656384,HSIC,65.19,33.99,0.13,0.19,-24.75,-24.75,ADX ≥ 20.0;MACD 🚀;Price > SMA20
2025-08-06T18:43:26.006090,HLT,260.94,44.64,0.22,0.08,15.03,15.03,ADX ≥ 20.0;MACD 🚀;RSI 📈;Price > SMA20
2025-08-06T18:43:28.013909,HON,219.48,32.60,0.19,0.09,15.07,15.07,ADX ≥ 20.0;MACD 🚀;Price > SMA20
2025-08-06T18:43:46.127624,PODD,278.48,36.89,0.42,0.15,-11.68,-11.68,ADX ≥ 20.0;MACD 🚀;Price > SMA20
2025-08-06T18:43:47.692569,IFF,66.19,20.47,0.22,0.34,4.48,4.48,ADX ≥ 20.0;MACD 🚀;Price > SMA20
2025-08-06T18:43:48.346790,IP,46.27,28.59,0.06,0.14,-1.60,-1.60,ADX ≥ 20.0;MACD 🚀;RSI 📈;Price > SMA20
2025-08-06T18:43:49.727832,INTU,776.73,20.36,0.54,0.07,-27.18,-27.18,ADX ≥ 20.0;MACD 🚀;RSI 📈;Price > SMA20
2025-08-06T18:43:55.110995,J,146.66,32.28,0.22,0.15,-16.79,-16.79,ADX ≥ 20.0;MACD 🚀;Price > SMA20
2025-08-06T18:43:56.247590,JCI,104.54,33.29,0.10,0.09,-16.87,-16.87,ADX ≥ 20.0;MACD 🚀;Price > SMA20
2025-08-06T18:44:02.951481,KLAC,887.65,34.88,1.33,0.15,-15.37,-15.37,ADX ≥ 20.0;MACD 🚀;RSI 📈;Price > SMA20
2025-08-06T18:44:06.350507,LVS,52.77,39.86,0.05,0.09,-10.33,-10.33,ADX ≥ 20.0;MACD 🚀;RSI 📈;Price > SMA20
2025-08-06T18:44:11.032932,LMT,434.87,39.98,0.66,0.15,-0.89,-0.89,ADX ≥ 20.0;MACD 🚀;BB breakout;RSI 📈;Price > SMA20
2025-08-06T18:44:11.790859,L,94.46,38.54,0.07,0.08,-9.71,-9.71,ADX ≥ 20.0;MACD 🚀;RSI 📈;Price > SMA20
2025-08-06T18:44:13.441181,LYB,49.71,22.21,0.13,0.27,-9.97,-9.97,ADX ≥ 20.0;MACD 🚀;BB breakout;RSI 📈;Price > SMA20
2025-08-06T18:44:16.553304,MAR,262.14,29.21,0.27,0.10,2.28,2.28,ADX ≥ 20.0;MACD 🚀;BB breakout;RSI 📈;Price > SMA20
2025-08-06T18:44:17.348621,MMC,203.94,32.87,0.20,0.10,-13.10,-13.10,ADX ≥ 20.0;MACD 🚀;BB breakout;RSI 📈;Price > SMA20
2025-08-06T18:44:26.520093,MU,108.68,45.80,0.21,0.20,24.52,24.52,ADX ≥ 20.0;MACD 🚀;RSI 📈;Price > SMA20
2025-08-06T18:44:27.338859,MSFT,526.60,22.19,0.31,0.06,-12.81,-12.81,ADX ≥ 20.0;MACD 🚀;RSI 📈;Price > SMA20
2025-08-06T18:44:33.378133,MNST,59.37,21.64,0.07,0.12,10.07,10.07,ADX ≥ 20.0;MACD 🚀;Price > SMA20
2025-08-06T18:44:36.626989,MSI,441.88,38.37,0.31,0.07,-15.15,-15.15,ADX ≥ 20.0;MACD 🚀;RSI 📈;Price > SMA20
2025-08-06T18:44:37.581511,MSCI,547.25,33.72,1.06,0.19,-20.66,-20.66,ADX ≥ 20.0;MACD 🚀;RSI 📈;Price > SMA20
2025-08-06T18:44:41.387816,NWSA,29.34,20.83,0.05,0.16,-21.29,-21.29,ADX ≥ 20.0;MACD 🚀;RSI 📈;Price > SMA20
2025-08-06T18:44:47.580276,NCLH,24.77,32.67,0.04,0.15,-25.14,-25.14,ADX ≥ 20.0;MACD 🚀;Price > SMA20
2025-08-06T18:44:48.383597,NRG,148.90,28.29,0.58,0.39,16.19,16.19,ADX ≥ 20.0;MACD 🚀;Price > SMA20
2025-08-06T18:44:50.945599,NXPI,205.47,25.66,0.29,0.14,-15.89,-15.89,ADX ≥ 20.0;MACD 🚀;Price > SMA20
2025-08-06T18:44:51.595912,ORLY,104.00,31.39,0.14,0.13,-2.98,-2.98,ADX ≥ 20.0;MACD 🚀;RSI 📈;Price > SMA20
2025-08-06T18:44:53.885813,ODFL,150.47,21.62,0.25,0.17,11.59,11.59,ADX ≥ 20.0;MACD 🚀;BB breakout;RSI 📈;Price > SMA20
2025-08-06T18:44:56.927745,ORCL,254.76,44.45,0.33,0.13,-4.10,-4.10,ADX ≥ 20.0;MACD 🚀;Price > SMA20
2025-08-06T18:44:57.722235,OTIS,87.03,45.74,0.11,0.13,14.11,14.11,ADX ≥ 20.0;MACD 🚀;RSI 📈;Price > SMA20
2025-08-06T18:44:58.694589,PCAR,97.33,36.77,0.11,0.11,9.34,9.34,ADX ≥ 20.0;MACD 🚀;Price > SMA20
2025-08-06T18:44:59.549298,PKG,192.28,27.16,0.17,0.09,18.00,18.00,ADX ≥ 20.0;MACD 🚀;BB breakout;RSI 📈;Price > SMA20
2025-08-06T18:45:00.330314,PLTR,177.19,34.65,0.47,0.27,-26.15,-26.15,ADX ≥ 20.0;MACD 🚀;Price > SMA20
2025-08-06T18:45:01.198529,PANW,172.29,36.57,0.42,0.24,37.83,37.83,ADX ≥ 20.0;MACD 🚀;BB breakout;RSI 📈;Price > SMA20
2025-08-06T18:45:02.384917,PH,694.91,23.47,1.25,0.18,4.50,4.50,ADX ≥ 20.0;MACD 🚀;Price > SMA20
2025-08-06T18:45:05.227209,PNR,103.01,28.77,0.10,0.10,-29.28,-29.28,ADX ≥ 20.0;MACD 🚀;Price > SMA20
2025-08-06T18:45:06.909092,PCG,15.18,34.70,0.03,0.18,-8.12,-8.12,ADX ≥ 20.0;MACD 🚀;Price > SMA20
2025-08-06T18:45:11.512329,PFG,77.02,46.19,0.09,0.11,-21.56,-21.56,ADX ≥ 20.0;MACD 🚀;Price > SMA20
2025-08-06T18:45:17.425386,PWR,389.11,29.87,0.39,0.10,-21.33,-21.33,ADX ≥ 20.0;MACD 🚀;BB breakout;RSI 📈;Price > SMA20
2025-08-06T18:45:27.083336,RCL,311.61,26.39,0.28,0.09,-20.47,-20.47,ADX ≥ 20.0;MACD 🚀;RSI 📈;Price > SMA20
2025-08-06T18:45:28.321955,CRM,249.14,30.47,0.27,0.11,-9.40,-9.40,ADX ≥ 20.0;MACD 🚀;BB breakout;RSI 📈;Price > SMA20
2025-08-06T18:45:30.455638,STX,147.80,22.66,0.24,0.16,-25.78,-25.78,ADX ≥ 20.0;MACD 🚀;Price > SMA20
2025-08-06T18:45:41.002523,LUV,29.75,26.89,0.06,0.20,-30.04,-30.04,ADX ≥ 20.0;MACD 🚀;Price > SMA20
2025-08-06T18:45:43.504813,STLD,122.70,26.06,0.16,0.13,37.92,37.92,ADX ≥ 20.0;MACD 🚀;Price > SMA20
2025-08-06T18:45:46.918781,SNPS,624.72,20.78,0.51,0.08,-22.34,-22.34,ADX ≥ 20.0;MACD 🚀;BB breakout;RSI 📈;Price > SMA20
2025-08-06T18:45:54.582231,TDY,551.33,25.90,0.53,0.10,-18.05,-18.05,ADX ≥ 20.0;MACD 🚀;Price > SMA20
2025-08-06T18:45:56.318440,TXN,185.21,31.86,0.22,0.12,-9.72,-9.72,ADX ≥ 20.0;MACD 🚀;Price > SMA20
2025-08-06T18:45:57.159333,TPL,950.17,24.44,2.13,0.22,-6.23,-6.23,ADX ≥ 20.0;MACD 🚀;ATR14 ≥ 2.0
2025-08-06T18:45:59.345767,TJX,131.47,55.60,0.09,0.07,-24.54,-24.54,ADX ≥ 20.0;MACD 🚀;BB breakout;RSI 📈;Price > SMA20
2025-08-06T18:46:01.049591,TT,425.71,25.55,0.43,0.10,-10.96,-10.96,ADX ≥ 20.0;MACD 🚀;Price > SMA20
2025-08-06T18:46:05.816391,UDR,38.35,21.44,0.05,0.12,7.06,7.06,ADX ≥ 20.0;MACD 🚀;Price > SMA20
2025-08-06T18:46:11.987364,VLTO,107.33,32.90,0.07,0.06,-23.37,-23.37,ADX ≥ 20.0;MACD 🚀;RSI 📈;Price > SMA20
2025-08-06T18:46:13.420404,VRSK,264.68,23.62,0.24,0.09,-18.93,-18.93,ADX ≥ 20.0;MACD 🚀;RSI 📈;Price > SMA20
2025-08-06T18:46:16.614702,V,340.17,59.73,0.30,0.09,-24.77,-24.77,ADX ≥ 20.0;MACD 🚀;Price > SMA20
2025-08-06T18:46:19.649880,GWW,955.62,41.93,1.55,0.16,34.20,34.20,ADX ≥ 20.0;MACD 🚀;BB breakout;RSI 📈;Price > SMA20
2025-08-06T18:46:20.314514,WAB,188.46,37.87,0.16,0.08,-14.36,-14.36,ADX ≥ 20.0;MACD 🚀;Price > SMA20
2025-08-06T18:46:22.495753,WBD,12.88,22.04,0.02,0.16,-31.79,-31.79,ADX ≥ 20.0;MACD 🚀;RSI 📈;Price > SMA20
2025-08-06T18:46:29.911568,WDAY,228.92,30.49,0.17,0.07,-26.66,-26.66,ADX ≥ 20.0;MACD 🚀;RSI 📈;Price > SMA20
2025-08-06T18:46:32.435356,ZBRA,305.33,28.71,0.56,0.18,-17.87,-17.87,ADX ≥ 20.0;MACD 🚀;RSI 📈;Price > SMA20
2025-08-06T18:46:33.715560,ZTS,146.63,30.09,0.20,0.14,-38.50,-38.50,ADX ≥ 20.0;MACD 🚀;Price > SMA20
2025-08-06T19:10:40.664308,MMM,150.94,35.61,0.16,0.11,0.21,0.21,ADX ≥ 20.0;MACD 🚀;BB breakout;RSI 📈;Price > SMA20
2025-08-06T19:10:42.227014,ABT,131.32,22.90,0.10,0.07,-0.27,-0.27,ADX ≥ 20.0;MACD 🚀;RSI 📈;Price > SMA20
2025-08-06T19:10:45.356252,AES,12.86,37.01,0.03,0.22,0.58,0.58,ADX ≥ 20.0;MACD 🚀;BB breakout;RSI 📈;Price > SMA20
2025-08-06T19:10:48.163625,ABNB,129.97,47.81,0.20,0.16,-18.15,-18.15,ADX ≥ 20.0;MACD 🚀;RSI 📈;Price > SMA20
2025-08-06T19:10:58.737422,AIG,79.11,24.86,0.07,0.09,-14.83,-14.83,ADX ≥ 20.0;MACD 🚀;Price > SMA20
2025-08-06T19:11:00.106171,AWK,142.32,29.21,0.11,0.08,-11.07,-11.07,ADX ≥ 20.0;MACD 🚀;Price > SMA20
2025-08-06T19:11:08.072612,APTV,65.30,20.14,0.11,0.18,-9.18,-9.18,ADX ≥ 20.0;MACD 🚀;Price > SMA20
2025-08-06T19:11:08.855755,ACGL,89.81,28.38,0.12,0.13,11.54,11.54,ADX ≥ 20.0;MACD 🚀;Price > SMA20
2025-08-06T19:11:11.865659,AJG,286.26,29.38,0.28,0.10,-9.25,-9.25,ADX ≥ 20.0;MACD 🚀;BB breakout;Price > SMA20
2025-08-06T19:11:20.088902,AXON,869.88,46.28,2.69,0.31,-46.36,-46.36,ADX ≥ 20.0;MACD 🚀;ATR14 ≥ 2.0;Price > SMA20
2025-08-06T19:11:24.342623,BRK-B,0.00,26.95,0.52,inf,-7.69,-7.69,ADX ≥ 20.0;MACD 🚀;RSI 📈;ATR % ≥ 0.5%
2025-08-06T19:11:25.477337,BBY,67.62,44.09,0.09,0.13,-23.83,-23.83,ADX ≥ 20.0;MACD 🚀;BB breakout;RSI 📈;Price > SMA20
2025-08-06T19:11:28.282977,TECH,49.16,60.65,0.23,0.47,-20.16,-20.16,ADX ≥ 20.0;MACD 🚀;Price > SMA20
2025-08-06T19:11:31.015504,BK,102.14,48.15,0.09,0.09,-7.85,-7.85,ADX ≥ 20.0;MACD 🚀;RSI 📈;Price > SMA20
2025-08-06T19:11:38.113558,BXP,66.19,23.39,0.10,0.15,8.21,8.21,ADX ≥ 20.0;MACD 🚀;Price > SMA20
2025-08-06T19:11:39.370995,CDNS,359.93,44.10,0.44,0.12,11.92,11.92,ADX ≥ 20.0;MACD 🚀;Price > SMA20
2025-08-06T19:11:40.294637,CZR,25.07,24.01,0.04,0.16,-12.87,-12.87,ADX ≥ 20.0;MACD 🚀;Price > SMA20
2025-08-06T19:11:42.092721,COF,212.74,30.46,0.22,0.10,-13.60,-13.60,ADX ≥ 20.0;MACD 🚀;RSI 📈;Price > SMA20
2025-08-06T19:11:42.938535,CAH,157.35,32.73,0.15,0.10,-31.78,-31.78,ADX ≥ 20.0;MACD 🚀;Price > SMA20
2025-08-06T19:11:44.281410,CCL,29.25,28.59,0.03,0.11,-10.24,-10.24,ADX ≥ 20.0;MACD 🚀;BB breakout;RSI 📈;Price > SMA20
2025-08-06T19:11:45.001753,CARR,66.01,24.76,0.07,0.10,-8.26,-8.26,ADX ≥ 20.0;MACD 🚀;BB breakout;RSI 📈;Price > SMA20
2025-08-06T19:11:45.828183,CAT,427.08,46.95,0.61,0.14,-13.99,-13.99,ADX ≥ 20.0;MACD 🚀;Price > SMA20
2025-08-06T19:11:47.246898,CBRE,156.06,20.71,0.20,0.13,-3.50,-3.50,ADX ≥ 20.0;MACD 🚀;BB breakout;Price > SMA20
2025-08-06T19:11:49.208702,COR,284.51,32.21,0.50,0.18,-44.63,-44.63,ADX ≥ 20.0;MACD 🚀;Price > SMA20
2025-08-06T19:11:57.763308,CTAS,224.07,33.67,0.15,0.07,-13.87,-13.87,ADX ≥ 20.0;MACD 🚀;Price > SMA20
2025-08-06T19:11:59.254605,C,92.20,26.24,0.09,0.09,-7.50,-7.50,ADX ≥ 20.0;MACD 🚀;Price > SMA20
2025-08-06T19:12:00.130353,CFG,47.30,22.05,0.05,0.10,-8.02,-8.02,ADX ≥ 20.0;MACD 🚀;Price > SMA20
2025-08-06T19:12:02.481155,CMS,74.45,21.92,0.06,0.08,-9.57,-9.57,ADX ≥ 20.0;MACD 🚀;Price > SMA20
2025-08-06T19:12:10.409113,CEG,339.32,25.28,0.74,0.22,18.73,18.73,ADX ≥ 20.0;MACD 🚀;Price > SMA20
2025-08-06T19:12:12.365655,GLW,64.00,39.90,0.07,0.11,4.90,4.90,ADX ≥ 20.0;MACD 🚀;Price > SMA20
2025-08-06T19:12:15.657710,CRWD,450.67,37.63,0.73,0.16,-9.81,-9.81,ADX ≥ 20.0;MACD 🚀;RSI 📈;Price > SMA20
2025-08-06T19:12:16.981717,CSX,35.99,58.02,0.05,0.13,-11.51,-11.51,ADX ≥ 20.0;MACD 🚀;BB breakout;RSI 📈;Price > SMA20
2025-08-06T19:12:23.219674,DAL,54.02,20.48,0.08,0.16,-8.52,-8.52,ADX ≥ 20.0;MACD 🚀;Price > SMA20
2025-08-06T19:12:26.802344,DG,113.55,26.24,0.15,0.14,27.90,27.90,ADX ≥ 20.0;MACD 🚀;Price > SMA20
2025-08-06T19:12:30.412043,DOV,174.49,21.29,0.17,0.10,-24.27,-24.27,ADX ≥ 20.0;MACD 🚀;Price > SMA20
2025-08-06T19:12:31.301509,DOW,21.43,25.27,0.05,0.25,13.25,13.25,ADX ≥ 20.0;MACD 🚀;BB breakout;RSI 📈;Price > SMA20
2025-08-06T19:12:32.051959,DHI,155.49,22.81,0.18,0.11,-10.22,-10.22,ADX ≥ 20.0;MACD 🚀;Price > SMA20
2025-08-06T19:12:33.533443,DUK,126.04,23.65,0.13,0.10,-3.59,-3.59,ADX ≥ 20.0;MACD 🚀;Price > SMA20
2025-08-06T19:12:36.540629,EMN,61.37,26.47,0.11,0.18,-8.77,-8.77,ADX ≥ 20.0;MACD 🚀;Price > SMA20
2025-08-06T19:12:38.007219,EBAY,92.97,22.75,0.09,0.10,8.83,8.83,ADX ≥ 20.0;MACD 🚀;BB breakout;RSI 📈;Price > SMA20
2025-08-06T19:12:38.887411,ECL,268.71,21.61,0.20,0.07,-12.40,-12.40,ADX ≥ 20.0;MACD 🚀;BB breakout;RSI 📈;Price > SMA20
2025-08-06T19:12:40.264690,EW,78.87,57.03,0.13,0.17,-39.61,-39.61,ADX ≥ 20.0;MACD 🚀;BB breakout;RSI 📈;Price > SMA20
2025-08-06T19:13:15.768901,EFX,240.81,24.85,0.30,0.12,-16.63,-16.63,ADX ≥ 20.0;MACD 🚀;BB breakout;RSI 📈;Price > SMA20
2025-08-06T19:13:18.527717,ESS,254.69,46.27,0.48,0.19,27.95,27.95,ADX ≥ 20.0;MACD 🚀;Price > SMA20
2025-08-06T19:13:50.894632,ES,65.81,29.61,0.06,0.10,-0.07,-0.07,ADX ≥ 20.0;MACD 🚀;BB breakout;RSI 📈;Price > SMA20
2025-08-06T19:13:56.069047,EXPE,184.76,26.15,0.37,0.20,24.95,24.95,ADX ≥ 20.0;MACD 🚀;RSI 📈;Price > SMA20
2025-08-06T19:13:59.092723,FDS,391.01,44.96,0.57,0.15,-29.32,-29.32,ADX ≥ 20.0;MACD 🚀;BB breakout;RSI 📈;Price > SMA20
2025-08-06T19:14:00.408817,FAST,46.61,23.93,0.05,0.10,-12.35,-12.35,ADX ≥ 20.0;MACD 🚀;Price > SMA20
2025-08-06T19:14:01.952886,FDX,227.16,65.17,0.37,0.16,4.04,4.04,ADX ≥ 20.0;MACD 🚀;RSI 📈;Price > SMA20
2025-08-06T19:14:04.046398,FSLR,185.25,27.30,0.38,0.21,-15.35,-15.35,ADX ≥ 20.0;MACD 🚀;RSI 📈;Price > SMA20
2025-08-06T19:14:11.947335,GEHC,69.97,20.11,0.15,0.22,2.37,2.37,ADX ≥ 20.0;MACD 🚀;Price > SMA20
2025-08-06T19:14:13.502415,GEN,28.67,21.20,0.02,0.07,-3.25,-3.25,ADX ≥ 20.0;MACD 🚀;Price > SMA20
2025-08-06T19:14:14.313010,GNRC,193.65,21.10,0.26,0.14,-4.13,-4.13,ADX ≥ 20.0;MACD 🚀;Price > SMA20
2025-08-06T19:14:19.265328,GL,141.78,37.58,0.16,0.12,-3.14,-3.14,ADX ≥ 20.0;MACD 🚀;RSI 📈;Price > SMA20
2025-08-06T19:14:20.012185,GDDY,155.60,20.93,0.17,0.11,1.60,1.60,ADX ≥ 20.0;MACD 🚀;BB breakout;RSI 📈;Price > SMA20
2025-08-06T19:14:26.880034,HLT,261.26,71.02,0.23,0.09,-5.96,-5.96,ADX ≥ 20.0;MACD 🚀;BB breakout;RSI 📈;Price > SMA20
2025-08-06T19:14:29.066855,HON,219.75,21.76,0.18,0.08,-15.89,-15.89,ADX ≥ 20.0;MACD 🚀;Price > SMA20
2025-08-06T19:14:31.647502,HWM,181.94,41.73,0.31,0.17,20.36,20.36,ADX ≥ 20.0;MACD 🚀;Price > SMA20
2025-08-06T19:14:35.927708,IEX,159.69,32.99,0.32,0.20,45.60,45.60,ADX ≥ 20.0;MACD 🚀;BB breakout;Price > SMA20
2025-08-06T19:14:38.337521,INCY,77.13,24.33,0.11,0.15,-32.42,-32.42,ADX ≥ 20.0;MACD 🚀;Price > SMA20
2025-08-06T19:14:42.103520,IP,46.45,52.53,0.08,0.17,16.45,16.45,ADX ≥ 20.0;MACD 🚀;RSI 📈;Price > SMA20
2025-08-06T19:14:44.935912,IVZ,21.16,32.79,0.03,0.14,19.34,19.34,ADX ≥ 20.0;MACD 🚀;BB breakout;RSI 📈;Price > SMA20
2025-08-06T19:14:45.970326,INVH,30.16,23.03,0.05,0.15,8.86,8.86,ADX ≥ 20.0;MACD 🚀;BB breakout;RSI 📈;Price > SMA20
2025-08-06T19:14:46.952089,IQV,177.28,57.06,0.35,0.20,-2.24,-2.24,ADX ≥ 20.0;MACD 🚀;Price > SMA20
2025-08-06T19:14:47.719841,IRM,89.86,77.62,0.57,0.63,19.32,19.32,ADX ≥ 20.0;MACD 🚀;ATR % ≥ 0.5%
2025-08-06T19:14:53.619718,JCI,104.77,23.10,0.10,0.10,9.45,9.45,ADX ≥ 20.0;MACD 🚀;BB breakout;RSI 📈;Price > SMA20
2025-08-06T19:14:54.441023,JPM,291.28,24.66,0.24,0.08,-0.12,-0.12,ADX ≥ 20.0;MACD 🚀;BB breakout;Price > SMA20
2025-08-06T19:14:55.899089,K,79.86,36.83,0.02,0.02,6.48,6.48,ADX ≥ 20.0;MACD 🚀;Price > SMA20
2025-08-06T19:14:57.622835,KDP,33.46,32.93,0.03,0.09,17.17,17.17,ADX ≥ 20.0;MACD 🚀;Price > SMA20
2025-08-06T19:14:59.257303,KEYS,161.04,24.14,0.16,0.10,-5.13,-5.13,ADX ≥ 20.0;MACD 🚀;BB breakout;Price > SMA20
2025-08-06T19:15:01.202369,KMB,136.25,27.85,0.15,0.11,-1.05,-1.05,ADX ≥ 20.0;MACD 🚀;RSI 📈;Price > SMA20
2025-08-06T19:15:04.899357,KIM,21.40,21.06,0.03,0.16,9.92,9.92,ADX ≥ 20.0;MACD 🚀;BB breakout;RSI 📈;Price > SMA20
2025-08-06T19:15:05.982775,KMI,26.80,22.56,0.05,0.17,-10.80,-10.80,ADX ≥ 20.0;MACD 🚀;Price > SMA20
2025-08-06T19:15:11.936616,LDOS,173.88,30.86,0.29,0.17,7.89,7.89,ADX ≥ 20.0;MACD 🚀;RSI 📈;Price > SMA20
2025-08-06T19:15:16.643662,LMT,435.71,29.28,0.56,0.13,-16.69,-16.69,ADX ≥ 20.0;MACD 🚀;RSI 📈;Price > SMA20
2025-08-06T19:15:17.820039,LOW,238.85,37.52,0.24,0.10,14.70,14.70,ADX ≥ 20.0;MACD 🚀;Price > SMA20
2025-08-06T19:15:19.296075,LYB,49.86,27.69,0.14,0.29,8.65,8.65,ADX ≥ 20.0;MACD 🚀;RSI 📈;Price > SMA20
2025-08-06T19:15:22.563350,MAR,262.83,62.81,0.29,0.11,2.28,2.28,ADX ≥ 20.0;MACD 🚀;BB breakout;RSI 📈;Price > SMA20
2025-08-06T19:15:23.834289,MLM,599.63,55.80,0.80,0.13,-42.95,-42.95,ADX ≥ 20.0;MACD 🚀;Price > SMA20
2025-08-06T19:15:31.300623,META,772.23,21.83,0.81,0.11,8.81,8.81,ADX ≥ 20.0;MACD 🚀;Price > SMA20
2025-08-06T19:15:32.148324,MET,75.95,29.37,0.08,0.11,8.26,8.26,ADX ≥ 20.0;MACD 🚀;RSI 📈;Price > SMA20
2025-08-06T19:15:33.495973,MGM,35.08,40.00,0.04,0.12,-9.86,-9.86,ADX ≥ 20.0;MACD 🚀;BB breakout;RSI 📈;Price > SMA20
2025-08-06T19:15:36.241732,MAA,140.75,36.01,0.26,0.18,35.35,35.35,ADX ≥ 20.0;MACD 🚀;BB breakout;RSI 📈;Price > SMA20
2025-08-06T19:15:39.289645,TAP,50.16,21.15,0.08,0.16,-5.01,-5.01,ADX ≥ 20.0;MACD 🚀;Price > SMA20
2025-08-06T19:15:40.961367,MPWR,802.93,29.14,1.50,0.19,12.81,12.81,ADX ≥ 20.0;MACD 🚀;BB breakout;RSI 📈;Price > SMA20
2025-08-06T19:15:42.336796,MCO,517.24,25.33,0.54,0.11,-2.05,-2.05,ADX ≥ 20.0;MACD 🚀;BB breakout;Price > SMA20
2025-08-06T19:15:44.876779,MSCI,548.39,43.64,0.92,0.17,-16.22,-16.22,ADX ≥ 20.0;MACD 🚀;RSI 📈;Price > SMA20
2025-08-06T19:15:49.157413,NWS,33.79,34.27,0.05,0.15,-1.86,-1.86,ADX ≥ 20.0;MACD 🚀;Price > SMA20
2025-08-06T19:15:50.058347,NEE,70.97,23.22,0.08,0.11,-11.73,-11.73,ADX ≥ 20.0;MACD 🚀;RSI 📈;Price > SMA20
2025-08-06T19:15:53.748335,NTRS,125.74,21.79,0.09,0.08,9.42,9.42,ADX ≥ 20.0;MACD 🚀;RSI 📈;Price > SMA20
2025-08-06T19:15:55.306636,NCLH,24.81,33.66,0.03,0.14,-11.04,-11.04,ADX ≥ 20.0;MACD 🚀;Price > SMA20
2025-08-06T19:15:56.146713,NRG,150.74,43.51,0.64,0.43,1.46,1.46,ADX ≥ 20.0;MACD 🚀;RSI 📈;Price > SMA20
2025-08-06T19:15:58.696816,NXPI,205.45,22.43,0.23,0.11,-16.30,-16.30,ADX ≥ 20.0;MACD 🚀;Price > SMA20
2025-08-06T19:16:02.857711,OKE,75.26,25.85,0.16,0.22,-12.12,-12.12,ADX ≥ 20.0;MACD 🚀;Price > SMA20
2025-08-06T19:16:04.877851,PCAR,97.38,25.63,0.10,0.10,-11.64,-11.64,ADX ≥ 20.0;MACD 🚀;Price > SMA20
2025-08-06T19:16:05.659520,PKG,192.60,44.57,0.18,0.09,9.85,9.85,ADX ≥ 20.0;MACD 🚀;BB breakout;RSI 📈;Price > SMA20
2025-08-06T19:16:06.521402,PLTR,177.37,21.02,0.36,0.20,-20.18,-20.18,ADX ≥ 20.0;MACD 🚀;Price > SMA20
2025-08-06T19:16:07.319112,PANW,173.25,55.27,0.42,0.24,-11.63,-11.63,ADX ≥ 20.0;MACD 🚀;BB breakout;RSI 📈;Price > SMA20
2025-08-06T19:16:08.180237,PARA,11.04,21.31,0.03,0.30,0.80,0.80,ADX ≥ 20.0;MACD 🚀;Price > SMA20
2025-08-06T19:16:08.982026,PH,697.41,26.24,1.27,0.18,-4.45,-4.45,ADX ≥ 20.0;MACD 🚀;BB breakout;RSI 📈;Price > SMA20
2025-08-06T19:16:10.550016,PAYC,222.51,53.37,0.71,0.32,-3.62,-3.62,ADX ≥ 20.0;MACD 🚀;Price > SMA20
2025-08-06T19:16:14.549346,PCG,15.24,25.42,0.03,0.17,-6.18,-6.18,ADX ≥ 20.0;MACD 🚀;RSI 📈;Price > SMA20
2025-08-06T19:16:19.901619,PFG,77.04,45.61,0.08,0.10,0.98,0.98,ADX ≥ 20.0;MACD 🚀;Price > SMA20
2025-08-06T19:16:24.636276,PSA,281.64,21.78,0.33,0.12,-21.56,-21.56,ADX ≥ 20.0;MACD 🚀;Price > SMA20
2025-08-06T19:16:26.153755,PWR,389.31,31.90,0.39,0.10,0.96,0.96,ADX ≥ 20.0;MACD 🚀;BB breakout;RSI 📈;Price > SMA20
2025-08-06T19:16:26.956229,QCOM,146.01,27.42,0.13,0.09,-11.25,-11.25,ADX ≥ 20.0;MACD 🚀;RSI 📈;Price > SMA20
2025-08-06T19:16:28.784754,RL,301.19,22.20,0.38,0.13,-7.06,-7.06,ADX ≥ 20.0;MACD 🚀;RSI 📈;Price > SMA20
2025-08-06T19:16:33.231376,RF,25.03,26.74,0.03,0.10,-14.04,-14.04,ADX ≥ 20.0;MACD 🚀;Price > SMA20
2025-08-06T19:16:34.654838,RMD,280.24,29.00,0.36,0.13,-25.08,-25.08,ADX ≥ 20.0;MACD 🚀;Price > SMA20
2025-08-06T19:16:36.251442,ROK,325.53,28.18,1.06,0.33,-24.50,-24.50,ADX ≥ 20.0;MACD 🚀;BB breakout;RSI 📈;Price > SMA20
2025-08-06T19:16:38.134061,ROST,146.39,57.41,0.22,0.15,22.59,22.59,ADX ≥ 20.0;MACD 🚀;Price > SMA20
2025-08-06T19:16:38.943183,RCL,312.71,35.05,0.30,0.10,9.00,9.00,ADX ≥ 20.0;MACD 🚀;BB breakout;RSI 📈;Price > SMA20
2025-08-06T19:16:39.882080,SPGI,561.37,28.69,0.52,0.09,16.32,16.32,ADX ≥ 20.0;MACD 🚀;BB breakout;RSI 📈;Price > SMA20
2025-08-06T19:16:43.226932,STX,148.22,30.37,0.24,0.16,7.03,7.03,ADX ≥ 20.0;MACD 🚀;BB breakout;RSI 📈;Price > SMA20
2025-08-06T19:16:49.440370,SOLV,72.39,24.30,0.10,0.14,8.75,8.75,ADX ≥ 20.0;MACD 🚀;BB breakout;RSI 📈;Price > SMA20
2025-08-06T19:16:54.028614,STE,221.50,33.14,0.24,0.11,-4.51,-4.51,ADX ≥ 20.0;MACD 🚀;RSI 📈;Price > SMA20
2025-08-06T19:16:56.391842,SNPS,624.95,25.97,0.55,0.09,20.37,20.37,ADX ≥ 20.0;MACD 🚀;BB breakout;RSI 📈;Price > SMA20
2025-08-06T19:16:57.084403,SYY,81.02,53.87,0.10,0.12,-7.11,-7.11,ADX ≥ 20.0;MACD 🚀;RSI 📈;Price > SMA20
2025-08-06T19:16:58.612183,TROW,105.53,27.20,0.11,0.11,18.79,18.79,ADX ≥ 20.0;MACD 🚀;Price > SMA20
2025-08-06T19:16:59.889723,TPR,111.97,23.31,0.12,0.11,-6.39,-6.39,ADX ≥ 20.0;MACD 🚀;Price > SMA20
2025-08-06T19:17:00.578608,TRGP,163.56,35.61,0.27,0.16,-24.70,-24.70,ADX ≥ 20.0;MACD 🚀;Price > SMA20
2025-08-06T19:17:03.306901,TER,105.35,38.41,0.21,0.20,-10.10,-10.10,ADX ≥ 20.0;MACD 🚀;RSI 📈;Price > SMA20
2025-08-06T19:17:05.045563,TXN,185.65,27.91,0.20,0.11,-13.83,-13.83,ADX ≥ 20.0;MACD 🚀;BB breakout;RSI 📈;Price > SMA20
2025-08-06T19:17:09.695621,TT,426.63,21.24,0.53,0.12,20.23,20.23,ADX ≥ 20.0;MACD 🚀;RSI 📈;Price > SMA20
2025-08-06T19:17:11.646830,TRMB,84.63,54.74,0.20,0.24,-4.94,-4.94,ADX ≥ 20.0;MACD 🚀;RSI 📈;Price > SMA20
2025-08-06T19:17:13.735875,TSN,55.88,37.48,0.06,0.12,1.76,1.76,ADX ≥ 20.0;MACD 🚀;BB breakout;RSI 📈;Price > SMA20
2025-08-06T19:17:16.278285,ULTA,517.20,59.80,0.68,0.13,27.72,27.72,ADX ≥ 20.0;MACD 🚀;RSI 📈;Price > SMA20
2025-08-06T19:17:18.296740,UPS,86.06,25.32,0.11,0.13,12.86,12.86,ADX ≥ 20.0;MACD 🚀;Price > SMA20
2025-08-06T19:17:21.015580,VTR,68.52,40.93,0.07,0.10,0.28,0.28,ADX ≥ 20.0;MACD 🚀;Price > SMA20
2025-08-06T19:17:21.717251,VLTO,107.52,56.43,0.08,0.07,-2.04,-2.04,ADX ≥ 20.0;MACD 🚀;BB breakout;RSI 📈;Price > SMA20
2025-08-06T19:17:23.159679,VRSK,264.82,27.72,0.29,0.11,12.24,12.24,ADX ≥ 20.0;MACD 🚀;RSI 📈;Price > SMA20
2025-08-06T19:17:27.196708,VST,201.40,33.45,0.41,0.20,-5.94,-5.94,ADX ≥ 20.0;MACD 🚀;Price > SMA20
2025-08-06T19:17:27.859601,VMC,281.45,39.42,0.35,0.12,-28.76,-28.76,ADX ≥ 20.0;MACD 🚀;Price > SMA20
2025-08-06T19:17:29.413157,WAB,188.74,21.71,0.15,0.08,-2.65,-2.65,ADX ≥ 20.0;MACD 🚀;BB breakout;RSI 📈;Price > SMA20
2025-08-06T19:17:36.285187,WSM,202.74,26.48,0.23,0.12,-14.37,-14.37,ADX ≥ 20.0;MACD 🚀;Price > SMA20
2025-08-06T19:17:36.868048,WMB,58.65,36.67,0.12,0.20,8.82,8.82,ADX ≥ 20.0;MACD 🚀;RSI 📈;Price > SMA20
2025-08-06T19:17:37.956563,WDAY,228.87,36.02,0.21,0.09,26.48,26.48,ADX ≥ 20.0;MACD 🚀;Price > SMA20
2025-08-06T19:17:39.205862,XEL,73.73,29.63,0.06,0.08,-8.19,-8.19,ADX ≥ 20.0;MACD 🚀;Price > SMA20
2025-08-06T19:17:40.514167,YUM,142.12,40.97,0.17,0.12,20.93,20.93,ADX ≥ 20.0;MACD 🚀;BB breakout;RSI 📈;Price > SMA20
2025-08-06T19:17:41.269037,ZBRA,307.57,36.34,0.58,0.19,-1.41,-1.41,ADX ≥ 20.0;MACD 🚀;RSI 📈;Price > SMA20
2025-08-06T19:17:42.407151,ZTS,146.87,26.33,0.20,0.13,5.53,5.53,ADX ≥ 20.0;MACD 🚀;BB breakout;RSI 📈;Price > SMA20
2025-08-06T19:48:23.348230,MMM,151.37,54.38,0.16,0.11,-8.24,-8.24,ADX ≥ 20.0;MACD 🚀;RSI 📈;Price > SMA20
2025-08-06T19:48:25.341264,ABBV,196.29,39.81,0.26,0.13,24.51,24.51,ADX ≥ 20.0;MACD 🚀;RSI 📈;Price > SMA20
2025-08-06T19:48:29.921655,A,113.36,46.52,0.14,0.12,1.56,1.56,ADX ≥ 20.0;MACD 🚀;RSI 📈;Price > SMA20
2025-08-06T19:48:33.402650,ALB,67.42,39.08,0.15,0.22,-7.20,-7.20,ADX ≥ 20.0;MACD 🚀;RSI 📈;Price > SMA20
2025-08-06T19:48:39.174347,MO,63.26,38.15,0.06,0.09,-15.98,-15.98,ADX ≥ 20.0;MACD 🚀;Price > SMA20
2025-08-06T19:48:40.362867,AMCR,9.43,24.23,0.02,0.19,11.21,11.21,ADX ≥ 20.0;MACD 🚀;RSI 📈;Price > SMA20
2025-08-06T19:48:43.336969,AIG,79.23,25.06,0.08,0.10,8.94,8.94,ADX ≥ 20.0;MACD 🚀;RSI 📈;Price > SMA20
2025-08-06T19:48:45.391350,AMP,507.56,20.33,0.49,0.10,-11.97,-11.97,ADX ≥ 20.0;MACD 🚀;Price > SMA20
2025-08-06T19:48:46.534243,AMGN,284.76,36.87,0.81,0.29,7.34,7.34,ADX ≥ 20.0;MACD 🚀;RSI 📈;Price > SMA20
2025-08-06T19:48:49.617179,AON,364.23,43.09,0.36,0.10,12.97,12.97,ADX ≥ 20.0;MACD 🚀;RSI 📈;Price > SMA20
2025-08-06T19:48:50.288827,APA,18.05,43.76,0.07,0.39,-10.61,-10.61,ADX ≥ 20.0;MACD 🚀;Price > SMA20
2025-08-06T19:48:53.600905,ACGL,89.82,20.88,0.12,0.14,0.58,0.58,ADX ≥ 20.0;MACD 🚀;Price > SMA20
2025-08-06T19:48:54.472821,ADM,57.16,21.89,0.10,0.18,4.30,4.30,ADX ≥ 20.0;MACD 🚀;RSI 📈;Price > SMA20
2025-08-06T19:48:56.051387,AJG,286.46,29.00,0.32,0.11,3.02,3.02,ADX ≥ 20.0;MACD 🚀;Price > SMA20
2025-08-06T19:49:00.507804,AZO,4094.69,30.17,7.04,0.17,-3.48,-3.48,ADX ≥ 20.0;MACD 🚀;BB breakout;RSI 📈;ATR14 ≥ 2.0;Price > SMA20
2025-08-06T19:49:01.559903,AVB,186.87,32.70,0.28,0.15,-14.49,-14.49,ADX ≥ 20.0;MACD 🚀;RSI 📈;Price > SMA20
2025-08-06T19:49:05.291264,BAC,45.53,36.48,0.04,0.08,-12.90,-12.90,ADX ≥ 20.0;MACD 🚀;BB breakout;Price > SMA20
2025-08-06T19:49:06.865947,BDX,173.10,22.19,0.30,0.17,17.33,17.33,ADX ≥ 20.0;MACD 🚀;Price > SMA20
2025-08-06T19:49:08.922558,TECH,49.85,42.00,0.24,0.49,4.82,4.82,ADX ≥ 20.0;MACD 🚀;RSI 📈;Price > SMA20
2025-08-06T19:49:10.303662,BIIB,129.38,25.08,0.21,0.16,29.50,29.50,ADX ≥ 20.0;MACD 🚀;Price > SMA20
2025-08-06T19:49:11.190803,BLK,1121.71,25.33,0.99,0.09,-12.07,-12.07,ADX ≥ 20.0;MACD 🚀;RSI 📈;Price > SMA20
2025-08-06T19:49:12.717368,BK,102.34,53.38,0.09,0.09,6.75,6.75,ADX ≥ 20.0;MACD 🚀;RSI 📈;Price > SMA20
2025-08-06T19:49:14.339403,BKNG,5528.53,20.66,8.61,0.16,22.94,22.94,ADX ≥ 20.0;MACD 🚀;RSI 📈;ATR14 ≥ 2.0;Price > SMA20
2025-08-06T19:49:15.429268,BSX,102.98,30.86,0.20,0.20,-9.84,-9.84,ADX ≥ 20.0;MACD 🚀;Price > SMA20
2025-08-06T19:49:18.264711,BRO,91.84,30.02,0.11,0.13,12.28,12.28,ADX ≥ 20.0;MACD 🚀;BB breakout;RSI 📈;Price > SMA20
2025-08-06T19:49:18.979916,BF-B,0.00,38.82,0.06,inf,5.59,5.59,ADX ≥ 20.0;MACD 🚀;ATR % ≥ 0.5%
2025-08-06T19:49:22.033973,CHRW,117.77,26.94,0.14,0.12,2.64,2.64,ADX ≥ 20.0;MACD 🚀;Price > SMA20
2025-08-06T19:49:23.992049,CPT,106.88,22.90,0.12,0.12,-1.04,-1.04,ADX ≥ 20.0;MACD 🚀;RSI 📈;Price > SMA20
2025-08-06T19:49:24.825632,CPB,32.78,36.37,0.06,0.17,22.29,22.29,ADX ≥ 20.0;MACD 🚀;Price > SMA20
2025-08-06T19:49:25.722747,COF,212.86,22.59,0.18,0.08,-22.03,-22.03,ADX ≥ 20.0;MACD 🚀;RSI 📈;Price > SMA20
2025-08-06T19:49:27.434187,KMX,56.51,65.90,0.13,0.23,9.38,9.38,ADX ≥ 20.0;MACD 🚀;RSI 📈;Price > SMA20
2025-08-06T19:49:29.987138,CBOE,247.47,28.41,0.32,0.13,-14.87,-14.87,ADX ≥ 20.0;MACD 🚀;BB breakout;Price > SMA20
2025-08-06T19:49:31.140169,CBRE,156.32,30.38,0.18,0.11,-8.24,-8.24,ADX ≥ 20.0;MACD 🚀;RSI 📈;Price > SMA20
2025-08-06T19:49:36.686173,SCHW,96.93,23.31,0.08,0.08,4.64,4.64,ADX ≥ 20.0;MACD 🚀;RSI 📈;Price > SMA20
2025-08-06T19:49:38.040221,CVX,152.98,25.90,0.22,0.14,-16.28,-16.28,ADX ≥ 20.0;MACD 🚀;RSI 📈;Price > SMA20
2025-08-06T19:49:41.183331,CI,270.06,36.08,0.37,0.14,-28.70,-28.70,ADX ≥ 20.0;MACD 🚀;Price > SMA20
2025-08-06T19:49:41.969199,CINF,154.25,28.02,0.18,0.12,-11.36,-11.36,ADX ≥ 20.0;MACD 🚀;BB breakout;RSI 📈;Price > SMA20
2025-08-06T19:49:44.101040,C,92.36,30.78,0.10,0.11,13.83,13.83,ADX ≥ 20.0;MACD 🚀;Price > SMA20
2025-08-06T19:49:48.938842,CTSH,71.01,29.78,0.09,0.13,-4.73,-4.73,ADX ≥ 20.0;MACD 🚀;RSI 📈;Price > SMA20
2025-08-06T19:49:53.437197,STZ,170.17,30.25,0.21,0.12,-8.88,-8.88,ADX ≥ 20.0;MACD 🚀;RSI 📈;Price > SMA20
2025-08-06T19:49:58.504732,CTRA,24.31,24.61,0.06,0.24,-3.78,-3.78,ADX ≥ 20.0;MACD 🚀;BB breakout;Price > SMA20
2025-08-06T19:50:01.553975,CMI,381.77,29.24,0.59,0.16,2.66,2.66,ADX ≥ 20.0;MACD 🚀;Price > SMA20
2025-08-06T19:50:02.368246,CVS,63.68,27.22,0.07,0.11,-1.74,-1.74,ADX ≥ 20.0;MACD 🚀;RSI 📈;Price > SMA20
2025-08-06T19:50:03.153937,DHR,195.60,25.02,0.36,0.18,12.58,12.58,ADX ≥ 20.0;MACD 🚀;RSI 📈;Price > SMA20
2025-08-06T19:50:05.886327,DAY,52.98,23.21,0.22,0.42,-19.19,-19.19,ADX ≥ 20.0;MACD 🚀;Price > SMA20
2025-08-06T19:50:08.215684,DELL,127.92,23.47,0.25,0.20,38.85,38.85,ADX ≥ 20.0;MACD 🚀;Price > SMA20
2025-08-06T19:50:11.164760,FANG,143.75,54.11,0.40,0.28,-8.19,-8.19,ADX ≥ 20.0;MACD 🚀;BB breakout;Price > SMA20
2025-08-06T19:50:19.062935,DD,70.89,27.19,0.14,0.20,5.45,5.45,ADX ≥ 20.0;MACD 🚀;Price > SMA20
2025-08-06T19:50:30.147222,EQR,63.49,21.82,0.08,0.12,-11.21,-11.21,ADX ≥ 20.0;MACD 🚀;Price > SMA20
2025-08-06T19:50:31.609973,ESS,255.12,35.86,0.44,0.17,-25.71,-25.71,ADX ≥ 20.0;MACD 🚀;Price > SMA20
2025-08-06T19:50:35.644108,EXC,45.09,28.60,0.04,0.10,21.99,21.99,ADX ≥ 20.0;MACD 🚀;BB breakout;RSI 📈;Price > SMA20
2025-08-06T19:50:38.381661,EXR,138.45,29.94,0.18,0.13,2.54,2.54,ADX ≥ 20.0;MACD 🚀;Price > SMA20
2025-08-06T19:50:41.965703,FAST,46.76,37.76,0.04,0.09,2.30,2.30,ADX ≥ 20.0;MACD 🚀;RSI 📈;Price > SMA20
2025-08-06T19:50:56.568500,GIS,49.40,36.78,0.06,0.12,13.19,13.19,ADX ≥ 20.0;MACD 🚀;Price > SMA20
2025-08-06T19:51:04.354433,HAS,77.06,36.45,0.11,0.14,30.16,30.16,ADX ≥ 20.0;MACD 🚀;Price > SMA20
2025-08-06T19:51:05.832518,DOC,16.84,43.79,0.03,0.16,6.37,6.37,ADX ≥ 20.0;MACD 🚀;Price > SMA20
2025-08-06T19:51:07.223336,HSY,188.51,47.20,0.24,0.13,1.83,1.83,ADX ≥ 20.0;MACD 🚀;Price > SMA20
2025-08-06T19:51:11.515715,HRL,28.30,27.32,0.03,0.12,8.61,8.61,ADX ≥ 20.0;MACD 🚀;Price > SMA20
2025-08-06T19:51:20.022621,INCY,77.37,35.06,0.12,0.16,15.39,15.39,ADX ≥ 20.0;MACD 🚀;Price > SMA20
2025-08-06T19:51:27.528056,INVH,30.25,33.81,0.04,0.14,-7.95,-7.95,ADX ≥ 20.0;MACD 🚀;Price > SMA20
2025-08-06T19:51:29.318525,IRM,89.89,46.76,0.53,0.58,-11.03,-11.03,ADX ≥ 20.0;MACD 🚀;ATR % ≥ 0.5%
2025-08-06T19:51:38.502281,KMB,136.78,36.20,0.17,0.12,16.88,16.88,ADX ≥ 20.0;MACD 🚀;RSI 📈;Price > SMA20
2025-08-06T19:51:49.065720,LLY,745.59,22.83,1.63,0.22,30.74,30.74,ADX ≥ 20.0;MACD 🚀;Price > SMA20
2025-08-06T19:52:01.474487,MKC,69.56,25.54,0.09,0.13,24.44,24.44,ADX ≥ 20.0;MACD 🚀;Price > SMA20
2025-08-06T19:52:03.679810,MDT,89.44,21.52,0.10,0.12,24.48,24.48,ADX ≥ 20.0;MACD 🚀;BB breakout;RSI 📈;Price > SMA20
2025-08-06T19:52:07.122180,MTD,1219.90,29.39,3.13,0.26,34.11,34.11,ADX ≥ 20.0;MACD 🚀;RSI 📈;ATR14 ≥ 2.0;Price > SMA20
2025-08-06T19:52:08.800444,MCHP,66.17,31.94,0.13,0.20,21.66,21.66,ADX ≥ 20.0;MACD 🚀;RSI 📈;Price > SMA20
2025-08-06T19:52:11.759500,MRNA,26.60,24.10,0.09,0.33,35.74,35.74,ADX ≥ 20.0;MACD 🚀;Price > SMA20
2025-08-06T19:52:16.870497,MNST,59.59,44.88,0.09,0.15,26.45,26.45,ADX ≥ 20.0;MACD 🚀;Price > SMA20
2025-08-06T19:52:19.719104,MCO,517.82,34.70,0.50,0.10,-23.88,-23.88,ADX ≥ 20.0;MACD 🚀;RSI 📈;Price > SMA20
2025-08-06T19:52:25.021831,NEM,67.92,22.81,0.09,0.13,-5.91,-5.91,ADX ≥ 20.0;MACD 🚀;Price > SMA20
2025-08-06T19:52:25.999117,NWSA,29.45,37.85,0.06,0.21,20.99,20.99,ADX ≥ 20.0;MACD 🚀;Price > SMA20
2025-08-06T19:52:26.966916,NWS,33.96,52.36,0.07,0.21,16.85,16.85,ADX ≥ 20.0;MACD 🚀;RSI 📈;Price > SMA20
2025-08-06T19:52:28.548390,NKE,75.50,21.96,0.09,0.12,-22.53,-22.53,ADX ≥ 20.0;MACD 🚀;Price > SMA20
2025-08-06T19:52:37.841634,ORLY,104.52,64.01,0.14,0.13,18.53,18.53,ADX ≥ 20.0;MACD 🚀;RSI 📈;Price > SMA20
2025-08-06T19:52:38.548320,OXY,42.66,64.85,0.10,0.24,-13.34,-13.34,ADX ≥ 20.0;MACD 🚀;RSI 📈;Price > SMA20
2025-08-06T19:52:40.923538,ON,46.96,23.09,0.13,0.27,16.12,16.12,ADX ≥ 20.0;MACD 🚀;Price > SMA20
2025-08-06T19:52:45.048359,PLTR,178.10,27.50,0.41,0.23,6.80,6.80,ADX ≥ 20.0;MACD 🚀;RSI 📈;Price > SMA20
2025-08-06T19:52:48.244417,PAYC,222.99,47.25,0.61,0.28,-20.34,-20.34,ADX ≥ 20.0;MACD 🚀;Price > SMA20
2025-08-06T19:52:53.124037,PSX,119.79,26.57,0.23,0.19,-2.13,-2.13,ADX ≥ 20.0;MACD 🚀;Price > SMA20
2025-08-06T19:53:05.544419,RL,302.95,27.11,0.42,0.14,11.72,11.72,ADX ≥ 20.0;MACD 🚀;BB breakout;RSI 📈;Price > SMA20
2025-08-06T19:53:07.585369,O,57.09,34.48,0.06,0.10,14.38,14.38,ADX ≥ 20.0;MACD 🚀;Price > SMA20
2025-08-06T19:53:11.999186,RVTY,85.73,27.19,0.20,0.23,12.80,12.80,ADX ≥ 20.0;MACD 🚀;Price > SMA20
2025-08-06T19:53:12.951871,ROK,328.61,58.58,1.22,0.37,16.32,16.32,ADX ≥ 20.0;MACD 🚀;RSI 📈;Price > SMA20
2025-08-06T19:53:15.065951,ROST,146.51,34.47,0.24,0.16,-7.56,-7.56,ADX ≥ 20.0;MACD 🚀;BB breakout;RSI 📈;Price > SMA20
2025-08-06T19:53:18.237483,SLB,32.81,48.55,0.07,0.22,-8.78,-8.78,ADX ≥ 20.0;MACD 🚀;Price > SMA20
2025-08-06T19:53:24.775195,SOLV,72.50,31.30,0.13,0.17,7.23,7.23,ADX ≥ 20.0;MACD 🚀;RSI 📈;Price > SMA20
2025-08-06T19:53:30.109189,SMCI,46.70,23.88,0.32,0.69,-2.76,-2.76,ADX ≥ 20.0;MACD 🚀;ATR % ≥ 0.5%
2025-08-06T19:53:31.998304,SYY,81.23,38.87,0.12,0.14,17.63,17.63,ADX ≥ 20.0;MACD 🚀;BB breakout;RSI 📈;Price > SMA20
2025-08-06T19:53:40.205212,TMO,449.91,27.51,0.77,0.17,14.58,14.58,ADX ≥ 20.0;MACD 🚀;RSI 📈;Price > SMA20
2025-08-06T19:53:47.149627,TSN,56.16,21.00,0.07,0.13,3.81,3.81,ADX ≥ 20.0;MACD 🚀;RSI 📈;Price > SMA20
2025-08-06T19:53:51.618722,UPS,86.29,24.72,0.13,0.15,13.03,13.03,ADX ≥ 20.0;MACD 🚀;Price > SMA20
2025-08-06T19:53:54.700175,VTR,68.63,33.51,0.08,0.12,16.80,16.80,ADX ≥ 20.0;MACD 🚀;Price > SMA20
2025-08-06T19:54:00.659375,VMC,281.44,22.99,0.29,0.10,-9.36,-9.36,ADX ≥ 20.0;MACD 🚀;Price > SMA20
2025-08-06T19:54:03.761985,WMT,103.55,24.35,0.13,0.12,13.16,13.16,ADX ≥ 20.0;MACD 🚀;Price > SMA20
2025-08-06T19:54:06.130327,WAT,278.14,36.80,0.52,0.19,17.16,17.16,ADX ≥ 20.0;MACD 🚀;RSI 📈;Price > SMA20
2025-08-06T19:54:11.393001,WTW,325.34,25.21,0.30,0.09,13.86,13.86,ADX ≥ 20.0;MACD 🚀;Price > SMA20
2025-08-06T19:54:12.039859,WDAY,228.92,24.10,0.33,0.15,42.01,42.01,ADX ≥ 20.0;MACD 🚀;Price > SMA20
2025-08-06T19:54:14.965152,ZBRA,308.48,43.88,0.82,0.27,32.46,32.46,ADX ≥ 20.0;MACD 🚀;RSI 📈;Price > SMA20
